cell_id,murray_intertidal_present_30km,murray_intertidal_coarse_pixel_count,murray_intertidal_coarse_area_m2,murray_intertidal_coarse_fraction,murray_scale_m,murray_status,jrc_occurrence_mean_pct,jrc_water_ever_area_m2,jrc_water_ever_fraction,jrc_seasonality_mean_months,jrc_scale_m,jrc_status,context_use
CNA10K-R00162-C00067,0,0.0,0.0,0.0,30000,OK,95.0,81085554.4,0.810856,12.0,30000,OK,MURRAY_JRC_CONTEXT_ONLY_NEVER_A_SPARTINA_LABEL
CNA10K-R00162-C00068,0,0.0,0.0,0.0,30000,OK,95.0,97978378.3,0.979784,12.0,30000,OK,MURRAY_JRC_CONTEXT_ONLY_NEVER_A_SPARTINA_LABEL
CNA10K-R00162-C00069,0,0.0,0.0,0.0,30000,OK,95.0,70949860.1,0.709499,12.0,30000,OK,MURRAY_JRC_CONTEXT_ONLY_NEVER_A_SPARTINA_LABEL
CNA10K-R00163-C00067,0,0.0,0.0,0.0,30000,OK,94.52,67518640.7,0.675186,12.0,30000,OK,MURRAY_JRC_CONTEXT_ONLY_NEVER_A_SPARTINA_LABEL
CNA10K-R00163-C00068,0,0.0,0.0,0.0,30000,OK,94.5652,77663110.8,0.776631,12.0,30000,OK,MURRAY_JRC_CONTEXT_ONLY_NEVER_A_SPARTINA_LABEL
CNA10K-R00163-C00069,0,0.0,0.0,0.0,30000,OK,94.6774,104691628.9,1.046916,12.0,30000,OK,MURRAY_JRC_CONTEXT_ONLY_NEVER_A_SPARTINA_LABEL
CNA10K-R00164-C00068,0,0.0,0.0,0.0,30000,OK,94.0,107973660.1,1.079737,12.0,30000,OK,MURRAY_JRC_CONTEXT_ONLY_NEVER_A_SPARTINA_LABEL
CNA10K-R00164-C00069,0,0.0,0.0,0.0,30000,OK,94.0,107973660.1,1.079737,12.0,30000,OK,MURRAY_JRC_CONTEXT_ONLY_NEVER_A_SPARTINA_LABEL
CNA10K-R00165-C00073,0,0.0,0.0,0.0,30000,OK,94.0312,107973660.1,1.079737,12.0,30000,OK,MURRAY_JRC_CONTEXT_ONLY_NEVER_A_SPARTINA_LABEL
CNA10K-R00165-C00074,0,0.0,0.0,0.0,30000,OK,94.0,107973660.1,1.079737,12.0,30000,OK,MURRAY_JRC_CONTEXT_ONLY_NEVER_A_SPARTINA_LABEL
CNA10K-R00165-C00075,0,0.0,0.0,0.0,30000,OK,94.0,104599483.2,1.045995,12.0,30000,OK,MURRAY_JRC_CONTEXT_ONLY_NEVER_A_SPARTINA_LABEL
CNA10K-R00166-C00073,0,0.0,0.0,0.0,30000,OK,94.6452,104554874.0,1.045549,12.0,30000,OK,MURRAY_JRC_CONTEXT_ONLY_NEVER_A_SPARTINA_LABEL
CNA10K-R00166-C00074,0,0.0,0.0,0.0,30000,OK,94.5517,97815442.1,0.978154,12.0,30000,OK,MURRAY_JRC_CONTEXT_ONLY_NEVER_A_SPARTINA_LABEL
CNA10K-R00166-C00075,0,0.0,0.0,0.0,30000,OK,94.0909,74231891.3,0.742319,12.0,30000,OK,MURRAY_JRC_CONTEXT_ONLY_NEVER_A_SPARTINA_LABEL
CNA10K-R00167-C00074,0,0.0,0.0,0.0,30000,OK,96.0,80873182.9,0.808732,12.0,30000,OK,MURRAY_JRC_CONTEXT_ONLY_NEVER_A_SPARTINA_LABEL
CNA10K-R00167-C00075,0,0.0,0.0,0.0,30000,OK,96.2812,107830910.5,1.078309,12.0,30000,OK,MURRAY_JRC_CONTEXT_ONLY_NEVER_A_SPARTINA_LABEL
CNA10K-R00169-C00070,0,0.0,0.0,0.0,30000,OK,95.3548,104365981.4,1.04366,12.0,30000,OK,MURRAY_JRC_CONTEXT_ONLY_NEVER_A_SPARTINA_LABEL
CNA10K-R00169-C00071,0,0.0,0.0,0.0,30000,OK,95.0,67348979.5,0.67349,12.0,30000,OK,MURRAY_JRC_CONTEXT_ONLY_NEVER_A_SPARTINA_LABEL
CNA10K-R00169-C00072,0,0.0,0.0,0.0,30000,OK,95.2143,94306707.1,0.943067,12.0,30000,OK,MURRAY_JRC_CONTEXT_ONLY_NEVER_A_SPARTINA_LABEL
CNA10K-R00169-C00073,0,0.0,0.0,0.0,30000,OK,96.9677,104415854.9,1.044159,12.0,30000,OK,MURRAY_JRC_CONTEXT_ONLY_NEVER_A_SPARTINA_LABEL
CNA10K-R00169-C00074,0,0.0,0.0,0.0,30000,OK,96.9677,104415854.9,1.044159,12.0,30000,OK,MURRAY_JRC_CONTEXT_ONLY_NEVER_A_SPARTINA_LABEL
CNA10K-R00170-C00070,1,1.0,70639475.2,0.706395,30000,OK,96.0,70668821.8,0.706688,12.0,30000,OK,MURRAY_JRC_CONTEXT_ONLY_NEVER_A_SPARTINA_LABEL
CNA10K-R00170-C00071,1,1.0,70639475.2,0.706395,30000,OK,96.0,107685823.7,1.076858,12.0,30000,OK,MURRAY_JRC_CONTEXT_ONLY_NEVER_A_SPARTINA_LABEL
CNA10K-R00170-C00072,1,2.0,60548121.6,0.605481,30000,OK,96.8438,107685823.7,1.076858,12.0,30000,OK,MURRAY_JRC_CONTEXT_ONLY_NEVER_A_SPARTINA_LABEL
CNA10K-R00170-C00073,1,1.0,33637845.3,0.336378,30000,OK,99.0,107685823.7,1.076858,12.0,30000,OK,MURRAY_JRC_CONTEXT_ONLY_NEVER_A_SPARTINA_LABEL
CNA10K-R00170-C00074,1,1.0,33637845.3,0.336378,30000,OK,99.0,107685823.7,1.076858,12.0,30000,OK,MURRAY_JRC_CONTEXT_ONLY_NEVER_A_SPARTINA_LABEL
CNA10K-R00170-C00075,1,1.0,13455138.1,0.134551,30000,OK,99.3043,77399185.8,0.773992,12.0,30000,OK,MURRAY_JRC_CONTEXT_ONLY_NEVER_A_SPARTINA_LABEL
CNA10K-R00171-C00071,1,1.0,90822182.4,0.908222,30000,OK,96.0,107685823.7,1.076858,12.0,30000,OK,MURRAY_JRC_CONTEXT_ONLY_NEVER_A_SPARTINA_LABEL
CNA10K-R00171-C00072,1,2.0,80730828.8,0.807308,30000,OK,97.125,107685823.7,1.076858,12.0,30000,OK,MURRAY_JRC_CONTEXT_ONLY_NEVER_A_SPARTINA_LABEL
CNA10K-R00171-C00073,1,1.0,107641105.1,1.076411,30000,OK,99.0,104320641.8,1.043206,12.0,30000,OK,MURRAY_JRC_CONTEXT_ONLY_NEVER_A_SPARTINA_LABEL
CNA10K-R00171-C00074,1,1.0,107641105.1,1.076411,30000,OK,99.0,70668821.8,0.706688,12.0,30000,OK,MURRAY_JRC_CONTEXT_ONLY_NEVER_A_SPARTINA_LABEL
CNA10K-R00171-C00075,1,1.0,37001629.9,0.370016,30000,OK,99.3871,104320641.8,1.043206,12.0,30000,OK,MURRAY_JRC_CONTEXT_ONLY_NEVER_A_SPARTINA_LABEL
CNA10K-R00171-C00083,0,0.0,0.0,0.0,30000,OK,100.0,104320641.8,1.043206,12.0,30000,OK,MURRAY_JRC_CONTEXT_ONLY_NEVER_A_SPARTINA_LABEL
CNA10K-R00171-C00084,1,1.0,50456768.0,0.504568,30000,OK,99.5714,70668821.8,0.706688,12.0,30000,OK,MURRAY_JRC_CONTEXT_ONLY_NEVER_A_SPARTINA_LABEL
CNA10K-R00172-C00072,1,2.0,104277320.5,1.042773,30000,OK,98.9231,87421015.8,0.87421,12.0,30000,OK,MURRAY_JRC_CONTEXT_ONLY_NEVER_A_SPARTINA_LABEL
CNA10K-R00172-C00073,1,1.0,107641105.1,1.076411,30000,OK,99.4783,77348506.1,0.773485,12.0,30000,OK,MURRAY_JRC_CONTEXT_ONLY_NEVER_A_SPARTINA_LABEL
CNA10K-R00172-C00074,1,1.0,107641105.1,1.076411,30000,OK,99.3226,104274569.3,1.042746,12.0,30000,OK,MURRAY_JRC_CONTEXT_ONLY_NEVER_A_SPARTINA_LABEL
CNA10K-R00172-C00083,0,0.0,0.0,0.0,30000,OK,100.0,77399185.8,0.773992,12.0,30000,OK,MURRAY_JRC_CONTEXT_ONLY_NEVER_A_SPARTINA_LABEL
CNA10K-R00172-C00084,1,1.0,84094613.3,0.840946,30000,OK,99.4839,104320641.8,1.043206,12.0,30000,OK,MURRAY_JRC_CONTEXT_ONLY_NEVER_A_SPARTINA_LABEL
CNA10K-R00172-C00085,1,1.0,87458397.9,0.874584,30000,OK,99.0,107685823.7,1.076858,12.0,30000,OK,MURRAY_JRC_CONTEXT_ONLY_NEVER_A_SPARTINA_LABEL
CNA10K-R00173-C00083,0,0.0,0.0,0.0,30000,OK,100.0,107589071.6,1.075891,12.0,30000,OK,MURRAY_JRC_CONTEXT_ONLY_NEVER_A_SPARTINA_LABEL
CNA10K-R00173-C00084,1,1.0,67275690.7,0.672757,30000,OK,99.3871,104223889.6,1.042239,12.0,30000,OK,MURRAY_JRC_CONTEXT_ONLY_NEVER_A_SPARTINA_LABEL
CNA10K-R00173-C00085,1,1.0,94185966.9,0.94186,30000,OK,99.0,107589071.6,1.075891,12.0,30000,OK,MURRAY_JRC_CONTEXT_ONLY_NEVER_A_SPARTINA_LABEL
CNA10K-R00173-C00086,1,1.0,107641105.1,1.076411,30000,OK,99.0,80699866.4,0.806999,12.0,30000,OK,MURRAY_JRC_CONTEXT_ONLY_NEVER_A_SPARTINA_LABEL
CNA10K-R00174-C00079,1,1.0,90697183.6,0.906972,30000,OK,100.0,107538391.8,1.075384,12.0,30000,OK,MURRAY_JRC_CONTEXT_ONLY_NEVER_A_SPARTINA_LABEL
CNA10K-R00174-C00080,1,1.0,107492958.4,1.07493,30000,OK,100.0,87374943.4,0.873749,12.0,30000,OK,MURRAY_JRC_CONTEXT_ONLY_NEVER_A_SPARTINA_LABEL
CNA10K-R00174-C00081,1,2.0,107492958.4,1.07493,30000,OK,100.0,84014368.6,0.840144,12.0,30000,OK,MURRAY_JRC_CONTEXT_ONLY_NEVER_A_SPARTINA_LABEL
CNA10K-R00174-C00083,1,1.0,77260563.8,0.772606,30000,OK,100.0,107538391.8,1.075384,12.0,30000,OK,MURRAY_JRC_CONTEXT_ONLY_NEVER_A_SPARTINA_LABEL
CNA10K-R00174-C00084,1,3.0,97452530.2,0.974525,30000,OK,99.3125,107538391.8,1.075384,12.0,30000,OK,MURRAY_JRC_CONTEXT_ONLY_NEVER_A_SPARTINA_LABEL
CNA10K-R00174-C00085,1,2.0,104180099.3,1.041801,30000,OK,99.0,77293219.1,0.772932,12.0,30000,OK,MURRAY_JRC_CONTEXT_ONLY_NEVER_A_SPARTINA_LABEL
CNA10K-R00174-C00086,1,2.0,107543883.8,1.075439,30000,OK,99.0,97456667.6,0.974567,12.0,30000,OK,MURRAY_JRC_CONTEXT_ONLY_NEVER_A_SPARTINA_LABEL
CNA10K-R00175-C00078,1,1.0,94056338.6,0.940563,30000,OK,100.0,80639753.0,0.806398,12.0,30000,OK,MURRAY_JRC_CONTEXT_ONLY_NEVER_A_SPARTINA_LABEL
CNA10K-R00175-C00079,1,1.0,107492958.4,1.07493,30000,OK,100.0,70572069.6,0.705721,12.0,30000,OK,MURRAY_JRC_CONTEXT_ONLY_NEVER_A_SPARTINA_LABEL
CNA10K-R00175-C00080,1,1.0,107492958.4,1.07493,30000,OK,100.0,90735518.1,0.907355,12.0,30000,OK,MURRAY_JRC_CONTEXT_ONLY_NEVER_A_SPARTINA_LABEL
CNA10K-R00175-C00081,1,1.0,104133803.4,1.041338,30000,OK,100.0,107538391.8,1.075384,12.0,30000,OK,MURRAY_JRC_CONTEXT_ONLY_NEVER_A_SPARTINA_LABEL
CNA10K-R00176-C00077,1,1.0,33544523.3,0.335445,30000,OK,100.0,107388622.8,1.073886,12.0,30000,OK,MURRAY_JRC_CONTEXT_ONLY_NEVER_A_SPARTINA_LABEL
CNA10K-R00176-C00078,1,2.0,107441229.6,1.074412,30000,OK,100.0,16779472.3,0.167795,12.0,30000,OK,MURRAY_JRC_CONTEXT_ONLY_NEVER_A_SPARTINA_LABEL
CNA10K-R00176-C00079,1,2.0,107441229.6,1.074412,30000,OK,100.0,0.0,0.0,12.0,30000,OK,MURRAY_JRC_CONTEXT_ONLY_NEVER_A_SPARTINA_LABEL
CNA10K-R00176-C00080,1,3.0,97377872.6,0.973779,30000,OK,100.0,0.0,0.0,12.0,30000,OK,MURRAY_JRC_CONTEXT_ONLY_NEVER_A_SPARTINA_LABEL
CNA10K-R00176-C00081,1,1.0,70542253.9,0.705423,30000,OK,100.0,0.0,0.0,12.0,30000,OK,MURRAY_JRC_CONTEXT_ONLY_NEVER_A_SPARTINA_LABEL
CNA10K-R00177-C00078,1,1.0,107342474.5,1.073425,30000,OK,100.0,16779472.3,0.167795,12.0,30000,OK,MURRAY_JRC_CONTEXT_ONLY_NEVER_A_SPARTINA_LABEL
CNA10K-R00177-C00079,1,1.0,93924665.2,0.939247,30000,OK,100.0,0.0,0.0,12.0,30000,OK,MURRAY_JRC_CONTEXT_ONLY_NEVER_A_SPARTINA_LABEL
CNA10K-R00177-C00080,1,2.0,77152403.6,0.771524,30000,OK,100.0,0.0,0.0,12.0,30000,OK,MURRAY_JRC_CONTEXT_ONLY_NEVER_A_SPARTINA_LABEL
CNA10K-R00177-C00081,1,1.0,107342474.5,1.073425,30000,OK,100.0,0.0,0.0,12.0,30000,OK,MURRAY_JRC_CONTEXT_ONLY_NEVER_A_SPARTINA_LABEL
CNA10K-R00186-C00048,1,1.0,36684056.8,0.366841,30000,OK,98.0,0.0,0.0,12.0,30000,OK,MURRAY_JRC_CONTEXT_ONLY_NEVER_A_SPARTINA_LABEL
CNA10K-R00186-C00049,1,1.0,36684056.8,0.366841,30000,OK,98.0,0.0,0.0,12.0,30000,OK,MURRAY_JRC_CONTEXT_ONLY_NEVER_A_SPARTINA_LABEL
CNA10K-R00186-C00050,1,3.0,43368865.9,0.433689,30000,OK,98.0,0.0,0.0,12.0,30000,OK,MURRAY_JRC_CONTEXT_ONLY_NEVER_A_SPARTINA_LABEL
CNA10K-R00187-C00043,1,1.0,106717256.3,1.067173,30000,OK,98.0,106766239.6,1.067662,12.0,30000,OK,MURRAY_JRC_CONTEXT_ONLY_NEVER_A_SPARTINA_LABEL
CNA10K-R00187-C00044,1,2.0,106717256.3,1.067173,30000,OK,98.0,106766239.6,1.067662,12.0,30000,OK,MURRAY_JRC_CONTEXT_ONLY_NEVER_A_SPARTINA_LABEL
CNA10K-R00187-C00045,1,1.0,73368113.7,0.733681,30000,OK,98.0,20018669.9,0.200187,12.0,30000,OK,MURRAY_JRC_CONTEXT_ONLY_NEVER_A_SPARTINA_LABEL
CNA10K-R00187-C00046,1,1.0,73368113.7,0.733681,30000,OK,98.0,0.0,0.0,12.0,30000,OK,MURRAY_JRC_CONTEXT_ONLY_NEVER_A_SPARTINA_LABEL
CNA10K-R00187-C00047,1,2.0,100047427.8,1.000474,30000,OK,98.0,0.0,0.0,12.0,30000,OK,MURRAY_JRC_CONTEXT_ONLY_NEVER_A_SPARTINA_LABEL
CNA10K-R00187-C00048,1,1.0,106717256.3,1.067173,30000,OK,98.0,0.0,0.0,12.0,30000,OK,MURRAY_JRC_CONTEXT_ONLY_NEVER_A_SPARTINA_LABEL
CNA10K-R00187-C00049,1,1.0,106717256.3,1.067173,30000,OK,98.0,0.0,0.0,12.0,30000,OK,MURRAY_JRC_CONTEXT_ONLY_NEVER_A_SPARTINA_LABEL
CNA10K-R00187-C00050,1,2.0,106717256.3,1.067173,30000,OK,98.0,0.0,0.0,12.0,30000,OK,MURRAY_JRC_CONTEXT_ONLY_NEVER_A_SPARTINA_LABEL
CNA10K-R00187-C00051,1,1.0,106717256.3,1.067173,30000,OK,98.0,103429794.6,1.034298,12.0,30000,OK,MURRAY_JRC_CONTEXT_ONLY_NEVER_A_SPARTINA_LABEL
CNA10K-R00187-C00052,1,1.0,106717256.3,1.067173,30000,OK,98.0,106766239.6,1.067662,12.0,30000,OK,MURRAY_JRC_CONTEXT_ONLY_NEVER_A_SPARTINA_LABEL
CNA10K-R00188-C00041,0,0.0,0.0,0.0,30000,OK,97.6667,109991717.6,1.099917,12.0,30000,OK,MURRAY_JRC_CONTEXT_ONLY_NEVER_A_SPARTINA_LABEL
CNA10K-R00188-C00042,1,1.0,100047427.8,1.000474,30000,OK,96.8438,50021455.1,0.500215,12.0,30000,OK,MURRAY_JRC_CONTEXT_ONLY_NEVER_A_SPARTINA_LABEL
CNA10K-R00188-C00043,1,1.0,73368113.7,0.733681,30000,OK,96.6667,36700894.9,0.367009,12.0,30000,OK,MURRAY_JRC_CONTEXT_ONLY_NEVER_A_SPARTINA_LABEL
CNA10K-R00188-C00044,1,2.0,73368113.7,0.733681,30000,OK,96.6667,36700894.9,0.367009,12.0,30000,OK,MURRAY_JRC_CONTEXT_ONLY_NEVER_A_SPARTINA_LABEL
CNA10K-R00188-C00045,1,1.0,106717256.3,1.067173,30000,OK,87.4444,6672890.0,0.066729,10.8,30000,OK,MURRAY_JRC_CONTEXT_ONLY_NEVER_A_SPARTINA_LABEL
CNA10K-R00188-C00046,1,1.0,110052170.5,1.100522,30000,OK,85.7333,0.0,0.0,10.5882,30000,OK,MURRAY_JRC_CONTEXT_ONLY_NEVER_A_SPARTINA_LABEL
CNA10K-R00188-C00047,1,2.0,106717256.3,1.067173,30000,OK,85.7333,0.0,0.0,10.5882,30000,OK,MURRAY_JRC_CONTEXT_ONLY_NEVER_A_SPARTINA_LABEL
CNA10K-R00188-C00048,1,1.0,106717256.3,1.067173,30000,OK,89.5455,0.0,0.0,10.7826,30000,OK,MURRAY_JRC_CONTEXT_ONLY_NEVER_A_SPARTINA_LABEL
CNA10K-R00188-C00049,1,1.0,106717256.3,1.067173,30000,OK,93.1724,0.0,0.0,11.2,30000,OK,MURRAY_JRC_CONTEXT_ONLY_NEVER_A_SPARTINA_LABEL
CNA10K-R00188-C00050,1,2.0,110052170.5,1.100522,30000,OK,93.1724,0.0,0.0,11.2,30000,OK,MURRAY_JRC_CONTEXT_ONLY_NEVER_A_SPARTINA_LABEL
CNA10K-R00188-C00051,1,1.0,76703028.0,0.76703,30000,OK,97.3125,70065344.8,0.700653,12.0,30000,OK,MURRAY_JRC_CONTEXT_ONLY_NEVER_A_SPARTINA_LABEL
CNA10K-R00188-C00052,1,1.0,73368113.7,0.733681,30000,OK,97.3333,73401789.7,0.734018,12.0,30000,OK,MURRAY_JRC_CONTEXT_ONLY_NEVER_A_SPARTINA_LABEL
CNA10K-R00189-C00040,1,1.0,86576047.2,0.86576,30000,OK,97.0,109936234.2,1.099362,12.0,30000,OK,MURRAY_JRC_CONTEXT_ONLY_NEVER_A_SPARTINA_LABEL
CNA10K-R00189-C00041,1,2.0,73256655.3,0.732567,30000,OK,97.0,109936234.2,1.099362,12.0,30000,OK,MURRAY_JRC_CONTEXT_ONLY_NEVER_A_SPARTINA_LABEL
CNA10K-R00189-C00042,1,2.0,79926483.8,0.799265,30000,OK,96.1875,19988406.2,0.199884,12.0,30000,OK,MURRAY_JRC_CONTEXT_ONLY_NEVER_A_SPARTINA_LABEL
CNA10K-R00189-C00043,1,2.0,109940712.2,1.099407,30000,OK,96.0,0.0,0.0,12.0,30000,OK,MURRAY_JRC_CONTEXT_ONLY_NEVER_A_SPARTINA_LABEL
CNA10K-R00189-C00044,1,4.0,106605797.9,1.066058,30000,OK,96.0,0.0,0.0,12.0,30000,OK,MURRAY_JRC_CONTEXT_ONLY_NEVER_A_SPARTINA_LABEL
CNA10K-R00189-C00045,1,2.0,109940712.2,1.099407,30000,OK,66.6667,0.0,0.0,9.0,30000,OK,MURRAY_JRC_CONTEXT_ONLY_NEVER_A_SPARTINA_LABEL
CNA10K-R00189-C00046,1,2.0,109940712.2,1.099407,30000,OK,52.0,0.0,0.0,8.0,30000,OK,MURRAY_JRC_CONTEXT_ONLY_NEVER_A_SPARTINA_LABEL
CNA10K-R00189-C00047,1,4.0,106610864.2,1.066109,30000,OK,52.0,0.0,0.0,8.0,30000,OK,MURRAY_JRC_CONTEXT_ONLY_NEVER_A_SPARTINA_LABEL
CNA10K-R00189-C00048,1,2.0,109940712.2,1.099407,30000,OK,74.75,0.0,0.0,8.8889,30000,OK,MURRAY_JRC_CONTEXT_ONLY_NEVER_A_SPARTINA_LABEL
CNA10K-R00189-C00049,1,2.0,76642232.5,0.766422,30000,OK,78.0,0.0,0.0,9.0,30000,OK,MURRAY_JRC_CONTEXT_ONLY_NEVER_A_SPARTINA_LABEL
CNA10K-R00189-C00050,1,4.0,69982536.5,0.699825,30000,OK,80.25,0.0,0.0,9.3333,30000,OK,MURRAY_JRC_CONTEXT_ONLY_NEVER_A_SPARTINA_LABEL
CNA10K-R00189-C00051,1,2.0,103326612.8,1.033266,30000,OK,96.0,0.0,0.0,12.0,30000,OK,MURRAY_JRC_CONTEXT_ONLY_NEVER_A_SPARTINA_LABEL
CNA10K-R00189-C00052,1,2.0,109996441.3,1.099964,30000,OK,96.0,0.0,0.0,12.0,30000,OK,MURRAY_JRC_CONTEXT_ONLY_NEVER_A_SPARTINA_LABEL
CNA10K-R00189-C00053,1,4.0,106661527.1,1.066615,30000,OK,96.1905,6662802.1,0.066628,12.0,30000,OK,MURRAY_JRC_CONTEXT_ONLY_NEVER_A_SPARTINA_LABEL
CNA10K-R00189-C00054,1,2.0,109996441.3,1.099964,30000,OK,98.0,93279229.0,0.932792,12.0,30000,OK,MURRAY_JRC_CONTEXT_ONLY_NEVER_A_SPARTINA_LABEL
CNA10K-R00189-C00055,1,2.0,109996441.3,1.099964,30000,OK,98.0,106604833.1,1.066048,12.0,30000,OK,MURRAY_JRC_CONTEXT_ONLY_NEVER_A_SPARTINA_LABEL
CNA10K-R00190-C00038,0,0.0,0.0,0.0,30000,OK,99.0,0.0,0.0,12.0,30000,OK,MURRAY_JRC_CONTEXT_ONLY_NEVER_A_SPARTINA_LABEL
CNA10K-R00190-C00039,1,1.0,73256655.3,0.732567,30000,OK,97.4848,83285025.9,0.83285,12.0,30000,OK,MURRAY_JRC_CONTEXT_ONLY_NEVER_A_SPARTINA_LABEL
CNA10K-R00190-C00040,1,1.0,93235743.1,0.932357,30000,OK,97.0,109936234.2,1.099362,12.0,30000,OK,MURRAY_JRC_CONTEXT_ONLY_NEVER_A_SPARTINA_LABEL
CNA10K-R00190-C00041,1,2.0,106555135.0,1.065551,30000,OK,97.0,106604833.1,1.066048,12.0,30000,OK,MURRAY_JRC_CONTEXT_ONLY_NEVER_A_SPARTINA_LABEL
CNA10K-R00190-C00042,1,1.0,109884983.0,1.09885,30000,OK,96.2174,16657005.2,0.16657,12.0,30000,OK,MURRAY_JRC_CONTEXT_ONLY_NEVER_A_SPARTINA_LABEL
CNA10K-R00190-C00043,1,1.0,109884983.0,1.09885,30000,OK,96.0,0.0,0.0,12.0,30000,OK,MURRAY_JRC_CONTEXT_ONLY_NEVER_A_SPARTINA_LABEL
CNA10K-R00190-C00044,1,2.0,106555135.0,1.065551,30000,OK,96.0,0.0,0.0,12.0,30000,OK,MURRAY_JRC_CONTEXT_ONLY_NEVER_A_SPARTINA_LABEL
CNA10K-R00190-C00045,1,1.0,109884983.0,1.09885,30000,OK,66.6667,0.0,0.0,9.0,30000,OK,MURRAY_JRC_CONTEXT_ONLY_NEVER_A_SPARTINA_LABEL
CNA10K-R00190-C00046,1,1.0,109884983.0,1.09885,30000,OK,52.0,0.0,0.0,8.0,30000,OK,MURRAY_JRC_CONTEXT_ONLY_NEVER_A_SPARTINA_LABEL
CNA10K-R00190-C00047,1,2.0,73256655.3,0.732567,30000,OK,52.0,0.0,0.0,8.0,30000,OK,MURRAY_JRC_CONTEXT_ONLY_NEVER_A_SPARTINA_LABEL
CNA10K-R00190-C00050,1,2.0,106555135.0,1.065551,30000,OK,82.0,0.0,0.0,9.6,30000,OK,MURRAY_JRC_CONTEXT_ONLY_NEVER_A_SPARTINA_LABEL
CNA10K-R00190-C00051,1,1.0,109884983.0,1.09885,30000,OK,96.0,0.0,0.0,12.0,30000,OK,MURRAY_JRC_CONTEXT_ONLY_NEVER_A_SPARTINA_LABEL
CNA10K-R00190-C00052,1,1.0,106555135.0,1.065551,30000,OK,96.0,0.0,0.0,12.0,30000,OK,MURRAY_JRC_CONTEXT_ONLY_NEVER_A_SPARTINA_LABEL
CNA10K-R00190-C00053,1,2.0,106555135.0,1.065551,30000,OK,96.3125,16657005.2,0.16657,12.0,30000,OK,MURRAY_JRC_CONTEXT_ONLY_NEVER_A_SPARTINA_LABEL
CNA10K-R00190-C00054,1,1.0,99895439.1,0.998954,30000,OK,98.0,109936234.2,1.099362,12.0,30000,OK,MURRAY_JRC_CONTEXT_ONLY_NEVER_A_SPARTINA_LABEL
CNA10K-R00190-C00055,1,1.0,73256655.3,0.732567,30000,OK,98.0,106604833.1,1.066048,12.0,30000,OK,MURRAY_JRC_CONTEXT_ONLY_NEVER_A_SPARTINA_LABEL
CNA10K-R00190-C00056,1,1.0,36628327.7,0.366283,30000,OK,98.0,106604833.1,1.066048,12.0,30000,OK,MURRAY_JRC_CONTEXT_ONLY_NEVER_A_SPARTINA_LABEL
CNA10K-R00191-C00038,1,1.0,3329848.0,0.033298,30000,OK,99.0,0.0,0.0,12.0,30000,OK,MURRAY_JRC_CONTEXT_ONLY_NEVER_A_SPARTINA_LABEL
CNA10K-R00191-C00039,1,1.0,109884983.0,1.09885,30000,OK,95.8276,0.0,0.0,11.2069,30000,OK,MURRAY_JRC_CONTEXT_ONLY_NEVER_A_SPARTINA_LABEL
CNA10K-R00191-C00040,1,1.0,109884983.0,1.09885,30000,OK,95.0,0.0,0.0,11.0,30000,OK,MURRAY_JRC_CONTEXT_ONLY_NEVER_A_SPARTINA_LABEL
CNA10K-R00191-C00041,1,2.0,109884983.0,1.09885,30000,OK,95.0,0.0,0.0,11.0,30000,OK,MURRAY_JRC_CONTEXT_ONLY_NEVER_A_SPARTINA_LABEL
CNA10K-R00191-C00042,1,1.0,109884983.0,1.09885,30000,OK,83.0556,0.0,0.0,9.5238,30000,OK,MURRAY_JRC_CONTEXT_ONLY_NEVER_A_SPARTINA_LABEL
CNA10K-R00191-C00043,1,1.0,109884983.0,1.09885,30000,OK,83.1667,0.0,0.0,9.619,30000,OK,MURRAY_JRC_CONTEXT_ONLY_NEVER_A_SPARTINA_LABEL
CNA10K-R00191-C00050,1,2.0,106555135.0,1.065551,30000,OK,73.2727,0.0,0.0,8.6154,30000,OK,MURRAY_JRC_CONTEXT_ONLY_NEVER_A_SPARTINA_LABEL
CNA10K-R00191-C00051,1,1.0,109884983.0,1.09885,30000,OK,91.6667,0.0,0.0,11.28,30000,OK,MURRAY_JRC_CONTEXT_ONLY_NEVER_A_SPARTINA_LABEL
CNA10K-R00191-C00052,1,1.0,103225287.0,1.032253,30000,OK,91.6667,0.0,0.0,11.28,30000,OK,MURRAY_JRC_CONTEXT_ONLY_NEVER_A_SPARTINA_LABEL
CNA10K-R00191-C00053,1,2.0,73256655.3,0.732567,30000,OK,91.92,13325604.1,0.133256,11.2308,30000,OK,MURRAY_JRC_CONTEXT_ONLY_NEVER_A_SPARTINA_LABEL
CNA10K-R00191-C00054,1,1.0,83246199.2,0.832462,30000,OK,96.3333,73290822.8,0.732908,11.6667,30000,OK,MURRAY_JRC_CONTEXT_ONLY_NEVER_A_SPARTINA_LABEL
CNA10K-R00191-C00055,1,1.0,109884983.0,1.09885,30000,OK,96.3333,73290822.8,0.732908,11.6667,30000,OK,MURRAY_JRC_CONTEXT_ONLY_NEVER_A_SPARTINA_LABEL
CNA10K-R00191-C00056,1,1.0,49947719.5,0.499477,30000,OK,98.0,69959421.7,0.699594,12.0,30000,OK,MURRAY_JRC_CONTEXT_ONLY_NEVER_A_SPARTINA_LABEL
CNA10K-R00192-C00038,1,2.0,106390700.7,1.063907,30000,OK,99.0,0.0,0.0,12.0,30000,OK,MURRAY_JRC_CONTEXT_ONLY_NEVER_A_SPARTINA_LABEL
CNA10K-R00192-C00039,1,1.0,109715410.1,1.097154,30000,OK,95.48,0.0,0.0,11.12,30000,OK,MURRAY_JRC_CONTEXT_ONLY_NEVER_A_SPARTINA_LABEL
CNA10K-R00192-C00040,1,1.0,109715410.1,1.097154,30000,OK,95.0,0.0,0.0,11.0,30000,OK,MURRAY_JRC_CONTEXT_ONLY_NEVER_A_SPARTINA_LABEL
CNA10K-R00192-C00054,1,2.0,109828458.7,1.098285,30000,OK,93.0,0.0,0.0,11.0,30000,OK,MURRAY_JRC_CONTEXT_ONLY_NEVER_A_SPARTINA_LABEL
CNA10K-R00192-C00055,1,2.0,109828458.7,1.098285,30000,OK,93.0,0.0,0.0,11.0,30000,OK,MURRAY_JRC_CONTEXT_ONLY_NEVER_A_SPARTINA_LABEL
CNA10K-R00192-C00056,1,3.0,63215725.7,0.632157,30000,OK,94.375,0.0,0.0,11.3437,30000,OK,MURRAY_JRC_CONTEXT_ONLY_NEVER_A_SPARTINA_LABEL
CNA10K-R00192-C00057,1,1.0,36571803.4,0.365718,30000,OK,97.0,0.0,0.0,12.0,30000,OK,MURRAY_JRC_CONTEXT_ONLY_NEVER_A_SPARTINA_LABEL
CNA10K-R00192-C00058,1,1.0,3324709.4,0.033247,30000,OK,97.0,0.0,0.0,12.0,30000,OK,MURRAY_JRC_CONTEXT_ONLY_NEVER_A_SPARTINA_LABEL
CNA10K-R00192-C00059,0,0.0,0.0,0.0,30000,OK,97.4375,46567980.2,0.46568,12.0,30000,OK,MURRAY_JRC_CONTEXT_ONLY_NEVER_A_SPARTINA_LABEL
CNA10K-R00193-C00038,1,2.0,106390700.7,1.063907,30000,OK,99.0,0.0,0.0,12.0,30000,OK,MURRAY_JRC_CONTEXT_ONLY_NEVER_A_SPARTINA_LABEL
CNA10K-R00193-C00039,1,1.0,109715410.1,1.097154,30000,OK,95.5161,0.0,0.0,11.125,30000,OK,MURRAY_JRC_CONTEXT_ONLY_NEVER_A_SPARTINA_LABEL
CNA10K-R00193-C00040,1,1.0,76468316.1,0.764683,30000,OK,95.0,0.0,0.0,11.0,30000,OK,MURRAY_JRC_CONTEXT_ONLY_NEVER_A_SPARTINA_LABEL
CNA10K-R00193-C00054,1,1.0,109715410.1,1.097154,30000,OK,93.0,0.0,0.0,11.0,30000,OK,MURRAY_JRC_CONTEXT_ONLY_NEVER_A_SPARTINA_LABEL
CNA10K-R00193-C00055,1,1.0,109715410.1,1.097154,30000,OK,93.0,0.0,0.0,11.0,30000,OK,MURRAY_JRC_CONTEXT_ONLY_NEVER_A_SPARTINA_LABEL
CNA10K-R00193-C00056,1,2.0,83117734.9,0.831177,30000,OK,94.625,0.0,0.0,11.4062,30000,OK,MURRAY_JRC_CONTEXT_ONLY_NEVER_A_SPARTINA_LABEL
CNA10K-R00193-C00057,1,1.0,73143606.7,0.731436,30000,OK,97.0,0.0,0.0,12.0,30000,OK,MURRAY_JRC_CONTEXT_ONLY_NEVER_A_SPARTINA_LABEL
CNA10K-R00193-C00058,1,1.0,106390700.7,1.063907,30000,OK,97.0,0.0,0.0,12.0,30000,OK,MURRAY_JRC_CONTEXT_ONLY_NEVER_A_SPARTINA_LABEL
CNA10K-R00193-C00059,1,2.0,109715410.1,1.097154,30000,OK,97.4167,33262843.0,0.332628,12.0,30000,OK,MURRAY_JRC_CONTEXT_ONLY_NEVER_A_SPARTINA_LABEL
CNA10K-R00193-C00060,1,1.0,109715410.1,1.097154,30000,OK,98.0,73178254.6,0.731783,12.0,30000,OK,MURRAY_JRC_CONTEXT_ONLY_NEVER_A_SPARTINA_LABEL
CNA10K-R00194-C00038,1,2.0,73143606.7,0.731436,30000,OK,99.0,0.0,0.0,12.0,30000,OK,MURRAY_JRC_CONTEXT_ONLY_NEVER_A_SPARTINA_LABEL
CNA10K-R00194-C00039,1,1.0,73143606.7,0.731436,30000,OK,74.4286,0.0,0.0,7.8,30000,OK,MURRAY_JRC_CONTEXT_ONLY_NEVER_A_SPARTINA_LABEL
CNA10K-R00194-C00040,1,1.0,106390700.7,1.063907,30000,OK,56.0,0.0,0.0,6.0,30000,OK,MURRAY_JRC_CONTEXT_ONLY_NEVER_A_SPARTINA_LABEL
CNA10K-R00194-C00055,1,1.0,73143606.7,0.731436,30000,OK,85.9286,0.0,0.0,10.129,30000,OK,MURRAY_JRC_CONTEXT_ONLY_NEVER_A_SPARTINA_LABEL
CNA10K-R00194-C00056,1,2.0,96416572.5,0.964166,30000,OK,89.4062,0.0,0.0,11.0,30000,OK,MURRAY_JRC_CONTEXT_ONLY_NEVER_A_SPARTINA_LABEL
CNA10K-R00194-C00057,1,1.0,109715410.1,1.097154,30000,OK,96.5714,0.0,0.0,12.0,30000,OK,MURRAY_JRC_CONTEXT_ONLY_NEVER_A_SPARTINA_LABEL
CNA10K-R00194-C00058,1,1.0,109715410.1,1.097154,30000,OK,97.0,0.0,0.0,12.0,30000,OK,MURRAY_JRC_CONTEXT_ONLY_NEVER_A_SPARTINA_LABEL
CNA10K-R00194-C00059,1,2.0,109715410.1,1.097154,30000,OK,97.6,59873117.4,0.598731,12.0,30000,OK,MURRAY_JRC_CONTEXT_ONLY_NEVER_A_SPARTINA_LABEL
CNA10K-R00194-C00060,1,1.0,109715410.1,1.097154,30000,OK,98.0,109767381.8,1.097674,12.0,30000,OK,MURRAY_JRC_CONTEXT_ONLY_NEVER_A_SPARTINA_LABEL
CNA10K-R00195-C00038,1,2.0,109543443.6,1.095434,30000,OK,99.0,0.0,0.0,12.0,30000,OK,MURRAY_JRC_CONTEXT_ONLY_NEVER_A_SPARTINA_LABEL
CNA10K-R00195-C00039,1,1.0,109543443.6,1.095434,30000,OK,70.3333,0.0,0.0,7.3333,30000,OK,MURRAY_JRC_CONTEXT_ONLY_NEVER_A_SPARTINA_LABEL
CNA10K-R00195-C00040,1,1.0,109543443.6,1.095434,30000,OK,56.0,0.0,0.0,6.0,30000,OK,MURRAY_JRC_CONTEXT_ONLY_NEVER_A_SPARTINA_LABEL
CNA10K-R00195-C00057,1,2.0,109658087.9,1.096581,30000,OK,95.0,0.0,0.0,12.0,30000,OK,MURRAY_JRC_CONTEXT_ONLY_NEVER_A_SPARTINA_LABEL
CNA10K-R00195-C00058,1,2.0,109658087.9,1.096581,30000,OK,95.0,0.0,0.0,12.0,30000,OK,MURRAY_JRC_CONTEXT_ONLY_NEVER_A_SPARTINA_LABEL
CNA10K-R00195-C00059,1,4.0,86416388.8,0.864164,30000,OK,96.8182,66421910.6,0.664219,12.0,30000,OK,MURRAY_JRC_CONTEXT_ONLY_NEVER_A_SPARTINA_LABEL
CNA10K-R00195-C00060,1,1.0,73143606.7,0.731436,30000,OK,98.0,109596152.5,1.095962,12.0,30000,OK,MURRAY_JRC_CONTEXT_ONLY_NEVER_A_SPARTINA_LABEL
CNA10K-R00196-C00037,1,1.0,109543443.6,1.095434,30000,OK,99.0,0.0,0.0,12.0,30000,OK,MURRAY_JRC_CONTEXT_ONLY_NEVER_A_SPARTINA_LABEL
CNA10K-R00196-C00038,1,2.0,109543443.6,1.095434,30000,OK,99.0,0.0,0.0,12.0,30000,OK,MURRAY_JRC_CONTEXT_ONLY_NEVER_A_SPARTINA_LABEL
CNA10K-R00196-C00039,1,1.0,109543443.6,1.095434,30000,OK,56.0,0.0,0.0,6.0,30000,OK,MURRAY_JRC_CONTEXT_ONLY_NEVER_A_SPARTINA_LABEL
CNA10K-R00196-C00040,1,1.0,109543443.6,1.095434,30000,OK,56.0,0.0,0.0,6.0,30000,OK,MURRAY_JRC_CONTEXT_ONLY_NEVER_A_SPARTINA_LABEL
CNA10K-R00196-C00057,1,1.0,99584948.7,0.995849,30000,OK,95.0,0.0,0.0,12.0,30000,OK,MURRAY_JRC_CONTEXT_ONLY_NEVER_A_SPARTINA_LABEL
CNA10K-R00196-C00058,1,1.0,73028962.4,0.73029,30000,OK,95.0,0.0,0.0,12.0,30000,OK,MURRAY_JRC_CONTEXT_ONLY_NEVER_A_SPARTINA_LABEL
CNA10K-R00196-C00059,1,2.0,89626453.8,0.896265,30000,OK,97.0,73064101.6,0.730641,12.0,30000,OK,MURRAY_JRC_CONTEXT_ONLY_NEVER_A_SPARTINA_LABEL
CNA10K-R00196-C00060,1,1.0,109543443.6,1.095434,30000,OK,98.0,96311770.4,0.963118,12.0,30000,OK,MURRAY_JRC_CONTEXT_ONLY_NEVER_A_SPARTINA_LABEL
CNA10K-R00197-C00037,1,2.0,109485326.3,1.094853,30000,OK,99.0,0.0,0.0,12.0,30000,OK,MURRAY_JRC_CONTEXT_ONLY_NEVER_A_SPARTINA_LABEL
CNA10K-R00197-C00038,1,4.0,106165828.0,1.061658,30000,OK,99.0,0.0,0.0,12.0,30000,OK,MURRAY_JRC_CONTEXT_ONLY_NEVER_A_SPARTINA_LABEL
CNA10K-R00197-C00039,1,2.0,96228466.7,0.962285,30000,OK,92.0,0.0,0.0,11.0,30000,OK,MURRAY_JRC_CONTEXT_ONLY_NEVER_A_SPARTINA_LABEL
CNA10K-R00197-C00040,1,1.0,73028962.4,0.73029,30000,OK,92.0,0.0,0.0,11.0,30000,OK,MURRAY_JRC_CONTEXT_ONLY_NEVER_A_SPARTINA_LABEL
CNA10K-R00197-C00058,1,1.0,109543443.6,1.095434,30000,OK,88.5714,0.0,0.0,11.129,30000,OK,MURRAY_JRC_CONTEXT_ONLY_NEVER_A_SPARTINA_LABEL
CNA10K-R00197-C00059,1,2.0,106223945.3,1.062239,30000,OK,97.1429,49816432.9,0.498164,12.0,30000,OK,MURRAY_JRC_CONTEXT_ONLY_NEVER_A_SPARTINA_LABEL
CNA10K-R00197-C00060,1,1.0,109543443.6,1.095434,30000,OK,98.0,86348483.8,0.863485,12.0,30000,OK,MURRAY_JRC_CONTEXT_ONLY_NEVER_A_SPARTINA_LABEL
CNA10K-R00198-C00037,1,1.0,72912727.8,0.729127,30000,OK,99.0,0.0,0.0,12.0,30000,OK,MURRAY_JRC_CONTEXT_ONLY_NEVER_A_SPARTINA_LABEL
CNA10K-R00198-C00038,1,2.0,69598512.9,0.695985,30000,OK,98.5758,0.0,0.0,11.9394,30000,OK,MURRAY_JRC_CONTEXT_ONLY_NEVER_A_SPARTINA_LABEL
CNA10K-R00198-C00039,1,1.0,86169587.5,0.861696,30000,OK,92.0,0.0,0.0,11.0,30000,OK,MURRAY_JRC_CONTEXT_ONLY_NEVER_A_SPARTINA_LABEL
CNA10K-R00198-C00040,1,1.0,109369091.8,1.093691,30000,OK,92.0,0.0,0.0,11.0,30000,OK,MURRAY_JRC_CONTEXT_ONLY_NEVER_A_SPARTINA_LABEL
CNA10K-R00198-C00058,1,2.0,106171111.4,1.061711,30000,OK,65.0,0.0,0.0,9.0,30000,OK,MURRAY_JRC_CONTEXT_ONLY_NEVER_A_SPARTINA_LABEL
CNA10K-R00198-C00059,1,2.0,109485326.3,1.094853,30000,OK,91.6129,82895849.4,0.828958,11.2727,30000,OK,MURRAY_JRC_CONTEXT_ONLY_NEVER_A_SPARTINA_LABEL
CNA10K-R00198-C00060,1,2.0,102856896.5,1.028569,30000,OK,98.0,109422521.2,1.094225,12.0,30000,OK,MURRAY_JRC_CONTEXT_ONLY_NEVER_A_SPARTINA_LABEL
CNA10K-R00199-C00037,1,1.0,109369091.8,1.093691,30000,OK,99.0,0.0,0.0,12.0,30000,OK,MURRAY_JRC_CONTEXT_ONLY_NEVER_A_SPARTINA_LABEL
CNA10K-R00199-C00038,1,2.0,109369091.8,1.093691,30000,OK,98.5333,0.0,0.0,11.9333,30000,OK,MURRAY_JRC_CONTEXT_ONLY_NEVER_A_SPARTINA_LABEL
CNA10K-R00199-C00039,1,1.0,109369091.8,1.093691,30000,OK,92.0,0.0,0.0,11.0,30000,OK,MURRAY_JRC_CONTEXT_ONLY_NEVER_A_SPARTINA_LABEL
CNA10K-R00199-C00040,1,1.0,109369091.8,1.093691,30000,OK,92.0,0.0,0.0,11.0,30000,OK,MURRAY_JRC_CONTEXT_ONLY_NEVER_A_SPARTINA_LABEL
CNA10K-R00199-C00041,1,1.0,59655868.2,0.596559,30000,OK,87.1111,0.0,0.0,10.3793,30000,OK,MURRAY_JRC_CONTEXT_ONLY_NEVER_A_SPARTINA_LABEL
CNA10K-R00199-C00058,1,2.0,106054876.9,1.060549,30000,OK,65.0,0.0,0.0,9.0,30000,OK,MURRAY_JRC_CONTEXT_ONLY_NEVER_A_SPARTINA_LABEL
CNA10K-R00199-C00059,1,1.0,76226942.7,0.762269,30000,OK,92.0,89527517.4,0.895275,11.4545,30000,OK,MURRAY_JRC_CONTEXT_ONLY_NEVER_A_SPARTINA_LABEL
CNA10K-R00199-C00060,1,1.0,79541157.6,0.795412,30000,OK,98.0,109422521.2,1.094225,12.0,30000,OK,MURRAY_JRC_CONTEXT_ONLY_NEVER_A_SPARTINA_LABEL
CNA10K-R00199-C00061,1,1.0,89483802.4,0.894838,30000,OK,98.0,106106687.2,1.061067,12.0,30000,OK,MURRAY_JRC_CONTEXT_ONLY_NEVER_A_SPARTINA_LABEL
CNA10K-R00200-C00038,1,3.0,86148165.8,0.861482,30000,OK,99.0,13242002.6,0.13242,12.0,30000,OK,MURRAY_JRC_CONTEXT_ONLY_NEVER_A_SPARTINA_LABEL
CNA10K-R00200-C00039,1,2.0,109310182.1,1.093102,30000,OK,99.0,109246521.2,1.092465,12.0,30000,OK,MURRAY_JRC_CONTEXT_ONLY_NEVER_A_SPARTINA_LABEL
CNA10K-R00200-C00040,1,2.0,109310182.1,1.093102,30000,OK,99.0,109246521.2,1.092465,12.0,30000,OK,MURRAY_JRC_CONTEXT_ONLY_NEVER_A_SPARTINA_LABEL
CNA10K-R00200-C00041,1,3.0,56309520.8,0.563095,30000,OK,98.5152,109246521.2,1.092465,12.0,30000,OK,MURRAY_JRC_CONTEXT_ONLY_NEVER_A_SPARTINA_LABEL
CNA10K-R00200-C00042,0,0.0,0.0,0.0,30000,OK,97.0,109246521.2,1.092465,12.0,30000,OK,MURRAY_JRC_CONTEXT_ONLY_NEVER_A_SPARTINA_LABEL
CNA10K-R00200-C00059,1,1.0,106054876.9,1.060549,30000,OK,93.4688,63000845.6,0.630008,11.375,30000,OK,MURRAY_JRC_CONTEXT_ONLY_NEVER_A_SPARTINA_LABEL
CNA10K-R00200-C00060,1,1.0,109369091.8,1.093691,30000,OK,97.5833,72948347.5,0.729483,11.9167,30000,OK,MURRAY_JRC_CONTEXT_ONLY_NEVER_A_SPARTINA_LABEL
CNA10K-R00200-C00061,1,1.0,82855372.5,0.828554,30000,OK,98.0,72948347.5,0.729483,12.0,30000,OK,MURRAY_JRC_CONTEXT_ONLY_NEVER_A_SPARTINA_LABEL
CNA10K-R00201-C00038,1,1.0,43015173.3,0.430152,30000,OK,99.0,16552503.2,0.165525,12.0,30000,OK,MURRAY_JRC_CONTEXT_ONLY_NEVER_A_SPARTINA_LABEL
CNA10K-R00201-C00039,1,1.0,72794908.6,0.727949,30000,OK,99.0,109246521.2,1.092465,12.0,30000,OK,MURRAY_JRC_CONTEXT_ONLY_NEVER_A_SPARTINA_LABEL
CNA10K-R00201-C00040,1,1.0,72794908.6,0.727949,30000,OK,99.0,109246521.2,1.092465,12.0,30000,OK,MURRAY_JRC_CONTEXT_ONLY_NEVER_A_SPARTINA_LABEL
CNA10K-R00201-C00041,1,2.0,82721487.1,0.827215,30000,OK,98.4545,109246521.2,1.092465,12.0,30000,OK,MURRAY_JRC_CONTEXT_ONLY_NEVER_A_SPARTINA_LABEL
CNA10K-R00201-C00042,1,1.0,109192362.9,1.091924,30000,OK,97.0,109246521.2,1.092465,12.0,30000,OK,MURRAY_JRC_CONTEXT_ONLY_NEVER_A_SPARTINA_LABEL
CNA10K-R00201-C00043,1,1.0,109192362.9,1.091924,30000,OK,97.0,79452015.4,0.79452,12.0,30000,OK,MURRAY_JRC_CONTEXT_ONLY_NEVER_A_SPARTINA_LABEL
CNA10K-R00201-C00059,1,2.0,109310182.1,1.093102,30000,OK,91.8571,0.0,0.0,10.8571,30000,OK,MURRAY_JRC_CONTEXT_ONLY_NEVER_A_SPARTINA_LABEL
CNA10K-R00201-C00060,1,2.0,109310182.1,1.093102,30000,OK,93.0,0.0,0.0,11.0,30000,OK,MURRAY_JRC_CONTEXT_ONLY_NEVER_A_SPARTINA_LABEL
CNA10K-R00201-C00061,1,3.0,86116033.3,0.86116,30000,OK,93.1818,3310500.6,0.033105,11.0303,30000,OK,MURRAY_JRC_CONTEXT_ONLY_NEVER_A_SPARTINA_LABEL
CNA10K-R00201-C00062,1,1.0,3308859.5,0.033089,30000,OK,99.0,109246521.2,1.092465,12.0,30000,OK,MURRAY_JRC_CONTEXT_ONLY_NEVER_A_SPARTINA_LABEL
CNA10K-R00202-C00040,1,1.0,109192362.9,1.091924,30000,OK,99.0,72831014.1,0.72831,12.0,30000,OK,MURRAY_JRC_CONTEXT_ONLY_NEVER_A_SPARTINA_LABEL
CNA10K-R00202-C00041,1,2.0,109192362.9,1.091924,30000,OK,98.3636,72831014.1,0.72831,12.0,30000,OK,MURRAY_JRC_CONTEXT_ONLY_NEVER_A_SPARTINA_LABEL
CNA10K-R00202-C00042,1,1.0,109192362.9,1.091924,30000,OK,97.0,72831014.1,0.72831,12.0,30000,OK,MURRAY_JRC_CONTEXT_ONLY_NEVER_A_SPARTINA_LABEL
CNA10K-R00202-C00043,1,1.0,109192362.9,1.091924,30000,OK,97.0,102625519.9,1.026255,12.0,30000,OK,MURRAY_JRC_CONTEXT_ONLY_NEVER_A_SPARTINA_LABEL
CNA10K-R00202-C00044,1,2.0,109192362.9,1.091924,30000,OK,90.7273,62899512.2,0.628995,10.9565,30000,OK,MURRAY_JRC_CONTEXT_ONLY_NEVER_A_SPARTINA_LABEL
CNA10K-R00202-C00045,1,1.0,99265784.5,0.992658,30000,OK,51.0,0.0,0.0,6.0,30000,OK,MURRAY_JRC_CONTEXT_ONLY_NEVER_A_SPARTINA_LABEL
CNA10K-R00202-C00059,1,1.0,109192362.9,1.091924,30000,OK,93.0,0.0,0.0,11.0,30000,OK,MURRAY_JRC_CONTEXT_ONLY_NEVER_A_SPARTINA_LABEL
CNA10K-R00202-C00060,1,1.0,86030346.5,0.860303,30000,OK,93.0,0.0,0.0,11.0,30000,OK,MURRAY_JRC_CONTEXT_ONLY_NEVER_A_SPARTINA_LABEL
CNA10K-R00202-C00061,1,2.0,69486049.1,0.69486,30000,OK,93.5625,9931501.9,0.099315,11.0938,30000,OK,MURRAY_JRC_CONTEXT_ONLY_NEVER_A_SPARTINA_LABEL
CNA10K-R00202-C00062,1,1.0,105883503.4,1.058835,30000,OK,99.0,109246521.2,1.092465,12.0,30000,OK,MURRAY_JRC_CONTEXT_ONLY_NEVER_A_SPARTINA_LABEL
CNA10K-R00202-C00063,1,1.0,109192362.9,1.091924,30000,OK,99.0,79452015.4,0.79452,12.0,30000,OK,MURRAY_JRC_CONTEXT_ONLY_NEVER_A_SPARTINA_LABEL
CNA10K-R00203-C00041,1,4.0,105829226.4,1.058292,30000,OK,98.5,36356042.5,0.36356,12.0,30000,OK,MURRAY_JRC_CONTEXT_ONLY_NEVER_A_SPARTINA_LABEL
CNA10K-R00203-C00042,1,2.0,109132658.2,1.091327,30000,OK,98.0,109068127.6,1.090681,12.0,30000,OK,MURRAY_JRC_CONTEXT_ONLY_NEVER_A_SPARTINA_LABEL
CNA10K-R00203-C00043,1,2.0,86008635.7,0.860086,30000,OK,98.0,109068127.6,1.090681,12.0,30000,OK,MURRAY_JRC_CONTEXT_ONLY_NEVER_A_SPARTINA_LABEL
CNA10K-R00203-C00044,1,2.0,69486049.1,0.69486,30000,OK,97.0625,105763032.8,1.05763,12.0,30000,OK,MURRAY_JRC_CONTEXT_ONLY_NEVER_A_SPARTINA_LABEL
CNA10K-R00203-C00045,1,1.0,82721487.1,0.827215,30000,OK,96.0,109068127.6,1.090681,12.0,30000,OK,MURRAY_JRC_CONTEXT_ONLY_NEVER_A_SPARTINA_LABEL
CNA10K-R00203-C00046,1,1.0,109192362.9,1.091924,30000,OK,96.0,109068127.6,1.090681,12.0,30000,OK,MURRAY_JRC_CONTEXT_ONLY_NEVER_A_SPARTINA_LABEL
CNA10K-R00203-C00060,1,1.0,95956925.0,0.959569,30000,OK,85.3333,0.0,0.0,9.6667,30000,OK,MURRAY_JRC_CONTEXT_ONLY_NEVER_A_SPARTINA_LABEL
CNA10K-R00203-C00061,1,2.0,109192362.9,1.091924,30000,OK,89.2692,9931501.9,0.099315,10.3462,30000,OK,MURRAY_JRC_CONTEXT_ONLY_NEVER_A_SPARTINA_LABEL
CNA10K-R00203-C00062,1,1.0,109192362.9,1.091924,30000,OK,99.0,72831014.1,0.72831,12.0,30000,OK,MURRAY_JRC_CONTEXT_ONLY_NEVER_A_SPARTINA_LABEL
CNA10K-R00203-C00063,1,1.0,109192362.9,1.091924,30000,OK,99.0,102625519.9,1.026255,12.0,30000,OK,MURRAY_JRC_CONTEXT_ONLY_NEVER_A_SPARTINA_LABEL
CNA10K-R00203-C00064,1,1.0,52941751.7,0.529418,30000,OK,99.0,79452015.4,0.79452,12.0,30000,OK,MURRAY_JRC_CONTEXT_ONLY_NEVER_A_SPARTINA_LABEL
CNA10K-R00203-C00065,0,0.0,0.0,0.0,30000,OK,99.0,0.0,0.0,12.0,30000,OK,MURRAY_JRC_CONTEXT_ONLY_NEVER_A_SPARTINA_LABEL
CNA10K-R00204-C00042,1,1.0,72675499.2,0.726755,30000,OK,98.0,109068127.6,1.090681,12.0,30000,OK,MURRAY_JRC_CONTEXT_ONLY_NEVER_A_SPARTINA_LABEL
CNA10K-R00204-C00043,1,1.0,95799521.6,0.957995,30000,OK,98.0,109068127.6,1.090681,12.0,30000,OK,MURRAY_JRC_CONTEXT_ONLY_NEVER_A_SPARTINA_LABEL
CNA10K-R00204-C00044,1,2.0,109013248.8,1.090132,30000,OK,97.0,105763032.8,1.05763,12.0,30000,OK,MURRAY_JRC_CONTEXT_ONLY_NEVER_A_SPARTINA_LABEL
CNA10K-R00204-C00045,1,1.0,109013248.8,1.090132,30000,OK,96.0,72712085.1,0.727121,12.0,30000,OK,MURRAY_JRC_CONTEXT_ONLY_NEVER_A_SPARTINA_LABEL
CNA10K-R00204-C00046,1,1.0,109013248.8,1.090132,30000,OK,96.0,72712085.1,0.727121,12.0,30000,OK,MURRAY_JRC_CONTEXT_ONLY_NEVER_A_SPARTINA_LABEL
CNA10K-R00204-C00047,1,2.0,109013248.8,1.090132,30000,OK,93.2903,33050947.8,0.330509,11.3226,30000,OK,MURRAY_JRC_CONTEXT_ONLY_NEVER_A_SPARTINA_LABEL
CNA10K-R00204-C00048,1,1.0,109013248.8,1.090132,30000,OK,92.0,0.0,0.0,11.0,30000,OK,MURRAY_JRC_CONTEXT_ONLY_NEVER_A_SPARTINA_LABEL
CNA10K-R00204-C00060,1,2.0,109132658.2,1.091327,30000,OK,70.0,0.0,0.0,7.0,30000,OK,MURRAY_JRC_CONTEXT_ONLY_NEVER_A_SPARTINA_LABEL
CNA10K-R00204-C00061,1,4.0,105829226.4,1.058292,30000,OK,79.8,0.0,0.0,8.25,30000,OK,MURRAY_JRC_CONTEXT_ONLY_NEVER_A_SPARTINA_LABEL
CNA10K-R00204-C00062,1,2.0,109132658.2,1.091327,30000,OK,98.0,0.0,0.0,12.0,30000,OK,MURRAY_JRC_CONTEXT_ONLY_NEVER_A_SPARTINA_LABEL
CNA10K-R00204-C00063,1,2.0,79401772.2,0.794018,30000,OK,98.0,0.0,0.0,12.0,30000,OK,MURRAY_JRC_CONTEXT_ONLY_NEVER_A_SPARTINA_LABEL
CNA10K-R00204-C00064,1,1.0,29779735.3,0.297797,30000,OK,98.3333,36356042.5,0.36356,12.0,30000,OK,MURRAY_JRC_CONTEXT_ONLY_NEVER_A_SPARTINA_LABEL
CNA10K-R00204-C00065,0,0.0,0.0,0.0,30000,OK,99.0,105763032.8,1.05763,12.0,30000,OK,MURRAY_JRC_CONTEXT_ONLY_NEVER_A_SPARTINA_LABEL
CNA10K-R00205-C00043,1,1.0,109013248.8,1.090132,30000,OK,98.0,72712085.1,0.727121,12.0,30000,OK,MURRAY_JRC_CONTEXT_ONLY_NEVER_A_SPARTINA_LABEL
CNA10K-R00205-C00044,1,2.0,109013248.8,1.090132,30000,OK,96.8696,76017179.9,0.760172,12.0,30000,OK,MURRAY_JRC_CONTEXT_ONLY_NEVER_A_SPARTINA_LABEL
CNA10K-R00205-C00045,1,1.0,109013248.8,1.090132,30000,OK,96.0,109068127.6,1.090681,12.0,30000,OK,MURRAY_JRC_CONTEXT_ONLY_NEVER_A_SPARTINA_LABEL
CNA10K-R00205-C00046,1,1.0,109013248.8,1.090132,30000,OK,96.0,109068127.6,1.090681,12.0,30000,OK,MURRAY_JRC_CONTEXT_ONLY_NEVER_A_SPARTINA_LABEL
CNA10K-R00205-C00047,1,2.0,82585794.5,0.825858,30000,OK,93.25,33050947.8,0.330509,11.3125,30000,OK,MURRAY_JRC_CONTEXT_ONLY_NEVER_A_SPARTINA_LABEL
CNA10K-R00205-C00048,1,1.0,72675499.2,0.726755,30000,OK,92.0,0.0,0.0,11.0,30000,OK,MURRAY_JRC_CONTEXT_ONLY_NEVER_A_SPARTINA_LABEL
CNA10K-R00205-C00049,1,2.0,92496089.9,0.924961,30000,OK,92.0,0.0,0.0,11.0,30000,OK,MURRAY_JRC_CONTEXT_ONLY_NEVER_A_SPARTINA_LABEL
CNA10K-R00205-C00052,1,2.0,109013248.8,1.090132,30000,OK,88.0,0.0,0.0,11.0,30000,OK,MURRAY_JRC_CONTEXT_ONLY_NEVER_A_SPARTINA_LABEL
CNA10K-R00205-C00053,1,1.0,109013248.8,1.090132,30000,OK,67.3333,0.0,0.0,8.0909,30000,OK,MURRAY_JRC_CONTEXT_ONLY_NEVER_A_SPARTINA_LABEL
CNA10K-R00205-C00061,1,2.0,92496089.9,0.924961,30000,OK,81.4545,0.0,0.0,8.5,30000,OK,MURRAY_JRC_CONTEXT_ONLY_NEVER_A_SPARTINA_LABEL
CNA10K-R00205-C00062,1,1.0,72675499.2,0.726755,30000,OK,98.0,0.0,0.0,12.0,30000,OK,MURRAY_JRC_CONTEXT_ONLY_NEVER_A_SPARTINA_LABEL
CNA10K-R00205-C00063,1,1.0,99102953.4,0.99103,30000,OK,98.0,0.0,0.0,12.0,30000,OK,MURRAY_JRC_CONTEXT_ONLY_NEVER_A_SPARTINA_LABEL
CNA10K-R00205-C00064,1,2.0,109013248.8,1.090132,30000,OK,98.3333,26440758.2,0.264408,12.0,30000,OK,MURRAY_JRC_CONTEXT_ONLY_NEVER_A_SPARTINA_LABEL
CNA10K-R00205-C00065,1,1.0,109013248.8,1.090132,30000,OK,99.0,76017179.9,0.760172,12.0,30000,OK,MURRAY_JRC_CONTEXT_ONLY_NEVER_A_SPARTINA_LABEL
CNA10K-R00206-C00043,1,1.0,72675499.2,0.726755,30000,OK,99.0,0.0,0.0,12.0,30000,OK,MURRAY_JRC_CONTEXT_ONLY_NEVER_A_SPARTINA_LABEL
CNA10K-R00206-C00044,1,2.0,69372067.4,0.693721,30000,OK,99.0,0.0,0.0,12.0,30000,OK,MURRAY_JRC_CONTEXT_ONLY_NEVER_A_SPARTINA_LABEL
CNA10K-R00206-C00045,1,1.0,72675499.2,0.726755,30000,OK,99.0,0.0,0.0,12.0,30000,OK,MURRAY_JRC_CONTEXT_ONLY_NEVER_A_SPARTINA_LABEL
CNA10K-R00206-C00046,1,1.0,72675499.2,0.726755,30000,OK,99.0,0.0,0.0,12.0,30000,OK,MURRAY_JRC_CONTEXT_ONLY_NEVER_A_SPARTINA_LABEL
CNA10K-R00206-C00047,1,2.0,99102953.4,0.99103,30000,OK,99.0,0.0,0.0,12.0,30000,OK,MURRAY_JRC_CONTEXT_ONLY_NEVER_A_SPARTINA_LABEL
CNA10K-R00206-C00048,1,1.0,109013248.8,1.090132,30000,OK,99.0,0.0,0.0,12.0,30000,OK,MURRAY_JRC_CONTEXT_ONLY_NEVER_A_SPARTINA_LABEL
CNA10K-R00206-C00049,1,2.0,109013248.8,1.090132,30000,OK,99.0,0.0,0.0,12.0,30000,OK,MURRAY_JRC_CONTEXT_ONLY_NEVER_A_SPARTINA_LABEL
CNA10K-R00206-C00050,1,1.0,109013248.8,1.090132,30000,OK,98.0833,62692725.5,0.626927,11.9167,30000,OK,MURRAY_JRC_CONTEXT_ONLY_NEVER_A_SPARTINA_LABEL
CNA10K-R00206-C00051,1,1.0,109013248.8,1.090132,30000,OK,95.3333,72591576.8,0.725916,11.6667,30000,OK,MURRAY_JRC_CONTEXT_ONLY_NEVER_A_SPARTINA_LABEL
CNA10K-R00206-C00052,1,2.0,105709817.0,1.057098,30000,OK,95.3333,72591576.8,0.725916,11.6667,30000,OK,MURRAY_JRC_CONTEXT_ONLY_NEVER_A_SPARTINA_LABEL
CNA10K-R00206-C00053,1,1.0,72675499.2,0.726755,30000,OK,88.8889,69291959.7,0.69292,10.6207,30000,OK,MURRAY_JRC_CONTEXT_ONLY_NEVER_A_SPARTINA_LABEL
CNA10K-R00206-C00054,1,1.0,75978930.9,0.759789,30000,OK,89.2143,72591576.8,0.725916,10.6667,30000,OK,MURRAY_JRC_CONTEXT_ONLY_NEVER_A_SPARTINA_LABEL
CNA10K-R00206-C00055,1,2.0,109013248.8,1.090132,30000,OK,88.5172,72591576.8,0.725916,10.5806,30000,OK,MURRAY_JRC_CONTEXT_ONLY_NEVER_A_SPARTINA_LABEL
CNA10K-R00206-C00058,1,2.0,109013248.8,1.090132,30000,OK,81.7826,32996171.3,0.329962,9.2857,30000,OK,MURRAY_JRC_CONTEXT_ONLY_NEVER_A_SPARTINA_LABEL
CNA10K-R00206-C00059,1,1.0,102406385.2,1.024064,30000,OK,82.8333,36295788.4,0.362958,8.7188,30000,OK,MURRAY_JRC_CONTEXT_ONLY_NEVER_A_SPARTINA_LABEL
CNA10K-R00206-C00060,1,1.0,72675499.2,0.726755,30000,OK,82.8333,36295788.4,0.362958,8.7188,30000,OK,MURRAY_JRC_CONTEXT_ONLY_NEVER_A_SPARTINA_LABEL
CNA10K-R00206-C00062,1,1.0,109013248.8,1.090132,30000,OK,98.2143,0.0,0.0,12.0,30000,OK,MURRAY_JRC_CONTEXT_ONLY_NEVER_A_SPARTINA_LABEL
CNA10K-R00206-C00063,1,1.0,109013248.8,1.090132,30000,OK,98.0,0.0,0.0,12.0,30000,OK,MURRAY_JRC_CONTEXT_ONLY_NEVER_A_SPARTINA_LABEL
CNA10K-R00206-C00064,1,2.0,109013248.8,1.090132,30000,OK,98.5,49576421.6,0.495764,12.0,30000,OK,MURRAY_JRC_CONTEXT_ONLY_NEVER_A_SPARTINA_LABEL
CNA10K-R00206-C00065,1,1.0,109013248.8,1.090132,30000,OK,99.0,109068127.6,1.090681,12.0,30000,OK,MURRAY_JRC_CONTEXT_ONLY_NEVER_A_SPARTINA_LABEL
CNA10K-R00206-C00066,1,1.0,72675499.2,0.726755,30000,OK,99.0,109068127.6,1.090681,12.0,30000,OK,MURRAY_JRC_CONTEXT_ONLY_NEVER_A_SPARTINA_LABEL
CNA10K-R00207-C00044,0,0.0,0.0,0.0,30000,OK,99.0,0.0,0.0,12.0,30000,OK,MURRAY_JRC_CONTEXT_ONLY_NEVER_A_SPARTINA_LABEL
CNA10K-R00207-C00045,0,0.0,0.0,0.0,30000,OK,99.0,0.0,0.0,12.0,30000,OK,MURRAY_JRC_CONTEXT_ONLY_NEVER_A_SPARTINA_LABEL
CNA10K-R00207-C00046,0,0.0,0.0,0.0,30000,OK,99.0,0.0,0.0,12.0,30000,OK,MURRAY_JRC_CONTEXT_ONLY_NEVER_A_SPARTINA_LABEL
CNA10K-R00207-C00047,1,1.0,108831757.6,1.088318,30000,OK,99.0,0.0,0.0,12.0,30000,OK,MURRAY_JRC_CONTEXT_ONLY_NEVER_A_SPARTINA_LABEL
CNA10K-R00207-C00048,1,1.0,108831757.6,1.088318,30000,OK,99.0,0.0,0.0,12.0,30000,OK,MURRAY_JRC_CONTEXT_ONLY_NEVER_A_SPARTINA_LABEL
CNA10K-R00207-C00049,1,2.0,108831757.6,1.088318,30000,OK,99.0,0.0,0.0,12.0,30000,OK,MURRAY_JRC_CONTEXT_ONLY_NEVER_A_SPARTINA_LABEL
CNA10K-R00207-C00050,1,1.0,105533825.5,1.055338,30000,OK,99.0,98988513.9,0.989885,12.0,30000,OK,MURRAY_JRC_CONTEXT_ONLY_NEVER_A_SPARTINA_LABEL
CNA10K-R00207-C00051,1,1.0,72554505.0,0.725545,30000,OK,99.0,108887365.3,1.088874,12.0,30000,OK,MURRAY_JRC_CONTEXT_ONLY_NEVER_A_SPARTINA_LABEL
CNA10K-R00207-C00052,1,3.0,72560004.8,0.7256,30000,OK,99.0,105587748.1,1.055877,12.0,30000,OK,MURRAY_JRC_CONTEXT_ONLY_NEVER_A_SPARTINA_LABEL
CNA10K-R00207-C00053,1,2.0,108892254.6,1.088923,30000,OK,98.0,108887365.3,1.088874,12.0,30000,OK,MURRAY_JRC_CONTEXT_ONLY_NEVER_A_SPARTINA_LABEL
CNA10K-R00207-C00054,1,2.0,108892254.6,1.088923,30000,OK,98.0,75891194.0,0.758912,12.0,30000,OK,MURRAY_JRC_CONTEXT_ONLY_NEVER_A_SPARTINA_LABEL
CNA10K-R00207-C00055,1,4.0,105594322.6,1.055943,30000,OK,98.0,72591576.8,0.725916,12.0,30000,OK,MURRAY_JRC_CONTEXT_ONLY_NEVER_A_SPARTINA_LABEL
CNA10K-R00207-C00056,1,2.0,108892254.6,1.088923,30000,OK,98.0,108887365.3,1.088874,12.0,30000,OK,MURRAY_JRC_CONTEXT_ONLY_NEVER_A_SPARTINA_LABEL
CNA10K-R00207-C00057,1,2.0,108892254.6,1.088923,30000,OK,98.0,108887365.3,1.088874,12.0,30000,OK,MURRAY_JRC_CONTEXT_ONLY_NEVER_A_SPARTINA_LABEL
CNA10K-R00207-C00058,1,4.0,66013638.3,0.660136,30000,OK,98.0,108887365.3,1.088874,12.0,30000,OK,MURRAY_JRC_CONTEXT_ONLY_NEVER_A_SPARTINA_LABEL
CNA10K-R00207-C00059,1,2.0,79221865.7,0.792219,30000,OK,98.0,108887365.3,1.088874,12.0,30000,OK,MURRAY_JRC_CONTEXT_ONLY_NEVER_A_SPARTINA_LABEL
CNA10K-R00207-C00060,1,2.0,108952751.7,1.089528,30000,OK,98.0,105587748.1,1.055877,12.0,30000,OK,MURRAY_JRC_CONTEXT_ONLY_NEVER_A_SPARTINA_LABEL
CNA10K-R00207-C00061,1,4.0,105649319.9,1.056493,30000,OK,98.381,42895022.7,0.42895,12.0,30000,OK,MURRAY_JRC_CONTEXT_ONLY_NEVER_A_SPARTINA_LABEL
CNA10K-R00207-C00062,1,2.0,108952751.7,1.089528,30000,OK,99.0,0.0,0.0,12.0,30000,OK,MURRAY_JRC_CONTEXT_ONLY_NEVER_A_SPARTINA_LABEL
CNA10K-R00207-C00063,1,2.0,108952751.7,1.089528,30000,OK,99.0,0.0,0.0,12.0,30000,OK,MURRAY_JRC_CONTEXT_ONLY_NEVER_A_SPARTINA_LABEL
CNA10K-R00207-C00064,1,4.0,79265863.5,0.792659,30000,OK,99.0,0.0,0.0,12.0,30000,OK,MURRAY_JRC_CONTEXT_ONLY_NEVER_A_SPARTINA_LABEL
CNA10K-R00207-C00065,1,1.0,72675499.2,0.726755,30000,OK,99.0,0.0,0.0,12.0,30000,OK,MURRAY_JRC_CONTEXT_ONLY_NEVER_A_SPARTINA_LABEL
CNA10K-R00207-C00066,1,1.0,109013248.8,1.090132,30000,OK,99.0,0.0,0.0,12.0,30000,OK,MURRAY_JRC_CONTEXT_ONLY_NEVER_A_SPARTINA_LABEL
CNA10K-R00207-C00067,1,1.0,13213727.1,0.132137,30000,OK,98.3636,0.0,0.0,12.0,30000,OK,MURRAY_JRC_CONTEXT_ONLY_NEVER_A_SPARTINA_LABEL
CNA10K-R00208-C00048,1,1.0,98937961.4,0.98938,30000,OK,99.0,0.0,0.0,12.0,30000,OK,MURRAY_JRC_CONTEXT_ONLY_NEVER_A_SPARTINA_LABEL
CNA10K-R00208-C00049,1,2.0,72554505.0,0.725545,30000,OK,99.0,0.0,0.0,12.0,30000,OK,MURRAY_JRC_CONTEXT_ONLY_NEVER_A_SPARTINA_LABEL
CNA10K-R00208-C00050,1,1.0,79150369.1,0.791504,30000,OK,99.0,102288131.0,1.022881,12.0,30000,OK,MURRAY_JRC_CONTEXT_ONLY_NEVER_A_SPARTINA_LABEL
CNA10K-R00208-C00051,1,1.0,108831757.6,1.088318,30000,OK,99.0,108887365.3,1.088874,12.0,30000,OK,MURRAY_JRC_CONTEXT_ONLY_NEVER_A_SPARTINA_LABEL
CNA10K-R00208-C00052,1,2.0,108831757.6,1.088318,30000,OK,98.9565,75891194.0,0.758912,12.0,30000,OK,MURRAY_JRC_CONTEXT_ONLY_NEVER_A_SPARTINA_LABEL
CNA10K-R00208-C00053,1,1.0,108831757.6,1.088318,30000,OK,98.0,72591576.8,0.725916,12.0,30000,OK,MURRAY_JRC_CONTEXT_ONLY_NEVER_A_SPARTINA_LABEL
CNA10K-R00208-C00054,1,1.0,108831757.6,1.088318,30000,OK,98.0,105587748.1,1.055877,12.0,30000,OK,MURRAY_JRC_CONTEXT_ONLY_NEVER_A_SPARTINA_LABEL
CNA10K-R00208-C00055,1,2.0,108831757.6,1.088318,30000,OK,98.0,108887365.3,1.088874,12.0,30000,OK,MURRAY_JRC_CONTEXT_ONLY_NEVER_A_SPARTINA_LABEL
CNA10K-R00208-C00056,1,1.0,75852437.1,0.758524,30000,OK,98.0,108887365.3,1.088874,12.0,30000,OK,MURRAY_JRC_CONTEXT_ONLY_NEVER_A_SPARTINA_LABEL
CNA10K-R00208-C00057,1,1.0,72554505.0,0.725545,30000,OK,98.0,108887365.3,1.088874,12.0,30000,OK,MURRAY_JRC_CONTEXT_ONLY_NEVER_A_SPARTINA_LABEL
CNA10K-R00208-C00058,1,2.0,105533825.5,1.055338,30000,OK,98.0,108887365.3,1.088874,12.0,30000,OK,MURRAY_JRC_CONTEXT_ONLY_NEVER_A_SPARTINA_LABEL
CNA10K-R00208-C00059,1,1.0,108831757.6,1.088318,30000,OK,98.0,75891194.0,0.758912,12.0,30000,OK,MURRAY_JRC_CONTEXT_ONLY_NEVER_A_SPARTINA_LABEL
CNA10K-R00208-C00060,1,1.0,108831757.6,1.088318,30000,OK,98.0,79190811.1,0.791908,12.0,30000,OK,MURRAY_JRC_CONTEXT_ONLY_NEVER_A_SPARTINA_LABEL
CNA10K-R00208-C00061,1,2.0,108831757.6,1.088318,30000,OK,98.4545,59393108.3,0.593931,12.0,30000,OK,MURRAY_JRC_CONTEXT_ONLY_NEVER_A_SPARTINA_LABEL
CNA10K-R00208-C00062,1,1.0,95640029.4,0.9564,30000,OK,99.0,0.0,0.0,12.0,30000,OK,MURRAY_JRC_CONTEXT_ONLY_NEVER_A_SPARTINA_LABEL
CNA10K-R00208-C00063,1,1.0,72554505.0,0.725545,30000,OK,99.0,0.0,0.0,12.0,30000,OK,MURRAY_JRC_CONTEXT_ONLY_NEVER_A_SPARTINA_LABEL
CNA10K-R00208-C00064,1,2.0,98937961.4,0.98938,30000,OK,99.0,0.0,0.0,12.0,30000,OK,MURRAY_JRC_CONTEXT_ONLY_NEVER_A_SPARTINA_LABEL
CNA10K-R00208-C00065,1,1.0,108831757.6,1.088318,30000,OK,99.0,0.0,0.0,12.0,30000,OK,MURRAY_JRC_CONTEXT_ONLY_NEVER_A_SPARTINA_LABEL
CNA10K-R00208-C00066,1,1.0,108831757.6,1.088318,30000,OK,99.0,0.0,0.0,12.0,30000,OK,MURRAY_JRC_CONTEXT_ONLY_NEVER_A_SPARTINA_LABEL
CNA10K-R00209-C00051,1,1.0,108831757.6,1.088318,30000,OK,97.0,72469483.9,0.724695,12.0,30000,OK,MURRAY_JRC_CONTEXT_ONLY_NEVER_A_SPARTINA_LABEL
CNA10K-R00209-C00052,1,2.0,108831757.6,1.088318,30000,OK,96.9032,95583452.9,0.955835,11.9355,30000,OK,MURRAY_JRC_CONTEXT_ONLY_NEVER_A_SPARTINA_LABEL
CNA10K-R00209-C00053,1,1.0,108831757.6,1.088318,30000,OK,90.5517,36295788.4,0.362958,11.3548,30000,OK,MURRAY_JRC_CONTEXT_ONLY_NEVER_A_SPARTINA_LABEL
CNA10K-R00209-C00054,1,1.0,79150369.1,0.791504,30000,OK,90.5517,36295788.4,0.362958,11.3548,30000,OK,MURRAY_JRC_CONTEXT_ONLY_NEVER_A_SPARTINA_LABEL
CNA10K-R00209-C00055,1,2.0,72554505.0,0.725545,30000,OK,92.0,32996171.3,0.329962,11.5,30000,OK,MURRAY_JRC_CONTEXT_ONLY_NEVER_A_SPARTINA_LABEL
CNA10K-R00209-C00056,1,1.0,105533825.5,1.055338,30000,OK,98.0,36295788.4,0.362958,12.0,30000,OK,MURRAY_JRC_CONTEXT_ONLY_NEVER_A_SPARTINA_LABEL
CNA10K-R00209-C00057,1,1.0,108831757.6,1.088318,30000,OK,98.0,36295788.4,0.362958,12.0,30000,OK,MURRAY_JRC_CONTEXT_ONLY_NEVER_A_SPARTINA_LABEL
CNA10K-R00209-C00058,1,2.0,105533825.5,1.055338,30000,OK,98.1905,49472058.2,0.494721,12.0,30000,OK,MURRAY_JRC_CONTEXT_ONLY_NEVER_A_SPARTINA_LABEL
CNA10K-R00209-C00059,1,1.0,108831757.6,1.088318,30000,OK,98.3437,105526701.7,1.055267,12.0,30000,OK,MURRAY_JRC_CONTEXT_ONLY_NEVER_A_SPARTINA_LABEL
CNA10K-R00209-C00060,1,1.0,105533825.5,1.055338,30000,OK,98.3333,108826318.8,1.088263,12.0,30000,OK,MURRAY_JRC_CONTEXT_ONLY_NEVER_A_SPARTINA_LABEL
CNA10K-R00209-C00061,1,2.0,69256573.0,0.692566,30000,OK,98.5926,52766125.7,0.527661,12.0,30000,OK,MURRAY_JRC_CONTEXT_ONLY_NEVER_A_SPARTINA_LABEL
CNA10K-R00209-C00062,1,1.0,85746233.2,0.857462,30000,OK,99.0,0.0,0.0,12.0,30000,OK,MURRAY_JRC_CONTEXT_ONLY_NEVER_A_SPARTINA_LABEL
CNA10K-R00209-C00063,1,1.0,108831757.6,1.088318,30000,OK,99.0,0.0,0.0,12.0,30000,OK,MURRAY_JRC_CONTEXT_ONLY_NEVER_A_SPARTINA_LABEL
CNA10K-R00210-C00051,1,1.0,108647897.6,1.086479,30000,OK,97.0,108704225.9,1.087042,12.0,30000,OK,MURRAY_JRC_CONTEXT_ONLY_NEVER_A_SPARTINA_LABEL
CNA10K-R00210-C00052,1,2.0,79016652.8,0.790167,30000,OK,95.3333,92233888.6,0.922339,11.8485,30000,OK,MURRAY_JRC_CONTEXT_ONLY_NEVER_A_SPARTINA_LABEL
CNA10K-R00210-C00053,1,1.0,72431931.7,0.724319,30000,OK,86.0,0.0,0.0,11.0,30000,OK,MURRAY_JRC_CONTEXT_ONLY_NEVER_A_SPARTINA_LABEL
CNA10K-R00210-C00054,1,2.0,102113320.2,1.021133,30000,OK,86.0,0.0,0.0,11.0,30000,OK,MURRAY_JRC_CONTEXT_ONLY_NEVER_A_SPARTINA_LABEL
CNA10K-R00210-C00055,1,4.0,105411252.2,1.054113,30000,OK,89.0,0.0,0.0,11.24,30000,OK,MURRAY_JRC_CONTEXT_ONLY_NEVER_A_SPARTINA_LABEL
CNA10K-R00210-C00056,1,2.0,108709184.3,1.087092,30000,OK,98.0,0.0,0.0,12.0,30000,OK,MURRAY_JRC_CONTEXT_ONLY_NEVER_A_SPARTINA_LABEL
CNA10K-R00210-C00057,1,2.0,108709184.3,1.087092,30000,OK,98.0,0.0,0.0,12.0,30000,OK,MURRAY_JRC_CONTEXT_ONLY_NEVER_A_SPARTINA_LABEL
CNA10K-R00210-C00058,1,4.0,105411252.2,1.054113,30000,OK,98.4242,46116944.3,0.461169,12.0,30000,OK,MURRAY_JRC_CONTEXT_ONLY_NEVER_A_SPARTINA_LABEL
CNA10K-R00210-C00059,1,2.0,75785578.9,0.757856,30000,OK,99.0,108704225.9,1.087042,12.0,30000,OK,MURRAY_JRC_CONTEXT_ONLY_NEVER_A_SPARTINA_LABEL
CNA10K-R00210-C00060,1,2.0,75791150.4,0.757912,30000,OK,99.0,108704225.9,1.087042,12.0,30000,OK,MURRAY_JRC_CONTEXT_ONLY_NEVER_A_SPARTINA_LABEL
CNA10K-R00210-C00061,1,4.0,105472538.9,1.054725,30000,OK,99.0,46116944.3,0.461169,12.0,30000,OK,MURRAY_JRC_CONTEXT_ONLY_NEVER_A_SPARTINA_LABEL
CNA10K-R00211-C00050,1,1.0,72431931.7,0.724319,30000,OK,97.0,108704225.9,1.087042,12.0,30000,OK,MURRAY_JRC_CONTEXT_ONLY_NEVER_A_SPARTINA_LABEL
CNA10K-R00211-C00051,1,1.0,72431931.7,0.724319,30000,OK,97.0,108704225.9,1.087042,12.0,30000,OK,MURRAY_JRC_CONTEXT_ONLY_NEVER_A_SPARTINA_LABEL
CNA10K-R00211-C00052,1,2.0,102063176.5,1.020632,30000,OK,94.6667,85645753.7,0.856458,11.7879,30000,OK,MURRAY_JRC_CONTEXT_ONLY_NEVER_A_SPARTINA_LABEL
CNA10K-R00211-C00053,1,1.0,108647897.6,1.086479,30000,OK,86.0,0.0,0.0,11.0,30000,OK,MURRAY_JRC_CONTEXT_ONLY_NEVER_A_SPARTINA_LABEL
CNA10K-R00211-C00054,1,1.0,108647897.6,1.086479,30000,OK,86.0,0.0,0.0,11.0,30000,OK,MURRAY_JRC_CONTEXT_ONLY_NEVER_A_SPARTINA_LABEL
CNA10K-R00211-C00055,1,2.0,108647897.6,1.086479,30000,OK,90.5517,0.0,0.0,11.3793,30000,OK,MURRAY_JRC_CONTEXT_ONLY_NEVER_A_SPARTINA_LABEL
CNA10K-R00211-C00056,1,1.0,108647897.6,1.086479,30000,OK,98.0,0.0,0.0,12.0,30000,OK,MURRAY_JRC_CONTEXT_ONLY_NEVER_A_SPARTINA_LABEL
CNA10K-R00211-C00057,1,1.0,82309013.3,0.82309,30000,OK,98.0,0.0,0.0,12.0,30000,OK,MURRAY_JRC_CONTEXT_ONLY_NEVER_A_SPARTINA_LABEL
CNA10K-R00211-C00058,1,2.0,72431931.7,0.724319,30000,OK,98.4848,52705079.2,0.527051,12.0,30000,OK,MURRAY_JRC_CONTEXT_ONLY_NEVER_A_SPARTINA_LABEL
CNA10K-R00211-C00059,1,1.0,105355537.1,1.053555,30000,OK,99.0,108704225.9,1.087042,12.0,30000,OK,MURRAY_JRC_CONTEXT_ONLY_NEVER_A_SPARTINA_LABEL
CNA10K-R00211-C00060,1,1.0,108647897.6,1.086479,30000,OK,99.0,79057618.8,0.790576,12.0,30000,OK,MURRAY_JRC_CONTEXT_ONLY_NEVER_A_SPARTINA_LABEL
CNA10K-R00212-C00050,1,1.0,108647897.6,1.086479,30000,OK,89.0,0.0,0.0,10.0,30000,OK,MURRAY_JRC_CONTEXT_ONLY_NEVER_A_SPARTINA_LABEL
CNA10K-R00212-C00051,1,1.0,108647897.6,1.086479,30000,OK,89.0,0.0,0.0,10.0,30000,OK,MURRAY_JRC_CONTEXT_ONLY_NEVER_A_SPARTINA_LABEL
CNA10K-R00212-C00052,1,2.0,108647897.6,1.086479,30000,OK,82.1818,0.0,0.0,9.4545,30000,OK,MURRAY_JRC_CONTEXT_ONLY_NEVER_A_SPARTINA_LABEL
CNA10K-R00212-C00053,1,1.0,108647897.6,1.086479,30000,OK,75.8462,0.0,0.0,9.2353,30000,OK,MURRAY_JRC_CONTEXT_ONLY_NEVER_A_SPARTINA_LABEL
CNA10K-R00212-C00054,1,1.0,108647897.6,1.086479,30000,OK,78.2353,0.0,0.0,9.5714,30000,OK,MURRAY_JRC_CONTEXT_ONLY_NEVER_A_SPARTINA_LABEL
CNA10K-R00212-C00056,1,1.0,72431931.7,0.724319,30000,OK,96.6667,72345811.8,0.723458,12.0,30000,OK,MURRAY_JRC_CONTEXT_ONLY_NEVER_A_SPARTINA_LABEL
CNA10K-R00212-C00057,1,1.0,102063176.5,1.020632,30000,OK,96.6667,72345811.8,0.723458,12.0,30000,OK,MURRAY_JRC_CONTEXT_ONLY_NEVER_A_SPARTINA_LABEL
CNA10K-R00212-C00058,1,2.0,108647897.6,1.086479,30000,OK,97.84,65802648.6,0.658026,12.0,30000,OK,MURRAY_JRC_CONTEXT_ONLY_NEVER_A_SPARTINA_LABEL
CNA10K-R00212-C00059,1,1.0,108647897.6,1.086479,30000,OK,99.0,72407647.9,0.724076,12.0,30000,OK,MURRAY_JRC_CONTEXT_ONLY_NEVER_A_SPARTINA_LABEL
CNA10K-R00212-C00060,1,1.0,108647897.6,1.086479,30000,OK,99.0,105348322.4,1.053483,12.0,30000,OK,MURRAY_JRC_CONTEXT_ONLY_NEVER_A_SPARTINA_LABEL
CNA10K-R00213-C00049,1,2.0,108461660.6,1.084617,30000,OK,97.2609,0.0,0.0,11.6522,30000,OK,MURRAY_JRC_CONTEXT_ONLY_NEVER_A_SPARTINA_LABEL
CNA10K-R00213-C00050,1,1.0,108461660.6,1.084617,30000,OK,89.0,0.0,0.0,10.0,30000,OK,MURRAY_JRC_CONTEXT_ONLY_NEVER_A_SPARTINA_LABEL
CNA10K-R00213-C00051,1,1.0,108461660.6,1.084617,30000,OK,89.0,0.0,0.0,10.0,30000,OK,MURRAY_JRC_CONTEXT_ONLY_NEVER_A_SPARTINA_LABEL
CNA10K-R00213-C00052,1,2.0,108461660.6,1.084617,30000,OK,83.8276,0.0,0.0,9.3939,30000,OK,MURRAY_JRC_CONTEXT_ONLY_NEVER_A_SPARTINA_LABEL
CNA10K-R00213-C00053,1,1.0,85454641.7,0.854546,30000,OK,64.0,0.0,0.0,8.0,30000,OK,MURRAY_JRC_CONTEXT_ONLY_NEVER_A_SPARTINA_LABEL
CNA10K-R00213-C00054,1,1.0,72307773.7,0.723078,30000,OK,64.0,0.0,0.0,8.0,30000,OK,MURRAY_JRC_CONTEXT_ONLY_NEVER_A_SPARTINA_LABEL
CNA10K-R00213-C00056,1,2.0,108523739.6,1.085237,30000,OK,96.0,88788041.8,0.88788,12.0,30000,OK,MURRAY_JRC_CONTEXT_ONLY_NEVER_A_SPARTINA_LABEL
CNA10K-R00213-C00057,1,2.0,108523739.6,1.085237,30000,OK,96.0,72345811.8,0.723458,12.0,30000,OK,MURRAY_JRC_CONTEXT_ONLY_NEVER_A_SPARTINA_LABEL
CNA10K-R00213-C00058,1,4.0,108523739.6,1.085237,30000,OK,98.0,98653379.8,0.986534,12.0,30000,OK,MURRAY_JRC_CONTEXT_ONLY_NEVER_A_SPARTINA_LABEL
CNA10K-R00213-C00059,1,2.0,108523739.6,1.085237,30000,OK,99.0,108518717.7,1.085187,12.0,30000,OK,MURRAY_JRC_CONTEXT_ONLY_NEVER_A_SPARTINA_LABEL
CNA10K-R00213-C00060,1,2.0,75656569.7,0.756566,30000,OK,99.0,108518717.7,1.085187,12.0,30000,OK,MURRAY_JRC_CONTEXT_ONLY_NEVER_A_SPARTINA_LABEL
CNA10K-R00214-C00049,1,2.0,108461660.6,1.084617,30000,OK,96.8125,0.0,0.0,11.5625,30000,OK,MURRAY_JRC_CONTEXT_ONLY_NEVER_A_SPARTINA_LABEL
CNA10K-R00214-C00050,1,1.0,108461660.6,1.084617,30000,OK,89.0,0.0,0.0,10.0,30000,OK,MURRAY_JRC_CONTEXT_ONLY_NEVER_A_SPARTINA_LABEL
CNA10K-R00214-C00051,1,1.0,82167924.7,0.821679,30000,OK,89.0,0.0,0.0,10.0,30000,OK,MURRAY_JRC_CONTEXT_ONLY_NEVER_A_SPARTINA_LABEL
CNA10K-R00214-C00052,1,2.0,69021056.8,0.690211,30000,OK,83.4444,0.0,0.0,9.3548,30000,OK,MURRAY_JRC_CONTEXT_ONLY_NEVER_A_SPARTINA_LABEL
CNA10K-R00214-C00055,1,2.0,108461660.6,1.084617,30000,OK,84.7059,36172905.9,0.361729,10.0952,30000,OK,MURRAY_JRC_CONTEXT_ONLY_NEVER_A_SPARTINA_LABEL
CNA10K-R00214-C00056,1,1.0,108461660.6,1.084617,30000,OK,96.0,95364933.8,0.953649,12.0,30000,OK,MURRAY_JRC_CONTEXT_ONLY_NEVER_A_SPARTINA_LABEL
CNA10K-R00214-C00057,1,1.0,108461660.6,1.084617,30000,OK,96.0,108518717.7,1.085187,12.0,30000,OK,MURRAY_JRC_CONTEXT_ONLY_NEVER_A_SPARTINA_LABEL
CNA10K-R00214-C00058,1,2.0,82167924.7,0.821679,30000,OK,98.0,108518717.7,1.085187,12.0,30000,OK,MURRAY_JRC_CONTEXT_ONLY_NEVER_A_SPARTINA_LABEL
CNA10K-R00214-C00059,1,1.0,72307773.7,0.723078,30000,OK,99.0,108518717.7,1.085187,12.0,30000,OK,MURRAY_JRC_CONTEXT_ONLY_NEVER_A_SPARTINA_LABEL
CNA10K-R00214-C00060,1,1.0,101888226.6,1.018882,30000,OK,99.0,108518717.7,1.085187,12.0,30000,OK,MURRAY_JRC_CONTEXT_ONLY_NEVER_A_SPARTINA_LABEL
CNA10K-R00215-C00049,1,3.0,75588775.7,0.755888,30000,OK,96.2727,0.0,0.0,11.4545,30000,OK,MURRAY_JRC_CONTEXT_ONLY_NEVER_A_SPARTINA_LABEL
CNA10K-R00215-C00050,1,1.0,72307773.7,0.723078,30000,OK,89.0,0.0,0.0,10.0,30000,OK,MURRAY_JRC_CONTEXT_ONLY_NEVER_A_SPARTINA_LABEL
CNA10K-R00215-C00051,1,1.0,101888226.6,1.018882,30000,OK,89.0,0.0,0.0,10.0,30000,OK,MURRAY_JRC_CONTEXT_ONLY_NEVER_A_SPARTINA_LABEL
CNA10K-R00215-C00052,1,2.0,108461660.6,1.084617,30000,OK,82.4783,0.0,0.0,9.3077,30000,OK,MURRAY_JRC_CONTEXT_ONLY_NEVER_A_SPARTINA_LABEL
CNA10K-R00215-C00055,1,2.0,108461660.6,1.084617,30000,OK,84.2667,62406461.7,0.624065,10.303,30000,OK,MURRAY_JRC_CONTEXT_ONLY_NEVER_A_SPARTINA_LABEL
CNA10K-R00215-C00056,1,1.0,85454641.7,0.854546,30000,OK,96.0,108393466.5,1.083935,12.0,30000,OK,MURRAY_JRC_CONTEXT_ONLY_NEVER_A_SPARTINA_LABEL
CNA10K-R00215-C00057,1,1.0,72307773.7,0.723078,30000,OK,96.0,108393466.5,1.083935,12.0,30000,OK,MURRAY_JRC_CONTEXT_ONLY_NEVER_A_SPARTINA_LABEL
CNA10K-R00215-C00058,1,2.0,98601509.6,0.986015,30000,OK,98.1818,108393466.5,1.083935,12.0,30000,OK,MURRAY_JRC_CONTEXT_ONLY_NEVER_A_SPARTINA_LABEL
CNA10K-R00215-C00059,1,1.0,108461660.6,1.084617,30000,OK,99.0,82131444.5,0.821314,12.0,30000,OK,MURRAY_JRC_CONTEXT_ONLY_NEVER_A_SPARTINA_LABEL
CNA10K-R00216-C00043,1,2.0,108273063.2,1.082731,30000,OK,99.0,0.0,0.0,12.0,30000,OK,MURRAY_JRC_CONTEXT_ONLY_NEVER_A_SPARTINA_LABEL
CNA10K-R00216-C00044,1,1.0,108273063.2,1.082731,30000,OK,99.0,0.0,0.0,12.0,30000,OK,MURRAY_JRC_CONTEXT_ONLY_NEVER_A_SPARTINA_LABEL
CNA10K-R00216-C00045,1,1.0,108273063.2,1.082731,30000,OK,99.0,0.0,0.0,12.0,30000,OK,MURRAY_JRC_CONTEXT_ONLY_NEVER_A_SPARTINA_LABEL
CNA10K-R00216-C00048,1,1.0,72182042.1,0.72182,30000,OK,99.0,0.0,0.0,12.0,30000,OK,MURRAY_JRC_CONTEXT_ONLY_NEVER_A_SPARTINA_LABEL
CNA10K-R00216-C00049,1,2.0,104992061.2,1.049921,30000,OK,95.6667,0.0,0.0,11.3333,30000,OK,MURRAY_JRC_CONTEXT_ONLY_NEVER_A_SPARTINA_LABEL
CNA10K-R00216-C00050,1,1.0,108273063.2,1.082731,30000,OK,89.0,0.0,0.0,10.0,30000,OK,MURRAY_JRC_CONTEXT_ONLY_NEVER_A_SPARTINA_LABEL
CNA10K-R00216-C00051,1,1.0,108273063.2,1.082731,30000,OK,89.0,0.0,0.0,10.0,30000,OK,MURRAY_JRC_CONTEXT_ONLY_NEVER_A_SPARTINA_LABEL
CNA10K-R00216-C00053,1,1.0,108273063.2,1.082731,30000,OK,64.0,0.0,0.0,8.0,30000,OK,MURRAY_JRC_CONTEXT_ONLY_NEVER_A_SPARTINA_LABEL
CNA10K-R00216-C00054,1,1.0,88587051.7,0.885871,30000,OK,64.0,0.0,0.0,8.0,30000,OK,MURRAY_JRC_CONTEXT_ONLY_NEVER_A_SPARTINA_LABEL
CNA10K-R00216-C00055,1,2.0,72182042.1,0.72182,30000,OK,88.8889,68937807.8,0.689378,10.7097,30000,OK,MURRAY_JRC_CONTEXT_ONLY_NEVER_A_SPARTINA_LABEL
CNA10K-R00216-C00056,1,2.0,95189061.0,0.951891,30000,OK,96.0,108330840.8,1.083308,12.0,30000,OK,MURRAY_JRC_CONTEXT_ONLY_NEVER_A_SPARTINA_LABEL
CNA10K-R00216-C00057,1,2.0,108335929.0,1.083359,30000,OK,96.0,88634324.3,0.886343,12.0,30000,OK,MURRAY_JRC_CONTEXT_ONLY_NEVER_A_SPARTINA_LABEL
CNA10K-R00216-C00058,1,2.0,108335929.0,1.083359,30000,OK,98.3182,72220560.6,0.722206,12.0,30000,OK,MURRAY_JRC_CONTEXT_ONLY_NEVER_A_SPARTINA_LABEL
CNA10K-R00216-C00059,1,2.0,108335929.0,1.083359,30000,OK,99.0,98482582.6,0.984826,12.0,30000,OK,MURRAY_JRC_CONTEXT_ONLY_NEVER_A_SPARTINA_LABEL
CNA10K-R00216-C00060,1,2.0,88638487.3,0.886385,30000,OK,99.0,108330840.8,1.083308,12.0,30000,OK,MURRAY_JRC_CONTEXT_ONLY_NEVER_A_SPARTINA_LABEL
CNA10K-R00217-C00042,1,1.0,108273063.2,1.082731,30000,OK,99.0,36046865.1,0.360469,12.0,30000,OK,MURRAY_JRC_CONTEXT_ONLY_NEVER_A_SPARTINA_LABEL
CNA10K-R00217-C00043,1,2.0,108273063.2,1.082731,30000,OK,99.0,36046865.1,0.360469,12.0,30000,OK,MURRAY_JRC_CONTEXT_ONLY_NEVER_A_SPARTINA_LABEL
CNA10K-R00217-C00044,1,1.0,88587051.7,0.885871,30000,OK,99.0,36046865.1,0.360469,12.0,30000,OK,MURRAY_JRC_CONTEXT_ONLY_NEVER_A_SPARTINA_LABEL
CNA10K-R00217-C00045,1,1.0,72182042.1,0.72182,30000,OK,99.0,36046865.1,0.360469,12.0,30000,OK,MURRAY_JRC_CONTEXT_ONLY_NEVER_A_SPARTINA_LABEL
CNA10K-R00217-C00048,1,1.0,108273063.2,1.082731,30000,OK,99.0,0.0,0.0,12.0,30000,OK,MURRAY_JRC_CONTEXT_ONLY_NEVER_A_SPARTINA_LABEL
CNA10K-R00217-C00049,1,2.0,108273063.2,1.082731,30000,OK,95.3636,0.0,0.0,11.2727,30000,OK,MURRAY_JRC_CONTEXT_ONLY_NEVER_A_SPARTINA_LABEL
CNA10K-R00217-C00050,1,1.0,108273063.2,1.082731,30000,OK,89.0,0.0,0.0,10.0,30000,OK,MURRAY_JRC_CONTEXT_ONLY_NEVER_A_SPARTINA_LABEL
CNA10K-R00217-C00051,1,1.0,108273063.2,1.082731,30000,OK,89.0,0.0,0.0,10.0,30000,OK,MURRAY_JRC_CONTEXT_ONLY_NEVER_A_SPARTINA_LABEL
CNA10K-R00217-C00053,1,1.0,72182042.1,0.72182,30000,OK,64.0,0.0,0.0,8.0,30000,OK,MURRAY_JRC_CONTEXT_ONLY_NEVER_A_SPARTINA_LABEL
CNA10K-R00217-C00054,1,1.0,95149055.5,0.951491,30000,OK,64.0,0.0,0.0,8.0,30000,OK,MURRAY_JRC_CONTEXT_ONLY_NEVER_A_SPARTINA_LABEL
CNA10K-R00217-C00055,1,2.0,108273063.2,1.082731,30000,OK,87.6522,55806796.8,0.558068,10.5185,30000,OK,MURRAY_JRC_CONTEXT_ONLY_NEVER_A_SPARTINA_LABEL
CNA10K-R00217-C00056,1,1.0,108273063.2,1.082731,30000,OK,96.0,72220560.6,0.722206,12.0,30000,OK,MURRAY_JRC_CONTEXT_ONLY_NEVER_A_SPARTINA_LABEL
CNA10K-R00217-C00057,1,2.0,108273063.2,1.082731,30000,OK,96.0,91917077.1,0.919171,12.0,30000,OK,MURRAY_JRC_CONTEXT_ONLY_NEVER_A_SPARTINA_LABEL
CNA10K-R00217-C00058,1,1.0,108273063.2,1.082731,30000,OK,98.4545,108330840.8,1.083308,12.0,30000,OK,MURRAY_JRC_CONTEXT_ONLY_NEVER_A_SPARTINA_LABEL
CNA10K-R00217-C00059,1,1.0,82025047.8,0.82025,30000,OK,99.0,108330840.8,1.083308,12.0,30000,OK,MURRAY_JRC_CONTEXT_ONLY_NEVER_A_SPARTINA_LABEL
CNA10K-R00217-C00060,1,1.0,55777032.5,0.55777,30000,OK,99.0,108330840.8,1.083308,12.0,30000,OK,MURRAY_JRC_CONTEXT_ONLY_NEVER_A_SPARTINA_LABEL
CNA10K-R00218-C00042,1,1.0,36091021.1,0.36091,30000,OK,99.0,108140595.2,1.081406,12.0,30000,OK,MURRAY_JRC_CONTEXT_ONLY_NEVER_A_SPARTINA_LABEL
CNA10K-R00218-C00043,1,3.0,45910879.4,0.459109,30000,OK,99.0,108140595.2,1.081406,12.0,30000,OK,MURRAY_JRC_CONTEXT_ONLY_NEVER_A_SPARTINA_LABEL
CNA10K-R00218-C00044,1,2.0,95085400.1,0.950854,30000,OK,99.0,108140595.2,1.081406,12.0,30000,OK,MURRAY_JRC_CONTEXT_ONLY_NEVER_A_SPARTINA_LABEL
CNA10K-R00218-C00045,1,2.0,108209407.7,1.082094,30000,OK,99.0,98309632.0,0.983096,12.0,30000,OK,MURRAY_JRC_CONTEXT_ONLY_NEVER_A_SPARTINA_LABEL
CNA10K-R00218-C00048,1,2.0,108209407.7,1.082094,30000,OK,98.0,108140595.2,1.081406,12.0,30000,OK,MURRAY_JRC_CONTEXT_ONLY_NEVER_A_SPARTINA_LABEL
CNA10K-R00218-C00049,1,4.0,104934192.7,1.049342,30000,OK,91.3478,65539754.7,0.655398,11.1667,30000,OK,MURRAY_JRC_CONTEXT_ONLY_NEVER_A_SPARTINA_LABEL
CNA10K-R00218-C00050,1,2.0,78732472.2,0.787325,30000,OK,47.0,0.0,0.0,7.0,30000,OK,MURRAY_JRC_CONTEXT_ONLY_NEVER_A_SPARTINA_LABEL
CNA10K-R00218-C00053,1,1.0,108273063.2,1.082731,30000,OK,92.0,0.0,0.0,11.0,30000,OK,MURRAY_JRC_CONTEXT_ONLY_NEVER_A_SPARTINA_LABEL
CNA10K-R00218-C00054,1,1.0,108273063.2,1.082731,30000,OK,92.0,0.0,0.0,11.0,30000,OK,MURRAY_JRC_CONTEXT_ONLY_NEVER_A_SPARTINA_LABEL
CNA10K-R00218-C00055,1,2.0,108273063.2,1.082731,30000,OK,95.7037,68845567.5,0.688456,11.7778,30000,OK,MURRAY_JRC_CONTEXT_ONLY_NEVER_A_SPARTINA_LABEL
CNA10K-R00218-C00056,1,1.0,108273063.2,1.082731,30000,OK,96.6667,108204010.4,1.08204,12.0,30000,OK,MURRAY_JRC_CONTEXT_ONLY_NEVER_A_SPARTINA_LABEL
CNA10K-R00218-C00057,1,2.0,85306049.8,0.85306,30000,OK,96.6667,108204010.4,1.08204,12.0,30000,OK,MURRAY_JRC_CONTEXT_ONLY_NEVER_A_SPARTINA_LABEL
CNA10K-R00218-C00058,1,1.0,72182042.1,0.72182,30000,OK,98.1562,104921257.7,1.049213,12.0,30000,OK,MURRAY_JRC_CONTEXT_ONLY_NEVER_A_SPARTINA_LABEL
CNA10K-R00218-C00059,1,1.0,101711059.3,1.017111,30000,OK,98.3333,108204010.4,1.08204,12.0,30000,OK,MURRAY_JRC_CONTEXT_ONLY_NEVER_A_SPARTINA_LABEL
CNA10K-R00218-C00060,1,1.0,78744045.9,0.78744,30000,OK,98.4583,78711120.8,0.787111,12.0,30000,OK,MURRAY_JRC_CONTEXT_ONLY_NEVER_A_SPARTINA_LABEL
CNA10K-R00219-C00030,1,1.0,72054731.3,0.720547,30000,OK,99.0,108140595.2,1.081406,12.0,30000,OK,MURRAY_JRC_CONTEXT_ONLY_NEVER_A_SPARTINA_LABEL
CNA10K-R00219-C00031,1,1.0,98256451.8,0.982565,30000,OK,99.0,111417582.9,1.114176,12.0,30000,OK,MURRAY_JRC_CONTEXT_ONLY_NEVER_A_SPARTINA_LABEL
CNA10K-R00219-C00032,1,1.0,29476935.5,0.294769,30000,OK,99.0,55708791.5,0.557088,12.0,30000,OK,MURRAY_JRC_CONTEXT_ONLY_NEVER_A_SPARTINA_LABEL
CNA10K-R00219-C00042,0,0.0,0.0,0.0,30000,OK,99.0,111417582.9,1.114176,12.0,30000,OK,MURRAY_JRC_CONTEXT_ONLY_NEVER_A_SPARTINA_LABEL
CNA10K-R00219-C00043,1,1.0,39302580.7,0.393026,30000,OK,99.0,81924693.3,0.819247,12.0,30000,OK,MURRAY_JRC_CONTEXT_ONLY_NEVER_A_SPARTINA_LABEL
CNA10K-R00219-C00044,1,1.0,108082096.9,1.080821,30000,OK,99.0,72093730.1,0.720937,12.0,30000,OK,MURRAY_JRC_CONTEXT_ONLY_NEVER_A_SPARTINA_LABEL
CNA10K-R00219-C00048,1,1.0,72054731.3,0.720547,30000,OK,98.0,108140595.2,1.081406,12.0,30000,OK,MURRAY_JRC_CONTEXT_ONLY_NEVER_A_SPARTINA_LABEL
CNA10K-R00219-C00049,1,2.0,68779516.2,0.687795,30000,OK,90.7143,58985779.2,0.589858,11.0909,30000,OK,MURRAY_JRC_CONTEXT_ONLY_NEVER_A_SPARTINA_LABEL
CNA10K-R00219-C00050,1,1.0,101531666.8,1.015317,30000,OK,47.0,0.0,0.0,7.0,30000,OK,MURRAY_JRC_CONTEXT_ONLY_NEVER_A_SPARTINA_LABEL
CNA10K-R00219-C00053,1,1.0,108082096.9,1.080821,30000,OK,92.0,0.0,0.0,11.0,30000,OK,MURRAY_JRC_CONTEXT_ONLY_NEVER_A_SPARTINA_LABEL
CNA10K-R00219-C00054,1,1.0,108082096.9,1.080821,30000,OK,92.0,0.0,0.0,11.0,30000,OK,MURRAY_JRC_CONTEXT_ONLY_NEVER_A_SPARTINA_LABEL
CNA10K-R00219-C00055,1,1.0,88430806.6,0.884308,30000,OK,95.9394,85201681.1,0.852017,11.7879,30000,OK,MURRAY_JRC_CONTEXT_ONLY_NEVER_A_SPARTINA_LABEL
CNA10K-R00219-C00056,1,1.0,72054731.3,0.720547,30000,OK,97.0,111417582.9,1.114176,12.0,30000,OK,MURRAY_JRC_CONTEXT_ONLY_NEVER_A_SPARTINA_LABEL
CNA10K-R00219-C00057,1,4.0,91740742.8,0.917407,30000,OK,97.0,108140595.2,1.081406,12.0,30000,OK,MURRAY_JRC_CONTEXT_ONLY_NEVER_A_SPARTINA_LABEL
CNA10K-R00219-C00058,1,2.0,108145752.3,1.081458,30000,OK,97.9259,88478668.8,0.884787,12.0,30000,OK,MURRAY_JRC_CONTEXT_ONLY_NEVER_A_SPARTINA_LABEL
CNA10K-R00219-C00059,1,2.0,108145752.3,1.081458,30000,OK,98.0,72093730.1,0.720937,12.0,30000,OK,MURRAY_JRC_CONTEXT_ONLY_NEVER_A_SPARTINA_LABEL
CNA10K-R00219-C00060,1,3.0,91746529.6,0.917465,30000,OK,98.0,91755656.5,0.917557,12.0,30000,OK,MURRAY_JRC_CONTEXT_ONLY_NEVER_A_SPARTINA_LABEL
CNA10K-R00220-C00027,1,1.0,88430806.6,0.884308,30000,OK,98.0,107947989.1,1.07948,12.0,30000,OK,MURRAY_JRC_CONTEXT_ONLY_NEVER_A_SPARTINA_LABEL
CNA10K-R00220-C00028,1,1.0,108082096.9,1.080821,30000,OK,98.0,107947989.1,1.07948,12.0,30000,OK,MURRAY_JRC_CONTEXT_ONLY_NEVER_A_SPARTINA_LABEL
CNA10K-R00220-C00029,1,2.0,111357312.0,1.113573,30000,OK,98.2759,94863384.3,0.948634,12.0,30000,OK,MURRAY_JRC_CONTEXT_ONLY_NEVER_A_SPARTINA_LABEL
CNA10K-R00220-C00030,1,1.0,108082096.9,1.080821,30000,OK,99.0,71965326.1,0.719653,12.0,30000,OK,MURRAY_JRC_CONTEXT_ONLY_NEVER_A_SPARTINA_LABEL
CNA10K-R00220-C00031,1,1.0,108082096.9,1.080821,30000,OK,99.0,71965326.1,0.719653,12.0,30000,OK,MURRAY_JRC_CONTEXT_ONLY_NEVER_A_SPARTINA_LABEL
CNA10K-R00220-C00032,1,1.0,26201720.5,0.262017,30000,OK,99.0,71965326.1,0.719653,12.0,30000,OK,MURRAY_JRC_CONTEXT_ONLY_NEVER_A_SPARTINA_LABEL
CNA10K-R00220-C00048,1,1.0,108082096.9,1.080821,30000,OK,98.3333,108076393.2,1.080764,12.0,30000,OK,MURRAY_JRC_CONTEXT_ONLY_NEVER_A_SPARTINA_LABEL
CNA10K-R00220-C00049,1,2.0,108082096.9,1.080821,30000,OK,88.5625,42589167.4,0.425892,10.8235,30000,OK,MURRAY_JRC_CONTEXT_ONLY_NEVER_A_SPARTINA_LABEL
CNA10K-R00220-C00050,1,1.0,108082096.9,1.080821,30000,OK,47.0,0.0,0.0,7.0,30000,OK,MURRAY_JRC_CONTEXT_ONLY_NEVER_A_SPARTINA_LABEL
CNA10K-R00220-C00051,1,1.0,108082096.9,1.080821,30000,OK,47.0,0.0,0.0,7.0,30000,OK,MURRAY_JRC_CONTEXT_ONLY_NEVER_A_SPARTINA_LABEL
CNA10K-R00220-C00054,1,2.0,72054731.3,0.720547,30000,OK,92.0,0.0,0.0,11.0,30000,OK,MURRAY_JRC_CONTEXT_ONLY_NEVER_A_SPARTINA_LABEL
CNA10K-R00220-C00055,1,1.0,94981236.7,0.949812,30000,OK,96.2424,91755656.5,0.917557,11.8485,30000,OK,MURRAY_JRC_CONTEXT_ONLY_NEVER_A_SPARTINA_LABEL
CNA10K-R00220-C00056,1,1.0,108082096.9,1.080821,30000,OK,97.0,88478668.8,0.884787,12.0,30000,OK,MURRAY_JRC_CONTEXT_ONLY_NEVER_A_SPARTINA_LABEL
CNA10K-R00220-C00057,1,2.0,111357312.0,1.113573,30000,OK,97.0,72093730.1,0.720937,12.0,30000,OK,MURRAY_JRC_CONTEXT_ONLY_NEVER_A_SPARTINA_LABEL
CNA10K-R00220-C00058,1,1.0,108082096.9,1.080821,30000,OK,98.0,95032644.3,0.950326,12.0,30000,OK,MURRAY_JRC_CONTEXT_ONLY_NEVER_A_SPARTINA_LABEL
CNA10K-R00220-C00059,1,1.0,108082096.9,1.080821,30000,OK,98.0,108140595.2,1.081406,12.0,30000,OK,MURRAY_JRC_CONTEXT_ONLY_NEVER_A_SPARTINA_LABEL
CNA10K-R00221-C00027,1,1.0,111158135.5,1.111581,30000,OK,98.0,71965326.1,0.719653,12.0,30000,OK,MURRAY_JRC_CONTEXT_ONLY_NEVER_A_SPARTINA_LABEL
CNA10K-R00221-C00028,1,1.0,107888778.5,1.078888,30000,OK,98.0,71965326.1,0.719653,12.0,30000,OK,MURRAY_JRC_CONTEXT_ONLY_NEVER_A_SPARTINA_LABEL
CNA10K-R00221-C00029,1,2.0,107888778.5,1.078888,30000,OK,98.4615,85049930.8,0.850499,12.0,30000,OK,MURRAY_JRC_CONTEXT_ONLY_NEVER_A_SPARTINA_LABEL
CNA10K-R00221-C00030,1,1.0,107888778.5,1.078888,30000,OK,99.0,107947989.1,1.07948,12.0,30000,OK,MURRAY_JRC_CONTEXT_ONLY_NEVER_A_SPARTINA_LABEL
CNA10K-R00221-C00031,1,1.0,111158135.5,1.111581,30000,OK,99.0,111219140.3,1.112191,12.0,30000,OK,MURRAY_JRC_CONTEXT_ONLY_NEVER_A_SPARTINA_LABEL
CNA10K-R00221-C00032,1,2.0,111158135.5,1.111581,30000,OK,99.0,107947989.1,1.07948,12.0,30000,OK,MURRAY_JRC_CONTEXT_ONLY_NEVER_A_SPARTINA_LABEL
CNA10K-R00221-C00042,1,1.0,71925852.4,0.719259,30000,OK,99.0,107947989.1,1.07948,12.0,30000,OK,MURRAY_JRC_CONTEXT_ONLY_NEVER_A_SPARTINA_LABEL
CNA10K-R00221-C00043,1,3.0,55608358.4,0.556084,30000,OK,99.0,107947989.1,1.07948,12.0,30000,OK,MURRAY_JRC_CONTEXT_ONLY_NEVER_A_SPARTINA_LABEL
CNA10K-R00221-C00044,1,2.0,71990291.8,0.719903,30000,OK,99.0,107947989.1,1.07948,12.0,30000,OK,MURRAY_JRC_CONTEXT_ONLY_NEVER_A_SPARTINA_LABEL
CNA10K-R00221-C00048,1,2.0,108017657.5,1.080177,30000,OK,99.0,71965326.1,0.719653,12.0,30000,OK,MURRAY_JRC_CONTEXT_ONLY_NEVER_A_SPARTINA_LABEL
CNA10K-R00221-C00049,1,4.0,108017657.5,1.080177,30000,OK,91.7619,42524965.4,0.42525,10.6957,30000,OK,MURRAY_JRC_CONTEXT_ONLY_NEVER_A_SPARTINA_LABEL
CNA10K-R00221-C00050,1,2.0,108017657.5,1.080177,30000,OK,80.0,0.0,0.0,9.0,30000,OK,MURRAY_JRC_CONTEXT_ONLY_NEVER_A_SPARTINA_LABEL
CNA10K-R00221-C00051,1,2.0,81862802.1,0.818628,30000,OK,80.0,0.0,0.0,9.0,30000,OK,MURRAY_JRC_CONTEXT_ONLY_NEVER_A_SPARTINA_LABEL
CNA10K-R00221-C00052,1,2.0,72054731.3,0.720547,30000,OK,74.7895,0.0,0.0,8.3913,30000,OK,MURRAY_JRC_CONTEXT_ONLY_NEVER_A_SPARTINA_LABEL
CNA10K-R00221-C00055,1,1.0,108082096.9,1.080821,30000,OK,90.0909,0.0,0.0,10.7273,30000,OK,MURRAY_JRC_CONTEXT_ONLY_NEVER_A_SPARTINA_LABEL
CNA10K-R00221-C00056,1,1.0,111357312.0,1.113573,30000,OK,93.0714,19661926.4,0.196619,11.2143,30000,OK,MURRAY_JRC_CONTEXT_ONLY_NEVER_A_SPARTINA_LABEL
CNA10K-R00221-C00057,1,2.0,108082096.9,1.080821,30000,OK,93.8485,39318016.3,0.39318,11.3636,30000,OK,MURRAY_JRC_CONTEXT_ONLY_NEVER_A_SPARTINA_LABEL
CNA10K-R00221-C00058,1,1.0,85155591.5,0.851556,30000,OK,98.0,108012191.1,1.080122,12.0,30000,OK,MURRAY_JRC_CONTEXT_ONLY_NEVER_A_SPARTINA_LABEL
CNA10K-R00221-C00059,1,1.0,72054731.3,0.720547,30000,OK,98.0,108012191.1,1.080122,12.0,30000,OK,MURRAY_JRC_CONTEXT_ONLY_NEVER_A_SPARTINA_LABEL
CNA10K-R00221-C00060,1,2.0,104806881.9,1.048069,30000,OK,98.0,101458215.7,1.014582,12.0,30000,OK,MURRAY_JRC_CONTEXT_ONLY_NEVER_A_SPARTINA_LABEL
CNA10K-R00222-C00028,1,1.0,111158135.5,1.111581,30000,OK,98.0,107947989.1,1.07948,12.0,30000,OK,MURRAY_JRC_CONTEXT_ONLY_NEVER_A_SPARTINA_LABEL
CNA10K-R00222-C00029,1,2.0,88272637.0,0.882726,30000,OK,98.4118,111219140.3,1.112191,12.0,30000,OK,MURRAY_JRC_CONTEXT_ONLY_NEVER_A_SPARTINA_LABEL
CNA10K-R00222-C00030,1,1.0,71925852.4,0.719259,30000,OK,99.0,107947989.1,1.07948,12.0,30000,OK,MURRAY_JRC_CONTEXT_ONLY_NEVER_A_SPARTINA_LABEL
CNA10K-R00222-C00031,1,1.0,71925852.4,0.719259,30000,OK,99.0,111219140.3,1.112191,12.0,30000,OK,MURRAY_JRC_CONTEXT_ONLY_NEVER_A_SPARTINA_LABEL
CNA10K-R00222-C00032,1,2.0,71925852.4,0.719259,30000,OK,99.0,111219140.3,1.112191,12.0,30000,OK,MURRAY_JRC_CONTEXT_ONLY_NEVER_A_SPARTINA_LABEL
CNA10K-R00222-C00033,1,1.0,107888778.5,1.078888,30000,OK,99.0,111219140.3,1.112191,12.0,30000,OK,MURRAY_JRC_CONTEXT_ONLY_NEVER_A_SPARTINA_LABEL
CNA10K-R00222-C00034,1,1.0,107888778.5,1.078888,30000,OK,99.0,101405686.7,1.014057,12.0,30000,OK,MURRAY_JRC_CONTEXT_ONLY_NEVER_A_SPARTINA_LABEL
CNA10K-R00222-C00041,1,1.0,71925852.4,0.719259,30000,OK,99.0,111219140.3,1.112191,12.0,30000,OK,MURRAY_JRC_CONTEXT_ONLY_NEVER_A_SPARTINA_LABEL
CNA10K-R00222-C00042,1,1.0,71925852.4,0.719259,30000,OK,99.0,111219140.3,1.112191,12.0,30000,OK,MURRAY_JRC_CONTEXT_ONLY_NEVER_A_SPARTINA_LABEL
CNA10K-R00222-C00043,1,2.0,104619421.6,1.046194,30000,OK,99.0,107947989.1,1.07948,12.0,30000,OK,MURRAY_JRC_CONTEXT_ONLY_NEVER_A_SPARTINA_LABEL
CNA10K-R00222-C00044,1,1.0,107888778.5,1.078888,30000,OK,99.0,88321082.0,0.883211,12.0,30000,OK,MURRAY_JRC_CONTEXT_ONLY_NEVER_A_SPARTINA_LABEL
CNA10K-R00222-C00045,1,1.0,111158135.5,1.111581,30000,OK,99.0,71965326.1,0.719653,12.0,30000,OK,MURRAY_JRC_CONTEXT_ONLY_NEVER_A_SPARTINA_LABEL
CNA10K-R00222-C00046,1,2.0,107888778.5,1.078888,30000,OK,99.0,75236477.2,0.752365,12.0,30000,OK,MURRAY_JRC_CONTEXT_ONLY_NEVER_A_SPARTINA_LABEL
CNA10K-R00222-C00047,1,1.0,111158135.5,1.111581,30000,OK,99.0,107947989.1,1.07948,12.0,30000,OK,MURRAY_JRC_CONTEXT_ONLY_NEVER_A_SPARTINA_LABEL
CNA10K-R00222-C00049,1,2.0,75195209.3,0.751952,30000,OK,91.7619,42524965.4,0.42525,10.6957,30000,OK,MURRAY_JRC_CONTEXT_ONLY_NEVER_A_SPARTINA_LABEL
CNA10K-R00222-C00050,1,1.0,71925852.4,0.719259,30000,OK,80.0,0.0,0.0,9.0,30000,OK,MURRAY_JRC_CONTEXT_ONLY_NEVER_A_SPARTINA_LABEL
CNA10K-R00222-C00051,1,1.0,101350064.7,1.013501,30000,OK,80.0,0.0,0.0,9.0,30000,OK,MURRAY_JRC_CONTEXT_ONLY_NEVER_A_SPARTINA_LABEL
CNA10K-R00222-C00052,0,0.0,0.0,0.0,30000,OK,74.5,0.0,0.0,8.3333,30000,OK,MURRAY_JRC_CONTEXT_ONLY_NEVER_A_SPARTINA_LABEL
CNA10K-R00222-C00055,1,1.0,111158135.5,1.111581,30000,OK,90.7273,0.0,0.0,10.8182,30000,OK,MURRAY_JRC_CONTEXT_ONLY_NEVER_A_SPARTINA_LABEL
CNA10K-R00222-C00056,1,1.0,85003280.1,0.850033,30000,OK,92.0,0.0,0.0,11.0,30000,OK,MURRAY_JRC_CONTEXT_ONLY_NEVER_A_SPARTINA_LABEL
CNA10K-R00222-C00057,1,2.0,71925852.4,0.719259,30000,OK,92.5455,9813453.6,0.098135,11.0909,30000,OK,MURRAY_JRC_CONTEXT_ONLY_NEVER_A_SPARTINA_LABEL
CNA10K-R00222-C00058,1,2.0,98127572.8,0.981276,30000,OK,98.0,107947989.1,1.07948,12.0,30000,OK,MURRAY_JRC_CONTEXT_ONLY_NEVER_A_SPARTINA_LABEL
CNA10K-R00222-C00059,1,2.0,107953218.0,1.079532,30000,OK,98.0,81778779.6,0.817788,12.0,30000,OK,MURRAY_JRC_CONTEXT_ONLY_NEVER_A_SPARTINA_LABEL
CNA10K-R00222-C00060,1,4.0,107953218.0,1.079532,30000,OK,98.0,71965326.1,0.719653,12.0,30000,OK,MURRAY_JRC_CONTEXT_ONLY_NEVER_A_SPARTINA_LABEL
CNA10K-R00222-C00061,1,2.0,107953218.0,1.079532,30000,OK,98.0,104676837.9,1.046768,12.0,30000,OK,MURRAY_JRC_CONTEXT_ONLY_NEVER_A_SPARTINA_LABEL
CNA10K-R00222-C00062,1,2.0,101414504.2,1.014145,30000,OK,98.0,111219140.3,1.112191,12.0,30000,OK,MURRAY_JRC_CONTEXT_ONLY_NEVER_A_SPARTINA_LABEL
CNA10K-R00222-C00063,1,4.0,68720934.9,0.687209,30000,OK,98.0,107947989.1,1.07948,12.0,30000,OK,MURRAY_JRC_CONTEXT_ONLY_NEVER_A_SPARTINA_LABEL
CNA10K-R00222-C00064,1,2.0,88366367.1,0.883664,30000,OK,98.0,111219140.3,1.112191,12.0,30000,OK,MURRAY_JRC_CONTEXT_ONLY_NEVER_A_SPARTINA_LABEL
CNA10K-R00222-C00065,1,2.0,108017657.5,1.080177,30000,OK,98.0,88321082.0,0.883211,12.0,30000,OK,MURRAY_JRC_CONTEXT_ONLY_NEVER_A_SPARTINA_LABEL
CNA10K-R00223-C00029,1,2.0,91541993.9,0.91542,30000,OK,91.3636,0.0,0.0,10.4545,30000,OK,MURRAY_JRC_CONTEXT_ONLY_NEVER_A_SPARTINA_LABEL
CNA10K-R00223-C00030,1,1.0,111158135.5,1.111581,30000,OK,93.0,0.0,0.0,11.0,30000,OK,MURRAY_JRC_CONTEXT_ONLY_NEVER_A_SPARTINA_LABEL
CNA10K-R00223-C00031,1,1.0,111158135.5,1.111581,30000,OK,93.0,0.0,0.0,11.0,30000,OK,MURRAY_JRC_CONTEXT_ONLY_NEVER_A_SPARTINA_LABEL
CNA10K-R00223-C00032,1,2.0,111158135.5,1.111581,30000,OK,95.5455,0.0,0.0,11.6364,30000,OK,MURRAY_JRC_CONTEXT_ONLY_NEVER_A_SPARTINA_LABEL
CNA10K-R00223-C00033,1,1.0,111158135.5,1.111581,30000,OK,97.0,0.0,0.0,12.0,30000,OK,MURRAY_JRC_CONTEXT_ONLY_NEVER_A_SPARTINA_LABEL
CNA10K-R00223-C00034,1,2.0,111158135.5,1.111581,30000,OK,97.24,9813453.6,0.098135,12.0,30000,OK,MURRAY_JRC_CONTEXT_ONLY_NEVER_A_SPARTINA_LABEL
CNA10K-R00223-C00035,1,1.0,107888778.5,1.078888,30000,OK,98.0,65316682.8,0.653167,12.0,30000,OK,MURRAY_JRC_CONTEXT_ONLY_NEVER_A_SPARTINA_LABEL
CNA10K-R00223-C00036,1,1.0,111158135.5,1.111581,30000,OK,98.0833,71835353.9,0.718354,12.0,30000,OK,MURRAY_JRC_CONTEXT_ONLY_NEVER_A_SPARTINA_LABEL
CNA10K-R00223-C00037,1,2.0,94811350.8,0.948114,30000,OK,98.0833,71835353.9,0.718354,12.0,30000,OK,MURRAY_JRC_CONTEXT_ONLY_NEVER_A_SPARTINA_LABEL
CNA10K-R00223-C00038,1,1.0,71925852.4,0.719259,30000,OK,98.3125,71835353.9,0.718354,12.0,30000,OK,MURRAY_JRC_CONTEXT_ONLY_NEVER_A_SPARTINA_LABEL
CNA10K-R00223-C00039,1,1.0,71925852.4,0.719259,30000,OK,98.3333,71835353.9,0.718354,12.0,30000,OK,MURRAY_JRC_CONTEXT_ONLY_NEVER_A_SPARTINA_LABEL
CNA10K-R00223-C00040,1,2.0,91541993.9,0.91542,30000,OK,98.0606,75106505.0,0.751065,11.9091,30000,OK,MURRAY_JRC_CONTEXT_ONLY_NEVER_A_SPARTINA_LABEL
CNA10K-R00223-C00041,1,1.0,111158135.5,1.111581,30000,OK,96.375,104552773.5,1.045528,11.3437,30000,OK,MURRAY_JRC_CONTEXT_ONLY_NEVER_A_SPARTINA_LABEL
CNA10K-R00223-C00042,1,1.0,111158135.5,1.111581,30000,OK,97.0,71900340.0,0.719003,11.5,30000,OK,MURRAY_JRC_CONTEXT_ONLY_NEVER_A_SPARTINA_LABEL
CNA10K-R00223-C00043,1,2.0,107888778.5,1.078888,30000,OK,96.9524,58839366.5,0.588394,11.5238,30000,OK,MURRAY_JRC_CONTEXT_ONLY_NEVER_A_SPARTINA_LABEL
CNA10K-R00223-C00044,1,1.0,111158135.5,1.111581,30000,OK,97.0357,55609570.1,0.556096,11.6071,30000,OK,MURRAY_JRC_CONTEXT_ONLY_NEVER_A_SPARTINA_LABEL
CNA10K-R00223-C00045,1,1.0,107888778.5,1.078888,30000,OK,97.3333,71965326.1,0.719653,11.6667,30000,OK,MURRAY_JRC_CONTEXT_ONLY_NEVER_A_SPARTINA_LABEL
CNA10K-R00223-C00046,1,2.0,98080707.8,0.980807,30000,OK,97.75,71965326.1,0.719653,11.6875,30000,OK,MURRAY_JRC_CONTEXT_ONLY_NEVER_A_SPARTINA_LABEL
CNA10K-R00223-C00047,1,1.0,71925852.4,0.719259,30000,OK,98.0,71965326.1,0.719653,11.6667,30000,OK,MURRAY_JRC_CONTEXT_ONLY_NEVER_A_SPARTINA_LABEL
CNA10K-R00223-C00048,1,1.0,71925852.4,0.719259,30000,OK,98.0,71965326.1,0.719653,11.6667,30000,OK,MURRAY_JRC_CONTEXT_ONLY_NEVER_A_SPARTINA_LABEL
CNA10K-R00223-C00049,1,2.0,107888778.5,1.078888,30000,OK,90.9231,26169209.5,0.261692,10.5714,30000,OK,MURRAY_JRC_CONTEXT_ONLY_NEVER_A_SPARTINA_LABEL
CNA10K-R00223-C00050,1,1.0,111158135.5,1.111581,30000,OK,82.4,0.0,0.0,9.3333,30000,OK,MURRAY_JRC_CONTEXT_ONLY_NEVER_A_SPARTINA_LABEL
CNA10K-R00223-C00051,1,1.0,104619421.6,1.046194,30000,OK,80.0,0.0,0.0,9.0,30000,OK,MURRAY_JRC_CONTEXT_ONLY_NEVER_A_SPARTINA_LABEL
CNA10K-R00223-C00052,0,0.0,0.0,0.0,30000,OK,73.4,0.0,0.0,8.2222,30000,OK,MURRAY_JRC_CONTEXT_ONLY_NEVER_A_SPARTINA_LABEL
CNA10K-R00223-C00055,1,1.0,71925852.4,0.719259,30000,OK,92.0,0.0,0.0,11.0,30000,OK,MURRAY_JRC_CONTEXT_ONLY_NEVER_A_SPARTINA_LABEL
CNA10K-R00223-C00056,1,1.0,98080707.8,0.980807,30000,OK,92.0,0.0,0.0,11.0,30000,OK,MURRAY_JRC_CONTEXT_ONLY_NEVER_A_SPARTINA_LABEL
CNA10K-R00223-C00057,1,2.0,107888778.5,1.078888,30000,OK,92.6923,9813453.6,0.098135,11.1154,30000,OK,MURRAY_JRC_CONTEXT_ONLY_NEVER_A_SPARTINA_LABEL
CNA10K-R00223-C00058,1,1.0,111158135.5,1.111581,30000,OK,98.0,71965326.1,0.719653,12.0,30000,OK,MURRAY_JRC_CONTEXT_ONLY_NEVER_A_SPARTINA_LABEL
CNA10K-R00223-C00059,1,1.0,111158135.5,1.111581,30000,OK,98.0,101405686.7,1.014057,12.0,30000,OK,MURRAY_JRC_CONTEXT_ONLY_NEVER_A_SPARTINA_LABEL
CNA10K-R00223-C00060,1,2.0,107888778.5,1.078888,30000,OK,98.0,111219140.3,1.112191,12.0,30000,OK,MURRAY_JRC_CONTEXT_ONLY_NEVER_A_SPARTINA_LABEL
CNA10K-R00223-C00061,1,1.0,71925852.4,0.719259,30000,OK,98.0,111219140.3,1.112191,12.0,30000,OK,MURRAY_JRC_CONTEXT_ONLY_NEVER_A_SPARTINA_LABEL
CNA10K-R00223-C00062,1,1.0,81733923.1,0.817339,30000,OK,98.0,111219140.3,1.112191,12.0,30000,OK,MURRAY_JRC_CONTEXT_ONLY_NEVER_A_SPARTINA_LABEL
CNA10K-R00223-C00063,1,2.0,107888778.5,1.078888,30000,OK,98.0,98134535.5,0.981345,12.0,30000,OK,MURRAY_JRC_CONTEXT_ONLY_NEVER_A_SPARTINA_LABEL
CNA10K-R00223-C00064,1,1.0,107888778.5,1.078888,30000,OK,98.0,71965326.1,0.719653,12.0,30000,OK,MURRAY_JRC_CONTEXT_ONLY_NEVER_A_SPARTINA_LABEL
CNA10K-R00223-C00065,1,1.0,111158135.5,1.111581,30000,OK,98.0,94863384.3,0.948634,12.0,30000,OK,MURRAY_JRC_CONTEXT_ONLY_NEVER_A_SPARTINA_LABEL
CNA10K-R00223-C00066,1,2.0,107888778.5,1.078888,30000,OK,98.6667,107947989.1,1.07948,12.0,30000,OK,MURRAY_JRC_CONTEXT_ONLY_NEVER_A_SPARTINA_LABEL
CNA10K-R00223-C00067,1,1.0,71925852.4,0.719259,30000,OK,99.0,111219140.3,1.112191,12.0,30000,OK,MURRAY_JRC_CONTEXT_ONLY_NEVER_A_SPARTINA_LABEL
CNA10K-R00223-C00068,1,2.0,88272637.0,0.882726,30000,OK,99.0,111219140.3,1.112191,12.0,30000,OK,MURRAY_JRC_CONTEXT_ONLY_NEVER_A_SPARTINA_LABEL
CNA10K-R00224-C00029,1,2.0,110956526.9,1.109565,30000,OK,91.3636,0.0,0.0,10.4545,30000,OK,MURRAY_JRC_CONTEXT_ONLY_NEVER_A_SPARTINA_LABEL
CNA10K-R00224-C00030,1,1.0,110956526.9,1.109565,30000,OK,93.0,0.0,0.0,11.0,30000,OK,MURRAY_JRC_CONTEXT_ONLY_NEVER_A_SPARTINA_LABEL
CNA10K-R00224-C00031,1,1.0,110956526.9,1.109565,30000,OK,93.0,0.0,0.0,11.0,30000,OK,MURRAY_JRC_CONTEXT_ONLY_NEVER_A_SPARTINA_LABEL
CNA10K-R00224-C00032,1,2.0,107693099.7,1.076931,30000,OK,95.5882,0.0,0.0,11.6471,30000,OK,MURRAY_JRC_CONTEXT_ONLY_NEVER_A_SPARTINA_LABEL
CNA10K-R00224-C00033,1,1.0,110956526.9,1.109565,30000,OK,97.0,0.0,0.0,12.0,30000,OK,MURRAY_JRC_CONTEXT_ONLY_NEVER_A_SPARTINA_LABEL
CNA10K-R00224-C00034,1,2.0,91375963.4,0.91376,30000,OK,97.0,0.0,0.0,12.0,30000,OK,MURRAY_JRC_CONTEXT_ONLY_NEVER_A_SPARTINA_LABEL
CNA10K-R00224-C00035,1,1.0,71795399.8,0.717954,30000,OK,97.8235,91426814.0,0.914268,12.0,30000,OK,MURRAY_JRC_CONTEXT_ONLY_NEVER_A_SPARTINA_LABEL
CNA10K-R00224-C00036,1,1.0,71795399.8,0.717954,30000,OK,98.0,111018274.1,1.110183,12.0,30000,OK,MURRAY_JRC_CONTEXT_ONLY_NEVER_A_SPARTINA_LABEL
CNA10K-R00224-C00037,1,4.0,84872827.5,0.848728,30000,OK,98.0,107753030.8,1.07753,12.0,30000,OK,MURRAY_JRC_CONTEXT_ONLY_NEVER_A_SPARTINA_LABEL
CNA10K-R00224-C00038,1,2.0,107758326.0,1.077583,30000,OK,98.0,107753030.8,1.07753,12.0,30000,OK,MURRAY_JRC_CONTEXT_ONLY_NEVER_A_SPARTINA_LABEL
CNA10K-R00224-C00039,1,2.0,107758326.0,1.077583,30000,OK,98.0,78365840.6,0.783658,12.0,30000,OK,MURRAY_JRC_CONTEXT_ONLY_NEVER_A_SPARTINA_LABEL
CNA10K-R00224-C00040,1,4.0,107758326.0,1.077583,30000,OK,97.4545,71835353.9,0.718354,11.8182,30000,OK,MURRAY_JRC_CONTEXT_ONLY_NEVER_A_SPARTINA_LABEL
CNA10K-R00224-C00041,1,2.0,107758326.0,1.077583,30000,OK,95.0,78365840.6,0.783658,11.0,30000,OK,MURRAY_JRC_CONTEXT_ONLY_NEVER_A_SPARTINA_LABEL
CNA10K-R00224-C00042,1,2.0,107758326.0,1.077583,30000,OK,95.0,111018274.1,1.110183,11.0,30000,OK,MURRAY_JRC_CONTEXT_ONLY_NEVER_A_SPARTINA_LABEL
CNA10K-R00224-C00043,1,4.0,104488969.0,1.04489,30000,OK,94.6471,71835353.9,0.718354,11.0,30000,OK,MURRAY_JRC_CONTEXT_ONLY_NEVER_A_SPARTINA_LABEL
CNA10K-R00224-C00044,1,2.0,81650907.9,0.816509,30000,OK,94.0,0.0,0.0,11.0,30000,OK,MURRAY_JRC_CONTEXT_ONLY_NEVER_A_SPARTINA_LABEL
CNA10K-R00224-C00045,1,2.0,71860626.1,0.718606,30000,OK,94.0,0.0,0.0,11.0,30000,OK,MURRAY_JRC_CONTEXT_ONLY_NEVER_A_SPARTINA_LABEL
CNA10K-R00224-C00046,1,4.0,75135912.7,0.751359,30000,OK,95.0588,0.0,0.0,11.0,30000,OK,MURRAY_JRC_CONTEXT_ONLY_NEVER_A_SPARTINA_LABEL
CNA10K-R00224-C00047,1,2.0,107823552.3,1.078236,30000,OK,96.0,0.0,0.0,11.0,30000,OK,MURRAY_JRC_CONTEXT_ONLY_NEVER_A_SPARTINA_LABEL
CNA10K-R00224-C00048,1,2.0,107823552.3,1.078236,30000,OK,96.0,0.0,0.0,11.0,30000,OK,MURRAY_JRC_CONTEXT_ONLY_NEVER_A_SPARTINA_LABEL
CNA10K-R00224-C00049,1,2.0,71925852.4,0.719259,30000,OK,93.0909,0.0,0.0,11.0,30000,OK,MURRAY_JRC_CONTEXT_ONLY_NEVER_A_SPARTINA_LABEL
CNA10K-R00224-C00050,1,1.0,71925852.4,0.719259,30000,OK,92.0,0.0,0.0,11.0,30000,OK,MURRAY_JRC_CONTEXT_ONLY_NEVER_A_SPARTINA_LABEL
CNA10K-R00224-C00051,1,1.0,65387138.5,0.653871,30000,OK,92.0,0.0,0.0,11.0,30000,OK,MURRAY_JRC_CONTEXT_ONLY_NEVER_A_SPARTINA_LABEL
CNA10K-R00224-C00052,0,0.0,0.0,0.0,30000,OK,68.8571,0.0,0.0,7.4,30000,OK,MURRAY_JRC_CONTEXT_ONLY_NEVER_A_SPARTINA_LABEL
CNA10K-R00224-C00055,1,1.0,111158135.5,1.111581,30000,OK,67.0,0.0,0.0,8.0,30000,OK,MURRAY_JRC_CONTEXT_ONLY_NEVER_A_SPARTINA_LABEL
CNA10K-R00224-C00056,1,1.0,107888778.5,1.078888,30000,OK,67.0,0.0,0.0,8.0,30000,OK,MURRAY_JRC_CONTEXT_ONLY_NEVER_A_SPARTINA_LABEL
CNA10K-R00224-C00057,1,2.0,107888778.5,1.078888,30000,OK,82.3889,6542302.4,0.065423,9.65,30000,OK,MURRAY_JRC_CONTEXT_ONLY_NEVER_A_SPARTINA_LABEL
CNA10K-R00224-C00059,1,1.0,78464566.2,0.784646,30000,OK,89.3333,35982663.0,0.359827,10.6667,30000,OK,MURRAY_JRC_CONTEXT_ONLY_NEVER_A_SPARTINA_LABEL
CNA10K-R00224-C00060,1,2.0,71925852.4,0.719259,30000,OK,92.6061,35982663.0,0.359827,11.2121,30000,OK,MURRAY_JRC_CONTEXT_ONLY_NEVER_A_SPARTINA_LABEL
CNA10K-R00224-C00061,1,1.0,111158135.5,1.111581,30000,OK,97.3438,35982663.0,0.359827,12.0,30000,OK,MURRAY_JRC_CONTEXT_ONLY_NEVER_A_SPARTINA_LABEL
CNA10K-R00224-C00062,1,1.0,111158135.5,1.111581,30000,OK,97.5,35982663.0,0.359827,12.0,30000,OK,MURRAY_JRC_CONTEXT_ONLY_NEVER_A_SPARTINA_LABEL
CNA10K-R00224-C00063,1,2.0,111158135.5,1.111581,30000,OK,97.3462,49067267.8,0.490673,12.0,30000,OK,MURRAY_JRC_CONTEXT_ONLY_NEVER_A_SPARTINA_LABEL
CNA10K-R00224-C00064,1,1.0,107888778.5,1.078888,30000,OK,97.3333,71965326.1,0.719653,12.0,30000,OK,MURRAY_JRC_CONTEXT_ONLY_NEVER_A_SPARTINA_LABEL
CNA10K-R00224-C00065,1,1.0,81733923.1,0.817339,30000,OK,97.3333,71965326.1,0.719653,12.0,30000,OK,MURRAY_JRC_CONTEXT_ONLY_NEVER_A_SPARTINA_LABEL
CNA10K-R00224-C00066,1,2.0,75195209.3,0.751952,30000,OK,98.303,71965326.1,0.719653,12.0,30000,OK,MURRAY_JRC_CONTEXT_ONLY_NEVER_A_SPARTINA_LABEL
CNA10K-R00224-C00067,1,1.0,111158135.5,1.111581,30000,OK,98.7097,71965326.1,0.719653,12.0,30000,OK,MURRAY_JRC_CONTEXT_ONLY_NEVER_A_SPARTINA_LABEL
CNA10K-R00224-C00068,1,2.0,107888778.5,1.078888,30000,OK,99.0,71965326.1,0.719653,12.0,30000,OK,MURRAY_JRC_CONTEXT_ONLY_NEVER_A_SPARTINA_LABEL
CNA10K-R00224-C00069,1,1.0,111158135.5,1.111581,30000,OK,99.0,6542302.4,0.065423,12.0,30000,OK,MURRAY_JRC_CONTEXT_ONLY_NEVER_A_SPARTINA_LABEL
CNA10K-R00224-C00070,1,1.0,107888778.5,1.078888,30000,OK,99.0,0.0,0.0,12.0,30000,OK,MURRAY_JRC_CONTEXT_ONLY_NEVER_A_SPARTINA_LABEL
CNA10K-R00224-C00071,1,2.0,71925852.4,0.719259,30000,OK,98.7143,0.0,0.0,12.0,30000,OK,MURRAY_JRC_CONTEXT_ONLY_NEVER_A_SPARTINA_LABEL
CNA10K-R00224-C00073,1,1.0,111158135.5,1.111581,30000,OK,98.0,0.0,0.0,12.0,30000,OK,MURRAY_JRC_CONTEXT_ONLY_NEVER_A_SPARTINA_LABEL
CNA10K-R00224-C00074,1,2.0,107888778.5,1.078888,30000,OK,98.0,0.0,0.0,12.0,30000,OK,MURRAY_JRC_CONTEXT_ONLY_NEVER_A_SPARTINA_LABEL
CNA10K-R00224-C00076,1,1.0,78464566.2,0.784646,30000,OK,,0.0,0.0,,30000,OK,MURRAY_JRC_CONTEXT_ONLY_NEVER_A_SPARTINA_LABEL
CNA10K-R00224-C00077,1,2.0,85003280.1,0.850033,30000,OK,,0.0,0.0,,30000,OK,MURRAY_JRC_CONTEXT_ONLY_NEVER_A_SPARTINA_LABEL
CNA10K-R00225-C00032,1,2.0,75058827.0,0.750588,30000,OK,95.7059,0.0,0.0,11.6765,30000,OK,MURRAY_JRC_CONTEXT_ONLY_NEVER_A_SPARTINA_LABEL
CNA10K-R00225-C00033,1,1.0,71795399.8,0.717954,30000,OK,97.0,0.0,0.0,12.0,30000,OK,MURRAY_JRC_CONTEXT_ONLY_NEVER_A_SPARTINA_LABEL
CNA10K-R00225-C00034,1,2.0,91375963.4,0.91376,30000,OK,97.0,0.0,0.0,12.0,30000,OK,MURRAY_JRC_CONTEXT_ONLY_NEVER_A_SPARTINA_LABEL
CNA10K-R00225-C00035,1,1.0,110956526.9,1.109565,30000,OK,97.8788,94692057.3,0.946921,12.0,30000,OK,MURRAY_JRC_CONTEXT_ONLY_NEVER_A_SPARTINA_LABEL
CNA10K-R00225-C00036,1,1.0,110956526.9,1.109565,30000,OK,98.0,78365840.6,0.783658,12.0,30000,OK,MURRAY_JRC_CONTEXT_ONLY_NEVER_A_SPARTINA_LABEL
CNA10K-R00225-C00037,1,2.0,107693099.7,1.076931,30000,OK,98.0,75100597.2,0.751006,12.0,30000,OK,MURRAY_JRC_CONTEXT_ONLY_NEVER_A_SPARTINA_LABEL
CNA10K-R00225-C00038,1,1.0,110956526.9,1.109565,30000,OK,98.0,71835353.9,0.718354,12.0,30000,OK,MURRAY_JRC_CONTEXT_ONLY_NEVER_A_SPARTINA_LABEL
CNA10K-R00225-C00039,1,1.0,110956526.9,1.109565,30000,OK,98.0,104487787.4,1.044878,12.0,30000,OK,MURRAY_JRC_CONTEXT_ONLY_NEVER_A_SPARTINA_LABEL
CNA10K-R00225-C00040,1,2.0,107693099.7,1.076931,30000,OK,97.3636,107753030.8,1.07753,11.7879,30000,OK,MURRAY_JRC_CONTEXT_ONLY_NEVER_A_SPARTINA_LABEL
CNA10K-R00225-C00041,1,1.0,97902817.9,0.979028,30000,OK,95.0,111018274.1,1.110183,11.0,30000,OK,MURRAY_JRC_CONTEXT_ONLY_NEVER_A_SPARTINA_LABEL
CNA10K-R00225-C00042,1,1.0,71795399.8,0.717954,30000,OK,95.0,111018274.1,1.110183,11.0,30000,OK,MURRAY_JRC_CONTEXT_ONLY_NEVER_A_SPARTINA_LABEL
CNA10K-R00225-C00043,1,2.0,71795399.8,0.717954,30000,OK,94.6061,65304867.1,0.653049,11.0,30000,OK,MURRAY_JRC_CONTEXT_ONLY_NEVER_A_SPARTINA_LABEL
CNA10K-R00225-C00044,1,1.0,101166245.1,1.011662,30000,OK,94.0,0.0,0.0,11.0,30000,OK,MURRAY_JRC_CONTEXT_ONLY_NEVER_A_SPARTINA_LABEL
CNA10K-R00225-C00045,1,1.0,110956526.9,1.109565,30000,OK,94.0,0.0,0.0,11.0,30000,OK,MURRAY_JRC_CONTEXT_ONLY_NEVER_A_SPARTINA_LABEL
CNA10K-R00225-C00046,1,2.0,107693099.7,1.076931,30000,OK,95.1818,0.0,0.0,11.0,30000,OK,MURRAY_JRC_CONTEXT_ONLY_NEVER_A_SPARTINA_LABEL
CNA10K-R00225-C00047,1,1.0,110956526.9,1.109565,30000,OK,96.0,0.0,0.0,11.0,30000,OK,MURRAY_JRC_CONTEXT_ONLY_NEVER_A_SPARTINA_LABEL
CNA10K-R00225-C00048,1,1.0,110956526.9,1.109565,30000,OK,96.0,0.0,0.0,11.0,30000,OK,MURRAY_JRC_CONTEXT_ONLY_NEVER_A_SPARTINA_LABEL
CNA10K-R00225-C00049,0,0.0,0.0,0.0,30000,OK,92.9697,0.0,0.0,11.0,30000,OK,MURRAY_JRC_CONTEXT_ONLY_NEVER_A_SPARTINA_LABEL
CNA10K-R00225-C00050,0,0.0,0.0,0.0,30000,OK,92.0,0.0,0.0,11.0,30000,OK,MURRAY_JRC_CONTEXT_ONLY_NEVER_A_SPARTINA_LABEL
CNA10K-R00225-C00051,0,0.0,0.0,0.0,30000,OK,92.0,0.0,0.0,11.0,30000,OK,MURRAY_JRC_CONTEXT_ONLY_NEVER_A_SPARTINA_LABEL
CNA10K-R00225-C00061,1,1.0,35962926.2,0.359629,30000,OK,97.0,0.0,0.0,12.0,30000,OK,MURRAY_JRC_CONTEXT_ONLY_NEVER_A_SPARTINA_LABEL
CNA10K-R00225-C00062,1,1.0,35962926.2,0.359629,30000,OK,97.0,0.0,0.0,12.0,30000,OK,MURRAY_JRC_CONTEXT_ONLY_NEVER_A_SPARTINA_LABEL
CNA10K-R00225-C00063,1,2.0,35962926.2,0.359629,30000,OK,96.3824,0.0,0.0,12.0,30000,OK,MURRAY_JRC_CONTEXT_ONLY_NEVER_A_SPARTINA_LABEL
CNA10K-R00225-C00064,1,1.0,35962926.2,0.359629,30000,OK,96.0,0.0,0.0,12.0,30000,OK,MURRAY_JRC_CONTEXT_ONLY_NEVER_A_SPARTINA_LABEL
CNA10K-R00225-C00065,1,1.0,62117781.6,0.621178,30000,OK,96.0,0.0,0.0,12.0,30000,OK,MURRAY_JRC_CONTEXT_ONLY_NEVER_A_SPARTINA_LABEL
CNA10K-R00225-C00066,1,2.0,107823552.3,1.078236,30000,OK,97.4783,0.0,0.0,12.0,30000,OK,MURRAY_JRC_CONTEXT_ONLY_NEVER_A_SPARTINA_LABEL
CNA10K-R00225-C00067,1,2.0,107823552.3,1.078236,30000,OK,98.0,0.0,0.0,12.0,30000,OK,MURRAY_JRC_CONTEXT_ONLY_NEVER_A_SPARTINA_LABEL
CNA10K-R00225-C00068,1,4.0,107823552.3,1.078236,30000,OK,98.0,0.0,0.0,12.0,30000,OK,MURRAY_JRC_CONTEXT_ONLY_NEVER_A_SPARTINA_LABEL
CNA10K-R00225-C00069,1,2.0,81716134.1,0.817161,30000,OK,98.0,104487787.4,1.044878,12.0,30000,OK,MURRAY_JRC_CONTEXT_ONLY_NEVER_A_SPARTINA_LABEL
CNA10K-R00225-C00070,1,1.0,75195209.3,0.751952,30000,OK,98.0,111018274.1,1.110183,12.0,30000,OK,MURRAY_JRC_CONTEXT_ONLY_NEVER_A_SPARTINA_LABEL
CNA10K-R00225-C00071,1,2.0,111158135.5,1.111581,30000,OK,98.0667,97957300.7,0.979573,12.0,30000,OK,MURRAY_JRC_CONTEXT_ONLY_NEVER_A_SPARTINA_LABEL
CNA10K-R00225-C00072,1,1.0,111158135.5,1.111581,30000,OK,99.0,71835353.9,0.718354,12.0,30000,OK,MURRAY_JRC_CONTEXT_ONLY_NEVER_A_SPARTINA_LABEL
CNA10K-R00225-C00073,1,1.0,111158135.5,1.111581,30000,OK,98.9167,71835353.9,0.718354,12.0,30000,OK,MURRAY_JRC_CONTEXT_ONLY_NEVER_A_SPARTINA_LABEL
CNA10K-R00225-C00074,1,2.0,94811350.8,0.948114,30000,OK,98.9167,71835353.9,0.718354,12.0,30000,OK,MURRAY_JRC_CONTEXT_ONLY_NEVER_A_SPARTINA_LABEL
CNA10K-R00225-C00075,1,1.0,71925852.4,0.719259,30000,OK,99.0,71835353.9,0.718354,12.0,30000,OK,MURRAY_JRC_CONTEXT_ONLY_NEVER_A_SPARTINA_LABEL
CNA10K-R00225-C00076,1,1.0,104619421.6,1.046194,30000,OK,99.0,68570110.5,0.685701,12.0,30000,OK,MURRAY_JRC_CONTEXT_ONLY_NEVER_A_SPARTINA_LABEL
CNA10K-R00225-C00077,1,2.0,107888778.5,1.078888,30000,OK,98.5455,35917676.9,0.359177,12.0,30000,OK,MURRAY_JRC_CONTEXT_ONLY_NEVER_A_SPARTINA_LABEL
CNA10K-R00225-C00078,1,1.0,111158135.5,1.111581,30000,OK,98.0,35917676.9,0.359177,12.0,30000,OK,MURRAY_JRC_CONTEXT_ONLY_NEVER_A_SPARTINA_LABEL
CNA10K-R00225-C00079,1,1.0,94811350.8,0.948114,30000,OK,98.0,35917676.9,0.359177,12.0,30000,OK,MURRAY_JRC_CONTEXT_ONLY_NEVER_A_SPARTINA_LABEL
CNA10K-R00225-C00081,1,1.0,107888778.5,1.078888,30000,OK,98.0,26121946.9,0.261219,12.0,30000,OK,MURRAY_JRC_CONTEXT_ONLY_NEVER_A_SPARTINA_LABEL
CNA10K-R00226-C00033,1,1.0,110956526.9,1.109565,30000,OK,73.0,0.0,0.0,8.0,30000,OK,MURRAY_JRC_CONTEXT_ONLY_NEVER_A_SPARTINA_LABEL
CNA10K-R00226-C00034,1,2.0,107693099.7,1.076931,30000,OK,73.0,0.0,0.0,8.0,30000,OK,MURRAY_JRC_CONTEXT_ONLY_NEVER_A_SPARTINA_LABEL
CNA10K-R00226-C00035,1,1.0,110956526.9,1.109565,30000,OK,86.6364,0.0,0.0,10.7273,30000,OK,MURRAY_JRC_CONTEXT_ONLY_NEVER_A_SPARTINA_LABEL
CNA10K-R00226-C00036,1,1.0,110956526.9,1.109565,30000,OK,90.9032,29387190.2,0.293872,11.2903,30000,OK,MURRAY_JRC_CONTEXT_ONLY_NEVER_A_SPARTINA_LABEL
CNA10K-R00226-C00037,1,2.0,107693099.7,1.076931,30000,OK,90.7879,32652433.6,0.326524,11.1818,30000,OK,MURRAY_JRC_CONTEXT_ONLY_NEVER_A_SPARTINA_LABEL
CNA10K-R00226-C00038,1,1.0,104429672.4,1.044297,30000,OK,88.6667,35917676.9,0.359177,10.0,30000,OK,MURRAY_JRC_CONTEXT_ONLY_NEVER_A_SPARTINA_LABEL
CNA10K-R00226-C00039,1,1.0,71795399.8,0.717954,30000,OK,88.6667,35917676.9,0.359177,10.0,30000,OK,MURRAY_JRC_CONTEXT_ONLY_NEVER_A_SPARTINA_LABEL
CNA10K-R00226-C00040,1,2.0,71795399.8,0.717954,30000,OK,85.75,32652433.6,0.326524,9.6875,30000,OK,MURRAY_JRC_CONTEXT_ONLY_NEVER_A_SPARTINA_LABEL
CNA10K-R00226-C00041,1,1.0,84849108.8,0.848491,30000,OK,82.0,35917676.9,0.359177,9.1,30000,OK,MURRAY_JRC_CONTEXT_ONLY_NEVER_A_SPARTINA_LABEL
CNA10K-R00226-C00042,1,1.0,110956526.9,1.109565,30000,OK,82.0,35917676.9,0.359177,9.1,30000,OK,MURRAY_JRC_CONTEXT_ONLY_NEVER_A_SPARTINA_LABEL
CNA10K-R00226-C00043,1,2.0,107693099.7,1.076931,30000,OK,79.3636,19591460.1,0.195915,9.5,30000,OK,MURRAY_JRC_CONTEXT_ONLY_NEVER_A_SPARTINA_LABEL
CNA10K-R00226-C00045,1,1.0,110956526.9,1.109565,30000,OK,83.6364,0.0,0.0,10.087,30000,OK,MURRAY_JRC_CONTEXT_ONLY_NEVER_A_SPARTINA_LABEL
CNA10K-R00226-C00046,1,2.0,110956526.9,1.109565,30000,OK,86.7879,0.0,0.0,10.2121,30000,OK,MURRAY_JRC_CONTEXT_ONLY_NEVER_A_SPARTINA_LABEL
CNA10K-R00226-C00047,1,1.0,101166245.1,1.011662,30000,OK,90.0,0.0,0.0,10.3333,30000,OK,MURRAY_JRC_CONTEXT_ONLY_NEVER_A_SPARTINA_LABEL
CNA10K-R00226-C00048,1,1.0,71795399.8,0.717954,30000,OK,90.0,0.0,0.0,10.3333,30000,OK,MURRAY_JRC_CONTEXT_ONLY_NEVER_A_SPARTINA_LABEL
CNA10K-R00226-C00049,0,0.0,0.0,0.0,30000,OK,85.8966,0.0,0.0,10.0667,30000,OK,MURRAY_JRC_CONTEXT_ONLY_NEVER_A_SPARTINA_LABEL
CNA10K-R00226-C00062,0,0.0,0.0,0.0,30000,OK,97.0,0.0,0.0,12.0,30000,OK,MURRAY_JRC_CONTEXT_ONLY_NEVER_A_SPARTINA_LABEL
CNA10K-R00226-C00063,0,0.0,0.0,0.0,30000,OK,96.3235,0.0,0.0,12.0,30000,OK,MURRAY_JRC_CONTEXT_ONLY_NEVER_A_SPARTINA_LABEL
CNA10K-R00226-C00064,0,0.0,0.0,0.0,30000,OK,96.0,0.0,0.0,12.0,30000,OK,MURRAY_JRC_CONTEXT_ONLY_NEVER_A_SPARTINA_LABEL
CNA10K-R00226-C00065,1,1.0,9790281.8,0.097903,30000,OK,96.0,0.0,0.0,12.0,30000,OK,MURRAY_JRC_CONTEXT_ONLY_NEVER_A_SPARTINA_LABEL
CNA10K-R00226-C00066,1,1.0,110956526.9,1.109565,30000,OK,97.75,0.0,0.0,12.0,30000,OK,MURRAY_JRC_CONTEXT_ONLY_NEVER_A_SPARTINA_LABEL
CNA10K-R00226-C00067,1,1.0,97902817.9,0.979028,30000,OK,98.0,0.0,0.0,12.0,30000,OK,MURRAY_JRC_CONTEXT_ONLY_NEVER_A_SPARTINA_LABEL
CNA10K-R00226-C00068,1,2.0,71795399.8,0.717954,30000,OK,98.0,3265243.4,0.032652,12.0,30000,OK,MURRAY_JRC_CONTEXT_ONLY_NEVER_A_SPARTINA_LABEL
CNA10K-R00226-C00069,1,1.0,97902817.9,0.979028,30000,OK,98.0,111018274.1,1.110183,12.0,30000,OK,MURRAY_JRC_CONTEXT_ONLY_NEVER_A_SPARTINA_LABEL
CNA10K-R00226-C00070,1,1.0,110956526.9,1.109565,30000,OK,98.0,75100597.2,0.751006,12.0,30000,OK,MURRAY_JRC_CONTEXT_ONLY_NEVER_A_SPARTINA_LABEL
CNA10K-R00226-C00071,1,2.0,107693099.7,1.076931,30000,OK,98.2308,84896327.3,0.848963,12.0,30000,OK,MURRAY_JRC_CONTEXT_ONLY_NEVER_A_SPARTINA_LABEL
CNA10K-R00226-C00072,1,1.0,110956526.9,1.109565,30000,OK,99.0,111018274.1,1.110183,12.0,30000,OK,MURRAY_JRC_CONTEXT_ONLY_NEVER_A_SPARTINA_LABEL
CNA10K-R00226-C00073,1,1.0,75058827.0,0.750588,30000,OK,99.0,111018274.1,1.110183,12.0,30000,OK,MURRAY_JRC_CONTEXT_ONLY_NEVER_A_SPARTINA_LABEL
CNA10K-R00226-C00074,1,3.0,84872827.5,0.848728,30000,OK,99.0,107753030.8,1.07753,12.0,30000,OK,MURRAY_JRC_CONTEXT_ONLY_NEVER_A_SPARTINA_LABEL
CNA10K-R00226-C00075,1,2.0,107758326.0,1.077583,30000,OK,99.0,88161570.6,0.881616,12.0,30000,OK,MURRAY_JRC_CONTEXT_ONLY_NEVER_A_SPARTINA_LABEL
CNA10K-R00226-C00076,1,2.0,107758326.0,1.077583,30000,OK,99.0,78365840.6,0.783658,12.0,30000,OK,MURRAY_JRC_CONTEXT_ONLY_NEVER_A_SPARTINA_LABEL
CNA10K-R00226-C00077,1,4.0,107758326.0,1.077583,30000,OK,98.4706,111018274.1,1.110183,12.0,30000,OK,MURRAY_JRC_CONTEXT_ONLY_NEVER_A_SPARTINA_LABEL
CNA10K-R00226-C00078,1,2.0,78387480.6,0.783875,30000,OK,98.0,111018274.1,1.110183,12.0,30000,OK,MURRAY_JRC_CONTEXT_ONLY_NEVER_A_SPARTINA_LABEL
CNA10K-R00226-C00079,1,2.0,88207410.7,0.882074,30000,OK,98.0,111018274.1,1.110183,12.0,30000,OK,MURRAY_JRC_CONTEXT_ONLY_NEVER_A_SPARTINA_LABEL
CNA10K-R00226-C00080,1,3.0,111092909.2,1.110929,30000,OK,98.0,81631083.9,0.816311,12.0,30000,OK,MURRAY_JRC_CONTEXT_ONLY_NEVER_A_SPARTINA_LABEL
CNA10K-R00226-C00081,1,2.0,107823552.3,1.078236,30000,OK,98.0,84896327.3,0.848963,12.0,30000,OK,MURRAY_JRC_CONTEXT_ONLY_NEVER_A_SPARTINA_LABEL
CNA10K-R00226-C00082,1,3.0,101296697.7,1.012967,30000,OK,98.0,111018274.1,1.110183,12.0,30000,OK,MURRAY_JRC_CONTEXT_ONLY_NEVER_A_SPARTINA_LABEL
CNA10K-R00226-C00083,1,1.0,71925852.4,0.719259,30000,OK,98.0,13060973.4,0.13061,12.0,30000,OK,MURRAY_JRC_CONTEXT_ONLY_NEVER_A_SPARTINA_LABEL
CNA10K-R00227-C00035,1,1.0,104237634.3,1.042376,30000,OK,87.0909,0.0,0.0,10.8182,30000,OK,MURRAY_JRC_CONTEXT_ONLY_NEVER_A_SPARTINA_LABEL
CNA10K-R00227-C00036,1,1.0,71663373.6,0.716634,30000,OK,88.0,0.0,0.0,11.0,30000,OK,MURRAY_JRC_CONTEXT_ONLY_NEVER_A_SPARTINA_LABEL
CNA10K-R00227-C00037,1,1.0,48861391.1,0.488614,30000,OK,87.5294,0.0,0.0,10.7647,30000,OK,MURRAY_JRC_CONTEXT_ONLY_NEVER_A_SPARTINA_LABEL
CNA10K-R00227-C00038,1,1.0,3263427.3,0.032634,30000,OK,84.0,0.0,0.0,9.0,30000,OK,MURRAY_JRC_CONTEXT_ONLY_NEVER_A_SPARTINA_LABEL
CNA10K-R00227-C00039,1,1.0,35897699.9,0.358977,30000,OK,84.0,0.0,0.0,9.0,30000,OK,MURRAY_JRC_CONTEXT_ONLY_NEVER_A_SPARTINA_LABEL
CNA10K-R00227-C00040,1,2.0,35897699.9,0.358977,30000,OK,80.88,0.0,0.0,8.76,30000,OK,MURRAY_JRC_CONTEXT_ONLY_NEVER_A_SPARTINA_LABEL
CNA10K-R00227-C00041,1,1.0,35897699.9,0.358977,30000,OK,71.0,0.0,0.0,8.0,30000,OK,MURRAY_JRC_CONTEXT_ONLY_NEVER_A_SPARTINA_LABEL
CNA10K-R00227-C00046,1,2.0,35897699.9,0.358977,30000,OK,73.1111,0.0,0.0,8.7586,30000,OK,MURRAY_JRC_CONTEXT_ONLY_NEVER_A_SPARTINA_LABEL
CNA10K-R00227-C00047,1,1.0,45687981.7,0.45688,30000,OK,78.0,0.0,0.0,9.0,30000,OK,MURRAY_JRC_CONTEXT_ONLY_NEVER_A_SPARTINA_LABEL
CNA10K-R00227-C00048,1,1.0,68531972.5,0.68532,30000,OK,78.0,0.0,0.0,9.0,30000,OK,MURRAY_JRC_CONTEXT_ONLY_NEVER_A_SPARTINA_LABEL
CNA10K-R00227-C00049,0,0.0,0.0,0.0,30000,OK,66.125,0.0,0.0,7.6667,30000,OK,MURRAY_JRC_CONTEXT_ONLY_NEVER_A_SPARTINA_LABEL
CNA10K-R00227-C00067,1,1.0,84849108.8,0.848491,30000,OK,92.1538,0.0,0.0,11.1429,30000,OK,MURRAY_JRC_CONTEXT_ONLY_NEVER_A_SPARTINA_LABEL
CNA10K-R00227-C00068,1,2.0,110956526.9,1.109565,30000,OK,92.1538,6530486.7,0.065305,11.2593,30000,OK,MURRAY_JRC_CONTEXT_ONLY_NEVER_A_SPARTINA_LABEL
CNA10K-R00227-C00069,1,1.0,110956526.9,1.109565,30000,OK,98.0,71835353.9,0.718354,12.0,30000,OK,MURRAY_JRC_CONTEXT_ONLY_NEVER_A_SPARTINA_LABEL
CNA10K-R00227-C00070,1,1.0,110956526.9,1.109565,30000,OK,98.0,107753030.8,1.07753,12.0,30000,OK,MURRAY_JRC_CONTEXT_ONLY_NEVER_A_SPARTINA_LABEL
CNA10K-R00227-C00071,1,2.0,94639390.6,0.946394,30000,OK,98.2647,111018274.1,1.110183,12.0,30000,OK,MURRAY_JRC_CONTEXT_ONLY_NEVER_A_SPARTINA_LABEL
CNA10K-R00227-C00072,1,1.0,71795399.8,0.717954,30000,OK,99.0,111018274.1,1.110183,12.0,30000,OK,MURRAY_JRC_CONTEXT_ONLY_NEVER_A_SPARTINA_LABEL
CNA10K-R00227-C00073,1,1.0,107693099.7,1.076931,30000,OK,99.0,104487787.4,1.044878,12.0,30000,OK,MURRAY_JRC_CONTEXT_ONLY_NEVER_A_SPARTINA_LABEL
CNA10K-R00227-C00074,1,2.0,110956526.9,1.109565,30000,OK,99.0,71835353.9,0.718354,12.0,30000,OK,MURRAY_JRC_CONTEXT_ONLY_NEVER_A_SPARTINA_LABEL
CNA10K-R00227-C00075,1,1.0,110956526.9,1.109565,30000,OK,99.0,97957300.7,0.979573,12.0,30000,OK,MURRAY_JRC_CONTEXT_ONLY_NEVER_A_SPARTINA_LABEL
CNA10K-R00227-C00076,1,1.0,97902817.9,0.979028,30000,OK,99.0,111018274.1,1.110183,12.0,30000,OK,MURRAY_JRC_CONTEXT_ONLY_NEVER_A_SPARTINA_LABEL
CNA10K-R00227-C00077,1,2.0,71795399.8,0.717954,30000,OK,98.3824,111018274.1,1.110183,12.0,30000,OK,MURRAY_JRC_CONTEXT_ONLY_NEVER_A_SPARTINA_LABEL
CNA10K-R00227-C00078,1,1.0,104429672.4,1.044297,30000,OK,98.0,104487787.4,1.044878,12.0,30000,OK,MURRAY_JRC_CONTEXT_ONLY_NEVER_A_SPARTINA_LABEL
CNA10K-R00227-C00079,1,1.0,107693099.7,1.076931,30000,OK,98.0,71835353.9,0.718354,12.0,30000,OK,MURRAY_JRC_CONTEXT_ONLY_NEVER_A_SPARTINA_LABEL
CNA10K-R00227-C00080,1,1.0,110956526.9,1.109565,30000,OK,98.0,101222544.1,1.012225,12.0,30000,OK,MURRAY_JRC_CONTEXT_ONLY_NEVER_A_SPARTINA_LABEL
CNA10K-R00227-C00081,1,1.0,94639390.6,0.946394,30000,OK,98.0,111018274.1,1.110183,12.0,30000,OK,MURRAY_JRC_CONTEXT_ONLY_NEVER_A_SPARTINA_LABEL
CNA10K-R00227-C00082,1,2.0,75058827.0,0.750588,30000,OK,98.0,111018274.1,1.110183,12.0,30000,OK,MURRAY_JRC_CONTEXT_ONLY_NEVER_A_SPARTINA_LABEL
CNA10K-R00227-C00083,1,1.0,110956526.9,1.109565,30000,OK,98.0,3265243.4,0.032652,12.0,30000,OK,MURRAY_JRC_CONTEXT_ONLY_NEVER_A_SPARTINA_LABEL
CNA10K-R00228-C00035,1,1.0,78178225.7,0.781782,30000,OK,87.5588,0.0,0.0,10.9118,30000,OK,MURRAY_JRC_CONTEXT_ONLY_NEVER_A_SPARTINA_LABEL
CNA10K-R00228-C00036,1,1.0,110752486.4,1.107525,30000,OK,88.0,0.0,0.0,11.0,30000,OK,MURRAY_JRC_CONTEXT_ONLY_NEVER_A_SPARTINA_LABEL
CNA10K-R00228-C00037,1,1.0,68405947.5,0.684059,30000,OK,87.5556,0.0,0.0,10.7778,30000,OK,MURRAY_JRC_CONTEXT_ONLY_NEVER_A_SPARTINA_LABEL
CNA10K-R00228-C00038,0,0.0,0.0,0.0,30000,OK,84.0,0.0,0.0,9.0,30000,OK,MURRAY_JRC_CONTEXT_ONLY_NEVER_A_SPARTINA_LABEL
CNA10K-R00228-C00068,1,2.0,71795399.8,0.717954,30000,OK,75.5556,0.0,0.0,8.9091,30000,OK,MURRAY_JRC_CONTEXT_ONLY_NEVER_A_SPARTINA_LABEL
CNA10K-R00228-C00069,1,1.0,71795399.8,0.717954,30000,OK,88.0,0.0,0.0,10.0,30000,OK,MURRAY_JRC_CONTEXT_ONLY_NEVER_A_SPARTINA_LABEL
CNA10K-R00228-C00070,1,1.0,71795399.8,0.717954,30000,OK,88.0,0.0,0.0,10.0,30000,OK,MURRAY_JRC_CONTEXT_ONLY_NEVER_A_SPARTINA_LABEL
CNA10K-R00228-C00071,1,2.0,88112536.1,0.881125,30000,OK,91.0,0.0,0.0,10.6667,30000,OK,MURRAY_JRC_CONTEXT_ONLY_NEVER_A_SPARTINA_LABEL
CNA10K-R00228-C00072,1,1.0,110956526.9,1.109565,30000,OK,97.0,0.0,0.0,12.0,30000,OK,MURRAY_JRC_CONTEXT_ONLY_NEVER_A_SPARTINA_LABEL
CNA10K-R00228-C00073,1,1.0,110956526.9,1.109565,30000,OK,97.087,3265243.4,0.032652,12.0,30000,OK,MURRAY_JRC_CONTEXT_ONLY_NEVER_A_SPARTINA_LABEL
CNA10K-R00228-C00074,1,2.0,107693099.7,1.076931,30000,OK,97.3333,35917676.9,0.359177,11.6667,30000,OK,MURRAY_JRC_CONTEXT_ONLY_NEVER_A_SPARTINA_LABEL
CNA10K-R00228-C00075,1,1.0,81585681.6,0.815857,30000,OK,97.0,35917676.9,0.359177,11.3333,30000,OK,MURRAY_JRC_CONTEXT_ONLY_NEVER_A_SPARTINA_LABEL
CNA10K-R00228-C00076,1,1.0,84849108.8,0.848491,30000,OK,96.9706,35917676.9,0.359177,11.3235,30000,OK,MURRAY_JRC_CONTEXT_ONLY_NEVER_A_SPARTINA_LABEL
CNA10K-R00228-C00077,1,2.0,110956526.9,1.109565,30000,OK,97.28,61985809.6,0.619858,11.76,30000,OK,MURRAY_JRC_CONTEXT_ONLY_NEVER_A_SPARTINA_LABEL
CNA10K-R00228-C00078,1,1.0,110956526.9,1.109565,30000,OK,97.5417,78300067.6,0.783001,12.0,30000,OK,MURRAY_JRC_CONTEXT_ONLY_NEVER_A_SPARTINA_LABEL
CNA10K-R00228-C00079,1,2.0,107693099.7,1.076931,30000,OK,97.6667,107687257.9,1.076873,12.0,30000,OK,MURRAY_JRC_CONTEXT_ONLY_NEVER_A_SPARTINA_LABEL
CNA10K-R00228-C00080,1,1.0,78322254.3,0.783223,30000,OK,97.9697,107687257.9,1.076873,12.0,30000,OK,MURRAY_JRC_CONTEXT_ONLY_NEVER_A_SPARTINA_LABEL
CNA10K-R00228-C00081,1,1.0,91375963.4,0.91376,30000,OK,98.0,107687257.9,1.076873,12.0,30000,OK,MURRAY_JRC_CONTEXT_ONLY_NEVER_A_SPARTINA_LABEL
CNA10K-R00228-C00082,1,2.0,110956526.9,1.109565,30000,OK,98.0,78353881.9,0.783539,12.0,30000,OK,MURRAY_JRC_CONTEXT_ONLY_NEVER_A_SPARTINA_LABEL
CNA10K-R00228-C00083,1,1.0,110956526.9,1.109565,30000,OK,98.0,0.0,0.0,12.0,30000,OK,MURRAY_JRC_CONTEXT_ONLY_NEVER_A_SPARTINA_LABEL
CNA10K-R00228-C00084,1,1.0,101166245.1,1.011662,30000,OK,98.0,0.0,0.0,12.0,30000,OK,MURRAY_JRC_CONTEXT_ONLY_NEVER_A_SPARTINA_LABEL
CNA10K-R00229-C00036,1,1.0,110752486.4,1.107525,30000,OK,57.0,0.0,0.0,8.0,30000,OK,MURRAY_JRC_CONTEXT_ONLY_NEVER_A_SPARTINA_LABEL
CNA10K-R00229-C00037,1,1.0,65148521.4,0.651485,30000,OK,70.4286,0.0,0.0,8.5625,30000,OK,MURRAY_JRC_CONTEXT_ONLY_NEVER_A_SPARTINA_LABEL
CNA10K-R00229-C00069,0,0.0,0.0,0.0,30000,OK,88.0,0.0,0.0,10.0,30000,OK,MURRAY_JRC_CONTEXT_ONLY_NEVER_A_SPARTINA_LABEL
CNA10K-R00229-C00070,0,0.0,0.0,0.0,30000,OK,88.0,0.0,0.0,10.0,30000,OK,MURRAY_JRC_CONTEXT_ONLY_NEVER_A_SPARTINA_LABEL
CNA10K-R00229-C00071,0,0.0,0.0,0.0,30000,OK,91.6818,0.0,0.0,10.8182,30000,OK,MURRAY_JRC_CONTEXT_ONLY_NEVER_A_SPARTINA_LABEL
CNA10K-R00229-C00072,0,0.0,0.0,0.0,30000,OK,97.0,0.0,0.0,12.0,30000,OK,MURRAY_JRC_CONTEXT_ONLY_NEVER_A_SPARTINA_LABEL
CNA10K-R00229-C00073,0,0.0,0.0,0.0,30000,OK,97.0,0.0,0.0,12.0,30000,OK,MURRAY_JRC_CONTEXT_ONLY_NEVER_A_SPARTINA_LABEL
CNA10K-R00229-C00074,1,1.0,58633669.3,0.586337,30000,OK,96.4118,0.0,0.0,11.4118,30000,OK,MURRAY_JRC_CONTEXT_ONLY_NEVER_A_SPARTINA_LABEL
CNA10K-R00229-C00075,1,2.0,101034218.9,1.010342,30000,OK,96.0,0.0,0.0,11.0,30000,OK,MURRAY_JRC_CONTEXT_ONLY_NEVER_A_SPARTINA_LABEL
CNA10K-R00229-C00076,1,2.0,107561073.4,1.075611,30000,OK,96.0,0.0,0.0,11.0,30000,OK,MURRAY_JRC_CONTEXT_ONLY_NEVER_A_SPARTINA_LABEL
CNA10K-R00229-C00077,1,2.0,107561073.4,1.075611,30000,OK,96.8276,78222336.0,0.782223,11.8276,30000,OK,MURRAY_JRC_CONTEXT_ONLY_NEVER_A_SPARTINA_LABEL
CNA10K-R00229-C00078,1,2.0,97788795.2,0.977888,30000,OK,97.0,110814976.0,1.10815,12.0,30000,OK,MURRAY_JRC_CONTEXT_ONLY_NEVER_A_SPARTINA_LABEL
CNA10K-R00229-C00079,1,4.0,68465959.4,0.68466,30000,OK,97.0,110814976.0,1.10815,12.0,30000,OK,MURRAY_JRC_CONTEXT_ONLY_NEVER_A_SPARTINA_LABEL
CNA10K-R00229-C00080,1,2.0,104363659.3,1.043637,30000,OK,97.9375,104296448.0,1.042964,12.0,30000,OK,MURRAY_JRC_CONTEXT_ONLY_NEVER_A_SPARTINA_LABEL
CNA10K-R00229-C00081,1,2.0,107627086.6,1.076271,30000,OK,98.0,71703808.0,0.717038,12.0,30000,OK,MURRAY_JRC_CONTEXT_ONLY_NEVER_A_SPARTINA_LABEL
CNA10K-R00229-C00082,1,4.0,107627086.6,1.076271,30000,OK,98.0968,101037184.0,1.010372,12.0,30000,OK,MURRAY_JRC_CONTEXT_ONLY_NEVER_A_SPARTINA_LABEL
CNA10K-R00229-C00083,1,2.0,88088531.3,0.880885,30000,OK,99.0,110814976.0,1.10815,12.0,30000,OK,MURRAY_JRC_CONTEXT_ONLY_NEVER_A_SPARTINA_LABEL
CNA10K-R00229-C00084,1,1.0,81585681.6,0.815857,30000,OK,99.0,110814976.0,1.10815,12.0,30000,OK,MURRAY_JRC_CONTEXT_ONLY_NEVER_A_SPARTINA_LABEL
CNA10K-R00229-C00085,1,2.0,107693099.7,1.076931,30000,OK,99.0,88000128.0,0.880001,12.0,30000,OK,MURRAY_JRC_CONTEXT_ONLY_NEVER_A_SPARTINA_LABEL
CNA10K-R00229-C00086,1,1.0,110956526.9,1.109565,30000,OK,98.8846,74963072.0,0.749631,12.0,30000,OK,MURRAY_JRC_CONTEXT_ONLY_NEVER_A_SPARTINA_LABEL
CNA10K-R00229-C00092,1,1.0,78322254.3,0.783223,30000,OK,98.0,35851904.0,0.358519,12.0,30000,OK,MURRAY_JRC_CONTEXT_ONLY_NEVER_A_SPARTINA_LABEL
CNA10K-R00229-C00093,1,2.0,97902817.9,0.979028,30000,OK,98.0,32592640.0,0.325926,12.0,30000,OK,MURRAY_JRC_CONTEXT_ONLY_NEVER_A_SPARTINA_LABEL
CNA10K-R00229-C00094,1,1.0,110956526.9,1.109565,30000,OK,98.0,0.0,0.0,12.0,30000,OK,MURRAY_JRC_CONTEXT_ONLY_NEVER_A_SPARTINA_LABEL
CNA10K-R00230-C00072,0,0.0,0.0,0.0,30000,OK,97.0,0.0,0.0,12.0,30000,OK,MURRAY_JRC_CONTEXT_ONLY_NEVER_A_SPARTINA_LABEL
CNA10K-R00230-C00073,0,0.0,0.0,0.0,30000,OK,97.0,0.0,0.0,12.0,30000,OK,MURRAY_JRC_CONTEXT_ONLY_NEVER_A_SPARTINA_LABEL
CNA10K-R00230-C00074,1,1.0,97722782.1,0.977228,30000,OK,96.4231,0.0,0.0,11.4231,30000,OK,MURRAY_JRC_CONTEXT_ONLY_NEVER_A_SPARTINA_LABEL
CNA10K-R00230-C00075,1,1.0,110752486.4,1.107525,30000,OK,96.0,0.0,0.0,11.0,30000,OK,MURRAY_JRC_CONTEXT_ONLY_NEVER_A_SPARTINA_LABEL
CNA10K-R00230-C00076,1,2.0,107495060.3,1.074951,30000,OK,96.0,0.0,0.0,11.0,30000,OK,MURRAY_JRC_CONTEXT_ONLY_NEVER_A_SPARTINA_LABEL
CNA10K-R00230-C00077,1,1.0,81435651.8,0.814357,30000,OK,96.8485,91259392.0,0.912594,11.8485,30000,OK,MURRAY_JRC_CONTEXT_ONLY_NEVER_A_SPARTINA_LABEL
CNA10K-R00230-C00078,1,1.0,84693077.8,0.846931,30000,OK,97.0,110814976.0,1.10815,12.0,30000,OK,MURRAY_JRC_CONTEXT_ONLY_NEVER_A_SPARTINA_LABEL
CNA10K-R00230-C00079,1,2.0,110752486.4,1.107525,30000,OK,97.0,84740864.0,0.847409,12.0,30000,OK,MURRAY_JRC_CONTEXT_ONLY_NEVER_A_SPARTINA_LABEL
CNA10K-R00230-C00080,1,1.0,110752486.4,1.107525,30000,OK,98.0,81481600.0,0.814816,12.0,30000,OK,MURRAY_JRC_CONTEXT_ONLY_NEVER_A_SPARTINA_LABEL
CNA10K-R00230-C00081,1,1.0,110752486.4,1.107525,30000,OK,98.0,110814976.0,1.10815,12.0,30000,OK,MURRAY_JRC_CONTEXT_ONLY_NEVER_A_SPARTINA_LABEL
CNA10K-R00230-C00082,1,2.0,71663373.6,0.716634,30000,OK,98.1818,107555712.0,1.075557,12.0,30000,OK,MURRAY_JRC_CONTEXT_ONLY_NEVER_A_SPARTINA_LABEL
CNA10K-R00230-C00083,1,1.0,94465356.0,0.944654,30000,OK,99.0,110814976.0,1.10815,12.0,30000,OK,MURRAY_JRC_CONTEXT_ONLY_NEVER_A_SPARTINA_LABEL
CNA10K-R00230-C00084,1,1.0,110752486.4,1.107525,30000,OK,99.0,74963072.0,0.749631,12.0,30000,OK,MURRAY_JRC_CONTEXT_ONLY_NEVER_A_SPARTINA_LABEL
CNA10K-R00230-C00085,1,2.0,107495060.3,1.074951,30000,OK,99.0,94518656.0,0.945187,12.0,30000,OK,MURRAY_JRC_CONTEXT_ONLY_NEVER_A_SPARTINA_LABEL
CNA10K-R00230-C00086,1,1.0,94465356.0,0.944654,30000,OK,99.0,110814976.0,1.10815,12.0,30000,OK,MURRAY_JRC_CONTEXT_ONLY_NEVER_A_SPARTINA_LABEL
CNA10K-R00230-C00087,1,2.0,74926800.8,0.749268,30000,OK,99.0,110814976.0,1.10815,12.0,30000,OK,MURRAY_JRC_CONTEXT_ONLY_NEVER_A_SPARTINA_LABEL
CNA10K-R00230-C00089,1,1.0,74920799.6,0.749208,30000,OK,98.0,81481600.0,0.814816,12.0,30000,OK,MURRAY_JRC_CONTEXT_ONLY_NEVER_A_SPARTINA_LABEL
CNA10K-R00230-C00090,1,1.0,68405947.5,0.684059,30000,OK,98.0,110814976.0,1.10815,12.0,30000,OK,MURRAY_JRC_CONTEXT_ONLY_NEVER_A_SPARTINA_LABEL
CNA10K-R00230-C00091,1,2.0,68465959.4,0.68466,30000,OK,98.0,107555712.0,1.075557,12.0,30000,OK,MURRAY_JRC_CONTEXT_ONLY_NEVER_A_SPARTINA_LABEL
CNA10K-R00230-C00092,1,2.0,104363659.3,1.043637,30000,OK,98.0,97777920.0,0.977779,12.0,30000,OK,MURRAY_JRC_CONTEXT_ONLY_NEVER_A_SPARTINA_LABEL
CNA10K-R00230-C00093,1,4.0,107627086.6,1.076271,30000,OK,98.0,74963072.0,0.749631,12.0,30000,OK,MURRAY_JRC_CONTEXT_ONLY_NEVER_A_SPARTINA_LABEL
CNA10K-R00230-C00094,1,2.0,107627086.6,1.076271,30000,OK,98.0,110814976.0,1.10815,12.0,30000,OK,MURRAY_JRC_CONTEXT_ONLY_NEVER_A_SPARTINA_LABEL
CNA10K-R00230-C00095,1,1.0,71795399.8,0.717954,30000,OK,98.0,110814976.0,1.10815,12.0,30000,OK,MURRAY_JRC_CONTEXT_ONLY_NEVER_A_SPARTINA_LABEL
CNA10K-R00231-C00075,1,1.0,100980208.2,1.009802,30000,OK,82.0667,0.0,0.0,8.9706,30000,OK,MURRAY_JRC_CONTEXT_ONLY_NEVER_A_SPARTINA_LABEL
CNA10K-R00231-C00076,1,2.0,71663373.6,0.716634,30000,OK,82.0667,0.0,0.0,8.9706,30000,OK,MURRAY_JRC_CONTEXT_ONLY_NEVER_A_SPARTINA_LABEL
CNA10K-R00231-C00077,1,1.0,104237634.3,1.042376,30000,OK,84.08,32592640.0,0.325926,9.4333,30000,OK,MURRAY_JRC_CONTEXT_ONLY_NEVER_A_SPARTINA_LABEL
CNA10K-R00231-C00078,1,1.0,110752486.4,1.107525,30000,OK,85.5,35851904.0,0.358519,10.0,30000,OK,MURRAY_JRC_CONTEXT_ONLY_NEVER_A_SPARTINA_LABEL
CNA10K-R00231-C00079,1,2.0,110752486.4,1.107525,30000,OK,88.7931,58666752.0,0.586668,10.5517,30000,OK,MURRAY_JRC_CONTEXT_ONLY_NEVER_A_SPARTINA_LABEL
CNA10K-R00231-C00080,1,1.0,94465356.0,0.944654,30000,OK,94.6667,71703808.0,0.717038,11.3333,30000,OK,MURRAY_JRC_CONTEXT_ONLY_NEVER_A_SPARTINA_LABEL
CNA10K-R00231-C00081,1,1.0,74920799.6,0.749208,30000,OK,94.7647,74963072.0,0.749631,11.3529,30000,OK,MURRAY_JRC_CONTEXT_ONLY_NEVER_A_SPARTINA_LABEL
CNA10K-R00231-C00082,1,2.0,110752486.4,1.107525,30000,OK,95.7931,71703808.0,0.717038,11.5172,30000,OK,MURRAY_JRC_CONTEXT_ONLY_NEVER_A_SPARTINA_LABEL
CNA10K-R00231-C00083,1,1.0,110752486.4,1.107525,30000,OK,99.0,71703808.0,0.717038,12.0,30000,OK,MURRAY_JRC_CONTEXT_ONLY_NEVER_A_SPARTINA_LABEL
CNA10K-R00231-C00084,1,1.0,110752486.4,1.107525,30000,OK,99.0,107555712.0,1.075557,12.0,30000,OK,MURRAY_JRC_CONTEXT_ONLY_NEVER_A_SPARTINA_LABEL
CNA10K-R00231-C00085,1,2.0,78178225.7,0.781782,30000,OK,99.0,107555712.0,1.075557,12.0,30000,OK,MURRAY_JRC_CONTEXT_ONLY_NEVER_A_SPARTINA_LABEL
CNA10K-R00231-C00086,1,1.0,87950503.9,0.879505,30000,OK,99.0,110814976.0,1.10815,12.0,30000,OK,MURRAY_JRC_CONTEXT_ONLY_NEVER_A_SPARTINA_LABEL
CNA10K-R00231-C00087,1,1.0,110752486.4,1.107525,30000,OK,99.0,78222336.0,0.782223,12.0,30000,OK,MURRAY_JRC_CONTEXT_ONLY_NEVER_A_SPARTINA_LABEL
CNA10K-R00231-C00088,1,2.0,107495060.3,1.074951,30000,OK,98.2857,91259392.0,0.912594,12.0,30000,OK,MURRAY_JRC_CONTEXT_ONLY_NEVER_A_SPARTINA_LABEL
CNA10K-R00231-C00089,1,1.0,94465356.0,0.944654,30000,OK,98.0,110814976.0,1.10815,12.0,30000,OK,MURRAY_JRC_CONTEXT_ONLY_NEVER_A_SPARTINA_LABEL
CNA10K-R00231-C00090,1,2.0,78178225.7,0.781782,30000,OK,98.0,110814976.0,1.10815,12.0,30000,OK,MURRAY_JRC_CONTEXT_ONLY_NEVER_A_SPARTINA_LABEL
CNA10K-R00231-C00091,1,1.0,110752486.4,1.107525,30000,OK,98.0,88000128.0,0.880001,12.0,30000,OK,MURRAY_JRC_CONTEXT_ONLY_NEVER_A_SPARTINA_LABEL
CNA10K-R00231-C00092,1,1.0,110752486.4,1.107525,30000,OK,98.0,84740864.0,0.847409,12.0,30000,OK,MURRAY_JRC_CONTEXT_ONLY_NEVER_A_SPARTINA_LABEL
CNA10K-R00231-C00093,1,2.0,100980208.2,1.009802,30000,OK,98.0,110814976.0,1.10815,12.0,30000,OK,MURRAY_JRC_CONTEXT_ONLY_NEVER_A_SPARTINA_LABEL
CNA10K-R00231-C00094,1,1.0,74920799.6,0.749208,30000,OK,98.0,110814976.0,1.10815,12.0,30000,OK,MURRAY_JRC_CONTEXT_ONLY_NEVER_A_SPARTINA_LABEL
CNA10K-R00231-C00095,1,1.0,110752486.4,1.107525,30000,OK,98.0,94518656.0,0.945187,12.0,30000,OK,MURRAY_JRC_CONTEXT_ONLY_NEVER_A_SPARTINA_LABEL
CNA10K-R00231-C00096,1,2.0,107495060.3,1.074951,30000,OK,98.0,65185280.0,0.651853,12.0,30000,OK,MURRAY_JRC_CONTEXT_ONLY_NEVER_A_SPARTINA_LABEL
CNA10K-R00232-C00076,1,2.0,35831686.8,0.358317,30000,OK,74.0,0.0,0.0,8.0,30000,OK,MURRAY_JRC_CONTEXT_ONLY_NEVER_A_SPARTINA_LABEL
CNA10K-R00232-C00077,1,1.0,35831686.8,0.358317,30000,OK,74.0,0.0,0.0,8.0,30000,OK,MURRAY_JRC_CONTEXT_ONLY_NEVER_A_SPARTINA_LABEL
CNA10K-R00232-C00080,1,1.0,52118817.1,0.521188,30000,OK,88.0,0.0,0.0,10.0,30000,OK,MURRAY_JRC_CONTEXT_ONLY_NEVER_A_SPARTINA_LABEL
CNA10K-R00232-C00081,1,1.0,74920799.6,0.749208,30000,OK,88.0,0.0,0.0,10.0,30000,OK,MURRAY_JRC_CONTEXT_ONLY_NEVER_A_SPARTINA_LABEL
CNA10K-R00232-C00082,1,3.0,94422850.5,0.944229,30000,OK,88.8462,35785349.8,0.357853,10.0,30000,OK,MURRAY_JRC_CONTEXT_ONLY_NEVER_A_SPARTINA_LABEL
CNA10K-R00232-C00083,1,2.0,100925558.2,1.009256,30000,OK,90.0,110609262.9,1.106093,10.0,30000,OK,MURRAY_JRC_CONTEXT_ONLY_NEVER_A_SPARTINA_LABEL
CNA10K-R00232-C00084,1,1.0,74920799.6,0.749208,30000,OK,90.0,110609262.9,1.106093,10.0,30000,OK,MURRAY_JRC_CONTEXT_ONLY_NEVER_A_SPARTINA_LABEL
CNA10K-R00232-C00085,1,2.0,100980208.2,1.009802,30000,OK,90.0,100849622.1,1.008496,10.0,30000,OK,MURRAY_JRC_CONTEXT_ONLY_NEVER_A_SPARTINA_LABEL
CNA10K-R00232-C00086,1,1.0,110752486.4,1.107525,30000,OK,90.0,71570699.5,0.715707,10.0,30000,OK,MURRAY_JRC_CONTEXT_ONLY_NEVER_A_SPARTINA_LABEL
CNA10K-R00232-C00087,1,1.0,110752486.4,1.107525,30000,OK,92.5312,104157289.2,1.041573,10.5625,30000,OK,MURRAY_JRC_CONTEXT_ONLY_NEVER_A_SPARTINA_LABEL
CNA10K-R00232-C00088,1,2.0,81435651.8,0.814357,30000,OK,95.5937,104163339.5,1.041633,11.125,30000,OK,MURRAY_JRC_CONTEXT_ONLY_NEVER_A_SPARTINA_LABEL
CNA10K-R00232-C00089,1,1.0,87950503.9,0.879505,30000,OK,96.6471,110675817.2,1.106758,11.3235,30000,OK,MURRAY_JRC_CONTEXT_ONLY_NEVER_A_SPARTINA_LABEL
CNA10K-R00232-C00090,1,2.0,110752486.4,1.107525,30000,OK,96.9167,78143681.0,0.781437,11.4583,30000,OK,MURRAY_JRC_CONTEXT_ONLY_NEVER_A_SPARTINA_LABEL
CNA10K-R00232-C00091,1,1.0,110752486.4,1.107525,30000,OK,97.9286,91192837.8,0.911928,11.9643,30000,OK,MURRAY_JRC_CONTEXT_ONLY_NEVER_A_SPARTINA_LABEL
CNA10K-R00232-C00092,1,1.0,94465356.0,0.944654,30000,OK,98.0,107489157.8,1.074892,12.0,30000,OK,MURRAY_JRC_CONTEXT_ONLY_NEVER_A_SPARTINA_LABEL
CNA10K-R00232-C00093,1,2.0,81435651.8,0.814357,30000,OK,98.0303,107489157.8,1.074892,12.0,30000,OK,MURRAY_JRC_CONTEXT_ONLY_NEVER_A_SPARTINA_LABEL
CNA10K-R00232-C00094,1,1.0,110752486.4,1.107525,30000,OK,98.1154,84722712.8,0.847227,12.0,30000,OK,MURRAY_JRC_CONTEXT_ONLY_NEVER_A_SPARTINA_LABEL
CNA10K-R00232-C00095,1,1.0,110752486.4,1.107525,30000,OK,98.0,91259392.0,0.912594,12.0,30000,OK,MURRAY_JRC_CONTEXT_ONLY_NEVER_A_SPARTINA_LABEL
CNA10K-R00232-C00096,1,2.0,94465356.0,0.944654,30000,OK,98.0,84740864.0,0.847409,12.0,30000,OK,MURRAY_JRC_CONTEXT_ONLY_NEVER_A_SPARTINA_LABEL
CNA10K-R00232-C00097,1,1.0,84693077.8,0.846931,30000,OK,98.0,0.0,0.0,12.0,30000,OK,MURRAY_JRC_CONTEXT_ONLY_NEVER_A_SPARTINA_LABEL
CNA10K-R00233-C00082,1,1.0,55273015.5,0.55273,30000,OK,88.8485,45544990.6,0.45545,10.0,30000,OK,MURRAY_JRC_CONTEXT_ONLY_NEVER_A_SPARTINA_LABEL
CNA10K-R00233-C00083,1,1.0,78032492.4,0.780325,30000,OK,90.0,110609262.9,1.106093,10.0,30000,OK,MURRAY_JRC_CONTEXT_ONLY_NEVER_A_SPARTINA_LABEL
CNA10K-R00233-C00084,1,1.0,110546030.9,1.10546,30000,OK,90.0,91089981.2,0.9109,10.0,30000,OK,MURRAY_JRC_CONTEXT_ONLY_NEVER_A_SPARTINA_LABEL
CNA10K-R00233-C00085,1,2.0,110546030.9,1.10546,30000,OK,90.0,78077126.8,0.780771,10.0,30000,OK,MURRAY_JRC_CONTEXT_ONLY_NEVER_A_SPARTINA_LABEL
CNA10K-R00233-C00086,1,1.0,107294677.1,1.072947,30000,OK,90.0,110609262.9,1.106093,10.0,30000,OK,MURRAY_JRC_CONTEXT_ONLY_NEVER_A_SPARTINA_LABEL
CNA10K-R00233-C00087,1,2.0,74781138.6,0.747811,30000,OK,90.0,110609262.9,1.106093,10.0,30000,OK,MURRAY_JRC_CONTEXT_ONLY_NEVER_A_SPARTINA_LABEL
CNA10K-R00233-C00088,1,2.0,100840547.1,1.008405,30000,OK,94.875,104102835.7,1.041028,10.8125,30000,OK,MURRAY_JRC_CONTEXT_ONLY_NEVER_A_SPARTINA_LABEL
CNA10K-R00233-C00089,1,2.0,110612825.3,1.106128,30000,OK,96.0,74823913.2,0.748239,11.0,30000,OK,MURRAY_JRC_CONTEXT_ONLY_NEVER_A_SPARTINA_LABEL
CNA10K-R00233-C00090,1,4.0,107361471.5,1.073615,30000,OK,96.0,104102835.7,1.041028,11.0,30000,OK,MURRAY_JRC_CONTEXT_ONLY_NEVER_A_SPARTINA_LABEL
CNA10K-R00233-C00091,1,2.0,81350640.7,0.813506,30000,OK,97.9412,110609262.9,1.106093,11.9706,30000,OK,MURRAY_JRC_CONTEXT_ONLY_NEVER_A_SPARTINA_LABEL
CNA10K-R00233-C00092,1,2.0,91141135.6,0.911411,30000,OK,98.0,110609262.9,1.106093,12.0,30000,OK,MURRAY_JRC_CONTEXT_ONLY_NEVER_A_SPARTINA_LABEL
CNA10K-R00233-C00093,1,4.0,107428265.9,1.074283,30000,OK,98.1667,78077126.8,0.780771,12.0,30000,OK,MURRAY_JRC_CONTEXT_ONLY_NEVER_A_SPARTINA_LABEL
CNA10K-R00233-C00094,1,2.0,110685692.0,1.106857,30000,OK,99.0,97596408.5,0.975964,12.0,30000,OK,MURRAY_JRC_CONTEXT_ONLY_NEVER_A_SPARTINA_LABEL
CNA10K-R00233-C00095,1,2.0,84668789.0,0.846688,30000,OK,99.0,110609262.9,1.106093,12.0,30000,OK,MURRAY_JRC_CONTEXT_ONLY_NEVER_A_SPARTINA_LABEL
CNA10K-R00233-C00096,1,2.0,87950503.9,0.879505,30000,OK,99.0,110609262.9,1.106093,12.0,30000,OK,MURRAY_JRC_CONTEXT_ONLY_NEVER_A_SPARTINA_LABEL
CNA10K-R00233-C00097,1,1.0,110752486.4,1.107525,30000,OK,99.0,78077126.8,0.780771,12.0,30000,OK,MURRAY_JRC_CONTEXT_ONLY_NEVER_A_SPARTINA_LABEL
CNA10K-R00234-C00082,1,1.0,74781138.6,0.747811,30000,OK,83.9394,35785347.0,0.357853,9.1515,30000,OK,MURRAY_JRC_CONTEXT_ONLY_NEVER_A_SPARTINA_LABEL
CNA10K-R00234-C00083,1,1.0,110546030.9,1.10546,30000,OK,89.2174,71570694.0,0.715707,9.8696,30000,OK,MURRAY_JRC_CONTEXT_ONLY_NEVER_A_SPARTINA_LABEL
CNA10K-R00234-C00084,1,1.0,110546030.9,1.10546,30000,OK,90.0,94343187.6,0.943432,10.0,30000,OK,MURRAY_JRC_CONTEXT_ONLY_NEVER_A_SPARTINA_LABEL
CNA10K-R00234-C00085,1,2.0,97540615.5,0.975406,30000,OK,90.0,110609254.4,1.106093,10.0,30000,OK,MURRAY_JRC_CONTEXT_ONLY_NEVER_A_SPARTINA_LABEL
CNA10K-R00234-C00086,1,1.0,74781138.6,0.747811,30000,OK,90.0,110609254.4,1.106093,10.0,30000,OK,MURRAY_JRC_CONTEXT_ONLY_NEVER_A_SPARTINA_LABEL
CNA10K-R00234-C00087,1,2.0,110546030.9,1.10546,30000,OK,90.0,94343187.6,0.943432,10.0,30000,OK,MURRAY_JRC_CONTEXT_ONLY_NEVER_A_SPARTINA_LABEL
CNA10K-R00234-C00088,1,1.0,110546030.9,1.10546,30000,OK,95.5,78077126.3,0.780771,10.9167,30000,OK,MURRAY_JRC_CONTEXT_ONLY_NEVER_A_SPARTINA_LABEL
CNA10K-R00234-C00089,1,1.0,110546030.9,1.10546,30000,OK,96.0,110609262.9,1.106093,11.0,30000,OK,MURRAY_JRC_CONTEXT_ONLY_NEVER_A_SPARTINA_LABEL
CNA10K-R00234-C00090,1,2.0,74781138.6,0.747811,30000,OK,96.1176,110609262.9,1.106093,11.0588,30000,OK,MURRAY_JRC_CONTEXT_ONLY_NEVER_A_SPARTINA_LABEL
CNA10K-R00234-C00091,1,1.0,100791969.4,1.00792,30000,OK,98.0,104102835.7,1.041028,12.0,30000,OK,MURRAY_JRC_CONTEXT_ONLY_NEVER_A_SPARTINA_LABEL
CNA10K-R00234-C00092,1,1.0,110546030.9,1.10546,30000,OK,98.0,71570699.5,0.715707,12.0,30000,OK,MURRAY_JRC_CONTEXT_ONLY_NEVER_A_SPARTINA_LABEL
CNA10K-R00234-C00093,1,2.0,110546030.9,1.10546,30000,OK,98.2424,107356049.3,1.07356,12.0,30000,OK,MURRAY_JRC_CONTEXT_ONLY_NEVER_A_SPARTINA_LABEL
CNA10K-R00234-C00094,1,1.0,78032492.4,0.780325,30000,OK,99.0,110609262.9,1.106093,12.0,30000,OK,MURRAY_JRC_CONTEXT_ONLY_NEVER_A_SPARTINA_LABEL
CNA10K-R00234-C00095,1,1.0,97540615.5,0.975406,30000,OK,99.0,104102835.7,1.041028,12.0,30000,OK,MURRAY_JRC_CONTEXT_ONLY_NEVER_A_SPARTINA_LABEL
CNA10K-R00234-C00096,1,2.0,110546030.9,1.10546,30000,OK,99.0,74823913.2,0.748239,12.0,30000,OK,MURRAY_JRC_CONTEXT_ONLY_NEVER_A_SPARTINA_LABEL
CNA10K-R00234-C00097,1,1.0,110546030.9,1.10546,30000,OK,99.0,107356049.3,1.07356,12.0,30000,OK,MURRAY_JRC_CONTEXT_ONLY_NEVER_A_SPARTINA_LABEL
CNA10K-R00235-C00082,1,2.0,87731264.8,0.877313,30000,OK,73.6364,0.0,0.0,7.4091,30000,OK,MURRAY_JRC_CONTEXT_ONLY_NEVER_A_SPARTINA_LABEL
CNA10K-R00235-C00083,1,2.0,110478455.2,1.104785,30000,OK,72.0,0.0,0.0,7.0,30000,OK,MURRAY_JRC_CONTEXT_ONLY_NEVER_A_SPARTINA_LABEL
CNA10K-R00235-C00084,1,2.0,78020205.9,0.780202,30000,OK,72.0,0.0,0.0,7.0,30000,OK,MURRAY_JRC_CONTEXT_ONLY_NEVER_A_SPARTINA_LABEL
CNA10K-R00235-C00085,1,1.0,87786554.0,0.877866,30000,OK,72.0,0.0,0.0,7.0,30000,OK,MURRAY_JRC_CONTEXT_ONLY_NEVER_A_SPARTINA_LABEL
CNA10K-R00235-C00086,1,1.0,110546030.9,1.10546,30000,OK,72.0,0.0,0.0,7.0,30000,OK,MURRAY_JRC_CONTEXT_ONLY_NEVER_A_SPARTINA_LABEL
CNA10K-R00235-C00087,1,2.0,110546030.9,1.10546,30000,OK,75.2143,16266066.8,0.162661,7.5357,30000,OK,MURRAY_JRC_CONTEXT_ONLY_NEVER_A_SPARTINA_LABEL
CNA10K-R00235-C00088,1,1.0,97540615.5,0.975406,30000,OK,90.5,32532136.2,0.325321,9.625,30000,OK,MURRAY_JRC_CONTEXT_ONLY_NEVER_A_SPARTINA_LABEL
CNA10K-R00235-C00089,1,1.0,74781138.6,0.747811,30000,OK,90.5882,35785349.8,0.357853,9.6471,30000,OK,MURRAY_JRC_CONTEXT_ONLY_NEVER_A_SPARTINA_LABEL
CNA10K-R00235-C00090,1,2.0,110546030.9,1.10546,30000,OK,92.0,42279533.7,0.422795,10.0357,30000,OK,MURRAY_JRC_CONTEXT_ONLY_NEVER_A_SPARTINA_LABEL
CNA10K-R00235-C00091,1,1.0,110546030.9,1.10546,30000,OK,98.4583,78009788.5,0.780098,12.0,30000,OK,MURRAY_JRC_CONTEXT_ONLY_NEVER_A_SPARTINA_LABEL
CNA10K-R00235-C00092,1,1.0,104043323.2,1.040433,30000,OK,98.3333,107288711.0,1.072887,12.0,30000,OK,MURRAY_JRC_CONTEXT_ONLY_NEVER_A_SPARTINA_LABEL
CNA10K-R00235-C00093,1,2.0,71529784.7,0.715298,30000,OK,98.1818,107288711.0,1.072887,12.0,30000,OK,MURRAY_JRC_CONTEXT_ONLY_NEVER_A_SPARTINA_LABEL
CNA10K-R00235-C00094,1,1.0,107294677.1,1.072947,30000,OK,98.3,97553556.8,0.975536,12.0,30000,OK,MURRAY_JRC_CONTEXT_ONLY_NEVER_A_SPARTINA_LABEL
CNA10K-R00235-C00095,1,1.0,110546030.9,1.10546,30000,OK,99.0,78077126.8,0.780771,12.0,30000,OK,MURRAY_JRC_CONTEXT_ONLY_NEVER_A_SPARTINA_LABEL
CNA10K-R00235-C00096,1,2.0,107294677.1,1.072947,30000,OK,99.0,110609262.9,1.106093,12.0,30000,OK,MURRAY_JRC_CONTEXT_ONLY_NEVER_A_SPARTINA_LABEL
CNA10K-R00235-C00097,1,1.0,74781138.6,0.747811,30000,OK,99.0,110609254.4,1.106093,12.0,30000,OK,MURRAY_JRC_CONTEXT_ONLY_NEVER_A_SPARTINA_LABEL
CNA10K-R00235-C00098,1,1.0,107294677.1,1.072947,30000,OK,99.0,94343187.6,0.943432,12.0,30000,OK,MURRAY_JRC_CONTEXT_ONLY_NEVER_A_SPARTINA_LABEL
CNA10K-R00236-C00081,0,0.0,0.0,0.0,30000,OK,76.0,0.0,0.0,8.0,30000,OK,MURRAY_JRC_CONTEXT_ONLY_NEVER_A_SPARTINA_LABEL
CNA10K-R00236-C00082,1,1.0,94111107.5,0.941111,30000,OK,73.2941,0.0,0.0,7.3235,30000,OK,MURRAY_JRC_CONTEXT_ONLY_NEVER_A_SPARTINA_LABEL
CNA10K-R00236-C00083,1,1.0,74639843.9,0.746398,30000,OK,72.0,0.0,0.0,7.0,30000,OK,MURRAY_JRC_CONTEXT_ONLY_NEVER_A_SPARTINA_LABEL
CNA10K-R00236-C00084,1,2.0,100601528.7,1.006015,30000,OK,72.0,0.0,0.0,7.0,30000,OK,MURRAY_JRC_CONTEXT_ONLY_NEVER_A_SPARTINA_LABEL
CNA10K-R00236-C00085,1,1.0,110337160.5,1.103372,30000,OK,72.0,0.0,0.0,7.0,30000,OK,MURRAY_JRC_CONTEXT_ONLY_NEVER_A_SPARTINA_LABEL
CNA10K-R00236-C00086,1,1.0,110337160.5,1.103372,30000,OK,72.0,0.0,0.0,7.0,30000,OK,MURRAY_JRC_CONTEXT_ONLY_NEVER_A_SPARTINA_LABEL
CNA10K-R00236-C00087,1,2.0,84375475.7,0.843755,30000,OK,72.9412,0.0,0.0,7.1176,30000,OK,MURRAY_JRC_CONTEXT_ONLY_NEVER_A_SPARTINA_LABEL
CNA10K-R00236-C00088,1,2.0,87645259.3,0.876453,30000,OK,88.0,0.0,0.0,9.0,30000,OK,MURRAY_JRC_CONTEXT_ONLY_NEVER_A_SPARTINA_LABEL
CNA10K-R00236-C00089,1,2.0,110404736.3,1.104047,30000,OK,88.0,0.0,0.0,9.0,30000,OK,MURRAY_JRC_CONTEXT_ONLY_NEVER_A_SPARTINA_LABEL
CNA10K-R00236-C00090,1,4.0,107159525.6,1.071595,30000,OK,91.1429,25976735.6,0.259767,9.8571,30000,OK,MURRAY_JRC_CONTEXT_ONLY_NEVER_A_SPARTINA_LABEL
CNA10K-R00236-C00091,1,2.0,94178683.2,0.941787,30000,OK,99.0,110401126.4,1.104011,12.0,30000,OK,MURRAY_JRC_CONTEXT_ONLY_NEVER_A_SPARTINA_LABEL
CNA10K-R00236-C00092,1,2.0,77964916.7,0.779649,30000,OK,99.0,110401126.4,1.104011,12.0,30000,OK,MURRAY_JRC_CONTEXT_ONLY_NEVER_A_SPARTINA_LABEL
CNA10K-R00236-C00093,1,4.0,110478455.2,1.104785,30000,OK,97.8889,87671482.7,0.876715,12.0,30000,OK,MURRAY_JRC_CONTEXT_ONLY_NEVER_A_SPARTINA_LABEL
CNA10K-R00236-C00094,1,2.0,110478455.2,1.104785,30000,OK,96.0,87671482.7,0.876715,12.0,30000,OK,MURRAY_JRC_CONTEXT_ONLY_NEVER_A_SPARTINA_LABEL
CNA10K-R00236-C00095,1,2.0,97497612.8,0.974976,30000,OK,96.0,110401126.4,1.104011,12.0,30000,OK,MURRAY_JRC_CONTEXT_ONLY_NEVER_A_SPARTINA_LABEL
CNA10K-R00236-C00096,1,2.0,78032492.4,0.780325,30000,OK,97.2727,38965103.4,0.389651,12.0,30000,OK,MURRAY_JRC_CONTEXT_ONLY_NEVER_A_SPARTINA_LABEL
CNA10K-R00236-C00097,1,1.0,110546030.9,1.10546,30000,OK,98.0,0.0,0.0,12.0,30000,OK,MURRAY_JRC_CONTEXT_ONLY_NEVER_A_SPARTINA_LABEL
CNA10K-R00236-C00098,1,2.0,110546030.9,1.10546,30000,OK,98.1481,13012853.5,0.130129,12.0,30000,OK,MURRAY_JRC_CONTEXT_ONLY_NEVER_A_SPARTINA_LABEL
CNA10K-R00236-C00099,1,1.0,94289261.7,0.942893,30000,OK,98.8824,68201173.8,0.682012,12.0,30000,OK,MURRAY_JRC_CONTEXT_ONLY_NEVER_A_SPARTINA_LABEL
CNA10K-R00236-C00100,1,1.0,84535200.1,0.845352,30000,OK,99.0,74683114.9,0.746831,12.0,30000,OK,MURRAY_JRC_CONTEXT_ONLY_NEVER_A_SPARTINA_LABEL
CNA10K-R00237-C00081,0,0.0,0.0,0.0,30000,OK,72.4783,0.0,0.0,7.3125,30000,OK,MURRAY_JRC_CONTEXT_ONLY_NEVER_A_SPARTINA_LABEL
CNA10K-R00237-C00082,1,1.0,77885054.5,0.778851,30000,OK,71.6176,0.0,0.0,6.8529,30000,OK,MURRAY_JRC_CONTEXT_ONLY_NEVER_A_SPARTINA_LABEL
CNA10K-R00237-C00083,1,1.0,110337160.5,1.103372,30000,OK,71.4643,0.0,0.0,6.8214,30000,OK,MURRAY_JRC_CONTEXT_ONLY_NEVER_A_SPARTINA_LABEL
CNA10K-R00237-C00084,1,2.0,110337160.5,1.103372,30000,OK,72.0,0.0,0.0,7.0,30000,OK,MURRAY_JRC_CONTEXT_ONLY_NEVER_A_SPARTINA_LABEL
CNA10K-R00237-C00087,1,2.0,97356318.1,0.973563,30000,OK,73.9394,0.0,0.0,7.2424,30000,OK,MURRAY_JRC_CONTEXT_ONLY_NEVER_A_SPARTINA_LABEL
CNA10K-R00237-C00088,1,1.0,110337160.5,1.103372,30000,OK,88.0,0.0,0.0,9.0,30000,OK,MURRAY_JRC_CONTEXT_ONLY_NEVER_A_SPARTINA_LABEL
CNA10K-R00237-C00089,1,1.0,110337160.5,1.103372,30000,OK,88.0,0.0,0.0,9.0,30000,OK,MURRAY_JRC_CONTEXT_ONLY_NEVER_A_SPARTINA_LABEL
CNA10K-R00237-C00090,1,2.0,84375475.7,0.843755,30000,OK,91.5588,35718011.5,0.35718,9.9706,30000,OK,MURRAY_JRC_CONTEXT_ONLY_NEVER_A_SPARTINA_LABEL
CNA10K-R00237-C00091,1,1.0,87620686.3,0.876207,30000,OK,99.0,110401126.4,1.104011,12.0,30000,OK,MURRAY_JRC_CONTEXT_ONLY_NEVER_A_SPARTINA_LABEL
CNA10K-R00237-C00092,1,1.0,110337160.5,1.103372,30000,OK,99.0,77930206.9,0.779302,12.0,30000,OK,MURRAY_JRC_CONTEXT_ONLY_NEVER_A_SPARTINA_LABEL
CNA10K-R00237-C00093,1,2.0,110337160.5,1.103372,30000,OK,97.2,97412758.6,0.974128,12.0,30000,OK,MURRAY_JRC_CONTEXT_ONLY_NEVER_A_SPARTINA_LABEL
CNA10K-R00237-C00095,1,1.0,87620686.3,0.876207,30000,OK,96.0,110401126.4,1.104011,12.0,30000,OK,MURRAY_JRC_CONTEXT_ONLY_NEVER_A_SPARTINA_LABEL
CNA10K-R00237-C00096,1,2.0,110337160.5,1.103372,30000,OK,97.3333,25976735.6,0.259767,12.0,30000,OK,MURRAY_JRC_CONTEXT_ONLY_NEVER_A_SPARTINA_LABEL
CNA10K-R00237-C00097,1,1.0,110337160.5,1.103372,30000,OK,98.0,0.0,0.0,12.0,30000,OK,MURRAY_JRC_CONTEXT_ONLY_NEVER_A_SPARTINA_LABEL
CNA10K-R00237-C00098,1,2.0,87620686.3,0.876207,30000,OK,98.0,0.0,0.0,12.0,30000,OK,MURRAY_JRC_CONTEXT_ONLY_NEVER_A_SPARTINA_LABEL
CNA10K-R00237-C00099,1,2.0,90896613.1,0.908966,30000,OK,98.9118,100659850.5,1.006599,12.0,30000,OK,MURRAY_JRC_CONTEXT_ONLY_NEVER_A_SPARTINA_LABEL
CNA10K-R00237-C00100,1,2.0,110404736.3,1.104047,30000,OK,99.0,74683114.9,0.746831,12.0,30000,OK,MURRAY_JRC_CONTEXT_ONLY_NEVER_A_SPARTINA_LABEL
CNA10K-R00237-C00101,1,4.0,107159525.6,1.071595,30000,OK,99.0,100659850.5,1.006599,12.0,30000,OK,MURRAY_JRC_CONTEXT_ONLY_NEVER_A_SPARTINA_LABEL
CNA10K-R00237-C00102,1,2.0,77952630.2,0.779526,30000,OK,99.0,110401126.4,1.104011,12.0,30000,OK,MURRAY_JRC_CONTEXT_ONLY_NEVER_A_SPARTINA_LABEL
CNA10K-R00238-C00081,1,1.0,3245210.6,0.032452,30000,OK,67.0,0.0,0.0,6.0,30000,OK,MURRAY_JRC_CONTEXT_ONLY_NEVER_A_SPARTINA_LABEL
CNA10K-R00238-C00082,1,1.0,74639843.9,0.746398,30000,OK,68.6522,0.0,0.0,6.0,30000,OK,MURRAY_JRC_CONTEXT_ONLY_NEVER_A_SPARTINA_LABEL
CNA10K-R00238-C00083,1,1.0,74639843.9,0.746398,30000,OK,69.0,0.0,0.0,6.0,30000,OK,MURRAY_JRC_CONTEXT_ONLY_NEVER_A_SPARTINA_LABEL
CNA10K-R00238-C00086,1,1.0,110337160.5,1.103372,30000,OK,69.0,0.0,0.0,6.0,30000,OK,MURRAY_JRC_CONTEXT_ONLY_NEVER_A_SPARTINA_LABEL
CNA10K-R00238-C00087,1,2.0,110337160.5,1.103372,30000,OK,71.3478,0.0,0.0,6.5652,30000,OK,MURRAY_JRC_CONTEXT_ONLY_NEVER_A_SPARTINA_LABEL
CNA10K-R00238-C00088,1,1.0,110337160.5,1.103372,30000,OK,79.8824,0.0,0.0,8.3235,30000,OK,MURRAY_JRC_CONTEXT_ONLY_NEVER_A_SPARTINA_LABEL
CNA10K-R00238-C00089,1,1.0,74639843.9,0.746398,30000,OK,79.8824,0.0,0.0,8.3235,30000,OK,MURRAY_JRC_CONTEXT_ONLY_NEVER_A_SPARTINA_LABEL
CNA10K-R00238-C00090,1,2.0,97356318.1,0.973563,30000,OK,86.5806,38915561.9,0.389156,9.7742,30000,OK,MURRAY_JRC_CONTEXT_ONLY_NEVER_A_SPARTINA_LABEL
CNA10K-R00238-C00091,1,1.0,110337160.5,1.103372,30000,OK,97.0,71367903.4,0.713679,12.0,30000,OK,MURRAY_JRC_CONTEXT_ONLY_NEVER_A_SPARTINA_LABEL
CNA10K-R00238-C00092,1,1.0,110337160.5,1.103372,30000,OK,97.625,103838822.9,1.038388,12.0,30000,OK,MURRAY_JRC_CONTEXT_ONLY_NEVER_A_SPARTINA_LABEL
CNA10K-R00238-C00093,1,2.0,77885054.5,0.778851,30000,OK,94.2059,87646712.0,0.876467,11.5882,30000,OK,MURRAY_JRC_CONTEXT_ONLY_NEVER_A_SPARTINA_LABEL
CNA10K-R00238-C00094,1,1.0,94111107.5,0.941111,30000,OK,92.1176,74683114.9,0.746831,11.3529,30000,OK,MURRAY_JRC_CONTEXT_ONLY_NEVER_A_SPARTINA_LABEL
CNA10K-R00238-C00095,1,2.0,107091949.9,1.070919,30000,OK,96.0,74683114.9,0.746831,12.0,30000,OK,MURRAY_JRC_CONTEXT_ONLY_NEVER_A_SPARTINA_LABEL
CNA10K-R00238-C00096,1,1.0,110337160.5,1.103372,30000,OK,97.7419,12988367.8,0.129884,12.0,30000,OK,MURRAY_JRC_CONTEXT_ONLY_NEVER_A_SPARTINA_LABEL
CNA10K-R00238-C00097,1,1.0,81130265.1,0.811303,30000,OK,98.0,0.0,0.0,12.0,30000,OK,MURRAY_JRC_CONTEXT_ONLY_NEVER_A_SPARTINA_LABEL
CNA10K-R00238-C00098,1,2.0,97356318.1,0.973563,30000,OK,98.0,0.0,0.0,12.0,30000,OK,MURRAY_JRC_CONTEXT_ONLY_NEVER_A_SPARTINA_LABEL
CNA10K-R00238-C00099,1,1.0,110337160.5,1.103372,30000,OK,99.0,71436023.0,0.71436,12.0,30000,OK,MURRAY_JRC_CONTEXT_ONLY_NEVER_A_SPARTINA_LABEL
CNA10K-R00238-C00100,1,1.0,110337160.5,1.103372,30000,OK,99.0,107154034.4,1.07154,12.0,30000,OK,MURRAY_JRC_CONTEXT_ONLY_NEVER_A_SPARTINA_LABEL
CNA10K-R00238-C00101,1,2.0,74639843.9,0.746398,30000,OK,99.0,110401126.4,1.104011,12.0,30000,OK,MURRAY_JRC_CONTEXT_ONLY_NEVER_A_SPARTINA_LABEL
CNA10K-R00238-C00102,1,1.0,103846739.3,1.038467,30000,OK,99.0,97412758.6,0.974128,12.0,30000,OK,MURRAY_JRC_CONTEXT_ONLY_NEVER_A_SPARTINA_LABEL
CNA10K-R00238-C00103,1,1.0,110337160.5,1.103372,30000,OK,99.0,81177298.8,0.811773,12.0,30000,OK,MURRAY_JRC_CONTEXT_ONLY_NEVER_A_SPARTINA_LABEL
CNA10K-R00239-C00086,1,1.0,110125875.2,1.101259,30000,OK,69.0,0.0,0.0,6.0,30000,OK,MURRAY_JRC_CONTEXT_ONLY_NEVER_A_SPARTINA_LABEL
CNA10K-R00239-C00087,1,2.0,97169889.9,0.971699,30000,OK,71.2647,0.0,0.0,6.6471,30000,OK,MURRAY_JRC_CONTEXT_ONLY_NEVER_A_SPARTINA_LABEL
CNA10K-R00239-C00088,1,1.0,74496915.6,0.744969,30000,OK,76.0,0.0,0.0,8.0,30000,OK,MURRAY_JRC_CONTEXT_ONLY_NEVER_A_SPARTINA_LABEL
CNA10K-R00239-C00089,1,2.0,110194232.2,1.101942,30000,OK,76.0,0.0,0.0,8.0,30000,OK,MURRAY_JRC_CONTEXT_ONLY_NEVER_A_SPARTINA_LABEL
CNA10K-R00239-C00090,1,4.0,106955235.9,1.069552,30000,OK,86.2917,42131690.4,0.421317,10.1667,30000,OK,MURRAY_JRC_CONTEXT_ONLY_NEVER_A_SPARTINA_LABEL
CNA10K-R00239-C00091,1,2.0,103716239.6,1.037162,30000,OK,95.0,110190574.9,1.101906,12.0,30000,OK,MURRAY_JRC_CONTEXT_ONLY_NEVER_A_SPARTINA_LABEL
CNA10K-R00239-C00092,1,2.0,71326276.3,0.713263,30000,OK,95.0,110190574.9,1.101906,12.0,30000,OK,MURRAY_JRC_CONTEXT_ONLY_NEVER_A_SPARTINA_LABEL
CNA10K-R00239-C00093,1,1.0,64904212.1,0.649042,30000,OK,87.3,29168093.4,0.291681,10.6,30000,OK,MURRAY_JRC_CONTEXT_ONLY_NEVER_A_SPARTINA_LABEL
CNA10K-R00239-C00094,1,1.0,74639843.9,0.746398,30000,OK,84.0,0.0,0.0,10.0,30000,OK,MURRAY_JRC_CONTEXT_ONLY_NEVER_A_SPARTINA_LABEL
CNA10K-R00239-C00095,1,2.0,74639843.9,0.746398,30000,OK,84.0,0.0,0.0,10.0,30000,OK,MURRAY_JRC_CONTEXT_ONLY_NEVER_A_SPARTINA_LABEL
CNA10K-R00239-C00096,1,1.0,74639843.9,0.746398,30000,OK,94.9412,0.0,0.0,11.8235,30000,OK,MURRAY_JRC_CONTEXT_ONLY_NEVER_A_SPARTINA_LABEL
CNA10K-R00239-C00097,1,1.0,103846739.3,1.038467,30000,OK,96.0,0.0,0.0,12.0,30000,OK,MURRAY_JRC_CONTEXT_ONLY_NEVER_A_SPARTINA_LABEL
CNA10K-R00239-C00098,1,2.0,110337160.5,1.103372,30000,OK,96.0909,0.0,0.0,12.0,30000,OK,MURRAY_JRC_CONTEXT_ONLY_NEVER_A_SPARTINA_LABEL
CNA10K-R00239-C00099,1,1.0,103846739.3,1.038467,30000,OK,97.6471,35718011.5,0.35718,12.0,30000,OK,MURRAY_JRC_CONTEXT_ONLY_NEVER_A_SPARTINA_LABEL
CNA10K-R00239-C00100,1,1.0,74639843.9,0.746398,30000,OK,97.6471,35718011.5,0.35718,12.0,30000,OK,MURRAY_JRC_CONTEXT_ONLY_NEVER_A_SPARTINA_LABEL
CNA10K-R00239-C00101,1,2.0,110337160.5,1.103372,30000,OK,97.9259,45440709.3,0.454407,12.0,30000,OK,MURRAY_JRC_CONTEXT_ONLY_NEVER_A_SPARTINA_LABEL
CNA10K-R00239-C00102,1,1.0,110337160.5,1.103372,30000,OK,98.5769,84356271.2,0.843563,12.0,30000,OK,MURRAY_JRC_CONTEXT_ONLY_NEVER_A_SPARTINA_LABEL
CNA10K-R00239-C00103,1,1.0,94111107.5,0.941111,30000,OK,98.6765,110333006.8,1.10333,12.0,30000,OK,MURRAY_JRC_CONTEXT_ONLY_NEVER_A_SPARTINA_LABEL
CNA10K-R00240-C00086,1,1.0,84213904.6,0.842139,30000,OK,69.0,0.0,0.0,6.0,30000,OK,MURRAY_JRC_CONTEXT_ONLY_NEVER_A_SPARTINA_LABEL
CNA10K-R00240-C00087,1,2.0,84213904.6,0.842139,30000,OK,71.8824,0.0,0.0,6.8235,30000,OK,MURRAY_JRC_CONTEXT_ONLY_NEVER_A_SPARTINA_LABEL
CNA10K-R00240-C00088,1,1.0,110125875.2,1.101259,30000,OK,76.0,0.0,0.0,8.0,30000,OK,MURRAY_JRC_CONTEXT_ONLY_NEVER_A_SPARTINA_LABEL
CNA10K-R00240-C00089,1,1.0,110125875.2,1.101259,30000,OK,76.0,0.0,0.0,8.0,30000,OK,MURRAY_JRC_CONTEXT_ONLY_NEVER_A_SPARTINA_LABEL
CNA10K-R00240-C00090,1,2.0,93930893.6,0.939309,30000,OK,87.1765,64817985.3,0.64818,10.3529,30000,OK,MURRAY_JRC_CONTEXT_ONLY_NEVER_A_SPARTINA_LABEL
CNA10K-R00240-C00091,1,1.0,77735911.9,0.777359,30000,OK,95.0,110190574.9,1.101906,12.0,30000,OK,MURRAY_JRC_CONTEXT_ONLY_NEVER_A_SPARTINA_LABEL
CNA10K-R00240-C00095,0,0.0,0.0,0.0,30000,OK,84.0,0.0,0.0,10.0,30000,OK,MURRAY_JRC_CONTEXT_ONLY_NEVER_A_SPARTINA_LABEL
CNA10K-R00240-C00096,0,0.0,0.0,0.0,30000,OK,96.0,0.0,0.0,12.0,30000,OK,MURRAY_JRC_CONTEXT_ONLY_NEVER_A_SPARTINA_LABEL
CNA10K-R00240-C00097,0,0.0,0.0,0.0,30000,OK,96.0,0.0,0.0,12.0,30000,OK,MURRAY_JRC_CONTEXT_ONLY_NEVER_A_SPARTINA_LABEL
CNA10K-R00240-C00098,1,1.0,35628959.6,0.35629,30000,OK,96.1818,0.0,0.0,12.0,30000,OK,MURRAY_JRC_CONTEXT_ONLY_NEVER_A_SPARTINA_LABEL
CNA10K-R00240-C00099,1,2.0,80987336.8,0.809873,30000,OK,97.0,0.0,0.0,12.0,30000,OK,MURRAY_JRC_CONTEXT_ONLY_NEVER_A_SPARTINA_LABEL
CNA10K-R00240-C00100,1,2.0,110194232.2,1.101942,30000,OK,97.0,0.0,0.0,12.0,30000,OK,MURRAY_JRC_CONTEXT_ONLY_NEVER_A_SPARTINA_LABEL
CNA10K-R00240-C00101,1,4.0,110194232.2,1.101942,30000,OK,97.4643,42131690.4,0.421317,12.0,30000,OK,MURRAY_JRC_CONTEXT_ONLY_NEVER_A_SPARTINA_LABEL
CNA10K-R00240-C00102,1,2.0,87521257.9,0.875213,30000,OK,98.0,110190574.9,1.101906,12.0,30000,OK,MURRAY_JRC_CONTEXT_ONLY_NEVER_A_SPARTINA_LABEL
CNA10K-R00240-C00103,1,2.0,87552329.3,0.875523,30000,OK,98.0,110190574.9,1.101906,12.0,30000,OK,MURRAY_JRC_CONTEXT_ONLY_NEVER_A_SPARTINA_LABEL
CNA10K-R00240-C00104,1,4.0,107023592.9,1.070236,30000,OK,98.5652,74540683.0,0.745407,12.0,30000,OK,MURRAY_JRC_CONTEXT_ONLY_NEVER_A_SPARTINA_LABEL
CNA10K-R00240-C00105,1,2.0,110268803.5,1.102688,30000,OK,99.0,103708776.4,1.037088,12.0,30000,OK,MURRAY_JRC_CONTEXT_ONLY_NEVER_A_SPARTINA_LABEL
CNA10K-R00240-C00106,1,2.0,74633629.6,0.746336,30000,OK,99.0,110190574.9,1.101906,12.0,30000,OK,MURRAY_JRC_CONTEXT_ONLY_NEVER_A_SPARTINA_LABEL
CNA10K-R00240-C00107,1,1.0,103846739.3,1.038467,30000,OK,98.2333,97226977.9,0.97227,12.0,30000,OK,MURRAY_JRC_CONTEXT_ONLY_NEVER_A_SPARTINA_LABEL
CNA10K-R00240-C00108,1,1.0,110337160.5,1.103372,30000,OK,98.0,74540683.0,0.745407,12.0,30000,OK,MURRAY_JRC_CONTEXT_ONLY_NEVER_A_SPARTINA_LABEL
CNA10K-R00240-C00109,1,2.0,94111107.5,0.941111,30000,OK,98.0,74540683.0,0.745407,12.0,30000,OK,MURRAY_JRC_CONTEXT_ONLY_NEVER_A_SPARTINA_LABEL
CNA10K-R00240-C00110,1,1.0,84375475.7,0.843755,30000,OK,98.0,74540683.0,0.745407,12.0,30000,OK,MURRAY_JRC_CONTEXT_ONLY_NEVER_A_SPARTINA_LABEL
CNA10K-R00241-C00085,1,1.0,74496915.6,0.744969,30000,OK,68.0,0.0,0.0,6.0,30000,OK,MURRAY_JRC_CONTEXT_ONLY_NEVER_A_SPARTINA_LABEL
CNA10K-R00241-C00086,1,1.0,100408886.2,1.004089,30000,OK,68.0,0.0,0.0,6.0,30000,OK,MURRAY_JRC_CONTEXT_ONLY_NEVER_A_SPARTINA_LABEL
CNA10K-R00241-C00087,1,2.0,106886878.9,1.068869,30000,OK,76.1304,0.0,0.0,7.4348,30000,OK,MURRAY_JRC_CONTEXT_ONLY_NEVER_A_SPARTINA_LABEL
CNA10K-R00241-C00088,1,1.0,110125875.2,1.101259,30000,OK,82.4688,0.0,0.0,8.7188,30000,OK,MURRAY_JRC_CONTEXT_ONLY_NEVER_A_SPARTINA_LABEL
CNA10K-R00241-C00089,1,1.0,84213904.6,0.842139,30000,OK,82.0882,0.0,0.0,8.6765,30000,OK,MURRAY_JRC_CONTEXT_ONLY_NEVER_A_SPARTINA_LABEL
CNA10K-R00241-C00090,1,2.0,90691897.2,0.906919,30000,OK,83.1212,22686294.8,0.226863,9.5152,30000,OK,MURRAY_JRC_CONTEXT_ONLY_NEVER_A_SPARTINA_LABEL
CNA10K-R00241-C00091,1,1.0,110125875.2,1.101259,30000,OK,86.3333,35649891.9,0.356499,10.375,30000,OK,MURRAY_JRC_CONTEXT_ONLY_NEVER_A_SPARTINA_LABEL
CNA10K-R00241-C00097,0,0.0,0.0,0.0,30000,OK,96.0,0.0,0.0,12.0,30000,OK,MURRAY_JRC_CONTEXT_ONLY_NEVER_A_SPARTINA_LABEL
CNA10K-R00241-C00098,1,1.0,51823941.3,0.518239,30000,OK,96.2941,0.0,0.0,12.0,30000,OK,MURRAY_JRC_CONTEXT_ONLY_NEVER_A_SPARTINA_LABEL
CNA10K-R00241-C00099,1,1.0,110125875.2,1.101259,30000,OK,97.0,0.0,0.0,12.0,30000,OK,MURRAY_JRC_CONTEXT_ONLY_NEVER_A_SPARTINA_LABEL
CNA10K-R00241-C00100,1,1.0,110125875.2,1.101259,30000,OK,97.0,0.0,0.0,12.0,30000,OK,MURRAY_JRC_CONTEXT_ONLY_NEVER_A_SPARTINA_LABEL
CNA10K-R00241-C00101,1,2.0,84213904.6,0.842139,30000,OK,97.5,55095287.5,0.550953,12.0,30000,OK,MURRAY_JRC_CONTEXT_ONLY_NEVER_A_SPARTINA_LABEL
CNA10K-R00241-C00102,1,1.0,97169889.9,0.971699,30000,OK,98.0,106949675.7,1.069497,12.0,30000,OK,MURRAY_JRC_CONTEXT_ONLY_NEVER_A_SPARTINA_LABEL
CNA10K-R00241-C00103,1,1.0,110125875.2,1.101259,30000,OK,98.0,74540683.0,0.745407,12.0,30000,OK,MURRAY_JRC_CONTEXT_ONLY_NEVER_A_SPARTINA_LABEL
CNA10K-R00241-C00104,1,2.0,106886878.9,1.068869,30000,OK,98.697,106949675.7,1.069497,12.0,30000,OK,MURRAY_JRC_CONTEXT_ONLY_NEVER_A_SPARTINA_LABEL
CNA10K-R00241-C00105,1,1.0,74496915.6,0.744969,30000,OK,99.0,110190574.9,1.101906,12.0,30000,OK,MURRAY_JRC_CONTEXT_ONLY_NEVER_A_SPARTINA_LABEL
CNA10K-R00241-C00106,1,2.0,106886878.9,1.068869,30000,OK,99.0,93986078.6,0.939861,12.0,30000,OK,MURRAY_JRC_CONTEXT_ONLY_NEVER_A_SPARTINA_LABEL
CNA10K-R00241-C00107,1,1.0,110125875.2,1.101259,30000,OK,98.0769,84263380.8,0.842634,12.0,30000,OK,MURRAY_JRC_CONTEXT_ONLY_NEVER_A_SPARTINA_LABEL
CNA10K-R00241-C00108,1,1.0,93930893.6,0.939309,30000,OK,98.0,110190574.9,1.101906,12.0,30000,OK,MURRAY_JRC_CONTEXT_ONLY_NEVER_A_SPARTINA_LABEL
CNA10K-R00241-C00109,1,4.0,84238761.7,0.842388,30000,OK,98.0,110190574.9,1.101906,12.0,30000,OK,MURRAY_JRC_CONTEXT_ONLY_NEVER_A_SPARTINA_LABEL
CNA10K-R00241-C00110,1,2.0,110194232.2,1.101942,30000,OK,98.0,74540683.0,0.745407,12.0,30000,OK,MURRAY_JRC_CONTEXT_ONLY_NEVER_A_SPARTINA_LABEL
CNA10K-R00241-C00111,1,2.0,106955235.9,1.069552,30000,OK,98.0,106949675.7,1.069497,12.0,30000,OK,MURRAY_JRC_CONTEXT_ONLY_NEVER_A_SPARTINA_LABEL
CNA10K-R00241-C00112,1,3.0,55100223.2,0.551002,30000,OK,98.0,110190574.9,1.101906,12.0,30000,OK,MURRAY_JRC_CONTEXT_ONLY_NEVER_A_SPARTINA_LABEL
CNA10K-R00242-C00085,1,1.0,109912174.9,1.099122,30000,OK,68.0,0.0,0.0,6.0,30000,OK,MURRAY_JRC_CONTEXT_ONLY_NEVER_A_SPARTINA_LABEL
CNA10K-R00242-C00086,1,1.0,109912174.9,1.099122,30000,OK,68.0,0.0,0.0,6.0,30000,OK,MURRAY_JRC_CONTEXT_ONLY_NEVER_A_SPARTINA_LABEL
CNA10K-R00242-C00087,1,2.0,106679463.9,1.066795,30000,OK,77.5,0.0,0.0,7.6765,30000,OK,MURRAY_JRC_CONTEXT_ONLY_NEVER_A_SPARTINA_LABEL
CNA10K-R00242-C00088,1,1.0,74352353.6,0.743524,30000,OK,85.0,0.0,0.0,9.0,30000,OK,MURRAY_JRC_CONTEXT_ONLY_NEVER_A_SPARTINA_LABEL
CNA10K-R00242-C00089,1,2.0,97031613.2,0.970316,30000,OK,85.0,0.0,0.0,9.0,30000,OK,MURRAY_JRC_CONTEXT_ONLY_NEVER_A_SPARTINA_LABEL
CNA10K-R00242-C00090,1,2.0,109981313.3,1.099813,30000,OK,80.3043,0.0,0.0,9.0,30000,OK,MURRAY_JRC_CONTEXT_ONLY_NEVER_A_SPARTINA_LABEL
CNA10K-R00242-C00098,1,1.0,68018922.9,0.680189,30000,OK,75.1429,0.0,0.0,9.0,30000,OK,MURRAY_JRC_CONTEXT_ONLY_NEVER_A_SPARTINA_LABEL
CNA10K-R00242-C00099,1,1.0,110125875.2,1.101259,30000,OK,91.0,0.0,0.0,11.3226,30000,OK,MURRAY_JRC_CONTEXT_ONLY_NEVER_A_SPARTINA_LABEL
CNA10K-R00242-C00100,1,1.0,77735911.9,0.777359,30000,OK,91.1935,0.0,0.0,11.3437,30000,OK,MURRAY_JRC_CONTEXT_ONLY_NEVER_A_SPARTINA_LABEL
CNA10K-R00242-C00101,1,2.0,100408886.2,1.004089,30000,OK,92.2333,19445395.6,0.194454,11.3667,30000,OK,MURRAY_JRC_CONTEXT_ONLY_NEVER_A_SPARTINA_LABEL
CNA10K-R00242-C00102,1,1.0,110125875.2,1.101259,30000,OK,94.3333,42131690.4,0.421317,11.5417,30000,OK,MURRAY_JRC_CONTEXT_ONLY_NEVER_A_SPARTINA_LABEL
CNA10K-R00242-C00103,1,1.0,100408886.2,1.004089,30000,OK,95.4118,74540683.0,0.745407,11.6765,30000,OK,MURRAY_JRC_CONTEXT_ONLY_NEVER_A_SPARTINA_LABEL
CNA10K-R00242-C00104,1,1.0,74496915.6,0.744969,30000,OK,97.2647,74540683.0,0.745407,11.6765,30000,OK,MURRAY_JRC_CONTEXT_ONLY_NEVER_A_SPARTINA_LABEL
CNA10K-R00242-C00105,1,1.0,110125875.2,1.101259,30000,OK,98.4074,74540683.0,0.745407,11.8519,30000,OK,MURRAY_JRC_CONTEXT_ONLY_NEVER_A_SPARTINA_LABEL
CNA10K-R00242-C00106,1,2.0,110125875.2,1.101259,30000,OK,99.0,90745179.4,0.907452,12.0,30000,OK,MURRAY_JRC_CONTEXT_ONLY_NEVER_A_SPARTINA_LABEL
CNA10K-R00242-C00107,1,1.0,87452900.9,0.874529,30000,OK,98.0,106949675.7,1.069497,12.0,30000,OK,MURRAY_JRC_CONTEXT_ONLY_NEVER_A_SPARTINA_LABEL
CNA10K-R00242-C00108,1,1.0,90691897.2,0.906919,30000,OK,98.0,110190574.9,1.101906,12.0,30000,OK,MURRAY_JRC_CONTEXT_ONLY_NEVER_A_SPARTINA_LABEL
CNA10K-R00242-C00109,1,2.0,110125875.2,1.101259,30000,OK,98.0,71299783.8,0.712998,12.0,30000,OK,MURRAY_JRC_CONTEXT_ONLY_NEVER_A_SPARTINA_LABEL
CNA10K-R00242-C00110,1,1.0,106886878.9,1.068869,30000,OK,98.0,110190574.9,1.101906,12.0,30000,OK,MURRAY_JRC_CONTEXT_ONLY_NEVER_A_SPARTINA_LABEL
CNA10K-R00242-C00111,1,1.0,74496915.6,0.744969,30000,OK,98.0,110190574.9,1.101906,12.0,30000,OK,MURRAY_JRC_CONTEXT_ONLY_NEVER_A_SPARTINA_LABEL
CNA10K-R00242-C00112,1,2.0,110125875.2,1.101259,30000,OK,98.0,84263380.8,0.842634,12.0,30000,OK,MURRAY_JRC_CONTEXT_ONLY_NEVER_A_SPARTINA_LABEL
CNA10K-R00242-C00113,1,1.0,110125875.2,1.101259,30000,OK,98.0,93986078.6,0.939861,12.0,30000,OK,MURRAY_JRC_CONTEXT_ONLY_NEVER_A_SPARTINA_LABEL
CNA10K-R00242-C00114,1,1.0,84213904.6,0.842139,30000,OK,98.0,110190574.9,1.101906,12.0,30000,OK,MURRAY_JRC_CONTEXT_ONLY_NEVER_A_SPARTINA_LABEL
CNA10K-R00242-C00115,1,2.0,97169889.9,0.971699,30000,OK,98.0,45372589.7,0.453726,12.0,30000,OK,MURRAY_JRC_CONTEXT_ONLY_NEVER_A_SPARTINA_LABEL
CNA10K-R00243-C00085,1,1.0,109912174.9,1.099122,30000,OK,68.0,0.0,0.0,6.0,30000,OK,MURRAY_JRC_CONTEXT_ONLY_NEVER_A_SPARTINA_LABEL
CNA10K-R00243-C00086,1,1.0,93748619.8,0.937486,30000,OK,68.0,0.0,0.0,6.0,30000,OK,MURRAY_JRC_CONTEXT_ONLY_NEVER_A_SPARTINA_LABEL
CNA10K-R00243-C00087,1,2.0,74352353.6,0.743524,30000,OK,79.5,0.0,0.0,8.0294,30000,OK,MURRAY_JRC_CONTEXT_ONLY_NEVER_A_SPARTINA_LABEL
CNA10K-R00243-C00088,1,1.0,109912174.9,1.099122,30000,OK,85.0,0.0,0.0,9.0,30000,OK,MURRAY_JRC_CONTEXT_ONLY_NEVER_A_SPARTINA_LABEL
CNA10K-R00243-C00089,1,2.0,109912174.9,1.099122,30000,OK,85.0,0.0,0.0,9.0,30000,OK,MURRAY_JRC_CONTEXT_ONLY_NEVER_A_SPARTINA_LABEL
CNA10K-R00243-C00100,1,1.0,32389963.3,0.3239,30000,OK,88.0,0.0,0.0,11.0,30000,OK,MURRAY_JRC_CONTEXT_ONLY_NEVER_A_SPARTINA_LABEL
CNA10K-R00243-C00101,1,2.0,35628959.6,0.35629,30000,OK,89.4615,0.0,0.0,11.0,30000,OK,MURRAY_JRC_CONTEXT_ONLY_NEVER_A_SPARTINA_LABEL
CNA10K-R00243-C00102,1,1.0,35628959.6,0.35629,30000,OK,90.0,0.0,0.0,11.0,30000,OK,MURRAY_JRC_CONTEXT_ONLY_NEVER_A_SPARTINA_LABEL
CNA10K-R00243-C00103,1,2.0,42106952.3,0.42107,30000,OK,90.0,0.0,0.0,11.0,30000,OK,MURRAY_JRC_CONTEXT_ONLY_NEVER_A_SPARTINA_LABEL
CNA10K-R00243-C00104,1,1.0,74496915.6,0.744969,30000,OK,94.4,0.0,0.0,11.0,30000,OK,MURRAY_JRC_CONTEXT_ONLY_NEVER_A_SPARTINA_LABEL
CNA10K-R00243-C00105,1,1.0,74496915.6,0.744969,30000,OK,95.0,0.0,0.0,11.0,30000,OK,MURRAY_JRC_CONTEXT_ONLY_NEVER_A_SPARTINA_LABEL
CNA10K-R00243-C00106,1,2.0,71257919.2,0.712579,30000,OK,94.2941,0.0,0.0,10.9118,30000,OK,MURRAY_JRC_CONTEXT_ONLY_NEVER_A_SPARTINA_LABEL
CNA10K-R00243-C00107,1,1.0,97169889.9,0.971699,30000,OK,87.0,0.0,0.0,10.0,30000,OK,MURRAY_JRC_CONTEXT_ONLY_NEVER_A_SPARTINA_LABEL
CNA10K-R00243-C00108,1,1.0,110125875.2,1.101259,30000,OK,87.0,0.0,0.0,10.0,30000,OK,MURRAY_JRC_CONTEXT_ONLY_NEVER_A_SPARTINA_LABEL
CNA10K-R00243-C00109,1,2.0,103647882.5,1.036479,30000,OK,92.4118,35649891.9,0.356499,11.0588,30000,OK,MURRAY_JRC_CONTEXT_ONLY_NEVER_A_SPARTINA_LABEL
CNA10K-R00243-C00110,1,1.0,77735911.9,0.777359,30000,OK,96.6471,35649891.9,0.356499,12.0,30000,OK,MURRAY_JRC_CONTEXT_ONLY_NEVER_A_SPARTINA_LABEL
CNA10K-R00243-C00111,1,1.0,110125875.2,1.101259,30000,OK,96.8462,35649891.9,0.356499,12.0,30000,OK,MURRAY_JRC_CONTEXT_ONLY_NEVER_A_SPARTINA_LABEL
CNA10K-R00243-C00112,1,2.0,110125875.2,1.101259,30000,OK,97.2414,58336186.7,0.583362,12.0,30000,OK,MURRAY_JRC_CONTEXT_ONLY_NEVER_A_SPARTINA_LABEL
CNA10K-R00243-C00113,1,1.0,80974908.2,0.809749,30000,OK,97.3529,74540683.0,0.745407,12.0,30000,OK,MURRAY_JRC_CONTEXT_ONLY_NEVER_A_SPARTINA_LABEL
CNA10K-R00243-C00114,1,1.0,100408886.2,1.004089,30000,OK,97.5333,74540683.0,0.745407,12.0,30000,OK,MURRAY_JRC_CONTEXT_ONLY_NEVER_A_SPARTINA_LABEL
CNA10K-R00243-C00115,1,2.0,110125875.2,1.101259,30000,OK,98.0,22686294.8,0.226863,12.0,30000,OK,MURRAY_JRC_CONTEXT_ONLY_NEVER_A_SPARTINA_LABEL
CNA10K-R00243-C00116,1,1.0,93930893.6,0.939309,30000,OK,98.0,0.0,0.0,12.0,30000,OK,MURRAY_JRC_CONTEXT_ONLY_NEVER_A_SPARTINA_LABEL
CNA10K-R00244-C00085,1,1.0,74352353.6,0.743524,30000,OK,77.0,0.0,0.0,8.0,30000,OK,MURRAY_JRC_CONTEXT_ONLY_NEVER_A_SPARTINA_LABEL
CNA10K-R00244-C00086,1,1.0,90515908.8,0.905159,30000,OK,77.0,0.0,0.0,8.0,30000,OK,MURRAY_JRC_CONTEXT_ONLY_NEVER_A_SPARTINA_LABEL
CNA10K-R00244-C00087,1,2.0,109912174.9,1.099122,30000,OK,82.6667,0.0,0.0,8.7083,30000,OK,MURRAY_JRC_CONTEXT_ONLY_NEVER_A_SPARTINA_LABEL
CNA10K-R00244-C00088,1,1.0,109912174.9,1.099122,30000,OK,85.0,0.0,0.0,9.0,30000,OK,MURRAY_JRC_CONTEXT_ONLY_NEVER_A_SPARTINA_LABEL
CNA10K-R00244-C00105,0,0.0,0.0,0.0,30000,OK,95.0,0.0,0.0,11.0,30000,OK,MURRAY_JRC_CONTEXT_ONLY_NEVER_A_SPARTINA_LABEL
CNA10K-R00244-C00106,0,0.0,0.0,0.0,30000,OK,93.9677,0.0,0.0,10.871,30000,OK,MURRAY_JRC_CONTEXT_ONLY_NEVER_A_SPARTINA_LABEL
CNA10K-R00244-C00107,0,0.0,0.0,0.0,30000,OK,87.0,0.0,0.0,10.0,30000,OK,MURRAY_JRC_CONTEXT_ONLY_NEVER_A_SPARTINA_LABEL
CNA10K-R00244-C00108,0,0.0,0.0,0.0,30000,OK,87.0,0.0,0.0,10.0,30000,OK,MURRAY_JRC_CONTEXT_ONLY_NEVER_A_SPARTINA_LABEL
CNA10K-R00244-C00109,1,1.0,6477992.7,0.06478,30000,OK,90.7059,0.0,0.0,10.8235,30000,OK,MURRAY_JRC_CONTEXT_ONLY_NEVER_A_SPARTINA_LABEL
CNA10K-R00244-C00110,1,1.0,35628959.6,0.35629,30000,OK,96.0,0.0,0.0,12.0,30000,OK,MURRAY_JRC_CONTEXT_ONLY_NEVER_A_SPARTINA_LABEL
CNA10K-R00244-C00111,1,1.0,35628959.6,0.35629,30000,OK,96.0,0.0,0.0,12.0,30000,OK,MURRAY_JRC_CONTEXT_ONLY_NEVER_A_SPARTINA_LABEL
CNA10K-R00244-C00112,1,2.0,35628959.6,0.35629,30000,OK,96.0,0.0,0.0,12.0,30000,OK,MURRAY_JRC_CONTEXT_ONLY_NEVER_A_SPARTINA_LABEL
CNA10K-R00244-C00113,1,1.0,68018922.9,0.680189,30000,OK,96.0,0.0,0.0,12.0,30000,OK,MURRAY_JRC_CONTEXT_ONLY_NEVER_A_SPARTINA_LABEL
CNA10K-R00244-C00114,1,1.0,71257919.2,0.712579,30000,OK,96.0,0.0,0.0,12.0,30000,OK,MURRAY_JRC_CONTEXT_ONLY_NEVER_A_SPARTINA_LABEL
CNA10K-R00244-C00115,1,1.0,74496915.6,0.744969,30000,OK,97.5882,0.0,0.0,12.0,30000,OK,MURRAY_JRC_CONTEXT_ONLY_NEVER_A_SPARTINA_LABEL
CNA10K-R00244-C00116,1,1.0,90691897.2,0.906919,30000,OK,98.0,0.0,0.0,12.0,30000,OK,MURRAY_JRC_CONTEXT_ONLY_NEVER_A_SPARTINA_LABEL
CNA10K-R00244-C00117,1,2.0,110125875.2,1.101259,30000,OK,98.0,0.0,0.0,12.0,30000,OK,MURRAY_JRC_CONTEXT_ONLY_NEVER_A_SPARTINA_LABEL
CNA10K-R00244-C00118,1,1.0,100408886.2,1.004089,30000,OK,98.0,74396617.5,0.743966,12.0,30000,OK,MURRAY_JRC_CONTEXT_ONLY_NEVER_A_SPARTINA_LABEL
CNA10K-R00244-C00119,1,1.0,84213904.6,0.842139,30000,OK,98.0,74396617.5,0.743966,12.0,30000,OK,MURRAY_JRC_CONTEXT_ONLY_NEVER_A_SPARTINA_LABEL
CNA10K-R00245-C00085,0,0.0,0.0,0.0,30000,OK,77.0,0.0,0.0,8.0,30000,OK,MURRAY_JRC_CONTEXT_ONLY_NEVER_A_SPARTINA_LABEL
CNA10K-R00245-C00086,0,0.0,0.0,0.0,30000,OK,77.0,0.0,0.0,8.0,30000,OK,MURRAY_JRC_CONTEXT_ONLY_NEVER_A_SPARTINA_LABEL
CNA10K-R00245-C00112,0,0.0,0.0,0.0,30000,OK,96.0,0.0,0.0,12.0,30000,OK,MURRAY_JRC_CONTEXT_ONLY_NEVER_A_SPARTINA_LABEL
CNA10K-R00245-C00113,0,0.0,0.0,0.0,30000,OK,96.0,0.0,0.0,12.0,30000,OK,MURRAY_JRC_CONTEXT_ONLY_NEVER_A_SPARTINA_LABEL
CNA10K-R00245-C00114,0,0.0,0.0,0.0,30000,OK,96.0,0.0,0.0,12.0,30000,OK,MURRAY_JRC_CONTEXT_ONLY_NEVER_A_SPARTINA_LABEL
CNA10K-R00245-C00115,0,0.0,0.0,0.0,30000,OK,97.875,0.0,0.0,12.0,30000,OK,MURRAY_JRC_CONTEXT_ONLY_NEVER_A_SPARTINA_LABEL
CNA10K-R00245-C00116,0,0.0,0.0,0.0,30000,OK,98.0,0.0,0.0,12.0,30000,OK,MURRAY_JRC_CONTEXT_ONLY_NEVER_A_SPARTINA_LABEL
CNA10K-R00245-C00117,1,1.0,29094399.2,0.290944,30000,OK,98.0,12938542.2,0.129385,12.0,30000,OK,MURRAY_JRC_CONTEXT_ONLY_NEVER_A_SPARTINA_LABEL
CNA10K-R00245-C00118,1,2.0,84069342.6,0.840693,30000,OK,98.0,109977608.5,1.099776,12.0,30000,OK,MURRAY_JRC_CONTEXT_ONLY_NEVER_A_SPARTINA_LABEL
CNA10K-R00245-C00119,1,2.0,109981313.3,1.099813,30000,OK,98.0,77631253.1,0.776313,12.0,30000,OK,MURRAY_JRC_CONTEXT_ONLY_NEVER_A_SPARTINA_LABEL
CNA10K-R00246-C00115,0,0.0,0.0,0.0,30000,OK,98.0,0.0,0.0,12.0,30000,OK,MURRAY_JRC_CONTEXT_ONLY_NEVER_A_SPARTINA_LABEL
CNA10K-R00246-C00116,0,0.0,0.0,0.0,30000,OK,98.0,0.0,0.0,12.0,30000,OK,MURRAY_JRC_CONTEXT_ONLY_NEVER_A_SPARTINA_LABEL
CNA10K-R00246-C00117,1,1.0,45257954.4,0.45258,30000,OK,98.0,25877084.4,0.258771,12.0,30000,OK,MURRAY_JRC_CONTEXT_ONLY_NEVER_A_SPARTINA_LABEL
CNA10K-R00246-C00118,1,1.0,109912174.9,1.099122,30000,OK,98.0,74396617.5,0.743966,12.0,30000,OK,MURRAY_JRC_CONTEXT_ONLY_NEVER_A_SPARTINA_LABEL
CNA10K-R00246-C00119,1,1.0,106679463.9,1.066795,30000,OK,98.0,106742973.0,1.06743,12.0,30000,OK,MURRAY_JRC_CONTEXT_ONLY_NEVER_A_SPARTINA_LABEL
CNA10K-R00247-C00117,1,1.0,64654220.5,0.646542,30000,OK,82.4286,0.0,0.0,9.5,30000,OK,MURRAY_JRC_CONTEXT_ONLY_NEVER_A_SPARTINA_LABEL
CNA10K-R00247-C00118,1,1.0,103446752.9,1.034468,30000,OK,95.2121,32346355.5,0.323464,11.303,30000,OK,MURRAY_JRC_CONTEXT_ONLY_NEVER_A_SPARTINA_LABEL
CNA10K-R00247-C00119,1,1.0,80817775.7,0.808178,30000,OK,95.2941,35580991.0,0.35581,11.3235,30000,OK,MURRAY_JRC_CONTEXT_ONLY_NEVER_A_SPARTINA_LABEL
CNA10K-R00247-C00120,1,2.0,113144886.0,1.131449,30000,OK,96.8333,35542985.5,0.35543,11.7083,30000,OK,MURRAY_JRC_CONTEXT_ONLY_NEVER_A_SPARTINA_LABEL
CNA10K-R00247-C00121,1,1.0,109912174.9,1.099122,30000,OK,98.0,35511314.3,0.355113,12.0,30000,OK,MURRAY_JRC_CONTEXT_ONLY_NEVER_A_SPARTINA_LABEL
CNA10K-R00248-C00116,0,0.0,0.0,0.0,30000,OK,67.0,0.0,0.0,8.0,30000,OK,MURRAY_JRC_CONTEXT_ONLY_NEVER_A_SPARTINA_LABEL
CNA10K-R00248-C00117,1,1.0,70979814.4,0.709798,30000,OK,86.2857,0.0,0.0,9.9565,30000,OK,MURRAY_JRC_CONTEXT_ONLY_NEVER_A_SPARTINA_LABEL
CNA10K-R00248-C00118,1,2.0,80671591.7,0.806716,30000,OK,94.0,0.0,0.0,11.0,30000,OK,MURRAY_JRC_CONTEXT_ONLY_NEVER_A_SPARTINA_LABEL
CNA10K-R00248-C00119,1,2.0,109765990.9,1.09766,30000,OK,94.0,0.0,0.0,11.0,30000,OK,MURRAY_JRC_CONTEXT_ONLY_NEVER_A_SPARTINA_LABEL
CNA10K-R00248-C00120,1,4.0,106539635.7,1.065396,30000,OK,96.875,74250929.9,0.742509,11.7188,30000,OK,MURRAY_JRC_CONTEXT_ONLY_NEVER_A_SPARTINA_LABEL
CNA10K-R00248-C00121,1,2.0,74282439.5,0.742824,30000,OK,98.0,109762244.3,1.097622,12.0,30000,OK,MURRAY_JRC_CONTEXT_ONLY_NEVER_A_SPARTINA_LABEL
CNA10K-R00248-C00122,1,3.0,103376838.8,1.033768,30000,OK,98.0,87164135.2,0.871641,12.0,30000,OK,MURRAY_JRC_CONTEXT_ONLY_NEVER_A_SPARTINA_LABEL
CNA10K-R00248-C00125,1,1.0,32327110.3,0.323271,30000,OK,98.0,90392436.5,0.903924,12.0,30000,OK,MURRAY_JRC_CONTEXT_ONLY_NEVER_A_SPARTINA_LABEL
CNA10K-R00248-C00126,1,1.0,109912174.9,1.099122,30000,OK,98.0,74250929.9,0.742509,12.0,30000,OK,MURRAY_JRC_CONTEXT_ONLY_NEVER_A_SPARTINA_LABEL
CNA10K-R00249-C00116,0,0.0,0.0,0.0,30000,OK,67.0,0.0,0.0,8.0,30000,OK,MURRAY_JRC_CONTEXT_ONLY_NEVER_A_SPARTINA_LABEL
CNA10K-R00249-C00117,1,1.0,67753459.2,0.677535,30000,OK,87.7692,0.0,0.0,10.1429,30000,OK,MURRAY_JRC_CONTEXT_ONLY_NEVER_A_SPARTINA_LABEL
CNA10K-R00249-C00118,1,1.0,109696076.8,1.096961,30000,OK,94.0,0.0,0.0,11.0,30000,OK,MURRAY_JRC_CONTEXT_ONLY_NEVER_A_SPARTINA_LABEL
CNA10K-R00249-C00119,1,1.0,106469721.6,1.064697,30000,OK,94.0,0.0,0.0,11.0,30000,OK,MURRAY_JRC_CONTEXT_ONLY_NEVER_A_SPARTINA_LABEL
CNA10K-R00249-C00120,1,1.0,74206169.6,0.742062,30000,OK,97.1765,87164135.2,0.871641,11.7941,30000,OK,MURRAY_JRC_CONTEXT_ONLY_NEVER_A_SPARTINA_LABEL
CNA10K-R00249-C00121,1,1.0,109696076.8,1.096961,30000,OK,98.0,87164135.2,0.871641,12.0,30000,OK,MURRAY_JRC_CONTEXT_ONLY_NEVER_A_SPARTINA_LABEL
CNA10K-R00249-C00122,1,2.0,109696076.8,1.096961,30000,OK,98.0,96849039.1,0.96849,12.0,30000,OK,MURRAY_JRC_CONTEXT_ONLY_NEVER_A_SPARTINA_LABEL
CNA10K-R00249-C00123,1,1.0,77432524.8,0.774325,30000,OK,98.0,109762244.3,1.097622,12.0,30000,OK,MURRAY_JRC_CONTEXT_ONLY_NEVER_A_SPARTINA_LABEL
CNA10K-R00249-C00124,1,1.0,109696076.8,1.096961,30000,OK,98.0,90392436.5,0.903924,12.0,30000,OK,MURRAY_JRC_CONTEXT_ONLY_NEVER_A_SPARTINA_LABEL
CNA10K-R00249-C00125,1,2.0,109696076.8,1.096961,30000,OK,98.0,93620737.8,0.936207,12.0,30000,OK,MURRAY_JRC_CONTEXT_ONLY_NEVER_A_SPARTINA_LABEL
CNA10K-R00249-C00126,1,1.0,77432524.8,0.774325,30000,OK,98.0,109762244.3,1.097622,12.0,30000,OK,MURRAY_JRC_CONTEXT_ONLY_NEVER_A_SPARTINA_LABEL
CNA10K-R00249-C00127,1,2.0,106533279.9,1.065333,30000,OK,98.0,90392436.5,0.903924,12.0,30000,OK,MURRAY_JRC_CONTEXT_ONLY_NEVER_A_SPARTINA_LABEL
CNA10K-R00250-C00116,0,0.0,0.0,0.0,30000,OK,70.0,0.0,0.0,9.0,30000,OK,MURRAY_JRC_CONTEXT_ONLY_NEVER_A_SPARTINA_LABEL
CNA10K-R00250-C00117,1,1.0,103243366.4,1.032434,30000,OK,80.9091,0.0,0.0,9.6667,30000,OK,MURRAY_JRC_CONTEXT_ONLY_NEVER_A_SPARTINA_LABEL
CNA10K-R00250-C00118,1,1.0,109696076.8,1.096961,30000,OK,87.5312,0.0,0.0,10.2812,30000,OK,MURRAY_JRC_CONTEXT_ONLY_NEVER_A_SPARTINA_LABEL
CNA10K-R00250-C00119,1,2.0,77432524.8,0.774325,30000,OK,87.9118,0.0,0.0,10.3235,30000,OK,MURRAY_JRC_CONTEXT_ONLY_NEVER_A_SPARTINA_LABEL
CNA10K-R00250-C00120,1,1.0,112922432.0,1.129224,30000,OK,95.7308,32283013.0,0.32283,11.3462,30000,OK,MURRAY_JRC_CONTEXT_ONLY_NEVER_A_SPARTINA_LABEL
CNA10K-R00250-C00121,1,1.0,109696076.8,1.096961,30000,OK,96.9,61337724.7,0.613377,11.6333,30000,OK,MURRAY_JRC_CONTEXT_ONLY_NEVER_A_SPARTINA_LABEL
CNA10K-R00250-C00122,1,2.0,74206169.6,0.742062,30000,OK,97.1818,77466420.7,0.774664,11.7273,30000,OK,MURRAY_JRC_CONTEXT_ONLY_NEVER_A_SPARTINA_LABEL
CNA10K-R00250-C00123,1,1.0,109696076.8,1.096961,30000,OK,98.0,90360410.1,0.903604,12.0,30000,OK,MURRAY_JRC_CONTEXT_ONLY_NEVER_A_SPARTINA_LABEL
CNA10K-R00250-C00124,1,1.0,109696076.8,1.096961,30000,OK,98.0,96849039.1,0.96849,12.0,30000,OK,MURRAY_JRC_CONTEXT_ONLY_NEVER_A_SPARTINA_LABEL
CNA10K-R00250-C00125,1,2.0,77432524.8,0.774325,30000,OK,98.0,109762244.3,1.097622,12.0,30000,OK,MURRAY_JRC_CONTEXT_ONLY_NEVER_A_SPARTINA_LABEL
CNA10K-R00250-C00126,1,1.0,106469721.6,1.064697,30000,OK,98.0,90392436.5,0.903924,12.0,30000,OK,MURRAY_JRC_CONTEXT_ONLY_NEVER_A_SPARTINA_LABEL
CNA10K-R00250-C00127,1,1.0,109696076.8,1.096961,30000,OK,98.0,96849039.1,0.96849,12.0,30000,OK,MURRAY_JRC_CONTEXT_ONLY_NEVER_A_SPARTINA_LABEL
CNA10K-R00251-C00116,0,0.0,0.0,0.0,30000,OK,70.0,0.0,0.0,9.0,30000,OK,MURRAY_JRC_CONTEXT_ONLY_NEVER_A_SPARTINA_LABEL
CNA10K-R00251-C00117,0,0.0,0.0,0.0,30000,OK,82.6562,0.0,0.0,9.8438,30000,OK,MURRAY_JRC_CONTEXT_ONLY_NEVER_A_SPARTINA_LABEL
CNA10K-R00251-C00118,1,1.0,3226355.2,0.032264,30000,OK,85.0,0.0,0.0,10.0,30000,OK,MURRAY_JRC_CONTEXT_ONLY_NEVER_A_SPARTINA_LABEL
CNA10K-R00251-C00119,1,3.0,54809478.8,0.548095,30000,OK,85.0,0.0,0.0,10.0,30000,OK,MURRAY_JRC_CONTEXT_ONLY_NEVER_A_SPARTINA_LABEL
CNA10K-R00251-C00120,1,2.0,109548264.9,1.095483,30000,OK,95.0,0.0,0.0,11.0,30000,OK,MURRAY_JRC_CONTEXT_ONLY_NEVER_A_SPARTINA_LABEL
CNA10K-R00251-C00121,1,2.0,74129050.4,0.741291,30000,OK,95.0,0.0,0.0,11.0,30000,OK,MURRAY_JRC_CONTEXT_ONLY_NEVER_A_SPARTINA_LABEL
CNA10K-R00251-C00122,1,4.0,106399029.0,1.06399,30000,OK,95.5556,16109480.2,0.161095,11.1852,30000,OK,MURRAY_JRC_CONTEXT_ONLY_NEVER_A_SPARTINA_LABEL
CNA10K-R00251-C00123,1,2.0,109625384.2,1.096254,30000,OK,98.0,96656880.9,0.966569,12.0,30000,OK,MURRAY_JRC_CONTEXT_ONLY_NEVER_A_SPARTINA_LABEL
CNA10K-R00251-C00124,1,2.0,77426098.2,0.774261,30000,OK,98.0,112766361.1,1.127664,12.0,30000,OK,MURRAY_JRC_CONTEXT_ONLY_NEVER_A_SPARTINA_LABEL
CNA10K-R00251-C00125,1,2.0,106469721.6,1.064697,30000,OK,98.3571,90213088.9,0.902131,12.0,30000,OK,MURRAY_JRC_CONTEXT_ONLY_NEVER_A_SPARTINA_LABEL
CNA10K-R00251-C00126,1,1.0,112922432.0,1.129224,30000,OK,98.7931,93473416.5,0.934734,12.0,30000,OK,MURRAY_JRC_CONTEXT_ONLY_NEVER_A_SPARTINA_LABEL
CNA10K-R00252-C00117,0,0.0,0.0,0.0,30000,OK,84.1176,0.0,0.0,9.9412,30000,OK,MURRAY_JRC_CONTEXT_ONLY_NEVER_A_SPARTINA_LABEL
CNA10K-R00252-C00118,0,0.0,0.0,0.0,30000,OK,85.0,0.0,0.0,10.0,30000,OK,MURRAY_JRC_CONTEXT_ONLY_NEVER_A_SPARTINA_LABEL
CNA10K-R00252-C00119,1,1.0,41859071.7,0.418591,30000,OK,86.6129,0.0,0.0,10.1613,30000,OK,MURRAY_JRC_CONTEXT_ONLY_NEVER_A_SPARTINA_LABEL
CNA10K-R00252-C00120,1,1.0,74058357.7,0.740584,30000,OK,95.0,0.0,0.0,11.0,30000,OK,MURRAY_JRC_CONTEXT_ONLY_NEVER_A_SPARTINA_LABEL
CNA10K-R00252-C00121,1,1.0,109477572.3,1.094776,30000,OK,95.0,0.0,0.0,11.0,30000,OK,MURRAY_JRC_CONTEXT_ONLY_NEVER_A_SPARTINA_LABEL
CNA10K-R00252-C00122,1,2.0,112697500.9,1.126975,30000,OK,96.2,38662752.4,0.386628,11.4,30000,OK,MURRAY_JRC_CONTEXT_ONLY_NEVER_A_SPARTINA_LABEL
CNA10K-R00252-C00123,1,1.0,80498214.9,0.804982,30000,OK,98.0,112766361.1,1.127664,12.0,30000,OK,MURRAY_JRC_CONTEXT_ONLY_NEVER_A_SPARTINA_LABEL
CNA10K-R00252-C00124,1,1.0,106257643.7,1.062576,30000,OK,98.0,93434984.9,0.93435,12.0,30000,OK,MURRAY_JRC_CONTEXT_ONLY_NEVER_A_SPARTINA_LABEL
CNA10K-R00252-C00125,1,2.0,109477572.3,1.094776,30000,OK,98.6552,93434984.9,0.93435,12.0,30000,OK,MURRAY_JRC_CONTEXT_ONLY_NEVER_A_SPARTINA_LABEL
CNA10K-R00252-C00126,1,1.0,80498214.9,0.804982,30000,OK,99.0,112766361.1,1.127664,12.0,30000,OK,MURRAY_JRC_CONTEXT_ONLY_NEVER_A_SPARTINA_LABEL
CNA10K-R00252-C00127,1,3.0,106321909.7,1.063219,30000,OK,99.0,93434984.9,0.93435,12.0,30000,OK,MURRAY_JRC_CONTEXT_ONLY_NEVER_A_SPARTINA_LABEL
CNA10K-R00253-C00120,1,1.0,109477572.3,1.094776,30000,OK,79.8421,0.0,0.0,9.2692,30000,OK,MURRAY_JRC_CONTEXT_ONLY_NEVER_A_SPARTINA_LABEL
CNA10K-R00253-C00121,1,1.0,112697500.9,1.126975,30000,OK,83.9231,0.0,0.0,9.8621,30000,OK,MURRAY_JRC_CONTEXT_ONLY_NEVER_A_SPARTINA_LABEL
CNA10K-R00253-C00122,1,2.0,77278286.3,0.772783,30000,OK,89.9091,32218960.3,0.32219,10.8485,30000,OK,MURRAY_JRC_CONTEXT_ONLY_NEVER_A_SPARTINA_LABEL
CNA10K-R00253-C00123,1,1.0,106257643.7,1.062576,30000,OK,96.9286,74103608.7,0.741036,11.8214,30000,OK,MURRAY_JRC_CONTEXT_ONLY_NEVER_A_SPARTINA_LABEL
CNA10K-R00253-C00124,1,1.0,112697500.9,1.126975,30000,OK,98.0,93434984.9,0.93435,12.0,30000,OK,MURRAY_JRC_CONTEXT_ONLY_NEVER_A_SPARTINA_LABEL
CNA10K-R00253-C00125,1,2.0,80498214.9,0.804982,30000,OK,98.7059,109544465.1,1.095445,12.0,30000,OK,MURRAY_JRC_CONTEXT_ONLY_NEVER_A_SPARTINA_LABEL
CNA10K-R00253-C00126,1,1.0,106257643.7,1.062576,30000,OK,99.0,93434984.9,0.93435,12.0,30000,OK,MURRAY_JRC_CONTEXT_ONLY_NEVER_A_SPARTINA_LABEL
CNA10K-R00253-C00127,1,2.0,109477572.3,1.094776,30000,OK,99.0,93434984.9,0.93435,12.0,30000,OK,MURRAY_JRC_CONTEXT_ONLY_NEVER_A_SPARTINA_LABEL
CNA10K-R00253-C00128,1,1.0,80498214.9,0.804982,30000,OK,99.0,109544465.1,1.095445,12.0,30000,OK,MURRAY_JRC_CONTEXT_ONLY_NEVER_A_SPARTINA_LABEL
CNA10K-R00254-C00120,1,1.0,35419214.6,0.354192,30000,OK,59.0,0.0,0.0,8.0,30000,OK,MURRAY_JRC_CONTEXT_ONLY_NEVER_A_SPARTINA_LABEL
CNA10K-R00254-C00121,1,1.0,35419214.6,0.354192,30000,OK,59.0,0.0,0.0,8.0,30000,OK,MURRAY_JRC_CONTEXT_ONLY_NEVER_A_SPARTINA_LABEL
CNA10K-R00254-C00122,1,2.0,67618500.5,0.676185,30000,OK,80.5217,0.0,0.0,9.6071,30000,OK,MURRAY_JRC_CONTEXT_ONLY_NEVER_A_SPARTINA_LABEL
CNA10K-R00254-C00123,1,1.0,74058357.7,0.740584,30000,OK,92.0,0.0,0.0,11.0,30000,OK,MURRAY_JRC_CONTEXT_ONLY_NEVER_A_SPARTINA_LABEL
CNA10K-R00254-C00124,1,2.0,74058357.7,0.740584,30000,OK,92.0,0.0,0.0,11.0,30000,OK,MURRAY_JRC_CONTEXT_ONLY_NEVER_A_SPARTINA_LABEL
CNA10K-R00254-C00125,1,1.0,103037715.1,1.030377,30000,OK,95.1724,0.0,0.0,11.7931,30000,OK,MURRAY_JRC_CONTEXT_ONLY_NEVER_A_SPARTINA_LABEL
CNA10K-R00254-C00126,1,1.0,112697500.9,1.126975,30000,OK,96.6207,19331376.2,0.193314,12.0,30000,OK,MURRAY_JRC_CONTEXT_ONLY_NEVER_A_SPARTINA_LABEL
CNA10K-R00254-C00127,1,2.0,80498214.9,0.804982,30000,OK,97.0909,38656276.8,0.386563,12.0,30000,OK,MURRAY_JRC_CONTEXT_ONLY_NEVER_A_SPARTINA_LABEL
CNA10K-R00254-C00128,1,1.0,106257643.7,1.062576,30000,OK,99.0,90103004.6,0.90103,12.0,30000,OK,MURRAY_JRC_CONTEXT_ONLY_NEVER_A_SPARTINA_LABEL
CNA10K-R00254-C00129,1,1.0,112697500.9,1.126975,30000,OK,99.0,93363753.9,0.933638,12.0,30000,OK,MURRAY_JRC_CONTEXT_ONLY_NEVER_A_SPARTINA_LABEL
CNA10K-R00255-C00122,0,0.0,0.0,0.0,30000,OK,85.1724,0.0,0.0,10.3793,30000,OK,MURRAY_JRC_CONTEXT_ONLY_NEVER_A_SPARTINA_LABEL
CNA10K-R00255-C00123,0,0.0,0.0,0.0,30000,OK,92.0,0.0,0.0,11.0,30000,OK,MURRAY_JRC_CONTEXT_ONLY_NEVER_A_SPARTINA_LABEL
CNA10K-R00255-C00124,1,1.0,19280588.8,0.192806,30000,OK,92.0,0.0,0.0,11.0,30000,OK,MURRAY_JRC_CONTEXT_ONLY_NEVER_A_SPARTINA_LABEL
CNA10K-R00255-C00125,1,1.0,112470101.3,1.124701,30000,OK,95.8621,0.0,0.0,11.9655,30000,OK,MURRAY_JRC_CONTEXT_ONLY_NEVER_A_SPARTINA_LABEL
CNA10K-R00255-C00126,1,1.0,80335786.7,0.803358,30000,OK,96.0,0.0,0.0,12.0,30000,OK,MURRAY_JRC_CONTEXT_ONLY_NEVER_A_SPARTINA_LABEL
CNA10K-R00255-C00127,1,4.0,99674849.6,0.996748,30000,OK,96.4138,12861681.9,0.128617,12.0,30000,OK,MURRAY_JRC_CONTEXT_ONLY_NEVER_A_SPARTINA_LABEL
CNA10K-R00255-C00128,1,2.0,109328138.3,1.093281,30000,OK,99.0,93247194.1,0.932472,12.0,30000,OK,MURRAY_JRC_CONTEXT_ONLY_NEVER_A_SPARTINA_LABEL
CNA10K-R00255-C00129,1,2.0,77193823.6,0.771938,30000,OK,99.0,112539717.0,1.125397,12.0,30000,OK,MURRAY_JRC_CONTEXT_ONLY_NEVER_A_SPARTINA_LABEL
CNA10K-R00255-C00130,1,3.0,61107174.9,0.611072,30000,OK,99.0,90031773.6,0.900318,12.0,30000,OK,MURRAY_JRC_CONTEXT_ONLY_NEVER_A_SPARTINA_LABEL
CNA10K-R00256-C00124,1,1.0,35347746.1,0.353477,30000,OK,92.2759,0.0,0.0,11.069,30000,OK,MURRAY_JRC_CONTEXT_ONLY_NEVER_A_SPARTINA_LABEL
CNA10K-R00256-C00125,1,1.0,83549218.1,0.835492,30000,OK,96.0,0.0,0.0,12.0,30000,OK,MURRAY_JRC_CONTEXT_ONLY_NEVER_A_SPARTINA_LABEL
CNA10K-R00256-C00126,1,1.0,102829806.9,1.028298,30000,OK,96.0,0.0,0.0,12.0,30000,OK,MURRAY_JRC_CONTEXT_ONLY_NEVER_A_SPARTINA_LABEL
CNA10K-R00256-C00127,1,2.0,109256669.9,1.092567,30000,OK,97.0345,32154204.9,0.321542,12.0,30000,OK,MURRAY_JRC_CONTEXT_ONLY_NEVER_A_SPARTINA_LABEL
CNA10K-R00256-C00128,1,1.0,80335786.7,0.803358,30000,OK,99.0,112539717.0,1.125397,12.0,30000,OK,MURRAY_JRC_CONTEXT_ONLY_NEVER_A_SPARTINA_LABEL
CNA10K-R00256-C00129,1,1.0,106043238.4,1.060432,30000,OK,99.0,93247194.1,0.932472,12.0,30000,OK,MURRAY_JRC_CONTEXT_ONLY_NEVER_A_SPARTINA_LABEL
CNA10K-R00256-C00130,1,2.0,112470101.3,1.124701,30000,OK,99.0,93247194.1,0.932472,12.0,30000,OK,MURRAY_JRC_CONTEXT_ONLY_NEVER_A_SPARTINA_LABEL
CNA10K-R00256-C00131,1,1.0,77122355.2,0.771224,30000,OK,99.0,112539717.0,1.125397,12.0,30000,OK,MURRAY_JRC_CONTEXT_ONLY_NEVER_A_SPARTINA_LABEL
CNA10K-R00257-C00124,1,1.0,32134314.7,0.321343,30000,OK,68.625,0.0,0.0,8.3333,30000,OK,MURRAY_JRC_CONTEXT_ONLY_NEVER_A_SPARTINA_LABEL
CNA10K-R00257-C00125,1,1.0,102829806.9,1.028298,30000,OK,73.0,0.0,0.0,9.0,30000,OK,MURRAY_JRC_CONTEXT_ONLY_NEVER_A_SPARTINA_LABEL
CNA10K-R00257-C00126,1,1.0,112470101.3,1.124701,30000,OK,81.2143,0.0,0.0,9.8824,30000,OK,MURRAY_JRC_CONTEXT_ONLY_NEVER_A_SPARTINA_LABEL
CNA10K-R00257-C00127,1,2.0,80335786.7,0.803358,30000,OK,88.8333,12861681.9,0.128617,10.9091,30000,OK,MURRAY_JRC_CONTEXT_ONLY_NEVER_A_SPARTINA_LABEL
CNA10K-R00257-C00128,1,1.0,106043238.4,1.060432,30000,OK,95.9643,35369625.3,0.353696,12.0,30000,OK,MURRAY_JRC_CONTEXT_ONLY_NEVER_A_SPARTINA_LABEL
CNA10K-R00257-C00129,1,1.0,112470101.3,1.124701,30000,OK,97.1034,57877568.8,0.578776,12.0,30000,OK,MURRAY_JRC_CONTEXT_ONLY_NEVER_A_SPARTINA_LABEL
CNA10K-R00257-C00130,1,2.0,80335786.7,0.803358,30000,OK,98.3235,99625666.5,0.996257,12.0,30000,OK,MURRAY_JRC_CONTEXT_ONLY_NEVER_A_SPARTINA_LABEL
CNA10K-R00257-C00131,1,1.0,106043238.4,1.060432,30000,OK,98.8519,86790168.8,0.867902,12.0,30000,OK,MURRAY_JRC_CONTEXT_ONLY_NEVER_A_SPARTINA_LABEL
CNA10K-R00258-C00125,1,1.0,112240233.4,1.122402,30000,OK,73.0,0.0,0.0,9.0,30000,OK,MURRAY_JRC_CONTEXT_ONLY_NEVER_A_SPARTINA_LABEL
CNA10K-R00258-C00126,1,1.0,83378459.1,0.833785,30000,OK,73.0,0.0,0.0,9.0,30000,OK,MURRAY_JRC_CONTEXT_ONLY_NEVER_A_SPARTINA_LABEL
CNA10K-R00258-C00127,1,4.0,102678750.9,1.026788,30000,OK,85.7826,0.0,0.0,10.6154,30000,OK,MURRAY_JRC_CONTEXT_ONLY_NEVER_A_SPARTINA_LABEL
CNA10K-R00258-C00128,1,2.0,109105613.8,1.091056,30000,OK,94.0,0.0,0.0,12.0,30000,OK,MURRAY_JRC_CONTEXT_ONLY_NEVER_A_SPARTINA_LABEL
CNA10K-R00258-C00129,1,2.0,77036975.7,0.77037,30000,OK,94.0,0.0,0.0,12.0,30000,OK,MURRAY_JRC_CONTEXT_ONLY_NEVER_A_SPARTINA_LABEL
CNA10K-R00258-C00130,1,2.0,102757562.7,1.027576,30000,OK,97.0,67386362.7,0.673864,12.0,30000,OK,MURRAY_JRC_CONTEXT_ONLY_NEVER_A_SPARTINA_LABEL
CNA10K-R00258-C00131,1,2.0,109184425.7,1.091844,30000,OK,98.0,96266232.5,0.962662,12.0,30000,OK,MURRAY_JRC_CONTEXT_ONLY_NEVER_A_SPARTINA_LABEL
CNA10K-R00258-C00132,1,1.0,57841766.4,0.578418,30000,OK,98.0286,112310604.5,1.123106,12.0,30000,OK,MURRAY_JRC_CONTEXT_ONLY_NEVER_A_SPARTINA_LABEL
CNA10K-R00259-C00128,1,1.0,80171595.3,0.801716,30000,OK,94.0,0.0,0.0,12.0,30000,OK,MURRAY_JRC_CONTEXT_ONLY_NEVER_A_SPARTINA_LABEL
CNA10K-R00259-C00129,1,2.0,102619642.0,1.026196,30000,OK,94.0,0.0,0.0,12.0,30000,OK,MURRAY_JRC_CONTEXT_ONLY_NEVER_A_SPARTINA_LABEL
CNA10K-R00259-C00130,1,1.0,112240233.4,1.122402,30000,OK,97.7241,86639609.2,0.866396,12.0,30000,OK,MURRAY_JRC_CONTEXT_ONLY_NEVER_A_SPARTINA_LABEL
CNA10K-R00259-C00131,1,1.0,76964731.5,0.769647,30000,OK,98.0,112310604.5,1.123106,12.0,30000,OK,MURRAY_JRC_CONTEXT_ONLY_NEVER_A_SPARTINA_LABEL
CNA10K-R00259-C00132,1,1.0,70551003.9,0.70551,30000,OK,98.1111,86639609.2,0.866396,12.0,30000,OK,MURRAY_JRC_CONTEXT_ONLY_NEVER_A_SPARTINA_LABEL
CNA10K-R00259-C00133,0,0.0,0.0,0.0,30000,OK,99.0,99475106.9,0.994751,12.0,30000,OK,MURRAY_JRC_CONTEXT_ONLY_NEVER_A_SPARTINA_LABEL
CNA10K-R00260-C00128,1,1.0,105826505.8,1.058265,30000,OK,85.2308,0.0,0.0,10.9286,30000,OK,MURRAY_JRC_CONTEXT_ONLY_NEVER_A_SPARTINA_LABEL
CNA10K-R00260-C00129,1,2.0,109033369.6,1.090334,30000,OK,88.15,0.0,0.0,11.1905,30000,OK,MURRAY_JRC_CONTEXT_ONLY_NEVER_A_SPARTINA_LABEL
CNA10K-R00260-C00130,1,1.0,80171595.3,0.801716,30000,OK,95.7353,73804111.6,0.738041,11.3529,30000,OK,MURRAY_JRC_CONTEXT_ONLY_NEVER_A_SPARTINA_LABEL
CNA10K-R00260-C00131,1,1.0,109033369.6,1.090334,30000,OK,96.963,73804111.6,0.738041,11.7037,30000,OK,MURRAY_JRC_CONTEXT_ONLY_NEVER_A_SPARTINA_LABEL
CNA10K-R00260-C00132,1,1.0,54516684.8,0.545167,30000,OK,98.2903,99475106.9,0.994751,12.0,30000,OK,MURRAY_JRC_CONTEXT_ONLY_NEVER_A_SPARTINA_LABEL
CNA10K-R00260-C00133,0,0.0,0.0,0.0,30000,OK,99.0,112310604.5,1.123106,12.0,30000,OK,MURRAY_JRC_CONTEXT_ONLY_NEVER_A_SPARTINA_LABEL
CNA10K-R00260-C00134,0,0.0,0.0,0.0,30000,OK,99.0,83430734.8,0.834307,12.0,30000,OK,MURRAY_JRC_CONTEXT_ONLY_NEVER_A_SPARTINA_LABEL
CNA10K-R00260-C00135,0,0.0,0.0,0.0,30000,OK,99.0,51341990.7,0.51342,12.0,30000,OK,MURRAY_JRC_CONTEXT_ONLY_NEVER_A_SPARTINA_LABEL
CNA10K-R00261-C00130,1,2.0,105753488.6,1.057535,30000,OK,91.0,0.0,0.0,10.0,30000,OK,MURRAY_JRC_CONTEXT_ONLY_NEVER_A_SPARTINA_LABEL
CNA10K-R00261-C00131,1,2.0,108960352.4,1.089604,30000,OK,91.0,0.0,0.0,10.0,30000,OK,MURRAY_JRC_CONTEXT_ONLY_NEVER_A_SPARTINA_LABEL
CNA10K-R00261-C00132,1,1.0,28861774.3,0.288618,30000,OK,94.2,44831609.5,0.448316,10.8,30000,OK,MURRAY_JRC_CONTEXT_ONLY_NEVER_A_SPARTINA_LABEL
CNA10K-R00261-C00133,0,0.0,0.0,0.0,30000,OK,99.0,86460961.1,0.86461,12.0,30000,OK,MURRAY_JRC_CONTEXT_ONLY_NEVER_A_SPARTINA_LABEL
CNA10K-R00261-C00134,0,0.0,0.0,0.0,30000,OK,99.0,102531799.6,1.025318,12.0,30000,OK,MURRAY_JRC_CONTEXT_ONLY_NEVER_A_SPARTINA_LABEL
CNA10K-R00261-C00135,0,0.0,0.0,0.0,30000,OK,99.0,89696301.9,0.896963,12.0,30000,OK,MURRAY_JRC_CONTEXT_ONLY_NEVER_A_SPARTINA_LABEL
CNA10K-R00262-C00129,1,1.0,57604065.9,0.576041,30000,OK,79.0,0.0,0.0,9.1,30000,OK,MURRAY_JRC_CONTEXT_ONLY_NEVER_A_SPARTINA_LABEL
CNA10K-R00262-C00130,1,1.0,112007905.9,1.120079,30000,OK,91.0,0.0,0.0,10.0,30000,OK,MURRAY_JRC_CONTEXT_ONLY_NEVER_A_SPARTINA_LABEL
CNA10K-R00262-C00131,1,1.0,76805421.2,0.768054,30000,OK,91.0,0.0,0.0,10.0,30000,OK,MURRAY_JRC_CONTEXT_ONLY_NEVER_A_SPARTINA_LABEL
CNA10K-R00262-C00132,1,2.0,108807680.0,1.088077,30000,OK,94.5556,38427093.8,0.384271,10.8889,30000,OK,MURRAY_JRC_CONTEXT_ONLY_NEVER_A_SPARTINA_LABEL
CNA10K-R00262-C00133,1,1.0,108807680.0,1.088077,30000,OK,99.0,102472250.2,1.024723,12.0,30000,OK,MURRAY_JRC_CONTEXT_ONLY_NEVER_A_SPARTINA_LABEL
CNA10K-R00262-C00134,1,1.0,73605195.3,0.736052,30000,OK,99.0,112079023.7,1.12079,12.0,30000,OK,MURRAY_JRC_CONTEXT_ONLY_NEVER_A_SPARTINA_LABEL
CNA10K-R00262-C00135,1,1.0,73605195.3,0.736052,30000,OK,99.0,80056445.5,0.800564,12.0,30000,OK,MURRAY_JRC_CONTEXT_ONLY_NEVER_A_SPARTINA_LABEL
CNA10K-R00263-C00128,0,0.0,0.0,0.0,30000,OK,61.0,0.0,0.0,8.4545,30000,OK,MURRAY_JRC_CONTEXT_ONLY_NEVER_A_SPARTINA_LABEL
CNA10K-R00263-C00129,1,1.0,73605195.3,0.736052,30000,OK,79.1818,0.0,0.0,9.3478,30000,OK,MURRAY_JRC_CONTEXT_ONLY_NEVER_A_SPARTINA_LABEL
CNA10K-R00263-C00130,1,1.0,80005647.1,0.800056,30000,OK,89.7059,0.0,0.0,10.0,30000,OK,MURRAY_JRC_CONTEXT_ONLY_NEVER_A_SPARTINA_LABEL
CNA10K-R00263-C00131,1,1.0,108807680.0,1.088077,30000,OK,90.4074,0.0,0.0,10.0,30000,OK,MURRAY_JRC_CONTEXT_ONLY_NEVER_A_SPARTINA_LABEL
CNA10K-R00263-C00132,1,2.0,112007905.9,1.120079,30000,OK,96.8667,70449672.0,0.704497,11.4667,30000,OK,MURRAY_JRC_CONTEXT_ONLY_NEVER_A_SPARTINA_LABEL
CNA10K-R00263-C00133,1,1.0,76805421.2,0.768054,30000,OK,99.0,112079023.7,1.12079,12.0,30000,OK,MURRAY_JRC_CONTEXT_ONLY_NEVER_A_SPARTINA_LABEL
CNA10K-R00263-C00134,1,2.0,112007905.9,1.120079,30000,OK,99.0,83258703.3,0.832587,12.0,30000,OK,MURRAY_JRC_CONTEXT_ONLY_NEVER_A_SPARTINA_LABEL
CNA10K-R00263-C00135,1,1.0,102407228.2,1.024072,30000,OK,99.0,105674508.0,1.056745,12.0,30000,OK,MURRAY_JRC_CONTEXT_ONLY_NEVER_A_SPARTINA_LABEL
CNA10K-R00263-C00136,1,1.0,86406098.8,0.864061,30000,OK,99.0,112079023.7,1.12079,12.0,30000,OK,MURRAY_JRC_CONTEXT_ONLY_NEVER_A_SPARTINA_LABEL
CNA10K-R00263-C00137,1,2.0,108807680.0,1.088077,30000,OK,99.0,64045156.4,0.640452,12.0,30000,OK,MURRAY_JRC_CONTEXT_ONLY_NEVER_A_SPARTINA_LABEL
CNA10K-R00264-C00128,1,1.0,73450912.4,0.734509,30000,OK,69.0,0.0,0.0,9.0,30000,OK,MURRAY_JRC_CONTEXT_ONLY_NEVER_A_SPARTINA_LABEL
CNA10K-R00264-C00129,1,3.0,67124248.1,0.671242,30000,OK,82.68,0.0,0.0,9.7037,30000,OK,MURRAY_JRC_CONTEXT_ONLY_NEVER_A_SPARTINA_LABEL
CNA10K-R00264-C00130,1,2.0,108727184.6,1.087272,30000,OK,87.0,0.0,0.0,10.0,30000,OK,MURRAY_JRC_CONTEXT_ONLY_NEVER_A_SPARTINA_LABEL
CNA10K-R00264-C00131,1,3.0,108733892.5,1.087339,30000,OK,87.0,0.0,0.0,10.0,30000,OK,MURRAY_JRC_CONTEXT_ONLY_NEVER_A_SPARTINA_LABEL
CNA10K-R00264-C00132,1,1.0,76805421.2,0.768054,30000,OK,92.6,0.0,0.0,11.6,30000,OK,MURRAY_JRC_CONTEXT_ONLY_NEVER_A_SPARTINA_LABEL
CNA10K-R00264-C00133,1,1.0,112007905.9,1.120079,30000,OK,94.0,0.0,0.0,12.0,30000,OK,MURRAY_JRC_CONTEXT_ONLY_NEVER_A_SPARTINA_LABEL
CNA10K-R00264-C00134,1,2.0,102407228.2,1.024072,30000,OK,95.5,28820320.4,0.288203,12.0,30000,OK,MURRAY_JRC_CONTEXT_ONLY_NEVER_A_SPARTINA_LABEL
CNA10K-R00264-C00135,1,1.0,83205872.9,0.832059,30000,OK,97.6471,35224836.0,0.352248,12.0,30000,OK,MURRAY_JRC_CONTEXT_ONLY_NEVER_A_SPARTINA_LABEL
CNA10K-R00264-C00136,1,1.0,112007905.9,1.120079,30000,OK,98.0,38427093.8,0.384271,12.0,30000,OK,MURRAY_JRC_CONTEXT_ONLY_NEVER_A_SPARTINA_LABEL
CNA10K-R00264-C00137,1,2.0,96006776.5,0.960068,30000,OK,98.5294,67227354.4,0.672274,12.0,30000,OK,MURRAY_JRC_CONTEXT_ONLY_NEVER_A_SPARTINA_LABEL
CNA10K-R00264-C00138,1,1.0,92806550.6,0.928066,30000,OK,99.0,28760140.8,0.287601,12.0,30000,OK,MURRAY_JRC_CONTEXT_ONLY_NEVER_A_SPARTINA_LABEL
CNA10K-R00265-C00128,1,1.0,79837948.2,0.798379,30000,OK,69.0,0.0,0.0,9.0,30000,OK,MURRAY_JRC_CONTEXT_ONLY_NEVER_A_SPARTINA_LABEL
CNA10K-R00265-C00129,1,2.0,105386091.7,1.053861,30000,OK,82.3043,0.0,0.0,9.68,30000,OK,MURRAY_JRC_CONTEXT_ONLY_NEVER_A_SPARTINA_LABEL
CNA10K-R00265-C00130,1,1.0,111773127.5,1.117731,30000,OK,87.0,0.0,0.0,10.0,30000,OK,MURRAY_JRC_CONTEXT_ONLY_NEVER_A_SPARTINA_LABEL
CNA10K-R00265-C00131,1,2.0,73450912.4,0.734509,30000,OK,87.0,0.0,0.0,10.0,30000,OK,MURRAY_JRC_CONTEXT_ONLY_NEVER_A_SPARTINA_LABEL
CNA10K-R00265-C00132,1,1.0,111773127.5,1.117731,30000,OK,93.4615,0.0,0.0,11.8462,30000,OK,MURRAY_JRC_CONTEXT_ONLY_NEVER_A_SPARTINA_LABEL
CNA10K-R00265-C00133,1,1.0,105386091.7,1.053861,30000,OK,94.0,0.0,0.0,12.0,30000,OK,MURRAY_JRC_CONTEXT_ONLY_NEVER_A_SPARTINA_LABEL
CNA10K-R00265-C00134,1,3.0,79851364.1,0.798514,30000,OK,94.5143,0.0,0.0,12.0,30000,OK,MURRAY_JRC_CONTEXT_ONLY_NEVER_A_SPARTINA_LABEL
CNA10K-R00265-C00135,1,2.0,108653397.1,1.086534,30000,OK,97.0,0.0,0.0,12.0,30000,OK,MURRAY_JRC_CONTEXT_ONLY_NEVER_A_SPARTINA_LABEL
CNA10K-R00265-C00136,1,2.0,99079551.2,0.990796,30000,OK,97.0,0.0,0.0,12.0,30000,OK,MURRAY_JRC_CONTEXT_ONLY_NEVER_A_SPARTINA_LABEL
CNA10K-R00265-C00137,1,4.0,89525829.3,0.895258,30000,OK,97.7879,41542425.6,0.415424,12.0,30000,OK,MURRAY_JRC_CONTEXT_ONLY_NEVER_A_SPARTINA_LABEL
CNA10K-R00265-C00138,1,2.0,111927410.4,1.119274,30000,OK,99.0,83084851.2,0.830849,12.0,30000,OK,MURRAY_JRC_CONTEXT_ONLY_NEVER_A_SPARTINA_LABEL
CNA10K-R00266-C00130,1,1.0,76644430.3,0.766444,30000,OK,84.2,0.0,0.0,9.8519,30000,OK,MURRAY_JRC_CONTEXT_ONLY_NEVER_A_SPARTINA_LABEL
CNA10K-R00266-C00131,1,2.0,111773127.5,1.117731,30000,OK,84.48,0.0,0.0,9.9615,30000,OK,MURRAY_JRC_CONTEXT_ONLY_NEVER_A_SPARTINA_LABEL
CNA10K-R00266-C00132,1,1.0,108579609.6,1.085796,30000,OK,94.0,0.0,0.0,12.0,30000,OK,MURRAY_JRC_CONTEXT_ONLY_NEVER_A_SPARTINA_LABEL
CNA10K-R00266-C00133,1,1.0,79837948.2,0.798379,30000,OK,94.0,0.0,0.0,12.0,30000,OK,MURRAY_JRC_CONTEXT_ONLY_NEVER_A_SPARTINA_LABEL
CNA10K-R00266-C00134,1,2.0,108579609.6,1.085796,30000,OK,94.84,0.0,0.0,12.0,30000,OK,MURRAY_JRC_CONTEXT_ONLY_NEVER_A_SPARTINA_LABEL
CNA10K-R00266-C00135,1,1.0,98999055.8,0.989991,30000,OK,97.0,0.0,0.0,12.0,30000,OK,MURRAY_JRC_CONTEXT_ONLY_NEVER_A_SPARTINA_LABEL
CNA10K-R00266-C00136,1,1.0,89418502.0,0.894185,30000,OK,97.0,0.0,0.0,12.0,30000,OK,MURRAY_JRC_CONTEXT_ONLY_NEVER_A_SPARTINA_LABEL
CNA10K-R00266-C00137,1,2.0,111773127.5,1.117731,30000,OK,98.2,47933568.0,0.479336,12.0,30000,OK,MURRAY_JRC_CONTEXT_ONLY_NEVER_A_SPARTINA_LABEL
CNA10K-R00266-C00138,1,1.0,89418502.0,0.894185,30000,OK,99.0,111844992.0,1.11845,12.0,30000,OK,MURRAY_JRC_CONTEXT_ONLY_NEVER_A_SPARTINA_LABEL
CNA10K-R00266-C00139,1,1.0,95805537.9,0.958055,30000,OK,99.0,99062707.2,0.990627,12.0,30000,OK,MURRAY_JRC_CONTEXT_ONLY_NEVER_A_SPARTINA_LABEL
CNA10K-R00267-C00132,1,1.0,79837948.2,0.798379,30000,OK,55.0,0.0,0.0,8.0,30000,OK,MURRAY_JRC_CONTEXT_ONLY_NEVER_A_SPARTINA_LABEL
CNA10K-R00267-C00133,1,1.0,111773127.5,1.117731,30000,OK,55.0,0.0,0.0,8.0,30000,OK,MURRAY_JRC_CONTEXT_ONLY_NEVER_A_SPARTINA_LABEL
CNA10K-R00267-C00134,1,2.0,102192573.7,1.021926,30000,OK,78.5,0.0,0.0,9.2727,30000,OK,MURRAY_JRC_CONTEXT_ONLY_NEVER_A_SPARTINA_LABEL
CNA10K-R00267-C00135,1,1.0,86224984.1,0.86225,30000,OK,86.3333,0.0,0.0,10.0,30000,OK,MURRAY_JRC_CONTEXT_ONLY_NEVER_A_SPARTINA_LABEL
CNA10K-R00267-C00136,1,1.0,111773127.5,1.117731,30000,OK,86.8947,0.0,0.0,10.0952,30000,OK,MURRAY_JRC_CONTEXT_ONLY_NEVER_A_SPARTINA_LABEL
CNA10K-R00267-C00137,1,2.0,89418502.0,0.894185,30000,OK,94.5882,47933568.0,0.479336,11.5588,30000,OK,MURRAY_JRC_CONTEXT_ONLY_NEVER_A_SPARTINA_LABEL
CNA10K-R00267-C00138,1,1.0,95805537.9,0.958055,30000,OK,97.9677,73498137.6,0.734981,12.0,30000,OK,MURRAY_JRC_CONTEXT_ONLY_NEVER_A_SPARTINA_LABEL
CNA10K-R00267-C00139,1,1.0,92612020.0,0.92612,30000,OK,99.0,89475993.6,0.89476,12.0,30000,OK,MURRAY_JRC_CONTEXT_ONLY_NEVER_A_SPARTINA_LABEL
CNA10K-R00268-C00134,1,3.0,82875566.9,0.828756,30000,OK,61.6667,0.0,0.0,7.3846,30000,OK,MURRAY_JRC_CONTEXT_ONLY_NEVER_A_SPARTINA_LABEL
CNA10K-R00268-C00135,1,2.0,108423710.4,1.084237,30000,OK,65.0,0.0,0.0,7.0,30000,OK,MURRAY_JRC_CONTEXT_ONLY_NEVER_A_SPARTINA_LABEL
CNA10K-R00268-C00136,1,3.0,92490011.9,0.9249,30000,OK,65.0,0.0,0.0,7.0,30000,OK,MURRAY_JRC_CONTEXT_ONLY_NEVER_A_SPARTINA_LABEL
CNA10K-R00268-C00137,1,2.0,95724199.2,0.957242,30000,OK,89.375,0.0,0.0,11.0625,30000,OK,MURRAY_JRC_CONTEXT_ONLY_NEVER_A_SPARTINA_LABEL
CNA10K-R00268-C00138,1,2.0,111691788.8,1.116918,30000,OK,95.0,0.0,0.0,12.0,30000,OK,MURRAY_JRC_CONTEXT_ONLY_NEVER_A_SPARTINA_LABEL
CNA10K-R00268-C00139,1,2.0,60656506.0,0.606565,30000,OK,95.2286,6377629.1,0.063776,12.0,30000,OK,MURRAY_JRC_CONTEXT_ONLY_NEVER_A_SPARTINA_LABEL
CNA10K-R00268-C00140,0,0.0,0.0,0.0,30000,OK,99.0,92475622.1,0.924756,12.0,30000,OK,MURRAY_JRC_CONTEXT_ONLY_NEVER_A_SPARTINA_LABEL
CNA10K-R00268-C00141,0,0.0,0.0,0.0,30000,OK,99.0,73342734.8,0.733427,12.0,30000,OK,MURRAY_JRC_CONTEXT_ONLY_NEVER_A_SPARTINA_LABEL
CNA10K-R00269-C00135,1,1.0,98788930.8,0.987889,30000,OK,65.0,0.0,0.0,7.0,30000,OK,MURRAY_JRC_CONTEXT_ONLY_NEVER_A_SPARTINA_LABEL
CNA10K-R00269-C00136,1,2.0,89228711.7,0.892287,30000,OK,65.0,0.0,0.0,7.0,30000,OK,MURRAY_JRC_CONTEXT_ONLY_NEVER_A_SPARTINA_LABEL
CNA10K-R00269-C00137,1,1.0,111535889.6,1.115359,30000,OK,93.8462,0.0,0.0,11.8077,30000,OK,MURRAY_JRC_CONTEXT_ONLY_NEVER_A_SPARTINA_LABEL
CNA10K-R00269-C00138,1,1.0,86041972.0,0.86042,30000,OK,95.0,0.0,0.0,12.0,30000,OK,MURRAY_JRC_CONTEXT_ONLY_NEVER_A_SPARTINA_LABEL
CNA10K-R00269-C00139,1,2.0,101975670.5,1.019757,30000,OK,95.6667,15944072.8,0.159441,12.0,30000,OK,MURRAY_JRC_CONTEXT_ONLY_NEVER_A_SPARTINA_LABEL
CNA10K-R00269-C00140,1,1.0,111535889.6,1.115359,30000,OK,99.0,95664436.7,0.956644,12.0,30000,OK,MURRAY_JRC_CONTEXT_ONLY_NEVER_A_SPARTINA_LABEL
CNA10K-R00269-C00141,1,1.0,76481752.8,0.764818,30000,OK,99.0,111608509.5,1.116085,12.0,30000,OK,MURRAY_JRC_CONTEXT_ONLY_NEVER_A_SPARTINA_LABEL
CNA10K-R00270-C00135,1,1.0,89228711.7,0.892287,30000,OK,73.4,0.0,0.0,8.6667,30000,OK,MURRAY_JRC_CONTEXT_ONLY_NEVER_A_SPARTINA_LABEL
CNA10K-R00270-C00136,1,2.0,111535889.6,1.115359,30000,OK,73.6471,0.0,0.0,8.75,30000,OK,MURRAY_JRC_CONTEXT_ONLY_NEVER_A_SPARTINA_LABEL
CNA10K-R00270-C00137,1,1.0,89228711.7,0.892287,30000,OK,89.2222,0.0,0.0,11.1071,30000,OK,MURRAY_JRC_CONTEXT_ONLY_NEVER_A_SPARTINA_LABEL
CNA10K-R00270-C00138,1,1.0,98788930.8,0.987889,30000,OK,89.2222,0.0,0.0,11.1071,30000,OK,MURRAY_JRC_CONTEXT_ONLY_NEVER_A_SPARTINA_LABEL
CNA10K-R00270-C00139,1,2.0,111535889.6,1.115359,30000,OK,96.6552,38265774.7,0.382658,12.0,30000,OK,MURRAY_JRC_CONTEXT_ONLY_NEVER_A_SPARTINA_LABEL
CNA10K-R00270-C00140,1,1.0,79668492.5,0.796685,30000,OK,99.0,111608509.5,1.116085,12.0,30000,OK,MURRAY_JRC_CONTEXT_ONLY_NEVER_A_SPARTINA_LABEL
CNA10K-R00270-C00141,1,1.0,111535889.6,1.115359,30000,OK,99.0,86097993.0,0.86098,12.0,30000,OK,MURRAY_JRC_CONTEXT_ONLY_NEVER_A_SPARTINA_LABEL
CNA10K-R00270-C00142,1,1.0,19120438.2,0.191204,30000,OK,99.0,105230880.4,1.052309,12.0,30000,OK,MURRAY_JRC_CONTEXT_ONLY_NEVER_A_SPARTINA_LABEL
CNA10K-R00270-C00145,0,0.0,0.0,0.0,30000,OK,98.1471,108419694.9,1.084197,12.0,30000,OK,MURRAY_JRC_CONTEXT_ONLY_NEVER_A_SPARTINA_LABEL
CNA10K-R00270-C00146,0,0.0,0.0,0.0,30000,OK,98.0,92475622.1,0.924756,12.0,30000,OK,MURRAY_JRC_CONTEXT_ONLY_NEVER_A_SPARTINA_LABEL
CNA10K-R00271-C00136,1,3.0,50953595.2,0.509536,30000,OK,71.9231,0.0,0.0,9.0,30000,OK,MURRAY_JRC_CONTEXT_ONLY_NEVER_A_SPARTINA_LABEL
CNA10K-R00271-C00137,1,2.0,98706754.8,0.987068,30000,OK,56.0,0.0,0.0,7.0,30000,OK,MURRAY_JRC_CONTEXT_ONLY_NEVER_A_SPARTINA_LABEL
CNA10K-R00271-C00138,1,2.0,111453713.6,1.114537,30000,OK,56.0,0.0,0.0,7.0,30000,OK,MURRAY_JRC_CONTEXT_ONLY_NEVER_A_SPARTINA_LABEL
CNA10K-R00271-C00139,1,3.0,82841536.3,0.828415,30000,OK,87.5714,54093789.9,0.540938,10.8636,30000,OK,MURRAY_JRC_CONTEXT_ONLY_NEVER_A_SPARTINA_LABEL
CNA10K-R00271-C00140,1,1.0,108349149.9,1.083491,30000,OK,95.0,85913666.3,0.859137,12.0,30000,OK,MURRAY_JRC_CONTEXT_ONLY_NEVER_A_SPARTINA_LABEL
CNA10K-R00271-C00141,1,1.0,105162410.2,1.051624,30000,OK,96.0323,98696232.2,0.986962,12.0,30000,OK,MURRAY_JRC_CONTEXT_ONLY_NEVER_A_SPARTINA_LABEL
CNA10K-R00271-C00142,1,1.0,3186739.7,0.031867,30000,OK,98.4118,108262675.8,1.082627,12.0,30000,OK,MURRAY_JRC_CONTEXT_ONLY_NEVER_A_SPARTINA_LABEL
CNA10K-R00271-C00143,0,0.0,0.0,0.0,30000,OK,99.0,79638440.9,0.796384,12.0,30000,OK,MURRAY_JRC_CONTEXT_ONLY_NEVER_A_SPARTINA_LABEL
CNA10K-R00271-C00144,0,0.0,0.0,0.0,30000,OK,99.0,108344598.8,1.083446,12.0,30000,OK,MURRAY_JRC_CONTEXT_ONLY_NEVER_A_SPARTINA_LABEL
CNA10K-R00271-C00145,0,0.0,0.0,0.0,30000,OK,98.2333,95616648.3,0.956166,12.0,30000,OK,MURRAY_JRC_CONTEXT_ONLY_NEVER_A_SPARTINA_LABEL
CNA10K-R00271-C00146,0,0.0,0.0,0.0,30000,OK,98.0,95664436.7,0.956644,12.0,30000,OK,MURRAY_JRC_CONTEXT_ONLY_NEVER_A_SPARTINA_LABEL
CNA10K-R00272-C00138,1,1.0,82677184.3,0.826772,30000,OK,56.0,0.0,0.0,7.0,30000,OK,MURRAY_JRC_CONTEXT_ONLY_NEVER_A_SPARTINA_LABEL
CNA10K-R00272-C00139,1,2.0,104936426.2,1.049364,30000,OK,87.2,50911802.2,0.509118,10.8095,30000,OK,MURRAY_JRC_CONTEXT_ONLY_NEVER_A_SPARTINA_LABEL
CNA10K-R00272-C00140,1,1.0,108116317.9,1.081163,30000,OK,95.0,98641616.8,0.986416,12.0,30000,OK,MURRAY_JRC_CONTEXT_ONLY_NEVER_A_SPARTINA_LABEL
CNA10K-R00272-C00141,1,3.0,79504140.5,0.795041,30000,OK,95.0,111369567.4,1.113696,12.0,30000,OK,MURRAY_JRC_CONTEXT_ONLY_NEVER_A_SPARTINA_LABEL
CNA10K-R00272-C00142,1,1.0,76317400.8,0.763174,30000,OK,98.5,76367703.3,0.763677,12.0,30000,OK,MURRAY_JRC_CONTEXT_ONLY_NEVER_A_SPARTINA_LABEL
CNA10K-R00272-C00143,1,1.0,57238050.6,0.572381,30000,OK,99.0,111369567.4,1.113696,12.0,30000,OK,MURRAY_JRC_CONTEXT_ONLY_NEVER_A_SPARTINA_LABEL
CNA10K-R00272-C00144,1,2.0,38158700.4,0.381587,30000,OK,99.0,98641616.8,0.986416,12.0,30000,OK,MURRAY_JRC_CONTEXT_ONLY_NEVER_A_SPARTINA_LABEL
CNA10K-R00272-C00145,1,1.0,38158700.4,0.381587,30000,OK,99.0,89095653.9,0.890957,12.0,30000,OK,MURRAY_JRC_CONTEXT_ONLY_NEVER_A_SPARTINA_LABEL
CNA10K-R00272-C00146,1,1.0,3179891.7,0.031799,30000,OK,99.0,111369567.4,1.113696,12.0,30000,OK,MURRAY_JRC_CONTEXT_ONLY_NEVER_A_SPARTINA_LABEL
CNA10K-R00273-C00138,1,1.0,101756534.5,1.017565,30000,OK,54.3333,0.0,0.0,7.0,30000,OK,MURRAY_JRC_CONTEXT_ONLY_NEVER_A_SPARTINA_LABEL
CNA10K-R00273-C00139,1,1.0,108116317.9,1.081163,30000,OK,89.6207,79549691.0,0.795497,11.1667,30000,OK,MURRAY_JRC_CONTEXT_ONLY_NEVER_A_SPARTINA_LABEL
CNA10K-R00273-C00140,1,1.0,76317400.8,0.763174,30000,OK,95.0,111369567.4,1.113696,12.0,30000,OK,MURRAY_JRC_CONTEXT_ONLY_NEVER_A_SPARTINA_LABEL
CNA10K-R00273-C00141,1,2.0,111296209.6,1.112962,30000,OK,95.16,79549691.0,0.795497,12.0,30000,OK,MURRAY_JRC_CONTEXT_ONLY_NEVER_A_SPARTINA_LABEL
CNA10K-R00273-C00142,1,1.0,98576642.8,0.985766,30000,OK,99.0,108187579.7,1.081876,12.0,30000,OK,MURRAY_JRC_CONTEXT_ONLY_NEVER_A_SPARTINA_LABEL
CNA10K-R00273-C00143,1,1.0,92216859.4,0.922169,30000,OK,99.0,105005592.1,1.050056,12.0,30000,OK,MURRAY_JRC_CONTEXT_ONLY_NEVER_A_SPARTINA_LABEL
CNA10K-R00273-C00144,1,2.0,111296209.6,1.112962,30000,OK,99.0,85913666.3,0.859137,12.0,30000,OK,MURRAY_JRC_CONTEXT_ONLY_NEVER_A_SPARTINA_LABEL
CNA10K-R00273-C00145,1,1.0,82677184.3,0.826772,30000,OK,99.0,111369567.4,1.113696,12.0,30000,OK,MURRAY_JRC_CONTEXT_ONLY_NEVER_A_SPARTINA_LABEL
CNA10K-R00273-C00146,1,1.0,108116317.9,1.081163,30000,OK,99.0,89095653.9,0.890957,12.0,30000,OK,MURRAY_JRC_CONTEXT_ONLY_NEVER_A_SPARTINA_LABEL
CNA10K-R00273-C00147,1,1.0,25439133.6,0.254391,30000,OK,99.0,101823604.5,1.018236,12.0,30000,OK,MURRAY_JRC_CONTEXT_ONLY_NEVER_A_SPARTINA_LABEL
CNA10K-R00274-C00138,1,4.0,111220111.3,1.112201,30000,OK,51.0,0.0,0.0,7.0,30000,OK,MURRAY_JRC_CONTEXT_ONLY_NEVER_A_SPARTINA_LABEL
CNA10K-R00274-C00139,1,1.0,76317400.8,0.763174,30000,OK,81.0,0.0,0.0,10.6571,30000,OK,MURRAY_JRC_CONTEXT_ONLY_NEVER_A_SPARTINA_LABEL
CNA10K-R00274-C00140,1,1.0,111296209.6,1.112962,30000,OK,83.0,0.0,0.0,11.0,30000,OK,MURRAY_JRC_CONTEXT_ONLY_NEVER_A_SPARTINA_LABEL
CNA10K-R00274-C00141,1,2.0,101756534.5,1.017565,30000,OK,88.0,41338253.6,0.413383,11.4062,30000,OK,MURRAY_JRC_CONTEXT_ONLY_NEVER_A_SPARTINA_LABEL
CNA10K-R00274-C00142,1,1.0,89036967.7,0.89037,30000,OK,96.4118,108035858.1,1.080359,12.0,30000,OK,MURRAY_JRC_CONTEXT_ONLY_NEVER_A_SPARTINA_LABEL
CNA10K-R00274-C00143,1,1.0,111296209.6,1.112962,30000,OK,97.1538,82648921.3,0.826489,12.0,30000,OK,MURRAY_JRC_CONTEXT_ONLY_NEVER_A_SPARTINA_LABEL
CNA10K-R00274-C00144,1,2.0,85857076.0,0.858571,30000,OK,98.0,108111718.9,1.081117,12.0,30000,OK,MURRAY_JRC_CONTEXT_ONLY_NEVER_A_SPARTINA_LABEL
CNA10K-R00274-C00145,1,1.0,104936426.2,1.049364,30000,OK,98.6429,89061171.7,0.890612,12.0,30000,OK,MURRAY_JRC_CONTEXT_ONLY_NEVER_A_SPARTINA_LABEL
CNA10K-R00274-C00146,1,1.0,108116317.9,1.081163,30000,OK,99.0,98641616.8,0.986416,12.0,30000,OK,MURRAY_JRC_CONTEXT_ONLY_NEVER_A_SPARTINA_LABEL
CNA10K-R00274-C00147,1,1.0,6359783.4,0.063598,30000,OK,99.0,111369567.4,1.113696,12.0,30000,OK,MURRAY_JRC_CONTEXT_ONLY_NEVER_A_SPARTINA_LABEL
CNA10K-R00274-C00148,0,0.0,0.0,0.0,30000,OK,99.0,79549691.0,0.795497,12.0,30000,OK,MURRAY_JRC_CONTEXT_ONLY_NEVER_A_SPARTINA_LABEL
CNA10K-R00275-C00139,1,1.0,111054078.7,1.110541,30000,OK,83.0,0.0,0.0,11.0,30000,OK,MURRAY_JRC_CONTEXT_ONLY_NEVER_A_SPARTINA_LABEL
CNA10K-R00275-C00140,1,1.0,104708131.4,1.047081,30000,OK,83.0,0.0,0.0,11.0,30000,OK,MURRAY_JRC_CONTEXT_ONLY_NEVER_A_SPARTINA_LABEL
CNA10K-R00275-C00141,1,3.0,85691043.4,0.85691,30000,OK,86.7714,34926003.2,0.34926,11.3143,30000,OK,MURRAY_JRC_CONTEXT_ONLY_NEVER_A_SPARTINA_LABEL
CNA10K-R00275-C00142,1,2.0,111137095.0,1.111371,30000,OK,95.0,79377280.0,0.793773,12.0,30000,OK,MURRAY_JRC_CONTEXT_ONLY_NEVER_A_SPARTINA_LABEL
CNA10K-R00275-C00143,1,2.0,92099253.0,0.920993,30000,OK,95.0,111128192.0,1.111282,12.0,30000,OK,MURRAY_JRC_CONTEXT_ONLY_NEVER_A_SPARTINA_LABEL
CNA10K-R00275-C00144,1,4.0,98493626.5,0.984936,30000,OK,96.0345,92077644.8,0.920776,12.0,30000,OK,MURRAY_JRC_CONTEXT_ONLY_NEVER_A_SPARTINA_LABEL
CNA10K-R00275-C00145,1,2.0,108040219.6,1.080402,30000,OK,97.0,95252736.0,0.952527,12.0,30000,OK,MURRAY_JRC_CONTEXT_ONLY_NEVER_A_SPARTINA_LABEL
CNA10K-R00275-C00146,1,1.0,73137509.1,0.731375,30000,OK,97.0,111128192.0,1.111282,12.0,30000,OK,MURRAY_JRC_CONTEXT_ONLY_NEVER_A_SPARTINA_LABEL
CNA10K-R00275-C00147,0,0.0,0.0,0.0,30000,OK,97.8,79377280.0,0.793773,12.0,30000,OK,MURRAY_JRC_CONTEXT_ONLY_NEVER_A_SPARTINA_LABEL
CNA10K-R00275-C00148,0,0.0,0.0,0.0,30000,OK,98.3333,114386040.5,1.14386,12.0,30000,OK,MURRAY_JRC_CONTEXT_ONLY_NEVER_A_SPARTINA_LABEL
CNA10K-R00275-C00149,0,0.0,0.0,0.0,30000,OK,98.3667,95328596.8,0.953286,12.0,30000,OK,MURRAY_JRC_CONTEXT_ONLY_NEVER_A_SPARTINA_LABEL
CNA10K-R00276-C00140,1,1.0,82497315.6,0.824973,30000,OK,83.0,0.0,0.0,11.0,30000,OK,MURRAY_JRC_CONTEXT_ONLY_NEVER_A_SPARTINA_LABEL
CNA10K-R00276-C00141,1,2.0,111054078.7,1.110541,30000,OK,88.5,34926003.2,0.34926,11.4583,30000,OK,MURRAY_JRC_CONTEXT_ONLY_NEVER_A_SPARTINA_LABEL
CNA10K-R00276-C00142,1,1.0,92016236.7,0.920162,30000,OK,95.0,111128192.0,1.111282,12.0,30000,OK,MURRAY_JRC_CONTEXT_ONLY_NEVER_A_SPARTINA_LABEL
CNA10K-R00276-C00143,1,1.0,98362184.0,0.983622,30000,OK,95.0,98427827.2,0.984278,12.0,30000,OK,MURRAY_JRC_CONTEXT_ONLY_NEVER_A_SPARTINA_LABEL
CNA10K-R00276-C00144,1,2.0,111054078.7,1.110541,30000,OK,96.5862,92077644.8,0.920776,12.0,30000,OK,MURRAY_JRC_CONTEXT_ONLY_NEVER_A_SPARTINA_LABEL
CNA10K-R00276-C00145,1,1.0,79324342.0,0.793243,30000,OK,97.0,111128192.0,1.111282,12.0,30000,OK,MURRAY_JRC_CONTEXT_ONLY_NEVER_A_SPARTINA_LABEL
CNA10K-R00276-C00146,1,2.0,111054078.7,1.110541,30000,OK,97.0,82552371.2,0.825524,12.0,30000,OK,MURRAY_JRC_CONTEXT_ONLY_NEVER_A_SPARTINA_LABEL
CNA10K-R00276-C00147,1,1.0,98362184.0,0.983622,30000,OK,98.0,107953100.8,1.079531,12.0,30000,OK,MURRAY_JRC_CONTEXT_ONLY_NEVER_A_SPARTINA_LABEL
CNA10K-R00276-C00148,1,1.0,72978394.6,0.729784,30000,OK,98.0,101602918.4,1.016029,12.0,30000,OK,MURRAY_JRC_CONTEXT_ONLY_NEVER_A_SPARTINA_LABEL
CNA10K-R00276-C00149,1,2.0,76151368.3,0.761514,30000,OK,98.0,88902553.6,0.889026,12.0,30000,OK,MURRAY_JRC_CONTEXT_ONLY_NEVER_A_SPARTINA_LABEL
CNA10K-R00276-C00150,1,1.0,41248657.8,0.412487,30000,OK,98.0,111128192.0,1.111282,12.0,30000,OK,MURRAY_JRC_CONTEXT_ONLY_NEVER_A_SPARTINA_LABEL
CNA10K-R00277-C00140,1,1.0,114227052.4,1.142271,30000,OK,37.0,0.0,0.0,6.0,30000,OK,MURRAY_JRC_CONTEXT_ONLY_NEVER_A_SPARTINA_LABEL
CNA10K-R00277-C00141,1,2.0,95189210.4,0.951892,30000,OK,80.1429,19050547.2,0.190505,9.7857,30000,OK,MURRAY_JRC_CONTEXT_ONLY_NEVER_A_SPARTINA_LABEL
CNA10K-R00277-C00142,1,1.0,95189210.4,0.951892,30000,OK,85.4,38101094.4,0.381011,10.125,30000,OK,MURRAY_JRC_CONTEXT_ONLY_NEVER_A_SPARTINA_LABEL
CNA10K-R00277-C00143,1,2.0,114227052.4,1.142271,30000,OK,88.1429,50801459.2,0.508015,10.7143,30000,OK,MURRAY_JRC_CONTEXT_ONLY_NEVER_A_SPARTINA_LABEL
CNA10K-R00277-C00144,1,1.0,82497315.6,0.824973,30000,OK,95.3611,76202188.8,0.762022,11.9167,30000,OK,MURRAY_JRC_CONTEXT_ONLY_NEVER_A_SPARTINA_LABEL
CNA10K-R00277-C00145,1,1.0,107881105.1,1.078811,30000,OK,96.6667,76202188.8,0.762022,12.0,30000,OK,MURRAY_JRC_CONTEXT_ONLY_NEVER_A_SPARTINA_LABEL
CNA10K-R00277-C00146,1,2.0,101535157.7,1.015352,30000,OK,97.125,101602918.4,1.016029,12.0,30000,OK,MURRAY_JRC_CONTEXT_ONLY_NEVER_A_SPARTINA_LABEL
CNA10K-R00277-C00147,1,1.0,88843263.0,0.888433,30000,OK,98.0,107953100.8,1.079531,12.0,30000,OK,MURRAY_JRC_CONTEXT_ONLY_NEVER_A_SPARTINA_LABEL
CNA10K-R00277-C00148,1,1.0,111054078.7,1.110541,30000,OK,98.0,85727462.4,0.857275,12.0,30000,OK,MURRAY_JRC_CONTEXT_ONLY_NEVER_A_SPARTINA_LABEL
CNA10K-R00277-C00149,1,2.0,82497315.6,0.824973,30000,OK,98.0,111128192.0,1.111282,12.0,30000,OK,MURRAY_JRC_CONTEXT_ONLY_NEVER_A_SPARTINA_LABEL
CNA10K-R00277-C00150,1,1.0,107881105.1,1.078811,30000,OK,98.0,88902553.6,0.889026,12.0,30000,OK,MURRAY_JRC_CONTEXT_ONLY_NEVER_A_SPARTINA_LABEL
CNA10K-R00278-C00141,1,2.0,88682549.5,0.886825,30000,OK,74.8,0.0,0.0,8.7692,30000,OK,MURRAY_JRC_CONTEXT_ONLY_NEVER_A_SPARTINA_LABEL
CNA10K-R00278-C00142,1,2.0,114059351.3,1.140594,30000,OK,79.0,0.0,0.0,9.0,30000,OK,MURRAY_JRC_CONTEXT_ONLY_NEVER_A_SPARTINA_LABEL
CNA10K-R00278-C00143,1,4.0,82392502.5,0.823925,30000,OK,79.7895,0.0,0.0,9.12,30000,OK,MURRAY_JRC_CONTEXT_ONLY_NEVER_A_SPARTINA_LABEL
CNA10K-R00278-C00144,1,2.0,104624280.8,1.046243,30000,OK,94.0,0.0,0.0,12.0,30000,OK,MURRAY_JRC_CONTEXT_ONLY_NEVER_A_SPARTINA_LABEL
CNA10K-R00278-C00145,1,2.0,107811229.6,1.078112,30000,OK,94.0,0.0,0.0,12.0,30000,OK,MURRAY_JRC_CONTEXT_ONLY_NEVER_A_SPARTINA_LABEL
CNA10K-R00278-C00146,1,2.0,82497315.6,0.824973,30000,OK,94.8571,31681247.4,0.316812,12.0,30000,OK,MURRAY_JRC_CONTEXT_ONLY_NEVER_A_SPARTINA_LABEL
CNA10K-R00278-C00147,1,1.0,111054078.7,1.110541,30000,OK,97.0769,82385176.1,0.823852,12.0,30000,OK,MURRAY_JRC_CONTEXT_ONLY_NEVER_A_SPARTINA_LABEL
CNA10K-R00278-C00148,1,1.0,88843263.0,0.888433,30000,OK,97.3333,114136088.1,1.141361,12.0,30000,OK,MURRAY_JRC_CONTEXT_ONLY_NEVER_A_SPARTINA_LABEL
CNA10K-R00278-C00149,1,2.0,101535157.7,1.015352,30000,OK,97.6786,88791090.2,0.887911,12.0,30000,OK,MURRAY_JRC_CONTEXT_ONLY_NEVER_A_SPARTINA_LABEL
CNA10K-R00278-C00150,1,1.0,107881105.1,1.078811,30000,OK,98.0,98344229.6,0.983442,12.0,30000,OK,MURRAY_JRC_CONTEXT_ONLY_NEVER_A_SPARTINA_LABEL
CNA10K-R00279-C00142,1,1.0,88647611.7,0.886476,30000,OK,79.0,0.0,0.0,9.0,30000,OK,MURRAY_JRC_CONTEXT_ONLY_NEVER_A_SPARTINA_LABEL
CNA10K-R00279-C00143,1,2.0,101311556.3,1.013116,30000,OK,81.7273,0.0,0.0,9.4286,30000,OK,MURRAY_JRC_CONTEXT_ONLY_NEVER_A_SPARTINA_LABEL
CNA10K-R00279-C00144,1,1.0,110809514.7,1.108095,30000,OK,94.0,0.0,0.0,12.0,30000,OK,MURRAY_JRC_CONTEXT_ONLY_NEVER_A_SPARTINA_LABEL
CNA10K-R00279-C00145,1,1.0,82315639.5,0.823156,30000,OK,94.0,0.0,0.0,12.0,30000,OK,MURRAY_JRC_CONTEXT_ONLY_NEVER_A_SPARTINA_LABEL
CNA10K-R00279-C00146,1,2.0,110809514.7,1.108095,30000,OK,95.32,34849372.1,0.348494,12.0,30000,OK,MURRAY_JRC_CONTEXT_ONLY_NEVER_A_SPARTINA_LABEL
CNA10K-R00279-C00147,1,1.0,91813597.9,0.918136,30000,OK,97.0,110884365.8,1.108844,12.0,30000,OK,MURRAY_JRC_CONTEXT_ONLY_NEVER_A_SPARTINA_LABEL
CNA10K-R00279-C00148,1,2.0,98194482.9,0.981945,30000,OK,97.0,98211866.9,0.982119,12.0,30000,OK,MURRAY_JRC_CONTEXT_ONLY_NEVER_A_SPARTINA_LABEL
CNA10K-R00279-C00149,1,4.0,107720391.5,1.077204,30000,OK,97.7667,95043742.1,0.950437,12.0,30000,OK,MURRAY_JRC_CONTEXT_ONLY_NEVER_A_SPARTINA_LABEL
CNA10K-R00279-C00150,1,2.0,79240491.4,0.792405,30000,OK,98.0,110884365.8,1.108844,12.0,30000,OK,MURRAY_JRC_CONTEXT_ONLY_NEVER_A_SPARTINA_LABEL
CNA10K-R00279-C00151,1,2.0,91953348.8,0.919533,30000,OK,98.0,79203118.4,0.792031,12.0,30000,OK,MURRAY_JRC_CONTEXT_ONLY_NEVER_A_SPARTINA_LABEL
CNA10K-R00280-C00143,1,2.0,110809514.7,1.108095,30000,OK,85.3214,0.0,0.0,10.1786,30000,OK,MURRAY_JRC_CONTEXT_ONLY_NEVER_A_SPARTINA_LABEL
CNA10K-R00280-C00144,1,1.0,79149653.3,0.791497,30000,OK,93.3333,0.0,0.0,11.6667,30000,OK,MURRAY_JRC_CONTEXT_ONLY_NEVER_A_SPARTINA_LABEL
CNA10K-R00280-C00145,1,1.0,113975500.8,1.139755,30000,OK,93.92,0.0,0.0,11.96,30000,OK,MURRAY_JRC_CONTEXT_ONLY_NEVER_A_SPARTINA_LABEL
CNA10K-R00280-C00146,1,2.0,94979584.0,0.949796,30000,OK,95.7647,63362494.7,0.633625,12.0,30000,OK,MURRAY_JRC_CONTEXT_ONLY_NEVER_A_SPARTINA_LABEL
CNA10K-R00280-C00147,1,1.0,94979584.0,0.949796,30000,OK,97.0,101379991.6,1.0138,12.0,30000,OK,MURRAY_JRC_CONTEXT_ONLY_NEVER_A_SPARTINA_LABEL
CNA10K-R00280-C00148,1,2.0,110809514.7,1.108095,30000,OK,97.0,91875617.4,0.918756,12.0,30000,OK,MURRAY_JRC_CONTEXT_ONLY_NEVER_A_SPARTINA_LABEL
CNA10K-R00280-C00149,1,1.0,79149653.3,0.791497,30000,OK,97.8571,110884365.8,1.108844,12.0,30000,OK,MURRAY_JRC_CONTEXT_ONLY_NEVER_A_SPARTINA_LABEL
CNA10K-R00280-C00150,1,1.0,110809514.7,1.108095,30000,OK,98.0,82371243.2,0.823712,12.0,30000,OK,MURRAY_JRC_CONTEXT_ONLY_NEVER_A_SPARTINA_LABEL
CNA10K-R00281-C00144,1,2.0,110724829.9,1.107248,30000,OK,92.0,0.0,0.0,11.0,30000,OK,MURRAY_JRC_CONTEXT_ONLY_NEVER_A_SPARTINA_LABEL
CNA10K-R00281-C00145,1,2.0,101255099.7,1.012551,30000,OK,92.0,0.0,0.0,11.0,30000,OK,MURRAY_JRC_CONTEXT_ONLY_NEVER_A_SPARTINA_LABEL
CNA10K-R00281-C00146,1,2.0,91813597.9,0.918136,30000,OK,96.3636,75866130.1,0.758661,11.7273,30000,OK,MURRAY_JRC_CONTEXT_ONLY_NEVER_A_SPARTINA_LABEL
CNA10K-R00281-C00147,1,1.0,113975500.8,1.139755,30000,OK,97.8889,85370504.3,0.853705,12.0,30000,OK,MURRAY_JRC_CONTEXT_ONLY_NEVER_A_SPARTINA_LABEL
CNA10K-R00281-C00148,1,2.0,79149653.3,0.791497,30000,OK,97.6667,113883626.9,1.138836,12.0,30000,OK,MURRAY_JRC_CONTEXT_ONLY_NEVER_A_SPARTINA_LABEL
CNA10K-R00282-C00143,1,1.0,91608942.9,0.916089,30000,OK,88.1481,0.0,0.0,10.5185,30000,OK,MURRAY_JRC_CONTEXT_ONLY_NEVER_A_SPARTINA_LABEL
CNA10K-R00282-C00144,1,1.0,104244659.2,1.042447,30000,OK,92.0,0.0,0.0,11.0,30000,OK,MURRAY_JRC_CONTEXT_ONLY_NEVER_A_SPARTINA_LABEL
CNA10K-R00282-C00145,1,2.0,85291084.8,0.852911,30000,OK,92.0,0.0,0.0,11.0,30000,OK,MURRAY_JRC_CONTEXT_ONLY_NEVER_A_SPARTINA_LABEL
CNA10K-R00282-C00146,1,1.0,113721446.4,1.137214,30000,OK,97.3077,72705041.3,0.72705,11.8846,30000,OK,MURRAY_JRC_CONTEXT_ONLY_NEVER_A_SPARTINA_LABEL
CNA10K-R00282-C00147,1,1.0,85291084.8,0.852911,30000,OK,98.0,113799195.1,1.137992,12.0,30000,OK,MURRAY_JRC_CONTEXT_ONLY_NEVER_A_SPARTINA_LABEL
CNA10K-R00282-C00148,1,4.0,104315229.9,1.043152,30000,OK,98.0,88510485.1,0.885105,12.0,30000,OK,MURRAY_JRC_CONTEXT_ONLY_NEVER_A_SPARTINA_LABEL
CNA10K-R00282-C00149,1,2.0,104329344.0,1.043293,30000,OK,98.0,101154840.1,1.011548,12.0,30000,OK,MURRAY_JRC_CONTEXT_ONLY_NEVER_A_SPARTINA_LABEL
CNA10K-R00283-C00143,1,1.0,101085730.1,1.010857,30000,OK,90.6774,0.0,0.0,11.129,30000,OK,MURRAY_JRC_CONTEXT_ONLY_NEVER_A_SPARTINA_LABEL
CNA10K-R00283-C00144,1,1.0,85291084.8,0.852911,30000,OK,92.3143,0.0,0.0,11.3143,30000,OK,MURRAY_JRC_CONTEXT_ONLY_NEVER_A_SPARTINA_LABEL
CNA10K-R00283-C00145,1,2.0,110562517.3,1.105625,30000,OK,92.24,3161088.8,0.031611,11.04,30000,OK,MURRAY_JRC_CONTEXT_ONLY_NEVER_A_SPARTINA_LABEL
CNA10K-R00283-C00146,1,1.0,88450013.9,0.8845,30000,OK,98.0,110638106.4,1.106381,12.0,30000,OK,MURRAY_JRC_CONTEXT_ONLY_NEVER_A_SPARTINA_LABEL
CNA10K-R00283-C00147,1,1.0,101085730.1,1.010857,30000,OK,98.0,94832662.6,0.948327,12.0,30000,OK,MURRAY_JRC_CONTEXT_ONLY_NEVER_A_SPARTINA_LABEL
CNA10K-R00283-C00148,1,2.0,107403588.3,1.074036,30000,OK,98.0,94832662.6,0.948327,12.0,30000,OK,MURRAY_JRC_CONTEXT_ONLY_NEVER_A_SPARTINA_LABEL
CNA10K-R00283-C00149,1,1.0,82132155.7,0.821322,30000,OK,98.0,113799195.1,1.137992,12.0,30000,OK,MURRAY_JRC_CONTEXT_ONLY_NEVER_A_SPARTINA_LABEL
CNA10K-R00284-C00143,1,2.0,82046636.7,0.820466,30000,OK,91.4444,0.0,0.0,11.7778,30000,OK,MURRAY_JRC_CONTEXT_ONLY_NEVER_A_SPARTINA_LABEL
CNA10K-R00284-C00144,1,2.0,113635927.3,1.136359,30000,OK,93.0,0.0,0.0,12.0,30000,OK,MURRAY_JRC_CONTEXT_ONLY_NEVER_A_SPARTINA_LABEL
CNA10K-R00284-C00145,1,3.0,88414380.9,0.884144,30000,OK,93.8571,18923899.5,0.189239,12.0,30000,OK,MURRAY_JRC_CONTEXT_ONLY_NEVER_A_SPARTINA_LABEL
CNA10K-R00284-C00146,1,1.0,97926801.1,0.979268,30000,OK,98.0,97773480.7,0.977735,12.0,30000,OK,MURRAY_JRC_CONTEXT_ONLY_NEVER_A_SPARTINA_LABEL
CNA10K-R00284-C00147,1,1.0,113721446.4,1.137214,30000,OK,98.0,94662130.4,0.946621,12.0,30000,OK,MURRAY_JRC_CONTEXT_ONLY_NEVER_A_SPARTINA_LABEL
CNA10K-R00284-C00148,1,2.0,75814297.6,0.758143,30000,OK,98.0,113628663.0,1.136287,12.0,30000,OK,MURRAY_JRC_CONTEXT_ONLY_NEVER_A_SPARTINA_LABEL
CNA10K-R00284-C00149,1,1.0,113721446.4,1.137214,30000,OK,98.0,78934847.2,0.789348,12.0,30000,OK,MURRAY_JRC_CONTEXT_ONLY_NEVER_A_SPARTINA_LABEL
CNA10K-R00285-C00143,1,1.0,113464889.2,1.134649,30000,OK,93.0,0.0,0.0,12.0,30000,OK,MURRAY_JRC_CONTEXT_ONLY_NEVER_A_SPARTINA_LABEL
CNA10K-R00285-C00144,1,1.0,97705876.8,0.977059,30000,OK,93.0,0.0,0.0,12.0,30000,OK,MURRAY_JRC_CONTEXT_ONLY_NEVER_A_SPARTINA_LABEL
CNA10K-R00285-C00145,1,2.0,94554074.4,0.945541,30000,OK,94.2903,25231866.0,0.252319,12.0,30000,OK,MURRAY_JRC_CONTEXT_ONLY_NEVER_A_SPARTINA_LABEL
CNA10K-R00285-C00146,1,1.0,113464889.2,1.134649,30000,OK,98.0,91465514.2,0.914655,12.0,30000,OK,MURRAY_JRC_CONTEXT_ONLY_NEVER_A_SPARTINA_LABEL
CNA10K-R00285-C00147,1,1.0,78795062.0,0.787951,30000,OK,98.0,113543396.9,1.135434,12.0,30000,OK,MURRAY_JRC_CONTEXT_ONLY_NEVER_A_SPARTINA_LABEL
CNA10K-R00285-C00148,1,4.0,107239676.7,1.072397,30000,OK,98.0,82003564.4,0.820036,12.0,30000,OK,MURRAY_JRC_CONTEXT_ONLY_NEVER_A_SPARTINA_LABEL
CNA10K-R00285-C00149,1,2.0,97791395.9,0.977914,30000,OK,98.0,110389413.6,1.103894,12.0,30000,OK,MURRAY_JRC_CONTEXT_ONLY_NEVER_A_SPARTINA_LABEL
CNA10K-R00285-C00150,1,3.0,88364494.8,0.883645,30000,OK,98.0,100927463.9,1.009275,12.0,30000,OK,MURRAY_JRC_CONTEXT_ONLY_NEVER_A_SPARTINA_LABEL
CNA10K-R00286-C00143,1,1.0,100857679.3,1.008577,30000,OK,89.4706,0.0,0.0,11.2941,30000,OK,MURRAY_JRC_CONTEXT_ONLY_NEVER_A_SPARTINA_LABEL
CNA10K-R00286-C00144,1,1.0,91402271.9,0.914023,30000,OK,90.2727,0.0,0.0,11.4545,30000,OK,MURRAY_JRC_CONTEXT_ONLY_NEVER_A_SPARTINA_LABEL
CNA10K-R00286-C00145,1,2.0,113464889.2,1.134649,30000,OK,95.7778,47309748.7,0.473097,12.0,30000,OK,MURRAY_JRC_CONTEXT_ONLY_NEVER_A_SPARTINA_LABEL
CNA10K-R00286-C00146,1,1.0,81946864.4,0.819469,30000,OK,98.0,113543396.9,1.135434,12.0,30000,OK,MURRAY_JRC_CONTEXT_ONLY_NEVER_A_SPARTINA_LABEL
CNA10K-R00286-C00147,1,1.0,107161284.3,1.071613,30000,OK,98.0,85157547.7,0.851575,12.0,30000,OK,MURRAY_JRC_CONTEXT_ONLY_NEVER_A_SPARTINA_LABEL
CNA10K-R00286-C00148,1,2.0,104009481.8,1.040095,30000,OK,98.0,104081447.2,1.040814,12.0,30000,OK,MURRAY_JRC_CONTEXT_ONLY_NEVER_A_SPARTINA_LABEL
CNA10K-R00286-C00149,1,1.0,91402271.9,0.914023,30000,OK,98.0,104081447.2,1.040814,12.0,30000,OK,MURRAY_JRC_CONTEXT_ONLY_NEVER_A_SPARTINA_LABEL
CNA10K-R00286-C00150,1,2.0,113464889.2,1.134649,30000,OK,98.0,85157547.7,0.851575,12.0,30000,OK,MURRAY_JRC_CONTEXT_ONLY_NEVER_A_SPARTINA_LABEL
CNA10K-R00287-C00143,1,2.0,88164116.1,0.881641,30000,OK,83.0,0.0,0.0,10.0,30000,OK,MURRAY_JRC_CONTEXT_ONLY_NEVER_A_SPARTINA_LABEL
CNA10K-R00287-C00144,1,2.0,113378535.9,1.133785,30000,OK,83.0,0.0,0.0,10.0,30000,OK,MURRAY_JRC_CONTEXT_ONLY_NEVER_A_SPARTINA_LABEL
CNA10K-R00287-C00145,1,4.0,85077078.6,0.850771,30000,OK,91.8,0.0,0.0,11.2571,30000,OK,MURRAY_JRC_CONTEXT_ONLY_NEVER_A_SPARTINA_LABEL
CNA10K-R00287-C00146,1,1.0,104009481.8,1.040095,30000,OK,97.0,0.0,0.0,12.0,30000,OK,MURRAY_JRC_CONTEXT_ONLY_NEVER_A_SPARTINA_LABEL
CNA10K-R00287-C00147,1,2.0,104009481.8,1.040095,30000,OK,97.25,25231866.0,0.252319,12.0,30000,OK,MURRAY_JRC_CONTEXT_ONLY_NEVER_A_SPARTINA_LABEL
CNA10K-R00287-C00148,1,1.0,85098666.9,0.850987,30000,OK,97.9697,100776793.6,1.007768,12.0,30000,OK,MURRAY_JRC_CONTEXT_ONLY_NEVER_A_SPARTINA_LABEL
CNA10K-R00287-C00149,1,1.0,113464889.2,1.134649,30000,OK,98.0,81917467.1,0.819175,12.0,30000,OK,MURRAY_JRC_CONTEXT_ONLY_NEVER_A_SPARTINA_LABEL
CNA10K-R00287-C00150,1,2.0,85098666.9,0.850987,30000,OK,98.0,113457299.6,1.134573,12.0,30000,OK,MURRAY_JRC_CONTEXT_ONLY_NEVER_A_SPARTINA_LABEL
CNA10K-R00288-C00143,1,1.0,113205829.3,1.132058,30000,OK,83.0,0.0,0.0,10.0,30000,OK,MURRAY_JRC_CONTEXT_ONLY_NEVER_A_SPARTINA_LABEL
CNA10K-R00288-C00144,1,1.0,88048978.3,0.88049,30000,OK,83.0,0.0,0.0,10.0,30000,OK,MURRAY_JRC_CONTEXT_ONLY_NEVER_A_SPARTINA_LABEL
CNA10K-R00288-C00145,1,1.0,100627403.8,1.006274,30000,OK,93.6207,0.0,0.0,11.5172,30000,OK,MURRAY_JRC_CONTEXT_ONLY_NEVER_A_SPARTINA_LABEL
CNA10K-R00288-C00146,1,1.0,110061222.9,1.100612,30000,OK,97.0,0.0,0.0,12.0,30000,OK,MURRAY_JRC_CONTEXT_ONLY_NEVER_A_SPARTINA_LABEL
CNA10K-R00288-C00147,1,3.0,81774157.8,0.817742,30000,OK,97.0833,9440425.4,0.094404,12.0,30000,OK,MURRAY_JRC_CONTEXT_ONLY_NEVER_A_SPARTINA_LABEL
CNA10K-R00288-C00148,1,2.0,113292182.6,1.132922,30000,OK,98.0,78670211.8,0.786702,12.0,30000,OK,MURRAY_JRC_CONTEXT_ONLY_NEVER_A_SPARTINA_LABEL
CNA10K-R00288-C00149,1,2.0,91279938.0,0.912799,30000,OK,98.0,113285104.9,1.132851,12.0,30000,OK,MURRAY_JRC_CONTEXT_ONLY_NEVER_A_SPARTINA_LABEL
CNA10K-R00288-C00150,1,4.0,97626719.6,0.976267,30000,OK,98.0,91257445.6,0.912574,12.0,30000,OK,MURRAY_JRC_CONTEXT_ONLY_NEVER_A_SPARTINA_LABEL
CNA10K-R00289-C00142,1,1.0,94338191.1,0.943382,30000,OK,76.1905,0.0,0.0,9.7143,30000,OK,MURRAY_JRC_CONTEXT_ONLY_NEVER_A_SPARTINA_LABEL
CNA10K-R00289-C00143,1,1.0,91193584.7,0.911936,30000,OK,84.6667,0.0,0.0,10.3333,30000,OK,MURRAY_JRC_CONTEXT_ONLY_NEVER_A_SPARTINA_LABEL
CNA10K-R00289-C00144,1,2.0,97482797.4,0.974828,30000,OK,84.0,0.0,0.0,10.2,30000,OK,MURRAY_JRC_CONTEXT_ONLY_NEVER_A_SPARTINA_LABEL
CNA10K-R00289-C00145,1,1.0,113205829.3,1.132058,30000,OK,96.0667,0.0,0.0,11.8667,30000,OK,MURRAY_JRC_CONTEXT_ONLY_NEVER_A_SPARTINA_LABEL
CNA10K-R00289-C00146,1,1.0,78615159.2,0.786152,30000,OK,97.0,0.0,0.0,12.0,30000,OK,MURRAY_JRC_CONTEXT_ONLY_NEVER_A_SPARTINA_LABEL
CNA10K-R00289-C00147,1,2.0,113205829.3,1.132058,30000,OK,97.2,15734042.4,0.15734,12.0,30000,OK,MURRAY_JRC_CONTEXT_ONLY_NEVER_A_SPARTINA_LABEL
CNA10K-R00289-C00148,1,1.0,94338191.1,0.943382,30000,OK,98.0,113285104.9,1.132851,12.0,30000,OK,MURRAY_JRC_CONTEXT_ONLY_NEVER_A_SPARTINA_LABEL
CNA10K-R00289-C00149,1,1.0,97482797.4,0.974828,30000,OK,98.0,97551062.6,0.975511,12.0,30000,OK,MURRAY_JRC_CONTEXT_ONLY_NEVER_A_SPARTINA_LABEL
CNA10K-R00289-C00150,1,2.0,110061222.9,1.100612,30000,OK,98.0,94404254.1,0.944043,12.0,30000,OK,MURRAY_JRC_CONTEXT_ONLY_NEVER_A_SPARTINA_LABEL
CNA10K-R00290-C00142,1,2.0,91062816.9,0.910628,30000,OK,84.1379,0.0,0.0,10.6552,30000,OK,MURRAY_JRC_CONTEXT_ONLY_NEVER_A_SPARTINA_LABEL
CNA10K-R00290-C00143,1,2.0,97395618.9,0.973956,30000,OK,88.0,0.0,0.0,11.0,30000,OK,MURRAY_JRC_CONTEXT_ONLY_NEVER_A_SPARTINA_LABEL
CNA10K-R00290-C00144,1,4.0,106836702.9,1.068367,30000,OK,88.4138,0.0,0.0,11.069,30000,OK,MURRAY_JRC_CONTEXT_ONLY_NEVER_A_SPARTINA_LABEL
CNA10K-R00290-C00145,1,2.0,78607894.3,0.786079,30000,OK,94.0,0.0,0.0,12.0,30000,OK,MURRAY_JRC_CONTEXT_ONLY_NEVER_A_SPARTINA_LABEL
CNA10K-R00290-C00146,1,1.0,113205829.3,1.132058,30000,OK,94.0,0.0,0.0,12.0,30000,OK,MURRAY_JRC_CONTEXT_ONLY_NEVER_A_SPARTINA_LABEL
CNA10K-R00290-C00147,1,2.0,97482797.4,0.974828,30000,OK,95.8182,9440425.4,0.094404,12.0,30000,OK,MURRAY_JRC_CONTEXT_ONLY_NEVER_A_SPARTINA_LABEL
CNA10K-R00290-C00148,1,1.0,94338191.1,0.943382,30000,OK,97.375,37761701.6,0.377617,12.0,30000,OK,MURRAY_JRC_CONTEXT_ONLY_NEVER_A_SPARTINA_LABEL
CNA10K-R00290-C00149,1,1.0,113205829.3,1.132058,30000,OK,97.5862,53495744.0,0.534957,12.0,30000,OK,MURRAY_JRC_CONTEXT_ONLY_NEVER_A_SPARTINA_LABEL
CNA10K-R00290-C00150,1,2.0,78615159.2,0.786152,30000,OK,97.9118,97493112.2,0.974931,12.0,30000,OK,MURRAY_JRC_CONTEXT_ONLY_NEVER_A_SPARTINA_LABEL
CNA10K-R00290-C00151,1,1.0,113205829.3,1.132058,30000,OK,98.0,78662968.0,0.78663,12.0,30000,OK,MURRAY_JRC_CONTEXT_ONLY_NEVER_A_SPARTINA_LABEL
CNA10K-R00290-C00152,1,1.0,81759765.6,0.817598,30000,OK,98.0,110138296.5,1.101383,12.0,30000,OK,MURRAY_JRC_CONTEXT_ONLY_NEVER_A_SPARTINA_LABEL
CNA10K-R00291-C00142,1,1.0,94120244.7,0.941202,30000,OK,84.5,0.0,0.0,10.6875,30000,OK,MURRAY_JRC_CONTEXT_ONLY_NEVER_A_SPARTINA_LABEL
CNA10K-R00291-C00143,1,1.0,112944284.6,1.129443,30000,OK,88.0,0.0,0.0,11.0,30000,OK,MURRAY_JRC_CONTEXT_ONLY_NEVER_A_SPARTINA_LABEL
CNA10K-R00291-C00144,1,2.0,78433531.0,0.784335,30000,OK,89.3333,0.0,0.0,11.2222,30000,OK,MURRAY_JRC_CONTEXT_ONLY_NEVER_A_SPARTINA_LABEL
CNA10K-R00291-C00145,1,1.0,109806943.4,1.098069,30000,OK,94.0,0.0,0.0,12.0,30000,OK,MURRAY_JRC_CONTEXT_ONLY_NEVER_A_SPARTINA_LABEL
CNA10K-R00291-C00146,1,1.0,100394919.7,1.003949,30000,OK,94.0,0.0,0.0,12.0,30000,OK,MURRAY_JRC_CONTEXT_ONLY_NEVER_A_SPARTINA_LABEL
CNA10K-R00291-C00147,1,3.0,91019221.6,0.910192,30000,OK,95.4545,0.0,0.0,12.0,30000,OK,MURRAY_JRC_CONTEXT_ONLY_NEVER_A_SPARTINA_LABEL
CNA10K-R00291-C00148,1,2.0,113031466.2,1.130315,30000,OK,97.0,0.0,0.0,12.0,30000,OK,MURRAY_JRC_CONTEXT_ONLY_NEVER_A_SPARTINA_LABEL
CNA10K-R00291-C00149,1,3.0,81658053.8,0.816581,30000,OK,97.0,0.0,0.0,12.0,30000,OK,MURRAY_JRC_CONTEXT_ONLY_NEVER_A_SPARTINA_LABEL
CNA10K-R00291-C00150,1,2.0,109974041.3,1.09974,30000,OK,97.7778,65930858.2,0.659309,12.0,30000,OK,MURRAY_JRC_CONTEXT_ONLY_NEVER_A_SPARTINA_LABEL
CNA10K-R00291-C00151,1,2.0,97431941.5,0.974319,30000,OK,98.0,106745198.9,1.067452,12.0,30000,OK,MURRAY_JRC_CONTEXT_ONLY_NEVER_A_SPARTINA_LABEL
CNA10K-R00291-C00152,1,1.0,56602914.6,0.566029,30000,OK,98.0,100466069.6,1.004661,12.0,30000,OK,MURRAY_JRC_CONTEXT_ONLY_NEVER_A_SPARTINA_LABEL
CNA10K-R00292-C00142,1,1.0,112944284.6,1.129443,30000,OK,85.0,0.0,0.0,10.3636,30000,OK,MURRAY_JRC_CONTEXT_ONLY_NEVER_A_SPARTINA_LABEL
CNA10K-R00292-C00143,1,1.0,84708213.5,0.847082,30000,OK,85.931,0.0,0.0,10.5484,30000,OK,MURRAY_JRC_CONTEXT_ONLY_NEVER_A_SPARTINA_LABEL
CNA10K-R00292-C00144,1,2.0,106669602.1,1.066696,30000,OK,88.2143,0.0,0.0,11.0357,30000,OK,MURRAY_JRC_CONTEXT_ONLY_NEVER_A_SPARTINA_LABEL
CNA10K-R00292-C00145,1,1.0,103532260.9,1.035323,30000,OK,94.0,0.0,0.0,12.0,30000,OK,MURRAY_JRC_CONTEXT_ONLY_NEVER_A_SPARTINA_LABEL
CNA10K-R00292-C00146,1,1.0,87845554.7,0.878456,30000,OK,94.0,0.0,0.0,12.0,30000,OK,MURRAY_JRC_CONTEXT_ONLY_NEVER_A_SPARTINA_LABEL
CNA10K-R00292-C00147,1,2.0,112944284.6,1.129443,30000,OK,96.1111,0.0,0.0,12.0,30000,OK,MURRAY_JRC_CONTEXT_ONLY_NEVER_A_SPARTINA_LABEL
CNA10K-R00292-C00148,1,1.0,84708213.5,0.847082,30000,OK,97.0,0.0,0.0,12.0,30000,OK,MURRAY_JRC_CONTEXT_ONLY_NEVER_A_SPARTINA_LABEL
CNA10K-R00292-C00149,1,2.0,106669602.1,1.066696,30000,OK,97.0,0.0,0.0,12.0,30000,OK,MURRAY_JRC_CONTEXT_ONLY_NEVER_A_SPARTINA_LABEL
CNA10K-R00292-C00150,1,1.0,103532260.9,1.035323,30000,OK,98.0,100466069.6,1.004661,12.0,30000,OK,MURRAY_JRC_CONTEXT_ONLY_NEVER_A_SPARTINA_LABEL
CNA10K-R00292-C00151,1,1.0,90982895.9,0.909829,30000,OK,98.0,106745198.9,1.067452,12.0,30000,OK,MURRAY_JRC_CONTEXT_ONLY_NEVER_A_SPARTINA_LABEL
CNA10K-R00292-C00152,1,1.0,56472142.3,0.564721,30000,OK,98.0,84768246.2,0.847682,12.0,30000,OK,MURRAY_JRC_CONTEXT_ONLY_NEVER_A_SPARTINA_LABEL
CNA10K-R00293-C00143,1,2.0,103444251.1,1.034443,30000,OK,76.0,0.0,0.0,9.0,30000,OK,MURRAY_JRC_CONTEXT_ONLY_NEVER_A_SPARTINA_LABEL
CNA10K-R00293-C00144,1,3.0,81556203.9,0.815562,30000,OK,70.2857,0.0,0.0,8.5556,30000,OK,MURRAY_JRC_CONTEXT_ONLY_NEVER_A_SPARTINA_LABEL
CNA10K-R00293-C00145,1,1.0,84708213.5,0.847082,30000,OK,56.0,0.0,0.0,7.0,30000,OK,MURRAY_JRC_CONTEXT_ONLY_NEVER_A_SPARTINA_LABEL
CNA10K-R00293-C00146,1,2.0,112944284.6,1.129443,30000,OK,68.6667,0.0,0.0,8.6667,30000,OK,MURRAY_JRC_CONTEXT_ONLY_NEVER_A_SPARTINA_LABEL
CNA10K-R00293-C00147,1,1.0,87845554.7,0.878456,30000,OK,92.5588,0.0,0.0,11.7059,30000,OK,MURRAY_JRC_CONTEXT_ONLY_NEVER_A_SPARTINA_LABEL
CNA10K-R00293-C00148,1,1.0,103532260.9,1.035323,30000,OK,95.2414,0.0,0.0,12.0,30000,OK,MURRAY_JRC_CONTEXT_ONLY_NEVER_A_SPARTINA_LABEL
CNA10K-R00293-C00149,1,2.0,106669602.1,1.066696,30000,OK,96.2258,12543632.1,0.125436,12.0,30000,OK,MURRAY_JRC_CONTEXT_ONLY_NEVER_A_SPARTINA_LABEL
CNA10K-R00293-C00150,1,1.0,84708213.5,0.847082,30000,OK,98.3143,109804317.1,1.098043,12.0,30000,OK,MURRAY_JRC_CONTEXT_ONLY_NEVER_A_SPARTINA_LABEL
CNA10K-R00293-C00151,1,1.0,112944284.6,1.129443,30000,OK,98.0,81628681.5,0.816287,12.0,30000,OK,MURRAY_JRC_CONTEXT_ONLY_NEVER_A_SPARTINA_LABEL
CNA10K-R00293-C00152,1,1.0,34510753.6,0.345108,30000,OK,98.0,109884763.6,1.098848,12.0,30000,OK,MURRAY_JRC_CONTEXT_ONLY_NEVER_A_SPARTINA_LABEL
CNA10K-R00294-C00144,1,1.0,9390021.3,0.0939,30000,OK,70.2857,0.0,0.0,8.5556,30000,OK,MURRAY_JRC_CONTEXT_ONLY_NEVER_A_SPARTINA_LABEL
CNA10K-R00294-C00147,1,2.0,97081558.8,0.970816,30000,OK,92.7742,0.0,0.0,11.8387,30000,OK,MURRAY_JRC_CONTEXT_ONLY_NEVER_A_SPARTINA_LABEL
CNA10K-R00294-C00148,1,2.0,109638257.9,1.096383,30000,OK,94.0,0.0,0.0,12.0,30000,OK,MURRAY_JRC_CONTEXT_ONLY_NEVER_A_SPARTINA_LABEL
CNA10K-R00294-C00149,1,4.0,78352855.3,0.783529,30000,OK,95.4286,31322513.6,0.313225,12.0,30000,OK,MURRAY_JRC_CONTEXT_ONLY_NEVER_A_SPARTINA_LABEL
CNA10K-R00294-C00150,1,2.0,112856274.8,1.128563,30000,OK,99.0,78306283.9,0.783063,12.0,30000,OK,MURRAY_JRC_CONTEXT_ONLY_NEVER_A_SPARTINA_LABEL
CNA10K-R00294-C00151,1,2.0,87816218.1,0.878162,30000,OK,99.0,112761048.8,1.12761,12.0,30000,OK,MURRAY_JRC_CONTEXT_ONLY_NEVER_A_SPARTINA_LABEL
CNA10K-R00294-C00152,1,1.0,12549365.0,0.125494,30000,OK,98.4828,90835289.3,0.908353,12.0,30000,OK,MURRAY_JRC_CONTEXT_ONLY_NEVER_A_SPARTINA_LABEL
CNA10K-R00294-C00153,0,0.0,0.0,0.0,30000,OK,98.0,100290550.0,1.002905,12.0,30000,OK,MURRAY_JRC_CONTEXT_ONLY_NEVER_A_SPARTINA_LABEL
CNA10K-R00295-C00148,1,1.0,78250177.3,0.782502,30000,OK,94.0,0.0,0.0,12.0,30000,OK,MURRAY_JRC_CONTEXT_ONLY_NEVER_A_SPARTINA_LABEL
CNA10K-R00295-C00149,1,2.0,112680255.2,1.126803,30000,OK,96.0,31322513.6,0.313225,12.0,30000,OK,MURRAY_JRC_CONTEXT_ONLY_NEVER_A_SPARTINA_LABEL
CNA10K-R00295-C00150,1,1.0,93900212.7,0.939002,30000,OK,99.0,112761048.8,1.12761,12.0,30000,OK,MURRAY_JRC_CONTEXT_ONLY_NEVER_A_SPARTINA_LABEL
CNA10K-R00295-C00151,1,1.0,97030219.8,0.970302,30000,OK,99.0,97099792.1,0.970998,12.0,30000,OK,MURRAY_JRC_CONTEXT_ONLY_NEVER_A_SPARTINA_LABEL
CNA10K-R00295-C00152,1,2.0,106420241.1,1.064202,30000,OK,98.1935,97099792.1,0.970998,12.0,30000,OK,MURRAY_JRC_CONTEXT_ONLY_NEVER_A_SPARTINA_LABEL
CNA10K-R00295-C00153,1,1.0,75120170.2,0.751202,30000,OK,98.0,112761048.8,1.12761,12.0,30000,OK,MURRAY_JRC_CONTEXT_ONLY_NEVER_A_SPARTINA_LABEL
CNA10K-R00296-C00148,1,1.0,112680255.2,1.126803,30000,OK,87.5714,0.0,0.0,11.0909,30000,OK,MURRAY_JRC_CONTEXT_ONLY_NEVER_A_SPARTINA_LABEL
CNA10K-R00296-C00149,1,2.0,97030219.8,0.970302,30000,OK,93.7273,40719267.6,0.407193,11.5455,30000,OK,MURRAY_JRC_CONTEXT_ONLY_NEVER_A_SPARTINA_LABEL
CNA10K-R00296-C00150,1,1.0,93900212.7,0.939002,30000,OK,97.25,75174032.6,0.75174,11.75,30000,OK,MURRAY_JRC_CONTEXT_ONLY_NEVER_A_SPARTINA_LABEL
CNA10K-R00296-C00151,1,2.0,112680255.2,1.126803,30000,OK,99.0,90835289.3,0.908353,12.0,30000,OK,MURRAY_JRC_CONTEXT_ONLY_NEVER_A_SPARTINA_LABEL
CNA10K-R00296-C00152,1,1.0,78250177.3,0.782502,30000,OK,98.0857,109628797.5,1.096288,12.0,30000,OK,MURRAY_JRC_CONTEXT_ONLY_NEVER_A_SPARTINA_LABEL
CNA10K-R00296-C00153,1,1.0,112680255.2,1.126803,30000,OK,98.0,78306283.9,0.783063,12.0,30000,OK,MURRAY_JRC_CONTEXT_ONLY_NEVER_A_SPARTINA_LABEL
CNA10K-R00297-C00149,1,2.0,87551363.5,0.875514,30000,OK,88.4545,0.0,0.0,10.7273,30000,OK,MURRAY_JRC_CONTEXT_ONLY_NEVER_A_SPARTINA_LABEL
CNA10K-R00297-C00150,1,2.0,112591420.2,1.125914,30000,OK,92.0,0.0,0.0,11.0,30000,OK,MURRAY_JRC_CONTEXT_ONLY_NEVER_A_SPARTINA_LABEL
CNA10K-R00297-C00151,1,3.0,78242774.3,0.782428,30000,OK,92.4118,6249738.5,0.062497,11.0571,30000,OK,MURRAY_JRC_CONTEXT_ONLY_NEVER_A_SPARTINA_LABEL
CNA10K-R00297-C00152,1,1.0,112680255.2,1.126803,30000,OK,99.0,84371470.3,0.843715,12.0,30000,OK,MURRAY_JRC_CONTEXT_ONLY_NEVER_A_SPARTINA_LABEL
CNA10K-R00297-C00153,1,1.0,97030219.8,0.970302,30000,OK,98.6857,109451627.4,1.094516,12.0,30000,OK,MURRAY_JRC_CONTEXT_ONLY_NEVER_A_SPARTINA_LABEL
CNA10K-R00298-C00149,1,1.0,112413750.2,1.124138,30000,OK,91.0,0.0,0.0,10.9231,30000,OK,MURRAY_JRC_CONTEXT_ONLY_NEVER_A_SPARTINA_LABEL
CNA10K-R00298-C00150,1,1.0,84310312.7,0.843103,30000,OK,92.0,0.0,0.0,11.0,30000,OK,MURRAY_JRC_CONTEXT_ONLY_NEVER_A_SPARTINA_LABEL
CNA10K-R00298-C00151,1,2.0,109291146.0,1.092911,30000,OK,93.2963,15624346.4,0.156243,11.1852,30000,OK,MURRAY_JRC_CONTEXT_ONLY_NEVER_A_SPARTINA_LABEL
CNA10K-R00298-C00152,1,1.0,99923333.5,0.999233,30000,OK,99.0,106245555.2,1.062456,12.0,30000,OK,MURRAY_JRC_CONTEXT_ONLY_NEVER_A_SPARTINA_LABEL
CNA10K-R00298-C00153,1,2.0,90592535.6,0.905925,30000,OK,99.0,103120685.9,1.031207,12.0,30000,OK,MURRAY_JRC_CONTEXT_ONLY_NEVER_A_SPARTINA_LABEL
CNA10K-R00299-C00150,1,1.0,103045937.7,1.030459,30000,OK,86.6667,0.0,0.0,10.2857,30000,OK,MURRAY_JRC_CONTEXT_ONLY_NEVER_A_SPARTINA_LABEL
CNA10K-R00299-C00151,1,2.0,103045937.7,1.030459,30000,OK,94.8438,40623300.5,0.406233,11.4062,30000,OK,MURRAY_JRC_CONTEXT_ONLY_NEVER_A_SPARTINA_LABEL
CNA10K-R00299-C00152,1,1.0,87432916.8,0.874329,30000,OK,99.0,106245555.2,1.062456,12.0,30000,OK,MURRAY_JRC_CONTEXT_ONLY_NEVER_A_SPARTINA_LABEL
CNA10K-R00299-C00153,1,1.0,112413750.2,1.124138,30000,OK,99.0,87496339.6,0.874963,12.0,30000,OK,MURRAY_JRC_CONTEXT_ONLY_NEVER_A_SPARTINA_LABEL
CNA10K-R00299-C00154,1,2.0,78065104.3,0.780651,30000,OK,98.3056,112495293.7,1.124953,12.0,30000,OK,MURRAY_JRC_CONTEXT_ONLY_NEVER_A_SPARTINA_LABEL
CNA10K-R00299-C00155,1,1.0,112413750.2,1.124138,30000,OK,98.0,81246601.0,0.812466,12.0,30000,OK,MURRAY_JRC_CONTEXT_ONLY_NEVER_A_SPARTINA_LABEL
CNA10K-R00299-C00156,1,2.0,93678125.2,0.936781,30000,OK,98.0,109370424.5,1.093704,12.0,30000,OK,MURRAY_JRC_CONTEXT_ONLY_NEVER_A_SPARTINA_LABEL
CNA10K-R00299-C00157,1,1.0,99923333.5,0.999233,30000,OK,98.0,93746078.1,0.937461,12.0,30000,OK,MURRAY_JRC_CONTEXT_ONLY_NEVER_A_SPARTINA_LABEL
CNA10K-R00300-C00151,1,2.0,84310312.7,0.843103,30000,OK,88.0455,0.0,0.0,10.9565,30000,OK,MURRAY_JRC_CONTEXT_ONLY_NEVER_A_SPARTINA_LABEL
CNA10K-R00300-C00152,1,1.0,112413750.2,1.124138,30000,OK,95.3077,6249738.5,0.062497,12.0,30000,OK,MURRAY_JRC_CONTEXT_ONLY_NEVER_A_SPARTINA_LABEL
CNA10K-R00300-C00153,1,2.0,84310312.7,0.843103,30000,OK,96.3333,37498431.2,0.374984,12.0,30000,OK,MURRAY_JRC_CONTEXT_ONLY_NEVER_A_SPARTINA_LABEL
CNA10K-R00300-C00154,1,1.0,106168541.9,1.061685,30000,OK,98.3333,78024870.7,0.780249,12.0,30000,OK,MURRAY_JRC_CONTEXT_ONLY_NEVER_A_SPARTINA_LABEL
CNA10K-R00300-C00155,1,1.0,99923333.5,0.999233,30000,OK,98.3529,106156144.9,1.061561,12.0,30000,OK,MURRAY_JRC_CONTEXT_ONLY_NEVER_A_SPARTINA_LABEL
CNA10K-R00300-C00156,1,2.0,93678125.2,0.936781,30000,OK,98.25,99936209.8,0.999362,12.0,30000,OK,MURRAY_JRC_CONTEXT_ONLY_NEVER_A_SPARTINA_LABEL
CNA10K-R00300-C00157,1,1.0,112413750.2,1.124138,30000,OK,98.0,93746078.1,0.937461,12.0,30000,OK,MURRAY_JRC_CONTEXT_ONLY_NEVER_A_SPARTINA_LABEL
CNA10K-R00300-C00158,1,1.0,81187708.5,0.811877,30000,OK,98.0,112495293.7,1.124953,12.0,30000,OK,MURRAY_JRC_CONTEXT_ONLY_NEVER_A_SPARTINA_LABEL
CNA10K-R00301-C00151,1,2.0,112144760.5,1.121448,30000,OK,87.35,0.0,0.0,10.8571,30000,OK,MURRAY_JRC_CONTEXT_ONLY_NEVER_A_SPARTINA_LABEL
CNA10K-R00301-C00152,1,1.0,90338834.8,0.903388,30000,OK,95.0,0.0,0.0,12.0,30000,OK,MURRAY_JRC_CONTEXT_ONLY_NEVER_A_SPARTINA_LABEL
CNA10K-R00301-C00153,1,4.0,102866611.2,1.028666,30000,OK,95.0,0.0,0.0,12.0,30000,OK,MURRAY_JRC_CONTEXT_ONLY_NEVER_A_SPARTINA_LABEL
CNA10K-R00301-C00154,1,2.0,102889027.0,1.02889,30000,OK,99.0,99757389.3,0.997574,12.0,30000,OK,MURRAY_JRC_CONTEXT_ONLY_NEVER_A_SPARTINA_LABEL
CNA10K-R00301-C00155,1,2.0,87343253.6,0.873433,30000,OK,99.0,105992226.1,1.059922,12.0,30000,OK,MURRAY_JRC_CONTEXT_ONLY_NEVER_A_SPARTINA_LABEL
CNA10K-R00301-C00156,1,4.0,109208954.7,1.09209,30000,OK,98.6071,87287715.6,0.872877,12.0,30000,OK,MURRAY_JRC_CONTEXT_ONLY_NEVER_A_SPARTINA_LABEL
CNA10K-R00301-C00157,1,2.0,81180236.5,0.811802,30000,OK,98.0,112227063.0,1.122271,12.0,30000,OK,MURRAY_JRC_CONTEXT_ONLY_NEVER_A_SPARTINA_LABEL
CNA10K-R00301-C00158,1,1.0,112413750.2,1.124138,30000,OK,98.0,81052878.8,0.810529,12.0,30000,OK,MURRAY_JRC_CONTEXT_ONLY_NEVER_A_SPARTINA_LABEL
CNA10K-R00302-C00151,1,1.0,93453967.1,0.93454,30000,OK,90.3636,0.0,0.0,11.2941,30000,OK,MURRAY_JRC_CONTEXT_ONLY_NEVER_A_SPARTINA_LABEL
CNA10K-R00302-C00152,1,1.0,99684231.5,0.996842,30000,OK,95.0,0.0,0.0,12.0,30000,OK,MURRAY_JRC_CONTEXT_ONLY_NEVER_A_SPARTINA_LABEL
CNA10K-R00302-C00153,1,2.0,105914496.0,1.059145,30000,OK,95.7742,18704510.5,0.187045,12.0,30000,OK,MURRAY_JRC_CONTEXT_ONLY_NEVER_A_SPARTINA_LABEL
CNA10K-R00302-C00154,1,1.0,84108570.4,0.841086,30000,OK,99.0,109109644.5,1.091096,12.0,30000,OK,MURRAY_JRC_CONTEXT_ONLY_NEVER_A_SPARTINA_LABEL
CNA10K-R00302-C00155,1,1.0,112144760.5,1.121448,30000,OK,99.0,84170297.2,0.841703,12.0,30000,OK,MURRAY_JRC_CONTEXT_ONLY_NEVER_A_SPARTINA_LABEL
CNA10K-R00302-C00156,1,2.0,80993438.1,0.809934,30000,OK,98.5,112227063.0,1.122271,12.0,30000,OK,MURRAY_JRC_CONTEXT_ONLY_NEVER_A_SPARTINA_LABEL
CNA10K-R00302-C00157,1,1.0,109029628.2,1.090296,30000,OK,98.0,84170297.2,0.841703,12.0,30000,OK,MURRAY_JRC_CONTEXT_ONLY_NEVER_A_SPARTINA_LABEL
CNA10K-R00302-C00158,1,1.0,93453967.1,0.93454,30000,OK,98.0,109109644.5,1.091096,12.0,30000,OK,MURRAY_JRC_CONTEXT_ONLY_NEVER_A_SPARTINA_LABEL
CNA10K-R00302-C00159,0,0.0,0.0,0.0,30000,OK,98.0,18704510.5,0.187045,12.0,30000,OK,MURRAY_JRC_CONTEXT_ONLY_NEVER_A_SPARTINA_LABEL
CNA10K-R00303-C00151,1,1.0,96569099.3,0.965691,30000,OK,77.0,0.0,0.0,8.0,30000,OK,MURRAY_JRC_CONTEXT_ONLY_NEVER_A_SPARTINA_LABEL
CNA10K-R00303-C00152,1,1.0,112144760.5,1.121448,30000,OK,80.1034,0.0,0.0,8.6897,30000,OK,MURRAY_JRC_CONTEXT_ONLY_NEVER_A_SPARTINA_LABEL
CNA10K-R00303-C00153,1,2.0,80993438.1,0.809934,30000,OK,87.8857,37341344.4,0.373413,10.2857,30000,OK,MURRAY_JRC_CONTEXT_ONLY_NEVER_A_SPARTINA_LABEL
CNA10K-R00303-C00154,1,1.0,112144760.5,1.121448,30000,OK,97.56,77845224.9,0.778452,12.0,30000,OK,MURRAY_JRC_CONTEXT_ONLY_NEVER_A_SPARTINA_LABEL
CNA10K-R00303-C00155,1,1.0,90338834.8,0.903388,30000,OK,98.0,112136827.5,1.121368,12.0,30000,OK,MURRAY_JRC_CONTEXT_ONLY_NEVER_A_SPARTINA_LABEL
CNA10K-R00303-C00156,1,2.0,102799363.8,1.027994,30000,OK,98.1071,87257637.1,0.872576,12.0,30000,OK,MURRAY_JRC_CONTEXT_ONLY_NEVER_A_SPARTINA_LABEL
CNA10K-R00303-C00157,1,1.0,102799363.8,1.027994,30000,OK,98.0,102874807.7,1.028748,12.0,30000,OK,MURRAY_JRC_CONTEXT_ONLY_NEVER_A_SPARTINA_LABEL
CNA10K-R00303-C00158,1,1.0,71648041.4,0.71648,30000,OK,98.0,102874807.7,1.028748,12.0,30000,OK,MURRAY_JRC_CONTEXT_ONLY_NEVER_A_SPARTINA_LABEL
CNA10K-R00303-C00159,0,0.0,0.0,0.0,30000,OK,98.0,0.0,0.0,12.0,30000,OK,MURRAY_JRC_CONTEXT_ONLY_NEVER_A_SPARTINA_LABEL
CNA10K-R00304-C00151,1,1.0,111873304.1,1.118733,30000,OK,77.0,0.0,0.0,8.0,30000,OK,MURRAY_JRC_CONTEXT_ONLY_NEVER_A_SPARTINA_LABEL
CNA10K-R00304-C00152,1,1.0,77689794.5,0.776898,30000,OK,77.0,0.0,0.0,8.0,30000,OK,MURRAY_JRC_CONTEXT_ONLY_NEVER_A_SPARTINA_LABEL
CNA10K-R00304-C00153,1,4.0,111963789.6,1.119638,30000,OK,85.7692,37318785.5,0.373188,9.8462,30000,OK,MURRAY_JRC_CONTEXT_ONLY_NEVER_A_SPARTINA_LABEL
CNA10K-R00304-C00154,1,2.0,93318238.9,0.933182,30000,OK,96.0,111956356.5,1.119564,12.0,30000,OK,MURRAY_JRC_CONTEXT_ONLY_NEVER_A_SPARTINA_LABEL
CNA10K-R00304-C00155,1,3.0,96478613.8,0.964786,30000,OK,96.0,93296963.8,0.93297,12.0,30000,OK,MURRAY_JRC_CONTEXT_ONLY_NEVER_A_SPARTINA_LABEL
CNA10K-R00304-C00156,1,2.0,105839091.5,1.058391,30000,OK,98.6129,96406862.6,0.964069,12.0,30000,OK,MURRAY_JRC_CONTEXT_ONLY_NEVER_A_SPARTINA_LABEL
CNA10K-R00304-C00157,1,1.0,87223702.6,0.872237,30000,OK,99.0,108846457.7,1.088465,12.0,30000,OK,MURRAY_JRC_CONTEXT_ONLY_NEVER_A_SPARTINA_LABEL
CNA10K-R00304-C00158,1,1.0,71648041.4,0.71648,30000,OK,98.8889,80872407.8,0.808724,12.0,30000,OK,MURRAY_JRC_CONTEXT_ONLY_NEVER_A_SPARTINA_LABEL
CNA10K-R00304-C00159,0,0.0,0.0,0.0,30000,OK,98.6667,74637571.0,0.746376,12.0,30000,OK,MURRAY_JRC_CONTEXT_ONLY_NEVER_A_SPARTINA_LABEL
CNA10K-R00305-C00151,1,1.0,83904978.1,0.83905,30000,OK,77.0,0.0,0.0,8.0,30000,OK,MURRAY_JRC_CONTEXT_ONLY_NEVER_A_SPARTINA_LABEL
CNA10K-R00305-C00152,1,1.0,108765712.3,1.087657,30000,OK,77.0,0.0,0.0,8.0,30000,OK,MURRAY_JRC_CONTEXT_ONLY_NEVER_A_SPARTINA_LABEL
CNA10K-R00305-C00153,1,2.0,96335345.2,0.963353,30000,OK,89.8529,71527672.2,0.715277,10.7059,30000,OK,MURRAY_JRC_CONTEXT_ONLY_NEVER_A_SPARTINA_LABEL
CNA10K-R00305-C00154,1,1.0,96335345.2,0.963353,30000,OK,96.0,99516761.3,0.995168,12.0,30000,OK,MURRAY_JRC_CONTEXT_ONLY_NEVER_A_SPARTINA_LABEL
CNA10K-R00305-C00155,1,2.0,111873304.1,1.118733,30000,OK,96.0,93296963.8,0.93297,12.0,30000,OK,MURRAY_JRC_CONTEXT_ONLY_NEVER_A_SPARTINA_LABEL
CNA10K-R00305-C00156,1,1.0,80797386.3,0.807974,30000,OK,98.9167,111956356.5,1.119564,12.0,30000,OK,MURRAY_JRC_CONTEXT_ONLY_NEVER_A_SPARTINA_LABEL
CNA10K-R00305-C00157,1,1.0,114980895.9,1.149809,30000,OK,99.0,80857368.6,0.808574,12.0,30000,OK,MURRAY_JRC_CONTEXT_ONLY_NEVER_A_SPARTINA_LABEL
CNA10K-R00305-C00158,1,1.0,43506284.9,0.435063,30000,OK,99.0,111956356.5,1.119564,12.0,30000,OK,MURRAY_JRC_CONTEXT_ONLY_NEVER_A_SPARTINA_LABEL
CNA10K-R00305-C00159,0,0.0,0.0,0.0,30000,OK,99.0,87077166.2,0.870772,12.0,30000,OK,MURRAY_JRC_CONTEXT_ONLY_NEVER_A_SPARTINA_LABEL
CNA10K-R00306-C00150,1,1.0,52829060.3,0.528291,30000,OK,75.5714,0.0,0.0,9.0,30000,OK,MURRAY_JRC_CONTEXT_ONLY_NEVER_A_SPARTINA_LABEL
CNA10K-R00306-C00151,1,1.0,105658120.5,1.056581,30000,OK,77.0,0.0,0.0,9.0,30000,OK,MURRAY_JRC_CONTEXT_ONLY_NEVER_A_SPARTINA_LABEL
CNA10K-R00306-C00152,1,1.0,99442937.0,0.994429,30000,OK,77.0,0.0,0.0,8.6897,30000,OK,MURRAY_JRC_CONTEXT_ONLY_NEVER_A_SPARTINA_LABEL
CNA10K-R00306-C00153,1,1.0,93227753.4,0.932278,30000,OK,88.1875,27989089.1,0.279891,10.8125,30000,OK,MURRAY_JRC_CONTEXT_ONLY_NEVER_A_SPARTINA_LABEL
CNA10K-R00306-C00154,1,1.0,111873304.1,1.118733,30000,OK,92.6897,52868279.5,0.528683,11.5862,30000,OK,MURRAY_JRC_CONTEXT_ONLY_NEVER_A_SPARTINA_LABEL
CNA10K-R00306-C00155,1,2.0,80797386.3,0.807974,30000,OK,94.1429,80842192.8,0.808422,11.6857,30000,OK,MURRAY_JRC_CONTEXT_ONLY_NEVER_A_SPARTINA_LABEL
CNA10K-R00306-C00156,1,1.0,111873304.1,1.118733,30000,OK,98.8462,80849780.7,0.808498,11.9615,30000,OK,MURRAY_JRC_CONTEXT_ONLY_NEVER_A_SPARTINA_LABEL
CNA10K-R00306-C00157,1,1.0,90120161.6,0.901202,30000,OK,99.0,115066255.3,1.150663,12.0,30000,OK,MURRAY_JRC_CONTEXT_ONLY_NEVER_A_SPARTINA_LABEL
CNA10K-R00306-C00158,1,1.0,24860734.2,0.248607,30000,OK,99.0,90187065.0,0.901871,12.0,30000,OK,MURRAY_JRC_CONTEXT_ONLY_NEVER_A_SPARTINA_LABEL
CNA10K-R00306-C00159,0,0.0,0.0,0.0,30000,OK,99.0,102626660.1,1.026267,12.0,30000,OK,MURRAY_JRC_CONTEXT_ONLY_NEVER_A_SPARTINA_LABEL
CNA10K-R00307-C00150,1,1.0,92999484.2,0.929995,30000,OK,75.5714,0.0,0.0,9.0,30000,OK,MURRAY_JRC_CONTEXT_ONLY_NEVER_A_SPARTINA_LABEL
CNA10K-R00307-C00151,1,1.0,105399415.5,1.053994,30000,OK,77.0,0.0,0.0,9.0,30000,OK,MURRAY_JRC_CONTEXT_ONLY_NEVER_A_SPARTINA_LABEL
CNA10K-R00307-C00152,1,4.0,83722362.7,0.837224,30000,OK,77.0,0.0,0.0,9.0,30000,OK,MURRAY_JRC_CONTEXT_ONLY_NEVER_A_SPARTINA_LABEL
CNA10K-R00307-C00153,1,2.0,111690688.8,1.116907,30000,OK,88.0,0.0,0.0,11.0,30000,OK,MURRAY_JRC_CONTEXT_ONLY_NEVER_A_SPARTINA_LABEL
CNA10K-R00307-C00154,1,2.0,80690860.7,0.806909,30000,OK,88.0,0.0,0.0,11.0,30000,OK,MURRAY_JRC_CONTEXT_ONLY_NEVER_A_SPARTINA_LABEL
CNA10K-R00307-C00155,1,4.0,108674404.6,1.086744,30000,OK,89.8846,21716176.3,0.217162,11.0,30000,OK,MURRAY_JRC_CONTEXT_ONLY_NEVER_A_SPARTINA_LABEL
CNA10K-R00307-C00156,1,2.0,93182099.6,0.931821,30000,OK,95.0,108580881.6,1.085809,11.0,30000,OK,MURRAY_JRC_CONTEXT_ONLY_NEVER_A_SPARTINA_LABEL
CNA10K-R00307-C00157,1,1.0,99442937.0,0.994429,30000,OK,95.0,96171638.0,0.961716,11.0,30000,OK,MURRAY_JRC_CONTEXT_ONLY_NEVER_A_SPARTINA_LABEL
CNA10K-R00307-C00158,1,1.0,15537958.9,0.15538,30000,OK,97.9677,96224753.2,0.962248,11.7419,30000,OK,MURRAY_JRC_CONTEXT_ONLY_NEVER_A_SPARTINA_LABEL
CNA10K-R00307-C00159,0,0.0,0.0,0.0,30000,OK,99.0,105569625.3,1.055696,12.0,30000,OK,MURRAY_JRC_CONTEXT_ONLY_NEVER_A_SPARTINA_LABEL
CNA10K-R00307-C00160,0,0.0,0.0,0.0,30000,OK,99.0,86986111.5,0.869861,12.0,30000,OK,MURRAY_JRC_CONTEXT_ONLY_NEVER_A_SPARTINA_LABEL
CNA10K-R00308-C00150,1,1.0,108499398.3,1.084994,30000,OK,75.5714,0.0,0.0,9.0,30000,OK,MURRAY_JRC_CONTEXT_ONLY_NEVER_A_SPARTINA_LABEL
CNA10K-R00308-C00151,1,1.0,83699535.8,0.836995,30000,OK,77.0,0.0,0.0,9.0,30000,OK,MURRAY_JRC_CONTEXT_ONLY_NEVER_A_SPARTINA_LABEL
CNA10K-R00308-C00152,1,2.0,114699363.9,1.146994,30000,OK,79.2,0.0,0.0,9.3333,30000,OK,MURRAY_JRC_CONTEXT_ONLY_NEVER_A_SPARTINA_LABEL
CNA10K-R00308-C00153,1,1.0,86799518.6,0.867995,30000,OK,88.0,0.0,0.0,11.0,30000,OK,MURRAY_JRC_CONTEXT_ONLY_NEVER_A_SPARTINA_LABEL
CNA10K-R00308-C00154,1,1.0,108499398.3,1.084994,30000,OK,88.0,0.0,0.0,11.0,30000,OK,MURRAY_JRC_CONTEXT_ONLY_NEVER_A_SPARTINA_LABEL
CNA10K-R00308-C00155,1,2.0,99199449.9,0.991994,30000,OK,91.5,52739285.3,0.527393,11.0,30000,OK,MURRAY_JRC_CONTEXT_ONLY_NEVER_A_SPARTINA_LABEL
CNA10K-R00308-C00156,1,1.0,92999484.2,0.929995,30000,OK,95.0,99273948.9,0.992739,11.0,30000,OK,MURRAY_JRC_CONTEXT_ONLY_NEVER_A_SPARTINA_LABEL
CNA10K-R00308-C00157,1,2.0,111599381.1,1.115994,30000,OK,95.0,93069327.1,0.930693,11.0,30000,OK,MURRAY_JRC_CONTEXT_ONLY_NEVER_A_SPARTINA_LABEL
CNA10K-R00308-C00158,1,1.0,74399587.4,0.743996,30000,OK,98.2222,111683192.5,1.116832,11.8056,30000,OK,MURRAY_JRC_CONTEXT_ONLY_NEVER_A_SPARTINA_LABEL
CNA10K-R00308-C00159,1,1.0,74399587.4,0.743996,30000,OK,99.0,80660083.5,0.806601,12.0,30000,OK,MURRAY_JRC_CONTEXT_ONLY_NEVER_A_SPARTINA_LABEL
CNA10K-R00308-C00160,1,2.0,46499742.1,0.464997,30000,OK,99.0,111683192.5,1.116832,12.0,30000,OK,MURRAY_JRC_CONTEXT_ONLY_NEVER_A_SPARTINA_LABEL
CNA10K-R00308-C00161,1,1.0,37199793.7,0.371998,30000,OK,99.0,83762394.4,0.837624,12.0,30000,OK,MURRAY_JRC_CONTEXT_ONLY_NEVER_A_SPARTINA_LABEL
CNA10K-R00309-C00154,1,1.0,102299432.7,1.022994,30000,OK,84.7826,0.0,0.0,10.5,30000,OK,MURRAY_JRC_CONTEXT_ONLY_NEVER_A_SPARTINA_LABEL
CNA10K-R00309-C00155,1,2.0,89899501.4,0.898995,30000,OK,88.2188,46534663.5,0.465347,10.4545,30000,OK,MURRAY_JRC_CONTEXT_ONLY_NEVER_A_SPARTINA_LABEL
CNA10K-R00309-C00156,1,1.0,111599381.1,1.115994,30000,OK,95.0,86864705.3,0.868647,11.0,30000,OK,MURRAY_JRC_CONTEXT_ONLY_NEVER_A_SPARTINA_LABEL
CNA10K-R00309-C00157,1,2.0,77499570.2,0.774996,30000,OK,95.0,111683192.5,1.116832,11.0,30000,OK,MURRAY_JRC_CONTEXT_ONLY_NEVER_A_SPARTINA_LABEL
CNA10K-R00309-C00158,1,1.0,114699363.9,1.146994,30000,OK,98.8462,80660083.5,0.806601,11.9615,30000,OK,MURRAY_JRC_CONTEXT_ONLY_NEVER_A_SPARTINA_LABEL
CNA10K-R00309-C00159,1,1.0,89899501.4,0.898995,30000,OK,99.0,114785503.4,1.147855,12.0,30000,OK,MURRAY_JRC_CONTEXT_ONLY_NEVER_A_SPARTINA_LABEL
CNA10K-R00309-C00160,1,2.0,102299432.7,1.022994,30000,OK,99.0,86864705.3,0.868647,12.0,30000,OK,MURRAY_JRC_CONTEXT_ONLY_NEVER_A_SPARTINA_LABEL
CNA10K-R00309-C00161,1,1.0,99199449.9,0.991994,30000,OK,99.0,105478570.7,1.054786,12.0,30000,OK,MURRAY_JRC_CONTEXT_ONLY_NEVER_A_SPARTINA_LABEL
CNA10K-R00310-C00154,1,3.0,83607405.9,0.836074,30000,OK,51.0,0.0,0.0,7.0,30000,OK,MURRAY_JRC_CONTEXT_ONLY_NEVER_A_SPARTINA_LABEL
CNA10K-R00310-C00155,1,2.0,111507251.2,1.115073,30000,OK,81.25,0.0,0.0,9.64,30000,OK,MURRAY_JRC_CONTEXT_ONLY_NEVER_A_SPARTINA_LABEL
CNA10K-R00310-C00156,1,2.0,80584198.0,0.805842,30000,OK,84.0,0.0,0.0,10.0,30000,OK,MURRAY_JRC_CONTEXT_ONLY_NEVER_A_SPARTINA_LABEL
CNA10K-R00310-C00157,1,2.0,111599381.1,1.115994,30000,OK,84.2308,0.0,0.0,10.0,30000,OK,MURRAY_JRC_CONTEXT_ONLY_NEVER_A_SPARTINA_LABEL
CNA10K-R00310-C00158,1,1.0,96099467.0,0.960995,30000,OK,90.0857,34125419.9,0.341254,10.6286,30000,OK,MURRAY_JRC_CONTEXT_ONLY_NEVER_A_SPARTINA_LABEL
CNA10K-R00310-C00159,1,1.0,99199449.9,0.991994,30000,OK,91.2,37227730.8,0.372277,10.8,30000,OK,MURRAY_JRC_CONTEXT_ONLY_NEVER_A_SPARTINA_LABEL
CNA10K-R00310-C00160,1,2.0,105399415.5,1.053994,30000,OK,96.4839,77511832.6,0.775118,11.6129,30000,OK,MURRAY_JRC_CONTEXT_ONLY_NEVER_A_SPARTINA_LABEL
CNA10K-R00310-C00161,1,1.0,89899501.4,0.898995,30000,OK,99.0,102307349.8,1.023073,12.0,30000,OK,MURRAY_JRC_CONTEXT_ONLY_NEVER_A_SPARTINA_LABEL
CNA10K-R00310-C00162,1,1.0,105399415.5,1.053994,30000,OK,99.0,89967016.2,0.89967,12.0,30000,OK,MURRAY_JRC_CONTEXT_ONLY_NEVER_A_SPARTINA_LABEL
CNA10K-R00311-C00154,1,2.0,114415296.8,1.144153,30000,OK,51.0,0.0,0.0,7.0,30000,OK,MURRAY_JRC_CONTEXT_ONLY_NEVER_A_SPARTINA_LABEL
CNA10K-R00311-C00155,1,1.0,86584548.9,0.865845,30000,OK,82.1143,0.0,0.0,9.8378,30000,OK,MURRAY_JRC_CONTEXT_ONLY_NEVER_A_SPARTINA_LABEL
CNA10K-R00311-C00156,1,1.0,105138380.8,1.051384,30000,OK,84.0,0.0,0.0,10.0,30000,OK,MURRAY_JRC_CONTEXT_ONLY_NEVER_A_SPARTINA_LABEL
CNA10K-R00311-C00157,1,2.0,98953770.2,0.989538,30000,OK,84.6471,0.0,0.0,10.0,30000,OK,MURRAY_JRC_CONTEXT_ONLY_NEVER_A_SPARTINA_LABEL
CNA10K-R00311-C00158,1,2.0,92815224.5,0.928152,30000,OK,86.0,0.0,0.0,10.0,30000,OK,MURRAY_JRC_CONTEXT_ONLY_NEVER_A_SPARTINA_LABEL
CNA10K-R00311-C00159,1,2.0,108322816.0,1.083228,30000,OK,86.0,0.0,0.0,10.0,30000,OK,MURRAY_JRC_CONTEXT_ONLY_NEVER_A_SPARTINA_LABEL
CNA10K-R00311-C00160,1,4.0,83607405.9,0.836074,30000,OK,94.5429,71177047.6,0.71177,11.3143,30000,OK,MURRAY_JRC_CONTEXT_ONLY_NEVER_A_SPARTINA_LABEL
CNA10K-R00311-C00161,1,2.0,111507251.2,1.115073,30000,OK,99.0,83555664.6,0.835557,12.0,30000,OK,MURRAY_JRC_CONTEXT_ONLY_NEVER_A_SPARTINA_LABEL
CNA10K-R00311-C00162,1,2.0,65084284.0,0.650843,30000,OK,99.0,114502207.0,1.145022,12.0,30000,OK,MURRAY_JRC_CONTEXT_ONLY_NEVER_A_SPARTINA_LABEL
CNA10K-R00311-C00163,0,0.0,0.0,0.0,30000,OK,99.0,80461010.3,0.80461,12.0,30000,OK,MURRAY_JRC_CONTEXT_ONLY_NEVER_A_SPARTINA_LABEL
CNA10K-R00312-C00155,1,1.0,102046075.5,1.020461,30000,OK,78.6552,0.0,0.0,9.6552,30000,OK,MURRAY_JRC_CONTEXT_ONLY_NEVER_A_SPARTINA_LABEL
CNA10K-R00312-C00156,1,1.0,105138380.8,1.051384,30000,OK,84.0,0.0,0.0,10.0,30000,OK,MURRAY_JRC_CONTEXT_ONLY_NEVER_A_SPARTINA_LABEL
CNA10K-R00312-C00157,1,2.0,86584548.9,0.865845,30000,OK,84.8824,0.0,0.0,10.0,30000,OK,MURRAY_JRC_CONTEXT_ONLY_NEVER_A_SPARTINA_LABEL
CNA10K-R00312-C00158,1,1.0,114415296.8,1.144153,30000,OK,86.0,0.0,0.0,10.0,30000,OK,MURRAY_JRC_CONTEXT_ONLY_NEVER_A_SPARTINA_LABEL
CNA10K-R00312-C00159,1,2.0,80399938.3,0.803999,30000,OK,86.0,0.0,0.0,10.0,30000,OK,MURRAY_JRC_CONTEXT_ONLY_NEVER_A_SPARTINA_LABEL
CNA10K-R00312-C00160,1,1.0,111322991.4,1.11323,30000,OK,96.5,64987739.1,0.649877,11.6154,30000,OK,MURRAY_JRC_CONTEXT_ONLY_NEVER_A_SPARTINA_LABEL
CNA10K-R00312-C00161,1,1.0,86584548.9,0.865845,30000,OK,99.0,114502207.0,1.145022,12.0,30000,OK,MURRAY_JRC_CONTEXT_ONLY_NEVER_A_SPARTINA_LABEL
CNA10K-R00312-C00162,1,2.0,108230686.1,1.082307,30000,OK,99.0,86650318.8,0.866503,12.0,30000,OK,MURRAY_JRC_CONTEXT_ONLY_NEVER_A_SPARTINA_LABEL
CNA10K-R00312-C00163,1,1.0,95861464.8,0.958615,30000,OK,99.0,108312898.5,1.083129,12.0,30000,OK,MURRAY_JRC_CONTEXT_ONLY_NEVER_A_SPARTINA_LABEL
CNA10K-R00312-C00164,1,1.0,77307632.9,0.773076,30000,OK,99.0,95934281.5,0.959343,12.0,30000,OK,MURRAY_JRC_CONTEXT_ONLY_NEVER_A_SPARTINA_LABEL
CNA10K-R00313-C00158,1,1.0,83492243.6,0.834922,30000,OK,87.3514,0.0,0.0,10.0,30000,OK,MURRAY_JRC_CONTEXT_ONLY_NEVER_A_SPARTINA_LABEL
CNA10K-R00313-C00159,1,2.0,108230686.1,1.082307,30000,OK,87.0769,0.0,0.0,10.0,30000,OK,MURRAY_JRC_CONTEXT_ONLY_NEVER_A_SPARTINA_LABEL
CNA10K-R00313-C00160,1,1.0,92769159.5,0.927692,30000,OK,98.3056,108220202.4,1.082202,11.9444,30000,OK,MURRAY_JRC_CONTEXT_ONLY_NEVER_A_SPARTINA_LABEL
CNA10K-R00313-C00161,1,1.0,102046075.5,1.020461,30000,OK,98.8276,89706349.7,0.897063,12.0,30000,OK,MURRAY_JRC_CONTEXT_ONLY_NEVER_A_SPARTINA_LABEL
CNA10K-R00313-C00162,1,2.0,102046075.5,1.020461,30000,OK,99.0,102123590.0,1.021236,12.0,30000,OK,MURRAY_JRC_CONTEXT_ONLY_NEVER_A_SPARTINA_LABEL
CNA10K-R00313-C00163,1,1.0,92769159.5,0.927692,30000,OK,99.0,102123590.0,1.021236,12.0,30000,OK,MURRAY_JRC_CONTEXT_ONLY_NEVER_A_SPARTINA_LABEL
CNA10K-R00313-C00164,1,1.0,111322991.4,1.11323,30000,OK,99.0,92839627.3,0.928396,12.0,30000,OK,MURRAY_JRC_CONTEXT_ONLY_NEVER_A_SPARTINA_LABEL
CNA10K-R00314-C00156,1,2.0,111044153.2,1.110442,30000,OK,53.0,0.0,0.0,8.0,30000,OK,MURRAY_JRC_CONTEXT_ONLY_NEVER_A_SPARTINA_LABEL
CNA10K-R00314-C00157,1,1.0,86367674.7,0.863677,30000,OK,82.0,0.0,0.0,9.6111,30000,OK,MURRAY_JRC_CONTEXT_ONLY_NEVER_A_SPARTINA_LABEL
CNA10K-R00314-C00158,1,2.0,104952488.7,1.049525,30000,OK,88.0,0.0,0.0,10.0,30000,OK,MURRAY_JRC_CONTEXT_ONLY_NEVER_A_SPARTINA_LABEL
CNA10K-R00314-C00159,1,4.0,95714300.2,0.957143,30000,OK,89.4706,15434647.8,0.154346,10.2941,30000,OK,MURRAY_JRC_CONTEXT_ONLY_NEVER_A_SPARTINA_LABEL
CNA10K-R00314-C00160,1,2.0,95768518.8,0.957685,30000,OK,98.0,98781746.2,0.987817,12.0,30000,OK,MURRAY_JRC_CONTEXT_ONLY_NEVER_A_SPARTINA_LABEL
CNA10K-R00314-C00161,1,2.0,108153231.1,1.081532,30000,OK,98.0,95694816.6,0.956948,12.0,30000,OK,MURRAY_JRC_CONTEXT_ONLY_NEVER_A_SPARTINA_LABEL
CNA10K-R00314-C00162,1,2.0,83492243.6,0.834922,30000,OK,98.4857,108042534.9,1.080425,12.0,30000,OK,MURRAY_JRC_CONTEXT_ONLY_NEVER_A_SPARTINA_LABEL
CNA10K-R00314-C00163,1,1.0,114415296.8,1.144153,30000,OK,99.0,89551856.2,0.895519,12.0,30000,OK,MURRAY_JRC_CONTEXT_ONLY_NEVER_A_SPARTINA_LABEL
CNA10K-R00315-C00156,1,2.0,89452234.5,0.894522,30000,OK,53.0,0.0,0.0,8.0,30000,OK,MURRAY_JRC_CONTEXT_ONLY_NEVER_A_SPARTINA_LABEL
CNA10K-R00315-C00157,1,1.0,101790473.8,1.017905,30000,OK,86.8333,0.0,0.0,9.9333,30000,OK,MURRAY_JRC_CONTEXT_ONLY_NEVER_A_SPARTINA_LABEL
CNA10K-R00315-C00158,1,1.0,101790473.8,1.017905,30000,OK,88.0,0.0,0.0,10.0,30000,OK,MURRAY_JRC_CONTEXT_ONLY_NEVER_A_SPARTINA_LABEL
CNA10K-R00315-C00159,1,2.0,92536794.4,0.925368,30000,OK,90.7273,27782366.1,0.277824,10.5455,30000,OK,MURRAY_JRC_CONTEXT_ONLY_NEVER_A_SPARTINA_LABEL
CNA10K-R00315-C00160,1,1.0,114128713.0,1.141287,30000,OK,98.0,92607887.1,0.926079,12.0,30000,OK,MURRAY_JRC_CONTEXT_ONLY_NEVER_A_SPARTINA_LABEL
CNA10K-R00315-C00161,1,1.0,80198555.1,0.801986,30000,OK,98.0,111129464.5,1.111295,12.0,30000,OK,MURRAY_JRC_CONTEXT_ONLY_NEVER_A_SPARTINA_LABEL
CNA10K-R00315-C00162,1,2.0,114128713.0,1.141287,30000,OK,98.7037,83347098.4,0.833471,12.0,30000,OK,MURRAY_JRC_CONTEXT_ONLY_NEVER_A_SPARTINA_LABEL
CNA10K-R00315-C00163,1,1.0,83283114.9,0.832831,30000,OK,99.0,114216394.0,1.142164,12.0,30000,OK,MURRAY_JRC_CONTEXT_ONLY_NEVER_A_SPARTINA_LABEL
CNA10K-R00316-C00156,1,2.0,95621354.2,0.956214,30000,OK,67.1429,0.0,0.0,9.0,30000,OK,MURRAY_JRC_CONTEXT_ONLY_NEVER_A_SPARTINA_LABEL
CNA10K-R00316-C00157,1,1.0,107959593.4,1.079596,30000,OK,78.4545,0.0,0.0,9.2593,30000,OK,MURRAY_JRC_CONTEXT_ONLY_NEVER_A_SPARTINA_LABEL
CNA10K-R00316-C00158,1,1.0,86367674.7,0.863677,30000,OK,80.2222,0.0,0.0,9.375,30000,OK,MURRAY_JRC_CONTEXT_ONLY_NEVER_A_SPARTINA_LABEL
CNA10K-R00316-C00159,1,2.0,114128713.0,1.141287,30000,OK,90.4444,27782366.1,0.277824,10.8889,30000,OK,MURRAY_JRC_CONTEXT_ONLY_NEVER_A_SPARTINA_LABEL
CNA10K-R00316-C00160,1,1.0,80198555.1,0.801986,30000,OK,98.0,77173239.2,0.771732,12.0,30000,OK,MURRAY_JRC_CONTEXT_ONLY_NEVER_A_SPARTINA_LABEL
CNA10K-R00316-C00161,1,2.0,111044153.2,1.110442,30000,OK,98.0,77173239.2,0.771732,12.0,30000,OK,MURRAY_JRC_CONTEXT_ONLY_NEVER_A_SPARTINA_LABEL
CNA10K-R00316-C00162,1,1.0,89452234.5,0.894522,30000,OK,98.8378,114216394.0,1.142164,12.0,30000,OK,MURRAY_JRC_CONTEXT_ONLY_NEVER_A_SPARTINA_LABEL
CNA10K-R00316-C00163,1,1.0,104875033.6,1.04875,30000,OK,99.0,89520957.5,0.89521,12.0,30000,OK,MURRAY_JRC_CONTEXT_ONLY_NEVER_A_SPARTINA_LABEL
CNA10K-R00317-C00157,1,2.0,83087770.6,0.830878,30000,OK,74.0,0.0,0.0,9.0,30000,OK,MURRAY_JRC_CONTEXT_ONLY_NEVER_A_SPARTINA_LABEL
CNA10K-R00317-C00158,1,2.0,113933368.7,1.139334,30000,OK,74.0,0.0,0.0,9.0,30000,OK,MURRAY_JRC_CONTEXT_ONLY_NEVER_A_SPARTINA_LABEL
CNA10K-R00317-C00159,1,4.0,80089162.3,0.800892,30000,OK,89.5676,0.0,0.0,10.9459,30000,OK,MURRAY_JRC_CONTEXT_ONLY_NEVER_A_SPARTINA_LABEL
CNA10K-R00317-C00160,1,2.0,107865828.1,1.078658,30000,OK,98.0,0.0,0.0,12.0,30000,OK,MURRAY_JRC_CONTEXT_ONLY_NEVER_A_SPARTINA_LABEL
CNA10K-R00317-C00161,1,3.0,92489911.7,0.924899,30000,OK,98.0286,3079136.4,0.030791,12.0,30000,OK,MURRAY_JRC_CONTEXT_ONLY_NEVER_A_SPARTINA_LABEL
CNA10K-R00317-C00162,1,1.0,98705914.0,0.987059,30000,OK,99.0,92374091.3,0.923741,12.0,30000,OK,MURRAY_JRC_CONTEXT_ONLY_NEVER_A_SPARTINA_LABEL
CNA10K-R00317-C00163,1,1.0,101790473.8,1.017905,30000,OK,99.0,101673846.0,1.016738,12.0,30000,OK,MURRAY_JRC_CONTEXT_ONLY_NEVER_A_SPARTINA_LABEL
CNA10K-R00318-C00157,1,1.0,113839603.5,1.138396,30000,OK,74.0,0.0,0.0,9.0,30000,OK,MURRAY_JRC_CONTEXT_ONLY_NEVER_A_SPARTINA_LABEL
CNA10K-R00318-C00158,1,2.0,89225635.1,0.892256,30000,OK,74.0,0.0,0.0,9.0,30000,OK,MURRAY_JRC_CONTEXT_ONLY_NEVER_A_SPARTINA_LABEL
CNA10K-R00318-C00159,1,1.0,104609365.3,1.046094,30000,OK,93.0345,0.0,0.0,11.3793,30000,OK,MURRAY_JRC_CONTEXT_ONLY_NEVER_A_SPARTINA_LABEL
CNA10K-R00318-C00160,1,1.0,98455873.3,0.984559,30000,OK,98.0,0.0,0.0,12.0,30000,OK,MURRAY_JRC_CONTEXT_ONLY_NEVER_A_SPARTINA_LABEL
CNA10K-R00318-C00161,1,2.0,92302381.2,0.923024,30000,OK,98.125,12316545.5,0.123165,12.0,30000,OK,MURRAY_JRC_CONTEXT_ONLY_NEVER_A_SPARTINA_LABEL
CNA10K-R00318-C00162,1,1.0,107686111.4,1.076861,30000,OK,99.0,95453227.7,0.954532,12.0,30000,OK,MURRAY_JRC_CONTEXT_ONLY_NEVER_A_SPARTINA_LABEL
CNA10K-R00318-C00163,1,2.0,86172330.4,0.861723,30000,OK,99.0,107769773.2,1.077698,12.0,30000,OK,MURRAY_JRC_CONTEXT_ONLY_NEVER_A_SPARTINA_LABEL
CNA10K-R00319-C00156,1,1.0,95379127.2,0.953791,30000,OK,76.4118,0.0,0.0,8.5789,30000,OK,MURRAY_JRC_CONTEXT_ONLY_NEVER_A_SPARTINA_LABEL
CNA10K-R00319-C00157,1,1.0,95379127.2,0.953791,30000,OK,78.8611,0.0,0.0,9.0,30000,OK,MURRAY_JRC_CONTEXT_ONLY_NEVER_A_SPARTINA_LABEL
CNA10K-R00319-C00158,1,2.0,101532619.3,1.015326,30000,OK,78.2,0.0,0.0,9.0,30000,OK,MURRAY_JRC_CONTEXT_ONLY_NEVER_A_SPARTINA_LABEL
CNA10K-R00319-C00159,1,1.0,104609365.3,1.046094,30000,OK,95.0,0.0,0.0,11.625,30000,OK,MURRAY_JRC_CONTEXT_ONLY_NEVER_A_SPARTINA_LABEL
CNA10K-R00319-C00160,1,1.0,89225635.1,0.892256,30000,OK,95.8824,0.0,0.0,11.7353,30000,OK,MURRAY_JRC_CONTEXT_ONLY_NEVER_A_SPARTINA_LABEL
CNA10K-R00319-C00161,1,2.0,113839603.5,1.138396,30000,OK,98.4333,40028772.9,0.400288,12.0,30000,OK,MURRAY_JRC_CONTEXT_ONLY_NEVER_A_SPARTINA_LABEL
CNA10K-R00319-C00162,1,1.0,79995397.0,0.799954,30000,OK,99.0,113928045.9,1.13928,12.0,30000,OK,MURRAY_JRC_CONTEXT_ONLY_NEVER_A_SPARTINA_LABEL
CNA10K-R00319-C00163,1,1.0,113839603.5,1.138396,30000,OK,99.0,83136682.2,0.831367,12.0,30000,OK,MURRAY_JRC_CONTEXT_ONLY_NEVER_A_SPARTINA_LABEL
CNA10K-R00319-C00164,1,2.0,86148889.1,0.861489,30000,OK,99.0,110848909.6,1.108489,12.0,30000,OK,MURRAY_JRC_CONTEXT_ONLY_NEVER_A_SPARTINA_LABEL
CNA10K-R00320-C00156,1,1.0,98203664.1,0.982037,30000,OK,78.4839,0.0,0.0,8.7576,30000,OK,MURRAY_JRC_CONTEXT_ONLY_NEVER_A_SPARTINA_LABEL
CNA10K-R00320-C00157,1,2.0,95182088.8,0.951821,30000,OK,81.0,0.0,0.0,9.0,30000,OK,MURRAY_JRC_CONTEXT_ONLY_NEVER_A_SPARTINA_LABEL
CNA10K-R00320-C00158,1,4.0,107504836.0,1.075048,30000,OK,82.7419,0.0,0.0,9.3871,30000,OK,MURRAY_JRC_CONTEXT_ONLY_NEVER_A_SPARTINA_LABEL
CNA10K-R00320-C00159,1,2.0,82977564.6,0.829776,30000,OK,90.0,0.0,0.0,11.0,30000,OK,MURRAY_JRC_CONTEXT_ONLY_NEVER_A_SPARTINA_LABEL
CNA10K-R00320-C00160,1,2.0,113745025.0,1.13745,30000,OK,90.0,0.0,0.0,11.0,30000,OK,MURRAY_JRC_CONTEXT_ONLY_NEVER_A_SPARTINA_LABEL
CNA10K-R00320-C00161,1,3.0,76910769.4,0.769108,30000,OK,94.3243,61425513.4,0.614255,11.5405,30000,OK,MURRAY_JRC_CONTEXT_ONLY_NEVER_A_SPARTINA_LABEL
CNA10K-R00320-C00162,1,1.0,113839603.5,1.138396,30000,OK,98.0,79853167.4,0.798532,12.0,30000,OK,MURRAY_JRC_CONTEXT_ONLY_NEVER_A_SPARTINA_LABEL
CNA10K-R00320-C00163,1,2.0,89225635.1,0.892256,30000,OK,98.3243,113731528.3,1.137315,12.0,30000,OK,MURRAY_JRC_CONTEXT_ONLY_NEVER_A_SPARTINA_LABEL
CNA10K-R00320-C00164,1,1.0,104609365.3,1.046094,30000,OK,98.9643,86090047.2,0.8609,12.0,30000,OK,MURRAY_JRC_CONTEXT_ONLY_NEVER_A_SPARTINA_LABEL
CNA10K-R00321-C00156,1,1.0,92065935.1,0.920659,30000,OK,79.8182,0.0,0.0,8.9394,30000,OK,MURRAY_JRC_CONTEXT_ONLY_NEVER_A_SPARTINA_LABEL
CNA10K-R00321-C00157,1,1.0,113547986.6,1.13548,30000,OK,81.0,0.0,0.0,9.0,30000,OK,MURRAY_JRC_CONTEXT_ONLY_NEVER_A_SPARTINA_LABEL
CNA10K-R00321-C00158,1,2.0,79790477.1,0.797905,30000,OK,84.1622,0.0,0.0,9.7027,30000,OK,MURRAY_JRC_CONTEXT_ONLY_NEVER_A_SPARTINA_LABEL
CNA10K-R00321-C00159,1,1.0,113547986.6,1.13548,30000,OK,90.0,0.0,0.0,11.0,30000,OK,MURRAY_JRC_CONTEXT_ONLY_NEVER_A_SPARTINA_LABEL
CNA10K-R00321-C00160,1,1.0,85928206.1,0.859282,30000,OK,90.0,0.0,0.0,11.0,30000,OK,MURRAY_JRC_CONTEXT_ONLY_NEVER_A_SPARTINA_LABEL
CNA10K-R00321-C00161,1,2.0,107410257.6,1.074103,30000,OK,95.1429,55282962.1,0.55283,11.6429,30000,OK,MURRAY_JRC_CONTEXT_ONLY_NEVER_A_SPARTINA_LABEL
CNA10K-R00321-C00162,1,1.0,95134799.6,0.951348,30000,OK,98.0,110565924.1,1.105659,12.0,30000,OK,MURRAY_JRC_CONTEXT_ONLY_NEVER_A_SPARTINA_LABEL
CNA10K-R00321-C00163,1,4.0,95189970.3,0.9519,30000,OK,98.0333,92138270.1,0.921383,12.0,30000,OK,MURRAY_JRC_CONTEXT_ONLY_NEVER_A_SPARTINA_LABEL
CNA10K-R00321-C00164,1,2.0,101367107.0,1.013671,30000,OK,99.0,101352097.1,1.013521,12.0,30000,OK,MURRAY_JRC_CONTEXT_ONLY_NEVER_A_SPARTINA_LABEL
CNA10K-R00322-C00156,1,1.0,113547986.6,1.13548,30000,OK,89.0357,0.0,0.0,10.7857,30000,OK,MURRAY_JRC_CONTEXT_ONLY_NEVER_A_SPARTINA_LABEL
CNA10K-R00322-C00157,1,1.0,79790477.1,0.797905,30000,OK,87.0811,0.0,0.0,10.3514,30000,OK,MURRAY_JRC_CONTEXT_ONLY_NEVER_A_SPARTINA_LABEL
CNA10K-R00322-C00158,1,2.0,110479122.1,1.104791,30000,OK,88.08,0.0,0.0,10.52,30000,OK,MURRAY_JRC_CONTEXT_ONLY_NEVER_A_SPARTINA_LABEL
CNA10K-R00322-C00159,1,1.0,92065935.1,0.920659,30000,OK,90.3243,0.0,0.0,11.0,30000,OK,MURRAY_JRC_CONTEXT_ONLY_NEVER_A_SPARTINA_LABEL
CNA10K-R00322-C00160,1,2.0,101272528.6,1.012725,30000,OK,90.1667,0.0,0.0,11.0,30000,OK,MURRAY_JRC_CONTEXT_ONLY_NEVER_A_SPARTINA_LABEL
CNA10K-R00322-C00161,1,1.0,101272528.6,1.012725,30000,OK,97.2941,95209545.8,0.952095,11.9118,30000,OK,MURRAY_JRC_CONTEXT_ONLY_NEVER_A_SPARTINA_LABEL
CNA10K-R00322-C00162,1,1.0,95134799.6,0.951348,30000,OK,98.0,98280821.5,0.982808,12.0,30000,OK,MURRAY_JRC_CONTEXT_ONLY_NEVER_A_SPARTINA_LABEL
CNA10K-R00322-C00163,1,2.0,107410257.6,1.074103,30000,OK,98.2667,92138270.1,0.921383,12.0,30000,OK,MURRAY_JRC_CONTEXT_ONLY_NEVER_A_SPARTINA_LABEL
CNA10K-R00322-C00164,1,1.0,85928206.1,0.859282,30000,OK,99.0,107494648.5,1.074946,12.0,30000,OK,MURRAY_JRC_CONTEXT_ONLY_NEVER_A_SPARTINA_LABEL
CNA10K-R00323-C00155,1,1.0,58157384.0,0.581574,30000,OK,83.0909,0.0,0.0,10.0909,30000,OK,MURRAY_JRC_CONTEXT_ONLY_NEVER_A_SPARTINA_LABEL
CNA10K-R00323-C00156,1,1.0,85705618.6,0.857056,30000,OK,90.0,0.0,0.0,11.0,30000,OK,MURRAY_JRC_CONTEXT_ONLY_NEVER_A_SPARTINA_LABEL
CNA10K-R00323-C00157,1,2.0,110280383.2,1.102804,30000,OK,90.0,0.0,0.0,11.0,30000,OK,MURRAY_JRC_CONTEXT_ONLY_NEVER_A_SPARTINA_LABEL
CNA10K-R00323-C00158,1,4.0,91922843.1,0.919228,30000,OK,90.6857,0.0,0.0,11.0,30000,OK,MURRAY_JRC_CONTEXT_ONLY_NEVER_A_SPARTINA_LABEL
CNA10K-R00323-C00159,1,2.0,98108269.4,0.981083,30000,OK,91.0,0.0,0.0,11.0,30000,OK,MURRAY_JRC_CONTEXT_ONLY_NEVER_A_SPARTINA_LABEL
CNA10K-R00323-C00160,1,4.0,101200982.6,1.01201,30000,OK,91.4242,6126693.4,0.061267,11.0606,30000,OK,MURRAY_JRC_CONTEXT_ONLY_NEVER_A_SPARTINA_LABEL
CNA10K-R00323-C00161,1,1.0,88997070.6,0.889971,30000,OK,98.0,104153787.7,1.041538,12.0,30000,OK,MURRAY_JRC_CONTEXT_ONLY_NEVER_A_SPARTINA_LABEL
CNA10K-R00323-C00162,1,1.0,113547986.6,1.13548,30000,OK,98.0,88868770.1,0.888688,12.0,30000,OK,MURRAY_JRC_CONTEXT_ONLY_NEVER_A_SPARTINA_LABEL
CNA10K-R00323-C00163,1,2.0,79790477.1,0.797905,30000,OK,98.4167,110375628.8,1.103756,12.0,30000,OK,MURRAY_JRC_CONTEXT_ONLY_NEVER_A_SPARTINA_LABEL
CNA10K-R00323-C00164,1,1.0,113547986.6,1.13548,30000,OK,99.0,82829295.4,0.828293,12.0,30000,OK,MURRAY_JRC_CONTEXT_ONLY_NEVER_A_SPARTINA_LABEL
CNA10K-R00323-C00165,1,1.0,82859341.6,0.828593,30000,OK,99.0,113542052.1,1.135421,12.0,30000,OK,MURRAY_JRC_CONTEXT_ONLY_NEVER_A_SPARTINA_LABEL
CNA10K-R00324-C00155,1,1.0,55096469.1,0.550965,30000,OK,86.0,0.0,0.0,10.4737,30000,OK,MURRAY_JRC_CONTEXT_ONLY_NEVER_A_SPARTINA_LABEL
CNA10K-R00324-C00156,1,1.0,104071108.3,1.040711,30000,OK,90.0,0.0,0.0,11.0,30000,OK,MURRAY_JRC_CONTEXT_ONLY_NEVER_A_SPARTINA_LABEL
CNA10K-R00324-C00157,1,2.0,101010193.3,1.010102,30000,OK,90.0,0.0,0.0,11.0,30000,OK,MURRAY_JRC_CONTEXT_ONLY_NEVER_A_SPARTINA_LABEL
CNA10K-R00324-C00158,1,1.0,94888363.4,0.948884,30000,OK,90.8437,0.0,0.0,11.0,30000,OK,MURRAY_JRC_CONTEXT_ONLY_NEVER_A_SPARTINA_LABEL
CNA10K-R00324-C00159,1,1.0,110192938.2,1.101929,30000,OK,91.0,0.0,0.0,11.0,30000,OK,MURRAY_JRC_CONTEXT_ONLY_NEVER_A_SPARTINA_LABEL
CNA10K-R00324-C00160,1,2.0,85705618.6,0.857056,30000,OK,92.3611,21443426.9,0.214434,11.1944,30000,OK,MURRAY_JRC_CONTEXT_ONLY_NEVER_A_SPARTINA_LABEL
CNA10K-R00324-C00161,1,1.0,113253853.1,1.132539,30000,OK,98.0,85773707.5,0.857737,12.0,30000,OK,MURRAY_JRC_CONTEXT_ONLY_NEVER_A_SPARTINA_LABEL
CNA10K-R00324-C00162,1,1.0,82644703.6,0.826447,30000,OK,98.0,113343827.8,1.133438,12.0,30000,OK,MURRAY_JRC_CONTEXT_ONLY_NEVER_A_SPARTINA_LABEL
CNA10K-R00324-C00163,1,4.0,110288332.8,1.102883,30000,OK,98.5556,82710360.8,0.827104,12.0,30000,OK,MURRAY_JRC_CONTEXT_ONLY_NEVER_A_SPARTINA_LABEL
CNA10K-R00324-C00164,1,2.0,88861928.2,0.888619,30000,OK,99.0,113343827.8,1.133438,12.0,30000,OK,MURRAY_JRC_CONTEXT_ONLY_NEVER_A_SPARTINA_LABEL
CNA10K-R00324-C00165,1,4.0,104245998.4,1.04246,30000,OK,99.0,85773707.5,0.857737,12.0,30000,OK,MURRAY_JRC_CONTEXT_ONLY_NEVER_A_SPARTINA_LABEL
CNA10K-R00325-C00156,1,1.0,104071108.3,1.040711,30000,OK,77.1429,0.0,0.0,8.8824,30000,OK,MURRAY_JRC_CONTEXT_ONLY_NEVER_A_SPARTINA_LABEL
CNA10K-R00325-C00157,1,2.0,88766533.5,0.887665,30000,OK,80.0,0.0,0.0,9.2857,30000,OK,MURRAY_JRC_CONTEXT_ONLY_NEVER_A_SPARTINA_LABEL
CNA10K-R00325-C00158,1,1.0,113253853.1,1.132539,30000,OK,91.0,0.0,0.0,11.0,30000,OK,MURRAY_JRC_CONTEXT_ONLY_NEVER_A_SPARTINA_LABEL
CNA10K-R00325-C00159,1,1.0,79583788.7,0.795838,30000,OK,91.0,0.0,0.0,11.0,30000,OK,MURRAY_JRC_CONTEXT_ONLY_NEVER_A_SPARTINA_LABEL
CNA10K-R00325-C00160,1,2.0,113253853.1,1.132539,30000,OK,93.9615,33696813.7,0.336968,11.4231,30000,OK,MURRAY_JRC_CONTEXT_ONLY_NEVER_A_SPARTINA_LABEL
CNA10K-R00325-C00161,1,1.0,85705618.6,0.857056,30000,OK,98.0,113343827.8,1.133438,12.0,30000,OK,MURRAY_JRC_CONTEXT_ONLY_NEVER_A_SPARTINA_LABEL
CNA10K-R00325-C00162,1,1.0,107132023.2,1.07132,30000,OK,98.0,85773707.5,0.857737,12.0,30000,OK,MURRAY_JRC_CONTEXT_ONLY_NEVER_A_SPARTINA_LABEL
CNA10K-R00325-C00163,1,2.0,94888363.4,0.948884,30000,OK,98.7778,110280481.1,1.102805,12.0,30000,OK,MURRAY_JRC_CONTEXT_ONLY_NEVER_A_SPARTINA_LABEL
CNA10K-R00325-C00164,1,1.0,101010193.3,1.010102,30000,OK,99.0,91900400.9,0.919004,12.0,30000,OK,MURRAY_JRC_CONTEXT_ONLY_NEVER_A_SPARTINA_LABEL
CNA10K-R00325-C00165,1,2.0,101010193.3,1.010102,30000,OK,99.0,85773707.5,0.857737,12.0,30000,OK,MURRAY_JRC_CONTEXT_ONLY_NEVER_A_SPARTINA_LABEL
CNA10K-R00326-C00156,1,1.0,9182744.8,0.091827,30000,OK,60.0,0.0,0.0,7.0,30000,OK,MURRAY_JRC_CONTEXT_ONLY_NEVER_A_SPARTINA_LABEL
CNA10K-R00326-C00157,1,3.0,67259958.2,0.6726,30000,OK,75.5,0.0,0.0,8.6,30000,OK,MURRAY_JRC_CONTEXT_ONLY_NEVER_A_SPARTINA_LABEL
CNA10K-R00326-C00158,1,2.0,79471549.7,0.794715,30000,OK,91.0,0.0,0.0,11.0,30000,OK,MURRAY_JRC_CONTEXT_ONLY_NEVER_A_SPARTINA_LABEL
CNA10K-R00326-C00159,1,2.0,113157648.3,1.131576,30000,OK,91.0,0.0,0.0,11.0,30000,OK,MURRAY_JRC_CONTEXT_ONLY_NEVER_A_SPARTINA_LABEL
CNA10K-R00326-C00160,1,4.0,91787363.1,0.917874,30000,OK,93.8378,64162354.4,0.641624,11.5676,30000,OK,MURRAY_JRC_CONTEXT_ONLY_NEVER_A_SPARTINA_LABEL
CNA10K-R00326-C00161,1,1.0,104071108.3,1.040711,30000,OK,96.0,91660506.4,0.916605,12.0,30000,OK,MURRAY_JRC_CONTEXT_ONLY_NEVER_A_SPARTINA_LABEL
CNA10K-R00326-C00162,1,2.0,97949278.4,0.979493,30000,OK,96.5294,103953875.6,1.039539,12.0,30000,OK,MURRAY_JRC_CONTEXT_ONLY_NEVER_A_SPARTINA_LABEL
CNA10K-R00326-C00163,1,1.0,94888363.4,0.948884,30000,OK,98.3548,94811814.4,0.948118,12.0,30000,OK,MURRAY_JRC_CONTEXT_ONLY_NEVER_A_SPARTINA_LABEL
CNA10K-R00326-C00164,1,1.0,107132023.2,1.07132,30000,OK,98.6129,94867789.8,0.948678,12.0,30000,OK,MURRAY_JRC_CONTEXT_ONLY_NEVER_A_SPARTINA_LABEL
CNA10K-R00326-C00165,1,2.0,88766533.5,0.887665,30000,OK,98.7586,79575045.8,0.79575,12.0,30000,OK,MURRAY_JRC_CONTEXT_ONLY_NEVER_A_SPARTINA_LABEL
CNA10K-R00327-C00158,1,1.0,106851425.9,1.068514,30000,OK,91.0,0.0,0.0,11.0,30000,OK,MURRAY_JRC_CONTEXT_ONLY_NEVER_A_SPARTINA_LABEL
CNA10K-R00327-C00159,1,1.0,97692732.2,0.976927,30000,OK,91.0,0.0,0.0,11.0,30000,OK,MURRAY_JRC_CONTEXT_ONLY_NEVER_A_SPARTINA_LABEL
CNA10K-R00327-C00160,1,2.0,97692732.2,0.976927,30000,OK,94.5484,67217704.7,0.672177,11.7097,30000,OK,MURRAY_JRC_CONTEXT_ONLY_NEVER_A_SPARTINA_LABEL
CNA10K-R00327-C00161,1,1.0,103798528.0,1.037985,30000,OK,96.0,100826557.0,1.008266,12.0,30000,OK,MURRAY_JRC_CONTEXT_ONLY_NEVER_A_SPARTINA_LABEL
CNA10K-R00327-C00162,1,4.0,85513209.0,0.855132,30000,OK,96.1212,100826557.0,1.008266,12.0,30000,OK,MURRAY_JRC_CONTEXT_ONLY_NEVER_A_SPARTINA_LABEL
CNA10K-R00327-C00163,1,2.0,110000528.6,1.100005,30000,OK,98.0,91660506.4,0.916605,12.0,30000,OK,MURRAY_JRC_CONTEXT_ONLY_NEVER_A_SPARTINA_LABEL
CNA10K-R00327-C00164,1,2.0,82548498.8,0.825485,30000,OK,98.0,109992607.6,1.099926,12.0,30000,OK,MURRAY_JRC_CONTEXT_ONLY_NEVER_A_SPARTINA_LABEL
CNA10K-R00327-C00165,1,4.0,113157648.3,1.131576,30000,OK,98.5556,82494455.7,0.824945,12.0,30000,OK,MURRAY_JRC_CONTEXT_ONLY_NEVER_A_SPARTINA_LABEL
CNA10K-R00328-C00149,1,2.0,88299585.8,0.882996,30000,OK,60.3871,0.0,0.0,6.6757,30000,OK,MURRAY_JRC_CONTEXT_ONLY_NEVER_A_SPARTINA_LABEL
CNA10K-R00328-C00159,1,2.0,94639834.4,0.946398,30000,OK,92.2121,24378289.7,0.243783,11.2424,30000,OK,MURRAY_JRC_CONTEXT_ONLY_NEVER_A_SPARTINA_LABEL
CNA10K-R00328-C00160,1,1.0,109904323.8,1.099043,30000,OK,95.6774,88605156.1,0.886052,11.9355,30000,OK,MURRAY_JRC_CONTEXT_ONLY_NEVER_A_SPARTINA_LABEL
CNA10K-R00328-C00161,1,1.0,85481140.7,0.854811,30000,OK,96.0,109992607.6,1.099926,12.0,30000,OK,MURRAY_JRC_CONTEXT_ONLY_NEVER_A_SPARTINA_LABEL
CNA10K-R00328-C00162,1,2.0,112957221.6,1.129572,30000,OK,96.7143,85549805.9,0.855498,12.0,30000,OK,MURRAY_JRC_CONTEXT_ONLY_NEVER_A_SPARTINA_LABEL
CNA10K-R00328-C00163,1,1.0,82428242.8,0.824282,30000,OK,98.0,113047957.8,1.13048,12.0,30000,OK,MURRAY_JRC_CONTEXT_ONLY_NEVER_A_SPARTINA_LABEL
CNA10K-R00328-C00164,1,1.0,112957221.6,1.129572,30000,OK,98.0,82494455.7,0.824945,12.0,30000,OK,MURRAY_JRC_CONTEXT_ONLY_NEVER_A_SPARTINA_LABEL
CNA10K-R00328-C00165,1,2.0,85481140.7,0.854811,30000,OK,98.6757,113047957.8,1.13048,12.0,30000,OK,MURRAY_JRC_CONTEXT_ONLY_NEVER_A_SPARTINA_LABEL
CNA10K-R00328-C00166,1,1.0,109904323.8,1.099043,30000,OK,99.0,85549805.9,0.855498,12.0,30000,OK,MURRAY_JRC_CONTEXT_ONLY_NEVER_A_SPARTINA_LABEL
CNA10K-R00329-C00142,1,1.0,112658092.2,1.126581,30000,OK,74.0,0.0,0.0,7.0,30000,OK,MURRAY_JRC_CONTEXT_ONLY_NEVER_A_SPARTINA_LABEL
CNA10K-R00329-C00143,1,1.0,94389212.4,0.943892,30000,OK,76.75,0.0,0.0,7.7097,30000,OK,MURRAY_JRC_CONTEXT_ONLY_NEVER_A_SPARTINA_LABEL
CNA10K-R00329-C00144,1,1.0,6089626.6,0.060896,30000,OK,74.7419,0.0,0.0,8.2581,30000,OK,MURRAY_JRC_CONTEXT_ONLY_NEVER_A_SPARTINA_LABEL
CNA10K-R00329-C00147,1,1.0,112658092.2,1.126581,30000,OK,60.0,0.0,0.0,7.0,30000,OK,MURRAY_JRC_CONTEXT_ONLY_NEVER_A_SPARTINA_LABEL
CNA10K-R00329-C00148,1,1.0,91344399.1,0.913444,30000,OK,60.0,0.0,0.0,7.0,30000,OK,MURRAY_JRC_CONTEXT_ONLY_NEVER_A_SPARTINA_LABEL
CNA10K-R00329-C00149,1,2.0,100478839.0,1.004788,30000,OK,60.4194,0.0,0.0,6.5806,30000,OK,MURRAY_JRC_CONTEXT_ONLY_NEVER_A_SPARTINA_LABEL
CNA10K-R00329-C00150,1,1.0,106568465.6,1.065685,30000,OK,61.0,0.0,0.0,6.0,30000,OK,MURRAY_JRC_CONTEXT_ONLY_NEVER_A_SPARTINA_LABEL
CNA10K-R00329-C00157,1,3.0,94470058.2,0.944701,30000,OK,91.6364,76182155.3,0.761822,11.2727,30000,OK,MURRAY_JRC_CONTEXT_ONLY_NEVER_A_SPARTINA_LABEL
CNA10K-R00329-C00158,1,2.0,88437023.6,0.88437,30000,OK,96.0,103607731.2,1.036077,12.0,30000,OK,MURRAY_JRC_CONTEXT_ONLY_NEVER_A_SPARTINA_LABEL
CNA10K-R00329-C00159,1,4.0,109807308.8,1.098073,30000,OK,96.0,88371300.1,0.883713,12.0,30000,OK,MURRAY_JRC_CONTEXT_ONLY_NEVER_A_SPARTINA_LABEL
CNA10K-R00329-C00160,1,1.0,79375344.9,0.793753,30000,OK,96.0,112749589.8,1.127496,12.0,30000,OK,MURRAY_JRC_CONTEXT_ONLY_NEVER_A_SPARTINA_LABEL
CNA10K-R00329-C00161,1,1.0,112957221.6,1.129572,30000,OK,96.0,79237505.5,0.792375,12.0,30000,OK,MURRAY_JRC_CONTEXT_ONLY_NEVER_A_SPARTINA_LABEL
CNA10K-R00329-C00162,1,2.0,85481140.7,0.854811,30000,OK,96.6111,109799071.6,1.097991,12.0,30000,OK,MURRAY_JRC_CONTEXT_ONLY_NEVER_A_SPARTINA_LABEL
CNA10K-R00329-C00163,1,1.0,109904323.8,1.099043,30000,OK,97.4444,82373495.7,0.823735,12.0,30000,OK,MURRAY_JRC_CONTEXT_ONLY_NEVER_A_SPARTINA_LABEL
CNA10K-R00329-C00164,1,2.0,91586936.5,0.915869,30000,OK,97.6667,109895839.6,1.098958,12.0,30000,OK,MURRAY_JRC_CONTEXT_ONLY_NEVER_A_SPARTINA_LABEL
CNA10K-R00329-C00165,1,1.0,103798528.0,1.037985,30000,OK,98.8,91620186.4,0.916202,12.0,30000,OK,MURRAY_JRC_CONTEXT_ONLY_NEVER_A_SPARTINA_LABEL
CNA10K-R00329-C00166,1,1.0,97692732.2,0.976927,30000,OK,99.0,106937257.4,1.069373,12.0,30000,OK,MURRAY_JRC_CONTEXT_ONLY_NEVER_A_SPARTINA_LABEL
CNA10K-R00329-C00167,1,1.0,48846366.1,0.488464,30000,OK,99.0,79439105.5,0.794391,12.0,30000,OK,MURRAY_JRC_CONTEXT_ONLY_NEVER_A_SPARTINA_LABEL
CNA10K-R00330-C00142,1,1.0,97173166.7,0.971732,30000,OK,74.0,0.0,0.0,7.0,30000,OK,MURRAY_JRC_CONTEXT_ONLY_NEVER_A_SPARTINA_LABEL
CNA10K-R00330-C00143,1,3.0,94185416.3,0.941854,30000,OK,74.0,0.0,0.0,7.0,30000,OK,MURRAY_JRC_CONTEXT_ONLY_NEVER_A_SPARTINA_LABEL
CNA10K-R00330-C00144,1,1.0,75916536.5,0.759165,30000,OK,83.5333,0.0,0.0,9.6,30000,OK,MURRAY_JRC_CONTEXT_ONLY_NEVER_A_SPARTINA_LABEL
CNA10K-R00330-C00145,1,1.0,39476599.0,0.394766,30000,OK,85.0,0.0,0.0,10.0,30000,OK,MURRAY_JRC_CONTEXT_ONLY_NEVER_A_SPARTINA_LABEL
CNA10K-R00330-C00146,1,3.0,69932883.8,0.699329,30000,OK,83.8462,0.0,0.0,10.0,30000,OK,MURRAY_JRC_CONTEXT_ONLY_NEVER_A_SPARTINA_LABEL
CNA10K-R00330-C00147,1,2.0,94340301.3,0.943403,30000,OK,80.0,0.0,0.0,10.0,30000,OK,MURRAY_JRC_CONTEXT_ONLY_NEVER_A_SPARTINA_LABEL
CNA10K-R00330-C00148,1,1.0,97434025.7,0.97434,30000,OK,80.0,0.0,0.0,10.0,30000,OK,MURRAY_JRC_CONTEXT_ONLY_NEVER_A_SPARTINA_LABEL
CNA10K-R00330-C00149,1,2.0,109613278.9,1.096133,30000,OK,82.6,48626479.2,0.486265,10.2667,30000,OK,MURRAY_JRC_CONTEXT_ONLY_NEVER_A_SPARTINA_LABEL
CNA10K-R00330-C00150,1,1.0,82209959.2,0.8221,30000,OK,81.6667,72939718.8,0.729397,10.0,30000,OK,MURRAY_JRC_CONTEXT_ONLY_NEVER_A_SPARTINA_LABEL
CNA10K-R00330-C00151,1,1.0,82209959.2,0.8221,30000,OK,74.9615,36469859.4,0.364699,8.7308,30000,OK,MURRAY_JRC_CONTEXT_ONLY_NEVER_A_SPARTINA_LABEL
CNA10K-R00330-C00152,0,0.0,0.0,0.0,30000,OK,76.5294,36469859.4,0.364699,9.5263,30000,OK,MURRAY_JRC_CONTEXT_ONLY_NEVER_A_SPARTINA_LABEL
CNA10K-R00330-C00156,1,2.0,106568465.6,1.065685,30000,OK,78.0,0.0,0.0,9.0,30000,OK,MURRAY_JRC_CONTEXT_ONLY_NEVER_A_SPARTINA_LABEL
CNA10K-R00330-C00157,1,1.0,85254772.5,0.852548,30000,OK,93.4286,91418586.4,0.914186,11.5714,30000,OK,MURRAY_JRC_CONTEXT_ONLY_NEVER_A_SPARTINA_LABEL
CNA10K-R00330-C00158,1,1.0,112658092.2,1.126581,30000,OK,96.0,85324013.9,0.85324,12.0,30000,OK,MURRAY_JRC_CONTEXT_ONLY_NEVER_A_SPARTINA_LABEL
CNA10K-R00330-C00159,1,2.0,79165145.9,0.791651,30000,OK,96.0,112749589.8,1.127496,12.0,30000,OK,MURRAY_JRC_CONTEXT_ONLY_NEVER_A_SPARTINA_LABEL
CNA10K-R00330-C00160,1,1.0,112658092.2,1.126581,30000,OK,96.0,82276727.7,0.822767,12.0,30000,OK,MURRAY_JRC_CONTEXT_ONLY_NEVER_A_SPARTINA_LABEL
CNA10K-R00330-C00161,1,1.0,91344399.1,0.913444,30000,OK,96.0,112749589.8,1.127496,12.0,30000,OK,MURRAY_JRC_CONTEXT_ONLY_NEVER_A_SPARTINA_LABEL
CNA10K-R00330-C00162,1,3.0,100551600.2,1.005516,30000,OK,96.5517,88371300.1,0.883713,12.0,30000,OK,MURRAY_JRC_CONTEXT_ONLY_NEVER_A_SPARTINA_LABEL
CNA10K-R00330-C00163,1,2.0,97531040.6,0.97531,30000,OK,97.0,106655017.4,1.06655,12.0,30000,OK,MURRAY_JRC_CONTEXT_ONLY_NEVER_A_SPARTINA_LABEL
CNA10K-R00330-C00164,1,4.0,97595717.3,0.975957,30000,OK,97.0,94465872.6,0.944659,12.0,30000,OK,MURRAY_JRC_CONTEXT_ONLY_NEVER_A_SPARTINA_LABEL
CNA10K-R00330-C00165,1,2.0,103725766.8,1.037258,30000,OK,99.0,100560445.0,1.005604,12.0,30000,OK,MURRAY_JRC_CONTEXT_ONLY_NEVER_A_SPARTINA_LABEL
CNA10K-R00330-C00166,1,1.0,91586936.5,0.915869,30000,OK,99.0,103607731.2,1.036077,12.0,30000,OK,MURRAY_JRC_CONTEXT_ONLY_NEVER_A_SPARTINA_LABEL
CNA10K-R00330-C00167,1,1.0,42740570.4,0.427406,30000,OK,99.0,76190219.3,0.761902,12.0,30000,OK,MURRAY_JRC_CONTEXT_ONLY_NEVER_A_SPARTINA_LABEL
CNA10K-R00330-C00168,0,0.0,0.0,0.0,30000,OK,99.0,70087582.9,0.700876,12.0,30000,OK,MURRAY_JRC_CONTEXT_ONLY_NEVER_A_SPARTINA_LABEL
CNA10K-R00331-C00142,1,1.0,94136505.2,0.941365,30000,OK,74.0,0.0,0.0,7.0,30000,OK,MURRAY_JRC_CONTEXT_ONLY_NEVER_A_SPARTINA_LABEL
CNA10K-R00331-C00143,1,2.0,112356474.0,1.123565,30000,OK,74.0,0.0,0.0,7.0,30000,OK,MURRAY_JRC_CONTEXT_ONLY_NEVER_A_SPARTINA_LABEL
CNA10K-R00331-C00144,1,1.0,78953197.9,0.789532,30000,OK,84.5926,0.0,0.0,9.9091,30000,OK,MURRAY_JRC_CONTEXT_ONLY_NEVER_A_SPARTINA_LABEL
CNA10K-R00331-C00145,1,1.0,112356474.0,1.123565,30000,OK,85.0,0.0,0.0,10.0,30000,OK,MURRAY_JRC_CONTEXT_ONLY_NEVER_A_SPARTINA_LABEL
CNA10K-R00331-C00146,1,2.0,97173166.7,0.971732,30000,OK,82.9167,0.0,0.0,10.0,30000,OK,MURRAY_JRC_CONTEXT_ONLY_NEVER_A_SPARTINA_LABEL
CNA10K-R00331-C00147,1,1.0,97173166.7,0.971732,30000,OK,80.0,0.0,0.0,10.0,30000,OK,MURRAY_JRC_CONTEXT_ONLY_NEVER_A_SPARTINA_LABEL
CNA10K-R00331-C00148,1,2.0,109319812.5,1.093198,30000,OK,80.0,0.0,0.0,10.0,30000,OK,MURRAY_JRC_CONTEXT_ONLY_NEVER_A_SPARTINA_LABEL
CNA10K-R00331-C00149,1,2.0,78961349.8,0.789613,30000,OK,89.7297,91174648.5,0.911746,11.6216,30000,OK,MURRAY_JRC_CONTEXT_ONLY_NEVER_A_SPARTINA_LABEL
CNA10K-R00331-C00150,1,2.0,112454296.1,1.124543,30000,OK,92.0,79018028.7,0.79018,12.0,30000,OK,MURRAY_JRC_CONTEXT_ONLY_NEVER_A_SPARTINA_LABEL
CNA10K-R00331-C00151,1,3.0,69900276.5,0.699003,30000,OK,90.0541,112448733.1,1.124487,11.7838,30000,OK,MURRAY_JRC_CONTEXT_ONLY_NEVER_A_SPARTINA_LABEL
CNA10K-R00331-C00152,1,1.0,36439937.5,0.364399,30000,OK,83.0,91174648.5,0.911746,11.0,30000,OK,MURRAY_JRC_CONTEXT_ONLY_NEVER_A_SPARTINA_LABEL
CNA10K-R00331-C00155,1,1.0,112658092.2,1.126581,30000,OK,91.3333,75978873.7,0.759789,11.5,30000,OK,MURRAY_JRC_CONTEXT_ONLY_NEVER_A_SPARTINA_LABEL
CNA10K-R00331-C00156,1,2.0,82209959.2,0.8221,30000,OK,88.8056,72939718.8,0.729397,11.0,30000,OK,MURRAY_JRC_CONTEXT_ONLY_NEVER_A_SPARTINA_LABEL
CNA10K-R00331-C00157,1,1.0,112658092.2,1.126581,30000,OK,97.3846,79131866.4,0.791319,12.0,30000,OK,MURRAY_JRC_CONTEXT_ONLY_NEVER_A_SPARTINA_LABEL
CNA10K-R00331-C00158,1,1.0,85254772.5,0.852548,30000,OK,96.973,112652014.7,1.12652,12.0,30000,OK,MURRAY_JRC_CONTEXT_ONLY_NEVER_A_SPARTINA_LABEL
CNA10K-R00331-C00159,1,2.0,106568465.6,1.065685,30000,OK,96.3214,85299620.1,0.852996,12.0,30000,OK,MURRAY_JRC_CONTEXT_ONLY_NEVER_A_SPARTINA_LABEL
CNA10K-R00331-C00160,1,1.0,94389212.4,0.943892,30000,OK,96.0,109702303.6,1.097023,12.0,30000,OK,MURRAY_JRC_CONTEXT_ONLY_NEVER_A_SPARTINA_LABEL
CNA10K-R00331-C00161,1,2.0,100478839.0,1.004788,30000,OK,96.0,94465872.6,0.944659,12.0,30000,OK,MURRAY_JRC_CONTEXT_ONLY_NEVER_A_SPARTINA_LABEL
CNA10K-R00331-C00162,1,1.0,100478839.0,1.004788,30000,OK,96.8788,100560445.0,1.005604,12.0,30000,OK,MURRAY_JRC_CONTEXT_ONLY_NEVER_A_SPARTINA_LABEL
CNA10K-R00331-C00163,1,1.0,91344399.1,0.913444,30000,OK,97.0,100560445.0,1.005604,12.0,30000,OK,MURRAY_JRC_CONTEXT_ONLY_NEVER_A_SPARTINA_LABEL
CNA10K-R00331-C00164,1,2.0,109613278.9,1.096133,30000,OK,97.4516,94465872.6,0.944659,12.0,30000,OK,MURRAY_JRC_CONTEXT_ONLY_NEVER_A_SPARTINA_LABEL
CNA10K-R00331-C00165,1,1.0,85254772.5,0.852548,30000,OK,99.0,106655017.4,1.06655,12.0,30000,OK,MURRAY_JRC_CONTEXT_ONLY_NEVER_A_SPARTINA_LABEL
CNA10K-R00331-C00166,1,1.0,112658092.2,1.126581,30000,OK,99.0,88371300.1,0.883713,12.0,30000,OK,MURRAY_JRC_CONTEXT_ONLY_NEVER_A_SPARTINA_LABEL
CNA10K-R00331-C00167,1,2.0,76120332.5,0.761203,30000,OK,99.0,112749589.8,1.127496,12.0,30000,OK,MURRAY_JRC_CONTEXT_ONLY_NEVER_A_SPARTINA_LABEL
CNA10K-R00332-C00143,1,2.0,78953197.9,0.789532,30000,OK,53.7568,0.0,0.0,5.0541,30000,OK,MURRAY_JRC_CONTEXT_ONLY_NEVER_A_SPARTINA_LABEL
CNA10K-R00332-C00144,1,1.0,112356474.0,1.123565,30000,OK,66.2105,0.0,0.0,6.6667,30000,OK,MURRAY_JRC_CONTEXT_ONLY_NEVER_A_SPARTINA_LABEL
CNA10K-R00332-C00145,1,1.0,97173166.7,0.971732,30000,OK,73.1,0.0,0.0,7.9429,30000,OK,MURRAY_JRC_CONTEXT_ONLY_NEVER_A_SPARTINA_LABEL
CNA10K-R00332-C00146,1,2.0,91099843.8,0.910998,30000,OK,71.1875,0.0,0.0,8.6667,30000,OK,MURRAY_JRC_CONTEXT_ONLY_NEVER_A_SPARTINA_LABEL
CNA10K-R00332-C00147,1,1.0,115393135.4,1.153931,30000,OK,80.0,0.0,0.0,10.0,30000,OK,MURRAY_JRC_CONTEXT_ONLY_NEVER_A_SPARTINA_LABEL
CNA10K-R00332-C00148,1,2.0,75916536.5,0.759165,30000,OK,80.0,0.0,0.0,10.0,30000,OK,MURRAY_JRC_CONTEXT_ONLY_NEVER_A_SPARTINA_LABEL
CNA10K-R00332-C00149,1,1.0,112356474.0,1.123565,30000,OK,91.5385,75978873.7,0.759789,11.9231,30000,OK,MURRAY_JRC_CONTEXT_ONLY_NEVER_A_SPARTINA_LABEL
CNA10K-R00332-C00150,1,1.0,91099843.8,0.910998,30000,OK,92.0,115487888.1,1.154879,12.0,30000,OK,MURRAY_JRC_CONTEXT_ONLY_NEVER_A_SPARTINA_LABEL
CNA10K-R00332-C00151,1,2.0,100209828.1,1.002098,30000,OK,89.3,91174648.5,0.911746,11.7,30000,OK,MURRAY_JRC_CONTEXT_ONLY_NEVER_A_SPARTINA_LABEL
CNA10K-R00332-C00152,1,1.0,103246489.6,1.032465,30000,OK,83.0,100292113.3,1.002921,11.0,30000,OK,MURRAY_JRC_CONTEXT_ONLY_NEVER_A_SPARTINA_LABEL
CNA10K-R00332-C00153,1,1.0,85026520.8,0.850265,30000,OK,83.0,106370423.2,1.063704,11.0,30000,OK,MURRAY_JRC_CONTEXT_ONLY_NEVER_A_SPARTINA_LABEL
CNA10K-R00332-C00154,1,2.0,115393135.4,1.153931,30000,OK,92.0357,85096338.6,0.850963,11.8214,30000,OK,MURRAY_JRC_CONTEXT_ONLY_NEVER_A_SPARTINA_LABEL
CNA10K-R00332-C00155,1,1.0,78953197.9,0.789532,30000,OK,94.0,115487888.1,1.154879,12.0,30000,OK,MURRAY_JRC_CONTEXT_ONLY_NEVER_A_SPARTINA_LABEL
CNA10K-R00332-C00156,1,4.0,112454296.1,1.124543,30000,OK,94.9615,79018028.7,0.79018,12.0,30000,OK,MURRAY_JRC_CONTEXT_ONLY_NEVER_A_SPARTINA_LABEL
CNA10K-R00332-C00157,1,2.0,88161004.4,0.88161,30000,OK,99.0,112448733.1,1.124487,12.0,30000,OK,MURRAY_JRC_CONTEXT_ONLY_NEVER_A_SPARTINA_LABEL
CNA10K-R00332-C00158,1,2.0,103425830.1,1.034258,30000,OK,99.0,91174648.5,0.911746,12.0,30000,OK,MURRAY_JRC_CONTEXT_ONLY_NEVER_A_SPARTINA_LABEL
CNA10K-R00332-C00159,1,4.0,94332149.5,0.943321,30000,OK,98.3824,103331268.3,1.033313,12.0,30000,OK,MURRAY_JRC_CONTEXT_ONLY_NEVER_A_SPARTINA_LABEL
CNA10K-R00332-C00160,1,1.0,94389212.4,0.943892,30000,OK,98.0,100292113.3,1.002921,12.0,30000,OK,MURRAY_JRC_CONTEXT_ONLY_NEVER_A_SPARTINA_LABEL
CNA10K-R00332-C00161,1,2.0,106568465.6,1.065685,30000,OK,97.6,91223436.0,0.912234,12.0,30000,OK,MURRAY_JRC_CONTEXT_ONLY_NEVER_A_SPARTINA_LABEL
CNA10K-R00332-C00162,1,1.0,88299585.8,0.882996,30000,OK,97.6176,103428843.4,1.034288,12.0,30000,OK,MURRAY_JRC_CONTEXT_ONLY_NEVER_A_SPARTINA_LABEL
CNA10K-R00332-C00163,1,1.0,115702905.5,1.157029,30000,OK,97.4286,85226438.8,0.852264,12.0,30000,OK,MURRAY_JRC_CONTEXT_ONLY_NEVER_A_SPARTINA_LABEL
CNA10K-R00332-C00164,1,2.0,79165145.9,0.791651,30000,OK,97.9459,112652014.7,1.12652,12.0,30000,OK,MURRAY_JRC_CONTEXT_ONLY_NEVER_A_SPARTINA_LABEL
CNA10K-R00332-C00165,1,1.0,115702905.5,1.157029,30000,OK,99.0,82276727.7,0.822767,12.0,30000,OK,MURRAY_JRC_CONTEXT_ONLY_NEVER_A_SPARTINA_LABEL
CNA10K-R00332-C00166,1,1.0,82209959.2,0.8221,30000,OK,99.0,112749589.8,1.127496,12.0,30000,OK,MURRAY_JRC_CONTEXT_ONLY_NEVER_A_SPARTINA_LABEL
CNA10K-R00333-C00144,1,1.0,36439937.5,0.364399,30000,OK,34.0,0.0,0.0,4.0,30000,OK,MURRAY_JRC_CONTEXT_ONLY_NEVER_A_SPARTINA_LABEL
CNA10K-R00333-C00145,1,1.0,51623244.8,0.516232,30000,OK,34.0,0.0,0.0,4.0,30000,OK,MURRAY_JRC_CONTEXT_ONLY_NEVER_A_SPARTINA_LABEL
CNA10K-R00333-C00146,1,2.0,72879875.0,0.728799,30000,OK,32.5,0.0,0.0,4.5625,30000,OK,MURRAY_JRC_CONTEXT_ONLY_NEVER_A_SPARTINA_LABEL
CNA10K-R00333-C00147,1,1.0,75916536.5,0.759165,30000,OK,29.0,0.0,0.0,5.0,30000,OK,MURRAY_JRC_CONTEXT_ONLY_NEVER_A_SPARTINA_LABEL
CNA10K-R00333-C00148,1,2.0,112356474.0,1.123565,30000,OK,61.0,0.0,0.0,6.5,30000,OK,MURRAY_JRC_CONTEXT_ONLY_NEVER_A_SPARTINA_LABEL
CNA10K-R00333-C00149,1,1.0,94136505.2,0.941365,30000,OK,92.6944,33430704.4,0.334307,11.3056,30000,OK,MURRAY_JRC_CONTEXT_ONLY_NEVER_A_SPARTINA_LABEL
CNA10K-R00333-C00150,1,1.0,97173166.7,0.971732,30000,OK,92.6129,36469859.4,0.364699,11.3871,30000,OK,MURRAY_JRC_CONTEXT_ONLY_NEVER_A_SPARTINA_LABEL
CNA10K-R00333-C00151,1,2.0,109319812.5,1.093198,30000,OK,90.0323,57743944.0,0.577439,11.4516,30000,OK,MURRAY_JRC_CONTEXT_ONLY_NEVER_A_SPARTINA_LABEL
CNA10K-R00333-C00152,1,1.0,85026520.8,0.850265,30000,OK,87.5833,75978873.7,0.759789,11.3056,30000,OK,MURRAY_JRC_CONTEXT_ONLY_NEVER_A_SPARTINA_LABEL
CNA10K-R00333-C00153,1,2.0,112356474.0,1.123565,30000,OK,83.0,85096338.6,0.850963,11.0,30000,OK,MURRAY_JRC_CONTEXT_ONLY_NEVER_A_SPARTINA_LABEL
CNA10K-R00333-C00154,1,1.0,81989859.4,0.819899,30000,OK,93.4054,112448733.1,1.124487,11.9459,30000,OK,MURRAY_JRC_CONTEXT_ONLY_NEVER_A_SPARTINA_LABEL
CNA10K-R00333-C00155,1,1.0,112356474.0,1.123565,30000,OK,94.0,82057183.6,0.820572,12.0,30000,OK,MURRAY_JRC_CONTEXT_ONLY_NEVER_A_SPARTINA_LABEL
CNA10K-R00333-C00156,1,2.0,91099843.8,0.910998,30000,OK,95.8056,109409578.2,1.094096,12.0,30000,OK,MURRAY_JRC_CONTEXT_ONLY_NEVER_A_SPARTINA_LABEL
CNA10K-R00333-C00157,1,1.0,100209828.1,1.002098,30000,OK,99.0,94213803.4,0.942138,12.0,30000,OK,MURRAY_JRC_CONTEXT_ONLY_NEVER_A_SPARTINA_LABEL
CNA10K-R00333-C00158,1,1.0,103246489.6,1.032465,30000,OK,99.0,100292113.3,1.002921,12.0,30000,OK,MURRAY_JRC_CONTEXT_ONLY_NEVER_A_SPARTINA_LABEL
CNA10K-R00333-C00159,1,1.0,88063182.3,0.880632,30000,OK,98.2647,103331268.3,1.033313,12.0,30000,OK,MURRAY_JRC_CONTEXT_ONLY_NEVER_A_SPARTINA_LABEL
CNA10K-R00333-C00160,1,1.0,112356474.0,1.123565,30000,OK,98.0,91174648.5,0.911746,12.0,30000,OK,MURRAY_JRC_CONTEXT_ONLY_NEVER_A_SPARTINA_LABEL
CNA10K-R00333-C00161,1,3.0,78969501.6,0.789695,30000,OK,98.0,112448733.1,1.124487,12.0,30000,OK,MURRAY_JRC_CONTEXT_ONLY_NEVER_A_SPARTINA_LABEL
CNA10K-R00333-C00162,1,2.0,112454296.1,1.124543,30000,OK,98.0,85096338.6,0.850963,12.0,30000,OK,MURRAY_JRC_CONTEXT_ONLY_NEVER_A_SPARTINA_LABEL
CNA10K-R00333-C00163,1,2.0,79051020.0,0.79051,30000,OK,98.0,115487888.1,1.154879,12.0,30000,OK,MURRAY_JRC_CONTEXT_ONLY_NEVER_A_SPARTINA_LABEL
CNA10K-R00333-C00164,1,4.0,109515456.8,1.095155,30000,OK,98.5185,82057183.6,0.820572,12.0,30000,OK,MURRAY_JRC_CONTEXT_ONLY_NEVER_A_SPARTINA_LABEL
CNA10K-R00333-C00165,1,2.0,88266978.4,0.88267,30000,OK,99.0,115487888.1,1.154879,12.0,30000,OK,MURRAY_JRC_CONTEXT_ONLY_NEVER_A_SPARTINA_LABEL
CNA10K-R00333-C00166,1,2.0,106568465.6,1.065685,30000,OK,99.0,88135493.5,0.881355,12.0,30000,OK,MURRAY_JRC_CONTEXT_ONLY_NEVER_A_SPARTINA_LABEL
CNA10K-R00333-C00167,1,1.0,94389212.4,0.943892,30000,OK,99.0,109499022.1,1.09499,12.0,30000,OK,MURRAY_JRC_CONTEXT_ONLY_NEVER_A_SPARTINA_LABEL
CNA10K-R00334-C00146,0,0.0,0.0,0.0,30000,OK,32.125,0.0,0.0,4.6429,30000,OK,MURRAY_JRC_CONTEXT_ONLY_NEVER_A_SPARTINA_LABEL
CNA10K-R00334-C00147,0,0.0,0.0,0.0,30000,OK,29.0,0.0,0.0,5.0,30000,OK,MURRAY_JRC_CONTEXT_ONLY_NEVER_A_SPARTINA_LABEL
CNA10K-R00334-C00148,1,1.0,42398192.9,0.423982,30000,OK,79.2857,0.0,0.0,8.3,30000,OK,MURRAY_JRC_CONTEXT_ONLY_NEVER_A_SPARTINA_LABEL
CNA10K-R00334-C00149,1,2.0,93931027.6,0.93931,30000,OK,93.0,0.0,0.0,11.0,30000,OK,MURRAY_JRC_CONTEXT_ONLY_NEVER_A_SPARTINA_LABEL
CNA10K-R00334-C00150,1,2.0,109122554.0,1.091226,30000,OK,93.0,0.0,0.0,11.0,30000,OK,MURRAY_JRC_CONTEXT_ONLY_NEVER_A_SPARTINA_LABEL
CNA10K-R00334-C00151,1,3.0,78854568.7,0.788546,30000,OK,96.5135,0.0,0.0,11.7027,30000,OK,MURRAY_JRC_CONTEXT_ONLY_NEVER_A_SPARTINA_LABEL
CNA10K-R00334-C00152,1,2.0,112257844.7,1.122578,30000,OK,98.0,0.0,0.0,12.0,30000,OK,MURRAY_JRC_CONTEXT_ONLY_NEVER_A_SPARTINA_LABEL
CNA10K-R00334-C00153,1,3.0,85001863.5,0.850019,30000,OK,98.1081,12123824.7,0.121238,12.0,30000,OK,MURRAY_JRC_CONTEXT_ONLY_NEVER_A_SPARTINA_LABEL
CNA10K-R00334-C00154,1,1.0,106283151.1,1.062832,30000,OK,99.0,87897729.0,0.878977,12.0,30000,OK,MURRAY_JRC_CONTEXT_ONLY_NEVER_A_SPARTINA_LABEL
CNA10K-R00334-C00155,1,1.0,97173166.7,0.971732,30000,OK,97.5714,106165453.8,1.061655,12.0,30000,OK,MURRAY_JRC_CONTEXT_ONLY_NEVER_A_SPARTINA_LABEL
CNA10K-R00334-C00156,1,2.0,94136505.2,0.941365,30000,OK,98.0625,97088982.8,0.97089,12.0,30000,OK,MURRAY_JRC_CONTEXT_ONLY_NEVER_A_SPARTINA_LABEL
CNA10K-R00334-C00157,1,1.0,109319812.5,1.093198,30000,OK,99.0,94115418.1,0.941154,12.0,30000,OK,MURRAY_JRC_CONTEXT_ONLY_NEVER_A_SPARTINA_LABEL
CNA10K-R00334-C00158,1,2.0,85026520.8,0.850265,30000,OK,99.0,106288435.5,1.062884,12.0,30000,OK,MURRAY_JRC_CONTEXT_ONLY_NEVER_A_SPARTINA_LABEL
CNA10K-R00334-C00159,1,1.0,115393135.4,1.153931,30000,OK,98.069,88135493.5,0.881355,12.0,30000,OK,MURRAY_JRC_CONTEXT_ONLY_NEVER_A_SPARTINA_LABEL
CNA10K-R00334-C00160,1,1.0,81989859.4,0.819899,30000,OK,98.0,115487888.1,1.154879,12.0,30000,OK,MURRAY_JRC_CONTEXT_ONLY_NEVER_A_SPARTINA_LABEL
CNA10K-R00334-C00161,1,2.0,112356474.0,1.123565,30000,OK,98.0,79018028.7,0.79018,12.0,30000,OK,MURRAY_JRC_CONTEXT_ONLY_NEVER_A_SPARTINA_LABEL
CNA10K-R00334-C00162,1,1.0,88063182.3,0.880632,30000,OK,98.0,115487888.1,1.154879,12.0,30000,OK,MURRAY_JRC_CONTEXT_ONLY_NEVER_A_SPARTINA_LABEL
CNA10K-R00334-C00163,1,1.0,106283151.1,1.062832,30000,OK,98.0,85096338.6,0.850963,12.0,30000,OK,MURRAY_JRC_CONTEXT_ONLY_NEVER_A_SPARTINA_LABEL
CNA10K-R00334-C00164,1,2.0,94136505.2,0.941365,30000,OK,98.75,109409578.2,1.094096,12.0,30000,OK,MURRAY_JRC_CONTEXT_ONLY_NEVER_A_SPARTINA_LABEL
CNA10K-R00334-C00165,1,1.0,100209828.1,1.002098,30000,OK,99.0,94213803.4,0.942138,12.0,30000,OK,MURRAY_JRC_CONTEXT_ONLY_NEVER_A_SPARTINA_LABEL
CNA10K-R00334-C00166,1,2.0,100209828.1,1.002098,30000,OK,99.0,103331268.3,1.033313,12.0,30000,OK,MURRAY_JRC_CONTEXT_ONLY_NEVER_A_SPARTINA_LABEL
CNA10K-R00334-C00167,1,2.0,94185416.3,0.941854,30000,OK,99.0,97252958.4,0.97253,12.0,30000,OK,MURRAY_JRC_CONTEXT_ONLY_NEVER_A_SPARTINA_LABEL
CNA10K-R00334-C00168,1,2.0,103344311.7,1.033443,30000,OK,99.0,97252958.4,0.97253,12.0,30000,OK,MURRAY_JRC_CONTEXT_ONLY_NEVER_A_SPARTINA_LABEL
CNA10K-R00335-C00149,1,1.0,115080809.4,1.150808,30000,OK,93.0,0.0,0.0,11.0,30000,OK,MURRAY_JRC_CONTEXT_ONLY_NEVER_A_SPARTINA_LABEL
CNA10K-R00335-C00150,1,2.0,78739501.2,0.787395,30000,OK,93.0,0.0,0.0,11.0,30000,OK,MURRAY_JRC_CONTEXT_ONLY_NEVER_A_SPARTINA_LABEL
CNA10K-R00335-C00151,1,1.0,115080809.4,1.150808,30000,OK,97.2308,0.0,0.0,11.8462,30000,OK,MURRAY_JRC_CONTEXT_ONLY_NEVER_A_SPARTINA_LABEL
CNA10K-R00335-C00152,1,1.0,90853270.6,0.908533,30000,OK,98.0,0.0,0.0,12.0,30000,OK,MURRAY_JRC_CONTEXT_ONLY_NEVER_A_SPARTINA_LABEL
CNA10K-R00335-C00153,1,2.0,102967040.0,1.02967,30000,OK,98.2333,21216693.2,0.212167,12.0,30000,OK,MURRAY_JRC_CONTEXT_ONLY_NEVER_A_SPARTINA_LABEL
CNA10K-R00335-C00154,1,1.0,102967040.0,1.02967,30000,OK,99.0,103052509.9,1.030525,12.0,30000,OK,MURRAY_JRC_CONTEXT_ONLY_NEVER_A_SPARTINA_LABEL
CNA10K-R00335-C00155,1,2.0,90894366.1,0.908944,30000,OK,99.0,103052509.9,1.030525,12.0,30000,OK,MURRAY_JRC_CONTEXT_ONLY_NEVER_A_SPARTINA_LABEL
CNA10K-R00335-C00156,1,4.0,109122554.0,1.091226,30000,OK,99.0,90928685.2,0.909287,12.0,30000,OK,MURRAY_JRC_CONTEXT_ONLY_NEVER_A_SPARTINA_LABEL
CNA10K-R00335-C00158,1,4.0,115286287.1,1.152863,30000,OK,99.0,81835816.7,0.818358,12.0,30000,OK,MURRAY_JRC_CONTEXT_ONLY_NEVER_A_SPARTINA_LABEL
CNA10K-R00335-C00159,1,2.0,81973421.2,0.819734,30000,OK,99.0,115176334.6,1.151763,12.0,30000,OK,MURRAY_JRC_CONTEXT_ONLY_NEVER_A_SPARTINA_LABEL
CNA10K-R00335-C00160,1,1.0,112356474.0,1.123565,30000,OK,99.0,81835816.7,0.818358,12.0,30000,OK,MURRAY_JRC_CONTEXT_ONLY_NEVER_A_SPARTINA_LABEL
CNA10K-R00335-C00161,1,2.0,94136505.2,0.941365,30000,OK,98.6944,109204608.8,1.092046,12.0,30000,OK,MURRAY_JRC_CONTEXT_ONLY_NEVER_A_SPARTINA_LABEL
CNA10K-R00335-C00162,1,1.0,103246489.6,1.032465,30000,OK,98.5862,87996114.3,0.879961,12.0,30000,OK,MURRAY_JRC_CONTEXT_ONLY_NEVER_A_SPARTINA_LABEL
CNA10K-R00335-C00163,1,2.0,100209828.1,1.002098,30000,OK,98.3529,103232882.9,1.032329,12.0,30000,OK,MURRAY_JRC_CONTEXT_ONLY_NEVER_A_SPARTINA_LABEL
CNA10K-R00335-C00164,1,1.0,97173166.7,0.971732,30000,OK,98.9062,97195566.9,0.971956,12.0,30000,OK,MURRAY_JRC_CONTEXT_ONLY_NEVER_A_SPARTINA_LABEL
CNA10K-R00335-C00165,1,1.0,106283151.1,1.062832,30000,OK,99.0,97252958.4,0.97253,12.0,30000,OK,MURRAY_JRC_CONTEXT_ONLY_NEVER_A_SPARTINA_LABEL
CNA10K-R00335-C00166,1,2.0,91099843.8,0.910998,30000,OK,99.0,103331268.3,1.033313,12.0,30000,OK,MURRAY_JRC_CONTEXT_ONLY_NEVER_A_SPARTINA_LABEL
CNA10K-R00335-C00167,1,1.0,112356474.0,1.123565,30000,OK,99.0,91174648.5,0.911746,12.0,30000,OK,MURRAY_JRC_CONTEXT_ONLY_NEVER_A_SPARTINA_LABEL
CNA10K-R00336-C00149,1,1.0,78739501.2,0.787395,30000,OK,74.0,0.0,0.0,6.9459,30000,OK,MURRAY_JRC_CONTEXT_ONLY_NEVER_A_SPARTINA_LABEL
CNA10K-R00336-C00150,1,2.0,112052367.1,1.120524,30000,OK,73.24,0.0,0.0,7.8077,30000,OK,MURRAY_JRC_CONTEXT_ONLY_NEVER_A_SPARTINA_LABEL
CNA10K-R00336-C00151,1,1.0,93881712.9,0.938817,30000,OK,89.6774,0.0,0.0,10.2857,30000,OK,MURRAY_JRC_CONTEXT_ONLY_NEVER_A_SPARTINA_LABEL
CNA10K-R00336-C00152,1,1.0,99938597.6,0.999386,30000,OK,89.6774,0.0,0.0,10.8387,30000,OK,MURRAY_JRC_CONTEXT_ONLY_NEVER_A_SPARTINA_LABEL
CNA10K-R00336-C00153,1,2.0,102967040.0,1.02967,30000,OK,98.5,48495298.8,0.484953,12.0,30000,OK,MURRAY_JRC_CONTEXT_ONLY_NEVER_A_SPARTINA_LABEL
CNA10K-R00336-C00154,1,1.0,87824828.2,0.878248,30000,OK,99.0,106083466.0,1.060835,12.0,30000,OK,MURRAY_JRC_CONTEXT_ONLY_NEVER_A_SPARTINA_LABEL
CNA10K-R00336-C00155,1,2.0,112052367.1,1.120524,30000,OK,99.0,87897729.0,0.878977,12.0,30000,OK,MURRAY_JRC_CONTEXT_ONLY_NEVER_A_SPARTINA_LABEL
CNA10K-R00336-C00156,1,1.0,78739501.2,0.787395,30000,OK,99.0,112145378.4,1.121454,12.0,30000,OK,MURRAY_JRC_CONTEXT_ONLY_NEVER_A_SPARTINA_LABEL
CNA10K-R00336-C00157,1,1.0,115080809.4,1.150808,30000,OK,99.0,81835816.7,0.818358,12.0,30000,OK,MURRAY_JRC_CONTEXT_ONLY_NEVER_A_SPARTINA_LABEL
CNA10K-R00336-C00159,1,1.0,105995482.4,1.059955,30000,OK,99.0,87897729.0,0.878977,12.0,30000,OK,MURRAY_JRC_CONTEXT_ONLY_NEVER_A_SPARTINA_LABEL
CNA10K-R00336-C00160,1,1.0,96910155.3,0.969102,30000,OK,99.0,106083466.0,1.060835,12.0,30000,OK,MURRAY_JRC_CONTEXT_ONLY_NEVER_A_SPARTINA_LABEL
CNA10K-R00336-C00161,1,3.0,96967689.0,0.969677,30000,OK,99.0,93959641.3,0.939596,12.0,30000,OK,MURRAY_JRC_CONTEXT_ONLY_NEVER_A_SPARTINA_LABEL
CNA10K-R00336-C00162,1,2.0,103065669.3,1.030657,30000,OK,99.0,100021553.7,1.000216,12.0,30000,OK,MURRAY_JRC_CONTEXT_ONLY_NEVER_A_SPARTINA_LABEL
CNA10K-R00336-C00163,1,4.0,87964553.0,0.879646,30000,OK,99.0,103052509.9,1.030525,12.0,30000,OK,MURRAY_JRC_CONTEXT_ONLY_NEVER_A_SPARTINA_LABEL
CNA10K-R00336-C00164,1,2.0,109229402.4,1.092294,30000,OK,99.0,90928685.2,0.909287,12.0,30000,OK,MURRAY_JRC_CONTEXT_ONLY_NEVER_A_SPARTINA_LABEL
CNA10K-R00336-C00165,1,1.0,85026520.8,0.850265,30000,OK,99.0,109114422.2,1.091144,12.0,30000,OK,MURRAY_JRC_CONTEXT_ONLY_NEVER_A_SPARTINA_LABEL
CNA10K-R00336-C00166,1,2.0,112356474.0,1.123565,30000,OK,99.0,84891369.2,0.848914,12.0,30000,OK,MURRAY_JRC_CONTEXT_ONLY_NEVER_A_SPARTINA_LABEL
CNA10K-R00337-C00151,1,2.0,93782279.5,0.937823,30000,OK,55.0,0.0,0.0,6.0,30000,OK,MURRAY_JRC_CONTEXT_ONLY_NEVER_A_SPARTINA_LABEL
CNA10K-R00337-C00152,1,2.0,108932777.4,1.089328,30000,OK,55.0,0.0,0.0,6.0,30000,OK,MURRAY_JRC_CONTEXT_ONLY_NEVER_A_SPARTINA_LABEL
CNA10K-R00337-C00153,1,2.0,84796385.9,0.847964,30000,OK,83.2857,0.0,0.0,9.4375,30000,OK,MURRAY_JRC_CONTEXT_ONLY_NEVER_A_SPARTINA_LABEL
CNA10K-R00337-C00154,1,1.0,115080809.4,1.150808,30000,OK,91.5926,6061912.3,0.060619,11.0741,30000,OK,MURRAY_JRC_CONTEXT_ONLY_NEVER_A_SPARTINA_LABEL
CNA10K-R00337-C00155,1,2.0,81767943.5,0.817679,30000,OK,93.8649,36371474.1,0.363715,11.3784,30000,OK,MURRAY_JRC_CONTEXT_ONLY_NEVER_A_SPARTINA_LABEL
CNA10K-R00337-C00156,1,1.0,112052367.1,1.120524,30000,OK,97.3333,36371474.1,0.363715,12.0,30000,OK,MURRAY_JRC_CONTEXT_ONLY_NEVER_A_SPARTINA_LABEL
CNA10K-R00337-C00157,1,1.0,93881712.9,0.938817,30000,OK,98.0,72742948.1,0.727429,12.0,30000,OK,MURRAY_JRC_CONTEXT_ONLY_NEVER_A_SPARTINA_LABEL
CNA10K-R00337-C00159,1,1.0,102967040.0,1.02967,30000,OK,99.0,103052509.9,1.030525,12.0,30000,OK,MURRAY_JRC_CONTEXT_ONLY_NEVER_A_SPARTINA_LABEL
CNA10K-R00337-C00160,1,2.0,93881712.9,0.938817,30000,OK,99.0,100021553.7,1.000216,12.0,30000,OK,MURRAY_JRC_CONTEXT_ONLY_NEVER_A_SPARTINA_LABEL
CNA10K-R00337-C00161,1,1.0,109023924.7,1.090239,30000,OK,99.0,90928685.2,0.909287,12.0,30000,OK,MURRAY_JRC_CONTEXT_ONLY_NEVER_A_SPARTINA_LABEL
CNA10K-R00337-C00162,1,1.0,84796385.9,0.847964,30000,OK,99.0,109114422.2,1.091144,12.0,30000,OK,MURRAY_JRC_CONTEXT_ONLY_NEVER_A_SPARTINA_LABEL
CNA10K-R00337-C00163,1,2.0,115080809.4,1.150808,30000,OK,99.0,84866772.8,0.848668,12.0,30000,OK,MURRAY_JRC_CONTEXT_ONLY_NEVER_A_SPARTINA_LABEL
CNA10K-R00337-C00164,1,1.0,81767943.5,0.817679,30000,OK,99.0,115176334.6,1.151763,12.0,30000,OK,MURRAY_JRC_CONTEXT_ONLY_NEVER_A_SPARTINA_LABEL
CNA10K-R00337-C00165,1,1.0,115080809.4,1.150808,30000,OK,99.0,81835816.7,0.818358,12.0,30000,OK,MURRAY_JRC_CONTEXT_ONLY_NEVER_A_SPARTINA_LABEL
CNA10K-R00337-C00166,1,2.0,81767943.5,0.817679,30000,OK,99.0,115176334.6,1.151763,12.0,30000,OK,MURRAY_JRC_CONTEXT_ONLY_NEVER_A_SPARTINA_LABEL
CNA10K-R00338-C00152,1,1.0,81544218.4,0.815442,30000,OK,55.0,0.0,0.0,6.0,30000,OK,MURRAY_JRC_CONTEXT_ONLY_NEVER_A_SPARTINA_LABEL
CNA10K-R00338-C00153,1,2.0,111745780.7,1.117458,30000,OK,84.0769,0.0,0.0,10.0385,30000,OK,MURRAY_JRC_CONTEXT_ONLY_NEVER_A_SPARTINA_LABEL
CNA10K-R00338-C00154,1,1.0,84564367.6,0.845644,30000,OK,91.0,0.0,0.0,11.0,30000,OK,MURRAY_JRC_CONTEXT_ONLY_NEVER_A_SPARTINA_LABEL
CNA10K-R00338-C00155,1,4.0,105788323.1,1.057883,30000,OK,91.8929,0.0,0.0,11.1786,30000,OK,MURRAY_JRC_CONTEXT_ONLY_NEVER_A_SPARTINA_LABEL
CNA10K-R00338-C00156,1,2.0,93724271.9,0.937243,30000,OK,96.0,0.0,0.0,12.0,30000,OK,MURRAY_JRC_CONTEXT_ONLY_NEVER_A_SPARTINA_LABEL
CNA10K-R00338-C00157,1,2.0,96810718.9,0.968107,30000,OK,96.0,0.0,0.0,12.0,30000,OK,MURRAY_JRC_CONTEXT_ONLY_NEVER_A_SPARTINA_LABEL
CNA10K-R00338-C00159,1,1.0,87824828.2,0.878248,30000,OK,96.0,105794163.5,1.057942,12.0,30000,OK,MURRAY_JRC_CONTEXT_ONLY_NEVER_A_SPARTINA_LABEL
CNA10K-R00338-C00160,1,2.0,112052367.1,1.120524,30000,OK,96.5172,84668393.9,0.846684,12.0,30000,OK,MURRAY_JRC_CONTEXT_ONLY_NEVER_A_SPARTINA_LABEL
CNA10K-R00338-C00161,1,1.0,81767943.5,0.817679,30000,OK,99.0,36371474.1,0.363715,12.0,30000,OK,MURRAY_JRC_CONTEXT_ONLY_NEVER_A_SPARTINA_LABEL
CNA10K-R00338-C00162,1,1.0,115080809.4,1.150808,30000,OK,99.0,42433386.4,0.424334,12.0,30000,OK,MURRAY_JRC_CONTEXT_ONLY_NEVER_A_SPARTINA_LABEL
CNA10K-R00338-C00163,1,2.0,81767943.5,0.817679,30000,OK,99.0,93910046.6,0.9391,12.0,30000,OK,MURRAY_JRC_CONTEXT_ONLY_NEVER_A_SPARTINA_LABEL
CNA10K-R00338-C00164,1,1.0,112052367.1,1.120524,30000,OK,99.0,81819285.1,0.818193,12.0,30000,OK,MURRAY_JRC_CONTEXT_ONLY_NEVER_A_SPARTINA_LABEL
CNA10K-R00338-C00165,1,2.0,87824828.2,0.878248,30000,OK,99.0,112145378.4,1.121454,12.0,30000,OK,MURRAY_JRC_CONTEXT_ONLY_NEVER_A_SPARTINA_LABEL
CNA10K-R00338-C00166,1,1.0,105995482.4,1.059955,30000,OK,99.0,87897729.0,0.878977,12.0,30000,OK,MURRAY_JRC_CONTEXT_ONLY_NEVER_A_SPARTINA_LABEL
CNA10K-R00339-C00153,1,1.0,90604679.5,0.906047,30000,OK,89.0541,0.0,0.0,10.7297,30000,OK,MURRAY_JRC_CONTEXT_ONLY_NEVER_A_SPARTINA_LABEL
CNA10K-R00339-C00154,1,1.0,105705459.5,1.057055,30000,OK,91.0,0.0,0.0,11.0,30000,OK,MURRAY_JRC_CONTEXT_ONLY_NEVER_A_SPARTINA_LABEL
CNA10K-R00339-C00155,1,2.0,99665147.5,0.996651,30000,OK,92.9118,0.0,0.0,11.3824,30000,OK,MURRAY_JRC_CONTEXT_ONLY_NEVER_A_SPARTINA_LABEL
CNA10K-R00339-C00156,1,1.0,93624835.5,0.936248,30000,OK,96.0,0.0,0.0,12.0,30000,OK,MURRAY_JRC_CONTEXT_ONLY_NEVER_A_SPARTINA_LABEL
CNA10K-R00339-C00157,1,1.0,108725615.4,1.087256,30000,OK,96.0,0.0,0.0,12.0,30000,OK,MURRAY_JRC_CONTEXT_ONLY_NEVER_A_SPARTINA_LABEL
CNA10K-R00339-C00158,1,1.0,81544211.6,0.815442,30000,OK,96.0,84635330.8,0.846353,12.0,30000,OK,MURRAY_JRC_CONTEXT_ONLY_NEVER_A_SPARTINA_LABEL
CNA10K-R00339-C00159,1,1.0,114765927.4,1.147659,30000,OK,96.0,84635330.8,0.846353,12.0,30000,OK,MURRAY_JRC_CONTEXT_ONLY_NEVER_A_SPARTINA_LABEL
CNA10K-R00339-C00160,1,2.0,78524055.6,0.785241,30000,OK,96.6316,90680711.5,0.906807,12.0,30000,OK,MURRAY_JRC_CONTEXT_ONLY_NEVER_A_SPARTINA_LABEL
CNA10K-R00339-C00161,1,2.0,111845207.8,1.118452,30000,OK,99.0,0.0,0.0,12.0,30000,OK,MURRAY_JRC_CONTEXT_ONLY_NEVER_A_SPARTINA_LABEL
CNA10K-R00339-C00162,1,2.0,87683960.0,0.87684,30000,OK,99.0,0.0,0.0,12.0,30000,OK,MURRAY_JRC_CONTEXT_ONLY_NEVER_A_SPARTINA_LABEL
CNA10K-R00339-C00163,1,4.0,105896045.9,1.05896,30000,OK,99.0,45340355.8,0.453404,12.0,30000,OK,MURRAY_JRC_CONTEXT_ONLY_NEVER_A_SPARTINA_LABEL
CNA10K-R00339-C00164,1,2.0,93831994.7,0.93832,30000,OK,99.0,108816853.8,1.088169,12.0,30000,OK,MURRAY_JRC_CONTEXT_ONLY_NEVER_A_SPARTINA_LABEL
CNA10K-R00339-C00165,1,2.0,99938597.6,0.999386,30000,OK,99.0,93703401.9,0.937034,12.0,30000,OK,MURRAY_JRC_CONTEXT_ONLY_NEVER_A_SPARTINA_LABEL
CNA10K-R00339-C00166,1,1.0,99938597.6,0.999386,30000,OK,99.0,99814909.0,0.998149,12.0,30000,OK,MURRAY_JRC_CONTEXT_ONLY_NEVER_A_SPARTINA_LABEL
CNA10K-R00339-C00167,1,1.0,93881712.9,0.938817,30000,OK,99.0,96825281.8,0.968253,12.0,30000,OK,MURRAY_JRC_CONTEXT_ONLY_NEVER_A_SPARTINA_LABEL
CNA10K-R00339-C00168,1,1.0,39369750.6,0.393698,30000,OK,98.5517,78755265.8,0.787553,12.0,30000,OK,MURRAY_JRC_CONTEXT_ONLY_NEVER_A_SPARTINA_LABEL
CNA10K-R00340-C00154,1,1.0,105705459.5,1.057055,30000,OK,84.6471,0.0,0.0,9.2632,30000,OK,MURRAY_JRC_CONTEXT_ONLY_NEVER_A_SPARTINA_LABEL
CNA10K-R00340-C00155,1,2.0,87584523.5,0.875845,30000,OK,88.5625,0.0,0.0,10.2727,30000,OK,MURRAY_JRC_CONTEXT_ONLY_NEVER_A_SPARTINA_LABEL
CNA10K-R00340-C00156,1,1.0,114765927.4,1.147659,30000,OK,93.931,0.0,0.0,11.5862,30000,OK,MURRAY_JRC_CONTEXT_ONLY_NEVER_A_SPARTINA_LABEL
CNA10K-R00340-C00157,1,2.0,78524055.6,0.785241,30000,OK,94.3784,0.0,0.0,11.6757,30000,OK,MURRAY_JRC_CONTEXT_ONLY_NEVER_A_SPARTINA_LABEL
CNA10K-R00340-C00158,1,1.0,114765927.4,1.147659,30000,OK,96.0,75567259.6,0.755673,12.0,30000,OK,MURRAY_JRC_CONTEXT_ONLY_NEVER_A_SPARTINA_LABEL
CNA10K-R00340-C00159,1,1.0,87584523.5,0.875845,30000,OK,96.0,114862234.6,1.148622,12.0,30000,OK,MURRAY_JRC_CONTEXT_ONLY_NEVER_A_SPARTINA_LABEL
CNA10K-R00340-C00160,1,2.0,108725615.4,1.087256,30000,OK,96.9643,57431117.3,0.574311,12.0,30000,OK,MURRAY_JRC_CONTEXT_ONLY_NEVER_A_SPARTINA_LABEL
CNA10K-R00340-C00161,1,1.0,93624835.5,0.936248,30000,OK,99.0,0.0,0.0,12.0,30000,OK,MURRAY_JRC_CONTEXT_ONLY_NEVER_A_SPARTINA_LABEL
CNA10K-R00340-C00162,1,2.0,99665147.5,0.996651,30000,OK,99.0,0.0,0.0,12.0,30000,OK,MURRAY_JRC_CONTEXT_ONLY_NEVER_A_SPARTINA_LABEL
CNA10K-R00340-C00163,1,1.0,99665147.5,0.996651,30000,OK,99.0,87658021.1,0.87658,12.0,30000,OK,MURRAY_JRC_CONTEXT_ONLY_NEVER_A_SPARTINA_LABEL
CNA10K-R00340-C00164,1,1.0,93624835.5,0.936248,30000,OK,99.0,99748782.7,0.997488,12.0,30000,OK,MURRAY_JRC_CONTEXT_ONLY_NEVER_A_SPARTINA_LABEL
CNA10K-R00340-C00165,1,2.0,105705459.5,1.057055,30000,OK,99.0,96726092.3,0.967261,12.0,30000,OK,MURRAY_JRC_CONTEXT_ONLY_NEVER_A_SPARTINA_LABEL
CNA10K-R00340-C00166,1,2.0,87617669.0,0.876177,30000,OK,99.0,105794163.5,1.057942,12.0,30000,OK,MURRAY_JRC_CONTEXT_ONLY_NEVER_A_SPARTINA_LABEL
CNA10K-R00340-C00167,1,2.0,108825051.9,1.088251,30000,OK,99.0,93703401.9,0.937034,12.0,30000,OK,MURRAY_JRC_CONTEXT_ONLY_NEVER_A_SPARTINA_LABEL
CNA10K-R00340-C00168,1,2.0,9077040.7,0.09077,30000,OK,98.8235,42317665.4,0.423177,12.0,30000,OK,MURRAY_JRC_CONTEXT_ONLY_NEVER_A_SPARTINA_LABEL
CNA10K-R00341-C00157,1,4.0,111645536.9,1.116455,30000,OK,91.5769,9043073.5,0.090431,11.1154,30000,OK,MURRAY_JRC_CONTEXT_ONLY_NEVER_A_SPARTINA_LABEL
CNA10K-R00341-C00158,1,2.0,87551112.0,0.875511,30000,OK,96.0,114545597.7,1.145456,12.0,30000,OK,MURRAY_JRC_CONTEXT_ONLY_NEVER_A_SPARTINA_LABEL
CNA10K-R00341-C00159,1,1.0,105705459.5,1.057055,30000,OK,96.0,90430735.1,0.904307,12.0,30000,OK,MURRAY_JRC_CONTEXT_ONLY_NEVER_A_SPARTINA_LABEL
CNA10K-R00341-C00160,1,2.0,96644991.5,0.96645,30000,OK,97.7647,42226007.3,0.42226,12.0,30000,OK,MURRAY_JRC_CONTEXT_ONLY_NEVER_A_SPARTINA_LABEL
CNA10K-R00341-C00161,1,1.0,96644991.5,0.96645,30000,OK,99.0,0.0,0.0,12.0,30000,OK,MURRAY_JRC_CONTEXT_ONLY_NEVER_A_SPARTINA_LABEL
CNA10K-R00341-C00163,1,1.0,90604679.5,0.906047,30000,OK,98.7353,72544569.2,0.725446,12.0,30000,OK,MURRAY_JRC_CONTEXT_ONLY_NEVER_A_SPARTINA_LABEL
CNA10K-R00341-C00164,1,1.0,111745771.4,1.117458,30000,OK,99.0,90680711.5,0.906807,12.0,30000,OK,MURRAY_JRC_CONTEXT_ONLY_NEVER_A_SPARTINA_LABEL
CNA10K-R00341-C00165,1,2.0,84564367.6,0.845644,30000,OK,99.0,111839544.2,1.118395,12.0,30000,OK,MURRAY_JRC_CONTEXT_ONLY_NEVER_A_SPARTINA_LABEL
CNA10K-R00341-C00166,1,1.0,114765927.4,1.147659,30000,OK,99.0,84635330.8,0.846353,12.0,30000,OK,MURRAY_JRC_CONTEXT_ONLY_NEVER_A_SPARTINA_LABEL
CNA10K-R00341-C00167,1,1.0,78524055.6,0.785241,30000,OK,99.0,114862234.6,1.148622,12.0,30000,OK,MURRAY_JRC_CONTEXT_ONLY_NEVER_A_SPARTINA_LABEL
CNA10K-R00341-C00168,1,1.0,3020156.0,0.030202,30000,OK,98.625,15113451.9,0.151135,12.0,30000,OK,MURRAY_JRC_CONTEXT_ONLY_NEVER_A_SPARTINA_LABEL
CNA10K-R00342-C00156,1,1.0,111436714.9,1.114367,30000,OK,91.0,0.0,0.0,11.0,30000,OK,MURRAY_JRC_CONTEXT_ONLY_NEVER_A_SPARTINA_LABEL
CNA10K-R00342-C00157,1,2.0,93365896.3,0.933659,30000,OK,92.5278,33157936.2,0.331579,11.3056,30000,OK,MURRAY_JRC_CONTEXT_ONLY_NEVER_A_SPARTINA_LABEL
CNA10K-R00342-C00158,1,1.0,99389502.5,0.993895,30000,OK,96.0,93445092.9,0.934451,12.0,30000,OK,MURRAY_JRC_CONTEXT_ONLY_NEVER_A_SPARTINA_LABEL
CNA10K-R00342-C00159,1,1.0,102401305.6,1.024013,30000,OK,96.0,102488166.4,1.024882,12.0,30000,OK,MURRAY_JRC_CONTEXT_ONLY_NEVER_A_SPARTINA_LABEL
CNA10K-R00342-C00164,1,2.0,81535858.7,0.815359,30000,OK,98.0,0.0,0.0,12.0,30000,OK,MURRAY_JRC_CONTEXT_ONLY_NEVER_A_SPARTINA_LABEL
CNA10K-R00342-C00165,1,2.0,114765927.4,1.147659,30000,OK,98.0476,3022690.4,0.030227,12.0,30000,OK,MURRAY_JRC_CONTEXT_ONLY_NEVER_A_SPARTINA_LABEL
CNA10K-R00342-C00166,1,1.0,84564367.6,0.845644,30000,OK,98.5714,36272284.6,0.362723,12.0,30000,OK,MURRAY_JRC_CONTEXT_ONLY_NEVER_A_SPARTINA_LABEL
CNA10K-R00342-C00167,1,1.0,87584523.5,0.875845,30000,OK,98.5714,36272284.6,0.362723,12.0,30000,OK,MURRAY_JRC_CONTEXT_ONLY_NEVER_A_SPARTINA_LABEL
CNA10K-R00343-C00155,1,1.0,105413108.7,1.054131,30000,OK,93.3448,0.0,0.0,11.5862,30000,OK,MURRAY_JRC_CONTEXT_ONLY_NEVER_A_SPARTINA_LABEL
CNA10K-R00343-C00156,1,1.0,99389502.5,0.993895,30000,OK,92.3714,0.0,0.0,11.3429,30000,OK,MURRAY_JRC_CONTEXT_ONLY_NEVER_A_SPARTINA_LABEL
CNA10K-R00343-C00157,1,2.0,96377699.4,0.963777,30000,OK,93.5806,36163894.5,0.361639,11.5484,30000,OK,MURRAY_JRC_CONTEXT_ONLY_NEVER_A_SPARTINA_LABEL
CNA10K-R00343-C00158,1,1.0,108424911.8,1.084249,30000,OK,96.0,96459450.7,0.964595,12.0,30000,OK,MURRAY_JRC_CONTEXT_ONLY_NEVER_A_SPARTINA_LABEL
CNA10K-R00344-C00153,1,1.0,90101496.5,0.901015,30000,OK,96.0,114226414.4,1.142264,12.0,30000,OK,MURRAY_JRC_CONTEXT_ONLY_NEVER_A_SPARTINA_LABEL
CNA10K-R00344-C00154,1,3.0,87131792.8,0.871318,30000,OK,95.8333,75148956.9,0.75149,12.0,30000,OK,MURRAY_JRC_CONTEXT_ONLY_NEVER_A_SPARTINA_LABEL
CNA10K-R00344-C00155,1,2.0,99212684.8,0.992127,30000,OK,95.0,0.0,0.0,12.0,30000,OK,MURRAY_JRC_CONTEXT_ONLY_NEVER_A_SPARTINA_LABEL
CNA10K-R00344-C00156,1,2.0,90253054.5,0.902531,30000,OK,95.0,0.0,0.0,12.0,30000,OK,MURRAY_JRC_CONTEXT_ONLY_NEVER_A_SPARTINA_LABEL
CNA10K-R00344-C00157,1,4.0,111335676.2,1.113357,30000,OK,95.7097,66131082.0,0.661311,12.0,30000,OK,MURRAY_JRC_CONTEXT_ONLY_NEVER_A_SPARTINA_LABEL
CNA10K-R00344-C00158,1,1.0,84330487.0,0.843305,30000,OK,96.0,111220456.2,1.112205,12.0,30000,OK,MURRAY_JRC_CONTEXT_ONLY_NEVER_A_SPARTINA_LABEL
CNA10K-R00345-C00151,1,2.0,111125179.0,1.111252,30000,OK,85.1765,5994984.4,0.05995,9.3,30000,OK,MURRAY_JRC_CONTEXT_ONLY_NEVER_A_SPARTINA_LABEL
CNA10K-R00345-C00152,1,1.0,96108262.9,0.961083,30000,OK,95.6667,105208539.6,1.052085,11.9167,30000,OK,MURRAY_JRC_CONTEXT_ONLY_NEVER_A_SPARTINA_LABEL
CNA10K-R00345-C00153,1,1.0,99111646.1,0.991116,30000,OK,96.0,96190664.8,0.961907,12.0,30000,OK,MURRAY_JRC_CONTEXT_ONLY_NEVER_A_SPARTINA_LABEL
CNA10K-R00345-C00154,1,2.0,105118412.5,1.051184,30000,OK,95.5758,57113207.2,0.571132,12.0,30000,OK,MURRAY_JRC_CONTEXT_ONLY_NEVER_A_SPARTINA_LABEL
CNA10K-R00345-C00155,1,1.0,87098113.3,0.870981,30000,OK,95.0,0.0,0.0,12.0,30000,OK,MURRAY_JRC_CONTEXT_ONLY_NEVER_A_SPARTINA_LABEL
CNA10K-R00345-C00156,1,2.0,114128562.2,1.141286,30000,OK,95.0,0.0,0.0,12.0,30000,OK,MURRAY_JRC_CONTEXT_ONLY_NEVER_A_SPARTINA_LABEL
CNA10K-R00345-C00157,1,1.0,81091346.8,0.810913,30000,OK,95.8158,93184706.5,0.931847,12.0,30000,OK,MURRAY_JRC_CONTEXT_ONLY_NEVER_A_SPARTINA_LABEL
CNA10K-R00345-C00158,1,1.0,114128562.2,1.141286,30000,OK,96.0,81160873.4,0.811609,12.0,30000,OK,MURRAY_JRC_CONTEXT_ONLY_NEVER_A_SPARTINA_LABEL
CNA10K-R00346-C00150,1,2.0,108011472.6,1.080115,30000,OK,94.0,86927273.9,0.869273,12.0,30000,OK,MURRAY_JRC_CONTEXT_ONLY_NEVER_A_SPARTINA_LABEL
CNA10K-R00346-C00151,1,3.0,96048858.1,0.960489,30000,OK,92.7778,95919750.5,0.959198,11.8889,30000,OK,MURRAY_JRC_CONTEXT_ONLY_NEVER_A_SPARTINA_LABEL
CNA10K-R00346-C00152,1,1.0,96108262.9,0.961083,30000,OK,83.0,0.0,0.0,11.0,30000,OK,MURRAY_JRC_CONTEXT_ONLY_NEVER_A_SPARTINA_LABEL
CNA10K-R00346-C00153,1,1.0,111125179.0,1.111252,30000,OK,85.5161,18035749.6,0.180357,11.1935,30000,OK,MURRAY_JRC_CONTEXT_ONLY_NEVER_A_SPARTINA_LABEL
CNA10K-R00346-C00154,1,2.0,84094730.0,0.840947,30000,OK,88.0286,18035749.6,0.180357,10.9714,30000,OK,MURRAY_JRC_CONTEXT_ONLY_NEVER_A_SPARTINA_LABEL
CNA10K-R00346-C00155,1,1.0,114128562.2,1.141286,30000,OK,90.3571,0.0,0.0,11.0714,30000,OK,MURRAY_JRC_CONTEXT_ONLY_NEVER_A_SPARTINA_LABEL
CNA10K-R00346-C00156,1,2.0,81091346.8,0.810913,30000,OK,91.9211,2997492.2,0.029975,11.3684,30000,OK,MURRAY_JRC_CONTEXT_ONLY_NEVER_A_SPARTINA_LABEL
CNA10K-R00346-C00157,1,1.0,111125179.0,1.111252,30000,OK,96.037,78146449.1,0.781464,12.0,30000,OK,MURRAY_JRC_CONTEXT_ONLY_NEVER_A_SPARTINA_LABEL
CNA10K-R00346-C00158,1,1.0,90101496.5,0.901015,30000,OK,96.0,114226414.4,1.142264,12.0,30000,OK,MURRAY_JRC_CONTEXT_ONLY_NEVER_A_SPARTINA_LABEL
CNA10K-R00347-C00146,1,2.0,80862214.0,0.808622,30000,OK,80.1379,41964890.9,0.419649,9.2727,30000,OK,MURRAY_JRC_CONTEXT_ONLY_NEVER_A_SPARTINA_LABEL
CNA10K-R00347-C00147,1,1.0,113806079.0,1.138061,30000,OK,91.0,80932289.5,0.809323,11.0,30000,OK,MURRAY_JRC_CONTEXT_ONLY_NEVER_A_SPARTINA_LABEL
CNA10K-R00347-C00148,1,2.0,86852007.7,0.86852,30000,OK,91.0,113904703.7,1.139047,11.0,30000,OK,MURRAY_JRC_CONTEXT_ONLY_NEVER_A_SPARTINA_LABEL
CNA10K-R00347-C00149,1,1.0,104821388.5,1.048214,30000,OK,93.3793,86927273.9,0.869273,11.7931,30000,OK,MURRAY_JRC_CONTEXT_ONLY_NEVER_A_SPARTINA_LABEL
CNA10K-R00347-C00150,1,1.0,101826491.7,1.018265,30000,OK,94.0,104912227.1,1.049122,12.0,30000,OK,MURRAY_JRC_CONTEXT_ONLY_NEVER_A_SPARTINA_LABEL
CNA10K-R00347-C00151,1,2.0,92841801.3,0.928418,30000,OK,91.7353,80932289.5,0.809323,11.7941,30000,OK,MURRAY_JRC_CONTEXT_ONLY_NEVER_A_SPARTINA_LABEL
CNA10K-R00347-C00152,1,1.0,113806079.0,1.138061,30000,OK,83.0,0.0,0.0,11.0,30000,OK,MURRAY_JRC_CONTEXT_ONLY_NEVER_A_SPARTINA_LABEL
CNA10K-R00347-C00153,1,2.0,77875803.6,0.778758,30000,OK,83.0,0.0,0.0,11.0,30000,OK,MURRAY_JRC_CONTEXT_ONLY_NEVER_A_SPARTINA_LABEL
CNA10K-R00347-C00154,1,4.0,113916402.2,1.139164,30000,OK,84.4615,0.0,0.0,10.2692,30000,OK,MURRAY_JRC_CONTEXT_ONLY_NEVER_A_SPARTINA_LABEL
CNA10K-R00347-C00155,1,2.0,86962330.9,0.869623,30000,OK,85.0,0.0,0.0,10.0,30000,OK,MURRAY_JRC_CONTEXT_ONLY_NEVER_A_SPARTINA_LABEL
CNA10K-R00347-C00156,1,4.0,105016575.7,1.050166,30000,OK,86.8571,11989968.8,0.1199,10.2857,30000,OK,MURRAY_JRC_CONTEXT_ONLY_NEVER_A_SPARTINA_LABEL
CNA10K-R00347-C00157,1,2.0,93053961.3,0.93054,30000,OK,98.0,107909719.3,1.079097,12.0,30000,OK,MURRAY_JRC_CONTEXT_ONLY_NEVER_A_SPARTINA_LABEL
CNA10K-R00347-C00158,1,1.0,99111646.1,0.991116,30000,OK,98.0,95919750.5,0.959198,12.0,30000,OK,MURRAY_JRC_CONTEXT_ONLY_NEVER_A_SPARTINA_LABEL
CNA10K-R00348-C00139,1,1.0,113481068.4,1.134811,30000,OK,88.0,0.0,0.0,10.0,30000,OK,MURRAY_JRC_CONTEXT_ONLY_NEVER_A_SPARTINA_LABEL
CNA10K-R00348-C00140,1,1.0,77644941.6,0.776449,30000,OK,88.0,0.0,0.0,10.0,30000,OK,MURRAY_JRC_CONTEXT_ONLY_NEVER_A_SPARTINA_LABEL
CNA10K-R00348-C00141,1,2.0,74658597.6,0.746586,30000,OK,90.3704,0.0,0.0,10.5926,30000,OK,MURRAY_JRC_CONTEXT_ONLY_NEVER_A_SPARTINA_LABEL
CNA10K-R00348-C00142,1,1.0,56740534.2,0.567405,30000,OK,92.0,0.0,0.0,11.0,30000,OK,MURRAY_JRC_CONTEXT_ONLY_NEVER_A_SPARTINA_LABEL
CNA10K-R00348-C00145,1,1.0,80862214.0,0.808622,30000,OK,89.0,0.0,0.0,11.0,30000,OK,MURRAY_JRC_CONTEXT_ONLY_NEVER_A_SPARTINA_LABEL
CNA10K-R00348-C00146,1,2.0,113806079.0,1.138061,30000,OK,92.12,0.0,0.0,11.0,30000,OK,MURRAY_JRC_CONTEXT_ONLY_NEVER_A_SPARTINA_LABEL
CNA10K-R00348-C00147,1,1.0,89846904.5,0.898469,30000,OK,93.6316,38967398.7,0.389674,11.0,30000,OK,MURRAY_JRC_CONTEXT_ONLY_NEVER_A_SPARTINA_LABEL
CNA10K-R00348-C00148,1,2.0,101826491.7,1.018265,30000,OK,93.2667,38967398.7,0.389674,11.0,30000,OK,MURRAY_JRC_CONTEXT_ONLY_NEVER_A_SPARTINA_LABEL
CNA10K-R00348-C00149,1,1.0,104821388.5,1.048214,30000,OK,86.9032,62947336.3,0.629473,11.2727,30000,OK,MURRAY_JRC_CONTEXT_ONLY_NEVER_A_SPARTINA_LABEL
CNA10K-R00348-C00150,1,1.0,89846904.5,0.898469,30000,OK,88.1765,74937305.1,0.749373,11.4706,30000,OK,MURRAY_JRC_CONTEXT_ONLY_NEVER_A_SPARTINA_LABEL
CNA10K-R00348-C00151,1,2.0,113806079.0,1.138061,30000,OK,88.3103,41964890.9,0.419649,11.4828,30000,OK,MURRAY_JRC_CONTEXT_ONLY_NEVER_A_SPARTINA_LABEL
CNA10K-R00348-C00152,1,1.0,80862214.0,0.808622,30000,OK,83.0,0.0,0.0,11.0,30000,OK,MURRAY_JRC_CONTEXT_ONLY_NEVER_A_SPARTINA_LABEL
CNA10K-R00348-C00153,1,2.0,113806079.0,1.138061,30000,OK,83.0,0.0,0.0,11.0,30000,OK,MURRAY_JRC_CONTEXT_ONLY_NEVER_A_SPARTINA_LABEL
CNA10K-R00348-C00154,1,1.0,89846904.5,0.898469,30000,OK,84.7368,0.0,0.0,10.1316,30000,OK,MURRAY_JRC_CONTEXT_ONLY_NEVER_A_SPARTINA_LABEL
CNA10K-R00348-C00155,1,1.0,104821388.5,1.048214,30000,OK,85.0,0.0,0.0,10.0,30000,OK,MURRAY_JRC_CONTEXT_ONLY_NEVER_A_SPARTINA_LABEL
CNA10K-R00348-C00156,1,2.0,98831594.9,0.988316,30000,OK,89.4571,35969906.4,0.359699,10.6857,30000,OK,MURRAY_JRC_CONTEXT_ONLY_NEVER_A_SPARTINA_LABEL
CNA10K-R00348-C00157,1,1.0,95836698.1,0.958367,30000,OK,98.0,98917242.7,0.989172,12.0,30000,OK,MURRAY_JRC_CONTEXT_ONLY_NEVER_A_SPARTINA_LABEL
CNA10K-R00348-C00158,1,1.0,107816285.4,1.078163,30000,OK,98.0,95919750.5,0.959198,12.0,30000,OK,MURRAY_JRC_CONTEXT_ONLY_NEVER_A_SPARTINA_LABEL
CNA10K-R00349-C00138,1,1.0,59726878.1,0.597269,30000,OK,86.1,0.0,0.0,10.0,30000,OK,MURRAY_JRC_CONTEXT_ONLY_NEVER_A_SPARTINA_LABEL
CNA10K-R00349-C00139,1,1.0,77644941.6,0.776449,30000,OK,88.0,0.0,0.0,10.0,30000,OK,MURRAY_JRC_CONTEXT_ONLY_NEVER_A_SPARTINA_LABEL
CNA10K-R00349-C00140,1,1.0,110494724.5,1.104947,30000,OK,88.0,0.0,0.0,10.0,30000,OK,MURRAY_JRC_CONTEXT_ONLY_NEVER_A_SPARTINA_LABEL
CNA10K-R00349-C00141,1,1.0,92576661.1,0.925767,30000,OK,91.2222,0.0,0.0,10.8056,30000,OK,MURRAY_JRC_CONTEXT_ONLY_NEVER_A_SPARTINA_LABEL
CNA10K-R00349-C00142,1,1.0,95563005.0,0.95563,30000,OK,92.0,0.0,0.0,11.0,30000,OK,MURRAY_JRC_CONTEXT_ONLY_NEVER_A_SPARTINA_LABEL
CNA10K-R00349-C00143,1,2.0,113481068.4,1.134811,30000,OK,91.2,0.0,0.0,11.0,30000,OK,MURRAY_JRC_CONTEXT_ONLY_NEVER_A_SPARTINA_LABEL
CNA10K-R00349-C00144,1,1.0,77644941.6,0.776449,30000,OK,89.0,0.0,0.0,11.0,30000,OK,MURRAY_JRC_CONTEXT_ONLY_NEVER_A_SPARTINA_LABEL
CNA10K-R00349-C00145,1,1.0,113481068.4,1.134811,30000,OK,89.0,0.0,0.0,11.0,30000,OK,MURRAY_JRC_CONTEXT_ONLY_NEVER_A_SPARTINA_LABEL
CNA10K-R00349-C00146,1,2.0,89590317.2,0.895903,30000,OK,93.1053,0.0,0.0,11.0,30000,OK,MURRAY_JRC_CONTEXT_ONLY_NEVER_A_SPARTINA_LABEL
CNA10K-R00349-C00147,1,2.0,101604116.1,1.016041,30000,OK,95.0,0.0,0.0,11.0,30000,OK,MURRAY_JRC_CONTEXT_ONLY_NEVER_A_SPARTINA_LABEL
CNA10K-R00349-C00148,1,4.0,104633224.5,1.046332,30000,OK,91.5152,0.0,0.0,10.8485,30000,OK,MURRAY_JRC_CONTEXT_ONLY_NEVER_A_SPARTINA_LABEL
CNA10K-R00349-C00149,1,2.0,86740819.8,0.867408,30000,OK,72.0,0.0,0.0,10.0,30000,OK,MURRAY_JRC_CONTEXT_ONLY_NEVER_A_SPARTINA_LABEL
CNA10K-R00349-C00150,1,2.0,113694891.2,1.136949,30000,OK,72.0,0.0,0.0,10.0,30000,OK,MURRAY_JRC_CONTEXT_ONLY_NEVER_A_SPARTINA_LABEL
CNA10K-R00349-C00151,1,3.0,77858764.3,0.778588,30000,OK,72.5652,0.0,0.0,8.9231,30000,OK,MURRAY_JRC_CONTEXT_ONLY_NEVER_A_SPARTINA_LABEL
CNA10K-R00349-C00152,1,1.0,113806079.0,1.138061,30000,OK,73.0,0.0,0.0,8.0,30000,OK,MURRAY_JRC_CONTEXT_ONLY_NEVER_A_SPARTINA_LABEL
CNA10K-R00349-C00153,1,2.0,89846904.5,0.898469,30000,OK,79.0741,5977919.2,0.059779,9.5,30000,OK,MURRAY_JRC_CONTEXT_ONLY_NEVER_A_SPARTINA_LABEL
CNA10K-R00349-C00154,1,1.0,101826491.7,1.018265,30000,OK,91.0,53801273.2,0.538013,10.6,30000,OK,MURRAY_JRC_CONTEXT_ONLY_NEVER_A_SPARTINA_LABEL
CNA10K-R00349-C00155,1,1.0,101826491.7,1.018265,30000,OK,88.8235,38856475.1,0.388565,10.3824,30000,OK,MURRAY_JRC_CONTEXT_ONLY_NEVER_A_SPARTINA_LABEL
CNA10K-R00349-C00156,1,2.0,89846904.5,0.898469,30000,OK,92.5152,59881583.4,0.598816,11.0606,30000,OK,MURRAY_JRC_CONTEXT_ONLY_NEVER_A_SPARTINA_LABEL
CNA10K-R00349-C00157,1,1.0,110811182.2,1.108112,30000,OK,98.0,92922258.3,0.929223,12.0,30000,OK,MURRAY_JRC_CONTEXT_ONLY_NEVER_A_SPARTINA_LABEL
CNA10K-R00349-C00158,1,1.0,65887729.9,0.658877,30000,OK,98.0,110907211.5,1.109072,12.0,30000,OK,MURRAY_JRC_CONTEXT_ONLY_NEVER_A_SPARTINA_LABEL
CNA10K-R00350-C00138,1,1.0,50767846.4,0.507678,30000,OK,84.3636,0.0,0.0,9.3846,30000,OK,MURRAY_JRC_CONTEXT_ONLY_NEVER_A_SPARTINA_LABEL
CNA10K-R00350-C00139,1,1.0,113481068.4,1.134811,30000,OK,18.0,0.0,0.0,4.0,30000,OK,MURRAY_JRC_CONTEXT_ONLY_NEVER_A_SPARTINA_LABEL
CNA10K-R00350-C00140,1,2.0,95563005.0,0.95563,30000,OK,77.2308,0.0,0.0,7.8824,30000,OK,MURRAY_JRC_CONTEXT_ONLY_NEVER_A_SPARTINA_LABEL
CNA10K-R00350-C00141,1,1.0,95563005.0,0.95563,30000,OK,82.0,0.0,0.0,9.4375,30000,OK,MURRAY_JRC_CONTEXT_ONLY_NEVER_A_SPARTINA_LABEL
CNA10K-R00350-C00142,1,1.0,113481068.4,1.134811,30000,OK,84.8421,0.0,0.0,9.8571,30000,OK,MURRAY_JRC_CONTEXT_ONLY_NEVER_A_SPARTINA_LABEL
CNA10K-R00350-C00143,1,2.0,74658597.6,0.746586,30000,OK,81.9655,0.0,0.0,9.7812,30000,OK,MURRAY_JRC_CONTEXT_ONLY_NEVER_A_SPARTINA_LABEL
CNA10K-R00350-C00144,1,1.0,116467412.3,1.164674,30000,OK,86.7407,0.0,0.0,10.8148,30000,OK,MURRAY_JRC_CONTEXT_ONLY_NEVER_A_SPARTINA_LABEL
CNA10K-R00350-C00145,1,2.0,89590317.2,0.895903,30000,OK,89.0,0.0,0.0,11.0,30000,OK,MURRAY_JRC_CONTEXT_ONLY_NEVER_A_SPARTINA_LABEL
CNA10K-R00350-C00146,1,1.0,98549348.9,0.985493,30000,OK,94.0625,0.0,0.0,11.0,30000,OK,MURRAY_JRC_CONTEXT_ONLY_NEVER_A_SPARTINA_LABEL
CNA10K-R00350-C00147,1,1.0,107508380.6,1.075084,30000,OK,95.0,0.0,0.0,11.0,30000,OK,MURRAY_JRC_CONTEXT_ONLY_NEVER_A_SPARTINA_LABEL
CNA10K-R00350-C00148,1,2.0,83617629.4,0.836176,30000,OK,88.6111,0.0,0.0,10.7027,30000,OK,MURRAY_JRC_CONTEXT_ONLY_NEVER_A_SPARTINA_LABEL
CNA10K-R00350-C00149,1,1.0,113481068.4,1.134811,30000,OK,72.0,0.0,0.0,10.0,30000,OK,MURRAY_JRC_CONTEXT_ONLY_NEVER_A_SPARTINA_LABEL
CNA10K-R00350-C00150,1,1.0,83617629.4,0.836176,30000,OK,72.0,0.0,0.0,10.0,30000,OK,MURRAY_JRC_CONTEXT_ONLY_NEVER_A_SPARTINA_LABEL
CNA10K-R00350-C00151,1,1.0,107508380.6,1.075084,30000,OK,72.619,0.0,0.0,8.7273,30000,OK,MURRAY_JRC_CONTEXT_ONLY_NEVER_A_SPARTINA_LABEL
CNA10K-R00350-C00152,1,1.0,95563005.0,0.95563,30000,OK,73.0,0.0,0.0,8.0,30000,OK,MURRAY_JRC_CONTEXT_ONLY_NEVER_A_SPARTINA_LABEL
CNA10K-R00350-C00153,1,4.0,95622875.4,0.956229,30000,OK,79.1111,14944798.1,0.149448,8.7895,30000,OK,MURRAY_JRC_CONTEXT_ONLY_NEVER_A_SPARTINA_LABEL
CNA10K-R00350-C00154,1,2.0,107619568.4,1.076196,30000,OK,95.0,98635667.6,0.986357,11.0,30000,OK,MURRAY_JRC_CONTEXT_ONLY_NEVER_A_SPARTINA_LABEL
CNA10K-R00350-C00155,1,2.0,86740819.8,0.867408,30000,OK,95.0,107602546.4,1.076025,11.0,30000,OK,MURRAY_JRC_CONTEXT_ONLY_NEVER_A_SPARTINA_LABEL
CNA10K-R00350-C00156,1,4.0,113694891.2,1.136949,30000,OK,97.8966,86679829.1,0.866798,11.7241,30000,OK,MURRAY_JRC_CONTEXT_ONLY_NEVER_A_SPARTINA_LABEL
CNA10K-R00350-C00157,1,1.0,77867317.2,0.778673,30000,OK,99.0,113580465.7,1.135805,12.0,30000,OK,MURRAY_JRC_CONTEXT_ONLY_NEVER_A_SPARTINA_LABEL
CNA10K-R00350-C00158,1,1.0,77867317.2,0.778673,30000,OK,99.0,68746071.3,0.687461,12.0,30000,OK,MURRAY_JRC_CONTEXT_ONLY_NEVER_A_SPARTINA_LABEL
CNA10K-R00351-C00141,1,2.0,113265589.2,1.132656,30000,OK,24.0,0.0,0.0,5.0,30000,OK,MURRAY_JRC_CONTEXT_ONLY_NEVER_A_SPARTINA_LABEL
CNA10K-R00351-C00142,1,2.0,77532892.4,0.775329,30000,OK,24.0,0.0,0.0,5.0,30000,OK,MURRAY_JRC_CONTEXT_ONLY_NEVER_A_SPARTINA_LABEL
CNA10K-R00351-C00143,1,4.0,110391294.5,1.103913,30000,OK,26.0,0.0,0.0,5.4286,30000,OK,MURRAY_JRC_CONTEXT_ONLY_NEVER_A_SPARTINA_LABEL
CNA10K-R00351-C00144,1,2.0,92524946.1,0.925249,30000,OK,28.0,0.0,0.0,6.0,30000,OK,MURRAY_JRC_CONTEXT_ONLY_NEVER_A_SPARTINA_LABEL
CNA10K-R00351-C00145,1,2.0,95563005.0,0.95563,30000,OK,28.0,0.0,0.0,6.0,30000,OK,MURRAY_JRC_CONTEXT_ONLY_NEVER_A_SPARTINA_LABEL
CNA10K-R00351-C00146,1,1.0,110494724.5,1.104947,30000,OK,78.25,0.0,0.0,8.6,30000,OK,MURRAY_JRC_CONTEXT_ONLY_NEVER_A_SPARTINA_LABEL
CNA10K-R00351-C00147,1,1.0,83617629.4,0.836176,30000,OK,86.0667,0.0,0.0,9.5882,30000,OK,MURRAY_JRC_CONTEXT_ONLY_NEVER_A_SPARTINA_LABEL
CNA10K-R00351-C00148,1,2.0,113481068.4,1.134811,30000,OK,70.9444,0.0,0.0,8.3478,30000,OK,MURRAY_JRC_CONTEXT_ONLY_NEVER_A_SPARTINA_LABEL
CNA10K-R00351-C00149,1,1.0,86603973.3,0.86604,30000,OK,64.3333,0.0,0.0,8.5294,30000,OK,MURRAY_JRC_CONTEXT_ONLY_NEVER_A_SPARTINA_LABEL
CNA10K-R00351-C00150,1,2.0,104522036.7,1.04522,30000,OK,64.3333,0.0,0.0,9.0,30000,OK,MURRAY_JRC_CONTEXT_ONLY_NEVER_A_SPARTINA_LABEL
CNA10K-R00351-C00151,1,1.0,98549348.9,0.985493,30000,OK,72.9286,0.0,0.0,8.1333,30000,OK,MURRAY_JRC_CONTEXT_ONLY_NEVER_A_SPARTINA_LABEL
CNA10K-R00351-C00152,1,1.0,95563005.0,0.95563,30000,OK,73.0,0.0,0.0,8.0,30000,OK,MURRAY_JRC_CONTEXT_ONLY_NEVER_A_SPARTINA_LABEL
CNA10K-R00351-C00153,1,2.0,110494724.5,1.104947,30000,OK,84.4074,41845434.7,0.418454,9.5,30000,OK,MURRAY_JRC_CONTEXT_ONLY_NEVER_A_SPARTINA_LABEL
CNA10K-R00351-C00154,1,1.0,83617629.4,0.836176,30000,OK,95.0,110591506.1,1.105915,11.0,30000,OK,MURRAY_JRC_CONTEXT_ONLY_NEVER_A_SPARTINA_LABEL
CNA10K-R00351-C00155,1,2.0,113481068.4,1.134811,30000,OK,95.0,83690869.5,0.836909,11.0,30000,OK,MURRAY_JRC_CONTEXT_ONLY_NEVER_A_SPARTINA_LABEL
CNA10K-R00351-C00156,1,1.0,80631285.5,0.806313,30000,OK,98.3684,113580465.7,1.135805,11.8421,30000,OK,MURRAY_JRC_CONTEXT_ONLY_NEVER_A_SPARTINA_LABEL
CNA10K-R00351-C00157,1,1.0,113481068.4,1.134811,30000,OK,99.0,80701909.8,0.807019,12.0,30000,OK,MURRAY_JRC_CONTEXT_ONLY_NEVER_A_SPARTINA_LABEL
CNA10K-R00352-C00142,1,1.0,113153540.0,1.131535,30000,OK,24.0,0.0,0.0,5.0,30000,OK,MURRAY_JRC_CONTEXT_ONLY_NEVER_A_SPARTINA_LABEL
CNA10K-R00352-C00143,1,2.0,95287191.6,0.952872,30000,OK,26.0,0.0,0.0,5.4286,30000,OK,MURRAY_JRC_CONTEXT_ONLY_NEVER_A_SPARTINA_LABEL
CNA10K-R00352-C00144,1,1.0,95287191.6,0.952872,30000,OK,28.0,0.0,0.0,6.0,30000,OK,MURRAY_JRC_CONTEXT_ONLY_NEVER_A_SPARTINA_LABEL
CNA10K-R00352-C00145,1,2.0,110175815.3,1.101758,30000,OK,28.0,0.0,0.0,5.4286,30000,OK,MURRAY_JRC_CONTEXT_ONLY_NEVER_A_SPARTINA_LABEL
CNA10K-R00352-C00146,1,2.0,77429462.3,0.774295,30000,OK,28.0,0.0,0.0,5.0,30000,OK,MURRAY_JRC_CONTEXT_ONLY_NEVER_A_SPARTINA_LABEL
CNA10K-R00352-C00147,1,2.0,116243313.9,1.162433,30000,OK,28.0,0.0,0.0,5.0,30000,OK,MURRAY_JRC_CONTEXT_ONLY_NEVER_A_SPARTINA_LABEL
CNA10K-R00352-C00151,1,1.0,92576661.1,0.925767,30000,OK,91.0,101332266.7,1.013323,11.0,30000,OK,MURRAY_JRC_CONTEXT_ONLY_NEVER_A_SPARTINA_LABEL
CNA10K-R00352-C00152,1,1.0,113481068.4,1.134811,30000,OK,88.0968,77489380.4,0.774894,10.5161,30000,OK,MURRAY_JRC_CONTEXT_ONLY_NEVER_A_SPARTINA_LABEL
CNA10K-R00352-C00153,1,2.0,80631285.5,0.806313,30000,OK,91.973,47737365.6,0.477374,10.9189,30000,OK,MURRAY_JRC_CONTEXT_ONLY_NEVER_A_SPARTINA_LABEL
CNA10K-R00352-C00154,1,1.0,113481068.4,1.134811,30000,OK,96.9259,41845434.7,0.418454,11.4815,30000,OK,MURRAY_JRC_CONTEXT_ONLY_NEVER_A_SPARTINA_LABEL
CNA10K-R00352-C00155,1,2.0,86603973.3,0.86604,30000,OK,96.3684,74723990.6,0.74724,11.3421,30000,OK,MURRAY_JRC_CONTEXT_ONLY_NEVER_A_SPARTINA_LABEL
CNA10K-R00352-C00156,1,1.0,107508380.6,1.075084,30000,OK,99.0,74723990.6,0.74724,12.0,30000,OK,MURRAY_JRC_CONTEXT_ONLY_NEVER_A_SPARTINA_LABEL
CNA10K-R00352-C00157,1,1.0,95563005.0,0.95563,30000,OK,99.0,110591506.1,1.105915,12.0,30000,OK,MURRAY_JRC_CONTEXT_ONLY_NEVER_A_SPARTINA_LABEL
CNA10K-R00353-C00145,1,2.0,74443118.4,0.744431,30000,OK,28.0,0.0,0.0,5.4286,30000,OK,MURRAY_JRC_CONTEXT_ONLY_NEVER_A_SPARTINA_LABEL
CNA10K-R00353-C00146,1,1.0,113153540.0,1.131535,30000,OK,28.0,0.0,0.0,5.0,30000,OK,MURRAY_JRC_CONTEXT_ONLY_NEVER_A_SPARTINA_LABEL
CNA10K-R00353-C00150,1,2.0,86354017.4,0.86354,30000,OK,78.0,23842886.3,0.238429,8.6923,30000,OK,MURRAY_JRC_CONTEXT_ONLY_NEVER_A_SPARTINA_LABEL
CNA10K-R00353-C00151,1,1.0,113153540.0,1.131535,30000,OK,91.0,89410823.5,0.894108,11.0,30000,OK,MURRAY_JRC_CONTEXT_ONLY_NEVER_A_SPARTINA_LABEL
CNA10K-R00353-C00152,1,1.0,77420843.2,0.774208,30000,OK,91.0,113253709.8,1.132537,11.0,30000,OK,MURRAY_JRC_CONTEXT_ONLY_NEVER_A_SPARTINA_LABEL
CNA10K-R00353-C00153,1,4.0,113265589.2,1.132656,30000,OK,96.6296,23842886.3,0.238429,11.7037,30000,OK,MURRAY_JRC_CONTEXT_ONLY_NEVER_A_SPARTINA_LABEL
CNA10K-R00353-C00154,1,2.0,89443791.3,0.894438,30000,OK,99.0,0.0,0.0,12.0,30000,OK,MURRAY_JRC_CONTEXT_ONLY_NEVER_A_SPARTINA_LABEL
CNA10K-R00353-C00155,1,3.0,86543639.1,0.865436,30000,OK,99.0,0.0,0.0,12.0,30000,OK,MURRAY_JRC_CONTEXT_ONLY_NEVER_A_SPARTINA_LABEL
CNA10K-R00353-C00156,1,1.0,77644941.6,0.776449,30000,OK,99.0,0.0,0.0,12.0,30000,OK,MURRAY_JRC_CONTEXT_ONLY_NEVER_A_SPARTINA_LABEL
CNA10K-R00354-C00150,1,2.0,116131264.8,1.161313,30000,OK,82.875,41725051.0,0.417251,9.4211,30000,OK,MURRAY_JRC_CONTEXT_ONLY_NEVER_A_SPARTINA_LABEL
CNA10K-R00354-C00151,1,1.0,80398567.9,0.803986,30000,OK,91.0,113253709.8,1.132537,11.0,30000,OK,MURRAY_JRC_CONTEXT_ONLY_NEVER_A_SPARTINA_LABEL
CNA10K-R00354-C00152,1,2.0,113153540.0,1.131535,30000,OK,91.0,83450102.0,0.834501,11.0,30000,OK,MURRAY_JRC_CONTEXT_ONLY_NEVER_A_SPARTINA_LABEL
CNA10K-R00354-C00153,1,1.0,92309466.9,0.923095,30000,OK,98.1579,11921443.1,0.119214,11.8947,30000,OK,MURRAY_JRC_CONTEXT_ONLY_NEVER_A_SPARTINA_LABEL
CNA10K-R00354-C00154,1,1.0,101242641.1,1.012426,30000,OK,99.0,0.0,0.0,12.0,30000,OK,MURRAY_JRC_CONTEXT_ONLY_NEVER_A_SPARTINA_LABEL
CNA10K-R00355-C00149,1,2.0,116018357.5,1.160184,30000,OK,26.0,0.0,0.0,5.0,30000,OK,MURRAY_JRC_CONTEXT_ONLY_NEVER_A_SPARTINA_LABEL
CNA10K-R00355-C00150,1,4.0,80381197.6,0.803812,30000,OK,85.8,68349000.8,0.68349,9.9286,30000,OK,MURRAY_JRC_CONTEXT_ONLY_NEVER_A_SPARTINA_LABEL
CNA10K-R00355-C00151,1,1.0,110175815.3,1.101758,30000,OK,91.0,86179174.9,0.861792,11.0,30000,OK,MURRAY_JRC_CONTEXT_ONLY_NEVER_A_SPARTINA_LABEL
CNA10K-R00355-C00152,1,2.0,98264916.3,0.982649,30000,OK,91.4444,101132969.4,1.01133,11.0556,30000,OK,MURRAY_JRC_CONTEXT_ONLY_NEVER_A_SPARTINA_LABEL
CNA10K-R00356-C00146,1,1.0,109854463.7,1.098545,30000,OK,28.0,0.0,0.0,5.0,30000,OK,MURRAY_JRC_CONTEXT_ONLY_NEVER_A_SPARTINA_LABEL
CNA10K-R00356-C00147,1,2.0,80164068.1,0.801641,30000,OK,27.0,0.0,0.0,5.0,30000,OK,MURRAY_JRC_CONTEXT_ONLY_NEVER_A_SPARTINA_LABEL
CNA10K-R00356-C00148,1,1.0,115792542.9,1.157925,30000,OK,26.0,0.0,0.0,5.0,30000,OK,MURRAY_JRC_CONTEXT_ONLY_NEVER_A_SPARTINA_LABEL
CNA10K-R00356-C00149,1,1.0,86102147.3,0.861021,30000,OK,26.0,0.0,0.0,5.0,30000,OK,MURRAY_JRC_CONTEXT_ONLY_NEVER_A_SPARTINA_LABEL
CNA10K-R00356-C00150,1,1.0,103916384.6,1.039164,30000,OK,85.3478,62405609.4,0.624056,9.8462,30000,OK,MURRAY_JRC_CONTEXT_ONLY_NEVER_A_SPARTINA_LABEL
CNA10K-R00356-C00151,1,1.0,97978305.5,0.979783,30000,OK,91.0,106981044.7,1.06981,11.0,30000,OK,MURRAY_JRC_CONTEXT_ONLY_NEVER_A_SPARTINA_LABEL
CNA10K-R00356-C00152,1,3.0,56455177.5,0.564552,30000,OK,92.2121,83207479.2,0.832075,11.1515,30000,OK,MURRAY_JRC_CONTEXT_ONLY_NEVER_A_SPARTINA_LABEL
CNA10K-R00357-C00144,1,1.0,17814237.4,0.178142,30000,OK,14.0,0.0,0.0,5.0,30000,OK,MURRAY_JRC_CONTEXT_ONLY_NEVER_A_SPARTINA_LABEL
CNA10K-R00357-C00145,1,1.0,112823503.3,1.128235,30000,OK,74.2963,0.0,0.0,8.4483,30000,OK,MURRAY_JRC_CONTEXT_ONLY_NEVER_A_SPARTINA_LABEL
CNA10K-R00357-C00146,1,1.0,80164068.1,0.801641,30000,OK,74.4286,0.0,0.0,8.4667,30000,OK,MURRAY_JRC_CONTEXT_ONLY_NEVER_A_SPARTINA_LABEL
CNA10K-R00357-C00147,1,2.0,112823503.3,1.128235,30000,OK,72.0,17777787.5,0.177778,8.1818,30000,OK,MURRAY_JRC_CONTEXT_ONLY_NEVER_A_SPARTINA_LABEL
CNA10K-R00357-C00148,1,1.0,89071186.8,0.890712,30000,OK,85.8,38518539.5,0.385185,10.0556,30000,OK,MURRAY_JRC_CONTEXT_ONLY_NEVER_A_SPARTINA_LABEL
CNA10K-R00357-C00149,1,2.0,103916384.6,1.039164,30000,OK,75.2857,14814822.9,0.148148,8.5,30000,OK,MURRAY_JRC_CONTEXT_ONLY_NEVER_A_SPARTINA_LABEL
CNA10K-R00357-C00150,1,1.0,100947345.1,1.009473,30000,OK,89.0882,98065957.6,0.98066,10.8235,30000,OK,MURRAY_JRC_CONTEXT_ONLY_NEVER_A_SPARTINA_LABEL
CNA10K-R00357-C00151,1,1.0,92040226.4,0.920402,30000,OK,91.0,101037653.3,1.010377,11.0,30000,OK,MURRAY_JRC_CONTEXT_ONLY_NEVER_A_SPARTINA_LABEL
CNA10K-R00358-C00144,1,2.0,115451246.7,1.154512,30000,OK,67.3333,0.0,0.0,7.5,30000,OK,MURRAY_JRC_CONTEXT_ONLY_NEVER_A_SPARTINA_LABEL
CNA10K-R00358-C00145,1,1.0,76967497.8,0.769675,30000,OK,78.0,0.0,0.0,9.0,30000,OK,MURRAY_JRC_CONTEXT_ONLY_NEVER_A_SPARTINA_LABEL
CNA10K-R00358-C00146,1,2.0,115565012.1,1.15565,30000,OK,78.0,0.0,0.0,9.0,30000,OK,MURRAY_JRC_CONTEXT_ONLY_NEVER_A_SPARTINA_LABEL
CNA10K-R00358-C00147,1,4.0,88922416.7,0.889224,30000,OK,88.2895,68148185.3,0.681482,10.8158,30000,OK,MURRAY_JRC_CONTEXT_ONLY_NEVER_A_SPARTINA_LABEL
CNA10K-R00358-C00148,1,2.0,100833579.7,1.008336,30000,OK,95.0,91851902.0,0.918519,12.0,30000,OK,MURRAY_JRC_CONTEXT_ONLY_NEVER_A_SPARTINA_LABEL
CNA10K-R00358-C00149,1,4.0,100868584.4,1.008686,30000,OK,95.2647,91851902.0,0.918519,12.0,30000,OK,MURRAY_JRC_CONTEXT_ONLY_NEVER_A_SPARTINA_LABEL
CNA10K-R00359-C00144,1,2.0,76967497.8,0.769675,30000,OK,73.0769,0.0,0.0,8.2,30000,OK,MURRAY_JRC_CONTEXT_ONLY_NEVER_A_SPARTINA_LABEL
CNA10K-R00359-C00145,1,1.0,112490958.3,1.12491,30000,OK,78.0,0.0,0.0,9.0,30000,OK,MURRAY_JRC_CONTEXT_ONLY_NEVER_A_SPARTINA_LABEL
CNA10K-R00359-C00146,1,1.0,91768939.7,0.917689,30000,OK,78.0,0.0,0.0,9.0,30000,OK,MURRAY_JRC_CONTEXT_ONLY_NEVER_A_SPARTINA_LABEL
CNA10K-R00359-C00147,1,1.0,97689516.4,0.976895,30000,OK,90.75,71111149.9,0.711111,11.25,30000,OK,MURRAY_JRC_CONTEXT_ONLY_NEVER_A_SPARTINA_LABEL
CNA10K-R00360-C00144,1,2.0,109530669.9,1.095307,30000,OK,76.7143,0.0,0.0,9.6,30000,OK,MURRAY_JRC_CONTEXT_ONLY_NEVER_A_SPARTINA_LABEL
CNA10K-R00360-C00145,1,1.0,94729228.0,0.947292,30000,OK,83.6216,0.0,0.0,10.4054,30000,OK,MURRAY_JRC_CONTEXT_ONLY_NEVER_A_SPARTINA_LABEL
CNA10K-R00360-C00146,1,2.0,94729228.0,0.947292,30000,OK,82.8485,0.0,0.0,10.2121,30000,OK,MURRAY_JRC_CONTEXT_ONLY_NEVER_A_SPARTINA_LABEL
CNA10K-R00360-C00147,1,1.0,109530669.9,1.095307,30000,OK,95.2258,88783375.1,0.887834,11.9032,30000,OK,MURRAY_JRC_CONTEXT_ONLY_NEVER_A_SPARTINA_LABEL
CNA10K-R00361-C00144,1,2.0,94447094.0,0.944471,30000,OK,80.8,0.0,0.0,10.1923,30000,OK,MURRAY_JRC_CONTEXT_ONLY_NEVER_A_SPARTINA_LABEL
CNA10K-R00361-C00145,1,2.0,94499987.6,0.945,30000,OK,86.0,0.0,0.0,11.0,30000,OK,MURRAY_JRC_CONTEXT_ONLY_NEVER_A_SPARTINA_LABEL
CNA10K-R00361-C00146,1,4.0,109310246.4,1.093102,30000,OK,87.0645,8862503.2,0.088625,11.0968,30000,OK,MURRAY_JRC_CONTEXT_ONLY_NEVER_A_SPARTINA_LABEL
CNA10K-R00362-C00143,1,1.0,97398557.4,0.973986,30000,OK,21.0,0.0,0.0,4.0,30000,OK,MURRAY_JRC_CONTEXT_ONLY_NEVER_A_SPARTINA_LABEL
CNA10K-R00362-C00144,1,1.0,91495614.5,0.914956,30000,OK,81.3571,0.0,0.0,10.2759,30000,OK,MURRAY_JRC_CONTEXT_ONLY_NEVER_A_SPARTINA_LABEL
CNA10K-R00362-C00145,1,1.0,112155914.5,1.121559,30000,OK,86.0,0.0,0.0,11.0,30000,OK,MURRAY_JRC_CONTEXT_ONLY_NEVER_A_SPARTINA_LABEL
CNA10K-R00362-C00146,1,2.0,76738257.3,0.767383,30000,OK,89.1026,32495844.9,0.324958,11.2821,30000,OK,MURRAY_JRC_CONTEXT_ONLY_NEVER_A_SPARTINA_LABEL
CNA10K-R00363-C00142,1,2.0,100278969.2,1.00279,30000,OK,54.0,0.0,0.0,8.0,30000,OK,MURRAY_JRC_CONTEXT_ONLY_NEVER_A_SPARTINA_LABEL
CNA10K-R00363-C00143,1,2.0,91495614.5,0.914956,30000,OK,54.0,0.0,0.0,8.0,30000,OK,MURRAY_JRC_CONTEXT_ONLY_NEVER_A_SPARTINA_LABEL
CNA10K-R00363-C00144,1,1.0,115107386.0,1.151074,30000,OK,90.6897,70687322.4,0.706873,10.8966,30000,OK,MURRAY_JRC_CONTEXT_ONLY_NEVER_A_SPARTINA_LABEL
CNA10K-R00363-C00145,1,1.0,76738257.3,0.767383,30000,OK,90.6667,76577932.5,0.765779,11.0,30000,OK,MURRAY_JRC_CONTEXT_ONLY_NEVER_A_SPARTINA_LABEL
CNA10K-R00363-C00146,1,2.0,112155914.5,1.121559,30000,OK,92.7778,38333279.4,0.383333,11.4074,30000,OK,MURRAY_JRC_CONTEXT_ONLY_NEVER_A_SPARTINA_LABEL
CNA10K-R00364-C00141,1,1.0,79449902.7,0.794499,30000,OK,49.1053,0.0,0.0,6.2667,30000,OK,MURRAY_JRC_CONTEXT_ONLY_NEVER_A_SPARTINA_LABEL
CNA10K-R00364-C00142,1,1.0,91220258.6,0.912203,30000,OK,54.0,0.0,0.0,8.0,30000,OK,MURRAY_JRC_CONTEXT_ONLY_NEVER_A_SPARTINA_LABEL
CNA10K-R00364-C00143,1,2.0,114760970.5,1.14761,30000,OK,60.1579,8835915.3,0.088359,8.45,30000,OK,MURRAY_JRC_CONTEXT_ONLY_NEVER_A_SPARTINA_LABEL
CNA10K-R00364-C00144,1,1.0,79449902.7,0.794499,30000,OK,93.0,114866898.8,1.148669,11.0,30000,OK,MURRAY_JRC_CONTEXT_ONLY_NEVER_A_SPARTINA_LABEL
CNA10K-R00364-C00145,1,2.0,114876442.4,1.148764,30000,OK,93.0,79523237.6,0.795232,11.0,30000,OK,MURRAY_JRC_CONTEXT_ONLY_NEVER_A_SPARTINA_LABEL
CNA10K-R00365-C00141,1,1.0,88277669.6,0.882777,30000,OK,55.5714,0.0,0.0,7.3939,30000,OK,MURRAY_JRC_CONTEXT_ONLY_NEVER_A_SPARTINA_LABEL
CNA10K-R00365-C00142,1,1.0,114760970.5,1.14761,30000,OK,54.0,0.0,0.0,8.0,30000,OK,MURRAY_JRC_CONTEXT_ONLY_NEVER_A_SPARTINA_LABEL
CNA10K-R00365-C00143,1,2.0,79449902.7,0.794499,30000,OK,69.0,29453051.0,0.294531,9.1111,30000,OK,MURRAY_JRC_CONTEXT_ONLY_NEVER_A_SPARTINA_LABEL
CNA10K-R00365-C00144,1,1.0,111818381.6,1.118184,30000,OK,93.0,82468542.7,0.824685,11.0,30000,OK,MURRAY_JRC_CONTEXT_ONLY_NEVER_A_SPARTINA_LABEL
CNA10K-R00366-C00141,1,2.0,114644647.2,1.146446,30000,OK,75.9655,0.0,0.0,9.6552,30000,OK,MURRAY_JRC_CONTEXT_ONLY_NEVER_A_SPARTINA_LABEL
CNA10K-R00366-C00142,1,2.0,79440954.7,0.79441,30000,OK,79.0,0.0,0.0,10.0,30000,OK,MURRAY_JRC_CONTEXT_ONLY_NEVER_A_SPARTINA_LABEL
CNA10K-R00366-C00143,1,2.0,111818381.6,1.118184,30000,OK,86.5862,32300149.5,0.323001,10.7586,30000,OK,MURRAY_JRC_CONTEXT_ONLY_NEVER_A_SPARTINA_LABEL
CNA10K-R00367-C00140,1,2.0,114412000.4,1.14412,30000,OK,52.6,0.0,0.0,6.25,30000,OK,MURRAY_JRC_CONTEXT_ONLY_NEVER_A_SPARTINA_LABEL
CNA10K-R00367-C00141,1,1.0,82141949.0,0.821419,30000,OK,79.0,0.0,0.0,10.0,30000,OK,MURRAY_JRC_CONTEXT_ONLY_NEVER_A_SPARTINA_LABEL
CNA10K-R00367-C00142,1,1.0,108544718.3,1.085447,30000,OK,79.0,0.0,0.0,10.0,30000,OK,MURRAY_JRC_CONTEXT_ONLY_NEVER_A_SPARTINA_LABEL
CNA10K-R00367-C00143,1,1.0,23469128.3,0.234691,30000,OK,91.2222,64600298.9,0.646003,11.2222,30000,OK,MURRAY_JRC_CONTEXT_ONLY_NEVER_A_SPARTINA_LABEL
CNA10K-R00368-C00140,1,2.0,82141949.0,0.821419,30000,OK,71.7143,11709535.4,0.117095,8.7083,30000,OK,MURRAY_JRC_CONTEXT_ONLY_NEVER_A_SPARTINA_LABEL
CNA10K-R00368-C00141,1,1.0,108544718.3,1.085447,30000,OK,80.5517,8782151.5,0.087822,10.2069,30000,OK,MURRAY_JRC_CONTEXT_ONLY_NEVER_A_SPARTINA_LABEL
CNA10K-R00368-C00142,1,1.0,99743795.2,0.997438,30000,OK,79.0,0.0,0.0,10.0,30000,OK,MURRAY_JRC_CONTEXT_ONLY_NEVER_A_SPARTINA_LABEL
CNA10K-R00369-C00139,1,2.0,82006750.9,0.820068,30000,OK,70.0,0.0,0.0,9.0,30000,OK,MURRAY_JRC_CONTEXT_ONLY_NEVER_A_SPARTINA_LABEL
CNA10K-R00369-C00140,1,4.0,102569277.7,1.025693,30000,OK,78.2759,29273838.4,0.292738,10.0345,30000,OK,MURRAY_JRC_CONTEXT_ONLY_NEVER_A_SPARTINA_LABEL
CNA10K-R00369-C00141,1,2.0,99671689.5,0.996717,30000,OK,94.0,105385818.4,1.053858,12.0,30000,OK,MURRAY_JRC_CONTEXT_ONLY_NEVER_A_SPARTINA_LABEL
CNA10K-R00369-C00142,1,1.0,82141949.0,0.821419,30000,OK,94.0,102458434.5,1.024584,12.0,30000,OK,MURRAY_JRC_CONTEXT_ONLY_NEVER_A_SPARTINA_LABEL
CNA10K-R00370-C00138,1,1.0,84814207.0,0.848142,30000,OK,70.0,0.0,0.0,9.0,30000,OK,MURRAY_JRC_CONTEXT_ONLY_NEVER_A_SPARTINA_LABEL
CNA10K-R00370-C00139,1,1.0,108211229.6,1.082112,30000,OK,70.0,0.0,0.0,9.0,30000,OK,MURRAY_JRC_CONTEXT_ONLY_NEVER_A_SPARTINA_LABEL
CNA10K-R00370-C00140,1,2.0,99437346.1,0.994373,30000,OK,84.0,61475060.7,0.614751,10.75,30000,OK,MURRAY_JRC_CONTEXT_ONLY_NEVER_A_SPARTINA_LABEL
CNA10K-R00370-C00141,1,1.0,90663462.7,0.906635,30000,OK,94.0,102458434.5,1.024584,12.0,30000,OK,MURRAY_JRC_CONTEXT_ONLY_NEVER_A_SPARTINA_LABEL
CNA10K-R00371-C00138,1,1.0,108211229.6,1.082112,30000,OK,80.7667,0.0,0.0,10.1333,30000,OK,MURRAY_JRC_CONTEXT_ONLY_NEVER_A_SPARTINA_LABEL
CNA10K-R00371-C00139,1,1.0,102361974.0,1.02362,30000,OK,77.0571,0.0,0.0,9.7429,30000,OK,MURRAY_JRC_CONTEXT_ONLY_NEVER_A_SPARTINA_LABEL
CNA10K-R00371-C00140,1,2.0,87738834.8,0.877388,30000,OK,88.9429,70202860.4,0.702029,11.2286,30000,OK,MURRAY_JRC_CONTEXT_ONLY_NEVER_A_SPARTINA_LABEL
CNA10K-R00371-C00141,1,1.0,114060485.3,1.140605,30000,OK,94.0,87821515.3,0.878215,12.0,30000,OK,MURRAY_JRC_CONTEXT_ONLY_NEVER_A_SPARTINA_LABEL
CNA10K-R00372-C00138,1,2.0,102162247.8,1.021622,30000,OK,89.0,0.0,0.0,11.0,30000,OK,MURRAY_JRC_CONTEXT_ONLY_NEVER_A_SPARTINA_LABEL
CNA10K-R00372-C00139,1,2.0,81789716.1,0.817897,30000,OK,89.0,0.0,0.0,11.0,30000,OK,MURRAY_JRC_CONTEXT_ONLY_NEVER_A_SPARTINA_LABEL
CNA10K-R00372-C00140,1,1.0,76040323.5,0.760403,30000,OK,97.6667,75876455.4,0.758765,11.8667,30000,OK,MURRAY_JRC_CONTEXT_ONLY_NEVER_A_SPARTINA_LABEL
CNA10K-R00373-C00137,1,2.0,102044227.8,1.020442,30000,OK,82.3333,0.0,0.0,9.9655,30000,OK,MURRAY_JRC_CONTEXT_ONLY_NEVER_A_SPARTINA_LABEL
CNA10K-R00373-C00138,1,1.0,87466480.9,0.874665,30000,OK,89.0,0.0,0.0,11.0,30000,OK,MURRAY_JRC_CONTEXT_ONLY_NEVER_A_SPARTINA_LABEL
CNA10K-R00373-C00139,1,1.0,87466480.9,0.874665,30000,OK,89.0,0.0,0.0,11.0,30000,OK,MURRAY_JRC_CONTEXT_ONLY_NEVER_A_SPARTINA_LABEL
CNA10K-R00373-C00140,0,0.0,0.0,0.0,30000,OK,99.0,113814683.1,1.138147,12.0,30000,OK,MURRAY_JRC_CONTEXT_ONLY_NEVER_A_SPARTINA_LABEL
CNA10K-R00374-C00137,1,2.0,87466480.9,0.874665,30000,OK,83.1944,66911641.9,0.669116,10.1111,30000,OK,MURRAY_JRC_CONTEXT_ONLY_NEVER_A_SPARTINA_LABEL
CNA10K-R00374-C00138,1,1.0,113706425.2,1.137064,30000,OK,93.0345,37819623.7,0.378196,11.4483,30000,OK,MURRAY_JRC_CONTEXT_ONLY_NEVER_A_SPARTINA_LABEL
CNA10K-R00374-C00139,1,1.0,52479888.6,0.524799,30000,OK,93.1026,40765319.0,0.407653,11.4359,30000,OK,MURRAY_JRC_CONTEXT_ONLY_NEVER_A_SPARTINA_LABEL
CNA10K-R00375-C00132,1,2.0,116256246.0,1.162562,30000,OK,47.2,0.0,0.0,4.7273,30000,OK,MURRAY_JRC_CONTEXT_ONLY_NEVER_A_SPARTINA_LABEL
CNA10K-R00375-C00133,1,1.0,81379372.2,0.813794,30000,OK,43.0,0.0,0.0,6.0,30000,OK,MURRAY_JRC_CONTEXT_ONLY_NEVER_A_SPARTINA_LABEL
CNA10K-R00375-C00135,1,1.0,101724215.2,1.017242,30000,OK,66.0,104731265.5,1.047313,7.0,30000,OK,MURRAY_JRC_CONTEXT_ONLY_NEVER_A_SPARTINA_LABEL
CNA10K-R00375-C00136,1,2.0,87228757.3,0.872288,30000,OK,66.0,107640467.3,1.076405,7.0,30000,OK,MURRAY_JRC_CONTEXT_ONLY_NEVER_A_SPARTINA_LABEL
CNA10K-R00375-C00137,1,3.0,113468701.6,1.134687,30000,OK,92.4828,84366852.8,0.843669,11.1379,30000,OK,MURRAY_JRC_CONTEXT_ONLY_NEVER_A_SPARTINA_LABEL
CNA10K-R00375-C00138,1,2.0,81498234.0,0.814982,30000,OK,98.0,113458871.0,1.134589,12.0,30000,OK,MURRAY_JRC_CONTEXT_ONLY_NEVER_A_SPARTINA_LABEL
CNA10K-R00375-C00139,1,2.0,46603073.8,0.466031,30000,OK,98.2759,61093238.2,0.610932,12.0,30000,OK,MURRAY_JRC_CONTEXT_ONLY_NEVER_A_SPARTINA_LABEL
CNA10K-R00376-C00131,1,2.0,113349839.8,1.133498,30000,OK,65.5455,0.0,0.0,5.7333,30000,OK,MURRAY_JRC_CONTEXT_ONLY_NEVER_A_SPARTINA_LABEL
CNA10K-R00376-C00132,1,1.0,81379372.2,0.813794,30000,OK,75.3,34800161.1,0.348002,8.5714,30000,OK,MURRAY_JRC_CONTEXT_ONLY_NEVER_A_SPARTINA_LABEL
CNA10K-R00376-C00133,1,1.0,107537027.5,1.07537,30000,OK,67.5,8700040.3,0.087,8.1429,30000,OK,MURRAY_JRC_CONTEXT_ONLY_NEVER_A_SPARTINA_LABEL
CNA10K-R00376-C00134,1,2.0,98817809.1,0.988178,30000,OK,62.3684,46547229.1,0.465472,6.8,30000,OK,MURRAY_JRC_CONTEXT_ONLY_NEVER_A_SPARTINA_LABEL
CNA10K-R00376-C00135,1,1.0,87192184.5,0.871922,30000,OK,66.0,107640467.3,1.076405,7.0,30000,OK,MURRAY_JRC_CONTEXT_ONLY_NEVER_A_SPARTINA_LABEL
CNA10K-R00376-C00136,1,2.0,113349839.8,1.133498,30000,OK,66.0,84366852.8,0.843669,7.0,30000,OK,MURRAY_JRC_CONTEXT_ONLY_NEVER_A_SPARTINA_LABEL
CNA10K-R00376-C00137,1,1.0,84285778.3,0.842858,30000,OK,96.359,113458871.0,1.134589,11.7436,30000,OK,MURRAY_JRC_CONTEXT_ONLY_NEVER_A_SPARTINA_LABEL
CNA10K-R00376-C00138,1,1.0,107537027.5,1.07537,30000,OK,98.0,87276054.6,0.872761,12.0,30000,OK,MURRAY_JRC_CONTEXT_ONLY_NEVER_A_SPARTINA_LABEL
CNA10K-R00377-C00129,1,3.0,92765589.6,0.927656,30000,OK,70.1176,0.0,0.0,6.6667,30000,OK,MURRAY_JRC_CONTEXT_ONLY_NEVER_A_SPARTINA_LABEL
CNA10K-R00377-C00130,1,2.0,113110432.6,1.131104,30000,OK,77.0,0.0,0.0,8.0,30000,OK,MURRAY_JRC_CONTEXT_ONLY_NEVER_A_SPARTINA_LABEL
CNA10K-R00377-C00131,1,3.0,63848855.6,0.638489,30000,OK,77.3846,2900013.4,0.029,8.0769,30000,OK,MURRAY_JRC_CONTEXT_ONLY_NEVER_A_SPARTINA_LABEL
CNA10K-R00377-C00132,1,1.0,72660153.7,0.726602,30000,OK,92.0,84100389.4,0.841004,11.0,30000,OK,MURRAY_JRC_CONTEXT_ONLY_NEVER_A_SPARTINA_LABEL
CNA10K-R00377-C00133,1,1.0,75566559.9,0.755666,30000,OK,92.0,104400483.4,1.044005,11.0,30000,OK,MURRAY_JRC_CONTEXT_ONLY_NEVER_A_SPARTINA_LABEL
CNA10K-R00377-C00134,1,2.0,90098590.6,0.900986,30000,OK,94.7027,107300496.8,1.073005,11.5405,30000,OK,MURRAY_JRC_CONTEXT_ONLY_NEVER_A_SPARTINA_LABEL
CNA10K-R00377-C00135,1,1.0,116256246.0,1.162562,30000,OK,93.7931,84127954.6,0.84128,11.4828,30000,OK,MURRAY_JRC_CONTEXT_ONLY_NEVER_A_SPARTINA_LABEL
CNA10K-R00377-C00136,1,2.0,81379372.2,0.813794,30000,OK,87.1081,98710717.2,0.987107,10.3784,30000,OK,MURRAY_JRC_CONTEXT_ONLY_NEVER_A_SPARTINA_LABEL
CNA10K-R00377-C00137,1,1.0,107537027.5,1.07537,30000,OK,98.5667,37819623.7,0.378196,12.0,30000,OK,MURRAY_JRC_CONTEXT_ONLY_NEVER_A_SPARTINA_LABEL
CNA10K-R00377-C00138,1,1.0,101724215.2,1.017242,30000,OK,98.3611,66911641.9,0.669116,12.0,30000,OK,MURRAY_JRC_CONTEXT_ONLY_NEVER_A_SPARTINA_LABEL
CNA10K-R00378-C00126,1,2.0,112990729.0,1.129907,30000,OK,31.4,0.0,0.0,4.0,30000,OK,MURRAY_JRC_CONTEXT_ONLY_NEVER_A_SPARTINA_LABEL
CNA10K-R00378-C00127,1,1.0,92710341.8,0.927103,30000,OK,38.0,0.0,0.0,4.0,30000,OK,MURRAY_JRC_CONTEXT_ONLY_NEVER_A_SPARTINA_LABEL
CNA10K-R00378-C00128,1,1.0,95607540.0,0.956075,30000,OK,38.0,0.0,0.0,4.0,30000,OK,MURRAY_JRC_CONTEXT_ONLY_NEVER_A_SPARTINA_LABEL
CNA10K-R00378-C00129,1,2.0,112990729.0,1.129907,30000,OK,72.32,0.0,0.0,7.0345,30000,OK,MURRAY_JRC_CONTEXT_ONLY_NEVER_A_SPARTINA_LABEL
CNA10K-R00378-C00130,1,1.0,78224350.9,0.782244,30000,OK,77.0,0.0,0.0,8.0,30000,OK,MURRAY_JRC_CONTEXT_ONLY_NEVER_A_SPARTINA_LABEL
CNA10K-R00378-C00131,1,1.0,69532756.3,0.695328,30000,OK,79.1429,11600053.7,0.116001,8.4286,30000,OK,MURRAY_JRC_CONTEXT_ONLY_NEVER_A_SPARTINA_LABEL
CNA10K-R00378-C00132,0,0.0,0.0,0.0,30000,OK,92.0,107300496.8,1.073005,11.0,30000,OK,MURRAY_JRC_CONTEXT_ONLY_NEVER_A_SPARTINA_LABEL
CNA10K-R00378-C00133,0,0.0,0.0,0.0,30000,OK,92.0,104400483.4,1.044005,11.0,30000,OK,MURRAY_JRC_CONTEXT_ONLY_NEVER_A_SPARTINA_LABEL
CNA10K-R00378-C00134,0,0.0,0.0,0.0,30000,OK,95.7931,84100389.4,0.841004,11.7586,30000,OK,MURRAY_JRC_CONTEXT_ONLY_NEVER_A_SPARTINA_LABEL
CNA10K-R00378-C00135,0,0.0,0.0,0.0,30000,OK,97.0,113100523.7,1.131005,12.0,30000,OK,MURRAY_JRC_CONTEXT_ONLY_NEVER_A_SPARTINA_LABEL
CNA10K-R00379-C00126,1,3.0,86878854.5,0.868789,30000,OK,71.5385,26016844.8,0.260168,6.4545,30000,OK,MURRAY_JRC_CONTEXT_ONLY_NEVER_A_SPARTINA_LABEL
CNA10K-R00379-C00127,1,1.0,98504738.1,0.985047,30000,OK,86.0,95395097.6,0.953951,10.0,30000,OK,MURRAY_JRC_CONTEXT_ONLY_NEVER_A_SPARTINA_LABEL
CNA10K-R00379-C00128,1,1.0,112990729.0,1.129907,30000,OK,81.0345,75159773.9,0.751598,9.0323,30000,OK,MURRAY_JRC_CONTEXT_ONLY_NEVER_A_SPARTINA_LABEL
CNA10K-R00379-C00129,1,1.0,75327152.7,0.753272,30000,OK,86.7105,75159773.9,0.751598,10.1579,30000,OK,MURRAY_JRC_CONTEXT_ONLY_NEVER_A_SPARTINA_LABEL
CNA10K-R00379-C00130,1,1.0,112990729.0,1.129907,30000,OK,88.25,43361408.0,0.433614,10.1429,30000,OK,MURRAY_JRC_CONTEXT_ONLY_NEVER_A_SPARTINA_LABEL
CNA10K-R00379-C00131,1,1.0,52149567.2,0.521496,30000,OK,87.6389,57879980.9,0.5788,10.0278,30000,OK,MURRAY_JRC_CONTEXT_ONLY_NEVER_A_SPARTINA_LABEL
CNA10K-R00380-C00125,1,1.0,86637763.8,0.866378,30000,OK,39.0,0.0,0.0,4.0,30000,OK,MURRAY_JRC_CONTEXT_ONLY_NEVER_A_SPARTINA_LABEL
CNA10K-R00380-C00126,1,2.0,101077391.1,1.010774,30000,OK,71.5385,26016844.8,0.260168,6.4545,30000,OK,MURRAY_JRC_CONTEXT_ONLY_NEVER_A_SPARTINA_LABEL
CNA10K-R00380-C00127,1,1.0,112629092.9,1.126291,30000,OK,86.0,95395097.6,0.953951,10.0,30000,OK,MURRAY_JRC_CONTEXT_ONLY_NEVER_A_SPARTINA_LABEL
CNA10K-R00380-C00128,1,2.0,75086061.9,0.750861,30000,OK,86.0,115630421.3,1.156304,10.0,30000,OK,MURRAY_JRC_CONTEXT_ONLY_NEVER_A_SPARTINA_LABEL
CNA10K-R00380-C00129,1,2.0,112749638.3,1.127496,30000,OK,97.1111,78050534.4,0.780505,11.8519,30000,OK,MURRAY_JRC_CONTEXT_ONLY_NEVER_A_SPARTINA_LABEL
CNA10K-R00380-C00130,1,2.0,98310011.0,0.9831,30000,OK,98.0,109848900.3,1.098489,12.0,30000,OK,MURRAY_JRC_CONTEXT_ONLY_NEVER_A_SPARTINA_LABEL
CNA10K-R00381-C00125,1,1.0,103965316.5,1.039653,30000,OK,54.5556,0.0,0.0,5.3889,30000,OK,MURRAY_JRC_CONTEXT_ONLY_NEVER_A_SPARTINA_LABEL
CNA10K-R00381-C00126,1,2.0,109741167.4,1.097412,30000,OK,78.1667,57815210.7,0.578152,7.6364,30000,OK,MURRAY_JRC_CONTEXT_ONLY_NEVER_A_SPARTINA_LABEL
CNA10K-R00381-C00127,1,1.0,77973987.4,0.77974,30000,OK,86.0,115630421.3,1.156304,10.0,30000,OK,MURRAY_JRC_CONTEXT_ONLY_NEVER_A_SPARTINA_LABEL
CNA10K-R00381-C00128,1,2.0,115517018.4,1.15517,30000,OK,86.8889,78050534.4,0.780505,10.1481,30000,OK,MURRAY_JRC_CONTEXT_ONLY_NEVER_A_SPARTINA_LABEL
CNA10K-R00381-C00129,1,1.0,95301540.1,0.953015,30000,OK,98.0,109848900.3,1.098489,12.0,30000,OK,MURRAY_JRC_CONTEXT_ONLY_NEVER_A_SPARTINA_LABEL
CNA10K-R00381-C00130,1,1.0,92413614.7,0.924136,30000,OK,98.0,101176618.7,1.011766,12.0,30000,OK,MURRAY_JRC_CONTEXT_ONLY_NEVER_A_SPARTINA_LABEL
CNA10K-R00382-C00125,1,1.0,75086061.9,0.750861,30000,OK,67.0,0.0,0.0,9.0,30000,OK,MURRAY_JRC_CONTEXT_ONLY_NEVER_A_SPARTINA_LABEL
CNA10K-R00382-C00126,1,2.0,77973987.4,0.77974,30000,OK,88.5429,0.0,0.0,11.0,30000,OK,MURRAY_JRC_CONTEXT_ONLY_NEVER_A_SPARTINA_LABEL
CNA10K-R00382-C00127,1,1.0,115517018.4,1.15517,30000,OK,96.0,0.0,0.0,12.0,30000,OK,MURRAY_JRC_CONTEXT_ONLY_NEVER_A_SPARTINA_LABEL
CNA10K-R00382-C00128,1,2.0,95301540.1,0.953015,30000,OK,93.9474,51977785.2,0.519778,11.4737,30000,OK,MURRAY_JRC_CONTEXT_ONLY_NEVER_A_SPARTINA_LABEL
CNA10K-R00383-C00125,0,0.0,0.0,0.0,30000,OK,67.0,0.0,0.0,9.0,30000,OK,MURRAY_JRC_CONTEXT_ONLY_NEVER_A_SPARTINA_LABEL
CNA10K-R00383-C00126,1,1.0,112264951.0,1.12265,30000,OK,90.4231,0.0,0.0,11.4231,30000,OK,MURRAY_JRC_CONTEXT_ONLY_NEVER_A_SPARTINA_LABEL
CNA10K-R00383-C00127,1,1.0,92114831.6,0.921148,30000,OK,96.0,0.0,0.0,12.0,30000,OK,MURRAY_JRC_CONTEXT_ONLY_NEVER_A_SPARTINA_LABEL
CNA10K-R00383-C00128,1,3.0,92170853.4,0.921709,30000,OK,96.7941,25932988.2,0.25933,12.0,30000,OK,MURRAY_JRC_CONTEXT_ONLY_NEVER_A_SPARTINA_LABEL
CNA10K-R00383-C00129,1,2.0,112386331.6,1.123863,30000,OK,99.0,89324737.3,0.893247,12.0,30000,OK,MURRAY_JRC_CONTEXT_ONLY_NEVER_A_SPARTINA_LABEL
CNA10K-R00384-C00126,1,1.0,89236243.1,0.892362,30000,OK,94.5128,0.0,0.0,11.8462,30000,OK,MURRAY_JRC_CONTEXT_ONLY_NEVER_A_SPARTINA_LABEL
CNA10K-R00384-C00127,1,1.0,97872008.5,0.97872,30000,OK,96.0,0.0,0.0,12.0,30000,OK,MURRAY_JRC_CONTEXT_ONLY_NEVER_A_SPARTINA_LABEL
CNA10K-R00384-C00128,1,2.0,112264951.0,1.12265,30000,OK,97.7812,54747419.6,0.547474,12.0,30000,OK,MURRAY_JRC_CONTEXT_ONLY_NEVER_A_SPARTINA_LABEL
CNA10K-R00384-C00129,1,1.0,77721889.1,0.777219,30000,OK,99.0,115257725.5,1.152577,12.0,30000,OK,MURRAY_JRC_CONTEXT_ONLY_NEVER_A_SPARTINA_LABEL
CNA10K-R00385-C00127,1,1.0,112264951.0,1.12265,30000,OK,84.5714,0.0,0.0,9.7826,30000,OK,MURRAY_JRC_CONTEXT_ONLY_NEVER_A_SPARTINA_LABEL
CNA10K-R00385-C00128,1,2.0,74843300.6,0.748433,30000,OK,94.2564,74748651.9,0.747487,11.3846,30000,OK,MURRAY_JRC_CONTEXT_ONLY_NEVER_A_SPARTINA_LABEL
CNA10K-R00385-C00129,1,1.0,115143539.5,1.151435,30000,OK,98.4643,80539683.1,0.805397,12.0,30000,OK,MURRAY_JRC_CONTEXT_ONLY_NEVER_A_SPARTINA_LABEL
CNA10K-R00386-C00127,1,1.0,74598868.8,0.745989,30000,OK,80.0,0.0,0.0,9.0,30000,OK,MURRAY_JRC_CONTEXT_ONLY_NEVER_A_SPARTINA_LABEL
CNA10K-R00386-C00128,1,3.0,112020519.2,1.120205,30000,OK,94.0,60313291.3,0.603133,11.3333,30000,OK,MURRAY_JRC_CONTEXT_ONLY_NEVER_A_SPARTINA_LABEL
CNA10K-R00386-C00129,1,2.0,94805395.6,0.948054,30000,OK,98.0,112010398.1,1.120104,12.0,30000,OK,MURRAY_JRC_CONTEXT_ONLY_NEVER_A_SPARTINA_LABEL
CNA10K-R00386-C00130,1,2.0,31617467.2,0.316175,30000,OK,98.0,100522152.2,1.005222,12.0,30000,OK,MURRAY_JRC_CONTEXT_ONLY_NEVER_A_SPARTINA_LABEL
CNA10K-R00387-C00127,1,2.0,114767490.5,1.147675,30000,OK,80.0,0.0,0.0,9.0,30000,OK,MURRAY_JRC_CONTEXT_ONLY_NEVER_A_SPARTINA_LABEL
CNA10K-R00387-C00128,1,1.0,94683179.7,0.946832,30000,OK,97.0769,106266275.1,1.062663,11.8462,30000,OK,MURRAY_JRC_CONTEXT_ONLY_NEVER_A_SPARTINA_LABEL
CNA10K-R00387-C00129,1,1.0,94683179.7,0.946832,30000,OK,98.0,100522152.2,1.005222,12.0,30000,OK,MURRAY_JRC_CONTEXT_ONLY_NEVER_A_SPARTINA_LABEL
CNA10K-R00387-C00130,1,1.0,31561059.9,0.315611,30000,OK,98.0,86161844.7,0.861618,12.0,30000,OK,MURRAY_JRC_CONTEXT_ONLY_NEVER_A_SPARTINA_LABEL
CNA10K-R00388-C00128,1,1.0,97552366.9,0.975524,30000,OK,94.9118,37336799.4,0.373368,11.3824,30000,OK,MURRAY_JRC_CONTEXT_ONLY_NEVER_A_SPARTINA_LABEL
CNA10K-R00388-C00129,1,1.0,114767490.5,1.147675,30000,OK,95.9032,51697106.8,0.516971,11.5806,30000,OK,MURRAY_JRC_CONTEXT_ONLY_NEVER_A_SPARTINA_LABEL
CNA10K-R00388-C00130,1,1.0,11476749.1,0.114767,30000,OK,97.3684,100437139.1,1.004371,11.9211,30000,OK,MURRAY_JRC_CONTEXT_ONLY_NEVER_A_SPARTINA_LABEL
CNA10K-R00388-C00131,0,0.0,0.0,0.0,30000,OK,97.9286,80398829.9,0.803988,12.0,30000,OK,MURRAY_JRC_CONTEXT_ONLY_NEVER_A_SPARTINA_LABEL
CNA10K-R00389-C00128,1,2.0,114511922.7,1.145119,30000,OK,93.0,0.0,0.0,11.0,30000,OK,MURRAY_JRC_CONTEXT_ONLY_NEVER_A_SPARTINA_LABEL
CNA10K-R00389-C00129,1,2.0,71616095.9,0.716161,30000,OK,93.0,0.0,0.0,11.0,30000,OK,MURRAY_JRC_CONTEXT_ONLY_NEVER_A_SPARTINA_LABEL
CNA10K-R00389-C00130,1,1.0,37176383.2,0.371764,30000,OK,96.1429,62977543.0,0.629775,11.7857,30000,OK,MURRAY_JRC_CONTEXT_ONLY_NEVER_A_SPARTINA_LABEL
CNA10K-R00389-C00131,1,1.0,20018052.5,0.200181,30000,OK,97.0,108779392.5,1.087794,12.0,30000,OK,MURRAY_JRC_CONTEXT_ONLY_NEVER_A_SPARTINA_LABEL
CNA10K-R00389-C00132,0,0.0,0.0,0.0,30000,OK,97.3333,103054161.3,1.030542,12.0,30000,OK,MURRAY_JRC_CONTEXT_ONLY_NEVER_A_SPARTINA_LABEL
CNA10K-R00390-C00128,1,1.0,77212488.3,0.772125,30000,OK,93.0,0.0,0.0,11.0,30000,OK,MURRAY_JRC_CONTEXT_ONLY_NEVER_A_SPARTINA_LABEL
CNA10K-R00390-C00129,1,2.0,111529149.7,1.115291,30000,OK,93.0,0.0,0.0,11.0,30000,OK,MURRAY_JRC_CONTEXT_ONLY_NEVER_A_SPARTINA_LABEL
CNA10K-R00390-C00130,1,1.0,97230540.8,0.972305,30000,OK,97.0,108779392.5,1.087794,12.0,30000,OK,MURRAY_JRC_CONTEXT_ONLY_NEVER_A_SPARTINA_LABEL
CNA10K-R00390-C00131,1,1.0,91511097.2,0.915111,30000,OK,97.0,103054161.3,1.030542,12.0,30000,OK,MURRAY_JRC_CONTEXT_ONLY_NEVER_A_SPARTINA_LABEL
CNA10K-R00390-C00132,1,2.0,114388871.5,1.143889,30000,OK,97.6129,88741083.4,0.887411,12.0,30000,OK,MURRAY_JRC_CONTEXT_ONLY_NEVER_A_SPARTINA_LABEL
CNA10K-R00390-C00133,1,1.0,80072210.1,0.800722,30000,OK,98.0,114504623.7,1.145046,12.0,30000,OK,MURRAY_JRC_CONTEXT_ONLY_NEVER_A_SPARTINA_LABEL
CNA10K-R00391-C00129,1,2.0,94370819.0,0.943708,30000,OK,87.4062,5725231.2,0.057252,10.0857,30000,OK,MURRAY_JRC_CONTEXT_ONLY_NEVER_A_SPARTINA_LABEL
CNA10K-R00391-C00130,1,1.0,94370819.0,0.943708,30000,OK,93.5714,77290621.0,0.772906,11.5429,30000,OK,MURRAY_JRC_CONTEXT_ONLY_NEVER_A_SPARTINA_LABEL
CNA10K-R00391-C00131,1,1.0,114388871.5,1.143889,30000,OK,97.0,88741083.4,0.887411,12.0,30000,OK,MURRAY_JRC_CONTEXT_ONLY_NEVER_A_SPARTINA_LABEL
CNA10K-R00391-C00132,1,2.0,77212488.3,0.772125,30000,OK,97.7,114504623.7,1.145046,12.0,30000,OK,MURRAY_JRC_CONTEXT_ONLY_NEVER_A_SPARTINA_LABEL
CNA10K-R00391-C00133,1,1.0,111529149.7,1.115291,30000,OK,98.0,83015852.2,0.830159,12.0,30000,OK,MURRAY_JRC_CONTEXT_ONLY_NEVER_A_SPARTINA_LABEL
CNA10K-R00391-C00134,1,1.0,60054157.6,0.600542,30000,OK,98.2703,77290621.0,0.772906,12.0,30000,OK,MURRAY_JRC_CONTEXT_ONLY_NEVER_A_SPARTINA_LABEL
CNA10K-R00391-C00135,0,0.0,0.0,0.0,30000,OK,99.0,0.0,0.0,12.0,30000,OK,MURRAY_JRC_CONTEXT_ONLY_NEVER_A_SPARTINA_LABEL
CNA10K-R00392-C00130,1,2.0,114264994.9,1.14265,30000,OK,82.0,0.0,0.0,10.0,30000,OK,MURRAY_JRC_CONTEXT_ONLY_NEVER_A_SPARTINA_LABEL
CNA10K-R00392-C00131,1,2.0,74352766.5,0.743528,30000,OK,82.0,0.0,0.0,10.0,30000,OK,MURRAY_JRC_CONTEXT_ONLY_NEVER_A_SPARTINA_LABEL
CNA10K-R00392-C00132,1,1.0,111529149.7,1.115291,30000,OK,94.3214,0.0,0.0,11.6429,30000,OK,MURRAY_JRC_CONTEXT_ONLY_NEVER_A_SPARTINA_LABEL
CNA10K-R00392-C00133,1,1.0,97230540.8,0.972305,30000,OK,97.2895,31488771.5,0.314888,12.0,30000,OK,MURRAY_JRC_CONTEXT_ONLY_NEVER_A_SPARTINA_LABEL
CNA10K-R00392-C00134,1,1.0,28597217.9,0.285972,30000,OK,97.9714,45725772.3,0.457258,12.0,30000,OK,MURRAY_JRC_CONTEXT_ONLY_NEVER_A_SPARTINA_LABEL
CNA10K-R00392-C00135,0,0.0,0.0,0.0,30000,OK,99.0,37090377.3,0.370904,12.0,30000,OK,MURRAY_JRC_CONTEXT_ONLY_NEVER_A_SPARTINA_LABEL
CNA10K-R00393-C00131,1,2.0,114007712.6,1.140077,30000,OK,82.0,0.0,0.0,10.0,30000,OK,MURRAY_JRC_CONTEXT_ONLY_NEVER_A_SPARTINA_LABEL
CNA10K-R00393-C00132,1,1.0,96906555.7,0.969066,30000,OK,97.0,0.0,0.0,12.0,30000,OK,MURRAY_JRC_CONTEXT_ONLY_NEVER_A_SPARTINA_LABEL
CNA10K-R00393-C00133,1,2.0,91253815.0,0.912538,30000,OK,97.0,0.0,0.0,12.0,30000,OK,MURRAY_JRC_CONTEXT_ONLY_NEVER_A_SPARTINA_LABEL
CNA10K-R00393-C00134,1,3.0,85543900.4,0.855439,30000,OK,98.2903,57062118.9,0.570621,12.0,30000,OK,MURRAY_JRC_CONTEXT_ONLY_NEVER_A_SPARTINA_LABEL
CNA10K-R00393-C00135,1,1.0,39902699.4,0.399027,30000,OK,99.0,114124237.8,1.141242,12.0,30000,OK,MURRAY_JRC_CONTEXT_ONLY_NEVER_A_SPARTINA_LABEL
CNA10K-R00394-C00132,1,1.0,94056362.9,0.940564,30000,OK,97.0,0.0,0.0,12.0,30000,OK,MURRAY_JRC_CONTEXT_ONLY_NEVER_A_SPARTINA_LABEL
CNA10K-R00394-C00133,1,1.0,114007712.6,1.140077,30000,OK,97.0,0.0,0.0,12.0,30000,OK,MURRAY_JRC_CONTEXT_ONLY_NEVER_A_SPARTINA_LABEL
CNA10K-R00394-C00134,1,2.0,76955206.0,0.769552,30000,OK,98.45,82740072.4,0.827401,12.0,30000,OK,MURRAY_JRC_CONTEXT_ONLY_NEVER_A_SPARTINA_LABEL
CNA10K-R00394-C00135,1,1.0,111157519.8,1.111575,30000,OK,99.0,82740072.4,0.827401,12.0,30000,OK,MURRAY_JRC_CONTEXT_ONLY_NEVER_A_SPARTINA_LABEL
CNA10K-R00394-C00136,1,1.0,54153663.5,0.541537,30000,OK,99.0,108418025.9,1.08418,12.0,30000,OK,MURRAY_JRC_CONTEXT_ONLY_NEVER_A_SPARTINA_LABEL
CNA10K-R00394-C00137,0,0.0,0.0,0.0,30000,OK,99.0,99858708.1,0.998587,12.0,30000,OK,MURRAY_JRC_CONTEXT_ONLY_NEVER_A_SPARTINA_LABEL
CNA10K-R00394-C00138,1,1.0,11400771.3,0.114008,30000,OK,99.0,91299390.2,0.912994,12.0,30000,OK,MURRAY_JRC_CONTEXT_ONLY_NEVER_A_SPARTINA_LABEL
CNA10K-R00395-C00131,1,2.0,91206170.1,0.912062,30000,OK,73.6667,0.0,0.0,8.5,30000,OK,MURRAY_JRC_CONTEXT_ONLY_NEVER_A_SPARTINA_LABEL
CNA10K-R00395-C00132,1,1.0,114007712.6,1.140077,30000,OK,88.2903,0.0,0.0,11.129,30000,OK,MURRAY_JRC_CONTEXT_ONLY_NEVER_A_SPARTINA_LABEL
CNA10K-R00395-C00133,1,2.0,76955206.0,0.769552,30000,OK,90.25,0.0,0.0,11.325,30000,OK,MURRAY_JRC_CONTEXT_ONLY_NEVER_A_SPARTINA_LABEL
CNA10K-R00395-C00134,1,1.0,114007712.6,1.140077,30000,OK,96.963,68350085.3,0.683501,11.963,30000,OK,MURRAY_JRC_CONTEXT_ONLY_NEVER_A_SPARTINA_LABEL
CNA10K-R00395-C00135,1,1.0,96906555.7,0.969066,30000,OK,97.9737,108293568.5,1.082936,12.0,30000,OK,MURRAY_JRC_CONTEXT_ONLY_NEVER_A_SPARTINA_LABEL
CNA10K-R00395-C00136,1,1.0,22801542.5,0.228015,30000,OK,98.4706,91241948.4,0.912419,12.0,30000,OK,MURRAY_JRC_CONTEXT_ONLY_NEVER_A_SPARTINA_LABEL
CNA10K-R00395-C00137,0,0.0,0.0,0.0,30000,OK,99.0,91299390.2,0.912994,12.0,30000,OK,MURRAY_JRC_CONTEXT_ONLY_NEVER_A_SPARTINA_LABEL
CNA10K-R00395-C00138,1,1.0,19951349.7,0.199513,30000,OK,99.0,114124237.8,1.141242,12.0,30000,OK,MURRAY_JRC_CONTEXT_ONLY_NEVER_A_SPARTINA_LABEL
CNA10K-R00396-C00131,1,1.0,73855595.9,0.738556,30000,OK,79.381,0.0,0.0,9.4,30000,OK,MURRAY_JRC_CONTEXT_ONLY_NEVER_A_SPARTINA_LABEL
CNA10K-R00396-C00132,1,1.0,76696195.8,0.766962,30000,OK,87.0,0.0,0.0,11.0,30000,OK,MURRAY_JRC_CONTEXT_ONLY_NEVER_A_SPARTINA_LABEL
CNA10K-R00396-C00133,1,4.0,110898509.6,1.108985,30000,OK,87.3214,2843532.3,0.028435,11.0357,30000,OK,MURRAY_JRC_CONTEXT_ONLY_NEVER_A_SPARTINA_LABEL
CNA10K-R00396-C00134,1,2.0,93864503.5,0.938645,30000,OK,96.0,108054227.3,1.080542,12.0,30000,OK,MURRAY_JRC_CONTEXT_ONLY_NEVER_A_SPARTINA_LABEL
CNA10K-R00396-C00135,1,2.0,93931654.3,0.939317,30000,OK,96.0,99523630.4,0.995236,12.0,30000,OK,MURRAY_JRC_CONTEXT_ONLY_NEVER_A_SPARTINA_LABEL
CNA10K-R00396-C00136,1,3.0,51178762.0,0.511788,30000,OK,98.0625,28435323.0,0.284353,12.0,30000,OK,MURRAY_JRC_CONTEXT_ONLY_NEVER_A_SPARTINA_LABEL
CNA10K-R00396-C00137,0,0.0,0.0,0.0,30000,OK,99.0,0.0,0.0,12.0,30000,OK,MURRAY_JRC_CONTEXT_ONLY_NEVER_A_SPARTINA_LABEL
CNA10K-R00396-C00138,1,1.0,48453277.9,0.484533,30000,OK,99.0,17061193.8,0.170612,12.0,30000,OK,MURRAY_JRC_CONTEXT_ONLY_NEVER_A_SPARTINA_LABEL
CNA10K-R00397-C00131,1,1.0,59652596.7,0.596526,30000,OK,81.2857,0.0,0.0,9.75,30000,OK,MURRAY_JRC_CONTEXT_ONLY_NEVER_A_SPARTINA_LABEL
CNA10K-R00397-C00132,1,1.0,113623993.7,1.13624,30000,OK,87.0,0.0,0.0,11.0,30000,OK,MURRAY_JRC_CONTEXT_ONLY_NEVER_A_SPARTINA_LABEL
CNA10K-R00397-C00133,1,2.0,96580394.7,0.965804,30000,OK,88.8462,22748258.4,0.227483,11.2051,30000,OK,MURRAY_JRC_CONTEXT_ONLY_NEVER_A_SPARTINA_LABEL
CNA10K-R00397-C00134,1,1.0,93739794.8,0.937398,30000,OK,96.0,99523630.4,0.995236,12.0,30000,OK,MURRAY_JRC_CONTEXT_ONLY_NEVER_A_SPARTINA_LABEL
CNA10K-R00397-C00135,1,2.0,113623993.7,1.13624,30000,OK,96.0,90993033.5,0.90993,12.0,30000,OK,MURRAY_JRC_CONTEXT_ONLY_NEVER_A_SPARTINA_LABEL
CNA10K-R00397-C00136,1,1.0,73855595.9,0.738556,30000,OK,98.4,22748258.4,0.227483,12.0,30000,OK,MURRAY_JRC_CONTEXT_ONLY_NEVER_A_SPARTINA_LABEL
CNA10K-R00397-C00137,1,1.0,113623993.7,1.13624,30000,OK,99.0,0.0,0.0,12.0,30000,OK,MURRAY_JRC_CONTEXT_ONLY_NEVER_A_SPARTINA_LABEL
CNA10K-R00397-C00138,1,1.0,45449597.5,0.454496,30000,OK,99.0,42652984.5,0.42653,12.0,30000,OK,MURRAY_JRC_CONTEXT_ONLY_NEVER_A_SPARTINA_LABEL
CNA10K-R00397-C00139,1,1.0,22801542.5,0.228015,30000,OK,99.0,96680098.1,0.966801,12.0,30000,OK,MURRAY_JRC_CONTEXT_ONLY_NEVER_A_SPARTINA_LABEL
CNA10K-R00397-C00140,1,1.0,34202313.8,0.342023,30000,OK,99.0,96680098.1,0.966801,12.0,30000,OK,MURRAY_JRC_CONTEXT_ONLY_NEVER_A_SPARTINA_LABEL
CNA10K-R00397-C00141,0,0.0,0.0,0.0,30000,OK,99.0,110897759.6,1.108978,12.0,30000,OK,MURRAY_JRC_CONTEXT_ONLY_NEVER_A_SPARTINA_LABEL
CNA10K-R00398-C00132,1,1.0,96580394.7,0.965804,30000,OK,74.5652,0.0,0.0,9.2414,30000,OK,MURRAY_JRC_CONTEXT_ONLY_NEVER_A_SPARTINA_LABEL
CNA10K-R00398-C00133,1,2.0,93739794.8,0.937398,30000,OK,72.1724,11374129.2,0.113741,8.9706,30000,OK,MURRAY_JRC_CONTEXT_ONLY_NEVER_A_SPARTINA_LABEL
CNA10K-R00398-C00134,1,1.0,113623993.7,1.13624,30000,OK,81.0,51183581.4,0.511836,10.32,30000,OK,MURRAY_JRC_CONTEXT_ONLY_NEVER_A_SPARTINA_LABEL
CNA10K-R00398-C00135,1,2.0,76696195.8,0.766962,30000,OK,84.75,76775372.0,0.767754,10.7647,30000,OK,MURRAY_JRC_CONTEXT_ONLY_NEVER_A_SPARTINA_LABEL
CNA10K-R00398-C00136,1,1.0,113623993.7,1.13624,30000,OK,98.6071,5687064.6,0.056871,11.9643,30000,OK,MURRAY_JRC_CONTEXT_ONLY_NEVER_A_SPARTINA_LABEL
CNA10K-R00398-C00137,1,1.0,93739794.8,0.937398,30000,OK,99.0,0.0,0.0,12.0,30000,OK,MURRAY_JRC_CONTEXT_ONLY_NEVER_A_SPARTINA_LABEL
CNA10K-R00398-C00138,1,1.0,19884198.9,0.198842,30000,OK,99.0,45496516.8,0.454965,12.0,30000,OK,MURRAY_JRC_CONTEXT_ONLY_NEVER_A_SPARTINA_LABEL
CNA10K-R00398-C00139,0,0.0,0.0,0.0,30000,OK,99.0,96680098.1,0.966801,12.0,30000,OK,MURRAY_JRC_CONTEXT_ONLY_NEVER_A_SPARTINA_LABEL
CNA10K-R00398-C00140,0,0.0,0.0,0.0,30000,OK,99.0,110897759.6,1.108978,12.0,30000,OK,MURRAY_JRC_CONTEXT_ONLY_NEVER_A_SPARTINA_LABEL
CNA10K-R00398-C00141,0,0.0,0.0,0.0,30000,OK,99.0,82462436.6,0.824624,12.0,30000,OK,MURRAY_JRC_CONTEXT_ONLY_NEVER_A_SPARTINA_LABEL
CNA10K-R00399-C00133,1,4.0,113363269.0,1.133633,30000,OK,56.5,0.0,0.0,7.3,30000,OK,MURRAY_JRC_CONTEXT_ONLY_NEVER_A_SPARTINA_LABEL
CNA10K-R00399-C00134,1,2.0,73730061.8,0.737301,30000,OK,51.0,0.0,0.0,6.0,30000,OK,MURRAY_JRC_CONTEXT_ONLY_NEVER_A_SPARTINA_LABEL
CNA10K-R00399-C00135,1,4.0,110657859.8,1.106579,30000,OK,61.75,0.0,0.0,7.5,30000,OK,MURRAY_JRC_CONTEXT_ONLY_NEVER_A_SPARTINA_LABEL
CNA10K-R00399-C00136,1,2.0,93681856.0,0.936819,30000,OK,94.0,0.0,0.0,11.0,30000,OK,MURRAY_JRC_CONTEXT_ONLY_NEVER_A_SPARTINA_LABEL
CNA10K-R00399-C00137,1,1.0,96580394.7,0.965804,30000,OK,94.0,0.0,0.0,11.0,30000,OK,MURRAY_JRC_CONTEXT_ONLY_NEVER_A_SPARTINA_LABEL
CNA10K-R00399-C00138,1,1.0,11362399.4,0.113624,30000,OK,97.2121,70905206.5,0.709052,11.7576,30000,OK,MURRAY_JRC_CONTEXT_ONLY_NEVER_A_SPARTINA_LABEL
CNA10K-R00399-C00139,0,0.0,0.0,0.0,30000,OK,98.3333,110647200.4,1.106472,12.0,30000,OK,MURRAY_JRC_CONTEXT_ONLY_NEVER_A_SPARTINA_LABEL
CNA10K-R00399-C00140,0,0.0,0.0,0.0,30000,OK,98.6786,79493624.7,0.794936,12.0,30000,OK,MURRAY_JRC_CONTEXT_ONLY_NEVER_A_SPARTINA_LABEL
CNA10K-R00400-C00136,1,1.0,96252074.7,0.962521,30000,OK,94.0,0.0,0.0,11.0,30000,OK,MURRAY_JRC_CONTEXT_ONLY_NEVER_A_SPARTINA_LABEL
CNA10K-R00400-C00137,1,2.0,107575848.2,1.075758,30000,OK,94.0,0.0,0.0,11.0,30000,OK,MURRAY_JRC_CONTEXT_ONLY_NEVER_A_SPARTINA_LABEL
CNA10K-R00400-C00138,1,1.0,76435471.1,0.764355,30000,OK,97.4,96352443.7,0.963524,11.85,30000,OK,MURRAY_JRC_CONTEXT_ONLY_NEVER_A_SPARTINA_LABEL
CNA10K-R00400-C00139,1,1.0,76435471.1,0.764355,30000,OK,98.0,79349071.3,0.793491,12.0,30000,OK,MURRAY_JRC_CONTEXT_ONLY_NEVER_A_SPARTINA_LABEL
CNA10K-R00400-C00140,1,1.0,22647547.0,0.226475,30000,OK,98.45,113355816.2,1.133558,12.0,30000,OK,MURRAY_JRC_CONTEXT_ONLY_NEVER_A_SPARTINA_LABEL
CNA10K-R00400-C00141,0,0.0,0.0,0.0,30000,OK,99.0,90684652.9,0.906847,12.0,30000,OK,MURRAY_JRC_CONTEXT_ONLY_NEVER_A_SPARTINA_LABEL
CNA10K-R00401-C00136,1,1.0,110406791.5,1.104068,30000,OK,94.0,0.0,0.0,11.0,30000,OK,MURRAY_JRC_CONTEXT_ONLY_NEVER_A_SPARTINA_LABEL
CNA10K-R00401-C00137,1,2.0,79266414.4,0.792664,30000,OK,94.1,2833895.4,0.028339,11.025,30000,OK,MURRAY_JRC_CONTEXT_ONLY_NEVER_A_SPARTINA_LABEL
CNA10K-R00401-C00138,1,1.0,116068678.3,1.160687,30000,OK,98.0,76515175.9,0.765152,12.0,30000,OK,MURRAY_JRC_CONTEXT_ONLY_NEVER_A_SPARTINA_LABEL
CNA10K-R00401-C00139,1,1.0,90590187.9,0.905902,30000,OK,98.0,116189711.6,1.161897,12.0,30000,OK,MURRAY_JRC_CONTEXT_ONLY_NEVER_A_SPARTINA_LABEL
CNA10K-R00401-C00140,1,1.0,11323773.5,0.113238,30000,OK,98.5312,90684652.9,0.906847,12.0,30000,OK,MURRAY_JRC_CONTEXT_ONLY_NEVER_A_SPARTINA_LABEL
CNA10K-R00401-C00141,0,0.0,0.0,0.0,30000,OK,99.0,102020234.5,1.020202,12.0,30000,OK,MURRAY_JRC_CONTEXT_ONLY_NEVER_A_SPARTINA_LABEL
CNA10K-R00402-C00136,1,1.0,79266414.4,0.792664,30000,OK,64.0,0.0,0.0,7.0,30000,OK,MURRAY_JRC_CONTEXT_ONLY_NEVER_A_SPARTINA_LABEL
CNA10K-R00402-C00137,1,2.0,113237734.9,1.132377,30000,OK,72.2143,0.0,0.0,7.8824,30000,OK,MURRAY_JRC_CONTEXT_ONLY_NEVER_A_SPARTINA_LABEL
CNA10K-R00402-C00138,1,1.0,90590187.9,0.905902,30000,OK,90.575,36840640.3,0.368406,10.65,30000,OK,MURRAY_JRC_CONTEXT_ONLY_NEVER_A_SPARTINA_LABEL
CNA10K-R00402-C00139,1,1.0,101913961.4,1.01914,30000,OK,91.4688,36840640.3,0.368406,10.8125,30000,OK,MURRAY_JRC_CONTEXT_ONLY_NEVER_A_SPARTINA_LABEL
CNA10K-R00402-C00140,1,1.0,2830943.4,0.028309,30000,OK,97.6,62345698.9,0.623457,11.8857,30000,OK,MURRAY_JRC_CONTEXT_ONLY_NEVER_A_SPARTINA_LABEL
CNA10K-R00402-C00141,0,0.0,0.0,0.0,30000,OK,98.4595,76515175.9,0.765152,12.0,30000,OK,MURRAY_JRC_CONTEXT_ONLY_NEVER_A_SPARTINA_LABEL
CNA10K-R00403-C00137,1,2.0,90279165.0,0.902792,30000,OK,78.0,0.0,0.0,8.6154,30000,OK,MURRAY_JRC_CONTEXT_ONLY_NEVER_A_SPARTINA_LABEL
CNA10K-R00403-C00138,1,2.0,101651535.8,1.016515,30000,OK,87.0,0.0,0.0,10.0,30000,OK,MURRAY_JRC_CONTEXT_ONLY_NEVER_A_SPARTINA_LABEL
CNA10K-R00403-C00139,1,3.0,101680694.2,1.016807,30000,OK,87.0,0.0,0.0,10.0,30000,OK,MURRAY_JRC_CONTEXT_ONLY_NEVER_A_SPARTINA_LABEL
CNA10K-R00403-C00140,1,1.0,36675910.8,0.366759,30000,OK,96.4595,0.0,0.0,11.8919,30000,OK,MURRAY_JRC_CONTEXT_ONLY_NEVER_A_SPARTINA_LABEL
CNA10K-R00403-C00141,1,1.0,36675910.8,0.366759,30000,OK,97.0,0.0,0.0,12.0,30000,OK,MURRAY_JRC_CONTEXT_ONLY_NEVER_A_SPARTINA_LABEL
CNA10K-R00403-C00142,1,2.0,59440091.4,0.594401,30000,OK,97.55,62132290.3,0.621323,12.0,30000,OK,MURRAY_JRC_CONTEXT_ONLY_NEVER_A_SPARTINA_LABEL
CNA10K-R00403-C00143,1,1.0,113237734.9,1.132377,30000,OK,98.0,81901655.3,0.819017,12.0,30000,OK,MURRAY_JRC_CONTEXT_ONLY_NEVER_A_SPARTINA_LABEL
CNA10K-R00404-C00138,1,1.0,107206508.4,1.072065,30000,OK,87.0,0.0,0.0,10.0,30000,OK,MURRAY_JRC_CONTEXT_ONLY_NEVER_A_SPARTINA_LABEL
CNA10K-R00404-C00139,1,2.0,84636717.2,0.846367,30000,OK,87.7692,0.0,0.0,10.1538,30000,OK,MURRAY_JRC_CONTEXT_ONLY_NEVER_A_SPARTINA_LABEL
CNA10K-R00404-C00140,1,1.0,115670180.1,1.156702,30000,OK,97.0,0.0,0.0,12.0,30000,OK,MURRAY_JRC_CONTEXT_ONLY_NEVER_A_SPARTINA_LABEL
CNA10K-R00404-C00141,1,1.0,81815493.3,0.818155,30000,OK,97.0,0.0,0.0,12.0,30000,OK,MURRAY_JRC_CONTEXT_ONLY_NEVER_A_SPARTINA_LABEL
CNA10K-R00404-C00142,1,2.0,110027732.3,1.100277,30000,OK,97.6333,53659705.2,0.536597,12.0,30000,OK,MURRAY_JRC_CONTEXT_ONLY_NEVER_A_SPARTINA_LABEL
CNA10K-R00404-C00143,1,1.0,95921612.8,0.959216,30000,OK,98.0,110143605.5,1.101436,12.0,30000,OK,MURRAY_JRC_CONTEXT_ONLY_NEVER_A_SPARTINA_LABEL
CNA10K-R00404-C00144,1,3.0,81834932.2,0.818349,30000,OK,98.2353,96022630.4,0.960226,12.0,30000,OK,MURRAY_JRC_CONTEXT_ONLY_NEVER_A_SPARTINA_LABEL
CNA10K-R00404-C00145,1,1.0,67709373.7,0.677094,30000,OK,99.0,98846825.4,0.988468,12.0,30000,OK,MURRAY_JRC_CONTEXT_ONLY_NEVER_A_SPARTINA_LABEL
CNA10K-R00404-C00146,1,1.0,31033463.0,0.310335,30000,OK,99.0,107319410.4,1.073194,12.0,30000,OK,MURRAY_JRC_CONTEXT_ONLY_NEVER_A_SPARTINA_LABEL
CNA10K-R00405-C00122,1,1.0,11245763.8,0.112458,30000,OK,63.0,0.0,0.0,7.0,30000,OK,MURRAY_JRC_CONTEXT_ONLY_NEVER_A_SPARTINA_LABEL
CNA10K-R00405-C00123,1,1.0,89966110.1,0.899661,30000,OK,64.8889,101319529.4,1.013195,8.8947,30000,OK,MURRAY_JRC_CONTEXT_ONLY_NEVER_A_SPARTINA_LABEL
CNA10K-R00405-C00124,1,1.0,115269078.6,1.152691,30000,OK,65.0,81618509.8,0.816185,9.0,30000,OK,MURRAY_JRC_CONTEXT_ONLY_NEVER_A_SPARTINA_LABEL
CNA10K-R00405-C00125,1,2.0,84343228.2,0.843432,30000,OK,66.15,47845333.3,0.478453,9.0,30000,OK,MURRAY_JRC_CONTEXT_ONLY_NEVER_A_SPARTINA_LABEL
CNA10K-R00405-C00126,1,1.0,104023314.8,1.040233,30000,OK,67.0,0.0,0.0,9.0,30000,OK,MURRAY_JRC_CONTEXT_ONLY_NEVER_A_SPARTINA_LABEL
CNA10K-R00405-C00127,1,2.0,109646196.7,1.096462,30000,OK,65.0,0.0,0.0,8.871,30000,OK,MURRAY_JRC_CONTEXT_ONLY_NEVER_A_SPARTINA_LABEL
CNA10K-R00405-C00140,1,1.0,84636717.2,0.846367,30000,OK,92.2,0.0,0.0,11.5,30000,OK,MURRAY_JRC_CONTEXT_ONLY_NEVER_A_SPARTINA_LABEL
CNA10K-R00405-C00141,1,2.0,110027732.3,1.100277,30000,OK,92.2,0.0,0.0,11.5,30000,OK,MURRAY_JRC_CONTEXT_ONLY_NEVER_A_SPARTINA_LABEL
CNA10K-R00405-C00142,1,1.0,95921612.8,0.959216,30000,OK,97.9211,98846825.4,0.988468,12.0,30000,OK,MURRAY_JRC_CONTEXT_ONLY_NEVER_A_SPARTINA_LABEL
CNA10K-R00405-C00143,1,1.0,95921612.8,0.959216,30000,OK,98.0,98846825.4,0.988468,12.0,30000,OK,MURRAY_JRC_CONTEXT_ONLY_NEVER_A_SPARTINA_LABEL
CNA10K-R00405-C00144,1,2.0,110027732.3,1.100277,30000,OK,98.5588,96022630.4,0.960226,12.0,30000,OK,MURRAY_JRC_CONTEXT_ONLY_NEVER_A_SPARTINA_LABEL
CNA10K-R00405-C00145,1,1.0,84636717.2,0.846367,30000,OK,99.0,110143605.5,1.101436,12.0,30000,OK,MURRAY_JRC_CONTEXT_ONLY_NEVER_A_SPARTINA_LABEL
CNA10K-R00405-C00146,1,1.0,81815493.3,0.818155,30000,OK,99.0,84725850.4,0.847259,12.0,30000,OK,MURRAY_JRC_CONTEXT_ONLY_NEVER_A_SPARTINA_LABEL
CNA10K-R00405-C00149,1,1.0,78994269.4,0.789943,30000,OK,99.0,112967800.5,1.129678,12.0,30000,OK,MURRAY_JRC_CONTEXT_ONLY_NEVER_A_SPARTINA_LABEL
CNA10K-R00405-C00150,1,1.0,76173045.5,0.76173,30000,OK,99.0,90374240.4,0.903742,12.0,30000,OK,MURRAY_JRC_CONTEXT_ONLY_NEVER_A_SPARTINA_LABEL
CNA10K-R00405-C00151,1,1.0,33854686.9,0.338547,30000,OK,99.0,73429070.3,0.734291,12.0,30000,OK,MURRAY_JRC_CONTEXT_ONLY_NEVER_A_SPARTINA_LABEL
CNA10K-R00406-C00120,1,2.0,39222333.2,0.392223,30000,OK,76.1852,36459864.8,0.364599,9.963,30000,OK,MURRAY_JRC_CONTEXT_ONLY_NEVER_A_SPARTINA_LABEL
CNA10K-R00406-C00121,1,1.0,19611166.6,0.196112,30000,OK,85.0,112184199.5,1.121842,11.0,30000,OK,MURRAY_JRC_CONTEXT_ONLY_NEVER_A_SPARTINA_LABEL
CNA10K-R00406-C00122,1,1.0,30925850.4,0.309259,30000,OK,85.4444,100965779.6,1.009658,11.0,30000,OK,MURRAY_JRC_CONTEXT_ONLY_NEVER_A_SPARTINA_LABEL
CNA10K-R00406-C00123,1,1.0,115269078.6,1.152691,30000,OK,90.2,84167628.8,0.841676,10.8,30000,OK,MURRAY_JRC_CONTEXT_ONLY_NEVER_A_SPARTINA_LABEL
CNA10K-R00406-C00124,1,1.0,84343228.2,0.843432,30000,OK,83.9,112311942.5,1.123119,10.35,30000,OK,MURRAY_JRC_CONTEXT_ONLY_NEVER_A_SPARTINA_LABEL
CNA10K-R00406-C00125,1,2.0,104023314.8,1.040233,30000,OK,82.6129,61740615.3,0.617406,10.5484,30000,OK,MURRAY_JRC_CONTEXT_ONLY_NEVER_A_SPARTINA_LABEL
CNA10K-R00406-C00126,1,1.0,106834755.8,1.068348,30000,OK,77.4,36459864.8,0.364599,10.1143,30000,OK,MURRAY_JRC_CONTEXT_ONLY_NEVER_A_SPARTINA_LABEL
CNA10K-R00406-C00127,1,2.0,81531787.3,0.815318,30000,OK,76.0882,36459864.8,0.364599,9.8571,30000,OK,MURRAY_JRC_CONTEXT_ONLY_NEVER_A_SPARTINA_LABEL
CNA10K-R00406-C00128,1,1.0,115269078.6,1.152691,30000,OK,47.0,0.0,0.0,8.0,30000,OK,MURRAY_JRC_CONTEXT_ONLY_NEVER_A_SPARTINA_LABEL
CNA10K-R00406-C00129,1,1.0,78720346.4,0.787203,30000,OK,47.0,0.0,0.0,8.0,30000,OK,MURRAY_JRC_CONTEXT_ONLY_NEVER_A_SPARTINA_LABEL
CNA10K-R00406-C00142,1,1.0,93100388.9,0.931004,30000,OK,72.0,0.0,0.0,8.0,30000,OK,MURRAY_JRC_CONTEXT_ONLY_NEVER_A_SPARTINA_LABEL
CNA10K-R00406-C00143,1,1.0,110027732.3,1.100277,30000,OK,80.6667,16945170.1,0.169452,9.2,30000,OK,MURRAY_JRC_CONTEXT_ONLY_NEVER_A_SPARTINA_LABEL
CNA10K-R00406-C00144,1,2.0,81815493.3,0.818155,30000,OK,91.3947,36714535.2,0.367145,11.1579,30000,OK,MURRAY_JRC_CONTEXT_ONLY_NEVER_A_SPARTINA_LABEL
CNA10K-R00406-C00145,1,1.0,115670180.1,1.156702,30000,OK,97.2069,45187120.2,0.451871,12.0,30000,OK,MURRAY_JRC_CONTEXT_ONLY_NEVER_A_SPARTINA_LABEL
CNA10K-R00406-C00146,1,1.0,47960806.4,0.479608,30000,OK,97.5,76253265.3,0.762533,11.9,30000,OK,MURRAY_JRC_CONTEXT_ONLY_NEVER_A_SPARTINA_LABEL
CNA10K-R00406-C00147,0,0.0,0.0,0.0,30000,OK,98.5862,76253265.3,0.762533,11.931,30000,OK,MURRAY_JRC_CONTEXT_ONLY_NEVER_A_SPARTINA_LABEL
CNA10K-R00406-C00148,1,1.0,2821223.9,0.028212,30000,OK,99.0,110143605.5,1.101436,12.0,30000,OK,MURRAY_JRC_CONTEXT_ONLY_NEVER_A_SPARTINA_LABEL
CNA10K-R00406-C00149,1,1.0,101564060.6,1.015641,30000,OK,99.0,93198435.4,0.931984,12.0,30000,OK,MURRAY_JRC_CONTEXT_ONLY_NEVER_A_SPARTINA_LABEL
CNA10K-R00406-C00150,1,1.0,101564060.6,1.015641,30000,OK,99.0,101671020.4,1.01671,12.0,30000,OK,MURRAY_JRC_CONTEXT_ONLY_NEVER_A_SPARTINA_LABEL
CNA10K-R00406-C00151,1,1.0,25391015.2,0.25391,30000,OK,99.0,59308095.2,0.593081,12.0,30000,OK,MURRAY_JRC_CONTEXT_ONLY_NEVER_A_SPARTINA_LABEL
CNA10K-R00406-C00152,0,0.0,0.0,0.0,30000,OK,99.0,0.0,0.0,12.0,30000,OK,MURRAY_JRC_CONTEXT_ONLY_NEVER_A_SPARTINA_LABEL
CNA10K-R00407-C00119,1,1.0,114865404.5,1.148654,30000,OK,68.0,0.0,0.0,9.0,30000,OK,MURRAY_JRC_CONTEXT_ONLY_NEVER_A_SPARTINA_LABEL
CNA10K-R00407-C00120,1,2.0,92452642.6,0.924526,30000,OK,78.3659,70115124.7,0.701151,10.2195,30000,OK,MURRAY_JRC_CONTEXT_ONLY_NEVER_A_SPARTINA_LABEL
CNA10K-R00407-C00121,1,1.0,95254237.9,0.952542,30000,OK,85.0,100965779.6,1.009658,11.0,30000,OK,MURRAY_JRC_CONTEXT_ONLY_NEVER_A_SPARTINA_LABEL
CNA10K-R00407-C00122,1,2.0,114865404.5,1.148654,30000,OK,87.3226,86942754.6,0.869428,11.0,30000,OK,MURRAY_JRC_CONTEXT_ONLY_NEVER_A_SPARTINA_LABEL
CNA10K-R00407-C00123,1,1.0,81246261.7,0.812463,30000,OK,93.0,114988804.5,1.149888,11.0,30000,OK,MURRAY_JRC_CONTEXT_ONLY_NEVER_A_SPARTINA_LABEL
CNA10K-R00407-C00124,1,3.0,106568921.6,1.065689,30000,OK,93.0,86942754.6,0.869428,11.0,30000,OK,MURRAY_JRC_CONTEXT_ONLY_NEVER_A_SPARTINA_LABEL
CNA10K-R00407-C00125,1,2.0,103787017.8,1.03787,30000,OK,94.8333,100965779.6,1.009658,11.9167,30000,OK,MURRAY_JRC_CONTEXT_ONLY_NEVER_A_SPARTINA_LABEL
CNA10K-R00407-C00126,1,2.0,84205388.3,0.842054,30000,OK,95.0,112184199.5,1.121842,12.0,30000,OK,MURRAY_JRC_CONTEXT_ONLY_NEVER_A_SPARTINA_LABEL
CNA10K-R00407-C00127,1,4.0,112329643.4,1.123296,30000,OK,95.5185,75724334.7,0.757243,11.4815,30000,OK,MURRAY_JRC_CONTEXT_ONLY_NEVER_A_SPARTINA_LABEL
CNA10K-R00407-C00128,1,2.0,89916881.6,0.899169,30000,OK,96.0,114988804.5,1.149888,11.0,30000,OK,MURRAY_JRC_CONTEXT_ONLY_NEVER_A_SPARTINA_LABEL
CNA10K-R00407-C00129,1,1.0,64663141.6,0.646631,30000,OK,91.5,86942754.6,0.869428,10.5588,30000,OK,MURRAY_JRC_CONTEXT_ONLY_NEVER_A_SPARTINA_LABEL
CNA10K-R00407-C00142,1,1.0,112457637.6,1.124576,30000,OK,72.0,0.0,0.0,8.0,30000,OK,MURRAY_JRC_CONTEXT_ONLY_NEVER_A_SPARTINA_LABEL
CNA10K-R00407-C00143,1,3.0,78730129.3,0.787301,30000,OK,72.0,0.0,0.0,8.0,30000,OK,MURRAY_JRC_CONTEXT_ONLY_NEVER_A_SPARTINA_LABEL
CNA10K-R00407-C00144,1,3.0,115406040.1,1.15406,30000,OK,90.8929,0.0,0.0,11.2857,30000,OK,MURRAY_JRC_CONTEXT_ONLY_NEVER_A_SPARTINA_LABEL
CNA10K-R00407-C00145,1,2.0,84470406.8,0.844704,30000,OK,95.0,0.0,0.0,12.0,30000,OK,MURRAY_JRC_CONTEXT_ONLY_NEVER_A_SPARTINA_LABEL
CNA10K-R00407-C00146,1,3.0,61939747.4,0.619397,30000,OK,94.2667,0.0,0.0,11.6333,30000,OK,MURRAY_JRC_CONTEXT_ONLY_NEVER_A_SPARTINA_LABEL
CNA10K-R00407-C00147,1,1.0,19680086.6,0.196801,30000,OK,93.0,0.0,0.0,11.0,30000,OK,MURRAY_JRC_CONTEXT_ONLY_NEVER_A_SPARTINA_LABEL
CNA10K-R00407-C00148,1,1.0,25391015.2,0.25391,30000,OK,93.0,0.0,0.0,11.0,30000,OK,MURRAY_JRC_CONTEXT_ONLY_NEVER_A_SPARTINA_LABEL
CNA10K-R00407-C00149,1,1.0,104385284.5,1.043853,30000,OK,94.3714,22593560.1,0.225936,11.2286,30000,OK,MURRAY_JRC_CONTEXT_ONLY_NEVER_A_SPARTINA_LABEL
CNA10K-R00407-C00150,1,1.0,90279165.0,0.902792,30000,OK,95.1667,36714535.2,0.367145,11.3611,30000,OK,MURRAY_JRC_CONTEXT_ONLY_NEVER_A_SPARTINA_LABEL
CNA10K-R00407-C00151,1,1.0,19748567.3,0.197486,30000,OK,98.2258,39450857.4,0.394509,11.871,30000,OK,MURRAY_JRC_CONTEXT_ONLY_NEVER_A_SPARTINA_LABEL
CNA10K-R00407-C00152,0,0.0,0.0,0.0,30000,OK,99.0,33773176.5,0.337732,12.0,30000,OK,MURRAY_JRC_CONTEXT_ONLY_NEVER_A_SPARTINA_LABEL
CNA10K-R00407-C00153,0,0.0,0.0,0.0,30000,OK,99.0,0.0,0.0,12.0,30000,OK,MURRAY_JRC_CONTEXT_ONLY_NEVER_A_SPARTINA_LABEL
CNA10K-R00408-C00119,1,1.0,89651047.4,0.89651,30000,OK,66.375,0.0,0.0,8.675,30000,OK,MURRAY_JRC_CONTEXT_ONLY_NEVER_A_SPARTINA_LABEL
CNA10K-R00408-C00120,1,2.0,98055833.1,0.980558,30000,OK,81.2353,70065677.8,0.700657,10.4118,30000,OK,MURRAY_JRC_CONTEXT_ONLY_NEVER_A_SPARTINA_LABEL
CNA10K-R00408-C00121,1,1.0,114865404.5,1.148654,30000,OK,85.0,92551964.6,0.92552,11.0,30000,OK,MURRAY_JRC_CONTEXT_ONLY_NEVER_A_SPARTINA_LABEL
CNA10K-R00408-C00122,1,2.0,78444666.5,0.784447,30000,OK,88.122,114988804.5,1.149888,11.0,30000,OK,MURRAY_JRC_CONTEXT_ONLY_NEVER_A_SPARTINA_LABEL
CNA10K-R00408-C00127,1,2.0,89651047.4,0.89651,30000,OK,95.6341,114988804.5,1.149888,11.3659,30000,OK,MURRAY_JRC_CONTEXT_ONLY_NEVER_A_SPARTINA_LABEL
CNA10K-R00408-C00128,1,1.0,100857428.3,1.008574,30000,OK,96.0,92551964.6,0.92552,11.0,30000,OK,MURRAY_JRC_CONTEXT_ONLY_NEVER_A_SPARTINA_LABEL
CNA10K-R00408-C00129,1,1.0,58833499.9,0.588335,30000,OK,90.3333,67310519.7,0.673105,10.1379,30000,OK,MURRAY_JRC_CONTEXT_ONLY_NEVER_A_SPARTINA_LABEL
CNA10K-R00408-C00130,0,0.0,0.0,0.0,30000,OK,45.0,0.0,0.0,6.0,30000,OK,MURRAY_JRC_CONTEXT_ONLY_NEVER_A_SPARTINA_LABEL
CNA10K-R00408-C00145,1,1.0,104023314.8,1.040233,30000,OK,95.0,0.0,0.0,12.0,30000,OK,MURRAY_JRC_CONTEXT_ONLY_NEVER_A_SPARTINA_LABEL
CNA10K-R00408-C00146,1,2.0,98400432.9,0.984004,30000,OK,93.7368,0.0,0.0,11.3684,30000,OK,MURRAY_JRC_CONTEXT_ONLY_NEVER_A_SPARTINA_LABEL
CNA10K-R00408-C00147,1,1.0,95588992.0,0.95589,30000,OK,93.0,0.0,0.0,11.0,30000,OK,MURRAY_JRC_CONTEXT_ONLY_NEVER_A_SPARTINA_LABEL
CNA10K-R00408-C00148,1,2.0,109646196.7,1.096462,30000,OK,93.0,0.0,0.0,11.0,30000,OK,MURRAY_JRC_CONTEXT_ONLY_NEVER_A_SPARTINA_LABEL
CNA10K-R00408-C00149,1,2.0,84372577.1,0.843726,30000,OK,93.0,0.0,0.0,11.0,30000,OK,MURRAY_JRC_CONTEXT_ONLY_NEVER_A_SPARTINA_LABEL
CNA10K-R00408-C00150,1,3.0,112584816.2,1.125848,30000,OK,93.0,0.0,0.0,11.0,30000,OK,MURRAY_JRC_CONTEXT_ONLY_NEVER_A_SPARTINA_LABEL
CNA10K-R00408-C00151,1,1.0,39360173.2,0.393602,30000,OK,97.8293,92876235.3,0.928762,11.8049,30000,OK,MURRAY_JRC_CONTEXT_ONLY_NEVER_A_SPARTINA_LABEL
CNA10K-R00408-C00152,1,1.0,36548732.2,0.365487,30000,OK,99.0,81618509.8,0.816185,12.0,30000,OK,MURRAY_JRC_CONTEXT_ONLY_NEVER_A_SPARTINA_LABEL
CNA10K-R00408-C00153,1,1.0,5622881.9,0.056229,30000,OK,99.0,67546352.9,0.675464,12.0,30000,OK,MURRAY_JRC_CONTEXT_ONLY_NEVER_A_SPARTINA_LABEL
CNA10K-R00409-C00119,1,4.0,100718710.0,1.007187,30000,OK,63.0,0.0,0.0,8.0,30000,OK,MURRAY_JRC_CONTEXT_ONLY_NEVER_A_SPARTINA_LABEL
CNA10K-R00409-C00120,1,2.0,111934999.3,1.11935,30000,OK,90.2424,86636183.8,0.866362,10.8182,30000,OK,MURRAY_JRC_CONTEXT_ONLY_NEVER_A_SPARTINA_LABEL
CNA10K-R00409-C00121,1,1.0,75643071.2,0.756431,30000,OK,92.0,114583339.9,1.145833,11.0,30000,OK,MURRAY_JRC_CONTEXT_ONLY_NEVER_A_SPARTINA_LABEL
CNA10K-R00409-C00127,1,1.0,100857428.3,1.008574,30000,OK,96.3636,75724334.7,0.757243,11.3636,30000,OK,MURRAY_JRC_CONTEXT_ONLY_NEVER_A_SPARTINA_LABEL
CNA10K-R00409-C00128,1,1.0,109262214.0,1.092622,30000,OK,96.0,98161174.6,0.981612,11.0,30000,OK,MURRAY_JRC_CONTEXT_ONLY_NEVER_A_SPARTINA_LABEL
CNA10K-R00409-C00129,1,1.0,28015952.3,0.28016,30000,OK,90.1154,64505914.7,0.645059,10.1071,30000,OK,MURRAY_JRC_CONTEXT_ONLY_NEVER_A_SPARTINA_LABEL
CNA10K-R00409-C00130,0,0.0,0.0,0.0,30000,OK,45.0,0.0,0.0,6.0,30000,OK,MURRAY_JRC_CONTEXT_ONLY_NEVER_A_SPARTINA_LABEL
CNA10K-R00409-C00146,1,2.0,92777551.1,0.927776,30000,OK,86.8286,0.0,0.0,10.6286,30000,OK,MURRAY_JRC_CONTEXT_ONLY_NEVER_A_SPARTINA_LABEL
CNA10K-R00409-C00147,1,1.0,112457637.6,1.124576,30000,OK,93.0,0.0,0.0,11.0,30000,OK,MURRAY_JRC_CONTEXT_ONLY_NEVER_A_SPARTINA_LABEL
CNA10K-R00409-C00148,1,2.0,81531787.3,0.815318,30000,OK,93.0,0.0,0.0,11.0,30000,OK,MURRAY_JRC_CONTEXT_ONLY_NEVER_A_SPARTINA_LABEL
CNA10K-R00409-C00149,1,1.0,115269078.6,1.152691,30000,OK,93.0,0.0,0.0,11.0,30000,OK,MURRAY_JRC_CONTEXT_ONLY_NEVER_A_SPARTINA_LABEL
CNA10K-R00409-C00150,1,2.0,78720346.4,0.787203,30000,OK,93.1463,2814431.4,0.028144,11.0244,30000,OK,MURRAY_JRC_CONTEXT_ONLY_NEVER_A_SPARTINA_LABEL
CNA10K-R00409-C00151,1,1.0,115269078.6,1.152691,30000,OK,99.0,78804078.4,0.788041,12.0,30000,OK,MURRAY_JRC_CONTEXT_ONLY_NEVER_A_SPARTINA_LABEL
CNA10K-R00409-C00152,1,1.0,87154669.2,0.871547,30000,OK,99.0,115391686.3,1.153917,12.0,30000,OK,MURRAY_JRC_CONTEXT_ONLY_NEVER_A_SPARTINA_LABEL
CNA10K-R00409-C00153,1,1.0,16868645.6,0.168686,30000,OK,99.0,39402039.2,0.39402,12.0,30000,OK,MURRAY_JRC_CONTEXT_ONLY_NEVER_A_SPARTINA_LABEL
CNA10K-R00410-C00119,1,2.0,108875784.3,1.088758,30000,OK,63.8529,2794715.6,0.027947,8.0882,30000,OK,MURRAY_JRC_CONTEXT_ONLY_NEVER_A_SPARTINA_LABEL
CNA10K-R00410-C00120,1,1.0,78167229.7,0.781672,30000,OK,92.0,114583339.9,1.145833,11.0,30000,OK,MURRAY_JRC_CONTEXT_ONLY_NEVER_A_SPARTINA_LABEL
CNA10K-R00410-C00121,1,1.0,114459157.8,1.144592,30000,OK,92.0,78252037.0,0.78252,11.0,30000,OK,MURRAY_JRC_CONTEXT_ONLY_NEVER_A_SPARTINA_LABEL
CNA10K-R00410-C00127,1,2.0,106351625.8,1.063516,30000,OK,99.0,0.0,0.0,12.0,30000,OK,MURRAY_JRC_CONTEXT_ONLY_NEVER_A_SPARTINA_LABEL
CNA10K-R00410-C00128,1,1.0,81246261.7,0.812463,30000,OK,99.0,0.0,0.0,12.0,30000,OK,MURRAY_JRC_CONTEXT_ONLY_NEVER_A_SPARTINA_LABEL
CNA10K-R00410-C00129,1,1.0,28015952.3,0.28016,30000,OK,98.4074,44715449.7,0.447154,12.0,30000,OK,MURRAY_JRC_CONTEXT_ONLY_NEVER_A_SPARTINA_LABEL
CNA10K-R00410-C00130,0,0.0,0.0,0.0,30000,OK,92.7,75457321.4,0.754573,11.0625,30000,OK,MURRAY_JRC_CONTEXT_ONLY_NEVER_A_SPARTINA_LABEL
CNA10K-R00410-C00131,0,0.0,0.0,0.0,30000,OK,86.56,47510165.3,0.475102,10.2963,30000,OK,MURRAY_JRC_CONTEXT_ONLY_NEVER_A_SPARTINA_LABEL
CNA10K-R00410-C00148,1,2.0,115269078.6,1.152691,30000,OK,67.4286,0.0,0.0,8.7143,30000,OK,MURRAY_JRC_CONTEXT_ONLY_NEVER_A_SPARTINA_LABEL
CNA10K-R00410-C00149,1,1.0,84343228.2,0.843432,30000,OK,84.6667,0.0,0.0,9.8571,30000,OK,MURRAY_JRC_CONTEXT_ONLY_NEVER_A_SPARTINA_LABEL
CNA10K-R00410-C00150,1,2.0,109646196.7,1.096462,30000,OK,87.4091,5628862.7,0.056289,10.24,30000,OK,MURRAY_JRC_CONTEXT_ONLY_NEVER_A_SPARTINA_LABEL
CNA10K-R00410-C00151,1,1.0,92777551.1,0.927776,30000,OK,98.65,73175215.7,0.731752,12.0,30000,OK,MURRAY_JRC_CONTEXT_ONLY_NEVER_A_SPARTINA_LABEL
CNA10K-R00410-C00152,1,1.0,101211873.9,1.012119,30000,OK,98.8438,75989647.1,0.759896,12.0,30000,OK,MURRAY_JRC_CONTEXT_ONLY_NEVER_A_SPARTINA_LABEL
CNA10K-R00410-C00153,1,1.0,2811440.9,0.028114,30000,OK,99.0,16886588.2,0.168866,12.0,30000,OK,MURRAY_JRC_CONTEXT_ONLY_NEVER_A_SPARTINA_LABEL
CNA10K-R00411-C00119,1,2.0,80958916.5,0.809589,30000,OK,61.1,11178862.4,0.111789,7.475,30000,OK,MURRAY_JRC_CONTEXT_ONLY_NEVER_A_SPARTINA_LABEL
CNA10K-R00411-C00120,1,1.0,114459157.8,1.144592,30000,OK,92.0,75457321.4,0.754573,11.0,30000,OK,MURRAY_JRC_CONTEXT_ONLY_NEVER_A_SPARTINA_LABEL
CNA10K-R00411-C00121,1,1.0,94917350.4,0.949174,30000,OK,92.0,111788624.3,1.117886,11.0,30000,OK,MURRAY_JRC_CONTEXT_ONLY_NEVER_A_SPARTINA_LABEL
CNA10K-R00411-C00128,1,1.0,114459157.8,1.144592,30000,OK,99.0,0.0,0.0,12.0,30000,OK,MURRAY_JRC_CONTEXT_ONLY_NEVER_A_SPARTINA_LABEL
CNA10K-R00411-C00129,1,2.0,86542290.1,0.865423,30000,OK,98.275,81046752.6,0.810468,12.0,30000,OK,MURRAY_JRC_CONTEXT_ONLY_NEVER_A_SPARTINA_LABEL
CNA10K-R00411-C00130,1,1.0,75375543.0,0.753755,30000,OK,98.0,95020330.7,0.950203,12.0,30000,OK,MURRAY_JRC_CONTEXT_ONLY_NEVER_A_SPARTINA_LABEL
CNA10K-R00411-C00131,1,2.0,69792169.4,0.697922,30000,OK,92.6471,55894312.2,0.558943,11.1765,30000,OK,MURRAY_JRC_CONTEXT_ONLY_NEVER_A_SPARTINA_LABEL
CNA10K-R00411-C00132,1,1.0,39083614.9,0.390836,30000,OK,85.0,0.0,0.0,10.0,30000,OK,MURRAY_JRC_CONTEXT_ONLY_NEVER_A_SPARTINA_LABEL
CNA10K-R00411-C00142,0,0.0,0.0,0.0,30000,OK,57.0,0.0,0.0,7.0,30000,OK,MURRAY_JRC_CONTEXT_ONLY_NEVER_A_SPARTINA_LABEL
CNA10K-R00411-C00143,0,0.0,0.0,0.0,30000,OK,56.5714,0.0,0.0,7.0,30000,OK,MURRAY_JRC_CONTEXT_ONLY_NEVER_A_SPARTINA_LABEL
CNA10K-R00411-C00150,1,4.0,95392077.8,0.953921,30000,OK,88.7895,0.0,0.0,10.5455,30000,OK,MURRAY_JRC_CONTEXT_ONLY_NEVER_A_SPARTINA_LABEL
CNA10K-R00411-C00151,1,2.0,101074033.9,1.01074,30000,OK,98.0,0.0,0.0,12.0,30000,OK,MURRAY_JRC_CONTEXT_ONLY_NEVER_A_SPARTINA_LABEL
CNA10K-R00411-C00152,1,2.0,89877498.7,0.898775,30000,OK,98.0,0.0,0.0,12.0,30000,OK,MURRAY_JRC_CONTEXT_ONLY_NEVER_A_SPARTINA_LABEL
CNA10K-R00411-C00153,0,0.0,0.0,0.0,30000,OK,98.9444,95356569.6,0.953566,12.0,30000,OK,MURRAY_JRC_CONTEXT_ONLY_NEVER_A_SPARTINA_LABEL
CNA10K-R00412-C00119,1,3.0,94847553.8,0.948476,30000,OK,53.5714,0.0,0.0,5.6667,30000,OK,MURRAY_JRC_CONTEXT_ONLY_NEVER_A_SPARTINA_LABEL
CNA10K-R00412-C00120,1,2.0,92065837.9,0.920658,30000,OK,69.0,0.0,0.0,7.0,30000,OK,MURRAY_JRC_CONTEXT_ONLY_NEVER_A_SPARTINA_LABEL
CNA10K-R00412-C00121,1,2.0,94917350.4,0.949174,30000,OK,69.0,0.0,0.0,7.0,30000,OK,MURRAY_JRC_CONTEXT_ONLY_NEVER_A_SPARTINA_LABEL
CNA10K-R00412-C00122,1,1.0,114459157.8,1.144592,30000,OK,93.0,83582713.0,0.835827,11.0,30000,OK,MURRAY_JRC_CONTEXT_ONLY_NEVER_A_SPARTINA_LABEL
CNA10K-R00412-C00130,1,1.0,108875784.3,1.088758,30000,OK,98.0,97815046.3,0.97815,12.0,30000,OK,MURRAY_JRC_CONTEXT_ONLY_NEVER_A_SPARTINA_LABEL
CNA10K-R00412-C00131,1,2.0,80958916.5,0.809589,30000,OK,92.2222,55894312.2,0.558943,11.1429,30000,OK,MURRAY_JRC_CONTEXT_ONLY_NEVER_A_SPARTINA_LABEL
CNA10K-R00412-C00132,1,1.0,114459157.8,1.144592,30000,OK,85.0,0.0,0.0,10.0,30000,OK,MURRAY_JRC_CONTEXT_ONLY_NEVER_A_SPARTINA_LABEL
CNA10K-R00412-C00133,1,1.0,64208795.9,0.642088,30000,OK,79.0,0.0,0.0,9.5789,30000,OK,MURRAY_JRC_CONTEXT_ONLY_NEVER_A_SPARTINA_LABEL
CNA10K-R00412-C00140,1,1.0,19541807.4,0.195418,30000,OK,94.2051,5589431.2,0.055894,12.0,30000,OK,MURRAY_JRC_CONTEXT_ONLY_NEVER_A_SPARTINA_LABEL
CNA10K-R00412-C00141,0,0.0,0.0,0.0,30000,OK,98.0,97815046.3,0.97815,12.0,30000,OK,MURRAY_JRC_CONTEXT_ONLY_NEVER_A_SPARTINA_LABEL
CNA10K-R00412-C00142,0,0.0,0.0,0.0,30000,OK,92.7097,75457321.4,0.754573,11.2188,30000,OK,MURRAY_JRC_CONTEXT_ONLY_NEVER_A_SPARTINA_LABEL
CNA10K-R00412-C00143,0,0.0,0.0,0.0,30000,OK,88.9375,69867890.2,0.698679,10.6765,30000,OK,MURRAY_JRC_CONTEXT_ONLY_NEVER_A_SPARTINA_LABEL
CNA10K-R00412-C00144,0,0.0,0.0,0.0,30000,OK,90.125,36331302.9,0.363313,10.8235,30000,OK,MURRAY_JRC_CONTEXT_ONLY_NEVER_A_SPARTINA_LABEL
CNA10K-R00412-C00145,0,0.0,0.0,0.0,30000,OK,83.7083,39126018.5,0.39126,10.36,30000,OK,MURRAY_JRC_CONTEXT_ONLY_NEVER_A_SPARTINA_LABEL
CNA10K-R00412-C00146,0,0.0,0.0,0.0,30000,OK,70.4444,2794715.6,0.027947,9.2308,30000,OK,MURRAY_JRC_CONTEXT_ONLY_NEVER_A_SPARTINA_LABEL
CNA10K-R00412-C00147,1,1.0,8404785.7,0.084048,30000,OK,67.0,0.0,0.0,9.0,30000,OK,MURRAY_JRC_CONTEXT_ONLY_NEVER_A_SPARTINA_LABEL
CNA10K-R00412-C00148,1,1.0,103659023.6,1.03659,30000,OK,64.5,0.0,0.0,8.2727,30000,OK,MURRAY_JRC_CONTEXT_ONLY_NEVER_A_SPARTINA_LABEL
CNA10K-R00412-C00149,1,1.0,98055833.1,0.980558,30000,OK,63.0,0.0,0.0,8.0,30000,OK,MURRAY_JRC_CONTEXT_ONLY_NEVER_A_SPARTINA_LABEL
CNA10K-R00412-C00150,1,2.0,95254237.9,0.952542,30000,OK,89.6667,0.0,0.0,10.6667,30000,OK,MURRAY_JRC_CONTEXT_ONLY_NEVER_A_SPARTINA_LABEL
CNA10K-R00412-C00151,1,1.0,106460618.8,1.064606,30000,OK,98.0,0.0,0.0,12.0,30000,OK,MURRAY_JRC_CONTEXT_ONLY_NEVER_A_SPARTINA_LABEL
CNA10K-R00412-C00152,1,1.0,53230309.4,0.532303,30000,OK,98.0811,8413815.0,0.084138,12.0,30000,OK,MURRAY_JRC_CONTEXT_ONLY_NEVER_A_SPARTINA_LABEL
CNA10K-R00412-C00153,0,0.0,0.0,0.0,30000,OK,99.0,92551964.6,0.92552,12.0,30000,OK,MURRAY_JRC_CONTEXT_ONLY_NEVER_A_SPARTINA_LABEL
CNA10K-R00413-C00119,1,1.0,50070884.9,0.500709,30000,OK,58.2,0.0,0.0,5.9,30000,OK,MURRAY_JRC_CONTEXT_ONLY_NEVER_A_SPARTINA_LABEL
CNA10K-R00413-C00120,1,1.0,97360054.0,0.973601,30000,OK,69.0,0.0,0.0,7.0,30000,OK,MURRAY_JRC_CONTEXT_ONLY_NEVER_A_SPARTINA_LABEL
CNA10K-R00413-C00121,1,2.0,114050348.9,1.140503,30000,OK,71.25,8354290.4,0.083543,7.375,30000,OK,MURRAY_JRC_CONTEXT_ONLY_NEVER_A_SPARTINA_LABEL
CNA10K-R00413-C00122,1,1.0,77888043.2,0.77888,30000,OK,93.0,114175302.8,1.141753,11.0,30000,OK,MURRAY_JRC_CONTEXT_ONLY_NEVER_A_SPARTINA_LABEL
CNA10K-R00413-C00130,1,1.0,80958916.5,0.809589,30000,OK,98.6585,39126018.5,0.39126,12.0,30000,OK,MURRAY_JRC_CONTEXT_ONLY_NEVER_A_SPARTINA_LABEL
CNA10K-R00413-C00131,1,2.0,114459157.8,1.144592,30000,OK,93.8148,39036449.4,0.390364,11.3333,30000,OK,MURRAY_JRC_CONTEXT_ONLY_NEVER_A_SPARTINA_LABEL
CNA10K-R00413-C00132,1,1.0,89333976.8,0.89334,30000,OK,91.0667,38986688.8,0.389867,10.9655,30000,OK,MURRAY_JRC_CONTEXT_ONLY_NEVER_A_SPARTINA_LABEL
CNA10K-R00413-C00133,1,1.0,44666988.4,0.44667,30000,OK,82.8,13923817.4,0.139238,10.0833,30000,OK,MURRAY_JRC_CONTEXT_ONLY_NEVER_A_SPARTINA_LABEL
CNA10K-R00413-C00138,1,1.0,86542290.1,0.865423,30000,OK,85.6667,0.0,0.0,11.0,30000,OK,MURRAY_JRC_CONTEXT_ONLY_NEVER_A_SPARTINA_LABEL
CNA10K-R00413-C00139,1,1.0,97709037.2,0.97709,30000,OK,94.0,0.0,0.0,12.0,30000,OK,MURRAY_JRC_CONTEXT_ONLY_NEVER_A_SPARTINA_LABEL
CNA10K-R00413-C00140,1,2.0,92125663.6,0.921257,30000,OK,94.5714,13973578.0,0.139736,12.0,30000,OK,MURRAY_JRC_CONTEXT_ONLY_NEVER_A_SPARTINA_LABEL
CNA10K-R00413-C00141,1,1.0,111667471.1,1.116675,30000,OK,98.0,95020330.7,0.950203,12.0,30000,OK,MURRAY_JRC_CONTEXT_ONLY_NEVER_A_SPARTINA_LABEL
CNA10K-R00413-C00142,1,2.0,75375543.0,0.753755,30000,OK,98.0,111788624.3,1.117886,12.0,30000,OK,MURRAY_JRC_CONTEXT_ONLY_NEVER_A_SPARTINA_LABEL
CNA10K-R00413-C00143,1,1.0,75375543.0,0.753755,30000,OK,98.0,83841468.2,0.838415,12.0,30000,OK,MURRAY_JRC_CONTEXT_ONLY_NEVER_A_SPARTINA_LABEL
CNA10K-R00413-C00144,1,1.0,44666988.4,0.44667,30000,OK,98.0,114583339.9,1.145833,12.0,30000,OK,MURRAY_JRC_CONTEXT_ONLY_NEVER_A_SPARTINA_LABEL
CNA10K-R00413-C00145,1,2.0,36291928.1,0.362919,30000,OK,98.0,81046752.6,0.810468,12.0,30000,OK,MURRAY_JRC_CONTEXT_ONLY_NEVER_A_SPARTINA_LABEL
CNA10K-R00413-C00146,1,1.0,16750120.7,0.167501,30000,OK,98.0,111788624.3,1.117886,12.0,30000,OK,MURRAY_JRC_CONTEXT_ONLY_NEVER_A_SPARTINA_LABEL
CNA10K-R00413-C00147,1,1.0,30817547.5,0.308175,30000,OK,98.0606,92225615.1,0.922256,12.0,30000,OK,MURRAY_JRC_CONTEXT_ONLY_NEVER_A_SPARTINA_LABEL
CNA10K-R00413-C00148,1,1.0,103659023.6,1.03659,30000,OK,93.375,75457321.4,0.754573,11.0857,30000,OK,MURRAY_JRC_CONTEXT_ONLY_NEVER_A_SPARTINA_LABEL
CNA10K-R00413-C00149,1,1.0,92452642.6,0.924526,30000,OK,92.5714,64278459.0,0.642785,10.9677,30000,OK,MURRAY_JRC_CONTEXT_ONLY_NEVER_A_SPARTINA_LABEL
CNA10K-R00413-C00150,1,2.0,109262214.0,1.092622,30000,OK,94.0312,36331302.9,0.363313,11.5,30000,OK,MURRAY_JRC_CONTEXT_ONLY_NEVER_A_SPARTINA_LABEL
CNA10K-R00413-C00151,1,1.0,86849452.2,0.868495,30000,OK,98.2895,30741871.7,0.307419,12.0,30000,OK,MURRAY_JRC_CONTEXT_ONLY_NEVER_A_SPARTINA_LABEL
CNA10K-R00413-C00152,1,1.0,56031904.6,0.560319,30000,OK,98.3871,33655259.9,0.336553,12.0,30000,OK,MURRAY_JRC_CONTEXT_ONLY_NEVER_A_SPARTINA_LABEL
CNA10K-R00413-C00153,0,0.0,0.0,0.0,30000,OK,99.0,114988804.5,1.149888,12.0,30000,OK,MURRAY_JRC_CONTEXT_ONLY_NEVER_A_SPARTINA_LABEL
CNA10K-R00414-C00117,0,0.0,0.0,0.0,30000,OK,60.5,36071738.5,0.360717,7.3103,30000,OK,MURRAY_JRC_CONTEXT_ONLY_NEVER_A_SPARTINA_LABEL
CNA10K-R00414-C00118,0,0.0,0.0,0.0,30000,OK,61.3846,38846487.6,0.388465,6.7073,30000,OK,MURRAY_JRC_CONTEXT_ONLY_NEVER_A_SPARTINA_LABEL
CNA10K-R00414-C00119,1,1.0,86233190.7,0.862332,30000,OK,61.5938,13873745.6,0.138737,6.8438,30000,OK,MURRAY_JRC_CONTEXT_ONLY_NEVER_A_SPARTINA_LABEL
CNA10K-R00414-C00120,1,1.0,114050348.9,1.140503,30000,OK,69.0,0.0,0.0,7.0,30000,OK,MURRAY_JRC_CONTEXT_ONLY_NEVER_A_SPARTINA_LABEL
CNA10K-R00414-C00121,1,2.0,75106327.3,0.751063,30000,OK,74.8537,27847634.8,0.278476,7.9756,30000,OK,MURRAY_JRC_CONTEXT_ONLY_NEVER_A_SPARTINA_LABEL
CNA10K-R00414-C00130,1,3.0,114189942.2,1.141899,30000,OK,99.0,0.0,0.0,12.0,30000,OK,MURRAY_JRC_CONTEXT_ONLY_NEVER_A_SPARTINA_LABEL
CNA10K-R00414-C00131,1,2.0,86362813.0,0.863628,30000,OK,98.1951,91897194.9,0.918972,12.0,30000,OK,MURRAY_JRC_CONTEXT_ONLY_NEVER_A_SPARTINA_LABEL
CNA10K-R00414-C00132,1,2.0,103152817.4,1.031528,30000,OK,98.0,91897194.9,0.918972,12.0,30000,OK,MURRAY_JRC_CONTEXT_ONLY_NEVER_A_SPARTINA_LABEL
CNA10K-R00414-C00133,1,3.0,58515741.9,0.585157,30000,OK,98.0,97466721.9,0.974667,12.0,30000,OK,MURRAY_JRC_CONTEXT_ONLY_NEVER_A_SPARTINA_LABEL
CNA10K-R00414-C00134,0,0.0,0.0,0.0,30000,OK,98.0,108605775.8,1.086058,12.0,30000,OK,MURRAY_JRC_CONTEXT_ONLY_NEVER_A_SPARTINA_LABEL
CNA10K-R00414-C00135,0,0.0,0.0,0.0,30000,OK,96.4643,75188614.0,0.751886,11.8571,30000,OK,MURRAY_JRC_CONTEXT_ONLY_NEVER_A_SPARTINA_LABEL
CNA10K-R00414-C00137,0,0.0,0.0,0.0,30000,OK,89.9,47340979.2,0.47341,11.1,30000,OK,MURRAY_JRC_CONTEXT_ONLY_NEVER_A_SPARTINA_LABEL
CNA10K-R00414-C00138,1,1.0,92125663.6,0.921257,30000,OK,91.4857,36201925.3,0.362019,11.4857,30000,OK,MURRAY_JRC_CONTEXT_ONLY_NEVER_A_SPARTINA_LABEL
CNA10K-R00414-C00139,1,1.0,92125663.6,0.921257,30000,OK,95.2162,25062871.3,0.250629,12.0,30000,OK,MURRAY_JRC_CONTEXT_ONLY_NEVER_A_SPARTINA_LABEL
CNA10K-R00414-C00140,1,2.0,114459157.8,1.144592,30000,OK,95.75,39126018.5,0.39126,12.0,30000,OK,MURRAY_JRC_CONTEXT_ONLY_NEVER_A_SPARTINA_LABEL
CNA10K-R00414-C00141,1,1.0,80958916.5,0.809589,30000,OK,98.0,114583339.9,1.145833,12.0,30000,OK,MURRAY_JRC_CONTEXT_ONLY_NEVER_A_SPARTINA_LABEL
CNA10K-R00414-C00142,1,2.0,114459157.8,1.144592,30000,OK,98.0,78252037.0,0.78252,12.0,30000,OK,MURRAY_JRC_CONTEXT_ONLY_NEVER_A_SPARTINA_LABEL
CNA10K-R00414-C00143,1,1.0,86542290.1,0.865423,30000,OK,98.0,114583339.9,1.145833,12.0,30000,OK,MURRAY_JRC_CONTEXT_ONLY_NEVER_A_SPARTINA_LABEL
CNA10K-R00414-C00144,1,1.0,108875784.3,1.088758,30000,OK,98.0,86636183.8,0.866362,12.0,30000,OK,MURRAY_JRC_CONTEXT_ONLY_NEVER_A_SPARTINA_LABEL
CNA10K-R00414-C00145,1,2.0,97709037.2,0.97709,30000,OK,98.0,106199193.1,1.061992,12.0,30000,OK,MURRAY_JRC_CONTEXT_ONLY_NEVER_A_SPARTINA_LABEL
CNA10K-R00414-C00146,1,1.0,97709037.2,0.97709,30000,OK,98.0,95020330.7,0.950203,12.0,30000,OK,MURRAY_JRC_CONTEXT_ONLY_NEVER_A_SPARTINA_LABEL
CNA10K-R00414-C00147,1,2.0,106084097.5,1.060841,30000,OK,98.2857,97815046.3,0.97815,12.0,30000,OK,MURRAY_JRC_CONTEXT_ONLY_NEVER_A_SPARTINA_LABEL
CNA10K-R00414-C00148,1,2.0,86581923.9,0.865819,30000,OK,99.0,106199193.1,1.061992,12.0,30000,OK,MURRAY_JRC_CONTEXT_ONLY_NEVER_A_SPARTINA_LABEL
CNA10K-R00414-C00149,1,3.0,111796281.0,1.117963,30000,OK,99.0,89430899.5,0.894309,12.0,30000,OK,MURRAY_JRC_CONTEXT_ONLY_NEVER_A_SPARTINA_LABEL
CNA10K-R00414-C00150,1,2.0,81107543.3,0.811075,30000,OK,99.0,111788624.3,1.117886,12.0,30000,OK,MURRAY_JRC_CONTEXT_ONLY_NEVER_A_SPARTINA_LABEL
CNA10K-R00414-C00151,1,2.0,114726686.1,1.147267,30000,OK,99.0,83841468.2,0.838415,12.0,30000,OK,MURRAY_JRC_CONTEXT_ONLY_NEVER_A_SPARTINA_LABEL
CNA10K-R00414-C00152,1,2.0,27996135.4,0.279961,30000,OK,99.0,58689027.8,0.58689,12.0,30000,OK,MURRAY_JRC_CONTEXT_ONLY_NEVER_A_SPARTINA_LABEL
CNA10K-R00414-C00153,0,0.0,0.0,0.0,30000,OK,99.0,0.0,0.0,12.0,30000,OK,MURRAY_JRC_CONTEXT_ONLY_NEVER_A_SPARTINA_LABEL
CNA10K-R00415-C00110,1,1.0,113638977.8,1.13639,30000,OK,82.0,77692975.2,0.77693,11.0,30000,OK,MURRAY_JRC_CONTEXT_ONLY_NEVER_A_SPARTINA_LABEL
CNA10K-R00415-C00111,1,1.0,91465518.7,0.914655,30000,OK,82.0,113764713.7,1.137647,11.0,30000,OK,MURRAY_JRC_CONTEXT_ONLY_NEVER_A_SPARTINA_LABEL
CNA10K-R00415-C00112,1,2.0,91465518.7,0.914655,30000,OK,82.0,102665717.2,1.026657,11.0,30000,OK,MURRAY_JRC_CONTEXT_ONLY_NEVER_A_SPARTINA_LABEL
CNA10K-R00415-C00113,1,1.0,113638977.8,1.13639,30000,OK,82.0,80467724.3,0.804677,11.0,30000,OK,MURRAY_JRC_CONTEXT_ONLY_NEVER_A_SPARTINA_LABEL
CNA10K-R00415-C00114,1,2.0,88693836.3,0.886938,30000,OK,83.7143,116539462.8,1.165395,11.4286,30000,OK,MURRAY_JRC_CONTEXT_ONLY_NEVER_A_SPARTINA_LABEL
CNA10K-R00415-C00115,1,1.0,77607106.8,0.776071,30000,OK,86.0,97116219.0,0.971162,12.0,30000,OK,MURRAY_JRC_CONTEXT_ONLY_NEVER_A_SPARTINA_LABEL
CNA10K-R00415-C00116,1,2.0,74835424.4,0.748354,30000,OK,85.25,88791971.6,0.88792,11.8125,30000,OK,MURRAY_JRC_CONTEXT_ONLY_NEVER_A_SPARTINA_LABEL
CNA10K-R00415-C00117,1,1.0,41575235.8,0.415752,30000,OK,78.0,113764713.7,1.137647,10.0,30000,OK,MURRAY_JRC_CONTEXT_ONLY_NEVER_A_SPARTINA_LABEL
CNA10K-R00415-C00118,1,1.0,38803553.4,0.388036,30000,OK,78.0,88791971.6,0.88792,10.0,30000,OK,MURRAY_JRC_CONTEXT_ONLY_NEVER_A_SPARTINA_LABEL
CNA10K-R00415-C00119,1,2.0,102803084.3,1.028031,30000,OK,90.0,97116219.0,0.971162,11.6,30000,OK,MURRAY_JRC_CONTEXT_ONLY_NEVER_A_SPARTINA_LABEL
CNA10K-R00415-C00120,1,1.0,77888043.2,0.77888,30000,OK,93.0,113764713.7,1.137647,12.0,30000,OK,MURRAY_JRC_CONTEXT_ONLY_NEVER_A_SPARTINA_LABEL
CNA10K-R00415-C00121,1,2.0,114050348.9,1.140503,30000,OK,95.1429,49945484.0,0.499455,12.0,30000,OK,MURRAY_JRC_CONTEXT_ONLY_NEVER_A_SPARTINA_LABEL
CNA10K-R00415-C00131,1,1.0,102923485.6,1.029235,30000,OK,98.0303,89112431.4,0.891124,12.0,30000,OK,MURRAY_JRC_CONTEXT_ONLY_NEVER_A_SPARTINA_LABEL
CNA10K-R00415-C00132,1,1.0,105705201.4,1.057052,30000,OK,98.0,97466721.9,0.974667,12.0,30000,OK,MURRAY_JRC_CONTEXT_ONLY_NEVER_A_SPARTINA_LABEL
CNA10K-R00415-C00133,1,2.0,83451474.8,0.834515,30000,OK,98.0,108605775.8,1.086058,12.0,30000,OK,MURRAY_JRC_CONTEXT_ONLY_NEVER_A_SPARTINA_LABEL
CNA10K-R00415-C00134,1,1.0,114050348.9,1.140503,30000,OK,98.0,80758141.0,0.807581,12.0,30000,OK,MURRAY_JRC_CONTEXT_ONLY_NEVER_A_SPARTINA_LABEL
CNA10K-R00415-C00135,1,2.0,83451474.8,0.834515,30000,OK,98.0,114175302.8,1.141753,12.0,30000,OK,MURRAY_JRC_CONTEXT_ONLY_NEVER_A_SPARTINA_LABEL
CNA10K-R00415-C00136,1,1.0,77888043.2,0.77888,30000,OK,98.0,89112431.4,0.891124,12.0,30000,OK,MURRAY_JRC_CONTEXT_ONLY_NEVER_A_SPARTINA_LABEL
CNA10K-R00415-C00137,1,2.0,61197748.2,0.611977,30000,OK,98.0,105821012.3,1.05821,12.0,30000,OK,MURRAY_JRC_CONTEXT_ONLY_NEVER_A_SPARTINA_LABEL
CNA10K-R00415-C00138,1,2.0,91986070.3,0.919861,30000,OK,98.8919,103036248.8,1.030362,12.0,30000,OK,MURRAY_JRC_CONTEXT_ONLY_NEVER_A_SPARTINA_LABEL
CNA10K-R00415-C00139,1,2.0,117111251.3,1.171113,30000,OK,99.0,89112431.4,0.891124,12.0,30000,OK,MURRAY_JRC_CONTEXT_ONLY_NEVER_A_SPARTINA_LABEL
CNA10K-R00415-C00140,1,2.0,78167229.7,0.781672,30000,OK,99.0,52910506.2,0.529105,12.0,30000,OK,MURRAY_JRC_CONTEXT_ONLY_NEVER_A_SPARTINA_LABEL
CNA10K-R00415-C00141,1,1.0,114459157.8,1.144592,30000,OK,99.0,0.0,0.0,12.0,30000,OK,MURRAY_JRC_CONTEXT_ONLY_NEVER_A_SPARTINA_LABEL
CNA10K-R00415-C00142,1,2.0,89333976.8,0.89334,30000,OK,98.675,36331302.9,0.363313,12.0,30000,OK,MURRAY_JRC_CONTEXT_ONLY_NEVER_A_SPARTINA_LABEL
CNA10K-R00415-C00143,1,1.0,106084097.5,1.060841,30000,OK,98.5625,39126018.5,0.39126,12.0,30000,OK,MURRAY_JRC_CONTEXT_ONLY_NEVER_A_SPARTINA_LABEL
CNA10K-R00415-C00145,1,1.0,94917350.4,0.949174,30000,OK,98.2286,75457321.4,0.754573,12.0,30000,OK,MURRAY_JRC_CONTEXT_ONLY_NEVER_A_SPARTINA_LABEL
CNA10K-R00415-C00146,1,1.0,108875784.3,1.088758,30000,OK,98.0,95020330.7,0.950203,12.0,30000,OK,MURRAY_JRC_CONTEXT_ONLY_NEVER_A_SPARTINA_LABEL
CNA10K-R00415-C00147,1,2.0,83750603.3,0.837506,30000,OK,98.3947,106199193.1,1.061992,12.0,30000,OK,MURRAY_JRC_CONTEXT_ONLY_NEVER_A_SPARTINA_LABEL
CNA10K-R00415-C00148,1,1.0,114459157.8,1.144592,30000,OK,99.0,86636183.8,0.866362,12.0,30000,OK,MURRAY_JRC_CONTEXT_ONLY_NEVER_A_SPARTINA_LABEL
CNA10K-R00415-C00149,1,2.0,78167229.7,0.781672,30000,OK,99.0,114583339.9,1.145833,12.0,30000,OK,MURRAY_JRC_CONTEXT_ONLY_NEVER_A_SPARTINA_LABEL
CNA10K-R00415-C00150,1,1.0,114459157.8,1.144592,30000,OK,99.0,81046752.6,0.810468,12.0,30000,OK,MURRAY_JRC_CONTEXT_ONLY_NEVER_A_SPARTINA_LABEL
CNA10K-R00415-C00151,1,1.0,86542290.1,0.865423,30000,OK,99.0,114583339.9,1.145833,12.0,30000,OK,MURRAY_JRC_CONTEXT_ONLY_NEVER_A_SPARTINA_LABEL
CNA10K-R00415-C00152,1,1.0,11166747.1,0.111667,30000,OK,99.0,33536587.3,0.335366,12.0,30000,OK,MURRAY_JRC_CONTEXT_ONLY_NEVER_A_SPARTINA_LABEL
CNA10K-R00415-C00153,0,0.0,0.0,0.0,30000,OK,99.0,0.0,0.0,12.0,30000,OK,MURRAY_JRC_CONTEXT_ONLY_NEVER_A_SPARTINA_LABEL
CNA10K-R00416-C00108,0,0.0,0.0,0.0,30000,OK,78.9444,0.0,0.0,10.2222,30000,OK,MURRAY_JRC_CONTEXT_ONLY_NEVER_A_SPARTINA_LABEL
CNA10K-R00416-C00109,1,1.0,49890282.9,0.498903,30000,OK,80.1,24932435.6,0.249324,10.4,30000,OK,MURRAY_JRC_CONTEXT_ONLY_NEVER_A_SPARTINA_LABEL
CNA10K-R00416-C00110,1,1.0,85922153.9,0.859222,30000,OK,85.7561,113623641.1,1.136236,11.3415,30000,OK,MURRAY_JRC_CONTEXT_ONLY_NEVER_A_SPARTINA_LABEL
CNA10K-R00416-C00111,1,2.0,97008883.5,0.970089,30000,OK,84.4444,99810355.2,0.998104,11.2222,30000,OK,MURRAY_JRC_CONTEXT_ONLY_NEVER_A_SPARTINA_LABEL
CNA10K-R00416-C00112,1,1.0,113638977.8,1.13639,30000,OK,82.0,86017222.5,0.860172,11.0,30000,OK,MURRAY_JRC_CONTEXT_ONLY_NEVER_A_SPARTINA_LABEL
CNA10K-R00416-C00113,1,1.0,83150471.5,0.831505,30000,OK,82.0,113764713.7,1.137647,11.0,30000,OK,MURRAY_JRC_CONTEXT_ONLY_NEVER_A_SPARTINA_LABEL
CNA10K-R00416-C00114,1,2.0,102552248.2,1.025522,30000,OK,83.9394,91566720.8,0.915667,11.4848,30000,OK,MURRAY_JRC_CONTEXT_ONLY_NEVER_A_SPARTINA_LABEL
CNA10K-R00416-C00115,1,1.0,113638977.8,1.13639,30000,OK,86.0,91566720.8,0.915667,12.0,30000,OK,MURRAY_JRC_CONTEXT_ONLY_NEVER_A_SPARTINA_LABEL
CNA10K-R00416-C00116,1,2.0,74835424.4,0.748354,30000,OK,84.2439,113764713.7,1.137647,11.561,30000,OK,MURRAY_JRC_CONTEXT_ONLY_NEVER_A_SPARTINA_LABEL
CNA10K-R00416-C00117,1,1.0,108095613.0,1.080956,30000,OK,78.0,86017222.5,0.860172,10.0,30000,OK,MURRAY_JRC_CONTEXT_ONLY_NEVER_A_SPARTINA_LABEL
CNA10K-R00416-C00118,1,2.0,105323930.6,1.053239,30000,OK,78.0,99890968.1,0.99891,10.0,30000,OK,MURRAY_JRC_CONTEXT_ONLY_NEVER_A_SPARTINA_LABEL
CNA10K-R00416-C00119,1,1.0,80378789.1,0.803788,30000,OK,91.1707,113764713.7,1.137647,11.7561,30000,OK,MURRAY_JRC_CONTEXT_ONLY_NEVER_A_SPARTINA_LABEL
CNA10K-R00416-C00120,1,1.0,113638977.8,1.13639,30000,OK,93.0,74918226.1,0.749182,12.0,30000,OK,MURRAY_JRC_CONTEXT_ONLY_NEVER_A_SPARTINA_LABEL
CNA10K-R00416-C00121,1,1.0,30488506.2,0.304885,30000,OK,96.2308,49945484.0,0.499455,12.0,30000,OK,MURRAY_JRC_CONTEXT_ONLY_NEVER_A_SPARTINA_LABEL
CNA10K-R00416-C00132,1,1.0,83451474.8,0.834515,30000,OK,98.3077,75188614.0,0.751886,12.0,30000,OK,MURRAY_JRC_CONTEXT_ONLY_NEVER_A_SPARTINA_LABEL
CNA10K-R00416-C00133,1,2.0,114050348.9,1.140503,30000,OK,98.0,80758141.0,0.807581,12.0,30000,OK,MURRAY_JRC_CONTEXT_ONLY_NEVER_A_SPARTINA_LABEL
CNA10K-R00416-C00134,1,1.0,86233190.7,0.862332,30000,OK,98.0,114175302.8,1.141753,12.0,30000,OK,MURRAY_JRC_CONTEXT_ONLY_NEVER_A_SPARTINA_LABEL
CNA10K-R00416-C00135,1,2.0,105705201.4,1.057052,30000,OK,98.0,86327668.0,0.863277,12.0,30000,OK,MURRAY_JRC_CONTEXT_ONLY_NEVER_A_SPARTINA_LABEL
CNA10K-R00416-C00136,1,1.0,100141769.8,1.001418,30000,OK,98.0,103036248.8,1.030362,12.0,30000,OK,MURRAY_JRC_CONTEXT_ONLY_NEVER_A_SPARTINA_LABEL
CNA10K-R00416-C00137,1,2.0,91796622.3,0.917966,30000,OK,98.027,103036248.8,1.030362,12.0,30000,OK,MURRAY_JRC_CONTEXT_ONLY_NEVER_A_SPARTINA_LABEL
CNA10K-R00416-C00138,1,1.0,114050348.9,1.140503,30000,OK,99.0,89112431.4,0.891124,12.0,30000,OK,MURRAY_JRC_CONTEXT_ONLY_NEVER_A_SPARTINA_LABEL
CNA10K-R00416-C00139,1,1.0,77888043.2,0.77888,30000,OK,99.0,114175302.8,1.141753,12.0,30000,OK,MURRAY_JRC_CONTEXT_ONLY_NEVER_A_SPARTINA_LABEL
CNA10K-R00416-C00146,1,1.0,83750603.3,0.837506,30000,OK,99.0,0.0,0.0,12.0,30000,OK,MURRAY_JRC_CONTEXT_ONLY_NEVER_A_SPARTINA_LABEL
CNA10K-R00416-C00147,1,2.0,114459157.8,1.144592,30000,OK,99.0,5589431.2,0.055894,12.0,30000,OK,MURRAY_JRC_CONTEXT_ONLY_NEVER_A_SPARTINA_LABEL
CNA10K-R00416-C00148,1,1.0,83750603.3,0.837506,30000,OK,99.0,39126018.5,0.39126,12.0,30000,OK,MURRAY_JRC_CONTEXT_ONLY_NEVER_A_SPARTINA_LABEL
CNA10K-R00417-C00108,1,1.0,77324427.5,0.773244,30000,OK,84.0,0.0,0.0,11.0,30000,OK,MURRAY_JRC_CONTEXT_ONLY_NEVER_A_SPARTINA_LABEL
CNA10K-R00417-C00109,1,3.0,60825577.2,0.608256,30000,OK,87.2927,41470087.5,0.414701,11.3659,30000,OK,MURRAY_JRC_CONTEXT_ONLY_NEVER_A_SPARTINA_LABEL
CNA10K-R00417-C00110,1,2.0,105182591.0,1.051826,30000,OK,93.0,91234192.6,0.912342,12.0,30000,OK,MURRAY_JRC_CONTEXT_ONLY_NEVER_A_SPARTINA_LABEL
CNA10K-R00417-C00111,1,4.0,113497638.1,1.134976,30000,OK,93.1515,88469520.1,0.884695,12.0,30000,OK,MURRAY_JRC_CONTEXT_ONLY_NEVER_A_SPARTINA_LABEL
CNA10K-R00417-C00112,1,1.0,77607106.8,0.776071,30000,OK,98.0,0.0,0.0,12.0,30000,OK,MURRAY_JRC_CONTEXT_ONLY_NEVER_A_SPARTINA_LABEL
CNA10K-R00417-C00113,1,1.0,108095613.0,1.080956,30000,OK,98.0,0.0,0.0,12.0,30000,OK,MURRAY_JRC_CONTEXT_ONLY_NEVER_A_SPARTINA_LABEL
CNA10K-R00417-C00114,1,2.0,110867295.4,1.108673,30000,OK,96.0882,19423243.8,0.194232,12.0,30000,OK,MURRAY_JRC_CONTEXT_ONLY_NEVER_A_SPARTINA_LABEL
CNA10K-R00417-C00115,1,1.0,77607106.8,0.776071,30000,OK,94.6667,38846487.6,0.388465,12.0,30000,OK,MURRAY_JRC_CONTEXT_ONLY_NEVER_A_SPARTINA_LABEL
CNA10K-R00417-C00116,1,2.0,113638977.8,1.13639,30000,OK,91.8214,36071738.5,0.360717,11.7143,30000,OK,MURRAY_JRC_CONTEXT_ONLY_NEVER_A_SPARTINA_LABEL
CNA10K-R00417-C00117,1,1.0,102552248.2,1.025522,30000,OK,85.7368,66593978.7,0.66594,10.7368,30000,OK,MURRAY_JRC_CONTEXT_ONLY_NEVER_A_SPARTINA_LABEL
CNA10K-R00417-C00118,1,2.0,83150471.5,0.831505,30000,OK,84.4615,74918226.1,0.749182,10.6154,30000,OK,MURRAY_JRC_CONTEXT_ONLY_NEVER_A_SPARTINA_LABEL
CNA10K-R00417-C00119,1,1.0,116410660.1,1.164107,30000,OK,93.0,77692975.2,0.77693,12.0,30000,OK,MURRAY_JRC_CONTEXT_ONLY_NEVER_A_SPARTINA_LABEL
CNA10K-R00417-C00120,1,1.0,91465518.7,0.914655,30000,OK,93.0,113764713.7,1.137647,12.0,30000,OK,MURRAY_JRC_CONTEXT_ONLY_NEVER_A_SPARTINA_LABEL
CNA10K-R00417-C00133,1,2.0,86203090.3,0.862031,30000,OK,99.0,105440466.3,1.054405,12.0,30000,OK,MURRAY_JRC_CONTEXT_ONLY_NEVER_A_SPARTINA_LABEL
CNA10K-R00417-C00134,1,1.0,105705201.4,1.057052,30000,OK,99.0,88791971.6,0.88792,12.0,30000,OK,MURRAY_JRC_CONTEXT_ONLY_NEVER_A_SPARTINA_LABEL
CNA10K-R00417-C00135,1,2.0,102923485.6,1.029235,30000,OK,98.75,99981097.4,0.999811,12.0,30000,OK,MURRAY_JRC_CONTEXT_ONLY_NEVER_A_SPARTINA_LABEL
CNA10K-R00417-C00136,1,1.0,89014906.5,0.890149,30000,OK,98.6316,105580667.5,1.055807,12.0,30000,OK,MURRAY_JRC_CONTEXT_ONLY_NEVER_A_SPARTINA_LABEL
CNA10K-R00417-C00137,1,2.0,114050348.9,1.140503,30000,OK,98.5806,77873233.8,0.778732,12.0,30000,OK,MURRAY_JRC_CONTEXT_ONLY_NEVER_A_SPARTINA_LABEL
CNA10K-R00418-C00107,1,1.0,110463467.9,1.104635,30000,OK,79.0588,0.0,0.0,10.3143,30000,OK,MURRAY_JRC_CONTEXT_ONLY_NEVER_A_SPARTINA_LABEL
CNA10K-R00418-C00108,1,1.0,77324427.5,0.773244,30000,OK,84.0,0.0,0.0,11.0,30000,OK,MURRAY_JRC_CONTEXT_ONLY_NEVER_A_SPARTINA_LABEL
CNA10K-R00418-C00109,1,2.0,107701881.2,1.077019,30000,OK,88.0645,38705415.0,0.387054,11.4516,30000,OK,MURRAY_JRC_CONTEXT_ONLY_NEVER_A_SPARTINA_LABEL
CNA10K-R00418-C00110,1,1.0,110463467.9,1.104635,30000,OK,93.0,99528210.1,0.995282,12.0,30000,OK,MURRAY_JRC_CONTEXT_ONLY_NEVER_A_SPARTINA_LABEL
CNA10K-R00418-C00111,1,2.0,74562840.8,0.745628,30000,OK,93.8537,93998865.1,0.939989,12.0,30000,OK,MURRAY_JRC_CONTEXT_ONLY_NEVER_A_SPARTINA_LABEL
CNA10K-R00418-C00117,1,1.0,49890282.9,0.498903,30000,OK,99.0,0.0,0.0,12.0,30000,OK,MURRAY_JRC_CONTEXT_ONLY_NEVER_A_SPARTINA_LABEL
CNA10K-R00418-C00118,1,2.0,74835424.4,0.748354,30000,OK,99.0,0.0,0.0,12.0,30000,OK,MURRAY_JRC_CONTEXT_ONLY_NEVER_A_SPARTINA_LABEL
CNA10K-R00418-C00119,1,1.0,74835424.4,0.748354,30000,OK,99.0,0.0,0.0,12.0,30000,OK,MURRAY_JRC_CONTEXT_ONLY_NEVER_A_SPARTINA_LABEL
CNA10K-R00418-C00133,1,1.0,105323930.6,1.053239,30000,OK,99.0,88791971.6,0.88792,12.0,30000,OK,MURRAY_JRC_CONTEXT_ONLY_NEVER_A_SPARTINA_LABEL
CNA10K-R00418-C00134,1,1.0,102552248.2,1.025522,30000,OK,99.0,102665717.2,1.026657,12.0,30000,OK,MURRAY_JRC_CONTEXT_ONLY_NEVER_A_SPARTINA_LABEL
CNA10K-R00418-C00135,1,3.0,88733970.1,0.88734,30000,OK,99.0,105440466.3,1.054405,12.0,30000,OK,MURRAY_JRC_CONTEXT_ONLY_NEVER_A_SPARTINA_LABEL
CNA10K-R00418-C00136,1,2.0,116551128.3,1.165511,30000,OK,99.0,86017222.5,0.860172,12.0,30000,OK,MURRAY_JRC_CONTEXT_ONLY_NEVER_A_SPARTINA_LABEL
CNA10K-R00418-C00137,1,3.0,55564082.4,0.555641,30000,OK,99.0,69368727.8,0.693687,12.0,30000,OK,MURRAY_JRC_CONTEXT_ONLY_NEVER_A_SPARTINA_LABEL
CNA10K-R00419-C00106,1,1.0,11046346.8,0.110463,30000,OK,51.4839,0.0,0.0,6.697,30000,OK,MURRAY_JRC_CONTEXT_ONLY_NEVER_A_SPARTINA_LABEL
CNA10K-R00419-C00107,1,1.0,80086014.2,0.80086,30000,OK,84.625,74372415.2,0.743724,10.85,30000,OK,MURRAY_JRC_CONTEXT_ONLY_NEVER_A_SPARTINA_LABEL
CNA10K-R00419-C00108,1,1.0,113225054.6,1.132251,30000,OK,85.5,38563474.6,0.385635,11.0,30000,OK,MURRAY_JRC_CONTEXT_ONLY_NEVER_A_SPARTINA_LABEL
CNA10K-R00419-C00109,1,2.0,104940294.5,1.049403,30000,OK,91.8649,80043700.7,0.800437,11.6757,30000,OK,MURRAY_JRC_CONTEXT_ONLY_NEVER_A_SPARTINA_LABEL
CNA10K-R00419-C00118,0,0.0,0.0,0.0,30000,OK,99.0,0.0,0.0,12.0,30000,OK,MURRAY_JRC_CONTEXT_ONLY_NEVER_A_SPARTINA_LABEL
CNA10K-R00419-C00133,1,1.0,105323930.6,1.053239,30000,OK,99.0,102665717.2,1.026657,12.0,30000,OK,MURRAY_JRC_CONTEXT_ONLY_NEVER_A_SPARTINA_LABEL
CNA10K-R00419-C00134,1,2.0,85922153.9,0.859222,30000,OK,99.0,108215215.4,1.082152,12.0,30000,OK,MURRAY_JRC_CONTEXT_ONLY_NEVER_A_SPARTINA_LABEL
CNA10K-R00419-C00135,1,1.0,116410660.1,1.164107,30000,OK,99.0,86017222.5,0.860172,12.0,30000,OK,MURRAY_JRC_CONTEXT_ONLY_NEVER_A_SPARTINA_LABEL
CNA10K-R00419-C00136,1,1.0,80378789.1,0.803788,30000,OK,99.0,113764713.7,1.137647,12.0,30000,OK,MURRAY_JRC_CONTEXT_ONLY_NEVER_A_SPARTINA_LABEL
CNA10K-R00419-C00137,1,1.0,27716823.8,0.277168,30000,OK,99.0,41621236.7,0.416212,12.0,30000,OK,MURRAY_JRC_CONTEXT_ONLY_NEVER_A_SPARTINA_LABEL
CNA10K-R00420-C00106,1,2.0,30296194.3,0.302962,30000,OK,55.7838,5509067.8,0.055091,7.2051,30000,OK,MURRAY_JRC_CONTEXT_ONLY_NEVER_A_SPARTINA_LABEL
CNA10K-R00420-C00107,1,2.0,115702233.3,1.157022,30000,OK,87.0,77126949.1,0.771269,11.0,30000,OK,MURRAY_JRC_CONTEXT_ONLY_NEVER_A_SPARTINA_LABEL
CNA10K-R00420-C00108,1,2.0,96442228.5,0.964422,30000,OK,87.0,112935889.8,1.129359,11.0,30000,OK,MURRAY_JRC_CONTEXT_ONLY_NEVER_A_SPARTINA_LABEL
CNA10K-R00420-C00133,1,1.0,85922153.9,0.859222,30000,OK,99.0,107822227.6,1.078222,12.0,30000,OK,MURRAY_JRC_CONTEXT_ONLY_NEVER_A_SPARTINA_LABEL
CNA10K-R00420-C00134,1,2.0,116410660.1,1.164107,30000,OK,98.9355,85735077.4,0.857351,12.0,30000,OK,MURRAY_JRC_CONTEXT_ONLY_NEVER_A_SPARTINA_LABEL
CNA10K-R00420-C00135,1,1.0,83150471.5,0.831505,30000,OK,98.3171,113482568.5,1.134826,12.0,30000,OK,MURRAY_JRC_CONTEXT_ONLY_NEVER_A_SPARTINA_LABEL
CNA10K-R00420-C00136,1,1.0,110867295.4,1.108673,30000,OK,98.4516,85845920.1,0.858459,12.0,30000,OK,MURRAY_JRC_CONTEXT_ONLY_NEVER_A_SPARTINA_LABEL
CNA10K-R00421-C00105,0,0.0,0.0,0.0,30000,OK,54.0,0.0,0.0,7.0,30000,OK,MURRAY_JRC_CONTEXT_ONLY_NEVER_A_SPARTINA_LABEL
CNA10K-R00421-C00106,1,1.0,46774297.6,0.467743,30000,OK,63.1034,22036271.2,0.220363,8.1034,30000,OK,MURRAY_JRC_CONTEXT_ONLY_NEVER_A_SPARTINA_LABEL
CNA10K-R00421-C00107,1,1.0,90797165.9,0.907972,30000,OK,87.0,115690423.7,1.156904,11.0,30000,OK,MURRAY_JRC_CONTEXT_ONLY_NEVER_A_SPARTINA_LABEL
CNA10K-R00421-C00108,1,1.0,85294307.4,0.852943,30000,OK,87.0,101917754.2,1.019178,11.0,30000,OK,MURRAY_JRC_CONTEXT_ONLY_NEVER_A_SPARTINA_LABEL
CNA10K-R00421-C00134,1,2.0,82847600.9,0.828476,30000,OK,98.7805,113351572.6,1.133516,12.0,30000,OK,MURRAY_JRC_CONTEXT_ONLY_NEVER_A_SPARTINA_LABEL
CNA10K-R00421-C00135,1,2.0,107812933.8,1.078129,30000,OK,98.0,85704847.6,0.857048,12.0,30000,OK,MURRAY_JRC_CONTEXT_ONLY_NEVER_A_SPARTINA_LABEL
CNA10K-R00421-C00136,1,2.0,91263605.0,0.912636,30000,OK,98.0,107822227.6,1.078222,12.0,30000,OK,MURRAY_JRC_CONTEXT_ONLY_NEVER_A_SPARTINA_LABEL
CNA10K-R00422-C00105,0,0.0,0.0,0.0,30000,OK,47.875,0.0,0.0,6.125,30000,OK,MURRAY_JRC_CONTEXT_ONLY_NEVER_A_SPARTINA_LABEL
CNA10K-R00422-C00106,1,1.0,41271439.1,0.412714,30000,OK,62.6098,11018135.6,0.110181,7.9512,30000,OK,MURRAY_JRC_CONTEXT_ONLY_NEVER_A_SPARTINA_LABEL
CNA10K-R00422-C00107,1,1.0,99051453.7,0.990515,30000,OK,87.6,38563474.6,0.385635,11.0,30000,OK,MURRAY_JRC_CONTEXT_ONLY_NEVER_A_SPARTINA_LABEL
CNA10K-R00422-C00108,1,1.0,88045736.7,0.880457,30000,OK,87.6875,52325943.5,0.523259,11.0312,30000,OK,MURRAY_JRC_CONTEXT_ONLY_NEVER_A_SPARTINA_LABEL
CNA10K-R00422-C00134,1,2.0,107701881.2,1.077019,30000,OK,98.6774,85704847.6,0.857048,12.0,30000,OK,MURRAY_JRC_CONTEXT_ONLY_NEVER_A_SPARTINA_LABEL
CNA10K-R00422-C00135,1,1.0,99417121.1,0.994171,30000,OK,98.0,105057555.1,1.050576,12.0,30000,OK,MURRAY_JRC_CONTEXT_ONLY_NEVER_A_SPARTINA_LABEL
CNA10K-R00422-C00136,1,1.0,69039667.5,0.690397,30000,OK,98.0,99528210.1,0.995282,12.0,30000,OK,MURRAY_JRC_CONTEXT_ONLY_NEVER_A_SPARTINA_LABEL
CNA10K-R00422-C00137,0,0.0,0.0,0.0,30000,OK,98.0,0.0,0.0,12.0,30000,OK,MURRAY_JRC_CONTEXT_ONLY_NEVER_A_SPARTINA_LABEL
CNA10K-R00423-C00106,1,2.0,74094421.3,0.740944,30000,OK,63.6562,0.0,0.0,8.0312,30000,OK,MURRAY_JRC_CONTEXT_ONLY_NEVER_A_SPARTINA_LABEL
CNA10K-R00423-C00107,1,2.0,115273885.6,1.152739,30000,OK,88.0,0.0,0.0,11.0,30000,OK,MURRAY_JRC_CONTEXT_ONLY_NEVER_A_SPARTINA_LABEL
CNA10K-R00423-C00108,1,3.0,63139801.3,0.631398,30000,OK,89.1707,16465999.8,0.16466,11.1463,30000,OK,MURRAY_JRC_CONTEXT_ONLY_NEVER_A_SPARTINA_LABEL
CNA10K-R00423-C00134,1,2.0,102178707.8,1.021787,30000,OK,98.8378,27646725.0,0.276467,12.0,30000,OK,MURRAY_JRC_CONTEXT_ONLY_NEVER_A_SPARTINA_LABEL
CNA10K-R00423-C00135,1,1.0,91132361.0,0.911324,30000,OK,98.6216,38705415.0,0.387054,12.0,30000,OK,MURRAY_JRC_CONTEXT_ONLY_NEVER_A_SPARTINA_LABEL
CNA10K-R00423-C00136,1,1.0,69039667.5,0.690397,30000,OK,98.4194,46969016.7,0.46969,12.0,30000,OK,MURRAY_JRC_CONTEXT_ONLY_NEVER_A_SPARTINA_LABEL
CNA10K-R00424-C00106,1,1.0,84977505.4,0.849775,30000,OK,73.5946,0.0,0.0,9.2432,30000,OK,MURRAY_JRC_CONTEXT_ONLY_NEVER_A_SPARTINA_LABEL
CNA10K-R00424-C00107,1,1.0,76753875.8,0.767539,30000,OK,88.0,0.0,0.0,11.0,30000,OK,MURRAY_JRC_CONTEXT_ONLY_NEVER_A_SPARTINA_LABEL
CNA10K-R00424-C00108,1,2.0,112389603.9,1.123896,30000,OK,90.1333,21954666.4,0.219547,11.2667,30000,OK,MURRAY_JRC_CONTEXT_ONLY_NEVER_A_SPARTINA_LABEL
CNA10K-R00424-C00109,1,1.0,106907184.2,1.069072,30000,OK,96.0,101540332.2,1.015403,12.0,30000,OK,MURRAY_JRC_CONTEXT_ONLY_NEVER_A_SPARTINA_LABEL
CNA10K-R00424-C00114,1,1.0,76753875.8,0.767539,30000,OK,95.0,76841332.5,0.768413,11.0,30000,OK,MURRAY_JRC_CONTEXT_ONLY_NEVER_A_SPARTINA_LABEL
CNA10K-R00424-C00115,1,2.0,57565406.9,0.575654,30000,OK,96.3,109773332.1,1.097733,11.325,30000,OK,MURRAY_JRC_CONTEXT_ONLY_NEVER_A_SPARTINA_LABEL
CNA10K-R00425-C00106,1,1.0,76753875.8,0.767539,30000,OK,60.2,54681424.3,0.546814,7.45,30000,OK,MURRAY_JRC_CONTEXT_ONLY_NEVER_A_SPARTINA_LABEL
CNA10K-R00425-C00107,1,1.0,115130813.7,1.151308,30000,OK,72.0,38276997.0,0.38277,9.0,30000,OK,MURRAY_JRC_CONTEXT_ONLY_NEVER_A_SPARTINA_LABEL
CNA10K-R00425-C00108,1,2.0,98683554.6,0.986836,30000,OK,84.8421,62986258.8,0.629863,10.6842,30000,OK,MURRAY_JRC_CONTEXT_ONLY_NEVER_A_SPARTINA_LABEL
CNA10K-R00425-C00109,1,1.0,84977505.4,0.849775,30000,OK,94.7317,112384258.3,1.123843,12.0,30000,OK,MURRAY_JRC_CONTEXT_ONLY_NEVER_A_SPARTINA_LABEL
CNA10K-R00425-C00111,1,1.0,95942344.8,0.959423,30000,OK,99.0,112517665.4,1.125177,12.0,30000,OK,MURRAY_JRC_CONTEXT_ONLY_NEVER_A_SPARTINA_LABEL
CNA10K-R00425-C00112,1,1.0,87718715.2,0.877187,30000,OK,99.0,107028998.8,1.07029,12.0,30000,OK,MURRAY_JRC_CONTEXT_ONLY_NEVER_A_SPARTINA_LABEL
CNA10K-R00425-C00113,1,2.0,112389603.9,1.123896,30000,OK,95.8276,79585665.8,0.795857,11.2069,30000,OK,MURRAY_JRC_CONTEXT_ONLY_NEVER_A_SPARTINA_LABEL
CNA10K-R00425-C00114,1,1.0,90459925.1,0.904599,30000,OK,95.0,115261998.7,1.15262,11.0,30000,OK,MURRAY_JRC_CONTEXT_ONLY_NEVER_A_SPARTINA_LABEL
CNA10K-R00425-C00115,1,2.0,93201134.9,0.932011,30000,OK,96.6216,101540332.2,1.015403,11.4054,30000,OK,MURRAY_JRC_CONTEXT_ONLY_NEVER_A_SPARTINA_LABEL
CNA10K-R00425-C00116,1,1.0,115130813.7,1.151308,30000,OK,99.0,87818665.7,0.878187,12.0,30000,OK,MURRAY_JRC_CONTEXT_ONLY_NEVER_A_SPARTINA_LABEL
CNA10K-R00425-C00136,1,1.0,79791448.8,0.797914,30000,OK,99.0,38563474.6,0.385635,12.0,30000,OK,MURRAY_JRC_CONTEXT_ONLY_NEVER_A_SPARTINA_LABEL
CNA10K-R00425-C00137,1,1.0,93548595.2,0.935486,30000,OK,99.0,112935889.8,1.129359,12.0,30000,OK,MURRAY_JRC_CONTEXT_ONLY_NEVER_A_SPARTINA_LABEL
CNA10K-R00425-C00138,1,1.0,57780014.7,0.5778,30000,OK,99.0,93654152.5,0.936542,12.0,30000,OK,MURRAY_JRC_CONTEXT_ONLY_NEVER_A_SPARTINA_LABEL
CNA10K-R00426-C00106,1,2.0,114842948.3,1.148429,30000,OK,54.2857,65617709.2,0.656177,6.7143,30000,OK,MURRAY_JRC_CONTEXT_ONLY_NEVER_A_SPARTINA_LABEL
CNA10K-R00426-C00107,1,2.0,92995516.7,0.929955,30000,OK,56.0,114830991.1,1.14831,7.0,30000,OK,MURRAY_JRC_CONTEXT_ONLY_NEVER_A_SPARTINA_LABEL
CNA10K-R00426-C00108,1,4.0,87585063.4,0.875851,30000,OK,74.4615,106628777.4,1.066288,9.5641,30000,OK,MURRAY_JRC_CONTEXT_ONLY_NEVER_A_SPARTINA_LABEL
CNA10K-R00426-C00109,1,2.0,114986881.0,1.149869,30000,OK,92.0,79288065.3,0.792881,12.0,30000,OK,MURRAY_JRC_CONTEXT_ONLY_NEVER_A_SPARTINA_LABEL
CNA10K-R00426-C00110,1,3.0,87667310.7,0.876673,30000,OK,91.561,112096919.8,1.120969,11.7805,30000,OK,MURRAY_JRC_CONTEXT_ONLY_NEVER_A_SPARTINA_LABEL
CNA10K-R00426-C00111,1,1.0,93201134.9,0.932011,30000,OK,90.0,101160635.0,1.011606,11.0,30000,OK,MURRAY_JRC_CONTEXT_ONLY_NEVER_A_SPARTINA_LABEL
CNA10K-R00426-C00112,1,2.0,115130813.7,1.151308,30000,OK,90.6,82042660.6,0.820427,11.0667,30000,OK,MURRAY_JRC_CONTEXT_ONLY_NEVER_A_SPARTINA_LABEL
CNA10K-R00426-C00113,1,1.0,87718715.2,0.877187,30000,OK,82.5714,114974660.3,1.149747,9.1905,30000,OK,MURRAY_JRC_CONTEXT_ONLY_NEVER_A_SPARTINA_LABEL
CNA10K-R00426-C00114,1,1.0,98683554.6,0.986836,30000,OK,83.0,95836161.8,0.958362,9.2,30000,OK,MURRAY_JRC_CONTEXT_ONLY_NEVER_A_SPARTINA_LABEL
CNA10K-R00426-C00115,1,2.0,112389603.9,1.123896,30000,OK,93.0,65812688.8,0.658127,10.9394,30000,OK,MURRAY_JRC_CONTEXT_ONLY_NEVER_A_SPARTINA_LABEL
CNA10K-R00426-C00116,1,1.0,79495085.7,0.794951,30000,OK,97.0,76841332.5,0.768413,11.6667,30000,OK,MURRAY_JRC_CONTEXT_ONLY_NEVER_A_SPARTINA_LABEL
CNA10K-R00426-C00117,1,1.0,54824197.0,0.548242,30000,OK,98.25,54886666.0,0.548867,11.875,30000,OK,MURRAY_JRC_CONTEXT_ONLY_NEVER_A_SPARTINA_LABEL
CNA10K-R00426-C00136,1,1.0,82542878.1,0.825429,30000,OK,98.7436,85257943.1,0.852579,12.0,30000,OK,MURRAY_JRC_CONTEXT_ONLY_NEVER_A_SPARTINA_LABEL
CNA10K-R00426-C00137,1,1.0,99051453.7,0.990515,30000,OK,98.8,96337282.3,0.963373,12.0,30000,OK,MURRAY_JRC_CONTEXT_ONLY_NEVER_A_SPARTINA_LABEL
CNA10K-R00426-C00138,1,1.0,49525726.9,0.495257,30000,OK,99.0,96408686.4,0.964087,12.0,30000,OK,MURRAY_JRC_CONTEXT_ONLY_NEVER_A_SPARTINA_LABEL
CNA10K-R00427-C00106,1,1.0,87389726.1,0.873897,30000,OK,55.7073,109362848.6,1.093628,6.9512,30000,OK,MURRAY_JRC_CONTEXT_ONLY_NEVER_A_SPARTINA_LABEL
CNA10K-R00427-C00107,1,1.0,98313441.9,0.983134,30000,OK,56.0,98426563.8,0.984266,7.0,30000,OK,MURRAY_JRC_CONTEXT_ONLY_NEVER_A_SPARTINA_LABEL
CNA10K-R00427-C00108,1,2.0,114699015.5,1.14699,30000,OK,81.5484,84756207.7,0.847562,10.5484,30000,OK,MURRAY_JRC_CONTEXT_ONLY_NEVER_A_SPARTINA_LABEL
CNA10K-R00427-C00109,1,1.0,84658797.2,0.846588,30000,OK,92.0,114830991.1,1.14831,12.0,30000,OK,MURRAY_JRC_CONTEXT_ONLY_NEVER_A_SPARTINA_LABEL
CNA10K-R00427-C00110,1,2.0,95582512.9,0.955825,30000,OK,91.4286,95692492.5,0.956925,11.7143,30000,OK,MURRAY_JRC_CONTEXT_ONLY_NEVER_A_SPARTINA_LABEL
CNA10K-R00427-C00111,1,1.0,114699015.5,1.14699,30000,OK,90.0,87490278.9,0.874903,11.0,30000,OK,MURRAY_JRC_CONTEXT_ONLY_NEVER_A_SPARTINA_LABEL
CNA10K-R00427-C00112,1,2.0,81927868.2,0.819279,30000,OK,89.2683,112096919.8,1.120969,10.8537,30000,OK,MURRAY_JRC_CONTEXT_ONLY_NEVER_A_SPARTINA_LABEL
CNA10K-R00427-C00113,1,2.0,103878108.9,1.038781,30000,OK,75.0,90224350.1,0.902244,8.0,30000,OK,MURRAY_JRC_CONTEXT_ONLY_NEVER_A_SPARTINA_LABEL
CNA10K-R00427-C00114,1,2.0,114842948.3,1.148429,30000,OK,75.0,95692492.5,0.956925,8.0,30000,OK,MURRAY_JRC_CONTEXT_ONLY_NEVER_A_SPARTINA_LABEL
CNA10K-R00427-C00115,1,3.0,71137804.3,0.711378,30000,OK,88.2857,30074783.4,0.300748,10.2143,30000,OK,MURRAY_JRC_CONTEXT_ONLY_NEVER_A_SPARTINA_LABEL
CNA10K-R00427-C00116,1,2.0,112245671.2,1.122457,30000,OK,93.0,0.0,0.0,11.0,30000,OK,MURRAY_JRC_CONTEXT_ONLY_NEVER_A_SPARTINA_LABEL
CNA10K-R00427-C00117,1,3.0,57462597.8,0.574626,30000,OK,93.9189,46479210.7,0.464792,11.0,30000,OK,MURRAY_JRC_CONTEXT_ONLY_NEVER_A_SPARTINA_LABEL
CNA10K-R00427-C00118,0,0.0,0.0,0.0,30000,OK,95.0,112096919.8,1.120969,11.0,30000,OK,MURRAY_JRC_CONTEXT_ONLY_NEVER_A_SPARTINA_LABEL
CNA10K-R00427-C00135,1,2.0,57565406.9,0.575654,30000,OK,99.0,109773332.1,1.097733,12.0,30000,OK,MURRAY_JRC_CONTEXT_ONLY_NEVER_A_SPARTINA_LABEL
CNA10K-R00427-C00136,1,2.0,96156952.6,0.96157,30000,OK,98.1667,98795998.9,0.98796,12.0,30000,OK,MURRAY_JRC_CONTEXT_ONLY_NEVER_A_SPARTINA_LABEL
CNA10K-R00427-C00137,1,2.0,109934537.8,1.099345,30000,OK,98.0,96051665.6,0.960517,12.0,30000,OK,MURRAY_JRC_CONTEXT_ONLY_NEVER_A_SPARTINA_LABEL
CNA10K-R00427-C00138,1,1.0,22011434.2,0.220114,30000,OK,97.5,54886666.0,0.548867,12.0,30000,OK,MURRAY_JRC_CONTEXT_ONLY_NEVER_A_SPARTINA_LABEL
CNA10K-R00427-C00139,0,0.0,0.0,0.0,30000,OK,97.1333,5509067.8,0.055091,12.0,30000,OK,MURRAY_JRC_CONTEXT_ONLY_NEVER_A_SPARTINA_LABEL
CNA10K-R00427-C00140,0,0.0,0.0,0.0,30000,OK,97.8095,55029474.4,0.550295,12.0,30000,OK,MURRAY_JRC_CONTEXT_ONLY_NEVER_A_SPARTINA_LABEL
CNA10K-R00427-C00141,0,0.0,0.0,0.0,30000,OK,98.4516,85217140.7,0.852171,12.0,30000,OK,MURRAY_JRC_CONTEXT_ONLY_NEVER_A_SPARTINA_LABEL
CNA10K-R00428-C00107,1,2.0,114699015.5,1.14699,30000,OK,44.4706,54681424.3,0.546814,5.3529,30000,OK,MURRAY_JRC_CONTEXT_ONLY_NEVER_A_SPARTINA_LABEL
CNA10K-R00428-C00108,1,1.0,79196939.3,0.791969,30000,OK,72.3243,73819922.8,0.738199,8.7805,30000,OK,MURRAY_JRC_CONTEXT_ONLY_NEVER_A_SPARTINA_LABEL
CNA10K-R00428-C00109,1,1.0,103775299.8,1.037753,30000,OK,84.7273,76553994.0,0.76554,10.9394,30000,OK,MURRAY_JRC_CONTEXT_ONLY_NEVER_A_SPARTINA_LABEL
CNA10K-R00428-C00110,1,2.0,114699015.5,1.14699,30000,OK,90.8235,92958421.3,0.929584,11.4118,30000,OK,MURRAY_JRC_CONTEXT_ONLY_NEVER_A_SPARTINA_LABEL
CNA10K-R00428-C00111,1,1.0,76466010.4,0.76466,30000,OK,90.0,114830991.1,1.14831,11.0,30000,OK,MURRAY_JRC_CONTEXT_ONLY_NEVER_A_SPARTINA_LABEL
CNA10K-R00428-C00112,1,2.0,106506228.7,1.065062,30000,OK,87.5806,84756207.7,0.847562,10.5161,30000,OK,MURRAY_JRC_CONTEXT_ONLY_NEVER_A_SPARTINA_LABEL
CNA10K-R00428-C00113,1,1.0,109237157.6,1.092372,30000,OK,75.0,98426563.8,0.984266,8.0,30000,OK,MURRAY_JRC_CONTEXT_ONLY_NEVER_A_SPARTINA_LABEL
CNA10K-R00428-C00114,1,2.0,76466010.4,0.76466,30000,OK,75.0,114830991.1,1.14831,8.0,30000,OK,MURRAY_JRC_CONTEXT_ONLY_NEVER_A_SPARTINA_LABEL
CNA10K-R00428-C00115,1,1.0,114699015.5,1.14699,30000,OK,90.5172,10936284.9,0.109363,10.5862,30000,OK,MURRAY_JRC_CONTEXT_ONLY_NEVER_A_SPARTINA_LABEL
CNA10K-R00428-C00116,1,1.0,101044370.8,1.010444,30000,OK,93.0,0.0,0.0,11.0,30000,OK,MURRAY_JRC_CONTEXT_ONLY_NEVER_A_SPARTINA_LABEL
CNA10K-R00428-C00117,1,2.0,84658797.2,0.846588,30000,OK,94.1,60149566.7,0.601496,11.0,30000,OK,MURRAY_JRC_CONTEXT_ONLY_NEVER_A_SPARTINA_LABEL
CNA10K-R00428-C00118,1,1.0,114699015.5,1.14699,30000,OK,95.0,79288065.3,0.792881,11.0,30000,OK,MURRAY_JRC_CONTEXT_ONLY_NEVER_A_SPARTINA_LABEL
CNA10K-R00428-C00119,1,1.0,54618578.8,0.546186,30000,OK,96.0476,114830991.1,1.14831,11.2619,30000,OK,MURRAY_JRC_CONTEXT_ONLY_NEVER_A_SPARTINA_LABEL
CNA10K-R00428-C00134,1,1.0,98683554.6,0.986836,30000,OK,99.0,107028998.8,1.07029,12.0,30000,OK,MURRAY_JRC_CONTEXT_ONLY_NEVER_A_SPARTINA_LABEL
CNA10K-R00428-C00135,1,2.0,93201134.9,0.932011,30000,OK,99.0,98795998.9,0.98796,12.0,30000,OK,MURRAY_JRC_CONTEXT_ONLY_NEVER_A_SPARTINA_LABEL
CNA10K-R00428-C00136,1,1.0,112389603.9,1.123896,30000,OK,98.0,93307332.3,0.933073,12.0,30000,OK,MURRAY_JRC_CONTEXT_ONLY_NEVER_A_SPARTINA_LABEL
CNA10K-R00428-C00137,1,1.0,82236295.5,0.822363,30000,OK,98.0,112517665.4,1.125177,12.0,30000,OK,MURRAY_JRC_CONTEXT_ONLY_NEVER_A_SPARTINA_LABEL
CNA10K-R00428-C00138,1,2.0,112389603.9,1.123896,30000,OK,97.3103,24698999.7,0.24699,12.0,30000,OK,MURRAY_JRC_CONTEXT_ONLY_NEVER_A_SPARTINA_LABEL
CNA10K-R00428-C00139,1,1.0,84977505.4,0.849775,30000,OK,97.0,0.0,0.0,12.0,30000,OK,MURRAY_JRC_CONTEXT_ONLY_NEVER_A_SPARTINA_LABEL
CNA10K-R00428-C00140,1,2.0,76753875.8,0.767539,30000,OK,97.3125,27443333.0,0.274433,12.0,30000,OK,MURRAY_JRC_CONTEXT_ONLY_NEVER_A_SPARTINA_LABEL
CNA10K-R00428-C00141,1,1.0,60306616.7,0.603066,30000,OK,98.0,107028998.8,1.07029,12.0,30000,OK,MURRAY_JRC_CONTEXT_ONLY_NEVER_A_SPARTINA_LABEL
CNA10K-R00428-C00142,1,2.0,35635728.1,0.356357,30000,OK,98.0,96051665.6,0.960517,12.0,30000,OK,MURRAY_JRC_CONTEXT_ONLY_NEVER_A_SPARTINA_LABEL
CNA10K-R00428-C00143,1,1.0,30153308.4,0.301533,30000,OK,99.0,96051665.6,0.960517,12.0,30000,OK,MURRAY_JRC_CONTEXT_ONLY_NEVER_A_SPARTINA_LABEL
CNA10K-R00429-C00109,1,1.0,76466010.4,0.76466,30000,OK,44.0,0.0,0.0,5.0,30000,OK,MURRAY_JRC_CONTEXT_ONLY_NEVER_A_SPARTINA_LABEL
CNA10K-R00429-C00110,1,2.0,76466010.4,0.76466,30000,OK,33.5789,0.0,0.0,3.7,30000,OK,MURRAY_JRC_CONTEXT_ONLY_NEVER_A_SPARTINA_LABEL
CNA10K-R00429-C00111,1,1.0,114699015.5,1.14699,30000,OK,26.0,0.0,0.0,3.0,30000,OK,MURRAY_JRC_CONTEXT_ONLY_NEVER_A_SPARTINA_LABEL
CNA10K-R00429-C00114,1,2.0,114699015.5,1.14699,30000,OK,61.0526,38276997.0,0.38277,5.1111,30000,OK,MURRAY_JRC_CONTEXT_ONLY_NEVER_A_SPARTINA_LABEL
CNA10K-R00429-C00115,1,1.0,98313441.9,0.983134,30000,OK,88.1724,0.0,0.0,10.2,30000,OK,MURRAY_JRC_CONTEXT_ONLY_NEVER_A_SPARTINA_LABEL
CNA10K-R00429-C00116,1,1.0,90120655.1,0.901207,30000,OK,88.3333,0.0,0.0,10.2258,30000,OK,MURRAY_JRC_CONTEXT_ONLY_NEVER_A_SPARTINA_LABEL
CNA10K-R00429-C00117,1,2.0,111968086.6,1.119681,30000,OK,94.4667,60149566.7,0.601496,11.0,30000,OK,MURRAY_JRC_CONTEXT_ONLY_NEVER_A_SPARTINA_LABEL
CNA10K-R00429-C00118,1,1.0,87389726.1,0.873897,30000,OK,95.0,114830991.1,1.14831,11.0,30000,OK,MURRAY_JRC_CONTEXT_ONLY_NEVER_A_SPARTINA_LABEL
CNA10K-R00429-C00119,1,1.0,35502076.2,0.355021,30000,OK,96.2571,95692492.5,0.956925,11.3143,30000,OK,MURRAY_JRC_CONTEXT_ONLY_NEVER_A_SPARTINA_LABEL
CNA10K-R00429-C00120,0,0.0,0.0,0.0,30000,OK,99.0,92958421.3,0.929584,12.0,30000,OK,MURRAY_JRC_CONTEXT_ONLY_NEVER_A_SPARTINA_LABEL
CNA10K-R00429-C00134,1,1.0,93201134.9,0.932011,30000,OK,99.0,38420666.2,0.384207,12.0,30000,OK,MURRAY_JRC_CONTEXT_ONLY_NEVER_A_SPARTINA_LABEL
CNA10K-R00429-C00135,1,2.0,112389603.9,1.123896,30000,OK,98.9091,60344546.4,0.603445,12.0,30000,OK,MURRAY_JRC_CONTEXT_ONLY_NEVER_A_SPARTINA_LABEL
CNA10K-R00429-C00136,1,1.0,79495085.7,0.794951,30000,OK,98.3333,115118329.5,1.151183,12.0,30000,OK,MURRAY_JRC_CONTEXT_ONLY_NEVER_A_SPARTINA_LABEL
CNA10K-R00429-C00137,1,2.0,115130813.7,1.151308,30000,OK,98.0,79585665.8,0.795857,12.0,30000,OK,MURRAY_JRC_CONTEXT_ONLY_NEVER_A_SPARTINA_LABEL
CNA10K-R00429-C00138,1,1.0,87718715.2,0.877187,30000,OK,97.1463,16465999.8,0.16466,12.0,30000,OK,MURRAY_JRC_CONTEXT_ONLY_NEVER_A_SPARTINA_LABEL
CNA10K-R00429-C00139,1,1.0,104165974.3,1.04166,30000,OK,97.0,0.0,0.0,12.0,30000,OK,MURRAY_JRC_CONTEXT_ONLY_NEVER_A_SPARTINA_LABEL
CNA10K-R00429-C00140,1,2.0,98683554.6,0.986836,30000,OK,97.5526,57630999.3,0.57631,12.0,30000,OK,MURRAY_JRC_CONTEXT_ONLY_NEVER_A_SPARTINA_LABEL
CNA10K-R00429-C00141,1,1.0,93201134.9,0.932011,30000,OK,98.0,98795998.9,0.98796,12.0,30000,OK,MURRAY_JRC_CONTEXT_ONLY_NEVER_A_SPARTINA_LABEL
CNA10K-R00429-C00142,1,2.0,109648394.0,1.096484,30000,OK,98.2059,93307332.3,0.933073,12.0,30000,OK,MURRAY_JRC_CONTEXT_ONLY_NEVER_A_SPARTINA_LABEL
CNA10K-R00429-C00143,1,1.0,84977505.4,0.849775,30000,OK,99.0,109773332.1,1.097733,12.0,30000,OK,MURRAY_JRC_CONTEXT_ONLY_NEVER_A_SPARTINA_LABEL
CNA10K-R00430-C00117,1,2.0,81907183.9,0.819072,30000,OK,46.3333,0.0,0.0,4.5714,30000,OK,MURRAY_JRC_CONTEXT_ONLY_NEVER_A_SPARTINA_LABEL
CNA10K-R00430-C00118,1,1.0,103775299.8,1.037753,30000,OK,53.0,0.0,0.0,5.0,30000,OK,MURRAY_JRC_CONTEXT_ONLY_NEVER_A_SPARTINA_LABEL
CNA10K-R00430-C00119,1,1.0,30040218.4,0.300402,30000,OK,86.2069,59994713.1,0.599947,9.6364,30000,OK,MURRAY_JRC_CONTEXT_ONLY_NEVER_A_SPARTINA_LABEL
CNA10K-R00430-C00120,0,0.0,0.0,0.0,30000,OK,97.0,114541930.9,1.145419,12.0,30000,OK,MURRAY_JRC_CONTEXT_ONLY_NEVER_A_SPARTINA_LABEL
CNA10K-R00430-C00121,0,0.0,0.0,0.0,30000,OK,97.8214,68207250.3,0.682073,12.0,30000,OK,MURRAY_JRC_CONTEXT_ONLY_NEVER_A_SPARTINA_LABEL
CNA10K-R00430-C00135,1,3.0,60224369.4,0.602244,30000,OK,99.0,38276997.0,0.38277,12.0,30000,OK,MURRAY_JRC_CONTEXT_ONLY_NEVER_A_SPARTINA_LABEL
CNA10K-R00430-C00136,1,2.0,114986881.0,1.149869,30000,OK,99.0,79288065.3,0.792881,12.0,30000,OK,MURRAY_JRC_CONTEXT_ONLY_NEVER_A_SPARTINA_LABEL
CNA10K-R00430-C00137,1,3.0,90408520.5,0.904085,30000,OK,99.0,112096919.8,1.120969,12.0,30000,OK,MURRAY_JRC_CONTEXT_ONLY_NEVER_A_SPARTINA_LABEL
CNA10K-R00430-C00138,1,1.0,104165974.3,1.04166,30000,OK,99.0,90224350.1,0.902244,12.0,30000,OK,MURRAY_JRC_CONTEXT_ONLY_NEVER_A_SPARTINA_LABEL
CNA10K-R00430-C00139,1,1.0,101424764.5,1.014248,30000,OK,98.5135,76553994.0,0.76554,12.0,30000,OK,MURRAY_JRC_CONTEXT_ONLY_NEVER_A_SPARTINA_LABEL
CNA10K-R00430-C00140,1,2.0,90459925.1,0.904599,30000,OK,92.0,43837498.2,0.438375,11.1351,30000,OK,MURRAY_JRC_CONTEXT_ONLY_NEVER_A_SPARTINA_LABEL
CNA10K-R00430-C00141,1,1.0,112389603.9,1.123896,30000,OK,92.0606,52142332.7,0.521423,11.1515,30000,OK,MURRAY_JRC_CONTEXT_ONLY_NEVER_A_SPARTINA_LABEL
CNA10K-R00430-C00142,1,2.0,79495085.7,0.794951,30000,OK,95.3,74096999.2,0.74097,11.6,30000,OK,MURRAY_JRC_CONTEXT_ONLY_NEVER_A_SPARTINA_LABEL
CNA10K-R00430-C00143,1,1.0,115130813.7,1.151308,30000,OK,99.0,82329999.1,0.8233,12.0,30000,OK,MURRAY_JRC_CONTEXT_ONLY_NEVER_A_SPARTINA_LABEL
CNA10K-R00430-C00144,1,1.0,65789036.4,0.65789,30000,OK,99.0,115261998.7,1.15262,12.0,30000,OK,MURRAY_JRC_CONTEXT_ONLY_NEVER_A_SPARTINA_LABEL
CNA10K-R00431-C00118,1,1.0,108823471.7,1.088235,30000,OK,53.0,0.0,0.0,5.0,30000,OK,MURRAY_JRC_CONTEXT_ONLY_NEVER_A_SPARTINA_LABEL
CNA10K-R00431-C00119,1,2.0,73455843.4,0.734558,30000,OK,87.6389,78988681.5,0.789887,10.075,30000,OK,MURRAY_JRC_CONTEXT_ONLY_NEVER_A_SPARTINA_LABEL
CNA10K-R00431-C00120,1,1.0,76176430.2,0.761764,30000,OK,96.0,76264933.9,0.762649,12.0,30000,OK,MURRAY_JRC_CONTEXT_ONLY_NEVER_A_SPARTINA_LABEL
CNA10K-R00431-C00121,1,1.0,29926454.7,0.299265,30000,OK,97.1707,111673653.2,1.116737,12.0,30000,OK,MURRAY_JRC_CONTEXT_ONLY_NEVER_A_SPARTINA_LABEL
CNA10K-R00431-C00135,1,1.0,79196939.3,0.791969,30000,OK,99.0,38276997.0,0.38277,12.0,30000,OK,MURRAY_JRC_CONTEXT_ONLY_NEVER_A_SPARTINA_LABEL
CNA10K-R00431-C00136,1,1.0,92851584.0,0.928516,30000,OK,99.0,114830991.1,1.14831,12.0,30000,OK,MURRAY_JRC_CONTEXT_ONLY_NEVER_A_SPARTINA_LABEL
CNA10K-R00431-C00137,1,2.0,101044370.8,1.010444,30000,OK,99.0,92958421.3,0.929584,12.0,30000,OK,MURRAY_JRC_CONTEXT_ONLY_NEVER_A_SPARTINA_LABEL
CNA10K-R00431-C00138,1,1.0,103775299.8,1.037753,30000,OK,99.0,101160635.0,1.011606,12.0,30000,OK,MURRAY_JRC_CONTEXT_ONLY_NEVER_A_SPARTINA_LABEL
CNA10K-R00431-C00139,1,3.0,87430849.8,0.874308,30000,OK,99.0,103894706.2,1.038947,12.0,30000,OK,MURRAY_JRC_CONTEXT_ONLY_NEVER_A_SPARTINA_LABEL
CNA10K-R00431-C00140,1,2.0,114842948.3,1.148429,30000,OK,85.8182,10936284.9,0.109363,10.2424,30000,OK,MURRAY_JRC_CONTEXT_ONLY_NEVER_A_SPARTINA_LABEL
CNA10K-R00431-C00141,1,2.0,76609943.1,0.766099,30000,OK,84.0,0.0,0.0,10.0,30000,OK,MURRAY_JRC_CONTEXT_ONLY_NEVER_A_SPARTINA_LABEL
CNA10K-R00431-C00142,1,4.0,114986881.0,1.149869,30000,OK,91.1724,0.0,0.0,11.1034,30000,OK,MURRAY_JRC_CONTEXT_ONLY_NEVER_A_SPARTINA_LABEL
CNA10K-R00431-C00143,1,2.0,87677591.6,0.876776,30000,OK,97.0,0.0,0.0,12.0,30000,OK,MURRAY_JRC_CONTEXT_ONLY_NEVER_A_SPARTINA_LABEL
CNA10K-R00431-C00144,1,1.0,63047826.6,0.630478,30000,OK,97.375,16404427.3,0.164044,12.0,30000,OK,MURRAY_JRC_CONTEXT_ONLY_NEVER_A_SPARTINA_LABEL
CNA10K-R00431-C00145,0,0.0,0.0,0.0,30000,OK,99.0,106741660.4,1.067417,12.0,30000,OK,MURRAY_JRC_CONTEXT_ONLY_NEVER_A_SPARTINA_LABEL
CNA10K-R00431-C00149,1,2.0,106907184.2,1.069072,30000,OK,99.0,93307332.3,0.933073,12.0,30000,OK,MURRAY_JRC_CONTEXT_ONLY_NEVER_A_SPARTINA_LABEL
CNA10K-R00431-C00150,1,1.0,87718715.2,0.877187,30000,OK,99.0,107028998.8,1.07029,12.0,30000,OK,MURRAY_JRC_CONTEXT_ONLY_NEVER_A_SPARTINA_LABEL
CNA10K-R00431-C00151,1,1.0,65789036.4,0.65789,30000,OK,99.0,87818665.7,0.878187,12.0,30000,OK,MURRAY_JRC_CONTEXT_ONLY_NEVER_A_SPARTINA_LABEL
CNA10K-R00432-C00119,1,1.0,111544058.5,1.115441,30000,OK,88.3214,62646195.7,0.626462,10.75,30000,OK,MURRAY_JRC_CONTEXT_ONLY_NEVER_A_SPARTINA_LABEL
CNA10K-R00432-C00120,1,1.0,92499950.9,0.925,30000,OK,96.0,114397400.8,1.143974,12.0,30000,OK,MURRAY_JRC_CONTEXT_ONLY_NEVER_A_SPARTINA_LABEL
CNA10K-R00432-C00121,1,1.0,21764694.3,0.217647,30000,OK,97.4167,98054915.0,0.980549,12.0,30000,OK,MURRAY_JRC_CONTEXT_ONLY_NEVER_A_SPARTINA_LABEL
CNA10K-R00432-C00136,1,1.0,101044370.8,1.010444,30000,OK,98.6471,92896479.9,0.928965,12.0,30000,OK,MURRAY_JRC_CONTEXT_ONLY_NEVER_A_SPARTINA_LABEL
CNA10K-R00432-C00137,1,2.0,106506228.7,1.065062,30000,OK,99.0,98426563.8,0.984266,12.0,30000,OK,MURRAY_JRC_CONTEXT_ONLY_NEVER_A_SPARTINA_LABEL
CNA10K-R00432-C00138,1,1.0,87389726.1,0.873897,30000,OK,99.0,106628777.4,1.066288,12.0,30000,OK,MURRAY_JRC_CONTEXT_ONLY_NEVER_A_SPARTINA_LABEL
CNA10K-R00432-C00139,1,2.0,111968086.6,1.119681,30000,OK,98.5161,82022136.5,0.820221,11.9355,30000,OK,MURRAY_JRC_CONTEXT_ONLY_NEVER_A_SPARTINA_LABEL
CNA10K-R00432-C00140,1,1.0,79196939.3,0.791969,30000,OK,84.0,0.0,0.0,10.0,30000,OK,MURRAY_JRC_CONTEXT_ONLY_NEVER_A_SPARTINA_LABEL
CNA10K-R00432-C00141,1,1.0,114699015.5,1.14699,30000,OK,84.0,0.0,0.0,10.0,30000,OK,MURRAY_JRC_CONTEXT_ONLY_NEVER_A_SPARTINA_LABEL
CNA10K-R00432-C00142,1,2.0,87389726.1,0.873897,30000,OK,93.1951,0.0,0.0,11.4146,30000,OK,MURRAY_JRC_CONTEXT_ONLY_NEVER_A_SPARTINA_LABEL
CNA10K-R00432-C00143,1,1.0,103775299.8,1.037753,30000,OK,97.0,0.0,0.0,12.0,30000,OK,MURRAY_JRC_CONTEXT_ONLY_NEVER_A_SPARTINA_LABEL
CNA10K-R00432-C00144,1,2.0,98313441.9,0.983134,30000,OK,97.8205,43745139.5,0.437451,12.0,30000,OK,MURRAY_JRC_CONTEXT_ONLY_NEVER_A_SPARTINA_LABEL
CNA10K-R00432-C00145,1,1.0,76466010.4,0.76466,30000,OK,99.0,98426563.8,0.984266,12.0,30000,OK,MURRAY_JRC_CONTEXT_ONLY_NEVER_A_SPARTINA_LABEL
CNA10K-R00432-C00146,1,3.0,73765924.1,0.737659,30000,OK,99.0,95692492.5,0.956925,12.0,30000,OK,MURRAY_JRC_CONTEXT_ONLY_NEVER_A_SPARTINA_LABEL
CNA10K-R00432-C00147,1,2.0,87574782.5,0.875748,30000,OK,99.0,103894706.2,1.038947,12.0,30000,OK,MURRAY_JRC_CONTEXT_ONLY_NEVER_A_SPARTINA_LABEL
CNA10K-R00432-C00148,1,2.0,112255952.1,1.12256,30000,OK,99.0,90224350.1,0.902244,12.0,30000,OK,MURRAY_JRC_CONTEXT_ONLY_NEVER_A_SPARTINA_LABEL
CNA10K-R00432-C00149,1,2.0,79495085.7,0.794951,30000,OK,99.0,112096919.8,1.120969,12.0,30000,OK,MURRAY_JRC_CONTEXT_ONLY_NEVER_A_SPARTINA_LABEL
CNA10K-R00432-C00150,1,1.0,115130813.7,1.151308,30000,OK,99.0,82042660.6,0.820427,12.0,30000,OK,MURRAY_JRC_CONTEXT_ONLY_NEVER_A_SPARTINA_LABEL
CNA10K-R00432-C00151,1,1.0,35635728.1,0.356357,30000,OK,99.0,112230327.0,1.122303,12.0,30000,OK,MURRAY_JRC_CONTEXT_ONLY_NEVER_A_SPARTINA_LABEL
CNA10K-R00432-C00152,0,0.0,0.0,0.0,30000,OK,99.0,82176067.8,0.821761,12.0,30000,OK,MURRAY_JRC_CONTEXT_ONLY_NEVER_A_SPARTINA_LABEL
CNA10K-R00432-C00153,0,0.0,0.0,0.0,30000,OK,99.0,106905853.7,1.069059,12.0,30000,OK,MURRAY_JRC_CONTEXT_ONLY_NEVER_A_SPARTINA_LABEL
CNA10K-R00432-C00154,0,0.0,0.0,0.0,30000,OK,99.0,0.0,0.0,12.0,30000,OK,MURRAY_JRC_CONTEXT_ONLY_NEVER_A_SPARTINA_LABEL
CNA10K-R00433-C00118,1,2.0,114264645.3,1.142646,30000,OK,37.0,0.0,0.0,4.3333,30000,OK,MURRAY_JRC_CONTEXT_ONLY_NEVER_A_SPARTINA_LABEL
CNA10K-R00433-C00119,1,1.0,89779364.1,0.897794,30000,OK,94.2683,32684971.7,0.32685,11.8293,30000,OK,MURRAY_JRC_CONTEXT_ONLY_NEVER_A_SPARTINA_LABEL
CNA10K-R00433-C00120,1,1.0,97941124.5,0.979411,30000,OK,95.3889,38132466.9,0.381325,12.0,30000,OK,MURRAY_JRC_CONTEXT_ONLY_NEVER_A_SPARTINA_LABEL
CNA10K-R00433-C00121,1,1.0,16323520.8,0.163235,30000,OK,98.0882,81608581.0,0.816086,12.0,30000,OK,MURRAY_JRC_CONTEXT_ONLY_NEVER_A_SPARTINA_LABEL
CNA10K-R00433-C00136,1,2.0,109113051.9,1.091131,30000,OK,97.0,98054915.0,0.980549,12.0,30000,OK,MURRAY_JRC_CONTEXT_ONLY_NEVER_A_SPARTINA_LABEL
CNA10K-R00433-C00137,1,2.0,84658797.2,0.846588,30000,OK,95.5,54474952.8,0.54475,12.0,30000,OK,MURRAY_JRC_CONTEXT_ONLY_NEVER_A_SPARTINA_LABEL
CNA10K-R00433-C00138,1,1.0,114699015.5,1.14699,30000,OK,94.4839,8202213.6,0.082022,12.0,30000,OK,MURRAY_JRC_CONTEXT_ONLY_NEVER_A_SPARTINA_LABEL
CNA10K-R00433-C00139,1,2.0,81927868.2,0.819279,30000,OK,94.0976,32808854.6,0.328089,11.7561,30000,OK,MURRAY_JRC_CONTEXT_ONLY_NEVER_A_SPARTINA_LABEL
CNA10K-R00433-C00140,1,1.0,111968086.6,1.119681,30000,OK,86.1333,0.0,0.0,10.5333,30000,OK,MURRAY_JRC_CONTEXT_ONLY_NEVER_A_SPARTINA_LABEL
CNA10K-R00433-C00141,1,2.0,92851584.0,0.928516,30000,OK,85.3659,0.0,0.0,10.3415,30000,OK,MURRAY_JRC_CONTEXT_ONLY_NEVER_A_SPARTINA_LABEL
CNA10K-R00433-C00142,1,1.0,101044370.8,1.010444,30000,OK,88.7576,0.0,0.0,11.0,30000,OK,MURRAY_JRC_CONTEXT_ONLY_NEVER_A_SPARTINA_LABEL
CNA10K-R00433-C00143,1,1.0,103775299.8,1.037753,30000,OK,97.0,0.0,0.0,12.0,30000,OK,MURRAY_JRC_CONTEXT_ONLY_NEVER_A_SPARTINA_LABEL
CNA10K-R00433-C00144,1,2.0,92851584.0,0.928516,30000,OK,98.027,51947353.1,0.519474,12.0,30000,OK,MURRAY_JRC_CONTEXT_ONLY_NEVER_A_SPARTINA_LABEL
CNA10K-R00433-C00145,1,1.0,111968086.6,1.119681,30000,OK,99.0,92958421.3,0.929584,12.0,30000,OK,MURRAY_JRC_CONTEXT_ONLY_NEVER_A_SPARTINA_LABEL
CNA10K-R00433-C00146,1,2.0,84658797.2,0.846588,30000,OK,99.0,109362848.6,1.093628,12.0,30000,OK,MURRAY_JRC_CONTEXT_ONLY_NEVER_A_SPARTINA_LABEL
CNA10K-R00433-C00147,1,1.0,114699015.5,1.14699,30000,OK,99.0,84756207.7,0.847562,12.0,30000,OK,MURRAY_JRC_CONTEXT_ONLY_NEVER_A_SPARTINA_LABEL
CNA10K-R00433-C00148,1,2.0,79196939.3,0.791969,30000,OK,99.0,114830991.1,1.14831,12.0,30000,OK,MURRAY_JRC_CONTEXT_ONLY_NEVER_A_SPARTINA_LABEL
CNA10K-R00433-C00149,1,1.0,114699015.5,1.14699,30000,OK,99.0,82022136.5,0.820221,12.0,30000,OK,MURRAY_JRC_CONTEXT_ONLY_NEVER_A_SPARTINA_LABEL
CNA10K-R00433-C00150,1,1.0,84658797.2,0.846588,30000,OK,99.0,114830991.1,1.14831,12.0,30000,OK,MURRAY_JRC_CONTEXT_ONLY_NEVER_A_SPARTINA_LABEL
CNA10K-R00433-C00151,1,3.0,81948430.1,0.819484,30000,OK,99.0,82022136.5,0.820221,12.0,30000,OK,MURRAY_JRC_CONTEXT_ONLY_NEVER_A_SPARTINA_LABEL
CNA10K-R00433-C00152,1,1.0,51887649.9,0.518876,30000,OK,99.0,112096919.8,1.120969,12.0,30000,OK,MURRAY_JRC_CONTEXT_ONLY_NEVER_A_SPARTINA_LABEL
CNA10K-R00433-C00153,1,1.0,19116502.6,0.191165,30000,OK,99.0,68351780.4,0.683518,12.0,30000,OK,MURRAY_JRC_CONTEXT_ONLY_NEVER_A_SPARTINA_LABEL
CNA10K-R00433-C00154,0,0.0,0.0,0.0,30000,OK,99.0,0.0,0.0,12.0,30000,OK,MURRAY_JRC_CONTEXT_ONLY_NEVER_A_SPARTINA_LABEL
CNA10K-R00433-C00155,0,0.0,0.0,0.0,30000,OK,99.0,0.0,0.0,12.0,30000,OK,MURRAY_JRC_CONTEXT_ONLY_NEVER_A_SPARTINA_LABEL
CNA10K-R00434-C00118,1,1.0,21681467.2,0.216815,30000,OK,82.6667,0.0,0.0,9.7143,30000,OK,MURRAY_JRC_CONTEXT_ONLY_NEVER_A_SPARTINA_LABEL
CNA10K-R00434-C00119,1,2.0,100370416.4,1.003704,30000,OK,95.0,0.0,0.0,12.0,30000,OK,MURRAY_JRC_CONTEXT_ONLY_NEVER_A_SPARTINA_LABEL
CNA10K-R00434-C00120,1,3.0,113973350.4,1.139734,30000,OK,95.0,0.0,0.0,12.0,30000,OK,MURRAY_JRC_CONTEXT_ONLY_NEVER_A_SPARTINA_LABEL
CNA10K-R00434-C00121,1,1.0,37942567.7,0.379426,30000,OK,98.2381,92254336.0,0.922543,12.0,30000,OK,MURRAY_JRC_CONTEXT_ONLY_NEVER_A_SPARTINA_LABEL
CNA10K-R00434-C00136,1,1.0,84338190.6,0.843382,30000,OK,97.0,111673653.2,1.116737,12.0,30000,OK,MURRAY_JRC_CONTEXT_ONLY_NEVER_A_SPARTINA_LABEL
CNA10K-R00434-C00137,1,2.0,114264645.3,1.142646,30000,OK,94.9,24513728.8,0.245137,12.0,30000,OK,MURRAY_JRC_CONTEXT_ONLY_NEVER_A_SPARTINA_LABEL
CNA10K-R00434-C00138,1,1.0,84338190.6,0.843382,30000,OK,94.0,0.0,0.0,12.0,30000,OK,MURRAY_JRC_CONTEXT_ONLY_NEVER_A_SPARTINA_LABEL
CNA10K-R00434-C00139,1,4.0,108947577.5,1.089476,30000,OK,92.0645,0.0,0.0,11.6774,30000,OK,MURRAY_JRC_CONTEXT_ONLY_NEVER_A_SPARTINA_LABEL
CNA10K-R00434-C00140,1,2.0,95365327.8,0.953653,30000,OK,88.0,0.0,0.0,11.0,30000,OK,MURRAY_JRC_CONTEXT_ONLY_NEVER_A_SPARTINA_LABEL
CNA10K-R00434-C00141,1,4.0,95437722.9,0.954377,30000,OK,87.0,0.0,0.0,10.8857,30000,OK,MURRAY_JRC_CONTEXT_ONLY_NEVER_A_SPARTINA_LABEL
CNA10K-R00434-C00142,1,2.0,103671878.3,1.036719,30000,OK,53.0,0.0,0.0,7.0,30000,OK,MURRAY_JRC_CONTEXT_ONLY_NEVER_A_SPARTINA_LABEL
CNA10K-R00434-C00143,1,1.0,90120655.1,0.901207,30000,OK,53.0,0.0,0.0,7.0,30000,OK,MURRAY_JRC_CONTEXT_ONLY_NEVER_A_SPARTINA_LABEL
CNA10K-R00434-C00144,1,2.0,111968086.6,1.119681,30000,OK,87.8333,10936284.9,0.109363,11.1667,30000,OK,MURRAY_JRC_CONTEXT_ONLY_NEVER_A_SPARTINA_LABEL
CNA10K-R00434-C00145,1,1.0,81927868.2,0.819279,30000,OK,95.7073,38276997.0,0.38277,12.0,30000,OK,MURRAY_JRC_CONTEXT_ONLY_NEVER_A_SPARTINA_LABEL
CNA10K-R00434-C00146,1,2.0,114699015.5,1.14699,30000,OK,97.2069,41011068.2,0.410111,12.0,30000,OK,MURRAY_JRC_CONTEXT_ONLY_NEVER_A_SPARTINA_LABEL
CNA10K-R00434-C00147,1,1.0,84658797.2,0.846588,30000,OK,98.3333,76553994.0,0.76554,12.0,30000,OK,MURRAY_JRC_CONTEXT_ONLY_NEVER_A_SPARTINA_LABEL
CNA10K-R00434-C00148,1,2.0,111968086.6,1.119681,30000,OK,98.8667,76553994.0,0.76554,12.0,30000,OK,MURRAY_JRC_CONTEXT_ONLY_NEVER_A_SPARTINA_LABEL
CNA10K-R00434-C00149,1,1.0,90120655.1,0.901207,30000,OK,99.0,114830991.1,1.14831,12.0,30000,OK,MURRAY_JRC_CONTEXT_ONLY_NEVER_A_SPARTINA_LABEL
CNA10K-R00434-C00150,1,1.0,106506228.7,1.065062,30000,OK,99.0,87490278.9,0.874903,12.0,30000,OK,MURRAY_JRC_CONTEXT_ONLY_NEVER_A_SPARTINA_LABEL
CNA10K-R00434-C00151,1,2.0,95582512.9,0.955825,30000,OK,99.0,109362848.6,1.093628,12.0,30000,OK,MURRAY_JRC_CONTEXT_ONLY_NEVER_A_SPARTINA_LABEL
CNA10K-R00434-C00152,1,1.0,101044370.8,1.010444,30000,OK,99.0,92958421.3,0.929584,12.0,30000,OK,MURRAY_JRC_CONTEXT_ONLY_NEVER_A_SPARTINA_LABEL
CNA10K-R00434-C00153,1,1.0,40963934.1,0.409639,30000,OK,99.0,54681424.3,0.546814,12.0,30000,OK,MURRAY_JRC_CONTEXT_ONLY_NEVER_A_SPARTINA_LABEL
CNA10K-R00434-C00154,0,0.0,0.0,0.0,30000,OK,99.0,0.0,0.0,12.0,30000,OK,MURRAY_JRC_CONTEXT_ONLY_NEVER_A_SPARTINA_LABEL
CNA10K-R00435-C00119,1,1.0,111117519.6,1.111175,30000,OK,95.0,0.0,0.0,12.0,30000,OK,MURRAY_JRC_CONTEXT_ONLY_NEVER_A_SPARTINA_LABEL
CNA10K-R00435-C00120,1,2.0,78595318.7,0.785953,30000,OK,95.0,0.0,0.0,12.0,30000,OK,MURRAY_JRC_CONTEXT_ONLY_NEVER_A_SPARTINA_LABEL
CNA10K-R00435-C00121,1,1.0,113827703.0,1.138277,30000,OK,98.8621,75974159.1,0.759742,12.0,30000,OK,MURRAY_JRC_CONTEXT_ONLY_NEVER_A_SPARTINA_LABEL
CNA10K-R00435-C00122,1,1.0,97566602.5,0.975666,30000,OK,99.0,111247875.8,1.112479,12.0,30000,OK,MURRAY_JRC_CONTEXT_ONLY_NEVER_A_SPARTINA_LABEL
CNA10K-R00435-C00135,1,1.0,81617603.8,0.816176,30000,OK,97.6341,111538650.6,1.115387,12.0,30000,OK,MURRAY_JRC_CONTEXT_ONLY_NEVER_A_SPARTINA_LABEL
CNA10K-R00435-C00136,1,2.0,114264645.3,1.142646,30000,OK,97.0,81712429.2,0.817124,12.0,30000,OK,MURRAY_JRC_CONTEXT_ONLY_NEVER_A_SPARTINA_LABEL
CNA10K-R00435-C00137,1,1.0,87058777.3,0.870588,30000,OK,94.5,19066233.5,0.190662,12.0,30000,OK,MURRAY_JRC_CONTEXT_ONLY_NEVER_A_SPARTINA_LABEL
CNA10K-R00435-C00138,1,1.0,106102884.9,1.061029,30000,OK,94.0,0.0,0.0,12.0,30000,OK,MURRAY_JRC_CONTEXT_ONLY_NEVER_A_SPARTINA_LABEL
CNA10K-R00435-C00139,1,2.0,97941124.5,0.979411,30000,OK,90.6154,0.0,0.0,11.4359,30000,OK,MURRAY_JRC_CONTEXT_ONLY_NEVER_A_SPARTINA_LABEL
CNA10K-R00435-C00140,1,1.0,95220537.7,0.952205,30000,OK,88.0,0.0,0.0,11.0,30000,OK,MURRAY_JRC_CONTEXT_ONLY_NEVER_A_SPARTINA_LABEL
CNA10K-R00435-C00141,1,2.0,108823471.7,1.088235,30000,OK,82.3548,0.0,0.0,10.3548,30000,OK,MURRAY_JRC_CONTEXT_ONLY_NEVER_A_SPARTINA_LABEL
CNA10K-R00435-C00142,1,1.0,87058777.3,0.870588,30000,OK,53.0,0.0,0.0,7.0,30000,OK,MURRAY_JRC_CONTEXT_ONLY_NEVER_A_SPARTINA_LABEL
CNA10K-R00435-C00143,1,2.0,111544058.5,1.115441,30000,OK,53.0,0.0,0.0,7.0,30000,OK,MURRAY_JRC_CONTEXT_ONLY_NEVER_A_SPARTINA_LABEL
CNA10K-R00435-C00144,1,1.0,78897017.0,0.78897,30000,OK,90.0952,0.0,0.0,11.5238,30000,OK,MURRAY_JRC_CONTEXT_ONLY_NEVER_A_SPARTINA_LABEL
CNA10K-R00435-C00145,1,2.0,114409435.4,1.144094,30000,OK,94.0,0.0,0.0,12.0,30000,OK,MURRAY_JRC_CONTEXT_ONLY_NEVER_A_SPARTINA_LABEL
CNA10K-R00435-C00146,1,4.0,81752051.7,0.817521,30000,OK,95.7857,0.0,0.0,12.0,30000,OK,MURRAY_JRC_CONTEXT_ONLY_NEVER_A_SPARTINA_LABEL
CNA10K-R00435-C00147,1,2.0,109092367.6,1.090924,30000,OK,97.0,0.0,0.0,12.0,30000,OK,MURRAY_JRC_CONTEXT_ONLY_NEVER_A_SPARTINA_LABEL
CNA10K-R00435-C00148,1,3.0,92789531.1,0.927895,30000,OK,97.55,29961224.0,0.299612,12.0,30000,OK,MURRAY_JRC_CONTEXT_ONLY_NEVER_A_SPARTINA_LABEL
CNA10K-R00435-C00149,1,1.0,101044370.8,1.010444,30000,OK,99.0,92607419.7,0.926074,12.0,30000,OK,MURRAY_JRC_CONTEXT_ONLY_NEVER_A_SPARTINA_LABEL
CNA10K-R00435-C00150,1,2.0,98313441.9,0.983134,30000,OK,99.0,103605646.1,1.036056,12.0,30000,OK,MURRAY_JRC_CONTEXT_ONLY_NEVER_A_SPARTINA_LABEL
CNA10K-R00435-C00151,1,1.0,98313441.9,0.983134,30000,OK,98.3824,92741626.2,0.927416,12.0,30000,OK,MURRAY_JRC_CONTEXT_ONLY_NEVER_A_SPARTINA_LABEL
CNA10K-R00435-C00152,1,1.0,103775299.8,1.037753,30000,OK,98.6216,101016104.9,1.010161,12.0,30000,OK,MURRAY_JRC_CONTEXT_ONLY_NEVER_A_SPARTINA_LABEL
CNA10K-R00435-C00153,1,1.0,13654644.7,0.136546,30000,OK,98.7778,51864764.5,0.518648,12.0,30000,OK,MURRAY_JRC_CONTEXT_ONLY_NEVER_A_SPARTINA_LABEL
CNA10K-R00436-C00119,1,1.0,78595318.7,0.785953,30000,OK,86.9,0.0,0.0,10.1818,30000,OK,MURRAY_JRC_CONTEXT_ONLY_NEVER_A_SPARTINA_LABEL
CNA10K-R00436-C00120,1,2.0,113827703.0,1.138277,30000,OK,87.9091,2713362.8,0.027134,10.3333,30000,OK,MURRAY_JRC_CONTEXT_ONLY_NEVER_A_SPARTINA_LABEL
CNA10K-R00436-C00121,1,1.0,94856419.1,0.948564,30000,OK,97.9756,73260796.2,0.732608,12.0,30000,OK,MURRAY_JRC_CONTEXT_ONLY_NEVER_A_SPARTINA_LABEL
CNA10K-R00436-C00122,1,1.0,92146235.7,0.921462,30000,OK,98.2703,75974159.1,0.759742,12.0,30000,OK,MURRAY_JRC_CONTEXT_ONLY_NEVER_A_SPARTINA_LABEL
CNA10K-R00436-C00135,1,2.0,114118997.8,1.14119,30000,OK,99.0,78687521.9,0.786875,12.0,30000,OK,MURRAY_JRC_CONTEXT_ONLY_NEVER_A_SPARTINA_LABEL
CNA10K-R00436-C00136,1,3.0,87017163.8,0.870172,30000,OK,98.9524,113961238.6,1.139612,12.0,30000,OK,MURRAY_JRC_CONTEXT_ONLY_NEVER_A_SPARTINA_LABEL
CNA10K-R00436-C00137,1,1.0,106102884.9,1.061029,30000,OK,97.0,86827610.4,0.868276,12.0,30000,OK,MURRAY_JRC_CONTEXT_ONLY_NEVER_A_SPARTINA_LABEL
CNA10K-R00436-C00138,1,1.0,100661711.3,1.006617,30000,OK,96.2105,75974159.1,0.759742,12.0,30000,OK,MURRAY_JRC_CONTEXT_ONLY_NEVER_A_SPARTINA_LABEL
CNA10K-R00436-C00139,1,2.0,92499950.9,0.925,30000,OK,88.2174,18993539.8,0.189935,11.125,30000,OK,MURRAY_JRC_CONTEXT_ONLY_NEVER_A_SPARTINA_LABEL
CNA10K-R00436-C00140,1,1.0,111544058.5,1.115441,30000,OK,84.0,0.0,0.0,10.6087,30000,OK,MURRAY_JRC_CONTEXT_ONLY_NEVER_A_SPARTINA_LABEL
CNA10K-R00436-C00141,1,2.0,84338190.6,0.843382,30000,OK,75.9,0.0,0.0,9.9032,30000,OK,MURRAY_JRC_CONTEXT_ONLY_NEVER_A_SPARTINA_LABEL
CNA10K-R00436-C00142,1,1.0,114264645.3,1.142646,30000,OK,53.0,0.0,0.0,7.0,30000,OK,MURRAY_JRC_CONTEXT_ONLY_NEVER_A_SPARTINA_LABEL
CNA10K-R00436-C00143,1,2.0,84338190.6,0.843382,30000,OK,71.2222,0.0,0.0,9.2222,30000,OK,MURRAY_JRC_CONTEXT_ONLY_NEVER_A_SPARTINA_LABEL
CNA10K-R00436-C00144,1,1.0,111544058.5,1.115441,30000,OK,94.0,0.0,0.0,12.0,30000,OK,MURRAY_JRC_CONTEXT_ONLY_NEVER_A_SPARTINA_LABEL
CNA10K-R00436-C00145,1,1.0,89779364.1,0.897794,30000,OK,94.0,0.0,0.0,12.0,30000,OK,MURRAY_JRC_CONTEXT_ONLY_NEVER_A_SPARTINA_LABEL
CNA10K-R00436-C00146,1,2.0,103382298.1,1.033823,30000,OK,96.1818,0.0,0.0,12.0,30000,OK,MURRAY_JRC_CONTEXT_ONLY_NEVER_A_SPARTINA_LABEL
CNA10K-R00436-C00147,1,1.0,97941124.5,0.979411,30000,OK,97.0,0.0,0.0,12.0,30000,OK,MURRAY_JRC_CONTEXT_ONLY_NEVER_A_SPARTINA_LABEL
CNA10K-R00436-C00148,1,2.0,97941124.5,0.979411,30000,OK,97.7429,35408719.3,0.354087,12.0,30000,OK,MURRAY_JRC_CONTEXT_ONLY_NEVER_A_SPARTINA_LABEL
CNA10K-R00436-C00149,1,1.0,103382298.1,1.033823,30000,OK,99.0,100778662.7,1.007787,12.0,30000,OK,MURRAY_JRC_CONTEXT_ONLY_NEVER_A_SPARTINA_LABEL
CNA10K-R00436-C00151,1,2.0,108968261.8,1.089683,30000,OK,98.0,95331167.4,0.953312,12.0,30000,OK,MURRAY_JRC_CONTEXT_ONLY_NEVER_A_SPARTINA_LABEL
CNA10K-R00436-C00152,1,2.0,84524349.2,0.845243,30000,OK,98.0,106226157.9,1.062262,12.0,30000,OK,MURRAY_JRC_CONTEXT_ONLY_NEVER_A_SPARTINA_LABEL
CNA10K-R00436-C00153,1,1.0,2730928.9,0.027309,30000,OK,98.0,89883672.1,0.898837,12.0,30000,OK,MURRAY_JRC_CONTEXT_ONLY_NEVER_A_SPARTINA_LABEL
CNA10K-R00437-C00120,1,3.0,54140876.8,0.541409,30000,OK,86.1176,0.0,0.0,9.8947,30000,OK,MURRAY_JRC_CONTEXT_ONLY_NEVER_A_SPARTINA_LABEL
CNA10K-R00437-C00121,1,2.0,94709909.1,0.947099,30000,OK,96.0,0.0,0.0,12.0,30000,OK,MURRAY_JRC_CONTEXT_ONLY_NEVER_A_SPARTINA_LABEL
CNA10K-R00437-C00122,1,3.0,102840458.5,1.028405,30000,OK,96.0,0.0,0.0,12.0,30000,OK,MURRAY_JRC_CONTEXT_ONLY_NEVER_A_SPARTINA_LABEL
CNA10K-R00437-C00123,1,1.0,2699718.8,0.026997,30000,OK,97.9048,0.0,0.0,12.0,30000,OK,MURRAY_JRC_CONTEXT_ONLY_NEVER_A_SPARTINA_LABEL
CNA10K-R00437-C00124,0,0.0,0.0,0.0,30000,OK,98.0,0.0,0.0,12.0,30000,OK,MURRAY_JRC_CONTEXT_ONLY_NEVER_A_SPARTINA_LABEL
CNA10K-R00437-C00136,1,2.0,102986959.8,1.02987,30000,OK,98.7059,92254336.0,0.922543,12.0,30000,OK,MURRAY_JRC_CONTEXT_ONLY_NEVER_A_SPARTINA_LABEL
CNA10K-R00437-C00137,1,1.0,102986959.8,1.02987,30000,OK,97.0,103107787.3,1.031078,12.0,30000,OK,MURRAY_JRC_CONTEXT_ONLY_NEVER_A_SPARTINA_LABEL
CNA10K-R00437-C00138,1,2.0,84067695.9,0.840677,30000,OK,97.0,103107787.3,1.031078,12.0,30000,OK,MURRAY_JRC_CONTEXT_ONLY_NEVER_A_SPARTINA_LABEL
CNA10K-R00437-C00139,1,1.0,38088215.1,0.380882,30000,OK,75.8,8140088.5,0.081401,10.0,30000,OK,MURRAY_JRC_CONTEXT_ONLY_NEVER_A_SPARTINA_LABEL
CNA10K-R00437-C00140,1,1.0,40808801.9,0.408088,30000,OK,44.0,0.0,0.0,8.0,30000,OK,MURRAY_JRC_CONTEXT_ONLY_NEVER_A_SPARTINA_LABEL
CNA10K-R00437-C00145,1,2.0,100661711.3,1.006617,30000,OK,86.2222,0.0,0.0,11.3333,30000,OK,MURRAY_JRC_CONTEXT_ONLY_NEVER_A_SPARTINA_LABEL
CNA10K-R00437-C00146,1,1.0,103382298.1,1.033823,30000,OK,91.5357,0.0,0.0,10.9677,30000,OK,MURRAY_JRC_CONTEXT_ONLY_NEVER_A_SPARTINA_LABEL
CNA10K-R00437-C00147,1,1.0,92499950.9,0.925,30000,OK,92.4545,0.0,0.0,11.1111,30000,OK,MURRAY_JRC_CONTEXT_ONLY_NEVER_A_SPARTINA_LABEL
CNA10K-R00437-C00148,1,2.0,106102884.9,1.061029,30000,OK,98.4286,68093691.0,0.680937,12.0,30000,OK,MURRAY_JRC_CONTEXT_ONLY_NEVER_A_SPARTINA_LABEL
CNA10K-R00437-C00149,1,1.0,87058777.3,0.870588,30000,OK,99.0,106226157.9,1.062262,12.0,30000,OK,MURRAY_JRC_CONTEXT_ONLY_NEVER_A_SPARTINA_LABEL
CNA10K-R00437-C00150,1,2.0,114264645.3,1.142646,30000,OK,98.6364,89883672.1,0.898837,12.0,30000,OK,MURRAY_JRC_CONTEXT_ONLY_NEVER_A_SPARTINA_LABEL
CNA10K-R00437-C00151,1,1.0,84338190.6,0.843382,30000,OK,98.0,111673653.2,1.116737,12.0,30000,OK,MURRAY_JRC_CONTEXT_ONLY_NEVER_A_SPARTINA_LABEL
CNA10K-R00437-C00152,1,1.0,92499950.9,0.925,30000,OK,98.0,84436176.8,0.844362,12.0,30000,OK,MURRAY_JRC_CONTEXT_ONLY_NEVER_A_SPARTINA_LABEL
CNA10K-R00437-C00153,0,0.0,0.0,0.0,30000,OK,98.0,111673653.2,1.116737,12.0,30000,OK,MURRAY_JRC_CONTEXT_ONLY_NEVER_A_SPARTINA_LABEL
CNA10K-R00438-C00120,1,1.0,64793250.6,0.647933,30000,OK,86.1176,0.0,0.0,9.8947,30000,OK,MURRAY_JRC_CONTEXT_ONLY_NEVER_A_SPARTINA_LABEL
CNA10K-R00438-C00121,1,1.0,113388188.6,1.133882,30000,OK,96.0,0.0,0.0,12.0,30000,OK,MURRAY_JRC_CONTEXT_ONLY_NEVER_A_SPARTINA_LABEL
CNA10K-R00438-C00122,1,2.0,75592125.7,0.755921,30000,OK,96.2381,0.0,0.0,12.0,30000,OK,MURRAY_JRC_CONTEXT_ONLY_NEVER_A_SPARTINA_LABEL
CNA10K-R00438-C00123,1,1.0,113388188.6,1.133882,30000,OK,98.0,0.0,0.0,12.0,30000,OK,MURRAY_JRC_CONTEXT_ONLY_NEVER_A_SPARTINA_LABEL
CNA10K-R00438-C00124,1,1.0,97189876.0,0.971899,30000,OK,98.0,0.0,0.0,12.0,30000,OK,MURRAY_JRC_CONTEXT_ONLY_NEVER_A_SPARTINA_LABEL
CNA10K-R00438-C00125,1,1.0,75592125.7,0.755921,30000,OK,98.8158,83790427.6,0.837904,12.0,30000,OK,MURRAY_JRC_CONTEXT_ONLY_NEVER_A_SPARTINA_LABEL
CNA10K-R00438-C00137,1,1.0,86725860.9,0.867259,30000,OK,97.0,105821150.1,1.058212,12.0,30000,OK,MURRAY_JRC_CONTEXT_ONLY_NEVER_A_SPARTINA_LABEL
CNA10K-R00438-C00138,1,1.0,86725860.9,0.867259,30000,OK,95.3437,84114247.5,0.841142,11.875,30000,OK,MURRAY_JRC_CONTEXT_ONLY_NEVER_A_SPARTINA_LABEL
CNA10K-R00438-C00139,0,0.0,0.0,0.0,30000,OK,44.0,0.0,0.0,8.0,30000,OK,MURRAY_JRC_CONTEXT_ONLY_NEVER_A_SPARTINA_LABEL
CNA10K-R00438-C00146,1,1.0,51691149.1,0.516911,30000,OK,67.0,0.0,0.0,8.0,30000,OK,MURRAY_JRC_CONTEXT_ONLY_NEVER_A_SPARTINA_LABEL
CNA10K-R00438-C00147,1,1.0,76176430.2,0.761764,30000,OK,67.0,0.0,0.0,8.0,30000,OK,MURRAY_JRC_CONTEXT_ONLY_NEVER_A_SPARTINA_LABEL
CNA10K-R00438-C00148,1,1.0,81617603.8,0.816176,30000,OK,86.027,0.0,0.0,10.4,30000,OK,MURRAY_JRC_CONTEXT_ONLY_NEVER_A_SPARTINA_LABEL
CNA10K-R00438-C00149,1,1.0,114264645.3,1.142646,30000,OK,89.9677,8171242.9,0.081712,11.0968,30000,OK,MURRAY_JRC_CONTEXT_ONLY_NEVER_A_SPARTINA_LABEL
CNA10K-R00438-C00150,1,2.0,81617603.8,0.816176,30000,OK,94.6905,38132466.9,0.381325,11.6905,30000,OK,MURRAY_JRC_CONTEXT_ONLY_NEVER_A_SPARTINA_LABEL
CNA10K-R00438-C00151,1,1.0,114264645.3,1.142646,30000,OK,97.0667,43579962.2,0.4358,12.0,30000,OK,MURRAY_JRC_CONTEXT_ONLY_NEVER_A_SPARTINA_LABEL
CNA10K-R00438-C00152,1,1.0,54411735.8,0.544117,30000,OK,97.439,76264933.9,0.762649,12.0,30000,OK,MURRAY_JRC_CONTEXT_ONLY_NEVER_A_SPARTINA_LABEL
CNA10K-R00438-C00153,0,0.0,0.0,0.0,30000,OK,97.9667,78988681.5,0.789887,12.0,30000,OK,MURRAY_JRC_CONTEXT_ONLY_NEVER_A_SPARTINA_LABEL
CNA10K-R00439-C00122,1,2.0,113388188.6,1.133882,30000,OK,93.5862,0.0,0.0,11.6897,30000,OK,MURRAY_JRC_CONTEXT_ONLY_NEVER_A_SPARTINA_LABEL
CNA10K-R00439-C00123,1,1.0,97189876.0,0.971899,30000,OK,98.0,0.0,0.0,12.0,30000,OK,MURRAY_JRC_CONTEXT_ONLY_NEVER_A_SPARTINA_LABEL
CNA10K-R00439-C00124,1,2.0,91790438.4,0.917904,30000,OK,98.0,0.0,0.0,12.0,30000,OK,MURRAY_JRC_CONTEXT_ONLY_NEVER_A_SPARTINA_LABEL
CNA10K-R00439-C00125,1,1.0,113388188.6,1.133882,30000,OK,98.9697,86493344.6,0.864933,12.0,30000,OK,MURRAY_JRC_CONTEXT_ONLY_NEVER_A_SPARTINA_LABEL
CNA10K-R00439-C00126,1,1.0,80991563.3,0.809916,30000,OK,99.0,116225431.8,1.162254,12.0,30000,OK,MURRAY_JRC_CONTEXT_ONLY_NEVER_A_SPARTINA_LABEL
CNA10K-R00439-C00137,1,1.0,116537875.6,1.165379,30000,OK,98.8065,8140088.5,0.081401,12.0,30000,OK,MURRAY_JRC_CONTEXT_ONLY_NEVER_A_SPARTINA_LABEL
CNA10K-R00439-C00138,1,1.0,51493479.9,0.514935,30000,OK,95.6429,51480773.0,0.514808,11.8095,30000,OK,MURRAY_JRC_CONTEXT_ONLY_NEVER_A_SPARTINA_LABEL
CNA10K-R00439-C00139,0,0.0,0.0,0.0,30000,OK,92.0,43246672.3,0.432467,11.3684,30000,OK,MURRAY_JRC_CONTEXT_ONLY_NEVER_A_SPARTINA_LABEL
CNA10K-R00439-C00140,0,0.0,0.0,0.0,30000,OK,91.25,37840838.3,0.378408,11.2941,30000,OK,MURRAY_JRC_CONTEXT_ONLY_NEVER_A_SPARTINA_LABEL
CNA10K-R00439-C00148,1,1.0,113827692.4,1.138277,30000,OK,88.2667,0.0,0.0,10.9,30000,OK,MURRAY_JRC_CONTEXT_ONLY_NEVER_A_SPARTINA_LABEL
CNA10K-R00439-C00149,1,1.0,84015677.7,0.840157,30000,OK,89.0,0.0,0.0,11.0,30000,OK,MURRAY_JRC_CONTEXT_ONLY_NEVER_A_SPARTINA_LABEL
CNA10K-R00439-C00150,1,4.0,111252756.6,1.112528,30000,OK,93.4333,0.0,0.0,11.6333,30000,OK,MURRAY_JRC_CONTEXT_ONLY_NEVER_A_SPARTINA_LABEL
CNA10K-R00439-C00151,1,2.0,89581695.0,0.895817,30000,OK,96.0,0.0,0.0,12.0,30000,OK,MURRAY_JRC_CONTEXT_ONLY_NEVER_A_SPARTINA_LABEL
CNA10K-R00439-C00152,1,3.0,65158835.7,0.651588,30000,OK,96.3226,0.0,0.0,12.0,30000,OK,MURRAY_JRC_CONTEXT_ONLY_NEVER_A_SPARTINA_LABEL
CNA10K-R00439-C00153,1,1.0,13550915.8,0.135509,30000,OK,97.0,0.0,0.0,12.0,30000,OK,MURRAY_JRC_CONTEXT_ONLY_NEVER_A_SPARTINA_LABEL
CNA10K-R00440-C00123,1,1.0,91790438.4,0.917904,30000,OK,58.0,0.0,0.0,8.0,30000,OK,MURRAY_JRC_CONTEXT_ONLY_NEVER_A_SPARTINA_LABEL
CNA10K-R00440-C00124,1,2.0,116087907.4,1.160879,30000,OK,78.0,0.0,0.0,9.5385,30000,OK,MURRAY_JRC_CONTEXT_ONLY_NEVER_A_SPARTINA_LABEL
CNA10K-R00440-C00125,1,1.0,80991563.3,0.809916,30000,OK,92.7,37840838.3,0.378408,11.3333,30000,OK,MURRAY_JRC_CONTEXT_ONLY_NEVER_A_SPARTINA_LABEL
CNA10K-R00440-C00126,1,1.0,105289032.3,1.05289,30000,OK,92.7,37840838.3,0.378408,11.3333,30000,OK,MURRAY_JRC_CONTEXT_ONLY_NEVER_A_SPARTINA_LABEL
CNA10K-R00440-C00127,0,0.0,0.0,0.0,30000,OK,97.5,67572925.5,0.675729,11.9474,30000,OK,MURRAY_JRC_CONTEXT_ONLY_NEVER_A_SPARTINA_LABEL
CNA10K-R00440-C00128,0,0.0,0.0,0.0,30000,OK,98.2105,75681676.5,0.756817,12.0,30000,OK,MURRAY_JRC_CONTEXT_ONLY_NEVER_A_SPARTINA_LABEL
CNA10K-R00440-C00137,1,1.0,83691282.1,0.836913,30000,OK,99.0,0.0,0.0,12.0,30000,OK,MURRAY_JRC_CONTEXT_ONLY_NEVER_A_SPARTINA_LABEL
CNA10K-R00440-C00138,1,3.0,91842760.3,0.918428,30000,OK,98.6667,27029170.2,0.270292,12.0,30000,OK,MURRAY_JRC_CONTEXT_ONLY_NEVER_A_SPARTINA_LABEL
CNA10K-R00440-C00139,1,1.0,56694094.3,0.566941,30000,OK,98.0,110819597.8,1.108196,12.0,30000,OK,MURRAY_JRC_CONTEXT_ONLY_NEVER_A_SPARTINA_LABEL
CNA10K-R00440-C00140,1,2.0,35096344.1,0.350963,30000,OK,97.3143,89196261.6,0.891963,11.9429,30000,OK,MURRAY_JRC_CONTEXT_ONLY_NEVER_A_SPARTINA_LABEL
CNA10K-R00440-C00141,1,1.0,26997187.8,0.269972,30000,OK,86.0,0.0,0.0,11.0,30000,OK,MURRAY_JRC_CONTEXT_ONLY_NEVER_A_SPARTINA_LABEL
CNA10K-R00440-C00149,1,2.0,105697143.0,1.056971,30000,OK,89.0,0.0,0.0,11.0,30000,OK,MURRAY_JRC_CONTEXT_ONLY_NEVER_A_SPARTINA_LABEL
CNA10K-R00440-C00150,1,1.0,92146227.2,0.921462,30000,OK,95.1463,0.0,0.0,11.878,30000,OK,MURRAY_JRC_CONTEXT_ONLY_NEVER_A_SPARTINA_LABEL
CNA10K-R00440-C00151,1,1.0,102986959.8,1.02987,30000,OK,96.0,0.0,0.0,12.0,30000,OK,MURRAY_JRC_CONTEXT_ONLY_NEVER_A_SPARTINA_LABEL
CNA10K-R00440-C00152,1,2.0,94856410.4,0.948564,30000,OK,96.5897,0.0,0.0,12.0,30000,OK,MURRAY_JRC_CONTEXT_ONLY_NEVER_A_SPARTINA_LABEL
CNA10K-R00440-C00153,1,1.0,100276776.7,1.002768,30000,OK,97.0,0.0,0.0,12.0,30000,OK,MURRAY_JRC_CONTEXT_ONLY_NEVER_A_SPARTINA_LABEL
CNA10K-R00440-C00154,1,2.0,97566593.5,0.975666,30000,OK,97.0,27133628.2,0.271336,12.0,30000,OK,MURRAY_JRC_CONTEXT_ONLY_NEVER_A_SPARTINA_LABEL
CNA10K-R00440-C00155,1,1.0,75885128.3,0.758851,30000,OK,97.0,94967698.8,0.949677,12.0,30000,OK,MURRAY_JRC_CONTEXT_ONLY_NEVER_A_SPARTINA_LABEL
CNA10K-R00440-C00156,1,2.0,62334212.5,0.623342,30000,OK,97.0,100394424.5,1.003944,12.0,30000,OK,MURRAY_JRC_CONTEXT_ONLY_NEVER_A_SPARTINA_LABEL
CNA10K-R00441-C00124,1,1.0,34959517.6,0.349595,30000,OK,71.3333,0.0,0.0,9.0769,30000,OK,MURRAY_JRC_CONTEXT_ONLY_NEVER_A_SPARTINA_LABEL
CNA10K-R00441-C00125,1,2.0,110393766.7,1.103938,30000,OK,78.0,0.0,0.0,10.0,30000,OK,MURRAY_JRC_CONTEXT_ONLY_NEVER_A_SPARTINA_LABEL
CNA10K-R00441-C00126,1,3.0,94248079.6,0.942481,30000,OK,78.0,0.0,0.0,10.0,30000,OK,MURRAY_JRC_CONTEXT_ONLY_NEVER_A_SPARTINA_LABEL
CNA10K-R00441-C00127,1,1.0,37648711.3,0.376487,30000,OK,95.5263,0.0,0.0,11.9474,30000,OK,MURRAY_JRC_CONTEXT_ONLY_NEVER_A_SPARTINA_LABEL
CNA10K-R00441-C00128,1,1.0,37648711.3,0.376487,30000,OK,96.0,0.0,0.0,12.0,30000,OK,MURRAY_JRC_CONTEXT_ONLY_NEVER_A_SPARTINA_LABEL
CNA10K-R00441-C00129,0,0.0,0.0,0.0,30000,OK,98.1429,80772306.8,0.807723,12.0,30000,OK,MURRAY_JRC_CONTEXT_ONLY_NEVER_A_SPARTINA_LABEL
CNA10K-R00441-C00138,1,2.0,97189876.0,0.971899,30000,OK,98.425,62167091.5,0.621671,12.0,30000,OK,MURRAY_JRC_CONTEXT_ONLY_NEVER_A_SPARTINA_LABEL
CNA10K-R00441-C00139,1,1.0,97189876.0,0.971899,30000,OK,98.0,97305012.7,0.97305,12.0,30000,OK,MURRAY_JRC_CONTEXT_ONLY_NEVER_A_SPARTINA_LABEL
CNA10K-R00441-C00140,1,2.0,105289032.3,1.05289,30000,OK,94.9143,70275842.5,0.702758,11.7222,30000,OK,MURRAY_JRC_CONTEXT_ONLY_NEVER_A_SPARTINA_LABEL
CNA10K-R00441-C00141,1,1.0,86391000.8,0.86391,30000,OK,86.0,0.0,0.0,11.0,30000,OK,MURRAY_JRC_CONTEXT_ONLY_NEVER_A_SPARTINA_LABEL
CNA10K-R00441-C00142,1,1.0,97189876.0,0.971899,30000,OK,86.0,0.0,0.0,11.0,30000,OK,MURRAY_JRC_CONTEXT_ONLY_NEVER_A_SPARTINA_LABEL
CNA10K-R00441-C00150,1,1.0,97566593.5,0.975666,30000,OK,85.0435,0.0,0.0,11.0,30000,OK,MURRAY_JRC_CONTEXT_ONLY_NEVER_A_SPARTINA_LABEL
CNA10K-R00441-C00151,1,1.0,102986959.8,1.02987,30000,OK,88.125,0.0,0.0,11.2432,30000,OK,MURRAY_JRC_CONTEXT_ONLY_NEVER_A_SPARTINA_LABEL
CNA10K-R00441-C00152,1,2.0,94856410.4,0.948564,30000,OK,91.6857,0.0,0.0,11.4571,30000,OK,MURRAY_JRC_CONTEXT_ONLY_NEVER_A_SPARTINA_LABEL
CNA10K-R00441-C00153,1,1.0,105697143.0,1.056971,30000,OK,97.0,0.0,0.0,12.0,30000,OK,MURRAY_JRC_CONTEXT_ONLY_NEVER_A_SPARTINA_LABEL
CNA10K-R00441-C00154,1,2.0,89436044.0,0.89436,30000,OK,97.0,37987079.5,0.379871,12.0,30000,OK,MURRAY_JRC_CONTEXT_ONLY_NEVER_A_SPARTINA_LABEL
CNA10K-R00441-C00155,1,1.0,108407326.1,1.084073,30000,OK,97.0,94967698.8,0.949677,12.0,30000,OK,MURRAY_JRC_CONTEXT_ONLY_NEVER_A_SPARTINA_LABEL
CNA10K-R00441-C00156,1,2.0,89436044.0,0.89436,30000,OK,97.0,103107787.3,1.031078,12.0,30000,OK,MURRAY_JRC_CONTEXT_ONLY_NEVER_A_SPARTINA_LABEL
CNA10K-R00441-C00157,1,1.0,108407326.1,1.084073,30000,OK,97.0,94967698.8,0.949677,12.0,30000,OK,MURRAY_JRC_CONTEXT_ONLY_NEVER_A_SPARTINA_LABEL
CNA10K-R00441-C00158,1,1.0,86725860.9,0.867259,30000,OK,97.0,103107787.3,1.031078,12.0,30000,OK,MURRAY_JRC_CONTEXT_ONLY_NEVER_A_SPARTINA_LABEL
CNA10K-R00441-C00161,1,2.0,70464762.0,0.704648,30000,OK,96.4412,92254336.0,0.922543,11.4412,30000,OK,MURRAY_JRC_CONTEXT_ONLY_NEVER_A_SPARTINA_LABEL
CNA10K-R00441-C00162,1,1.0,37942564.1,0.379426,30000,OK,96.0,103107787.3,1.031078,11.0,30000,OK,MURRAY_JRC_CONTEXT_ONLY_NEVER_A_SPARTINA_LABEL
CNA10K-R00442-C00126,1,2.0,91432584.5,0.914326,30000,OK,85.2,0.0,0.0,10.7273,30000,OK,MURRAY_JRC_CONTEXT_ONLY_NEVER_A_SPARTINA_LABEL
CNA10K-R00442-C00127,1,1.0,115635327.5,1.156353,30000,OK,96.0,0.0,0.0,12.0,30000,OK,MURRAY_JRC_CONTEXT_ONLY_NEVER_A_SPARTINA_LABEL
CNA10K-R00442-C00128,1,2.0,80675809.9,0.806758,30000,OK,96.0,0.0,0.0,12.0,30000,OK,MURRAY_JRC_CONTEXT_ONLY_NEVER_A_SPARTINA_LABEL
CNA10K-R00442-C00129,1,1.0,112946133.8,1.129461,30000,OK,98.5161,70002665.9,0.700027,12.0,30000,OK,MURRAY_JRC_CONTEXT_ONLY_NEVER_A_SPARTINA_LABEL
CNA10K-R00442-C00130,1,1.0,96810971.9,0.96811,30000,OK,99.0,107696409.1,1.076964,12.0,30000,OK,MURRAY_JRC_CONTEXT_ONLY_NEVER_A_SPARTINA_LABEL
CNA10K-R00442-C00139,1,1.0,110688469.8,1.106885,30000,OK,98.4118,54058340.4,0.540583,12.0,30000,OK,MURRAY_JRC_CONTEXT_ONLY_NEVER_A_SPARTINA_LABEL
CNA10K-R00442-C00140,1,2.0,83691282.1,0.836913,30000,OK,95.2105,59411640.5,0.594116,11.7436,30000,OK,MURRAY_JRC_CONTEXT_ONLY_NEVER_A_SPARTINA_LABEL
CNA10K-R00442-C00141,1,1.0,116087907.4,1.160879,30000,OK,86.0,0.0,0.0,11.0,30000,OK,MURRAY_JRC_CONTEXT_ONLY_NEVER_A_SPARTINA_LABEL
CNA10K-R00442-C00142,1,1.0,56694094.3,0.566941,30000,OK,81.2,0.0,0.0,10.5455,30000,OK,MURRAY_JRC_CONTEXT_ONLY_NEVER_A_SPARTINA_LABEL
CNA10K-R00442-C00151,1,4.0,86579359.6,0.865794,30000,OK,68.0,0.0,0.0,10.0,30000,OK,MURRAY_JRC_CONTEXT_ONLY_NEVER_A_SPARTINA_LABEL
CNA10K-R00442-C00152,1,2.0,108281753.6,1.082818,30000,OK,71.8889,0.0,0.0,9.1667,30000,OK,MURRAY_JRC_CONTEXT_ONLY_NEVER_A_SPARTINA_LABEL
CNA10K-R00442-C00153,1,1.0,86725860.9,0.867259,30000,OK,73.0,0.0,0.0,9.0,30000,OK,MURRAY_JRC_CONTEXT_ONLY_NEVER_A_SPARTINA_LABEL
CNA10K-R00442-C00154,1,2.0,111117509.3,1.111175,30000,OK,75.7273,13566814.1,0.135668,9.0,30000,OK,MURRAY_JRC_CONTEXT_ONLY_NEVER_A_SPARTINA_LABEL
CNA10K-R00442-C00155,1,1.0,84015677.7,0.840157,30000,OK,84.5,37987079.5,0.379871,9.931,30000,OK,MURRAY_JRC_CONTEXT_ONLY_NEVER_A_SPARTINA_LABEL
CNA10K-R00442-C00156,1,2.0,113827692.4,1.138277,30000,OK,84.3438,48840530.8,0.488405,10.0938,30000,OK,MURRAY_JRC_CONTEXT_ONLY_NEVER_A_SPARTINA_LABEL
CNA10K-R00442-C00157,1,1.0,84015677.7,0.840157,30000,OK,90.4324,75974159.1,0.759742,10.5,30000,OK,MURRAY_JRC_CONTEXT_ONLY_NEVER_A_SPARTINA_LABEL
CNA10K-R00442-C00158,1,2.0,113827692.4,1.138277,30000,OK,97.0,86827610.4,0.868276,12.0,30000,OK,MURRAY_JRC_CONTEXT_ONLY_NEVER_A_SPARTINA_LABEL
CNA10K-R00442-C00159,1,1.0,84015677.7,0.840157,30000,OK,97.0,108534512.9,1.085345,12.0,30000,OK,MURRAY_JRC_CONTEXT_ONLY_NEVER_A_SPARTINA_LABEL
CNA10K-R00442-C00160,1,1.0,113827692.4,1.138277,30000,OK,97.0,86827610.4,0.868276,12.0,30000,OK,MURRAY_JRC_CONTEXT_ONLY_NEVER_A_SPARTINA_LABEL
CNA10K-R00442-C00161,1,2.0,84015677.7,0.840157,30000,OK,96.325,108534512.9,1.085345,11.325,30000,OK,MURRAY_JRC_CONTEXT_ONLY_NEVER_A_SPARTINA_LABEL
CNA10K-R00442-C00162,1,1.0,113827692.4,1.138277,30000,OK,96.0,89540973.2,0.89541,11.0,30000,OK,MURRAY_JRC_CONTEXT_ONLY_NEVER_A_SPARTINA_LABEL
CNA10K-R00442-C00163,1,2.0,84015677.7,0.840157,30000,OK,95.0,70547433.4,0.705474,11.0,30000,OK,MURRAY_JRC_CONTEXT_ONLY_NEVER_A_SPARTINA_LABEL
CNA10K-R00443-C00127,1,1.0,80675809.9,0.806758,30000,OK,93.0667,0.0,0.0,11.4194,30000,OK,MURRAY_JRC_CONTEXT_ONLY_NEVER_A_SPARTINA_LABEL
CNA10K-R00443-C00128,1,2.0,110256940.2,1.102569,30000,OK,93.2581,2692410.2,0.026924,11.6129,30000,OK,MURRAY_JRC_CONTEXT_ONLY_NEVER_A_SPARTINA_LABEL
CNA10K-R00443-C00129,1,1.0,96810971.9,0.96811,30000,OK,99.0,107696409.1,1.076964,12.0,30000,OK,MURRAY_JRC_CONTEXT_ONLY_NEVER_A_SPARTINA_LABEL
CNA10K-R00443-C00130,1,1.0,94121778.2,0.941218,30000,OK,99.0,99619178.4,0.996192,12.0,30000,OK,MURRAY_JRC_CONTEXT_ONLY_NEVER_A_SPARTINA_LABEL
CNA10K-R00443-C00140,1,3.0,107862449.7,1.078624,30000,OK,97.7586,48463384.1,0.484634,12.0,30000,OK,MURRAY_JRC_CONTEXT_ONLY_NEVER_A_SPARTINA_LABEL
CNA10K-R00443-C00141,1,2.0,83659706.7,0.836597,30000,OK,97.0,115773639.8,1.157736,12.0,30000,OK,MURRAY_JRC_CONTEXT_ONLY_NEVER_A_SPARTINA_LABEL
CNA10K-R00443-C00142,1,1.0,53994375.5,0.539944,30000,OK,93.1481,61925435.2,0.619254,11.7037,30000,OK,MURRAY_JRC_CONTEXT_ONLY_NEVER_A_SPARTINA_LABEL
CNA10K-R00443-C00152,1,1.0,80991563.3,0.809916,30000,OK,73.0,0.0,0.0,9.0,30000,OK,MURRAY_JRC_CONTEXT_ONLY_NEVER_A_SPARTINA_LABEL
CNA10K-R00443-C00153,1,2.0,113388188.6,1.133882,30000,OK,73.0,0.0,0.0,9.0,30000,OK,MURRAY_JRC_CONTEXT_ONLY_NEVER_A_SPARTINA_LABEL
CNA10K-R00443-C00154,1,2.0,80991563.3,0.809916,30000,OK,69.4706,0.0,0.0,8.375,30000,OK,MURRAY_JRC_CONTEXT_ONLY_NEVER_A_SPARTINA_LABEL
CNA10K-R00443-C00155,1,2.0,113534689.9,1.135347,30000,OK,67.0,0.0,0.0,8.0,30000,OK,MURRAY_JRC_CONTEXT_ONLY_NEVER_A_SPARTINA_LABEL
CNA10K-R00443-C00156,1,4.0,81138064.6,0.811381,30000,OK,68.4211,0.0,0.0,7.5556,30000,OK,MURRAY_JRC_CONTEXT_ONLY_NEVER_A_SPARTINA_LABEL
CNA10K-R00443-C00157,1,2.0,113681191.2,1.136812,30000,OK,70.0,0.0,0.0,7.0,30000,OK,MURRAY_JRC_CONTEXT_ONLY_NEVER_A_SPARTINA_LABEL
CNA10K-R00443-C00158,1,3.0,81284565.8,0.812846,30000,OK,77.5294,0.0,0.0,8.2,30000,OK,MURRAY_JRC_CONTEXT_ONLY_NEVER_A_SPARTINA_LABEL
CNA10K-R00443-C00159,1,1.0,116537875.6,1.165379,30000,OK,86.3667,2713362.8,0.027134,10.0667,30000,OK,MURRAY_JRC_CONTEXT_ONLY_NEVER_A_SPARTINA_LABEL
CNA10K-R00443-C00160,1,2.0,84015677.7,0.840157,30000,OK,89.6667,37987079.5,0.379871,10.6667,30000,OK,MURRAY_JRC_CONTEXT_ONLY_NEVER_A_SPARTINA_LABEL
CNA10K-R00443-C00161,1,1.0,113827692.4,1.138277,30000,OK,90.65,43413805.2,0.434138,9.9091,30000,OK,MURRAY_JRC_CONTEXT_ONLY_NEVER_A_SPARTINA_LABEL
CNA10K-R00443-C00162,1,1.0,84015677.7,0.840157,30000,OK,92.8065,75974159.1,0.759742,10.2424,30000,OK,MURRAY_JRC_CONTEXT_ONLY_NEVER_A_SPARTINA_LABEL
CNA10K-R00443-C00163,1,2.0,116537875.6,1.165379,30000,OK,94.1613,32560353.9,0.325604,11.0,30000,OK,MURRAY_JRC_CONTEXT_ONLY_NEVER_A_SPARTINA_LABEL
CNA10K-R00444-C00128,1,2.0,75297422.6,0.752974,30000,OK,84.6667,0.0,0.0,9.5,30000,OK,MURRAY_JRC_CONTEXT_ONLY_NEVER_A_SPARTINA_LABEL
CNA10K-R00444-C00129,1,1.0,94121778.2,0.941218,30000,OK,94.0,0.0,0.0,11.0,30000,OK,MURRAY_JRC_CONTEXT_ONLY_NEVER_A_SPARTINA_LABEL
CNA10K-R00444-C00130,1,1.0,102189359.2,1.021894,30000,OK,94.7576,13462051.1,0.134621,11.1515,30000,OK,MURRAY_JRC_CONTEXT_ONLY_NEVER_A_SPARTINA_LABEL
CNA10K-R00444-C00131,0,0.0,0.0,0.0,30000,OK,98.7619,75112737.1,0.751127,11.9524,30000,OK,MURRAY_JRC_CONTEXT_ONLY_NEVER_A_SPARTINA_LABEL
CNA10K-R00444-C00140,1,1.0,83365003.5,0.83365,30000,OK,97.4762,86157127.3,0.861571,12.0,30000,OK,MURRAY_JRC_CONTEXT_ONLY_NEVER_A_SPARTINA_LABEL
CNA10K-R00444-C00141,1,1.0,107567746.5,1.075677,30000,OK,97.0,88849537.5,0.888495,12.0,30000,OK,MURRAY_JRC_CONTEXT_ONLY_NEVER_A_SPARTINA_LABEL
CNA10K-R00444-C00142,1,2.0,96810971.9,0.96811,30000,OK,92.6667,53848204.5,0.538482,11.6667,30000,OK,MURRAY_JRC_CONTEXT_ONLY_NEVER_A_SPARTINA_LABEL
CNA10K-R00444-C00143,1,1.0,75297422.6,0.752974,30000,OK,71.0,0.0,0.0,10.0,30000,OK,MURRAY_JRC_CONTEXT_ONLY_NEVER_A_SPARTINA_LABEL
CNA10K-R00444-C00154,1,1.0,113388188.6,1.133882,30000,OK,67.5455,0.0,0.0,8.0625,30000,OK,MURRAY_JRC_CONTEXT_ONLY_NEVER_A_SPARTINA_LABEL
CNA10K-R00444-C00155,1,1.0,86391000.8,0.86391,30000,OK,67.0,0.0,0.0,8.0,30000,OK,MURRAY_JRC_CONTEXT_ONLY_NEVER_A_SPARTINA_LABEL
CNA10K-R00444-C00156,1,2.0,110688469.8,1.106885,30000,OK,68.4211,0.0,0.0,7.5,30000,OK,MURRAY_JRC_CONTEXT_ONLY_NEVER_A_SPARTINA_LABEL
CNA10K-R00444-C00157,1,1.0,89090719.6,0.890907,30000,OK,70.0,0.0,0.0,7.0,30000,OK,MURRAY_JRC_CONTEXT_ONLY_NEVER_A_SPARTINA_LABEL
CNA10K-R00444-C00158,1,2.0,107988751.1,1.079888,30000,OK,78.8,0.0,0.0,8.4348,30000,OK,MURRAY_JRC_CONTEXT_ONLY_NEVER_A_SPARTINA_LABEL
CNA10K-R00444-C00159,1,1.0,89090719.6,0.890907,30000,OK,86.0,0.0,0.0,10.0,30000,OK,MURRAY_JRC_CONTEXT_ONLY_NEVER_A_SPARTINA_LABEL
CNA10K-R00444-C00160,1,4.0,105404140.4,1.054041,30000,OK,84.5161,0.0,0.0,9.7419,30000,OK,MURRAY_JRC_CONTEXT_ONLY_NEVER_A_SPARTINA_LABEL
CNA10K-R00444-C00161,1,2.0,89237220.9,0.892372,30000,OK,63.0,0.0,0.0,6.0,30000,OK,MURRAY_JRC_CONTEXT_ONLY_NEVER_A_SPARTINA_LABEL
CNA10K-R00444-C00162,1,2.0,108271289.2,1.082713,30000,OK,63.0,0.0,0.0,6.0,30000,OK,MURRAY_JRC_CONTEXT_ONLY_NEVER_A_SPARTINA_LABEL
CNA10K-R00444-C00163,1,3.0,83984284.6,0.839843,30000,OK,68.8182,0.0,0.0,8.8235,30000,OK,MURRAY_JRC_CONTEXT_ONLY_NEVER_A_SPARTINA_LABEL
CNA10K-R00445-C00128,1,1.0,56250769.3,0.562508,30000,OK,87.0,0.0,0.0,9.8462,30000,OK,MURRAY_JRC_CONTEXT_ONLY_NEVER_A_SPARTINA_LABEL
CNA10K-R00445-C00129,1,1.0,115180146.7,1.151801,30000,OK,94.0,0.0,0.0,11.0,30000,OK,MURRAY_JRC_CONTEXT_ONLY_NEVER_A_SPARTINA_LABEL
CNA10K-R00445-C00130,1,2.0,77679633.8,0.776796,30000,OK,94.3488,8045528.8,0.080455,11.0698,30000,OK,MURRAY_JRC_CONTEXT_ONLY_NEVER_A_SPARTINA_LABEL
CNA10K-R00445-C00131,1,1.0,75001025.8,0.75001,30000,OK,99.0,80455288.5,0.804553,12.0,30000,OK,MURRAY_JRC_CONTEXT_ONLY_NEVER_A_SPARTINA_LABEL
CNA10K-R00445-C00132,1,1.0,53572161.3,0.535722,30000,OK,99.0,112637403.9,1.126374,12.0,30000,OK,MURRAY_JRC_CONTEXT_ONLY_NEVER_A_SPARTINA_LABEL
CNA10K-R00445-C00141,1,1.0,102189359.2,1.021894,30000,OK,97.0,105003998.9,1.05004,12.0,30000,OK,MURRAY_JRC_CONTEXT_ONLY_NEVER_A_SPARTINA_LABEL
CNA10K-R00445-C00142,1,2.0,91432584.5,0.914326,30000,OK,91.2222,37693743.2,0.376937,11.5556,30000,OK,MURRAY_JRC_CONTEXT_ONLY_NEVER_A_SPARTINA_LABEL
CNA10K-R00445-C00143,1,1.0,110256940.2,1.102569,30000,OK,71.0,0.0,0.0,10.0,30000,OK,MURRAY_JRC_CONTEXT_ONLY_NEVER_A_SPARTINA_LABEL
CNA10K-R00445-C00159,1,1.0,102589313.5,1.025893,30000,OK,86.0,0.0,0.0,10.0,30000,OK,MURRAY_JRC_CONTEXT_ONLY_NEVER_A_SPARTINA_LABEL
CNA10K-R00445-C00160,1,2.0,94490157.2,0.944902,30000,OK,83.7742,0.0,0.0,9.3939,30000,OK,MURRAY_JRC_CONTEXT_ONLY_NEVER_A_SPARTINA_LABEL
CNA10K-R00445-C00161,1,1.0,102589313.5,1.025893,30000,OK,63.0,0.0,0.0,6.0,30000,OK,MURRAY_JRC_CONTEXT_ONLY_NEVER_A_SPARTINA_LABEL
CNA10K-R00446-C00128,1,1.0,77679633.8,0.776796,30000,OK,90.0,0.0,0.0,10.3182,30000,OK,MURRAY_JRC_CONTEXT_ONLY_NEVER_A_SPARTINA_LABEL
CNA10K-R00446-C00129,1,1.0,77679633.8,0.776796,30000,OK,94.0,0.0,0.0,11.0,30000,OK,MURRAY_JRC_CONTEXT_ONLY_NEVER_A_SPARTINA_LABEL
CNA10K-R00446-C00130,1,2.0,112501538.6,1.125015,30000,OK,95.0,16091057.7,0.160911,11.2,30000,OK,MURRAY_JRC_CONTEXT_ONLY_NEVER_A_SPARTINA_LABEL
CNA10K-R00446-C00131,1,1.0,93751282.2,0.937513,30000,OK,99.0,112637403.9,1.126374,12.0,30000,OK,MURRAY_JRC_CONTEXT_ONLY_NEVER_A_SPARTINA_LABEL
CNA10K-R00446-C00132,1,1.0,83036849.9,0.830368,30000,OK,99.0,96546346.2,0.965463,12.0,30000,OK,MURRAY_JRC_CONTEXT_ONLY_NEVER_A_SPARTINA_LABEL
CNA10K-R00446-C00141,1,2.0,91432584.5,0.914326,30000,OK,97.0,104591875.0,1.045919,12.0,30000,OK,MURRAY_JRC_CONTEXT_ONLY_NEVER_A_SPARTINA_LABEL
CNA10K-R00446-C00142,1,2.0,112946133.8,1.129461,30000,OK,83.6875,13409214.7,0.134092,11.0312,30000,OK,MURRAY_JRC_CONTEXT_ONLY_NEVER_A_SPARTINA_LABEL
CNA10K-R00446-C00143,1,1.0,83365003.5,0.83365,30000,OK,81.4516,0.0,0.0,10.871,30000,OK,MURRAY_JRC_CONTEXT_ONLY_NEVER_A_SPARTINA_LABEL
CNA10K-R00446-C00144,1,1.0,32270324.0,0.322703,30000,OK,67.7143,0.0,0.0,9.4,30000,OK,MURRAY_JRC_CONTEXT_ONLY_NEVER_A_SPARTINA_LABEL
CNA10K-R00446-C00160,1,2.0,97189876.0,0.971899,30000,OK,74.1364,0.0,0.0,8.4,30000,OK,MURRAY_JRC_CONTEXT_ONLY_NEVER_A_SPARTINA_LABEL
CNA10K-R00446-C00161,1,1.0,99889594.7,0.998896,30000,OK,71.25,0.0,0.0,8.1667,30000,OK,MURRAY_JRC_CONTEXT_ONLY_NEVER_A_SPARTINA_LABEL
CNA10K-R00447-C00129,1,1.0,112501538.6,1.125015,30000,OK,29.0,0.0,0.0,5.0,30000,OK,MURRAY_JRC_CONTEXT_ONLY_NEVER_A_SPARTINA_LABEL
CNA10K-R00447-C00130,1,2.0,96429890.3,0.964299,30000,OK,87.84,10727371.8,0.107274,11.12,30000,OK,MURRAY_JRC_CONTEXT_ONLY_NEVER_A_SPARTINA_LABEL
CNA10K-R00447-C00131,1,1.0,96429890.3,0.964299,30000,OK,93.5,37545801.3,0.375458,12.0,30000,OK,MURRAY_JRC_CONTEXT_ONLY_NEVER_A_SPARTINA_LABEL
CNA10K-R00447-C00132,1,1.0,80358241.9,0.803582,30000,OK,95.6857,56297446.9,0.562974,12.0,30000,OK,MURRAY_JRC_CONTEXT_ONLY_NEVER_A_SPARTINA_LABEL
CNA10K-R00447-C00133,0,0.0,0.0,0.0,30000,OK,97.7619,34725800.7,0.347258,12.0,30000,OK,MURRAY_JRC_CONTEXT_ONLY_NEVER_A_SPARTINA_LABEL
CNA10K-R00447-C00141,1,2.0,112501538.6,1.125015,30000,OK,97.0,85818974.4,0.85819,12.0,30000,OK,MURRAY_JRC_CONTEXT_ONLY_NEVER_A_SPARTINA_LABEL
CNA10K-R00447-C00142,1,2.0,80368827.5,0.803688,30000,OK,83.3333,2681842.9,0.026818,11.0238,30000,OK,MURRAY_JRC_CONTEXT_ONLY_NEVER_A_SPARTINA_LABEL
CNA10K-R00447-C00143,1,2.0,115328345.1,1.153283,30000,OK,83.0,0.0,0.0,11.0,30000,OK,MURRAY_JRC_CONTEXT_ONLY_NEVER_A_SPARTINA_LABEL
CNA10K-R00447-C00144,1,2.0,8056995.4,0.08057,30000,OK,79.1333,0.0,0.0,10.25,30000,OK,MURRAY_JRC_CONTEXT_ONLY_NEVER_A_SPARTINA_LABEL
CNA10K-R00448-C00130,1,2.0,74777457.9,0.747775,30000,OK,83.9,0.0,0.0,11.3,30000,OK,MURRAY_JRC_CONTEXT_ONLY_NEVER_A_SPARTINA_LABEL
CNA10K-R00448-C00131,1,2.0,109535486.2,1.095355,30000,OK,90.0,0.0,0.0,12.0,30000,OK,MURRAY_JRC_CONTEXT_ONLY_NEVER_A_SPARTINA_LABEL
CNA10K-R00448-C00132,1,3.0,58780332.2,0.587803,30000,OK,91.3953,32054585.2,0.320546,12.0,30000,OK,MURRAY_JRC_CONTEXT_ONLY_NEVER_A_SPARTINA_LABEL
CNA10K-R00448-C00133,1,1.0,37351467.7,0.373515,30000,OK,95.0,80136463.1,0.801365,12.0,30000,OK,MURRAY_JRC_CONTEXT_ONLY_NEVER_A_SPARTINA_LABEL
CNA10K-R00448-C00141,1,2.0,80358241.9,0.803582,30000,OK,94.6667,93864503.2,0.938645,11.8333,30000,OK,MURRAY_JRC_CONTEXT_ONLY_NEVER_A_SPARTINA_LABEL
CNA10K-R00448-C00142,1,1.0,112501538.6,1.125015,30000,OK,83.0,0.0,0.0,11.0,30000,OK,MURRAY_JRC_CONTEXT_ONLY_NEVER_A_SPARTINA_LABEL
CNA10K-R00448-C00143,1,1.0,83036849.9,0.830368,30000,OK,83.0,0.0,0.0,11.0,30000,OK,MURRAY_JRC_CONTEXT_ONLY_NEVER_A_SPARTINA_LABEL
CNA10K-R00448-C00144,0,0.0,0.0,0.0,30000,OK,73.3333,0.0,0.0,9.2857,30000,OK,MURRAY_JRC_CONTEXT_ONLY_NEVER_A_SPARTINA_LABEL
CNA10K-R00449-C00130,1,1.0,98714593.1,0.987146,30000,OK,85.6429,0.0,0.0,11.5,30000,OK,MURRAY_JRC_CONTEXT_ONLY_NEVER_A_SPARTINA_LABEL
CNA10K-R00449-C00131,1,1.0,80038859.3,0.800389,30000,OK,90.0,0.0,0.0,12.0,30000,OK,MURRAY_JRC_CONTEXT_ONLY_NEVER_A_SPARTINA_LABEL
CNA10K-R00449-C00132,1,2.0,114722365.0,1.147224,30000,OK,92.2414,34725800.7,0.347258,12.0,30000,OK,MURRAY_JRC_CONTEXT_ONLY_NEVER_A_SPARTINA_LABEL
CNA10K-R00449-C00133,1,1.0,88042745.2,0.880427,30000,OK,95.0,114862263.7,1.148623,12.0,30000,OK,MURRAY_JRC_CONTEXT_ONLY_NEVER_A_SPARTINA_LABEL
CNA10K-R00449-C00136,1,2.0,77370897.3,0.773709,30000,OK,91.0,101506186.5,1.015062,11.0,30000,OK,MURRAY_JRC_CONTEXT_ONLY_NEVER_A_SPARTINA_LABEL
CNA10K-R00449-C00139,1,4.0,115031101.5,1.150311,30000,OK,81.4,29383369.8,0.293834,9.7333,30000,OK,MURRAY_JRC_CONTEXT_ONLY_NEVER_A_SPARTINA_LABEL
CNA10K-R00449-C00140,1,2.0,85683519.7,0.856835,30000,OK,77.0,0.0,0.0,9.0,30000,OK,MURRAY_JRC_CONTEXT_ONLY_NEVER_A_SPARTINA_LABEL
CNA10K-R00449-C00141,1,2.0,109822930.6,1.098229,30000,OK,72.9375,0.0,0.0,8.0625,30000,OK,MURRAY_JRC_CONTEXT_ONLY_NEVER_A_SPARTINA_LABEL
CNA10K-R00449-C00142,1,1.0,93751282.2,0.937513,30000,OK,73.5,0.0,0.0,7.7105,30000,OK,MURRAY_JRC_CONTEXT_ONLY_NEVER_A_SPARTINA_LABEL
CNA10K-R00449-C00143,1,1.0,75001025.8,0.75001,30000,OK,72.2143,0.0,0.0,8.0,30000,OK,MURRAY_JRC_CONTEXT_ONLY_NEVER_A_SPARTINA_LABEL
CNA10K-R00450-C00131,1,1.0,114722365.0,1.147224,30000,OK,77.8235,0.0,0.0,9.931,30000,OK,MURRAY_JRC_CONTEXT_ONLY_NEVER_A_SPARTINA_LABEL
CNA10K-R00450-C00132,1,2.0,90710707.2,0.907107,30000,OK,81.8,42739447.0,0.427394,10.5366,30000,OK,MURRAY_JRC_CONTEXT_ONLY_NEVER_A_SPARTINA_LABEL
CNA10K-R00450-C00133,1,1.0,101382555.1,1.013826,30000,OK,89.5455,77465247.6,0.774652,11.1429,30000,OK,MURRAY_JRC_CONTEXT_ONLY_NEVER_A_SPARTINA_LABEL
CNA10K-R00450-C00134,1,2.0,104050517.1,1.040505,30000,OK,93.5263,101506186.5,1.015062,11.6316,30000,OK,MURRAY_JRC_CONTEXT_ONLY_NEVER_A_SPARTINA_LABEL
CNA10K-R00450-C00135,1,1.0,88042745.2,0.880427,30000,OK,91.0,104177402.0,1.041774,11.0,30000,OK,MURRAY_JRC_CONTEXT_ONLY_NEVER_A_SPARTINA_LABEL
CNA10K-R00450-C00136,1,2.0,114722365.0,1.147224,30000,OK,90.8788,88150109.4,0.881501,11.0,30000,OK,MURRAY_JRC_CONTEXT_ONLY_NEVER_A_SPARTINA_LABEL
CNA10K-R00450-C00137,1,1.0,80038859.3,0.800389,30000,OK,89.0,114862263.7,1.148623,11.0,30000,OK,MURRAY_JRC_CONTEXT_ONLY_NEVER_A_SPARTINA_LABEL
CNA10K-R00450-C00138,1,1.0,112054403.0,1.120544,30000,OK,89.0,80136463.1,0.801365,11.0,30000,OK,MURRAY_JRC_CONTEXT_ONLY_NEVER_A_SPARTINA_LABEL
CNA10K-R00450-C00139,1,2.0,88042745.2,0.880427,30000,OK,79.5714,24040938.9,0.240409,9.4286,30000,OK,MURRAY_JRC_CONTEXT_ONLY_NEVER_A_SPARTINA_LABEL
CNA10K-R00450-C00140,1,1.0,106718479.1,1.067185,30000,OK,77.0,0.0,0.0,9.0,30000,OK,MURRAY_JRC_CONTEXT_ONLY_NEVER_A_SPARTINA_LABEL
CNA10K-R00450-C00141,1,2.0,96046631.2,0.960466,30000,OK,71.5484,0.0,0.0,7.35,30000,OK,MURRAY_JRC_CONTEXT_ONLY_NEVER_A_SPARTINA_LABEL
CNA10K-R00450-C00142,1,2.0,98799761.8,0.987998,30000,OK,64.0,0.0,0.0,6.0,30000,OK,MURRAY_JRC_CONTEXT_ONLY_NEVER_A_SPARTINA_LABEL
CNA10K-R00450-C00143,1,2.0,64126902.2,0.641269,30000,OK,59.2,0.0,0.0,5.7241,30000,OK,MURRAY_JRC_CONTEXT_ONLY_NEVER_A_SPARTINA_LABEL
CNA10K-R00451-C00131,1,1.0,37351467.7,0.373515,30000,OK,21.0,0.0,0.0,8.0,30000,OK,MURRAY_JRC_CONTEXT_ONLY_NEVER_A_SPARTINA_LABEL
CNA10K-R00451-C00132,1,3.0,98564704.6,0.985647,30000,OK,37.5714,0.0,0.0,7.5556,30000,OK,MURRAY_JRC_CONTEXT_ONLY_NEVER_A_SPARTINA_LABEL
CNA10K-R00451-C00133,1,2.0,106600709.5,1.066007,30000,OK,50.0,0.0,0.0,7.0,30000,OK,MURRAY_JRC_CONTEXT_ONLY_NEVER_A_SPARTINA_LABEL
CNA10K-R00451-C00134,1,2.0,88042745.2,0.880427,30000,OK,45.2857,0.0,0.0,6.5714,30000,OK,MURRAY_JRC_CONTEXT_ONLY_NEVER_A_SPARTINA_LABEL
CNA10K-R00451-C00135,1,1.0,114722365.0,1.147224,30000,OK,65.0,8013646.3,0.080136,7.6667,30000,OK,MURRAY_JRC_CONTEXT_ONLY_NEVER_A_SPARTINA_LABEL
CNA10K-R00451-C00136,1,2.0,80038859.3,0.800389,30000,OK,70.84,37397016.1,0.37397,8.2143,30000,OK,MURRAY_JRC_CONTEXT_ONLY_NEVER_A_SPARTINA_LABEL
CNA10K-R00451-C00137,1,1.0,114722365.0,1.147224,30000,OK,72.9565,37397016.1,0.37397,7.8,30000,OK,MURRAY_JRC_CONTEXT_ONLY_NEVER_A_SPARTINA_LABEL
CNA10K-R00451-C00138,1,2.0,90710707.2,0.907107,30000,OK,79.027,74794032.2,0.74794,9.0,30000,OK,MURRAY_JRC_CONTEXT_ONLY_NEVER_A_SPARTINA_LABEL
CNA10K-R00451-C00139,1,1.0,104050517.1,1.040505,30000,OK,76.2353,5342430.9,0.053424,8.8235,30000,OK,MURRAY_JRC_CONTEXT_ONLY_NEVER_A_SPARTINA_LABEL
CNA10K-R00451-C00140,1,1.0,101382555.1,1.013826,30000,OK,77.0,0.0,0.0,9.0,30000,OK,MURRAY_JRC_CONTEXT_ONLY_NEVER_A_SPARTINA_LABEL
CNA10K-R00451-C00141,1,2.0,93378669.2,0.933787,30000,OK,70.5,0.0,0.0,7.0541,30000,OK,MURRAY_JRC_CONTEXT_ONLY_NEVER_A_SPARTINA_LABEL
CNA10K-R00451-C00142,1,1.0,109386441.0,1.093864,30000,OK,64.0,0.0,0.0,6.0,30000,OK,MURRAY_JRC_CONTEXT_ONLY_NEVER_A_SPARTINA_LABEL
CNA10K-R00451-C00143,1,1.0,29347581.7,0.293476,30000,OK,59.2,0.0,0.0,5.7143,30000,OK,MURRAY_JRC_CONTEXT_ONLY_NEVER_A_SPARTINA_LABEL
CNA10K-R00452-C00132,1,1.0,108947481.9,1.089475,30000,OK,40.3333,0.0,0.0,7.2,30000,OK,MURRAY_JRC_CONTEXT_ONLY_NEVER_A_SPARTINA_LABEL
CNA10K-R00452-C00133,1,1.0,85032181.0,0.850322,30000,OK,50.0,0.0,0.0,7.0,30000,OK,MURRAY_JRC_CONTEXT_ONLY_NEVER_A_SPARTINA_LABEL
CNA10K-R00452-C00134,1,2.0,114261993.2,1.14262,30000,OK,45.2857,0.0,0.0,6.5714,30000,OK,MURRAY_JRC_CONTEXT_ONLY_NEVER_A_SPARTINA_LABEL
CNA10K-R00452-C00135,1,1.0,82374925.3,0.823749,30000,OK,39.0,0.0,0.0,6.0,30000,OK,MURRAY_JRC_CONTEXT_ONLY_NEVER_A_SPARTINA_LABEL
CNA10K-R00452-C00136,1,4.0,106418702.1,1.064187,30000,OK,45.75,0.0,0.0,5.3529,30000,OK,MURRAY_JRC_CONTEXT_ONLY_NEVER_A_SPARTINA_LABEL
CNA10K-R00452-C00137,1,2.0,93153836.4,0.931538,30000,OK,48.0,0.0,0.0,5.0,30000,OK,MURRAY_JRC_CONTEXT_ONLY_NEVER_A_SPARTINA_LABEL
CNA10K-R00452-C00138,1,4.0,98564704.6,0.985647,30000,OK,52.75,0.0,0.0,5.2222,30000,OK,MURRAY_JRC_CONTEXT_ONLY_NEVER_A_SPARTINA_LABEL
CNA10K-R00452-C00139,1,2.0,103943453.9,1.039435,30000,OK,67.0,0.0,0.0,7.0,30000,OK,MURRAY_JRC_CONTEXT_ONLY_NEVER_A_SPARTINA_LABEL
CNA10K-R00452-C00140,1,2.0,90710707.2,0.907107,30000,OK,67.0,0.0,0.0,7.0,30000,OK,MURRAY_JRC_CONTEXT_ONLY_NEVER_A_SPARTINA_LABEL
CNA10K-R00452-C00141,1,1.0,112054403.0,1.120544,30000,OK,58.8,0.0,0.0,5.6842,30000,OK,MURRAY_JRC_CONTEXT_ONLY_NEVER_A_SPARTINA_LABEL
CNA10K-R00453-C00137,1,1.0,95661203.6,0.956612,30000,OK,48.0,0.0,0.0,5.0,30000,OK,MURRAY_JRC_CONTEXT_ONLY_NEVER_A_SPARTINA_LABEL
CNA10K-R00453-C00138,1,2.0,108947481.9,1.089475,30000,OK,58.0,0.0,0.0,5.6667,30000,OK,MURRAY_JRC_CONTEXT_ONLY_NEVER_A_SPARTINA_LABEL
CNA10K-R00453-C00139,1,1.0,87689436.6,0.876894,30000,OK,67.0,0.0,0.0,7.0,30000,OK,MURRAY_JRC_CONTEXT_ONLY_NEVER_A_SPARTINA_LABEL
CNA10K-R00453-C00140,1,1.0,87689436.6,0.876894,30000,OK,65.3636,0.0,0.0,6.8824,30000,OK,MURRAY_JRC_CONTEXT_ONLY_NEVER_A_SPARTINA_LABEL
CNA10K-R00454-C00138,1,2.0,85032181.0,0.850322,30000,OK,50.8387,0.0,0.0,5.4878,30000,OK,MURRAY_JRC_CONTEXT_ONLY_NEVER_A_SPARTINA_LABEL
CNA10K-R00454-C00139,1,1.0,114261993.2,1.14262,30000,OK,67.0,0.0,0.0,7.0,30000,OK,MURRAY_JRC_CONTEXT_ONLY_NEVER_A_SPARTINA_LABEL
CNA10K-R00481-C00204,1,2.0,96711850.2,0.967119,30000,OK,91.0,0.0,0.0,11.1579,30000,OK,MURRAY_JRC_CONTEXT_ONLY_NEVER_A_SPARTINA_LABEL
CNA10K-R00481-C00205,1,1.0,91484182.6,0.914842,30000,OK,94.3415,65429458.8,0.654295,11.2683,30000,OK,MURRAY_JRC_CONTEXT_ONLY_NEVER_A_SPARTINA_LABEL
CNA10K-R00481-C00206,1,1.0,109781019.1,1.09781,30000,OK,98.0,88984064.0,0.889841,12.0,30000,OK,MURRAY_JRC_CONTEXT_ONLY_NEVER_A_SPARTINA_LABEL
CNA10K-R00482-C00204,1,4.0,99061600.4,0.990616,30000,OK,79.2727,0.0,0.0,9.3333,30000,OK,MURRAY_JRC_CONTEXT_ONLY_NEVER_A_SPARTINA_LABEL
CNA10K-R00482-C00205,1,2.0,104388299.3,1.043883,30000,OK,88.0,0.0,0.0,10.0,30000,OK,MURRAY_JRC_CONTEXT_ONLY_NEVER_A_SPARTINA_LABEL
CNA10K-R00482-C00206,1,2.0,78393006.7,0.78393,30000,OK,88.0,0.0,0.0,10.0,30000,OK,MURRAY_JRC_CONTEXT_ONLY_NEVER_A_SPARTINA_LABEL
CNA10K-R00483-C00206,1,2.0,109318872.8,1.093189,30000,OK,90.0588,18243348.8,0.182433,10.4,30000,OK,MURRAY_JRC_CONTEXT_ONLY_NEVER_A_SPARTINA_LABEL
CNA10K-R00483-C00207,1,1.0,78084909.2,0.780849,30000,OK,98.0,101641514.9,1.016415,12.0,30000,OK,MURRAY_JRC_CONTEXT_ONLY_NEVER_A_SPARTINA_LABEL
CNA10K-R00484-C00206,1,2.0,91099060.7,0.910991,30000,OK,92.7619,52123853.8,0.521239,10.9524,30000,OK,MURRAY_JRC_CONTEXT_ONLY_NEVER_A_SPARTINA_LABEL
CNA10K-R00484-C00207,1,1.0,109318872.8,1.093189,30000,OK,98.0,91216744.2,0.912167,12.0,30000,OK,MURRAY_JRC_CONTEXT_ONLY_NEVER_A_SPARTINA_LABEL
CNA10K-R00484-C00208,1,1.0,57262266.7,0.572623,30000,OK,98.1389,93822936.8,0.938229,12.0,30000,OK,MURRAY_JRC_CONTEXT_ONLY_NEVER_A_SPARTINA_LABEL
CNA10K-R00485-C00204,1,2.0,88308168.5,0.883082,30000,OK,84.7727,0.0,0.0,10.625,30000,OK,MURRAY_JRC_CONTEXT_ONLY_NEVER_A_SPARTINA_LABEL
CNA10K-R00485-C00205,1,2.0,104002587.6,1.040026,30000,OK,89.0,0.0,0.0,11.0,30000,OK,MURRAY_JRC_CONTEXT_ONLY_NEVER_A_SPARTINA_LABEL
CNA10K-R00485-C00207,1,1.0,91099060.7,0.910991,30000,OK,97.3571,39092890.4,0.390929,12.0,30000,OK,MURRAY_JRC_CONTEXT_ONLY_NEVER_A_SPARTINA_LABEL
CNA10K-R00485-C00208,1,1.0,39042454.6,0.390425,30000,OK,97.8947,59942431.9,0.599424,12.0,30000,OK,MURRAY_JRC_CONTEXT_ONLY_NEVER_A_SPARTINA_LABEL
CNA10K-R00486-C00204,1,1.0,108854249.4,1.088542,30000,OK,89.0,0.0,0.0,11.0,30000,OK,MURRAY_JRC_CONTEXT_ONLY_NEVER_A_SPARTINA_LABEL
CNA10K-R00486-C00205,1,2.0,90711874.5,0.907119,30000,OK,89.0,0.0,0.0,11.0,30000,OK,MURRAY_JRC_CONTEXT_ONLY_NEVER_A_SPARTINA_LABEL
CNA10K-R00486-C00207,1,2.0,108998061.4,1.089981,30000,OK,97.0,0.0,0.0,12.0,30000,OK,MURRAY_JRC_CONTEXT_ONLY_NEVER_A_SPARTINA_LABEL
CNA10K-R00486-C00208,1,2.0,41490410.4,0.414904,30000,OK,97.0,0.0,0.0,12.0,30000,OK,MURRAY_JRC_CONTEXT_ONLY_NEVER_A_SPARTINA_LABEL
CNA10K-R00486-C00209,1,1.0,15550607.1,0.155506,30000,OK,97.0,0.0,0.0,12.0,30000,OK,MURRAY_JRC_CONTEXT_ONLY_NEVER_A_SPARTINA_LABEL
CNA10K-R00487-C00207,1,2.0,90711874.5,0.907119,30000,OK,97.0,0.0,0.0,12.0,30000,OK,MURRAY_JRC_CONTEXT_ONLY_NEVER_A_SPARTINA_LABEL
CNA10K-R00487-C00208,1,1.0,106262481.6,1.062625,30000,OK,97.0,0.0,0.0,12.0,30000,OK,MURRAY_JRC_CONTEXT_ONLY_NEVER_A_SPARTINA_LABEL
CNA10K-R00487-C00209,1,1.0,101078945.9,1.010789,30000,OK,97.0,0.0,0.0,12.0,30000,OK,MURRAY_JRC_CONTEXT_ONLY_NEVER_A_SPARTINA_LABEL
