tile_id,source_stack_version,source_stack_checksum,row_off,col_off,height,width,bounds_utm,bounds_wgs84,split,silver_positive_pixels,silver_eval_pixels,silver_fraction,weak_positive_pixels,weak_eval_pixels,weak_fraction,ignore_pixels,ignore_fraction,weak_only_candidate_pixels,weak_only_candidate_fraction,optical_valid_fraction,sar_valid_fraction,vv_valid_fraction,vh_valid_fraction,indices_valid_fraction,optical_available,sar_available,indices_available,silver_component_ids,weak_candidate_component_ids,eligible_for_train,eligible_for_eval,exclusion_reason,source_crs,source_transform
HB2015_R0000_C0000_P096,v1,sha256:993a6a2d0778440e96115d0ac53d2ae1bb3bf396b1e485bb23674b80f3f5602b,0,0,96,96,"[309290.0, 3361490.0, 312170.0, 3364370.0]","[121.01544382865731, 30.370308754608313, 121.04488157024599, 30.396734537374073]",,0,0,0.0,0,0,0.0,9216,1.0,0,0.0,0.0,0.0,0.0,0.0,0.0,False,False,False,[],[],False,False,insufficient_optical_coverage;insufficient_sar_coverage;insufficient_indices_coverage;too_much_ignore,EPSG:32651,"[30.0, 0.0, 309290.0, 0.0, -30.0, 3364370.0]"
HB2015_R0000_C0048_P096,v1,sha256:993a6a2d0778440e96115d0ac53d2ae1bb3bf396b1e485bb23674b80f3f5602b,0,48,96,96,"[310730.0, 3361490.0, 313610.0, 3364370.0]","[121.03042121777295, 30.370535415821927, 121.05986325436447, 30.396957999542146]",,0,0,0.0,0,0,0.0,9216,1.0,0,0.0,0.0,0.0,0.0,0.0,0.0,False,False,False,[],[],False,False,insufficient_optical_coverage;insufficient_sar_coverage;insufficient_indices_coverage;too_much_ignore,EPSG:32651,"[30.0, 0.0, 309290.0, 0.0, -30.0, 3364370.0]"
HB2015_R0000_C0096_P096,v1,sha256:993a6a2d0778440e96115d0ac53d2ae1bb3bf396b1e485bb23674b80f3f5602b,0,96,96,96,"[312170.0, 3361490.0, 315050.0, 3364370.0]","[121.04539877644983, 30.37076036211191, 121.07484510565624, 30.39717974487667]",,0,0,0.0,0,0,0.0,9216,1.0,0,0.0,0.0,0.0,0.0,0.0,0.0,False,False,False,[],[],False,False,insufficient_optical_coverage;insufficient_sar_coverage;insufficient_indices_coverage;too_much_ignore,EPSG:32651,"[30.0, 0.0, 309290.0, 0.0, -30.0, 3364370.0]"
HB2015_R0000_C0144_P096,v1,sha256:993a6a2d0778440e96115d0ac53d2ae1bb3bf396b1e485bb23674b80f3f5602b,0,144,96,96,"[313610.0, 3361490.0, 316490.0, 3364370.0]","[121.06037650340184, 30.370983593409434, 121.08982712283351, 30.397399773309715]",,0,0,0.0,0,0,0.0,9216,1.0,0,0.0,0.0,0.0,0.0,0.0,0.0,False,False,False,[],[],False,False,insufficient_optical_coverage;insufficient_sar_coverage;insufficient_indices_coverage;too_much_ignore,EPSG:32651,"[30.0, 0.0, 309290.0, 0.0, -30.0, 3364370.0]"
HB2015_R0000_C0192_P096,v1,sha256:993a6a2d0778440e96115d0ac53d2ae1bb3bf396b1e485bb23674b80f3f5602b,0,192,96,96,"[315050.0, 3361490.0, 317930.0, 3364370.0]","[121.07535439734265, 30.371205109646123, 121.10480930460842, 30.3976180847739]",,0,0,0.0,0,0,0.0,9216,1.0,0,0.0,0.0,0.0,0.0,0.0,0.0,False,False,False,[],[],False,False,insufficient_optical_coverage;insufficient_sar_coverage;insufficient_indices_coverage;too_much_ignore,EPSG:32651,"[30.0, 0.0, 309290.0, 0.0, -30.0, 3364370.0]"
HB2015_R0000_C0240_P096,v1,sha256:993a6a2d0778440e96115d0ac53d2ae1bb3bf396b1e485bb23674b80f3f5602b,0,240,96,96,"[316490.0, 3361490.0, 319370.0, 3364370.0]","[121.0903324569859, 30.37142491075417, 121.11979164969301, 30.39783467920234]",,0,0,0.0,0,0,0.0,9216,1.0,0,0.0,0.0,0.0,0.0,0.0,0.0,False,False,False,[],[],False,False,insufficient_optical_coverage;insufficient_sar_coverage;insufficient_indices_coverage;too_much_ignore,EPSG:32651,"[30.0, 0.0, 309290.0, 0.0, -30.0, 3364370.0]"
HB2015_R0000_C0288_P096,v1,sha256:993a6a2d0778440e96115d0ac53d2ae1bb3bf396b1e485bb23674b80f3f5602b,0,288,96,96,"[317930.0, 3361490.0, 320810.0, 3364370.0]","[121.10531068104518, 30.371642996666253, 121.13477415679922, 30.3980495565287]",,0,0,0.0,0,0,0.0,9216,1.0,0,0.0,0.0,0.0,0.0,0.0,0.0,False,False,False,[],[],False,False,insufficient_optical_coverage;insufficient_sar_coverage;insufficient_indices_coverage;too_much_ignore,EPSG:32651,"[30.0, 0.0, 309290.0, 0.0, -30.0, 3364370.0]"
HB2015_R0000_C0336_P096,v1,sha256:993a6a2d0778440e96115d0ac53d2ae1bb3bf396b1e485bb23674b80f3f5602b,0,336,96,96,"[319370.0, 3361490.0, 322250.0, 3364370.0]","[121.12028906823392, 30.371859367315615, 121.14975682463897, 30.398262716687164]",,0,0,0.0,0,0,0.0,9216,1.0,0,0.0,0.0,0.0,0.0,0.0,0.0,False,False,False,[],[],False,False,insufficient_optical_coverage;insufficient_sar_coverage;insufficient_indices_coverage;too_much_ignore,EPSG:32651,"[30.0, 0.0, 309290.0, 0.0, -30.0, 3364370.0]"
HB2015_R0000_C0384_P096,v1,sha256:993a6a2d0778440e96115d0ac53d2ae1bb3bf396b1e485bb23674b80f3f5602b,0,384,96,96,"[320810.0, 3361490.0, 323690.0, 3364370.0]","[121.13526761726547, 30.372074022635996, 121.16473965192402, 30.39847415961243]",,0,0,0.0,0,0,0.0,9216,1.0,0,0.0,0.0,0.0,0.0,0.0,0.0,False,False,False,[],[],False,False,insufficient_optical_coverage;insufficient_sar_coverage;insufficient_indices_coverage;too_much_ignore,EPSG:32651,"[30.0, 0.0, 309290.0, 0.0, -30.0, 3364370.0]"
HB2015_R0000_C0432_P096,v1,sha256:993a6a2d0778440e96115d0ac53d2ae1bb3bf396b1e485bb23674b80f3f5602b,0,432,96,96,"[322250.0, 3361490.0, 325130.0, 3364370.0]","[121.15024632685319, 30.37228696256167, 121.17972263736607, 30.398683885239734]",,0,0,0.0,0,0,0.0,9039,0.9807942708333334,0,0.0,0.019205729166666668,0.012152777777777778,0.012152777777777778,0.012152777777777778,0.010850694444444444,False,False,False,[],[],False,False,insufficient_optical_coverage;insufficient_sar_coverage;insufficient_indices_coverage;too_much_ignore,EPSG:32651,"[30.0, 0.0, 309290.0, 0.0, -30.0, 3364370.0]"
HB2015_R0000_C0480_P096,v1,sha256:993a6a2d0778440e96115d0ac53d2ae1bb3bf396b1e485bb23674b80f3f5602b,0,480,96,96,"[323690.0, 3361490.0, 326570.0, 3364370.0]","[121.16522519571026, 30.37249818702742, 121.19470577967677, 30.398891893504807]",,0,0,0.0,0,0,0.0,8263,0.8965928819444444,0,0.0,0.10340711805555555,0.08702256944444445,0.08702256944444445,0.08702256944444445,0.08506944444444445,False,False,False,[],[],False,False,insufficient_optical_coverage;insufficient_sar_coverage;insufficient_indices_coverage,EPSG:32651,"[30.0, 0.0, 309290.0, 0.0, -30.0, 3364370.0]"
HB2015_R0000_C0528_P096,v1,sha256:993a6a2d0778440e96115d0ac53d2ae1bb3bf396b1e485bb23674b80f3f5602b,0,528,96,96,"[325130.0, 3361490.0, 328010.0, 3364370.0]","[121.18020422254979, 30.37270769596858, 121.20968907756763, 30.39909818434397]",,0,0,0.0,0,0,0.0,7102,0.7706163194444444,0,0.0,0.22938368055555555,0.2105034722222222,0.2105034722222222,0.2105034722222222,0.2092013888888889,False,False,False,[],[],False,False,insufficient_optical_coverage;insufficient_sar_coverage;insufficient_indices_coverage,EPSG:32651,"[30.0, 0.0, 309290.0, 0.0, -30.0, 3364370.0]"
HB2015_R0000_C0576_P096,v1,sha256:993a6a2d0778440e96115d0ac53d2ae1bb3bf396b1e485bb23674b80f3f5602b,0,576,96,96,"[326570.0, 3361490.0, 329450.0, 3364370.0]","[121.19518340608481, 30.372915489320985, 121.22467252975012, 30.39930275769399]",train,4,0,0.00043402777777777775,4,0,0.00043402777777777775,5987,0.6496310763888888,0,0.0,0.3512369791666667,0.3321397569444444,0.3321397569444444,0.3321397569444444,0.3307291666666667,True,True,True,"[""silver-0008""]",[],True,False,,EPSG:32651,"[30.0, 0.0, 309290.0, 0.0, -30.0, 3364370.0]"
HB2015_R0000_C0611_P096,v1,sha256:993a6a2d0778440e96115d0ac53d2ae1bb3bf396b1e485bb23674b80f3f5602b,0,611,96,96,"[327620.0, 3361490.0, 330500.0, 3364370.0]","[121.20610582545913, 30.37306592371996, 121.23559806016351, 30.39945084297706]",train,15,3,0.0016276041666666667,10,3,0.0010850694444444445,5170,0.5609809027777778,0,0.0,0.4410807291666667,0.4207899305555556,0.4207899305555556,0.4207899305555556,0.4184027777777778,True,True,True,"[""silver-0008""]",[],True,False,,EPSG:32651,"[30.0, 0.0, 309290.0, 0.0, -30.0, 3364370.0]"
HB2015_R0000_C0624_P096,v1,sha256:993a6a2d0778440e96115d0ac53d2ae1bb3bf396b1e485bb23674b80f3f5602b,0,624,96,96,"[328010.0, 3361490.0, 330890.0, 3364370.0]","[121.21016274502831, 30.373121567021, 121.23965613493561, 30.3995056134922]",train,28,10,0.0030381944444444445,21,10,0.0022786458333333335,4881,0.5296223958333334,0,0.0,0.4735243055555556,0.4539930555555556,0.4539930555555556,0.4539930555555556,0.4518229166666667,True,True,True,"[""silver-0005"", ""silver-0008""]",[],True,False,,EPSG:32651,"[30.0, 0.0, 309290.0, 0.0, -30.0, 3364370.0]"
HB2015_R0000_C0659_P096,v1,sha256:993a6a2d0778440e96115d0ac53d2ae1bb3bf396b1e485bb23674b80f3f5602b,0,659,96,96,"[329060.0, 3361490.0, 331940.0, 3364370.0]","[121.22108527690986, 30.373270750383632, 121.25058177610128, 30.399652446354544]",train,45,10,0.0048828125,18,10,0.001953125,4074,0.4420572916666667,0,0.0,0.5626085069444444,0.5428602430555556,0.5428602430555556,0.5428602430555556,0.5411241319444444,True,True,True,"[""silver-0005"", ""silver-0006"", ""silver-0007"", ""silver-0008""]",[],True,False,,EPSG:32651,"[30.0, 0.0, 309290.0, 0.0, -30.0, 3364370.0]"
HB2015_R0048_C0000_P096,v1,sha256:993a6a2d0778440e96115d0ac53d2ae1bb3bf396b1e485bb23674b80f3f5602b,48,0,96,96,"[309290.0, 3360050.0, 312170.0, 3362930.0]","[121.01570613232796, 30.357321858675224, 121.04514025753193, 30.38374746365934]",,0,0,0.0,0,0,0.0,9216,1.0,0,0.0,0.0,0.0,0.0,0.0,0.0,False,False,False,[],[],False,False,insufficient_optical_coverage;insufficient_sar_coverage;insufficient_indices_coverage;too_much_ignore,EPSG:32651,"[30.0, 0.0, 309290.0, 0.0, -30.0, 3364370.0]"
HB2015_R0048_C0048_P096,v1,sha256:993a6a2d0778440e96115d0ac53d2ae1bb3bf396b1e485bb23674b80f3f5602b,48,48,96,96,"[310730.0, 3360050.0, 313610.0, 3362930.0]","[121.03068154497645, 30.35754840272637, 121.06011996242367, 30.383970810377228]",,0,0,0.0,0,0,0.0,9216,1.0,0,0.0,0.0,0.0,0.0,0.0,0.0,False,False,False,[],[],False,False,insufficient_optical_coverage;insufficient_sar_coverage;insufficient_indices_coverage;too_much_ignore,EPSG:32651,"[30.0, 0.0, 309290.0, 0.0, -30.0, 3364370.0]"
HB2015_R0048_C0096_P096,v1,sha256:993a6a2d0778440e96115d0ac53d2ae1bb3bf396b1e485bb23674b80f3f5602b,48,96,96,96,"[312170.0, 3360050.0, 315050.0, 3362930.0]","[121.04565712709265, 30.357773232739824, 121.07509983439643, 30.384192441148027]",,0,0,0.0,0,0,0.0,9216,1.0,0,0.0,0.0,0.0,0.0,0.0,0.0,False,False,False,[],[],False,False,insufficient_optical_coverage;insufficient_sar_coverage;insufficient_indices_coverage;too_much_ignore,EPSG:32651,"[30.0, 0.0, 309290.0, 0.0, -30.0, 3364370.0]"
HB2015_R0048_C0144_P096,v1,sha256:993a6a2d0778440e96115d0ac53d2ae1bb3bf396b1e485bb23674b80f3f5602b,48,144,96,96,"[313610.0, 3360050.0, 316490.0, 3362930.0]","[121.06063287739119, 30.357996348646772, 121.09007987216312, 30.384412355903887]",,0,0,0.0,0,0,0.0,9216,1.0,0,0.0,0.0,0.0,0.0,0.0,0.0,False,False,False,[],[],False,False,insufficient_optical_coverage;insufficient_sar_coverage;insufficient_indices_coverage;too_much_ignore,EPSG:32651,"[30.0, 0.0, 309290.0, 0.0, -30.0, 3364370.0]"
HB2015_R0048_C0192_P096,v1,sha256:993a6a2d0778440e96115d0ac53d2ae1bb3bf396b1e485bb23674b80f3f5602b,48,192,96,96,"[315050.0, 3360050.0, 317930.0, 3362930.0]","[121.07560879458642, 30.358217750378934, 121.10506007443657, 30.38463055457745]",,0,0,0.0,0,0,0.0,9216,1.0,0,0.0,0.0,0.0,0.0,0.0,0.0,False,False,False,[],[],False,False,insufficient_optical_coverage;insufficient_sar_coverage;insufficient_indices_coverage;too_much_ignore,EPSG:32651,"[30.0, 0.0, 309290.0, 0.0, -30.0, 3364370.0]"
HB2015_R0048_C0240_P096,v1,sha256:993a6a2d0778440e96115d0ac53d2ae1bb3bf396b1e485bb23674b80f3f5602b,48,240,96,96,"[316490.0, 3360050.0, 319370.0, 3362930.0]","[121.09058487739269, 30.358437437868506, 121.12004043992957, 30.3848470371019]",,0,0,0.0,0,0,0.0,9216,1.0,0,0.0,0.0,0.0,0.0,0.0,0.0,False,False,False,[],[],False,False,insufficient_optical_coverage;insufficient_sar_coverage;insufficient_indices_coverage;too_much_ignore,EPSG:32651,"[30.0, 0.0, 309290.0, 0.0, -30.0, 3364370.0]"
HB2015_R0048_C0288_P096,v1,sha256:993a6a2d0778440e96115d0ac53d2ae1bb3bf396b1e485bb23674b80f3f5602b,48,288,96,96,"[317930.0, 3360050.0, 320810.0, 3362930.0]","[121.10556112452429, 30.35865541104824, 121.13502096735476, 30.385061803410924]",,0,0,0.0,0,0,0.0,9011,0.9777560763888888,0,0.0,0.022243923611111112,0.015625,0.015625,0.015625,0.015516493055555556,False,False,False,[],[],False,False,insufficient_optical_coverage;insufficient_sar_coverage;insufficient_indices_coverage;too_much_ignore,EPSG:32651,"[30.0, 0.0, 309290.0, 0.0, -30.0, 3364370.0]"
HB2015_R0048_C0336_P096,v1,sha256:993a6a2d0778440e96115d0ac53d2ae1bb3bf396b1e485bb23674b80f3f5602b,48,336,96,96,"[319370.0, 3360050.0, 322250.0, 3362930.0]","[121.1205375346954, 30.358871669851407, 121.15000165542475, 30.385274853438762]",,0,0,0.0,0,0,0.0,8076,0.8763020833333334,0,0.0,0.12369791666666667,0.1066623263888889,0.1066623263888889,0.1066623263888889,0.10481770833333333,False,False,False,[],[],False,False,insufficient_optical_coverage;insufficient_sar_coverage;insufficient_indices_coverage,EPSG:32651,"[30.0, 0.0, 309290.0, 0.0, -30.0, 3364370.0]"
HB2015_R0048_C0384_P096,v1,sha256:993a6a2d0778440e96115d0ac53d2ae1bb3bf396b1e485bb23674b80f3f5602b,48,384,96,96,"[320810.0, 3360050.0, 323690.0, 3362930.0]","[121.13551410662005, 30.359086214211807, 121.164982502852, 30.38548618712016]",train,0,0,0.0,0,0,0.0,6593,0.7153862847222222,0,0.0,0.2846137152777778,0.2634548611111111,0.2634548611111111,0.2634548611111111,0.2603081597222222,True,True,True,[],[],True,False,,EPSG:32651,"[30.0, 0.0, 309290.0, 0.0, -30.0, 3364370.0]"
HB2015_R0048_C0432_P096,v1,sha256:993a6a2d0778440e96115d0ac53d2ae1bb3bf396b1e485bb23674b80f3f5602b,48,432,96,96,"[322250.0, 3360050.0, 325130.0, 3362930.0]","[121.15049083901228, 30.35929904406374, 121.17996350834895, 30.385695804390387]",train,59,12,0.006401909722222222,15,12,0.0016276041666666667,5139,0.5576171875,0,0.0,0.4478081597222222,0.4263237847222222,0.4263237847222222,0.4263237847222222,0.4235026041666667,True,True,True,"[""silver-0013"", ""silver-0014""]",[],True,False,,EPSG:32651,"[30.0, 0.0, 309290.0, 0.0, -30.0, 3364370.0]"
HB2015_R0048_C0480_P096,v1,sha256:993a6a2d0778440e96115d0ac53d2ae1bb3bf396b1e485bb23674b80f3f5602b,48,480,96,96,"[323690.0, 3360050.0, 326570.0, 3362930.0]","[121.16546773058602, 30.359510159342065, 121.19494467062795, 30.38590370518525]",train,263,88,0.028537326388888888,106,88,0.011501736111111112,3890,0.4220920138888889,0,0.0,0.5988498263888888,0.5787760416666666,0.5787760416666666,0.5787760416666666,0.5767144097222222,True,True,True,"[""silver-0008"", ""silver-0011"", ""silver-0013"", ""silver-0014""]",[],True,False,,EPSG:32651,"[30.0, 0.0, 309290.0, 0.0, -30.0, 3364370.0]"
HB2015_R0048_C0528_P096,v1,sha256:993a6a2d0778440e96115d0ac53d2ae1bb3bf396b1e485bb23674b80f3f5602b,48,528,96,96,"[325130.0, 3360050.0, 328010.0, 3362930.0]","[121.18044478005507, 30.359719559982132, 121.20992598840121, 30.386109889441055]",train,472,235,0.051215277777777776,269,235,0.029188368055555556,2765,0.3000217013888889,0,0.0,0.7293836805555556,0.7105034722222222,0.7105034722222222,0.7105034722222222,0.7092013888888888,True,True,True,"[""silver-0008"", ""silver-0011"", ""silver-0013""]",[],True,False,,EPSG:32651,"[30.0, 0.0, 309290.0, 0.0, -30.0, 3364370.0]"
HB2015_R0048_C0576_P096,v1,sha256:993a6a2d0778440e96115d0ac53d2ae1bb3bf396b1e485bb23674b80f3f5602b,48,576,96,96,"[326570.0, 3360050.0, 329450.0, 3362930.0]","[121.1954219861332, 30.359927245919838, 121.22490746038092, 30.38631435709467]",train,897,578,0.09733072916666667,618,578,0.06705729166666667,1730,0.1877170138888889,0,0.0,0.8512369791666666,0.8321397569444444,0.8321397569444444,0.8321397569444444,0.8307291666666666,True,True,True,"[""silver-0008""]",[],True,False,,EPSG:32651,"[30.0, 0.0, 309290.0, 0.0, -30.0, 3364370.0]"
HB2015_R0048_C0611_P096,v1,sha256:993a6a2d0778440e96115d0ac53d2ae1bb3bf396b1e485bb23674b80f3f5602b,48,611,96,96,"[327620.0, 3360050.0, 330500.0, 3362930.0]","[121.20634296355777, 30.360077602554423, 121.23583154684314, 30.386462365866613]",train,1142,792,0.12391493055555555,849,792,0.09212239583333333,1030,0.11176215277777778,0,0.0,0.9324001736111112,0.9172092013888888,0.9172092013888888,0.9172092013888888,0.9151475694444444,True,True,True,"[""silver-0005"", ""silver-0008""]",[],True,False,,EPSG:32651,"[30.0, 0.0, 309290.0, 0.0, -30.0, 3364370.0]"
HB2015_R0048_C0624_P096,v1,sha256:993a6a2d0778440e96115d0ac53d2ae1bb3bf396b1e485bb23674b80f3f5602b,48,624,96,96,"[328010.0, 3360050.0, 330890.0, 3362930.0]","[121.21039934753406, 30.360133217091576, 121.23988908527916, 30.386517108083453]",train,1303,923,0.1413845486111111,989,923,0.10731336805555555,864,0.09375,0,0.0,0.9546440972222222,0.9422743055555556,0.9422743055555556,0.9422743055555556,0.9405381944444444,True,True,True,"[""silver-0005"", ""silver-0008""]",[],True,False,,EPSG:32651,"[30.0, 0.0, 309290.0, 0.0, -30.0, 3364370.0]"
HB2015_R0048_C0659_P096,v1,sha256:993a6a2d0778440e96115d0ac53d2ae1bb3bf396b1e485bb23674b80f3f5602b,48,659,96,96,"[329060.0, 3360050.0, 331940.0, 3362930.0]","[121.22132043740379, 30.360282323336204, 121.25081328243252, 30.386663865081445]",train,1224,866,0.1328125,930,866,0.10091145833333333,491,0.053276909722222224,0,0.0,0.9925130208333334,0.9873046875,0.9873046875,0.9873046875,0.9866536458333334,True,True,True,"[""silver-0005"", ""silver-0006"", ""silver-0007"", ""silver-0008""]",[],True,False,,EPSG:32651,"[30.0, 0.0, 309290.0, 0.0, -30.0, 3364370.0]"
HB2015_R0096_C0000_P096,v1,sha256:993a6a2d0778440e96115d0ac53d2ae1bb3bf396b1e485bb23674b80f3f5602b,96,0,96,96,"[309290.0, 3358610.0, 312170.0, 3361490.0]","[121.01596826524545, 30.344334934865273, 121.04539877644983, 30.37076036211191]",,0,0,0.0,0,0,0.0,9216,1.0,0,0.0,0.0,0.0,0.0,0.0,0.0,False,False,False,[],[],False,False,insufficient_optical_coverage;insufficient_sar_coverage;insufficient_indices_coverage;too_much_ignore,EPSG:32651,"[30.0, 0.0, 309290.0, 0.0, -30.0, 3364370.0]"
HB2015_R0096_C0048_P096,v1,sha256:993a6a2d0778440e96115d0ac53d2ae1bb3bf396b1e485bb23674b80f3f5602b,96,48,96,96,"[310730.0, 3358610.0, 313610.0, 3361490.0]","[121.03094170271214, 30.34456136178419, 121.06037650340184, 30.370983593409434]",,0,0,0.0,0,0,0.0,9216,1.0,0,0.0,0.0,0.0,0.0,0.0,0.0,False,False,False,[],[],False,False,insufficient_optical_coverage;insufficient_sar_coverage;insufficient_indices_coverage;too_much_ignore,EPSG:32651,"[30.0, 0.0, 309290.0, 0.0, -30.0, 3364370.0]"
HB2015_R0096_C0096_P096,v1,sha256:993a6a2d0778440e96115d0ac53d2ae1bb3bf396b1e485bb23674b80f3f5602b,96,96,96,96,"[312170.0, 3358610.0, 315050.0, 3361490.0]","[121.0459153095532, 30.34478607555112, 121.07535439734265, 30.371205109646123]",,0,0,0.0,0,0,0.0,9216,1.0,0,0.0,0.0,0.0,0.0,0.0,0.0,False,False,False,[],[],False,False,insufficient_optical_coverage;insufficient_sar_coverage;insufficient_indices_coverage;too_much_ignore,EPSG:32651,"[30.0, 0.0, 309290.0, 0.0, -30.0, 3364370.0]"
HB2015_R0096_C0144_P096,v1,sha256:993a6a2d0778440e96115d0ac53d2ae1bb3bf396b1e485bb23674b80f3f5602b,96,144,96,96,"[313610.0, 3358610.0, 316490.0, 3361490.0]","[121.06088908448378, 30.345009076097295, 121.0903324569859, 30.37142491075417]",,0,0,0.0,0,0,0.0,8963,0.9725477430555556,0,0.0,0.027452256944444444,0.019639756944444444,0.019639756944444444,0.019639756944444444,0.018663194444444444,False,False,False,[],[],False,False,insufficient_optical_coverage;insufficient_sar_coverage;insufficient_indices_coverage;too_much_ignore,EPSG:32651,"[30.0, 0.0, 309290.0, 0.0, -30.0, 3364370.0]"
HB2015_R0096_C0192_P096,v1,sha256:993a6a2d0778440e96115d0ac53d2ae1bb3bf396b1e485bb23674b80f3f5602b,96,192,96,96,"[315050.0, 3358610.0, 317930.0, 3361490.0]","[121.0758630262191, 30.345230363354464, 121.10531068104518, 30.371642996666253]",,0,0,0.0,0,0,0.0,7975,0.8653428819444444,0,0.0,0.13465711805555555,0.11664496527777778,0.11664496527777778,0.11664496527777778,0.11469184027777778,False,False,False,[],[],False,False,insufficient_optical_coverage;insufficient_sar_coverage;insufficient_indices_coverage,EPSG:32651,"[30.0, 0.0, 309290.0, 0.0, -30.0, 3364370.0]"
HB2015_R0096_C0240_P096,v1,sha256:993a6a2d0778440e96115d0ac53d2ae1bb3bf396b1e485bb23674b80f3f5602b,96,240,96,96,"[316490.0, 3358610.0, 319370.0, 3361490.0]","[121.09083713347414, 30.345449937254884, 121.12028906823392, 30.371859367315615]",train,0,0,0.0,0,0,0.0,6492,0.7044270833333334,0,0.0,0.2955729166666667,0.2751736111111111,0.2751736111111111,0.2751736111111111,0.2731119791666667,True,True,True,[],[],True,False,,EPSG:32651,"[30.0, 0.0, 309290.0, 0.0, -30.0, 3364370.0]"
HB2015_R0096_C0288_P096,v1,sha256:993a6a2d0778440e96115d0ac53d2ae1bb3bf396b1e485bb23674b80f3f5602b,96,288,96,96,"[317930.0, 3358610.0, 320810.0, 3361490.0]","[121.10581140496392, 30.345667797731362, 121.13526761726547, 30.372074022635996]",train,0,0,0.0,0,0,0.0,4993,0.5417751736111112,0,0.0,0.4582248263888889,0.4379340277777778,0.4379340277777778,0.4379340277777778,0.4356553819444444,True,True,True,[],[],True,False,,EPSG:32651,"[30.0, 0.0, 309290.0, 0.0, -30.0, 3364370.0]"
HB2015_R0096_C0336_P096,v1,sha256:993a6a2d0778440e96115d0ac53d2ae1bb3bf396b1e485bb23674b80f3f5602b,96,336,96,96,"[319370.0, 3358610.0, 322250.0, 3361490.0]","[121.12078583940328, 30.34588394471721, 121.15024632685319, 30.37228696256167]",train,0,0,0.0,0,0,0.0,3490,0.3786892361111111,0,0.0,0.6213107638888888,0.6008029513888888,0.6008029513888888,0.6008029513888888,0.5978732638888888,True,True,True,[],[],True,False,,EPSG:32651,"[30.0, 0.0, 309290.0, 0.0, -30.0, 3364370.0]"
HB2015_R0096_C0384_P096,v1,sha256:993a6a2d0778440e96115d0ac53d2ae1bb3bf396b1e485bb23674b80f3f5602b,96,384,96,96,"[320810.0, 3358610.0, 323690.0, 3361490.0]","[121.13576043550704, 30.346098378146266, 121.16522519571026, 30.37249818702742]",train,0,0,0.0,17,0,0.0018446180555555555,2002,0.2172309027777778,4,0.00043402777777777775,0.7846137152777778,0.7634548611111112,0.7634548611111112,0.7634548611111112,0.7603081597222222,True,True,True,[],"[""weakcand-0005""]",True,False,,EPSG:32651,"[30.0, 0.0, 309290.0, 0.0, -30.0, 3364370.0]"
HB2015_R0096_C0432_P096,v1,sha256:993a6a2d0778440e96115d0ac53d2ae1bb3bf396b1e485bb23674b80f3f5602b,96,432,96,96,"[322250.0, 3358610.0, 325130.0, 3361490.0]","[121.15073519198988, 30.346311097952885, 121.18020422254979, 30.37270769596858]",train,59,12,0.006401909722222222,62,12,0.006727430555555556,755,0.08192274305555555,24,0.0026041666666666665,0.9286024305555556,0.9141710069444444,0.9141710069444444,0.9141710069444444,0.9126519097222222,True,True,True,"[""silver-0013"", ""silver-0014""]","[""weakcand-0005""]",True,False,,EPSG:32651,"[30.0, 0.0, 309290.0, 0.0, -30.0, 3364370.0]"
HB2015_R0096_C0480_P096,v1,sha256:993a6a2d0778440e96115d0ac53d2ae1bb3bf396b1e485bb23674b80f3f5602b,96,480,96,96,"[323690.0, 3358610.0, 326570.0, 3361490.0]","[121.16571010756647, 30.346522104071962, 121.19518340608481, 30.372915489320985]",train,263,88,0.028537326388888888,136,88,0.014756944444444444,265,0.028754340277777776,20,0.002170138888888889,0.9954427083333334,0.9917534722222222,0.9917534722222222,0.9917534722222222,0.9916449652777778,True,True,True,"[""silver-0008"", ""silver-0011"", ""silver-0013"", ""silver-0014""]","[""weakcand-0005""]",True,False,,EPSG:32651,"[30.0, 0.0, 309290.0, 0.0, -30.0, 3364370.0]"
HB2015_R0096_C0528_P096,v1,sha256:993a6a2d0778440e96115d0ac53d2ae1bb3bf396b1e485bb23674b80f3f5602b,96,528,96,96,"[325130.0, 3358610.0, 328010.0, 3361490.0]","[121.18068518095127, 30.34673139643889, 121.21016274502831, 30.373121567021]",train,472,235,0.051215277777777776,269,235,0.029188368055555556,271,0.029405381944444444,0,0.0,1.0,1.0,1.0,1.0,1.0,True,True,True,"[""silver-0008"", ""silver-0011"", ""silver-0013""]",[],True,False,,EPSG:32651,"[30.0, 0.0, 309290.0, 0.0, -30.0, 3364370.0]"
HB2015_R0096_C0576_P096,v1,sha256:993a6a2d0778440e96115d0ac53d2ae1bb3bf396b1e485bb23674b80f3f5602b,96,576,96,96,"[326570.0, 3358610.0, 329450.0, 3361490.0]","[121.19566041085882, 30.346938974989616, 121.22514223809316, 30.373325929005524]",train,893,578,0.0968967013888889,614,578,0.0666232638888889,351,0.0380859375,0,0.0,1.0,1.0,1.0,1.0,1.0,True,True,True,"[""silver-0008""]",[],True,False,,EPSG:32651,"[30.0, 0.0, 309290.0, 0.0, -30.0, 3364370.0]"
HB2015_R0096_C0611_P096,v1,sha256:993a6a2d0778440e96115d0ac53d2ae1bb3bf396b1e485bb23674b80f3f5602b,96,611,96,96,"[327620.0, 3358610.0, 330500.0, 3361490.0]","[121.20657994727165, 30.347089253879883, 121.23606488154337, 30.373473861286115]",train,1127,789,0.1222873263888889,839,789,0.0910373263888889,388,0.04210069444444445,0,0.0,1.0,1.0,1.0,1.0,1.0,True,True,True,"[""silver-0005"", ""silver-0008""]",[],True,False,,EPSG:32651,"[30.0, 0.0, 309290.0, 0.0, -30.0, 3364370.0]"
HB2015_R0096_C0624_P096,v1,sha256:993a6a2d0778440e96115d0ac53d2ae1bb3bf396b1e485bb23674b80f3f5602b,96,624,96,96,"[328010.0, 3358610.0, 330890.0, 3361490.0]","[121.21063579600346, 30.347144839660597, 121.24012188399213, 30.373528575211964]",train,1275,913,0.13834635416666666,968,913,0.10503472222222222,417,0.045247395833333336,0,0.0,1.0,1.0,1.0,1.0,1.0,True,True,True,"[""silver-0005"", ""silver-0008""]",[],True,False,,EPSG:32651,"[30.0, 0.0, 309290.0, 0.0, -30.0, 3364370.0]"
HB2015_R0096_C0659_P096,v1,sha256:993a6a2d0778440e96115d0ac53d2ae1bb3bf396b1e485bb23674b80f3f5602b,96,659,96,96,"[329060.0, 3358610.0, 331940.0, 3361490.0]","[121.22155544479946, 30.347293868807114, 121.25104463807239, 30.37367525636522]",train,1179,856,0.1279296875,912,856,0.09895833333333333,379,0.04112413194444445,0,0.0,1.0,1.0,1.0,1.0,1.0,True,True,True,"[""silver-0005"", ""silver-0006"", ""silver-0007"", ""silver-0008""]",[],True,False,,EPSG:32651,"[30.0, 0.0, 309290.0, 0.0, -30.0, 3364370.0]"
HB2015_R0144_C0000_P096,v1,sha256:993a6a2d0778440e96115d0ac53d2ae1bb3bf396b1e485bb23674b80f3f5602b,144,0,96,96,"[309290.0, 3357170.0, 312170.0, 3360050.0]","[121.01623022750388, 30.33134798318658, 121.04565712709265, 30.357773232739824]",,0,0,0.0,0,0,0.0,9216,1.0,0,0.0,0.0,0.0,0.0,0.0,0.0,False,False,False,[],[],False,False,insufficient_optical_coverage;insufficient_sar_coverage;insufficient_indices_coverage;too_much_ignore,EPSG:32651,"[30.0, 0.0, 309290.0, 0.0, -30.0, 3364370.0]"
HB2015_R0144_C0048_P096,v1,sha256:993a6a2d0778440e96115d0ac53d2ae1bb3bf396b1e485bb23674b80f3f5602b,144,48,96,96,"[310730.0, 3357170.0, 313610.0, 3360050.0]","[121.0312016910735, 30.331574293003477, 121.06063287739119, 30.357996348646772]",,0,0,0.0,0,0,0.0,9216,1.0,0,0.0,0.0,0.0,0.0,0.0,0.0,False,False,False,[],[],False,False,insufficient_optical_coverage;insufficient_sar_coverage;insufficient_indices_coverage;too_much_ignore,EPSG:32651,"[30.0, 0.0, 309290.0, 0.0, -30.0, 3364370.0]"
HB2015_R0144_C0096_P096,v1,sha256:993a6a2d0778440e96115d0ac53d2ae1bb3bf396b1e485bb23674b80f3f5602b,144,96,96,96,"[312170.0, 3357170.0, 315050.0, 3360050.0]","[121.04617332392414, 30.33179889055386, 121.07560879458642, 30.358217750378934]",,0,0,0.0,0,0,0.0,8522,0.9246961805555556,0,0.0,0.07530381944444445,0.0625,0.0625,0.0625,0.060980902777777776,False,False,False,[],[],False,False,insufficient_optical_coverage;insufficient_sar_coverage;insufficient_indices_coverage;too_much_ignore,EPSG:32651,"[30.0, 0.0, 309290.0, 0.0, -30.0, 3364370.0]"
HB2015_R0144_C0144_P096,v1,sha256:993a6a2d0778440e96115d0ac53d2ae1bb3bf396b1e485bb23674b80f3f5602b,144,144,96,96,"[313610.0, 3357170.0, 316490.0, 3360050.0]","[121.06114512477168, 30.332021775769007, 121.09058487739269, 30.358437437868506]",train,0,0,0.0,0,0,0.0,6009,0.6520182291666666,0,0.0,0.3479817708333333,0.3244357638888889,0.3244357638888889,0.3244357638888889,0.3205295138888889,True,True,True,[],[],True,False,,EPSG:32651,"[30.0, 0.0, 309290.0, 0.0, -30.0, 3364370.0]"
HB2015_R0144_C0192_P096,v1,sha256:993a6a2d0778440e96115d0ac53d2ae1bb3bf396b1e485bb23674b80f3f5602b,144,192,96,96,"[315050.0, 3357170.0, 317930.0, 3360050.0]","[121.07611709233203, 30.332242948580728, 121.10556112452429, 30.35865541104824]",train,137,1,0.014865451388888888,16,0,0.001736111111111111,3563,0.3866102430555556,14,0.0015190972222222222,0.6298828125,0.6089409722222222,0.6089409722222222,0.6089409722222222,0.6055772569444444,True,True,True,"[""silver-0016"", ""silver-0017"", ""silver-0019"", ""silver-0020""]","[""weakcand-0019"", ""weakcand-0023""]",True,False,,EPSG:32651,"[30.0, 0.0, 309290.0, 0.0, -30.0, 3364370.0]"
HB2015_R0144_C0240_P096,v1,sha256:993a6a2d0778440e96115d0ac53d2ae1bb3bf396b1e485bb23674b80f3f5602b,144,240,96,96,"[316490.0, 3357170.0, 319370.0, 3360050.0]","[121.09108922532089, 30.332462408921305, 121.1205375346954, 30.358871669851407]",train,137,1,0.014865451388888888,181,33,0.019639756944444444,2168,0.23524305555555555,166,0.018012152777777776,0.7955729166666666,0.7751736111111112,0.7751736111111112,0.7751736111111112,0.7731119791666666,True,True,True,"[""silver-0016"", ""silver-0017"", ""silver-0019"", ""silver-0020""]","[""weakcand-0013"", ""weakcand-0015"", ""weakcand-0019"", ""weakcand-0020"", ""weakcand-0023"", ""weakcand-0024""]",True,False,,EPSG:32651,"[30.0, 0.0, 309290.0, 0.0, -30.0, 3364370.0]"
HB2015_R0144_C0288_P096,v1,sha256:993a6a2d0778440e96115d0ac53d2ae1bb3bf396b1e485bb23674b80f3f5602b,144,288,96,96,"[317930.0, 3357170.0, 320810.0, 3360050.0]","[121.10606152245394, 30.332680156723598, 121.13551410662005, 30.359086214211807]",train,0,0,0.0,265,33,0.028754340277777776,822,0.08919270833333333,199,0.021592881944444444,0.9359809027777778,0.9223090277777778,0.9223090277777778,0.9223090277777778,0.9201388888888888,True,True,True,[],"[""weakcand-0013"", ""weakcand-0014"", ""weakcand-0015"", ""weakcand-0016"", ""weakcand-0018"", ""weakcand-0020"", ""weakcand-0024"", ""weakcand-0025""]",True,False,,EPSG:32651,"[30.0, 0.0, 309290.0, 0.0, -30.0, 3364370.0]"
HB2015_R0144_C0336_P096,v1,sha256:993a6a2d0778440e96115d0ac53d2ae1bb3bf396b1e485bb23674b80f3f5602b,144,336,96,96,"[319370.0, 3357170.0, 322250.0, 3360050.0]","[121.12103398244679, 30.332896191920963, 121.15049083901228, 30.35929904406374]",train,0,0,0.0,210,0,0.022786458333333332,232,0.025173611111111112,88,0.009548611111111112,0.9976128472222222,0.994140625,0.994140625,0.994140625,0.9930555555555556,True,True,True,[],"[""weakcand-0007"", ""weakcand-0011"", ""weakcand-0014"", ""weakcand-0016"", ""weakcand-0018"", ""weakcand-0022"", ""weakcand-0025""]",True,False,,EPSG:32651,"[30.0, 0.0, 309290.0, 0.0, -30.0, 3364370.0]"
HB2015_R0144_C0384_P096,v1,sha256:993a6a2d0778440e96115d0ac53d2ae1bb3bf396b1e485bb23674b80f3f5602b,144,384,96,96,"[320810.0, 3357170.0, 323690.0, 3360050.0]","[121.13600660401492, 30.333110514447288, 121.16546773058602, 30.359510159342065]",train,0,0,0.0,309,0,0.033528645833333336,309,0.033528645833333336,192,0.020833333333333332,1.0,1.0,1.0,1.0,1.0,True,True,True,[],"[""weakcand-0005"", ""weakcand-0007"", ""weakcand-0010"", ""weakcand-0011"", ""weakcand-0012"", ""weakcand-0017"", ""weakcand-0022""]",True,False,,EPSG:32651,"[30.0, 0.0, 309290.0, 0.0, -30.0, 3364370.0]"
HB2015_R0144_C0432_P096,v1,sha256:993a6a2d0778440e96115d0ac53d2ae1bb3bf396b1e485bb23674b80f3f5602b,144,432,96,96,"[322250.0, 3357170.0, 325130.0, 3360050.0]","[121.15097938587375, 30.333323124236983, 121.18044478005507, 30.359719559982132]",train,0,0,0.0,319,0,0.034613715277777776,319,0.034613715277777776,238,0.025824652777777776,1.0,1.0,1.0,1.0,1.0,True,True,True,[],"[""weakcand-0005"", ""weakcand-0007"", ""weakcand-0009"", ""weakcand-0010"", ""weakcand-0012"", ""weakcand-0017""]",True,False,,EPSG:32651,"[30.0, 0.0, 309290.0, 0.0, -30.0, 3364370.0]"
HB2015_R0144_C0480_P096,v1,sha256:993a6a2d0778440e96115d0ac53d2ae1bb3bf396b1e485bb23674b80f3f5602b,144,480,96,96,"[323690.0, 3357170.0, 326570.0, 3360050.0]","[121.16595232673863, 30.33353402122498, 121.1954219861332, 30.359927245919838]",train,0,0,0.0,120,0,0.013020833333333334,233,0.025282118055555556,87,0.009440104166666666,0.9877387152777778,0.9832899305555556,0.9832899305555556,0.9832899305555556,0.984375,True,True,True,[],"[""weakcand-0005"", ""weakcand-0009""]",True,False,,EPSG:32651,"[30.0, 0.0, 309290.0, 0.0, -30.0, 3364370.0]"
HB2015_R0144_C0528_P096,v1,sha256:993a6a2d0778440e96115d0ac53d2ae1bb3bf396b1e485bb23674b80f3f5602b,144,528,96,96,"[325130.0, 3357170.0, 328010.0, 3360050.0]","[121.18092542532477, 30.333743205346718, 121.21039934753406, 30.360133217091576]",train,0,0,0.0,0,0,0.0,1525,0.1654730902777778,0,0.0,0.8345269097222222,0.8217230902777778,0.8217230902777778,0.8217230902777778,0.8258463541666666,True,True,True,[],[],True,False,,EPSG:32651,"[30.0, 0.0, 309290.0, 0.0, -30.0, 3364370.0]"
HB2015_R0144_C0576_P096,v1,sha256:993a6a2d0778440e96115d0ac53d2ae1bb3bf396b1e485bb23674b80f3f5602b,144,576,96,96,"[326570.0, 3357170.0, 329450.0, 3360050.0]","[121.19589868034737, 30.33395067653817, 121.22537686297123, 30.360337473434303]",train,0,0,0.0,0,0,0.0,3179,0.3449435763888889,0,0.0,0.6550564236111112,0.6400824652777778,0.6400824652777778,0.6400824652777778,0.6462673611111112,True,True,True,[],[],True,False,,EPSG:32651,"[30.0, 0.0, 309290.0, 0.0, -30.0, 3364370.0]"
HB2015_R0144_C0611_P096,v1,sha256:993a6a2d0778440e96115d0ac53d2ae1bb3bf396b1e485bb23674b80f3f5602b,144,611,96,96,"[327620.0, 3357170.0, 330500.0, 3360050.0]","[121.20681677668593, 30.33410087770417, 121.2362980643481, 30.360485329243314]",train,0,0,0.0,0,0,0.0,3605,0.3911675347222222,0,0.0,0.6088324652777778,0.5955946180555556,0.5955946180555556,0.5955946180555556,0.6017795138888888,True,True,True,[],[],True,False,,EPSG:32651,"[30.0, 0.0, 309290.0, 0.0, -30.0, 3364370.0]"
HB2015_R0144_C0624_P096,v1,sha256:993a6a2d0778440e96115d0ac53d2ae1bb3bf396b1e485bb23674b80f3f5602b,144,624,96,96,"[328010.0, 3357170.0, 330890.0, 3360050.0]","[121.21087209052146, 30.334156434735853, 121.24035453115825, 30.360540014885466]",train,0,0,0.0,0,0,0.0,3686,0.3999565972222222,0,0.0,0.6000434027777778,0.5868055555555556,0.5868055555555556,0.5868055555555556,0.5925564236111112,True,True,True,[],[],True,False,,EPSG:32651,"[30.0, 0.0, 309290.0, 0.0, -30.0, 3364370.0]"
HB2015_R0144_C0659_P096,v1,sha256:993a6a2d0778440e96115d0ac53d2ae1bb3bf396b1e485bb23674b80f3f5602b,144,659,96,96,"[329060.0, 3357170.0, 331940.0, 3360050.0]","[121.22179029918127, 30.334305386804157, 121.25127584310412, 30.36068662021358]",train,0,0,0.0,0,0,0.0,3919,0.4252387152777778,0,0.0,0.5747612847222222,0.5625,0.5625,0.5625,0.5693359375,True,True,True,[],[],True,False,,EPSG:32651,"[30.0, 0.0, 309290.0, 0.0, -30.0, 3364370.0]"
HB2015_R0192_C0000_P096,v1,sha256:993a6a2d0778440e96115d0ac53d2ae1bb3bf396b1e485bb23674b80f3f5602b,192,0,96,96,"[309290.0, 3355730.0, 312170.0, 3358610.0]","[121.01649201919734, 30.318361003647215, 121.0459153095532, 30.34478607555112]",,0,0,0.0,0,0,0.0,9216,1.0,0,0.0,0.0,0.0,0.0,0.0,0.0,False,False,False,[],[],False,False,insufficient_optical_coverage;insufficient_sar_coverage;insufficient_indices_coverage;too_much_ignore,EPSG:32651,"[30.0, 0.0, 309290.0, 0.0, -30.0, 3364370.0]"
HB2015_R0192_C0048_P096,v1,sha256:993a6a2d0778440e96115d0ac53d2ae1bb3bf396b1e485bb23674b80f3f5602b,192,48,96,96,"[310730.0, 3355730.0, 313610.0, 3358610.0]","[121.03146151015387, 30.318587196392283, 121.06088908448378, 30.345009076097295]",,0,0,0.0,0,0,0.0,8699,0.9439019097222222,0,0.0,0.056098090277777776,0.04578993055555555,0.04578993055555555,0.04578993055555555,0.043402777777777776,False,False,False,[],[],False,False,insufficient_optical_coverage;insufficient_sar_coverage;insufficient_indices_coverage;too_much_ignore,EPSG:32651,"[30.0, 0.0, 309290.0, 0.0, -30.0, 3364370.0]"
HB2015_R0192_C0096_P096,v1,sha256:993a6a2d0778440e96115d0ac53d2ae1bb3bf396b1e485bb23674b80f3f5602b,192,96,96,96,"[312170.0, 3355730.0, 315050.0, 3358610.0]","[121.04643117029813, 30.318811677756084, 121.0758630262191, 30.345230363354464]",train,0,0,0.0,0,0,0.0,5793,0.6285807291666666,0,0.0,0.3714192708333333,0.3429904513888889,0.3429904513888889,0.3429904513888889,0.3386501736111111,True,True,True,[],[],True,False,,EPSG:32651,"[30.0, 0.0, 309290.0, 0.0, -30.0, 3364370.0]"
HB2015_R0192_C0144_P096,v1,sha256:993a6a2d0778440e96115d0ac53d2ae1bb3bf396b1e485bb23674b80f3f5602b,192,144,96,96,"[313610.0, 3355730.0, 316490.0, 3358610.0]","[121.0614009983468, 30.319034447669953, 121.09083713347414, 30.345449937254884]",train,78,0,0.008463541666666666,48,0,0.005208333333333333,1872,0.203125,41,0.004448784722222222,0.810546875,0.7894965277777778,0.7894965277777778,0.7894965277777778,0.7861328125,True,True,True,"[""silver-0021"", ""silver-0022""]","[""weakcand-0042"", ""weakcand-0048""]",True,False,,EPSG:32651,"[30.0, 0.0, 309290.0, 0.0, -30.0, 3364370.0]"
HB2015_R0192_C0192_P096,v1,sha256:993a6a2d0778440e96115d0ac53d2ae1bb3bf396b1e485bb23674b80f3f5602b,192,192,96,96,"[315050.0, 3355730.0, 317930.0, 3358610.0]","[121.0763709930164, 30.319255506065712, 121.10581140496392, 30.345667797731362]",train,215,1,0.023328993055555556,372,2,0.040364583333333336,628,0.0681423611111111,332,0.03602430555555555,0.9952256944444444,0.9922960069444444,0.9922960069444444,0.9922960069444444,0.9908854166666666,True,True,True,"[""silver-0016"", ""silver-0017"", ""silver-0019"", ""silver-0020"", ""silver-0021"", ""silver-0022""]","[""weakcand-0019"", ""weakcand-0023"", ""weakcand-0026"", ""weakcand-0033"", ""weakcand-0039"", ""weakcand-0041"", ""weakcand-0042"", ""weakcand-0043"", ""weakcand-0047"", ""weakcand-0048""]",True,False,,EPSG:32651,"[30.0, 0.0, 309290.0, 0.0, -30.0, 3364370.0]"
HB2015_R0192_C0240_P096,v1,sha256:993a6a2d0778440e96115d0ac53d2ae1bb3bf396b1e485bb23674b80f3f5602b,192,240,96,96,"[316490.0, 3355730.0, 319370.0, 3358610.0]","[121.0913411530234, 30.319474852875715, 121.12078583940328, 30.34588394471721]",train,137,1,0.014865451388888888,745,37,0.0808376736111111,844,0.0915798611111111,682,0.0740017361111111,1.0,1.0,1.0,1.0,1.0,True,True,True,"[""silver-0016"", ""silver-0017"", ""silver-0019"", ""silver-0020""]","[""weakcand-0013"", ""weakcand-0015"", ""weakcand-0019"", ""weakcand-0020"", ""weakcand-0023"", ""weakcand-0024"", ""weakcand-0026"", ""weakcand-0030"", ""weakcand-0031"", ""weakcand-0033"", ""weakcand-0039"", ""weakcand-0041"", ""weakcand-0042"", ""weakcand-0043"", ""weakcand-0044"", ""weakcand-0045"", ""weakcand-0047"", ""weakcand-0048"", ""weakcand-0050""]",True,False,,EPSG:32651,"[30.0, 0.0, 309290.0, 0.0, -30.0, 3364370.0]"
HB2015_R0192_C0288_P096,v1,sha256:993a6a2d0778440e96115d0ac53d2ae1bb3bf396b1e485bb23674b80f3f5602b,192,288,96,96,"[317930.0, 3355730.0, 320810.0, 3358610.0]","[121.10631147708413, 30.319692488032885, 121.13576043550704, 30.346098378146266]",train,0,0,0.0,807,35,0.08756510416666667,772,0.0837673611111111,682,0.0740017361111111,1.0,1.0,1.0,1.0,1.0,True,True,True,[],"[""weakcand-0013"", ""weakcand-0014"", ""weakcand-0015"", ""weakcand-0016"", ""weakcand-0018"", ""weakcand-0020"", ""weakcand-0024"", ""weakcand-0025"", ""weakcand-0028"", ""weakcand-0029"", ""weakcand-0030"", ""weakcand-0031"", ""weakcand-0037"", ""weakcand-0040"", ""weakcand-0044"", ""weakcand-0045"", ""weakcand-0049"", ""weakcand-0050"", ""weakcand-0051"", ""weakcand-0052""]",True,False,,EPSG:32651,"[30.0, 0.0, 309290.0, 0.0, -30.0, 3364370.0]"
HB2015_R0192_C0336_P096,v1,sha256:993a6a2d0778440e96115d0ac53d2ae1bb3bf396b1e485bb23674b80f3f5602b,192,336,96,96,"[319370.0, 3355730.0, 322250.0, 3358610.0]","[121.12128196391498, 30.319908411470607, 121.15073519198988, 30.346311097952885]",train,0,0,0.0,627,0,0.06803385416666667,627,0.06803385416666667,412,0.04470486111111111,1.0,1.0,1.0,1.0,1.0,True,True,True,[],"[""weakcand-0007"", ""weakcand-0011"", ""weakcand-0014"", ""weakcand-0016"", ""weakcand-0018"", ""weakcand-0022"", ""weakcand-0025"", ""weakcand-0028"", ""weakcand-0029"", ""weakcand-0034"", ""weakcand-0035"", ""weakcand-0037"", ""weakcand-0038"", ""weakcand-0040"", ""weakcand-0044"", ""weakcand-0046"", ""weakcand-0049"", ""weakcand-0051"", ""weakcand-0052"", ""weakcand-0053""]",True,False,,EPSG:32651,"[30.0, 0.0, 309290.0, 0.0, -30.0, 3364370.0]"
HB2015_R0192_C0384_P096,v1,sha256:993a6a2d0778440e96115d0ac53d2ae1bb3bf396b1e485bb23674b80f3f5602b,192,384,96,96,"[320810.0, 3355730.0, 323690.0, 3358610.0]","[121.13625261223208, 30.3201226231228, 121.16571010756647, 30.346522104071962]",train,0,0,0.0,435,0,0.047200520833333336,435,0.047200520833333336,272,0.029513888888888888,1.0,1.0,1.0,1.0,1.0,True,True,True,[],"[""weakcand-0005"", ""weakcand-0007"", ""weakcand-0010"", ""weakcand-0011"", ""weakcand-0012"", ""weakcand-0017"", ""weakcand-0022"", ""weakcand-0029"", ""weakcand-0034"", ""weakcand-0035"", ""weakcand-0038"", ""weakcand-0046"", ""weakcand-0053""]",True,False,,EPSG:32651,"[30.0, 0.0, 309290.0, 0.0, -30.0, 3364370.0]"
HB2015_R0192_C0432_P096,v1,sha256:993a6a2d0778440e96115d0ac53d2ae1bb3bf396b1e485bb23674b80f3f5602b,192,432,96,96,"[322250.0, 3355730.0, 325130.0, 3358610.0]","[121.15122342075158, 30.32033512292394, 121.18068518095127, 30.34673139643889]",train,0,0,0.0,284,0,0.030815972222222224,542,0.05881076388888889,218,0.023654513888888888,0.9720052083333334,0.9654947916666666,0.9654947916666666,0.9654947916666666,0.9673394097222222,True,True,True,[],"[""weakcand-0005"", ""weakcand-0007"", ""weakcand-0009"", ""weakcand-0010"", ""weakcand-0012"", ""weakcand-0017"", ""weakcand-0035""]",True,False,,EPSG:32651,"[30.0, 0.0, 309290.0, 0.0, -30.0, 3364370.0]"
HB2015_R0192_C0480_P096,v1,sha256:993a6a2d0778440e96115d0ac53d2ae1bb3bf396b1e485bb23674b80f3f5602b,192,480,96,96,"[323690.0, 3355730.0, 326570.0, 3358610.0]","[121.16619438818951, 30.320545910808978, 121.19566041085882, 30.346938974989616]",train,0,0,0.0,90,0,0.009765625,2344,0.2543402777777778,67,0.007269965277777778,0.7554253472222222,0.7376302083333334,0.7376302083333334,0.7376302083333334,0.7427300347222222,True,True,True,[],"[""weakcand-0005"", ""weakcand-0009""]",True,False,,EPSG:32651,"[30.0, 0.0, 309290.0, 0.0, -30.0, 3364370.0]"
HB2015_R0192_C0528_P096,v1,sha256:993a6a2d0778440e96115d0ac53d2ae1bb3bf396b1e485bb23674b80f3f5602b,192,528,96,96,"[325130.0, 3355730.0, 328010.0, 3358610.0]","[121.1811655132618, 30.32075498671343, 121.21063579600346, 30.347144839660597]",train,0,0,0.0,0,0,0.0,5712,0.6197916666666666,0,0.0,0.3802083333333333,0.3605685763888889,0.3605685763888889,0.3605685763888889,0.3668619791666667,True,True,True,[],[],True,False,,EPSG:32651,"[30.0, 0.0, 309290.0, 0.0, -30.0, 3364370.0]"
HB2015_R0192_C0576_P096,v1,sha256:993a6a2d0778440e96115d0ac53d2ae1bb3bf396b1e485bb23674b80f3f5602b,192,576,96,96,"[326570.0, 3355730.0, 329450.0, 3358610.0]","[121.19613679468436, 30.320962350573303, 121.22561133509949, 30.34734899038879]",,0,0,0.0,0,0,0.0,7787,0.8449435763888888,0,0.0,0.1550564236111111,0.1400824652777778,0.1400824652777778,0.1400824652777778,0.1462673611111111,False,False,False,[],[],False,False,insufficient_optical_coverage;insufficient_sar_coverage;insufficient_indices_coverage,EPSG:32651,"[30.0, 0.0, 309290.0, 0.0, -30.0, 3364370.0]"
HB2015_R0192_C0611_P096,v1,sha256:993a6a2d0778440e96115d0ac53d2ae1bb3bf396b1e485bb23674b80f3f5602b,192,611,96,96,"[327620.0, 3355730.0, 330500.0, 3358610.0]","[121.20705345188561, 30.32111247403509, 121.2365310953411, 30.34749676974594]",,0,0,0.0,0,0,0.0,8213,0.8911675347222222,0,0.0,0.10883246527777778,0.09559461805555555,0.09559461805555555,0.09559461805555555,0.1017795138888889,False,False,False,[],[],False,False,insufficient_optical_coverage;insufficient_sar_coverage;insufficient_indices_coverage,EPSG:32651,"[30.0, 0.0, 309290.0, 0.0, -30.0, 3364370.0]"
HB2015_R0192_C0624_P096,v1,sha256:993a6a2d0778440e96115d0ac53d2ae1bb3bf396b1e485bb23674b80f3f5602b,192,624,96,96,"[328010.0, 3355730.0, 330890.0, 3358610.0]","[121.21110823117294, 30.321168002325155, 121.2405870268611, 30.34755142711172]",,0,0,0.0,0,0,0.0,8294,0.8999565972222222,0,0.0,0.10004340277777778,0.08680555555555555,0.08680555555555555,0.08680555555555555,0.0925564236111111,False,False,False,[],[],False,False,insufficient_optical_coverage;insufficient_sar_coverage;insufficient_indices_coverage,EPSG:32651,"[30.0, 0.0, 309290.0, 0.0, -30.0, 3364370.0]"
HB2015_R0192_C0659_P096,v1,sha256:993a6a2d0778440e96115d0ac53d2ae1bb3bf396b1e485bb23674b80f3f5602b,192,659,96,96,"[329060.0, 3355730.0, 331940.0, 3358610.0]","[121.22202500063355, 30.32131687733513, 121.25150689761074, 30.347697956634253]",,0,0,0.0,0,0,0.0,8527,0.9252387152777778,0,0.0,0.07476128472222222,0.0625,0.0625,0.0625,0.0693359375,False,False,False,[],[],False,False,insufficient_optical_coverage;insufficient_sar_coverage;insufficient_indices_coverage;too_much_ignore,EPSG:32651,"[30.0, 0.0, 309290.0, 0.0, -30.0, 3364370.0]"
HB2015_R0240_C0000_P096,v1,sha256:993a6a2d0778440e96115d0ac53d2ae1bb3bf396b1e485bb23674b80f3f5602b,240,0,96,96,"[309290.0, 3354290.0, 312170.0, 3357170.0]","[121.01675364041976, 30.305373996255316, 121.04617332392414, 30.33179889055386]",,0,0,0.0,0,0,0.0,8851,0.9603949652777778,0,0.0,0.039605034722222224,0.031792534722222224,0.031792534722222224,0.031792534722222224,0.028971354166666668,False,False,False,[],[],False,False,insufficient_optical_coverage;insufficient_sar_coverage;insufficient_indices_coverage;too_much_ignore,EPSG:32651,"[30.0, 0.0, 309290.0, 0.0, -30.0, 3364370.0]"
HB2015_R0240_C0048_P096,v1,sha256:993a6a2d0778440e96115d0ac53d2ae1bb3bf396b1e485bb23674b80f3f5602b,240,48,96,96,"[310730.0, 3354290.0, 313610.0, 3357170.0]","[121.03172116004647, 30.305600071958718, 121.06114512477168, 30.332021775769007]",train,0,0,0.0,0,0,0.0,6204,0.6731770833333334,0,0.0,0.3268229166666667,0.3021918402777778,0.3021918402777778,0.3021918402777778,0.2956814236111111,True,True,True,[],[],True,False,,EPSG:32651,"[30.0, 0.0, 309290.0, 0.0, -30.0, 3364370.0]"
HB2015_R0240_C0096_P096,v1,sha256:993a6a2d0778440e96115d0ac53d2ae1bb3bf396b1e485bb23674b80f3f5602b,240,96,96,96,"[312170.0, 3354290.0, 315050.0, 3357170.0]","[121.04668884876774, 30.305824437165885, 121.07611709233203, 30.332242948580728]",train,0,0,0.0,194,0,0.021050347222222224,2247,0.24381510416666666,171,0.0185546875,0.7772352430555556,0.7550998263888888,0.7550998263888888,0.7550998263888888,0.7509765625,True,True,True,[],"[""weakcand-0058"", ""weakcand-0061"", ""weakcand-0067"", ""weakcand-0068"", ""weakcand-0070"", ""weakcand-0071""]",True,False,,EPSG:32651,"[30.0, 0.0, 309290.0, 0.0, -30.0, 3364370.0]"
HB2015_R0240_C0144_P096,v1,sha256:993a6a2d0778440e96115d0ac53d2ae1bb3bf396b1e485bb23674b80f3f5602b,240,144,96,96,"[313610.0, 3354290.0, 316490.0, 3357170.0]","[121.06165670530096, 30.306047091808157, 121.09108922532089, 30.332462408921305]",train,78,0,0.008463541666666666,915,145,0.09928385416666667,940,0.10199652777777778,868,0.09418402777777778,0.9900173611111112,0.9847005208333334,0.9847005208333334,0.9847005208333334,0.9842664930555556,True,True,True,"[""silver-0021"", ""silver-0022""]","[""weakcand-0042"", ""weakcand-0048"", ""weakcand-0057"", ""weakcand-0058"", ""weakcand-0061"", ""weakcand-0063"", ""weakcand-0066"", ""weakcand-0067"", ""weakcand-0068"", ""weakcand-0070"", ""weakcand-0071"", ""weakcand-0072""]",True,False,,EPSG:32651,"[30.0, 0.0, 309290.0, 0.0, -30.0, 3364370.0]"
HB2015_R0240_C0192_P096,v1,sha256:993a6a2d0778440e96115d0ac53d2ae1bb3bf396b1e485bb23674b80f3f5602b,240,192,96,96,"[315050.0, 3354290.0, 317930.0, 3357170.0]","[121.07662472836334, 30.306268035817453, 121.10606152245394, 30.332680156723598]",train,78,0,0.008463541666666666,1554,172,0.16861979166666666,1460,0.1584201388888889,1459,0.15831163194444445,1.0,1.0,1.0,1.0,1.0,True,True,True,"[""silver-0021"", ""silver-0022""]","[""weakcand-0023"", ""weakcand-0026"", ""weakcand-0033"", ""weakcand-0039"", ""weakcand-0041"", ""weakcand-0042"", ""weakcand-0043"", ""weakcand-0047"", ""weakcand-0048"", ""weakcand-0057"", ""weakcand-0061"", ""weakcand-0063"", ""weakcand-0066"", ""weakcand-0072"", ""weakcand-0073""]",True,False,,EPSG:32651,"[30.0, 0.0, 309290.0, 0.0, -30.0, 3364370.0]"
HB2015_R0240_C0240_P096,v1,sha256:993a6a2d0778440e96115d0ac53d2ae1bb3bf396b1e485bb23674b80f3f5602b,240,240,96,96,"[316490.0, 3354290.0, 319370.0, 3357170.0]","[121.0915929166721, 30.30648726912616, 121.12103398244679, 30.332896191920963]",train,0,0,0.0,1231,29,0.1335720486111111,1202,0.1304253472222222,1107,0.1201171875,1.0,1.0,1.0,1.0,1.0,True,True,True,[],"[""weakcand-0020"", ""weakcand-0023"", ""weakcand-0024"", ""weakcand-0026"", ""weakcand-0030"", ""weakcand-0031"", ""weakcand-0033"", ""weakcand-0039"", ""weakcand-0041"", ""weakcand-0042"", ""weakcand-0043"", ""weakcand-0044"", ""weakcand-0045"", ""weakcand-0047"", ""weakcand-0048"", ""weakcand-0050"", ""weakcand-0054"", ""weakcand-0065"", ""weakcand-0066"", ""weakcand-0073""]",True,False,,EPSG:32651,"[30.0, 0.0, 309290.0, 0.0, -30.0, 3364370.0]"
HB2015_R0240_C0288_P096,v1,sha256:993a6a2d0778440e96115d0ac53d2ae1bb3bf396b1e485bb23674b80f3f5602b,240,288,96,96,"[317930.0, 3354290.0, 320810.0, 3357170.0]","[121.10656126894428, 30.306704791667208, 121.13600660401492, 30.333110514447288]",train,0,0,0.0,849,2,0.09212239583333333,847,0.09190538194444445,726,0.07877604166666667,1.0,1.0,1.0,1.0,1.0,True,True,True,[],"[""weakcand-0020"", ""weakcand-0024"", ""weakcand-0025"", ""weakcand-0028"", ""weakcand-0029"", ""weakcand-0030"", ""weakcand-0031"", ""weakcand-0037"", ""weakcand-0040"", ""weakcand-0044"", ""weakcand-0045"", ""weakcand-0047"", ""weakcand-0049"", ""weakcand-0050"", ""weakcand-0051"", ""weakcand-0052"", ""weakcand-0054"", ""weakcand-0055"", ""weakcand-0059"", ""weakcand-0064"", ""weakcand-0065""]",True,False,,EPSG:32651,"[30.0, 0.0, 309290.0, 0.0, -30.0, 3364370.0]"
HB2015_R0240_C0336_P096,v1,sha256:993a6a2d0778440e96115d0ac53d2ae1bb3bf396b1e485bb23674b80f3f5602b,240,336,96,96,"[319370.0, 3354290.0, 322250.0, 3357170.0]","[121.1215297838969, 30.306920603374078, 121.15097938587375, 30.333323124236983]",train,0,0,0.0,652,0,0.07074652777777778,652,0.07074652777777778,515,0.05588107638888889,1.0,1.0,1.0,1.0,1.0,True,True,True,[],"[""weakcand-0025"", ""weakcand-0028"", ""weakcand-0029"", ""weakcand-0034"", ""weakcand-0035"", ""weakcand-0037"", ""weakcand-0038"", ""weakcand-0040"", ""weakcand-0044"", ""weakcand-0046"", ""weakcand-0049"", ""weakcand-0051"", ""weakcand-0052"", ""weakcand-0053"", ""weakcand-0055"", ""weakcand-0059"", ""weakcand-0062"", ""weakcand-0064""]",True,False,,EPSG:32651,"[30.0, 0.0, 309290.0, 0.0, -30.0, 3364370.0]"
HB2015_R0240_C0384_P096,v1,sha256:993a6a2d0778440e96115d0ac53d2ae1bb3bf396b1e485bb23674b80f3f5602b,240,384,96,96,"[320810.0, 3354290.0, 323690.0, 3357170.0]","[121.13649846024684, 30.307134704180715, 121.16595232673863, 30.33353402122498]",train,0,0,0.0,213,0,0.023111979166666668,673,0.0730251736111111,138,0.014973958333333334,0.9500868055555556,0.9416232638888888,0.9416232638888888,0.9416232638888888,0.9437934027777778,True,True,True,[],"[""weakcand-0017"", ""weakcand-0029"", ""weakcand-0034"", ""weakcand-0035"", ""weakcand-0038"", ""weakcand-0046"", ""weakcand-0053"", ""weakcand-0062""]",True,False,,EPSG:32651,"[30.0, 0.0, 309290.0, 0.0, -30.0, 3364370.0]"
HB2015_R0240_C0432_P096,v1,sha256:993a6a2d0778440e96115d0ac53d2ae1bb3bf396b1e485bb23674b80f3f5602b,240,432,96,96,"[322250.0, 3354290.0, 325130.0, 3357170.0]","[121.15146729671096, 30.307347094021633, 121.18092542532477, 30.333743205346718]",train,0,0,0.0,12,0,0.0013020833333333333,2804,0.3042534722222222,4,0.00043402777777777775,0.6970486111111112,0.6770833333333334,0.6770833333333334,0.6770833333333334,0.6827256944444444,True,True,True,[],"[""weakcand-0017"", ""weakcand-0035""]",True,False,,EPSG:32651,"[30.0, 0.0, 309290.0, 0.0, -30.0, 3364370.0]"
HB2015_R0240_C0480_P096,v1,sha256:993a6a2d0778440e96115d0ac53d2ae1bb3bf396b1e485bb23674b80f3f5602b,240,480,96,96,"[323690.0, 3354290.0, 326570.0, 3357170.0]","[121.16643629200598, 30.307557772831846, 121.19589868034737, 30.33395067653817]",train,0,0,0.0,0,0,0.0,6519,0.7073567708333334,0,0.0,0.2926432291666667,0.2743055555555556,0.2743055555555556,0.2743055555555556,0.2799479166666667,True,True,True,[],[],True,False,,EPSG:32651,"[30.0, 0.0, 309290.0, 0.0, -30.0, 3364370.0]"
HB2015_R0240_C0528_P096,v1,sha256:993a6a2d0778440e96115d0ac53d2ae1bb3bf396b1e485bb23674b80f3f5602b,240,528,96,96,"[325130.0, 3354290.0, 328010.0, 3357170.0]","[121.18140544484856, 30.307766740546903, 121.21087209052146, 30.334156434735853]",,0,0,0.0,0,0,0.0,8795,0.9543185763888888,0,0.0,0.04568142361111111,0.03884548611111111,0.03884548611111111,0.03884548611111111,0.041015625,False,False,False,[],[],False,False,insufficient_optical_coverage;insufficient_sar_coverage;insufficient_indices_coverage;too_much_ignore,EPSG:32651,"[30.0, 0.0, 309290.0, 0.0, -30.0, 3364370.0]"
HB2015_R0240_C0576_P096,v1,sha256:993a6a2d0778440e96115d0ac53d2ae1bb3bf396b1e485bb23674b80f3f5602b,240,576,96,96,"[326570.0, 3354290.0, 329450.0, 3357170.0]","[121.1963747539553, 30.30797399710286, 121.22584565456212, 30.334360479876775]",,0,0,0.0,0,0,0.0,9216,1.0,0,0.0,0.0,0.0,0.0,0.0,0.0,False,False,False,[],[],False,False,insufficient_optical_coverage;insufficient_sar_coverage;insufficient_indices_coverage;too_much_ignore,EPSG:32651,"[30.0, 0.0, 309290.0, 0.0, -30.0, 3364370.0]"
HB2015_R0240_C0611_P096,v1,sha256:993a6a2d0778440e96115d0ac53d2ae1bb3bf396b1e485bb23674b80f3f5602b,240,611,96,96,"[327620.0, 3354290.0, 330500.0, 3357170.0]","[121.20728997295573, 30.308124042880465, 121.23676397460609, 30.334508182801798]",,0,0,0.0,0,0,0.0,9216,1.0,0,0.0,0.0,0.0,0.0,0.0,0.0,False,False,False,[],[],False,False,insufficient_optical_coverage;insufficient_sar_coverage;insufficient_indices_coverage;too_much_ignore,EPSG:32651,"[30.0, 0.0, 309290.0, 0.0, -30.0, 3364370.0]"
HB2015_R0240_C0624_P096,v1,sha256:993a6a2d0778440e96115d0ac53d2ae1bb3bf396b1e485bb23674b80f3f5602b,240,624,96,96,"[328010.0, 3354290.0, 330890.0, 3357170.0]","[121.21134421804265, 30.308179542436303, 121.24081937118419, 30.33456281189849]",,0,0,0.0,0,0,0.0,9216,1.0,0,0.0,0.0,0.0,0.0,0.0,0.0,False,False,False,[],[],False,False,insufficient_optical_coverage;insufficient_sar_coverage;insufficient_indices_coverage;too_much_ignore,EPSG:32651,"[30.0, 0.0, 309290.0, 0.0, -30.0, 3364370.0]"
HB2015_R0240_C0659_P096,v1,sha256:993a6a2d0778440e96115d0ac53d2ae1bb3bf396b1e485bb23674b80f3f5602b,240,659,96,96,"[329060.0, 3354290.0, 331940.0, 3357170.0]","[121.22225954924059, 30.308328340407815, 121.25173780167529, 30.33470926563502]",,0,0,0.0,0,0,0.0,9216,1.0,0,0.0,0.0,0.0,0.0,0.0,0.0,False,False,False,[],[],False,False,insufficient_optical_coverage;insufficient_sar_coverage;insufficient_indices_coverage;too_much_ignore,EPSG:32651,"[30.0, 0.0, 309290.0, 0.0, -30.0, 3364370.0]"
HB2015_R0288_C0000_P096,v1,sha256:993a6a2d0778440e96115d0ac53d2ae1bb3bf396b1e485bb23674b80f3f5602b,288,0,96,96,"[309290.0, 3352850.0, 312170.0, 3355730.0]","[121.01701509126501, 30.292386961018966, 121.04643117029813, 30.318811677756084]",train,0,0,0.0,0,0,0.0,6578,0.7137586805555556,0,0.0,0.2862413194444444,0.2638888888888889,0.2638888888888889,0.2638888888888889,0.2569444444444444,True,True,True,[],[],True,False,,EPSG:32651,"[30.0, 0.0, 309290.0, 0.0, -30.0, 3364370.0]"
HB2015_R0288_C0048_P096,v1,sha256:993a6a2d0778440e96115d0ac53d2ae1bb3bf396b1e485bb23674b80f3f5602b,288,48,96,96,"[310730.0, 3352850.0, 313610.0, 3355730.0]","[121.03198064084447, 30.29261291971084, 121.0614009983468, 30.319034447669953]",train,47,32,0.005099826388888889,108,32,0.01171875,2487,0.2698567708333333,61,0.006618923611111111,0.7400173611111112,0.7183159722222222,0.7183159722222222,0.7183159722222222,0.7118055555555556,True,True,True,"[""silver-0026"", ""silver-0027""]","[""weakcand-0071"", ""weakcand-0075"", ""weakcand-0076"", ""weakcand-0077"", ""weakcand-0079""]",True,False,,EPSG:32651,"[30.0, 0.0, 309290.0, 0.0, -30.0, 3364370.0]"
HB2015_R0288_C0096_P096,v1,sha256:993a6a2d0778440e96115d0ac53d2ae1bb3bf396b1e485bb23674b80f3f5602b,288,96,96,96,"[312170.0, 3352850.0, 315050.0, 3355730.0]","[121.04694635942542, 30.292837168791277, 121.0763709930164, 30.319255506065712]",train,47,32,0.005099826388888889,354,32,0.038411458333333336,511,0.05544704861111111,271,0.029405381944444444,0.9811197916666666,0.974609375,0.974609375,0.974609375,0.9733072916666666,True,True,True,"[""silver-0026"", ""silver-0027""]","[""weakcand-0058"", ""weakcand-0061"", ""weakcand-0067"", ""weakcand-0068"", ""weakcand-0070"", ""weakcand-0071"", ""weakcand-0074"", ""weakcand-0075"", ""weakcand-0076"", ""weakcand-0077"", ""weakcand-0079""]",True,False,,EPSG:32651,"[30.0, 0.0, 309290.0, 0.0, -30.0, 3364370.0]"
HB2015_R0288_C0144_P096,v1,sha256:993a6a2d0778440e96115d0ac53d2ae1bb3bf396b1e485bb23674b80f3f5602b,288,144,96,96,"[313610.0, 3352850.0, 316490.0, 3355730.0]","[121.06191224572592, 30.29305970819166, 121.0913411530234, 30.319474852875715]",train,0,0,0.0,1354,173,0.1469184027777778,1181,0.1281467013888889,1282,0.1391059027777778,1.0,1.0,1.0,1.0,1.0,True,True,True,[],"[""weakcand-0048"", ""weakcand-0057"", ""weakcand-0058"", ""weakcand-0061"", ""weakcand-0063"", ""weakcand-0066"", ""weakcand-0067"", ""weakcand-0068"", ""weakcand-0070"", ""weakcand-0071"", ""weakcand-0072"", ""weakcand-0073"", ""weakcand-0074"", ""weakcand-0076"", ""weakcand-0078""]",True,False,,EPSG:32651,"[30.0, 0.0, 309290.0, 0.0, -30.0, 3364370.0]"
HB2015_R0288_C0192_P096,v1,sha256:993a6a2d0778440e96115d0ac53d2ae1bb3bf396b1e485bb23674b80f3f5602b,288,192,96,96,"[315050.0, 3352850.0, 317930.0, 3355730.0]","[121.07687829846394, 30.293280537843938, 121.10631147708413, 30.319692488032885]",train,0,0,0.0,1974,214,0.21419270833333334,1760,0.1909722222222222,1878,0.20377604166666666,1.0,1.0,1.0,1.0,1.0,True,True,True,[],"[""weakcand-0047"", ""weakcand-0048"", ""weakcand-0057"", ""weakcand-0061"", ""weakcand-0063"", ""weakcand-0066"", ""weakcand-0072"", ""weakcand-0073"", ""weakcand-0078"", ""weakcand-0080""]",True,False,,EPSG:32651,"[30.0, 0.0, 309290.0, 0.0, -30.0, 3364370.0]"
HB2015_R0288_C0240_P096,v1,sha256:993a6a2d0778440e96115d0ac53d2ae1bb3bf396b1e485bb23674b80f3f5602b,288,240,96,96,"[316490.0, 3352850.0, 319370.0, 3355730.0]","[121.09184451635737, 30.293499657680574, 121.12128196391498, 30.319908411470607]",train,0,0,0.0,1107,53,0.1201171875,1054,0.11436631944444445,1000,0.10850694444444445,1.0,1.0,1.0,1.0,1.0,True,True,True,[],"[""weakcand-0047"", ""weakcand-0048"", ""weakcand-0054"", ""weakcand-0065"", ""weakcand-0066"", ""weakcand-0073"", ""weakcand-0080""]",True,False,,EPSG:32651,"[30.0, 0.0, 309290.0, 0.0, -30.0, 3364370.0]"
HB2015_R0288_C0288_P096,v1,sha256:993a6a2d0778440e96115d0ac53d2ae1bb3bf396b1e485bb23674b80f3f5602b,288,288,96,96,"[317930.0, 3352850.0, 320810.0, 3355730.0]","[121.10681089812397, 30.293717067634528, 121.13625261223208, 30.3201226231228]",train,0,0,0.0,406,12,0.04405381944444445,394,0.04275173611111111,331,0.03591579861111111,1.0,1.0,1.0,1.0,1.0,True,True,True,[],"[""weakcand-0044"", ""weakcand-0047"", ""weakcand-0051"", ""weakcand-0052"", ""weakcand-0054"", ""weakcand-0055"", ""weakcand-0059"", ""weakcand-0064"", ""weakcand-0065"", ""weakcand-0080""]",True,False,,EPSG:32651,"[30.0, 0.0, 309290.0, 0.0, -30.0, 3364370.0]"
HB2015_R0288_C0336_P096,v1,sha256:993a6a2d0778440e96115d0ac53d2ae1bb3bf396b1e485bb23674b80f3f5602b,288,336,96,96,"[319370.0, 3352850.0, 322250.0, 3355730.0]","[121.12177744248145, 30.293932767639316, 121.15122342075158, 30.32033512292394]",train,0,0,0.0,235,0,0.025499131944444444,959,0.10405815972222222,191,0.020724826388888888,0.9214409722222222,0.9113498263888888,0.9113498263888888,0.9113498263888888,0.9144965277777778,True,True,True,[],"[""weakcand-0044"", ""weakcand-0046"", ""weakcand-0051"", ""weakcand-0052"", ""weakcand-0053"", ""weakcand-0055"", ""weakcand-0059"", ""weakcand-0062"", ""weakcand-0064""]",True,False,,EPSG:32651,"[30.0, 0.0, 309290.0, 0.0, -30.0, 3364370.0]"
HB2015_R0288_C0384_P096,v1,sha256:993a6a2d0778440e96115d0ac53d2ae1bb3bf396b1e485bb23674b80f3f5602b,288,384,96,96,"[320810.0, 3352850.0, 323690.0, 3355730.0]","[121.13674414814741, 30.29414675762895, 121.16619438818951, 30.320545910808978]",train,0,0,0.0,70,0,0.007595486111111111,3461,0.3755425347222222,54,0.005859375,0.6320529513888888,0.6100260416666666,0.6100260416666666,0.6100260416666666,0.6162109375,True,True,True,[],"[""weakcand-0046"", ""weakcand-0053"", ""weakcand-0062""]",True,False,,EPSG:32651,"[30.0, 0.0, 309290.0, 0.0, -30.0, 3364370.0]"
HB2015_R0288_C0432_P096,v1,sha256:993a6a2d0778440e96115d0ac53d2ae1bb3bf396b1e485bb23674b80f3f5602b,288,432,96,96,"[322250.0, 3352850.0, 325130.0, 3355730.0]","[121.1517110138394, 30.29435903753797, 121.1811655132618, 30.32075498671343]",,0,0,0.0,0,0,0.0,7045,0.7644314236111112,0,0.0,0.2355685763888889,0.21864149305555555,0.21864149305555555,0.21864149305555555,0.22330729166666666,False,False,False,[],[],False,False,insufficient_optical_coverage;insufficient_sar_coverage;insufficient_indices_coverage,EPSG:32651,"[30.0, 0.0, 309290.0, 0.0, -30.0, 3364370.0]"
HB2015_R0288_C0480_P096,v1,sha256:993a6a2d0778440e96115d0ac53d2ae1bb3bf396b1e485bb23674b80f3f5602b,288,480,96,96,"[323690.0, 3352850.0, 326570.0, 3355730.0]","[121.16667803827488, 30.294569607301458, 121.19613679468436, 30.320962350573303]",,0,0,0.0,0,0,0.0,8986,0.9750434027777778,0,0.0,0.024956597222222224,0.019965277777777776,0.019965277777777776,0.019965277777777776,0.021592881944444444,False,False,False,[],[],False,False,insufficient_optical_coverage;insufficient_sar_coverage;insufficient_indices_coverage;too_much_ignore,EPSG:32651,"[30.0, 0.0, 309290.0, 0.0, -30.0, 3364370.0]"
HB2015_R0288_C0528_P096,v1,sha256:993a6a2d0778440e96115d0ac53d2ae1bb3bf396b1e485bb23674b80f3f5602b,288,528,96,96,"[325130.0, 3352850.0, 328010.0, 3355730.0]","[121.18164522017119, 30.29477846685499, 121.21110823117294, 30.321168002325155]",,0,0,0.0,0,0,0.0,9216,1.0,0,0.0,0.0,0.0,0.0,0.0,0.0,False,False,False,[],[],False,False,insufficient_optical_coverage;insufficient_sar_coverage;insufficient_indices_coverage;too_much_ignore,EPSG:32651,"[30.0, 0.0, 309290.0, 0.0, -30.0, 3364370.0]"
HB2015_R0288_C0576_P096,v1,sha256:993a6a2d0778440e96115d0ac53d2ae1bb3bf396b1e485bb23674b80f3f5602b,288,576,96,96,"[326570.0, 3352850.0, 329450.0, 3355730.0]","[121.19661255824559, 30.29498561613467, 121.22607982144329, 30.321371941906033]",,0,0,0.0,0,0,0.0,9216,1.0,0,0.0,0.0,0.0,0.0,0.0,0.0,False,False,False,[],[],False,False,insufficient_optical_coverage;insufficient_sar_coverage;insufficient_indices_coverage;too_much_ignore,EPSG:32651,"[30.0, 0.0, 309290.0, 0.0, -30.0, 3364370.0]"
HB2015_R0288_C0611_P096,v1,sha256:993a6a2d0778440e96115d0ac53d2ae1bb3bf396b1e485bb23674b80f3f5602b,288,611,96,96,"[327620.0, 3352850.0, 330500.0, 3355730.0]","[121.20752633998113, 30.295135584248083, 121.23699670222672, 30.321519568418637]",,0,0,0.0,0,0,0.0,9216,1.0,0,0.0,0.0,0.0,0.0,0.0,0.0,False,False,False,[],[],False,False,insufficient_optical_coverage;insufficient_sar_coverage;insufficient_indices_coverage;too_much_ignore,EPSG:32651,"[30.0, 0.0, 309290.0, 0.0, -30.0, 3364370.0]"
HB2015_R0288_C0624_P096,v1,sha256:993a6a2d0778440e96115d0ac53d2ae1bb3bf396b1e485bb23674b80f3f5602b,288,624,96,96,"[328010.0, 3352850.0, 330890.0, 3355730.0]","[121.21158005121531, 30.295191055077133, 121.241051564211, 30.321574169253534]",,0,0,0.0,0,0,0.0,9216,1.0,0,0.0,0.0,0.0,0.0,0.0,0.0,False,False,False,[],[],False,False,insufficient_optical_coverage;insufficient_sar_coverage;insufficient_indices_coverage;too_much_ignore,EPSG:32651,"[30.0, 0.0, 309290.0, 0.0, -30.0, 3364370.0]"
HB2015_R0288_C0659_P096,v1,sha256:993a6a2d0778440e96115d0ac53d2ae1bb3bf396b1e485bb23674b80f3f5602b,288,659,96,96,"[329060.0, 3352850.0, 331940.0, 3355730.0]","[121.22249394508658, 30.29533977603, 121.25196855538069, 30.321720547223592]",,0,0,0.0,0,0,0.0,9216,1.0,0,0.0,0.0,0.0,0.0,0.0,0.0,False,False,False,[],[],False,False,insufficient_optical_coverage;insufficient_sar_coverage;insufficient_indices_coverage;too_much_ignore,EPSG:32651,"[30.0, 0.0, 309290.0, 0.0, -30.0, 3364370.0]"
HB2015_R0336_C0000_P096,v1,sha256:993a6a2d0778440e96115d0ac53d2ae1bb3bf396b1e485bb23674b80f3f5602b,336,0,96,96,"[309290.0, 3351410.0, 312170.0, 3354290.0]","[121.01727637182687, 30.2793998979463, 121.04668884876774, 30.305824437165885]",train,170,142,0.018446180555555556,192,142,0.020833333333333332,2977,0.3230251736111111,20,0.002170138888888889,0.6854383680555556,0.6566840277777778,0.6566840277777778,0.6566840277777778,0.6520182291666666,True,True,True,"[""silver-0026"", ""silver-0028""]","[""weakcand-0085"", ""weakcand-0087""]",True,False,,EPSG:32651,"[30.0, 0.0, 309290.0, 0.0, -30.0, 3364370.0]"
HB2015_R0336_C0048_P096,v1,sha256:993a6a2d0778440e96115d0ac53d2ae1bb3bf396b1e485bb23674b80f3f5602b,336,48,96,96,"[310730.0, 3351410.0, 313610.0, 3354290.0]","[121.03223995264091, 30.279625739656776, 121.06165670530096, 30.306047091808157]",train,236,193,0.025607638888888888,338,193,0.036675347222222224,471,0.051106770833333336,92,0.009982638888888888,0.9692925347222222,0.9619140625,0.9619140625,0.9619140625,0.9595269097222222,True,True,True,"[""silver-0026"", ""silver-0027"", ""silver-0028""]","[""weakcand-0071"", ""weakcand-0075"", ""weakcand-0076"", ""weakcand-0077"", ""weakcand-0079"", ""weakcand-0085"", ""weakcand-0087"", ""weakcand-0089""]",True,False,,EPSG:32651,"[30.0, 0.0, 309290.0, 0.0, -30.0, 3364370.0]"
HB2015_R0336_C0096_P096,v1,sha256:993a6a2d0778440e96115d0ac53d2ae1bb3bf396b1e485bb23674b80f3f5602b,336,96,96,96,"[312170.0, 3351410.0, 315050.0, 3354290.0]","[121.04720370236348, 30.279849872640366, 121.07662472836334, 30.306268035817453]",train,66,51,0.007161458333333333,245,51,0.026584201388888888,209,0.022677951388888888,146,0.015842013888888888,1.0,1.0,1.0,1.0,1.0,True,True,True,"[""silver-0026"", ""silver-0027""]","[""weakcand-0071"", ""weakcand-0074"", ""weakcand-0075"", ""weakcand-0076"", ""weakcand-0077"", ""weakcand-0079"", ""weakcand-0084"", ""weakcand-0089""]",True,False,,EPSG:32651,"[30.0, 0.0, 309290.0, 0.0, -30.0, 3364370.0]"
HB2015_R0336_C0144_P096,v1,sha256:993a6a2d0778440e96115d0ac53d2ae1bb3bf396b1e485bb23674b80f3f5602b,336,144,96,96,"[313610.0, 3351410.0, 316490.0, 3354290.0]","[121.06216761971334, 30.280072296828514, 121.0915929166721, 30.30648726912616]",train,0,0,0.0,534,28,0.057942708333333336,506,0.05490451388888889,490,0.053168402777777776,1.0,1.0,1.0,1.0,1.0,True,True,True,[],"[""weakcand-0066"", ""weakcand-0071"", ""weakcand-0072"", ""weakcand-0073"", ""weakcand-0074"", ""weakcand-0076"", ""weakcand-0078"", ""weakcand-0084"", ""weakcand-0089""]",True,False,,EPSG:32651,"[30.0, 0.0, 309290.0, 0.0, -30.0, 3364370.0]"
HB2015_R0336_C0192_P096,v1,sha256:993a6a2d0778440e96115d0ac53d2ae1bb3bf396b1e485bb23674b80f3f5602b,336,192,96,96,"[315050.0, 3351410.0, 317930.0, 3354290.0]","[121.07713170340914, 30.280293012153223, 121.10656126894428, 30.306704791667208]",train,0,0,0.0,1014,44,0.11002604166666667,970,0.1052517361111111,952,0.1032986111111111,1.0,1.0,1.0,1.0,1.0,True,True,True,[],"[""weakcand-0047"", ""weakcand-0066"", ""weakcand-0072"", ""weakcand-0073"", ""weakcand-0078"", ""weakcand-0080"", ""weakcand-0082"", ""weakcand-0083"", ""weakcand-0088"", ""weakcand-0090""]",True,False,,EPSG:32651,"[30.0, 0.0, 309290.0, 0.0, -30.0, 3364370.0]"
HB2015_R0336_C0240_P096,v1,sha256:993a6a2d0778440e96115d0ac53d2ae1bb3bf396b1e485bb23674b80f3f5602b,336,240,96,96,"[316490.0, 3351410.0, 319370.0, 3354290.0]","[121.09209595216943, 30.28051201854698, 121.1215297838969, 30.306920603374078]",train,0,0,0.0,772,28,0.0837673611111111,745,0.0808376736111111,709,0.0769314236111111,0.9998914930555556,0.9992404513888888,0.9992404513888888,0.9992404513888888,0.9993489583333334,True,True,True,[],"[""weakcand-0047"", ""weakcand-0066"", ""weakcand-0073"", ""weakcand-0080"", ""weakcand-0081"", ""weakcand-0082"", ""weakcand-0083"", ""weakcand-0086"", ""weakcand-0088"", ""weakcand-0090""]",True,False,,EPSG:32651,"[30.0, 0.0, 309290.0, 0.0, -30.0, 3364370.0]"
HB2015_R0336_C0288_P096,v1,sha256:993a6a2d0778440e96115d0ac53d2ae1bb3bf396b1e485bb23674b80f3f5602b,336,288,96,96,"[317930.0, 3351410.0, 320810.0, 3354290.0]","[121.10706036471275, 30.28072931594283, 121.13649846024684, 30.307134704180715]",train,0,0,0.0,193,12,0.020941840277777776,1224,0.1328125,173,0.018771701388888888,0.8868272569444444,0.8746744791666666,0.8746744791666666,0.8746744791666666,0.8781467013888888,True,True,True,[],"[""weakcand-0080"", ""weakcand-0081"", ""weakcand-0086""]",True,False,,EPSG:32651,"[30.0, 0.0, 309290.0, 0.0, -30.0, 3364370.0]"
HB2015_R0336_C0336_P096,v1,sha256:993a6a2d0778440e96115d0ac53d2ae1bb3bf396b1e485bb23674b80f3f5602b,336,336,96,96,"[319370.0, 3351410.0, 322250.0, 3354290.0]","[121.12202493975748, 30.280944904274282, 121.15146729671096, 30.307347094021633]",train,0,0,0.0,0,0,0.0,4049,0.4393446180555556,0,0.0,0.5606553819444444,0.5375434027777778,0.5375434027777778,0.5375434027777778,0.5442708333333334,True,True,True,[],[],True,False,,EPSG:32651,"[30.0, 0.0, 309290.0, 0.0, -30.0, 3364370.0]"
HB2015_R0336_C0384_P096,v1,sha256:993a6a2d0778440e96115d0ac53d2ae1bb3bf396b1e485bb23674b80f3f5602b,336,384,96,96,"[320810.0, 3351410.0, 323690.0, 3354290.0]","[121.13698967602195, 30.281158783475448, 121.16643629200598, 30.307557772831846]",,0,0,0.0,0,0,0.0,7518,0.8157552083333334,0,0.0,0.18424479166666666,0.1691623263888889,0.1691623263888889,0.1691623263888889,0.1733940972222222,False,False,False,[],[],False,False,insufficient_optical_coverage;insufficient_sar_coverage;insufficient_indices_coverage,EPSG:32651,"[30.0, 0.0, 309290.0, 0.0, -30.0, 3364370.0]"
HB2015_R0336_C0432_P096,v1,sha256:993a6a2d0778440e96115d0ac53d2ae1bb3bf396b1e485bb23674b80f3f5602b,336,432,96,96,"[322250.0, 3351410.0, 325130.0, 3354290.0]","[121.1519545722244, 30.281370953480877, 121.18140544484856, 30.307766740546903]",,0,0,0.0,0,0,0.0,9119,0.9894748263888888,0,0.0,0.010525173611111112,0.007052951388888889,0.007052951388888889,0.007052951388888889,0.007921006944444444,False,False,False,[],[],False,False,insufficient_optical_coverage;insufficient_sar_coverage;insufficient_indices_coverage;too_much_ignore,EPSG:32651,"[30.0, 0.0, 309290.0, 0.0, -30.0, 3364370.0]"
HB2015_R0336_C0480_P096,v1,sha256:993a6a2d0778440e96115d0ac53d2ae1bb3bf396b1e485bb23674b80f3f5602b,336,480,96,96,"[323690.0, 3351410.0, 326570.0, 3354290.0]","[121.16691962708292, 30.281581414225705, 121.1963747539553, 30.30797399710286]",,0,0,0.0,0,0,0.0,9216,1.0,0,0.0,0.0,0.0,0.0,0.0,0.0,False,False,False,[],[],False,False,insufficient_optical_coverage;insufficient_sar_coverage;insufficient_indices_coverage;too_much_ignore,EPSG:32651,"[30.0, 0.0, 309290.0, 0.0, -30.0, 3364370.0]"
HB2015_R0336_C0528_P096,v1,sha256:993a6a2d0778440e96115d0ac53d2ae1bb3bf396b1e485bb23674b80f3f5602b,336,528,96,96,"[325130.0, 3351410.0, 328010.0, 3354290.0]","[121.18188483931564, 30.28179016564555, 121.21134421804265, 30.308179542436303]",,0,0,0.0,0,0,0.0,9216,1.0,0,0.0,0.0,0.0,0.0,0.0,0.0,False,False,False,[],[],False,False,insufficient_optical_coverage;insufficient_sar_coverage;insufficient_indices_coverage;too_much_ignore,EPSG:32651,"[30.0, 0.0, 309290.0, 0.0, -30.0, 3364370.0]"
HB2015_R0336_C0576_P096,v1,sha256:993a6a2d0778440e96115d0ac53d2ae1bb3bf396b1e485bb23674b80f3f5602b,336,576,96,96,"[326570.0, 3351410.0, 329450.0, 3354290.0]","[121.19685020764057, 30.28199720767657, 121.22631383582707, 30.308383376484354]",,0,0,0.0,0,0,0.0,9216,1.0,0,0.0,0.0,0.0,0.0,0.0,0.0,False,False,False,[],[],False,False,insufficient_optical_coverage;insufficient_sar_coverage;insufficient_indices_coverage;too_much_ignore,EPSG:32651,"[30.0, 0.0, 309290.0, 0.0, -30.0, 3364370.0]"
HB2015_R0336_C0611_P096,v1,sha256:993a6a2d0778440e96115d0ac53d2ae1bb3bf396b1e485bb23674b80f3f5602b,336,611,96,96,"[327620.0, 3351410.0, 330500.0, 3354290.0]","[121.20776255304662, 30.282147098145806, 121.23722927828652, 30.30853092660423]",,0,0,0.0,0,0,0.0,9216,1.0,0,0.0,0.0,0.0,0.0,0.0,0.0,False,False,False,[],[],False,False,insufficient_optical_coverage;insufficient_sar_coverage;insufficient_indices_coverage;too_much_ignore,EPSG:32651,"[30.0, 0.0, 309290.0, 0.0, -30.0, 3364370.0]"
HB2015_R0336_C0624_P096,v1,sha256:993a6a2d0778440e96115d0ac53d2ae1bb3bf396b1e485bb23674b80f3f5602b,336,624,96,96,"[328010.0, 3351410.0, 330890.0, 3354290.0]","[121.21181573077551, 30.28220254025544, 121.24128360602488, 30.30858549918463]",,0,0,0.0,0,0,0.0,9216,1.0,0,0.0,0.0,0.0,0.0,0.0,0.0,False,False,False,[],[],False,False,insufficient_optical_coverage;insufficient_sar_coverage;insufficient_indices_coverage;too_much_ignore,EPSG:32651,"[30.0, 0.0, 309290.0, 0.0, -30.0, 3364370.0]"
HB2015_R0336_C0659_P096,v1,sha256:993a6a2d0778440e96115d0ac53d2ae1bb3bf396b1e485bb23674b80f3f5602b,336,659,96,96,"[329060.0, 3351410.0, 331940.0, 3354290.0]","[121.22272818825562, 30.282351184209524, 121.25219915880979, 30.308731801407735]",,0,0,0.0,0,0,0.0,9216,1.0,0,0.0,0.0,0.0,0.0,0.0,0.0,False,False,False,[],[],False,False,insufficient_optical_coverage;insufficient_sar_coverage;insufficient_indices_coverage;too_much_ignore,EPSG:32651,"[30.0, 0.0, 309290.0, 0.0, -30.0, 3364370.0]"
HB2015_R0357_C0000_P096,v1,sha256:993a6a2d0778440e96115d0ac53d2ae1bb3bf396b1e485bb23674b80f3f5602b,357,0,96,96,"[309290.0, 3350780.0, 312170.0, 3353660.0]","[121.01739062855049, 30.273718049100864, 121.04680153032375, 30.300142510670298]",train,189,154,0.0205078125,212,154,0.023003472222222224,2185,0.2370876736111111,20,0.002170138888888889,0.7730034722222222,0.7440321180555556,0.7440321180555556,0.7440321180555556,0.7403428819444444,True,True,True,"[""silver-0026"", ""silver-0028"", ""silver-0029""]","[""weakcand-0085"", ""weakcand-0087""]",True,False,,EPSG:32651,"[30.0, 0.0, 309290.0, 0.0, -30.0, 3364370.0]"
HB2015_R0357_C0048_P096,v1,sha256:993a6a2d0778440e96115d0ac53d2ae1bb3bf396b1e485bb23674b80f3f5602b,357,48,96,96,"[310730.0, 3350780.0, 313610.0, 3353660.0]","[121.03235334843258, 30.273943839641436, 121.06176852472235, 30.300365114890603]",train,238,194,0.025824652777777776,295,194,0.03200954861111111,151,0.016384548611111112,51,0.005533854166666667,0.9993489583333334,0.9977213541666666,0.9977213541666666,0.9977213541666666,0.9968532986111112,True,True,True,"[""silver-0026"", ""silver-0027"", ""silver-0028""]","[""weakcand-0077"", ""weakcand-0079"", ""weakcand-0085"", ""weakcand-0087"", ""weakcand-0089""]",True,False,,EPSG:32651,"[30.0, 0.0, 309290.0, 0.0, -30.0, 3364370.0]"
HB2015_R0357_C0096_P096,v1,sha256:993a6a2d0778440e96115d0ac53d2ae1bb3bf396b1e485bb23674b80f3f5602b,357,96,96,96,"[312170.0, 3350780.0, 315050.0, 3353660.0]","[121.04731623718254, 30.274167921842054, 121.07673568561005, 30.30058600886507]",train,66,51,0.007161458333333333,152,51,0.016493055555555556,116,0.012586805555555556,66,0.007161458333333333,1.0,1.0,1.0,1.0,1.0,True,True,True,"[""silver-0026"", ""silver-0027""]","[""weakcand-0077"", ""weakcand-0079"", ""weakcand-0084"", ""weakcand-0089""]",True,False,,EPSG:32651,"[30.0, 0.0, 309290.0, 0.0, -30.0, 3364370.0]"
HB2015_R0357_C0144_P096,v1,sha256:993a6a2d0778440e96115d0ac53d2ae1bb3bf396b1e485bb23674b80f3f5602b,357,144,96,96,"[313610.0, 3350780.0, 316490.0, 3353660.0]","[121.06227929351942, 30.274390295634166, 121.09170301170428, 30.300805192526145]",train,0,0,0.0,267,16,0.028971354166666668,251,0.027235243055555556,250,0.027126736111111112,1.0,1.0,1.0,1.0,1.0,True,True,True,[],"[""weakcand-0066"", ""weakcand-0078"", ""weakcand-0084"", ""weakcand-0089""]",True,False,,EPSG:32651,"[30.0, 0.0, 309290.0, 0.0, -30.0, 3364370.0]"
HB2015_R0357_C0192_P096,v1,sha256:993a6a2d0778440e96115d0ac53d2ae1bb3bf396b1e485bb23674b80f3f5602b,357,192,96,96,"[315050.0, 3350780.0, 317930.0, 3353660.0]","[121.07724251616223, 30.27461096094982, 121.10667050172243, 30.301022665806784]",train,0,0,0.0,580,20,0.06293402777777778,599,0.06499565972222222,542,0.05881076388888889,0.9957682291666666,0.9911024305555556,0.9911024305555556,0.9911024305555556,0.9929470486111112,True,True,True,[],"[""weakcand-0066"", ""weakcand-0078"", ""weakcand-0080"", ""weakcand-0082"", ""weakcand-0083"", ""weakcand-0088"", ""weakcand-0090""]",True,False,,EPSG:32651,"[30.0, 0.0, 309290.0, 0.0, -30.0, 3364370.0]"
HB2015_R0357_C0240_P096,v1,sha256:993a6a2d0778440e96115d0ac53d2ae1bb3bf396b1e485bb23674b80f3f5602b,357,240,96,96,"[316490.0, 3350780.0, 319370.0, 3353660.0]","[121.09220590382984, 30.2748299177215, 121.12163815438183, 30.30123842864045]",train,0,0,0.0,555,16,0.060221354166666664,1001,0.1086154513888889,500,0.054253472222222224,0.9498697916666666,0.9363064236111112,0.9363064236111112,0.9363064236111112,0.9412977430555556,True,True,True,[],"[""weakcand-0066"", ""weakcand-0080"", ""weakcand-0081"", ""weakcand-0082"", ""weakcand-0083"", ""weakcand-0086"", ""weakcand-0088"", ""weakcand-0090""]",True,False,,EPSG:32651,"[30.0, 0.0, 309290.0, 0.0, -30.0, 3364370.0]"
HB2015_R0357_C0288_P096,v1,sha256:993a6a2d0778440e96115d0ac53d2ae1bb3bf396b1e485bb23674b80f3f5602b,357,288,96,96,"[317930.0, 3350780.0, 320810.0, 3353660.0]","[121.107169455241, 30.275047165882278, 121.13660596839969, 30.30145248096114]",train,0,0,0.0,192,12,0.020833333333333332,2653,0.2878689236111111,173,0.018771701388888888,0.7316623263888888,0.7112630208333334,0.7112630208333334,0.7112630208333334,0.7177734375,True,True,True,[],"[""weakcand-0080"", ""weakcand-0081"", ""weakcand-0086""]",True,False,,EPSG:32651,"[30.0, 0.0, 309290.0, 0.0, -30.0, 3364370.0]"
HB2015_R0357_C0336_P096,v1,sha256:993a6a2d0778440e96115d0ac53d2ae1bb3bf396b1e485bb23674b80f3f5602b,357,336,96,96,"[319370.0, 3350780.0, 322250.0, 3353660.0]","[121.12213316911448, 30.2752627053657, 121.15157394249314, 30.30166482270337]",train,0,0,0.0,0,0,0.0,6027,0.6539713541666666,0,0.0,0.3460286458333333,0.3255208333333333,0.3255208333333333,0.3255208333333333,0.3318142361111111,True,True,True,[],[],True,False,,EPSG:32651,"[30.0, 0.0, 309290.0, 0.0, -30.0, 3364370.0]"
HB2015_R0357_C0384_P096,v1,sha256:993a6a2d0778440e96115d0ac53d2ae1bb3bf396b1e485bb23674b80f3f5602b,357,384,96,96,"[320810.0, 3350780.0, 323690.0, 3353660.0]","[121.1370970441689, 30.27547653610586, 121.16654207537923, 30.301875453802186]",,0,0,0.0,0,0,0.0,8585,0.9315321180555556,0,0.0,0.06846788194444445,0.05946180555555555,0.05946180555555555,0.05946180555555555,0.06239149305555555,False,False,False,[],[],False,False,insufficient_optical_coverage;insufficient_sar_coverage;insufficient_indices_coverage;too_much_ignore,EPSG:32651,"[30.0, 0.0, 309290.0, 0.0, -30.0, 3364370.0]"
HB2015_R0357_C0432_P096,v1,sha256:993a6a2d0778440e96115d0ac53d2ae1bb3bf396b1e485bb23674b80f3f5602b,357,432,96,96,"[322250.0, 3350780.0, 325130.0, 3353660.0]","[121.15206107912273, 30.27568865803737, 121.18151036577494, 30.302084374193136]",,0,0,0.0,0,0,0.0,9216,1.0,0,0.0,0.0,0.0,0.0,0.0,0.0,False,False,False,[],[],False,False,insufficient_optical_coverage;insufficient_sar_coverage;insufficient_indices_coverage;too_much_ignore,EPSG:32651,"[30.0, 0.0, 309290.0, 0.0, -30.0, 3364370.0]"
HB2015_R0357_C0480_P096,v1,sha256:993a6a2d0778440e96115d0ac53d2ae1bb3bf396b1e485bb23674b80f3f5602b,357,480,96,96,"[323690.0, 3350780.0, 326570.0, 3353660.0]","[121.16702527269453, 30.275899071095363, 121.19647881239716, 30.302291583812323]",,0,0,0.0,0,0,0.0,9216,1.0,0,0.0,0.0,0.0,0.0,0.0,0.0,False,False,False,[],[],False,False,insufficient_optical_coverage;insufficient_sar_coverage;insufficient_indices_coverage;too_much_ignore,EPSG:32651,"[30.0, 0.0, 309290.0, 0.0, -30.0, 3364370.0]"
HB2015_R0357_C0528_P096,v1,sha256:993a6a2d0778440e96115d0ac53d2ae1bb3bf396b1e485bb23674b80f3f5602b,357,528,96,96,"[325130.0, 3350780.0, 328010.0, 3353660.0]","[121.18198962360262, 30.276107775215465, 121.21144741396265, 30.30249708259634]",,0,0,0.0,0,0,0.0,9216,1.0,0,0.0,0.0,0.0,0.0,0.0,0.0,False,False,False,[],[],False,False,insufficient_optical_coverage;insufficient_sar_coverage;insufficient_indices_coverage;too_much_ignore,EPSG:32651,"[30.0, 0.0, 309290.0, 0.0, -30.0, 3364370.0]"
HB2015_R0357_C0576_P096,v1,sha256:993a6a2d0778440e96115d0ac53d2ae1bb3bf396b1e485bb23674b80f3f5602b,357,576,96,96,"[326570.0, 3350780.0, 329450.0, 3353660.0]","[121.19695413056532, 30.27631477033388, 121.22641616918817, 30.302700870482322]",,0,0,0.0,0,0,0.0,9216,1.0,0,0.0,0.0,0.0,0.0,0.0,0.0,False,False,False,[],[],False,False,insufficient_optical_coverage;insufficient_sar_coverage;insufficient_indices_coverage;too_much_ignore,EPSG:32651,"[30.0, 0.0, 309290.0, 0.0, -30.0, 3364370.0]"
HB2015_R0357_C0611_P096,v1,sha256:993a6a2d0778440e96115d0ac53d2ae1bb3bf396b1e485bb23674b80f3f5602b,357,611,96,96,"[327620.0, 3350780.0, 330500.0, 3353660.0]","[121.20786584787125, 30.27646462684007, 121.23733098267526, 30.30284838718658]",,0,0,0.0,0,0,0.0,9216,1.0,0,0.0,0.0,0.0,0.0,0.0,0.0,False,False,False,[],[],False,False,insufficient_optical_coverage;insufficient_sar_coverage;insufficient_indices_coverage;too_much_ignore,EPSG:32651,"[30.0, 0.0, 309290.0, 0.0, -30.0, 3364370.0]"
HB2015_R0357_C0624_P096,v1,sha256:993a6a2d0778440e96115d0ac53d2ae1bb3bf396b1e485bb23674b80f3f5602b,357,624,96,96,"[328010.0, 3350780.0, 330890.0, 3353660.0]","[121.21191879230079, 30.276520056387284, 121.24138507679034, 30.302902947407915]",,0,0,0.0,0,0,0.0,9216,1.0,0,0.0,0.0,0.0,0.0,0.0,0.0,False,False,False,[],[],False,False,insufficient_optical_coverage;insufficient_sar_coverage;insufficient_indices_coverage;too_much_ignore,EPSG:32651,"[30.0, 0.0, 309290.0, 0.0, -30.0, 3364370.0]"
HB2015_R0357_C0659_P096,v1,sha256:993a6a2d0778440e96115d0ac53d2ae1bb3bf396b1e485bb23674b80f3f5602b,357,659,96,96,"[329060.0, 3350780.0, 331940.0, 3353660.0]","[121.2228306216538, 30.27666866666062, 121.2523000005763, 30.303049216497868]",,0,0,0.0,0,0,0.0,9216,1.0,0,0.0,0.0,0.0,0.0,0.0,0.0,False,False,False,[],[],False,False,insufficient_optical_coverage;insufficient_sar_coverage;insufficient_indices_coverage;too_much_ignore,EPSG:32651,"[30.0, 0.0, 309290.0, 0.0, -30.0, 3364370.0]"
HB2015_R0384_C0000_P096,v1,sha256:993a6a2d0778440e96115d0ac53d2ae1bb3bf396b1e485bb23674b80f3f5602b,384,0,96,96,"[309290.0, 3349970.0, 312170.0, 3352850.0]","[121.01753748219902, 30.266412807045427, 121.04694635942542, 30.292837168791277]",train,189,154,0.0205078125,212,154,0.023003472222222224,2306,0.2502170138888889,20,0.002170138888888889,0.7598741319444444,0.7264539930555556,0.7264539930555556,0.7264539930555556,0.7278645833333334,True,True,True,"[""silver-0026"", ""silver-0028"", ""silver-0029""]","[""weakcand-0085"", ""weakcand-0087""]",True,False,,EPSG:32651,"[30.0, 0.0, 309290.0, 0.0, -30.0, 3364370.0]"
HB2015_R0384_C0048_P096,v1,sha256:993a6a2d0778440e96115d0ac53d2ae1bb3bf396b1e485bb23674b80f3f5602b,384,48,96,96,"[310730.0, 3349970.0, 313610.0, 3352850.0]","[121.03249909552883, 30.266638531804585, 121.06191224572592, 30.29305970819166]",train,191,162,0.020724826388888888,231,162,0.025065104166666668,582,0.06315104166666667,31,0.003363715277777778,0.9474826388888888,0.9346788194444444,0.9346788194444444,0.9346788194444444,0.9410807291666666,True,True,True,"[""silver-0026"", ""silver-0028""]","[""weakcand-0085"", ""weakcand-0087"", ""weakcand-0089""]",True,False,,EPSG:32651,"[30.0, 0.0, 309290.0, 0.0, -30.0, 3364370.0]"
HB2015_R0384_C0096_P096,v1,sha256:993a6a2d0778440e96115d0ac53d2ae1bb3bf396b1e485bb23674b80f3f5602b,384,96,96,96,"[312170.0, 3349970.0, 315050.0, 3352850.0]","[121.04746087767428, 30.2668625487212, 121.07687829846394, 30.293280537843938]",train,19,19,0.0020616319444444445,85,19,0.009223090277777778,1150,0.1247829861111111,46,0.004991319444444444,0.8823784722222222,0.8695746527777778,0.8695746527777778,0.8695746527777778,0.8760850694444444,True,True,True,"[""silver-0026""]","[""weakcand-0084"", ""weakcand-0089""]",True,False,,EPSG:32651,"[30.0, 0.0, 309290.0, 0.0, -30.0, 3364370.0]"
HB2015_R0384_C0144_P096,v1,sha256:993a6a2d0778440e96115d0ac53d2ae1bb3bf396b1e485bb23674b80f3f5602b,384,144,96,96,"[313610.0, 3349970.0, 316490.0, 3352850.0]","[121.0624228273548, 30.26708485772676, 121.09184451635737, 30.293499657680574]",train,0,0,0.0,47,0,0.005099826388888889,1736,0.18836805555555555,35,0.0037977430555555555,0.8167317708333334,0.802734375,0.802734375,0.802734375,0.8093532986111112,True,True,True,[],"[""weakcand-0084"", ""weakcand-0089""]",True,False,,EPSG:32651,"[30.0, 0.0, 309290.0, 0.0, -30.0, 3364370.0]"
HB2015_R0384_C0192_P096,v1,sha256:993a6a2d0778440e96115d0ac53d2ae1bb3bf396b1e485bb23674b80f3f5602b,384,192,96,96,"[315050.0, 3349970.0, 317930.0, 3352850.0]","[121.07738494328979, 30.26730545875331, 121.10681089812397, 30.293717067634528]",train,0,0,0.0,238,0,0.025824652777777776,2536,0.2751736111111111,215,0.023328993055555556,0.7506510416666666,0.736328125,0.736328125,0.736328125,0.7427300347222222,True,True,True,[],"[""weakcand-0066"", ""weakcand-0080"", ""weakcand-0082"", ""weakcand-0083"", ""weakcand-0088"", ""weakcand-0090""]",True,False,,EPSG:32651,"[30.0, 0.0, 309290.0, 0.0, -30.0, 3364370.0]"
HB2015_R0384_C0240_P096,v1,sha256:993a6a2d0778440e96115d0ac53d2ae1bb3bf396b1e485bb23674b80f3f5602b,384,240,96,96,"[316490.0, 3349970.0, 319370.0, 3352850.0]","[121.09234722419849, 30.267524351733382, 121.12177744248145, 30.293932767639316]",train,0,0,0.0,332,0,0.03602430555555555,3353,0.3638237847222222,300,0.032552083333333336,0.6722005208333334,0.65625,0.65625,0.65625,0.6624348958333334,True,True,True,[],"[""weakcand-0066"", ""weakcand-0080"", ""weakcand-0081"", ""weakcand-0082"", ""weakcand-0083"", ""weakcand-0086"", ""weakcand-0088"", ""weakcand-0090""]",True,False,,EPSG:32651,"[30.0, 0.0, 309290.0, 0.0, -30.0, 3364370.0]"
HB2015_R0384_C0288_P096,v1,sha256:993a6a2d0778440e96115d0ac53d2ae1bb3bf396b1e485bb23674b80f3f5602b,384,288,96,96,"[317930.0, 3349970.0, 320810.0, 3352850.0]","[121.10730966880014, 30.267741536600063, 121.13674414814741, 30.29414675762895]",train,0,0,0.0,94,0,0.010199652777777778,5159,0.5597873263888888,85,0.009223090277777778,0.4504123263888889,0.4300130208333333,0.4300130208333333,0.4300130208333333,0.4365234375,True,True,True,[],"[""weakcand-0080"", ""weakcand-0081"", ""weakcand-0086""]",True,False,,EPSG:32651,"[30.0, 0.0, 309290.0, 0.0, -30.0, 3364370.0]"
HB2015_R0384_C0336_P096,v1,sha256:993a6a2d0778440e96115d0ac53d2ae1bb3bf396b1e485bb23674b80f3f5602b,384,336,96,96,"[319370.0, 3349970.0, 322250.0, 3352850.0]","[121.12227227581381, 30.267957013286946, 121.1517110138394, 30.29435903753797]",,0,0,0.0,0,0,0.0,7933,0.8607855902777778,0,0.0,0.1392144097222222,0.1261935763888889,0.1261935763888889,0.1261935763888889,0.12977430555555555,False,False,False,[],[],False,False,insufficient_optical_coverage;insufficient_sar_coverage;insufficient_indices_coverage,EPSG:32651,"[30.0, 0.0, 309290.0, 0.0, -30.0, 3364370.0]"
HB2015_R0384_C0384_P096,v1,sha256:993a6a2d0778440e96115d0ac53d2ae1bb3bf396b1e485bb23674b80f3f5602b,384,384,96,96,"[320810.0, 3349970.0, 323690.0, 3352850.0]","[121.13723504395853, 30.268170781728127, 121.16667803827488, 30.294569607301458]",,0,0,0.0,0,0,0.0,9195,0.9977213541666666,0,0.0,0.0022786458333333335,0.0007595486111111111,0.0007595486111111111,0.0007595486111111111,0.0009765625,False,False,False,[],[],False,False,insufficient_optical_coverage;insufficient_sar_coverage;insufficient_indices_coverage;too_much_ignore,EPSG:32651,"[30.0, 0.0, 309290.0, 0.0, -30.0, 3364370.0]"
HB2015_R0384_C0432_P096,v1,sha256:993a6a2d0778440e96115d0ac53d2ae1bb3bf396b1e485bb23674b80f3f5602b,384,432,96,96,"[322250.0, 3349970.0, 325130.0, 3352850.0]","[121.15219797195321, 30.268382841858255, 121.18164522017119, 30.29477846685499]",,0,0,0.0,0,0,0.0,9216,1.0,0,0.0,0.0,0.0,0.0,0.0,0.0,False,False,False,[],[],False,False,insufficient_optical_coverage;insufficient_sar_coverage;insufficient_indices_coverage;too_much_ignore,EPSG:32651,"[30.0, 0.0, 309290.0, 0.0, -30.0, 3364370.0]"
HB2015_R0384_C0480_P096,v1,sha256:993a6a2d0778440e96115d0ac53d2ae1bb3bf396b1e485bb23674b80f3f5602b,384,480,96,96,"[323690.0, 3349970.0, 326570.0, 3352850.0]","[121.16716105851678, 30.26859319361247, 121.19661255824559, 30.29498561613467]",,0,0,0.0,0,0,0.0,9216,1.0,0,0.0,0.0,0.0,0.0,0.0,0.0,False,False,False,[],[],False,False,insufficient_optical_coverage;insufficient_sar_coverage;insufficient_indices_coverage;too_much_ignore,EPSG:32651,"[30.0, 0.0, 309290.0, 0.0, -30.0, 3364370.0]"
HB2015_R0384_C0528_P096,v1,sha256:993a6a2d0778440e96115d0ac53d2ae1bb3bf396b1e485bb23674b80f3f5602b,384,528,96,96,"[325130.0, 3349970.0, 328010.0, 3352850.0]","[121.18212430236795, 30.268801836926457, 121.21158005121531, 30.295191055077133]",,0,0,0.0,0,0,0.0,9216,1.0,0,0.0,0.0,0.0,0.0,0.0,0.0,False,False,False,[],[],False,False,insufficient_optical_coverage;insufficient_sar_coverage;insufficient_indices_coverage;too_much_ignore,EPSG:32651,"[30.0, 0.0, 309290.0, 0.0, -30.0, 3364370.0]"
HB2015_R0384_C0576_P096,v1,sha256:993a6a2d0778440e96115d0ac53d2ae1bb3bf396b1e485bb23674b80f3f5602b,384,576,96,96,"[326570.0, 3349970.0, 329450.0, 3352850.0]","[121.19708770222543, 30.269008771736424, 121.22654769779747, 30.295394783619525]",,0,0,0.0,0,0,0.0,9216,1.0,0,0.0,0.0,0.0,0.0,0.0,0.0,False,False,False,[],[],False,False,insufficient_optical_coverage;insufficient_sar_coverage;insufficient_indices_coverage;too_much_ignore,EPSG:32651,"[30.0, 0.0, 309290.0, 0.0, -30.0, 3364370.0]"
HB2015_R0384_C0611_P096,v1,sha256:993a6a2d0778440e96115d0ac53d2ae1bb3bf396b1e485bb23674b80f3f5602b,384,611,96,96,"[327620.0, 3349970.0, 330500.0, 3352850.0]","[121.20799861223695, 30.269158584581458, 121.237461702869, 30.29554225736636]",,0,0,0.0,0,0,0.0,9216,1.0,0,0.0,0.0,0.0,0.0,0.0,0.0,False,False,False,[],[],False,False,insufficient_optical_coverage;insufficient_sar_coverage;insufficient_indices_coverage;too_much_ignore,EPSG:32651,"[30.0, 0.0, 309290.0, 0.0, -30.0, 3364370.0]"
HB2015_R0384_C0624_P096,v1,sha256:993a6a2d0778440e96115d0ac53d2ae1bb3bf396b1e485bb23674b80f3f5602b,384,624,96,96,"[328010.0, 3349970.0, 330890.0, 3352850.0]","[121.21205125680781, 30.269213997979065, 121.24151549670908, 30.295596801699528]",,0,0,0.0,0,0,0.0,9216,1.0,0,0.0,0.0,0.0,0.0,0.0,0.0,False,False,False,[],[],False,False,insufficient_optical_coverage;insufficient_sar_coverage;insufficient_indices_coverage;too_much_ignore,EPSG:32651,"[30.0, 0.0, 309290.0, 0.0, -30.0, 3364370.0]"
HB2015_R0384_C0659_P096,v1,sha256:993a6a2d0778440e96115d0ac53d2ae1bb3bf396b1e485bb23674b80f3f5602b,384,659,96,96,"[329060.0, 3349970.0, 331940.0, 3352850.0]","[121.22296227883172, 30.269362564954157, 121.25242961204533, 30.295743028195208]",,0,0,0.0,0,0,0.0,9216,1.0,0,0.0,0.0,0.0,0.0,0.0,0.0,False,False,False,[],[],False,False,insufficient_optical_coverage;insufficient_sar_coverage;insufficient_indices_coverage;too_much_ignore,EPSG:32651,"[30.0, 0.0, 309290.0, 0.0, -30.0, 3364370.0]"
HB2015_R0405_C0000_P096,v1,sha256:993a6a2d0778440e96115d0ac53d2ae1bb3bf396b1e485bb23674b80f3f5602b,405,0,96,96,"[309290.0, 3349340.0, 312170.0, 3352220.0]","[121.01765166449408, 30.260730946027696, 121.04705896759275, 30.287155230142567]",train,125,94,0.013563368055555556,125,94,0.013563368055555556,3922,0.4255642361111111,1,0.00010850694444444444,0.5811631944444444,0.5539279513888888,0.5539279513888888,0.5539279513888888,0.5555555555555556,True,True,True,"[""silver-0026"", ""silver-0028"", ""silver-0029""]","[""weakcand-0087""]",True,False,,EPSG:32651,"[30.0, 0.0, 309290.0, 0.0, -30.0, 3364370.0]"
HB2015_R0405_C0048_P096,v1,sha256:993a6a2d0778440e96115d0ac53d2ae1bb3bf396b1e485bb23674b80f3f5602b,405,48,96,96,"[310730.0, 3349340.0, 313610.0, 3352220.0]","[121.03261241745223, 30.260956619630118, 121.06202399231964, 30.28737771913395]",train,108,83,0.01171875,115,83,0.012478298611111112,2551,0.2768012152777778,10,0.0010850694444444445,0.7293836805555556,0.7159288194444444,0.7159288194444444,0.7159288194444444,0.7224392361111112,True,True,True,"[""silver-0026"", ""silver-0028""]","[""weakcand-0087"", ""weakcand-0089""]",True,False,,EPSG:32651,"[30.0, 0.0, 309290.0, 0.0, -30.0, 3364370.0]"
HB2015_R0405_C0096_P096,v1,sha256:993a6a2d0778440e96115d0ac53d2ae1bb3bf396b1e485bb23674b80f3f5602b,405,96,96,96,"[312170.0, 3349340.0, 315050.0, 3352220.0]","[121.04757333918539, 30.261180585776817, 121.07698918344397, 30.287598498764293]",train,0,0,0.0,24,0,0.0026041666666666665,3124,0.3389756944444444,23,0.002495659722222222,0.6636284722222222,0.6508246527777778,0.6508246527777778,0.6508246527777778,0.6573350694444444,True,True,True,[],"[""weakcand-0089""]",True,False,,EPSG:32651,"[30.0, 0.0, 309290.0, 0.0, -30.0, 3364370.0]"
HB2015_R0405_C0144_P096,v1,sha256:993a6a2d0778440e96115d0ac53d2ae1bb3bf396b1e485bb23674b80f3f5602b,405,144,96,96,"[313610.0, 3349340.0, 316490.0, 3352220.0]","[121.06253442841333, 30.26140284439931, 121.09195453968391, 30.287817568966073]",train,0,0,0.0,15,0,0.0016276041666666667,3720,0.4036458333333333,14,0.0015190972222222222,0.5979817708333334,0.583984375,0.583984375,0.583984375,0.5906032986111112,True,True,True,[],"[""weakcand-0089""]",True,False,,EPSG:32651,"[30.0, 0.0, 309290.0, 0.0, -30.0, 3364370.0]"
HB2015_R0405_C0192_P096,v1,sha256:993a6a2d0778440e96115d0ac53d2ae1bb3bf396b1e485bb23674b80f3f5602b,405,192,96,96,"[315050.0, 3349340.0, 317930.0, 3352220.0]","[121.07749568385572, 30.261623395429655, 121.1069200597576, 30.28803492967229]",train,0,0,0.0,73,0,0.007921006944444444,4387,0.4760199652777778,65,0.007052951388888889,0.5319010416666666,0.517578125,0.517578125,0.517578125,0.5239800347222222,True,True,True,[],"[""weakcand-0082"", ""weakcand-0088"", ""weakcand-0090""]",True,False,,EPSG:32651,"[30.0, 0.0, 309290.0, 0.0, -30.0, 3364370.0]"
HB2015_R0405_C0240_P096,v1,sha256:993a6a2d0778440e96115d0ac53d2ae1bb3bf396b1e485bb23674b80f3f5602b,405,240,96,96,"[316490.0, 3349340.0, 319370.0, 3352220.0]","[121.09245710423214, 30.261842238800416, 121.12188574238299, 30.288250580816467]",train,0,0,0.0,73,0,0.007921006944444444,5110,0.5544704861111112,65,0.007052951388888889,0.4534505208333333,0.4375,0.4375,0.4375,0.4436848958333333,True,True,True,[],"[""weakcand-0082"", ""weakcand-0088"", ""weakcand-0090""]",True,False,,EPSG:32651,"[30.0, 0.0, 309290.0, 0.0, -30.0, 3364370.0]"
HB2015_R0405_C0288_P096,v1,sha256:993a6a2d0778440e96115d0ac53d2ae1bb3bf396b1e485bb23674b80f3f5602b,405,288,96,96,"[317930.0, 3349340.0, 320810.0, 3352220.0]","[121.10741868826213, 30.262059374444693, 121.13685158627804, 30.288464522332635]",,0,0,0.0,0,0,0.0,6951,0.7542317708333334,0,0.0,0.24576822916666666,0.23036024305555555,0.23036024305555555,0.23036024305555555,0.23621961805555555,False,False,False,[],[],False,False,insufficient_optical_coverage;insufficient_sar_coverage;insufficient_indices_coverage,EPSG:32651,"[30.0, 0.0, 309290.0, 0.0, -30.0, 3364370.0]"
HB2015_R0405_C0336_P096,v1,sha256:993a6a2d0778440e96115d0ac53d2ae1bb3bf396b1e485bb23674b80f3f5602b,405,336,96,96,"[319370.0, 3349340.0, 322250.0, 3352220.0]","[121.12238043466503, 30.262274802296094, 121.15181759016058, 30.288676754155365]",,0,0,0.0,0,0,0.0,8832,0.9583333333333334,0,0.0,0.041666666666666664,0.03515625,0.03515625,0.03515625,0.03786892361111111,False,False,False,[],[],False,False,insufficient_optical_coverage;insufficient_sar_coverage;insufficient_indices_coverage;too_much_ignore,EPSG:32651,"[30.0, 0.0, 309290.0, 0.0, -30.0, 3364370.0]"
HB2015_R0405_C0384_P096,v1,sha256:993a6a2d0778440e96115d0ac53d2ae1bb3bf396b1e485bb23674b80f3f5602b,405,384,96,96,"[320810.0, 3349340.0, 323690.0, 3352220.0]","[121.13734234216025, 30.26248852228875, 121.16678375274836, 30.288887276219725]",,0,0,0.0,0,0,0.0,9216,1.0,0,0.0,0.0,0.0,0.0,0.0,0.0,False,False,False,[],[],False,False,insufficient_optical_coverage;insufficient_sar_coverage;insufficient_indices_coverage;too_much_ignore,EPSG:32651,"[30.0, 0.0, 309290.0, 0.0, -30.0, 3364370.0]"
HB2015_R0405_C0432_P096,v1,sha256:993a6a2d0778440e96115d0ac53d2ae1bb3bf396b1e485bb23674b80f3f5602b,405,432,96,96,"[322250.0, 3349340.0, 325130.0, 3352220.0]","[121.15230440946698, 30.262700534357304, 121.18175007275904, 30.28909608846134]",,0,0,0.0,0,0,0.0,9216,1.0,0,0.0,0.0,0.0,0.0,0.0,0.0,False,False,False,[],[],False,False,insufficient_optical_coverage;insufficient_sar_coverage;insufficient_indices_coverage;too_much_ignore,EPSG:32651,"[30.0, 0.0, 309290.0, 0.0, -30.0, 3364370.0]"
HB2015_R0405_C0480_P096,v1,sha256:993a6a2d0778440e96115d0ac53d2ae1bb3bf396b1e485bb23674b80f3f5602b,405,480,96,96,"[323690.0, 3349340.0, 326570.0, 3352220.0]","[121.1672666353044, 30.262910838436955, 121.19671654891023, 30.289303190816337]",,0,0,0.0,0,0,0.0,9216,1.0,0,0.0,0.0,0.0,0.0,0.0,0.0,False,False,False,[],[],False,False,insufficient_optical_coverage;insufficient_sar_coverage;insufficient_indices_coverage;too_much_ignore,EPSG:32651,"[30.0, 0.0, 309290.0, 0.0, -30.0, 3364370.0]"
HB2015_R0405_C0528_P096,v1,sha256:993a6a2d0778440e96115d0ac53d2ae1bb3bf396b1e485bb23674b80f3f5602b,405,528,96,96,"[325130.0, 3349340.0, 328010.0, 3352220.0]","[121.1822290183916, 30.263119434463366, 121.21168317991946, 30.28950858322135]",,0,0,0.0,0,0,0.0,9216,1.0,0,0.0,0.0,0.0,0.0,0.0,0.0,False,False,False,[],[],False,False,insufficient_optical_coverage;insufficient_sar_coverage;insufficient_indices_coverage;too_much_ignore,EPSG:32651,"[30.0, 0.0, 309290.0, 0.0, -30.0, 3364370.0]"
HB2015_R0405_C0576_P096,v1,sha256:993a6a2d0778440e96115d0ac53d2ae1bb3bf396b1e485bb23674b80f3f5602b,405,576,96,96,"[326570.0, 3349340.0, 329450.0, 3352220.0]","[121.19719155744755, 30.26332632237278, 121.22664996450409, 30.28971226561357]",,0,0,0.0,0,0,0.0,9216,1.0,0,0.0,0.0,0.0,0.0,0.0,0.0,False,False,False,[],[],False,False,insufficient_optical_coverage;insufficient_sar_coverage;insufficient_indices_coverage;too_much_ignore,EPSG:32651,"[30.0, 0.0, 309290.0, 0.0, -30.0, 3364370.0]"
HB2015_R0405_C0611_P096,v1,sha256:993a6a2d0778440e96115d0ac53d2ae1bb3bf396b1e485bb23674b80f3f5602b,405,611,96,96,"[327620.0, 3349340.0, 330500.0, 3352220.0]","[121.20810183976782, 30.26347610126351, 121.23756334101263, 30.289859705953386]",,0,0,0.0,0,0,0.0,9216,1.0,0,0.0,0.0,0.0,0.0,0.0,0.0,False,False,False,[],[],False,False,insufficient_optical_coverage;insufficient_sar_coverage;insufficient_indices_coverage;too_much_ignore,EPSG:32651,"[30.0, 0.0, 309290.0, 0.0, -30.0, 3364370.0]"
HB2015_R0405_C0624_P096,v1,sha256:993a6a2d0778440e96115d0ac53d2ae1bb3bf396b1e485bb23674b80f3f5602b,405,624,96,96,"[328010.0, 3349340.0, 330890.0, 3352220.0]","[121.21215425119121, 30.263531502101927, 121.2416169013815, 30.289914237930677]",,0,0,0.0,0,0,0.0,9216,1.0,0,0.0,0.0,0.0,0.0,0.0,0.0,False,False,False,[],[],False,False,insufficient_optical_coverage;insufficient_sar_coverage;insufficient_indices_coverage;too_much_ignore,EPSG:32651,"[30.0, 0.0, 309290.0, 0.0, -30.0, 3364370.0]"
HB2015_R0405_C0659_P096,v1,sha256:993a6a2d0778440e96115d0ac53d2ae1bb3bf396b1e485bb23674b80f3f5602b,405,659,96,96,"[329060.0, 3349340.0, 331940.0, 3352220.0]","[121.22306464549688, 30.263680035404953, 121.25253038812819, 30.290060431301747]",,0,0,0.0,0,0,0.0,9216,1.0,0,0.0,0.0,0.0,0.0,0.0,0.0,False,False,False,[],[],False,False,insufficient_optical_coverage;insufficient_sar_coverage;insufficient_indices_coverage;too_much_ignore,EPSG:32651,"[30.0, 0.0, 309290.0, 0.0, -30.0, 3364370.0]"
HB2015_R0000_C0851_P096,v1,sha256:993a6a2d0778440e96115d0ac53d2ae1bb3bf396b1e485bb23674b80f3f5602b,0,851,96,96,"[334820.0, 3361490.0, 337700.0, 3364370.0]","[121.2810046016675, 30.374072898807082, 121.31051813470928, 30.400441682665388]",val,1470,968,0.15950520833333334,987,967,0.10709635416666667,4863,0.5276692708333334,12,0.0013020833333333333,0.5289713541666666,0.5073784722222222,0.5073784722222222,0.5073784722222222,0.5074869791666666,True,True,True,"[""silver-0001"", ""silver-0004""]","[""weakcand-0000""]",False,True,,EPSG:32651,"[30.0, 0.0, 309290.0, 0.0, -30.0, 3364370.0]"
HB2015_R0000_C0864_P096,v1,sha256:993a6a2d0778440e96115d0ac53d2ae1bb3bf396b1e485bb23674b80f3f5602b,0,864,96,96,"[335210.0, 3361490.0, 338090.0, 3364370.0]","[121.28506172582073, 30.374126218544816, 121.31457641080084, 30.40049412704948]",val,1052,607,0.11414930555555555,631,606,0.06846788194444445,5344,0.5798611111111112,12,0.0013020833333333333,0.4711371527777778,0.4491102430555556,0.4491102430555556,0.4491102430555556,0.4483506944444444,True,True,True,"[""silver-0001"", ""silver-0004""]","[""weakcand-0000""]",False,True,,EPSG:32651,"[30.0, 0.0, 309290.0, 0.0, -30.0, 3364370.0]"
HB2015_R0000_C0911_P096,v1,sha256:993a6a2d0778440e96115d0ac53d2ae1bb3bf396b1e485bb23674b80f3f5602b,0,911,96,96,"[336620.0, 3361490.0, 339500.0, 3364370.0]","[121.29972988026076, 30.37431793972517, 121.32924872846293, 30.400682682331055]",,208,85,0.022569444444444444,98,84,0.010633680555555556,6960,0.7552083333333334,0,0.0,0.2596571180555556,0.2384982638888889,0.2384982638888889,0.2384982638888889,0.23914930555555555,True,False,False,[],[],False,False,insufficient_sar_coverage;insufficient_indices_coverage,EPSG:32651,"[30.0, 0.0, 309290.0, 0.0, -30.0, 3364370.0]"
HB2015_R0000_C0912_P096,v1,sha256:993a6a2d0778440e96115d0ac53d2ae1bb3bf396b1e485bb23674b80f3f5602b,0,912,96,96,"[336650.0, 3361490.0, 339530.0, 3364370.0]","[121.30004197018263, 30.374322001023568, 121.32956090693885, 30.40068667625018]",,200,79,0.021701388888888888,92,78,0.009982638888888888,6999,0.7594401041666666,0,0.0,0.2552083333333333,0.23404947916666666,0.23404947916666666,0.23404947916666666,0.23470052083333334,True,False,False,[],[],False,False,insufficient_sar_coverage;insufficient_indices_coverage,EPSG:32651,"[30.0, 0.0, 309290.0, 0.0, -30.0, 3364370.0]"
HB2015_R0000_C0959_P096,v1,sha256:993a6a2d0778440e96115d0ac53d2ae1bb3bf396b1e485bb23674b80f3f5602b,0,959,96,96,"[338060.0, 3361490.0, 340940.0, 3364370.0]","[121.3147102679828, 30.374512041873114, 121.34423336559495, 30.400873549347704]",,151,21,0.016384548611111112,24,21,0.0026041666666666665,8500,0.9223090277777778,0,0.0,0.07845052083333333,0.0661892361111111,0.0661892361111111,0.0661892361111111,0.06694878472222222,False,False,False,[],[],False,False,insufficient_optical_coverage;insufficient_sar_coverage;insufficient_indices_coverage;too_much_ignore;quarantined_component,EPSG:32651,"[30.0, 0.0, 309290.0, 0.0, -30.0, 3364370.0]"
HB2015_R0048_C0851_P096,v1,sha256:993a6a2d0778440e96115d0ac53d2ae1bb3bf396b1e485bb23674b80f3f5602b,48,851,96,96,"[334820.0, 3360050.0, 337700.0, 3362930.0]","[121.28123185090466, 30.361084057097585, 121.31074171882156, 30.387452693612598]",val,3819,3037,0.4143880208333333,3154,3030,0.3422309027777778,1284,0.13932291666666666,49,0.005316840277777778,0.958984375,0.9498697916666666,0.9498697916666666,0.9498697916666666,0.9505208333333334,True,True,True,"[""silver-0001"", ""silver-0004"", ""silver-0010""]","[""weakcand-0000"", ""weakcand-0001"", ""weakcand-0003""]",False,True,,EPSG:32651,"[30.0, 0.0, 309290.0, 0.0, -30.0, 3364370.0]"
HB2015_R0048_C0864_P096,v1,sha256:993a6a2d0778440e96115d0ac53d2ae1bb3bf396b1e485bb23674b80f3f5602b,48,864,96,96,"[335210.0, 3360050.0, 338090.0, 3362930.0]","[121.28528843935212, 30.361137349272013, 121.31479945846587, 30.387505110899696]",val,3474,2654,0.376953125,2804,2647,0.3042534722222222,1621,0.17588975694444445,66,0.007161458333333333,0.9301215277777778,0.9178602430555556,0.9178602430555556,0.9178602430555556,0.91796875,True,True,True,"[""silver-0001"", ""silver-0004"", ""silver-0010""]","[""weakcand-0000"", ""weakcand-0001"", ""weakcand-0003"", ""weakcand-0004""]",False,True,,EPSG:32651,"[30.0, 0.0, 309290.0, 0.0, -30.0, 3364370.0]"
HB2015_R0048_C0911_P096,v1,sha256:993a6a2d0778440e96115d0ac53d2ae1bb3bf396b1e485bb23674b80f3f5602b,48,911,96,96,"[336620.0, 3360050.0, 339500.0, 3362930.0]","[121.29995465696007, 30.361328971343053, 121.32946983661583, 30.38769356875816]",val,1745,1324,0.18934461805555555,1456,1323,0.1579861111111111,2769,0.3004557291666667,41,0.004448784722222222,0.7596571180555556,0.7384982638888888,0.7384982638888888,0.7384982638888888,0.7391493055555556,True,True,True,"[""silver-0001"", ""silver-0009"", ""silver-0010"", ""silver-0012""]","[""weakcand-0003"", ""weakcand-0004""]",False,True,,EPSG:32651,"[30.0, 0.0, 309290.0, 0.0, -30.0, 3364370.0]"
HB2015_R0048_C0912_P096,v1,sha256:993a6a2d0778440e96115d0ac53d2ae1bb3bf396b1e485bb23674b80f3f5602b,48,912,96,96,"[336650.0, 3360050.0, 339530.0, 3362930.0]","[121.3002667056719, 30.36133303054198, 121.32978197382468, 30.3876975606137]",val,1721,1302,0.1867404513888889,1425,1301,0.15462239583333334,2799,0.3037109375,41,0.004448784722222222,0.7552083333333334,0.7340494791666666,0.7340494791666666,0.7340494791666666,0.7347005208333334,True,True,True,"[""silver-0001"", ""silver-0009"", ""silver-0010"", ""silver-0012""]","[""weakcand-0003"", ""weakcand-0004""]",False,True,,EPSG:32651,"[30.0, 0.0, 309290.0, 0.0, -30.0, 3364370.0]"
HB2015_R0048_C0959_P096,v1,sha256:993a6a2d0778440e96115d0ac53d2ae1bb3bf396b1e485bb23674b80f3f5602b,48,959,96,96,"[338060.0, 3360050.0, 340940.0, 3362930.0]","[121.31493306656087, 30.361522973150468, 121.3444524928908, 30.387884337156905]",,509,322,0.055230034722222224,358,322,0.03884548611111111,4280,0.4644097222222222,0,0.0,0.5461154513888888,0.5240885416666666,0.5240885416666666,0.5240885416666666,0.5237630208333334,True,True,True,[],[],False,False,quarantined_component,EPSG:32651,"[30.0, 0.0, 309290.0, 0.0, -30.0, 3364370.0]"
HB2015_R0096_C0851_P096,v1,sha256:993a6a2d0778440e96115d0ac53d2ae1bb3bf396b1e485bb23674b80f3f5602b,96,851,96,96,"[334820.0, 3358610.0, 337700.0, 3361490.0]","[121.2814589521902, 30.348095188013485, 121.31096515739549, 30.374463677222067]",val,2349,2069,0.2548828125,2167,2063,0.2351345486111111,432,0.046875,37,0.004014756944444444,0.9947916666666666,0.9924045138888888,0.9924045138888888,0.9924045138888888,0.994140625,True,True,True,"[""silver-0001"", ""silver-0010""]","[""weakcand-0001"", ""weakcand-0003""]",False,True,,EPSG:32651,"[30.0, 0.0, 309290.0, 0.0, -30.0, 3364370.0]"
HB2015_R0096_C0864_P096,v1,sha256:993a6a2d0778440e96115d0ac53d2ae1bb3bf396b1e485bb23674b80f3f5602b,96,864,96,96,"[335210.0, 3358610.0, 338090.0, 3361490.0]","[121.28551500528044, 30.34814845263173, 121.31502236094148, 30.374516067419165]",val,2422,2047,0.2628038194444444,2173,2041,0.2357855902777778,516,0.055989583333333336,54,0.005859375,0.9990234375,0.998046875,0.998046875,0.998046875,0.9983723958333334,True,True,True,"[""silver-0001"", ""silver-0010""]","[""weakcand-0001"", ""weakcand-0003"", ""weakcand-0004""]",False,True,,EPSG:32651,"[30.0, 0.0, 309290.0, 0.0, -30.0, 3364370.0]"
HB2015_R0096_C0911_P096,v1,sha256:993a6a2d0778440e96115d0ac53d2ae1bb3bf396b1e485bb23674b80f3f5602b,96,911,96,96,"[336620.0, 3358610.0, 339500.0, 3361490.0]","[121.30017928731635, 30.348339975619055, 121.32969080084092, 30.37470442787971]",val,1537,1239,0.1667751736111111,1358,1239,0.14735243055555555,417,0.045247395833333336,41,0.004448784722222222,1.0,1.0,1.0,1.0,1.0,True,True,True,"[""silver-0001"", ""silver-0009"", ""silver-0010"", ""silver-0012""]","[""weakcand-0003"", ""weakcand-0004""]",False,True,,EPSG:32651,"[30.0, 0.0, 309290.0, 0.0, -30.0, 3364370.0]"
HB2015_R0096_C0912_P096,v1,sha256:993a6a2d0778440e96115d0ac53d2ae1bb3bf396b1e485bb23674b80f3f5602b,96,912,96,96,"[336650.0, 3358610.0, 339530.0, 3361490.0]","[121.30049129484497, 30.348344032719044, 121.33000289680957, 30.37470841767219]",val,1521,1223,0.1650390625,1333,1223,0.14463975694444445,408,0.044270833333333336,41,0.004448784722222222,1.0,1.0,1.0,1.0,1.0,True,True,True,"[""silver-0001"", ""silver-0009"", ""silver-0010"", ""silver-0012""]","[""weakcand-0003"", ""weakcand-0004""]",False,True,,EPSG:32651,"[30.0, 0.0, 309290.0, 0.0, -30.0, 3364370.0]"
HB2015_R0096_C0959_P096,v1,sha256:993a6a2d0778440e96115d0ac53d2ae1bb3bf396b1e485bb23674b80f3f5602b,96,959,96,96,"[338060.0, 3358610.0, 340940.0, 3361490.0]","[121.31515572008291, 30.348533877111848, 121.3446714775474, 30.374895097686036]",val,358,301,0.03884548611111111,334,301,0.03624131944444445,388,0.04210069444444445,0,0.0,0.9676649305555556,0.9578993055555556,0.9578993055555556,0.9578993055555556,0.9568142361111112,True,True,True,"[""silver-0001"", ""silver-0009"", ""silver-0010"", ""silver-0012""]",[],False,True,,EPSG:32651,"[30.0, 0.0, 309290.0, 0.0, -30.0, 3364370.0]"
HB2015_R0144_C0851_P096,v1,sha256:993a6a2d0778440e96115d0ac53d2ae1bb3bf396b1e485bb23674b80f3f5602b,144,851,96,96,"[334820.0, 3357170.0, 337700.0, 3360050.0]","[121.28168590560578, 30.335106291562504, 121.3111884505114, 30.361474633501427]",val,0,0,0.0,0,0,0.0,3659,0.3970269097222222,0,0.0,0.6029730902777778,0.5876736111111112,0.5876736111111112,0.5876736111111112,0.5923394097222222,True,True,True,[],[],False,False,,EPSG:32651,"[30.0, 0.0, 309290.0, 0.0, -30.0, 3364370.0]"
HB2015_R0144_C0864_P096,v1,sha256:993a6a2d0778440e96115d0ac53d2ae1bb3bf396b1e485bb23674b80f3f5602b,144,864,96,96,"[335210.0, 3357170.0, 338090.0, 3360050.0]","[121.2857414236871, 30.33515952863166, 121.31524511830781, 30.361526996615535]",val,0,0,0.0,0,0,0.0,3249,0.3525390625,0,0.0,0.6474609375,0.6304253472222222,0.6304253472222222,0.6304253472222222,0.6343315972222222,True,True,True,[],[],False,False,,EPSG:32651,"[30.0, 0.0, 309290.0, 0.0, -30.0, 3364370.0]"
HB2015_R0144_C0911_P096,v1,sha256:993a6a2d0778440e96115d0ac53d2ae1bb3bf396b1e485bb23674b80f3f5602b,144,911,96,96,"[336620.0, 3357170.0, 339500.0, 3360050.0]","[121.30040377141039, 30.335350952560827, 121.32991162121769, 30.361715259703313]",val,0,0,0.0,0,0,0.0,1731,0.18782552083333334,0,0.0,0.8121744791666666,0.7952473958333334,0.7952473958333334,0.7952473958333334,0.8003472222222222,True,True,True,[],[],False,False,,EPSG:32651,"[30.0, 0.0, 309290.0, 0.0, -30.0, 3364370.0]"
HB2015_R0144_C0912_P096,v1,sha256:993a6a2d0778440e96115d0ac53d2ae1bb3bf396b1e485bb23674b80f3f5602b,144,912,96,96,"[336650.0, 3357170.0, 339530.0, 3360050.0]","[121.30071573778257, 30.335355007562445, 121.33022367597296, 30.361719247433278]",val,0,0,0.0,0,0,0.0,1699,0.1843532986111111,0,0.0,0.8156467013888888,0.798828125,0.798828125,0.798828125,0.8039279513888888,True,True,True,[],[],False,False,,EPSG:32651,"[30.0, 0.0, 309290.0, 0.0, -30.0, 3364370.0]"
HB2015_R0144_C0959_P096,v1,sha256:993a6a2d0778440e96115d0ac53d2ae1bb3bf396b1e485bb23674b80f3f5602b,144,959,96,96,"[338060.0, 3357170.0, 340940.0, 3360050.0]","[121.31537822862893, 30.3355447537649, 121.34489031964347, 30.361905830942693]",val,0,0,0.0,0,0,0.0,482,0.052300347222222224,0,0.0,0.9476996527777778,0.9379340277777778,0.9379340277777778,0.9379340277777778,0.9407552083333334,True,True,True,[],[],False,False,,EPSG:32651,"[30.0, 0.0, 309290.0, 0.0, -30.0, 3364370.0]"
HB2015_R0192_C0851_P096,v1,sha256:993a6a2d0778440e96115d0ac53d2ae1bb3bf396b1e485bb23674b80f3f5602b,192,851,96,96,"[334820.0, 3355730.0, 337700.0, 3358610.0]","[121.28191271123288, 30.322117367752305, 121.31141159824953, 30.348485562458347]",,0,0,0.0,0,0,0.0,8219,0.8918185763888888,0,0.0,0.1081814236111111,0.09526909722222222,0.09526909722222222,0.09526909722222222,0.09819878472222222,False,False,False,[],[],False,False,insufficient_optical_coverage;insufficient_sar_coverage;insufficient_indices_coverage,EPSG:32651,"[30.0, 0.0, 309290.0, 0.0, -30.0, 3364370.0]"
HB2015_R0192_C0864_P096,v1,sha256:993a6a2d0778440e96115d0ac53d2ae1bb3bf396b1e485bb23674b80f3f5602b,192,864,96,96,"[335210.0, 3355730.0, 338090.0, 3358610.0]","[121.28596769465344, 30.3221705772795, 121.31546773064495, 30.348537898496456]",,0,0,0.0,0,0,0.0,7848,0.8515625,0,0.0,0.1484375,0.1323784722222222,0.1323784722222222,0.1323784722222222,0.1359592013888889,False,False,False,[],[],False,False,insufficient_optical_coverage;insufficient_sar_coverage;insufficient_indices_coverage,EPSG:32651,"[30.0, 0.0, 309290.0, 0.0, -30.0, 3364370.0]"
HB2015_R0192_C0911_P096,v1,sha256:993a6a2d0778440e96115d0ac53d2ae1bb3bf396b1e485bb23674b80f3f5602b,192,911,96,96,"[336620.0, 3355730.0, 339500.0, 3358610.0]","[121.30062810932276, 30.322361902176073, 121.33013229782546, 30.348726064236615]",val,0,0,0.0,0,0,0.0,6339,0.6878255208333334,0,0.0,0.3121744791666667,0.2952473958333333,0.2952473958333333,0.2952473958333333,0.3003472222222222,True,True,True,[],[],False,False,,EPSG:32651,"[30.0, 0.0, 309290.0, 0.0, -30.0, 3364370.0]"
HB2015_R0192_C0912_P096,v1,sha256:993a6a2d0778440e96115d0ac53d2ae1bb3bf396b1e485bb23674b80f3f5602b,192,912,96,96,"[336650.0, 3355730.0, 339530.0, 3358610.0]","[121.30094003456529, 30.322365955079825, 121.33044431139417, 30.34873004990459]",val,0,0,0.0,0,0,0.0,6307,0.6843532986111112,0,0.0,0.3156467013888889,0.298828125,0.298828125,0.298828125,0.3039279513888889,True,True,True,[],[],False,False,,EPSG:32651,"[30.0, 0.0, 309290.0, 0.0, -30.0, 3364370.0]"
HB2015_R0192_C0959_P096,v1,sha256:993a6a2d0778440e96115d0ac53d2ae1bb3bf396b1e485bb23674b80f3f5602b,192,959,96,96,"[338060.0, 3355730.0, 340940.0, 3358610.0]","[121.31560059227884, 30.322555603117266, 121.3451090192577, 30.34891653693449]",val,0,0,0.0,0,0,0.0,4783,0.5189887152777778,0,0.0,0.4810112847222222,0.4637586805555556,0.4637586805555556,0.4637586805555556,0.4677734375,True,True,True,[],[],False,False,,EPSG:32651,"[30.0, 0.0, 309290.0, 0.0, -30.0, 3364370.0]"
HB2015_R0240_C0851_P096,v1,sha256:993a6a2d0778440e96115d0ac53d2ae1bb3bf396b1e485bb23674b80f3f5602b,240,851,96,96,"[334820.0, 3354290.0, 337700.0, 3357170.0]","[121.28213936915293, 30.309128416590646, 121.31163460069007, 30.335496464100494]",,0,0,0.0,0,0,0.0,9216,1.0,0,0.0,0.0,0.0,0.0,0.0,0.0,False,False,False,[],[],False,False,insufficient_optical_coverage;insufficient_sar_coverage;insufficient_indices_coverage;too_much_ignore,EPSG:32651,"[30.0, 0.0, 309290.0, 0.0, -30.0, 3364370.0]"
HB2015_R0240_C0864_P096,v1,sha256:993a6a2d0778440e96115d0ac53d2ae1bb3bf396b1e485bb23674b80f3f5602b,240,864,96,96,"[335210.0, 3354290.0, 338090.0, 3357170.0]","[121.28619381826067, 30.309181598582956, 121.31569019803288, 30.335548773069572]",,0,0,0.0,0,0,0.0,9216,1.0,0,0.0,0.0,0.0,0.0,0.0,0.0,False,False,False,[],[],False,False,insufficient_optical_coverage;insufficient_sar_coverage;insufficient_indices_coverage;too_much_ignore,EPSG:32651,"[30.0, 0.0, 309290.0, 0.0, -30.0, 3364370.0]"
HB2015_R0240_C0911_P096,v1,sha256:993a6a2d0778440e96115d0ac53d2ae1bb3bf396b1e485bb23674b80f3f5602b,240,911,96,96,"[336620.0, 3354290.0, 339500.0, 3357170.0]","[121.30085230113404, 30.309372824472458, 121.33035283074356, 30.335736841487247]",,0,0,0.0,0,0,0.0,9216,1.0,0,0.0,0.0,0.0,0.0,0.0,0.0,False,False,False,[],[],False,False,insufficient_optical_coverage;insufficient_sar_coverage;insufficient_indices_coverage;too_much_ignore,EPSG:32651,"[30.0, 0.0, 309290.0, 0.0, -30.0, 3364370.0]"
HB2015_R0240_C0912_P096,v1,sha256:993a6a2d0778440e96115d0ac53d2ae1bb3bf396b1e485bb23674b80f3f5602b,240,912,96,96,"[336650.0, 3354290.0, 339530.0, 3357170.0]","[121.3011641852737, 30.309376875278907, 121.33066480315252, 30.335740825093747]",,0,0,0.0,0,0,0.0,9216,1.0,0,0.0,0.0,0.0,0.0,0.0,0.0,False,False,False,[],[],False,False,insufficient_optical_coverage;insufficient_sar_coverage;insufficient_indices_coverage;too_much_ignore,EPSG:32651,"[30.0, 0.0, 309290.0, 0.0, -30.0, 3364370.0]"
HB2015_R0240_C0959_P096,v1,sha256:993a6a2d0778440e96115d0ac53d2ae1bb3bf396b1e485bb23674b80f3f5602b,240,959,96,96,"[338060.0, 3354290.0, 340940.0, 3357170.0]","[121.31582281111251, 30.309566425176644, 121.34532757646865, 30.33592721566906]",,0,0,0.0,0,0,0.0,8909,0.9666883680555556,0,0.0,0.03331163194444445,0.025824652777777776,0.025824652777777776,0.025824652777777776,0.027018229166666668,False,False,False,[],[],False,False,insufficient_optical_coverage;insufficient_sar_coverage;insufficient_indices_coverage;too_much_ignore,EPSG:32651,"[30.0, 0.0, 309290.0, 0.0, -30.0, 3364370.0]"
HB2015_R0288_C0851_P096,v1,sha256:993a6a2d0778440e96115d0ac53d2ae1bb3bf396b1e485bb23674b80f3f5602b,288,851,96,96,"[334820.0, 3352850.0, 337700.0, 3355730.0]","[121.28236587944731, 30.296139438085213, 121.3118574579131, 30.322507338435507]",,0,0,0.0,0,0,0.0,9216,1.0,0,0.0,0.0,0.0,0.0,0.0,0.0,False,False,False,[],[],False,False,insufficient_optical_coverage;insufficient_sar_coverage;insufficient_indices_coverage;too_much_ignore,EPSG:32651,"[30.0, 0.0, 309290.0, 0.0, -30.0, 3364370.0]"
HB2015_R0288_C0864_P096,v1,sha256:993a6a2d0778440e96115d0ac53d2ae1bb3bf396b1e485bb23674b80f3f5602b,288,864,96,96,"[335210.0, 3352850.0, 338090.0, 3355730.0]","[121.28641979458996, 30.296192592549748, 121.31591252055149, 30.322559620342563]",,0,0,0.0,0,0,0.0,9216,1.0,0,0.0,0.0,0.0,0.0,0.0,0.0,False,False,False,[],[],False,False,insufficient_optical_coverage;insufficient_sar_coverage;insufficient_indices_coverage;too_much_ignore,EPSG:32651,"[30.0, 0.0, 309290.0, 0.0, -30.0, 3364370.0]"
HB2015_R0288_C0911_P096,v1,sha256:993a6a2d0778440e96115d0ac53d2ae1bb3bf396b1e485bb23674b80f3f5602b,288,911,96,96,"[336620.0, 3352850.0, 339500.0, 3355730.0]","[121.30107634692472, 30.296383719457666, 121.33057322005116, 30.322747591462825]",,0,0,0.0,0,0,0.0,9216,1.0,0,0.0,0.0,0.0,0.0,0.0,0.0,False,False,False,[],[],False,False,insufficient_optical_coverage;insufficient_sar_coverage;insufficient_indices_coverage;too_much_ignore,EPSG:32651,"[30.0, 0.0, 309290.0, 0.0, -30.0, 3364370.0]"
HB2015_R0288_C0912_P096,v1,sha256:993a6a2d0778440e96115d0ac53d2ae1bb3bf396b1e485bb23674b80f3f5602b,288,912,96,96,"[336650.0, 3352850.0, 339530.0, 3355730.0]","[121.30138818998824, 30.29638776816735, 121.33088515132715, 30.322751573008418]",,0,0,0.0,0,0,0.0,9216,1.0,0,0.0,0.0,0.0,0.0,0.0,0.0,False,False,False,[],[],False,False,insufficient_optical_coverage;insufficient_sar_coverage;insufficient_indices_coverage;too_much_ignore,EPSG:32651,"[30.0, 0.0, 309290.0, 0.0, -30.0, 3364370.0]"
HB2015_R0288_C0959_P096,v1,sha256:993a6a2d0778440e96115d0ac53d2ae1bb3bf396b1e485bb23674b80f3f5602b,288,959,96,96,"[338060.0, 3352850.0, 340940.0, 3355730.0]","[121.3160448852097, 30.296577219950656, 121.3455459913548, 30.322937867153986]",,0,0,0.0,0,0,0.0,9216,1.0,0,0.0,0.0,0.0,0.0,0.0,0.0,False,False,False,[],[],False,False,insufficient_optical_coverage;insufficient_sar_coverage;insufficient_indices_coverage;too_much_ignore,EPSG:32651,"[30.0, 0.0, 309290.0, 0.0, -30.0, 3364370.0]"
HB2015_R0336_C0851_P096,v1,sha256:993a6a2d0778440e96115d0ac53d2ae1bb3bf396b1e485bb23674b80f3f5602b,336,851,96,96,"[334820.0, 3351410.0, 337700.0, 3354290.0]","[121.28259224219728, 30.283150432243715, 121.31208016999871, 30.30951818547108]",,0,0,0.0,0,0,0.0,9216,1.0,0,0.0,0.0,0.0,0.0,0.0,0.0,False,False,False,[],[],False,False,insufficient_optical_coverage;insufficient_sar_coverage;insufficient_indices_coverage;too_much_ignore,EPSG:32651,"[30.0, 0.0, 309290.0, 0.0, -30.0, 3364370.0]"
HB2015_R0336_C0864_P096,v1,sha256:993a6a2d0778440e96115d0ac53d2ae1bb3bf396b1e485bb23674b80f3f5602b,336,864,96,96,"[335210.0, 3351410.0, 338090.0, 3354290.0]","[121.28664562372242, 30.283203559187566, 121.31613469828059, 30.30957044032307]",,0,0,0.0,0,0,0.0,9216,1.0,0,0.0,0.0,0.0,0.0,0.0,0.0,False,False,False,[],[],False,False,insufficient_optical_coverage;insufficient_sar_coverage;insufficient_indices_coverage;too_much_ignore,EPSG:32651,"[30.0, 0.0, 309290.0, 0.0, -30.0, 3364370.0]"
HB2015_R0336_C0911_P096,v1,sha256:993a6a2d0778440e96115d0ac53d2ae1bb3bf396b1e485bb23674b80f3f5602b,336,911,96,96,"[336620.0, 3351410.0, 339500.0, 3354290.0]","[121.30130024677516, 30.283394587139412, 121.33079346582744, 30.309758314171038]",,0,0,0.0,0,0,0.0,9216,1.0,0,0.0,0.0,0.0,0.0,0.0,0.0,False,False,False,[],[],False,False,insufficient_optical_coverage;insufficient_sar_coverage;insufficient_indices_coverage;too_much_ignore,EPSG:32651,"[30.0, 0.0, 309290.0, 0.0, -30.0, 3364370.0]"
HB2015_R0336_C0912_P096,v1,sha256:993a6a2d0778440e96115d0ac53d2ae1bb3bf396b1e485bb23674b80f3f5602b,336,912,96,96,"[336650.0, 3351410.0, 339530.0, 3354290.0]","[121.3016120487893, 30.283398633752874, 121.33110535599722, 30.309762293656224]",,0,0,0.0,0,0,0.0,9216,1.0,0,0.0,0.0,0.0,0.0,0.0,0.0,False,False,False,[],[],False,False,insufficient_optical_coverage;insufficient_sar_coverage;insufficient_indices_coverage;too_much_ignore,EPSG:32651,"[30.0, 0.0, 309290.0, 0.0, -30.0, 3364370.0]"
HB2015_R0336_C0959_P096,v1,sha256:993a6a2d0778440e96115d0ac53d2ae1bb3bf396b1e485bb23674b80f3f5602b,336,959,96,96,"[338060.0, 3351410.0, 340940.0, 3354290.0]","[121.31626681465008, 30.283587987447014, 121.34576426399464, 30.309948491396927]",,0,0,0.0,0,0,0.0,9216,1.0,0,0.0,0.0,0.0,0.0,0.0,0.0,False,False,False,[],[],False,False,insufficient_optical_coverage;insufficient_sar_coverage;insufficient_indices_coverage;too_much_ignore,EPSG:32651,"[30.0, 0.0, 309290.0, 0.0, -30.0, 3364370.0]"
HB2015_R0357_C0851_P096,v1,sha256:993a6a2d0778440e96115d0ac53d2ae1bb3bf396b1e485bb23674b80f3f5602b,357,851,96,96,"[334820.0, 3350780.0, 337700.0, 3353660.0]","[121.28269122952533, 30.27746773359414, 121.31217756091763, 30.303835422466694]",,0,0,0.0,0,0,0.0,9216,1.0,0,0.0,0.0,0.0,0.0,0.0,0.0,False,False,False,[],[],False,False,insufficient_optical_coverage;insufficient_sar_coverage;insufficient_indices_coverage;too_much_ignore,EPSG:32651,"[30.0, 0.0, 309290.0, 0.0, -30.0, 3364370.0]"
HB2015_R0357_C0864_P096,v1,sha256:993a6a2d0778440e96115d0ac53d2ae1bb3bf396b1e485bb23674b80f3f5602b,357,864,96,96,"[335210.0, 3350780.0, 338090.0, 3353660.0]","[121.28674437770205, 30.2775208484999, 121.31623185552796, 30.3038876654843]",,0,0,0.0,0,0,0.0,9216,1.0,0,0.0,0.0,0.0,0.0,0.0,0.0,False,False,False,[],[],False,False,insufficient_optical_coverage;insufficient_sar_coverage;insufficient_indices_coverage;too_much_ignore,EPSG:32651,"[30.0, 0.0, 309290.0, 0.0, -30.0, 3364370.0]"
HB2015_R0357_C0911_P096,v1,sha256:993a6a2d0778440e96115d0ac53d2ae1bb3bf396b1e485bb23674b80f3f5602b,357,911,96,96,"[336620.0, 3350780.0, 339500.0, 3353660.0]","[121.30139815708891, 30.277711833166478, 121.3308897782409, 30.30407549678351]",,0,0,0.0,0,0,0.0,9216,1.0,0,0.0,0.0,0.0,0.0,0.0,0.0,False,False,False,[],[],False,False,insufficient_optical_coverage;insufficient_sar_coverage;insufficient_indices_coverage;too_much_ignore,EPSG:32651,"[30.0, 0.0, 309290.0, 0.0, -30.0, 3364370.0]"
HB2015_R0357_C0912_P096,v1,sha256:993a6a2d0778440e96115d0ac53d2ae1bb3bf396b1e485bb23674b80f3f5602b,357,912,96,96,"[336650.0, 3350780.0, 339530.0, 3353660.0]","[121.30170994115231, 30.277715878863017, 121.3312016504351, 30.30407947536744]",,0,0,0.0,0,0,0.0,9216,1.0,0,0.0,0.0,0.0,0.0,0.0,0.0,False,False,False,[],[],False,False,insufficient_optical_coverage;insufficient_sar_coverage;insufficient_indices_coverage;too_much_ignore,EPSG:32651,"[30.0, 0.0, 309290.0, 0.0, -30.0, 3364370.0]"
HB2015_R0357_C0959_P096,v1,sha256:993a6a2d0778440e96115d0ac53d2ae1bb3bf396b1e485bb23674b80f3f5602b,357,959,96,96,"[338060.0, 3350780.0, 340940.0, 3353660.0]","[121.31636386331282, 30.277905189651086, 121.34585971356476, 30.304265630938826]",,0,0,0.0,0,0,0.0,9216,1.0,0,0.0,0.0,0.0,0.0,0.0,0.0,False,False,False,[],[],False,False,insufficient_optical_coverage;insufficient_sar_coverage;insufficient_indices_coverage;too_much_ignore,EPSG:32651,"[30.0, 0.0, 309290.0, 0.0, -30.0, 3364370.0]"
HB2015_R0384_C0851_P096,v1,sha256:993a6a2d0778440e96115d0ac53d2ae1bb3bf396b1e485bb23674b80f3f5602b,384,851,96,96,"[334820.0, 3349970.0, 337700.0, 3352850.0]","[121.28281845748405, 30.270161399073903, 121.31230273702674, 30.296529005214875]",,0,0,0.0,0,0,0.0,9216,1.0,0,0.0,0.0,0.0,0.0,0.0,0.0,False,False,False,[],[],False,False,insufficient_optical_coverage;insufficient_sar_coverage;insufficient_indices_coverage;too_much_ignore,EPSG:32651,"[30.0, 0.0, 309290.0, 0.0, -30.0, 3364370.0]"
HB2015_R0384_C0864_P096,v1,sha256:993a6a2d0778440e96115d0ac53d2ae1bb3bf396b1e485bb23674b80f3f5602b,384,864,96,96,"[335210.0, 3349970.0, 338090.0, 3352850.0]","[121.28687130573904, 30.270214498504142, 121.31635673129998, 30.29658123301878]",,0,0,0.0,0,0,0.0,9216,1.0,0,0.0,0.0,0.0,0.0,0.0,0.0,False,False,False,[],[],False,False,insufficient_optical_coverage;insufficient_sar_coverage;insufficient_indices_coverage;too_much_ignore,EPSG:32651,"[30.0, 0.0, 309290.0, 0.0, -30.0, 3364370.0]"
HB2015_R0384_C0911_P096,v1,sha256:993a6a2d0778440e96115d0ac53d2ae1bb3bf396b1e485bb23674b80f3f5602b,384,911,96,96,"[336620.0, 3349970.0, 339500.0, 3352850.0]","[121.30152400076571, 30.270405427525375, 121.33101356815146, 30.296769009619496]",,0,0,0.0,0,0,0.0,9216,1.0,0,0.0,0.0,0.0,0.0,0.0,0.0,False,False,False,[],[],False,False,insufficient_optical_coverage;insufficient_sar_coverage;insufficient_indices_coverage;too_much_ignore,EPSG:32651,"[30.0, 0.0, 309290.0, 0.0, -30.0, 3364370.0]"
HB2015_R0384_C0912_P096,v1,sha256:993a6a2d0778440e96115d0ac53d2ae1bb3bf396b1e485bb23674b80f3f5602b,384,912,96,96,"[336650.0, 3349970.0, 339530.0, 3352850.0]","[121.30183576175716, 30.270409472043145, 121.33132541724179, 30.29677298704481]",,0,0,0.0,0,0,0.0,9216,1.0,0,0.0,0.0,0.0,0.0,0.0,0.0,False,False,False,[],[],False,False,insufficient_optical_coverage;insufficient_sar_coverage;insufficient_indices_coverage;too_much_ignore,EPSG:32651,"[30.0, 0.0, 309290.0, 0.0, -30.0, 3364370.0]"
HB2015_R0384_C0959_P096,v1,sha256:993a6a2d0778440e96115d0ac53d2ae1bb3bf396b1e485bb23674b80f3f5602b,384,959,96,96,"[338060.0, 3349970.0, 340940.0, 3352850.0]","[121.3164885995133, 30.270598727673374, 121.34598239446649, 30.29695908840548]",,0,0,0.0,0,0,0.0,9216,1.0,0,0.0,0.0,0.0,0.0,0.0,0.0,False,False,False,[],[],False,False,insufficient_optical_coverage;insufficient_sar_coverage;insufficient_indices_coverage;too_much_ignore,EPSG:32651,"[30.0, 0.0, 309290.0, 0.0, -30.0, 3364370.0]"
HB2015_R0405_C0851_P096,v1,sha256:993a6a2d0778440e96115d0ac53d2ae1bb3bf396b1e485bb23674b80f3f5602b,405,851,96,96,"[334820.0, 3349340.0, 337700.0, 3352220.0]","[121.28291738032247, 30.264478688470604, 121.31240006450815, 30.290846230272763]",,0,0,0.0,0,0,0.0,9216,1.0,0,0.0,0.0,0.0,0.0,0.0,0.0,False,False,False,[],[],False,False,insufficient_optical_coverage;insufficient_sar_coverage;insufficient_indices_coverage;too_much_ignore,EPSG:32651,"[30.0, 0.0, 309290.0, 0.0, -30.0, 3364370.0]"
HB2015_R0405_C0864_P096,v1,sha256:993a6a2d0778440e96115d0ac53d2ae1bb3bf396b1e485bb23674b80f3f5602b,405,864,96,96,"[335210.0, 3349340.0, 338090.0, 3352220.0]","[121.28696999538099, 30.264531775865862, 121.31645382526192, 30.29089844624532]",,0,0,0.0,0,0,0.0,9216,1.0,0,0.0,0.0,0.0,0.0,0.0,0.0,False,False,False,[],[],False,False,insufficient_optical_coverage;insufficient_sar_coverage;insufficient_indices_coverage;too_much_ignore,EPSG:32651,"[30.0, 0.0, 309290.0, 0.0, -30.0, 3364370.0]"
HB2015_R0405_C0911_P096,v1,sha256:993a6a2d0778440e96115d0ac53d2ae1bb3bf396b1e485bb23674b80f3f5602b,405,911,96,96,"[336620.0, 3349340.0, 339500.0, 3352220.0]","[121.30162184729097, 30.264722661612957, 121.33110981782937, 30.291086180308238]",,0,0,0.0,0,0,0.0,9216,1.0,0,0.0,0.0,0.0,0.0,0.0,0.0,False,False,False,[],[],False,False,insufficient_optical_coverage;insufficient_sar_coverage;insufficient_indices_coverage;too_much_ignore,EPSG:32651,"[30.0, 0.0, 309290.0, 0.0, -30.0, 3364370.0]"
HB2015_R0405_C0912_P096,v1,sha256:993a6a2d0778440e96115d0ac53d2ae1bb3bf396b1e485bb23674b80f3f5602b,405,912,96,96,"[336650.0, 3349340.0, 339530.0, 3352220.0]","[121.30193359034341, 30.264726705214038, 121.33142164895585, 30.291090156832524]",,0,0,0.0,0,0,0.0,9216,1.0,0,0.0,0.0,0.0,0.0,0.0,0.0,False,False,False,[],[],False,False,insufficient_optical_coverage;insufficient_sar_coverage;insufficient_indices_coverage;too_much_ignore,EPSG:32651,"[30.0, 0.0, 309290.0, 0.0, -30.0, 3364370.0]"
HB2015_R0405_C0959_P096,v1,sha256:993a6a2d0778440e96115d0ac53d2ae1bb3bf396b1e485bb23674b80f3f5602b,405,959,96,96,"[338060.0, 3349340.0, 340940.0, 3352220.0]","[121.31658558494856, 30.26491591794923, 121.34607778186275, 30.29127621603475]",,0,0,0.0,0,0,0.0,9216,1.0,0,0.0,0.0,0.0,0.0,0.0,0.0,False,False,False,[],[],False,False,insufficient_optical_coverage;insufficient_sar_coverage;insufficient_indices_coverage;too_much_ignore,EPSG:32651,"[30.0, 0.0, 309290.0, 0.0, -30.0, 3364370.0]"
HB2015_R0000_C1151_P096,v1,sha256:993a6a2d0778440e96115d0ac53d2ae1bb3bf396b1e485bb23674b80f3f5602b,0,1151,96,96,"[343820.0, 3361490.0, 346700.0, 3364370.0]","[121.37463325735392, 30.37527128846478, 121.40417332840971, 30.401619836506764]",,0,0,0.0,0,0,0.0,9216,1.0,0,0.0,0.0,0.0,0.0,0.0,0.0,False,False,False,[],[],False,False,insufficient_optical_coverage;insufficient_sar_coverage;insufficient_indices_coverage;too_much_ignore,EPSG:32651,"[30.0, 0.0, 309290.0, 0.0, -30.0, 3364370.0]"
HB2015_R0000_C1152_P096,v1,sha256:993a6a2d0778440e96115d0ac53d2ae1bb3bf396b1e485bb23674b80f3f5602b,0,1152,96,96,"[343850.0, 3361490.0, 346730.0, 3364370.0]","[121.37494536219151, 30.37527517098925, 121.40448552154922, 30.40162365145507]",,0,0,0.0,0,0,0.0,9216,1.0,0,0.0,0.0,0.0,0.0,0.0,0.0,False,False,False,[],[],False,False,insufficient_optical_coverage;insufficient_sar_coverage;insufficient_indices_coverage;too_much_ignore,EPSG:32651,"[30.0, 0.0, 309290.0, 0.0, -30.0, 3364370.0]"
HB2015_R0000_C1196_P096,v1,sha256:993a6a2d0778440e96115d0ac53d2ae1bb3bf396b1e485bb23674b80f3f5602b,0,1196,96,96,"[345170.0, 3361490.0, 348050.0, 3364370.0]","[121.38867803501861, 30.375445264553868, 121.41822207861802, 30.40179077085725]",,0,0,0.0,0,0,0.0,9216,1.0,0,0.0,0.0,0.0,0.0,0.0,0.0,False,False,False,[],[],False,False,insufficient_optical_coverage;insufficient_sar_coverage;insufficient_indices_coverage;too_much_ignore,EPSG:32651,"[30.0, 0.0, 309290.0, 0.0, -30.0, 3364370.0]"
HB2015_R0048_C1151_P096,v1,sha256:993a6a2d0778440e96115d0ac53d2ae1bb3bf396b1e485bb23674b80f3f5602b,48,1151,96,96,"[343820.0, 3360050.0, 346700.0, 3362930.0]","[121.37484814265339, 30.362281827248133, 121.40438453149648, 30.3886302387178]",,0,0,0.0,0,0,0.0,9216,1.0,0,0.0,0.0,0.0,0.0,0.0,0.0,False,False,False,[],[],False,False,insufficient_optical_coverage;insufficient_sar_coverage;insufficient_indices_coverage;too_much_ignore,EPSG:32651,"[30.0, 0.0, 309290.0, 0.0, -30.0, 3364370.0]"
HB2015_R0048_C1152_P096,v1,sha256:993a6a2d0778440e96115d0ac53d2ae1bb3bf396b1e485bb23674b80f3f5602b,48,1152,96,96,"[343850.0, 3360050.0, 346730.0, 3362930.0]","[121.37516020627274, 30.362285707765515, 121.40469668336085, 30.388634051694947]",,0,0,0.0,0,0,0.0,9216,1.0,0,0.0,0.0,0.0,0.0,0.0,0.0,False,False,False,[],[],False,False,insufficient_optical_coverage;insufficient_sar_coverage;insufficient_indices_coverage;too_much_ignore,EPSG:32651,"[30.0, 0.0, 309290.0, 0.0, -30.0, 3364370.0]"
HB2015_R0048_C1196_P096,v1,sha256:993a6a2d0778440e96115d0ac53d2ae1bb3bf396b1e485bb23674b80f3f5602b,48,1196,96,96,"[345170.0, 3360050.0, 348050.0, 3362930.0]","[121.38889106546299, 30.362455713399097, 121.41843142429079, 30.388801084747605]",,0,0,0.0,0,0,0.0,9216,1.0,0,0.0,0.0,0.0,0.0,0.0,0.0,False,False,False,[],[],False,False,insufficient_optical_coverage;insufficient_sar_coverage;insufficient_indices_coverage;too_much_ignore,EPSG:32651,"[30.0, 0.0, 309290.0, 0.0, -30.0, 3364370.0]"
HB2015_R0096_C1151_P096,v1,sha256:993a6a2d0778440e96115d0ac53d2ae1bb3bf396b1e485bb23674b80f3f5602b,96,1151,96,96,"[343820.0, 3358610.0, 346700.0, 3361490.0]","[121.37506288804546, 30.349292338816845, 121.40459559709889, 30.375640613748438]",,19,4,0.0020616319444444445,4,4,0.00043402777777777775,8573,0.9302300347222222,0,0.0,0.07139756944444445,0.06163194444444445,0.06163194444444445,0.06163194444444445,0.06282552083333333,False,False,False,[],[],False,False,insufficient_optical_coverage;insufficient_sar_coverage;insufficient_indices_coverage;too_much_ignore,EPSG:32651,"[30.0, 0.0, 309290.0, 0.0, -30.0, 3364370.0]"
HB2015_R0096_C1152_P096,v1,sha256:993a6a2d0778440e96115d0ac53d2ae1bb3bf396b1e485bb23674b80f3f5602b,96,1152,96,96,"[343850.0, 3358610.0, 346730.0, 3361490.0]","[121.37537491047335, 30.34929621732764, 121.40490770771494, 30.375644424754938]",,11,1,0.001193576388888889,1,1,0.00010850694444444444,8606,0.9338107638888888,0,0.0,0.06727430555555555,0.05772569444444445,0.05772569444444445,0.05772569444444445,0.05881076388888889,False,False,False,[],[],False,False,insufficient_optical_coverage;insufficient_sar_coverage;insufficient_indices_coverage;too_much_ignore,EPSG:32651,"[30.0, 0.0, 309290.0, 0.0, -30.0, 3364370.0]"
HB2015_R0096_C1196_P096,v1,sha256:993a6a2d0778440e96115d0ac53d2ae1bb3bf396b1e485bb23674b80f3f5602b,96,1196,96,96,"[345170.0, 3358610.0, 348050.0, 3361490.0]","[121.38910395720683, 30.349466135052907, 121.41864063368753, 30.375811371480417]",,0,0,0.0,0,0,0.0,9216,1.0,0,0.0,0.0,0.0,0.0,0.0,0.0,False,False,False,[],[],False,False,insufficient_optical_coverage;insufficient_sar_coverage;insufficient_indices_coverage;too_much_ignore,EPSG:32651,"[30.0, 0.0, 309290.0, 0.0, -30.0, 3364370.0]"
HB2015_R0144_C1151_P096,v1,sha256:993a6a2d0778440e96115d0ac53d2ae1bb3bf396b1e485bb23674b80f3f5602b,144,1151,96,96,"[343820.0, 3357170.0, 346700.0, 3360050.0]","[121.37527749360731, 30.33630282317849, 121.40480652529283, 30.3626509616062]",test,780,496,0.08463541666666667,473,457,0.051323784722222224,6465,0.7014973958333334,14,0.0015190972222222222,0.3310546875,0.3081597222222222,0.3081597222222222,0.3081597222222222,0.3080512152777778,True,True,True,"[""silver-0015""]","[""weakcand-0021""]",False,True,,EPSG:32651,"[30.0, 0.0, 309290.0, 0.0, -30.0, 3364370.0]"
HB2015_R0144_C1152_P096,v1,sha256:993a6a2d0778440e96115d0ac53d2ae1bb3bf396b1e485bb23674b80f3f5602b,144,1152,96,96,"[343850.0, 3357170.0, 346730.0, 3360050.0]","[121.37558947487055, 30.33630669968324, 121.40511859468744, 30.362654770642564]",test,735,457,0.07975260416666667,434,418,0.04709201388888889,6545,0.7101779513888888,14,0.0015190972222222222,0.3217230902777778,0.2990451388888889,0.2990451388888889,0.2990451388888889,0.298828125,True,True,True,"[""silver-0015""]","[""weakcand-0021""]",False,True,,EPSG:32651,"[30.0, 0.0, 309290.0, 0.0, -30.0, 3364370.0]"
HB2015_R0144_C1196_P096,v1,sha256:993a6a2d0778440e96115d0ac53d2ae1bb3bf396b1e485bb23674b80f3f5602b,144,1196,96,96,"[345170.0, 3357170.0, 348050.0, 3360050.0]","[121.38931671032665, 30.336476529522876, 121.41884970688348, 30.36282163106316]",,0,0,0.0,0,0,0.0,8867,0.9621310763888888,0,0.0,0.03786892361111111,0.029947916666666668,0.029947916666666668,0.029947916666666668,0.029079861111111112,False,False,False,[],[],False,False,insufficient_optical_coverage;insufficient_sar_coverage;insufficient_indices_coverage;too_much_ignore,EPSG:32651,"[30.0, 0.0, 309290.0, 0.0, -30.0, 3364370.0]"
HB2015_R0192_C1151_P096,v1,sha256:993a6a2d0778440e96115d0ac53d2ae1bb3bf396b1e485bb23674b80f3f5602b,192,1151,96,96,"[343820.0, 3355730.0, 346700.0, 3358610.0]","[121.37549195941601, 30.323313280340646, 121.4050173161541, 30.349661282298626]",test,1814,1242,0.1968315972222222,1298,1202,0.1408420138888889,3415,0.3705512152777778,67,0.007269965277777778,0.7019314236111112,0.6770833333333334,0.6770833333333334,0.6770833333333334,0.6762152777777778,True,True,True,"[""silver-0015"", ""silver-0018"", ""silver-0023"", ""silver-0024""]","[""weakcand-0021"", ""weakcand-0027"", ""weakcand-0032"", ""weakcand-0036""]",False,True,,EPSG:32651,"[30.0, 0.0, 309290.0, 0.0, -30.0, 3364370.0]"
HB2015_R0192_C1152_P096,v1,sha256:993a6a2d0778440e96115d0ac53d2ae1bb3bf396b1e485bb23674b80f3f5602b,192,1152,96,96,"[343850.0, 3355730.0, 346730.0, 3358610.0]","[121.3758038995414, 30.323317154839856, 121.40532934435409, 30.349665089365363]",test,1775,1206,0.1925998263888889,1261,1166,0.13682725694444445,3497,0.3794487847222222,66,0.007161458333333333,0.6925998263888888,0.6676432291666666,0.6676432291666666,0.6676432291666666,0.6666666666666666,True,True,True,"[""silver-0015"", ""silver-0018"", ""silver-0023"", ""silver-0024""]","[""weakcand-0021"", ""weakcand-0027"", ""weakcand-0032"", ""weakcand-0036""]",False,True,,EPSG:32651,"[30.0, 0.0, 309290.0, 0.0, -30.0, 3364370.0]"
HB2015_R0192_C1196_P096,v1,sha256:993a6a2d0778440e96115d0ac53d2ae1bb3bf396b1e485bb23674b80f3f5602b,192,1196,96,96,"[345170.0, 3355730.0, 348050.0, 3358610.0]","[121.3895293248989, 30.323486896816533, 121.4190586439538, 30.349831863503358]",,451,272,0.04893663194444445,290,272,0.03146701388888889,7107,0.7711588541666666,0,0.0,0.2502170138888889,0.22981770833333334,0.22981770833333334,0.22981770833333334,0.2287326388888889,True,False,False,[],[],False,False,insufficient_sar_coverage;insufficient_indices_coverage,EPSG:32651,"[30.0, 0.0, 309290.0, 0.0, -30.0, 3364370.0]"
HB2015_R0240_C1151_P096,v1,sha256:993a6a2d0778440e96115d0ac53d2ae1bb3bf396b1e485bb23674b80f3f5602b,240,1151,96,96,"[343820.0, 3354290.0, 346700.0, 3357170.0]","[121.37570628554857, 30.310323710310907, 121.40522796975849, 30.336671575833254]",test,1274,865,0.1382378472222222,1048,870,0.11371527777777778,4315,0.4682074652777778,167,0.018120659722222224,0.5954861111111112,0.5681423611111112,0.5681423611111112,0.5681423611111112,0.5728081597222222,True,True,True,"[""silver-0015"", ""silver-0018"", ""silver-0023"", ""silver-0024"", ""silver-0025""]","[""weakcand-0021"", ""weakcand-0027"", ""weakcand-0032"", ""weakcand-0036"", ""weakcand-0056"", ""weakcand-0060""]",False,True,,EPSG:32651,"[30.0, 0.0, 309290.0, 0.0, -30.0, 3364370.0]"
HB2015_R0240_C1152_P096,v1,sha256:993a6a2d0778440e96115d0ac53d2ae1bb3bf396b1e485bb23674b80f3f5602b,240,1152,96,96,"[343850.0, 3354290.0, 346730.0, 3357170.0]","[121.37601818456287, 30.310327582805087, 121.40553995679062, 30.336675380930878]",test,1284,870,0.13932291666666666,1055,875,0.1144748263888889,4329,0.4697265625,169,0.018337673611111112,0.5947265625,0.5670572916666666,0.5670572916666666,0.5670572916666666,0.5717230902777778,True,True,True,"[""silver-0015"", ""silver-0018"", ""silver-0023"", ""silver-0024"", ""silver-0025""]","[""weakcand-0021"", ""weakcand-0027"", ""weakcand-0032"", ""weakcand-0036"", ""weakcand-0056"", ""weakcand-0060""]",False,True,,EPSG:32651,"[30.0, 0.0, 309290.0, 0.0, -30.0, 3364370.0]"
HB2015_R0240_C1196_P096,v1,sha256:993a6a2d0778440e96115d0ac53d2ae1bb3bf396b1e485bb23674b80f3f5602b,240,1196,96,96,"[345170.0, 3354290.0, 348050.0, 3357170.0]","[121.3897418009999, 30.310497236941455, 121.41926744497357, 30.336842068808547]",test,785,439,0.0851779513888889,604,457,0.06553819444444445,5797,0.6290147569444444,157,0.017035590277777776,0.4237196180555556,0.3840060763888889,0.3840060763888889,0.3840060763888889,0.3881293402777778,True,True,True,"[""silver-0015"", ""silver-0023"", ""silver-0024"", ""silver-0025""]","[""weakcand-0056"", ""weakcand-0060"", ""weakcand-0069""]",False,True,,EPSG:32651,"[30.0, 0.0, 309290.0, 0.0, -30.0, 3364370.0]"
HB2015_R0288_C1151_P096,v1,sha256:993a6a2d0778440e96115d0ac53d2ae1bb3bf396b1e485bb23674b80f3f5602b,288,1151,96,96,"[343820.0, 3352850.0, 346700.0, 3355730.0]","[121.37592047208196, 30.297334113096852, 121.40543848618164, 30.323681842217614]",,221,115,0.023980034722222224,219,121,0.023763020833333332,8008,0.8689236111111112,114,0.012369791666666666,0.15321180555555555,0.13758680555555555,0.13758680555555555,0.13758680555555555,0.1418185763888889,False,False,False,[],[],False,False,insufficient_optical_coverage;insufficient_sar_coverage;insufficient_indices_coverage,EPSG:32651,"[30.0, 0.0, 309290.0, 0.0, -30.0, 3364370.0]"
HB2015_R0288_C1152_P096,v1,sha256:993a6a2d0778440e96115d0ac53d2ae1bb3bf396b1e485bb23674b80f3f5602b,288,1152,96,96,"[343850.0, 3352850.0, 346730.0, 3355730.0]","[121.37623233001193, 30.297337983586527, 121.40575043207272, 30.323685645346625]",,233,120,0.025282118055555556,227,126,0.024631076388888888,7987,0.8666449652777778,117,0.0126953125,0.15657552083333334,0.14073350694444445,0.14073350694444445,0.14073350694444445,0.1450737847222222,False,False,False,[],[],False,False,insufficient_optical_coverage;insufficient_sar_coverage;insufficient_indices_coverage,EPSG:32651,"[30.0, 0.0, 309290.0, 0.0, -30.0, 3364370.0]"
HB2015_R0288_C1196_P096,v1,sha256:993a6a2d0778440e96115d0ac53d2ae1bb3bf396b1e485bb23674b80f3f5602b,288,1196,96,96,"[345170.0, 3352850.0, 348050.0, 3355730.0]","[121.38995413870593, 30.29750754990521, 121.4194761100178, 30.323852246986213]",,334,167,0.03624131944444445,314,185,0.03407118055555555,7557,0.8199869791666666,157,0.017035590277777776,0.2113715277777778,0.1841362847222222,0.1841362847222222,0.1841362847222222,0.1884765625,False,False,False,[],[],False,False,insufficient_optical_coverage;insufficient_sar_coverage;insufficient_indices_coverage,EPSG:32651,"[30.0, 0.0, 309290.0, 0.0, -30.0, 3364370.0]"
HB2015_R0336_C1151_P096,v1,sha256:993a6a2d0778440e96115d0ac53d2ae1bb3bf396b1e485bb23674b80f3f5602b,336,1151,96,96,"[343820.0, 3351410.0, 346700.0, 3354290.0]","[121.376134519093, 30.28434448870606, 121.40564886549916, 30.31069208145927]",,0,0,0.0,0,0,0.0,9216,1.0,0,0.0,0.0,0.0,0.0,0.0,0.0,False,False,False,[],[],False,False,insufficient_optical_coverage;insufficient_sar_coverage;insufficient_indices_coverage;too_much_ignore,EPSG:32651,"[30.0, 0.0, 309290.0, 0.0, -30.0, 3364370.0]"
HB2015_R0336_C1152_P096,v1,sha256:993a6a2d0778440e96115d0ac53d2ae1bb3bf396b1e485bb23674b80f3f5602b,336,1152,96,96,"[343850.0, 3351410.0, 346730.0, 3354290.0]","[121.37644633596543, 30.284348357191753, 121.40596077027601, 30.310695882620166]",,0,0,0.0,0,0,0.0,9216,1.0,0,0.0,0.0,0.0,0.0,0.0,0.0,False,False,False,[],[],False,False,insufficient_optical_coverage;insufficient_sar_coverage;insufficient_indices_coverage;too_much_ignore,EPSG:32651,"[30.0, 0.0, 309290.0, 0.0, -30.0, 3364370.0]"
HB2015_R0336_C1196_P096,v1,sha256:993a6a2d0778440e96115d0ac53d2ae1bb3bf396b1e485bb23674b80f3f5602b,336,1196,96,96,"[345170.0, 3351410.0, 348050.0, 3354290.0]","[121.3901663380932, 30.284517835715377, 121.41968463916142, 30.310862398043916]",,0,0,0.0,0,0,0.0,9216,1.0,0,0.0,0.0,0.0,0.0,0.0,0.0,False,False,False,[],[],False,False,insufficient_optical_coverage;insufficient_sar_coverage;insufficient_indices_coverage;too_much_ignore,EPSG:32651,"[30.0, 0.0, 309290.0, 0.0, -30.0, 3364370.0]"
HB2015_R0357_C1151_P096,v1,sha256:993a6a2d0778440e96115d0ac53d2ae1bb3bf396b1e485bb23674b80f3f5602b,357,1151,96,96,"[343820.0, 3350780.0, 346700.0, 3353660.0]","[121.37622812080673, 30.27866151949124, 121.40574086335656, 30.305009052594297]",,0,0,0.0,0,0,0.0,9216,1.0,0,0.0,0.0,0.0,0.0,0.0,0.0,False,False,False,[],[],False,False,insufficient_optical_coverage;insufficient_sar_coverage;insufficient_indices_coverage;too_much_ignore,EPSG:32651,"[30.0, 0.0, 309290.0, 0.0, -30.0, 3364370.0]"
HB2015_R0357_C1152_P096,v1,sha256:993a6a2d0778440e96115d0ac53d2ae1bb3bf396b1e485bb23674b80f3f5602b,357,1152,96,96,"[343850.0, 3350780.0, 346730.0, 3353660.0]","[121.37653991972488, 30.278665387100343, 121.40605275015434, 30.30501285289432]",,0,0,0.0,0,0,0.0,9216,1.0,0,0.0,0.0,0.0,0.0,0.0,0.0,False,False,False,[],[],False,False,insufficient_optical_coverage;insufficient_sar_coverage;insufficient_indices_coverage;too_much_ignore,EPSG:32651,"[30.0, 0.0, 309290.0, 0.0, -30.0, 3364370.0]"
HB2015_R0357_C1196_P096,v1,sha256:993a6a2d0778440e96115d0ac53d2ae1bb3bf396b1e485bb23674b80f3f5602b,357,1196,96,96,"[345170.0, 3350780.0, 348050.0, 3353660.0]","[121.3902591318498, 30.278834827220724, 121.41977582794652, 30.305179330605633]",,0,0,0.0,0,0,0.0,9216,1.0,0,0.0,0.0,0.0,0.0,0.0,0.0,False,False,False,[],[],False,False,insufficient_optical_coverage;insufficient_sar_coverage;insufficient_indices_coverage;too_much_ignore,EPSG:32651,"[30.0, 0.0, 309290.0, 0.0, -30.0, 3364370.0]"
HB2015_R0384_C1151_P096,v1,sha256:993a6a2d0778440e96115d0ac53d2ae1bb3bf396b1e485bb23674b80f3f5602b,384,1151,96,96,"[343820.0, 3349970.0, 346700.0, 3352850.0]","[121.37634842665855, 30.271354837146156, 121.40585910778657, 30.297702293565735]",,0,0,0.0,0,0,0.0,9216,1.0,0,0.0,0.0,0.0,0.0,0.0,0.0,False,False,False,[],[],False,False,insufficient_optical_coverage;insufficient_sar_coverage;insufficient_indices_coverage;too_much_ignore,EPSG:32651,"[30.0, 0.0, 309290.0, 0.0, -30.0, 3364370.0]"
HB2015_R0384_C1152_P096,v1,sha256:993a6a2d0778440e96115d0ac53d2ae1bb3bf396b1e485bb23674b80f3f5602b,384,1152,96,96,"[343850.0, 3349970.0, 346730.0, 3352850.0]","[121.37666020250009, 30.27135870362837, 121.40617097147593, 30.297706092759043]",,0,0,0.0,0,0,0.0,9216,1.0,0,0.0,0.0,0.0,0.0,0.0,0.0,False,False,False,[],[],False,False,insufficient_optical_coverage;insufficient_sar_coverage;insufficient_indices_coverage;too_much_ignore,EPSG:32651,"[30.0, 0.0, 309290.0, 0.0, -30.0, 3364370.0]"
HB2015_R0384_C1196_P096,v1,sha256:993a6a2d0778440e96115d0ac53d2ae1bb3bf396b1e485bb23674b80f3f5602b,384,1196,96,96,"[345170.0, 3349970.0, 348050.0, 3352850.0]","[121.39037839923783, 30.27152809437953, 121.41989303247931, 30.29787252198918]",,0,0,0.0,0,0,0.0,9216,1.0,0,0.0,0.0,0.0,0.0,0.0,0.0,False,False,False,[],[],False,False,insufficient_optical_coverage;insufficient_sar_coverage;insufficient_indices_coverage;too_much_ignore,EPSG:32651,"[30.0, 0.0, 309290.0, 0.0, -30.0, 3364370.0]"
HB2015_R0405_C1151_P096,v1,sha256:993a6a2d0778440e96115d0ac53d2ae1bb3bf396b1e485bb23674b80f3f5602b,405,1151,96,96,"[343820.0, 3349340.0, 346700.0, 3352220.0]","[121.376441967389, 30.265671856047216, 121.40595104571706, 30.292019252831516]",,0,0,0.0,0,0,0.0,9216,1.0,0,0.0,0.0,0.0,0.0,0.0,0.0,False,False,False,[],[],False,False,insufficient_optical_coverage;insufficient_sar_coverage;insufficient_indices_coverage;too_much_ignore,EPSG:32651,"[30.0, 0.0, 309290.0, 0.0, -30.0, 3364370.0]"
HB2015_R0405_C1152_P096,v1,sha256:993a6a2d0778440e96115d0ac53d2ae1bb3bf396b1e485bb23674b80f3f5602b,405,1152,96,96,"[343850.0, 3349340.0, 346730.0, 3352220.0]","[121.37675372528795, 30.26567572165308, 121.40626289143906, 30.292023051164154]",,0,0,0.0,0,0,0.0,9216,1.0,0,0.0,0.0,0.0,0.0,0.0,0.0,False,False,False,[],[],False,False,insufficient_optical_coverage;insufficient_sar_coverage;insufficient_indices_coverage;too_much_ignore,EPSG:32651,"[30.0, 0.0, 309290.0, 0.0, -30.0, 3364370.0]"
HB2015_R0405_C1196_P096,v1,sha256:993a6a2d0778440e96115d0ac53d2ae1bb3bf396b1e485bb23674b80f3f5602b,405,1196,96,96,"[345170.0, 3349340.0, 348050.0, 3352220.0]","[121.39047113253724, 30.265845074010894, 121.41998416186416, 30.292189442691555]",,0,0,0.0,0,0,0.0,9216,1.0,0,0.0,0.0,0.0,0.0,0.0,0.0,False,False,False,[],[],False,False,insufficient_optical_coverage;insufficient_sar_coverage;insufficient_indices_coverage;too_much_ignore,EPSG:32651,"[30.0, 0.0, 309290.0, 0.0, -30.0, 3364370.0]"
