product_id,cell_id,sensor,year,priority,variant,status,event_id,event_utc,doy,season_tag,coverage,coverage_tier,coverage_basis,coverage_fraction,cloud_fraction,pass,relative_orbit,platform,scene_ids,product_ids_source,mgrs_tiles,wrs_path,wrs_row,member_scene_count,selection_reason,selection_detail,selection_version,v2_change,v2_actual_observed_fraction,v2_candidates_evaluated,v2_evidence_source
NP19_R00334-C00163_L5_1990,CNA10K-R00334-C00163,landsat5,1990,PRIMARY,DEFAULT,SELECTED,EVT-L-d6ffa33142a70322,1990-11-11T00:00:00+00:00,315.0,AUTUMN_PRIMARY_V1_CANDIDATE,FULL_CELL_COVERED,STRICT_FULL,WRS2_NOMINAL_FRAME_FULL,1.0,0.29,,,,LT05_117039_19901111,LT05_L2SP_117039_19901111_20200915_02_T1,,117.0,39.0,1.0,"predeclared policy: FULL_CELL_COVERED + autumn DOY 260-320 + scene cloud <= 0.30; rank = (cloud asc, |doy-290| asc, event_id asc)","{""coverage_tier"": ""STRICT_FULL"", ""n_autumn_events"": 3, ""n_eligible_after_gates"": 1, ""n_intersecting_events"": 24, ""n_pool_for_tier"": 3, ""selection_rank_of_pool"": ""1 of 1 eligible""}",V2,V1_INHERITED_LANDSAT,,0,NOT_RESELECTED_LANDSAT; all 27 D1 landed windows had observed coverage >= 0.999 under VALID r2
NP19_R00334-C00163_L5_2000,CNA10K-R00334-C00163,landsat5,2000,PRIMARY,DEFAULT,SELECTED,EVT-L-92ec34651d709b1d,2000-09-19T00:00:00+00:00,263.0,AUTUMN_PRIMARY_V1_CANDIDATE,FULL_CELL_COVERED,STRICT_FULL,WRS2_NOMINAL_FRAME_FULL,1.0,0.1,,,,LT05_117039_20000919,LT05_L2SP_117039_20000919_20200906_02_T1,,117.0,39.0,1.0,"predeclared policy: FULL_CELL_COVERED + autumn DOY 260-320 + scene cloud <= 0.30; rank = (cloud asc, |doy-290| asc, event_id asc)","{""coverage_tier"": ""STRICT_FULL"", ""n_autumn_events"": 4, ""n_eligible_after_gates"": 1, ""n_intersecting_events"": 33, ""n_pool_for_tier"": 4, ""selection_rank_of_pool"": ""1 of 1 eligible""}",V2,V1_INHERITED_LANDSAT,,0,NOT_RESELECTED_LANDSAT; all 27 D1 landed windows had observed coverage >= 0.999 under VALID r2
NP19_R00334-C00163_L8_2015,CNA10K-R00334-C00163,landsat8,2015,PRIMARY,DEFAULT,SELECTED,EVT-L-640346c2ef7bc8ff,2015-10-15T00:00:00+00:00,288.0,AUTUMN_PRIMARY_V1_CANDIDATE,FULL_CELL_COVERED,STRICT_FULL,WRS2_NOMINAL_FRAME_FULL,1.0,0.0623,,,,LC08_117039_20151015,LC08_L2SP_117039_20151015_20200908_02_T1,,117.0,39.0,1.0,"predeclared policy: FULL_CELL_COVERED + autumn DOY 260-320 + scene cloud <= 0.30; rank = (cloud asc, |doy-290| asc, event_id asc)","{""coverage_tier"": ""STRICT_FULL"", ""n_autumn_events"": 4, ""n_eligible_after_gates"": 2, ""n_intersecting_events"": 31, ""n_pool_for_tier"": 4, ""selection_rank_of_pool"": ""1 of 2 eligible""}",V2,V1_INHERITED_LANDSAT,,0,NOT_RESELECTED_LANDSAT; all 27 D1 landed windows had observed coverage >= 0.999 under VALID r2
NP19_R00334-C00163_S1_2015_A,CNA10K-R00334-C00163,sentinel1,2015,SECONDARY,A,V2_ELIGIBLE,EVT-S1-383213887b99e0f2,2015-10-12T09:54:04+00:00,285,AUTUMN_PRIMARY_V1_CANDIDATE,FULL_CELL_COVERED_ACTUAL_MASK_V2,ACTUAL_MASK_GTE_0P95,V2_DUALPOL_ACTUAL_MASK_INCL_EXTREME_FLOOR_OVER_EXPORT_GRID,1.0,,ASC,171,Sentinel-1A,S1A_IW_GRDH_1SDV_20151012T095404_20151012T095438_008118_00B62B_53AD,,,,,1,PILOT_EVENT_SELECTION_V2: actual observed mask >= 0.95 over the locked export grid; nominal geometry prefilter only; rank rules unchanged; no labels used,"{""v2_change"": ""KEPT_SAME_EVENT_PASSES_ACTUAL_MASK"", ""actual_observed_fraction"": 1.0, ""evidence_source"": ""LIVE_GEE_EXPORT_GRID"", ""rank_of_pick"": 1, ""n_candidates_evaluated"": 1, ""evaluated_fractions"": [{""rank"": 1, ""event_id"": ""EVT-S1-383213887b99e0f2"", ""fraction"": 1.0, ""source"": ""LIVE_GEE_EXPORT_GRID""}]}",V2,KEPT_SAME_EVENT_PASSES_ACTUAL_MASK,1.0,1,LIVE_GEE_EXPORT_GRID
,CNA10K-R00334-C00163,sentinel1,2015,SECONDARY,D,NO_SCENE,,,,,,,,,,,,,,,,,,,NO_ELIGIBLE_EVENT_ACTUAL_MASK: no candidate reached actual observed fraction >= 0.95; threshold not relaxed,"{""v2_change"": ""NO_SCENE_INHERITED"", ""best_fraction"": null, ""n_candidates_evaluated"": 0, ""evaluated_fractions"": []}",V2,NO_SCENE_INHERITED,,0,
,CNA10K-R00334-C00163,sentinel2,2015,SECONDARY,DEFAULT,NO_SCENE,,,,,,,,,,,,,,,,,,,NO_ELIGIBLE_EVENT_ACTUAL_MASK: no candidate reached actual observed fraction >= 0.95; threshold not relaxed,"{""v2_change"": ""NO_SCENE_INHERITED"", ""best_fraction"": null, ""n_candidates_evaluated"": 0, ""evaluated_fractions"": []}",V2,NO_SCENE_INHERITED,,0,
NP19_R00334-C00163_L8_2020,CNA10K-R00334-C00163,landsat8,2020,PRIMARY,DEFAULT,SELECTED,EVT-L-8dbc1f282827088d,2020-10-12T00:00:00+00:00,286.0,AUTUMN_PRIMARY_V1_CANDIDATE,FULL_CELL_COVERED,STRICT_FULL,WRS2_NOMINAL_FRAME_FULL,1.0,0.1837,,,,LC08_117039_20201012,LC08_L2SP_117039_20201012_20201105_02_T1,,117.0,39.0,1.0,"predeclared policy: FULL_CELL_COVERED + autumn DOY 260-320 + scene cloud <= 0.30; rank = (cloud asc, |doy-290| asc, event_id asc)","{""coverage_tier"": ""STRICT_FULL"", ""n_autumn_events"": 4, ""n_eligible_after_gates"": 1, ""n_intersecting_events"": 27, ""n_pool_for_tier"": 4, ""selection_rank_of_pool"": ""1 of 1 eligible""}",V2,V1_INHERITED_LANDSAT,,0,NOT_RESELECTED_LANDSAT; all 27 D1 landed windows had observed coverage >= 0.999 under VALID r2
NP19_R00334-C00163_S1_2020_A,CNA10K-R00334-C00163,sentinel1,2020,PRIMARY,A,V2_ELIGIBLE,EVT-S1-21b8aba39c255752,2020-10-15T09:53:58+00:00,289,AUTUMN_PRIMARY_V1_CANDIDATE,FULL_CELL_COVERED_ACTUAL_MASK_V2,ACTUAL_MASK_GTE_0P95,V2_DUALPOL_ACTUAL_MASK_INCL_EXTREME_FLOOR_OVER_EXPORT_GRID,1.0,,ASC,171,Sentinel-1B,S1B_IW_GRDH_1SDV_20201015T095358_20201015T095427_023822_02D450_3F0A,,,,,1,PILOT_EVENT_SELECTION_V2: actual observed mask >= 0.95 over the locked export grid; nominal geometry prefilter only; rank rules unchanged; no labels used,"{""v2_change"": ""KEPT_SAME_EVENT_PASSES_ACTUAL_MASK"", ""actual_observed_fraction"": 1.0, ""evidence_source"": ""LIVE_GEE_EXPORT_GRID"", ""rank_of_pick"": 1, ""n_candidates_evaluated"": 1, ""evaluated_fractions"": [{""rank"": 1, ""event_id"": ""EVT-S1-21b8aba39c255752"", ""fraction"": 1.0, ""source"": ""LIVE_GEE_EXPORT_GRID""}]}",V2,KEPT_SAME_EVENT_PASSES_ACTUAL_MASK,1.0,1,LIVE_GEE_EXPORT_GRID
,CNA10K-R00334-C00163,sentinel1,2020,PRIMARY,D,NO_SCENE,,,,,,,,,,,,,,,,,,,NO_ELIGIBLE_EVENT_ACTUAL_MASK: no candidate reached actual observed fraction >= 0.95; threshold not relaxed,"{""v2_change"": ""NO_SCENE_INHERITED"", ""best_fraction"": null, ""n_candidates_evaluated"": 0, ""evaluated_fractions"": []}",V2,NO_SCENE_INHERITED,,0,
NP19_R00334-C00163_S2_2020,CNA10K-R00334-C00163,sentinel2,2020,PRIMARY,DEFAULT,V2_ELIGIBLE,EVT-S2-f0e3f856ddfd1ee1,2020-10-12T02:39:18.050000+00:00,286,AUTUMN_PRIMARY_V1_CANDIDATE,FULL_CELL_COVERED_ACTUAL_MASK_V2,ACTUAL_MASK_GTE_0P95,V2_SAME_DATATAKE_UNION_ACTUAL_SR_MASK_OVER_EXPORT_GRID,1.0,0.16664869,,,,20201012T022629_20201012T022632_T51RVP|20201012T022629_20201012T023913_T51RVP,S2B_MSIL2A_20201012T022629_N0214_R046_T51RVP_20201012T050633|S2B_MSIL2A_20201012T022629_N0214_R046_T51RVP_20201012T051112,51RVP,,,2,PILOT_EVENT_SELECTION_V2: actual observed mask >= 0.95 over the locked export grid; nominal geometry prefilter only; rank rules unchanged; no labels used,"{""v2_change"": ""KEPT_SAME_EVENT_PASSES_ACTUAL_MASK"", ""actual_observed_fraction"": 1.0, ""evidence_source"": ""LIVE_GEE_EXPORT_GRID"", ""rank_of_pick"": 1, ""n_candidates_evaluated"": 1, ""evaluated_fractions"": [{""rank"": 1, ""event_id"": ""EVT-S2-f0e3f856ddfd1ee1"", ""fraction"": 1.0, ""source"": ""LIVE_GEE_EXPORT_GRID""}]}",V2,KEPT_SAME_EVENT_PASSES_ACTUAL_MASK,1.0,1,LIVE_GEE_EXPORT_GRID
NP19_R00334-C00163_S1_2021_A,CNA10K-R00334-C00163,sentinel1,2021,PRIMARY,A,V2_ELIGIBLE,EVT-S1-721d8b16479b63f5,2021-10-16T09:55:04+00:00,289,AUTUMN_PRIMARY_V1_CANDIDATE,FULL_CELL_COVERED_ACTUAL_MASK_V2,ACTUAL_MASK_GTE_0P95,V2_DUALPOL_ACTUAL_MASK_INCL_EXTREME_FLOOR_OVER_EXPORT_GRID,1.0,,ASC,171,Sentinel-1A,S1A_IW_GRDH_1SDV_20211016T095504_20211016T095529_040143_04C109_88FE,,,,,1,PILOT_EVENT_SELECTION_V2: actual observed mask >= 0.95 over the locked export grid; nominal geometry prefilter only; rank rules unchanged; no labels used,"{""v2_change"": ""KEPT_SAME_EVENT_PASSES_ACTUAL_MASK"", ""actual_observed_fraction"": 1.0, ""evidence_source"": ""LIVE_GEE_EXPORT_GRID"", ""rank_of_pick"": 1, ""n_candidates_evaluated"": 1, ""evaluated_fractions"": [{""rank"": 1, ""event_id"": ""EVT-S1-721d8b16479b63f5"", ""fraction"": 1.0, ""source"": ""LIVE_GEE_EXPORT_GRID""}]}",V2,KEPT_SAME_EVENT_PASSES_ACTUAL_MASK,1.0,1,LIVE_GEE_EXPORT_GRID
,CNA10K-R00334-C00163,sentinel1,2021,PRIMARY,D,NO_SCENE,,,,,,,,,,,,,,,,,,,NO_ELIGIBLE_EVENT_ACTUAL_MASK: no candidate reached actual observed fraction >= 0.95; threshold not relaxed,"{""v2_change"": ""NO_SCENE_INHERITED"", ""best_fraction"": null, ""n_candidates_evaluated"": 0, ""evaluated_fractions"": []}",V2,NO_SCENE_INHERITED,,0,
NP19_R00334-C00163_S2_2021,CNA10K-R00334-C00163,sentinel2,2021,PRIMARY,DEFAULT,V2_ELIGIBLE,EVT-S2-2804d7904a4dae97,2021-09-22T02:39:22.840000+00:00,265,AUTUMN_PRIMARY_V1_CANDIDATE,FULL_CELL_COVERED_ACTUAL_MASK_V2,ACTUAL_MASK_GTE_0P95,V2_SAME_DATATAKE_UNION_ACTUAL_SR_MASK_OVER_EXPORT_GRID,1.0,0.00010358,,,,20210922T022551_20210922T023225_T51RVP,S2A_MSIL2A_20210922T022551_N0500_R046_T51RVP_20230119T080623,51RVP,,,1,PILOT_EVENT_SELECTION_V2: actual observed mask >= 0.95 over the locked export grid; nominal geometry prefilter only; rank rules unchanged; no labels used,"{""v2_change"": ""KEPT_SAME_EVENT_PASSES_ACTUAL_MASK"", ""actual_observed_fraction"": 1.0, ""evidence_source"": ""LIVE_GEE_EXPORT_GRID"", ""rank_of_pick"": 1, ""n_candidates_evaluated"": 1, ""evaluated_fractions"": [{""rank"": 1, ""event_id"": ""EVT-S2-2804d7904a4dae97"", ""fraction"": 1.0, ""source"": ""LIVE_GEE_EXPORT_GRID""}]}",V2,KEPT_SAME_EVENT_PASSES_ACTUAL_MASK,1.0,1,LIVE_GEE_EXPORT_GRID
NP19_R00334-C00163_L8_2021,CNA10K-R00334-C00163,landsat8,2021,SECONDARY,DEFAULT,SELECTED,EVT-L-d535f9ec2fa55a5e,2021-09-29T00:00:00+00:00,272.0,AUTUMN_PRIMARY_V1_CANDIDATE,FULL_CELL_COVERED,STRICT_FULL,WRS2_NOMINAL_FRAME_FULL,1.0,0.0908,,,,LC08_117039_20210929,LC08_L2SP_117039_20210929_20211012_02_T1,,117.0,39.0,1.0,"predeclared policy: FULL_CELL_COVERED + autumn DOY 260-320 + scene cloud <= 0.30; rank = (cloud asc, |doy-290| asc, event_id asc)","{""coverage_tier"": ""STRICT_FULL"", ""n_autumn_events"": 7, ""n_eligible_after_gates"": 3, ""n_intersecting_events"": 30, ""n_pool_for_tier"": 7, ""selection_rank_of_pool"": ""1 of 3 eligible""}",V2,V1_INHERITED_LANDSAT,,0,NOT_RESELECTED_LANDSAT; all 27 D1 landed windows had observed coverage >= 0.999 under VALID r2
,CNA10K-R00311-C00156,landsat5,1990,PRIMARY,DEFAULT,NO_ELIGIBLE_EVENT,,,,,,,,,,,,,,,,,,,no event inside the predeclared autumn window DOY 260-320,"{""n_intersecting_events"": 12}",V2,V1_INHERITED_LANDSAT,,0,NOT_RESELECTED_LANDSAT; all 27 D1 landed windows had observed coverage >= 0.999 under VALID r2
NP19_R00311-C00156_L7_2000,CNA10K-R00311-C00156,landsat7,2000,PRIMARY,DEFAULT,SELECTED,EVT-L-c1f5fc6e9340799f,2000-09-18T00:00:00+00:00,262.0,AUTUMN_PRIMARY_V1_CANDIDATE,FULL_CELL_COVERED,STRICT_FULL,WRS2_NOMINAL_FRAME_FULL,1.0,0.0,,,,LE07_118040_20000918,LE07_L2SP_118040_20000918_20200918_02_T1,,118.0,40.0,1.0,"predeclared policy: FULL_CELL_COVERED + autumn DOY 260-320 + scene cloud <= 0.30; rank = (cloud asc, |doy-290| asc, event_id asc)","{""coverage_tier"": ""STRICT_FULL"", ""n_autumn_events"": 3, ""n_eligible_after_gates"": 1, ""n_intersecting_events"": 17, ""n_pool_for_tier"": 3, ""selection_rank_of_pool"": ""1 of 1 eligible""}",V2,V1_INHERITED_LANDSAT,,0,NOT_RESELECTED_LANDSAT; all 27 D1 landed windows had observed coverage >= 0.999 under VALID r2
,CNA10K-R00311-C00156,landsat8,2015,PRIMARY,DEFAULT,NO_ELIGIBLE_EVENT,,,,,,,,,,,,,,,,,,,no eligible event after gates: 2 full-cover and 0 near-full (>=0.90) autumn events; scene cloud ceiling 0.30; full-cover events all cloudy; min cloud 0.436,"{""min_autumn_cloud_fraction"": 0.4363, ""n_autumn_events"": 2, ""n_full_cover_autumn_events"": 2, ""n_intersecting_events"": 17, ""n_near_full_autumn_events"": 0}",V2,V1_INHERITED_LANDSAT,,0,NOT_RESELECTED_LANDSAT; all 27 D1 landed windows had observed coverage >= 0.999 under VALID r2
NP19_R00311-C00156_S1_2015_A,CNA10K-R00311-C00156,sentinel1,2015,SECONDARY,A,V2_ELIGIBLE,EVT-S1-274e0056ae461624,2015-10-12T09:53:35+00:00,285,AUTUMN_PRIMARY_V1_CANDIDATE,FULL_CELL_COVERED_ACTUAL_MASK_V2,ACTUAL_MASK_GTE_0P95,V2_DUALPOL_ACTUAL_MASK_INCL_EXTREME_FLOOR_OVER_EXPORT_GRID,1.0,,ASC,171,Sentinel-1A,S1A_IW_GRDH_1SDV_20151012T095335_20151012T095404_008118_00B62B_482A,,,,,1,PILOT_EVENT_SELECTION_V2: actual observed mask >= 0.95 over the locked export grid; nominal geometry prefilter only; rank rules unchanged; no labels used,"{""v2_change"": ""KEPT_SAME_EVENT_PASSES_ACTUAL_MASK"", ""actual_observed_fraction"": 1.0, ""evidence_source"": ""LIVE_GEE_EXPORT_GRID"", ""rank_of_pick"": 1, ""n_candidates_evaluated"": 1, ""evaluated_fractions"": [{""rank"": 1, ""event_id"": ""EVT-S1-274e0056ae461624"", ""fraction"": 1.0, ""source"": ""LIVE_GEE_EXPORT_GRID""}]}",V2,KEPT_SAME_EVENT_PASSES_ACTUAL_MASK,1.0,1,LIVE_GEE_EXPORT_GRID
,CNA10K-R00311-C00156,sentinel1,2015,SECONDARY,D,NO_SCENE,,,,,,,,,,,,,,,,,,,NO_ELIGIBLE_EVENT_ACTUAL_MASK: no candidate reached actual observed fraction >= 0.95; threshold not relaxed,"{""v2_change"": ""NO_SCENE_INHERITED"", ""best_fraction"": null, ""n_candidates_evaluated"": 0, ""evaluated_fractions"": []}",V2,NO_SCENE_INHERITED,,0,
,CNA10K-R00311-C00156,sentinel2,2015,SECONDARY,DEFAULT,NO_SCENE,,,,,,,,,,,,,,,,,,,NO_ELIGIBLE_EVENT_ACTUAL_MASK: no candidate reached actual observed fraction >= 0.95; threshold not relaxed,"{""v2_change"": ""NO_SCENE_INHERITED"", ""best_fraction"": null, ""n_candidates_evaluated"": 0, ""evaluated_fractions"": []}",V2,NO_SCENE_INHERITED,,0,
,CNA10K-R00311-C00156,landsat8,2020,PRIMARY,DEFAULT,NO_ELIGIBLE_EVENT,,,,,,,,,,,,,,,,,,,no eligible event after gates: 2 full-cover and 0 near-full (>=0.90) autumn events; scene cloud ceiling 0.30; full-cover events all cloudy; min cloud 0.454,"{""min_autumn_cloud_fraction"": 0.4542, ""n_autumn_events"": 2, ""n_full_cover_autumn_events"": 2, ""n_intersecting_events"": 15, ""n_near_full_autumn_events"": 0}",V2,V1_INHERITED_LANDSAT,,0,NOT_RESELECTED_LANDSAT; all 27 D1 landed windows had observed coverage >= 0.999 under VALID r2
NP19_R00311-C00156_S1_2020_A,CNA10K-R00311-C00156,sentinel1,2020,PRIMARY,A,V2_ELIGIBLE,EVT-S1-f3d4f7907b13aa1c,2020-10-14T10:02:35+00:00,288,AUTUMN_PRIMARY_V1_CANDIDATE,FULL_CELL_COVERED_ACTUAL_MASK_V2,ACTUAL_MASK_GTE_0P95,V2_DUALPOL_ACTUAL_MASK_INCL_EXTREME_FLOOR_OVER_EXPORT_GRID,1.0,,ASC,69,Sentinel-1A,S1A_IW_GRDH_1SDV_20201014T100235_20201014T100300_034791_040DF6_2F7F,,,,,1,PILOT_EVENT_SELECTION_V2: actual observed mask >= 0.95 over the locked export grid; nominal geometry prefilter only; rank rules unchanged; no labels used,"{""v2_change"": ""KEPT_SAME_EVENT_PASSES_ACTUAL_MASK"", ""actual_observed_fraction"": 1.0, ""evidence_source"": ""LIVE_GEE_EXPORT_GRID"", ""rank_of_pick"": 1, ""n_candidates_evaluated"": 1, ""evaluated_fractions"": [{""rank"": 1, ""event_id"": ""EVT-S1-f3d4f7907b13aa1c"", ""fraction"": 1.0, ""source"": ""LIVE_GEE_EXPORT_GRID""}]}",V2,KEPT_SAME_EVENT_PASSES_ACTUAL_MASK,1.0,1,LIVE_GEE_EXPORT_GRID
,CNA10K-R00311-C00156,sentinel1,2020,PRIMARY,D,NO_SCENE,,,,,,,,,,,,,,,,,,,NO_ELIGIBLE_EVENT_ACTUAL_MASK: no candidate reached actual observed fraction >= 0.95; threshold not relaxed,"{""v2_change"": ""NO_SCENE_INHERITED"", ""best_fraction"": null, ""n_candidates_evaluated"": 0, ""evaluated_fractions"": []}",V2,NO_SCENE_INHERITED,,0,
NP19_R00311-C00156_S2_2020,CNA10K-R00311-C00156,sentinel2,2020,PRIMARY,DEFAULT,V2_ELIGIBLE,EVT-S2-f0e3f856ddfd1ee1,2020-10-12T02:39:55.957000+00:00,286,AUTUMN_PRIMARY_V1_CANDIDATE,FULL_CELL_COVERED_ACTUAL_MASK_V2,ACTUAL_MASK_GTE_0P95,V2_SAME_DATATAKE_UNION_ACTUAL_SR_MASK_OVER_EXPORT_GRID,1.0,0.07333973,,,,20201012T022629_20201012T023913_T51RUM,S2B_MSIL2A_20201012T022629_N0214_R046_T51RUM_20201012T051112,51RUM,,,1,PILOT_EVENT_SELECTION_V2: actual observed mask >= 0.95 over the locked export grid; nominal geometry prefilter only; rank rules unchanged; no labels used,"{""v2_change"": ""REPLACED_V1_EVENT_FAILED_ACTUAL_MASK"", ""actual_observed_fraction"": 1.0, ""evidence_source"": ""LIVE_GEE_EXPORT_GRID"", ""rank_of_pick"": 5, ""n_candidates_evaluated"": 5, ""evaluated_fractions"": [{""rank"": 1, ""event_id"": ""EVT-S2-8b122a0c8574b197"", ""fraction"": 0.7979919178991278, ""source"": ""LIVE_GEE_EXPORT_GRID""}, {""rank"": 2, ""event_id"": ""EVT-S2-d13d3caddd2e55bb"", ""fraction"": 0.7999680034129693, ""source"": ""LIVE_GEE_EXPORT_GRID""}, {""rank"": 3, ""event_id"": ""EVT-S2-06986b89f7bada16"", ""fraction"": 0.7822247108456579, ""source"": ""LIVE_GEE_EXPORT_GRID""}, {""rank"": 4, ""event_id"": ""EVT-S2-d0f793dcfe95e2f7"", ""fraction"": 0.8152522990140311, ""source"": ""LIVE_GEE_EXPORT_GRID""}, {""rank"": 5, ""event_id"": ""EVT-S2-f0e3f856ddfd1ee1"", ""fraction"": 1.0, ""source"": ""LIVE_GEE_EXPORT_GRID""}]}",V2,REPLACED_V1_EVENT_FAILED_ACTUAL_MASK,1.0,5,LIVE_GEE_EXPORT_GRID
NP19_R00311-C00156_S1_2021_A,CNA10K-R00311-C00156,sentinel1,2021,PRIMARY,A,V2_ELIGIBLE,EVT-S1-fba86ee29333cab8,2021-10-16T09:54:10+00:00,289,AUTUMN_PRIMARY_V1_CANDIDATE,FULL_CELL_COVERED_ACTUAL_MASK_V2,ACTUAL_MASK_GTE_0P95,V2_DUALPOL_ACTUAL_MASK_INCL_EXTREME_FLOOR_OVER_EXPORT_GRID,1.0,,ASC,171,Sentinel-1A,S1A_IW_GRDH_1SDV_20211016T095410_20211016T095439_040143_04C109_8A1C,,,,,1,PILOT_EVENT_SELECTION_V2: actual observed mask >= 0.95 over the locked export grid; nominal geometry prefilter only; rank rules unchanged; no labels used,"{""v2_change"": ""KEPT_SAME_EVENT_PASSES_ACTUAL_MASK"", ""actual_observed_fraction"": 1.0, ""evidence_source"": ""LIVE_GEE_EXPORT_GRID"", ""rank_of_pick"": 1, ""n_candidates_evaluated"": 1, ""evaluated_fractions"": [{""rank"": 1, ""event_id"": ""EVT-S1-fba86ee29333cab8"", ""fraction"": 1.0, ""source"": ""LIVE_GEE_EXPORT_GRID""}]}",V2,KEPT_SAME_EVENT_PASSES_ACTUAL_MASK,1.0,1,LIVE_GEE_EXPORT_GRID
,CNA10K-R00311-C00156,sentinel1,2021,PRIMARY,D,NO_SCENE,,,,,,,,,,,,,,,,,,,NO_ELIGIBLE_EVENT_ACTUAL_MASK: no candidate reached actual observed fraction >= 0.95; threshold not relaxed,"{""v2_change"": ""NO_SCENE_INHERITED"", ""best_fraction"": null, ""n_candidates_evaluated"": 0, ""evaluated_fractions"": []}",V2,NO_SCENE_INHERITED,,0,
NP19_R00311-C00156_S2_2021,CNA10K-R00311-C00156,sentinel2,2021,PRIMARY,DEFAULT,V2_ELIGIBLE,EVT-S2-42eb33abdc3126d0,2021-11-11T02:39:54.515000+00:00,315,AUTUMN_PRIMARY_V1_CANDIDATE,FULL_CELL_COVERED_ACTUAL_MASK_V2,ACTUAL_MASK_GTE_0P95,V2_SAME_DATATAKE_UNION_ACTUAL_SR_MASK_OVER_EXPORT_GRID,0.9999844461035268,8.583000000000001e-05,,,,20211111T022931_20211111T022929_T51RUM,S2A_MSIL2A_20211111T022931_N0500_R046_T51RUM_20221231T013637,51RUM,,,1,PILOT_EVENT_SELECTION_V2: actual observed mask >= 0.95 over the locked export grid; nominal geometry prefilter only; rank rules unchanged; no labels used,"{""v2_change"": ""KEPT_SAME_EVENT_PASSES_ACTUAL_MASK"", ""actual_observed_fraction"": 0.9999844461035268, ""evidence_source"": ""LIVE_GEE_EXPORT_GRID"", ""rank_of_pick"": 1, ""n_candidates_evaluated"": 1, ""evaluated_fractions"": [{""rank"": 1, ""event_id"": ""EVT-S2-42eb33abdc3126d0"", ""fraction"": 0.9999844461035268, ""source"": ""LIVE_GEE_EXPORT_GRID""}]}",V2,KEPT_SAME_EVENT_PASSES_ACTUAL_MASK,0.9999844461035268,1,LIVE_GEE_EXPORT_GRID
NP19_R00311-C00156_L8_2021,CNA10K-R00311-C00156,landsat8,2021,SECONDARY,DEFAULT,SELECTED,EVT-L-7f74ad72fd2cbc7f,2021-09-20T00:00:00+00:00,263.0,AUTUMN_PRIMARY_V1_CANDIDATE,FULL_CELL_COVERED,STRICT_FULL,WRS2_NOMINAL_FRAME_FULL,1.0,0.0923,,,,LC08_118040_20210920,LC08_L2SP_118040_20210920_20210925_02_T1,,118.0,40.0,1.0,"predeclared policy: FULL_CELL_COVERED + autumn DOY 260-320 + scene cloud <= 0.30; rank = (cloud asc, |doy-290| asc, event_id asc)","{""coverage_tier"": ""STRICT_FULL"", ""n_autumn_events"": 4, ""n_eligible_after_gates"": 1, ""n_intersecting_events"": 17, ""n_pool_for_tier"": 4, ""selection_rank_of_pool"": ""1 of 1 eligible""}",V2,V1_INHERITED_LANDSAT,,0,NOT_RESELECTED_LANDSAT; all 27 D1 landed windows had observed coverage >= 0.999 under VALID r2
,CNA10K-R00349-C00154,landsat5,1990,PRIMARY,DEFAULT,NO_ELIGIBLE_EVENT,,,,,,,,,,,,,,,,,,,no eligible event after gates: 1 full-cover and 0 near-full (>=0.90) autumn events; scene cloud ceiling 0.30; full-cover events all cloudy; min cloud 0.660,"{""min_autumn_cloud_fraction"": 0.66, ""n_autumn_events"": 1, ""n_full_cover_autumn_events"": 1, ""n_intersecting_events"": 14, ""n_near_full_autumn_events"": 0}",V2,V1_INHERITED_LANDSAT,,0,NOT_RESELECTED_LANDSAT; all 27 D1 landed windows had observed coverage >= 0.999 under VALID r2
NP19_R00349-C00154_L7_2000,CNA10K-R00349-C00154,landsat7,2000,PRIMARY,DEFAULT,SELECTED,EVT-L-26a14ff0a7a392c7,2000-09-18T00:00:00+00:00,262.0,AUTUMN_PRIMARY_V1_CANDIDATE,FULL_CELL_COVERED,STRICT_FULL,WRS2_NOMINAL_FRAME_FULL,1.0,0.0,,,,LE07_118038_20000918,LE07_L2SP_118038_20000918_20200918_02_T1,,118.0,38.0,1.0,"predeclared policy: FULL_CELL_COVERED + autumn DOY 260-320 + scene cloud <= 0.30; rank = (cloud asc, |doy-290| asc, event_id asc)","{""coverage_tier"": ""STRICT_FULL"", ""n_autumn_events"": 3, ""n_eligible_after_gates"": 3, ""n_intersecting_events"": 17, ""n_pool_for_tier"": 3, ""selection_rank_of_pool"": ""1 of 3 eligible""}",V2,V1_INHERITED_LANDSAT,,0,NOT_RESELECTED_LANDSAT; all 27 D1 landed windows had observed coverage >= 0.999 under VALID r2
NP19_R00349-C00154_L8_2015,CNA10K-R00349-C00154,landsat8,2015,PRIMARY,DEFAULT,SELECTED,EVT-L-55163a3a9a14a4b8,2015-10-22T00:00:00+00:00,295.0,AUTUMN_PRIMARY_V1_CANDIDATE,FULL_CELL_COVERED,STRICT_FULL,WRS2_NOMINAL_FRAME_FULL,1.0,0.1402999999999999,,,,LC08_118038_20151022,LC08_L2SP_118038_20151022_20200908_02_T1,,118.0,38.0,1.0,"predeclared policy: FULL_CELL_COVERED + autumn DOY 260-320 + scene cloud <= 0.30; rank = (cloud asc, |doy-290| asc, event_id asc)","{""coverage_tier"": ""STRICT_FULL"", ""n_autumn_events"": 3, ""n_eligible_after_gates"": 2, ""n_intersecting_events"": 17, ""n_pool_for_tier"": 3, ""selection_rank_of_pool"": ""1 of 2 eligible""}",V2,V1_INHERITED_LANDSAT,,0,NOT_RESELECTED_LANDSAT; all 27 D1 landed windows had observed coverage >= 0.999 under VALID r2
NP19_R00349-C00154_S1_2015_A,CNA10K-R00349-C00154,sentinel1,2015,SECONDARY,A,V2_ELIGIBLE,EVT-S1-5ad5298373730214,2015-09-18T09:54:28+00:00,261,AUTUMN_PRIMARY_V1_CANDIDATE,FULL_CELL_COVERED_ACTUAL_MASK_V2,ACTUAL_MASK_GTE_0P95,V2_DUALPOL_ACTUAL_MASK_INCL_EXTREME_FLOOR_OVER_EXPORT_GRID,0.9940499347781312,,ASC,171,Sentinel-1A,S1A_IW_GRDH_1SDV_20150918T095428_20150918T095453_007768_00ACD0_1804,,,,,1,PILOT_EVENT_SELECTION_V2: actual observed mask >= 0.95 over the locked export grid; nominal geometry prefilter only; rank rules unchanged; no labels used,"{""v2_change"": ""KEPT_SAME_EVENT_PASSES_ACTUAL_MASK"", ""actual_observed_fraction"": 0.9940499347781312, ""evidence_source"": ""LIVE_GEE_EXPORT_GRID"", ""rank_of_pick"": 1, ""n_candidates_evaluated"": 1, ""evaluated_fractions"": [{""rank"": 1, ""event_id"": ""EVT-S1-5ad5298373730214"", ""fraction"": 0.9940499347781312, ""source"": ""LIVE_GEE_EXPORT_GRID""}]}",V2,KEPT_SAME_EVENT_PASSES_ACTUAL_MASK,0.9940499347781312,1,LIVE_GEE_EXPORT_GRID
,CNA10K-R00349-C00154,sentinel1,2015,SECONDARY,D,NO_SCENE,,,,,,,,,,,,,,,,,,,NO_ELIGIBLE_EVENT_ACTUAL_MASK: no candidate reached actual observed fraction >= 0.95; threshold not relaxed,"{""v2_change"": ""NO_SCENE_INHERITED"", ""best_fraction"": null, ""n_candidates_evaluated"": 0, ""evaluated_fractions"": []}",V2,NO_SCENE_INHERITED,,0,
,CNA10K-R00349-C00154,sentinel2,2015,SECONDARY,DEFAULT,NO_SCENE,,,,,,,,,,,,,,,,,,,NO_ELIGIBLE_EVENT_ACTUAL_MASK: no candidate reached actual observed fraction >= 0.95; threshold not relaxed,"{""v2_change"": ""NO_SCENE_INHERITED"", ""best_fraction"": null, ""n_candidates_evaluated"": 0, ""evaluated_fractions"": []}",V2,NO_SCENE_INHERITED,,0,
,CNA10K-R00349-C00154,landsat8,2020,PRIMARY,DEFAULT,NO_ELIGIBLE_EVENT,,,,,,,,,,,,,,,,,,,no eligible event after gates: 1 full-cover and 0 near-full (>=0.90) autumn events; scene cloud ceiling 0.30; full-cover events all cloudy; min cloud 0.711,"{""min_autumn_cloud_fraction"": 0.7111, ""n_autumn_events"": 1, ""n_full_cover_autumn_events"": 1, ""n_intersecting_events"": 14, ""n_near_full_autumn_events"": 0}",V2,V1_INHERITED_LANDSAT,,0,NOT_RESELECTED_LANDSAT; all 27 D1 landed windows had observed coverage >= 0.999 under VALID r2
NP19_R00349-C00154_S1_2020_A,CNA10K-R00349-C00154,sentinel1,2020,PRIMARY,A,V2_ELIGIBLE,EVT-S1-5e515419d097e7e3,2020-10-15T09:54:27+00:00,289,AUTUMN_PRIMARY_V1_CANDIDATE,FULL_CELL_COVERED_ACTUAL_MASK_V2,ACTUAL_MASK_GTE_0P95,V2_DUALPOL_ACTUAL_MASK_INCL_EXTREME_FLOOR_OVER_EXPORT_GRID,1.0,,ASC,171,Sentinel-1B,S1B_IW_GRDH_1SDV_20201015T095427_20201015T095452_023822_02D450_70EA,,,,,1,PILOT_EVENT_SELECTION_V2: actual observed mask >= 0.95 over the locked export grid; nominal geometry prefilter only; rank rules unchanged; no labels used,"{""v2_change"": ""KEPT_SAME_EVENT_PASSES_ACTUAL_MASK"", ""actual_observed_fraction"": 1.0, ""evidence_source"": ""LIVE_GEE_EXPORT_GRID"", ""rank_of_pick"": 1, ""n_candidates_evaluated"": 1, ""evaluated_fractions"": [{""rank"": 1, ""event_id"": ""EVT-S1-5e515419d097e7e3"", ""fraction"": 1.0, ""source"": ""LIVE_GEE_EXPORT_GRID""}]}",V2,KEPT_SAME_EVENT_PASSES_ACTUAL_MASK,1.0,1,LIVE_GEE_EXPORT_GRID
,CNA10K-R00349-C00154,sentinel1,2020,PRIMARY,D,NO_SCENE,,,,,,,,,,,,,,,,,,,NO_ELIGIBLE_EVENT_ACTUAL_MASK: no candidate reached actual observed fraction >= 0.95; threshold not relaxed,"{""v2_change"": ""NO_SCENE_INHERITED"", ""best_fraction"": null, ""n_candidates_evaluated"": 0, ""evaluated_fractions"": []}",V2,NO_SCENE_INHERITED,,0,
NP19_R00349-C00154_S2_2020,CNA10K-R00349-C00154,sentinel2,2020,PRIMARY,DEFAULT,V2_ELIGIBLE,EVT-S2-92c0794ab7812838,2020-10-12T02:38:57.678000+00:00,286,AUTUMN_PRIMARY_V1_CANDIDATE,FULL_CELL_COVERED_ACTUAL_MASK_V2,ACTUAL_MASK_GTE_0P95,V2_SAME_DATATAKE_UNION_ACTUAL_SR_MASK_OVER_EXPORT_GRID,0.9999948324495592,0.02184408,,,,20201012T022629_20201012T022632_T51SUR,S2B_MSIL2A_20201012T022629_N0500_R046_T51SUR_20230411T053305,51SUR,,,1,PILOT_EVENT_SELECTION_V2: actual observed mask >= 0.95 over the locked export grid; nominal geometry prefilter only; rank rules unchanged; no labels used,"{""v2_change"": ""KEPT_SAME_EVENT_PASSES_ACTUAL_MASK"", ""actual_observed_fraction"": 0.9999948324495592, ""evidence_source"": ""LIVE_GEE_EXPORT_GRID"", ""rank_of_pick"": 1, ""n_candidates_evaluated"": 1, ""evaluated_fractions"": [{""rank"": 1, ""event_id"": ""EVT-S2-92c0794ab7812838"", ""fraction"": 0.9999948324495592, ""source"": ""LIVE_GEE_EXPORT_GRID""}]}",V2,KEPT_SAME_EVENT_PASSES_ACTUAL_MASK,0.9999948324495592,1,LIVE_GEE_EXPORT_GRID
NP19_R00349-C00154_S1_2021_A,CNA10K-R00349-C00154,sentinel1,2021,PRIMARY,A,V2_ELIGIBLE,EVT-S1-f60150e387cd6f3c,2021-10-16T09:55:29+00:00,289,AUTUMN_PRIMARY_V1_CANDIDATE,FULL_CELL_COVERED_ACTUAL_MASK_V2,ACTUAL_MASK_GTE_0P95,V2_DUALPOL_ACTUAL_MASK_INCL_EXTREME_FLOOR_OVER_EXPORT_GRID,1.0,,ASC,171,Sentinel-1A,S1A_IW_GRDH_1SDV_20211016T095529_20211016T095554_040143_04C109_8200,,,,,1,PILOT_EVENT_SELECTION_V2: actual observed mask >= 0.95 over the locked export grid; nominal geometry prefilter only; rank rules unchanged; no labels used,"{""v2_change"": ""KEPT_SAME_EVENT_PASSES_ACTUAL_MASK"", ""actual_observed_fraction"": 1.0, ""evidence_source"": ""LIVE_GEE_EXPORT_GRID"", ""rank_of_pick"": 1, ""n_candidates_evaluated"": 1, ""evaluated_fractions"": [{""rank"": 1, ""event_id"": ""EVT-S1-f60150e387cd6f3c"", ""fraction"": 1.0, ""source"": ""LIVE_GEE_EXPORT_GRID""}]}",V2,KEPT_SAME_EVENT_PASSES_ACTUAL_MASK,1.0,1,LIVE_GEE_EXPORT_GRID
,CNA10K-R00349-C00154,sentinel1,2021,PRIMARY,D,NO_SCENE,,,,,,,,,,,,,,,,,,,NO_ELIGIBLE_EVENT_ACTUAL_MASK: no candidate reached actual observed fraction >= 0.95; threshold not relaxed,"{""v2_change"": ""NO_SCENE_INHERITED"", ""best_fraction"": null, ""n_candidates_evaluated"": 0, ""evaluated_fractions"": []}",V2,NO_SCENE_INHERITED,,0,
NP19_R00349-C00154_S2_2021,CNA10K-R00349-C00154,sentinel2,2021,PRIMARY,DEFAULT,V2_ELIGIBLE,EVT-S2-2804d7904a4dae97,2021-09-22T02:38:56.913000+00:00,265,AUTUMN_PRIMARY_V1_CANDIDATE,FULL_CELL_COVERED_ACTUAL_MASK_V2,ACTUAL_MASK_GTE_0P95,V2_SAME_DATATAKE_UNION_ACTUAL_SR_MASK_OVER_EXPORT_GRID,0.9999844973486776,0.0001075,,,,20210922T022551_20210922T023225_T51SUR,S2A_MSIL2A_20210922T022551_N0500_R046_T51SUR_20230119T080623,51SUR,,,1,PILOT_EVENT_SELECTION_V2: actual observed mask >= 0.95 over the locked export grid; nominal geometry prefilter only; rank rules unchanged; no labels used,"{""v2_change"": ""KEPT_SAME_EVENT_PASSES_ACTUAL_MASK"", ""actual_observed_fraction"": 0.9999844973486776, ""evidence_source"": ""LIVE_GEE_EXPORT_GRID"", ""rank_of_pick"": 1, ""n_candidates_evaluated"": 1, ""evaluated_fractions"": [{""rank"": 1, ""event_id"": ""EVT-S2-2804d7904a4dae97"", ""fraction"": 0.9999844973486776, ""source"": ""LIVE_GEE_EXPORT_GRID""}]}",V2,KEPT_SAME_EVENT_PASSES_ACTUAL_MASK,0.9999844973486776,1,LIVE_GEE_EXPORT_GRID
NP19_R00349-C00154_L8_2021,CNA10K-R00349-C00154,landsat8,2021,SECONDARY,DEFAULT,SELECTED,EVT-L-83115ecc2d22e985,2021-10-06T00:00:00+00:00,279.0,AUTUMN_PRIMARY_V1_CANDIDATE,FULL_CELL_COVERED,STRICT_FULL,WRS2_NOMINAL_FRAME_FULL,1.0,0.2689999999999999,,,,LC08_118038_20211006,LC08_L2SP_118038_20211006_20211013_02_T1,,118.0,38.0,1.0,"predeclared policy: FULL_CELL_COVERED + autumn DOY 260-320 + scene cloud <= 0.30; rank = (cloud asc, |doy-290| asc, event_id asc)","{""coverage_tier"": ""STRICT_FULL"", ""n_autumn_events"": 4, ""n_eligible_after_gates"": 1, ""n_intersecting_events"": 17, ""n_pool_for_tier"": 4, ""selection_rank_of_pool"": ""1 of 1 eligible""}",V2,V1_INHERITED_LANDSAT,,0,NOT_RESELECTED_LANDSAT; all 27 D1 landed windows had observed coverage >= 0.999 under VALID r2
NP19_R00413-C00121_L5_1990,CNA10K-R00413-C00121,landsat5,1990,PRIMARY,DEFAULT,SELECTED,EVT-L-4f8bfd6cf28ff6a5,1990-09-20T00:00:00+00:00,263.0,AUTUMN_PRIMARY_V1_CANDIDATE,FULL_CELL_COVERED,STRICT_FULL,WRS2_NOMINAL_FRAME_FULL,1.0,0.2,,,,LT05_121034_19900920,LT05_L2SP_121034_19900920_20200915_02_T1,,121.0,34.0,1.0,"predeclared policy: FULL_CELL_COVERED + autumn DOY 260-320 + scene cloud <= 0.30; rank = (cloud asc, |doy-290| asc, event_id asc)","{""coverage_tier"": ""STRICT_FULL"", ""n_autumn_events"": 3, ""n_eligible_after_gates"": 1, ""n_intersecting_events"": 15, ""n_pool_for_tier"": 3, ""selection_rank_of_pool"": ""1 of 1 eligible""}",V2,V1_INHERITED_LANDSAT,,0,NOT_RESELECTED_LANDSAT; all 27 D1 landed windows had observed coverage >= 0.999 under VALID r2
NP19_R00413-C00121_L5_2000,CNA10K-R00413-C00121,landsat5,2000,PRIMARY,DEFAULT,SELECTED,EVT-L-1177c9ad37a1254d,2000-10-17T00:00:00+00:00,291.0,AUTUMN_PRIMARY_V1_CANDIDATE,FULL_CELL_COVERED,STRICT_FULL,WRS2_NOMINAL_FRAME_FULL,1.0,0.01,,,,LT05_121034_20001017,LT05_L2SP_121034_20001017_20200906_02_T1,,121.0,34.0,1.0,"predeclared policy: FULL_CELL_COVERED + autumn DOY 260-320 + scene cloud <= 0.30; rank = (cloud asc, |doy-290| asc, event_id asc)","{""coverage_tier"": ""STRICT_FULL"", ""n_autumn_events"": 2, ""n_eligible_after_gates"": 2, ""n_intersecting_events"": 16, ""n_pool_for_tier"": 2, ""selection_rank_of_pool"": ""1 of 2 eligible""}",V2,V1_INHERITED_LANDSAT,,0,NOT_RESELECTED_LANDSAT; all 27 D1 landed windows had observed coverage >= 0.999 under VALID r2
NP19_R00413-C00121_L8_2015,CNA10K-R00413-C00121,landsat8,2015,PRIMARY,DEFAULT,SELECTED,EVT-L-0591b0644a3441ad,2015-10-27T00:00:00+00:00,300.0,AUTUMN_PRIMARY_V1_CANDIDATE,FULL_CELL_COVERED,STRICT_FULL,WRS2_NOMINAL_FRAME_FULL,1.0,0.0008,,,,LC08_121034_20151027,LC08_L2SP_121034_20151027_20200908_02_T1,,121.0,34.0,1.0,"predeclared policy: FULL_CELL_COVERED + autumn DOY 260-320 + scene cloud <= 0.30; rank = (cloud asc, |doy-290| asc, event_id asc)","{""coverage_tier"": ""STRICT_FULL"", ""n_autumn_events"": 4, ""n_eligible_after_gates"": 3, ""n_intersecting_events"": 21, ""n_pool_for_tier"": 4, ""selection_rank_of_pool"": ""1 of 3 eligible""}",V2,V1_INHERITED_LANDSAT,,0,NOT_RESELECTED_LANDSAT; all 27 D1 landed windows had observed coverage >= 0.999 under VALID r2
,CNA10K-R00413-C00121,sentinel1,2015,SECONDARY,A,NO_SCENE,,,,,,,,,,,,,,,,,,,NO_ELIGIBLE_EVENT_ACTUAL_MASK: no candidate reached actual observed fraction >= 0.95; threshold not relaxed,"{""v2_change"": ""NO_SCENE_INHERITED"", ""best_fraction"": null, ""n_candidates_evaluated"": 0, ""evaluated_fractions"": []}",V2,NO_SCENE_INHERITED,,0,
,CNA10K-R00413-C00121,sentinel1,2015,SECONDARY,D,NO_SCENE,,,,,,,,,,,,,,,,,,,NO_ELIGIBLE_EVENT_ACTUAL_MASK: no candidate reached actual observed fraction >= 0.95; threshold not relaxed,"{""v2_change"": ""NO_SCENE_INHERITED"", ""best_fraction"": null, ""n_candidates_evaluated"": 0, ""evaluated_fractions"": []}",V2,NO_SCENE_INHERITED,,0,
NP19_R00413-C00121_S2_2015,CNA10K-R00413-C00121,sentinel2,2015,SECONDARY,DEFAULT,NO_ELIGIBLE_EVENT_ACTUAL_MASK,,,,,,,,,,,,,,,,,,,NO_ELIGIBLE_EVENT_ACTUAL_MASK: no candidate reached actual observed fraction >= 0.95; threshold not relaxed,"{""v2_change"": ""V1_SELECTED_BUT_NO_ELIGIBLE_ACTUAL_MASK"", ""best_fraction"": 0.2873165639572611, ""n_candidates_evaluated"": 1, ""evaluated_fractions"": [{""rank"": 1, ""event_id"": ""EVT-S2-a0f4eafadd2a876d"", ""fraction"": 0.2873165639572611, ""source"": ""LIVE_GEE_EXPORT_GRID""}]}",V2,V1_SELECTED_BUT_NO_ELIGIBLE_ACTUAL_MASK,0.2873165639572611,1,
NP19_R00413-C00121_L8_2020,CNA10K-R00413-C00121,landsat8,2020,PRIMARY,DEFAULT,SELECTED,EVT-L-072adccda6c5a0c8,2020-10-24T00:00:00+00:00,298.0,AUTUMN_PRIMARY_V1_CANDIDATE,FULL_CELL_COVERED,STRICT_FULL,WRS2_NOMINAL_FRAME_FULL,1.0,0.0022,,,,LC08_121034_20201024,LC08_L2SP_121034_20201024_20201105_02_T1,,121.0,34.0,1.0,"predeclared policy: FULL_CELL_COVERED + autumn DOY 260-320 + scene cloud <= 0.30; rank = (cloud asc, |doy-290| asc, event_id asc)","{""coverage_tier"": ""STRICT_FULL"", ""n_autumn_events"": 3, ""n_eligible_after_gates"": 2, ""n_intersecting_events"": 19, ""n_pool_for_tier"": 3, ""selection_rank_of_pool"": ""1 of 2 eligible""}",V2,V1_INHERITED_LANDSAT,,0,NOT_RESELECTED_LANDSAT; all 27 D1 landed windows had observed coverage >= 0.999 under VALID r2
NP19_R00413-C00121_S1_2020_A,CNA10K-R00413-C00121,sentinel1,2020,PRIMARY,A,V2_ELIGIBLE,EVT-S1-e40a483448a23936,2020-10-15T09:56:07+00:00,289,AUTUMN_PRIMARY_V1_CANDIDATE,FULL_CELL_COVERED_ACTUAL_MASK_V2,ACTUAL_MASK_GTE_0P95,V2_DUALPOL_ACTUAL_MASK_INCL_EXTREME_FLOOR_OVER_EXPORT_GRID,1.0,,ASC,171,Sentinel-1B,S1B_IW_GRDH_1SDV_20201015T095607_20201015T095632_023822_02D450_A864,,,,,1,PILOT_EVENT_SELECTION_V2: actual observed mask >= 0.95 over the locked export grid; nominal geometry prefilter only; rank rules unchanged; no labels used,"{""v2_change"": ""KEPT_SAME_EVENT_PASSES_ACTUAL_MASK"", ""actual_observed_fraction"": 1.0, ""evidence_source"": ""LIVE_GEE_EXPORT_GRID"", ""rank_of_pick"": 1, ""n_candidates_evaluated"": 1, ""evaluated_fractions"": [{""rank"": 1, ""event_id"": ""EVT-S1-e40a483448a23936"", ""fraction"": 1.0, ""source"": ""LIVE_GEE_EXPORT_GRID""}]}",V2,KEPT_SAME_EVENT_PASSES_ACTUAL_MASK,1.0,1,LIVE_GEE_EXPORT_GRID
NP19_R00413-C00121_S1_2020_D,CNA10K-R00413-C00121,sentinel1,2020,PRIMARY,D,V2_ELIGIBLE,EVT-S1-1516443c77f429f3,2020-10-20T22:04:40+00:00,294,AUTUMN_PRIMARY_V1_CANDIDATE,FULL_CELL_COVERED_ACTUAL_MASK_V2,ACTUAL_MASK_GTE_0P95,V2_DUALPOL_ACTUAL_MASK_INCL_EXTREME_FLOOR_OVER_EXPORT_GRID,1.0,,DESC,76,Sentinel-1B,S1B_IW_GRDH_1SDV_20201020T220440_20201020T220505_023902_02D6DF_DF25,,,,,1,PILOT_EVENT_SELECTION_V2: actual observed mask >= 0.95 over the locked export grid; nominal geometry prefilter only; rank rules unchanged; no labels used,"{""v2_change"": ""KEPT_SAME_EVENT_PASSES_ACTUAL_MASK"", ""actual_observed_fraction"": 1.0, ""evidence_source"": ""LIVE_GEE_EXPORT_GRID"", ""rank_of_pick"": 1, ""n_candidates_evaluated"": 1, ""evaluated_fractions"": [{""rank"": 1, ""event_id"": ""EVT-S1-1516443c77f429f3"", ""fraction"": 1.0, ""source"": ""LIVE_GEE_EXPORT_GRID""}]}",V2,KEPT_SAME_EVENT_PASSES_ACTUAL_MASK,1.0,1,LIVE_GEE_EXPORT_GRID
NP19_R00413-C00121_S2_2020,CNA10K-R00413-C00121,sentinel2,2020,PRIMARY,DEFAULT,V2_ELIGIBLE,EVT-S2-b5daa51d6c24f005,2020-09-18T02:57:29.821000+00:00,262,AUTUMN_PRIMARY_V1_CANDIDATE,FULL_CELL_COVERED_ACTUAL_MASK_V2,ACTUAL_MASK_GTE_0P95,V2_SAME_DATATAKE_UNION_ACTUAL_SR_MASK_OVER_EXPORT_GRID,1.0,0.0010219399999999998,,,,20200918T024549_20200918T024547_T50SPG|20200918T024549_20200918T025730_T50SPG,S2B_MSIL2A_20200918T024549_N0500_R132_T50SPG_20230405T175958|S2B_MSIL2A_20200918T024549_N0500_R132_T50SPG_20230422T122420,50SPG,,,2,PILOT_EVENT_SELECTION_V2: actual observed mask >= 0.95 over the locked export grid; nominal geometry prefilter only; rank rules unchanged; no labels used,"{""v2_change"": ""KEPT_SAME_EVENT_PASSES_ACTUAL_MASK"", ""actual_observed_fraction"": 1.0, ""evidence_source"": ""LIVE_GEE_EXPORT_GRID"", ""rank_of_pick"": 1, ""n_candidates_evaluated"": 1, ""evaluated_fractions"": [{""rank"": 1, ""event_id"": ""EVT-S2-b5daa51d6c24f005"", ""fraction"": 1.0, ""source"": ""LIVE_GEE_EXPORT_GRID""}]}",V2,KEPT_SAME_EVENT_PASSES_ACTUAL_MASK,1.0,1,LIVE_GEE_EXPORT_GRID
NP19_R00413-C00121_S1_2021_A,CNA10K-R00413-C00121,sentinel1,2021,PRIMARY,A,V2_ELIGIBLE,EVT-S1-fd767c3968cb7eba,2021-10-16T09:57:09+00:00,289,AUTUMN_PRIMARY_V1_CANDIDATE,FULL_CELL_COVERED_ACTUAL_MASK_V2,ACTUAL_MASK_GTE_0P95,V2_DUALPOL_ACTUAL_MASK_INCL_EXTREME_FLOOR_OVER_EXPORT_GRID,1.0,,ASC,171,Sentinel-1A,S1A_IW_GRDH_1SDV_20211016T095709_20211016T095734_040143_04C109_5A7F,,,,,1,PILOT_EVENT_SELECTION_V2: actual observed mask >= 0.95 over the locked export grid; nominal geometry prefilter only; rank rules unchanged; no labels used,"{""v2_change"": ""KEPT_SAME_EVENT_PASSES_ACTUAL_MASK"", ""actual_observed_fraction"": 1.0, ""evidence_source"": ""LIVE_GEE_EXPORT_GRID"", ""rank_of_pick"": 1, ""n_candidates_evaluated"": 1, ""evaluated_fractions"": [{""rank"": 1, ""event_id"": ""EVT-S1-fd767c3968cb7eba"", ""fraction"": 1.0, ""source"": ""LIVE_GEE_EXPORT_GRID""}]}",V2,KEPT_SAME_EVENT_PASSES_ACTUAL_MASK,1.0,1,LIVE_GEE_EXPORT_GRID
NP19_R00413-C00121_S1_2021_D,CNA10K-R00413-C00121,sentinel1,2021,PRIMARY,D,V2_ELIGIBLE,EVT-S1-23e8813795d892e2,2021-10-15T22:04:46+00:00,288,AUTUMN_PRIMARY_V1_CANDIDATE,FULL_CELL_COVERED_ACTUAL_MASK_V2,ACTUAL_MASK_GTE_0P95,V2_DUALPOL_ACTUAL_MASK_INCL_EXTREME_FLOOR_OVER_EXPORT_GRID,1.0,,DESC,76,Sentinel-1B,S1B_IW_GRDH_1SDV_20211015T220446_20211015T220511_029152_037AA2_76C9,,,,,1,PILOT_EVENT_SELECTION_V2: actual observed mask >= 0.95 over the locked export grid; nominal geometry prefilter only; rank rules unchanged; no labels used,"{""v2_change"": ""KEPT_SAME_EVENT_PASSES_ACTUAL_MASK"", ""actual_observed_fraction"": 1.0, ""evidence_source"": ""LIVE_GEE_EXPORT_GRID"", ""rank_of_pick"": 1, ""n_candidates_evaluated"": 1, ""evaluated_fractions"": [{""rank"": 1, ""event_id"": ""EVT-S1-23e8813795d892e2"", ""fraction"": 1.0, ""source"": ""LIVE_GEE_EXPORT_GRID""}]}",V2,KEPT_SAME_EVENT_PASSES_ACTUAL_MASK,1.0,1,LIVE_GEE_EXPORT_GRID
NP19_R00413-C00121_S2_2021,CNA10K-R00413-C00121,sentinel2,2021,PRIMARY,DEFAULT,V2_ELIGIBLE,EVT-S2-e366785d99006e35,2021-11-12T02:57:27.785000+00:00,316,AUTUMN_PRIMARY_V1_CANDIDATE,FULL_CELL_COVERED_ACTUAL_MASK_V2,ACTUAL_MASK_GTE_0P95,V2_SAME_DATATAKE_UNION_ACTUAL_SR_MASK_OVER_EXPORT_GRID,1.0,0.00036515,,,,20211112T024939_20211112T024939_T50SPG,S2B_MSIL2A_20211112T024939_N0500_R132_T50SPG_20230104T112733,50SPG,,,1,PILOT_EVENT_SELECTION_V2: actual observed mask >= 0.95 over the locked export grid; nominal geometry prefilter only; rank rules unchanged; no labels used,"{""v2_change"": ""KEPT_SAME_EVENT_PASSES_ACTUAL_MASK"", ""actual_observed_fraction"": 1.0, ""evidence_source"": ""LIVE_GEE_EXPORT_GRID"", ""rank_of_pick"": 1, ""n_candidates_evaluated"": 1, ""evaluated_fractions"": [{""rank"": 1, ""event_id"": ""EVT-S2-e366785d99006e35"", ""fraction"": 1.0, ""source"": ""LIVE_GEE_EXPORT_GRID""}]}",V2,KEPT_SAME_EVENT_PASSES_ACTUAL_MASK,1.0,1,LIVE_GEE_EXPORT_GRID
NP19_R00413-C00121_L8_2021,CNA10K-R00413-C00121,landsat8,2021,SECONDARY,DEFAULT,SELECTED,EVT-L-f39730a6609f70a2,2021-11-12T00:00:00+00:00,316.0,AUTUMN_PRIMARY_V1_CANDIDATE,FULL_CELL_COVERED,STRICT_FULL,WRS2_NOMINAL_FRAME_FULL,1.0,0.0024,,,,LC08_121034_20211112,LC08_L2SP_121034_20211112_20211124_02_T1,,121.0,34.0,1.0,"predeclared policy: FULL_CELL_COVERED + autumn DOY 260-320 + scene cloud <= 0.30; rank = (cloud asc, |doy-290| asc, event_id asc)","{""coverage_tier"": ""STRICT_FULL"", ""n_autumn_events"": 3, ""n_eligible_after_gates"": 3, ""n_intersecting_events"": 20, ""n_pool_for_tier"": 3, ""selection_rank_of_pool"": ""1 of 3 eligible""}",V2,V1_INHERITED_LANDSAT,,0,NOT_RESELECTED_LANDSAT; all 27 D1 landed windows had observed coverage >= 0.999 under VALID r2
NP19_R00391-C00132_L5_1990,CNA10K-R00391-C00132,landsat5,1990,PRIMARY,DEFAULT,SELECTED,EVT-L-f10bd956bdff34dc,1990-10-15T00:00:00+00:00,288.0,AUTUMN_PRIMARY_V1_CANDIDATE,FULL_CELL_COVERED,STRICT_FULL,WRS2_NOMINAL_FRAME_FULL,1.0,0.0,,,,LT05_120035_19901015,LT05_L2SP_120035_19901015_20200915_02_T1,,120.0,35.0,1.0,"predeclared policy: FULL_CELL_COVERED + autumn DOY 260-320 + scene cloud <= 0.30; rank = (cloud asc, |doy-290| asc, event_id asc)","{""coverage_tier"": ""STRICT_FULL"", ""n_autumn_events"": 4, ""n_eligible_after_gates"": 2, ""n_intersecting_events"": 18, ""n_pool_for_tier"": 4, ""selection_rank_of_pool"": ""1 of 2 eligible""}",V2,V1_INHERITED_LANDSAT,,0,NOT_RESELECTED_LANDSAT; all 27 D1 landed windows had observed coverage >= 0.999 under VALID r2
NP19_R00391-C00132_L5_2000,CNA10K-R00391-C00132,landsat5,2000,PRIMARY,DEFAULT,SELECTED,EVT-L-ce5da4c4cbdcfbc8,2000-10-26T00:00:00+00:00,300.0,AUTUMN_PRIMARY_V1_CANDIDATE,FULL_CELL_COVERED,STRICT_FULL,WRS2_NOMINAL_FRAME_FULL,1.0,0.04,,,,LT05_120035_20001026,LT05_L2SP_120035_20001026_20200906_02_T1,,120.0,35.0,1.0,"predeclared policy: FULL_CELL_COVERED + autumn DOY 260-320 + scene cloud <= 0.30; rank = (cloud asc, |doy-290| asc, event_id asc)","{""coverage_tier"": ""STRICT_FULL"", ""n_autumn_events"": 4, ""n_eligible_after_gates"": 1, ""n_intersecting_events"": 18, ""n_pool_for_tier"": 4, ""selection_rank_of_pool"": ""1 of 1 eligible""}",V2,V1_INHERITED_LANDSAT,,0,NOT_RESELECTED_LANDSAT; all 27 D1 landed windows had observed coverage >= 0.999 under VALID r2
NP19_R00391-C00132_L8_2015,CNA10K-R00391-C00132,landsat8,2015,PRIMARY,DEFAULT,SELECTED,EVT-L-ecbd1c70b9042fff,2015-10-20T00:00:00+00:00,293.0,AUTUMN_PRIMARY_V1_CANDIDATE,FULL_CELL_COVERED,STRICT_FULL,WRS2_NOMINAL_FRAME_FULL,1.0,0.0949,,,,LC08_120035_20151020,LC08_L2SP_120035_20151020_20200908_02_T1,,120.0,35.0,1.0,"predeclared policy: FULL_CELL_COVERED + autumn DOY 260-320 + scene cloud <= 0.30; rank = (cloud asc, |doy-290| asc, event_id asc)","{""coverage_tier"": ""STRICT_FULL"", ""n_autumn_events"": 3, ""n_eligible_after_gates"": 1, ""n_intersecting_events"": 15, ""n_pool_for_tier"": 3, ""selection_rank_of_pool"": ""1 of 1 eligible""}",V2,V1_INHERITED_LANDSAT,,0,NOT_RESELECTED_LANDSAT; all 27 D1 landed windows had observed coverage >= 0.999 under VALID r2
,CNA10K-R00391-C00132,sentinel1,2015,SECONDARY,A,NO_SCENE,,,,,,,,,,,,,,,,,,,NO_ELIGIBLE_EVENT_ACTUAL_MASK: no candidate reached actual observed fraction >= 0.95; threshold not relaxed,"{""v2_change"": ""NO_SCENE_INHERITED"", ""best_fraction"": null, ""n_candidates_evaluated"": 0, ""evaluated_fractions"": []}",V2,NO_SCENE_INHERITED,,0,
,CNA10K-R00391-C00132,sentinel1,2015,SECONDARY,D,NO_SCENE,,,,,,,,,,,,,,,,,,,NO_ELIGIBLE_EVENT_ACTUAL_MASK: no candidate reached actual observed fraction >= 0.95; threshold not relaxed,"{""v2_change"": ""NO_SCENE_INHERITED"", ""best_fraction"": null, ""n_candidates_evaluated"": 0, ""evaluated_fractions"": []}",V2,NO_SCENE_INHERITED,,0,
,CNA10K-R00391-C00132,sentinel2,2015,SECONDARY,DEFAULT,NO_SCENE,,,,,,,,,,,,,,,,,,,NO_ELIGIBLE_EVENT_ACTUAL_MASK: no candidate reached actual observed fraction >= 0.95; threshold not relaxed,"{""v2_change"": ""NO_SCENE_INHERITED"", ""best_fraction"": null, ""n_candidates_evaluated"": 0, ""evaluated_fractions"": []}",V2,NO_SCENE_INHERITED,,0,
NP19_R00391-C00132_L8_2020,CNA10K-R00391-C00132,landsat8,2020,PRIMARY,DEFAULT,SELECTED,EVT-L-a80bce5f9d6957ce,2020-10-17T00:00:00+00:00,291.0,AUTUMN_PRIMARY_V1_CANDIDATE,FULL_CELL_COVERED,STRICT_FULL,WRS2_NOMINAL_FRAME_FULL,1.0,0.0027,,,,LC08_120035_20201017,LC08_L2SP_120035_20201017_20201105_02_T1,,120.0,35.0,1.0,"predeclared policy: FULL_CELL_COVERED + autumn DOY 260-320 + scene cloud <= 0.30; rank = (cloud asc, |doy-290| asc, event_id asc)","{""coverage_tier"": ""STRICT_FULL"", ""n_autumn_events"": 2, ""n_eligible_after_gates"": 1, ""n_intersecting_events"": 19, ""n_pool_for_tier"": 2, ""selection_rank_of_pool"": ""1 of 1 eligible""}",V2,V1_INHERITED_LANDSAT,,0,NOT_RESELECTED_LANDSAT; all 27 D1 landed windows had observed coverage >= 0.999 under VALID r2
NP19_R00391-C00132_S1_2020_A,CNA10K-R00391-C00132,sentinel1,2020,PRIMARY,A,V2_ELIGIBLE,EVT-S1-6008713afb3061c4,2020-10-15T09:55:42+00:00,289,AUTUMN_PRIMARY_V1_CANDIDATE,FULL_CELL_COVERED_ACTUAL_MASK_V2,ACTUAL_MASK_GTE_0P95,V2_DUALPOL_ACTUAL_MASK_INCL_EXTREME_FLOOR_OVER_EXPORT_GRID,1.0,,ASC,171,Sentinel-1B,S1B_IW_GRDH_1SDV_20201015T095542_20201015T095607_023822_02D450_8AA9,,,,,1,PILOT_EVENT_SELECTION_V2: actual observed mask >= 0.95 over the locked export grid; nominal geometry prefilter only; rank rules unchanged; no labels used,"{""v2_change"": ""KEPT_SAME_EVENT_PASSES_ACTUAL_MASK"", ""actual_observed_fraction"": 1.0, ""evidence_source"": ""LIVE_GEE_EXPORT_GRID"", ""rank_of_pick"": 1, ""n_candidates_evaluated"": 1, ""evaluated_fractions"": [{""rank"": 1, ""event_id"": ""EVT-S1-6008713afb3061c4"", ""fraction"": 1.0, ""source"": ""LIVE_GEE_EXPORT_GRID""}]}",V2,KEPT_SAME_EVENT_PASSES_ACTUAL_MASK,1.0,1,LIVE_GEE_EXPORT_GRID
NP19_R00391-C00132_S1_2020_D,CNA10K-R00391-C00132,sentinel1,2020,PRIMARY,D,V2_ELIGIBLE,EVT-S1-078060851cbb4f5a,2020-10-20T22:05:05+00:00,294,AUTUMN_PRIMARY_V1_CANDIDATE,FULL_CELL_COVERED_ACTUAL_MASK_V2,ACTUAL_MASK_GTE_0P95,V2_DUALPOL_ACTUAL_MASK_INCL_EXTREME_FLOOR_OVER_EXPORT_GRID,1.0,,DESC,76,Sentinel-1B,S1B_IW_GRDH_1SDV_20201020T220505_20201020T220530_023902_02D6DF_764A,,,,,1,PILOT_EVENT_SELECTION_V2: actual observed mask >= 0.95 over the locked export grid; nominal geometry prefilter only; rank rules unchanged; no labels used,"{""v2_change"": ""KEPT_SAME_EVENT_PASSES_ACTUAL_MASK"", ""actual_observed_fraction"": 1.0, ""evidence_source"": ""LIVE_GEE_EXPORT_GRID"", ""rank_of_pick"": 1, ""n_candidates_evaluated"": 1, ""evaluated_fractions"": [{""rank"": 1, ""event_id"": ""EVT-S1-078060851cbb4f5a"", ""fraction"": 1.0, ""source"": ""LIVE_GEE_EXPORT_GRID""}]}",V2,KEPT_SAME_EVENT_PASSES_ACTUAL_MASK,1.0,1,LIVE_GEE_EXPORT_GRID
NP19_R00391-C00132_S2_2020,CNA10K-R00391-C00132,sentinel2,2020,PRIMARY,DEFAULT,V2_ELIGIBLE,EVT-S2-b5daa51d6c24f005,2020-09-18T02:57:56.036000+00:00,262,AUTUMN_PRIMARY_V1_CANDIDATE,FULL_CELL_COVERED_ACTUAL_MASK_V2,ACTUAL_MASK_GTE_0P95,V2_SAME_DATATAKE_UNION_ACTUAL_SR_MASK_OVER_EXPORT_GRID,1.0,9.788e-05,,,,20200918T024549_20200918T025730_T50SQE|20200918T024549_20200918T025730_T51STV,S2B_MSIL2A_20200918T024549_N0500_R132_T50SQE_20230405T175958|S2B_MSIL2A_20200918T024549_N0500_R132_T51STV_20230405T175958,50SQE|51STV,,,2,PILOT_EVENT_SELECTION_V2: actual observed mask >= 0.95 over the locked export grid; nominal geometry prefilter only; rank rules unchanged; no labels used,"{""v2_change"": ""KEPT_SAME_EVENT_PASSES_ACTUAL_MASK"", ""actual_observed_fraction"": 1.0, ""evidence_source"": ""LIVE_GEE_EXPORT_GRID"", ""rank_of_pick"": 1, ""n_candidates_evaluated"": 1, ""evaluated_fractions"": [{""rank"": 1, ""event_id"": ""EVT-S2-b5daa51d6c24f005"", ""fraction"": 1.0, ""source"": ""LIVE_GEE_EXPORT_GRID""}]}",V2,KEPT_SAME_EVENT_PASSES_ACTUAL_MASK,1.0,1,LIVE_GEE_EXPORT_GRID
NP19_R00391-C00132_S1_2021_A,CNA10K-R00391-C00132,sentinel1,2021,PRIMARY,A,V2_ELIGIBLE,EVT-S1-2ea0d57aac17158d,2021-10-16T09:56:19+00:00,289,AUTUMN_PRIMARY_V1_CANDIDATE,FULL_CELL_COVERED_ACTUAL_MASK_V2,ACTUAL_MASK_GTE_0P95,V2_DUALPOL_ACTUAL_MASK_INCL_EXTREME_FLOOR_OVER_EXPORT_GRID,1.0,,ASC,171,Sentinel-1A,S1A_IW_GRDH_1SDV_20211016T095619_20211016T095644_040143_04C109_1A20,,,,,1,PILOT_EVENT_SELECTION_V2: actual observed mask >= 0.95 over the locked export grid; nominal geometry prefilter only; rank rules unchanged; no labels used,"{""v2_change"": ""KEPT_SAME_EVENT_PASSES_ACTUAL_MASK"", ""actual_observed_fraction"": 1.0, ""evidence_source"": ""LIVE_GEE_EXPORT_GRID"", ""rank_of_pick"": 1, ""n_candidates_evaluated"": 1, ""evaluated_fractions"": [{""rank"": 1, ""event_id"": ""EVT-S1-2ea0d57aac17158d"", ""fraction"": 1.0, ""source"": ""LIVE_GEE_EXPORT_GRID""}]}",V2,KEPT_SAME_EVENT_PASSES_ACTUAL_MASK,1.0,1,LIVE_GEE_EXPORT_GRID
NP19_R00391-C00132_S1_2021_D,CNA10K-R00391-C00132,sentinel1,2021,PRIMARY,D,V2_ELIGIBLE,EVT-S1-1f18a78e43db0295,2021-10-15T22:05:11+00:00,288,AUTUMN_PRIMARY_V1_CANDIDATE,FULL_CELL_COVERED_ACTUAL_MASK_V2,ACTUAL_MASK_GTE_0P95,V2_DUALPOL_ACTUAL_MASK_INCL_EXTREME_FLOOR_OVER_EXPORT_GRID,1.0,,DESC,76,Sentinel-1B,S1B_IW_GRDH_1SDV_20211015T220511_20211015T220536_029152_037AA2_701C,,,,,1,PILOT_EVENT_SELECTION_V2: actual observed mask >= 0.95 over the locked export grid; nominal geometry prefilter only; rank rules unchanged; no labels used,"{""v2_change"": ""KEPT_SAME_EVENT_PASSES_ACTUAL_MASK"", ""actual_observed_fraction"": 1.0, ""evidence_source"": ""LIVE_GEE_EXPORT_GRID"", ""rank_of_pick"": 1, ""n_candidates_evaluated"": 1, ""evaluated_fractions"": [{""rank"": 1, ""event_id"": ""EVT-S1-1f18a78e43db0295"", ""fraction"": 1.0, ""source"": ""LIVE_GEE_EXPORT_GRID""}]}",V2,KEPT_SAME_EVENT_PASSES_ACTUAL_MASK,1.0,1,LIVE_GEE_EXPORT_GRID
NP19_R00391-C00132_S2_2021,CNA10K-R00391-C00132,sentinel2,2021,PRIMARY,DEFAULT,V2_ELIGIBLE,EVT-S2-e366785d99006e35,2021-11-12T02:57:53.744000+00:00,316,AUTUMN_PRIMARY_V1_CANDIDATE,FULL_CELL_COVERED_ACTUAL_MASK_V2,ACTUAL_MASK_GTE_0P95,V2_SAME_DATATAKE_UNION_ACTUAL_SR_MASK_OVER_EXPORT_GRID,1.0,0.0281052,,,,20211112T024939_20211112T024939_T50SQE|20211112T024939_20211112T024939_T51STV,S2B_MSIL2A_20211112T024939_N0500_R132_T50SQE_20230104T112733|S2B_MSIL2A_20211112T024939_N0500_R132_T51STV_20230104T112733,50SQE|51STV,,,2,PILOT_EVENT_SELECTION_V2: actual observed mask >= 0.95 over the locked export grid; nominal geometry prefilter only; rank rules unchanged; no labels used,"{""v2_change"": ""REPLACED_V1_EVENT_FAILED_ACTUAL_MASK"", ""actual_observed_fraction"": 1.0, ""evidence_source"": ""LIVE_GEE_EXPORT_GRID"", ""rank_of_pick"": 3, ""n_candidates_evaluated"": 3, ""evaluated_fractions"": [{""rank"": 1, ""event_id"": ""EVT-S2-81b2792c0e993634"", ""fraction"": 0.0, ""source"": ""LIVE_GEE_EXPORT_GRID""}, {""rank"": 2, ""event_id"": ""EVT-S2-ef926c0b73a488f8"", ""fraction"": 0.0, ""source"": ""LIVE_GEE_EXPORT_GRID""}, {""rank"": 3, ""event_id"": ""EVT-S2-e366785d99006e35"", ""fraction"": 1.0, ""source"": ""LIVE_GEE_EXPORT_GRID""}]}",V2,REPLACED_V1_EVENT_FAILED_ACTUAL_MASK,1.0,3,LIVE_GEE_EXPORT_GRID
,CNA10K-R00391-C00132,landsat8,2021,SECONDARY,DEFAULT,NO_ELIGIBLE_EVENT,,,,,,,,,,,,,,,,,,,no eligible event after gates: 3 full-cover and 0 near-full (>=0.90) autumn events; scene cloud ceiling 0.30; full-cover events all cloudy; min cloud 0.724,"{""min_autumn_cloud_fraction"": 0.7243999999999999, ""n_autumn_events"": 3, ""n_full_cover_autumn_events"": 3, ""n_intersecting_events"": 20, ""n_near_full_autumn_events"": 0}",V2,V1_INHERITED_LANDSAT,,0,NOT_RESELECTED_LANDSAT; all 27 D1 landed windows had observed coverage >= 0.999 under VALID r2
,CNA10K-R00331-C00150,landsat5,1990,PRIMARY,DEFAULT,NO_ELIGIBLE_EVENT,,,,,,,,,,,,,,,,,,,no eligible event after gates: 1 full-cover and 0 near-full (>=0.90) autumn events; scene cloud ceiling 0.30; best nominal frame cover for a PARTIAL autumn event 0.8673 < 0.90; full-cover events all cloudy; min cloud 0.960,"{""min_autumn_cloud_fraction"": 0.0, ""n_autumn_events"": 2, ""n_full_cover_autumn_events"": 1, ""n_intersecting_events"": 26, ""n_near_full_autumn_events"": 0}",V2,V1_INHERITED_LANDSAT,,0,NOT_RESELECTED_LANDSAT; all 27 D1 landed windows had observed coverage >= 0.999 under VALID r2
NP19_R00331-C00150_L7_2000,CNA10K-R00331-C00150,landsat7,2000,PRIMARY,DEFAULT,SELECTED,EVT-L-0e569fc327b6492a,2000-09-18T00:00:00+00:00,262.0,AUTUMN_PRIMARY_V1_CANDIDATE,FULL_CELL_COVERED,STRICT_FULL,WRS2_NOMINAL_FRAME_FULL,1.0,0.0,,,,LE07_118039_20000918,LE07_L2SP_118039_20000918_20200918_02_T1,,118.0,39.0,1.0,"predeclared policy: FULL_CELL_COVERED + autumn DOY 260-320 + scene cloud <= 0.30; rank = (cloud asc, |doy-290| asc, event_id asc)","{""coverage_tier"": ""STRICT_FULL"", ""n_autumn_events"": 6, ""n_eligible_after_gates"": 3, ""n_intersecting_events"": 31, ""n_pool_for_tier"": 3, ""selection_rank_of_pool"": ""1 of 3 eligible""}",V2,V1_INHERITED_LANDSAT,,0,NOT_RESELECTED_LANDSAT; all 27 D1 landed windows had observed coverage >= 0.999 under VALID r2
NP19_R00331-C00150_L8_2015,CNA10K-R00331-C00150,landsat8,2015,PRIMARY,DEFAULT,SELECTED,EVT-L-dfa704e39ec9507f,2015-10-22T00:00:00+00:00,295.0,AUTUMN_PRIMARY_V1_CANDIDATE,FULL_CELL_COVERED,STRICT_FULL,WRS2_NOMINAL_FRAME_FULL,1.0,0.2487,,,,LC08_118039_20151022,LC08_L2SP_118039_20151022_20200908_02_T1,,118.0,39.0,1.0,"predeclared policy: FULL_CELL_COVERED + autumn DOY 260-320 + scene cloud <= 0.30; rank = (cloud asc, |doy-290| asc, event_id asc)","{""coverage_tier"": ""STRICT_FULL"", ""n_autumn_events"": 5, ""n_eligible_after_gates"": 1, ""n_intersecting_events"": 32, ""n_pool_for_tier"": 2, ""selection_rank_of_pool"": ""1 of 1 eligible""}",V2,V1_INHERITED_LANDSAT,,0,NOT_RESELECTED_LANDSAT; all 27 D1 landed windows had observed coverage >= 0.999 under VALID r2
NP19_R00331-C00150_S1_2015_A,CNA10K-R00331-C00150,sentinel1,2015,SECONDARY,A,V2_ELIGIBLE,EVT-S1-383213887b99e0f2,2015-10-12T09:54:04+00:00,285,AUTUMN_PRIMARY_V1_CANDIDATE,FULL_CELL_COVERED_ACTUAL_MASK_V2,ACTUAL_MASK_GTE_0P95,V2_DUALPOL_ACTUAL_MASK_INCL_EXTREME_FLOOR_OVER_EXPORT_GRID,1.0,,ASC,171,Sentinel-1A,S1A_IW_GRDH_1SDV_20151012T095404_20151012T095438_008118_00B62B_53AD,,,,,1,PILOT_EVENT_SELECTION_V2: actual observed mask >= 0.95 over the locked export grid; nominal geometry prefilter only; rank rules unchanged; no labels used,"{""v2_change"": ""KEPT_SAME_EVENT_PASSES_ACTUAL_MASK"", ""actual_observed_fraction"": 1.0, ""evidence_source"": ""LIVE_GEE_EXPORT_GRID"", ""rank_of_pick"": 1, ""n_candidates_evaluated"": 1, ""evaluated_fractions"": [{""rank"": 1, ""event_id"": ""EVT-S1-383213887b99e0f2"", ""fraction"": 1.0, ""source"": ""LIVE_GEE_EXPORT_GRID""}]}",V2,KEPT_SAME_EVENT_PASSES_ACTUAL_MASK,1.0,1,LIVE_GEE_EXPORT_GRID
,CNA10K-R00331-C00150,sentinel1,2015,SECONDARY,D,NO_SCENE,,,,,,,,,,,,,,,,,,,NO_ELIGIBLE_EVENT_ACTUAL_MASK: no candidate reached actual observed fraction >= 0.95; threshold not relaxed,"{""v2_change"": ""NO_SCENE_INHERITED"", ""best_fraction"": null, ""n_candidates_evaluated"": 0, ""evaluated_fractions"": []}",V2,NO_SCENE_INHERITED,,0,
,CNA10K-R00331-C00150,sentinel2,2015,SECONDARY,DEFAULT,NO_SCENE,,,,,,,,,,,,,,,,,,,NO_ELIGIBLE_EVENT_ACTUAL_MASK: no candidate reached actual observed fraction >= 0.95; threshold not relaxed,"{""v2_change"": ""NO_SCENE_INHERITED"", ""best_fraction"": null, ""n_candidates_evaluated"": 0, ""evaluated_fractions"": []}",V2,NO_SCENE_INHERITED,,0,
,CNA10K-R00331-C00150,landsat8,2020,PRIMARY,DEFAULT,NO_ELIGIBLE_EVENT,,,,,,,,,,,,,,,,,,,no eligible event after gates: 2 full-cover and 0 near-full (>=0.90) autumn events; scene cloud ceiling 0.30; best nominal frame cover for a PARTIAL autumn event 0.8673 < 0.90; full-cover events all cloudy; min cloud 0.594,"{""min_autumn_cloud_fraction"": 0.005600000000000001, ""n_autumn_events"": 6, ""n_full_cover_autumn_events"": 2, ""n_intersecting_events"": 32, ""n_near_full_autumn_events"": 0}",V2,V1_INHERITED_LANDSAT,,0,NOT_RESELECTED_LANDSAT; all 27 D1 landed windows had observed coverage >= 0.999 under VALID r2
NP19_R00331-C00150_S1_2020_A,CNA10K-R00331-C00150,sentinel1,2020,PRIMARY,A,V2_ELIGIBLE,EVT-S1-21b8aba39c255752,2020-10-15T09:53:58+00:00,289,AUTUMN_PRIMARY_V1_CANDIDATE,FULL_CELL_COVERED_ACTUAL_MASK_V2,ACTUAL_MASK_GTE_0P95,V2_DUALPOL_ACTUAL_MASK_INCL_EXTREME_FLOOR_OVER_EXPORT_GRID,1.0,,ASC,171,Sentinel-1B,S1B_IW_GRDH_1SDV_20201015T095358_20201015T095427_023822_02D450_3F0A,,,,,1,PILOT_EVENT_SELECTION_V2: actual observed mask >= 0.95 over the locked export grid; nominal geometry prefilter only; rank rules unchanged; no labels used,"{""v2_change"": ""KEPT_SAME_EVENT_PASSES_ACTUAL_MASK"", ""actual_observed_fraction"": 1.0, ""evidence_source"": ""LIVE_GEE_EXPORT_GRID"", ""rank_of_pick"": 1, ""n_candidates_evaluated"": 1, ""evaluated_fractions"": [{""rank"": 1, ""event_id"": ""EVT-S1-21b8aba39c255752"", ""fraction"": 1.0, ""source"": ""LIVE_GEE_EXPORT_GRID""}]}",V2,KEPT_SAME_EVENT_PASSES_ACTUAL_MASK,1.0,1,LIVE_GEE_EXPORT_GRID
,CNA10K-R00331-C00150,sentinel1,2020,PRIMARY,D,NO_SCENE,,,,,,,,,,,,,,,,,,,NO_ELIGIBLE_EVENT_ACTUAL_MASK: no candidate reached actual observed fraction >= 0.95; threshold not relaxed,"{""v2_change"": ""NO_SCENE_INHERITED"", ""best_fraction"": null, ""n_candidates_evaluated"": 0, ""evaluated_fractions"": []}",V2,NO_SCENE_INHERITED,,0,
NP19_R00331-C00150_S2_2020,CNA10K-R00331-C00150,sentinel2,2020,PRIMARY,DEFAULT,NO_ELIGIBLE_EVENT_ACTUAL_MASK,,,,,,,,,,,,,,,,,,,NO_ELIGIBLE_EVENT_ACTUAL_MASK: no candidate reached actual observed fraction >= 0.95; threshold not relaxed,"{""v2_change"": ""V1_SELECTED_BUT_NO_ELIGIBLE_ACTUAL_MASK"", ""best_fraction"": 0.907391673746814, ""n_candidates_evaluated"": 4, ""evaluated_fractions"": [{""rank"": 1, ""event_id"": ""EVT-S2-06986b89f7bada16"", ""fraction"": 0.907377624368425, ""source"": ""LIVE_GEE_EXPORT_GRID""}, {""rank"": 2, ""event_id"": ""EVT-S2-014481cb2ed808d8"", ""fraction"": 0.0, ""source"": ""LIVE_GEE_EXPORT_GRID""}, {""rank"": 3, ""event_id"": ""EVT-S2-4f1c873ca4368bda"", ""fraction"": 0.907391673746814, ""source"": ""LIVE_GEE_EXPORT_GRID""}, {""rank"": 4, ""event_id"": ""EVT-S2-e240e8fac24792ae"", ""fraction"": 0.0, ""source"": ""LIVE_GEE_EXPORT_GRID""}]}",V2,V1_SELECTED_BUT_NO_ELIGIBLE_ACTUAL_MASK,0.907391673746814,4,
NP19_R00331-C00150_S1_2021_A,CNA10K-R00331-C00150,sentinel1,2021,PRIMARY,A,V2_ELIGIBLE,EVT-S1-721d8b16479b63f5,2021-10-16T09:55:04+00:00,289,AUTUMN_PRIMARY_V1_CANDIDATE,FULL_CELL_COVERED_ACTUAL_MASK_V2,ACTUAL_MASK_GTE_0P95,V2_DUALPOL_ACTUAL_MASK_INCL_EXTREME_FLOOR_OVER_EXPORT_GRID,1.0,,ASC,171,Sentinel-1A,S1A_IW_GRDH_1SDV_20211016T095504_20211016T095529_040143_04C109_88FE,,,,,1,PILOT_EVENT_SELECTION_V2: actual observed mask >= 0.95 over the locked export grid; nominal geometry prefilter only; rank rules unchanged; no labels used,"{""v2_change"": ""KEPT_SAME_EVENT_PASSES_ACTUAL_MASK"", ""actual_observed_fraction"": 1.0, ""evidence_source"": ""LIVE_GEE_EXPORT_GRID"", ""rank_of_pick"": 1, ""n_candidates_evaluated"": 1, ""evaluated_fractions"": [{""rank"": 1, ""event_id"": ""EVT-S1-721d8b16479b63f5"", ""fraction"": 1.0, ""source"": ""LIVE_GEE_EXPORT_GRID""}]}",V2,KEPT_SAME_EVENT_PASSES_ACTUAL_MASK,1.0,1,LIVE_GEE_EXPORT_GRID
,CNA10K-R00331-C00150,sentinel1,2021,PRIMARY,D,NO_SCENE,,,,,,,,,,,,,,,,,,,NO_ELIGIBLE_EVENT_ACTUAL_MASK: no candidate reached actual observed fraction >= 0.95; threshold not relaxed,"{""v2_change"": ""NO_SCENE_INHERITED"", ""best_fraction"": null, ""n_candidates_evaluated"": 0, ""evaluated_fractions"": []}",V2,NO_SCENE_INHERITED,,0,
NP19_R00331-C00150_S2_2021,CNA10K-R00331-C00150,sentinel2,2021,PRIMARY,DEFAULT,NO_ELIGIBLE_EVENT_ACTUAL_MASK,,,,,,,,,,,,,,,,,,,NO_ELIGIBLE_EVENT_ACTUAL_MASK: no candidate reached actual observed fraction >= 0.95; threshold not relaxed,"{""v2_change"": ""V1_SELECTED_BUT_NO_ELIGIBLE_ACTUAL_MASK"", ""best_fraction"": 0.907391673746814, ""n_candidates_evaluated"": 10, ""evaluated_fractions"": [{""rank"": 1, ""event_id"": ""EVT-S2-42eb33abdc3126d0"", ""fraction"": 0.0, ""source"": ""LIVE_GEE_EXPORT_GRID""}, {""rank"": 2, ""event_id"": ""EVT-S2-2804d7904a4dae97"", ""fraction"": 0.0, ""source"": ""LIVE_GEE_EXPORT_GRID""}, {""rank"": 3, ""event_id"": ""EVT-S2-81b2792c0e993634"", ""fraction"": 0.907391673746814, ""source"": ""LIVE_GEE_EXPORT_GRID""}, {""rank"": 4, ""event_id"": ""EVT-S2-da930984f8b8ac35"", ""fraction"": 0.907391673746814, ""source"": ""LIVE_GEE_EXPORT_GRID""}, {""rank"": 5, ""event_id"": ""EVT-S2-ed3e1234467f68b9"", ""fraction"": 0.9073887159829426, ""source"": ""LIVE_GEE_EXPORT_GRID""}, {""rank"": 6, ""event_id"": ""EVT-S2-d9414b9bc716452f"", ""fraction"": 0.2548853016142736, ""source"": ""LIVE_GEE_EXPORT_GRID""}, {""rank"": 7, ""event_id"": ""EVT-S2-a4f8e16f67b8d98d"", ""fraction"": 0.0, ""source"": ""LIVE_GEE_EXPORT_GRID""}, {""rank"": 8, ""event_id"": ""EVT-S2-a5a57a55900b4fdd"", ""fraction"": 0.907391673746814, ""source"": ""LIVE_GEE_EXPORT_GRID""}, {""rank"": 9, ""event_id"": ""EVT-S2-8bc8055195780099"", ""fraction"": 0.0, ""source"": ""LIVE_GEE_EXPORT_GRID""}, {""rank"": 10, ""event_id"": ""EVT-S2-89ed689fd75fb674"", ""fraction"": 0.0, ""source"": ""LIVE_GEE_EXPORT_GRID""}]}",V2,V1_SELECTED_BUT_NO_ELIGIBLE_ACTUAL_MASK,0.907391673746814,10,
NP19_R00331-C00150_L8_2021,CNA10K-R00331-C00150,landsat8,2021,SECONDARY,DEFAULT,SELECTED,EVT-L-aa9b47b1e3f5cd02,2021-09-20T00:00:00+00:00,263.0,AUTUMN_PRIMARY_V1_CANDIDATE,FULL_CELL_COVERED,STRICT_FULL,WRS2_NOMINAL_FRAME_FULL,1.0,0.2026,,,,LC08_118039_20210920,LC08_L2SP_118039_20210920_20210925_02_T1,,118.0,39.0,1.0,"predeclared policy: FULL_CELL_COVERED + autumn DOY 260-320 + scene cloud <= 0.30; rank = (cloud asc, |doy-290| asc, event_id asc)","{""coverage_tier"": ""STRICT_FULL"", ""n_autumn_events"": 7, ""n_eligible_after_gates"": 1, ""n_intersecting_events"": 32, ""n_pool_for_tier"": 4, ""selection_rank_of_pool"": ""1 of 1 eligible""}",V2,V1_INHERITED_LANDSAT,,0,NOT_RESELECTED_LANDSAT; all 27 D1 landed windows had observed coverage >= 0.999 under VALID r2
NP19_R00347-C00151_L5_1990,CNA10K-R00347-C00151,landsat5,1990,PRIMARY,DEFAULT,SELECTED,EVT-L-283fb599564b0d9b,1990-10-08T00:00:00+00:00,281.0,AUTUMN_PRIMARY_V1_CANDIDATE,PARTIAL_CELL_OVERLAP,NEAR_FULL_NOMINAL_TOLERANCE,WRS2_NOMINAL_FRAME_NEAR_FULL_TOLERANCE_V1,0.9003674085936562,0.04,,,,LT05_119038_19901008,LT05_L2SP_119038_19901008_20200915_02_T1,,119.0,38.0,1.0,"no strict-full cloud-eligible autumn scene; predeclared near-full tolerance (nominal WRS-2 frame cover >= 0.90) + autumn DOY 260-320 + scene cloud <= 0.30; rank = (cloud asc, |doy-290| asc, event_id asc); Phase H geometric gate applies","{""coverage_tier"": ""NEAR_FULL_NOMINAL_TOLERANCE"", ""n_autumn_events"": 2, ""n_eligible_after_gates"": 1, ""n_intersecting_events"": 24, ""n_pool_for_tier"": 1, ""nominal_coverage_fraction"": 0.9003674085936562, ""post_export_gate"": {""measure"": ""geometric valid fraction (QA_PIXEL fill bit clear) over the landed export grid"", ""min_required"": 0.95, ""on_fail"": ""product marked GEOMETRY_FAIL and excluded"", ""phase"": ""H""}, ""selection_rank_of_pool"": ""1 of 1 eligible""}",V2,V1_INHERITED_LANDSAT,,0,NOT_RESELECTED_LANDSAT; all 27 D1 landed windows had observed coverage >= 0.999 under VALID r2
NP19_R00347-C00151_L5_2000,CNA10K-R00347-C00151,landsat5,2000,PRIMARY,DEFAULT,SELECTED,EVT-L-658fd56a66e2922f,2000-09-17T00:00:00+00:00,261.0,AUTUMN_PRIMARY_V1_CANDIDATE,PARTIAL_CELL_OVERLAP,NEAR_FULL_NOMINAL_TOLERANCE,WRS2_NOMINAL_FRAME_NEAR_FULL_TOLERANCE_V1,0.9003674085936562,0.01,,,,LT05_119038_20000917,LT05_L2SP_119038_20000917_20200906_02_T1,,119.0,38.0,1.0,"no strict-full cloud-eligible autumn scene; predeclared near-full tolerance (nominal WRS-2 frame cover >= 0.90) + autumn DOY 260-320 + scene cloud <= 0.30; rank = (cloud asc, |doy-290| asc, event_id asc); Phase H geometric gate applies","{""coverage_tier"": ""NEAR_FULL_NOMINAL_TOLERANCE"", ""n_autumn_events"": 5, ""n_eligible_after_gates"": 2, ""n_intersecting_events"": 35, ""n_pool_for_tier"": 3, ""nominal_coverage_fraction"": 0.9003674085936562, ""post_export_gate"": {""measure"": ""geometric valid fraction (QA_PIXEL fill bit clear) over the landed export grid"", ""min_required"": 0.95, ""on_fail"": ""product marked GEOMETRY_FAIL and excluded"", ""phase"": ""H""}, ""selection_rank_of_pool"": ""1 of 2 eligible""}",V2,V1_INHERITED_LANDSAT,,0,NOT_RESELECTED_LANDSAT; all 27 D1 landed windows had observed coverage >= 0.999 under VALID r2
NP19_R00347-C00151_L8_2015,CNA10K-R00347-C00151,landsat8,2015,PRIMARY,DEFAULT,SELECTED,EVT-L-55163a3a9a14a4b8,2015-10-22T00:00:00+00:00,295.0,AUTUMN_PRIMARY_V1_CANDIDATE,FULL_CELL_COVERED,STRICT_FULL,WRS2_NOMINAL_FRAME_FULL,1.0,0.1402999999999999,,,,LC08_118038_20151022,LC08_L2SP_118038_20151022_20200908_02_T1,,118.0,38.0,1.0,"predeclared policy: FULL_CELL_COVERED + autumn DOY 260-320 + scene cloud <= 0.30; rank = (cloud asc, |doy-290| asc, event_id asc)","{""coverage_tier"": ""STRICT_FULL"", ""n_autumn_events"": 6, ""n_eligible_after_gates"": 2, ""n_intersecting_events"": 31, ""n_pool_for_tier"": 3, ""selection_rank_of_pool"": ""1 of 2 eligible""}",V2,V1_INHERITED_LANDSAT,,0,NOT_RESELECTED_LANDSAT; all 27 D1 landed windows had observed coverage >= 0.999 under VALID r2
NP19_R00347-C00151_S1_2015_A,CNA10K-R00347-C00151,sentinel1,2015,SECONDARY,A,V2_ELIGIBLE,EVT-S1-5ad5298373730214,2015-09-18T09:54:28+00:00,261,AUTUMN_PRIMARY_V1_CANDIDATE,FULL_CELL_COVERED_ACTUAL_MASK_V2,ACTUAL_MASK_GTE_0P95,V2_DUALPOL_ACTUAL_MASK_INCL_EXTREME_FLOOR_OVER_EXPORT_GRID,1.0,,ASC,171,Sentinel-1A,S1A_IW_GRDH_1SDV_20150918T095428_20150918T095453_007768_00ACD0_1804,,,,,1,PILOT_EVENT_SELECTION_V2: actual observed mask >= 0.95 over the locked export grid; nominal geometry prefilter only; rank rules unchanged; no labels used,"{""v2_change"": ""KEPT_SAME_EVENT_PASSES_ACTUAL_MASK"", ""actual_observed_fraction"": 1.0, ""evidence_source"": ""LANDED_BYTES"", ""rank_of_pick"": 1, ""n_candidates_evaluated"": 1, ""evaluated_fractions"": [{""rank"": 1, ""event_id"": ""EVT-S1-5ad5298373730214"", ""fraction"": 1.0, ""source"": ""LANDED_BYTES""}]}",V2,KEPT_SAME_EVENT_PASSES_ACTUAL_MASK,1.0,1,LANDED_BYTES
,CNA10K-R00347-C00151,sentinel1,2015,SECONDARY,D,NO_SCENE,,,,,,,,,,,,,,,,,,,NO_ELIGIBLE_EVENT_ACTUAL_MASK: no candidate reached actual observed fraction >= 0.95; threshold not relaxed,"{""v2_change"": ""NO_SCENE_INHERITED"", ""best_fraction"": null, ""n_candidates_evaluated"": 0, ""evaluated_fractions"": []}",V2,NO_SCENE_INHERITED,,0,
,CNA10K-R00347-C00151,sentinel2,2015,SECONDARY,DEFAULT,NO_SCENE,,,,,,,,,,,,,,,,,,,NO_ELIGIBLE_EVENT_ACTUAL_MASK: no candidate reached actual observed fraction >= 0.95; threshold not relaxed,"{""v2_change"": ""NO_SCENE_INHERITED"", ""best_fraction"": null, ""n_candidates_evaluated"": 0, ""evaluated_fractions"": []}",V2,NO_SCENE_INHERITED,,0,
NP19_R00347-C00151_L8_2020,CNA10K-R00347-C00151,landsat8,2020,PRIMARY,DEFAULT,SELECTED,EVT-L-a2252467549bb823,2020-11-11T00:00:00+00:00,316.0,AUTUMN_PRIMARY_V1_CANDIDATE,PARTIAL_CELL_OVERLAP,NEAR_FULL_NOMINAL_TOLERANCE,WRS2_NOMINAL_FRAME_NEAR_FULL_TOLERANCE_V1,0.9003674085936562,0.1061999999999999,,,,LC08_119038_20201111,LC08_L2SP_119038_20201111_20210316_02_T1,,119.0,38.0,1.0,"no strict-full cloud-eligible autumn scene; predeclared near-full tolerance (nominal WRS-2 frame cover >= 0.90) + autumn DOY 260-320 + scene cloud <= 0.30; rank = (cloud asc, |doy-290| asc, event_id asc); Phase H geometric gate applies","{""coverage_tier"": ""NEAR_FULL_NOMINAL_TOLERANCE"", ""n_autumn_events"": 5, ""n_eligible_after_gates"": 3, ""n_intersecting_events"": 32, ""n_pool_for_tier"": 4, ""nominal_coverage_fraction"": 0.9003674085936562, ""post_export_gate"": {""measure"": ""geometric valid fraction (QA_PIXEL fill bit clear) over the landed export grid"", ""min_required"": 0.95, ""on_fail"": ""product marked GEOMETRY_FAIL and excluded"", ""phase"": ""H""}, ""selection_rank_of_pool"": ""1 of 3 eligible""}",V2,V1_INHERITED_LANDSAT,,0,NOT_RESELECTED_LANDSAT; all 27 D1 landed windows had observed coverage >= 0.999 under VALID r2
NP19_R00347-C00151_S1_2020_A,CNA10K-R00347-C00151,sentinel1,2020,PRIMARY,A,V2_ELIGIBLE,EVT-S1-5e515419d097e7e3,2020-10-15T09:54:27+00:00,289,AUTUMN_PRIMARY_V1_CANDIDATE,FULL_CELL_COVERED_ACTUAL_MASK_V2,ACTUAL_MASK_GTE_0P95,V2_DUALPOL_ACTUAL_MASK_INCL_EXTREME_FLOOR_OVER_EXPORT_GRID,1.0,,ASC,171,Sentinel-1B,S1B_IW_GRDH_1SDV_20201015T095427_20201015T095452_023822_02D450_70EA,,,,,1,PILOT_EVENT_SELECTION_V2: actual observed mask >= 0.95 over the locked export grid; nominal geometry prefilter only; rank rules unchanged; no labels used,"{""v2_change"": ""KEPT_SAME_EVENT_PASSES_ACTUAL_MASK"", ""actual_observed_fraction"": 1.0, ""evidence_source"": ""LIVE_GEE_EXPORT_GRID"", ""rank_of_pick"": 1, ""n_candidates_evaluated"": 1, ""evaluated_fractions"": [{""rank"": 1, ""event_id"": ""EVT-S1-5e515419d097e7e3"", ""fraction"": 1.0, ""source"": ""LIVE_GEE_EXPORT_GRID""}]}",V2,KEPT_SAME_EVENT_PASSES_ACTUAL_MASK,1.0,1,LIVE_GEE_EXPORT_GRID
,CNA10K-R00347-C00151,sentinel1,2020,PRIMARY,D,NO_SCENE,,,,,,,,,,,,,,,,,,,NO_ELIGIBLE_EVENT_ACTUAL_MASK: no candidate reached actual observed fraction >= 0.95; threshold not relaxed,"{""v2_change"": ""NO_SCENE_INHERITED"", ""best_fraction"": null, ""n_candidates_evaluated"": 0, ""evaluated_fractions"": []}",V2,NO_SCENE_INHERITED,,0,
NP19_R00347-C00151_S2_2020,CNA10K-R00347-C00151,sentinel2,2020,PRIMARY,DEFAULT,V2_ELIGIBLE,EVT-S2-8b122a0c8574b197,2020-10-30T02:49:09.612000+00:00,304,AUTUMN_PRIMARY_V1_CANDIDATE,FULL_CELL_COVERED_ACTUAL_MASK_V2,ACTUAL_MASK_GTE_0P95,V2_SAME_DATATAKE_UNION_ACTUAL_SR_MASK_OVER_EXPORT_GRID,1.0,0.03943378,,,,20201030T023831_20201030T023833_T51RUQ|20201030T023831_20201030T023833_T51SUR,S2A_MSIL2A_20201030T023831_N0500_R089_T51RUQ_20230414T211702|S2A_MSIL2A_20201030T023831_N0500_R089_T51SUR_20230414T211702,51RUQ|51SUR,,,2,PILOT_EVENT_SELECTION_V2: actual observed mask >= 0.95 over the locked export grid; nominal geometry prefilter only; rank rules unchanged; no labels used,"{""v2_change"": ""KEPT_SAME_EVENT_PASSES_ACTUAL_MASK"", ""actual_observed_fraction"": 1.0, ""evidence_source"": ""LIVE_GEE_EXPORT_GRID"", ""rank_of_pick"": 2, ""n_candidates_evaluated"": 2, ""evaluated_fractions"": [{""rank"": 1, ""event_id"": ""EVT-S2-92c0794ab7812838"", ""fraction"": 0.0, ""source"": ""LIVE_GEE_EXPORT_GRID""}, {""rank"": 2, ""event_id"": ""EVT-S2-8b122a0c8574b197"", ""fraction"": 1.0, ""source"": ""LIVE_GEE_EXPORT_GRID""}]}",V2,KEPT_SAME_EVENT_PASSES_ACTUAL_MASK,1.0,2,LIVE_GEE_EXPORT_GRID
NP19_R00347-C00151_S1_2021_A,CNA10K-R00347-C00151,sentinel1,2021,PRIMARY,A,V2_ELIGIBLE,EVT-S1-a95cf9a7d8289f25,2021-10-22T09:54:33+00:00,295,AUTUMN_PRIMARY_V1_CANDIDATE,FULL_CELL_COVERED_ACTUAL_MASK_V2,ACTUAL_MASK_GTE_0P95,V2_DUALPOL_ACTUAL_MASK_INCL_EXTREME_FLOOR_OVER_EXPORT_GRID,1.0,,ASC,171,Sentinel-1B,S1B_IW_GRDH_1SDV_20211022T095433_20211022T095458_029247_037D88_6B44,,,,,1,PILOT_EVENT_SELECTION_V2: actual observed mask >= 0.95 over the locked export grid; nominal geometry prefilter only; rank rules unchanged; no labels used,"{""v2_change"": ""REPLACED_V1_EVENT_FAILED_ACTUAL_MASK"", ""actual_observed_fraction"": 1.0, ""evidence_source"": ""LIVE_GEE_EXPORT_GRID"", ""rank_of_pick"": 3, ""n_candidates_evaluated"": 3, ""evaluated_fractions"": [{""rank"": 1, ""event_id"": ""EVT-S1-721d8b16479b63f5"", ""fraction"": 0.19422517104310433, ""source"": ""LIVE_GEE_EXPORT_GRID""}, {""rank"": 2, ""event_id"": ""EVT-S1-f60150e387cd6f3c"", ""fraction"": 0.8046362655712027, ""source"": ""LIVE_GEE_EXPORT_GRID""}, {""rank"": 3, ""event_id"": ""EVT-S1-a95cf9a7d8289f25"", ""fraction"": 1.0, ""source"": ""LIVE_GEE_EXPORT_GRID""}]}",V2,REPLACED_V1_EVENT_FAILED_ACTUAL_MASK,1.0,3,LIVE_GEE_EXPORT_GRID
,CNA10K-R00347-C00151,sentinel1,2021,PRIMARY,D,NO_SCENE,,,,,,,,,,,,,,,,,,,NO_ELIGIBLE_EVENT_ACTUAL_MASK: no candidate reached actual observed fraction >= 0.95; threshold not relaxed,"{""v2_change"": ""NO_SCENE_INHERITED"", ""best_fraction"": null, ""n_candidates_evaluated"": 0, ""evaluated_fractions"": []}",V2,NO_SCENE_INHERITED,,0,
NP19_R00347-C00151_S2_2021,CNA10K-R00347-C00151,sentinel2,2021,PRIMARY,DEFAULT,V2_ELIGIBLE,EVT-S2-81b2792c0e993634,2021-11-14T02:49:05.906000+00:00,318,AUTUMN_PRIMARY_V1_CANDIDATE,FULL_CELL_COVERED_ACTUAL_MASK_V2,ACTUAL_MASK_GTE_0P95,V2_SAME_DATATAKE_UNION_ACTUAL_SR_MASK_OVER_EXPORT_GRID,0.9999977834586911,0.00026198,,,,20211114T023951_20211114T023947_T51RUQ|20211114T023951_20211114T023947_T51SUR,S2A_MSIL2A_20211114T023951_N0500_R089_T51RUQ_20230107T061233|S2A_MSIL2A_20211114T023951_N0500_R089_T51SUR_20230107T061233,51RUQ|51SUR,,,2,PILOT_EVENT_SELECTION_V2: actual observed mask >= 0.95 over the locked export grid; nominal geometry prefilter only; rank rules unchanged; no labels used,"{""v2_change"": ""REPLACED_V1_EVENT_FAILED_ACTUAL_MASK"", ""actual_observed_fraction"": 0.9999977834586911, ""evidence_source"": ""LIVE_GEE_EXPORT_GRID"", ""rank_of_pick"": 3, ""n_candidates_evaluated"": 3, ""evaluated_fractions"": [{""rank"": 1, ""event_id"": ""EVT-S2-2804d7904a4dae97"", ""fraction"": 0.0, ""source"": ""LIVE_GEE_EXPORT_GRID""}, {""rank"": 2, ""event_id"": ""EVT-S2-d8c8812e15dc9e3d"", ""fraction"": 0.0, ""source"": ""LIVE_GEE_EXPORT_GRID""}, {""rank"": 3, ""event_id"": ""EVT-S2-81b2792c0e993634"", ""fraction"": 0.9999977834586911, ""source"": ""LIVE_GEE_EXPORT_GRID""}]}",V2,REPLACED_V1_EVENT_FAILED_ACTUAL_MASK,0.9999977834586911,3,LIVE_GEE_EXPORT_GRID
NP19_R00347-C00151_L8_2021,CNA10K-R00347-C00151,landsat8,2021,SECONDARY,DEFAULT,SELECTED,EVT-L-83115ecc2d22e985,2021-10-06T00:00:00+00:00,279.0,AUTUMN_PRIMARY_V1_CANDIDATE,FULL_CELL_COVERED,STRICT_FULL,WRS2_NOMINAL_FRAME_FULL,1.0,0.2689999999999999,,,,LC08_118038_20211006,LC08_L2SP_118038_20211006_20211013_02_T1,,118.0,38.0,1.0,"predeclared policy: FULL_CELL_COVERED + autumn DOY 260-320 + scene cloud <= 0.30; rank = (cloud asc, |doy-290| asc, event_id asc)","{""coverage_tier"": ""STRICT_FULL"", ""n_autumn_events"": 7, ""n_eligible_after_gates"": 1, ""n_intersecting_events"": 34, ""n_pool_for_tier"": 4, ""selection_rank_of_pool"": ""1 of 1 eligible""}",V2,V1_INHERITED_LANDSAT,,0,NOT_RESELECTED_LANDSAT; all 27 D1 landed windows had observed coverage >= 0.999 under VALID r2
NP19_R00236-C00083_L5_1990,CNA10K-R00236-C00083,landsat5,1990,PRIMARY,DEFAULT,SELECTED,EVT-L-1f5d83bceeff5613,1990-10-29T00:00:00+00:00,302.0,AUTUMN_PRIMARY_V1_CANDIDATE,PARTIAL_CELL_OVERLAP,NEAR_FULL_NOMINAL_TOLERANCE,WRS2_NOMINAL_FRAME_NEAR_FULL_TOLERANCE_V1,0.9427119172108176,0.27,,,,LT05_122045_19901029,LT05_L2SP_122045_19901029_20200915_02_T1,,122.0,45.0,1.0,"no strict-full cloud-eligible autumn scene; predeclared near-full tolerance (nominal WRS-2 frame cover >= 0.90) + autumn DOY 260-320 + scene cloud <= 0.30; rank = (cloud asc, |doy-290| asc, event_id asc); Phase H geometric gate applies","{""coverage_tier"": ""NEAR_FULL_NOMINAL_TOLERANCE"", ""n_autumn_events"": 6, ""n_eligible_after_gates"": 1, ""n_intersecting_events"": 19, ""n_pool_for_tier"": 3, ""nominal_coverage_fraction"": 0.9427119172108176, ""post_export_gate"": {""measure"": ""geometric valid fraction (QA_PIXEL fill bit clear) over the landed export grid"", ""min_required"": 0.95, ""on_fail"": ""product marked GEOMETRY_FAIL and excluded"", ""phase"": ""H""}, ""selection_rank_of_pool"": ""1 of 1 eligible""}",V2,V1_INHERITED_LANDSAT,,0,NOT_RESELECTED_LANDSAT; all 27 D1 landed windows had observed coverage >= 0.999 under VALID r2
NP19_R00236-C00083_L5_2000,CNA10K-R00236-C00083,landsat5,2000,PRIMARY,DEFAULT,SELECTED,EVT-L-dc0400ee11b00cf7,2000-10-24T00:00:00+00:00,298.0,AUTUMN_PRIMARY_V1_CANDIDATE,PARTIAL_CELL_OVERLAP,NEAR_FULL_NOMINAL_TOLERANCE,WRS2_NOMINAL_FRAME_NEAR_FULL_TOLERANCE_V1,0.9427119172108176,0.07,,,,LT05_122045_20001024,LT05_L2SP_122045_20001024_20200906_02_T1,,122.0,45.0,1.0,"no strict-full cloud-eligible autumn scene; predeclared near-full tolerance (nominal WRS-2 frame cover >= 0.90) + autumn DOY 260-320 + scene cloud <= 0.30; rank = (cloud asc, |doy-290| asc, event_id asc); Phase H geometric gate applies","{""coverage_tier"": ""NEAR_FULL_NOMINAL_TOLERANCE"", ""n_autumn_events"": 6, ""n_eligible_after_gates"": 2, ""n_intersecting_events"": 34, ""n_pool_for_tier"": 3, ""nominal_coverage_fraction"": 0.9427119172108176, ""post_export_gate"": {""measure"": ""geometric valid fraction (QA_PIXEL fill bit clear) over the landed export grid"", ""min_required"": 0.95, ""on_fail"": ""product marked GEOMETRY_FAIL and excluded"", ""phase"": ""H""}, ""selection_rank_of_pool"": ""1 of 2 eligible""}",V2,V1_INHERITED_LANDSAT,,0,NOT_RESELECTED_LANDSAT; all 27 D1 landed windows had observed coverage >= 0.999 under VALID r2
NP19_R00236-C00083_L8_2015,CNA10K-R00236-C00083,landsat8,2015,PRIMARY,DEFAULT,SELECTED,EVT-L-e470cb62fc6c4c2b,2015-10-18T00:00:00+00:00,291.0,AUTUMN_PRIMARY_V1_CANDIDATE,PARTIAL_CELL_OVERLAP,NEAR_FULL_NOMINAL_TOLERANCE,WRS2_NOMINAL_FRAME_NEAR_FULL_TOLERANCE_V1,0.9427119172108176,0.1780999999999999,,,,LC08_122045_20151018,LC08_L2SP_122045_20151018_20200908_02_T1,,122.0,45.0,1.0,"no strict-full cloud-eligible autumn scene; predeclared near-full tolerance (nominal WRS-2 frame cover >= 0.90) + autumn DOY 260-320 + scene cloud <= 0.30; rank = (cloud asc, |doy-290| asc, event_id asc); Phase H geometric gate applies","{""coverage_tier"": ""NEAR_FULL_NOMINAL_TOLERANCE"", ""n_autumn_events"": 6, ""n_eligible_after_gates"": 1, ""n_intersecting_events"": 36, ""n_pool_for_tier"": 3, ""nominal_coverage_fraction"": 0.9427119172108176, ""post_export_gate"": {""measure"": ""geometric valid fraction (QA_PIXEL fill bit clear) over the landed export grid"", ""min_required"": 0.95, ""on_fail"": ""product marked GEOMETRY_FAIL and excluded"", ""phase"": ""H""}, ""selection_rank_of_pool"": ""1 of 1 eligible""}",V2,V1_INHERITED_LANDSAT,,0,NOT_RESELECTED_LANDSAT; all 27 D1 landed windows had observed coverage >= 0.999 under VALID r2
NP19_R00236-C00083_S1_2015_A,CNA10K-R00236-C00083,sentinel1,2015,SECONDARY,A,V2_ELIGIBLE,EVT-S1-bd1dbd33f29795d3,2015-10-13T10:33:16+00:00,286,AUTUMN_PRIMARY_V1_CANDIDATE,FULL_CELL_COVERED_ACTUAL_MASK_V2,ACTUAL_MASK_GTE_0P95,V2_DUALPOL_ACTUAL_MASK_INCL_EXTREME_FLOOR_OVER_EXPORT_GRID,1.0,,ASC,11,Sentinel-1A,S1A_IW_GRDH_1SDV_20151013T103316_20151013T103345_008133_00B69F_093F,,,,,1,PILOT_EVENT_SELECTION_V2: actual observed mask >= 0.95 over the locked export grid; nominal geometry prefilter only; rank rules unchanged; no labels used,"{""v2_change"": ""KEPT_SAME_EVENT_PASSES_ACTUAL_MASK"", ""actual_observed_fraction"": 1.0, ""evidence_source"": ""LANDED_BYTES"", ""rank_of_pick"": 1, ""n_candidates_evaluated"": 1, ""evaluated_fractions"": [{""rank"": 1, ""event_id"": ""EVT-S1-bd1dbd33f29795d3"", ""fraction"": 1.0, ""source"": ""LANDED_BYTES""}]}",V2,KEPT_SAME_EVENT_PASSES_ACTUAL_MASK,1.0,1,LANDED_BYTES
,CNA10K-R00236-C00083,sentinel1,2015,SECONDARY,D,NO_SCENE,,,,,,,,,,,,,,,,,,,NO_ELIGIBLE_EVENT_ACTUAL_MASK: no candidate reached actual observed fraction >= 0.95; threshold not relaxed,"{""v2_change"": ""NO_SCENE_INHERITED"", ""best_fraction"": null, ""n_candidates_evaluated"": 0, ""evaluated_fractions"": []}",V2,NO_SCENE_INHERITED,,0,
,CNA10K-R00236-C00083,sentinel2,2015,SECONDARY,DEFAULT,NO_SCENE,,,,,,,,,,,,,,,,,,,NO_ELIGIBLE_EVENT_ACTUAL_MASK: no candidate reached actual observed fraction >= 0.95; threshold not relaxed,"{""v2_change"": ""NO_SCENE_INHERITED"", ""best_fraction"": null, ""n_candidates_evaluated"": 0, ""evaluated_fractions"": []}",V2,NO_SCENE_INHERITED,,0,
,CNA10K-R00236-C00083,landsat8,2020,PRIMARY,DEFAULT,NO_ELIGIBLE_EVENT,,,,,,,,,,,,,,,,,,,no eligible event after gates: 0 full-cover and 2 near-full (>=0.90) autumn events; scene cloud ceiling 0.30; near-full events all cloudy; min cloud 0.425,"{""min_autumn_cloud_fraction"": 0.42469999999999997, ""n_autumn_events"": 5, ""n_full_cover_autumn_events"": 0, ""n_intersecting_events"": 28, ""n_near_full_autumn_events"": 2}",V2,V1_INHERITED_LANDSAT,,0,NOT_RESELECTED_LANDSAT; all 27 D1 landed windows had observed coverage >= 0.999 under VALID r2
NP19_R00236-C00083_S1_2020_A,CNA10K-R00236-C00083,sentinel1,2020,PRIMARY,A,V2_ELIGIBLE,EVT-S1-1668050a8bc905ac,2020-10-10T10:33:32+00:00,284,AUTUMN_PRIMARY_V1_CANDIDATE,FULL_CELL_COVERED_ACTUAL_MASK_V2,ACTUAL_MASK_GTE_0P95,V2_DUALPOL_ACTUAL_MASK_INCL_EXTREME_FLOOR_OVER_EXPORT_GRID,1.0,,ASC,11,Sentinel-1A,S1A_IW_GRDH_1SDV_20201010T103332_20201010T103401_034733_040BE5_2C53,,,,,1,PILOT_EVENT_SELECTION_V2: actual observed mask >= 0.95 over the locked export grid; nominal geometry prefilter only; rank rules unchanged; no labels used,"{""v2_change"": ""KEPT_SAME_EVENT_PASSES_ACTUAL_MASK"", ""actual_observed_fraction"": 1.0, ""evidence_source"": ""LANDED_BYTES"", ""rank_of_pick"": 1, ""n_candidates_evaluated"": 1, ""evaluated_fractions"": [{""rank"": 1, ""event_id"": ""EVT-S1-1668050a8bc905ac"", ""fraction"": 1.0, ""source"": ""LANDED_BYTES""}]}",V2,KEPT_SAME_EVENT_PASSES_ACTUAL_MASK,1.0,1,LANDED_BYTES
,CNA10K-R00236-C00083,sentinel1,2020,PRIMARY,D,NO_SCENE,,,,,,,,,,,,,,,,,,,NO_ELIGIBLE_EVENT_ACTUAL_MASK: no candidate reached actual observed fraction >= 0.95; threshold not relaxed,"{""v2_change"": ""NO_SCENE_INHERITED"", ""best_fraction"": null, ""n_candidates_evaluated"": 0, ""evaluated_fractions"": []}",V2,NO_SCENE_INHERITED,,0,
NP19_R00236-C00083_S2_2020,CNA10K-R00236-C00083,sentinel2,2020,PRIMARY,DEFAULT,V2_ELIGIBLE,EVT-S2-267a33dcde78dde3,2020-11-05T03:11:53.074000+00:00,310,AUTUMN_PRIMARY_V1_CANDIDATE,FULL_CELL_COVERED_ACTUAL_MASK_V2,ACTUAL_MASK_GTE_0P95,V2_SAME_DATATAKE_UNION_ACTUAL_SR_MASK_OVER_EXPORT_GRID,1.0,0.01992863,,,,20201105T025911_20201105T031105_T49QGE,S2A_MSIL2A_20201105T025911_N0500_R032_T49QGE_20230320T185816,49QGE,,,1,PILOT_EVENT_SELECTION_V2: actual observed mask >= 0.95 over the locked export grid; nominal geometry prefilter only; rank rules unchanged; no labels used,"{""v2_change"": ""KEPT_SAME_EVENT_PASSES_ACTUAL_MASK"", ""actual_observed_fraction"": 1.0, ""evidence_source"": ""LANDED_BYTES"", ""rank_of_pick"": 1, ""n_candidates_evaluated"": 1, ""evaluated_fractions"": [{""rank"": 1, ""event_id"": ""EVT-S2-267a33dcde78dde3"", ""fraction"": 1.0, ""source"": ""LANDED_BYTES""}]}",V2,KEPT_SAME_EVENT_PASSES_ACTUAL_MASK,1.0,1,LANDED_BYTES
NP19_R00236-C00083_S1_2021_A,CNA10K-R00236-C00083,sentinel1,2021,PRIMARY,A,V2_ELIGIBLE,EVT-S1-70ff819ef1944722,2021-10-17T10:33:37+00:00,290,AUTUMN_PRIMARY_V1_CANDIDATE,FULL_CELL_COVERED_ACTUAL_MASK_V2,ACTUAL_MASK_GTE_0P95,V2_DUALPOL_ACTUAL_MASK_INCL_EXTREME_FLOOR_OVER_EXPORT_GRID,1.0,,ASC,11,Sentinel-1A,S1A_IW_GRDH_1SDV_20211017T103337_20211017T103406_040158_04C18D_30B8,,,,,1,PILOT_EVENT_SELECTION_V2: actual observed mask >= 0.95 over the locked export grid; nominal geometry prefilter only; rank rules unchanged; no labels used,"{""v2_change"": ""KEPT_SAME_EVENT_PASSES_ACTUAL_MASK"", ""actual_observed_fraction"": 1.0, ""evidence_source"": ""LANDED_BYTES"", ""rank_of_pick"": 1, ""n_candidates_evaluated"": 1, ""evaluated_fractions"": [{""rank"": 1, ""event_id"": ""EVT-S1-70ff819ef1944722"", ""fraction"": 1.0, ""source"": ""LANDED_BYTES""}]}",V2,KEPT_SAME_EVENT_PASSES_ACTUAL_MASK,1.0,1,LANDED_BYTES
,CNA10K-R00236-C00083,sentinel1,2021,PRIMARY,D,NO_SCENE,,,,,,,,,,,,,,,,,,,NO_ELIGIBLE_EVENT_ACTUAL_MASK: no candidate reached actual observed fraction >= 0.95; threshold not relaxed,"{""v2_change"": ""NO_SCENE_INHERITED"", ""best_fraction"": null, ""n_candidates_evaluated"": 0, ""evaluated_fractions"": []}",V2,NO_SCENE_INHERITED,,0,
NP19_R00236-C00083_S2_2021,CNA10K-R00236-C00083,sentinel2,2021,PRIMARY,DEFAULT,V2_ELIGIBLE,EVT-S2-4c963e4ebb676c7e,2021-10-06T03:11:46.025000+00:00,279,AUTUMN_PRIMARY_V1_CANDIDATE,FULL_CELL_COVERED_ACTUAL_MASK_V2,ACTUAL_MASK_GTE_0P95,V2_SAME_DATATAKE_UNION_ACTUAL_SR_MASK_OVER_EXPORT_GRID,1.0,0.00157348,,,,20211006T025559_20211006T030106_T49QGE,S2B_MSIL2A_20211006T025559_N0500_R032_T49QGE_20230108T011713,49QGE,,,1,PILOT_EVENT_SELECTION_V2: actual observed mask >= 0.95 over the locked export grid; nominal geometry prefilter only; rank rules unchanged; no labels used,"{""v2_change"": ""KEPT_SAME_EVENT_PASSES_ACTUAL_MASK"", ""actual_observed_fraction"": 1.0, ""evidence_source"": ""LANDED_BYTES"", ""rank_of_pick"": 1, ""n_candidates_evaluated"": 1, ""evaluated_fractions"": [{""rank"": 1, ""event_id"": ""EVT-S2-4c963e4ebb676c7e"", ""fraction"": 1.0, ""source"": ""LANDED_BYTES""}]}",V2,KEPT_SAME_EVENT_PASSES_ACTUAL_MASK,1.0,1,LANDED_BYTES
NP19_R00236-C00083_L8_2021,CNA10K-R00236-C00083,landsat8,2021,SECONDARY,DEFAULT,SELECTED,EVT-L-5a256621d25c3788,2021-10-02T00:00:00+00:00,275.0,AUTUMN_PRIMARY_V1_CANDIDATE,PARTIAL_CELL_OVERLAP,NEAR_FULL_NOMINAL_TOLERANCE,WRS2_NOMINAL_FRAME_NEAR_FULL_TOLERANCE_V1,0.9427119172108176,0.0813,,,,LC08_122045_20211002,LC08_L2SP_122045_20211002_20211013_02_T1,,122.0,45.0,1.0,"no strict-full cloud-eligible autumn scene; predeclared near-full tolerance (nominal WRS-2 frame cover >= 0.90) + autumn DOY 260-320 + scene cloud <= 0.30; rank = (cloud asc, |doy-290| asc, event_id asc); Phase H geometric gate applies","{""coverage_tier"": ""NEAR_FULL_NOMINAL_TOLERANCE"", ""n_autumn_events"": 6, ""n_eligible_after_gates"": 1, ""n_intersecting_events"": 33, ""n_pool_for_tier"": 3, ""nominal_coverage_fraction"": 0.9427119172108176, ""post_export_gate"": {""measure"": ""geometric valid fraction (QA_PIXEL fill bit clear) over the landed export grid"", ""min_required"": 0.95, ""on_fail"": ""product marked GEOMETRY_FAIL and excluded"", ""phase"": ""H""}, ""selection_rank_of_pool"": ""1 of 1 eligible""}",V2,V1_INHERITED_LANDSAT,,0,NOT_RESELECTED_LANDSAT; all 27 D1 landed windows had observed coverage >= 0.999 under VALID r2
,CNA10K-R00346-C00154,landsat5,1990,PRIMARY,DEFAULT,NO_ELIGIBLE_EVENT,,,,,,,,,,,,,,,,,,,no eligible event after gates: 1 full-cover and 0 near-full (>=0.90) autumn events; scene cloud ceiling 0.30; full-cover events all cloudy; min cloud 0.660,"{""min_autumn_cloud_fraction"": 0.66, ""n_autumn_events"": 1, ""n_full_cover_autumn_events"": 1, ""n_intersecting_events"": 14, ""n_near_full_autumn_events"": 0}",V2,V1_INHERITED_LANDSAT,,0,NOT_RESELECTED_LANDSAT; all 27 D1 landed windows had observed coverage >= 0.999 under VALID r2
NP19_R00346-C00154_L7_2000,CNA10K-R00346-C00154,landsat7,2000,PRIMARY,DEFAULT,SELECTED,EVT-L-26a14ff0a7a392c7,2000-09-18T00:00:00+00:00,262.0,AUTUMN_PRIMARY_V1_CANDIDATE,FULL_CELL_COVERED,STRICT_FULL,WRS2_NOMINAL_FRAME_FULL,1.0,0.0,,,,LE07_118038_20000918,LE07_L2SP_118038_20000918_20200918_02_T1,,118.0,38.0,1.0,"predeclared policy: FULL_CELL_COVERED + autumn DOY 260-320 + scene cloud <= 0.30; rank = (cloud asc, |doy-290| asc, event_id asc)","{""coverage_tier"": ""STRICT_FULL"", ""n_autumn_events"": 3, ""n_eligible_after_gates"": 3, ""n_intersecting_events"": 17, ""n_pool_for_tier"": 3, ""selection_rank_of_pool"": ""1 of 3 eligible""}",V2,V1_INHERITED_LANDSAT,,0,NOT_RESELECTED_LANDSAT; all 27 D1 landed windows had observed coverage >= 0.999 under VALID r2
NP19_R00346-C00154_L8_2015,CNA10K-R00346-C00154,landsat8,2015,PRIMARY,DEFAULT,SELECTED,EVT-L-55163a3a9a14a4b8,2015-10-22T00:00:00+00:00,295.0,AUTUMN_PRIMARY_V1_CANDIDATE,FULL_CELL_COVERED,STRICT_FULL,WRS2_NOMINAL_FRAME_FULL,1.0,0.1402999999999999,,,,LC08_118038_20151022,LC08_L2SP_118038_20151022_20200908_02_T1,,118.0,38.0,1.0,"predeclared policy: FULL_CELL_COVERED + autumn DOY 260-320 + scene cloud <= 0.30; rank = (cloud asc, |doy-290| asc, event_id asc)","{""coverage_tier"": ""STRICT_FULL"", ""n_autumn_events"": 3, ""n_eligible_after_gates"": 2, ""n_intersecting_events"": 17, ""n_pool_for_tier"": 3, ""selection_rank_of_pool"": ""1 of 2 eligible""}",V2,V1_INHERITED_LANDSAT,,0,NOT_RESELECTED_LANDSAT; all 27 D1 landed windows had observed coverage >= 0.999 under VALID r2
NP19_R00346-C00154_S1_2015_A,CNA10K-R00346-C00154,sentinel1,2015,SECONDARY,A,V2_ELIGIBLE,EVT-S1-5ad5298373730214,2015-09-18T09:54:28+00:00,261,AUTUMN_PRIMARY_V1_CANDIDATE,FULL_CELL_COVERED_ACTUAL_MASK_V2,ACTUAL_MASK_GTE_0P95,V2_DUALPOL_ACTUAL_MASK_INCL_EXTREME_FLOOR_OVER_EXPORT_GRID,1.0,,ASC,171,Sentinel-1A,S1A_IW_GRDH_1SDV_20150918T095428_20150918T095453_007768_00ACD0_1804,,,,,1,PILOT_EVENT_SELECTION_V2: actual observed mask >= 0.95 over the locked export grid; nominal geometry prefilter only; rank rules unchanged; no labels used,"{""v2_change"": ""KEPT_SAME_EVENT_PASSES_ACTUAL_MASK"", ""actual_observed_fraction"": 1.0, ""evidence_source"": ""LIVE_GEE_EXPORT_GRID"", ""rank_of_pick"": 1, ""n_candidates_evaluated"": 1, ""evaluated_fractions"": [{""rank"": 1, ""event_id"": ""EVT-S1-5ad5298373730214"", ""fraction"": 1.0, ""source"": ""LIVE_GEE_EXPORT_GRID""}]}",V2,KEPT_SAME_EVENT_PASSES_ACTUAL_MASK,1.0,1,LIVE_GEE_EXPORT_GRID
,CNA10K-R00346-C00154,sentinel1,2015,SECONDARY,D,NO_SCENE,,,,,,,,,,,,,,,,,,,NO_ELIGIBLE_EVENT_ACTUAL_MASK: no candidate reached actual observed fraction >= 0.95; threshold not relaxed,"{""v2_change"": ""NO_SCENE_INHERITED"", ""best_fraction"": null, ""n_candidates_evaluated"": 0, ""evaluated_fractions"": []}",V2,NO_SCENE_INHERITED,,0,
,CNA10K-R00346-C00154,sentinel2,2015,SECONDARY,DEFAULT,NO_SCENE,,,,,,,,,,,,,,,,,,,NO_ELIGIBLE_EVENT_ACTUAL_MASK: no candidate reached actual observed fraction >= 0.95; threshold not relaxed,"{""v2_change"": ""NO_SCENE_INHERITED"", ""best_fraction"": null, ""n_candidates_evaluated"": 0, ""evaluated_fractions"": []}",V2,NO_SCENE_INHERITED,,0,
,CNA10K-R00346-C00154,landsat8,2020,PRIMARY,DEFAULT,NO_ELIGIBLE_EVENT,,,,,,,,,,,,,,,,,,,no eligible event after gates: 1 full-cover and 0 near-full (>=0.90) autumn events; scene cloud ceiling 0.30; full-cover events all cloudy; min cloud 0.711,"{""min_autumn_cloud_fraction"": 0.7111, ""n_autumn_events"": 1, ""n_full_cover_autumn_events"": 1, ""n_intersecting_events"": 14, ""n_near_full_autumn_events"": 0}",V2,V1_INHERITED_LANDSAT,,0,NOT_RESELECTED_LANDSAT; all 27 D1 landed windows had observed coverage >= 0.999 under VALID r2
NP19_R00346-C00154_S1_2020_A,CNA10K-R00346-C00154,sentinel1,2020,PRIMARY,A,V2_ELIGIBLE,EVT-S1-5e515419d097e7e3,2020-10-15T09:54:27+00:00,289,AUTUMN_PRIMARY_V1_CANDIDATE,FULL_CELL_COVERED_ACTUAL_MASK_V2,ACTUAL_MASK_GTE_0P95,V2_DUALPOL_ACTUAL_MASK_INCL_EXTREME_FLOOR_OVER_EXPORT_GRID,1.0,,ASC,171,Sentinel-1B,S1B_IW_GRDH_1SDV_20201015T095427_20201015T095452_023822_02D450_70EA,,,,,1,PILOT_EVENT_SELECTION_V2: actual observed mask >= 0.95 over the locked export grid; nominal geometry prefilter only; rank rules unchanged; no labels used,"{""v2_change"": ""KEPT_SAME_EVENT_PASSES_ACTUAL_MASK"", ""actual_observed_fraction"": 1.0, ""evidence_source"": ""LIVE_GEE_EXPORT_GRID"", ""rank_of_pick"": 1, ""n_candidates_evaluated"": 1, ""evaluated_fractions"": [{""rank"": 1, ""event_id"": ""EVT-S1-5e515419d097e7e3"", ""fraction"": 1.0, ""source"": ""LIVE_GEE_EXPORT_GRID""}]}",V2,KEPT_SAME_EVENT_PASSES_ACTUAL_MASK,1.0,1,LIVE_GEE_EXPORT_GRID
,CNA10K-R00346-C00154,sentinel1,2020,PRIMARY,D,NO_SCENE,,,,,,,,,,,,,,,,,,,NO_ELIGIBLE_EVENT_ACTUAL_MASK: no candidate reached actual observed fraction >= 0.95; threshold not relaxed,"{""v2_change"": ""NO_SCENE_INHERITED"", ""best_fraction"": null, ""n_candidates_evaluated"": 0, ""evaluated_fractions"": []}",V2,NO_SCENE_INHERITED,,0,
NP19_R00346-C00154_S2_2020,CNA10K-R00346-C00154,sentinel2,2020,PRIMARY,DEFAULT,V2_ELIGIBLE,EVT-S2-8b122a0c8574b197,2020-10-30T02:49:09.612000+00:00,304,AUTUMN_PRIMARY_V1_CANDIDATE,FULL_CELL_COVERED_ACTUAL_MASK_V2,ACTUAL_MASK_GTE_0P95,V2_SAME_DATATAKE_UNION_ACTUAL_SR_MASK_OVER_EXPORT_GRID,0.9999830065166314,0.03290794,,,,20201030T023831_20201030T023833_T51RUQ,S2A_MSIL2A_20201030T023831_N0500_R089_T51RUQ_20230414T211702,51RUQ,,,1,PILOT_EVENT_SELECTION_V2: actual observed mask >= 0.95 over the locked export grid; nominal geometry prefilter only; rank rules unchanged; no labels used,"{""v2_change"": ""KEPT_SAME_EVENT_PASSES_ACTUAL_MASK"", ""actual_observed_fraction"": 0.9999830065166314, ""evidence_source"": ""LIVE_GEE_EXPORT_GRID"", ""rank_of_pick"": 1, ""n_candidates_evaluated"": 1, ""evaluated_fractions"": [{""rank"": 1, ""event_id"": ""EVT-S2-8b122a0c8574b197"", ""fraction"": 0.9999830065166314, ""source"": ""LIVE_GEE_EXPORT_GRID""}]}",V2,KEPT_SAME_EVENT_PASSES_ACTUAL_MASK,0.9999830065166314,1,LIVE_GEE_EXPORT_GRID
NP19_R00346-C00154_S1_2021_A,CNA10K-R00346-C00154,sentinel1,2021,PRIMARY,A,V2_ELIGIBLE,EVT-S1-721d8b16479b63f5,2021-10-16T09:55:04+00:00,289,AUTUMN_PRIMARY_V1_CANDIDATE,FULL_CELL_COVERED_ACTUAL_MASK_V2,ACTUAL_MASK_GTE_0P95,V2_DUALPOL_ACTUAL_MASK_INCL_EXTREME_FLOOR_OVER_EXPORT_GRID,1.0,,ASC,171,Sentinel-1A,S1A_IW_GRDH_1SDV_20211016T095504_20211016T095529_040143_04C109_88FE,,,,,1,PILOT_EVENT_SELECTION_V2: actual observed mask >= 0.95 over the locked export grid; nominal geometry prefilter only; rank rules unchanged; no labels used,"{""v2_change"": ""KEPT_SAME_EVENT_PASSES_ACTUAL_MASK"", ""actual_observed_fraction"": 1.0, ""evidence_source"": ""LIVE_GEE_EXPORT_GRID"", ""rank_of_pick"": 1, ""n_candidates_evaluated"": 1, ""evaluated_fractions"": [{""rank"": 1, ""event_id"": ""EVT-S1-721d8b16479b63f5"", ""fraction"": 1.0, ""source"": ""LIVE_GEE_EXPORT_GRID""}]}",V2,KEPT_SAME_EVENT_PASSES_ACTUAL_MASK,1.0,1,LIVE_GEE_EXPORT_GRID
,CNA10K-R00346-C00154,sentinel1,2021,PRIMARY,D,NO_SCENE,,,,,,,,,,,,,,,,,,,NO_ELIGIBLE_EVENT_ACTUAL_MASK: no candidate reached actual observed fraction >= 0.95; threshold not relaxed,"{""v2_change"": ""NO_SCENE_INHERITED"", ""best_fraction"": null, ""n_candidates_evaluated"": 0, ""evaluated_fractions"": []}",V2,NO_SCENE_INHERITED,,0,
NP19_R00346-C00154_S2_2021,CNA10K-R00346-C00154,sentinel2,2021,PRIMARY,DEFAULT,V2_ELIGIBLE,EVT-S2-2804d7904a4dae97,2021-09-22T02:39:11.547000+00:00,265,AUTUMN_PRIMARY_V1_CANDIDATE,FULL_CELL_COVERED_ACTUAL_MASK_V2,ACTUAL_MASK_GTE_0P95,V2_SAME_DATATAKE_UNION_ACTUAL_SR_MASK_OVER_EXPORT_GRID,0.9999490195498943,0.00016344000000000002,,,,20210922T022551_20210922T023225_T51RUQ,S2A_MSIL2A_20210922T022551_N0500_R046_T51RUQ_20230119T080623,51RUQ,,,1,PILOT_EVENT_SELECTION_V2: actual observed mask >= 0.95 over the locked export grid; nominal geometry prefilter only; rank rules unchanged; no labels used,"{""v2_change"": ""KEPT_SAME_EVENT_PASSES_ACTUAL_MASK"", ""actual_observed_fraction"": 0.9999490195498943, ""evidence_source"": ""LIVE_GEE_EXPORT_GRID"", ""rank_of_pick"": 1, ""n_candidates_evaluated"": 1, ""evaluated_fractions"": [{""rank"": 1, ""event_id"": ""EVT-S2-2804d7904a4dae97"", ""fraction"": 0.9999490195498943, ""source"": ""LIVE_GEE_EXPORT_GRID""}]}",V2,KEPT_SAME_EVENT_PASSES_ACTUAL_MASK,0.9999490195498943,1,LIVE_GEE_EXPORT_GRID
NP19_R00346-C00154_L8_2021,CNA10K-R00346-C00154,landsat8,2021,SECONDARY,DEFAULT,SELECTED,EVT-L-83115ecc2d22e985,2021-10-06T00:00:00+00:00,279.0,AUTUMN_PRIMARY_V1_CANDIDATE,FULL_CELL_COVERED,STRICT_FULL,WRS2_NOMINAL_FRAME_FULL,1.0,0.2689999999999999,,,,LC08_118038_20211006,LC08_L2SP_118038_20211006_20211013_02_T1,,118.0,38.0,1.0,"predeclared policy: FULL_CELL_COVERED + autumn DOY 260-320 + scene cloud <= 0.30; rank = (cloud asc, |doy-290| asc, event_id asc)","{""coverage_tier"": ""STRICT_FULL"", ""n_autumn_events"": 4, ""n_eligible_after_gates"": 1, ""n_intersecting_events"": 17, ""n_pool_for_tier"": 4, ""selection_rank_of_pool"": ""1 of 1 eligible""}",V2,V1_INHERITED_LANDSAT,,0,NOT_RESELECTED_LANDSAT; all 27 D1 landed windows had observed coverage >= 0.999 under VALID r2
,CNA10K-R00264-C00132,landsat5,1990,PRIMARY,DEFAULT,NO_ELIGIBLE_EVENT,,,,,,,,,,,,,,,,,,,no event inside the predeclared autumn window DOY 260-320,"{""n_intersecting_events"": 9}",V2,V1_INHERITED_LANDSAT,,0,NOT_RESELECTED_LANDSAT; all 27 D1 landed windows had observed coverage >= 0.999 under VALID r2
NP19_R00264-C00132_L7_2000,CNA10K-R00264-C00132,landsat7,2000,PRIMARY,DEFAULT,SELECTED,EVT-L-cd0e2e876c3bbc40,2000-09-25T00:00:00+00:00,269.0,AUTUMN_PRIMARY_V1_CANDIDATE,FULL_CELL_COVERED,STRICT_FULL,WRS2_NOMINAL_FRAME_FULL,1.0,0.12,,,,LE07_119043_20000925,LE07_L2SP_119043_20000925_20200917_02_T1,,119.0,43.0,1.0,"predeclared policy: FULL_CELL_COVERED + autumn DOY 260-320 + scene cloud <= 0.30; rank = (cloud asc, |doy-290| asc, event_id asc)","{""coverage_tier"": ""STRICT_FULL"", ""n_autumn_events"": 3, ""n_eligible_after_gates"": 1, ""n_intersecting_events"": 16, ""n_pool_for_tier"": 3, ""selection_rank_of_pool"": ""1 of 1 eligible""}",V2,V1_INHERITED_LANDSAT,,0,NOT_RESELECTED_LANDSAT; all 27 D1 landed windows had observed coverage >= 0.999 under VALID r2
NP19_R00264-C00132_L8_2015,CNA10K-R00264-C00132,landsat8,2015,PRIMARY,DEFAULT,SELECTED,EVT-L-a0ca3e1e418761a5,2015-10-13T00:00:00+00:00,286.0,AUTUMN_PRIMARY_V1_CANDIDATE,FULL_CELL_COVERED,STRICT_FULL,WRS2_NOMINAL_FRAME_FULL,1.0,0.0633,,,,LC08_119043_20151013,LC08_L2SP_119043_20151013_20200908_02_T1,,119.0,43.0,1.0,"predeclared policy: FULL_CELL_COVERED + autumn DOY 260-320 + scene cloud <= 0.30; rank = (cloud asc, |doy-290| asc, event_id asc)","{""coverage_tier"": ""STRICT_FULL"", ""n_autumn_events"": 4, ""n_eligible_after_gates"": 2, ""n_intersecting_events"": 14, ""n_pool_for_tier"": 4, ""selection_rank_of_pool"": ""1 of 2 eligible""}",V2,V1_INHERITED_LANDSAT,,0,NOT_RESELECTED_LANDSAT; all 27 D1 landed windows had observed coverage >= 0.999 under VALID r2
NP19_R00264-C00132_S1_2015_A,CNA10K-R00264-C00132,sentinel1,2015,SECONDARY,A,V2_ELIGIBLE,EVT-S1-97340dc8b3b64491,2015-10-15T10:17:24+00:00,288,AUTUMN_PRIMARY_V1_CANDIDATE,FULL_CELL_COVERED_ACTUAL_MASK_V2,ACTUAL_MASK_GTE_0P95,V2_DUALPOL_ACTUAL_MASK_INCL_EXTREME_FLOOR_OVER_EXPORT_GRID,1.0,,ASC,40,Sentinel-1A,S1A_IW_GRDH_1SDV_20151015T101724_20151015T101749_008162_00B76C_408B,,,,,1,PILOT_EVENT_SELECTION_V2: actual observed mask >= 0.95 over the locked export grid; nominal geometry prefilter only; rank rules unchanged; no labels used,"{""v2_change"": ""KEPT_SAME_EVENT_PASSES_ACTUAL_MASK"", ""actual_observed_fraction"": 1.0, ""evidence_source"": ""LANDED_BYTES"", ""rank_of_pick"": 1, ""n_candidates_evaluated"": 1, ""evaluated_fractions"": [{""rank"": 1, ""event_id"": ""EVT-S1-97340dc8b3b64491"", ""fraction"": 1.0, ""source"": ""LANDED_BYTES""}]}",V2,KEPT_SAME_EVENT_PASSES_ACTUAL_MASK,1.0,1,LANDED_BYTES
,CNA10K-R00264-C00132,sentinel1,2015,SECONDARY,D,NO_SCENE,,,,,,,,,,,,,,,,,,,NO_ELIGIBLE_EVENT_ACTUAL_MASK: no candidate reached actual observed fraction >= 0.95; threshold not relaxed,"{""v2_change"": ""NO_SCENE_INHERITED"", ""best_fraction"": null, ""n_candidates_evaluated"": 0, ""evaluated_fractions"": []}",V2,NO_SCENE_INHERITED,,0,
,CNA10K-R00264-C00132,sentinel2,2015,SECONDARY,DEFAULT,NO_SCENE,,,,,,,,,,,,,,,,,,,NO_ELIGIBLE_EVENT_ACTUAL_MASK: no candidate reached actual observed fraction >= 0.95; threshold not relaxed,"{""v2_change"": ""NO_SCENE_INHERITED"", ""best_fraction"": null, ""n_candidates_evaluated"": 0, ""evaluated_fractions"": []}",V2,NO_SCENE_INHERITED,,0,
NP19_R00264-C00132_L8_2020,CNA10K-R00264-C00132,landsat8,2020,PRIMARY,DEFAULT,SELECTED,EVT-L-5431eaaaeb70d176,2020-11-11T00:00:00+00:00,316.0,AUTUMN_PRIMARY_V1_CANDIDATE,FULL_CELL_COVERED,STRICT_FULL,WRS2_NOMINAL_FRAME_FULL,1.0,0.0728,,,,LC08_119043_20201111,LC08_L2SP_119043_20201111_20210316_02_T1,,119.0,43.0,1.0,"predeclared policy: FULL_CELL_COVERED + autumn DOY 260-320 + scene cloud <= 0.30; rank = (cloud asc, |doy-290| asc, event_id asc)","{""coverage_tier"": ""STRICT_FULL"", ""n_autumn_events"": 3, ""n_eligible_after_gates"": 1, ""n_intersecting_events"": 19, ""n_pool_for_tier"": 3, ""selection_rank_of_pool"": ""1 of 1 eligible""}",V2,V1_INHERITED_LANDSAT,,0,NOT_RESELECTED_LANDSAT; all 27 D1 landed windows had observed coverage >= 0.999 under VALID r2
NP19_R00264-C00132_S1_2020_A,CNA10K-R00264-C00132,sentinel1,2020,PRIMARY,A,V2_ELIGIBLE,EVT-S1-64c23b9876c2c339,2020-10-12T10:17:35+00:00,286,AUTUMN_PRIMARY_V1_CANDIDATE,FULL_CELL_COVERED_ACTUAL_MASK_V2,ACTUAL_MASK_GTE_0P95,V2_DUALPOL_ACTUAL_MASK_INCL_EXTREME_FLOOR_OVER_EXPORT_GRID,1.0,,ASC,40,Sentinel-1A,S1A_IW_GRDH_1SDV_20201012T101735_20201012T101804_034762_040CE7_C3A9,,,,,1,PILOT_EVENT_SELECTION_V2: actual observed mask >= 0.95 over the locked export grid; nominal geometry prefilter only; rank rules unchanged; no labels used,"{""v2_change"": ""REPLACED_V1_EVENT_FAILED_ACTUAL_MASK"", ""actual_observed_fraction"": 1.0, ""evidence_source"": ""LIVE_GEE_EXPORT_GRID"", ""rank_of_pick"": 2, ""n_candidates_evaluated"": 2, ""evaluated_fractions"": [{""rank"": 1, ""event_id"": ""EVT-S1-112188cf9c51931e"", ""fraction"": 0.1214056432513014, ""source"": ""LANDED_BYTES""}, {""rank"": 2, ""event_id"": ""EVT-S1-64c23b9876c2c339"", ""fraction"": 1.0, ""source"": ""LIVE_GEE_EXPORT_GRID""}]}",V2,REPLACED_V1_EVENT_FAILED_ACTUAL_MASK,1.0,2,LIVE_GEE_EXPORT_GRID
,CNA10K-R00264-C00132,sentinel1,2020,PRIMARY,D,NO_SCENE,,,,,,,,,,,,,,,,,,,NO_ELIGIBLE_EVENT_ACTUAL_MASK: no candidate reached actual observed fraction >= 0.95; threshold not relaxed,"{""v2_change"": ""NO_SCENE_INHERITED"", ""best_fraction"": null, ""n_candidates_evaluated"": 0, ""evaluated_fractions"": []}",V2,NO_SCENE_INHERITED,,0,
NP19_R00264-C00132_S2_2020,CNA10K-R00264-C00132,sentinel2,2020,PRIMARY,DEFAULT,V2_ELIGIBLE,EVT-S2-37eb26fb905da515,2020-10-25T02:50:59.576000+00:00,299,AUTUMN_PRIMARY_V1_CANDIDATE,FULL_CELL_COVERED_ACTUAL_MASK_V2,ACTUAL_MASK_GTE_0P95,V2_SAME_DATATAKE_UNION_ACTUAL_SR_MASK_OVER_EXPORT_GRID,1.0,0.1264478,,,,20201025T023759_20201025T024630_T50RPN,S2B_MSIL2A_20201025T023759_N0214_R089_T50RPN_20201025T052332,50RPN,,,1,PILOT_EVENT_SELECTION_V2: actual observed mask >= 0.95 over the locked export grid; nominal geometry prefilter only; rank rules unchanged; no labels used,"{""v2_change"": ""KEPT_SAME_EVENT_PASSES_ACTUAL_MASK"", ""actual_observed_fraction"": 1.0, ""evidence_source"": ""LANDED_BYTES"", ""rank_of_pick"": 1, ""n_candidates_evaluated"": 1, ""evaluated_fractions"": [{""rank"": 1, ""event_id"": ""EVT-S2-37eb26fb905da515"", ""fraction"": 1.0, ""source"": ""LANDED_BYTES""}]}",V2,KEPT_SAME_EVENT_PASSES_ACTUAL_MASK,1.0,1,LANDED_BYTES
NP19_R00264-C00132_S1_2021_A,CNA10K-R00264-C00132,sentinel1,2021,PRIMARY,A,V2_ELIGIBLE,EVT-S1-3e198163819d5551,2021-10-19T10:17:41+00:00,292,AUTUMN_PRIMARY_V1_CANDIDATE,FULL_CELL_COVERED_ACTUAL_MASK_V2,ACTUAL_MASK_GTE_0P95,V2_DUALPOL_ACTUAL_MASK_INCL_EXTREME_FLOOR_OVER_EXPORT_GRID,1.0,,ASC,40,Sentinel-1A,S1A_IW_GRDH_1SDV_20211019T101741_20211019T101810_040187_04C292_3820,,,,,1,PILOT_EVENT_SELECTION_V2: actual observed mask >= 0.95 over the locked export grid; nominal geometry prefilter only; rank rules unchanged; no labels used,"{""v2_change"": ""KEPT_SAME_EVENT_PASSES_ACTUAL_MASK"", ""actual_observed_fraction"": 1.0, ""evidence_source"": ""LANDED_BYTES"", ""rank_of_pick"": 1, ""n_candidates_evaluated"": 1, ""evaluated_fractions"": [{""rank"": 1, ""event_id"": ""EVT-S1-3e198163819d5551"", ""fraction"": 1.0, ""source"": ""LANDED_BYTES""}]}",V2,KEPT_SAME_EVENT_PASSES_ACTUAL_MASK,1.0,1,LANDED_BYTES
,CNA10K-R00264-C00132,sentinel1,2021,PRIMARY,D,NO_SCENE,,,,,,,,,,,,,,,,,,,NO_ELIGIBLE_EVENT_ACTUAL_MASK: no candidate reached actual observed fraction >= 0.95; threshold not relaxed,"{""v2_change"": ""NO_SCENE_INHERITED"", ""best_fraction"": null, ""n_candidates_evaluated"": 0, ""evaluated_fractions"": []}",V2,NO_SCENE_INHERITED,,0,
NP19_R00264-C00132_S2_2021,CNA10K-R00264-C00132,sentinel2,2021,PRIMARY,DEFAULT,V2_ELIGIBLE,EVT-S2-d9414b9bc716452f,2021-09-20T02:50:53.173000+00:00,263,AUTUMN_PRIMARY_V1_CANDIDATE,FULL_CELL_COVERED_ACTUAL_MASK_V2,ACTUAL_MASK_GTE_0P95,V2_SAME_DATATAKE_UNION_ACTUAL_SR_MASK_OVER_EXPORT_GRID,1.0,0.01736019,,,,20210920T023549_20210920T024414_T50RPN,S2B_MSIL2A_20210920T023549_N0500_R089_T50RPN_20230128T122816,50RPN,,,1,PILOT_EVENT_SELECTION_V2: actual observed mask >= 0.95 over the locked export grid; nominal geometry prefilter only; rank rules unchanged; no labels used,"{""v2_change"": ""KEPT_SAME_EVENT_PASSES_ACTUAL_MASK"", ""actual_observed_fraction"": 1.0, ""evidence_source"": ""LANDED_BYTES"", ""rank_of_pick"": 1, ""n_candidates_evaluated"": 1, ""evaluated_fractions"": [{""rank"": 1, ""event_id"": ""EVT-S2-d9414b9bc716452f"", ""fraction"": 1.0, ""source"": ""LANDED_BYTES""}]}",V2,KEPT_SAME_EVENT_PASSES_ACTUAL_MASK,1.0,1,LANDED_BYTES
NP19_R00264-C00132_L8_2021,CNA10K-R00264-C00132,landsat8,2021,SECONDARY,DEFAULT,SELECTED,EVT-L-15effed854cb6354,2021-09-27T00:00:00+00:00,270.0,AUTUMN_PRIMARY_V1_CANDIDATE,FULL_CELL_COVERED,STRICT_FULL,WRS2_NOMINAL_FRAME_FULL,1.0,0.1171,,,,LC08_119043_20210927,LC08_L2SP_119043_20210927_20211001_02_T1,,119.0,43.0,1.0,"predeclared policy: FULL_CELL_COVERED + autumn DOY 260-320 + scene cloud <= 0.30; rank = (cloud asc, |doy-290| asc, event_id asc)","{""coverage_tier"": ""STRICT_FULL"", ""n_autumn_events"": 3, ""n_eligible_after_gates"": 2, ""n_intersecting_events"": 16, ""n_pool_for_tier"": 3, ""selection_rank_of_pool"": ""1 of 2 eligible""}",V2,V1_INHERITED_LANDSAT,,0,NOT_RESELECTED_LANDSAT; all 27 D1 landed windows had observed coverage >= 0.999 under VALID r2
NP19_R00388-C00129_L5_1990,CNA10K-R00388-C00129,landsat5,1990,PRIMARY,DEFAULT,SELECTED,EVT-L-f10bd956bdff34dc,1990-10-15T00:00:00+00:00,288.0,AUTUMN_PRIMARY_V1_CANDIDATE,FULL_CELL_COVERED,STRICT_FULL,WRS2_NOMINAL_FRAME_FULL,1.0,0.0,,,,LT05_120035_19901015,LT05_L2SP_120035_19901015_20200915_02_T1,,120.0,35.0,1.0,"predeclared policy: FULL_CELL_COVERED + autumn DOY 260-320 + scene cloud <= 0.30; rank = (cloud asc, |doy-290| asc, event_id asc)","{""coverage_tier"": ""STRICT_FULL"", ""n_autumn_events"": 4, ""n_eligible_after_gates"": 2, ""n_intersecting_events"": 18, ""n_pool_for_tier"": 4, ""selection_rank_of_pool"": ""1 of 2 eligible""}",V2,V1_INHERITED_LANDSAT,,0,NOT_RESELECTED_LANDSAT; all 27 D1 landed windows had observed coverage >= 0.999 under VALID r2
NP19_R00388-C00129_L5_2000,CNA10K-R00388-C00129,landsat5,2000,PRIMARY,DEFAULT,SELECTED,EVT-L-ce5da4c4cbdcfbc8,2000-10-26T00:00:00+00:00,300.0,AUTUMN_PRIMARY_V1_CANDIDATE,FULL_CELL_COVERED,STRICT_FULL,WRS2_NOMINAL_FRAME_FULL,1.0,0.04,,,,LT05_120035_20001026,LT05_L2SP_120035_20001026_20200906_02_T1,,120.0,35.0,1.0,"predeclared policy: FULL_CELL_COVERED + autumn DOY 260-320 + scene cloud <= 0.30; rank = (cloud asc, |doy-290| asc, event_id asc)","{""coverage_tier"": ""STRICT_FULL"", ""n_autumn_events"": 4, ""n_eligible_after_gates"": 1, ""n_intersecting_events"": 18, ""n_pool_for_tier"": 4, ""selection_rank_of_pool"": ""1 of 1 eligible""}",V2,V1_INHERITED_LANDSAT,,0,NOT_RESELECTED_LANDSAT; all 27 D1 landed windows had observed coverage >= 0.999 under VALID r2
NP19_R00388-C00129_L8_2015,CNA10K-R00388-C00129,landsat8,2015,PRIMARY,DEFAULT,SELECTED,EVT-L-ecbd1c70b9042fff,2015-10-20T00:00:00+00:00,293.0,AUTUMN_PRIMARY_V1_CANDIDATE,FULL_CELL_COVERED,STRICT_FULL,WRS2_NOMINAL_FRAME_FULL,1.0,0.0949,,,,LC08_120035_20151020,LC08_L2SP_120035_20151020_20200908_02_T1,,120.0,35.0,1.0,"predeclared policy: FULL_CELL_COVERED + autumn DOY 260-320 + scene cloud <= 0.30; rank = (cloud asc, |doy-290| asc, event_id asc)","{""coverage_tier"": ""STRICT_FULL"", ""n_autumn_events"": 3, ""n_eligible_after_gates"": 1, ""n_intersecting_events"": 15, ""n_pool_for_tier"": 3, ""selection_rank_of_pool"": ""1 of 1 eligible""}",V2,V1_INHERITED_LANDSAT,,0,NOT_RESELECTED_LANDSAT; all 27 D1 landed windows had observed coverage >= 0.999 under VALID r2
,CNA10K-R00388-C00129,sentinel1,2015,SECONDARY,A,NO_SCENE,,,,,,,,,,,,,,,,,,,NO_ELIGIBLE_EVENT_ACTUAL_MASK: no candidate reached actual observed fraction >= 0.95; threshold not relaxed,"{""v2_change"": ""NO_SCENE_INHERITED"", ""best_fraction"": null, ""n_candidates_evaluated"": 0, ""evaluated_fractions"": []}",V2,NO_SCENE_INHERITED,,0,
,CNA10K-R00388-C00129,sentinel1,2015,SECONDARY,D,NO_SCENE,,,,,,,,,,,,,,,,,,,NO_ELIGIBLE_EVENT_ACTUAL_MASK: no candidate reached actual observed fraction >= 0.95; threshold not relaxed,"{""v2_change"": ""NO_SCENE_INHERITED"", ""best_fraction"": null, ""n_candidates_evaluated"": 0, ""evaluated_fractions"": []}",V2,NO_SCENE_INHERITED,,0,
,CNA10K-R00388-C00129,sentinel2,2015,SECONDARY,DEFAULT,NO_SCENE,,,,,,,,,,,,,,,,,,,NO_ELIGIBLE_EVENT_ACTUAL_MASK: no candidate reached actual observed fraction >= 0.95; threshold not relaxed,"{""v2_change"": ""NO_SCENE_INHERITED"", ""best_fraction"": null, ""n_candidates_evaluated"": 0, ""evaluated_fractions"": []}",V2,NO_SCENE_INHERITED,,0,
NP19_R00388-C00129_L8_2020,CNA10K-R00388-C00129,landsat8,2020,PRIMARY,DEFAULT,SELECTED,EVT-L-a80bce5f9d6957ce,2020-10-17T00:00:00+00:00,291.0,AUTUMN_PRIMARY_V1_CANDIDATE,FULL_CELL_COVERED,STRICT_FULL,WRS2_NOMINAL_FRAME_FULL,1.0,0.0027,,,,LC08_120035_20201017,LC08_L2SP_120035_20201017_20201105_02_T1,,120.0,35.0,1.0,"predeclared policy: FULL_CELL_COVERED + autumn DOY 260-320 + scene cloud <= 0.30; rank = (cloud asc, |doy-290| asc, event_id asc)","{""coverage_tier"": ""STRICT_FULL"", ""n_autumn_events"": 2, ""n_eligible_after_gates"": 1, ""n_intersecting_events"": 19, ""n_pool_for_tier"": 2, ""selection_rank_of_pool"": ""1 of 1 eligible""}",V2,V1_INHERITED_LANDSAT,,0,NOT_RESELECTED_LANDSAT; all 27 D1 landed windows had observed coverage >= 0.999 under VALID r2
NP19_R00388-C00129_S1_2020_A,CNA10K-R00388-C00129,sentinel1,2020,PRIMARY,A,V2_ELIGIBLE,EVT-S1-6008713afb3061c4,2020-10-15T09:55:42+00:00,289,AUTUMN_PRIMARY_V1_CANDIDATE,FULL_CELL_COVERED_ACTUAL_MASK_V2,ACTUAL_MASK_GTE_0P95,V2_DUALPOL_ACTUAL_MASK_INCL_EXTREME_FLOOR_OVER_EXPORT_GRID,1.0,,ASC,171,Sentinel-1B,S1B_IW_GRDH_1SDV_20201015T095542_20201015T095607_023822_02D450_8AA9,,,,,1,PILOT_EVENT_SELECTION_V2: actual observed mask >= 0.95 over the locked export grid; nominal geometry prefilter only; rank rules unchanged; no labels used,"{""v2_change"": ""KEPT_SAME_EVENT_PASSES_ACTUAL_MASK"", ""actual_observed_fraction"": 1.0, ""evidence_source"": ""LIVE_GEE_EXPORT_GRID"", ""rank_of_pick"": 1, ""n_candidates_evaluated"": 1, ""evaluated_fractions"": [{""rank"": 1, ""event_id"": ""EVT-S1-6008713afb3061c4"", ""fraction"": 1.0, ""source"": ""LIVE_GEE_EXPORT_GRID""}]}",V2,KEPT_SAME_EVENT_PASSES_ACTUAL_MASK,1.0,1,LIVE_GEE_EXPORT_GRID
NP19_R00388-C00129_S1_2020_D,CNA10K-R00388-C00129,sentinel1,2020,PRIMARY,D,V2_ELIGIBLE,EVT-S1-078060851cbb4f5a,2020-10-20T22:05:05+00:00,294,AUTUMN_PRIMARY_V1_CANDIDATE,FULL_CELL_COVERED_ACTUAL_MASK_V2,ACTUAL_MASK_GTE_0P95,V2_DUALPOL_ACTUAL_MASK_INCL_EXTREME_FLOOR_OVER_EXPORT_GRID,1.0,,DESC,76,Sentinel-1B,S1B_IW_GRDH_1SDV_20201020T220505_20201020T220530_023902_02D6DF_764A,,,,,1,PILOT_EVENT_SELECTION_V2: actual observed mask >= 0.95 over the locked export grid; nominal geometry prefilter only; rank rules unchanged; no labels used,"{""v2_change"": ""KEPT_SAME_EVENT_PASSES_ACTUAL_MASK"", ""actual_observed_fraction"": 1.0, ""evidence_source"": ""LIVE_GEE_EXPORT_GRID"", ""rank_of_pick"": 1, ""n_candidates_evaluated"": 1, ""evaluated_fractions"": [{""rank"": 1, ""event_id"": ""EVT-S1-078060851cbb4f5a"", ""fraction"": 1.0, ""source"": ""LIVE_GEE_EXPORT_GRID""}]}",V2,KEPT_SAME_EVENT_PASSES_ACTUAL_MASK,1.0,1,LIVE_GEE_EXPORT_GRID
NP19_R00388-C00129_S2_2020,CNA10K-R00388-C00129,sentinel2,2020,PRIMARY,DEFAULT,V2_ELIGIBLE,EVT-S2-b5daa51d6c24f005,2020-09-18T02:57:56.036000+00:00,262,AUTUMN_PRIMARY_V1_CANDIDATE,FULL_CELL_COVERED_ACTUAL_MASK_V2,ACTUAL_MASK_GTE_0P95,V2_SAME_DATATAKE_UNION_ACTUAL_SR_MASK_OVER_EXPORT_GRID,1.0,9.788e-05,,,,20200918T024549_20200918T025730_T50SQE,S2B_MSIL2A_20200918T024549_N0500_R132_T50SQE_20230405T175958,50SQE,,,1,PILOT_EVENT_SELECTION_V2: actual observed mask >= 0.95 over the locked export grid; nominal geometry prefilter only; rank rules unchanged; no labels used,"{""v2_change"": ""KEPT_SAME_EVENT_PASSES_ACTUAL_MASK"", ""actual_observed_fraction"": 1.0, ""evidence_source"": ""LANDED_BYTES"", ""rank_of_pick"": 1, ""n_candidates_evaluated"": 1, ""evaluated_fractions"": [{""rank"": 1, ""event_id"": ""EVT-S2-b5daa51d6c24f005"", ""fraction"": 1.0, ""source"": ""LANDED_BYTES""}]}",V2,KEPT_SAME_EVENT_PASSES_ACTUAL_MASK,1.0,1,LANDED_BYTES
NP19_R00388-C00129_S1_2021_A,CNA10K-R00388-C00129,sentinel1,2021,PRIMARY,A,V2_ELIGIBLE,EVT-S1-2ea0d57aac17158d,2021-10-16T09:56:19+00:00,289,AUTUMN_PRIMARY_V1_CANDIDATE,FULL_CELL_COVERED_ACTUAL_MASK_V2,ACTUAL_MASK_GTE_0P95,V2_DUALPOL_ACTUAL_MASK_INCL_EXTREME_FLOOR_OVER_EXPORT_GRID,1.0,,ASC,171,Sentinel-1A,S1A_IW_GRDH_1SDV_20211016T095619_20211016T095644_040143_04C109_1A20,,,,,1,PILOT_EVENT_SELECTION_V2: actual observed mask >= 0.95 over the locked export grid; nominal geometry prefilter only; rank rules unchanged; no labels used,"{""v2_change"": ""KEPT_SAME_EVENT_PASSES_ACTUAL_MASK"", ""actual_observed_fraction"": 1.0, ""evidence_source"": ""LIVE_GEE_EXPORT_GRID"", ""rank_of_pick"": 1, ""n_candidates_evaluated"": 1, ""evaluated_fractions"": [{""rank"": 1, ""event_id"": ""EVT-S1-2ea0d57aac17158d"", ""fraction"": 1.0, ""source"": ""LIVE_GEE_EXPORT_GRID""}]}",V2,KEPT_SAME_EVENT_PASSES_ACTUAL_MASK,1.0,1,LIVE_GEE_EXPORT_GRID
NP19_R00388-C00129_S1_2021_D,CNA10K-R00388-C00129,sentinel1,2021,PRIMARY,D,V2_ELIGIBLE,EVT-S1-1f18a78e43db0295,2021-10-15T22:05:11+00:00,288,AUTUMN_PRIMARY_V1_CANDIDATE,FULL_CELL_COVERED_ACTUAL_MASK_V2,ACTUAL_MASK_GTE_0P95,V2_DUALPOL_ACTUAL_MASK_INCL_EXTREME_FLOOR_OVER_EXPORT_GRID,1.0,,DESC,76,Sentinel-1B,S1B_IW_GRDH_1SDV_20211015T220511_20211015T220536_029152_037AA2_701C,,,,,1,PILOT_EVENT_SELECTION_V2: actual observed mask >= 0.95 over the locked export grid; nominal geometry prefilter only; rank rules unchanged; no labels used,"{""v2_change"": ""KEPT_SAME_EVENT_PASSES_ACTUAL_MASK"", ""actual_observed_fraction"": 1.0, ""evidence_source"": ""LIVE_GEE_EXPORT_GRID"", ""rank_of_pick"": 1, ""n_candidates_evaluated"": 1, ""evaluated_fractions"": [{""rank"": 1, ""event_id"": ""EVT-S1-1f18a78e43db0295"", ""fraction"": 1.0, ""source"": ""LIVE_GEE_EXPORT_GRID""}]}",V2,KEPT_SAME_EVENT_PASSES_ACTUAL_MASK,1.0,1,LIVE_GEE_EXPORT_GRID
NP19_R00388-C00129_S2_2021,CNA10K-R00388-C00129,sentinel2,2021,PRIMARY,DEFAULT,V2_ELIGIBLE,EVT-S2-e366785d99006e35,2021-11-12T02:57:53.744000+00:00,316,AUTUMN_PRIMARY_V1_CANDIDATE,FULL_CELL_COVERED_ACTUAL_MASK_V2,ACTUAL_MASK_GTE_0P95,V2_SAME_DATATAKE_UNION_ACTUAL_SR_MASK_OVER_EXPORT_GRID,1.0,0.00012867,,,,20211112T024939_20211112T024939_T50SQE,S2B_MSIL2A_20211112T024939_N0500_R132_T50SQE_20230104T112733,50SQE,,,1,PILOT_EVENT_SELECTION_V2: actual observed mask >= 0.95 over the locked export grid; nominal geometry prefilter only; rank rules unchanged; no labels used,"{""v2_change"": ""KEPT_SAME_EVENT_PASSES_ACTUAL_MASK"", ""actual_observed_fraction"": 1.0, ""evidence_source"": ""LIVE_GEE_EXPORT_GRID"", ""rank_of_pick"": 1, ""n_candidates_evaluated"": 1, ""evaluated_fractions"": [{""rank"": 1, ""event_id"": ""EVT-S2-e366785d99006e35"", ""fraction"": 1.0, ""source"": ""LIVE_GEE_EXPORT_GRID""}]}",V2,KEPT_SAME_EVENT_PASSES_ACTUAL_MASK,1.0,1,LIVE_GEE_EXPORT_GRID
,CNA10K-R00388-C00129,landsat8,2021,SECONDARY,DEFAULT,NO_ELIGIBLE_EVENT,,,,,,,,,,,,,,,,,,,no eligible event after gates: 3 full-cover and 0 near-full (>=0.90) autumn events; scene cloud ceiling 0.30; full-cover events all cloudy; min cloud 0.724,"{""min_autumn_cloud_fraction"": 0.7243999999999999, ""n_autumn_events"": 3, ""n_full_cover_autumn_events"": 3, ""n_intersecting_events"": 20, ""n_near_full_autumn_events"": 0}",V2,V1_INHERITED_LANDSAT,,0,NOT_RESELECTED_LANDSAT; all 27 D1 landed windows had observed coverage >= 0.999 under VALID r2
NP19_R00411-C00151_L5_1990,CNA10K-R00411-C00151,landsat5,1990,PRIMARY,DEFAULT,SELECTED,EVT-L-a10b9566931fde9f,1990-10-08T00:00:00+00:00,281.0,AUTUMN_PRIMARY_V1_CANDIDATE,FULL_CELL_COVERED,STRICT_FULL,WRS2_NOMINAL_FRAME_FULL,1.0,0.0,,,,LT05_119034_19901008,LT05_L2SP_119034_19901008_20200915_02_T1,,119.0,34.0,1.0,"predeclared policy: FULL_CELL_COVERED + autumn DOY 260-320 + scene cloud <= 0.30; rank = (cloud asc, |doy-290| asc, event_id asc)","{""coverage_tier"": ""STRICT_FULL"", ""n_autumn_events"": 2, ""n_eligible_after_gates"": 1, ""n_intersecting_events"": 27, ""n_pool_for_tier"": 2, ""selection_rank_of_pool"": ""1 of 1 eligible""}",V2,V1_INHERITED_LANDSAT,,0,NOT_RESELECTED_LANDSAT; all 27 D1 landed windows had observed coverage >= 0.999 under VALID r2
NP19_R00411-C00151_L5_2000,CNA10K-R00411-C00151,landsat5,2000,PRIMARY,DEFAULT,SELECTED,EVT-L-cba12e21f48ea3c8,2000-10-03T00:00:00+00:00,277.0,AUTUMN_PRIMARY_V1_CANDIDATE,FULL_CELL_COVERED,STRICT_FULL,WRS2_NOMINAL_FRAME_FULL,1.0,0.0,,,,LT05_119034_20001003,LT05_L2SP_119034_20001003_20200906_02_T1,,119.0,34.0,1.0,"predeclared policy: FULL_CELL_COVERED + autumn DOY 260-320 + scene cloud <= 0.30; rank = (cloud asc, |doy-290| asc, event_id asc)","{""coverage_tier"": ""STRICT_FULL"", ""n_autumn_events"": 7, ""n_eligible_after_gates"": 6, ""n_intersecting_events"": 39, ""n_pool_for_tier"": 7, ""selection_rank_of_pool"": ""1 of 6 eligible""}",V2,V1_INHERITED_LANDSAT,,0,NOT_RESELECTED_LANDSAT; all 27 D1 landed windows had observed coverage >= 0.999 under VALID r2
NP19_R00411-C00151_L8_2015,CNA10K-R00411-C00151,landsat8,2015,PRIMARY,DEFAULT,SELECTED,EVT-L-7d26674c0e569ae3,2015-09-27T00:00:00+00:00,270.0,AUTUMN_PRIMARY_V1_CANDIDATE,FULL_CELL_COVERED,STRICT_FULL,WRS2_NOMINAL_FRAME_FULL,1.0,0.0005,,,,LC08_119034_20150927,LC08_L2SP_119034_20150927_20200908_02_T1,,119.0,34.0,1.0,"predeclared policy: FULL_CELL_COVERED + autumn DOY 260-320 + scene cloud <= 0.30; rank = (cloud asc, |doy-290| asc, event_id asc)","{""coverage_tier"": ""STRICT_FULL"", ""n_autumn_events"": 7, ""n_eligible_after_gates"": 4, ""n_intersecting_events"": 37, ""n_pool_for_tier"": 7, ""selection_rank_of_pool"": ""1 of 4 eligible""}",V2,V1_INHERITED_LANDSAT,,0,NOT_RESELECTED_LANDSAT; all 27 D1 landed windows had observed coverage >= 0.999 under VALID r2
,CNA10K-R00411-C00151,sentinel1,2015,SECONDARY,A,NO_SCENE,,,,,,,,,,,,,,,,,,,NO_ELIGIBLE_EVENT_ACTUAL_MASK: no candidate reached actual observed fraction >= 0.95; threshold not relaxed,"{""v2_change"": ""NO_SCENE_INHERITED"", ""best_fraction"": null, ""n_candidates_evaluated"": 0, ""evaluated_fractions"": []}",V2,NO_SCENE_INHERITED,,0,
,CNA10K-R00411-C00151,sentinel1,2015,SECONDARY,D,NO_SCENE,,,,,,,,,,,,,,,,,,,NO_ELIGIBLE_EVENT_ACTUAL_MASK: no candidate reached actual observed fraction >= 0.95; threshold not relaxed,"{""v2_change"": ""NO_SCENE_INHERITED"", ""best_fraction"": null, ""n_candidates_evaluated"": 0, ""evaluated_fractions"": []}",V2,NO_SCENE_INHERITED,,0,
,CNA10K-R00411-C00151,sentinel2,2015,SECONDARY,DEFAULT,NO_SCENE,,,,,,,,,,,,,,,,,,,NO_ELIGIBLE_EVENT_ACTUAL_MASK: no candidate reached actual observed fraction >= 0.95; threshold not relaxed,"{""v2_change"": ""NO_SCENE_INHERITED"", ""best_fraction"": null, ""n_candidates_evaluated"": 0, ""evaluated_fractions"": []}",V2,NO_SCENE_INHERITED,,0,
NP19_R00411-C00151_L8_2020,CNA10K-R00411-C00151,landsat8,2020,PRIMARY,DEFAULT,SELECTED,EVT-L-a76a7078658334c1,2020-11-11T00:00:00+00:00,316.0,AUTUMN_PRIMARY_V1_CANDIDATE,FULL_CELL_COVERED,STRICT_FULL,WRS2_NOMINAL_FRAME_FULL,1.0,0.0022,,,,LC08_119034_20201111,LC08_L2SP_119034_20201111_20210316_02_T1,,119.0,34.0,1.0,"predeclared policy: FULL_CELL_COVERED + autumn DOY 260-320 + scene cloud <= 0.30; rank = (cloud asc, |doy-290| asc, event_id asc)","{""coverage_tier"": ""STRICT_FULL"", ""n_autumn_events"": 7, ""n_eligible_after_gates"": 4, ""n_intersecting_events"": 35, ""n_pool_for_tier"": 7, ""selection_rank_of_pool"": ""1 of 4 eligible""}",V2,V1_INHERITED_LANDSAT,,0,NOT_RESELECTED_LANDSAT; all 27 D1 landed windows had observed coverage >= 0.999 under VALID r2
NP19_R00411-C00151_S1_2020_A,CNA10K-R00411-C00151,sentinel1,2020,PRIMARY,A,V2_ELIGIBLE,EVT-S1-072412133c5dccac,2020-10-16T09:48:39+00:00,290,AUTUMN_PRIMARY_V1_CANDIDATE,FULL_CELL_COVERED_ACTUAL_MASK_V2,ACTUAL_MASK_GTE_0P95,V2_DUALPOL_ACTUAL_MASK_INCL_EXTREME_FLOOR_OVER_EXPORT_GRID,1.0,,ASC,98,Sentinel-1A,S1A_IW_GRDH_1SDV_20201016T094839_20201016T094904_034820_040EF8_30D6,,,,,1,PILOT_EVENT_SELECTION_V2: actual observed mask >= 0.95 over the locked export grid; nominal geometry prefilter only; rank rules unchanged; no labels used,"{""v2_change"": ""KEPT_SAME_EVENT_PASSES_ACTUAL_MASK"", ""actual_observed_fraction"": 1.0, ""evidence_source"": ""LIVE_GEE_EXPORT_GRID"", ""rank_of_pick"": 1, ""n_candidates_evaluated"": 1, ""evaluated_fractions"": [{""rank"": 1, ""event_id"": ""EVT-S1-072412133c5dccac"", ""fraction"": 1.0, ""source"": ""LIVE_GEE_EXPORT_GRID""}]}",V2,KEPT_SAME_EVENT_PASSES_ACTUAL_MASK,1.0,1,LIVE_GEE_EXPORT_GRID
NP19_R00411-C00151_S1_2020_D,CNA10K-R00411-C00151,sentinel1,2020,PRIMARY,D,V2_ELIGIBLE,EVT-S1-0394565499435056,2020-10-15T21:56:36+00:00,289,AUTUMN_PRIMARY_V1_CANDIDATE,FULL_CELL_COVERED_ACTUAL_MASK_V2,ACTUAL_MASK_GTE_0P95,V2_DUALPOL_ACTUAL_MASK_INCL_EXTREME_FLOOR_OVER_EXPORT_GRID,1.0,,DESC,3,Sentinel-1B,S1B_IW_GRDH_1SDV_20201015T215636_20201015T215706_023829_02D48B_4F37,,,,,1,PILOT_EVENT_SELECTION_V2: actual observed mask >= 0.95 over the locked export grid; nominal geometry prefilter only; rank rules unchanged; no labels used,"{""v2_change"": ""KEPT_SAME_EVENT_PASSES_ACTUAL_MASK"", ""actual_observed_fraction"": 1.0, ""evidence_source"": ""LIVE_GEE_EXPORT_GRID"", ""rank_of_pick"": 1, ""n_candidates_evaluated"": 1, ""evaluated_fractions"": [{""rank"": 1, ""event_id"": ""EVT-S1-0394565499435056"", ""fraction"": 1.0, ""source"": ""LIVE_GEE_EXPORT_GRID""}]}",V2,KEPT_SAME_EVENT_PASSES_ACTUAL_MASK,1.0,1,LIVE_GEE_EXPORT_GRID
NP19_R00411-C00151_S2_2020,CNA10K-R00411-C00151,sentinel2,2020,PRIMARY,DEFAULT,V2_ELIGIBLE,EVT-S2-06986b89f7bada16,2020-11-09T02:47:24.610000+00:00,314,AUTUMN_PRIMARY_V1_CANDIDATE,FULL_CELL_COVERED_ACTUAL_MASK_V2,ACTUAL_MASK_GTE_0P95,V2_SAME_DATATAKE_UNION_ACTUAL_SR_MASK_OVER_EXPORT_GRID,0.9999101572395591,0.00016792,,,,20201109T023931_20201109T024539_T51SVB,S2A_MSIL2A_20201109T023931_N0500_R089_T51SVB_20230410T025001,51SVB,,,1,PILOT_EVENT_SELECTION_V2: actual observed mask >= 0.95 over the locked export grid; nominal geometry prefilter only; rank rules unchanged; no labels used,"{""v2_change"": ""REPLACED_V1_EVENT_FAILED_ACTUAL_MASK"", ""actual_observed_fraction"": 0.9999101572395591, ""evidence_source"": ""LIVE_GEE_EXPORT_GRID"", ""rank_of_pick"": 5, ""n_candidates_evaluated"": 5, ""evaluated_fractions"": [{""rank"": 1, ""event_id"": ""EVT-S2-ef7797d57e09d9cb"", ""fraction"": 0.0, ""source"": ""LIVE_GEE_EXPORT_GRID""}, {""rank"": 2, ""event_id"": ""EVT-S2-7bf0a7ca91897a93"", ""fraction"": 0.0, ""source"": ""LIVE_GEE_EXPORT_GRID""}, {""rank"": 3, ""event_id"": ""EVT-S2-e240e8fac24792ae"", ""fraction"": 0.0, ""source"": ""LIVE_GEE_EXPORT_GRID""}, {""rank"": 4, ""event_id"": ""EVT-S2-5367dc1c012017ac"", ""fraction"": 0.0, ""source"": ""LIVE_GEE_EXPORT_GRID""}, {""rank"": 5, ""event_id"": ""EVT-S2-06986b89f7bada16"", ""fraction"": 0.9999101572395591, ""source"": ""LIVE_GEE_EXPORT_GRID""}]}",V2,REPLACED_V1_EVENT_FAILED_ACTUAL_MASK,0.9999101572395591,5,LIVE_GEE_EXPORT_GRID
NP19_R00411-C00151_S1_2021_A,CNA10K-R00411-C00151,sentinel1,2021,PRIMARY,A,V2_ELIGIBLE,EVT-S1-28b410de30fd90bf,2021-10-17T09:47:51+00:00,290,AUTUMN_PRIMARY_V1_CANDIDATE,FULL_CELL_COVERED_ACTUAL_MASK_V2,ACTUAL_MASK_GTE_0P95,V2_DUALPOL_ACTUAL_MASK_INCL_EXTREME_FLOOR_OVER_EXPORT_GRID,1.0,,ASC,98,Sentinel-1B,S1B_IW_GRDH_1SDV_20211017T094751_20211017T094820_029174_037B4B_2737,,,,,1,PILOT_EVENT_SELECTION_V2: actual observed mask >= 0.95 over the locked export grid; nominal geometry prefilter only; rank rules unchanged; no labels used,"{""v2_change"": ""KEPT_SAME_EVENT_PASSES_ACTUAL_MASK"", ""actual_observed_fraction"": 1.0, ""evidence_source"": ""LIVE_GEE_EXPORT_GRID"", ""rank_of_pick"": 1, ""n_candidates_evaluated"": 1, ""evaluated_fractions"": [{""rank"": 1, ""event_id"": ""EVT-S1-28b410de30fd90bf"", ""fraction"": 1.0, ""source"": ""LIVE_GEE_EXPORT_GRID""}]}",V2,KEPT_SAME_EVENT_PASSES_ACTUAL_MASK,1.0,1,LIVE_GEE_EXPORT_GRID
NP19_R00411-C00151_S1_2021_D,CNA10K-R00411-C00151,sentinel1,2021,PRIMARY,D,V2_ELIGIBLE,EVT-S1-f497b1f1d122a3c5,2021-10-22T21:56:42+00:00,295,AUTUMN_PRIMARY_V1_CANDIDATE,FULL_CELL_COVERED_ACTUAL_MASK_V2,ACTUAL_MASK_GTE_0P95,V2_DUALPOL_ACTUAL_MASK_INCL_EXTREME_FLOOR_OVER_EXPORT_GRID,1.0,,DESC,3,Sentinel-1B,S1B_IW_GRDH_1SDV_20211022T215642_20211022T215712_029254_037DC2_312F,,,,,1,PILOT_EVENT_SELECTION_V2: actual observed mask >= 0.95 over the locked export grid; nominal geometry prefilter only; rank rules unchanged; no labels used,"{""v2_change"": ""KEPT_SAME_EVENT_PASSES_ACTUAL_MASK"", ""actual_observed_fraction"": 1.0, ""evidence_source"": ""LIVE_GEE_EXPORT_GRID"", ""rank_of_pick"": 1, ""n_candidates_evaluated"": 1, ""evaluated_fractions"": [{""rank"": 1, ""event_id"": ""EVT-S1-f497b1f1d122a3c5"", ""fraction"": 1.0, ""source"": ""LIVE_GEE_EXPORT_GRID""}]}",V2,KEPT_SAME_EVENT_PASSES_ACTUAL_MASK,1.0,1,LIVE_GEE_EXPORT_GRID
NP19_R00411-C00151_S2_2021,CNA10K-R00411-C00151,sentinel2,2021,PRIMARY,DEFAULT,V2_ELIGIBLE,EVT-S2-6f75a4525e29a674,2021-11-04T02:47:24.238000+00:00,308,AUTUMN_PRIMARY_V1_CANDIDATE,FULL_CELL_COVERED_ACTUAL_MASK_V2,ACTUAL_MASK_GTE_0P95,V2_SAME_DATATAKE_UNION_ACTUAL_SR_MASK_OVER_EXPORT_GRID,1.0,0.00010149,,,,20211104T023901_20211104T023859_T51SVB,S2A_MSIL2A_20211104T023901_N0500_R089_T51SVB_20230101T090804,51SVB,,,1,PILOT_EVENT_SELECTION_V2: actual observed mask >= 0.95 over the locked export grid; nominal geometry prefilter only; rank rules unchanged; no labels used,"{""v2_change"": ""REPLACED_V1_EVENT_FAILED_ACTUAL_MASK"", ""actual_observed_fraction"": 1.0, ""evidence_source"": ""LIVE_GEE_EXPORT_GRID"", ""rank_of_pick"": 3, ""n_candidates_evaluated"": 3, ""evaluated_fractions"": [{""rank"": 1, ""event_id"": ""EVT-S2-f6553d64b6be95ea"", ""fraction"": 0.0, ""source"": ""LIVE_GEE_EXPORT_GRID""}, {""rank"": 2, ""event_id"": ""EVT-S2-69462b6099332023"", ""fraction"": 0.0, ""source"": ""LIVE_GEE_EXPORT_GRID""}, {""rank"": 3, ""event_id"": ""EVT-S2-6f75a4525e29a674"", ""fraction"": 1.0, ""source"": ""LIVE_GEE_EXPORT_GRID""}]}",V2,REPLACED_V1_EVENT_FAILED_ACTUAL_MASK,1.0,3,LIVE_GEE_EXPORT_GRID
NP19_R00411-C00151_L8_2021,CNA10K-R00411-C00151,landsat8,2021,SECONDARY,DEFAULT,SELECTED,EVT-L-349cd4c4dd546d7e,2021-11-14T00:00:00+00:00,318.0,AUTUMN_PRIMARY_V1_CANDIDATE,FULL_CELL_COVERED,STRICT_FULL,WRS2_NOMINAL_FRAME_FULL,1.0,0.0053,,,,LC08_119034_20211114,LC08_L2SP_119034_20211114_20211125_02_T1,,119.0,34.0,1.0,"predeclared policy: FULL_CELL_COVERED + autumn DOY 260-320 + scene cloud <= 0.30; rank = (cloud asc, |doy-290| asc, event_id asc)","{""coverage_tier"": ""STRICT_FULL"", ""n_autumn_events"": 6, ""n_eligible_after_gates"": 5, ""n_intersecting_events"": 41, ""n_pool_for_tier"": 6, ""selection_rank_of_pool"": ""1 of 5 eligible""}",V2,V1_INHERITED_LANDSAT,,0,NOT_RESELECTED_LANDSAT; all 27 D1 landed windows had observed coverage >= 0.999 under VALID r2
NP19_R00417-C00135_L5_1990,CNA10K-R00417-C00135,landsat5,1990,PRIMARY,DEFAULT,SELECTED,EVT-L-e30f913c0ee45bec,1990-10-15T00:00:00+00:00,288.0,AUTUMN_PRIMARY_V1_CANDIDATE,FULL_CELL_COVERED,STRICT_FULL,WRS2_NOMINAL_FRAME_FULL,1.0,0.0,,,,LT05_120034_19901015,LT05_L2SP_120034_19901015_20200915_02_T1,,120.0,34.0,1.0,"predeclared policy: FULL_CELL_COVERED + autumn DOY 260-320 + scene cloud <= 0.30; rank = (cloud asc, |doy-290| asc, event_id asc)","{""coverage_tier"": ""STRICT_FULL"", ""n_autumn_events"": 4, ""n_eligible_after_gates"": 2, ""n_intersecting_events"": 18, ""n_pool_for_tier"": 4, ""selection_rank_of_pool"": ""1 of 2 eligible""}",V2,V1_INHERITED_LANDSAT,,0,NOT_RESELECTED_LANDSAT; all 27 D1 landed windows had observed coverage >= 0.999 under VALID r2
NP19_R00417-C00135_L5_2000,CNA10K-R00417-C00135,landsat5,2000,PRIMARY,DEFAULT,SELECTED,EVT-L-a47e18d479f22f83,2000-10-26T00:00:00+00:00,300.0,AUTUMN_PRIMARY_V1_CANDIDATE,FULL_CELL_COVERED,STRICT_FULL,WRS2_NOMINAL_FRAME_FULL,1.0,0.02,,,,LT05_120034_20001026,LT05_L2SP_120034_20001026_20200906_02_T1,,120.0,34.0,1.0,"predeclared policy: FULL_CELL_COVERED + autumn DOY 260-320 + scene cloud <= 0.30; rank = (cloud asc, |doy-290| asc, event_id asc)","{""coverage_tier"": ""STRICT_FULL"", ""n_autumn_events"": 3, ""n_eligible_after_gates"": 1, ""n_intersecting_events"": 19, ""n_pool_for_tier"": 3, ""selection_rank_of_pool"": ""1 of 1 eligible""}",V2,V1_INHERITED_LANDSAT,,0,NOT_RESELECTED_LANDSAT; all 27 D1 landed windows had observed coverage >= 0.999 under VALID r2
NP19_R00417-C00135_L8_2015,CNA10K-R00417-C00135,landsat8,2015,PRIMARY,DEFAULT,SELECTED,EVT-L-03da7d72e7eb0931,2015-10-20T00:00:00+00:00,293.0,AUTUMN_PRIMARY_V1_CANDIDATE,FULL_CELL_COVERED,STRICT_FULL,WRS2_NOMINAL_FRAME_FULL,1.0,0.2937,,,,LC08_120034_20151020,LC08_L2SP_120034_20151020_20200908_02_T1,,120.0,34.0,1.0,"predeclared policy: FULL_CELL_COVERED + autumn DOY 260-320 + scene cloud <= 0.30; rank = (cloud asc, |doy-290| asc, event_id asc)","{""coverage_tier"": ""STRICT_FULL"", ""n_autumn_events"": 3, ""n_eligible_after_gates"": 1, ""n_intersecting_events"": 16, ""n_pool_for_tier"": 3, ""selection_rank_of_pool"": ""1 of 1 eligible""}",V2,V1_INHERITED_LANDSAT,,0,NOT_RESELECTED_LANDSAT; all 27 D1 landed windows had observed coverage >= 0.999 under VALID r2
,CNA10K-R00417-C00135,sentinel1,2015,SECONDARY,A,NO_SCENE,,,,,,,,,,,,,,,,,,,NO_ELIGIBLE_EVENT_ACTUAL_MASK: no candidate reached actual observed fraction >= 0.95; threshold not relaxed,"{""v2_change"": ""NO_SCENE_INHERITED"", ""best_fraction"": null, ""n_candidates_evaluated"": 0, ""evaluated_fractions"": []}",V2,NO_SCENE_INHERITED,,0,
,CNA10K-R00417-C00135,sentinel1,2015,SECONDARY,D,NO_SCENE,,,,,,,,,,,,,,,,,,,NO_ELIGIBLE_EVENT_ACTUAL_MASK: no candidate reached actual observed fraction >= 0.95; threshold not relaxed,"{""v2_change"": ""NO_SCENE_INHERITED"", ""best_fraction"": null, ""n_candidates_evaluated"": 0, ""evaluated_fractions"": []}",V2,NO_SCENE_INHERITED,,0,
,CNA10K-R00417-C00135,sentinel2,2015,SECONDARY,DEFAULT,NO_SCENE,,,,,,,,,,,,,,,,,,,NO_ELIGIBLE_EVENT_ACTUAL_MASK: no candidate reached actual observed fraction >= 0.95; threshold not relaxed,"{""v2_change"": ""NO_SCENE_INHERITED"", ""best_fraction"": null, ""n_candidates_evaluated"": 0, ""evaluated_fractions"": []}",V2,NO_SCENE_INHERITED,,0,
NP19_R00417-C00135_L8_2020,CNA10K-R00417-C00135,landsat8,2020,PRIMARY,DEFAULT,SELECTED,EVT-L-396396209bcee33a,2020-10-17T00:00:00+00:00,291.0,AUTUMN_PRIMARY_V1_CANDIDATE,FULL_CELL_COVERED,STRICT_FULL,WRS2_NOMINAL_FRAME_FULL,1.0,0.0006,,,,LC08_120034_20201017,LC08_L2SP_120034_20201017_20201105_02_T1,,120.0,34.0,1.0,"predeclared policy: FULL_CELL_COVERED + autumn DOY 260-320 + scene cloud <= 0.30; rank = (cloud asc, |doy-290| asc, event_id asc)","{""coverage_tier"": ""STRICT_FULL"", ""n_autumn_events"": 2, ""n_eligible_after_gates"": 1, ""n_intersecting_events"": 18, ""n_pool_for_tier"": 2, ""selection_rank_of_pool"": ""1 of 1 eligible""}",V2,V1_INHERITED_LANDSAT,,0,NOT_RESELECTED_LANDSAT; all 27 D1 landed windows had observed coverage >= 0.999 under VALID r2
NP19_R00417-C00135_S1_2020_A,CNA10K-R00417-C00135,sentinel1,2020,PRIMARY,A,V2_ELIGIBLE,EVT-S1-e40a483448a23936,2020-10-15T09:56:07+00:00,289,AUTUMN_PRIMARY_V1_CANDIDATE,FULL_CELL_COVERED_ACTUAL_MASK_V2,ACTUAL_MASK_GTE_0P95,V2_DUALPOL_ACTUAL_MASK_INCL_EXTREME_FLOOR_OVER_EXPORT_GRID,1.0,,ASC,171,Sentinel-1B,S1B_IW_GRDH_1SDV_20201015T095607_20201015T095632_023822_02D450_A864,,,,,1,PILOT_EVENT_SELECTION_V2: actual observed mask >= 0.95 over the locked export grid; nominal geometry prefilter only; rank rules unchanged; no labels used,"{""v2_change"": ""KEPT_SAME_EVENT_PASSES_ACTUAL_MASK"", ""actual_observed_fraction"": 1.0, ""evidence_source"": ""LIVE_GEE_EXPORT_GRID"", ""rank_of_pick"": 1, ""n_candidates_evaluated"": 1, ""evaluated_fractions"": [{""rank"": 1, ""event_id"": ""EVT-S1-e40a483448a23936"", ""fraction"": 1.0, ""source"": ""LIVE_GEE_EXPORT_GRID""}]}",V2,KEPT_SAME_EVENT_PASSES_ACTUAL_MASK,1.0,1,LIVE_GEE_EXPORT_GRID
NP19_R00417-C00135_S1_2020_D,CNA10K-R00417-C00135,sentinel1,2020,PRIMARY,D,V2_ELIGIBLE,EVT-S1-b8455e4c36f8cad5,2020-10-15T21:56:11+00:00,289,AUTUMN_PRIMARY_V1_CANDIDATE,FULL_CELL_COVERED_ACTUAL_MASK_V2,ACTUAL_MASK_GTE_0P95,V2_DUALPOL_ACTUAL_MASK_INCL_EXTREME_FLOOR_OVER_EXPORT_GRID,1.0,,DESC,3,Sentinel-1B,S1B_IW_GRDH_1SDV_20201015T215611_20201015T215636_023829_02D48B_03CE,,,,,1,PILOT_EVENT_SELECTION_V2: actual observed mask >= 0.95 over the locked export grid; nominal geometry prefilter only; rank rules unchanged; no labels used,"{""v2_change"": ""KEPT_SAME_EVENT_PASSES_ACTUAL_MASK"", ""actual_observed_fraction"": 1.0, ""evidence_source"": ""LIVE_GEE_EXPORT_GRID"", ""rank_of_pick"": 1, ""n_candidates_evaluated"": 1, ""evaluated_fractions"": [{""rank"": 1, ""event_id"": ""EVT-S1-b8455e4c36f8cad5"", ""fraction"": 1.0, ""source"": ""LIVE_GEE_EXPORT_GRID""}]}",V2,KEPT_SAME_EVENT_PASSES_ACTUAL_MASK,1.0,1,LIVE_GEE_EXPORT_GRID
NP19_R00417-C00135_S2_2020,CNA10K-R00417-C00135,sentinel2,2020,PRIMARY,DEFAULT,NO_ELIGIBLE_EVENT_ACTUAL_MASK,,,,,,,,,,,,,,,,,,,NO_ELIGIBLE_EVENT_ACTUAL_MASK: no candidate reached actual observed fraction >= 0.95; threshold not relaxed,"{""v2_change"": ""V1_SELECTED_BUT_NO_ELIGIBLE_ACTUAL_MASK"", ""best_fraction"": 0.9106992417860151, ""n_candidates_evaluated"": 16, ""evaluated_fractions"": [{""rank"": 1, ""event_id"": ""EVT-S2-d0f793dcfe95e2f7"", ""fraction"": 0.8718181697887675, ""source"": ""LIVE_GEE_EXPORT_GRID""}, {""rank"": 2, ""event_id"": ""EVT-S2-eb110c1c6a4cd367"", ""fraction"": 0.9027539472852352, ""source"": ""LIVE_GEE_EXPORT_GRID""}, {""rank"": 3, ""event_id"": ""EVT-S2-88b98ae5b34fce47"", ""fraction"": 0.9106918904772616, ""source"": ""LIVE_GEE_EXPORT_GRID""}, {""rank"": 4, ""event_id"": ""EVT-S2-4f1c873ca4368bda"", ""fraction"": 0.35951134380453753, ""source"": ""LIVE_GEE_EXPORT_GRID""}, {""rank"": 5, ""event_id"": ""EVT-S2-b5daa51d6c24f005"", ""fraction"": 0.9106992417860151, ""source"": ""LIVE_GEE_EXPORT_GRID""}, {""rank"": 6, ""event_id"": ""EVT-S2-0fac12064d00c0c9"", ""fraction"": 0.3274067082162637, ""source"": ""LIVE_GEE_EXPORT_GRID""}, {""rank"": 7, ""event_id"": ""EVT-S2-a615ed8e27f310af"", ""fraction"": 0.8708492672950565, ""source"": ""LIVE_GEE_EXPORT_GRID""}, {""rank"": 8, ""event_id"": ""EVT-S2-d2bd06d4caa6e343"", ""fraction"": 0.8601986911729895, ""source"": ""LIVE_GEE_EXPORT_GRID""}, {""rank"": 9, ""event_id"": ""EVT-S2-8b122a0c8574b197"", ""fraction"": 0.8840639799103435, ""source"": ""LIVE_GEE_EXPORT_GRID""}, {""rank"": 10, ""event_id"": ""EVT-S2-a1285b193c521804"", ""fraction"": 0.2886388463738199, ""source"": ""LIVE_GEE_EXPORT_GRID""}, {""rank"": 11, ""event_id"": ""EVT-S2-06986b89f7bada16"", ""fraction"": 0.8913689754186938, ""source"": ""LIVE_GEE_EXPORT_GRID""}, {""rank"": 12, ""event_id"": ""EVT-S2-bcbfea1550aa7e07"", ""fraction"": 0.9074065905953237, ""source"": ""LIVE_GEE_EXPORT_GRID""}, {""rank"": 13, ""event_id"": ""EVT-S2-3fcb5542e14a6c41"", ""fraction"": 0.8020439578858224, ""source"": ""LIVE_GEE_EXPORT_GRID""}, {""rank"": 14, ""event_id"": ""EVT-S2-03c705c4e4943eb3"", ""fraction"": 0.886419339234964, ""source"": ""LIVE_GEE_EXPORT_GRID""}, {""rank"": 15, ""event_id"": ""EVT-S2-f4f34cd22526a2fc"", ""fraction"": 0.9106992417860151, ""source"": ""LIVE_GEE_EXPORT_GRID""}, {""rank"": 16, ""event_id"": ""EVT-S2-c2dcdafc9732b121"", ""fraction"": 0.8319740763448117, ""source"": ""LIVE_GEE_EXPORT_GRID""}]}",V2,V1_SELECTED_BUT_NO_ELIGIBLE_ACTUAL_MASK,0.9106992417860151,16,
NP19_R00417-C00135_S1_2021_A,CNA10K-R00417-C00135,sentinel1,2021,PRIMARY,A,V2_ELIGIBLE,EVT-S1-fd767c3968cb7eba,2021-10-16T09:57:09+00:00,289,AUTUMN_PRIMARY_V1_CANDIDATE,FULL_CELL_COVERED_ACTUAL_MASK_V2,ACTUAL_MASK_GTE_0P95,V2_DUALPOL_ACTUAL_MASK_INCL_EXTREME_FLOOR_OVER_EXPORT_GRID,1.0,,ASC,171,Sentinel-1A,S1A_IW_GRDH_1SDV_20211016T095709_20211016T095734_040143_04C109_5A7F,,,,,1,PILOT_EVENT_SELECTION_V2: actual observed mask >= 0.95 over the locked export grid; nominal geometry prefilter only; rank rules unchanged; no labels used,"{""v2_change"": ""KEPT_SAME_EVENT_PASSES_ACTUAL_MASK"", ""actual_observed_fraction"": 1.0, ""evidence_source"": ""LIVE_GEE_EXPORT_GRID"", ""rank_of_pick"": 1, ""n_candidates_evaluated"": 1, ""evaluated_fractions"": [{""rank"": 1, ""event_id"": ""EVT-S1-fd767c3968cb7eba"", ""fraction"": 1.0, ""source"": ""LIVE_GEE_EXPORT_GRID""}]}",V2,KEPT_SAME_EVENT_PASSES_ACTUAL_MASK,1.0,1,LIVE_GEE_EXPORT_GRID
NP19_R00417-C00135_S1_2021_D,CNA10K-R00417-C00135,sentinel1,2021,PRIMARY,D,V2_ELIGIBLE,EVT-S1-5a1c10d0866bf0d4,2021-10-22T21:56:17+00:00,295,AUTUMN_PRIMARY_V1_CANDIDATE,FULL_CELL_COVERED_ACTUAL_MASK_V2,ACTUAL_MASK_GTE_0P95,V2_DUALPOL_ACTUAL_MASK_INCL_EXTREME_FLOOR_OVER_EXPORT_GRID,1.0,,DESC,3,Sentinel-1B,S1B_IW_GRDH_1SDV_20211022T215617_20211022T215642_029254_037DC2_9099,,,,,1,PILOT_EVENT_SELECTION_V2: actual observed mask >= 0.95 over the locked export grid; nominal geometry prefilter only; rank rules unchanged; no labels used,"{""v2_change"": ""REPLACED_V1_EVENT_FAILED_ACTUAL_MASK"", ""actual_observed_fraction"": 1.0, ""evidence_source"": ""LIVE_GEE_EXPORT_GRID"", ""rank_of_pick"": 3, ""n_candidates_evaluated"": 3, ""evaluated_fractions"": [{""rank"": 1, ""event_id"": ""EVT-S1-23e8813795d892e2"", ""fraction"": 0.43994642366180453, ""source"": ""LIVE_GEE_EXPORT_GRID""}, {""rank"": 2, ""event_id"": ""EVT-S1-937ad69d5f141a1f"", ""fraction"": 0.5590692360961022, ""source"": ""LIVE_GEE_EXPORT_GRID""}, {""rank"": 3, ""event_id"": ""EVT-S1-5a1c10d0866bf0d4"", ""fraction"": 1.0, ""source"": ""LIVE_GEE_EXPORT_GRID""}]}",V2,REPLACED_V1_EVENT_FAILED_ACTUAL_MASK,1.0,3,LIVE_GEE_EXPORT_GRID
NP19_R00417-C00135_S2_2021,CNA10K-R00417-C00135,sentinel2,2021,PRIMARY,DEFAULT,NO_ELIGIBLE_EVENT_ACTUAL_MASK,,,,,,,,,,,,,,,,,,,NO_ELIGIBLE_EVENT_ACTUAL_MASK: no candidate reached actual observed fraction >= 0.95; threshold not relaxed,"{""v2_change"": ""V1_SELECTED_BUT_NO_ELIGIBLE_ACTUAL_MASK"", ""best_fraction"": 0.9106992417860151, ""n_candidates_evaluated"": 9, ""evaluated_fractions"": [{""rank"": 1, ""event_id"": ""EVT-S2-6f75a4525e29a674"", ""fraction"": 0.8711749302728364, ""source"": ""LIVE_GEE_EXPORT_GRID""}, {""rank"": 2, ""event_id"": ""EVT-S2-81b2792c0e993634"", ""fraction"": 0.8533590335087355, ""source"": ""LIVE_GEE_EXPORT_GRID""}, {""rank"": 3, ""event_id"": ""EVT-S2-e366785d99006e35"", ""fraction"": 0.9106896850846357, ""source"": ""LIVE_GEE_EXPORT_GRID""}, {""rank"": 4, ""event_id"": ""EVT-S2-7e11caf59763096a"", ""fraction"": 0.8600075571453986, ""source"": ""LIVE_GEE_EXPORT_GRID""}, {""rank"": 5, ""event_id"": ""EVT-S2-0dad183f9b894ada"", ""fraction"": 0.3588004722480743, ""source"": ""LIVE_GEE_EXPORT_GRID""}, {""rank"": 6, ""event_id"": ""EVT-S2-02ccb3add4511f68"", ""fraction"": 0.3274067082162637, ""source"": ""LIVE_GEE_EXPORT_GRID""}, {""rank"": 7, ""event_id"": ""EVT-S2-978de34618d40e5b"", ""fraction"": 0.35951134380453753, ""source"": ""LIVE_GEE_EXPORT_GRID""}, {""rank"": 8, ""event_id"": ""EVT-S2-8300f3e122fd69b4"", ""fraction"": 0.8898744543491077, ""source"": ""LIVE_GEE_EXPORT_GRID""}, {""rank"": 9, ""event_id"": ""EVT-S2-c70b84bf310d934c"", ""fraction"": 0.9106992417860151, ""source"": ""LIVE_GEE_EXPORT_GRID""}]}",V2,V1_SELECTED_BUT_NO_ELIGIBLE_ACTUAL_MASK,0.9106992417860151,9,
,CNA10K-R00417-C00135,landsat8,2021,SECONDARY,DEFAULT,NO_ELIGIBLE_EVENT,,,,,,,,,,,,,,,,,,,no eligible event after gates: 3 full-cover and 0 near-full (>=0.90) autumn events; scene cloud ceiling 0.30; full-cover events all cloudy; min cloud 0.309,"{""min_autumn_cloud_fraction"": 0.3094, ""n_autumn_events"": 3, ""n_full_cover_autumn_events"": 3, ""n_intersecting_events"": 19, ""n_near_full_autumn_events"": 0}",V2,V1_INHERITED_LANDSAT,,0,NOT_RESELECTED_LANDSAT; all 27 D1 landed windows had observed coverage >= 0.999 under VALID r2
NP19_R00260-C00128_L5_1990,CNA10K-R00260-C00128,landsat5,1990,PRIMARY,DEFAULT,SELECTED,EVT-L-af117bfe521017b8,1990-10-15T00:00:00+00:00,288.0,AUTUMN_PRIMARY_V1_CANDIDATE,FULL_CELL_COVERED,STRICT_FULL,WRS2_NOMINAL_FRAME_FULL,1.0,0.12,,,,LT05_120043_19901015,LT05_L2SP_120043_19901015_20200915_02_T1,,120.0,43.0,1.0,"predeclared policy: FULL_CELL_COVERED + autumn DOY 260-320 + scene cloud <= 0.30; rank = (cloud asc, |doy-290| asc, event_id asc)","{""coverage_tier"": ""STRICT_FULL"", ""n_autumn_events"": 1, ""n_eligible_after_gates"": 1, ""n_intersecting_events"": 18, ""n_pool_for_tier"": 1, ""selection_rank_of_pool"": ""1 of 1 eligible""}",V2,V1_INHERITED_LANDSAT,,0,NOT_RESELECTED_LANDSAT; all 27 D1 landed windows had observed coverage >= 0.999 under VALID r2
NP19_R00260-C00128_L5_2000,CNA10K-R00260-C00128,landsat5,2000,PRIMARY,DEFAULT,SELECTED,EVT-L-448af1f4c0aa068a,2000-10-10T00:00:00+00:00,284.0,AUTUMN_PRIMARY_V1_CANDIDATE,FULL_CELL_COVERED,STRICT_FULL,WRS2_NOMINAL_FRAME_FULL,1.0,0.09,,,,LT05_120043_20001010,LT05_L2SP_120043_20001010_20200906_02_T1,,120.0,43.0,1.0,"predeclared policy: FULL_CELL_COVERED + autumn DOY 260-320 + scene cloud <= 0.30; rank = (cloud asc, |doy-290| asc, event_id asc)","{""coverage_tier"": ""STRICT_FULL"", ""n_autumn_events"": 5, ""n_eligible_after_gates"": 1, ""n_intersecting_events"": 28, ""n_pool_for_tier"": 5, ""selection_rank_of_pool"": ""1 of 1 eligible""}",V2,V1_INHERITED_LANDSAT,,0,NOT_RESELECTED_LANDSAT; all 27 D1 landed windows had observed coverage >= 0.999 under VALID r2
NP19_R00260-C00128_L8_2015,CNA10K-R00260-C00128,landsat8,2015,PRIMARY,DEFAULT,SELECTED,EVT-L-a0ca3e1e418761a5,2015-10-13T00:00:00+00:00,286.0,AUTUMN_PRIMARY_V1_CANDIDATE,FULL_CELL_COVERED,STRICT_FULL,WRS2_NOMINAL_FRAME_FULL,1.0,0.0633,,,,LC08_119043_20151013,LC08_L2SP_119043_20151013_20200908_02_T1,,119.0,43.0,1.0,"predeclared policy: FULL_CELL_COVERED + autumn DOY 260-320 + scene cloud <= 0.30; rank = (cloud asc, |doy-290| asc, event_id asc)","{""coverage_tier"": ""STRICT_FULL"", ""n_autumn_events"": 8, ""n_eligible_after_gates"": 3, ""n_intersecting_events"": 32, ""n_pool_for_tier"": 8, ""selection_rank_of_pool"": ""1 of 3 eligible""}",V2,V1_INHERITED_LANDSAT,,0,NOT_RESELECTED_LANDSAT; all 27 D1 landed windows had observed coverage >= 0.999 under VALID r2
NP19_R00260-C00128_S1_2015_A,CNA10K-R00260-C00128,sentinel1,2015,SECONDARY,A,V2_ELIGIBLE,EVT-S1-97340dc8b3b64491,2015-10-15T10:17:24+00:00,288,AUTUMN_PRIMARY_V1_CANDIDATE,FULL_CELL_COVERED_ACTUAL_MASK_V2,ACTUAL_MASK_GTE_0P95,V2_DUALPOL_ACTUAL_MASK_INCL_EXTREME_FLOOR_OVER_EXPORT_GRID,1.0,,ASC,40,Sentinel-1A,S1A_IW_GRDH_1SDV_20151015T101724_20151015T101749_008162_00B76C_408B,,,,,1,PILOT_EVENT_SELECTION_V2: actual observed mask >= 0.95 over the locked export grid; nominal geometry prefilter only; rank rules unchanged; no labels used,"{""v2_change"": ""KEPT_SAME_EVENT_PASSES_ACTUAL_MASK"", ""actual_observed_fraction"": 1.0, ""evidence_source"": ""LANDED_BYTES"", ""rank_of_pick"": 1, ""n_candidates_evaluated"": 1, ""evaluated_fractions"": [{""rank"": 1, ""event_id"": ""EVT-S1-97340dc8b3b64491"", ""fraction"": 1.0, ""source"": ""LANDED_BYTES""}]}",V2,KEPT_SAME_EVENT_PASSES_ACTUAL_MASK,1.0,1,LANDED_BYTES
,CNA10K-R00260-C00128,sentinel1,2015,SECONDARY,D,NO_SCENE,,,,,,,,,,,,,,,,,,,NO_ELIGIBLE_EVENT_ACTUAL_MASK: no candidate reached actual observed fraction >= 0.95; threshold not relaxed,"{""v2_change"": ""NO_SCENE_INHERITED"", ""best_fraction"": null, ""n_candidates_evaluated"": 0, ""evaluated_fractions"": []}",V2,NO_SCENE_INHERITED,,0,
,CNA10K-R00260-C00128,sentinel2,2015,SECONDARY,DEFAULT,NO_SCENE,,,,,,,,,,,,,,,,,,,NO_ELIGIBLE_EVENT_ACTUAL_MASK: no candidate reached actual observed fraction >= 0.95; threshold not relaxed,"{""v2_change"": ""NO_SCENE_INHERITED"", ""best_fraction"": null, ""n_candidates_evaluated"": 0, ""evaluated_fractions"": []}",V2,NO_SCENE_INHERITED,,0,
NP19_R00260-C00128_L8_2020,CNA10K-R00260-C00128,landsat8,2020,PRIMARY,DEFAULT,SELECTED,EVT-L-5431eaaaeb70d176,2020-11-11T00:00:00+00:00,316.0,AUTUMN_PRIMARY_V1_CANDIDATE,FULL_CELL_COVERED,STRICT_FULL,WRS2_NOMINAL_FRAME_FULL,1.0,0.0728,,,,LC08_119043_20201111,LC08_L2SP_119043_20201111_20210316_02_T1,,119.0,43.0,1.0,"predeclared policy: FULL_CELL_COVERED + autumn DOY 260-320 + scene cloud <= 0.30; rank = (cloud asc, |doy-290| asc, event_id asc)","{""coverage_tier"": ""STRICT_FULL"", ""n_autumn_events"": 4, ""n_eligible_after_gates"": 1, ""n_intersecting_events"": 37, ""n_pool_for_tier"": 4, ""selection_rank_of_pool"": ""1 of 1 eligible""}",V2,V1_INHERITED_LANDSAT,,0,NOT_RESELECTED_LANDSAT; all 27 D1 landed windows had observed coverage >= 0.999 under VALID r2
NP19_R00260-C00128_S1_2020_A,CNA10K-R00260-C00128,sentinel1,2020,PRIMARY,A,V2_ELIGIBLE,EVT-S1-64c23b9876c2c339,2020-10-12T10:17:35+00:00,286,AUTUMN_PRIMARY_V1_CANDIDATE,FULL_CELL_COVERED_ACTUAL_MASK_V2,ACTUAL_MASK_GTE_0P95,V2_DUALPOL_ACTUAL_MASK_INCL_EXTREME_FLOOR_OVER_EXPORT_GRID,1.0,,ASC,40,Sentinel-1A,S1A_IW_GRDH_1SDV_20201012T101735_20201012T101804_034762_040CE7_C3A9,,,,,1,PILOT_EVENT_SELECTION_V2: actual observed mask >= 0.95 over the locked export grid; nominal geometry prefilter only; rank rules unchanged; no labels used,"{""v2_change"": ""KEPT_SAME_EVENT_PASSES_ACTUAL_MASK"", ""actual_observed_fraction"": 1.0, ""evidence_source"": ""LANDED_BYTES"", ""rank_of_pick"": 1, ""n_candidates_evaluated"": 1, ""evaluated_fractions"": [{""rank"": 1, ""event_id"": ""EVT-S1-64c23b9876c2c339"", ""fraction"": 1.0, ""source"": ""LANDED_BYTES""}]}",V2,KEPT_SAME_EVENT_PASSES_ACTUAL_MASK,1.0,1,LANDED_BYTES
,CNA10K-R00260-C00128,sentinel1,2020,PRIMARY,D,NO_SCENE,,,,,,,,,,,,,,,,,,,NO_ELIGIBLE_EVENT_ACTUAL_MASK: no candidate reached actual observed fraction >= 0.95; threshold not relaxed,"{""v2_change"": ""NO_SCENE_INHERITED"", ""best_fraction"": null, ""n_candidates_evaluated"": 0, ""evaluated_fractions"": []}",V2,NO_SCENE_INHERITED,,0,
NP19_R00260-C00128_S2_2020,CNA10K-R00260-C00128,sentinel2,2020,PRIMARY,DEFAULT,V2_ELIGIBLE,EVT-S2-2194c2ff9d2107de,2020-10-10T02:51:19.794000+00:00,284,AUTUMN_PRIMARY_V1_CANDIDATE,FULL_CELL_COVERED_ACTUAL_MASK_V2,ACTUAL_MASK_GTE_0P95,V2_SAME_DATATAKE_UNION_ACTUAL_SR_MASK_OVER_EXPORT_GRID,1.0,0.08438243999999999,,,,20201010T023631_20201010T024205_T50QNM,S2A_MSIL2A_20201010T023631_N0214_R089_T50QNM_20201010T052529,50QNM,,,1,PILOT_EVENT_SELECTION_V2: actual observed mask >= 0.95 over the locked export grid; nominal geometry prefilter only; rank rules unchanged; no labels used,"{""v2_change"": ""REPLACED_V1_EVENT_FAILED_ACTUAL_MASK"", ""actual_observed_fraction"": 1.0, ""evidence_source"": ""LIVE_GEE_EXPORT_GRID"", ""rank_of_pick"": 4, ""n_candidates_evaluated"": 4, ""evaluated_fractions"": [{""rank"": 1, ""event_id"": ""EVT-S2-c9b18d1c82838d64"", ""fraction"": 0.0, ""source"": ""LANDED_BYTES""}, {""rank"": 2, ""event_id"": ""EVT-S2-88b98ae5b34fce47"", ""fraction"": 0.0, ""source"": ""LIVE_GEE_EXPORT_GRID""}, {""rank"": 3, ""event_id"": ""EVT-S2-bb91aa77926459d1"", ""fraction"": 0.0, ""source"": ""LIVE_GEE_EXPORT_GRID""}, {""rank"": 4, ""event_id"": ""EVT-S2-2194c2ff9d2107de"", ""fraction"": 1.0, ""source"": ""LIVE_GEE_EXPORT_GRID""}]}",V2,REPLACED_V1_EVENT_FAILED_ACTUAL_MASK,1.0,4,LIVE_GEE_EXPORT_GRID
NP19_R00260-C00128_S1_2021_A,CNA10K-R00260-C00128,sentinel1,2021,PRIMARY,A,V2_ELIGIBLE,EVT-S1-3e198163819d5551,2021-10-19T10:17:41+00:00,292,AUTUMN_PRIMARY_V1_CANDIDATE,FULL_CELL_COVERED_ACTUAL_MASK_V2,ACTUAL_MASK_GTE_0P95,V2_DUALPOL_ACTUAL_MASK_INCL_EXTREME_FLOOR_OVER_EXPORT_GRID,1.0,,ASC,40,Sentinel-1A,S1A_IW_GRDH_1SDV_20211019T101741_20211019T101810_040187_04C292_3820,,,,,1,PILOT_EVENT_SELECTION_V2: actual observed mask >= 0.95 over the locked export grid; nominal geometry prefilter only; rank rules unchanged; no labels used,"{""v2_change"": ""KEPT_SAME_EVENT_PASSES_ACTUAL_MASK"", ""actual_observed_fraction"": 1.0, ""evidence_source"": ""LANDED_BYTES"", ""rank_of_pick"": 1, ""n_candidates_evaluated"": 1, ""evaluated_fractions"": [{""rank"": 1, ""event_id"": ""EVT-S1-3e198163819d5551"", ""fraction"": 1.0, ""source"": ""LANDED_BYTES""}]}",V2,KEPT_SAME_EVENT_PASSES_ACTUAL_MASK,1.0,1,LANDED_BYTES
,CNA10K-R00260-C00128,sentinel1,2021,PRIMARY,D,NO_SCENE,,,,,,,,,,,,,,,,,,,NO_ELIGIBLE_EVENT_ACTUAL_MASK: no candidate reached actual observed fraction >= 0.95; threshold not relaxed,"{""v2_change"": ""NO_SCENE_INHERITED"", ""best_fraction"": null, ""n_candidates_evaluated"": 0, ""evaluated_fractions"": []}",V2,NO_SCENE_INHERITED,,0,
NP19_R00260-C00128_S2_2021,CNA10K-R00260-C00128,sentinel2,2021,PRIMARY,DEFAULT,V2_ELIGIBLE,EVT-S2-81b2792c0e993634,2021-11-14T02:51:15.412000+00:00,318,AUTUMN_PRIMARY_V1_CANDIDATE,FULL_CELL_COVERED_ACTUAL_MASK_V2,ACTUAL_MASK_GTE_0P95,V2_SAME_DATATAKE_UNION_ACTUAL_SR_MASK_OVER_EXPORT_GRID,1.0,0.00798577,,,,20211114T023951_20211114T023947_T50QNM,S2A_MSIL2A_20211114T023951_N0500_R089_T50QNM_20230107T061233,50QNM,,,1,PILOT_EVENT_SELECTION_V2: actual observed mask >= 0.95 over the locked export grid; nominal geometry prefilter only; rank rules unchanged; no labels used,"{""v2_change"": ""REPLACED_V1_EVENT_FAILED_ACTUAL_MASK"", ""actual_observed_fraction"": 1.0, ""evidence_source"": ""LIVE_GEE_EXPORT_GRID"", ""rank_of_pick"": 2, ""n_candidates_evaluated"": 2, ""evaluated_fractions"": [{""rank"": 1, ""event_id"": ""EVT-S2-d709c9e05f76457a"", ""fraction"": 0.0, ""source"": ""LANDED_BYTES""}, {""rank"": 2, ""event_id"": ""EVT-S2-81b2792c0e993634"", ""fraction"": 1.0, ""source"": ""LIVE_GEE_EXPORT_GRID""}]}",V2,REPLACED_V1_EVENT_FAILED_ACTUAL_MASK,1.0,2,LIVE_GEE_EXPORT_GRID
NP19_R00260-C00128_L8_2021,CNA10K-R00260-C00128,landsat8,2021,SECONDARY,DEFAULT,SELECTED,EVT-L-8301b3f0fcc41db2,2021-11-05T00:00:00+00:00,309.0,AUTUMN_PRIMARY_V1_CANDIDATE,FULL_CELL_COVERED,STRICT_FULL,WRS2_NOMINAL_FRAME_FULL,1.0,0.0677,,,,LC08_120043_20211105,LC08_L2SP_120043_20211105_20211116_02_T1,,120.0,43.0,1.0,"predeclared policy: FULL_CELL_COVERED + autumn DOY 260-320 + scene cloud <= 0.30; rank = (cloud asc, |doy-290| asc, event_id asc)","{""coverage_tier"": ""STRICT_FULL"", ""n_autumn_events"": 7, ""n_eligible_after_gates"": 5, ""n_intersecting_events"": 37, ""n_pool_for_tier"": 7, ""selection_rank_of_pool"": ""1 of 5 eligible""}",V2,V1_INHERITED_LANDSAT,,0,NOT_RESELECTED_LANDSAT; all 27 D1 landed windows had observed coverage >= 0.999 under VALID r2
NP19_R00434-C00149_L5_1990,CNA10K-R00434-C00149,landsat5,1990,PRIMARY,DEFAULT,SELECTED,EVT-L-270634ad1ed1736c,1990-10-08T00:00:00+00:00,281.0,AUTUMN_PRIMARY_V1_CANDIDATE,FULL_CELL_COVERED,STRICT_FULL,WRS2_NOMINAL_FRAME_FULL,1.0,0.0,,,,LT05_119033_19901008,LT05_L2SP_119033_19901008_20200915_02_T1,,119.0,33.0,1.0,"predeclared policy: FULL_CELL_COVERED + autumn DOY 260-320 + scene cloud <= 0.30; rank = (cloud asc, |doy-290| asc, event_id asc)","{""coverage_tier"": ""STRICT_FULL"", ""n_autumn_events"": 1, ""n_eligible_after_gates"": 1, ""n_intersecting_events"": 12, ""n_pool_for_tier"": 1, ""selection_rank_of_pool"": ""1 of 1 eligible""}",V2,V1_INHERITED_LANDSAT,,0,NOT_RESELECTED_LANDSAT; all 27 D1 landed windows had observed coverage >= 0.999 under VALID r2
NP19_R00434-C00149_L5_2000,CNA10K-R00434-C00149,landsat5,2000,PRIMARY,DEFAULT,SELECTED,EVT-L-2f319e596c547644,2000-09-17T00:00:00+00:00,261.0,AUTUMN_PRIMARY_V1_CANDIDATE,FULL_CELL_COVERED,STRICT_FULL,WRS2_NOMINAL_FRAME_FULL,1.0,0.0,,,,LT05_119033_20000917,LT05_L2SP_119033_20000917_20200906_02_T1,,119.0,33.0,1.0,"predeclared policy: FULL_CELL_COVERED + autumn DOY 260-320 + scene cloud <= 0.30; rank = (cloud asc, |doy-290| asc, event_id asc)","{""coverage_tier"": ""STRICT_FULL"", ""n_autumn_events"": 4, ""n_eligible_after_gates"": 2, ""n_intersecting_events"": 21, ""n_pool_for_tier"": 4, ""selection_rank_of_pool"": ""1 of 2 eligible""}",V2,V1_INHERITED_LANDSAT,,0,NOT_RESELECTED_LANDSAT; all 27 D1 landed windows had observed coverage >= 0.999 under VALID r2
NP19_R00434-C00149_L8_2015,CNA10K-R00434-C00149,landsat8,2015,PRIMARY,DEFAULT,SELECTED,EVT-L-5292dca548fd28f4,2015-10-13T00:00:00+00:00,286.0,AUTUMN_PRIMARY_V1_CANDIDATE,FULL_CELL_COVERED,STRICT_FULL,WRS2_NOMINAL_FRAME_FULL,1.0,0.0004,,,,LC08_119033_20151013,LC08_L2SP_119033_20151013_20200908_02_T1,,119.0,33.0,1.0,"predeclared policy: FULL_CELL_COVERED + autumn DOY 260-320 + scene cloud <= 0.30; rank = (cloud asc, |doy-290| asc, event_id asc)","{""coverage_tier"": ""STRICT_FULL"", ""n_autumn_events"": 4, ""n_eligible_after_gates"": 3, ""n_intersecting_events"": 19, ""n_pool_for_tier"": 4, ""selection_rank_of_pool"": ""1 of 3 eligible""}",V2,V1_INHERITED_LANDSAT,,0,NOT_RESELECTED_LANDSAT; all 27 D1 landed windows had observed coverage >= 0.999 under VALID r2
,CNA10K-R00434-C00149,sentinel1,2015,SECONDARY,A,NO_SCENE,,,,,,,,,,,,,,,,,,,NO_ELIGIBLE_EVENT_ACTUAL_MASK: no candidate reached actual observed fraction >= 0.95; threshold not relaxed,"{""v2_change"": ""NO_SCENE_INHERITED"", ""best_fraction"": null, ""n_candidates_evaluated"": 0, ""evaluated_fractions"": []}",V2,NO_SCENE_INHERITED,,0,
NP19_R00434-C00149_S1_2015_D,CNA10K-R00434-C00149,sentinel1,2015,SECONDARY,D,V2_ELIGIBLE,EVT-S1-5f7eb4e99a4db09e,2015-10-07T21:47:43+00:00,280,AUTUMN_PRIMARY_V1_CANDIDATE,FULL_CELL_COVERED_ACTUAL_MASK_V2,ACTUAL_MASK_GTE_0P95,V2_DUALPOL_ACTUAL_MASK_INCL_EXTREME_FLOOR_OVER_EXPORT_GRID,1.0,,DESC,105,Sentinel-1A,S1A_IW_GRDH_1SDV_20151007T214743_20151007T214811_008052_00B471_C098,,,,,1,PILOT_EVENT_SELECTION_V2: actual observed mask >= 0.95 over the locked export grid; nominal geometry prefilter only; rank rules unchanged; no labels used,"{""v2_change"": ""KEPT_SAME_EVENT_PASSES_ACTUAL_MASK"", ""actual_observed_fraction"": 1.0, ""evidence_source"": ""LIVE_GEE_EXPORT_GRID"", ""rank_of_pick"": 1, ""n_candidates_evaluated"": 1, ""evaluated_fractions"": [{""rank"": 1, ""event_id"": ""EVT-S1-5f7eb4e99a4db09e"", ""fraction"": 1.0, ""source"": ""LIVE_GEE_EXPORT_GRID""}]}",V2,KEPT_SAME_EVENT_PASSES_ACTUAL_MASK,1.0,1,LIVE_GEE_EXPORT_GRID
,CNA10K-R00434-C00149,sentinel2,2015,SECONDARY,DEFAULT,NO_SCENE,,,,,,,,,,,,,,,,,,,NO_ELIGIBLE_EVENT_ACTUAL_MASK: no candidate reached actual observed fraction >= 0.95; threshold not relaxed,"{""v2_change"": ""NO_SCENE_INHERITED"", ""best_fraction"": null, ""n_candidates_evaluated"": 0, ""evaluated_fractions"": []}",V2,NO_SCENE_INHERITED,,0,
NP19_R00434-C00149_L8_2020,CNA10K-R00434-C00149,landsat8,2020,PRIMARY,DEFAULT,SELECTED,EVT-L-66e092b457b70bb2,2020-11-11T00:00:00+00:00,316.0,AUTUMN_PRIMARY_V1_CANDIDATE,FULL_CELL_COVERED,STRICT_FULL,WRS2_NOMINAL_FRAME_FULL,1.0,0.0053,,,,LC08_119033_20201111,LC08_L2SP_119033_20201111_20210316_02_T1,,119.0,33.0,1.0,"predeclared policy: FULL_CELL_COVERED + autumn DOY 260-320 + scene cloud <= 0.30; rank = (cloud asc, |doy-290| asc, event_id asc)","{""coverage_tier"": ""STRICT_FULL"", ""n_autumn_events"": 4, ""n_eligible_after_gates"": 1, ""n_intersecting_events"": 17, ""n_pool_for_tier"": 4, ""selection_rank_of_pool"": ""1 of 1 eligible""}",V2,V1_INHERITED_LANDSAT,,0,NOT_RESELECTED_LANDSAT; all 27 D1 landed windows had observed coverage >= 0.999 under VALID r2
NP19_R00434-C00149_S1_2020_A,CNA10K-R00434-C00149,sentinel1,2020,PRIMARY,A,V2_ELIGIBLE,EVT-S1-5ad5e7a4f0c031f5,2020-10-16T09:49:04+00:00,290,AUTUMN_PRIMARY_V1_CANDIDATE,FULL_CELL_COVERED_ACTUAL_MASK_V2,ACTUAL_MASK_GTE_0P95,V2_DUALPOL_ACTUAL_MASK_INCL_EXTREME_FLOOR_OVER_EXPORT_GRID,1.0,,ASC,98,Sentinel-1A,S1A_IW_GRDH_1SDV_20201016T094904_20201016T094929_034820_040EF8_404F,,,,,1,PILOT_EVENT_SELECTION_V2: actual observed mask >= 0.95 over the locked export grid; nominal geometry prefilter only; rank rules unchanged; no labels used,"{""v2_change"": ""KEPT_SAME_EVENT_PASSES_ACTUAL_MASK"", ""actual_observed_fraction"": 1.0, ""evidence_source"": ""LIVE_GEE_EXPORT_GRID"", ""rank_of_pick"": 1, ""n_candidates_evaluated"": 1, ""evaluated_fractions"": [{""rank"": 1, ""event_id"": ""EVT-S1-5ad5e7a4f0c031f5"", ""fraction"": 1.0, ""source"": ""LIVE_GEE_EXPORT_GRID""}]}",V2,KEPT_SAME_EVENT_PASSES_ACTUAL_MASK,1.0,1,LIVE_GEE_EXPORT_GRID
NP19_R00434-C00149_S1_2020_D,CNA10K-R00434-C00149,sentinel1,2020,PRIMARY,D,V2_ELIGIBLE,EVT-S1-7968c2313a818c50,2020-10-15T21:55:46+00:00,289,AUTUMN_PRIMARY_V1_CANDIDATE,FULL_CELL_COVERED_ACTUAL_MASK_V2,ACTUAL_MASK_GTE_0P95,V2_DUALPOL_ACTUAL_MASK_INCL_EXTREME_FLOOR_OVER_EXPORT_GRID,1.0,,DESC,3,Sentinel-1B,S1B_IW_GRDH_1SDV_20201015T215546_20201015T215611_023829_02D48B_C3BB,,,,,1,PILOT_EVENT_SELECTION_V2: actual observed mask >= 0.95 over the locked export grid; nominal geometry prefilter only; rank rules unchanged; no labels used,"{""v2_change"": ""KEPT_SAME_EVENT_PASSES_ACTUAL_MASK"", ""actual_observed_fraction"": 1.0, ""evidence_source"": ""LIVE_GEE_EXPORT_GRID"", ""rank_of_pick"": 1, ""n_candidates_evaluated"": 1, ""evaluated_fractions"": [{""rank"": 1, ""event_id"": ""EVT-S1-7968c2313a818c50"", ""fraction"": 1.0, ""source"": ""LIVE_GEE_EXPORT_GRID""}]}",V2,KEPT_SAME_EVENT_PASSES_ACTUAL_MASK,1.0,1,LIVE_GEE_EXPORT_GRID
NP19_R00434-C00149_S2_2020,CNA10K-R00434-C00149,sentinel2,2020,PRIMARY,DEFAULT,V2_ELIGIBLE,EVT-S2-d0f793dcfe95e2f7,2020-09-30T02:46:57.080000+00:00,274,AUTUMN_PRIMARY_V1_CANDIDATE,FULL_CELL_COVERED_ACTUAL_MASK_V2,ACTUAL_MASK_GTE_0P95,V2_SAME_DATATAKE_UNION_ACTUAL_SR_MASK_OVER_EXPORT_GRID,1.0,0.00010236,,,,20200930T023551_20200930T023909_T51SVD,S2A_MSIL2A_20200930T023551_N0500_R089_T51SVD_20230424T093106,51SVD,,,1,PILOT_EVENT_SELECTION_V2: actual observed mask >= 0.95 over the locked export grid; nominal geometry prefilter only; rank rules unchanged; no labels used,"{""v2_change"": ""KEPT_SAME_EVENT_PASSES_ACTUAL_MASK"", ""actual_observed_fraction"": 1.0, ""evidence_source"": ""LIVE_GEE_EXPORT_GRID"", ""rank_of_pick"": 1, ""n_candidates_evaluated"": 1, ""evaluated_fractions"": [{""rank"": 1, ""event_id"": ""EVT-S2-d0f793dcfe95e2f7"", ""fraction"": 1.0, ""source"": ""LIVE_GEE_EXPORT_GRID""}]}",V2,KEPT_SAME_EVENT_PASSES_ACTUAL_MASK,1.0,1,LIVE_GEE_EXPORT_GRID
NP19_R00434-C00149_S1_2021_A,CNA10K-R00434-C00149,sentinel1,2021,PRIMARY,A,V2_ELIGIBLE,EVT-S1-091cd54a20dad142,2021-10-17T09:48:20+00:00,290,AUTUMN_PRIMARY_V1_CANDIDATE,FULL_CELL_COVERED_ACTUAL_MASK_V2,ACTUAL_MASK_GTE_0P95,V2_DUALPOL_ACTUAL_MASK_INCL_EXTREME_FLOOR_OVER_EXPORT_GRID,1.0,,ASC,98,Sentinel-1B,S1B_IW_GRDH_1SDV_20211017T094820_20211017T094845_029174_037B4B_16A4,,,,,1,PILOT_EVENT_SELECTION_V2: actual observed mask >= 0.95 over the locked export grid; nominal geometry prefilter only; rank rules unchanged; no labels used,"{""v2_change"": ""KEPT_SAME_EVENT_PASSES_ACTUAL_MASK"", ""actual_observed_fraction"": 1.0, ""evidence_source"": ""LIVE_GEE_EXPORT_GRID"", ""rank_of_pick"": 1, ""n_candidates_evaluated"": 1, ""evaluated_fractions"": [{""rank"": 1, ""event_id"": ""EVT-S1-091cd54a20dad142"", ""fraction"": 1.0, ""source"": ""LIVE_GEE_EXPORT_GRID""}]}",V2,KEPT_SAME_EVENT_PASSES_ACTUAL_MASK,1.0,1,LIVE_GEE_EXPORT_GRID
NP19_R00434-C00149_S1_2021_D,CNA10K-R00434-C00149,sentinel1,2021,PRIMARY,D,V2_ELIGIBLE,EVT-S1-3d9a1fdf8648e2dd,2021-10-17T21:47:43+00:00,290,AUTUMN_PRIMARY_V1_CANDIDATE,FULL_CELL_COVERED_ACTUAL_MASK_V2,ACTUAL_MASK_GTE_0P95,V2_DUALPOL_ACTUAL_MASK_INCL_EXTREME_FLOOR_OVER_EXPORT_GRID,1.0,,DESC,105,Sentinel-1B,S1B_IW_GRDH_1SDV_20211017T214743_20211017T214810_029181_037B89_30DE,,,,,1,PILOT_EVENT_SELECTION_V2: actual observed mask >= 0.95 over the locked export grid; nominal geometry prefilter only; rank rules unchanged; no labels used,"{""v2_change"": ""KEPT_SAME_EVENT_PASSES_ACTUAL_MASK"", ""actual_observed_fraction"": 1.0, ""evidence_source"": ""LIVE_GEE_EXPORT_GRID"", ""rank_of_pick"": 1, ""n_candidates_evaluated"": 1, ""evaluated_fractions"": [{""rank"": 1, ""event_id"": ""EVT-S1-3d9a1fdf8648e2dd"", ""fraction"": 1.0, ""source"": ""LIVE_GEE_EXPORT_GRID""}]}",V2,KEPT_SAME_EVENT_PASSES_ACTUAL_MASK,1.0,1,LIVE_GEE_EXPORT_GRID
NP19_R00434-C00149_S2_2021,CNA10K-R00434-C00149,sentinel2,2021,PRIMARY,DEFAULT,V2_ELIGIBLE,EVT-S2-81b2792c0e993634,2021-11-14T02:46:52.894000+00:00,318,AUTUMN_PRIMARY_V1_CANDIDATE,FULL_CELL_COVERED_ACTUAL_MASK_V2,ACTUAL_MASK_GTE_0P95,V2_SAME_DATATAKE_UNION_ACTUAL_SR_MASK_OVER_EXPORT_GRID,0.9999948363872414,8.361000000000001e-05,,,,20211114T023951_20211114T023947_T51SVD,S2A_MSIL2A_20211114T023951_N0500_R089_T51SVD_20230107T061233,51SVD,,,1,PILOT_EVENT_SELECTION_V2: actual observed mask >= 0.95 over the locked export grid; nominal geometry prefilter only; rank rules unchanged; no labels used,"{""v2_change"": ""REPLACED_V1_EVENT_FAILED_ACTUAL_MASK"", ""actual_observed_fraction"": 0.9999948363872414, ""evidence_source"": ""LIVE_GEE_EXPORT_GRID"", ""rank_of_pick"": 2, ""n_candidates_evaluated"": 2, ""evaluated_fractions"": [{""rank"": 1, ""event_id"": ""EVT-S2-e366785d99006e35"", ""fraction"": 0.0, ""source"": ""LIVE_GEE_EXPORT_GRID""}, {""rank"": 2, ""event_id"": ""EVT-S2-81b2792c0e993634"", ""fraction"": 0.9999948363872414, ""source"": ""LIVE_GEE_EXPORT_GRID""}]}",V2,REPLACED_V1_EVENT_FAILED_ACTUAL_MASK,0.9999948363872414,2,LIVE_GEE_EXPORT_GRID
NP19_R00434-C00149_L8_2021,CNA10K-R00434-C00149,landsat8,2021,SECONDARY,DEFAULT,SELECTED,EVT-L-43fe0670314d0832,2021-11-14T00:00:00+00:00,318.0,AUTUMN_PRIMARY_V1_CANDIDATE,FULL_CELL_COVERED,STRICT_FULL,WRS2_NOMINAL_FRAME_FULL,1.0,0.0045,,,,LC08_119033_20211114,LC08_L2SP_119033_20211114_20211125_02_T1,,119.0,33.0,1.0,"predeclared policy: FULL_CELL_COVERED + autumn DOY 260-320 + scene cloud <= 0.30; rank = (cloud asc, |doy-290| asc, event_id asc)","{""coverage_tier"": ""STRICT_FULL"", ""n_autumn_events"": 3, ""n_eligible_after_gates"": 3, ""n_intersecting_events"": 18, ""n_pool_for_tier"": 3, ""selection_rank_of_pool"": ""1 of 3 eligible""}",V2,V1_INHERITED_LANDSAT,,0,NOT_RESELECTED_LANDSAT; all 27 D1 landed windows had observed coverage >= 0.999 under VALID r2
NP19_R00226-C00080_L5_1990,CNA10K-R00226-C00080,landsat5,1990,PRIMARY,DEFAULT,SELECTED,EVT-L-1f5d83bceeff5613,1990-10-29T00:00:00+00:00,302.0,AUTUMN_PRIMARY_V1_CANDIDATE,FULL_CELL_COVERED,STRICT_FULL,WRS2_NOMINAL_FRAME_FULL,1.0,0.27,,,,LT05_122045_19901029,LT05_L2SP_122045_19901029_20200915_02_T1,,122.0,45.0,1.0,"predeclared policy: FULL_CELL_COVERED + autumn DOY 260-320 + scene cloud <= 0.30; rank = (cloud asc, |doy-290| asc, event_id asc)","{""coverage_tier"": ""STRICT_FULL"", ""n_autumn_events"": 3, ""n_eligible_after_gates"": 1, ""n_intersecting_events"": 9, ""n_pool_for_tier"": 3, ""selection_rank_of_pool"": ""1 of 1 eligible""}",V2,V1_INHERITED_LANDSAT,,0,NOT_RESELECTED_LANDSAT; all 27 D1 landed windows had observed coverage >= 0.999 under VALID r2
NP19_R00226-C00080_L5_2000,CNA10K-R00226-C00080,landsat5,2000,PRIMARY,DEFAULT,SELECTED,EVT-L-dc0400ee11b00cf7,2000-10-24T00:00:00+00:00,298.0,AUTUMN_PRIMARY_V1_CANDIDATE,FULL_CELL_COVERED,STRICT_FULL,WRS2_NOMINAL_FRAME_FULL,1.0,0.07,,,,LT05_122045_20001024,LT05_L2SP_122045_20001024_20200906_02_T1,,122.0,45.0,1.0,"predeclared policy: FULL_CELL_COVERED + autumn DOY 260-320 + scene cloud <= 0.30; rank = (cloud asc, |doy-290| asc, event_id asc)","{""coverage_tier"": ""STRICT_FULL"", ""n_autumn_events"": 3, ""n_eligible_after_gates"": 2, ""n_intersecting_events"": 16, ""n_pool_for_tier"": 3, ""selection_rank_of_pool"": ""1 of 2 eligible""}",V2,V1_INHERITED_LANDSAT,,0,NOT_RESELECTED_LANDSAT; all 27 D1 landed windows had observed coverage >= 0.999 under VALID r2
NP19_R00226-C00080_L8_2015,CNA10K-R00226-C00080,landsat8,2015,PRIMARY,DEFAULT,SELECTED,EVT-L-e470cb62fc6c4c2b,2015-10-18T00:00:00+00:00,291.0,AUTUMN_PRIMARY_V1_CANDIDATE,FULL_CELL_COVERED,STRICT_FULL,WRS2_NOMINAL_FRAME_FULL,1.0,0.1780999999999999,,,,LC08_122045_20151018,LC08_L2SP_122045_20151018_20200908_02_T1,,122.0,45.0,1.0,"predeclared policy: FULL_CELL_COVERED + autumn DOY 260-320 + scene cloud <= 0.30; rank = (cloud asc, |doy-290| asc, event_id asc)","{""coverage_tier"": ""STRICT_FULL"", ""n_autumn_events"": 3, ""n_eligible_after_gates"": 1, ""n_intersecting_events"": 18, ""n_pool_for_tier"": 3, ""selection_rank_of_pool"": ""1 of 1 eligible""}",V2,V1_INHERITED_LANDSAT,,0,NOT_RESELECTED_LANDSAT; all 27 D1 landed windows had observed coverage >= 0.999 under VALID r2
,CNA10K-R00226-C00080,sentinel1,2015,SECONDARY,A,NO_SCENE,,,,,,,,,,,,,,,,,,,NO_ELIGIBLE_EVENT_ACTUAL_MASK: no candidate reached actual observed fraction >= 0.95; threshold not relaxed,"{""v2_change"": ""NO_SCENE_INHERITED"", ""best_fraction"": null, ""n_candidates_evaluated"": 0, ""evaluated_fractions"": []}",V2,NO_SCENE_INHERITED,,0,
,CNA10K-R00226-C00080,sentinel1,2015,SECONDARY,D,NO_SCENE,,,,,,,,,,,,,,,,,,,NO_ELIGIBLE_EVENT_ACTUAL_MASK: no candidate reached actual observed fraction >= 0.95; threshold not relaxed,"{""v2_change"": ""NO_SCENE_INHERITED"", ""best_fraction"": null, ""n_candidates_evaluated"": 0, ""evaluated_fractions"": []}",V2,NO_SCENE_INHERITED,,0,
,CNA10K-R00226-C00080,sentinel2,2015,SECONDARY,DEFAULT,NO_SCENE,,,,,,,,,,,,,,,,,,,NO_ELIGIBLE_EVENT_ACTUAL_MASK: no candidate reached actual observed fraction >= 0.95; threshold not relaxed,"{""v2_change"": ""NO_SCENE_INHERITED"", ""best_fraction"": null, ""n_candidates_evaluated"": 0, ""evaluated_fractions"": []}",V2,NO_SCENE_INHERITED,,0,
,CNA10K-R00226-C00080,landsat8,2020,PRIMARY,DEFAULT,NO_ELIGIBLE_EVENT,,,,,,,,,,,,,,,,,,,no eligible event after gates: 2 full-cover and 0 near-full (>=0.90) autumn events; scene cloud ceiling 0.30; full-cover events all cloudy; min cloud 0.425,"{""min_autumn_cloud_fraction"": 0.42469999999999997, ""n_autumn_events"": 2, ""n_full_cover_autumn_events"": 2, ""n_intersecting_events"": 13, ""n_near_full_autumn_events"": 0}",V2,V1_INHERITED_LANDSAT,,0,NOT_RESELECTED_LANDSAT; all 27 D1 landed windows had observed coverage >= 0.999 under VALID r2
NP19_R00226-C00080_S1_2020_A,CNA10K-R00226-C00080,sentinel1,2020,PRIMARY,A,V2_ELIGIBLE,EVT-S1-1668050a8bc905ac,2020-10-10T10:33:32+00:00,284,AUTUMN_PRIMARY_V1_CANDIDATE,FULL_CELL_COVERED_ACTUAL_MASK_V2,ACTUAL_MASK_GTE_0P95,V2_DUALPOL_ACTUAL_MASK_INCL_EXTREME_FLOOR_OVER_EXPORT_GRID,1.0,,ASC,11,Sentinel-1A,S1A_IW_GRDH_1SDV_20201010T103332_20201010T103401_034733_040BE5_2C53,,,,,1,PILOT_EVENT_SELECTION_V2: actual observed mask >= 0.95 over the locked export grid; nominal geometry prefilter only; rank rules unchanged; no labels used,"{""v2_change"": ""KEPT_SAME_EVENT_PASSES_ACTUAL_MASK"", ""actual_observed_fraction"": 1.0, ""evidence_source"": ""LANDED_BYTES"", ""rank_of_pick"": 1, ""n_candidates_evaluated"": 1, ""evaluated_fractions"": [{""rank"": 1, ""event_id"": ""EVT-S1-1668050a8bc905ac"", ""fraction"": 1.0, ""source"": ""LANDED_BYTES""}]}",V2,KEPT_SAME_EVENT_PASSES_ACTUAL_MASK,1.0,1,LANDED_BYTES
,CNA10K-R00226-C00080,sentinel1,2020,PRIMARY,D,NO_SCENE,,,,,,,,,,,,,,,,,,,NO_ELIGIBLE_EVENT_ACTUAL_MASK: no candidate reached actual observed fraction >= 0.95; threshold not relaxed,"{""v2_change"": ""NO_SCENE_INHERITED"", ""best_fraction"": null, ""n_candidates_evaluated"": 0, ""evaluated_fractions"": []}",V2,NO_SCENE_INHERITED,,0,
NP19_R00226-C00080_S2_2020,CNA10K-R00226-C00080,sentinel2,2020,PRIMARY,DEFAULT,V2_ELIGIBLE,EVT-S2-5c38407c03941b41,2020-10-26T03:12:11.445000+00:00,300,AUTUMN_PRIMARY_V1_CANDIDATE,FULL_CELL_COVERED_ACTUAL_MASK_V2,ACTUAL_MASK_GTE_0P95,V2_SAME_DATATAKE_UNION_ACTUAL_SR_MASK_OVER_EXPORT_GRID,1.0,0.27921554,,,,20201026T025821_20201026T031008_T49QFD,S2A_MSIL2A_20201026T025821_N0214_R032_T49QFD_20201026T050222,49QFD,,,1,PILOT_EVENT_SELECTION_V2: actual observed mask >= 0.95 over the locked export grid; nominal geometry prefilter only; rank rules unchanged; no labels used,"{""v2_change"": ""KEPT_SAME_EVENT_PASSES_ACTUAL_MASK"", ""actual_observed_fraction"": 1.0, ""evidence_source"": ""LANDED_BYTES"", ""rank_of_pick"": 1, ""n_candidates_evaluated"": 1, ""evaluated_fractions"": [{""rank"": 1, ""event_id"": ""EVT-S2-5c38407c03941b41"", ""fraction"": 1.0, ""source"": ""LANDED_BYTES""}]}",V2,KEPT_SAME_EVENT_PASSES_ACTUAL_MASK,1.0,1,LANDED_BYTES
NP19_R00226-C00080_S1_2021_A,CNA10K-R00226-C00080,sentinel1,2021,PRIMARY,A,V2_ELIGIBLE,EVT-S1-70ff819ef1944722,2021-10-17T10:33:37+00:00,290,AUTUMN_PRIMARY_V1_CANDIDATE,FULL_CELL_COVERED_ACTUAL_MASK_V2,ACTUAL_MASK_GTE_0P95,V2_DUALPOL_ACTUAL_MASK_INCL_EXTREME_FLOOR_OVER_EXPORT_GRID,1.0,,ASC,11,Sentinel-1A,S1A_IW_GRDH_1SDV_20211017T103337_20211017T103406_040158_04C18D_30B8,,,,,1,PILOT_EVENT_SELECTION_V2: actual observed mask >= 0.95 over the locked export grid; nominal geometry prefilter only; rank rules unchanged; no labels used,"{""v2_change"": ""KEPT_SAME_EVENT_PASSES_ACTUAL_MASK"", ""actual_observed_fraction"": 1.0, ""evidence_source"": ""LANDED_BYTES"", ""rank_of_pick"": 1, ""n_candidates_evaluated"": 1, ""evaluated_fractions"": [{""rank"": 1, ""event_id"": ""EVT-S1-70ff819ef1944722"", ""fraction"": 1.0, ""source"": ""LANDED_BYTES""}]}",V2,KEPT_SAME_EVENT_PASSES_ACTUAL_MASK,1.0,1,LANDED_BYTES
,CNA10K-R00226-C00080,sentinel1,2021,PRIMARY,D,NO_SCENE,,,,,,,,,,,,,,,,,,,NO_ELIGIBLE_EVENT_ACTUAL_MASK: no candidate reached actual observed fraction >= 0.95; threshold not relaxed,"{""v2_change"": ""NO_SCENE_INHERITED"", ""best_fraction"": null, ""n_candidates_evaluated"": 0, ""evaluated_fractions"": []}",V2,NO_SCENE_INHERITED,,0,
NP19_R00226-C00080_S2_2021,CNA10K-R00226-C00080,sentinel2,2021,PRIMARY,DEFAULT,V2_ELIGIBLE,EVT-S2-7f9e0e9666a59df0,2021-10-01T03:12:10.573000+00:00,274,AUTUMN_PRIMARY_V1_CANDIDATE,FULL_CELL_COVERED_ACTUAL_MASK_V2,ACTUAL_MASK_GTE_0P95,V2_SAME_DATATAKE_UNION_ACTUAL_SR_MASK_OVER_EXPORT_GRID,1.0,0.07784755,,,,20211001T025551_20211001T030953_T49QFD,S2A_MSIL2A_20211001T025551_N0301_R032_T49QFD_20211001T062429,49QFD,,,1,PILOT_EVENT_SELECTION_V2: actual observed mask >= 0.95 over the locked export grid; nominal geometry prefilter only; rank rules unchanged; no labels used,"{""v2_change"": ""KEPT_SAME_EVENT_PASSES_ACTUAL_MASK"", ""actual_observed_fraction"": 1.0, ""evidence_source"": ""LANDED_BYTES"", ""rank_of_pick"": 1, ""n_candidates_evaluated"": 1, ""evaluated_fractions"": [{""rank"": 1, ""event_id"": ""EVT-S2-7f9e0e9666a59df0"", ""fraction"": 1.0, ""source"": ""LANDED_BYTES""}]}",V2,KEPT_SAME_EVENT_PASSES_ACTUAL_MASK,1.0,1,LANDED_BYTES
NP19_R00226-C00080_L8_2021,CNA10K-R00226-C00080,landsat8,2021,SECONDARY,DEFAULT,SELECTED,EVT-L-5a256621d25c3788,2021-10-02T00:00:00+00:00,275.0,AUTUMN_PRIMARY_V1_CANDIDATE,FULL_CELL_COVERED,STRICT_FULL,WRS2_NOMINAL_FRAME_FULL,1.0,0.0813,,,,LC08_122045_20211002,LC08_L2SP_122045_20211002_20211013_02_T1,,122.0,45.0,1.0,"predeclared policy: FULL_CELL_COVERED + autumn DOY 260-320 + scene cloud <= 0.30; rank = (cloud asc, |doy-290| asc, event_id asc)","{""coverage_tier"": ""STRICT_FULL"", ""n_autumn_events"": 3, ""n_eligible_after_gates"": 1, ""n_intersecting_events"": 16, ""n_pool_for_tier"": 3, ""selection_rank_of_pool"": ""1 of 1 eligible""}",V2,V1_INHERITED_LANDSAT,,0,NOT_RESELECTED_LANDSAT; all 27 D1 landed windows had observed coverage >= 0.999 under VALID r2
NP19_R00274-C00147_L5_1990,CNA10K-R00274-C00147,landsat5,1990,PRIMARY,DEFAULT,SELECTED,EVT-L-bac3866b2b7ea6f6,1990-10-17T00:00:00+00:00,290.0,AUTUMN_PRIMARY_V1_CANDIDATE,FULL_CELL_COVERED,STRICT_FULL,WRS2_NOMINAL_FRAME_FULL,1.0,0.17,,,,LT05_118043_19901017,LT05_L2SP_118043_19901017_20200915_02_T1,,118.0,43.0,1.0,"predeclared policy: FULL_CELL_COVERED + autumn DOY 260-320 + scene cloud <= 0.30; rank = (cloud asc, |doy-290| asc, event_id asc)","{""coverage_tier"": ""STRICT_FULL"", ""n_autumn_events"": 1, ""n_eligible_after_gates"": 1, ""n_intersecting_events"": 14, ""n_pool_for_tier"": 1, ""selection_rank_of_pool"": ""1 of 1 eligible""}",V2,V1_INHERITED_LANDSAT,,0,NOT_RESELECTED_LANDSAT; all 27 D1 landed windows had observed coverage >= 0.999 under VALID r2
NP19_R00274-C00147_L5_2000,CNA10K-R00274-C00147,landsat5,2000,PRIMARY,DEFAULT,SELECTED,EVT-L-421a1ec9228ea043,2000-09-26T00:00:00+00:00,270.0,AUTUMN_PRIMARY_V1_CANDIDATE,FULL_CELL_COVERED,STRICT_FULL,WRS2_NOMINAL_FRAME_FULL,1.0,0.12,,,,LT05_118043_20000926,LT05_L2SP_118043_20000926_20200906_02_T1,,118.0,43.0,1.0,"predeclared policy: FULL_CELL_COVERED + autumn DOY 260-320 + scene cloud <= 0.30; rank = (cloud asc, |doy-290| asc, event_id asc)","{""coverage_tier"": ""STRICT_FULL"", ""n_autumn_events"": 3, ""n_eligible_after_gates"": 1, ""n_intersecting_events"": 17, ""n_pool_for_tier"": 3, ""selection_rank_of_pool"": ""1 of 1 eligible""}",V2,V1_INHERITED_LANDSAT,,0,NOT_RESELECTED_LANDSAT; all 27 D1 landed windows had observed coverage >= 0.999 under VALID r2
NP19_R00274-C00147_L8_2015,CNA10K-R00274-C00147,landsat8,2015,PRIMARY,DEFAULT,SELECTED,EVT-L-70d0727ec35d0a60,2015-11-07T00:00:00+00:00,311.0,AUTUMN_PRIMARY_V1_CANDIDATE,FULL_CELL_COVERED,STRICT_FULL,WRS2_NOMINAL_FRAME_FULL,1.0,0.2648999999999999,,,,LC08_118043_20151107,LC08_L2SP_118043_20151107_20200908_02_T1,,118.0,43.0,1.0,"predeclared policy: FULL_CELL_COVERED + autumn DOY 260-320 + scene cloud <= 0.30; rank = (cloud asc, |doy-290| asc, event_id asc)","{""coverage_tier"": ""STRICT_FULL"", ""n_autumn_events"": 4, ""n_eligible_after_gates"": 1, ""n_intersecting_events"": 19, ""n_pool_for_tier"": 4, ""selection_rank_of_pool"": ""1 of 1 eligible""}",V2,V1_INHERITED_LANDSAT,,0,NOT_RESELECTED_LANDSAT; all 27 D1 landed windows had observed coverage >= 0.999 under VALID r2
NP19_R00274-C00147_S1_2015_A,CNA10K-R00274-C00147,sentinel1,2015,SECONDARY,A,V2_ELIGIBLE,EVT-S1-fe7b966288ecbe28,2015-11-15T10:09:24+00:00,319,AUTUMN_PRIMARY_V1_CANDIDATE,FULL_CELL_COVERED_ACTUAL_MASK_V2,ACTUAL_MASK_GTE_0P95,V2_DUALPOL_ACTUAL_MASK_INCL_EXTREME_FLOOR_OVER_EXPORT_GRID,1.0,,ASC,142,Sentinel-1A,S1A_IW_GRDH_1SDV_20151115T100924_20151115T100949_008614_00C3A4_011E,,,,,1,PILOT_EVENT_SELECTION_V2: actual observed mask >= 0.95 over the locked export grid; nominal geometry prefilter only; rank rules unchanged; no labels used,"{""v2_change"": ""REPLACED_V1_EVENT_FAILED_ACTUAL_MASK"", ""actual_observed_fraction"": 1.0, ""evidence_source"": ""LIVE_GEE_EXPORT_GRID"", ""rank_of_pick"": 13, ""n_candidates_evaluated"": 13, ""evaluated_fractions"": [{""rank"": 1, ""event_id"": ""EVT-S1-b297160ef9378092"", ""fraction"": 0.30960418258212374, ""source"": ""QUARANTINED_UNLANDED_BYTES""}, {""rank"": 2, ""event_id"": ""EVT-S1-edbaab1c0c556afc"", ""fraction"": 0.46700248281130635, ""source"": ""LIVE_GEE_EXPORT_GRID""}, {""rank"": 3, ""event_id"": ""EVT-S1-a65268aedf405be6"", ""fraction"": 0.7951426024955437, ""source"": ""LIVE_GEE_EXPORT_GRID""}, {""rank"": 4, ""event_id"": ""EVT-S1-b477b95ce2ced7da"", ""fraction"": 0.20366532976827095, ""source"": ""LIVE_GEE_EXPORT_GRID""}, {""rank"": 5, ""event_id"": ""EVT-S1-17c3b6134549dbd0"", ""fraction"": 0.7948410045836516, ""source"": ""LIVE_GEE_EXPORT_GRID""}, {""rank"": 6, ""event_id"": ""EVT-S1-209163d8fa9376af"", ""fraction"": 0.20407674433409728, ""source"": ""LIVE_GEE_EXPORT_GRID""}, {""rank"": 7, ""event_id"": ""EVT-S1-4ab23ebf1015f144"", ""fraction"": 0.4679892411510059, ""source"": ""LIVE_GEE_EXPORT_GRID""}, {""rank"": 8, ""event_id"": ""EVT-S1-7416450a2166cd69"", ""fraction"": 0.3114440094219506, ""source"": ""LIVE_GEE_EXPORT_GRID""}, {""rank"": 9, ""event_id"": ""EVT-S1-60a9556ce347de43"", ""fraction"": 0.20230376241405654, ""source"": ""LIVE_GEE_EXPORT_GRID""}, {""rank"": 10, ""event_id"": ""EVT-S1-fb8fcaf9b8fd1d9e"", ""fraction"": 0.7962057550292845, ""source"": ""LIVE_GEE_EXPORT_GRID""}, {""rank"": 11, ""event_id"": ""EVT-S1-706c70c98e8634f9"", ""fraction"": 0.20471415839062898, ""source"": ""LIVE_GEE_EXPORT_GRID""}, {""rank"": 12, ""event_id"": ""EVT-S1-804d31700b4ebfdb"", ""fraction"": 0.7941343582887701, ""source"": ""LIVE_GEE_EXPORT_GRID""}, {""rank"": 13, ""event_id"": ""EVT-S1-fe7b966288ecbe28"", ""fraction"": 1.0, ""source"": ""LIVE_GEE_EXPORT_GRID""}]}",V2,REPLACED_V1_EVENT_FAILED_ACTUAL_MASK,1.0,13,LIVE_GEE_EXPORT_GRID
,CNA10K-R00274-C00147,sentinel1,2015,SECONDARY,D,NO_SCENE,,,,,,,,,,,,,,,,,,,NO_ELIGIBLE_EVENT_ACTUAL_MASK: no candidate reached actual observed fraction >= 0.95; threshold not relaxed,"{""v2_change"": ""NO_SCENE_INHERITED"", ""best_fraction"": null, ""n_candidates_evaluated"": 0, ""evaluated_fractions"": []}",V2,NO_SCENE_INHERITED,,0,
,CNA10K-R00274-C00147,sentinel2,2015,SECONDARY,DEFAULT,NO_SCENE,,,,,,,,,,,,,,,,,,,NO_ELIGIBLE_EVENT_ACTUAL_MASK: no candidate reached actual observed fraction >= 0.95; threshold not relaxed,"{""v2_change"": ""NO_SCENE_INHERITED"", ""best_fraction"": null, ""n_candidates_evaluated"": 0, ""evaluated_fractions"": []}",V2,NO_SCENE_INHERITED,,0,
NP19_R00274-C00147_L8_2020,CNA10K-R00274-C00147,landsat8,2020,PRIMARY,DEFAULT,SELECTED,EVT-L-2d0b814cfde870d7,2020-10-03T00:00:00+00:00,277.0,AUTUMN_PRIMARY_V1_CANDIDATE,FULL_CELL_COVERED,STRICT_FULL,WRS2_NOMINAL_FRAME_FULL,1.0,0.2681,,,,LC08_118043_20201003,LC08_L2SP_118043_20201003_20201015_02_T1,,118.0,43.0,1.0,"predeclared policy: FULL_CELL_COVERED + autumn DOY 260-320 + scene cloud <= 0.30; rank = (cloud asc, |doy-290| asc, event_id asc)","{""coverage_tier"": ""STRICT_FULL"", ""n_autumn_events"": 3, ""n_eligible_after_gates"": 1, ""n_intersecting_events"": 21, ""n_pool_for_tier"": 3, ""selection_rank_of_pool"": ""1 of 1 eligible""}",V2,V1_INHERITED_LANDSAT,,0,NOT_RESELECTED_LANDSAT; all 27 D1 landed windows had observed coverage >= 0.999 under VALID r2
NP19_R00274-C00147_S1_2020_A,CNA10K-R00274-C00147,sentinel1,2020,PRIMARY,A,V2_ELIGIBLE,EVT-S1-ce0ea50a7ed34315,2020-10-07T10:09:41+00:00,281,AUTUMN_PRIMARY_V1_CANDIDATE,FULL_CELL_COVERED_ACTUAL_MASK_V2,ACTUAL_MASK_GTE_0P95,V2_DUALPOL_ACTUAL_MASK_INCL_EXTREME_FLOOR_OVER_EXPORT_GRID,1.0,,ASC,142,Sentinel-1A,S1A_IW_GRDH_1SDV_20201007T100941_20201007T101010_034689_040A5B_A7A9,,,,,1,PILOT_EVENT_SELECTION_V2: actual observed mask >= 0.95 over the locked export grid; nominal geometry prefilter only; rank rules unchanged; no labels used,"{""v2_change"": ""REPLACED_V1_EVENT_FAILED_ACTUAL_MASK"", ""actual_observed_fraction"": 1.0, ""evidence_source"": ""LIVE_GEE_EXPORT_GRID"", ""rank_of_pick"": 5, ""n_candidates_evaluated"": 5, ""evaluated_fractions"": [{""rank"": 1, ""event_id"": ""EVT-S1-fe422698d162e192"", ""fraction"": 0.7753740132416603, ""source"": ""LANDED_BYTES""}, {""rank"": 2, ""event_id"": ""EVT-S1-112188cf9c51931e"", ""fraction"": 0.12200311942959002, ""source"": ""LIVE_GEE_EXPORT_GRID""}, {""rank"": 3, ""event_id"": ""EVT-S1-84c6152638e269d0"", ""fraction"": 0.7661796536796537, ""source"": ""LIVE_GEE_EXPORT_GRID""}, {""rank"": 4, ""event_id"": ""EVT-S1-16d63c77acf0a8d0"", ""fraction"": 0.09506779984721161, ""source"": ""LIVE_GEE_EXPORT_GRID""}, {""rank"": 5, ""event_id"": ""EVT-S1-ce0ea50a7ed34315"", ""fraction"": 1.0, ""source"": ""LIVE_GEE_EXPORT_GRID""}]}",V2,REPLACED_V1_EVENT_FAILED_ACTUAL_MASK,1.0,5,LIVE_GEE_EXPORT_GRID
,CNA10K-R00274-C00147,sentinel1,2020,PRIMARY,D,NO_SCENE,,,,,,,,,,,,,,,,,,,NO_ELIGIBLE_EVENT_ACTUAL_MASK: no candidate reached actual observed fraction >= 0.95; threshold not relaxed,"{""v2_change"": ""NO_SCENE_INHERITED"", ""best_fraction"": null, ""n_candidates_evaluated"": 0, ""evaluated_fractions"": []}",V2,NO_SCENE_INHERITED,,0,
NP19_R00274-C00147_S2_2020,CNA10K-R00274-C00147,sentinel2,2020,PRIMARY,DEFAULT,V2_ELIGIBLE,EVT-S2-4f1c873ca4368bda,2020-10-30T02:50:58.056000+00:00,304,AUTUMN_PRIMARY_V1_CANDIDATE,FULL_CELL_COVERED_ACTUAL_MASK_V2,ACTUAL_MASK_GTE_0P95,V2_SAME_DATATAKE_UNION_ACTUAL_SR_MASK_OVER_EXPORT_GRID,1.0,0.11328834,,,,20201030T023831_20201030T025009_T50RQN,S2A_MSIL2A_20201030T023831_N0214_R089_T50RQN_20201030T043903,50RQN,,,1,PILOT_EVENT_SELECTION_V2: actual observed mask >= 0.95 over the locked export grid; nominal geometry prefilter only; rank rules unchanged; no labels used,"{""v2_change"": ""REPLACED_V1_EVENT_FAILED_ACTUAL_MASK"", ""actual_observed_fraction"": 1.0, ""evidence_source"": ""LIVE_GEE_EXPORT_GRID"", ""rank_of_pick"": 4, ""n_candidates_evaluated"": 4, ""evaluated_fractions"": [{""rank"": 1, ""event_id"": ""EVT-S2-e240e8fac24792ae"", ""fraction"": 0.0, ""source"": ""LANDED_BYTES""}, {""rank"": 2, ""event_id"": ""EVT-S2-b3c5f16628e628a2"", ""fraction"": 0.0, ""source"": ""LIVE_GEE_EXPORT_GRID""}, {""rank"": 3, ""event_id"": ""EVT-S2-0b1a8a3c8a3f3628"", ""fraction"": 0.0, ""source"": ""LIVE_GEE_EXPORT_GRID""}, {""rank"": 4, ""event_id"": ""EVT-S2-4f1c873ca4368bda"", ""fraction"": 1.0, ""source"": ""LIVE_GEE_EXPORT_GRID""}]}",V2,REPLACED_V1_EVENT_FAILED_ACTUAL_MASK,1.0,4,LIVE_GEE_EXPORT_GRID
NP19_R00274-C00147_S1_2021_A,CNA10K-R00274-C00147,sentinel1,2021,PRIMARY,A,V2_ELIGIBLE,EVT-S1-b2af8413ce2e6e1f,2021-10-14T10:09:47+00:00,287,AUTUMN_PRIMARY_V1_CANDIDATE,FULL_CELL_COVERED_ACTUAL_MASK_V2,ACTUAL_MASK_GTE_0P95,V2_DUALPOL_ACTUAL_MASK_INCL_EXTREME_FLOOR_OVER_EXPORT_GRID,1.0,,ASC,142,Sentinel-1A,S1A_IW_GRDH_1SDV_20211014T100947_20211014T101016_040114_04BFFD_C581,,,,,1,PILOT_EVENT_SELECTION_V2: actual observed mask >= 0.95 over the locked export grid; nominal geometry prefilter only; rank rules unchanged; no labels used,"{""v2_change"": ""REPLACED_V1_EVENT_FAILED_ACTUAL_MASK"", ""actual_observed_fraction"": 1.0, ""evidence_source"": ""LIVE_GEE_EXPORT_GRID"", ""rank_of_pick"": 2, ""n_candidates_evaluated"": 2, ""evaluated_fractions"": [{""rank"": 1, ""event_id"": ""EVT-S1-68d99e816820487b"", ""fraction"": 0.7777127896613191, ""source"": ""QUARANTINED_UNLANDED_BYTES""}, {""rank"": 2, ""event_id"": ""EVT-S1-b2af8413ce2e6e1f"", ""fraction"": 1.0, ""source"": ""LIVE_GEE_EXPORT_GRID""}]}",V2,REPLACED_V1_EVENT_FAILED_ACTUAL_MASK,1.0,2,LIVE_GEE_EXPORT_GRID
,CNA10K-R00274-C00147,sentinel1,2021,PRIMARY,D,NO_SCENE,,,,,,,,,,,,,,,,,,,NO_ELIGIBLE_EVENT_ACTUAL_MASK: no candidate reached actual observed fraction >= 0.95; threshold not relaxed,"{""v2_change"": ""NO_SCENE_INHERITED"", ""best_fraction"": null, ""n_candidates_evaluated"": 0, ""evaluated_fractions"": []}",V2,NO_SCENE_INHERITED,,0,
NP19_R00274-C00147_S2_2021,CNA10K-R00274-C00147,sentinel2,2021,PRIMARY,DEFAULT,V2_ELIGIBLE,EVT-S2-d9414b9bc716452f,2021-09-20T02:50:49.884000+00:00,263,AUTUMN_PRIMARY_V1_CANDIDATE,FULL_CELL_COVERED_ACTUAL_MASK_V2,ACTUAL_MASK_GTE_0P95,V2_SAME_DATATAKE_UNION_ACTUAL_SR_MASK_OVER_EXPORT_GRID,1.0,0.00010093,,,,20210920T023549_20210920T024414_T50RQN,S2B_MSIL2A_20210920T023549_N0500_R089_T50RQN_20230128T122816,50RQN,,,1,PILOT_EVENT_SELECTION_V2: actual observed mask >= 0.95 over the locked export grid; nominal geometry prefilter only; rank rules unchanged; no labels used,"{""v2_change"": ""KEPT_SAME_EVENT_PASSES_ACTUAL_MASK"", ""actual_observed_fraction"": 1.0, ""evidence_source"": ""LANDED_BYTES"", ""rank_of_pick"": 1, ""n_candidates_evaluated"": 1, ""evaluated_fractions"": [{""rank"": 1, ""event_id"": ""EVT-S2-d9414b9bc716452f"", ""fraction"": 1.0, ""source"": ""LANDED_BYTES""}]}",V2,KEPT_SAME_EVENT_PASSES_ACTUAL_MASK,1.0,1,LANDED_BYTES
NP19_R00274-C00147_L8_2021,CNA10K-R00274-C00147,landsat8,2021,SECONDARY,DEFAULT,SELECTED,EVT-L-d93e513c444ce77c,2021-09-20T00:00:00+00:00,263.0,AUTUMN_PRIMARY_V1_CANDIDATE,FULL_CELL_COVERED,STRICT_FULL,WRS2_NOMINAL_FRAME_FULL,1.0,0.0200999999999999,,,,LC08_118043_20210920,LC08_L2SP_118043_20210920_20210925_02_T1,,118.0,43.0,1.0,"predeclared policy: FULL_CELL_COVERED + autumn DOY 260-320 + scene cloud <= 0.30; rank = (cloud asc, |doy-290| asc, event_id asc)","{""coverage_tier"": ""STRICT_FULL"", ""n_autumn_events"": 3, ""n_eligible_after_gates"": 3, ""n_intersecting_events"": 17, ""n_pool_for_tier"": 3, ""selection_rank_of_pool"": ""1 of 3 eligible""}",V2,V1_INHERITED_LANDSAT,,0,NOT_RESELECTED_LANDSAT; all 27 D1 landed windows had observed coverage >= 0.999 under VALID r2
,CNA10K-R00445-C00159,landsat5,1990,PRIMARY,DEFAULT,NO_ELIGIBLE_EVENT,,,,,,,,,,,,,,,,,,,no eligible event after gates: 1 full-cover and 0 near-full (>=0.90) autumn events; scene cloud ceiling 0.30; full-cover events all cloudy; min cloud 0.670,"{""min_autumn_cloud_fraction"": 0.67, ""n_autumn_events"": 1, ""n_full_cover_autumn_events"": 1, ""n_intersecting_events"": 17, ""n_near_full_autumn_events"": 0}",V2,V1_INHERITED_LANDSAT,,0,NOT_RESELECTED_LANDSAT; all 27 D1 landed windows had observed coverage >= 0.999 under VALID r2
NP19_R00445-C00159_L5_2000,CNA10K-R00445-C00159,landsat5,2000,PRIMARY,DEFAULT,SELECTED,EVT-L-85e04915ecaf9c79,2000-09-26T00:00:00+00:00,270.0,AUTUMN_PRIMARY_V1_CANDIDATE,FULL_CELL_COVERED,STRICT_FULL,WRS2_NOMINAL_FRAME_FULL,1.0,0.0,,,,LT05_118032_20000926,LT05_L2SP_118032_20000926_20200906_02_T1,,118.0,32.0,1.0,"predeclared policy: FULL_CELL_COVERED + autumn DOY 260-320 + scene cloud <= 0.30; rank = (cloud asc, |doy-290| asc, event_id asc)","{""coverage_tier"": ""STRICT_FULL"", ""n_autumn_events"": 4, ""n_eligible_after_gates"": 3, ""n_intersecting_events"": 21, ""n_pool_for_tier"": 4, ""selection_rank_of_pool"": ""1 of 3 eligible""}",V2,V1_INHERITED_LANDSAT,,0,NOT_RESELECTED_LANDSAT; all 27 D1 landed windows had observed coverage >= 0.999 under VALID r2
NP19_R00445-C00159_L8_2015,CNA10K-R00445-C00159,landsat8,2015,PRIMARY,DEFAULT,SELECTED,EVT-L-10a77e9f7c3052db,2015-09-20T00:00:00+00:00,263.0,AUTUMN_PRIMARY_V1_CANDIDATE,FULL_CELL_COVERED,STRICT_FULL,WRS2_NOMINAL_FRAME_FULL,1.0,0.011,,,,LC08_118032_20150920,LC08_L2SP_118032_20150920_20200908_02_T1,,118.0,32.0,1.0,"predeclared policy: FULL_CELL_COVERED + autumn DOY 260-320 + scene cloud <= 0.30; rank = (cloud asc, |doy-290| asc, event_id asc)","{""coverage_tier"": ""STRICT_FULL"", ""n_autumn_events"": 3, ""n_eligible_after_gates"": 1, ""n_intersecting_events"": 21, ""n_pool_for_tier"": 3, ""selection_rank_of_pool"": ""1 of 1 eligible""}",V2,V1_INHERITED_LANDSAT,,0,NOT_RESELECTED_LANDSAT; all 27 D1 landed windows had observed coverage >= 0.999 under VALID r2
,CNA10K-R00445-C00159,sentinel1,2015,SECONDARY,A,NO_SCENE,,,,,,,,,,,,,,,,,,,NO_ELIGIBLE_EVENT_ACTUAL_MASK: no candidate reached actual observed fraction >= 0.95; threshold not relaxed,"{""v2_change"": ""NO_SCENE_INHERITED"", ""best_fraction"": null, ""n_candidates_evaluated"": 0, ""evaluated_fractions"": []}",V2,NO_SCENE_INHERITED,,0,
NP19_R00445-C00159_S1_2015_D,CNA10K-R00445-C00159,sentinel1,2015,SECONDARY,D,V2_ELIGIBLE,EVT-S1-5f7eb4e99a4db09e,2015-10-07T21:47:43+00:00,280,AUTUMN_PRIMARY_V1_CANDIDATE,FULL_CELL_COVERED_ACTUAL_MASK_V2,ACTUAL_MASK_GTE_0P95,V2_DUALPOL_ACTUAL_MASK_INCL_EXTREME_FLOOR_OVER_EXPORT_GRID,1.0,,DESC,105,Sentinel-1A,S1A_IW_GRDH_1SDV_20151007T214743_20151007T214811_008052_00B471_C098,,,,,1,PILOT_EVENT_SELECTION_V2: actual observed mask >= 0.95 over the locked export grid; nominal geometry prefilter only; rank rules unchanged; no labels used,"{""v2_change"": ""KEPT_SAME_EVENT_PASSES_ACTUAL_MASK"", ""actual_observed_fraction"": 1.0, ""evidence_source"": ""LIVE_GEE_EXPORT_GRID"", ""rank_of_pick"": 1, ""n_candidates_evaluated"": 1, ""evaluated_fractions"": [{""rank"": 1, ""event_id"": ""EVT-S1-5f7eb4e99a4db09e"", ""fraction"": 1.0, ""source"": ""LIVE_GEE_EXPORT_GRID""}]}",V2,KEPT_SAME_EVENT_PASSES_ACTUAL_MASK,1.0,1,LIVE_GEE_EXPORT_GRID
NP19_R00445-C00159_S2_2015,CNA10K-R00445-C00159,sentinel2,2015,SECONDARY,DEFAULT,V2_ELIGIBLE,EVT-S2-844d92395bc23b25,2015-10-24T02:36:40.222000+00:00,297,AUTUMN_PRIMARY_V1_CANDIDATE,FULL_CELL_COVERED_ACTUAL_MASK_V2,ACTUAL_MASK_GTE_0P95,V2_SAME_DATATAKE_UNION_ACTUAL_SR_MASK_OVER_EXPORT_GRID,0.9602704987320372,0.040587359999999996,,,,20151024T022752_20151024T023354_T51TWE|20151024T022752_20151024T023354_T51TXE,S2A_MSIL2A_20151024T022752_N0500_R046_T51TWE_20231009T175539|S2A_MSIL2A_20151024T022752_N0500_R046_T51TXE_20231009T175539,51TWE|51TXE,,,2,PILOT_EVENT_SELECTION_V2: actual observed mask >= 0.95 over the locked export grid; nominal geometry prefilter only; rank rules unchanged; no labels used,"{""v2_change"": ""KEPT_SAME_EVENT_PASSES_ACTUAL_MASK"", ""actual_observed_fraction"": 0.9602704987320372, ""evidence_source"": ""LIVE_GEE_EXPORT_GRID"", ""rank_of_pick"": 1, ""n_candidates_evaluated"": 1, ""evaluated_fractions"": [{""rank"": 1, ""event_id"": ""EVT-S2-844d92395bc23b25"", ""fraction"": 0.9602704987320372, ""source"": ""LIVE_GEE_EXPORT_GRID""}]}",V2,KEPT_SAME_EVENT_PASSES_ACTUAL_MASK,0.9602704987320372,1,LIVE_GEE_EXPORT_GRID
NP19_R00445-C00159_L8_2020,CNA10K-R00445-C00159,landsat8,2020,PRIMARY,DEFAULT,SELECTED,EVT-L-d787941d55423e6f,2020-10-19T00:00:00+00:00,293.0,AUTUMN_PRIMARY_V1_CANDIDATE,FULL_CELL_COVERED,STRICT_FULL,WRS2_NOMINAL_FRAME_FULL,1.0,0.0379,,,,LC08_118032_20201019,LC08_L2SP_118032_20201019_20201105_02_T1,,118.0,32.0,1.0,"predeclared policy: FULL_CELL_COVERED + autumn DOY 260-320 + scene cloud <= 0.30; rank = (cloud asc, |doy-290| asc, event_id asc)","{""coverage_tier"": ""STRICT_FULL"", ""n_autumn_events"": 3, ""n_eligible_after_gates"": 2, ""n_intersecting_events"": 20, ""n_pool_for_tier"": 3, ""selection_rank_of_pool"": ""1 of 2 eligible""}",V2,V1_INHERITED_LANDSAT,,0,NOT_RESELECTED_LANDSAT; all 27 D1 landed windows had observed coverage >= 0.999 under VALID r2
NP19_R00445-C00159_S1_2020_A,CNA10K-R00445-C00159,sentinel1,2020,PRIMARY,A,V2_ELIGIBLE,EVT-S1-e16691799a0624cd,2020-10-11T09:41:12+00:00,285,AUTUMN_PRIMARY_V1_CANDIDATE,FULL_CELL_COVERED_ACTUAL_MASK_V2,ACTUAL_MASK_GTE_0P95,V2_DUALPOL_ACTUAL_MASK_INCL_EXTREME_FLOOR_OVER_EXPORT_GRID,1.0,,ASC,25,Sentinel-1A,S1A_IW_GRDH_1SDV_20201011T094112_20201011T094145_034747_040C6B_B883,,,,,1,PILOT_EVENT_SELECTION_V2: actual observed mask >= 0.95 over the locked export grid; nominal geometry prefilter only; rank rules unchanged; no labels used,"{""v2_change"": ""KEPT_SAME_EVENT_PASSES_ACTUAL_MASK"", ""actual_observed_fraction"": 1.0, ""evidence_source"": ""LIVE_GEE_EXPORT_GRID"", ""rank_of_pick"": 1, ""n_candidates_evaluated"": 1, ""evaluated_fractions"": [{""rank"": 1, ""event_id"": ""EVT-S1-e16691799a0624cd"", ""fraction"": 1.0, ""source"": ""LIVE_GEE_EXPORT_GRID""}]}",V2,KEPT_SAME_EVENT_PASSES_ACTUAL_MASK,1.0,1,LIVE_GEE_EXPORT_GRID
NP19_R00445-C00159_S1_2020_D,CNA10K-R00445-C00159,sentinel1,2020,PRIMARY,D,V2_ELIGIBLE,EVT-S1-8732ad585b0de4ca,2020-10-10T21:47:37+00:00,284,AUTUMN_PRIMARY_V1_CANDIDATE,FULL_CELL_COVERED_ACTUAL_MASK_V2,ACTUAL_MASK_GTE_0P95,V2_DUALPOL_ACTUAL_MASK_INCL_EXTREME_FLOOR_OVER_EXPORT_GRID,1.0,,DESC,105,Sentinel-1B,S1B_IW_GRDH_1SDV_20201010T214737_20201010T214804_023756_02D24D_148D,,,,,1,PILOT_EVENT_SELECTION_V2: actual observed mask >= 0.95 over the locked export grid; nominal geometry prefilter only; rank rules unchanged; no labels used,"{""v2_change"": ""KEPT_SAME_EVENT_PASSES_ACTUAL_MASK"", ""actual_observed_fraction"": 1.0, ""evidence_source"": ""LIVE_GEE_EXPORT_GRID"", ""rank_of_pick"": 1, ""n_candidates_evaluated"": 1, ""evaluated_fractions"": [{""rank"": 1, ""event_id"": ""EVT-S1-8732ad585b0de4ca"", ""fraction"": 1.0, ""source"": ""LIVE_GEE_EXPORT_GRID""}]}",V2,KEPT_SAME_EVENT_PASSES_ACTUAL_MASK,1.0,1,LIVE_GEE_EXPORT_GRID
NP19_R00445-C00159_S2_2020,CNA10K-R00445-C00159,sentinel2,2020,PRIMARY,DEFAULT,V2_ELIGIBLE,EVT-S2-0b1a8a3c8a3f3628,2020-10-27T02:36:41.761000+00:00,301,AUTUMN_PRIMARY_V1_CANDIDATE,FULL_CELL_COVERED_ACTUAL_MASK_V2,ACTUAL_MASK_GTE_0P95,V2_SAME_DATATAKE_UNION_ACTUAL_SR_MASK_OVER_EXPORT_GRID,1.0,0.0014998700000000002,,,,20201027T022811_20201027T022811_T51TWE,S2A_MSIL2A_20201027T022811_N0500_R046_T51TWE_20230415T184154,51TWE,,,1,PILOT_EVENT_SELECTION_V2: actual observed mask >= 0.95 over the locked export grid; nominal geometry prefilter only; rank rules unchanged; no labels used,"{""v2_change"": ""REPLACED_V1_EVENT_FAILED_ACTUAL_MASK"", ""actual_observed_fraction"": 1.0, ""evidence_source"": ""LIVE_GEE_EXPORT_GRID"", ""rank_of_pick"": 1, ""n_candidates_evaluated"": 1, ""evaluated_fractions"": [{""rank"": 1, ""event_id"": ""EVT-S2-0b1a8a3c8a3f3628"", ""fraction"": 1.0, ""source"": ""LIVE_GEE_EXPORT_GRID""}]}",V2,REPLACED_V1_EVENT_FAILED_ACTUAL_MASK,1.0,1,LIVE_GEE_EXPORT_GRID
NP19_R00445-C00159_S1_2021_A,CNA10K-R00445-C00159,sentinel1,2021,PRIMARY,A,V2_ELIGIBLE,EVT-S1-69b78ceef3cceb7f,2021-10-18T09:41:17+00:00,291,AUTUMN_PRIMARY_V1_CANDIDATE,FULL_CELL_COVERED_ACTUAL_MASK_V2,ACTUAL_MASK_GTE_0P95,V2_DUALPOL_ACTUAL_MASK_INCL_EXTREME_FLOOR_OVER_EXPORT_GRID,1.0,,ASC,25,Sentinel-1A,S1A_IW_GRDH_1SDV_20211018T094117_20211018T094151_040172_04C212_9251,,,,,1,PILOT_EVENT_SELECTION_V2: actual observed mask >= 0.95 over the locked export grid; nominal geometry prefilter only; rank rules unchanged; no labels used,"{""v2_change"": ""KEPT_SAME_EVENT_PASSES_ACTUAL_MASK"", ""actual_observed_fraction"": 1.0, ""evidence_source"": ""LIVE_GEE_EXPORT_GRID"", ""rank_of_pick"": 1, ""n_candidates_evaluated"": 1, ""evaluated_fractions"": [{""rank"": 1, ""event_id"": ""EVT-S1-69b78ceef3cceb7f"", ""fraction"": 1.0, ""source"": ""LIVE_GEE_EXPORT_GRID""}]}",V2,KEPT_SAME_EVENT_PASSES_ACTUAL_MASK,1.0,1,LIVE_GEE_EXPORT_GRID
NP19_R00445-C00159_S1_2021_D,CNA10K-R00445-C00159,sentinel1,2021,PRIMARY,D,V2_ELIGIBLE,EVT-S1-3d9a1fdf8648e2dd,2021-10-17T21:47:43+00:00,290,AUTUMN_PRIMARY_V1_CANDIDATE,FULL_CELL_COVERED_ACTUAL_MASK_V2,ACTUAL_MASK_GTE_0P95,V2_DUALPOL_ACTUAL_MASK_INCL_EXTREME_FLOOR_OVER_EXPORT_GRID,1.0,,DESC,105,Sentinel-1B,S1B_IW_GRDH_1SDV_20211017T214743_20211017T214810_029181_037B89_30DE,,,,,1,PILOT_EVENT_SELECTION_V2: actual observed mask >= 0.95 over the locked export grid; nominal geometry prefilter only; rank rules unchanged; no labels used,"{""v2_change"": ""KEPT_SAME_EVENT_PASSES_ACTUAL_MASK"", ""actual_observed_fraction"": 1.0, ""evidence_source"": ""LIVE_GEE_EXPORT_GRID"", ""rank_of_pick"": 1, ""n_candidates_evaluated"": 1, ""evaluated_fractions"": [{""rank"": 1, ""event_id"": ""EVT-S1-3d9a1fdf8648e2dd"", ""fraction"": 1.0, ""source"": ""LIVE_GEE_EXPORT_GRID""}]}",V2,KEPT_SAME_EVENT_PASSES_ACTUAL_MASK,1.0,1,LIVE_GEE_EXPORT_GRID
NP19_R00445-C00159_S2_2021,CNA10K-R00445-C00159,sentinel2,2021,PRIMARY,DEFAULT,V2_ELIGIBLE,EVT-S2-69462b6099332023,2021-10-27T02:36:37.985000+00:00,300,AUTUMN_PRIMARY_V1_CANDIDATE,FULL_CELL_COVERED_ACTUAL_MASK_V2,ACTUAL_MASK_GTE_0P95,V2_SAME_DATATAKE_UNION_ACTUAL_SR_MASK_OVER_EXPORT_GRID,0.9602527649864928,3.4099999999999995e-05,,,,20211027T022809_20211027T022805_T51TWE|20211027T022809_20211027T022805_T51TXE,S2B_MSIL2A_20211027T022809_N0500_R046_T51TWE_20230104T131327|S2B_MSIL2A_20211027T022809_N0500_R046_T51TXE_20230104T131327,51TWE|51TXE,,,2,PILOT_EVENT_SELECTION_V2: actual observed mask >= 0.95 over the locked export grid; nominal geometry prefilter only; rank rules unchanged; no labels used,"{""v2_change"": ""KEPT_SAME_EVENT_PASSES_ACTUAL_MASK"", ""actual_observed_fraction"": 0.9602527649864928, ""evidence_source"": ""LIVE_GEE_EXPORT_GRID"", ""rank_of_pick"": 1, ""n_candidates_evaluated"": 1, ""evaluated_fractions"": [{""rank"": 1, ""event_id"": ""EVT-S2-69462b6099332023"", ""fraction"": 0.9602527649864928, ""source"": ""LIVE_GEE_EXPORT_GRID""}]}",V2,KEPT_SAME_EVENT_PASSES_ACTUAL_MASK,0.9602527649864928,1,LIVE_GEE_EXPORT_GRID
NP19_R00445-C00159_L8_2021,CNA10K-R00445-C00159,landsat8,2021,SECONDARY,DEFAULT,SELECTED,EVT-L-cccf3c6213daa70c,2021-10-22T00:00:00+00:00,295.0,AUTUMN_PRIMARY_V1_CANDIDATE,FULL_CELL_COVERED,STRICT_FULL,WRS2_NOMINAL_FRAME_FULL,1.0,0.0019,,,,LC08_118032_20211022,LC08_L2SP_118032_20211022_20211103_02_T1,,118.0,32.0,1.0,"predeclared policy: FULL_CELL_COVERED + autumn DOY 260-320 + scene cloud <= 0.30; rank = (cloud asc, |doy-290| asc, event_id asc)","{""coverage_tier"": ""STRICT_FULL"", ""n_autumn_events"": 2, ""n_eligible_after_gates"": 1, ""n_intersecting_events"": 18, ""n_pool_for_tier"": 2, ""selection_rank_of_pool"": ""1 of 1 eligible""}",V2,V1_INHERITED_LANDSAT,,0,NOT_RESELECTED_LANDSAT; all 27 D1 landed windows had observed coverage >= 0.999 under VALID r2
,CNA10K-R00279-C00143,landsat5,1990,PRIMARY,DEFAULT,NO_ELIGIBLE_EVENT,,,,,,,,,,,,,,,,,,,no eligible event after gates: 0 full-cover and 0 near-full (>=0.90) autumn events; scene cloud ceiling 0.30; best nominal frame cover for a PARTIAL autumn event 0.1659 < 0.90,"{""min_autumn_cloud_fraction"": 0.41, ""n_autumn_events"": 1, ""n_full_cover_autumn_events"": 0, ""n_intersecting_events"": 22, ""n_near_full_autumn_events"": 0}",V2,V1_INHERITED_LANDSAT,,0,NOT_RESELECTED_LANDSAT; all 27 D1 landed windows had observed coverage >= 0.999 under VALID r2
NP19_R00279-C00143_L7_2000,CNA10K-R00279-C00143,landsat7,2000,PRIMARY,DEFAULT,SELECTED,EVT-L-e3b5c01547925635,2000-09-25T00:00:00+00:00,269.0,AUTUMN_PRIMARY_V1_CANDIDATE,FULL_CELL_COVERED,STRICT_FULL,WRS2_NOMINAL_FRAME_FULL,1.0,0.04,,,,LE07_119042_20000925,LE07_L2SP_119042_20000925_20200917_02_T1,,119.0,42.0,1.0,"predeclared policy: FULL_CELL_COVERED + autumn DOY 260-320 + scene cloud <= 0.30; rank = (cloud asc, |doy-290| asc, event_id asc)","{""coverage_tier"": ""STRICT_FULL"", ""n_autumn_events"": 5, ""n_eligible_after_gates"": 2, ""n_intersecting_events"": 32, ""n_pool_for_tier"": 3, ""selection_rank_of_pool"": ""1 of 2 eligible""}",V2,V1_INHERITED_LANDSAT,,0,NOT_RESELECTED_LANDSAT; all 27 D1 landed windows had observed coverage >= 0.999 under VALID r2
NP19_R00279-C00143_L8_2015,CNA10K-R00279-C00143,landsat8,2015,PRIMARY,DEFAULT,SELECTED,EVT-L-4313166ad8f2ca07,2015-09-27T00:00:00+00:00,270.0,AUTUMN_PRIMARY_V1_CANDIDATE,FULL_CELL_COVERED,STRICT_FULL,WRS2_NOMINAL_FRAME_FULL,1.0,0.0229,,,,LC08_119042_20150927,LC08_L2SP_119042_20150927_20200908_02_T1,,119.0,42.0,1.0,"predeclared policy: FULL_CELL_COVERED + autumn DOY 260-320 + scene cloud <= 0.30; rank = (cloud asc, |doy-290| asc, event_id asc)","{""coverage_tier"": ""STRICT_FULL"", ""n_autumn_events"": 7, ""n_eligible_after_gates"": 2, ""n_intersecting_events"": 31, ""n_pool_for_tier"": 4, ""selection_rank_of_pool"": ""1 of 2 eligible""}",V2,V1_INHERITED_LANDSAT,,0,NOT_RESELECTED_LANDSAT; all 27 D1 landed windows had observed coverage >= 0.999 under VALID r2
NP19_R00279-C00143_S1_2015_A,CNA10K-R00279-C00143,sentinel1,2015,SECONDARY,A,V2_ELIGIBLE,EVT-S1-b477b95ce2ced7da,2015-10-22T10:09:30+00:00,295,AUTUMN_PRIMARY_V1_CANDIDATE,FULL_CELL_COVERED_ACTUAL_MASK_V2,ACTUAL_MASK_GTE_0P95,V2_DUALPOL_ACTUAL_MASK_INCL_EXTREME_FLOOR_OVER_EXPORT_GRID,1.0,,ASC,142,Sentinel-1A,S1A_IW_GRDH_1SDV_20151022T100930_20151022T100955_008264_00BA45_2463,,,,,1,PILOT_EVENT_SELECTION_V2: actual observed mask >= 0.95 over the locked export grid; nominal geometry prefilter only; rank rules unchanged; no labels used,"{""v2_change"": ""KEPT_SAME_EVENT_PASSES_ACTUAL_MASK"", ""actual_observed_fraction"": 1.0, ""evidence_source"": ""LANDED_BYTES"", ""rank_of_pick"": 1, ""n_candidates_evaluated"": 1, ""evaluated_fractions"": [{""rank"": 1, ""event_id"": ""EVT-S1-b477b95ce2ced7da"", ""fraction"": 1.0, ""source"": ""LANDED_BYTES""}]}",V2,KEPT_SAME_EVENT_PASSES_ACTUAL_MASK,1.0,1,LANDED_BYTES
,CNA10K-R00279-C00143,sentinel1,2015,SECONDARY,D,NO_SCENE,,,,,,,,,,,,,,,,,,,NO_ELIGIBLE_EVENT_ACTUAL_MASK: no candidate reached actual observed fraction >= 0.95; threshold not relaxed,"{""v2_change"": ""NO_SCENE_INHERITED"", ""best_fraction"": null, ""n_candidates_evaluated"": 0, ""evaluated_fractions"": []}",V2,NO_SCENE_INHERITED,,0,
,CNA10K-R00279-C00143,sentinel2,2015,SECONDARY,DEFAULT,NO_SCENE,,,,,,,,,,,,,,,,,,,NO_ELIGIBLE_EVENT_ACTUAL_MASK: no candidate reached actual observed fraction >= 0.95; threshold not relaxed,"{""v2_change"": ""NO_SCENE_INHERITED"", ""best_fraction"": null, ""n_candidates_evaluated"": 0, ""evaluated_fractions"": []}",V2,NO_SCENE_INHERITED,,0,
NP19_R00279-C00143_L8_2020,CNA10K-R00279-C00143,landsat8,2020,PRIMARY,DEFAULT,SELECTED,EVT-L-ce1390c613c392fc,2020-10-10T00:00:00+00:00,284.0,AUTUMN_PRIMARY_V1_CANDIDATE,FULL_CELL_COVERED,STRICT_FULL,WRS2_NOMINAL_FRAME_FULL,1.0,0.0359,,,,LC08_119042_20201010,LC08_L2SP_119042_20201010_20201016_02_T1,,119.0,42.0,1.0,"predeclared policy: FULL_CELL_COVERED + autumn DOY 260-320 + scene cloud <= 0.30; rank = (cloud asc, |doy-290| asc, event_id asc)","{""coverage_tier"": ""STRICT_FULL"", ""n_autumn_events"": 5, ""n_eligible_after_gates"": 3, ""n_intersecting_events"": 33, ""n_pool_for_tier"": 3, ""selection_rank_of_pool"": ""1 of 3 eligible""}",V2,V1_INHERITED_LANDSAT,,0,NOT_RESELECTED_LANDSAT; all 27 D1 landed windows had observed coverage >= 0.999 under VALID r2
NP19_R00279-C00143_S1_2020_A,CNA10K-R00279-C00143,sentinel1,2020,PRIMARY,A,NO_ELIGIBLE_EVENT_ACTUAL_MASK,,,,,,,,,,,,,,,,,,,NO_ELIGIBLE_EVENT_ACTUAL_MASK: no candidate reached actual observed fraction >= 0.95; threshold not relaxed,"{""v2_change"": ""V1_SELECTED_BUT_NO_ELIGIBLE_ACTUAL_MASK"", ""best_fraction"": 0.5125088368545107, ""n_candidates_evaluated"": 10, ""evaluated_fractions"": [{""rank"": 1, ""event_id"": ""EVT-S1-112188cf9c51931e"", ""fraction"": 0.062011978226628815, ""source"": ""LIVE_GEE_EXPORT_GRID""}, {""rank"": 2, ""event_id"": ""EVT-S1-4d98d4aaf5f9e81c"", ""fraction"": 0.4879603342924213, ""source"": ""LIVE_GEE_EXPORT_GRID""}, {""rank"": 3, ""event_id"": ""EVT-S1-ce0ea50a7ed34315"", ""fraction"": 0.5125088368545107, ""source"": ""LIVE_GEE_EXPORT_GRID""}, {""rank"": 4, ""event_id"": ""EVT-S1-fed473fa1e72c12f"", ""fraction"": 0.4860046566034243, ""source"": ""LIVE_GEE_EXPORT_GRID""}, {""rank"": 5, ""event_id"": ""EVT-S1-11d0e898d86d63aa"", ""fraction"": 0.5093251755003295, ""source"": ""LIVE_GEE_EXPORT_GRID""}, {""rank"": 6, ""event_id"": ""EVT-S1-5853f0e9f4c9f6f7"", ""fraction"": 0.48916358274407673, ""source"": ""LIVE_GEE_EXPORT_GRID""}, {""rank"": 7, ""event_id"": ""EVT-S1-8a5537f6c7662282"", ""fraction"": 0.512282230382183, ""source"": ""LIVE_GEE_EXPORT_GRID""}, {""rank"": 8, ""event_id"": ""EVT-S1-b3b806795b06f72c"", ""fraction"": 0.4863884513681765, ""source"": ""LIVE_GEE_EXPORT_GRID""}, {""rank"": 9, ""event_id"": ""EVT-S1-2c6ef8117ff6353b"", ""fraction"": 0.4883664705403607, ""source"": ""LIVE_GEE_EXPORT_GRID""}, {""rank"": 10, ""event_id"": ""EVT-S1-cb7847d3975ebcc9"", ""fraction"": 0.5103137861313647, ""source"": ""LIVE_GEE_EXPORT_GRID""}]}",V2,V1_SELECTED_BUT_NO_ELIGIBLE_ACTUAL_MASK,0.5125088368545107,10,
,CNA10K-R00279-C00143,sentinel1,2020,PRIMARY,D,NO_SCENE,,,,,,,,,,,,,,,,,,,NO_ELIGIBLE_EVENT_ACTUAL_MASK: no candidate reached actual observed fraction >= 0.95; threshold not relaxed,"{""v2_change"": ""NO_SCENE_INHERITED"", ""best_fraction"": null, ""n_candidates_evaluated"": 0, ""evaluated_fractions"": []}",V2,NO_SCENE_INHERITED,,0,
NP19_R00279-C00143_S2_2020,CNA10K-R00279-C00143,sentinel2,2020,PRIMARY,DEFAULT,V2_ELIGIBLE,EVT-S2-d13d3caddd2e55bb,2020-10-10T02:50:44.325000+00:00,284,AUTUMN_PRIMARY_V1_CANDIDATE,FULL_CELL_COVERED_ACTUAL_MASK_V2,ACTUAL_MASK_GTE_0P95,V2_SAME_DATATAKE_UNION_ACTUAL_SR_MASK_OVER_EXPORT_GRID,1.0,0.06196005,,,,20201010T023631_20201010T024205_T50RQP,S2A_MSIL2A_20201010T023631_N0500_R089_T50RQP_20230415T105701,50RQP,,,1,PILOT_EVENT_SELECTION_V2: actual observed mask >= 0.95 over the locked export grid; nominal geometry prefilter only; rank rules unchanged; no labels used,"{""v2_change"": ""KEPT_SAME_EVENT_PASSES_ACTUAL_MASK"", ""actual_observed_fraction"": 1.0, ""evidence_source"": ""LIVE_GEE_EXPORT_GRID"", ""rank_of_pick"": 1, ""n_candidates_evaluated"": 1, ""evaluated_fractions"": [{""rank"": 1, ""event_id"": ""EVT-S2-d13d3caddd2e55bb"", ""fraction"": 1.0, ""source"": ""LIVE_GEE_EXPORT_GRID""}]}",V2,KEPT_SAME_EVENT_PASSES_ACTUAL_MASK,1.0,1,LIVE_GEE_EXPORT_GRID
NP19_R00279-C00143_S1_2021_A,CNA10K-R00279-C00143,sentinel1,2021,PRIMARY,A,NO_ELIGIBLE_EVENT_ACTUAL_MASK,,,,,,,,,,,,,,,,,,,NO_ELIGIBLE_EVENT_ACTUAL_MASK: no candidate reached actual observed fraction >= 0.95; threshold not relaxed,"{""v2_change"": ""V1_SELECTED_BUT_NO_ELIGIBLE_ACTUAL_MASK"", ""best_fraction"": 0.5117731637295595, ""n_candidates_evaluated"": 10, ""evaluated_fractions"": [{""rank"": 1, ""event_id"": ""EVT-S1-b20de6bd97df31c3"", ""fraction"": 0.48716322208870527, ""source"": ""LIVE_GEE_EXPORT_GRID""}, {""rank"": 2, ""event_id"": ""EVT-S1-b2af8413ce2e6e1f"", ""fraction"": 0.5117731637295595, ""source"": ""LIVE_GEE_EXPORT_GRID""}, {""rank"": 3, ""event_id"": ""EVT-S1-58d412ecc5de1f1f"", ""fraction"": 0.5110486613462021, ""source"": ""LIVE_GEE_EXPORT_GRID""}, {""rank"": 4, ""event_id"": ""EVT-S1-619088c678bf34d9"", ""fraction"": 0.48771856752793086, ""source"": ""LIVE_GEE_EXPORT_GRID""}, {""rank"": 5, ""event_id"": ""EVT-S1-3c0c797cc567e1a3"", ""fraction"": 0.5113087800433106, ""source"": ""LIVE_GEE_EXPORT_GRID""}, {""rank"": 6, ""event_id"": ""EVT-S1-a93d607aa1bd22c0"", ""fraction"": 0.4876260099547266, ""source"": ""LIVE_GEE_EXPORT_GRID""}, {""rank"": 7, ""event_id"": ""EVT-S1-4b71b6d4a8622afe"", ""fraction"": 0.4888476103390001, ""source"": ""LIVE_GEE_EXPORT_GRID""}, {""rank"": 8, ""event_id"": ""EVT-S1-61c6030ba5e8bdd6"", ""fraction"": 0.5108180653233052, ""source"": ""LIVE_GEE_EXPORT_GRID""}, {""rank"": 9, ""event_id"": ""EVT-S1-96ea74da269bc6e1"", ""fraction"": 0.5092238409158731, ""source"": ""LIVE_GEE_EXPORT_GRID""}, {""rank"": 10, ""event_id"": ""EVT-S1-c865d0ec7de12746"", ""fraction"": 0.489635945531464, ""source"": ""LIVE_GEE_EXPORT_GRID""}]}",V2,V1_SELECTED_BUT_NO_ELIGIBLE_ACTUAL_MASK,0.5117731637295595,10,
,CNA10K-R00279-C00143,sentinel1,2021,PRIMARY,D,NO_SCENE,,,,,,,,,,,,,,,,,,,NO_ELIGIBLE_EVENT_ACTUAL_MASK: no candidate reached actual observed fraction >= 0.95; threshold not relaxed,"{""v2_change"": ""NO_SCENE_INHERITED"", ""best_fraction"": null, ""n_candidates_evaluated"": 0, ""evaluated_fractions"": []}",V2,NO_SCENE_INHERITED,,0,
NP19_R00279-C00143_S2_2021,CNA10K-R00279-C00143,sentinel2,2021,PRIMARY,DEFAULT,V2_ELIGIBLE,EVT-S2-d9414b9bc716452f,2021-09-20T02:50:35.458000+00:00,263,AUTUMN_PRIMARY_V1_CANDIDATE,FULL_CELL_COVERED_ACTUAL_MASK_V2,ACTUAL_MASK_GTE_0P95,V2_SAME_DATATAKE_UNION_ACTUAL_SR_MASK_OVER_EXPORT_GRID,1.0,0.01468675,,,,20210920T023549_20210920T024414_T50RQP,S2B_MSIL2A_20210920T023549_N0500_R089_T50RQP_20230128T122816,50RQP,,,1,PILOT_EVENT_SELECTION_V2: actual observed mask >= 0.95 over the locked export grid; nominal geometry prefilter only; rank rules unchanged; no labels used,"{""v2_change"": ""REPLACED_V1_EVENT_FAILED_ACTUAL_MASK"", ""actual_observed_fraction"": 1.0, ""evidence_source"": ""LIVE_GEE_EXPORT_GRID"", ""rank_of_pick"": 3, ""n_candidates_evaluated"": 3, ""evaluated_fractions"": [{""rank"": 1, ""event_id"": ""EVT-S2-42eb33abdc3126d0"", ""fraction"": 0.0, ""source"": ""LIVE_GEE_EXPORT_GRID""}, {""rank"": 2, ""event_id"": ""EVT-S2-d8c8812e15dc9e3d"", ""fraction"": 0.0, ""source"": ""LIVE_GEE_EXPORT_GRID""}, {""rank"": 3, ""event_id"": ""EVT-S2-d9414b9bc716452f"", ""fraction"": 1.0, ""source"": ""LIVE_GEE_EXPORT_GRID""}]}",V2,REPLACED_V1_EVENT_FAILED_ACTUAL_MASK,1.0,3,LIVE_GEE_EXPORT_GRID
NP19_R00279-C00143_L8_2021,CNA10K-R00279-C00143,landsat8,2021,SECONDARY,DEFAULT,SELECTED,EVT-L-22e0ac845fdcb2dd,2021-09-27T00:00:00+00:00,270.0,AUTUMN_PRIMARY_V1_CANDIDATE,FULL_CELL_COVERED,STRICT_FULL,WRS2_NOMINAL_FRAME_FULL,1.0,0.0088,,,,LC08_119042_20210927,LC08_L2SP_119042_20210927_20211001_02_T1,,119.0,42.0,1.0,"predeclared policy: FULL_CELL_COVERED + autumn DOY 260-320 + scene cloud <= 0.30; rank = (cloud asc, |doy-290| asc, event_id asc)","{""coverage_tier"": ""STRICT_FULL"", ""n_autumn_events"": 6, ""n_eligible_after_gates"": 2, ""n_intersecting_events"": 35, ""n_pool_for_tier"": 3, ""selection_rank_of_pool"": ""1 of 2 eligible""}",V2,V1_INHERITED_LANDSAT,,0,NOT_RESELECTED_LANDSAT; all 27 D1 landed windows had observed coverage >= 0.999 under VALID r2
NP19_R00429-C00140_L5_1990,CNA10K-R00429-C00140,landsat5,1990,PRIMARY,DEFAULT,SELECTED,EVT-L-d1e0d28c71e7c487,1990-10-15T00:00:00+00:00,288.0,AUTUMN_PRIMARY_V1_CANDIDATE,FULL_CELL_COVERED,STRICT_FULL,WRS2_NOMINAL_FRAME_FULL,1.0,0.0,,,,LT05_120033_19901015,LT05_L2SP_120033_19901015_20200915_02_T1,,120.0,33.0,1.0,"predeclared policy: FULL_CELL_COVERED + autumn DOY 260-320 + scene cloud <= 0.30; rank = (cloud asc, |doy-290| asc, event_id asc)","{""coverage_tier"": ""STRICT_FULL"", ""n_autumn_events"": 4, ""n_eligible_after_gates"": 2, ""n_intersecting_events"": 29, ""n_pool_for_tier"": 4, ""selection_rank_of_pool"": ""1 of 2 eligible""}",V2,V1_INHERITED_LANDSAT,,0,NOT_RESELECTED_LANDSAT; all 27 D1 landed windows had observed coverage >= 0.999 under VALID r2
NP19_R00429-C00140_L5_2000,CNA10K-R00429-C00140,landsat5,2000,PRIMARY,DEFAULT,SELECTED,EVT-L-8989bb6abd66d53c,2000-10-26T00:00:00+00:00,300.0,AUTUMN_PRIMARY_V1_CANDIDATE,FULL_CELL_COVERED,STRICT_FULL,WRS2_NOMINAL_FRAME_FULL,1.0,0.0,,,,LT05_120033_20001026,LT05_L2SP_120033_20001026_20200906_02_T1,,120.0,33.0,1.0,"predeclared policy: FULL_CELL_COVERED + autumn DOY 260-320 + scene cloud <= 0.30; rank = (cloud asc, |doy-290| asc, event_id asc)","{""coverage_tier"": ""STRICT_FULL"", ""n_autumn_events"": 7, ""n_eligible_after_gates"": 3, ""n_intersecting_events"": 39, ""n_pool_for_tier"": 7, ""selection_rank_of_pool"": ""1 of 3 eligible""}",V2,V1_INHERITED_LANDSAT,,0,NOT_RESELECTED_LANDSAT; all 27 D1 landed windows had observed coverage >= 0.999 under VALID r2
NP19_R00429-C00140_L8_2015,CNA10K-R00429-C00140,landsat8,2015,PRIMARY,DEFAULT,SELECTED,EVT-L-5292dca548fd28f4,2015-10-13T00:00:00+00:00,286.0,AUTUMN_PRIMARY_V1_CANDIDATE,FULL_CELL_COVERED,STRICT_FULL,WRS2_NOMINAL_FRAME_FULL,1.0,0.0004,,,,LC08_119033_20151013,LC08_L2SP_119033_20151013_20200908_02_T1,,119.0,33.0,1.0,"predeclared policy: FULL_CELL_COVERED + autumn DOY 260-320 + scene cloud <= 0.30; rank = (cloud asc, |doy-290| asc, event_id asc)","{""coverage_tier"": ""STRICT_FULL"", ""n_autumn_events"": 8, ""n_eligible_after_gates"": 4, ""n_intersecting_events"": 39, ""n_pool_for_tier"": 8, ""selection_rank_of_pool"": ""1 of 4 eligible""}",V2,V1_INHERITED_LANDSAT,,0,NOT_RESELECTED_LANDSAT; all 27 D1 landed windows had observed coverage >= 0.999 under VALID r2
,CNA10K-R00429-C00140,sentinel1,2015,SECONDARY,A,NO_SCENE,,,,,,,,,,,,,,,,,,,NO_ELIGIBLE_EVENT_ACTUAL_MASK: no candidate reached actual observed fraction >= 0.95; threshold not relaxed,"{""v2_change"": ""NO_SCENE_INHERITED"", ""best_fraction"": null, ""n_candidates_evaluated"": 0, ""evaluated_fractions"": []}",V2,NO_SCENE_INHERITED,,0,
,CNA10K-R00429-C00140,sentinel1,2015,SECONDARY,D,NO_SCENE,,,,,,,,,,,,,,,,,,,NO_ELIGIBLE_EVENT_ACTUAL_MASK: no candidate reached actual observed fraction >= 0.95; threshold not relaxed,"{""v2_change"": ""NO_SCENE_INHERITED"", ""best_fraction"": null, ""n_candidates_evaluated"": 0, ""evaluated_fractions"": []}",V2,NO_SCENE_INHERITED,,0,
,CNA10K-R00429-C00140,sentinel2,2015,SECONDARY,DEFAULT,NO_SCENE,,,,,,,,,,,,,,,,,,,NO_ELIGIBLE_EVENT_ACTUAL_MASK: no candidate reached actual observed fraction >= 0.95; threshold not relaxed,"{""v2_change"": ""NO_SCENE_INHERITED"", ""best_fraction"": null, ""n_candidates_evaluated"": 0, ""evaluated_fractions"": []}",V2,NO_SCENE_INHERITED,,0,
NP19_R00429-C00140_L8_2020,CNA10K-R00429-C00140,landsat8,2020,PRIMARY,DEFAULT,SELECTED,EVT-L-66e092b457b70bb2,2020-11-11T00:00:00+00:00,316.0,AUTUMN_PRIMARY_V1_CANDIDATE,FULL_CELL_COVERED,STRICT_FULL,WRS2_NOMINAL_FRAME_FULL,1.0,0.0053,,,,LC08_119033_20201111,LC08_L2SP_119033_20201111_20210316_02_T1,,119.0,33.0,1.0,"predeclared policy: FULL_CELL_COVERED + autumn DOY 260-320 + scene cloud <= 0.30; rank = (cloud asc, |doy-290| asc, event_id asc)","{""coverage_tier"": ""STRICT_FULL"", ""n_autumn_events"": 5, ""n_eligible_after_gates"": 2, ""n_intersecting_events"": 35, ""n_pool_for_tier"": 5, ""selection_rank_of_pool"": ""1 of 2 eligible""}",V2,V1_INHERITED_LANDSAT,,0,NOT_RESELECTED_LANDSAT; all 27 D1 landed windows had observed coverage >= 0.999 under VALID r2
NP19_R00429-C00140_S1_2020_A,CNA10K-R00429-C00140,sentinel1,2020,PRIMARY,A,V2_ELIGIBLE,EVT-S1-5ad5e7a4f0c031f5,2020-10-16T09:49:04+00:00,290,AUTUMN_PRIMARY_V1_CANDIDATE,FULL_CELL_COVERED_ACTUAL_MASK_V2,ACTUAL_MASK_GTE_0P95,V2_DUALPOL_ACTUAL_MASK_INCL_EXTREME_FLOOR_OVER_EXPORT_GRID,1.0,,ASC,98,Sentinel-1A,S1A_IW_GRDH_1SDV_20201016T094904_20201016T094929_034820_040EF8_404F,,,,,1,PILOT_EVENT_SELECTION_V2: actual observed mask >= 0.95 over the locked export grid; nominal geometry prefilter only; rank rules unchanged; no labels used,"{""v2_change"": ""KEPT_SAME_EVENT_PASSES_ACTUAL_MASK"", ""actual_observed_fraction"": 1.0, ""evidence_source"": ""LIVE_GEE_EXPORT_GRID"", ""rank_of_pick"": 1, ""n_candidates_evaluated"": 1, ""evaluated_fractions"": [{""rank"": 1, ""event_id"": ""EVT-S1-5ad5e7a4f0c031f5"", ""fraction"": 1.0, ""source"": ""LIVE_GEE_EXPORT_GRID""}]}",V2,KEPT_SAME_EVENT_PASSES_ACTUAL_MASK,1.0,1,LIVE_GEE_EXPORT_GRID
NP19_R00429-C00140_S1_2020_D,CNA10K-R00429-C00140,sentinel1,2020,PRIMARY,D,V2_ELIGIBLE,EVT-S1-b8455e4c36f8cad5,2020-10-15T21:56:11+00:00,289,AUTUMN_PRIMARY_V1_CANDIDATE,FULL_CELL_COVERED_ACTUAL_MASK_V2,ACTUAL_MASK_GTE_0P95,V2_DUALPOL_ACTUAL_MASK_INCL_EXTREME_FLOOR_OVER_EXPORT_GRID,1.0,,DESC,3,Sentinel-1B,S1B_IW_GRDH_1SDV_20201015T215611_20201015T215636_023829_02D48B_03CE,,,,,1,PILOT_EVENT_SELECTION_V2: actual observed mask >= 0.95 over the locked export grid; nominal geometry prefilter only; rank rules unchanged; no labels used,"{""v2_change"": ""KEPT_SAME_EVENT_PASSES_ACTUAL_MASK"", ""actual_observed_fraction"": 1.0, ""evidence_source"": ""LIVE_GEE_EXPORT_GRID"", ""rank_of_pick"": 1, ""n_candidates_evaluated"": 1, ""evaluated_fractions"": [{""rank"": 1, ""event_id"": ""EVT-S1-b8455e4c36f8cad5"", ""fraction"": 1.0, ""source"": ""LIVE_GEE_EXPORT_GRID""}]}",V2,KEPT_SAME_EVENT_PASSES_ACTUAL_MASK,1.0,1,LIVE_GEE_EXPORT_GRID
NP19_R00429-C00140_S2_2020,CNA10K-R00429-C00140,sentinel2,2020,PRIMARY,DEFAULT,V2_ELIGIBLE,EVT-S2-88b98ae5b34fce47,2020-10-18T02:56:54.939000+00:00,292,AUTUMN_PRIMARY_V1_CANDIDATE,FULL_CELL_COVERED_ACTUAL_MASK_V2,ACTUAL_MASK_GTE_0P95,V2_SAME_DATATAKE_UNION_ACTUAL_SR_MASK_OVER_EXPORT_GRID,0.9999896994899776,0.00010224000000000001,,,,20201018T024719_20201018T024722_T51SUD,S2B_MSIL2A_20201018T024719_N0500_R132_T51SUD_20230415T031812,51SUD,,,1,PILOT_EVENT_SELECTION_V2: actual observed mask >= 0.95 over the locked export grid; nominal geometry prefilter only; rank rules unchanged; no labels used,"{""v2_change"": ""KEPT_SAME_EVENT_PASSES_ACTUAL_MASK"", ""actual_observed_fraction"": 0.9999896994899776, ""evidence_source"": ""LIVE_GEE_EXPORT_GRID"", ""rank_of_pick"": 1, ""n_candidates_evaluated"": 1, ""evaluated_fractions"": [{""rank"": 1, ""event_id"": ""EVT-S2-88b98ae5b34fce47"", ""fraction"": 0.9999896994899776, ""source"": ""LIVE_GEE_EXPORT_GRID""}]}",V2,KEPT_SAME_EVENT_PASSES_ACTUAL_MASK,0.9999896994899776,1,LIVE_GEE_EXPORT_GRID
NP19_R00429-C00140_S1_2021_A,CNA10K-R00429-C00140,sentinel1,2021,PRIMARY,A,V2_ELIGIBLE,EVT-S1-091cd54a20dad142,2021-10-17T09:48:20+00:00,290,AUTUMN_PRIMARY_V1_CANDIDATE,FULL_CELL_COVERED_ACTUAL_MASK_V2,ACTUAL_MASK_GTE_0P95,V2_DUALPOL_ACTUAL_MASK_INCL_EXTREME_FLOOR_OVER_EXPORT_GRID,1.0,,ASC,98,Sentinel-1B,S1B_IW_GRDH_1SDV_20211017T094820_20211017T094845_029174_037B4B_16A4,,,,,1,PILOT_EVENT_SELECTION_V2: actual observed mask >= 0.95 over the locked export grid; nominal geometry prefilter only; rank rules unchanged; no labels used,"{""v2_change"": ""KEPT_SAME_EVENT_PASSES_ACTUAL_MASK"", ""actual_observed_fraction"": 1.0, ""evidence_source"": ""LIVE_GEE_EXPORT_GRID"", ""rank_of_pick"": 1, ""n_candidates_evaluated"": 1, ""evaluated_fractions"": [{""rank"": 1, ""event_id"": ""EVT-S1-091cd54a20dad142"", ""fraction"": 1.0, ""source"": ""LIVE_GEE_EXPORT_GRID""}]}",V2,KEPT_SAME_EVENT_PASSES_ACTUAL_MASK,1.0,1,LIVE_GEE_EXPORT_GRID
NP19_R00429-C00140_S1_2021_D,CNA10K-R00429-C00140,sentinel1,2021,PRIMARY,D,V2_ELIGIBLE,EVT-S1-5a1c10d0866bf0d4,2021-10-22T21:56:17+00:00,295,AUTUMN_PRIMARY_V1_CANDIDATE,FULL_CELL_COVERED_ACTUAL_MASK_V2,ACTUAL_MASK_GTE_0P95,V2_DUALPOL_ACTUAL_MASK_INCL_EXTREME_FLOOR_OVER_EXPORT_GRID,1.0,,DESC,3,Sentinel-1B,S1B_IW_GRDH_1SDV_20211022T215617_20211022T215642_029254_037DC2_9099,,,,,1,PILOT_EVENT_SELECTION_V2: actual observed mask >= 0.95 over the locked export grid; nominal geometry prefilter only; rank rules unchanged; no labels used,"{""v2_change"": ""KEPT_SAME_EVENT_PASSES_ACTUAL_MASK"", ""actual_observed_fraction"": 1.0, ""evidence_source"": ""LIVE_GEE_EXPORT_GRID"", ""rank_of_pick"": 1, ""n_candidates_evaluated"": 1, ""evaluated_fractions"": [{""rank"": 1, ""event_id"": ""EVT-S1-5a1c10d0866bf0d4"", ""fraction"": 1.0, ""source"": ""LIVE_GEE_EXPORT_GRID""}]}",V2,KEPT_SAME_EVENT_PASSES_ACTUAL_MASK,1.0,1,LIVE_GEE_EXPORT_GRID
NP19_R00429-C00140_S2_2021,CNA10K-R00429-C00140,sentinel2,2021,PRIMARY,DEFAULT,V2_ELIGIBLE,EVT-S2-81b2792c0e993634,2021-11-14T02:46:56.346000+00:00,318,AUTUMN_PRIMARY_V1_CANDIDATE,FULL_CELL_COVERED_ACTUAL_MASK_V2,ACTUAL_MASK_GTE_0P95,V2_SAME_DATATAKE_UNION_ACTUAL_SR_MASK_OVER_EXPORT_GRID,0.9999992642492841,0.00022923,,,,20211114T023951_20211114T023947_T51SUD,S2A_MSIL2A_20211114T023951_N0500_R089_T51SUD_20230107T061233,51SUD,,,1,PILOT_EVENT_SELECTION_V2: actual observed mask >= 0.95 over the locked export grid; nominal geometry prefilter only; rank rules unchanged; no labels used,"{""v2_change"": ""KEPT_SAME_EVENT_PASSES_ACTUAL_MASK"", ""actual_observed_fraction"": 0.9999992642492841, ""evidence_source"": ""LIVE_GEE_EXPORT_GRID"", ""rank_of_pick"": 1, ""n_candidates_evaluated"": 1, ""evaluated_fractions"": [{""rank"": 1, ""event_id"": ""EVT-S2-81b2792c0e993634"", ""fraction"": 0.9999992642492841, ""source"": ""LIVE_GEE_EXPORT_GRID""}]}",V2,KEPT_SAME_EVENT_PASSES_ACTUAL_MASK,0.9999992642492841,1,LIVE_GEE_EXPORT_GRID
NP19_R00429-C00140_L8_2021,CNA10K-R00429-C00140,landsat8,2021,SECONDARY,DEFAULT,SELECTED,EVT-L-43fe0670314d0832,2021-11-14T00:00:00+00:00,318.0,AUTUMN_PRIMARY_V1_CANDIDATE,FULL_CELL_COVERED,STRICT_FULL,WRS2_NOMINAL_FRAME_FULL,1.0,0.0045,,,,LC08_119033_20211114,LC08_L2SP_119033_20211114_20211125_02_T1,,119.0,33.0,1.0,"predeclared policy: FULL_CELL_COVERED + autumn DOY 260-320 + scene cloud <= 0.30; rank = (cloud asc, |doy-290| asc, event_id asc)","{""coverage_tier"": ""STRICT_FULL"", ""n_autumn_events"": 6, ""n_eligible_after_gates"": 5, ""n_intersecting_events"": 33, ""n_pool_for_tier"": 6, ""selection_rank_of_pool"": ""1 of 5 eligible""}",V2,V1_INHERITED_LANDSAT,,0,NOT_RESELECTED_LANDSAT; all 27 D1 landed windows had observed coverage >= 0.999 under VALID r2
