cell_id,source,family,year,support_m,crs_epsg,utm_zone,width,height,n_pixels_in_cell,positive_area_km2,positive_area_km2_in_cell,n_pure_positive,n_mixed,n_pure_negative,n_unknown,n_total,source_window_overlap,src_window_px,positive_parts,gridcode0_parts,positive_touched_pixels,gridcode0_pixels,max_fraction,fraction_tif,tif_sha256,source_components_sha256,repair_record,adapter_version,grid_alignment,gridcode0_token
CNA10K-R00334-C00163,geodata-1990,GEODATA,1990,30,32651,51,394,384,111036,0.0,0.0,0,0,151282,14,151296,True,"[451, 451]",,,,,,work/national/pilot19/labels/R00334-C00163/GEODATA_1990_30m.tif,8d994aef022649373e1065cabb9bf428ae4794e879216c118b51ae4c3a6232cd,"{"".tif"": ""d88fc80ebed0e32f3550194d730293259ee8612f3f630915d4423a9edaccc6b4""}",,PILOT_LABEL_ADAPTER_V1,spartina.data.gee.grid.covering_grid on densified cell UTM bounds (identical to the Phase D EO export grid),
CNA10K-R00334-C00163,geodata-2000,GEODATA,2000,30,32651,51,394,384,111036,0.0,0.0,0,0,151286,10,151296,True,"[451, 451]",,,,,,work/national/pilot19/labels/R00334-C00163/GEODATA_2000_30m.tif,387a460ad9a3aca01907a245bd8e19055f192ab80e5541141fb1ab9c6a9875b9,"{"".tif"": ""0556a63a1cd0c101ef267dfeced390fbf0430fb9472d95f8d03b32535be990b1""}",,PILOT_LABEL_ADAPTER_V1,spartina.data.gee.grid.covering_grid on densified cell UTM bounds (identical to the Phase D EO export grid),
CNA10K-R00334-C00163,geodata-2015,GEODATA,2015,30,32651,51,394,384,111036,0.0981,0.0675,109,0,123114,28073,151296,True,"[331, 404]",,,,,,work/national/pilot19/labels/R00334-C00163/GEODATA_2015_30m.tif,e2ff98afb09ab1e0b712a8f08f47f28d0b9fb23cc7e8db56bee5e84465468117,"{"".tif"": ""39a2d5352de8cb558f11df64c348574e9e2abf06446c3dc89035cdb3bb9c521d""}",,PILOT_LABEL_ADAPTER_V1,spartina.data.gee.grid.covering_grid on densified cell UTM bounds (identical to the Phase D EO export grid),
CNA10K-R00334-C00163,geodata-2020,GEODATA,2020,30,32651,51,394,384,111036,0.036,0.036,40,0,95960,55296,151296,True,"[277, 451]",,,,,,work/national/pilot19/labels/R00334-C00163/GEODATA_2020_30m.tif,1c774ec91afc72044e0f4dcaf47ef02e670aa98e75721f229fc01f386763f77f,"{"".tif"": ""2cd169261383bef26aadb6abf8a730f14d7a847801f996757dc91c5b3f3d0937""}",,PILOT_LABEL_ADAPTER_V1,spartina.data.gee.grid.covering_grid on densified cell UTM bounds (identical to the Phase D EO export grid),
CNA10K-R00334-C00163,cmsa-2017,CMSA,2017,30,32651,51,394,384,111036,0.09062981862695452,0.0745062304202118,54,125,0,151117,151296,,,5,0,179,0,1.0,work/national/pilot19/labels/R00334-C00163/CMSA_2017_30m.tif,baffb699e8a7a1c9ff785431fd3dd2c7d9baa0f9e21d6db00c557a17a18b743d,"{"".dbf"": ""b5eb1c661831bd2bc226b8c432a1be3c3ebf2f7122f2c13ed5cc95a4108299ca"", "".prj"": ""99a5a32f41f7df7e52e869dca1b2df8b2009ba20c28dbf95e61dc9c891dffd38"", "".shp"": ""3f5ff0b7538bf9f5165127b8d3fb0fdc77dfc2f6a8a26c7684a6cfb2e9f8a29d"", "".shx"": ""10b18253cd4810c10a85d82bbb57f7efaecfe29f7b75e42171407422bca084e7""}","{""gridcode0"": {""area_change_fraction"": 0.0, ""area_km2_after"": 0.894911, ""area_km2_before"": 0.894911, ""features_before"": 49, ""parts_after"": 52}, ""gridcodes_present"": [0, 2], ""n_features"": 5341, ""native_crs_epsg"": 32650, ""positive"": {""area_change_fraction"": 0.0, ""area_km2_after"": 494.693541, ""area_km2_before"": 494.693541, ""features_before"": 5292, ""parts_after"": 5292}}",PILOT_LABEL_ADAPTER_V1,spartina.data.gee.grid.covering_grid on densified cell UTM bounds (identical to the Phase D EO export grid),UNKNOWN_GRIDCODE_ZERO_TODO_VERIFY
CNA10K-R00334-C00163,cmsa-2018,CMSA,2018,30,32651,51,394,384,111036,0.09013295127211901,0.0740125683794992,53,125,0,151118,151296,,,5,0,178,0,1.0,work/national/pilot19/labels/R00334-C00163/CMSA_2018_30m.tif,f503e201f376435c97f6c7b490221649b3ba878229677329b3c5cbd4a949c293,"{"".dbf"": ""95eb2ced9015302892ebf371126b08ec1a64bcdd3875af0e6b2d7639e19d16a2"", "".prj"": ""99a5a32f41f7df7e52e869dca1b2df8b2009ba20c28dbf95e61dc9c891dffd38"", "".shp"": ""d03efad274d571b6b1d3d302aff783995405958313219fd5ffb02723f0ed566d"", "".shx"": ""f2a8d73ef6e99e5432c2012736d1c621c5fee809214c846fc628c45bc2a64578""}","{""gridcode0"": {""area_change_fraction"": 0.0, ""area_km2_after"": 2.563579, ""area_km2_before"": 2.563579, ""features_before"": 53, ""parts_after"": 54}, ""gridcodes_present"": [0, 2], ""n_features"": 5985, ""native_crs_epsg"": 32650, ""positive"": {""area_change_fraction"": 0.0, ""area_km2_after"": 504.310018, ""area_km2_before"": 504.310018, ""features_before"": 5932, ""parts_after"": 5933}}",PILOT_LABEL_ADAPTER_V1,spartina.data.gee.grid.covering_grid on densified cell UTM bounds (identical to the Phase D EO export grid),UNKNOWN_GRIDCODE_ZERO_TODO_VERIFY
CNA10K-R00334-C00163,cmsa-2019,CMSA,2019,30,32651,51,394,384,111036,0.06429755981504295,0.05817971545462806,29,117,0,151150,151296,,,4,0,146,0,1.0,work/national/pilot19/labels/R00334-C00163/CMSA_2019_30m.tif,1f94ccea30127d34e21fb5ceab43f1d16f5c2adbc30ea2c3a3fda5ebcb7c144b,"{"".dbf"": ""4f0005c970ee271360300429debf95a9aa62cb6f49e2664007e09fc961f94697"", "".prj"": ""99a5a32f41f7df7e52e869dca1b2df8b2009ba20c28dbf95e61dc9c891dffd38"", "".shp"": ""9cd003f21b59a3bd6eace0e51e9f0b8f2be3ca1d78803b2644e857f5f70f6a55"", "".shx"": ""41f971eacff13a85b2043eeebaaadd738949295fe4748de519dafe4d016c6aa9""}","{""gridcode0"": {""area_change_fraction"": 0.0, ""area_km2_after"": 6.963184, ""area_km2_before"": 6.963184, ""features_before"": 62, ""parts_after"": 65}, ""gridcodes_present"": [0, 2], ""n_features"": 6097, ""native_crs_epsg"": 32650, ""positive"": {""area_change_fraction"": 0.0, ""area_km2_after"": 532.991018, ""area_km2_before"": 532.991018, ""features_before"": 6035, ""parts_after"": 6035}}",PILOT_LABEL_ADAPTER_V1,spartina.data.gee.grid.covering_grid on densified cell UTM bounds (identical to the Phase D EO export grid),UNKNOWN_GRIDCODE_ZERO_TODO_VERIFY
CNA10K-R00334-C00163,cmsa-2020,CMSA,2020,30,32651,51,394,384,111036,0.03537904044744791,0.029244099724909756,14,78,0,151204,151296,,,3,0,92,0,1.0,work/national/pilot19/labels/R00334-C00163/CMSA_2020_30m.tif,15f23298b156244b30dc266715c7a5ab7449b1d505be84ea0f1d95fbe258e542,"{"".dbf"": ""43d64aa98146bfcfaf0c873a2a369b55d860425ebcb0f3bf0b784d43719d2847"", "".prj"": ""99a5a32f41f7df7e52e869dca1b2df8b2009ba20c28dbf95e61dc9c891dffd38"", "".shp"": ""652af93b064d9698ae05ecdd16158e62c65254342d1ac51f82998d3f2e724044"", "".shx"": ""0b38a4df4d3a0bcec7a66cde095cdb825cee0bc80e0e573a13ca83ad8bbf021b""}","{""gridcode0"": {""area_change_fraction"": 0.0, ""area_km2_after"": 2.797072, ""area_km2_before"": 2.797072, ""features_before"": 50, ""parts_after"": 52}, ""gridcodes_present"": [0, 2], ""n_features"": 8914, ""native_crs_epsg"": 32650, ""positive"": {""area_change_fraction"": 0.0, ""area_km2_after"": 571.3516, ""area_km2_before"": 571.3516, ""features_before"": 8864, ""parts_after"": 8870}}",PILOT_LABEL_ADAPTER_V1,spartina.data.gee.grid.covering_grid on densified cell UTM bounds (identical to the Phase D EO export grid),UNKNOWN_GRIDCODE_ZERO_TODO_VERIFY
CNA10K-R00334-C00163,cmsa-2021,CMSA,2021,30,32651,51,394,384,111036,0.015701792520750314,0.015701792520750314,8,23,0,151265,151296,,,1,0,31,0,1.0,work/national/pilot19/labels/R00334-C00163/CMSA_2021_30m.tif,1a545bc9f03d244e2c34cda3a836eef698f98f663f716aca662d06ce06099332,"{"".dbf"": ""f99ffb3269865c370311b9bfe0d92120d8afd855d5ca748c64084c644b9f514c"", "".prj"": ""99a5a32f41f7df7e52e869dca1b2df8b2009ba20c28dbf95e61dc9c891dffd38"", "".shp"": ""835280e43976f69f9e88488ae9e1e91e43bd175afae294c76724e0d88a4c4d8d"", "".shx"": ""a732195701748d012c3279a28e0abff346495d8db3c16bc61bcdaa5a1ff99521""}","{""gridcode0"": {""area_change_fraction"": 0.0, ""area_km2_after"": 0.112222, ""area_km2_before"": 0.112222, ""features_before"": 18, ""parts_after"": 18}, ""gridcodes_present"": [0, 2], ""n_features"": 6295, ""native_crs_epsg"": 32650, ""positive"": {""area_change_fraction"": 0.0, ""area_km2_after"": 586.513407, ""area_km2_before"": 586.513407, ""features_before"": 6277, ""parts_after"": 6278}}",PILOT_LABEL_ADAPTER_V1,spartina.data.gee.grid.covering_grid on densified cell UTM bounds (identical to the Phase D EO export grid),UNKNOWN_GRIDCODE_ZERO_TODO_VERIFY
CNA10K-R00334-C00163,cmssm-2020,CM-SSM,2020,10,32651,51,1178,1150,999314,0.2557259252370971,0.23742542577662343,1899,1676,0,1351125,1354700,,,82,0,3576,0,1.0,work/national/pilot19/labels/R00334-C00163/CM-SSM_2020_10m.tif,14f7a556a57ad27025350177356c43a07de0f89304b4e0f16432266d8053498a,"{"".dbf"": ""8a74dcd9f1039c06fcf7a3a1102a0e8568ad600c6f1f1ef25af885ea07aced4a"", "".prj"": ""0cb13e6fc96091963305c3afcbb024fb464f80e014bf154433c6c5b343fdc1ef"", "".shp"": ""8f28c0f20f1dc8c5872a06db57621808dc737d602f8521387075dc39302cea54"", "".shx"": ""ce7c01f77f946647f426da4da9198b15250ffef050bc60c2861bd070dcbc42f2""}","{""n_features"": 148072, ""native_crs_epsg"": 32650, ""positive"": {""area_change_fraction"": 0.0, ""area_km2_after"": 593.70985, ""area_km2_before"": 593.70985, ""features_before"": 148072, ""parts_after"": 148072}}",PILOT_LABEL_ADAPTER_V1,spartina.data.gee.grid.covering_grid on densified cell UTM bounds (identical to the Phase D EO export grid),UNKNOWN_GRIDCODE_ZERO_TODO_VERIFY
CNA10K-R00334-C00163,cmssm-2020,CM-SSM,2020,30,32651,51,394,384,111036,0.2557259254673339,0.23702847165338062,136,457,0,150703,151296,,,82,0,593,0,1.0,work/national/pilot19/labels/R00334-C00163/CM-SSM_2020_30m.tif,09d872e269b21ace9c54cc327af9272e5a6919d4de6dfae80529b229317bdb52,"{"".dbf"": ""8a74dcd9f1039c06fcf7a3a1102a0e8568ad600c6f1f1ef25af885ea07aced4a"", "".prj"": ""0cb13e6fc96091963305c3afcbb024fb464f80e014bf154433c6c5b343fdc1ef"", "".shp"": ""8f28c0f20f1dc8c5872a06db57621808dc737d602f8521387075dc39302cea54"", "".shx"": ""ce7c01f77f946647f426da4da9198b15250ffef050bc60c2861bd070dcbc42f2""}","{""n_features"": 148072, ""native_crs_epsg"": 32650, ""positive"": {""area_change_fraction"": 0.0, ""area_km2_after"": 593.70985, ""area_km2_before"": 593.70985, ""features_before"": 148072, ""parts_after"": 148072}}",PILOT_LABEL_ADAPTER_V1,spartina.data.gee.grid.covering_grid on densified cell UTM bounds (identical to the Phase D EO export grid),UNKNOWN_GRIDCODE_ZERO_TODO_VERIFY
CNA10K-R00311-C00156,geodata-1990,GEODATA,1990,30,32651,51,391,385,111111,0.0,0.0,0,0,150528,7,150535,True,"[449, 450]",,,,,,work/national/pilot19/labels/R00311-C00156/GEODATA_1990_30m.tif,e54104ab5890ea147372ecdd68606e81143051474ea9277ab8116cbfdb66b9a9,"{"".tif"": ""d88fc80ebed0e32f3550194d730293259ee8612f3f630915d4423a9edaccc6b4""}",,PILOT_LABEL_ADAPTER_V1,spartina.data.gee.grid.covering_grid on densified cell UTM bounds (identical to the Phase D EO export grid),
CNA10K-R00311-C00156,geodata-2000,GEODATA,2000,30,32651,51,391,385,111111,0.0756,0.0756,84,0,150445,6,150535,True,"[449, 450]",,,,,,work/national/pilot19/labels/R00311-C00156/GEODATA_2000_30m.tif,498697e3d830c8e44b9f762b4f0fda35b8a19271540ec7323176873e3eeae4e7,"{"".tif"": ""0556a63a1cd0c101ef267dfeced390fbf0430fb9472d95f8d03b32535be990b1""}",,PILOT_LABEL_ADAPTER_V1,spartina.data.gee.grid.covering_grid on densified cell UTM bounds (identical to the Phase D EO export grid),
CNA10K-R00311-C00156,geodata-2015,GEODATA,2015,30,32651,51,391,385,111111,6.9327,5.5953,7703,0,142798,34,150535,True,"[410, 403]",,,,,,work/national/pilot19/labels/R00311-C00156/GEODATA_2015_30m.tif,37091789efe4b4ab39ac98d8c3fa3f2781bd72b323ea3ad726224d9900ccd9c3,"{"".tif"": ""39a2d5352de8cb558f11df64c348574e9e2abf06446c3dc89035cdb3bb9c521d""}",,PILOT_LABEL_ADAPTER_V1,spartina.data.gee.grid.covering_grid on densified cell UTM bounds (identical to the Phase D EO export grid),
CNA10K-R00311-C00156,geodata-2020,GEODATA,2020,30,32651,51,391,385,111111,1.8324,1.2483,2036,0,148490,9,150535,True,"[449, 450]",,,,,,work/national/pilot19/labels/R00311-C00156/GEODATA_2020_30m.tif,d5ad648fb4babb2f4bbefd3ccb5b98cb54046145dfcd77c548bf057978915a41,"{"".tif"": ""2cd169261383bef26aadb6abf8a730f14d7a847801f996757dc91c5b3f3d0937""}",,PILOT_LABEL_ADAPTER_V1,spartina.data.gee.grid.covering_grid on densified cell UTM bounds (identical to the Phase D EO export grid),
CNA10K-R00311-C00156,cmsa-2017,CMSA,2017,30,32651,51,391,385,111111,5.890683415920324,4.632381855532829,4760,4684,0,141091,150535,,,175,5,9444,147,1.0,work/national/pilot19/labels/R00311-C00156/CMSA_2017_30m.tif,dd0c99ee2c249a00e88192a7a27783620d3c1bc6890b2eba7498217c238d8ec5,"{"".dbf"": ""b5eb1c661831bd2bc226b8c432a1be3c3ebf2f7122f2c13ed5cc95a4108299ca"", "".prj"": ""99a5a32f41f7df7e52e869dca1b2df8b2009ba20c28dbf95e61dc9c891dffd38"", "".shp"": ""3f5ff0b7538bf9f5165127b8d3fb0fdc77dfc2f6a8a26c7684a6cfb2e9f8a29d"", "".shx"": ""10b18253cd4810c10a85d82bbb57f7efaecfe29f7b75e42171407422bca084e7""}","{""gridcode0"": {""area_change_fraction"": 0.0, ""area_km2_after"": 0.894911, ""area_km2_before"": 0.894911, ""features_before"": 49, ""parts_after"": 52}, ""gridcodes_present"": [0, 2], ""n_features"": 5341, ""native_crs_epsg"": 32650, ""positive"": {""area_change_fraction"": 0.0, ""area_km2_after"": 494.693541, ""area_km2_before"": 494.693541, ""features_before"": 5292, ""parts_after"": 5292}}",PILOT_LABEL_ADAPTER_V1,spartina.data.gee.grid.covering_grid on densified cell UTM bounds (identical to the Phase D EO export grid),UNKNOWN_GRIDCODE_ZERO_TODO_VERIFY
CNA10K-R00311-C00156,cmsa-2018,CMSA,2018,30,32651,51,391,385,111111,5.775713850662123,4.480680517455838,4694,4478,0,141363,150535,,,125,0,9172,0,1.0,work/national/pilot19/labels/R00311-C00156/CMSA_2018_30m.tif,70f7ff46cd43b9fcf84f251ca9b31716e12940f2061549e2fd0006aa3547570a,"{"".dbf"": ""95eb2ced9015302892ebf371126b08ec1a64bcdd3875af0e6b2d7639e19d16a2"", "".prj"": ""99a5a32f41f7df7e52e869dca1b2df8b2009ba20c28dbf95e61dc9c891dffd38"", "".shp"": ""d03efad274d571b6b1d3d302aff783995405958313219fd5ffb02723f0ed566d"", "".shx"": ""f2a8d73ef6e99e5432c2012736d1c621c5fee809214c846fc628c45bc2a64578""}","{""gridcode0"": {""area_change_fraction"": 0.0, ""area_km2_after"": 2.563579, ""area_km2_before"": 2.563579, ""features_before"": 53, ""parts_after"": 54}, ""gridcodes_present"": [0, 2], ""n_features"": 5985, ""native_crs_epsg"": 32650, ""positive"": {""area_change_fraction"": 0.0, ""area_km2_after"": 504.310018, ""area_km2_before"": 504.310018, ""features_before"": 5932, ""parts_after"": 5933}}",PILOT_LABEL_ADAPTER_V1,spartina.data.gee.grid.covering_grid on densified cell UTM bounds (identical to the Phase D EO export grid),UNKNOWN_GRIDCODE_ZERO_TODO_VERIFY
CNA10K-R00311-C00156,cmsa-2019,CMSA,2019,30,32651,51,391,385,111111,5.899720740677191,4.523728146327411,4950,4117,0,141468,150535,,,113,0,9067,0,1.0,work/national/pilot19/labels/R00311-C00156/CMSA_2019_30m.tif,26b46d28863769a7862882b15a87133e08cbbace140f0a35b0b1bb38548e8748,"{"".dbf"": ""4f0005c970ee271360300429debf95a9aa62cb6f49e2664007e09fc961f94697"", "".prj"": ""99a5a32f41f7df7e52e869dca1b2df8b2009ba20c28dbf95e61dc9c891dffd38"", "".shp"": ""9cd003f21b59a3bd6eace0e51e9f0b8f2be3ca1d78803b2644e857f5f70f6a55"", "".shx"": ""41f971eacff13a85b2043eeebaaadd738949295fe4748de519dafe4d016c6aa9""}","{""gridcode0"": {""area_change_fraction"": 0.0, ""area_km2_after"": 6.963184, ""area_km2_before"": 6.963184, ""features_before"": 62, ""parts_after"": 65}, ""gridcodes_present"": [0, 2], ""n_features"": 6097, ""native_crs_epsg"": 32650, ""positive"": {""area_change_fraction"": 0.0, ""area_km2_after"": 532.991018, ""area_km2_before"": 532.991018, ""features_before"": 6035, ""parts_after"": 6035}}",PILOT_LABEL_ADAPTER_V1,spartina.data.gee.grid.covering_grid on densified cell UTM bounds (identical to the Phase D EO export grid),UNKNOWN_GRIDCODE_ZERO_TODO_VERIFY
CNA10K-R00311-C00156,cmsa-2020,CMSA,2020,30,32651,51,391,385,111111,5.620625999974645,4.3711011380130484,3981,5734,0,140820,150535,,,322,0,9715,0,1.0,work/national/pilot19/labels/R00311-C00156/CMSA_2020_30m.tif,d42ac9d291ef75d0cb40a5a18f7170c042ab70cc2dac3264dfdee9a5fbfe1494,"{"".dbf"": ""43d64aa98146bfcfaf0c873a2a369b55d860425ebcb0f3bf0b784d43719d2847"", "".prj"": ""99a5a32f41f7df7e52e869dca1b2df8b2009ba20c28dbf95e61dc9c891dffd38"", "".shp"": ""652af93b064d9698ae05ecdd16158e62c65254342d1ac51f82998d3f2e724044"", "".shx"": ""0b38a4df4d3a0bcec7a66cde095cdb825cee0bc80e0e573a13ca83ad8bbf021b""}","{""gridcode0"": {""area_change_fraction"": 0.0, ""area_km2_after"": 2.797072, ""area_km2_before"": 2.797072, ""features_before"": 50, ""parts_after"": 52}, ""gridcodes_present"": [0, 2], ""n_features"": 8914, ""native_crs_epsg"": 32650, ""positive"": {""area_change_fraction"": 0.0, ""area_km2_after"": 571.3516, ""area_km2_before"": 571.3516, ""features_before"": 8864, ""parts_after"": 8870}}",PILOT_LABEL_ADAPTER_V1,spartina.data.gee.grid.covering_grid on densified cell UTM bounds (identical to the Phase D EO export grid),UNKNOWN_GRIDCODE_ZERO_TODO_VERIFY
CNA10K-R00311-C00156,cmsa-2021,CMSA,2021,30,32651,51,391,385,111111,5.905626898244039,4.55682747706955,4735,4811,0,140989,150535,,,172,0,9546,0,1.0,work/national/pilot19/labels/R00311-C00156/CMSA_2021_30m.tif,2fd54b43239a6f512055f29a68a779e1ea78cfa96a172835a090d26e48d69a40,"{"".dbf"": ""f99ffb3269865c370311b9bfe0d92120d8afd855d5ca748c64084c644b9f514c"", "".prj"": ""99a5a32f41f7df7e52e869dca1b2df8b2009ba20c28dbf95e61dc9c891dffd38"", "".shp"": ""835280e43976f69f9e88488ae9e1e91e43bd175afae294c76724e0d88a4c4d8d"", "".shx"": ""a732195701748d012c3279a28e0abff346495d8db3c16bc61bcdaa5a1ff99521""}","{""gridcode0"": {""area_change_fraction"": 0.0, ""area_km2_after"": 0.112222, ""area_km2_before"": 0.112222, ""features_before"": 18, ""parts_after"": 18}, ""gridcodes_present"": [0, 2], ""n_features"": 6295, ""native_crs_epsg"": 32650, ""positive"": {""area_change_fraction"": 0.0, ""area_km2_after"": 586.513407, ""area_km2_before"": 586.513407, ""features_before"": 6277, ""parts_after"": 6278}}",PILOT_LABEL_ADAPTER_V1,spartina.data.gee.grid.covering_grid on densified cell UTM bounds (identical to the Phase D EO export grid),UNKNOWN_GRIDCODE_ZERO_TODO_VERIFY
CNA10K-R00311-C00156,cmssm-2020,CM-SSM,2020,10,32651,51,1172,1152,999989,7.1386967420939325,5.894416998959374,45269,66518,0,1238357,1350144,,,3407,0,111809,0,1.0,work/national/pilot19/labels/R00311-C00156/CM-SSM_2020_10m.tif,1170b7d3e750f48af6c0f295180045cb1168bab1f6de9883ea2006939bda1e8d,"{"".dbf"": ""8a74dcd9f1039c06fcf7a3a1102a0e8568ad600c6f1f1ef25af885ea07aced4a"", "".prj"": ""0cb13e6fc96091963305c3afcbb024fb464f80e014bf154433c6c5b343fdc1ef"", "".shp"": ""8f28c0f20f1dc8c5872a06db57621808dc737d602f8521387075dc39302cea54"", "".shx"": ""ce7c01f77f946647f426da4da9198b15250ffef050bc60c2861bd070dcbc42f2""}","{""n_features"": 148072, ""native_crs_epsg"": 32650, ""positive"": {""area_change_fraction"": 0.0, ""area_km2_after"": 593.70985, ""area_km2_before"": 593.70985, ""features_before"": 148072, ""parts_after"": 148072}}",PILOT_LABEL_ADAPTER_V1,spartina.data.gee.grid.covering_grid on densified cell UTM bounds (identical to the Phase D EO export grid),UNKNOWN_GRIDCODE_ZERO_TODO_VERIFY
CNA10K-R00311-C00156,cmssm-2020,CM-SSM,2020,30,32651,51,391,385,111111,7.179880659675907,5.895276948684033,2857,15005,0,132673,150535,,,3415,0,17864,0,1.0,work/national/pilot19/labels/R00311-C00156/CM-SSM_2020_30m.tif,1d976c7108179eee04d29eb8f0a72b2d5a3768625be7086905dea78a3ec7e50d,"{"".dbf"": ""8a74dcd9f1039c06fcf7a3a1102a0e8568ad600c6f1f1ef25af885ea07aced4a"", "".prj"": ""0cb13e6fc96091963305c3afcbb024fb464f80e014bf154433c6c5b343fdc1ef"", "".shp"": ""8f28c0f20f1dc8c5872a06db57621808dc737d602f8521387075dc39302cea54"", "".shx"": ""ce7c01f77f946647f426da4da9198b15250ffef050bc60c2861bd070dcbc42f2""}","{""n_features"": 148072, ""native_crs_epsg"": 32650, ""positive"": {""area_change_fraction"": 0.0, ""area_km2_after"": 593.70985, ""area_km2_before"": 593.70985, ""features_before"": 148072, ""parts_after"": 148072}}",PILOT_LABEL_ADAPTER_V1,spartina.data.gee.grid.covering_grid on densified cell UTM bounds (identical to the Phase D EO export grid),UNKNOWN_GRIDCODE_ZERO_TODO_VERIFY
CNA10K-R00349-C00154,geodata-1990,GEODATA,1990,30,32651,51,395,383,111068,0.0,0.0,0,0,151274,11,151285,True,"[451, 451]",,,,,,work/national/pilot19/labels/R00349-C00154/GEODATA_1990_30m.tif,2fcde92ed28baa1a08a8fece4be96e4760d967ac7ebcc2344565a376dc17d054,"{"".tif"": ""d88fc80ebed0e32f3550194d730293259ee8612f3f630915d4423a9edaccc6b4""}",,PILOT_LABEL_ADAPTER_V1,spartina.data.gee.grid.covering_grid on densified cell UTM bounds (identical to the Phase D EO export grid),
CNA10K-R00349-C00154,geodata-2000,GEODATA,2000,30,32651,51,395,383,111068,0.0,0.0,0,0,151276,9,151285,True,"[451, 451]",,,,,,work/national/pilot19/labels/R00349-C00154/GEODATA_2000_30m.tif,0a3019f5dfb67c106aa634926d9856ff34945090234534f38fb94502bdcaeea4,"{"".tif"": ""0556a63a1cd0c101ef267dfeced390fbf0430fb9472d95f8d03b32535be990b1""}",,PILOT_LABEL_ADAPTER_V1,spartina.data.gee.grid.covering_grid on densified cell UTM bounds (identical to the Phase D EO export grid),
CNA10K-R00349-C00154,geodata-2015,GEODATA,2015,30,32651,51,395,383,111068,8.2584,5.3154,9176,0,142085,24,151285,True,"[415, 404]",,,,,,work/national/pilot19/labels/R00349-C00154/GEODATA_2015_30m.tif,7af9a297c77f1bcf52445a49052ba49a29810c270f76ebec3fa4682f144e0e06,"{"".tif"": ""39a2d5352de8cb558f11df64c348574e9e2abf06446c3dc89035cdb3bb9c521d""}",,PILOT_LABEL_ADAPTER_V1,spartina.data.gee.grid.covering_grid on densified cell UTM bounds (identical to the Phase D EO export grid),
CNA10K-R00349-C00154,geodata-2020,GEODATA,2020,30,32651,51,395,383,111068,6.4719,3.6135,7191,0,144086,8,151285,True,"[451, 451]",,,,,,work/national/pilot19/labels/R00349-C00154/GEODATA_2020_30m.tif,97a27b5e7e57630b79131020ce32a654211dd906ec34bad691db047195b2dfbf,"{"".tif"": ""2cd169261383bef26aadb6abf8a730f14d7a847801f996757dc91c5b3f3d0937""}",,PILOT_LABEL_ADAPTER_V1,spartina.data.gee.grid.covering_grid on densified cell UTM bounds (identical to the Phase D EO export grid),
CNA10K-R00349-C00154,cmsa-2017,CMSA,2017,30,32651,51,395,383,111068,5.197088572529344,2.3840472299334023,5566,515,0,145204,151285,,,5,0,6081,0,1.0,work/national/pilot19/labels/R00349-C00154/CMSA_2017_30m.tif,7d3db2651fcb25cc94c952eec3f3bd34d8d1f4ea95177800eb8c6ce0507ebcba,"{"".dbf"": ""b5eb1c661831bd2bc226b8c432a1be3c3ebf2f7122f2c13ed5cc95a4108299ca"", "".prj"": ""99a5a32f41f7df7e52e869dca1b2df8b2009ba20c28dbf95e61dc9c891dffd38"", "".shp"": ""3f5ff0b7538bf9f5165127b8d3fb0fdc77dfc2f6a8a26c7684a6cfb2e9f8a29d"", "".shx"": ""10b18253cd4810c10a85d82bbb57f7efaecfe29f7b75e42171407422bca084e7""}","{""gridcode0"": {""area_change_fraction"": 0.0, ""area_km2_after"": 0.894911, ""area_km2_before"": 0.894911, ""features_before"": 49, ""parts_after"": 52}, ""gridcodes_present"": [0, 2], ""n_features"": 5341, ""native_crs_epsg"": 32650, ""positive"": {""area_change_fraction"": 0.0, ""area_km2_after"": 494.693541, ""area_km2_before"": 494.693541, ""features_before"": 5292, ""parts_after"": 5292}}",PILOT_LABEL_ADAPTER_V1,spartina.data.gee.grid.covering_grid on densified cell UTM bounds (identical to the Phase D EO export grid),UNKNOWN_GRIDCODE_ZERO_TODO_VERIFY
CNA10K-R00349-C00154,cmsa-2018,CMSA,2018,30,32651,51,395,383,111068,5.235913147019614,2.3652474547518323,5613,492,0,145180,151285,,,2,0,6105,0,1.0,work/national/pilot19/labels/R00349-C00154/CMSA_2018_30m.tif,6fa377a40ce58cfbe517420c0b6cf6a1ae4d15335ae92d1ec8cc2b227e432b6e,"{"".dbf"": ""95eb2ced9015302892ebf371126b08ec1a64bcdd3875af0e6b2d7639e19d16a2"", "".prj"": ""99a5a32f41f7df7e52e869dca1b2df8b2009ba20c28dbf95e61dc9c891dffd38"", "".shp"": ""d03efad274d571b6b1d3d302aff783995405958313219fd5ffb02723f0ed566d"", "".shx"": ""f2a8d73ef6e99e5432c2012736d1c621c5fee809214c846fc628c45bc2a64578""}","{""gridcode0"": {""area_change_fraction"": 0.0, ""area_km2_after"": 2.563579, ""area_km2_before"": 2.563579, ""features_before"": 53, ""parts_after"": 54}, ""gridcodes_present"": [0, 2], ""n_features"": 5985, ""native_crs_epsg"": 32650, ""positive"": {""area_change_fraction"": 0.0, ""area_km2_after"": 504.310018, ""area_km2_before"": 504.310018, ""features_before"": 5932, ""parts_after"": 5933}}",PILOT_LABEL_ADAPTER_V1,spartina.data.gee.grid.covering_grid on densified cell UTM bounds (identical to the Phase D EO export grid),UNKNOWN_GRIDCODE_ZERO_TODO_VERIFY
CNA10K-R00349-C00154,cmsa-2019,CMSA,2019,30,32651,51,395,383,111068,5.450014096755862,2.5771476620318325,5859,480,0,144946,151285,,,2,0,6339,0,1.0,work/national/pilot19/labels/R00349-C00154/CMSA_2019_30m.tif,fcd4a6168685effe26287605903d06dc7a76ace7ab0c366622c36b4828e13dad,"{"".dbf"": ""4f0005c970ee271360300429debf95a9aa62cb6f49e2664007e09fc961f94697"", "".prj"": ""99a5a32f41f7df7e52e869dca1b2df8b2009ba20c28dbf95e61dc9c891dffd38"", "".shp"": ""9cd003f21b59a3bd6eace0e51e9f0b8f2be3ca1d78803b2644e857f5f70f6a55"", "".shx"": ""41f971eacff13a85b2043eeebaaadd738949295fe4748de519dafe4d016c6aa9""}","{""gridcode0"": {""area_change_fraction"": 0.0, ""area_km2_after"": 6.963184, ""area_km2_before"": 6.963184, ""features_before"": 62, ""parts_after"": 65}, ""gridcodes_present"": [0, 2], ""n_features"": 6097, ""native_crs_epsg"": 32650, ""positive"": {""area_change_fraction"": 0.0, ""area_km2_after"": 532.991018, ""area_km2_before"": 532.991018, ""features_before"": 6035, ""parts_after"": 6035}}",PILOT_LABEL_ADAPTER_V1,spartina.data.gee.grid.covering_grid on densified cell UTM bounds (identical to the Phase D EO export grid),UNKNOWN_GRIDCODE_ZERO_TODO_VERIFY
CNA10K-R00349-C00154,cmsa-2020,CMSA,2020,30,32651,51,395,383,111068,5.645702046309409,2.7788658115503844,5849,970,0,144466,151285,,,10,0,6819,0,1.0,work/national/pilot19/labels/R00349-C00154/CMSA_2020_30m.tif,50529a8d06e01bf40a5f78d0057da5bb0331c30b31ca7e8bc28cf29ab501b84f,"{"".dbf"": ""43d64aa98146bfcfaf0c873a2a369b55d860425ebcb0f3bf0b784d43719d2847"", "".prj"": ""99a5a32f41f7df7e52e869dca1b2df8b2009ba20c28dbf95e61dc9c891dffd38"", "".shp"": ""652af93b064d9698ae05ecdd16158e62c65254342d1ac51f82998d3f2e724044"", "".shx"": ""0b38a4df4d3a0bcec7a66cde095cdb825cee0bc80e0e573a13ca83ad8bbf021b""}","{""gridcode0"": {""area_change_fraction"": 0.0, ""area_km2_after"": 2.797072, ""area_km2_before"": 2.797072, ""features_before"": 50, ""parts_after"": 52}, ""gridcodes_present"": [0, 2], ""n_features"": 8914, ""native_crs_epsg"": 32650, ""positive"": {""area_change_fraction"": 0.0, ""area_km2_after"": 571.3516, ""area_km2_before"": 571.3516, ""features_before"": 8864, ""parts_after"": 8870}}",PILOT_LABEL_ADAPTER_V1,spartina.data.gee.grid.covering_grid on densified cell UTM bounds (identical to the Phase D EO export grid),UNKNOWN_GRIDCODE_ZERO_TODO_VERIFY
CNA10K-R00349-C00154,cmsa-2021,CMSA,2021,30,32651,51,395,383,111068,6.2061688315404995,3.308187481189142,6648,638,0,143999,151285,,,3,0,7286,0,1.0,work/national/pilot19/labels/R00349-C00154/CMSA_2021_30m.tif,45c9a1f60cffd60ed3f118a6b9a8f1d6c04cc0aef6a3c7652ca0b145279209da,"{"".dbf"": ""f99ffb3269865c370311b9bfe0d92120d8afd855d5ca748c64084c644b9f514c"", "".prj"": ""99a5a32f41f7df7e52e869dca1b2df8b2009ba20c28dbf95e61dc9c891dffd38"", "".shp"": ""835280e43976f69f9e88488ae9e1e91e43bd175afae294c76724e0d88a4c4d8d"", "".shx"": ""a732195701748d012c3279a28e0abff346495d8db3c16bc61bcdaa5a1ff99521""}","{""gridcode0"": {""area_change_fraction"": 0.0, ""area_km2_after"": 0.112222, ""area_km2_before"": 0.112222, ""features_before"": 18, ""parts_after"": 18}, ""gridcodes_present"": [0, 2], ""n_features"": 6295, ""native_crs_epsg"": 32650, ""positive"": {""area_change_fraction"": 0.0, ""area_km2_after"": 586.513407, ""area_km2_before"": 586.513407, ""features_before"": 6277, ""parts_after"": 6278}}",PILOT_LABEL_ADAPTER_V1,spartina.data.gee.grid.covering_grid on densified cell UTM bounds (identical to the Phase D EO export grid),UNKNOWN_GRIDCODE_ZERO_TODO_VERIFY
CNA10K-R00349-C00154,cmssm-2020,CM-SSM,2020,10,32651,51,1181,1147,999621,8.5230770574112,5.708967827610504,83028,5436,0,1266143,1354607,,,560,0,88466,0,1.0,work/national/pilot19/labels/R00349-C00154/CM-SSM_2020_10m.tif,7256f3f90c556551945266d5c874426e81221f837dc8dd04752c2272c3fbc4d3,"{"".dbf"": ""8a74dcd9f1039c06fcf7a3a1102a0e8568ad600c6f1f1ef25af885ea07aced4a"", "".prj"": ""0cb13e6fc96091963305c3afcbb024fb464f80e014bf154433c6c5b343fdc1ef"", "".shp"": ""8f28c0f20f1dc8c5872a06db57621808dc737d602f8521387075dc39302cea54"", "".shx"": ""ce7c01f77f946647f426da4da9198b15250ffef050bc60c2861bd070dcbc42f2""}","{""n_features"": 148072, ""native_crs_epsg"": 32650, ""positive"": {""area_change_fraction"": 0.0, ""area_km2_after"": 593.70985, ""area_km2_before"": 593.70985, ""features_before"": 148072, ""parts_after"": 148072}}",PILOT_LABEL_ADAPTER_V1,spartina.data.gee.grid.covering_grid on densified cell UTM bounds (identical to the Phase D EO export grid),UNKNOWN_GRIDCODE_ZERO_TODO_VERIFY
CNA10K-R00349-C00154,cmssm-2020,CM-SSM,2020,30,32651,51,395,383,111068,8.595510950676525,5.709186161219687,9043,1224,0,141018,151285,,,560,0,10267,0,1.0,work/national/pilot19/labels/R00349-C00154/CM-SSM_2020_30m.tif,64742b8ddbf280969067eee11fda84487cbf0d07b7ffbac4c16dc5a2438714fb,"{"".dbf"": ""8a74dcd9f1039c06fcf7a3a1102a0e8568ad600c6f1f1ef25af885ea07aced4a"", "".prj"": ""0cb13e6fc96091963305c3afcbb024fb464f80e014bf154433c6c5b343fdc1ef"", "".shp"": ""8f28c0f20f1dc8c5872a06db57621808dc737d602f8521387075dc39302cea54"", "".shx"": ""ce7c01f77f946647f426da4da9198b15250ffef050bc60c2861bd070dcbc42f2""}","{""n_features"": 148072, ""native_crs_epsg"": 32650, ""positive"": {""area_change_fraction"": 0.0, ""area_km2_after"": 593.70985, ""area_km2_before"": 593.70985, ""features_before"": 148072, ""parts_after"": 148072}}",PILOT_LABEL_ADAPTER_V1,spartina.data.gee.grid.covering_grid on densified cell UTM bounds (identical to the Phase D EO export grid),UNKNOWN_GRIDCODE_ZERO_TODO_VERIFY
CNA10K-R00413-C00121,geodata-1990,GEODATA,1990,30,32650,50,379,365,111116,0.0,0.0,0,0,138330,5,138335,True,"[413, 412]",,,,,,work/national/pilot19/labels/R00413-C00121/GEODATA_1990_30m.tif,67b026cb44b64e50d62fd4f00d647849dbb13301b27e352ac185ce71d853fa02,"{"".tif"": ""d88fc80ebed0e32f3550194d730293259ee8612f3f630915d4423a9edaccc6b4""}",,PILOT_LABEL_ADAPTER_V1,spartina.data.gee.grid.covering_grid on densified cell UTM bounds (identical to the Phase D EO export grid),
CNA10K-R00413-C00121,geodata-2000,GEODATA,2000,30,32650,50,379,365,111116,0.0,0.0,0,0,138331,4,138335,True,"[413, 412]",,,,,,work/national/pilot19/labels/R00413-C00121/GEODATA_2000_30m.tif,12d36535318ddbb4f456a3960c84d96e92af504c7f8390dd0b196d7217bf7d1e,"{"".tif"": ""0556a63a1cd0c101ef267dfeced390fbf0430fb9472d95f8d03b32535be990b1""}",,PILOT_LABEL_ADAPTER_V1,spartina.data.gee.grid.covering_grid on densified cell UTM bounds (identical to the Phase D EO export grid),
CNA10K-R00413-C00121,geodata-2015,GEODATA,2015,30,32650,50,379,365,111116,0.7605,0.6507,845,0,136747,743,138335,True,"[378, 364]",,,,,,work/national/pilot19/labels/R00413-C00121/GEODATA_2015_30m.tif,77089d0ff764fa15b93cf5ff96373a807fe61b2e3b4d09016d343b429bb939d6,"{"".tif"": ""39a2d5352de8cb558f11df64c348574e9e2abf06446c3dc89035cdb3bb9c521d""}",,PILOT_LABEL_ADAPTER_V1,spartina.data.gee.grid.covering_grid on densified cell UTM bounds (identical to the Phase D EO export grid),
CNA10K-R00413-C00121,geodata-2020,GEODATA,2020,30,32650,50,379,365,111116,1.3878,1.1187,1542,0,136785,8,138335,True,"[413, 412]",,,,,,work/national/pilot19/labels/R00413-C00121/GEODATA_2020_30m.tif,97afd408a2261f3cdbc8bf437b01c2991e019d409b0bcf069ae381770469c92f,"{"".tif"": ""2cd169261383bef26aadb6abf8a730f14d7a847801f996757dc91c5b3f3d0937""}",,PILOT_LABEL_ADAPTER_V1,spartina.data.gee.grid.covering_grid on densified cell UTM bounds (identical to the Phase D EO export grid),
CNA10K-R00413-C00121,cmsa-2017,CMSA,2017,30,32650,50,379,365,111116,1.2658103998577221,1.062863957955502,1227,432,0,136676,138335,,,7,0,1659,0,1.0,work/national/pilot19/labels/R00413-C00121/CMSA_2017_30m.tif,b3b5eb476a348b1f0bcdfba6b89b0b83b0f3f41847c43edd0a9fddb77a0a7bb9,"{"".dbf"": ""b5eb1c661831bd2bc226b8c432a1be3c3ebf2f7122f2c13ed5cc95a4108299ca"", "".prj"": ""99a5a32f41f7df7e52e869dca1b2df8b2009ba20c28dbf95e61dc9c891dffd38"", "".shp"": ""3f5ff0b7538bf9f5165127b8d3fb0fdc77dfc2f6a8a26c7684a6cfb2e9f8a29d"", "".shx"": ""10b18253cd4810c10a85d82bbb57f7efaecfe29f7b75e42171407422bca084e7""}","{""gridcode0"": {""area_change_fraction"": 0.0, ""area_km2_after"": 0.894911, ""area_km2_before"": 0.894911, ""features_before"": 49, ""parts_after"": 52}, ""gridcodes_present"": [0, 2], ""n_features"": 5341, ""native_crs_epsg"": 32650, ""positive"": {""area_change_fraction"": 0.0, ""area_km2_after"": 494.693541, ""area_km2_before"": 494.693541, ""features_before"": 5292, ""parts_after"": 5292}}",PILOT_LABEL_ADAPTER_V1,spartina.data.gee.grid.covering_grid on densified cell UTM bounds (identical to the Phase D EO export grid),UNKNOWN_GRIDCODE_ZERO_TODO_VERIFY
CNA10K-R00413-C00121,cmsa-2018,CMSA,2018,30,32650,50,379,365,111116,1.4218003794355318,1.1794978544980288,1375,471,0,136489,138335,,,10,0,1846,0,1.0,work/national/pilot19/labels/R00413-C00121/CMSA_2018_30m.tif,1587502d89262eda6668657e27ed24751adbfe5a3298c081a4dadd4948c97643,"{"".dbf"": ""95eb2ced9015302892ebf371126b08ec1a64bcdd3875af0e6b2d7639e19d16a2"", "".prj"": ""99a5a32f41f7df7e52e869dca1b2df8b2009ba20c28dbf95e61dc9c891dffd38"", "".shp"": ""d03efad274d571b6b1d3d302aff783995405958313219fd5ffb02723f0ed566d"", "".shx"": ""f2a8d73ef6e99e5432c2012736d1c621c5fee809214c846fc628c45bc2a64578""}","{""gridcode0"": {""area_change_fraction"": 0.0, ""area_km2_after"": 2.563579, ""area_km2_before"": 2.563579, ""features_before"": 53, ""parts_after"": 54}, ""gridcodes_present"": [0, 2], ""n_features"": 5985, ""native_crs_epsg"": 32650, ""positive"": {""area_change_fraction"": 0.0, ""area_km2_after"": 504.310018, ""area_km2_before"": 504.310018, ""features_before"": 5932, ""parts_after"": 5933}}",PILOT_LABEL_ADAPTER_V1,spartina.data.gee.grid.covering_grid on densified cell UTM bounds (identical to the Phase D EO export grid),UNKNOWN_GRIDCODE_ZERO_TODO_VERIFY
CNA10K-R00413-C00121,cmsa-2019,CMSA,2019,30,32650,50,379,365,111116,1.4105564155122265,1.1530605149393902,1376,484,0,136475,138335,,,8,0,1860,0,1.0,work/national/pilot19/labels/R00413-C00121/CMSA_2019_30m.tif,28b98d8006baaf40ed49c423c489fceb16a0ee2e063e133ab6a9c52651eadda4,"{"".dbf"": ""4f0005c970ee271360300429debf95a9aa62cb6f49e2664007e09fc961f94697"", "".prj"": ""99a5a32f41f7df7e52e869dca1b2df8b2009ba20c28dbf95e61dc9c891dffd38"", "".shp"": ""9cd003f21b59a3bd6eace0e51e9f0b8f2be3ca1d78803b2644e857f5f70f6a55"", "".shx"": ""41f971eacff13a85b2043eeebaaadd738949295fe4748de519dafe4d016c6aa9""}","{""gridcode0"": {""area_change_fraction"": 0.0, ""area_km2_after"": 6.963184, ""area_km2_before"": 6.963184, ""features_before"": 62, ""parts_after"": 65}, ""gridcodes_present"": [0, 2], ""n_features"": 6097, ""native_crs_epsg"": 32650, ""positive"": {""area_change_fraction"": 0.0, ""area_km2_after"": 532.991018, ""area_km2_before"": 532.991018, ""features_before"": 6035, ""parts_after"": 6035}}",PILOT_LABEL_ADAPTER_V1,spartina.data.gee.grid.covering_grid on densified cell UTM bounds (identical to the Phase D EO export grid),UNKNOWN_GRIDCODE_ZERO_TODO_VERIFY
CNA10K-R00413-C00121,cmsa-2020,CMSA,2020,30,32650,50,379,365,111116,1.516936495142989,1.2349018062178976,1335,823,0,136177,138335,,,23,0,2158,0,1.0,work/national/pilot19/labels/R00413-C00121/CMSA_2020_30m.tif,00dc994cfdecb604b913ff4d1d1b47fe2fc73e0b9707bd06698f327783204a94,"{"".dbf"": ""43d64aa98146bfcfaf0c873a2a369b55d860425ebcb0f3bf0b784d43719d2847"", "".prj"": ""99a5a32f41f7df7e52e869dca1b2df8b2009ba20c28dbf95e61dc9c891dffd38"", "".shp"": ""652af93b064d9698ae05ecdd16158e62c65254342d1ac51f82998d3f2e724044"", "".shx"": ""0b38a4df4d3a0bcec7a66cde095cdb825cee0bc80e0e573a13ca83ad8bbf021b""}","{""gridcode0"": {""area_change_fraction"": 0.0, ""area_km2_after"": 2.797072, ""area_km2_before"": 2.797072, ""features_before"": 50, ""parts_after"": 52}, ""gridcodes_present"": [0, 2], ""n_features"": 8914, ""native_crs_epsg"": 32650, ""positive"": {""area_change_fraction"": 0.0, ""area_km2_after"": 571.3516, ""area_km2_before"": 571.3516, ""features_before"": 8864, ""parts_after"": 8870}}",PILOT_LABEL_ADAPTER_V1,spartina.data.gee.grid.covering_grid on densified cell UTM bounds (identical to the Phase D EO export grid),UNKNOWN_GRIDCODE_ZERO_TODO_VERIFY
CNA10K-R00413-C00121,cmsa-2021,CMSA,2021,30,32650,50,379,365,111116,1.4927442692241863,1.16302249610906,1427,601,0,136307,138335,,,11,0,2028,0,1.0,work/national/pilot19/labels/R00413-C00121/CMSA_2021_30m.tif,d42841d399a48d5a208ba05172ec45c95fc70356ee18141f10c28a00c44c51db,"{"".dbf"": ""f99ffb3269865c370311b9bfe0d92120d8afd855d5ca748c64084c644b9f514c"", "".prj"": ""99a5a32f41f7df7e52e869dca1b2df8b2009ba20c28dbf95e61dc9c891dffd38"", "".shp"": ""835280e43976f69f9e88488ae9e1e91e43bd175afae294c76724e0d88a4c4d8d"", "".shx"": ""a732195701748d012c3279a28e0abff346495d8db3c16bc61bcdaa5a1ff99521""}","{""gridcode0"": {""area_change_fraction"": 0.0, ""area_km2_after"": 0.112222, ""area_km2_before"": 0.112222, ""features_before"": 18, ""parts_after"": 18}, ""gridcodes_present"": [0, 2], ""n_features"": 6295, ""native_crs_epsg"": 32650, ""positive"": {""area_change_fraction"": 0.0, ""area_km2_after"": 586.513407, ""area_km2_before"": 586.513407, ""features_before"": 6277, ""parts_after"": 6278}}",PILOT_LABEL_ADAPTER_V1,spartina.data.gee.grid.covering_grid on densified cell UTM bounds (identical to the Phase D EO export grid),UNKNOWN_GRIDCODE_ZERO_TODO_VERIFY
CNA10K-R00413-C00121,cmssm-2020,CM-SSM,2020,10,32650,50,1135,1093,1000037,0.0,0.0,0,0,0,1240555,1240555,,,0,0,0,0,0.0,work/national/pilot19/labels/R00413-C00121/CM-SSM_2020_10m.tif,07c6a5533b32ee1def0351fba1a22cb604909acb00c14a8abc7ab555613a1e05,"{"".dbf"": ""8a74dcd9f1039c06fcf7a3a1102a0e8568ad600c6f1f1ef25af885ea07aced4a"", "".prj"": ""0cb13e6fc96091963305c3afcbb024fb464f80e014bf154433c6c5b343fdc1ef"", "".shp"": ""8f28c0f20f1dc8c5872a06db57621808dc737d602f8521387075dc39302cea54"", "".shx"": ""ce7c01f77f946647f426da4da9198b15250ffef050bc60c2861bd070dcbc42f2""}","{""n_features"": 148072, ""native_crs_epsg"": 32650, ""positive"": {""area_change_fraction"": 0.0, ""area_km2_after"": 593.70985, ""area_km2_before"": 593.70985, ""features_before"": 148072, ""parts_after"": 148072}}",PILOT_LABEL_ADAPTER_V1,spartina.data.gee.grid.covering_grid on densified cell UTM bounds (identical to the Phase D EO export grid),UNKNOWN_GRIDCODE_ZERO_TODO_VERIFY
CNA10K-R00413-C00121,cmssm-2020,CM-SSM,2020,30,32650,50,379,365,111116,0.0,0.0,0,0,0,138335,138335,,,0,0,0,0,0.0,work/national/pilot19/labels/R00413-C00121/CM-SSM_2020_30m.tif,d3c501c56450ac6ab8c0420d7f20f73c9a71276b3768f9b9be7f9a17fbe7f7d8,"{"".dbf"": ""8a74dcd9f1039c06fcf7a3a1102a0e8568ad600c6f1f1ef25af885ea07aced4a"", "".prj"": ""0cb13e6fc96091963305c3afcbb024fb464f80e014bf154433c6c5b343fdc1ef"", "".shp"": ""8f28c0f20f1dc8c5872a06db57621808dc737d602f8521387075dc39302cea54"", "".shx"": ""ce7c01f77f946647f426da4da9198b15250ffef050bc60c2861bd070dcbc42f2""}","{""n_features"": 148072, ""native_crs_epsg"": 32650, ""positive"": {""area_change_fraction"": 0.0, ""area_km2_after"": 593.70985, ""area_km2_before"": 593.70985, ""features_before"": 148072, ""parts_after"": 148072}}",PILOT_LABEL_ADAPTER_V1,spartina.data.gee.grid.covering_grid on densified cell UTM bounds (identical to the Phase D EO export grid),UNKNOWN_GRIDCODE_ZERO_TODO_VERIFY
CNA10K-R00391-C00132,geodata-1990,GEODATA,1990,30,32650,50,379,365,111222,0.0,0.0,0,0,138330,5,138335,True,"[414, 412]",,,,,,work/national/pilot19/labels/R00391-C00132/GEODATA_1990_30m.tif,975d132c4782503587e1b08af2610337b87597fd1232d89683e75ba018e0caf9,"{"".tif"": ""d88fc80ebed0e32f3550194d730293259ee8612f3f630915d4423a9edaccc6b4""}",,PILOT_LABEL_ADAPTER_V1,spartina.data.gee.grid.covering_grid on densified cell UTM bounds (identical to the Phase D EO export grid),
CNA10K-R00391-C00132,geodata-2000,GEODATA,2000,30,32650,50,379,365,111222,0.0,0.0,0,0,138333,2,138335,True,"[414, 412]",,,,,,work/national/pilot19/labels/R00391-C00132/GEODATA_2000_30m.tif,79a74465da817079d105f4ab262f2fe18ae80c06695e49e65498f688c750bd71,"{"".tif"": ""0556a63a1cd0c101ef267dfeced390fbf0430fb9472d95f8d03b32535be990b1""}",,PILOT_LABEL_ADAPTER_V1,spartina.data.gee.grid.covering_grid on densified cell UTM bounds (identical to the Phase D EO export grid),
CNA10K-R00391-C00132,geodata-2015,GEODATA,2015,30,32650,50,379,365,111222,0.0225,0.0,25,0,137567,743,138335,True,"[378, 364]",,,,,,work/national/pilot19/labels/R00391-C00132/GEODATA_2015_30m.tif,42693cc37cdf9f566fdff31771330db86f698014ceef5bb70cd6d3b8755a5eea,"{"".tif"": ""39a2d5352de8cb558f11df64c348574e9e2abf06446c3dc89035cdb3bb9c521d""}",,PILOT_LABEL_ADAPTER_V1,spartina.data.gee.grid.covering_grid on densified cell UTM bounds (identical to the Phase D EO export grid),
CNA10K-R00391-C00132,geodata-2020,GEODATA,2020,30,32650,50,379,365,111222,0.0,0.0,0,0,138332,3,138335,True,"[414, 412]",,,,,,work/national/pilot19/labels/R00391-C00132/GEODATA_2020_30m.tif,3f7b2cb133e41bec05502550c1d89d30d3b5b67bc585355003f6514f49bfc4bf,"{"".tif"": ""2cd169261383bef26aadb6abf8a730f14d7a847801f996757dc91c5b3f3d0937""}",,PILOT_LABEL_ADAPTER_V1,spartina.data.gee.grid.covering_grid on densified cell UTM bounds (identical to the Phase D EO export grid),
CNA10K-R00391-C00132,cmsa-2017,CMSA,2017,30,32650,50,379,365,111222,0.0,0.0,0,0,0,138335,138335,,,0,0,0,0,0.0,work/national/pilot19/labels/R00391-C00132/CMSA_2017_30m.tif,9b52e9058d447d25892d67c857f25e8273c7a2075b918407a22ee4d401b91f61,"{"".dbf"": ""b5eb1c661831bd2bc226b8c432a1be3c3ebf2f7122f2c13ed5cc95a4108299ca"", "".prj"": ""99a5a32f41f7df7e52e869dca1b2df8b2009ba20c28dbf95e61dc9c891dffd38"", "".shp"": ""3f5ff0b7538bf9f5165127b8d3fb0fdc77dfc2f6a8a26c7684a6cfb2e9f8a29d"", "".shx"": ""10b18253cd4810c10a85d82bbb57f7efaecfe29f7b75e42171407422bca084e7""}","{""gridcode0"": {""area_change_fraction"": 0.0, ""area_km2_after"": 0.894911, ""area_km2_before"": 0.894911, ""features_before"": 49, ""parts_after"": 52}, ""gridcodes_present"": [0, 2], ""n_features"": 5341, ""native_crs_epsg"": 32650, ""positive"": {""area_change_fraction"": 0.0, ""area_km2_after"": 494.693541, ""area_km2_before"": 494.693541, ""features_before"": 5292, ""parts_after"": 5292}}",PILOT_LABEL_ADAPTER_V1,spartina.data.gee.grid.covering_grid on densified cell UTM bounds (identical to the Phase D EO export grid),UNKNOWN_GRIDCODE_ZERO_TODO_VERIFY
CNA10K-R00391-C00132,cmsa-2018,CMSA,2018,30,32650,50,379,365,111222,0.0,0.0,0,0,0,138335,138335,,,0,0,0,0,0.0,work/national/pilot19/labels/R00391-C00132/CMSA_2018_30m.tif,ddee729c6dcd09eb3336b5c827dcc780de86193f3c8439885fde5712d25d88c9,"{"".dbf"": ""95eb2ced9015302892ebf371126b08ec1a64bcdd3875af0e6b2d7639e19d16a2"", "".prj"": ""99a5a32f41f7df7e52e869dca1b2df8b2009ba20c28dbf95e61dc9c891dffd38"", "".shp"": ""d03efad274d571b6b1d3d302aff783995405958313219fd5ffb02723f0ed566d"", "".shx"": ""f2a8d73ef6e99e5432c2012736d1c621c5fee809214c846fc628c45bc2a64578""}","{""gridcode0"": {""area_change_fraction"": 0.0, ""area_km2_after"": 2.563579, ""area_km2_before"": 2.563579, ""features_before"": 53, ""parts_after"": 54}, ""gridcodes_present"": [0, 2], ""n_features"": 5985, ""native_crs_epsg"": 32650, ""positive"": {""area_change_fraction"": 0.0, ""area_km2_after"": 504.310018, ""area_km2_before"": 504.310018, ""features_before"": 5932, ""parts_after"": 5933}}",PILOT_LABEL_ADAPTER_V1,spartina.data.gee.grid.covering_grid on densified cell UTM bounds (identical to the Phase D EO export grid),UNKNOWN_GRIDCODE_ZERO_TODO_VERIFY
CNA10K-R00391-C00132,cmsa-2019,CMSA,2019,30,32650,50,379,365,111222,0.0,0.0,0,0,0,138335,138335,,,0,0,0,0,0.0,work/national/pilot19/labels/R00391-C00132/CMSA_2019_30m.tif,c7ea80d28d0263d6ccbce80364a6db6a8feaa2a72cf4a1c4a77f13658d829e37,"{"".dbf"": ""4f0005c970ee271360300429debf95a9aa62cb6f49e2664007e09fc961f94697"", "".prj"": ""99a5a32f41f7df7e52e869dca1b2df8b2009ba20c28dbf95e61dc9c891dffd38"", "".shp"": ""9cd003f21b59a3bd6eace0e51e9f0b8f2be3ca1d78803b2644e857f5f70f6a55"", "".shx"": ""41f971eacff13a85b2043eeebaaadd738949295fe4748de519dafe4d016c6aa9""}","{""gridcode0"": {""area_change_fraction"": 0.0, ""area_km2_after"": 6.963184, ""area_km2_before"": 6.963184, ""features_before"": 62, ""parts_after"": 65}, ""gridcodes_present"": [0, 2], ""n_features"": 6097, ""native_crs_epsg"": 32650, ""positive"": {""area_change_fraction"": 0.0, ""area_km2_after"": 532.991018, ""area_km2_before"": 532.991018, ""features_before"": 6035, ""parts_after"": 6035}}",PILOT_LABEL_ADAPTER_V1,spartina.data.gee.grid.covering_grid on densified cell UTM bounds (identical to the Phase D EO export grid),UNKNOWN_GRIDCODE_ZERO_TODO_VERIFY
CNA10K-R00391-C00132,cmsa-2020,CMSA,2020,30,32650,50,379,365,111222,0.0,0.0,0,0,0,138335,138335,,,0,0,0,0,0.0,work/national/pilot19/labels/R00391-C00132/CMSA_2020_30m.tif,6194443ab80d05f0cfe14cfc8ae3912af73e15dc8a6a3b6b8e5ccbeb1db679e8,"{"".dbf"": ""43d64aa98146bfcfaf0c873a2a369b55d860425ebcb0f3bf0b784d43719d2847"", "".prj"": ""99a5a32f41f7df7e52e869dca1b2df8b2009ba20c28dbf95e61dc9c891dffd38"", "".shp"": ""652af93b064d9698ae05ecdd16158e62c65254342d1ac51f82998d3f2e724044"", "".shx"": ""0b38a4df4d3a0bcec7a66cde095cdb825cee0bc80e0e573a13ca83ad8bbf021b""}","{""gridcode0"": {""area_change_fraction"": 0.0, ""area_km2_after"": 2.797072, ""area_km2_before"": 2.797072, ""features_before"": 50, ""parts_after"": 52}, ""gridcodes_present"": [0, 2], ""n_features"": 8914, ""native_crs_epsg"": 32650, ""positive"": {""area_change_fraction"": 0.0, ""area_km2_after"": 571.3516, ""area_km2_before"": 571.3516, ""features_before"": 8864, ""parts_after"": 8870}}",PILOT_LABEL_ADAPTER_V1,spartina.data.gee.grid.covering_grid on densified cell UTM bounds (identical to the Phase D EO export grid),UNKNOWN_GRIDCODE_ZERO_TODO_VERIFY
CNA10K-R00391-C00132,cmsa-2021,CMSA,2021,30,32650,50,379,365,111222,0.0,0.0,0,0,0,138335,138335,,,0,0,0,0,0.0,work/national/pilot19/labels/R00391-C00132/CMSA_2021_30m.tif,197c4b63cc1069579da44eb7d31274e73551d7eca06709235dc9154b2ccaa7bc,"{"".dbf"": ""f99ffb3269865c370311b9bfe0d92120d8afd855d5ca748c64084c644b9f514c"", "".prj"": ""99a5a32f41f7df7e52e869dca1b2df8b2009ba20c28dbf95e61dc9c891dffd38"", "".shp"": ""835280e43976f69f9e88488ae9e1e91e43bd175afae294c76724e0d88a4c4d8d"", "".shx"": ""a732195701748d012c3279a28e0abff346495d8db3c16bc61bcdaa5a1ff99521""}","{""gridcode0"": {""area_change_fraction"": 0.0, ""area_km2_after"": 0.112222, ""area_km2_before"": 0.112222, ""features_before"": 18, ""parts_after"": 18}, ""gridcodes_present"": [0, 2], ""n_features"": 6295, ""native_crs_epsg"": 32650, ""positive"": {""area_change_fraction"": 0.0, ""area_km2_after"": 586.513407, ""area_km2_before"": 586.513407, ""features_before"": 6277, ""parts_after"": 6278}}",PILOT_LABEL_ADAPTER_V1,spartina.data.gee.grid.covering_grid on densified cell UTM bounds (identical to the Phase D EO export grid),UNKNOWN_GRIDCODE_ZERO_TODO_VERIFY
CNA10K-R00391-C00132,cmssm-2020,CM-SSM,2020,10,32650,50,1136,1093,1000979,0.0,0.0,0,0,0,1241648,1241648,,,0,0,0,0,0.0,work/national/pilot19/labels/R00391-C00132/CM-SSM_2020_10m.tif,d08d63a9e15fefb6bed577ba984664ac63bbd9efea7e61382b16f06c0b6bb512,"{"".dbf"": ""8a74dcd9f1039c06fcf7a3a1102a0e8568ad600c6f1f1ef25af885ea07aced4a"", "".prj"": ""0cb13e6fc96091963305c3afcbb024fb464f80e014bf154433c6c5b343fdc1ef"", "".shp"": ""8f28c0f20f1dc8c5872a06db57621808dc737d602f8521387075dc39302cea54"", "".shx"": ""ce7c01f77f946647f426da4da9198b15250ffef050bc60c2861bd070dcbc42f2""}","{""n_features"": 148072, ""native_crs_epsg"": 32650, ""positive"": {""area_change_fraction"": 0.0, ""area_km2_after"": 593.70985, ""area_km2_before"": 593.70985, ""features_before"": 148072, ""parts_after"": 148072}}",PILOT_LABEL_ADAPTER_V1,spartina.data.gee.grid.covering_grid on densified cell UTM bounds (identical to the Phase D EO export grid),UNKNOWN_GRIDCODE_ZERO_TODO_VERIFY
CNA10K-R00391-C00132,cmssm-2020,CM-SSM,2020,30,32650,50,379,365,111222,0.0,0.0,0,0,0,138335,138335,,,0,0,0,0,0.0,work/national/pilot19/labels/R00391-C00132/CM-SSM_2020_30m.tif,9651f0bb0d7720d1dfcae221020628b2836991d056cbdbe0575b63d103358f19,"{"".dbf"": ""8a74dcd9f1039c06fcf7a3a1102a0e8568ad600c6f1f1ef25af885ea07aced4a"", "".prj"": ""0cb13e6fc96091963305c3afcbb024fb464f80e014bf154433c6c5b343fdc1ef"", "".shp"": ""8f28c0f20f1dc8c5872a06db57621808dc737d602f8521387075dc39302cea54"", "".shx"": ""ce7c01f77f946647f426da4da9198b15250ffef050bc60c2861bd070dcbc42f2""}","{""n_features"": 148072, ""native_crs_epsg"": 32650, ""positive"": {""area_change_fraction"": 0.0, ""area_km2_after"": 593.70985, ""area_km2_before"": 593.70985, ""features_before"": 148072, ""parts_after"": 148072}}",PILOT_LABEL_ADAPTER_V1,spartina.data.gee.grid.covering_grid on densified cell UTM bounds (identical to the Phase D EO export grid),UNKNOWN_GRIDCODE_ZERO_TODO_VERIFY
CNA10K-R00331-C00150,geodata-1990,GEODATA,1990,30,32651,51,393,384,111127,0.0,0.0,0,0,150897,15,150912,True,"[450, 450]",,,,,,work/national/pilot19/labels/R00331-C00150/GEODATA_1990_30m.tif,3230d85dd1b9e6b7872a61c87003ff000251f66bbc6c82fbd9b50c7f0a43937c,"{"".tif"": ""d88fc80ebed0e32f3550194d730293259ee8612f3f630915d4423a9edaccc6b4""}",,PILOT_LABEL_ADAPTER_V1,spartina.data.gee.grid.covering_grid on densified cell UTM bounds (identical to the Phase D EO export grid),
CNA10K-R00331-C00150,geodata-2000,GEODATA,2000,30,32651,51,393,384,111127,0.306,0.306,340,0,150562,10,150912,True,"[450, 450]",,,,,,work/national/pilot19/labels/R00331-C00150/GEODATA_2000_30m.tif,ff84fcb6c4191b57802429249db4aaa626eb5033ce68c75817f223c79cf18fb2,"{"".tif"": ""0556a63a1cd0c101ef267dfeced390fbf0430fb9472d95f8d03b32535be990b1""}",,PILOT_LABEL_ADAPTER_V1,spartina.data.gee.grid.covering_grid on densified cell UTM bounds (identical to the Phase D EO export grid),
CNA10K-R00331-C00150,geodata-2015,GEODATA,2015,30,32651,51,393,384,111127,0.0963,0.0963,107,0,150781,24,150912,True,"[412, 403]",,,,,,work/national/pilot19/labels/R00331-C00150/GEODATA_2015_30m.tif,f70086158e8f8c8fe63baacc77df540132db33a23a6e2d979ef37838e668956a,"{"".tif"": ""39a2d5352de8cb558f11df64c348574e9e2abf06446c3dc89035cdb3bb9c521d""}",,PILOT_LABEL_ADAPTER_V1,spartina.data.gee.grid.covering_grid on densified cell UTM bounds (identical to the Phase D EO export grid),
CNA10K-R00331-C00150,geodata-2020,GEODATA,2020,30,32651,51,393,384,111127,0.2574,0.2574,286,0,150613,13,150912,True,"[450, 450]",,,,,,work/national/pilot19/labels/R00331-C00150/GEODATA_2020_30m.tif,345a77d98c5d51d01bf4152db8bcc9cc5a3b159f8fa173c850c0e9e7e01ebed0,"{"".tif"": ""2cd169261383bef26aadb6abf8a730f14d7a847801f996757dc91c5b3f3d0937""}",,PILOT_LABEL_ADAPTER_V1,spartina.data.gee.grid.covering_grid on densified cell UTM bounds (identical to the Phase D EO export grid),
CNA10K-R00331-C00150,cmsa-2017,CMSA,2017,30,32651,51,393,384,111127,0.0,0.0,0,0,0,150912,150912,,,0,0,0,0,0.0,work/national/pilot19/labels/R00331-C00150/CMSA_2017_30m.tif,643b449c4c45e472463983fbaabf577a9be7b6a7c6a50aa35564d5378f6f2382,"{"".dbf"": ""b5eb1c661831bd2bc226b8c432a1be3c3ebf2f7122f2c13ed5cc95a4108299ca"", "".prj"": ""99a5a32f41f7df7e52e869dca1b2df8b2009ba20c28dbf95e61dc9c891dffd38"", "".shp"": ""3f5ff0b7538bf9f5165127b8d3fb0fdc77dfc2f6a8a26c7684a6cfb2e9f8a29d"", "".shx"": ""10b18253cd4810c10a85d82bbb57f7efaecfe29f7b75e42171407422bca084e7""}","{""gridcode0"": {""area_change_fraction"": 0.0, ""area_km2_after"": 0.894911, ""area_km2_before"": 0.894911, ""features_before"": 49, ""parts_after"": 52}, ""gridcodes_present"": [0, 2], ""n_features"": 5341, ""native_crs_epsg"": 32650, ""positive"": {""area_change_fraction"": 0.0, ""area_km2_after"": 494.693541, ""area_km2_before"": 494.693541, ""features_before"": 5292, ""parts_after"": 5292}}",PILOT_LABEL_ADAPTER_V1,spartina.data.gee.grid.covering_grid on densified cell UTM bounds (identical to the Phase D EO export grid),UNKNOWN_GRIDCODE_ZERO_TODO_VERIFY
CNA10K-R00331-C00150,cmsa-2018,CMSA,2018,30,32651,51,393,384,111127,0.0,0.0,0,0,0,150912,150912,,,0,0,0,0,0.0,work/national/pilot19/labels/R00331-C00150/CMSA_2018_30m.tif,743beee55cb14e79c43a721ca1b6b7d1c5b4fcae9750ccfe829b217c6279a618,"{"".dbf"": ""95eb2ced9015302892ebf371126b08ec1a64bcdd3875af0e6b2d7639e19d16a2"", "".prj"": ""99a5a32f41f7df7e52e869dca1b2df8b2009ba20c28dbf95e61dc9c891dffd38"", "".shp"": ""d03efad274d571b6b1d3d302aff783995405958313219fd5ffb02723f0ed566d"", "".shx"": ""f2a8d73ef6e99e5432c2012736d1c621c5fee809214c846fc628c45bc2a64578""}","{""gridcode0"": {""area_change_fraction"": 0.0, ""area_km2_after"": 2.563579, ""area_km2_before"": 2.563579, ""features_before"": 53, ""parts_after"": 54}, ""gridcodes_present"": [0, 2], ""n_features"": 5985, ""native_crs_epsg"": 32650, ""positive"": {""area_change_fraction"": 0.0, ""area_km2_after"": 504.310018, ""area_km2_before"": 504.310018, ""features_before"": 5932, ""parts_after"": 5933}}",PILOT_LABEL_ADAPTER_V1,spartina.data.gee.grid.covering_grid on densified cell UTM bounds (identical to the Phase D EO export grid),UNKNOWN_GRIDCODE_ZERO_TODO_VERIFY
CNA10K-R00331-C00150,cmsa-2019,CMSA,2019,30,32651,51,393,384,111127,0.0,0.0,0,0,0,150912,150912,,,0,0,0,0,0.0,work/national/pilot19/labels/R00331-C00150/CMSA_2019_30m.tif,44e8776db0fe443bcbbe144177eabdabed926e0884703d586c5f47ccca7b0c7c,"{"".dbf"": ""4f0005c970ee271360300429debf95a9aa62cb6f49e2664007e09fc961f94697"", "".prj"": ""99a5a32f41f7df7e52e869dca1b2df8b2009ba20c28dbf95e61dc9c891dffd38"", "".shp"": ""9cd003f21b59a3bd6eace0e51e9f0b8f2be3ca1d78803b2644e857f5f70f6a55"", "".shx"": ""41f971eacff13a85b2043eeebaaadd738949295fe4748de519dafe4d016c6aa9""}","{""gridcode0"": {""area_change_fraction"": 0.0, ""area_km2_after"": 6.963184, ""area_km2_before"": 6.963184, ""features_before"": 62, ""parts_after"": 65}, ""gridcodes_present"": [0, 2], ""n_features"": 6097, ""native_crs_epsg"": 32650, ""positive"": {""area_change_fraction"": 0.0, ""area_km2_after"": 532.991018, ""area_km2_before"": 532.991018, ""features_before"": 6035, ""parts_after"": 6035}}",PILOT_LABEL_ADAPTER_V1,spartina.data.gee.grid.covering_grid on densified cell UTM bounds (identical to the Phase D EO export grid),UNKNOWN_GRIDCODE_ZERO_TODO_VERIFY
CNA10K-R00331-C00150,cmsa-2020,CMSA,2020,30,32651,51,393,384,111127,0.0,0.0,0,0,0,150912,150912,,,0,0,0,0,0.0,work/national/pilot19/labels/R00331-C00150/CMSA_2020_30m.tif,51c4747f1c302884a02907e8b4fbd48e0903ce78767254726040ad27716ad235,"{"".dbf"": ""43d64aa98146bfcfaf0c873a2a369b55d860425ebcb0f3bf0b784d43719d2847"", "".prj"": ""99a5a32f41f7df7e52e869dca1b2df8b2009ba20c28dbf95e61dc9c891dffd38"", "".shp"": ""652af93b064d9698ae05ecdd16158e62c65254342d1ac51f82998d3f2e724044"", "".shx"": ""0b38a4df4d3a0bcec7a66cde095cdb825cee0bc80e0e573a13ca83ad8bbf021b""}","{""gridcode0"": {""area_change_fraction"": 0.0, ""area_km2_after"": 2.797072, ""area_km2_before"": 2.797072, ""features_before"": 50, ""parts_after"": 52}, ""gridcodes_present"": [0, 2], ""n_features"": 8914, ""native_crs_epsg"": 32650, ""positive"": {""area_change_fraction"": 0.0, ""area_km2_after"": 571.3516, ""area_km2_before"": 571.3516, ""features_before"": 8864, ""parts_after"": 8870}}",PILOT_LABEL_ADAPTER_V1,spartina.data.gee.grid.covering_grid on densified cell UTM bounds (identical to the Phase D EO export grid),UNKNOWN_GRIDCODE_ZERO_TODO_VERIFY
CNA10K-R00331-C00150,cmsa-2021,CMSA,2021,30,32651,51,393,384,111127,0.0,0.0,0,0,0,150912,150912,,,0,0,0,0,0.0,work/national/pilot19/labels/R00331-C00150/CMSA_2021_30m.tif,304234ea349dee4847b640b1fb3bde5ac250f0c6c478414bc6ebe8ec3e59e738,"{"".dbf"": ""f99ffb3269865c370311b9bfe0d92120d8afd855d5ca748c64084c644b9f514c"", "".prj"": ""99a5a32f41f7df7e52e869dca1b2df8b2009ba20c28dbf95e61dc9c891dffd38"", "".shp"": ""835280e43976f69f9e88488ae9e1e91e43bd175afae294c76724e0d88a4c4d8d"", "".shx"": ""a732195701748d012c3279a28e0abff346495d8db3c16bc61bcdaa5a1ff99521""}","{""gridcode0"": {""area_change_fraction"": 0.0, ""area_km2_after"": 0.112222, ""area_km2_before"": 0.112222, ""features_before"": 18, ""parts_after"": 18}, ""gridcodes_present"": [0, 2], ""n_features"": 6295, ""native_crs_epsg"": 32650, ""positive"": {""area_change_fraction"": 0.0, ""area_km2_after"": 586.513407, ""area_km2_before"": 586.513407, ""features_before"": 6277, ""parts_after"": 6278}}",PILOT_LABEL_ADAPTER_V1,spartina.data.gee.grid.covering_grid on densified cell UTM bounds (identical to the Phase D EO export grid),UNKNOWN_GRIDCODE_ZERO_TODO_VERIFY
CNA10K-R00331-C00150,cmssm-2020,CM-SSM,2020,10,32651,51,1177,1149,1000210,0.0,0.0,0,0,0,1352373,1352373,,,0,0,0,0,0.0,work/national/pilot19/labels/R00331-C00150/CM-SSM_2020_10m.tif,842d285fa7a99cc35129abc50138f00573d8a791b7ea128762278b2059a1279a,"{"".dbf"": ""8a74dcd9f1039c06fcf7a3a1102a0e8568ad600c6f1f1ef25af885ea07aced4a"", "".prj"": ""0cb13e6fc96091963305c3afcbb024fb464f80e014bf154433c6c5b343fdc1ef"", "".shp"": ""8f28c0f20f1dc8c5872a06db57621808dc737d602f8521387075dc39302cea54"", "".shx"": ""ce7c01f77f946647f426da4da9198b15250ffef050bc60c2861bd070dcbc42f2""}","{""n_features"": 148072, ""native_crs_epsg"": 32650, ""positive"": {""area_change_fraction"": 0.0, ""area_km2_after"": 593.70985, ""area_km2_before"": 593.70985, ""features_before"": 148072, ""parts_after"": 148072}}",PILOT_LABEL_ADAPTER_V1,spartina.data.gee.grid.covering_grid on densified cell UTM bounds (identical to the Phase D EO export grid),UNKNOWN_GRIDCODE_ZERO_TODO_VERIFY
CNA10K-R00331-C00150,cmssm-2020,CM-SSM,2020,30,32651,51,393,384,111127,0.0,0.0,0,0,0,150912,150912,,,0,0,0,0,0.0,work/national/pilot19/labels/R00331-C00150/CM-SSM_2020_30m.tif,f59a127ef859eca1de267bbc915a64441ac38b92f6f73f70a4d51cb1f2b9595b,"{"".dbf"": ""8a74dcd9f1039c06fcf7a3a1102a0e8568ad600c6f1f1ef25af885ea07aced4a"", "".prj"": ""0cb13e6fc96091963305c3afcbb024fb464f80e014bf154433c6c5b343fdc1ef"", "".shp"": ""8f28c0f20f1dc8c5872a06db57621808dc737d602f8521387075dc39302cea54"", "".shx"": ""ce7c01f77f946647f426da4da9198b15250ffef050bc60c2861bd070dcbc42f2""}","{""n_features"": 148072, ""native_crs_epsg"": 32650, ""positive"": {""area_change_fraction"": 0.0, ""area_km2_after"": 593.70985, ""area_km2_before"": 593.70985, ""features_before"": 148072, ""parts_after"": 148072}}",PILOT_LABEL_ADAPTER_V1,spartina.data.gee.grid.covering_grid on densified cell UTM bounds (identical to the Phase D EO export grid),UNKNOWN_GRIDCODE_ZERO_TODO_VERIFY
CNA10K-R00347-C00151,geodata-1990,GEODATA,1990,30,32651,51,394,383,111098,0.0,0.0,0,0,150899,3,150902,True,"[450, 451]",,,,,,work/national/pilot19/labels/R00347-C00151/GEODATA_1990_30m.tif,39189edf5af3472c425dd6dec5cdac94ccd16dbf55daf3159be755138d970bbc,"{"".tif"": ""d88fc80ebed0e32f3550194d730293259ee8612f3f630915d4423a9edaccc6b4""}",,PILOT_LABEL_ADAPTER_V1,spartina.data.gee.grid.covering_grid on densified cell UTM bounds (identical to the Phase D EO export grid),
CNA10K-R00347-C00151,geodata-2000,GEODATA,2000,30,32651,51,394,383,111098,0.0,0.0,0,0,150897,5,150902,True,"[450, 451]",,,,,,work/national/pilot19/labels/R00347-C00151/GEODATA_2000_30m.tif,65bb86bc236eca42446752948e45bac1e23fa77f2e2a9143819fb34327f9b8b0,"{"".tif"": ""0556a63a1cd0c101ef267dfeced390fbf0430fb9472d95f8d03b32535be990b1""}",,PILOT_LABEL_ADAPTER_V1,spartina.data.gee.grid.covering_grid on densified cell UTM bounds (identical to the Phase D EO export grid),
CNA10K-R00347-C00151,geodata-2015,GEODATA,2015,30,32651,51,394,383,111098,0.0,0.0,0,0,150891,11,150902,True,"[414, 404]",,,,,,work/national/pilot19/labels/R00347-C00151/GEODATA_2015_30m.tif,832a51c70a56bc5b7685c36a7cb9fb399f7fe4daefa17daebca2900abfd1007c,"{"".tif"": ""39a2d5352de8cb558f11df64c348574e9e2abf06446c3dc89035cdb3bb9c521d""}",,PILOT_LABEL_ADAPTER_V1,spartina.data.gee.grid.covering_grid on densified cell UTM bounds (identical to the Phase D EO export grid),
CNA10K-R00347-C00151,geodata-2020,GEODATA,2020,30,32651,51,394,383,111098,0.0,0.0,0,0,150900,2,150902,True,"[450, 451]",,,,,,work/national/pilot19/labels/R00347-C00151/GEODATA_2020_30m.tif,c933c24d70d3197666ed5f6aa3b63a6ba5354fa19e269fa1087c634cae19d3ca,"{"".tif"": ""2cd169261383bef26aadb6abf8a730f14d7a847801f996757dc91c5b3f3d0937""}",,PILOT_LABEL_ADAPTER_V1,spartina.data.gee.grid.covering_grid on densified cell UTM bounds (identical to the Phase D EO export grid),
CNA10K-R00347-C00151,cmsa-2017,CMSA,2017,30,32651,51,394,383,111098,0.0,0.0,0,0,0,150902,150902,,,0,0,0,0,0.0,work/national/pilot19/labels/R00347-C00151/CMSA_2017_30m.tif,e3bdbd0540b8d4226e694131d4d6edc171625b2c0e6dbf47593daf0cbab80dca,"{"".dbf"": ""b5eb1c661831bd2bc226b8c432a1be3c3ebf2f7122f2c13ed5cc95a4108299ca"", "".prj"": ""99a5a32f41f7df7e52e869dca1b2df8b2009ba20c28dbf95e61dc9c891dffd38"", "".shp"": ""3f5ff0b7538bf9f5165127b8d3fb0fdc77dfc2f6a8a26c7684a6cfb2e9f8a29d"", "".shx"": ""10b18253cd4810c10a85d82bbb57f7efaecfe29f7b75e42171407422bca084e7""}","{""gridcode0"": {""area_change_fraction"": 0.0, ""area_km2_after"": 0.894911, ""area_km2_before"": 0.894911, ""features_before"": 49, ""parts_after"": 52}, ""gridcodes_present"": [0, 2], ""n_features"": 5341, ""native_crs_epsg"": 32650, ""positive"": {""area_change_fraction"": 0.0, ""area_km2_after"": 494.693541, ""area_km2_before"": 494.693541, ""features_before"": 5292, ""parts_after"": 5292}}",PILOT_LABEL_ADAPTER_V1,spartina.data.gee.grid.covering_grid on densified cell UTM bounds (identical to the Phase D EO export grid),UNKNOWN_GRIDCODE_ZERO_TODO_VERIFY
CNA10K-R00347-C00151,cmsa-2018,CMSA,2018,30,32651,51,394,383,111098,0.0,0.0,0,0,0,150902,150902,,,0,0,0,0,0.0,work/national/pilot19/labels/R00347-C00151/CMSA_2018_30m.tif,bccd4eb310401207c6690c3d39c3e9a659935ba785776396590e9cc58ce91f85,"{"".dbf"": ""95eb2ced9015302892ebf371126b08ec1a64bcdd3875af0e6b2d7639e19d16a2"", "".prj"": ""99a5a32f41f7df7e52e869dca1b2df8b2009ba20c28dbf95e61dc9c891dffd38"", "".shp"": ""d03efad274d571b6b1d3d302aff783995405958313219fd5ffb02723f0ed566d"", "".shx"": ""f2a8d73ef6e99e5432c2012736d1c621c5fee809214c846fc628c45bc2a64578""}","{""gridcode0"": {""area_change_fraction"": 0.0, ""area_km2_after"": 2.563579, ""area_km2_before"": 2.563579, ""features_before"": 53, ""parts_after"": 54}, ""gridcodes_present"": [0, 2], ""n_features"": 5985, ""native_crs_epsg"": 32650, ""positive"": {""area_change_fraction"": 0.0, ""area_km2_after"": 504.310018, ""area_km2_before"": 504.310018, ""features_before"": 5932, ""parts_after"": 5933}}",PILOT_LABEL_ADAPTER_V1,spartina.data.gee.grid.covering_grid on densified cell UTM bounds (identical to the Phase D EO export grid),UNKNOWN_GRIDCODE_ZERO_TODO_VERIFY
CNA10K-R00347-C00151,cmsa-2019,CMSA,2019,30,32651,51,394,383,111098,0.0,0.0,0,0,0,150902,150902,,,0,0,0,0,0.0,work/national/pilot19/labels/R00347-C00151/CMSA_2019_30m.tif,44b40de764099b58e786e150e38f8383c6fb70fe5e10c48c35bfee4a14755211,"{"".dbf"": ""4f0005c970ee271360300429debf95a9aa62cb6f49e2664007e09fc961f94697"", "".prj"": ""99a5a32f41f7df7e52e869dca1b2df8b2009ba20c28dbf95e61dc9c891dffd38"", "".shp"": ""9cd003f21b59a3bd6eace0e51e9f0b8f2be3ca1d78803b2644e857f5f70f6a55"", "".shx"": ""41f971eacff13a85b2043eeebaaadd738949295fe4748de519dafe4d016c6aa9""}","{""gridcode0"": {""area_change_fraction"": 0.0, ""area_km2_after"": 6.963184, ""area_km2_before"": 6.963184, ""features_before"": 62, ""parts_after"": 65}, ""gridcodes_present"": [0, 2], ""n_features"": 6097, ""native_crs_epsg"": 32650, ""positive"": {""area_change_fraction"": 0.0, ""area_km2_after"": 532.991018, ""area_km2_before"": 532.991018, ""features_before"": 6035, ""parts_after"": 6035}}",PILOT_LABEL_ADAPTER_V1,spartina.data.gee.grid.covering_grid on densified cell UTM bounds (identical to the Phase D EO export grid),UNKNOWN_GRIDCODE_ZERO_TODO_VERIFY
CNA10K-R00347-C00151,cmsa-2020,CMSA,2020,30,32651,51,394,383,111098,0.0,0.0,0,0,0,150902,150902,,,0,0,0,0,0.0,work/national/pilot19/labels/R00347-C00151/CMSA_2020_30m.tif,cd5542e03c37844655fe07d6f8bb867d853e206ed4a34743b9550c33cad97907,"{"".dbf"": ""43d64aa98146bfcfaf0c873a2a369b55d860425ebcb0f3bf0b784d43719d2847"", "".prj"": ""99a5a32f41f7df7e52e869dca1b2df8b2009ba20c28dbf95e61dc9c891dffd38"", "".shp"": ""652af93b064d9698ae05ecdd16158e62c65254342d1ac51f82998d3f2e724044"", "".shx"": ""0b38a4df4d3a0bcec7a66cde095cdb825cee0bc80e0e573a13ca83ad8bbf021b""}","{""gridcode0"": {""area_change_fraction"": 0.0, ""area_km2_after"": 2.797072, ""area_km2_before"": 2.797072, ""features_before"": 50, ""parts_after"": 52}, ""gridcodes_present"": [0, 2], ""n_features"": 8914, ""native_crs_epsg"": 32650, ""positive"": {""area_change_fraction"": 0.0, ""area_km2_after"": 571.3516, ""area_km2_before"": 571.3516, ""features_before"": 8864, ""parts_after"": 8870}}",PILOT_LABEL_ADAPTER_V1,spartina.data.gee.grid.covering_grid on densified cell UTM bounds (identical to the Phase D EO export grid),UNKNOWN_GRIDCODE_ZERO_TODO_VERIFY
CNA10K-R00347-C00151,cmsa-2021,CMSA,2021,30,32651,51,394,383,111098,0.0,0.0,0,0,0,150902,150902,,,0,0,0,0,0.0,work/national/pilot19/labels/R00347-C00151/CMSA_2021_30m.tif,37974ee98a1770dfe8bc4093fd900efc68ec9a112b0220af5ee52de4209cfff2,"{"".dbf"": ""f99ffb3269865c370311b9bfe0d92120d8afd855d5ca748c64084c644b9f514c"", "".prj"": ""99a5a32f41f7df7e52e869dca1b2df8b2009ba20c28dbf95e61dc9c891dffd38"", "".shp"": ""835280e43976f69f9e88488ae9e1e91e43bd175afae294c76724e0d88a4c4d8d"", "".shx"": ""a732195701748d012c3279a28e0abff346495d8db3c16bc61bcdaa5a1ff99521""}","{""gridcode0"": {""area_change_fraction"": 0.0, ""area_km2_after"": 0.112222, ""area_km2_before"": 0.112222, ""features_before"": 18, ""parts_after"": 18}, ""gridcodes_present"": [0, 2], ""n_features"": 6295, ""native_crs_epsg"": 32650, ""positive"": {""area_change_fraction"": 0.0, ""area_km2_after"": 586.513407, ""area_km2_before"": 586.513407, ""features_before"": 6277, ""parts_after"": 6278}}",PILOT_LABEL_ADAPTER_V1,spartina.data.gee.grid.covering_grid on densified cell UTM bounds (identical to the Phase D EO export grid),UNKNOWN_GRIDCODE_ZERO_TODO_VERIFY
CNA10K-R00347-C00151,cmssm-2020,CM-SSM,2020,10,32651,51,1180,1147,999865,1.2990648401555653,1.1175474876223572,12398,1314,0,1339748,1353460,,,20,0,13712,0,1.0,work/national/pilot19/labels/R00347-C00151/CM-SSM_2020_10m.tif,f67afc42b3085e7cf4448b00ebe88824bc80e13a3175a8ffc57798faabf50f25,"{"".dbf"": ""8a74dcd9f1039c06fcf7a3a1102a0e8568ad600c6f1f1ef25af885ea07aced4a"", "".prj"": ""0cb13e6fc96091963305c3afcbb024fb464f80e014bf154433c6c5b343fdc1ef"", "".shp"": ""8f28c0f20f1dc8c5872a06db57621808dc737d602f8521387075dc39302cea54"", "".shx"": ""ce7c01f77f946647f426da4da9198b15250ffef050bc60c2861bd070dcbc42f2""}","{""n_features"": 148072, ""native_crs_epsg"": 32650, ""positive"": {""area_change_fraction"": 0.0, ""area_km2_after"": 593.70985, ""area_km2_before"": 593.70985, ""features_before"": 148072, ""parts_after"": 148072}}",PILOT_LABEL_ADAPTER_V1,spartina.data.gee.grid.covering_grid on densified cell UTM bounds (identical to the Phase D EO export grid),UNKNOWN_GRIDCODE_ZERO_TODO_VERIFY
CNA10K-R00347-C00151,cmssm-2020,CM-SSM,2020,30,32651,51,394,383,111098,1.2990648404602705,1.11669800404548,1279,304,0,149319,150902,,,20,0,1583,0,1.0,work/national/pilot19/labels/R00347-C00151/CM-SSM_2020_30m.tif,bfe3bf2a59220acff8ecbd20a5f2e477474c3e659852848dc4f631bd756d5584,"{"".dbf"": ""8a74dcd9f1039c06fcf7a3a1102a0e8568ad600c6f1f1ef25af885ea07aced4a"", "".prj"": ""0cb13e6fc96091963305c3afcbb024fb464f80e014bf154433c6c5b343fdc1ef"", "".shp"": ""8f28c0f20f1dc8c5872a06db57621808dc737d602f8521387075dc39302cea54"", "".shx"": ""ce7c01f77f946647f426da4da9198b15250ffef050bc60c2861bd070dcbc42f2""}","{""n_features"": 148072, ""native_crs_epsg"": 32650, ""positive"": {""area_change_fraction"": 0.0, ""area_km2_after"": 593.70985, ""area_km2_before"": 593.70985, ""features_before"": 148072, ""parts_after"": 148072}}",PILOT_LABEL_ADAPTER_V1,spartina.data.gee.grid.covering_grid on densified cell UTM bounds (identical to the Phase D EO export grid),UNKNOWN_GRIDCODE_ZERO_TODO_VERIFY
CNA10K-R00236-C00083,geodata-1990,GEODATA,1990,30,32649,49,353,359,111144,0.0,0.0,0,0,126721,6,126727,True,"[378, 378]",,,,,,work/national/pilot19/labels/R00236-C00083/GEODATA_1990_30m.tif,291cc3b60513cef55965daaa82c2583979ae7148ac508e31ac1d626dced4da6d,"{"".tif"": ""d88fc80ebed0e32f3550194d730293259ee8612f3f630915d4423a9edaccc6b4""}",,PILOT_LABEL_ADAPTER_V1,spartina.data.gee.grid.covering_grid on densified cell UTM bounds (identical to the Phase D EO export grid),
CNA10K-R00236-C00083,geodata-2000,GEODATA,2000,30,32649,49,353,359,111144,0.0,0.0,0,0,126700,27,126727,True,"[378, 378]",,,,,,work/national/pilot19/labels/R00236-C00083/GEODATA_2000_30m.tif,d9907181f785abc2c9a7c60c62ef964aa8cd1f70064427b7a4782edaf19c4636,"{"".tif"": ""0556a63a1cd0c101ef267dfeced390fbf0430fb9472d95f8d03b32535be990b1""}",,PILOT_LABEL_ADAPTER_V1,spartina.data.gee.grid.covering_grid on densified cell UTM bounds (identical to the Phase D EO export grid),
CNA10K-R00236-C00083,geodata-2015,GEODATA,2015,30,32649,49,353,359,111144,0.0,0.0,0,0,126709,18,126727,True,"[367, 372]",,,,,,work/national/pilot19/labels/R00236-C00083/GEODATA_2015_30m.tif,637a950ffad0177cbb31eefa597e5213bb7398e95a0cb81af507e72de56e8557,"{"".tif"": ""39a2d5352de8cb558f11df64c348574e9e2abf06446c3dc89035cdb3bb9c521d""}",,PILOT_LABEL_ADAPTER_V1,spartina.data.gee.grid.covering_grid on densified cell UTM bounds (identical to the Phase D EO export grid),
CNA10K-R00236-C00083,geodata-2020,GEODATA,2020,30,32649,49,353,359,111144,0.0,0.0,0,0,126717,10,126727,True,"[378, 378]",,,,,,work/national/pilot19/labels/R00236-C00083/GEODATA_2020_30m.tif,9fb0818df61492138e3f45a8120bcb2269e00cbdacbe5e506d6bfe8044fe1216,"{"".tif"": ""2cd169261383bef26aadb6abf8a730f14d7a847801f996757dc91c5b3f3d0937""}",,PILOT_LABEL_ADAPTER_V1,spartina.data.gee.grid.covering_grid on densified cell UTM bounds (identical to the Phase D EO export grid),
CNA10K-R00236-C00083,cmsa-2017,CMSA,2017,30,32649,49,353,359,111144,0.19979661360372064,0.19979661360372064,150,193,0,126384,126727,,,8,0,343,0,1.0,work/national/pilot19/labels/R00236-C00083/CMSA_2017_30m.tif,dd6aa682dab86404ee4c371ee80f4d23cf6d0e037b9f522f2831bb1ed62d11ce,"{"".dbf"": ""b5eb1c661831bd2bc226b8c432a1be3c3ebf2f7122f2c13ed5cc95a4108299ca"", "".prj"": ""99a5a32f41f7df7e52e869dca1b2df8b2009ba20c28dbf95e61dc9c891dffd38"", "".shp"": ""3f5ff0b7538bf9f5165127b8d3fb0fdc77dfc2f6a8a26c7684a6cfb2e9f8a29d"", "".shx"": ""10b18253cd4810c10a85d82bbb57f7efaecfe29f7b75e42171407422bca084e7""}","{""gridcode0"": {""area_change_fraction"": 0.0, ""area_km2_after"": 0.894911, ""area_km2_before"": 0.894911, ""features_before"": 49, ""parts_after"": 52}, ""gridcodes_present"": [0, 2], ""n_features"": 5341, ""native_crs_epsg"": 32650, ""positive"": {""area_change_fraction"": 0.0, ""area_km2_after"": 494.693541, ""area_km2_before"": 494.693541, ""features_before"": 5292, ""parts_after"": 5292}}",PILOT_LABEL_ADAPTER_V1,spartina.data.gee.grid.covering_grid on densified cell UTM bounds (identical to the Phase D EO export grid),UNKNOWN_GRIDCODE_ZERO_TODO_VERIFY
CNA10K-R00236-C00083,cmsa-2018,CMSA,2018,30,32649,49,353,359,111144,0.31983392186279885,0.31983392186279885,241,304,0,126182,126727,,,7,0,545,0,1.0,work/national/pilot19/labels/R00236-C00083/CMSA_2018_30m.tif,03cab5cbc661fc41515adb601679c46391dcfca22addcac8fca6c71b48c8c58f,"{"".dbf"": ""95eb2ced9015302892ebf371126b08ec1a64bcdd3875af0e6b2d7639e19d16a2"", "".prj"": ""99a5a32f41f7df7e52e869dca1b2df8b2009ba20c28dbf95e61dc9c891dffd38"", "".shp"": ""d03efad274d571b6b1d3d302aff783995405958313219fd5ffb02723f0ed566d"", "".shx"": ""f2a8d73ef6e99e5432c2012736d1c621c5fee809214c846fc628c45bc2a64578""}","{""gridcode0"": {""area_change_fraction"": 0.0, ""area_km2_after"": 2.563579, ""area_km2_before"": 2.563579, ""features_before"": 53, ""parts_after"": 54}, ""gridcodes_present"": [0, 2], ""n_features"": 5985, ""native_crs_epsg"": 32650, ""positive"": {""area_change_fraction"": 0.0, ""area_km2_after"": 504.310018, ""area_km2_before"": 504.310018, ""features_before"": 5932, ""parts_after"": 5933}}",PILOT_LABEL_ADAPTER_V1,spartina.data.gee.grid.covering_grid on densified cell UTM bounds (identical to the Phase D EO export grid),UNKNOWN_GRIDCODE_ZERO_TODO_VERIFY
CNA10K-R00236-C00083,cmsa-2019,CMSA,2019,30,32649,49,353,359,111144,0.18733221523593893,0.18543815011214246,116,263,0,126348,126727,,,12,0,379,0,1.0,work/national/pilot19/labels/R00236-C00083/CMSA_2019_30m.tif,6b2315c7477bd14e643b3ee2c108e4e3a736f1121a282143815fe8a41a9c0fc9,"{"".dbf"": ""4f0005c970ee271360300429debf95a9aa62cb6f49e2664007e09fc961f94697"", "".prj"": ""99a5a32f41f7df7e52e869dca1b2df8b2009ba20c28dbf95e61dc9c891dffd38"", "".shp"": ""9cd003f21b59a3bd6eace0e51e9f0b8f2be3ca1d78803b2644e857f5f70f6a55"", "".shx"": ""41f971eacff13a85b2043eeebaaadd738949295fe4748de519dafe4d016c6aa9""}","{""gridcode0"": {""area_change_fraction"": 0.0, ""area_km2_after"": 6.963184, ""area_km2_before"": 6.963184, ""features_before"": 62, ""parts_after"": 65}, ""gridcodes_present"": [0, 2], ""n_features"": 6097, ""native_crs_epsg"": 32650, ""positive"": {""area_change_fraction"": 0.0, ""area_km2_after"": 532.991018, ""area_km2_before"": 532.991018, ""features_before"": 6035, ""parts_after"": 6035}}",PILOT_LABEL_ADAPTER_V1,spartina.data.gee.grid.covering_grid on densified cell UTM bounds (identical to the Phase D EO export grid),UNKNOWN_GRIDCODE_ZERO_TODO_VERIFY
CNA10K-R00236-C00083,cmsa-2020,CMSA,2020,30,32649,49,353,359,111144,0.22043174443074676,0.22043174443074676,149,255,0,126323,126727,,,5,0,404,0,1.0,work/national/pilot19/labels/R00236-C00083/CMSA_2020_30m.tif,2f6aa2a9e03835c488f443ee0b6fdc9eb816ef7baadd40c96e112c640ce05d35,"{"".dbf"": ""43d64aa98146bfcfaf0c873a2a369b55d860425ebcb0f3bf0b784d43719d2847"", "".prj"": ""99a5a32f41f7df7e52e869dca1b2df8b2009ba20c28dbf95e61dc9c891dffd38"", "".shp"": ""652af93b064d9698ae05ecdd16158e62c65254342d1ac51f82998d3f2e724044"", "".shx"": ""0b38a4df4d3a0bcec7a66cde095cdb825cee0bc80e0e573a13ca83ad8bbf021b""}","{""gridcode0"": {""area_change_fraction"": 0.0, ""area_km2_after"": 2.797072, ""area_km2_before"": 2.797072, ""features_before"": 50, ""parts_after"": 52}, ""gridcodes_present"": [0, 2], ""n_features"": 8914, ""native_crs_epsg"": 32650, ""positive"": {""area_change_fraction"": 0.0, ""area_km2_after"": 571.3516, ""area_km2_before"": 571.3516, ""features_before"": 8864, ""parts_after"": 8870}}",PILOT_LABEL_ADAPTER_V1,spartina.data.gee.grid.covering_grid on densified cell UTM bounds (identical to the Phase D EO export grid),UNKNOWN_GRIDCODE_ZERO_TODO_VERIFY
CNA10K-R00236-C00083,cmsa-2021,CMSA,2021,30,32649,49,353,359,111144,0.17347474597713225,0.17347474597713225,115,216,0,126396,126727,,,6,0,331,0,1.0,work/national/pilot19/labels/R00236-C00083/CMSA_2021_30m.tif,d9de78c7bb11caffbd410ac8f0e13a2c272e37004b168bd6a4840e505037e947,"{"".dbf"": ""f99ffb3269865c370311b9bfe0d92120d8afd855d5ca748c64084c644b9f514c"", "".prj"": ""99a5a32f41f7df7e52e869dca1b2df8b2009ba20c28dbf95e61dc9c891dffd38"", "".shp"": ""835280e43976f69f9e88488ae9e1e91e43bd175afae294c76724e0d88a4c4d8d"", "".shx"": ""a732195701748d012c3279a28e0abff346495d8db3c16bc61bcdaa5a1ff99521""}","{""gridcode0"": {""area_change_fraction"": 0.0, ""area_km2_after"": 0.112222, ""area_km2_before"": 0.112222, ""features_before"": 18, ""parts_after"": 18}, ""gridcodes_present"": [0, 2], ""n_features"": 6295, ""native_crs_epsg"": 32650, ""positive"": {""area_change_fraction"": 0.0, ""area_km2_after"": 586.513407, ""area_km2_before"": 586.513407, ""features_before"": 6277, ""parts_after"": 6278}}",PILOT_LABEL_ADAPTER_V1,spartina.data.gee.grid.covering_grid on densified cell UTM bounds (identical to the Phase D EO export grid),UNKNOWN_GRIDCODE_ZERO_TODO_VERIFY
CNA10K-R00236-C00083,cmssm-2020,CM-SSM,2020,10,32649,49,1057,1075,1000301,0.09042072133146785,0.09042072133146785,631,708,0,1134936,1136275,,,29,0,1340,0,1.0,work/national/pilot19/labels/R00236-C00083/CM-SSM_2020_10m.tif,066e7f75dade46e88b30319754f934b7fa9096303e25e8f936295930b08b0c05,"{"".dbf"": ""8a74dcd9f1039c06fcf7a3a1102a0e8568ad600c6f1f1ef25af885ea07aced4a"", "".prj"": ""0cb13e6fc96091963305c3afcbb024fb464f80e014bf154433c6c5b343fdc1ef"", "".shp"": ""8f28c0f20f1dc8c5872a06db57621808dc737d602f8521387075dc39302cea54"", "".shx"": ""ce7c01f77f946647f426da4da9198b15250ffef050bc60c2861bd070dcbc42f2""}","{""n_features"": 148072, ""native_crs_epsg"": 32650, ""positive"": {""area_change_fraction"": 0.0, ""area_km2_after"": 593.70985, ""area_km2_before"": 593.70985, ""features_before"": 148072, ""parts_after"": 148072}}",PILOT_LABEL_ADAPTER_V1,spartina.data.gee.grid.covering_grid on densified cell UTM bounds (identical to the Phase D EO export grid),UNKNOWN_GRIDCODE_ZERO_TODO_VERIFY
CNA10K-R00236-C00083,cmssm-2020,CM-SSM,2020,30,32649,49,353,359,111144,0.09042072133022425,0.09042072133022425,34,190,0,126503,126727,,,29,0,224,0,1.0,work/national/pilot19/labels/R00236-C00083/CM-SSM_2020_30m.tif,d13841deb445a49b2339e130ea731b861e6e82fe195d86d9e07a066284c112d5,"{"".dbf"": ""8a74dcd9f1039c06fcf7a3a1102a0e8568ad600c6f1f1ef25af885ea07aced4a"", "".prj"": ""0cb13e6fc96091963305c3afcbb024fb464f80e014bf154433c6c5b343fdc1ef"", "".shp"": ""8f28c0f20f1dc8c5872a06db57621808dc737d602f8521387075dc39302cea54"", "".shx"": ""ce7c01f77f946647f426da4da9198b15250ffef050bc60c2861bd070dcbc42f2""}","{""n_features"": 148072, ""native_crs_epsg"": 32650, ""positive"": {""area_change_fraction"": 0.0, ""area_km2_after"": 593.70985, ""area_km2_before"": 593.70985, ""features_before"": 148072, ""parts_after"": 148072}}",PILOT_LABEL_ADAPTER_V1,spartina.data.gee.grid.covering_grid on densified cell UTM bounds (identical to the Phase D EO export grid),UNKNOWN_GRIDCODE_ZERO_TODO_VERIFY
CNA10K-R00346-C00154,geodata-1990,GEODATA,1990,30,32651,51,394,383,111074,0.0,0.0,0,0,150892,10,150902,True,"[450, 451]",,,,,,work/national/pilot19/labels/R00346-C00154/GEODATA_1990_30m.tif,687d011897a24e0ab34e9b5b8eaf660f1861627d6fc8680826477884facc5065,"{"".tif"": ""d88fc80ebed0e32f3550194d730293259ee8612f3f630915d4423a9edaccc6b4""}",,PILOT_LABEL_ADAPTER_V1,spartina.data.gee.grid.covering_grid on densified cell UTM bounds (identical to the Phase D EO export grid),
CNA10K-R00346-C00154,geodata-2000,GEODATA,2000,30,32651,51,394,383,111074,0.0,0.0,0,0,150895,7,150902,True,"[450, 451]",,,,,,work/national/pilot19/labels/R00346-C00154/GEODATA_2000_30m.tif,c21dfdc897f5e6b38d6cb89be32c1d587045078dfe260b72dceadc16583f0058,"{"".tif"": ""0556a63a1cd0c101ef267dfeced390fbf0430fb9472d95f8d03b32535be990b1""}",,PILOT_LABEL_ADAPTER_V1,spartina.data.gee.grid.covering_grid on densified cell UTM bounds (identical to the Phase D EO export grid),
CNA10K-R00346-C00154,geodata-2015,GEODATA,2015,30,32651,51,394,383,111074,0.0,0.0,0,0,150889,13,150902,True,"[414, 404]",,,,,,work/national/pilot19/labels/R00346-C00154/GEODATA_2015_30m.tif,bc90c4992c2458eb366b7583673a81f9fd70a5b0ff6f2db80d45313c43e3a86d,"{"".tif"": ""39a2d5352de8cb558f11df64c348574e9e2abf06446c3dc89035cdb3bb9c521d""}",,PILOT_LABEL_ADAPTER_V1,spartina.data.gee.grid.covering_grid on densified cell UTM bounds (identical to the Phase D EO export grid),
CNA10K-R00346-C00154,geodata-2020,GEODATA,2020,30,32651,51,394,383,111074,0.0,0.0,0,0,150896,6,150902,True,"[450, 451]",,,,,,work/national/pilot19/labels/R00346-C00154/GEODATA_2020_30m.tif,4e83ae6d30370ddea283483cb559c6c31ee7e849bbddf9c1db477cee24fbe0f7,"{"".tif"": ""2cd169261383bef26aadb6abf8a730f14d7a847801f996757dc91c5b3f3d0937""}",,PILOT_LABEL_ADAPTER_V1,spartina.data.gee.grid.covering_grid on densified cell UTM bounds (identical to the Phase D EO export grid),
CNA10K-R00346-C00154,cmsa-2017,CMSA,2017,30,32651,51,394,383,111074,0.0,0.0,0,0,0,150902,150902,,,0,0,0,0,0.0,work/national/pilot19/labels/R00346-C00154/CMSA_2017_30m.tif,d08a044711e8334cafd39f52821b031f6c7906b88e14c64e79b43e1d71d4d64c,"{"".dbf"": ""b5eb1c661831bd2bc226b8c432a1be3c3ebf2f7122f2c13ed5cc95a4108299ca"", "".prj"": ""99a5a32f41f7df7e52e869dca1b2df8b2009ba20c28dbf95e61dc9c891dffd38"", "".shp"": ""3f5ff0b7538bf9f5165127b8d3fb0fdc77dfc2f6a8a26c7684a6cfb2e9f8a29d"", "".shx"": ""10b18253cd4810c10a85d82bbb57f7efaecfe29f7b75e42171407422bca084e7""}","{""gridcode0"": {""area_change_fraction"": 0.0, ""area_km2_after"": 0.894911, ""area_km2_before"": 0.894911, ""features_before"": 49, ""parts_after"": 52}, ""gridcodes_present"": [0, 2], ""n_features"": 5341, ""native_crs_epsg"": 32650, ""positive"": {""area_change_fraction"": 0.0, ""area_km2_after"": 494.693541, ""area_km2_before"": 494.693541, ""features_before"": 5292, ""parts_after"": 5292}}",PILOT_LABEL_ADAPTER_V1,spartina.data.gee.grid.covering_grid on densified cell UTM bounds (identical to the Phase D EO export grid),UNKNOWN_GRIDCODE_ZERO_TODO_VERIFY
CNA10K-R00346-C00154,cmsa-2018,CMSA,2018,30,32651,51,394,383,111074,0.0,0.0,0,0,0,150902,150902,,,0,0,0,0,0.0,work/national/pilot19/labels/R00346-C00154/CMSA_2018_30m.tif,52d193767ee768a532f44b46c94149780c9c5757a4c647fe1cf63d7520ac852d,"{"".dbf"": ""95eb2ced9015302892ebf371126b08ec1a64bcdd3875af0e6b2d7639e19d16a2"", "".prj"": ""99a5a32f41f7df7e52e869dca1b2df8b2009ba20c28dbf95e61dc9c891dffd38"", "".shp"": ""d03efad274d571b6b1d3d302aff783995405958313219fd5ffb02723f0ed566d"", "".shx"": ""f2a8d73ef6e99e5432c2012736d1c621c5fee809214c846fc628c45bc2a64578""}","{""gridcode0"": {""area_change_fraction"": 0.0, ""area_km2_after"": 2.563579, ""area_km2_before"": 2.563579, ""features_before"": 53, ""parts_after"": 54}, ""gridcodes_present"": [0, 2], ""n_features"": 5985, ""native_crs_epsg"": 32650, ""positive"": {""area_change_fraction"": 0.0, ""area_km2_after"": 504.310018, ""area_km2_before"": 504.310018, ""features_before"": 5932, ""parts_after"": 5933}}",PILOT_LABEL_ADAPTER_V1,spartina.data.gee.grid.covering_grid on densified cell UTM bounds (identical to the Phase D EO export grid),UNKNOWN_GRIDCODE_ZERO_TODO_VERIFY
CNA10K-R00346-C00154,cmsa-2019,CMSA,2019,30,32651,51,394,383,111074,0.0,0.0,0,0,0,150902,150902,,,0,0,0,0,0.0,work/national/pilot19/labels/R00346-C00154/CMSA_2019_30m.tif,f2ef6e8a055b67b7e13d8d6de52ebb53b7015793da589704dee4b8d787bedc2b,"{"".dbf"": ""4f0005c970ee271360300429debf95a9aa62cb6f49e2664007e09fc961f94697"", "".prj"": ""99a5a32f41f7df7e52e869dca1b2df8b2009ba20c28dbf95e61dc9c891dffd38"", "".shp"": ""9cd003f21b59a3bd6eace0e51e9f0b8f2be3ca1d78803b2644e857f5f70f6a55"", "".shx"": ""41f971eacff13a85b2043eeebaaadd738949295fe4748de519dafe4d016c6aa9""}","{""gridcode0"": {""area_change_fraction"": 0.0, ""area_km2_after"": 6.963184, ""area_km2_before"": 6.963184, ""features_before"": 62, ""parts_after"": 65}, ""gridcodes_present"": [0, 2], ""n_features"": 6097, ""native_crs_epsg"": 32650, ""positive"": {""area_change_fraction"": 0.0, ""area_km2_after"": 532.991018, ""area_km2_before"": 532.991018, ""features_before"": 6035, ""parts_after"": 6035}}",PILOT_LABEL_ADAPTER_V1,spartina.data.gee.grid.covering_grid on densified cell UTM bounds (identical to the Phase D EO export grid),UNKNOWN_GRIDCODE_ZERO_TODO_VERIFY
CNA10K-R00346-C00154,cmsa-2020,CMSA,2020,30,32651,51,394,383,111074,0.0,0.0,0,0,0,150902,150902,,,0,0,0,0,0.0,work/national/pilot19/labels/R00346-C00154/CMSA_2020_30m.tif,e87939e0148f8d370fcb0c411e6db97b9334830844a487189c34a4068540353a,"{"".dbf"": ""43d64aa98146bfcfaf0c873a2a369b55d860425ebcb0f3bf0b784d43719d2847"", "".prj"": ""99a5a32f41f7df7e52e869dca1b2df8b2009ba20c28dbf95e61dc9c891dffd38"", "".shp"": ""652af93b064d9698ae05ecdd16158e62c65254342d1ac51f82998d3f2e724044"", "".shx"": ""0b38a4df4d3a0bcec7a66cde095cdb825cee0bc80e0e573a13ca83ad8bbf021b""}","{""gridcode0"": {""area_change_fraction"": 0.0, ""area_km2_after"": 2.797072, ""area_km2_before"": 2.797072, ""features_before"": 50, ""parts_after"": 52}, ""gridcodes_present"": [0, 2], ""n_features"": 8914, ""native_crs_epsg"": 32650, ""positive"": {""area_change_fraction"": 0.0, ""area_km2_after"": 571.3516, ""area_km2_before"": 571.3516, ""features_before"": 8864, ""parts_after"": 8870}}",PILOT_LABEL_ADAPTER_V1,spartina.data.gee.grid.covering_grid on densified cell UTM bounds (identical to the Phase D EO export grid),UNKNOWN_GRIDCODE_ZERO_TODO_VERIFY
CNA10K-R00346-C00154,cmsa-2021,CMSA,2021,30,32651,51,394,383,111074,0.0,0.0,0,0,0,150902,150902,,,0,0,0,0,0.0,work/national/pilot19/labels/R00346-C00154/CMSA_2021_30m.tif,6ccae316f2aaa223acc14d7e2e88e599f10b726283fb037810989dee385b167b,"{"".dbf"": ""f99ffb3269865c370311b9bfe0d92120d8afd855d5ca748c64084c644b9f514c"", "".prj"": ""99a5a32f41f7df7e52e869dca1b2df8b2009ba20c28dbf95e61dc9c891dffd38"", "".shp"": ""835280e43976f69f9e88488ae9e1e91e43bd175afae294c76724e0d88a4c4d8d"", "".shx"": ""a732195701748d012c3279a28e0abff346495d8db3c16bc61bcdaa5a1ff99521""}","{""gridcode0"": {""area_change_fraction"": 0.0, ""area_km2_after"": 0.112222, ""area_km2_before"": 0.112222, ""features_before"": 18, ""parts_after"": 18}, ""gridcodes_present"": [0, 2], ""n_features"": 6295, ""native_crs_epsg"": 32650, ""positive"": {""area_change_fraction"": 0.0, ""area_km2_after"": 586.513407, ""area_km2_before"": 586.513407, ""features_before"": 6277, ""parts_after"": 6278}}",PILOT_LABEL_ADAPTER_V1,spartina.data.gee.grid.covering_grid on densified cell UTM bounds (identical to the Phase D EO export grid),UNKNOWN_GRIDCODE_ZERO_TODO_VERIFY
CNA10K-R00346-C00154,cmssm-2020,CM-SSM,2020,10,32651,51,1180,1147,999656,0.3211609371582829,0.012858644506102428,2846,993,0,1349621,1353460,,,16,0,3841,0,1.0,work/national/pilot19/labels/R00346-C00154/CM-SSM_2020_10m.tif,144d407152c62c2ae4abf91d3784faf0eb5df0ce53ed19cea50bc90e3d4ce9e7,"{"".dbf"": ""8a74dcd9f1039c06fcf7a3a1102a0e8568ad600c6f1f1ef25af885ea07aced4a"", "".prj"": ""0cb13e6fc96091963305c3afcbb024fb464f80e014bf154433c6c5b343fdc1ef"", "".shp"": ""8f28c0f20f1dc8c5872a06db57621808dc737d602f8521387075dc39302cea54"", "".shx"": ""ce7c01f77f946647f426da4da9198b15250ffef050bc60c2861bd070dcbc42f2""}","{""n_features"": 148072, ""native_crs_epsg"": 32650, ""positive"": {""area_change_fraction"": 0.0, ""area_km2_after"": 593.70985, ""area_km2_before"": 593.70985, ""features_before"": 148072, ""parts_after"": 148072}}",PILOT_LABEL_ADAPTER_V1,spartina.data.gee.grid.covering_grid on densified cell UTM bounds (identical to the Phase D EO export grid),UNKNOWN_GRIDCODE_ZERO_TODO_VERIFY
CNA10K-R00346-C00154,cmssm-2020,CM-SSM,2020,30,32651,51,394,383,111074,0.3241263837372905,0.012645206417085136,259,285,0,150358,150902,,,16,0,544,0,1.0,work/national/pilot19/labels/R00346-C00154/CM-SSM_2020_30m.tif,3e58ff255380302cc99c0b3ad3a21838fcd1bf6181a5fb29ca5b45f6dab26371,"{"".dbf"": ""8a74dcd9f1039c06fcf7a3a1102a0e8568ad600c6f1f1ef25af885ea07aced4a"", "".prj"": ""0cb13e6fc96091963305c3afcbb024fb464f80e014bf154433c6c5b343fdc1ef"", "".shp"": ""8f28c0f20f1dc8c5872a06db57621808dc737d602f8521387075dc39302cea54"", "".shx"": ""ce7c01f77f946647f426da4da9198b15250ffef050bc60c2861bd070dcbc42f2""}","{""n_features"": 148072, ""native_crs_epsg"": 32650, ""positive"": {""area_change_fraction"": 0.0, ""area_km2_after"": 593.70985, ""area_km2_before"": 593.70985, ""features_before"": 148072, ""parts_after"": 148072}}",PILOT_LABEL_ADAPTER_V1,spartina.data.gee.grid.covering_grid on densified cell UTM bounds (identical to the Phase D EO export grid),UNKNOWN_GRIDCODE_ZERO_TODO_VERIFY
CNA10K-R00264-C00132,geodata-1990,GEODATA,1990,30,32650,50,372,374,111069,0.5643,0.5643,627,0,138494,7,139128,True,"[415, 415]",,,,,,work/national/pilot19/labels/R00264-C00132/GEODATA_1990_30m.tif,9e55c48db290c4e644d61c1ad7dde438a72a509bd46518c305ac61c7229c0423,"{"".tif"": ""d88fc80ebed0e32f3550194d730293259ee8612f3f630915d4423a9edaccc6b4""}",,PILOT_LABEL_ADAPTER_V1,spartina.data.gee.grid.covering_grid on densified cell UTM bounds (identical to the Phase D EO export grid),
CNA10K-R00264-C00132,geodata-2000,GEODATA,2000,30,32650,50,372,374,111069,0.0063,0.0063,7,0,139114,7,139128,True,"[415, 415]",,,,,,work/national/pilot19/labels/R00264-C00132/GEODATA_2000_30m.tif,07b4f98907606b51263c0df1cf289e1052e03b490ffa0ce5c5cae4d421602d39,"{"".tif"": ""0556a63a1cd0c101ef267dfeced390fbf0430fb9472d95f8d03b32535be990b1""}",,PILOT_LABEL_ADAPTER_V1,spartina.data.gee.grid.covering_grid on densified cell UTM bounds (identical to the Phase D EO export grid),
CNA10K-R00264-C00132,geodata-2015,GEODATA,2015,30,32650,50,372,374,111069,0.0,0.0,0,0,138012,1116,139128,True,"[371, 372]",,,,,,work/national/pilot19/labels/R00264-C00132/GEODATA_2015_30m.tif,62bea9a00512b9712a831e87cb6c6477eb6d1ab4674d78d367d0b8ac5e189f0a,"{"".tif"": ""39a2d5352de8cb558f11df64c348574e9e2abf06446c3dc89035cdb3bb9c521d""}",,PILOT_LABEL_ADAPTER_V1,spartina.data.gee.grid.covering_grid on densified cell UTM bounds (identical to the Phase D EO export grid),
CNA10K-R00264-C00132,geodata-2020,GEODATA,2020,30,32650,50,372,374,111069,0.0891,0.0891,99,0,139020,9,139128,True,"[415, 415]",,,,,,work/national/pilot19/labels/R00264-C00132/GEODATA_2020_30m.tif,73b3be0d0fe3afbd137ecc866e65b75ad730cc3a798e0863c06ed7f8e3b93423,"{"".tif"": ""2cd169261383bef26aadb6abf8a730f14d7a847801f996757dc91c5b3f3d0937""}",,PILOT_LABEL_ADAPTER_V1,spartina.data.gee.grid.covering_grid on densified cell UTM bounds (identical to the Phase D EO export grid),
CNA10K-R00264-C00132,cmsa-2017,CMSA,2017,30,32650,50,372,374,111069,0.0,0.0,0,0,0,139128,139128,,,0,0,0,0,0.0,work/national/pilot19/labels/R00264-C00132/CMSA_2017_30m.tif,edf55c93b7c08be3d35bb854cab2b3ecafba19ee8d2935ad5b5aa5261704a3dc,"{"".dbf"": ""b5eb1c661831bd2bc226b8c432a1be3c3ebf2f7122f2c13ed5cc95a4108299ca"", "".prj"": ""99a5a32f41f7df7e52e869dca1b2df8b2009ba20c28dbf95e61dc9c891dffd38"", "".shp"": ""3f5ff0b7538bf9f5165127b8d3fb0fdc77dfc2f6a8a26c7684a6cfb2e9f8a29d"", "".shx"": ""10b18253cd4810c10a85d82bbb57f7efaecfe29f7b75e42171407422bca084e7""}","{""gridcode0"": {""area_change_fraction"": 0.0, ""area_km2_after"": 0.894911, ""area_km2_before"": 0.894911, ""features_before"": 49, ""parts_after"": 52}, ""gridcodes_present"": [0, 2], ""n_features"": 5341, ""native_crs_epsg"": 32650, ""positive"": {""area_change_fraction"": 0.0, ""area_km2_after"": 494.693541, ""area_km2_before"": 494.693541, ""features_before"": 5292, ""parts_after"": 5292}}",PILOT_LABEL_ADAPTER_V1,spartina.data.gee.grid.covering_grid on densified cell UTM bounds (identical to the Phase D EO export grid),UNKNOWN_GRIDCODE_ZERO_TODO_VERIFY
CNA10K-R00264-C00132,cmsa-2018,CMSA,2018,30,32650,50,372,374,111069,0.0,0.0,0,0,0,139128,139128,,,0,0,0,0,0.0,work/national/pilot19/labels/R00264-C00132/CMSA_2018_30m.tif,ebaf51068324d5980d24b2112c9bfb13f2f5fc2cc0359d850557850186338776,"{"".dbf"": ""95eb2ced9015302892ebf371126b08ec1a64bcdd3875af0e6b2d7639e19d16a2"", "".prj"": ""99a5a32f41f7df7e52e869dca1b2df8b2009ba20c28dbf95e61dc9c891dffd38"", "".shp"": ""d03efad274d571b6b1d3d302aff783995405958313219fd5ffb02723f0ed566d"", "".shx"": ""f2a8d73ef6e99e5432c2012736d1c621c5fee809214c846fc628c45bc2a64578""}","{""gridcode0"": {""area_change_fraction"": 0.0, ""area_km2_after"": 2.563579, ""area_km2_before"": 2.563579, ""features_before"": 53, ""parts_after"": 54}, ""gridcodes_present"": [0, 2], ""n_features"": 5985, ""native_crs_epsg"": 32650, ""positive"": {""area_change_fraction"": 0.0, ""area_km2_after"": 504.310018, ""area_km2_before"": 504.310018, ""features_before"": 5932, ""parts_after"": 5933}}",PILOT_LABEL_ADAPTER_V1,spartina.data.gee.grid.covering_grid on densified cell UTM bounds (identical to the Phase D EO export grid),UNKNOWN_GRIDCODE_ZERO_TODO_VERIFY
CNA10K-R00264-C00132,cmsa-2019,CMSA,2019,30,32650,50,372,374,111069,0.0,0.0,0,0,0,139128,139128,,,0,0,0,0,0.0,work/national/pilot19/labels/R00264-C00132/CMSA_2019_30m.tif,c23e6ebde1a26394bb7d19a8a9b683082057b16ec64695b61b0beec73eed2e36,"{"".dbf"": ""4f0005c970ee271360300429debf95a9aa62cb6f49e2664007e09fc961f94697"", "".prj"": ""99a5a32f41f7df7e52e869dca1b2df8b2009ba20c28dbf95e61dc9c891dffd38"", "".shp"": ""9cd003f21b59a3bd6eace0e51e9f0b8f2be3ca1d78803b2644e857f5f70f6a55"", "".shx"": ""41f971eacff13a85b2043eeebaaadd738949295fe4748de519dafe4d016c6aa9""}","{""gridcode0"": {""area_change_fraction"": 0.0, ""area_km2_after"": 6.963184, ""area_km2_before"": 6.963184, ""features_before"": 62, ""parts_after"": 65}, ""gridcodes_present"": [0, 2], ""n_features"": 6097, ""native_crs_epsg"": 32650, ""positive"": {""area_change_fraction"": 0.0, ""area_km2_after"": 532.991018, ""area_km2_before"": 532.991018, ""features_before"": 6035, ""parts_after"": 6035}}",PILOT_LABEL_ADAPTER_V1,spartina.data.gee.grid.covering_grid on densified cell UTM bounds (identical to the Phase D EO export grid),UNKNOWN_GRIDCODE_ZERO_TODO_VERIFY
CNA10K-R00264-C00132,cmsa-2020,CMSA,2020,30,32650,50,372,374,111069,0.0,0.0,0,0,0,139128,139128,,,0,0,0,0,0.0,work/national/pilot19/labels/R00264-C00132/CMSA_2020_30m.tif,29c8b5120c3893b8c913abbc297468d151f50405c592b6e0e1d01be1b1762189,"{"".dbf"": ""43d64aa98146bfcfaf0c873a2a369b55d860425ebcb0f3bf0b784d43719d2847"", "".prj"": ""99a5a32f41f7df7e52e869dca1b2df8b2009ba20c28dbf95e61dc9c891dffd38"", "".shp"": ""652af93b064d9698ae05ecdd16158e62c65254342d1ac51f82998d3f2e724044"", "".shx"": ""0b38a4df4d3a0bcec7a66cde095cdb825cee0bc80e0e573a13ca83ad8bbf021b""}","{""gridcode0"": {""area_change_fraction"": 0.0, ""area_km2_after"": 2.797072, ""area_km2_before"": 2.797072, ""features_before"": 50, ""parts_after"": 52}, ""gridcodes_present"": [0, 2], ""n_features"": 8914, ""native_crs_epsg"": 32650, ""positive"": {""area_change_fraction"": 0.0, ""area_km2_after"": 571.3516, ""area_km2_before"": 571.3516, ""features_before"": 8864, ""parts_after"": 8870}}",PILOT_LABEL_ADAPTER_V1,spartina.data.gee.grid.covering_grid on densified cell UTM bounds (identical to the Phase D EO export grid),UNKNOWN_GRIDCODE_ZERO_TODO_VERIFY
CNA10K-R00264-C00132,cmsa-2021,CMSA,2021,30,32650,50,372,374,111069,0.0,0.0,0,0,0,139128,139128,,,0,0,0,0,0.0,work/national/pilot19/labels/R00264-C00132/CMSA_2021_30m.tif,b4f355d85bd9ce0c4537f0fcde7ac2d82fb902f594fdeb69a2b40138216a3237,"{"".dbf"": ""f99ffb3269865c370311b9bfe0d92120d8afd855d5ca748c64084c644b9f514c"", "".prj"": ""99a5a32f41f7df7e52e869dca1b2df8b2009ba20c28dbf95e61dc9c891dffd38"", "".shp"": ""835280e43976f69f9e88488ae9e1e91e43bd175afae294c76724e0d88a4c4d8d"", "".shx"": ""a732195701748d012c3279a28e0abff346495d8db3c16bc61bcdaa5a1ff99521""}","{""gridcode0"": {""area_change_fraction"": 0.0, ""area_km2_after"": 0.112222, ""area_km2_before"": 0.112222, ""features_before"": 18, ""parts_after"": 18}, ""gridcodes_present"": [0, 2], ""n_features"": 6295, ""native_crs_epsg"": 32650, ""positive"": {""area_change_fraction"": 0.0, ""area_km2_after"": 586.513407, ""area_km2_before"": 586.513407, ""features_before"": 6277, ""parts_after"": 6278}}",PILOT_LABEL_ADAPTER_V1,spartina.data.gee.grid.covering_grid on densified cell UTM bounds (identical to the Phase D EO export grid),UNKNOWN_GRIDCODE_ZERO_TODO_VERIFY
CNA10K-R00264-C00132,cmssm-2020,CM-SSM,2020,10,32650,50,1115,1119,999504,0.0,0.0,0,0,0,1247685,1247685,,,0,0,0,0,0.0,work/national/pilot19/labels/R00264-C00132/CM-SSM_2020_10m.tif,e3d1270f77b0e1df72c23538edbda09e5948bafaf76a4635f9ac20507f7ddc93,"{"".dbf"": ""8a74dcd9f1039c06fcf7a3a1102a0e8568ad600c6f1f1ef25af885ea07aced4a"", "".prj"": ""0cb13e6fc96091963305c3afcbb024fb464f80e014bf154433c6c5b343fdc1ef"", "".shp"": ""8f28c0f20f1dc8c5872a06db57621808dc737d602f8521387075dc39302cea54"", "".shx"": ""ce7c01f77f946647f426da4da9198b15250ffef050bc60c2861bd070dcbc42f2""}","{""n_features"": 148072, ""native_crs_epsg"": 32650, ""positive"": {""area_change_fraction"": 0.0, ""area_km2_after"": 593.70985, ""area_km2_before"": 593.70985, ""features_before"": 148072, ""parts_after"": 148072}}",PILOT_LABEL_ADAPTER_V1,spartina.data.gee.grid.covering_grid on densified cell UTM bounds (identical to the Phase D EO export grid),UNKNOWN_GRIDCODE_ZERO_TODO_VERIFY
CNA10K-R00264-C00132,cmssm-2020,CM-SSM,2020,30,32650,50,372,374,111069,0.0,0.0,0,0,0,139128,139128,,,0,0,0,0,0.0,work/national/pilot19/labels/R00264-C00132/CM-SSM_2020_30m.tif,23064fe08e535381364301fe7642735934e80e8d63f24da8ec47244a9676d77f,"{"".dbf"": ""8a74dcd9f1039c06fcf7a3a1102a0e8568ad600c6f1f1ef25af885ea07aced4a"", "".prj"": ""0cb13e6fc96091963305c3afcbb024fb464f80e014bf154433c6c5b343fdc1ef"", "".shp"": ""8f28c0f20f1dc8c5872a06db57621808dc737d602f8521387075dc39302cea54"", "".shx"": ""ce7c01f77f946647f426da4da9198b15250ffef050bc60c2861bd070dcbc42f2""}","{""n_features"": 148072, ""native_crs_epsg"": 32650, ""positive"": {""area_change_fraction"": 0.0, ""area_km2_after"": 593.70985, ""area_km2_before"": 593.70985, ""features_before"": 148072, ""parts_after"": 148072}}",PILOT_LABEL_ADAPTER_V1,spartina.data.gee.grid.covering_grid on densified cell UTM bounds (identical to the Phase D EO export grid),UNKNOWN_GRIDCODE_ZERO_TODO_VERIFY
CNA10K-R00388-C00129,geodata-1990,GEODATA,1990,30,32650,50,379,366,111172,0.0,0.0,0,0,138697,17,138714,True,"[414, 412]",,,,,,work/national/pilot19/labels/R00388-C00129/GEODATA_1990_30m.tif,76e5918fa838fa04e07effcd0b3a56dfd2339bf2bfbd593480da2f14f5cc2592,"{"".tif"": ""d88fc80ebed0e32f3550194d730293259ee8612f3f630915d4423a9edaccc6b4""}",,PILOT_LABEL_ADAPTER_V1,spartina.data.gee.grid.covering_grid on densified cell UTM bounds (identical to the Phase D EO export grid),
CNA10K-R00388-C00129,geodata-2000,GEODATA,2000,30,32650,50,379,366,111172,0.0,0.0,0,0,138701,13,138714,True,"[414, 412]",,,,,,work/national/pilot19/labels/R00388-C00129/GEODATA_2000_30m.tif,7c9dc94028a93b3f989f1eded8f85a3642972cd7c6c4ec5af42bfdef7e69f05e,"{"".tif"": ""0556a63a1cd0c101ef267dfeced390fbf0430fb9472d95f8d03b32535be990b1""}",,PILOT_LABEL_ADAPTER_V1,spartina.data.gee.grid.covering_grid on densified cell UTM bounds (identical to the Phase D EO export grid),
CNA10K-R00388-C00129,geodata-2015,GEODATA,2015,30,32650,50,379,366,111172,0.0,0.0,0,0,137592,1122,138714,True,"[378, 364]",,,,,,work/national/pilot19/labels/R00388-C00129/GEODATA_2015_30m.tif,4365ee3fb01b1b2546ee2c957afb0438649525aa7460e792566c9434d6129f43,"{"".tif"": ""39a2d5352de8cb558f11df64c348574e9e2abf06446c3dc89035cdb3bb9c521d""}",,PILOT_LABEL_ADAPTER_V1,spartina.data.gee.grid.covering_grid on densified cell UTM bounds (identical to the Phase D EO export grid),
CNA10K-R00388-C00129,geodata-2020,GEODATA,2020,30,32650,50,379,366,111172,0.0,0.0,0,0,138697,17,138714,True,"[414, 412]",,,,,,work/national/pilot19/labels/R00388-C00129/GEODATA_2020_30m.tif,f57cd290a75308476a4860786a654aeef55e6cbc170f3140d62cde9d2b4178cb,"{"".tif"": ""2cd169261383bef26aadb6abf8a730f14d7a847801f996757dc91c5b3f3d0937""}",,PILOT_LABEL_ADAPTER_V1,spartina.data.gee.grid.covering_grid on densified cell UTM bounds (identical to the Phase D EO export grid),
CNA10K-R00388-C00129,cmsa-2017,CMSA,2017,30,32650,50,379,366,111172,0.0,0.0,0,0,0,138714,138714,,,0,0,0,0,0.0,work/national/pilot19/labels/R00388-C00129/CMSA_2017_30m.tif,1a758f700e84a8194af8dcde9725c6160b4da3fb74eb67ffa9f10d40c70deb7c,"{"".dbf"": ""b5eb1c661831bd2bc226b8c432a1be3c3ebf2f7122f2c13ed5cc95a4108299ca"", "".prj"": ""99a5a32f41f7df7e52e869dca1b2df8b2009ba20c28dbf95e61dc9c891dffd38"", "".shp"": ""3f5ff0b7538bf9f5165127b8d3fb0fdc77dfc2f6a8a26c7684a6cfb2e9f8a29d"", "".shx"": ""10b18253cd4810c10a85d82bbb57f7efaecfe29f7b75e42171407422bca084e7""}","{""gridcode0"": {""area_change_fraction"": 0.0, ""area_km2_after"": 0.894911, ""area_km2_before"": 0.894911, ""features_before"": 49, ""parts_after"": 52}, ""gridcodes_present"": [0, 2], ""n_features"": 5341, ""native_crs_epsg"": 32650, ""positive"": {""area_change_fraction"": 0.0, ""area_km2_after"": 494.693541, ""area_km2_before"": 494.693541, ""features_before"": 5292, ""parts_after"": 5292}}",PILOT_LABEL_ADAPTER_V1,spartina.data.gee.grid.covering_grid on densified cell UTM bounds (identical to the Phase D EO export grid),UNKNOWN_GRIDCODE_ZERO_TODO_VERIFY
CNA10K-R00388-C00129,cmsa-2018,CMSA,2018,30,32650,50,379,366,111172,0.0,0.0,0,0,0,138714,138714,,,0,0,0,0,0.0,work/national/pilot19/labels/R00388-C00129/CMSA_2018_30m.tif,a137b2bfb86c8ec05039c66e36a7d083c4eac338bebe998c866a2b4a156cef90,"{"".dbf"": ""95eb2ced9015302892ebf371126b08ec1a64bcdd3875af0e6b2d7639e19d16a2"", "".prj"": ""99a5a32f41f7df7e52e869dca1b2df8b2009ba20c28dbf95e61dc9c891dffd38"", "".shp"": ""d03efad274d571b6b1d3d302aff783995405958313219fd5ffb02723f0ed566d"", "".shx"": ""f2a8d73ef6e99e5432c2012736d1c621c5fee809214c846fc628c45bc2a64578""}","{""gridcode0"": {""area_change_fraction"": 0.0, ""area_km2_after"": 2.563579, ""area_km2_before"": 2.563579, ""features_before"": 53, ""parts_after"": 54}, ""gridcodes_present"": [0, 2], ""n_features"": 5985, ""native_crs_epsg"": 32650, ""positive"": {""area_change_fraction"": 0.0, ""area_km2_after"": 504.310018, ""area_km2_before"": 504.310018, ""features_before"": 5932, ""parts_after"": 5933}}",PILOT_LABEL_ADAPTER_V1,spartina.data.gee.grid.covering_grid on densified cell UTM bounds (identical to the Phase D EO export grid),UNKNOWN_GRIDCODE_ZERO_TODO_VERIFY
CNA10K-R00388-C00129,cmsa-2019,CMSA,2019,30,32650,50,379,366,111172,0.0,0.0,0,0,0,138714,138714,,,0,0,0,0,0.0,work/national/pilot19/labels/R00388-C00129/CMSA_2019_30m.tif,e828a4e8b6189ea99261bbe32f8017f9517f8dc43b4f0486abddd746cab8658c,"{"".dbf"": ""4f0005c970ee271360300429debf95a9aa62cb6f49e2664007e09fc961f94697"", "".prj"": ""99a5a32f41f7df7e52e869dca1b2df8b2009ba20c28dbf95e61dc9c891dffd38"", "".shp"": ""9cd003f21b59a3bd6eace0e51e9f0b8f2be3ca1d78803b2644e857f5f70f6a55"", "".shx"": ""41f971eacff13a85b2043eeebaaadd738949295fe4748de519dafe4d016c6aa9""}","{""gridcode0"": {""area_change_fraction"": 0.0, ""area_km2_after"": 6.963184, ""area_km2_before"": 6.963184, ""features_before"": 62, ""parts_after"": 65}, ""gridcodes_present"": [0, 2], ""n_features"": 6097, ""native_crs_epsg"": 32650, ""positive"": {""area_change_fraction"": 0.0, ""area_km2_after"": 532.991018, ""area_km2_before"": 532.991018, ""features_before"": 6035, ""parts_after"": 6035}}",PILOT_LABEL_ADAPTER_V1,spartina.data.gee.grid.covering_grid on densified cell UTM bounds (identical to the Phase D EO export grid),UNKNOWN_GRIDCODE_ZERO_TODO_VERIFY
CNA10K-R00388-C00129,cmsa-2020,CMSA,2020,30,32650,50,379,366,111172,0.0,0.0,0,0,0,138714,138714,,,0,0,0,0,0.0,work/national/pilot19/labels/R00388-C00129/CMSA_2020_30m.tif,3de9c8039bff2d6e62153bf59a16e1c882049cf94686a14847f8b901b8917a9f,"{"".dbf"": ""43d64aa98146bfcfaf0c873a2a369b55d860425ebcb0f3bf0b784d43719d2847"", "".prj"": ""99a5a32f41f7df7e52e869dca1b2df8b2009ba20c28dbf95e61dc9c891dffd38"", "".shp"": ""652af93b064d9698ae05ecdd16158e62c65254342d1ac51f82998d3f2e724044"", "".shx"": ""0b38a4df4d3a0bcec7a66cde095cdb825cee0bc80e0e573a13ca83ad8bbf021b""}","{""gridcode0"": {""area_change_fraction"": 0.0, ""area_km2_after"": 2.797072, ""area_km2_before"": 2.797072, ""features_before"": 50, ""parts_after"": 52}, ""gridcodes_present"": [0, 2], ""n_features"": 8914, ""native_crs_epsg"": 32650, ""positive"": {""area_change_fraction"": 0.0, ""area_km2_after"": 571.3516, ""area_km2_before"": 571.3516, ""features_before"": 8864, ""parts_after"": 8870}}",PILOT_LABEL_ADAPTER_V1,spartina.data.gee.grid.covering_grid on densified cell UTM bounds (identical to the Phase D EO export grid),UNKNOWN_GRIDCODE_ZERO_TODO_VERIFY
CNA10K-R00388-C00129,cmsa-2021,CMSA,2021,30,32650,50,379,366,111172,0.0,0.0,0,0,0,138714,138714,,,0,0,0,0,0.0,work/national/pilot19/labels/R00388-C00129/CMSA_2021_30m.tif,f77190fb715ceb699a743c5fd182d3858a26c693d5c84948f6529022d781f8f2,"{"".dbf"": ""f99ffb3269865c370311b9bfe0d92120d8afd855d5ca748c64084c644b9f514c"", "".prj"": ""99a5a32f41f7df7e52e869dca1b2df8b2009ba20c28dbf95e61dc9c891dffd38"", "".shp"": ""835280e43976f69f9e88488ae9e1e91e43bd175afae294c76724e0d88a4c4d8d"", "".shx"": ""a732195701748d012c3279a28e0abff346495d8db3c16bc61bcdaa5a1ff99521""}","{""gridcode0"": {""area_change_fraction"": 0.0, ""area_km2_after"": 0.112222, ""area_km2_before"": 0.112222, ""features_before"": 18, ""parts_after"": 18}, ""gridcodes_present"": [0, 2], ""n_features"": 6295, ""native_crs_epsg"": 32650, ""positive"": {""area_change_fraction"": 0.0, ""area_km2_after"": 586.513407, ""area_km2_before"": 586.513407, ""features_before"": 6277, ""parts_after"": 6278}}",PILOT_LABEL_ADAPTER_V1,spartina.data.gee.grid.covering_grid on densified cell UTM bounds (identical to the Phase D EO export grid),UNKNOWN_GRIDCODE_ZERO_TODO_VERIFY
CNA10K-R00388-C00129,cmssm-2020,CM-SSM,2020,10,32650,50,1135,1094,1000562,0.0,0.0,0,0,0,1241690,1241690,,,0,0,0,0,0.0,work/national/pilot19/labels/R00388-C00129/CM-SSM_2020_10m.tif,63a8a33627ee4923785fc25d15dc7a63b6cbe29fece13141fb95214d6b32fc69,"{"".dbf"": ""8a74dcd9f1039c06fcf7a3a1102a0e8568ad600c6f1f1ef25af885ea07aced4a"", "".prj"": ""0cb13e6fc96091963305c3afcbb024fb464f80e014bf154433c6c5b343fdc1ef"", "".shp"": ""8f28c0f20f1dc8c5872a06db57621808dc737d602f8521387075dc39302cea54"", "".shx"": ""ce7c01f77f946647f426da4da9198b15250ffef050bc60c2861bd070dcbc42f2""}","{""n_features"": 148072, ""native_crs_epsg"": 32650, ""positive"": {""area_change_fraction"": 0.0, ""area_km2_after"": 593.70985, ""area_km2_before"": 593.70985, ""features_before"": 148072, ""parts_after"": 148072}}",PILOT_LABEL_ADAPTER_V1,spartina.data.gee.grid.covering_grid on densified cell UTM bounds (identical to the Phase D EO export grid),UNKNOWN_GRIDCODE_ZERO_TODO_VERIFY
CNA10K-R00388-C00129,cmssm-2020,CM-SSM,2020,30,32650,50,379,366,111172,0.0,0.0,0,0,0,138714,138714,,,0,0,0,0,0.0,work/national/pilot19/labels/R00388-C00129/CM-SSM_2020_30m.tif,507778f09d9c5f23342f73580a178322697b20b41ea84e95e9a72d4299af7202,"{"".dbf"": ""8a74dcd9f1039c06fcf7a3a1102a0e8568ad600c6f1f1ef25af885ea07aced4a"", "".prj"": ""0cb13e6fc96091963305c3afcbb024fb464f80e014bf154433c6c5b343fdc1ef"", "".shp"": ""8f28c0f20f1dc8c5872a06db57621808dc737d602f8521387075dc39302cea54"", "".shx"": ""ce7c01f77f946647f426da4da9198b15250ffef050bc60c2861bd070dcbc42f2""}","{""n_features"": 148072, ""native_crs_epsg"": 32650, ""positive"": {""area_change_fraction"": 0.0, ""area_km2_after"": 593.70985, ""area_km2_before"": 593.70985, ""features_before"": 148072, ""parts_after"": 148072}}",PILOT_LABEL_ADAPTER_V1,spartina.data.gee.grid.covering_grid on densified cell UTM bounds (identical to the Phase D EO export grid),UNKNOWN_GRIDCODE_ZERO_TODO_VERIFY
CNA10K-R00411-C00151,geodata-1990,GEODATA,1990,30,32651,51,396,382,111028,0.0,0.0,0,0,151270,2,151272,True,"[452, 452]",,,,,,work/national/pilot19/labels/R00411-C00151/GEODATA_1990_30m.tif,70c35dcc44f24e003d60789d6f8415cb70ff4203377da6668ab0c1c32cfaf796,"{"".tif"": ""d88fc80ebed0e32f3550194d730293259ee8612f3f630915d4423a9edaccc6b4""}",,PILOT_LABEL_ADAPTER_V1,spartina.data.gee.grid.covering_grid on densified cell UTM bounds (identical to the Phase D EO export grid),
CNA10K-R00411-C00151,geodata-2000,GEODATA,2000,30,32651,51,396,382,111028,0.0,0.0,0,0,151267,5,151272,True,"[452, 452]",,,,,,work/national/pilot19/labels/R00411-C00151/GEODATA_2000_30m.tif,fa3a581ff3dc0451f594c49185171b9fb7e2c46497e6b8ce87b982dc2c849b00,"{"".tif"": ""0556a63a1cd0c101ef267dfeced390fbf0430fb9472d95f8d03b32535be990b1""}",,PILOT_LABEL_ADAPTER_V1,spartina.data.gee.grid.covering_grid on densified cell UTM bounds (identical to the Phase D EO export grid),
CNA10K-R00411-C00151,geodata-2015,GEODATA,2015,30,32651,51,396,382,111028,0.0,0.0,0,0,151244,28,151272,True,"[420, 406]",,,,,,work/national/pilot19/labels/R00411-C00151/GEODATA_2015_30m.tif,cfbbe64050723ac853f874d62a8173e050fb0de228b27dad03f993d95eaf6d07,"{"".tif"": ""39a2d5352de8cb558f11df64c348574e9e2abf06446c3dc89035cdb3bb9c521d""}",,PILOT_LABEL_ADAPTER_V1,spartina.data.gee.grid.covering_grid on densified cell UTM bounds (identical to the Phase D EO export grid),
CNA10K-R00411-C00151,geodata-2020,GEODATA,2020,30,32651,51,396,382,111028,0.0,0.0,0,0,151265,7,151272,True,"[452, 452]",,,,,,work/national/pilot19/labels/R00411-C00151/GEODATA_2020_30m.tif,30aeac888aba2c83e5f7e5768b8bab6c265938d1337e31b4c377e63cea9961c2,"{"".tif"": ""2cd169261383bef26aadb6abf8a730f14d7a847801f996757dc91c5b3f3d0937""}",,PILOT_LABEL_ADAPTER_V1,spartina.data.gee.grid.covering_grid on densified cell UTM bounds (identical to the Phase D EO export grid),
CNA10K-R00411-C00151,cmsa-2017,CMSA,2017,30,32651,51,396,382,111028,0.0,0.0,0,0,0,151272,151272,,,0,0,0,0,0.0,work/national/pilot19/labels/R00411-C00151/CMSA_2017_30m.tif,1bef7ae1a5200783e509d6701f4a6046323259319d2412d1a83544eafbcd9fb0,"{"".dbf"": ""b5eb1c661831bd2bc226b8c432a1be3c3ebf2f7122f2c13ed5cc95a4108299ca"", "".prj"": ""99a5a32f41f7df7e52e869dca1b2df8b2009ba20c28dbf95e61dc9c891dffd38"", "".shp"": ""3f5ff0b7538bf9f5165127b8d3fb0fdc77dfc2f6a8a26c7684a6cfb2e9f8a29d"", "".shx"": ""10b18253cd4810c10a85d82bbb57f7efaecfe29f7b75e42171407422bca084e7""}","{""gridcode0"": {""area_change_fraction"": 0.0, ""area_km2_after"": 0.894911, ""area_km2_before"": 0.894911, ""features_before"": 49, ""parts_after"": 52}, ""gridcodes_present"": [0, 2], ""n_features"": 5341, ""native_crs_epsg"": 32650, ""positive"": {""area_change_fraction"": 0.0, ""area_km2_after"": 494.693541, ""area_km2_before"": 494.693541, ""features_before"": 5292, ""parts_after"": 5292}}",PILOT_LABEL_ADAPTER_V1,spartina.data.gee.grid.covering_grid on densified cell UTM bounds (identical to the Phase D EO export grid),UNKNOWN_GRIDCODE_ZERO_TODO_VERIFY
CNA10K-R00411-C00151,cmsa-2018,CMSA,2018,30,32651,51,396,382,111028,0.0,0.0,0,0,0,151272,151272,,,0,0,0,0,0.0,work/national/pilot19/labels/R00411-C00151/CMSA_2018_30m.tif,0181dc26be5b8c8bd0a978ddc78e421a94a5514f7da0f7d8ce2c6d44b15b461f,"{"".dbf"": ""95eb2ced9015302892ebf371126b08ec1a64bcdd3875af0e6b2d7639e19d16a2"", "".prj"": ""99a5a32f41f7df7e52e869dca1b2df8b2009ba20c28dbf95e61dc9c891dffd38"", "".shp"": ""d03efad274d571b6b1d3d302aff783995405958313219fd5ffb02723f0ed566d"", "".shx"": ""f2a8d73ef6e99e5432c2012736d1c621c5fee809214c846fc628c45bc2a64578""}","{""gridcode0"": {""area_change_fraction"": 0.0, ""area_km2_after"": 2.563579, ""area_km2_before"": 2.563579, ""features_before"": 53, ""parts_after"": 54}, ""gridcodes_present"": [0, 2], ""n_features"": 5985, ""native_crs_epsg"": 32650, ""positive"": {""area_change_fraction"": 0.0, ""area_km2_after"": 504.310018, ""area_km2_before"": 504.310018, ""features_before"": 5932, ""parts_after"": 5933}}",PILOT_LABEL_ADAPTER_V1,spartina.data.gee.grid.covering_grid on densified cell UTM bounds (identical to the Phase D EO export grid),UNKNOWN_GRIDCODE_ZERO_TODO_VERIFY
CNA10K-R00411-C00151,cmsa-2019,CMSA,2019,30,32651,51,396,382,111028,0.0,0.0,0,0,0,151272,151272,,,0,0,0,0,0.0,work/national/pilot19/labels/R00411-C00151/CMSA_2019_30m.tif,f71815929b200c9ccc2b99b36f5714b7c78c7fbda5fbfc86d2d3581ae48cdaa2,"{"".dbf"": ""4f0005c970ee271360300429debf95a9aa62cb6f49e2664007e09fc961f94697"", "".prj"": ""99a5a32f41f7df7e52e869dca1b2df8b2009ba20c28dbf95e61dc9c891dffd38"", "".shp"": ""9cd003f21b59a3bd6eace0e51e9f0b8f2be3ca1d78803b2644e857f5f70f6a55"", "".shx"": ""41f971eacff13a85b2043eeebaaadd738949295fe4748de519dafe4d016c6aa9""}","{""gridcode0"": {""area_change_fraction"": 0.0, ""area_km2_after"": 6.963184, ""area_km2_before"": 6.963184, ""features_before"": 62, ""parts_after"": 65}, ""gridcodes_present"": [0, 2], ""n_features"": 6097, ""native_crs_epsg"": 32650, ""positive"": {""area_change_fraction"": 0.0, ""area_km2_after"": 532.991018, ""area_km2_before"": 532.991018, ""features_before"": 6035, ""parts_after"": 6035}}",PILOT_LABEL_ADAPTER_V1,spartina.data.gee.grid.covering_grid on densified cell UTM bounds (identical to the Phase D EO export grid),UNKNOWN_GRIDCODE_ZERO_TODO_VERIFY
CNA10K-R00411-C00151,cmsa-2020,CMSA,2020,30,32651,51,396,382,111028,0.0,0.0,0,0,0,151272,151272,,,0,0,0,0,0.0,work/national/pilot19/labels/R00411-C00151/CMSA_2020_30m.tif,3711b6c3d96b981f7ec6918ece60e18764d32035ac61460b5b14d14b2c825b83,"{"".dbf"": ""43d64aa98146bfcfaf0c873a2a369b55d860425ebcb0f3bf0b784d43719d2847"", "".prj"": ""99a5a32f41f7df7e52e869dca1b2df8b2009ba20c28dbf95e61dc9c891dffd38"", "".shp"": ""652af93b064d9698ae05ecdd16158e62c65254342d1ac51f82998d3f2e724044"", "".shx"": ""0b38a4df4d3a0bcec7a66cde095cdb825cee0bc80e0e573a13ca83ad8bbf021b""}","{""gridcode0"": {""area_change_fraction"": 0.0, ""area_km2_after"": 2.797072, ""area_km2_before"": 2.797072, ""features_before"": 50, ""parts_after"": 52}, ""gridcodes_present"": [0, 2], ""n_features"": 8914, ""native_crs_epsg"": 32650, ""positive"": {""area_change_fraction"": 0.0, ""area_km2_after"": 571.3516, ""area_km2_before"": 571.3516, ""features_before"": 8864, ""parts_after"": 8870}}",PILOT_LABEL_ADAPTER_V1,spartina.data.gee.grid.covering_grid on densified cell UTM bounds (identical to the Phase D EO export grid),UNKNOWN_GRIDCODE_ZERO_TODO_VERIFY
CNA10K-R00411-C00151,cmsa-2021,CMSA,2021,30,32651,51,396,382,111028,0.0,0.0,0,0,0,151272,151272,,,0,0,0,0,0.0,work/national/pilot19/labels/R00411-C00151/CMSA_2021_30m.tif,b0fd699b3aefe990225b6e24846f44b8f7852ab1cbaf1caecaf096902286c93c,"{"".dbf"": ""f99ffb3269865c370311b9bfe0d92120d8afd855d5ca748c64084c644b9f514c"", "".prj"": ""99a5a32f41f7df7e52e869dca1b2df8b2009ba20c28dbf95e61dc9c891dffd38"", "".shp"": ""835280e43976f69f9e88488ae9e1e91e43bd175afae294c76724e0d88a4c4d8d"", "".shx"": ""a732195701748d012c3279a28e0abff346495d8db3c16bc61bcdaa5a1ff99521""}","{""gridcode0"": {""area_change_fraction"": 0.0, ""area_km2_after"": 0.112222, ""area_km2_before"": 0.112222, ""features_before"": 18, ""parts_after"": 18}, ""gridcodes_present"": [0, 2], ""n_features"": 6295, ""native_crs_epsg"": 32650, ""positive"": {""area_change_fraction"": 0.0, ""area_km2_after"": 586.513407, ""area_km2_before"": 586.513407, ""features_before"": 6277, ""parts_after"": 6278}}",PILOT_LABEL_ADAPTER_V1,spartina.data.gee.grid.covering_grid on densified cell UTM bounds (identical to the Phase D EO export grid),UNKNOWN_GRIDCODE_ZERO_TODO_VERIFY
CNA10K-R00411-C00151,cmssm-2020,CM-SSM,2020,10,32651,51,1187,1144,999255,0.0,0.0,0,0,0,1357928,1357928,,,0,0,0,0,0.0,work/national/pilot19/labels/R00411-C00151/CM-SSM_2020_10m.tif,3ca2e9009faa7fe196b74c46d5a7336647dda785287608d7aaa2bf29ba6eba4f,"{"".dbf"": ""8a74dcd9f1039c06fcf7a3a1102a0e8568ad600c6f1f1ef25af885ea07aced4a"", "".prj"": ""0cb13e6fc96091963305c3afcbb024fb464f80e014bf154433c6c5b343fdc1ef"", "".shp"": ""8f28c0f20f1dc8c5872a06db57621808dc737d602f8521387075dc39302cea54"", "".shx"": ""ce7c01f77f946647f426da4da9198b15250ffef050bc60c2861bd070dcbc42f2""}","{""n_features"": 148072, ""native_crs_epsg"": 32650, ""positive"": {""area_change_fraction"": 0.0, ""area_km2_after"": 593.70985, ""area_km2_before"": 593.70985, ""features_before"": 148072, ""parts_after"": 148072}}",PILOT_LABEL_ADAPTER_V1,spartina.data.gee.grid.covering_grid on densified cell UTM bounds (identical to the Phase D EO export grid),UNKNOWN_GRIDCODE_ZERO_TODO_VERIFY
CNA10K-R00411-C00151,cmssm-2020,CM-SSM,2020,30,32651,51,396,382,111028,0.0,0.0,0,0,0,151272,151272,,,0,0,0,0,0.0,work/national/pilot19/labels/R00411-C00151/CM-SSM_2020_30m.tif,19c45fbfc6058db0dad66b48f28a6bbde961c4d134c375829ebb979f3b7952bd,"{"".dbf"": ""8a74dcd9f1039c06fcf7a3a1102a0e8568ad600c6f1f1ef25af885ea07aced4a"", "".prj"": ""0cb13e6fc96091963305c3afcbb024fb464f80e014bf154433c6c5b343fdc1ef"", "".shp"": ""8f28c0f20f1dc8c5872a06db57621808dc737d602f8521387075dc39302cea54"", "".shx"": ""ce7c01f77f946647f426da4da9198b15250ffef050bc60c2861bd070dcbc42f2""}","{""n_features"": 148072, ""native_crs_epsg"": 32650, ""positive"": {""area_change_fraction"": 0.0, ""area_km2_after"": 593.70985, ""area_km2_before"": 593.70985, ""features_before"": 148072, ""parts_after"": 148072}}",PILOT_LABEL_ADAPTER_V1,spartina.data.gee.grid.covering_grid on densified cell UTM bounds (identical to the Phase D EO export grid),UNKNOWN_GRIDCODE_ZERO_TODO_VERIFY
CNA10K-R00417-C00135,geodata-1990,GEODATA,1990,30,32651,51,396,383,111129,0.0,0.0,0,0,151660,8,151668,True,"[452, 453]",,,,,,work/national/pilot19/labels/R00417-C00135/GEODATA_1990_30m.tif,4cd1c1ab381fdcde1fc786656a827863db404e369a351d3c35700da4f832eed3,"{"".tif"": ""d88fc80ebed0e32f3550194d730293259ee8612f3f630915d4423a9edaccc6b4""}",,PILOT_LABEL_ADAPTER_V1,spartina.data.gee.grid.covering_grid on densified cell UTM bounds (identical to the Phase D EO export grid),
CNA10K-R00417-C00135,geodata-2000,GEODATA,2000,30,32651,51,396,383,111129,0.0,0.0,0,0,151662,6,151668,True,"[452, 453]",,,,,,work/national/pilot19/labels/R00417-C00135/GEODATA_2000_30m.tif,58d3ee4febe388b5e08516640e06062d864a458943952276f1b718b79fc165ca,"{"".tif"": ""0556a63a1cd0c101ef267dfeced390fbf0430fb9472d95f8d03b32535be990b1""}",,PILOT_LABEL_ADAPTER_V1,spartina.data.gee.grid.covering_grid on densified cell UTM bounds (identical to the Phase D EO export grid),
CNA10K-R00417-C00135,geodata-2015,GEODATA,2015,30,32651,51,396,383,111129,0.0,0.0,0,0,151645,23,151668,True,"[419, 407]",,,,,,work/national/pilot19/labels/R00417-C00135/GEODATA_2015_30m.tif,a8af78626312781907a6c4b6be39832b11976ed70099f2682266654b2c9fb1ea,"{"".tif"": ""39a2d5352de8cb558f11df64c348574e9e2abf06446c3dc89035cdb3bb9c521d""}",,PILOT_LABEL_ADAPTER_V1,spartina.data.gee.grid.covering_grid on densified cell UTM bounds (identical to the Phase D EO export grid),
CNA10K-R00417-C00135,geodata-2020,GEODATA,2020,30,32651,51,396,383,111129,0.0,0.0,0,0,151664,4,151668,True,"[452, 453]",,,,,,work/national/pilot19/labels/R00417-C00135/GEODATA_2020_30m.tif,7ca89bb05814c9def1c62a8a6607dd0fa86d9d114f96b21a9199046d242fd352,"{"".tif"": ""2cd169261383bef26aadb6abf8a730f14d7a847801f996757dc91c5b3f3d0937""}",,PILOT_LABEL_ADAPTER_V1,spartina.data.gee.grid.covering_grid on densified cell UTM bounds (identical to the Phase D EO export grid),
CNA10K-R00417-C00135,cmsa-2017,CMSA,2017,30,32651,51,396,383,111129,0.0,0.0,0,0,0,151668,151668,,,0,0,0,0,0.0,work/national/pilot19/labels/R00417-C00135/CMSA_2017_30m.tif,4039c24747d7e64d644404c87b78a4c887b2103a019b1ca3dfe4eda94c61f2fe,"{"".dbf"": ""b5eb1c661831bd2bc226b8c432a1be3c3ebf2f7122f2c13ed5cc95a4108299ca"", "".prj"": ""99a5a32f41f7df7e52e869dca1b2df8b2009ba20c28dbf95e61dc9c891dffd38"", "".shp"": ""3f5ff0b7538bf9f5165127b8d3fb0fdc77dfc2f6a8a26c7684a6cfb2e9f8a29d"", "".shx"": ""10b18253cd4810c10a85d82bbb57f7efaecfe29f7b75e42171407422bca084e7""}","{""gridcode0"": {""area_change_fraction"": 0.0, ""area_km2_after"": 0.894911, ""area_km2_before"": 0.894911, ""features_before"": 49, ""parts_after"": 52}, ""gridcodes_present"": [0, 2], ""n_features"": 5341, ""native_crs_epsg"": 32650, ""positive"": {""area_change_fraction"": 0.0, ""area_km2_after"": 494.693541, ""area_km2_before"": 494.693541, ""features_before"": 5292, ""parts_after"": 5292}}",PILOT_LABEL_ADAPTER_V1,spartina.data.gee.grid.covering_grid on densified cell UTM bounds (identical to the Phase D EO export grid),UNKNOWN_GRIDCODE_ZERO_TODO_VERIFY
CNA10K-R00417-C00135,cmsa-2018,CMSA,2018,30,32651,51,396,383,111129,0.0,0.0,0,0,0,151668,151668,,,0,0,0,0,0.0,work/national/pilot19/labels/R00417-C00135/CMSA_2018_30m.tif,10b19003de48b8826fd94953e91b4ad180a221abccd5abc7769c741c5bfb830b,"{"".dbf"": ""95eb2ced9015302892ebf371126b08ec1a64bcdd3875af0e6b2d7639e19d16a2"", "".prj"": ""99a5a32f41f7df7e52e869dca1b2df8b2009ba20c28dbf95e61dc9c891dffd38"", "".shp"": ""d03efad274d571b6b1d3d302aff783995405958313219fd5ffb02723f0ed566d"", "".shx"": ""f2a8d73ef6e99e5432c2012736d1c621c5fee809214c846fc628c45bc2a64578""}","{""gridcode0"": {""area_change_fraction"": 0.0, ""area_km2_after"": 2.563579, ""area_km2_before"": 2.563579, ""features_before"": 53, ""parts_after"": 54}, ""gridcodes_present"": [0, 2], ""n_features"": 5985, ""native_crs_epsg"": 32650, ""positive"": {""area_change_fraction"": 0.0, ""area_km2_after"": 504.310018, ""area_km2_before"": 504.310018, ""features_before"": 5932, ""parts_after"": 5933}}",PILOT_LABEL_ADAPTER_V1,spartina.data.gee.grid.covering_grid on densified cell UTM bounds (identical to the Phase D EO export grid),UNKNOWN_GRIDCODE_ZERO_TODO_VERIFY
CNA10K-R00417-C00135,cmsa-2019,CMSA,2019,30,32651,51,396,383,111129,0.0,0.0,0,0,0,151668,151668,,,0,0,0,0,0.0,work/national/pilot19/labels/R00417-C00135/CMSA_2019_30m.tif,5642aff39477fd664ce359e618fe68a84398d78cb24a5141d74c77c2fbb8e35a,"{"".dbf"": ""4f0005c970ee271360300429debf95a9aa62cb6f49e2664007e09fc961f94697"", "".prj"": ""99a5a32f41f7df7e52e869dca1b2df8b2009ba20c28dbf95e61dc9c891dffd38"", "".shp"": ""9cd003f21b59a3bd6eace0e51e9f0b8f2be3ca1d78803b2644e857f5f70f6a55"", "".shx"": ""41f971eacff13a85b2043eeebaaadd738949295fe4748de519dafe4d016c6aa9""}","{""gridcode0"": {""area_change_fraction"": 0.0, ""area_km2_after"": 6.963184, ""area_km2_before"": 6.963184, ""features_before"": 62, ""parts_after"": 65}, ""gridcodes_present"": [0, 2], ""n_features"": 6097, ""native_crs_epsg"": 32650, ""positive"": {""area_change_fraction"": 0.0, ""area_km2_after"": 532.991018, ""area_km2_before"": 532.991018, ""features_before"": 6035, ""parts_after"": 6035}}",PILOT_LABEL_ADAPTER_V1,spartina.data.gee.grid.covering_grid on densified cell UTM bounds (identical to the Phase D EO export grid),UNKNOWN_GRIDCODE_ZERO_TODO_VERIFY
CNA10K-R00417-C00135,cmsa-2020,CMSA,2020,30,32651,51,396,383,111129,0.0,0.0,0,0,0,151668,151668,,,0,0,0,0,0.0,work/national/pilot19/labels/R00417-C00135/CMSA_2020_30m.tif,49c7002c71fbe73af27b505961f1d3f92b3e5c81ccf6030dc3fc20df4284c6ab,"{"".dbf"": ""43d64aa98146bfcfaf0c873a2a369b55d860425ebcb0f3bf0b784d43719d2847"", "".prj"": ""99a5a32f41f7df7e52e869dca1b2df8b2009ba20c28dbf95e61dc9c891dffd38"", "".shp"": ""652af93b064d9698ae05ecdd16158e62c65254342d1ac51f82998d3f2e724044"", "".shx"": ""0b38a4df4d3a0bcec7a66cde095cdb825cee0bc80e0e573a13ca83ad8bbf021b""}","{""gridcode0"": {""area_change_fraction"": 0.0, ""area_km2_after"": 2.797072, ""area_km2_before"": 2.797072, ""features_before"": 50, ""parts_after"": 52}, ""gridcodes_present"": [0, 2], ""n_features"": 8914, ""native_crs_epsg"": 32650, ""positive"": {""area_change_fraction"": 0.0, ""area_km2_after"": 571.3516, ""area_km2_before"": 571.3516, ""features_before"": 8864, ""parts_after"": 8870}}",PILOT_LABEL_ADAPTER_V1,spartina.data.gee.grid.covering_grid on densified cell UTM bounds (identical to the Phase D EO export grid),UNKNOWN_GRIDCODE_ZERO_TODO_VERIFY
CNA10K-R00417-C00135,cmsa-2021,CMSA,2021,30,32651,51,396,383,111129,0.0,0.0,0,0,0,151668,151668,,,0,0,0,0,0.0,work/national/pilot19/labels/R00417-C00135/CMSA_2021_30m.tif,a517fba6a3928a2148aa691fac3c66a9e2f4e4f45e12d40cbc1ba4e541ecfde4,"{"".dbf"": ""f99ffb3269865c370311b9bfe0d92120d8afd855d5ca748c64084c644b9f514c"", "".prj"": ""99a5a32f41f7df7e52e869dca1b2df8b2009ba20c28dbf95e61dc9c891dffd38"", "".shp"": ""835280e43976f69f9e88488ae9e1e91e43bd175afae294c76724e0d88a4c4d8d"", "".shx"": ""a732195701748d012c3279a28e0abff346495d8db3c16bc61bcdaa5a1ff99521""}","{""gridcode0"": {""area_change_fraction"": 0.0, ""area_km2_after"": 0.112222, ""area_km2_before"": 0.112222, ""features_before"": 18, ""parts_after"": 18}, ""gridcodes_present"": [0, 2], ""n_features"": 6295, ""native_crs_epsg"": 32650, ""positive"": {""area_change_fraction"": 0.0, ""area_km2_after"": 586.513407, ""area_km2_before"": 586.513407, ""features_before"": 6277, ""parts_after"": 6278}}",PILOT_LABEL_ADAPTER_V1,spartina.data.gee.grid.covering_grid on densified cell UTM bounds (identical to the Phase D EO export grid),UNKNOWN_GRIDCODE_ZERO_TODO_VERIFY
CNA10K-R00417-C00135,cmssm-2020,CM-SSM,2020,10,32651,51,1187,1146,1000150,0.0,0.0,0,0,0,1360302,1360302,,,0,0,0,0,0.0,work/national/pilot19/labels/R00417-C00135/CM-SSM_2020_10m.tif,ea024a8e9611306a851e7ad622dc9b96f9fd6df193b5f779c58c550d6f23976a,"{"".dbf"": ""8a74dcd9f1039c06fcf7a3a1102a0e8568ad600c6f1f1ef25af885ea07aced4a"", "".prj"": ""0cb13e6fc96091963305c3afcbb024fb464f80e014bf154433c6c5b343fdc1ef"", "".shp"": ""8f28c0f20f1dc8c5872a06db57621808dc737d602f8521387075dc39302cea54"", "".shx"": ""ce7c01f77f946647f426da4da9198b15250ffef050bc60c2861bd070dcbc42f2""}","{""n_features"": 148072, ""native_crs_epsg"": 32650, ""positive"": {""area_change_fraction"": 0.0, ""area_km2_after"": 593.70985, ""area_km2_before"": 593.70985, ""features_before"": 148072, ""parts_after"": 148072}}",PILOT_LABEL_ADAPTER_V1,spartina.data.gee.grid.covering_grid on densified cell UTM bounds (identical to the Phase D EO export grid),UNKNOWN_GRIDCODE_ZERO_TODO_VERIFY
CNA10K-R00417-C00135,cmssm-2020,CM-SSM,2020,30,32651,51,396,383,111129,0.0,0.0,0,0,0,151668,151668,,,0,0,0,0,0.0,work/national/pilot19/labels/R00417-C00135/CM-SSM_2020_30m.tif,bd554a91253bd4ad7636c0123d89a2b26fcdc3cd0382fe4810c157f4f4ed8e3f,"{"".dbf"": ""8a74dcd9f1039c06fcf7a3a1102a0e8568ad600c6f1f1ef25af885ea07aced4a"", "".prj"": ""0cb13e6fc96091963305c3afcbb024fb464f80e014bf154433c6c5b343fdc1ef"", "".shp"": ""8f28c0f20f1dc8c5872a06db57621808dc737d602f8521387075dc39302cea54"", "".shx"": ""ce7c01f77f946647f426da4da9198b15250ffef050bc60c2861bd070dcbc42f2""}","{""n_features"": 148072, ""native_crs_epsg"": 32650, ""positive"": {""area_change_fraction"": 0.0, ""area_km2_after"": 593.70985, ""area_km2_before"": 593.70985, ""features_before"": 148072, ""parts_after"": 148072}}",PILOT_LABEL_ADAPTER_V1,spartina.data.gee.grid.covering_grid on densified cell UTM bounds (identical to the Phase D EO export grid),UNKNOWN_GRIDCODE_ZERO_TODO_VERIFY
CNA10K-R00260-C00128,geodata-1990,GEODATA,1990,30,32650,50,371,374,111037,0.0,0.0,0,0,138732,22,138754,True,"[414, 414]",,,,,,work/national/pilot19/labels/R00260-C00128/GEODATA_1990_30m.tif,933d8da442e0faa5cd9adea02760be00e728788a4a6471f6b2eebd7029a6668e,"{"".tif"": ""d88fc80ebed0e32f3550194d730293259ee8612f3f630915d4423a9edaccc6b4""}",,PILOT_LABEL_ADAPTER_V1,spartina.data.gee.grid.covering_grid on densified cell UTM bounds (identical to the Phase D EO export grid),
CNA10K-R00260-C00128,geodata-2000,GEODATA,2000,30,32650,50,371,374,111037,0.0,0.0,0,0,138736,18,138754,True,"[414, 414]",,,,,,work/national/pilot19/labels/R00260-C00128/GEODATA_2000_30m.tif,f640fc9d3a92d85335d8dbe16e9d3f9fa64942734facfabc8f2c07086afce4b5,"{"".tif"": ""0556a63a1cd0c101ef267dfeced390fbf0430fb9472d95f8d03b32535be990b1""}",,PILOT_LABEL_ADAPTER_V1,spartina.data.gee.grid.covering_grid on densified cell UTM bounds (identical to the Phase D EO export grid),
CNA10K-R00260-C00128,geodata-2015,GEODATA,2015,30,32650,50,371,374,111037,0.0,0.0,0,0,138012,742,138754,True,"[371, 372]",,,,,,work/national/pilot19/labels/R00260-C00128/GEODATA_2015_30m.tif,2d7dcaafddf608a67cba98e3327a314c1acf375e2980e9bb9aee2d512fe93d8f,"{"".tif"": ""39a2d5352de8cb558f11df64c348574e9e2abf06446c3dc89035cdb3bb9c521d""}",,PILOT_LABEL_ADAPTER_V1,spartina.data.gee.grid.covering_grid on densified cell UTM bounds (identical to the Phase D EO export grid),
CNA10K-R00260-C00128,geodata-2020,GEODATA,2020,30,32650,50,371,374,111037,0.0,0.0,0,0,138729,25,138754,True,"[414, 414]",,,,,,work/national/pilot19/labels/R00260-C00128/GEODATA_2020_30m.tif,311db97fd05ba54b8c4075be2ef0991f54a1476b70fdadb6510ac21c7aa85fbe,"{"".tif"": ""2cd169261383bef26aadb6abf8a730f14d7a847801f996757dc91c5b3f3d0937""}",,PILOT_LABEL_ADAPTER_V1,spartina.data.gee.grid.covering_grid on densified cell UTM bounds (identical to the Phase D EO export grid),
CNA10K-R00260-C00128,cmsa-2017,CMSA,2017,30,32650,50,371,374,111037,0.0,0.0,0,0,0,138754,138754,,,0,0,0,0,0.0,work/national/pilot19/labels/R00260-C00128/CMSA_2017_30m.tif,04deb643f2e995f57d4764c5ba2740bbc02c94945a67f462fc90627b2084d875,"{"".dbf"": ""b5eb1c661831bd2bc226b8c432a1be3c3ebf2f7122f2c13ed5cc95a4108299ca"", "".prj"": ""99a5a32f41f7df7e52e869dca1b2df8b2009ba20c28dbf95e61dc9c891dffd38"", "".shp"": ""3f5ff0b7538bf9f5165127b8d3fb0fdc77dfc2f6a8a26c7684a6cfb2e9f8a29d"", "".shx"": ""10b18253cd4810c10a85d82bbb57f7efaecfe29f7b75e42171407422bca084e7""}","{""gridcode0"": {""area_change_fraction"": 0.0, ""area_km2_after"": 0.894911, ""area_km2_before"": 0.894911, ""features_before"": 49, ""parts_after"": 52}, ""gridcodes_present"": [0, 2], ""n_features"": 5341, ""native_crs_epsg"": 32650, ""positive"": {""area_change_fraction"": 0.0, ""area_km2_after"": 494.693541, ""area_km2_before"": 494.693541, ""features_before"": 5292, ""parts_after"": 5292}}",PILOT_LABEL_ADAPTER_V1,spartina.data.gee.grid.covering_grid on densified cell UTM bounds (identical to the Phase D EO export grid),UNKNOWN_GRIDCODE_ZERO_TODO_VERIFY
CNA10K-R00260-C00128,cmsa-2018,CMSA,2018,30,32650,50,371,374,111037,0.0,0.0,0,0,0,138754,138754,,,0,0,0,0,0.0,work/national/pilot19/labels/R00260-C00128/CMSA_2018_30m.tif,ca8403011c3c0ef9957b8f0aa4a753a4c81cf30cb7c1377ed1301298a10538d1,"{"".dbf"": ""95eb2ced9015302892ebf371126b08ec1a64bcdd3875af0e6b2d7639e19d16a2"", "".prj"": ""99a5a32f41f7df7e52e869dca1b2df8b2009ba20c28dbf95e61dc9c891dffd38"", "".shp"": ""d03efad274d571b6b1d3d302aff783995405958313219fd5ffb02723f0ed566d"", "".shx"": ""f2a8d73ef6e99e5432c2012736d1c621c5fee809214c846fc628c45bc2a64578""}","{""gridcode0"": {""area_change_fraction"": 0.0, ""area_km2_after"": 2.563579, ""area_km2_before"": 2.563579, ""features_before"": 53, ""parts_after"": 54}, ""gridcodes_present"": [0, 2], ""n_features"": 5985, ""native_crs_epsg"": 32650, ""positive"": {""area_change_fraction"": 0.0, ""area_km2_after"": 504.310018, ""area_km2_before"": 504.310018, ""features_before"": 5932, ""parts_after"": 5933}}",PILOT_LABEL_ADAPTER_V1,spartina.data.gee.grid.covering_grid on densified cell UTM bounds (identical to the Phase D EO export grid),UNKNOWN_GRIDCODE_ZERO_TODO_VERIFY
CNA10K-R00260-C00128,cmsa-2019,CMSA,2019,30,32650,50,371,374,111037,0.0,0.0,0,0,0,138754,138754,,,0,0,0,0,0.0,work/national/pilot19/labels/R00260-C00128/CMSA_2019_30m.tif,b118944afb9a0d74a40d4c4dd7cd2ca46e0559c93584cb1f0568f69dbd060d2e,"{"".dbf"": ""4f0005c970ee271360300429debf95a9aa62cb6f49e2664007e09fc961f94697"", "".prj"": ""99a5a32f41f7df7e52e869dca1b2df8b2009ba20c28dbf95e61dc9c891dffd38"", "".shp"": ""9cd003f21b59a3bd6eace0e51e9f0b8f2be3ca1d78803b2644e857f5f70f6a55"", "".shx"": ""41f971eacff13a85b2043eeebaaadd738949295fe4748de519dafe4d016c6aa9""}","{""gridcode0"": {""area_change_fraction"": 0.0, ""area_km2_after"": 6.963184, ""area_km2_before"": 6.963184, ""features_before"": 62, ""parts_after"": 65}, ""gridcodes_present"": [0, 2], ""n_features"": 6097, ""native_crs_epsg"": 32650, ""positive"": {""area_change_fraction"": 0.0, ""area_km2_after"": 532.991018, ""area_km2_before"": 532.991018, ""features_before"": 6035, ""parts_after"": 6035}}",PILOT_LABEL_ADAPTER_V1,spartina.data.gee.grid.covering_grid on densified cell UTM bounds (identical to the Phase D EO export grid),UNKNOWN_GRIDCODE_ZERO_TODO_VERIFY
CNA10K-R00260-C00128,cmsa-2020,CMSA,2020,30,32650,50,371,374,111037,0.0,0.0,0,0,0,138754,138754,,,0,0,0,0,0.0,work/national/pilot19/labels/R00260-C00128/CMSA_2020_30m.tif,252f18c650df45d6c2d5b6ff2c8d2dc04e03a30ddf4f7cd2a78f9d060901e2e0,"{"".dbf"": ""43d64aa98146bfcfaf0c873a2a369b55d860425ebcb0f3bf0b784d43719d2847"", "".prj"": ""99a5a32f41f7df7e52e869dca1b2df8b2009ba20c28dbf95e61dc9c891dffd38"", "".shp"": ""652af93b064d9698ae05ecdd16158e62c65254342d1ac51f82998d3f2e724044"", "".shx"": ""0b38a4df4d3a0bcec7a66cde095cdb825cee0bc80e0e573a13ca83ad8bbf021b""}","{""gridcode0"": {""area_change_fraction"": 0.0, ""area_km2_after"": 2.797072, ""area_km2_before"": 2.797072, ""features_before"": 50, ""parts_after"": 52}, ""gridcodes_present"": [0, 2], ""n_features"": 8914, ""native_crs_epsg"": 32650, ""positive"": {""area_change_fraction"": 0.0, ""area_km2_after"": 571.3516, ""area_km2_before"": 571.3516, ""features_before"": 8864, ""parts_after"": 8870}}",PILOT_LABEL_ADAPTER_V1,spartina.data.gee.grid.covering_grid on densified cell UTM bounds (identical to the Phase D EO export grid),UNKNOWN_GRIDCODE_ZERO_TODO_VERIFY
CNA10K-R00260-C00128,cmsa-2021,CMSA,2021,30,32650,50,371,374,111037,0.0,0.0,0,0,0,138754,138754,,,0,0,0,0,0.0,work/national/pilot19/labels/R00260-C00128/CMSA_2021_30m.tif,ff2ea9d1ec45d2ec8f1dc7c289cb594c2d7b75c335c68b73b83287c301b546e5,"{"".dbf"": ""f99ffb3269865c370311b9bfe0d92120d8afd855d5ca748c64084c644b9f514c"", "".prj"": ""99a5a32f41f7df7e52e869dca1b2df8b2009ba20c28dbf95e61dc9c891dffd38"", "".shp"": ""835280e43976f69f9e88488ae9e1e91e43bd175afae294c76724e0d88a4c4d8d"", "".shx"": ""a732195701748d012c3279a28e0abff346495d8db3c16bc61bcdaa5a1ff99521""}","{""gridcode0"": {""area_change_fraction"": 0.0, ""area_km2_after"": 0.112222, ""area_km2_before"": 0.112222, ""features_before"": 18, ""parts_after"": 18}, ""gridcodes_present"": [0, 2], ""n_features"": 6295, ""native_crs_epsg"": 32650, ""positive"": {""area_change_fraction"": 0.0, ""area_km2_after"": 586.513407, ""area_km2_before"": 586.513407, ""features_before"": 6277, ""parts_after"": 6278}}",PILOT_LABEL_ADAPTER_V1,spartina.data.gee.grid.covering_grid on densified cell UTM bounds (identical to the Phase D EO export grid),UNKNOWN_GRIDCODE_ZERO_TODO_VERIFY
CNA10K-R00260-C00128,cmssm-2020,CM-SSM,2020,10,32650,50,1112,1118,999309,0.0,0.0,0,0,0,1243216,1243216,,,0,0,0,0,0.0,work/national/pilot19/labels/R00260-C00128/CM-SSM_2020_10m.tif,ce911a46a50cda6ec2c6b5b0cea9b24f65124512c1cb7f5f2c594055953607d8,"{"".dbf"": ""8a74dcd9f1039c06fcf7a3a1102a0e8568ad600c6f1f1ef25af885ea07aced4a"", "".prj"": ""0cb13e6fc96091963305c3afcbb024fb464f80e014bf154433c6c5b343fdc1ef"", "".shp"": ""8f28c0f20f1dc8c5872a06db57621808dc737d602f8521387075dc39302cea54"", "".shx"": ""ce7c01f77f946647f426da4da9198b15250ffef050bc60c2861bd070dcbc42f2""}","{""n_features"": 148072, ""native_crs_epsg"": 32650, ""positive"": {""area_change_fraction"": 0.0, ""area_km2_after"": 593.70985, ""area_km2_before"": 593.70985, ""features_before"": 148072, ""parts_after"": 148072}}",PILOT_LABEL_ADAPTER_V1,spartina.data.gee.grid.covering_grid on densified cell UTM bounds (identical to the Phase D EO export grid),UNKNOWN_GRIDCODE_ZERO_TODO_VERIFY
CNA10K-R00260-C00128,cmssm-2020,CM-SSM,2020,30,32650,50,371,374,111037,0.0,0.0,0,0,0,138754,138754,,,0,0,0,0,0.0,work/national/pilot19/labels/R00260-C00128/CM-SSM_2020_30m.tif,9db8623a06318fde188b4d6f6eff5da226174ac4858818f315a83a7d539b3ad4,"{"".dbf"": ""8a74dcd9f1039c06fcf7a3a1102a0e8568ad600c6f1f1ef25af885ea07aced4a"", "".prj"": ""0cb13e6fc96091963305c3afcbb024fb464f80e014bf154433c6c5b343fdc1ef"", "".shp"": ""8f28c0f20f1dc8c5872a06db57621808dc737d602f8521387075dc39302cea54"", "".shx"": ""ce7c01f77f946647f426da4da9198b15250ffef050bc60c2861bd070dcbc42f2""}","{""n_features"": 148072, ""native_crs_epsg"": 32650, ""positive"": {""area_change_fraction"": 0.0, ""area_km2_after"": 593.70985, ""area_km2_before"": 593.70985, ""features_before"": 148072, ""parts_after"": 148072}}",PILOT_LABEL_ADAPTER_V1,spartina.data.gee.grid.covering_grid on densified cell UTM bounds (identical to the Phase D EO export grid),UNKNOWN_GRIDCODE_ZERO_TODO_VERIFY
CNA10K-R00434-C00149,geodata-1990,GEODATA,1990,30,32651,51,395,382,111026,0.0,0.0,0,0,0,150890,150890,False,"[0, 0]",,,,,,work/national/pilot19/labels/R00434-C00149/GEODATA_1990_30m.tif,319efa45834c4d9609f49af0e3d4f713e38785b16f9ae6956900c0c9c11759e4,"{"".tif"": ""d88fc80ebed0e32f3550194d730293259ee8612f3f630915d4423a9edaccc6b4""}",,PILOT_LABEL_ADAPTER_V1,spartina.data.gee.grid.covering_grid on densified cell UTM bounds (identical to the Phase D EO export grid),
CNA10K-R00434-C00149,geodata-2000,GEODATA,2000,30,32651,51,395,382,111026,0.0,0.0,0,0,0,150890,150890,False,"[0, 0]",,,,,,work/national/pilot19/labels/R00434-C00149/GEODATA_2000_30m.tif,fc7e0d296917804bc6344495037142b8ebe707437a6a31452c4e58cb86ccc0a9,"{"".tif"": ""0556a63a1cd0c101ef267dfeced390fbf0430fb9472d95f8d03b32535be990b1""}",,PILOT_LABEL_ADAPTER_V1,spartina.data.gee.grid.covering_grid on densified cell UTM bounds (identical to the Phase D EO export grid),
CNA10K-R00434-C00149,geodata-2015,GEODATA,2015,30,32651,51,395,382,111026,0.0,0.0,0,0,0,150890,150890,False,"[0, 0]",,,,,,work/national/pilot19/labels/R00434-C00149/GEODATA_2015_30m.tif,92f48f85da41a1f01e9da21dad0a47bf60822479a51532b7956d6fbf8016f411,"{"".tif"": ""39a2d5352de8cb558f11df64c348574e9e2abf06446c3dc89035cdb3bb9c521d""}",,PILOT_LABEL_ADAPTER_V1,spartina.data.gee.grid.covering_grid on densified cell UTM bounds (identical to the Phase D EO export grid),
CNA10K-R00434-C00149,geodata-2020,GEODATA,2020,30,32651,51,395,382,111026,0.0,0.0,0,0,0,150890,150890,False,"[0, 0]",,,,,,work/national/pilot19/labels/R00434-C00149/GEODATA_2020_30m.tif,8e824f8087383b81685b666308fea505db072f99496c63e01a7b7a849d7d84d8,"{"".tif"": ""2cd169261383bef26aadb6abf8a730f14d7a847801f996757dc91c5b3f3d0937""}",,PILOT_LABEL_ADAPTER_V1,spartina.data.gee.grid.covering_grid on densified cell UTM bounds (identical to the Phase D EO export grid),
CNA10K-R00434-C00149,cmsa-2017,CMSA,2017,30,32651,51,395,382,111026,0.0,0.0,0,0,0,150890,150890,,,0,0,0,0,0.0,work/national/pilot19/labels/R00434-C00149/CMSA_2017_30m.tif,15302c97209c7ae97e704a1aa487ccc3507e79d1b1a828cda65b9f0e18c7b1a2,"{"".dbf"": ""b5eb1c661831bd2bc226b8c432a1be3c3ebf2f7122f2c13ed5cc95a4108299ca"", "".prj"": ""99a5a32f41f7df7e52e869dca1b2df8b2009ba20c28dbf95e61dc9c891dffd38"", "".shp"": ""3f5ff0b7538bf9f5165127b8d3fb0fdc77dfc2f6a8a26c7684a6cfb2e9f8a29d"", "".shx"": ""10b18253cd4810c10a85d82bbb57f7efaecfe29f7b75e42171407422bca084e7""}","{""gridcode0"": {""area_change_fraction"": 0.0, ""area_km2_after"": 0.894911, ""area_km2_before"": 0.894911, ""features_before"": 49, ""parts_after"": 52}, ""gridcodes_present"": [0, 2], ""n_features"": 5341, ""native_crs_epsg"": 32650, ""positive"": {""area_change_fraction"": 0.0, ""area_km2_after"": 494.693541, ""area_km2_before"": 494.693541, ""features_before"": 5292, ""parts_after"": 5292}}",PILOT_LABEL_ADAPTER_V1,spartina.data.gee.grid.covering_grid on densified cell UTM bounds (identical to the Phase D EO export grid),UNKNOWN_GRIDCODE_ZERO_TODO_VERIFY
CNA10K-R00434-C00149,cmsa-2018,CMSA,2018,30,32651,51,395,382,111026,0.0,0.0,0,0,0,150890,150890,,,0,0,0,0,0.0,work/national/pilot19/labels/R00434-C00149/CMSA_2018_30m.tif,c1f88d0dad3afe0c89ed273e5c93bb05a48b42e9969fc9cebd47b4e4965118bf,"{"".dbf"": ""95eb2ced9015302892ebf371126b08ec1a64bcdd3875af0e6b2d7639e19d16a2"", "".prj"": ""99a5a32f41f7df7e52e869dca1b2df8b2009ba20c28dbf95e61dc9c891dffd38"", "".shp"": ""d03efad274d571b6b1d3d302aff783995405958313219fd5ffb02723f0ed566d"", "".shx"": ""f2a8d73ef6e99e5432c2012736d1c621c5fee809214c846fc628c45bc2a64578""}","{""gridcode0"": {""area_change_fraction"": 0.0, ""area_km2_after"": 2.563579, ""area_km2_before"": 2.563579, ""features_before"": 53, ""parts_after"": 54}, ""gridcodes_present"": [0, 2], ""n_features"": 5985, ""native_crs_epsg"": 32650, ""positive"": {""area_change_fraction"": 0.0, ""area_km2_after"": 504.310018, ""area_km2_before"": 504.310018, ""features_before"": 5932, ""parts_after"": 5933}}",PILOT_LABEL_ADAPTER_V1,spartina.data.gee.grid.covering_grid on densified cell UTM bounds (identical to the Phase D EO export grid),UNKNOWN_GRIDCODE_ZERO_TODO_VERIFY
CNA10K-R00434-C00149,cmsa-2019,CMSA,2019,30,32651,51,395,382,111026,0.0,0.0,0,0,0,150890,150890,,,0,0,0,0,0.0,work/national/pilot19/labels/R00434-C00149/CMSA_2019_30m.tif,2c9aa30909b8477deb989ed2ad3443d3cf414be485afb8ed10ae997ae511bd99,"{"".dbf"": ""4f0005c970ee271360300429debf95a9aa62cb6f49e2664007e09fc961f94697"", "".prj"": ""99a5a32f41f7df7e52e869dca1b2df8b2009ba20c28dbf95e61dc9c891dffd38"", "".shp"": ""9cd003f21b59a3bd6eace0e51e9f0b8f2be3ca1d78803b2644e857f5f70f6a55"", "".shx"": ""41f971eacff13a85b2043eeebaaadd738949295fe4748de519dafe4d016c6aa9""}","{""gridcode0"": {""area_change_fraction"": 0.0, ""area_km2_after"": 6.963184, ""area_km2_before"": 6.963184, ""features_before"": 62, ""parts_after"": 65}, ""gridcodes_present"": [0, 2], ""n_features"": 6097, ""native_crs_epsg"": 32650, ""positive"": {""area_change_fraction"": 0.0, ""area_km2_after"": 532.991018, ""area_km2_before"": 532.991018, ""features_before"": 6035, ""parts_after"": 6035}}",PILOT_LABEL_ADAPTER_V1,spartina.data.gee.grid.covering_grid on densified cell UTM bounds (identical to the Phase D EO export grid),UNKNOWN_GRIDCODE_ZERO_TODO_VERIFY
CNA10K-R00434-C00149,cmsa-2020,CMSA,2020,30,32651,51,395,382,111026,0.0,0.0,0,0,0,150890,150890,,,0,0,0,0,0.0,work/national/pilot19/labels/R00434-C00149/CMSA_2020_30m.tif,5808716ebce37b40f53cbcc9cb00fee288625c8971ccd0c91e760e0616d01a61,"{"".dbf"": ""43d64aa98146bfcfaf0c873a2a369b55d860425ebcb0f3bf0b784d43719d2847"", "".prj"": ""99a5a32f41f7df7e52e869dca1b2df8b2009ba20c28dbf95e61dc9c891dffd38"", "".shp"": ""652af93b064d9698ae05ecdd16158e62c65254342d1ac51f82998d3f2e724044"", "".shx"": ""0b38a4df4d3a0bcec7a66cde095cdb825cee0bc80e0e573a13ca83ad8bbf021b""}","{""gridcode0"": {""area_change_fraction"": 0.0, ""area_km2_after"": 2.797072, ""area_km2_before"": 2.797072, ""features_before"": 50, ""parts_after"": 52}, ""gridcodes_present"": [0, 2], ""n_features"": 8914, ""native_crs_epsg"": 32650, ""positive"": {""area_change_fraction"": 0.0, ""area_km2_after"": 571.3516, ""area_km2_before"": 571.3516, ""features_before"": 8864, ""parts_after"": 8870}}",PILOT_LABEL_ADAPTER_V1,spartina.data.gee.grid.covering_grid on densified cell UTM bounds (identical to the Phase D EO export grid),UNKNOWN_GRIDCODE_ZERO_TODO_VERIFY
CNA10K-R00434-C00149,cmsa-2021,CMSA,2021,30,32651,51,395,382,111026,0.0,0.0,0,0,0,150890,150890,,,0,0,0,0,0.0,work/national/pilot19/labels/R00434-C00149/CMSA_2021_30m.tif,3e0826e84fe2b129a95eff036407aec15dc8167b51456eba5474d7cdc5f67fdf,"{"".dbf"": ""f99ffb3269865c370311b9bfe0d92120d8afd855d5ca748c64084c644b9f514c"", "".prj"": ""99a5a32f41f7df7e52e869dca1b2df8b2009ba20c28dbf95e61dc9c891dffd38"", "".shp"": ""835280e43976f69f9e88488ae9e1e91e43bd175afae294c76724e0d88a4c4d8d"", "".shx"": ""a732195701748d012c3279a28e0abff346495d8db3c16bc61bcdaa5a1ff99521""}","{""gridcode0"": {""area_change_fraction"": 0.0, ""area_km2_after"": 0.112222, ""area_km2_before"": 0.112222, ""features_before"": 18, ""parts_after"": 18}, ""gridcodes_present"": [0, 2], ""n_features"": 6295, ""native_crs_epsg"": 32650, ""positive"": {""area_change_fraction"": 0.0, ""area_km2_after"": 586.513407, ""area_km2_before"": 586.513407, ""features_before"": 6277, ""parts_after"": 6278}}",PILOT_LABEL_ADAPTER_V1,spartina.data.gee.grid.covering_grid on densified cell UTM bounds (identical to the Phase D EO export grid),UNKNOWN_GRIDCODE_ZERO_TODO_VERIFY
CNA10K-R00434-C00149,cmssm-2020,CM-SSM,2020,10,32651,51,1185,1144,999212,0.0,0.0,0,0,0,1355640,1355640,,,0,0,0,0,0.0,work/national/pilot19/labels/R00434-C00149/CM-SSM_2020_10m.tif,0e23a56006d1ad01d99969c0c2be2d5096415edf14b65ba25fb84c65cc0dbc8e,"{"".dbf"": ""8a74dcd9f1039c06fcf7a3a1102a0e8568ad600c6f1f1ef25af885ea07aced4a"", "".prj"": ""0cb13e6fc96091963305c3afcbb024fb464f80e014bf154433c6c5b343fdc1ef"", "".shp"": ""8f28c0f20f1dc8c5872a06db57621808dc737d602f8521387075dc39302cea54"", "".shx"": ""ce7c01f77f946647f426da4da9198b15250ffef050bc60c2861bd070dcbc42f2""}","{""n_features"": 148072, ""native_crs_epsg"": 32650, ""positive"": {""area_change_fraction"": 0.0, ""area_km2_after"": 593.70985, ""area_km2_before"": 593.70985, ""features_before"": 148072, ""parts_after"": 148072}}",PILOT_LABEL_ADAPTER_V1,spartina.data.gee.grid.covering_grid on densified cell UTM bounds (identical to the Phase D EO export grid),UNKNOWN_GRIDCODE_ZERO_TODO_VERIFY
CNA10K-R00434-C00149,cmssm-2020,CM-SSM,2020,30,32651,51,395,382,111026,0.0,0.0,0,0,0,150890,150890,,,0,0,0,0,0.0,work/national/pilot19/labels/R00434-C00149/CM-SSM_2020_30m.tif,2514a5d68a96d667005f43d2508bf876bc1d33dbe34672ef0474bb573369877e,"{"".dbf"": ""8a74dcd9f1039c06fcf7a3a1102a0e8568ad600c6f1f1ef25af885ea07aced4a"", "".prj"": ""0cb13e6fc96091963305c3afcbb024fb464f80e014bf154433c6c5b343fdc1ef"", "".shp"": ""8f28c0f20f1dc8c5872a06db57621808dc737d602f8521387075dc39302cea54"", "".shx"": ""ce7c01f77f946647f426da4da9198b15250ffef050bc60c2861bd070dcbc42f2""}","{""n_features"": 148072, ""native_crs_epsg"": 32650, ""positive"": {""area_change_fraction"": 0.0, ""area_km2_after"": 593.70985, ""area_km2_before"": 593.70985, ""features_before"": 148072, ""parts_after"": 148072}}",PILOT_LABEL_ADAPTER_V1,spartina.data.gee.grid.covering_grid on densified cell UTM bounds (identical to the Phase D EO export grid),UNKNOWN_GRIDCODE_ZERO_TODO_VERIFY
CNA10K-R00226-C00080,geodata-1990,GEODATA,1990,30,32649,49,352,360,111109,0.0,0.0,0,0,0,126720,126720,False,"[0, 0]",,,,,,work/national/pilot19/labels/R00226-C00080/GEODATA_1990_30m.tif,001256ec0955b31f722eb34c863ef74b90ff0ef5810a59326b830bccea3c17d3,"{"".tif"": ""d88fc80ebed0e32f3550194d730293259ee8612f3f630915d4423a9edaccc6b4""}",,PILOT_LABEL_ADAPTER_V1,spartina.data.gee.grid.covering_grid on densified cell UTM bounds (identical to the Phase D EO export grid),
CNA10K-R00226-C00080,geodata-2000,GEODATA,2000,30,32649,49,352,360,111109,0.0,0.0,0,0,126697,23,126720,True,"[377, 378]",,,,,,work/national/pilot19/labels/R00226-C00080/GEODATA_2000_30m.tif,a7dc3dc48d5dc67371c77dbad77a0c4436071839ed6f2d57d11ce37aeaa30a7f,"{"".tif"": ""0556a63a1cd0c101ef267dfeced390fbf0430fb9472d95f8d03b32535be990b1""}",,PILOT_LABEL_ADAPTER_V1,spartina.data.gee.grid.covering_grid on densified cell UTM bounds (identical to the Phase D EO export grid),
CNA10K-R00226-C00080,geodata-2015,GEODATA,2015,30,32649,49,352,360,111109,0.0,0.0,0,0,126701,19,126720,True,"[365, 373]",,,,,,work/national/pilot19/labels/R00226-C00080/GEODATA_2015_30m.tif,d43690b178a854822d269d8cbf062495aef194c176d985c1583f11000a429b19,"{"".tif"": ""39a2d5352de8cb558f11df64c348574e9e2abf06446c3dc89035cdb3bb9c521d""}",,PILOT_LABEL_ADAPTER_V1,spartina.data.gee.grid.covering_grid on densified cell UTM bounds (identical to the Phase D EO export grid),
CNA10K-R00226-C00080,geodata-2020,GEODATA,2020,30,32649,49,352,360,111109,0.0,0.0,0,0,126685,35,126720,True,"[377, 378]",,,,,,work/national/pilot19/labels/R00226-C00080/GEODATA_2020_30m.tif,d7d8aa72e9f43b911b66e7f2062ea27cc65c775b6ba126aef3460cd9ee6dad34,"{"".tif"": ""2cd169261383bef26aadb6abf8a730f14d7a847801f996757dc91c5b3f3d0937""}",,PILOT_LABEL_ADAPTER_V1,spartina.data.gee.grid.covering_grid on densified cell UTM bounds (identical to the Phase D EO export grid),
CNA10K-R00226-C00080,cmsa-2017,CMSA,2017,30,32649,49,352,360,111109,0.0,0.0,0,0,0,126720,126720,,,0,0,0,0,0.0,work/national/pilot19/labels/R00226-C00080/CMSA_2017_30m.tif,5e8802cb7b944b390bee1a453df3253aa5656eea99b9200850fe0a813abd90d7,"{"".dbf"": ""b5eb1c661831bd2bc226b8c432a1be3c3ebf2f7122f2c13ed5cc95a4108299ca"", "".prj"": ""99a5a32f41f7df7e52e869dca1b2df8b2009ba20c28dbf95e61dc9c891dffd38"", "".shp"": ""3f5ff0b7538bf9f5165127b8d3fb0fdc77dfc2f6a8a26c7684a6cfb2e9f8a29d"", "".shx"": ""10b18253cd4810c10a85d82bbb57f7efaecfe29f7b75e42171407422bca084e7""}","{""gridcode0"": {""area_change_fraction"": 0.0, ""area_km2_after"": 0.894911, ""area_km2_before"": 0.894911, ""features_before"": 49, ""parts_after"": 52}, ""gridcodes_present"": [0, 2], ""n_features"": 5341, ""native_crs_epsg"": 32650, ""positive"": {""area_change_fraction"": 0.0, ""area_km2_after"": 494.693541, ""area_km2_before"": 494.693541, ""features_before"": 5292, ""parts_after"": 5292}}",PILOT_LABEL_ADAPTER_V1,spartina.data.gee.grid.covering_grid on densified cell UTM bounds (identical to the Phase D EO export grid),UNKNOWN_GRIDCODE_ZERO_TODO_VERIFY
CNA10K-R00226-C00080,cmsa-2018,CMSA,2018,30,32649,49,352,360,111109,0.0,0.0,0,0,0,126720,126720,,,0,0,0,0,0.0,work/national/pilot19/labels/R00226-C00080/CMSA_2018_30m.tif,8677cc97cfeda46229c8291b3fb7cb0521ca4d5c8e011d2b8c43c45e19db9b03,"{"".dbf"": ""95eb2ced9015302892ebf371126b08ec1a64bcdd3875af0e6b2d7639e19d16a2"", "".prj"": ""99a5a32f41f7df7e52e869dca1b2df8b2009ba20c28dbf95e61dc9c891dffd38"", "".shp"": ""d03efad274d571b6b1d3d302aff783995405958313219fd5ffb02723f0ed566d"", "".shx"": ""f2a8d73ef6e99e5432c2012736d1c621c5fee809214c846fc628c45bc2a64578""}","{""gridcode0"": {""area_change_fraction"": 0.0, ""area_km2_after"": 2.563579, ""area_km2_before"": 2.563579, ""features_before"": 53, ""parts_after"": 54}, ""gridcodes_present"": [0, 2], ""n_features"": 5985, ""native_crs_epsg"": 32650, ""positive"": {""area_change_fraction"": 0.0, ""area_km2_after"": 504.310018, ""area_km2_before"": 504.310018, ""features_before"": 5932, ""parts_after"": 5933}}",PILOT_LABEL_ADAPTER_V1,spartina.data.gee.grid.covering_grid on densified cell UTM bounds (identical to the Phase D EO export grid),UNKNOWN_GRIDCODE_ZERO_TODO_VERIFY
CNA10K-R00226-C00080,cmsa-2019,CMSA,2019,30,32649,49,352,360,111109,0.0,0.0,0,0,0,126720,126720,,,0,0,0,0,0.0,work/national/pilot19/labels/R00226-C00080/CMSA_2019_30m.tif,1dfd5291a0f2e8d7c316bb5aed30f19f2514708baa1f4c9273b95b8935702ff3,"{"".dbf"": ""4f0005c970ee271360300429debf95a9aa62cb6f49e2664007e09fc961f94697"", "".prj"": ""99a5a32f41f7df7e52e869dca1b2df8b2009ba20c28dbf95e61dc9c891dffd38"", "".shp"": ""9cd003f21b59a3bd6eace0e51e9f0b8f2be3ca1d78803b2644e857f5f70f6a55"", "".shx"": ""41f971eacff13a85b2043eeebaaadd738949295fe4748de519dafe4d016c6aa9""}","{""gridcode0"": {""area_change_fraction"": 0.0, ""area_km2_after"": 6.963184, ""area_km2_before"": 6.963184, ""features_before"": 62, ""parts_after"": 65}, ""gridcodes_present"": [0, 2], ""n_features"": 6097, ""native_crs_epsg"": 32650, ""positive"": {""area_change_fraction"": 0.0, ""area_km2_after"": 532.991018, ""area_km2_before"": 532.991018, ""features_before"": 6035, ""parts_after"": 6035}}",PILOT_LABEL_ADAPTER_V1,spartina.data.gee.grid.covering_grid on densified cell UTM bounds (identical to the Phase D EO export grid),UNKNOWN_GRIDCODE_ZERO_TODO_VERIFY
CNA10K-R00226-C00080,cmsa-2020,CMSA,2020,30,32649,49,352,360,111109,0.0,0.0,0,0,0,126720,126720,,,0,0,0,0,0.0,work/national/pilot19/labels/R00226-C00080/CMSA_2020_30m.tif,5bf7ac4f1799bb184105c43883d11b7869f21eee5e6c8e880936bd18582b4bfd,"{"".dbf"": ""43d64aa98146bfcfaf0c873a2a369b55d860425ebcb0f3bf0b784d43719d2847"", "".prj"": ""99a5a32f41f7df7e52e869dca1b2df8b2009ba20c28dbf95e61dc9c891dffd38"", "".shp"": ""652af93b064d9698ae05ecdd16158e62c65254342d1ac51f82998d3f2e724044"", "".shx"": ""0b38a4df4d3a0bcec7a66cde095cdb825cee0bc80e0e573a13ca83ad8bbf021b""}","{""gridcode0"": {""area_change_fraction"": 0.0, ""area_km2_after"": 2.797072, ""area_km2_before"": 2.797072, ""features_before"": 50, ""parts_after"": 52}, ""gridcodes_present"": [0, 2], ""n_features"": 8914, ""native_crs_epsg"": 32650, ""positive"": {""area_change_fraction"": 0.0, ""area_km2_after"": 571.3516, ""area_km2_before"": 571.3516, ""features_before"": 8864, ""parts_after"": 8870}}",PILOT_LABEL_ADAPTER_V1,spartina.data.gee.grid.covering_grid on densified cell UTM bounds (identical to the Phase D EO export grid),UNKNOWN_GRIDCODE_ZERO_TODO_VERIFY
CNA10K-R00226-C00080,cmsa-2021,CMSA,2021,30,32649,49,352,360,111109,0.0,0.0,0,0,0,126720,126720,,,0,0,0,0,0.0,work/national/pilot19/labels/R00226-C00080/CMSA_2021_30m.tif,e18f3fd3c5f88796c7cec92902cab564a76a6dd7f7e5858b643a47bff4b01b69,"{"".dbf"": ""f99ffb3269865c370311b9bfe0d92120d8afd855d5ca748c64084c644b9f514c"", "".prj"": ""99a5a32f41f7df7e52e869dca1b2df8b2009ba20c28dbf95e61dc9c891dffd38"", "".shp"": ""835280e43976f69f9e88488ae9e1e91e43bd175afae294c76724e0d88a4c4d8d"", "".shx"": ""a732195701748d012c3279a28e0abff346495d8db3c16bc61bcdaa5a1ff99521""}","{""gridcode0"": {""area_change_fraction"": 0.0, ""area_km2_after"": 0.112222, ""area_km2_before"": 0.112222, ""features_before"": 18, ""parts_after"": 18}, ""gridcodes_present"": [0, 2], ""n_features"": 6295, ""native_crs_epsg"": 32650, ""positive"": {""area_change_fraction"": 0.0, ""area_km2_after"": 586.513407, ""area_km2_before"": 586.513407, ""features_before"": 6277, ""parts_after"": 6278}}",PILOT_LABEL_ADAPTER_V1,spartina.data.gee.grid.covering_grid on densified cell UTM bounds (identical to the Phase D EO export grid),UNKNOWN_GRIDCODE_ZERO_TODO_VERIFY
CNA10K-R00226-C00080,cmssm-2020,CM-SSM,2020,10,32649,49,1053,1078,999959,0.0,0.0,0,0,0,1135134,1135134,,,0,0,0,0,0.0,work/national/pilot19/labels/R00226-C00080/CM-SSM_2020_10m.tif,474355f3bd493e4079559c08e1185002cb99005a64274f58a4ac3741632e8ccb,"{"".dbf"": ""8a74dcd9f1039c06fcf7a3a1102a0e8568ad600c6f1f1ef25af885ea07aced4a"", "".prj"": ""0cb13e6fc96091963305c3afcbb024fb464f80e014bf154433c6c5b343fdc1ef"", "".shp"": ""8f28c0f20f1dc8c5872a06db57621808dc737d602f8521387075dc39302cea54"", "".shx"": ""ce7c01f77f946647f426da4da9198b15250ffef050bc60c2861bd070dcbc42f2""}","{""n_features"": 148072, ""native_crs_epsg"": 32650, ""positive"": {""area_change_fraction"": 0.0, ""area_km2_after"": 593.70985, ""area_km2_before"": 593.70985, ""features_before"": 148072, ""parts_after"": 148072}}",PILOT_LABEL_ADAPTER_V1,spartina.data.gee.grid.covering_grid on densified cell UTM bounds (identical to the Phase D EO export grid),UNKNOWN_GRIDCODE_ZERO_TODO_VERIFY
CNA10K-R00226-C00080,cmssm-2020,CM-SSM,2020,30,32649,49,352,360,111109,0.0,0.0,0,0,0,126720,126720,,,0,0,0,0,0.0,work/national/pilot19/labels/R00226-C00080/CM-SSM_2020_30m.tif,184f8b03d2ac923810fb39ac7120651637a16ce34d8d6370e5604953dbd07ec9,"{"".dbf"": ""8a74dcd9f1039c06fcf7a3a1102a0e8568ad600c6f1f1ef25af885ea07aced4a"", "".prj"": ""0cb13e6fc96091963305c3afcbb024fb464f80e014bf154433c6c5b343fdc1ef"", "".shp"": ""8f28c0f20f1dc8c5872a06db57621808dc737d602f8521387075dc39302cea54"", "".shx"": ""ce7c01f77f946647f426da4da9198b15250ffef050bc60c2861bd070dcbc42f2""}","{""n_features"": 148072, ""native_crs_epsg"": 32650, ""positive"": {""area_change_fraction"": 0.0, ""area_km2_after"": 593.70985, ""area_km2_before"": 593.70985, ""features_before"": 148072, ""parts_after"": 148072}}",PILOT_LABEL_ADAPTER_V1,spartina.data.gee.grid.covering_grid on densified cell UTM bounds (identical to the Phase D EO export grid),UNKNOWN_GRIDCODE_ZERO_TODO_VERIFY
CNA10K-R00274-C00147,geodata-1990,GEODATA,1990,30,32650,50,375,374,111226,0.0,0.0,0,0,140238,12,140250,True,"[418, 418]",,,,,,work/national/pilot19/labels/R00274-C00147/GEODATA_1990_30m.tif,c7dcdf1320778b1b586e766ef49907415620f297b2e87d9c880c1b5d5bf1fcbe,"{"".tif"": ""d88fc80ebed0e32f3550194d730293259ee8612f3f630915d4423a9edaccc6b4""}",,PILOT_LABEL_ADAPTER_V1,spartina.data.gee.grid.covering_grid on densified cell UTM bounds (identical to the Phase D EO export grid),
CNA10K-R00274-C00147,geodata-2000,GEODATA,2000,30,32650,50,375,374,111226,0.0,0.0,0,0,140243,7,140250,True,"[418, 418]",,,,,,work/national/pilot19/labels/R00274-C00147/GEODATA_2000_30m.tif,99b5b89795cce19a26fd103e434ead085294c1e569b3b74b90bfd98eb1eb65f3,"{"".tif"": ""0556a63a1cd0c101ef267dfeced390fbf0430fb9472d95f8d03b32535be990b1""}",,PILOT_LABEL_ADAPTER_V1,spartina.data.gee.grid.covering_grid on densified cell UTM bounds (identical to the Phase D EO export grid),
CNA10K-R00274-C00147,geodata-2015,GEODATA,2015,30,32650,50,375,374,111226,0.0,0.0,0,0,139502,748,140250,True,"[374, 373]",,,,,,work/national/pilot19/labels/R00274-C00147/GEODATA_2015_30m.tif,421e3b6489974a3fb78bb4312ee0700ad73402c9c07fa72d455b4d905a94bee8,"{"".tif"": ""39a2d5352de8cb558f11df64c348574e9e2abf06446c3dc89035cdb3bb9c521d""}",,PILOT_LABEL_ADAPTER_V1,spartina.data.gee.grid.covering_grid on densified cell UTM bounds (identical to the Phase D EO export grid),
CNA10K-R00274-C00147,geodata-2020,GEODATA,2020,30,32650,50,375,374,111226,0.0,0.0,0,0,140246,4,140250,True,"[418, 418]",,,,,,work/national/pilot19/labels/R00274-C00147/GEODATA_2020_30m.tif,e2be233c722abe54a95a57c87c2954536e760888fdd3fb707935e70afe6dc7ca,"{"".tif"": ""2cd169261383bef26aadb6abf8a730f14d7a847801f996757dc91c5b3f3d0937""}",,PILOT_LABEL_ADAPTER_V1,spartina.data.gee.grid.covering_grid on densified cell UTM bounds (identical to the Phase D EO export grid),
CNA10K-R00274-C00147,cmsa-2017,CMSA,2017,30,32650,50,375,374,111226,0.0,0.0,0,0,0,140250,140250,,,0,0,0,0,0.0,work/national/pilot19/labels/R00274-C00147/CMSA_2017_30m.tif,446d3e8621255e4c5985e9f95e57f006e443c2d38813a4e02ea98da352bf37b1,"{"".dbf"": ""b5eb1c661831bd2bc226b8c432a1be3c3ebf2f7122f2c13ed5cc95a4108299ca"", "".prj"": ""99a5a32f41f7df7e52e869dca1b2df8b2009ba20c28dbf95e61dc9c891dffd38"", "".shp"": ""3f5ff0b7538bf9f5165127b8d3fb0fdc77dfc2f6a8a26c7684a6cfb2e9f8a29d"", "".shx"": ""10b18253cd4810c10a85d82bbb57f7efaecfe29f7b75e42171407422bca084e7""}","{""gridcode0"": {""area_change_fraction"": 0.0, ""area_km2_after"": 0.894911, ""area_km2_before"": 0.894911, ""features_before"": 49, ""parts_after"": 52}, ""gridcodes_present"": [0, 2], ""n_features"": 5341, ""native_crs_epsg"": 32650, ""positive"": {""area_change_fraction"": 0.0, ""area_km2_after"": 494.693541, ""area_km2_before"": 494.693541, ""features_before"": 5292, ""parts_after"": 5292}}",PILOT_LABEL_ADAPTER_V1,spartina.data.gee.grid.covering_grid on densified cell UTM bounds (identical to the Phase D EO export grid),UNKNOWN_GRIDCODE_ZERO_TODO_VERIFY
CNA10K-R00274-C00147,cmsa-2018,CMSA,2018,30,32650,50,375,374,111226,0.0,0.0,0,0,0,140250,140250,,,0,0,0,0,0.0,work/national/pilot19/labels/R00274-C00147/CMSA_2018_30m.tif,e6db6e6b6c7160b5a3ee02c3da393e24a5c20036d0ab118091a1c8614881c3ad,"{"".dbf"": ""95eb2ced9015302892ebf371126b08ec1a64bcdd3875af0e6b2d7639e19d16a2"", "".prj"": ""99a5a32f41f7df7e52e869dca1b2df8b2009ba20c28dbf95e61dc9c891dffd38"", "".shp"": ""d03efad274d571b6b1d3d302aff783995405958313219fd5ffb02723f0ed566d"", "".shx"": ""f2a8d73ef6e99e5432c2012736d1c621c5fee809214c846fc628c45bc2a64578""}","{""gridcode0"": {""area_change_fraction"": 0.0, ""area_km2_after"": 2.563579, ""area_km2_before"": 2.563579, ""features_before"": 53, ""parts_after"": 54}, ""gridcodes_present"": [0, 2], ""n_features"": 5985, ""native_crs_epsg"": 32650, ""positive"": {""area_change_fraction"": 0.0, ""area_km2_after"": 504.310018, ""area_km2_before"": 504.310018, ""features_before"": 5932, ""parts_after"": 5933}}",PILOT_LABEL_ADAPTER_V1,spartina.data.gee.grid.covering_grid on densified cell UTM bounds (identical to the Phase D EO export grid),UNKNOWN_GRIDCODE_ZERO_TODO_VERIFY
CNA10K-R00274-C00147,cmsa-2019,CMSA,2019,30,32650,50,375,374,111226,0.0,0.0,0,0,0,140250,140250,,,0,0,0,0,0.0,work/national/pilot19/labels/R00274-C00147/CMSA_2019_30m.tif,e53f8e80bef6664c046689291b01d942013f0935676305dcf523706f02d9008e,"{"".dbf"": ""4f0005c970ee271360300429debf95a9aa62cb6f49e2664007e09fc961f94697"", "".prj"": ""99a5a32f41f7df7e52e869dca1b2df8b2009ba20c28dbf95e61dc9c891dffd38"", "".shp"": ""9cd003f21b59a3bd6eace0e51e9f0b8f2be3ca1d78803b2644e857f5f70f6a55"", "".shx"": ""41f971eacff13a85b2043eeebaaadd738949295fe4748de519dafe4d016c6aa9""}","{""gridcode0"": {""area_change_fraction"": 0.0, ""area_km2_after"": 6.963184, ""area_km2_before"": 6.963184, ""features_before"": 62, ""parts_after"": 65}, ""gridcodes_present"": [0, 2], ""n_features"": 6097, ""native_crs_epsg"": 32650, ""positive"": {""area_change_fraction"": 0.0, ""area_km2_after"": 532.991018, ""area_km2_before"": 532.991018, ""features_before"": 6035, ""parts_after"": 6035}}",PILOT_LABEL_ADAPTER_V1,spartina.data.gee.grid.covering_grid on densified cell UTM bounds (identical to the Phase D EO export grid),UNKNOWN_GRIDCODE_ZERO_TODO_VERIFY
CNA10K-R00274-C00147,cmsa-2020,CMSA,2020,30,32650,50,375,374,111226,0.0,0.0,0,0,0,140250,140250,,,0,0,0,0,0.0,work/national/pilot19/labels/R00274-C00147/CMSA_2020_30m.tif,5c7681074e9de3e43e7df960aff3a7ad1af93ae20e6655dbba3dccd38a88a01d,"{"".dbf"": ""43d64aa98146bfcfaf0c873a2a369b55d860425ebcb0f3bf0b784d43719d2847"", "".prj"": ""99a5a32f41f7df7e52e869dca1b2df8b2009ba20c28dbf95e61dc9c891dffd38"", "".shp"": ""652af93b064d9698ae05ecdd16158e62c65254342d1ac51f82998d3f2e724044"", "".shx"": ""0b38a4df4d3a0bcec7a66cde095cdb825cee0bc80e0e573a13ca83ad8bbf021b""}","{""gridcode0"": {""area_change_fraction"": 0.0, ""area_km2_after"": 2.797072, ""area_km2_before"": 2.797072, ""features_before"": 50, ""parts_after"": 52}, ""gridcodes_present"": [0, 2], ""n_features"": 8914, ""native_crs_epsg"": 32650, ""positive"": {""area_change_fraction"": 0.0, ""area_km2_after"": 571.3516, ""area_km2_before"": 571.3516, ""features_before"": 8864, ""parts_after"": 8870}}",PILOT_LABEL_ADAPTER_V1,spartina.data.gee.grid.covering_grid on densified cell UTM bounds (identical to the Phase D EO export grid),UNKNOWN_GRIDCODE_ZERO_TODO_VERIFY
CNA10K-R00274-C00147,cmsa-2021,CMSA,2021,30,32650,50,375,374,111226,0.0,0.0,0,0,0,140250,140250,,,0,0,0,0,0.0,work/national/pilot19/labels/R00274-C00147/CMSA_2021_30m.tif,37238b442c36ba537161d15322941ffe0b0266c1d3e7d08680940a2b6b122907,"{"".dbf"": ""f99ffb3269865c370311b9bfe0d92120d8afd855d5ca748c64084c644b9f514c"", "".prj"": ""99a5a32f41f7df7e52e869dca1b2df8b2009ba20c28dbf95e61dc9c891dffd38"", "".shp"": ""835280e43976f69f9e88488ae9e1e91e43bd175afae294c76724e0d88a4c4d8d"", "".shx"": ""a732195701748d012c3279a28e0abff346495d8db3c16bc61bcdaa5a1ff99521""}","{""gridcode0"": {""area_change_fraction"": 0.0, ""area_km2_after"": 0.112222, ""area_km2_before"": 0.112222, ""features_before"": 18, ""parts_after"": 18}, ""gridcodes_present"": [0, 2], ""n_features"": 6295, ""native_crs_epsg"": 32650, ""positive"": {""area_change_fraction"": 0.0, ""area_km2_after"": 586.513407, ""area_km2_before"": 586.513407, ""features_before"": 6277, ""parts_after"": 6278}}",PILOT_LABEL_ADAPTER_V1,spartina.data.gee.grid.covering_grid on densified cell UTM bounds (identical to the Phase D EO export grid),UNKNOWN_GRIDCODE_ZERO_TODO_VERIFY
CNA10K-R00274-C00147,cmssm-2020,CM-SSM,2020,10,32650,50,1122,1120,1001025,0.0,0.0,0,0,0,1256640,1256640,,,0,0,0,0,0.0,work/national/pilot19/labels/R00274-C00147/CM-SSM_2020_10m.tif,3315c813b8161dd5704ceffd79527f96869ed1c46358bcb08cf6854eac3abfb9,"{"".dbf"": ""8a74dcd9f1039c06fcf7a3a1102a0e8568ad600c6f1f1ef25af885ea07aced4a"", "".prj"": ""0cb13e6fc96091963305c3afcbb024fb464f80e014bf154433c6c5b343fdc1ef"", "".shp"": ""8f28c0f20f1dc8c5872a06db57621808dc737d602f8521387075dc39302cea54"", "".shx"": ""ce7c01f77f946647f426da4da9198b15250ffef050bc60c2861bd070dcbc42f2""}","{""n_features"": 148072, ""native_crs_epsg"": 32650, ""positive"": {""area_change_fraction"": 0.0, ""area_km2_after"": 593.70985, ""area_km2_before"": 593.70985, ""features_before"": 148072, ""parts_after"": 148072}}",PILOT_LABEL_ADAPTER_V1,spartina.data.gee.grid.covering_grid on densified cell UTM bounds (identical to the Phase D EO export grid),UNKNOWN_GRIDCODE_ZERO_TODO_VERIFY
CNA10K-R00274-C00147,cmssm-2020,CM-SSM,2020,30,32650,50,375,374,111226,0.0,0.0,0,0,0,140250,140250,,,0,0,0,0,0.0,work/national/pilot19/labels/R00274-C00147/CM-SSM_2020_30m.tif,79fb291d06f81f3f2c0e3c2115518d2f15102f366ee30108a47c05317b83a4a1,"{"".dbf"": ""8a74dcd9f1039c06fcf7a3a1102a0e8568ad600c6f1f1ef25af885ea07aced4a"", "".prj"": ""0cb13e6fc96091963305c3afcbb024fb464f80e014bf154433c6c5b343fdc1ef"", "".shp"": ""8f28c0f20f1dc8c5872a06db57621808dc737d602f8521387075dc39302cea54"", "".shx"": ""ce7c01f77f946647f426da4da9198b15250ffef050bc60c2861bd070dcbc42f2""}","{""n_features"": 148072, ""native_crs_epsg"": 32650, ""positive"": {""area_change_fraction"": 0.0, ""area_km2_after"": 593.70985, ""area_km2_before"": 593.70985, ""features_before"": 148072, ""parts_after"": 148072}}",PILOT_LABEL_ADAPTER_V1,spartina.data.gee.grid.covering_grid on densified cell UTM bounds (identical to the Phase D EO export grid),UNKNOWN_GRIDCODE_ZERO_TODO_VERIFY
CNA10K-R00445-C00159,geodata-1990,GEODATA,1990,30,32651,51,395,382,111046,0.0,0.0,0,0,0,150890,150890,False,"[0, 0]",,,,,,work/national/pilot19/labels/R00445-C00159/GEODATA_1990_30m.tif,8f22c2c52222723b961264e684465e49fb5dafe3671d578b7b79151af9e1eb9f,"{"".tif"": ""d88fc80ebed0e32f3550194d730293259ee8612f3f630915d4423a9edaccc6b4""}",,PILOT_LABEL_ADAPTER_V1,spartina.data.gee.grid.covering_grid on densified cell UTM bounds (identical to the Phase D EO export grid),
CNA10K-R00445-C00159,geodata-2000,GEODATA,2000,30,32651,51,395,382,111046,0.0,0.0,0,0,0,150890,150890,False,"[0, 0]",,,,,,work/national/pilot19/labels/R00445-C00159/GEODATA_2000_30m.tif,85ead2c6c1207d365f9c4252799de802f7cbf1e268ff918c530030e577368c55,"{"".tif"": ""0556a63a1cd0c101ef267dfeced390fbf0430fb9472d95f8d03b32535be990b1""}",,PILOT_LABEL_ADAPTER_V1,spartina.data.gee.grid.covering_grid on densified cell UTM bounds (identical to the Phase D EO export grid),
CNA10K-R00445-C00159,geodata-2015,GEODATA,2015,30,32651,51,395,382,111046,0.0,0.0,0,0,0,150890,150890,False,"[0, 0]",,,,,,work/national/pilot19/labels/R00445-C00159/GEODATA_2015_30m.tif,cf251d0b463661c369f95edbec26472c3c6caa6592d10a3d2bd32e7c670a4ef2,"{"".tif"": ""39a2d5352de8cb558f11df64c348574e9e2abf06446c3dc89035cdb3bb9c521d""}",,PILOT_LABEL_ADAPTER_V1,spartina.data.gee.grid.covering_grid on densified cell UTM bounds (identical to the Phase D EO export grid),
CNA10K-R00445-C00159,geodata-2020,GEODATA,2020,30,32651,51,395,382,111046,0.0,0.0,0,0,0,150890,150890,False,"[0, 0]",,,,,,work/national/pilot19/labels/R00445-C00159/GEODATA_2020_30m.tif,b6b3de6e6c36413df87b686aad6da550015241785427a470940eb63bb2019492,"{"".tif"": ""2cd169261383bef26aadb6abf8a730f14d7a847801f996757dc91c5b3f3d0937""}",,PILOT_LABEL_ADAPTER_V1,spartina.data.gee.grid.covering_grid on densified cell UTM bounds (identical to the Phase D EO export grid),
CNA10K-R00445-C00159,cmsa-2017,CMSA,2017,30,32651,51,395,382,111046,0.0,0.0,0,0,0,150890,150890,,,0,0,0,0,0.0,work/national/pilot19/labels/R00445-C00159/CMSA_2017_30m.tif,7f11bcf0e4541a57a07a14255a9a4e1ad48f08576be76db94b945b615429a4eb,"{"".dbf"": ""b5eb1c661831bd2bc226b8c432a1be3c3ebf2f7122f2c13ed5cc95a4108299ca"", "".prj"": ""99a5a32f41f7df7e52e869dca1b2df8b2009ba20c28dbf95e61dc9c891dffd38"", "".shp"": ""3f5ff0b7538bf9f5165127b8d3fb0fdc77dfc2f6a8a26c7684a6cfb2e9f8a29d"", "".shx"": ""10b18253cd4810c10a85d82bbb57f7efaecfe29f7b75e42171407422bca084e7""}","{""gridcode0"": {""area_change_fraction"": 0.0, ""area_km2_after"": 0.894911, ""area_km2_before"": 0.894911, ""features_before"": 49, ""parts_after"": 52}, ""gridcodes_present"": [0, 2], ""n_features"": 5341, ""native_crs_epsg"": 32650, ""positive"": {""area_change_fraction"": 0.0, ""area_km2_after"": 494.693541, ""area_km2_before"": 494.693541, ""features_before"": 5292, ""parts_after"": 5292}}",PILOT_LABEL_ADAPTER_V1,spartina.data.gee.grid.covering_grid on densified cell UTM bounds (identical to the Phase D EO export grid),UNKNOWN_GRIDCODE_ZERO_TODO_VERIFY
CNA10K-R00445-C00159,cmsa-2018,CMSA,2018,30,32651,51,395,382,111046,0.0,0.0,0,0,0,150890,150890,,,0,0,0,0,0.0,work/national/pilot19/labels/R00445-C00159/CMSA_2018_30m.tif,e06e74be7874f58c92266b82d4239d6232c5a04ebfdb77978c4e34abded9872a,"{"".dbf"": ""95eb2ced9015302892ebf371126b08ec1a64bcdd3875af0e6b2d7639e19d16a2"", "".prj"": ""99a5a32f41f7df7e52e869dca1b2df8b2009ba20c28dbf95e61dc9c891dffd38"", "".shp"": ""d03efad274d571b6b1d3d302aff783995405958313219fd5ffb02723f0ed566d"", "".shx"": ""f2a8d73ef6e99e5432c2012736d1c621c5fee809214c846fc628c45bc2a64578""}","{""gridcode0"": {""area_change_fraction"": 0.0, ""area_km2_after"": 2.563579, ""area_km2_before"": 2.563579, ""features_before"": 53, ""parts_after"": 54}, ""gridcodes_present"": [0, 2], ""n_features"": 5985, ""native_crs_epsg"": 32650, ""positive"": {""area_change_fraction"": 0.0, ""area_km2_after"": 504.310018, ""area_km2_before"": 504.310018, ""features_before"": 5932, ""parts_after"": 5933}}",PILOT_LABEL_ADAPTER_V1,spartina.data.gee.grid.covering_grid on densified cell UTM bounds (identical to the Phase D EO export grid),UNKNOWN_GRIDCODE_ZERO_TODO_VERIFY
CNA10K-R00445-C00159,cmsa-2019,CMSA,2019,30,32651,51,395,382,111046,0.0,0.0,0,0,0,150890,150890,,,0,0,0,0,0.0,work/national/pilot19/labels/R00445-C00159/CMSA_2019_30m.tif,81c24832e922c99645522b01ccd33a4bcef008de9b2dac5a649eeb44e0a2ee60,"{"".dbf"": ""4f0005c970ee271360300429debf95a9aa62cb6f49e2664007e09fc961f94697"", "".prj"": ""99a5a32f41f7df7e52e869dca1b2df8b2009ba20c28dbf95e61dc9c891dffd38"", "".shp"": ""9cd003f21b59a3bd6eace0e51e9f0b8f2be3ca1d78803b2644e857f5f70f6a55"", "".shx"": ""41f971eacff13a85b2043eeebaaadd738949295fe4748de519dafe4d016c6aa9""}","{""gridcode0"": {""area_change_fraction"": 0.0, ""area_km2_after"": 6.963184, ""area_km2_before"": 6.963184, ""features_before"": 62, ""parts_after"": 65}, ""gridcodes_present"": [0, 2], ""n_features"": 6097, ""native_crs_epsg"": 32650, ""positive"": {""area_change_fraction"": 0.0, ""area_km2_after"": 532.991018, ""area_km2_before"": 532.991018, ""features_before"": 6035, ""parts_after"": 6035}}",PILOT_LABEL_ADAPTER_V1,spartina.data.gee.grid.covering_grid on densified cell UTM bounds (identical to the Phase D EO export grid),UNKNOWN_GRIDCODE_ZERO_TODO_VERIFY
CNA10K-R00445-C00159,cmsa-2020,CMSA,2020,30,32651,51,395,382,111046,0.0,0.0,0,0,0,150890,150890,,,0,0,0,0,0.0,work/national/pilot19/labels/R00445-C00159/CMSA_2020_30m.tif,a36693b724d7d0678407b4df0792048542cf2d60b0668f63154ffd8e637e18f3,"{"".dbf"": ""43d64aa98146bfcfaf0c873a2a369b55d860425ebcb0f3bf0b784d43719d2847"", "".prj"": ""99a5a32f41f7df7e52e869dca1b2df8b2009ba20c28dbf95e61dc9c891dffd38"", "".shp"": ""652af93b064d9698ae05ecdd16158e62c65254342d1ac51f82998d3f2e724044"", "".shx"": ""0b38a4df4d3a0bcec7a66cde095cdb825cee0bc80e0e573a13ca83ad8bbf021b""}","{""gridcode0"": {""area_change_fraction"": 0.0, ""area_km2_after"": 2.797072, ""area_km2_before"": 2.797072, ""features_before"": 50, ""parts_after"": 52}, ""gridcodes_present"": [0, 2], ""n_features"": 8914, ""native_crs_epsg"": 32650, ""positive"": {""area_change_fraction"": 0.0, ""area_km2_after"": 571.3516, ""area_km2_before"": 571.3516, ""features_before"": 8864, ""parts_after"": 8870}}",PILOT_LABEL_ADAPTER_V1,spartina.data.gee.grid.covering_grid on densified cell UTM bounds (identical to the Phase D EO export grid),UNKNOWN_GRIDCODE_ZERO_TODO_VERIFY
CNA10K-R00445-C00159,cmsa-2021,CMSA,2021,30,32651,51,395,382,111046,0.0,0.0,0,0,0,150890,150890,,,0,0,0,0,0.0,work/national/pilot19/labels/R00445-C00159/CMSA_2021_30m.tif,72025d6437ea4305f8d3878de7913618c5be4ceca4ce6a8d1d488bb89448779d,"{"".dbf"": ""f99ffb3269865c370311b9bfe0d92120d8afd855d5ca748c64084c644b9f514c"", "".prj"": ""99a5a32f41f7df7e52e869dca1b2df8b2009ba20c28dbf95e61dc9c891dffd38"", "".shp"": ""835280e43976f69f9e88488ae9e1e91e43bd175afae294c76724e0d88a4c4d8d"", "".shx"": ""a732195701748d012c3279a28e0abff346495d8db3c16bc61bcdaa5a1ff99521""}","{""gridcode0"": {""area_change_fraction"": 0.0, ""area_km2_after"": 0.112222, ""area_km2_before"": 0.112222, ""features_before"": 18, ""parts_after"": 18}, ""gridcodes_present"": [0, 2], ""n_features"": 6295, ""native_crs_epsg"": 32650, ""positive"": {""area_change_fraction"": 0.0, ""area_km2_after"": 586.513407, ""area_km2_before"": 586.513407, ""features_before"": 6277, ""parts_after"": 6278}}",PILOT_LABEL_ADAPTER_V1,spartina.data.gee.grid.covering_grid on densified cell UTM bounds (identical to the Phase D EO export grid),UNKNOWN_GRIDCODE_ZERO_TODO_VERIFY
CNA10K-R00445-C00159,cmssm-2020,CM-SSM,2020,10,32651,51,1183,1144,999422,0.0,0.0,0,0,0,1353352,1353352,,,0,0,0,0,0.0,work/national/pilot19/labels/R00445-C00159/CM-SSM_2020_10m.tif,9d6ddc7c016d99b23761d971bc5cab65597410806f60cbd1e5c553df2de10d00,"{"".dbf"": ""8a74dcd9f1039c06fcf7a3a1102a0e8568ad600c6f1f1ef25af885ea07aced4a"", "".prj"": ""0cb13e6fc96091963305c3afcbb024fb464f80e014bf154433c6c5b343fdc1ef"", "".shp"": ""8f28c0f20f1dc8c5872a06db57621808dc737d602f8521387075dc39302cea54"", "".shx"": ""ce7c01f77f946647f426da4da9198b15250ffef050bc60c2861bd070dcbc42f2""}","{""n_features"": 148072, ""native_crs_epsg"": 32650, ""positive"": {""area_change_fraction"": 0.0, ""area_km2_after"": 593.70985, ""area_km2_before"": 593.70985, ""features_before"": 148072, ""parts_after"": 148072}}",PILOT_LABEL_ADAPTER_V1,spartina.data.gee.grid.covering_grid on densified cell UTM bounds (identical to the Phase D EO export grid),UNKNOWN_GRIDCODE_ZERO_TODO_VERIFY
CNA10K-R00445-C00159,cmssm-2020,CM-SSM,2020,30,32651,51,395,382,111046,0.0,0.0,0,0,0,150890,150890,,,0,0,0,0,0.0,work/national/pilot19/labels/R00445-C00159/CM-SSM_2020_30m.tif,7624b36ff142aa659cda603202495e729c695f2a825632a25a2456245c3288bc,"{"".dbf"": ""8a74dcd9f1039c06fcf7a3a1102a0e8568ad600c6f1f1ef25af885ea07aced4a"", "".prj"": ""0cb13e6fc96091963305c3afcbb024fb464f80e014bf154433c6c5b343fdc1ef"", "".shp"": ""8f28c0f20f1dc8c5872a06db57621808dc737d602f8521387075dc39302cea54"", "".shx"": ""ce7c01f77f946647f426da4da9198b15250ffef050bc60c2861bd070dcbc42f2""}","{""n_features"": 148072, ""native_crs_epsg"": 32650, ""positive"": {""area_change_fraction"": 0.0, ""area_km2_after"": 593.70985, ""area_km2_before"": 593.70985, ""features_before"": 148072, ""parts_after"": 148072}}",PILOT_LABEL_ADAPTER_V1,spartina.data.gee.grid.covering_grid on densified cell UTM bounds (identical to the Phase D EO export grid),UNKNOWN_GRIDCODE_ZERO_TODO_VERIFY
CNA10K-R00279-C00143,geodata-1990,GEODATA,1990,30,32650,50,375,373,111176,0.0,0.0,0,0,139867,8,139875,True,"[417, 417]",,,,,,work/national/pilot19/labels/R00279-C00143/GEODATA_1990_30m.tif,b6d3ad617edd3d5d02bf0417f3b2d313c5c1018d0ccd736983178e1b2b18eef4,"{"".tif"": ""d88fc80ebed0e32f3550194d730293259ee8612f3f630915d4423a9edaccc6b4""}",,PILOT_LABEL_ADAPTER_V1,spartina.data.gee.grid.covering_grid on densified cell UTM bounds (identical to the Phase D EO export grid),
CNA10K-R00279-C00143,geodata-2000,GEODATA,2000,30,32650,50,375,373,111176,0.0,0.0,0,0,139866,9,139875,True,"[417, 417]",,,,,,work/national/pilot19/labels/R00279-C00143/GEODATA_2000_30m.tif,a25c02122da67b07a8949e37f6c493e334b7a182ca0ef384a17e48c90389f6a7,"{"".tif"": ""0556a63a1cd0c101ef267dfeced390fbf0430fb9472d95f8d03b32535be990b1""}",,PILOT_LABEL_ADAPTER_V1,spartina.data.gee.grid.covering_grid on densified cell UTM bounds (identical to the Phase D EO export grid),
CNA10K-R00279-C00143,geodata-2015,GEODATA,2015,30,32650,50,375,373,111176,0.0,0.0,0,0,139128,747,139875,True,"[374, 372]",,,,,,work/national/pilot19/labels/R00279-C00143/GEODATA_2015_30m.tif,57ecbf9ed097df0f393104969bfb534d67c3ef8fc9ad46a7527067d0172878fb,"{"".tif"": ""39a2d5352de8cb558f11df64c348574e9e2abf06446c3dc89035cdb3bb9c521d""}",,PILOT_LABEL_ADAPTER_V1,spartina.data.gee.grid.covering_grid on densified cell UTM bounds (identical to the Phase D EO export grid),
CNA10K-R00279-C00143,geodata-2020,GEODATA,2020,30,32650,50,375,373,111176,0.0,0.0,0,0,139868,7,139875,True,"[417, 417]",,,,,,work/national/pilot19/labels/R00279-C00143/GEODATA_2020_30m.tif,c1336c2fda42e61480c45ef466bf47617ce066b5ef831cc07a955f46153ccc6c,"{"".tif"": ""2cd169261383bef26aadb6abf8a730f14d7a847801f996757dc91c5b3f3d0937""}",,PILOT_LABEL_ADAPTER_V1,spartina.data.gee.grid.covering_grid on densified cell UTM bounds (identical to the Phase D EO export grid),
CNA10K-R00279-C00143,cmsa-2017,CMSA,2017,30,32650,50,375,373,111176,0.0,0.0,0,0,0,139875,139875,,,0,0,0,0,0.0,work/national/pilot19/labels/R00279-C00143/CMSA_2017_30m.tif,71df1ae94e8599e14e81a4f37adc9b2141f319b434afa5caabaf07322abc73a4,"{"".dbf"": ""b5eb1c661831bd2bc226b8c432a1be3c3ebf2f7122f2c13ed5cc95a4108299ca"", "".prj"": ""99a5a32f41f7df7e52e869dca1b2df8b2009ba20c28dbf95e61dc9c891dffd38"", "".shp"": ""3f5ff0b7538bf9f5165127b8d3fb0fdc77dfc2f6a8a26c7684a6cfb2e9f8a29d"", "".shx"": ""10b18253cd4810c10a85d82bbb57f7efaecfe29f7b75e42171407422bca084e7""}","{""gridcode0"": {""area_change_fraction"": 0.0, ""area_km2_after"": 0.894911, ""area_km2_before"": 0.894911, ""features_before"": 49, ""parts_after"": 52}, ""gridcodes_present"": [0, 2], ""n_features"": 5341, ""native_crs_epsg"": 32650, ""positive"": {""area_change_fraction"": 0.0, ""area_km2_after"": 494.693541, ""area_km2_before"": 494.693541, ""features_before"": 5292, ""parts_after"": 5292}}",PILOT_LABEL_ADAPTER_V1,spartina.data.gee.grid.covering_grid on densified cell UTM bounds (identical to the Phase D EO export grid),UNKNOWN_GRIDCODE_ZERO_TODO_VERIFY
CNA10K-R00279-C00143,cmsa-2018,CMSA,2018,30,32650,50,375,373,111176,0.0,0.0,0,0,0,139875,139875,,,0,0,0,0,0.0,work/national/pilot19/labels/R00279-C00143/CMSA_2018_30m.tif,2cd9ec951b6b9daf98da3a5ea5c1c8fe1c0d0de3afefab710510b2a598b822d5,"{"".dbf"": ""95eb2ced9015302892ebf371126b08ec1a64bcdd3875af0e6b2d7639e19d16a2"", "".prj"": ""99a5a32f41f7df7e52e869dca1b2df8b2009ba20c28dbf95e61dc9c891dffd38"", "".shp"": ""d03efad274d571b6b1d3d302aff783995405958313219fd5ffb02723f0ed566d"", "".shx"": ""f2a8d73ef6e99e5432c2012736d1c621c5fee809214c846fc628c45bc2a64578""}","{""gridcode0"": {""area_change_fraction"": 0.0, ""area_km2_after"": 2.563579, ""area_km2_before"": 2.563579, ""features_before"": 53, ""parts_after"": 54}, ""gridcodes_present"": [0, 2], ""n_features"": 5985, ""native_crs_epsg"": 32650, ""positive"": {""area_change_fraction"": 0.0, ""area_km2_after"": 504.310018, ""area_km2_before"": 504.310018, ""features_before"": 5932, ""parts_after"": 5933}}",PILOT_LABEL_ADAPTER_V1,spartina.data.gee.grid.covering_grid on densified cell UTM bounds (identical to the Phase D EO export grid),UNKNOWN_GRIDCODE_ZERO_TODO_VERIFY
CNA10K-R00279-C00143,cmsa-2019,CMSA,2019,30,32650,50,375,373,111176,0.0,0.0,0,0,0,139875,139875,,,0,0,0,0,0.0,work/national/pilot19/labels/R00279-C00143/CMSA_2019_30m.tif,8ed6f59852802180662bf8544c76f526f4e986a82e6ce442dcd7b59ca85a9076,"{"".dbf"": ""4f0005c970ee271360300429debf95a9aa62cb6f49e2664007e09fc961f94697"", "".prj"": ""99a5a32f41f7df7e52e869dca1b2df8b2009ba20c28dbf95e61dc9c891dffd38"", "".shp"": ""9cd003f21b59a3bd6eace0e51e9f0b8f2be3ca1d78803b2644e857f5f70f6a55"", "".shx"": ""41f971eacff13a85b2043eeebaaadd738949295fe4748de519dafe4d016c6aa9""}","{""gridcode0"": {""area_change_fraction"": 0.0, ""area_km2_after"": 6.963184, ""area_km2_before"": 6.963184, ""features_before"": 62, ""parts_after"": 65}, ""gridcodes_present"": [0, 2], ""n_features"": 6097, ""native_crs_epsg"": 32650, ""positive"": {""area_change_fraction"": 0.0, ""area_km2_after"": 532.991018, ""area_km2_before"": 532.991018, ""features_before"": 6035, ""parts_after"": 6035}}",PILOT_LABEL_ADAPTER_V1,spartina.data.gee.grid.covering_grid on densified cell UTM bounds (identical to the Phase D EO export grid),UNKNOWN_GRIDCODE_ZERO_TODO_VERIFY
CNA10K-R00279-C00143,cmsa-2020,CMSA,2020,30,32650,50,375,373,111176,0.0,0.0,0,0,0,139875,139875,,,0,0,0,0,0.0,work/national/pilot19/labels/R00279-C00143/CMSA_2020_30m.tif,b56e8ae5cd0981d6b84ad3f45e0eb4a142dcd2f70b237be5d4bc371846031dd2,"{"".dbf"": ""43d64aa98146bfcfaf0c873a2a369b55d860425ebcb0f3bf0b784d43719d2847"", "".prj"": ""99a5a32f41f7df7e52e869dca1b2df8b2009ba20c28dbf95e61dc9c891dffd38"", "".shp"": ""652af93b064d9698ae05ecdd16158e62c65254342d1ac51f82998d3f2e724044"", "".shx"": ""0b38a4df4d3a0bcec7a66cde095cdb825cee0bc80e0e573a13ca83ad8bbf021b""}","{""gridcode0"": {""area_change_fraction"": 0.0, ""area_km2_after"": 2.797072, ""area_km2_before"": 2.797072, ""features_before"": 50, ""parts_after"": 52}, ""gridcodes_present"": [0, 2], ""n_features"": 8914, ""native_crs_epsg"": 32650, ""positive"": {""area_change_fraction"": 0.0, ""area_km2_after"": 571.3516, ""area_km2_before"": 571.3516, ""features_before"": 8864, ""parts_after"": 8870}}",PILOT_LABEL_ADAPTER_V1,spartina.data.gee.grid.covering_grid on densified cell UTM bounds (identical to the Phase D EO export grid),UNKNOWN_GRIDCODE_ZERO_TODO_VERIFY
CNA10K-R00279-C00143,cmsa-2021,CMSA,2021,30,32650,50,375,373,111176,0.0,0.0,0,0,0,139875,139875,,,0,0,0,0,0.0,work/national/pilot19/labels/R00279-C00143/CMSA_2021_30m.tif,1fa31f6cd7d96fddda517a3b3100a0ef3a1a1e66920f61deb6e135daca61de2f,"{"".dbf"": ""f99ffb3269865c370311b9bfe0d92120d8afd855d5ca748c64084c644b9f514c"", "".prj"": ""99a5a32f41f7df7e52e869dca1b2df8b2009ba20c28dbf95e61dc9c891dffd38"", "".shp"": ""835280e43976f69f9e88488ae9e1e91e43bd175afae294c76724e0d88a4c4d8d"", "".shx"": ""a732195701748d012c3279a28e0abff346495d8db3c16bc61bcdaa5a1ff99521""}","{""gridcode0"": {""area_change_fraction"": 0.0, ""area_km2_after"": 0.112222, ""area_km2_before"": 0.112222, ""features_before"": 18, ""parts_after"": 18}, ""gridcodes_present"": [0, 2], ""n_features"": 6295, ""native_crs_epsg"": 32650, ""positive"": {""area_change_fraction"": 0.0, ""area_km2_after"": 586.513407, ""area_km2_before"": 586.513407, ""features_before"": 6277, ""parts_after"": 6278}}",PILOT_LABEL_ADAPTER_V1,spartina.data.gee.grid.covering_grid on densified cell UTM bounds (identical to the Phase D EO export grid),UNKNOWN_GRIDCODE_ZERO_TODO_VERIFY
CNA10K-R00279-C00143,cmssm-2020,CM-SSM,2020,10,32650,50,1122,1117,1000609,0.0,0.0,0,0,0,1253274,1253274,,,0,0,0,0,0.0,work/national/pilot19/labels/R00279-C00143/CM-SSM_2020_10m.tif,023e2473d8c0da5a2da6763ad28b026c911b3eebc30747fbf163cd177c4342e4,"{"".dbf"": ""8a74dcd9f1039c06fcf7a3a1102a0e8568ad600c6f1f1ef25af885ea07aced4a"", "".prj"": ""0cb13e6fc96091963305c3afcbb024fb464f80e014bf154433c6c5b343fdc1ef"", "".shp"": ""8f28c0f20f1dc8c5872a06db57621808dc737d602f8521387075dc39302cea54"", "".shx"": ""ce7c01f77f946647f426da4da9198b15250ffef050bc60c2861bd070dcbc42f2""}","{""n_features"": 148072, ""native_crs_epsg"": 32650, ""positive"": {""area_change_fraction"": 0.0, ""area_km2_after"": 593.70985, ""area_km2_before"": 593.70985, ""features_before"": 148072, ""parts_after"": 148072}}",PILOT_LABEL_ADAPTER_V1,spartina.data.gee.grid.covering_grid on densified cell UTM bounds (identical to the Phase D EO export grid),UNKNOWN_GRIDCODE_ZERO_TODO_VERIFY
CNA10K-R00279-C00143,cmssm-2020,CM-SSM,2020,30,32650,50,375,373,111176,0.0,0.0,0,0,0,139875,139875,,,0,0,0,0,0.0,work/national/pilot19/labels/R00279-C00143/CM-SSM_2020_30m.tif,8f1eec9580676b4ba940932d7e89599e93007e18524d0315bf6ed9c2c3f44f13,"{"".dbf"": ""8a74dcd9f1039c06fcf7a3a1102a0e8568ad600c6f1f1ef25af885ea07aced4a"", "".prj"": ""0cb13e6fc96091963305c3afcbb024fb464f80e014bf154433c6c5b343fdc1ef"", "".shp"": ""8f28c0f20f1dc8c5872a06db57621808dc737d602f8521387075dc39302cea54"", "".shx"": ""ce7c01f77f946647f426da4da9198b15250ffef050bc60c2861bd070dcbc42f2""}","{""n_features"": 148072, ""native_crs_epsg"": 32650, ""positive"": {""area_change_fraction"": 0.0, ""area_km2_after"": 593.70985, ""area_km2_before"": 593.70985, ""features_before"": 148072, ""parts_after"": 148072}}",PILOT_LABEL_ADAPTER_V1,spartina.data.gee.grid.covering_grid on densified cell UTM bounds (identical to the Phase D EO export grid),UNKNOWN_GRIDCODE_ZERO_TODO_VERIFY
CNA10K-R00429-C00140,geodata-1990,GEODATA,1990,30,32651,51,396,383,111065,0.0,0.0,0,0,149983,1685,151668,True,"[452, 429]",,,,,,work/national/pilot19/labels/R00429-C00140/GEODATA_1990_30m.tif,9758855f0304e80587fb6773e8fbbbb66ab02b4f437aa64d562db1d55bd20130,"{"".tif"": ""d88fc80ebed0e32f3550194d730293259ee8612f3f630915d4423a9edaccc6b4""}",,PILOT_LABEL_ADAPTER_V1,spartina.data.gee.grid.covering_grid on densified cell UTM bounds (identical to the Phase D EO export grid),
CNA10K-R00429-C00140,geodata-2000,GEODATA,2000,30,32651,51,396,383,111065,0.0,0.0,0,0,148862,2806,151668,True,"[452, 422]",,,,,,work/national/pilot19/labels/R00429-C00140/GEODATA_2000_30m.tif,604101398eb7df0d3d1972a7dd4fc02ba03c168af311348e06710d4a787ed1fa,"{"".tif"": ""0556a63a1cd0c101ef267dfeced390fbf0430fb9472d95f8d03b32535be990b1""}",,PILOT_LABEL_ADAPTER_V1,spartina.data.gee.grid.covering_grid on densified cell UTM bounds (identical to the Phase D EO export grid),
CNA10K-R00429-C00140,geodata-2015,GEODATA,2015,30,32651,51,396,383,111065,0.0,0.0,0,0,151633,35,151668,True,"[420, 407]",,,,,,work/national/pilot19/labels/R00429-C00140/GEODATA_2015_30m.tif,5695d4af375906ec950cb1e0d2d4941a0be4f6f722a9ce13e4375fb991b5f4c0,"{"".tif"": ""39a2d5352de8cb558f11df64c348574e9e2abf06446c3dc89035cdb3bb9c521d""}",,PILOT_LABEL_ADAPTER_V1,spartina.data.gee.grid.covering_grid on densified cell UTM bounds (identical to the Phase D EO export grid),
CNA10K-R00429-C00140,geodata-2020,GEODATA,2020,30,32651,51,396,383,111065,0.0,0.0,0,0,0,151668,151668,False,"[0, 0]",,,,,,work/national/pilot19/labels/R00429-C00140/GEODATA_2020_30m.tif,44ce8c06951a4707ea181d2245d7e9aab497ac11a82713232796096c7beec98f,"{"".tif"": ""2cd169261383bef26aadb6abf8a730f14d7a847801f996757dc91c5b3f3d0937""}",,PILOT_LABEL_ADAPTER_V1,spartina.data.gee.grid.covering_grid on densified cell UTM bounds (identical to the Phase D EO export grid),
CNA10K-R00429-C00140,cmsa-2017,CMSA,2017,30,32651,51,396,383,111065,0.0,0.0,0,0,0,151668,151668,,,0,0,0,0,0.0,work/national/pilot19/labels/R00429-C00140/CMSA_2017_30m.tif,b0a2567e4cd2b3ecdc7843691e8ddecd38a3b069d831fe4681714c1f3bef73b8,"{"".dbf"": ""b5eb1c661831bd2bc226b8c432a1be3c3ebf2f7122f2c13ed5cc95a4108299ca"", "".prj"": ""99a5a32f41f7df7e52e869dca1b2df8b2009ba20c28dbf95e61dc9c891dffd38"", "".shp"": ""3f5ff0b7538bf9f5165127b8d3fb0fdc77dfc2f6a8a26c7684a6cfb2e9f8a29d"", "".shx"": ""10b18253cd4810c10a85d82bbb57f7efaecfe29f7b75e42171407422bca084e7""}","{""gridcode0"": {""area_change_fraction"": 0.0, ""area_km2_after"": 0.894911, ""area_km2_before"": 0.894911, ""features_before"": 49, ""parts_after"": 52}, ""gridcodes_present"": [0, 2], ""n_features"": 5341, ""native_crs_epsg"": 32650, ""positive"": {""area_change_fraction"": 0.0, ""area_km2_after"": 494.693541, ""area_km2_before"": 494.693541, ""features_before"": 5292, ""parts_after"": 5292}}",PILOT_LABEL_ADAPTER_V1,spartina.data.gee.grid.covering_grid on densified cell UTM bounds (identical to the Phase D EO export grid),UNKNOWN_GRIDCODE_ZERO_TODO_VERIFY
CNA10K-R00429-C00140,cmsa-2018,CMSA,2018,30,32651,51,396,383,111065,0.0,0.0,0,0,0,151668,151668,,,0,0,0,0,0.0,work/national/pilot19/labels/R00429-C00140/CMSA_2018_30m.tif,76521042a09985823843bb4d261703c6afff5dfbe8fc4608a3ca63fd5d186d58,"{"".dbf"": ""95eb2ced9015302892ebf371126b08ec1a64bcdd3875af0e6b2d7639e19d16a2"", "".prj"": ""99a5a32f41f7df7e52e869dca1b2df8b2009ba20c28dbf95e61dc9c891dffd38"", "".shp"": ""d03efad274d571b6b1d3d302aff783995405958313219fd5ffb02723f0ed566d"", "".shx"": ""f2a8d73ef6e99e5432c2012736d1c621c5fee809214c846fc628c45bc2a64578""}","{""gridcode0"": {""area_change_fraction"": 0.0, ""area_km2_after"": 2.563579, ""area_km2_before"": 2.563579, ""features_before"": 53, ""parts_after"": 54}, ""gridcodes_present"": [0, 2], ""n_features"": 5985, ""native_crs_epsg"": 32650, ""positive"": {""area_change_fraction"": 0.0, ""area_km2_after"": 504.310018, ""area_km2_before"": 504.310018, ""features_before"": 5932, ""parts_after"": 5933}}",PILOT_LABEL_ADAPTER_V1,spartina.data.gee.grid.covering_grid on densified cell UTM bounds (identical to the Phase D EO export grid),UNKNOWN_GRIDCODE_ZERO_TODO_VERIFY
CNA10K-R00429-C00140,cmsa-2019,CMSA,2019,30,32651,51,396,383,111065,0.0,0.0,0,0,0,151668,151668,,,0,0,0,0,0.0,work/national/pilot19/labels/R00429-C00140/CMSA_2019_30m.tif,634e3c7364f585ff8faa6e9cdfede7792c1890840c0e1ee0755b075e5ed40eb3,"{"".dbf"": ""4f0005c970ee271360300429debf95a9aa62cb6f49e2664007e09fc961f94697"", "".prj"": ""99a5a32f41f7df7e52e869dca1b2df8b2009ba20c28dbf95e61dc9c891dffd38"", "".shp"": ""9cd003f21b59a3bd6eace0e51e9f0b8f2be3ca1d78803b2644e857f5f70f6a55"", "".shx"": ""41f971eacff13a85b2043eeebaaadd738949295fe4748de519dafe4d016c6aa9""}","{""gridcode0"": {""area_change_fraction"": 0.0, ""area_km2_after"": 6.963184, ""area_km2_before"": 6.963184, ""features_before"": 62, ""parts_after"": 65}, ""gridcodes_present"": [0, 2], ""n_features"": 6097, ""native_crs_epsg"": 32650, ""positive"": {""area_change_fraction"": 0.0, ""area_km2_after"": 532.991018, ""area_km2_before"": 532.991018, ""features_before"": 6035, ""parts_after"": 6035}}",PILOT_LABEL_ADAPTER_V1,spartina.data.gee.grid.covering_grid on densified cell UTM bounds (identical to the Phase D EO export grid),UNKNOWN_GRIDCODE_ZERO_TODO_VERIFY
CNA10K-R00429-C00140,cmsa-2020,CMSA,2020,30,32651,51,396,383,111065,0.0,0.0,0,0,0,151668,151668,,,0,0,0,0,0.0,work/national/pilot19/labels/R00429-C00140/CMSA_2020_30m.tif,374ac11a64b215b1c0a5ff9a8feebd87af44dc0d8cd8da7f3aa8da870b75674f,"{"".dbf"": ""43d64aa98146bfcfaf0c873a2a369b55d860425ebcb0f3bf0b784d43719d2847"", "".prj"": ""99a5a32f41f7df7e52e869dca1b2df8b2009ba20c28dbf95e61dc9c891dffd38"", "".shp"": ""652af93b064d9698ae05ecdd16158e62c65254342d1ac51f82998d3f2e724044"", "".shx"": ""0b38a4df4d3a0bcec7a66cde095cdb825cee0bc80e0e573a13ca83ad8bbf021b""}","{""gridcode0"": {""area_change_fraction"": 0.0, ""area_km2_after"": 2.797072, ""area_km2_before"": 2.797072, ""features_before"": 50, ""parts_after"": 52}, ""gridcodes_present"": [0, 2], ""n_features"": 8914, ""native_crs_epsg"": 32650, ""positive"": {""area_change_fraction"": 0.0, ""area_km2_after"": 571.3516, ""area_km2_before"": 571.3516, ""features_before"": 8864, ""parts_after"": 8870}}",PILOT_LABEL_ADAPTER_V1,spartina.data.gee.grid.covering_grid on densified cell UTM bounds (identical to the Phase D EO export grid),UNKNOWN_GRIDCODE_ZERO_TODO_VERIFY
CNA10K-R00429-C00140,cmsa-2021,CMSA,2021,30,32651,51,396,383,111065,0.0,0.0,0,0,0,151668,151668,,,0,0,0,0,0.0,work/national/pilot19/labels/R00429-C00140/CMSA_2021_30m.tif,bca248b5ef7758c5b6541f7da1806966e9f5c5344f3e4c8ddfb0f90d9f84508c,"{"".dbf"": ""f99ffb3269865c370311b9bfe0d92120d8afd855d5ca748c64084c644b9f514c"", "".prj"": ""99a5a32f41f7df7e52e869dca1b2df8b2009ba20c28dbf95e61dc9c891dffd38"", "".shp"": ""835280e43976f69f9e88488ae9e1e91e43bd175afae294c76724e0d88a4c4d8d"", "".shx"": ""a732195701748d012c3279a28e0abff346495d8db3c16bc61bcdaa5a1ff99521""}","{""gridcode0"": {""area_change_fraction"": 0.0, ""area_km2_after"": 0.112222, ""area_km2_before"": 0.112222, ""features_before"": 18, ""parts_after"": 18}, ""gridcodes_present"": [0, 2], ""n_features"": 6295, ""native_crs_epsg"": 32650, ""positive"": {""area_change_fraction"": 0.0, ""area_km2_after"": 586.513407, ""area_km2_before"": 586.513407, ""features_before"": 6277, ""parts_after"": 6278}}",PILOT_LABEL_ADAPTER_V1,spartina.data.gee.grid.covering_grid on densified cell UTM bounds (identical to the Phase D EO export grid),UNKNOWN_GRIDCODE_ZERO_TODO_VERIFY
CNA10K-R00429-C00140,cmssm-2020,CM-SSM,2020,10,32651,51,1186,1146,999579,0.0,0.0,0,0,0,1359156,1359156,,,0,0,0,0,0.0,work/national/pilot19/labels/R00429-C00140/CM-SSM_2020_10m.tif,9e825315921a68bff811cad27a160321d3d32fab6fb222985a353b98c17b89d4,"{"".dbf"": ""8a74dcd9f1039c06fcf7a3a1102a0e8568ad600c6f1f1ef25af885ea07aced4a"", "".prj"": ""0cb13e6fc96091963305c3afcbb024fb464f80e014bf154433c6c5b343fdc1ef"", "".shp"": ""8f28c0f20f1dc8c5872a06db57621808dc737d602f8521387075dc39302cea54"", "".shx"": ""ce7c01f77f946647f426da4da9198b15250ffef050bc60c2861bd070dcbc42f2""}","{""n_features"": 148072, ""native_crs_epsg"": 32650, ""positive"": {""area_change_fraction"": 0.0, ""area_km2_after"": 593.70985, ""area_km2_before"": 593.70985, ""features_before"": 148072, ""parts_after"": 148072}}",PILOT_LABEL_ADAPTER_V1,spartina.data.gee.grid.covering_grid on densified cell UTM bounds (identical to the Phase D EO export grid),UNKNOWN_GRIDCODE_ZERO_TODO_VERIFY
CNA10K-R00429-C00140,cmssm-2020,CM-SSM,2020,30,32651,51,396,383,111065,0.0,0.0,0,0,0,151668,151668,,,0,0,0,0,0.0,work/national/pilot19/labels/R00429-C00140/CM-SSM_2020_30m.tif,30e9a6f2dafb340a1f24478637ab9851eb6f7f5721c5868f3880849a53f7f509,"{"".dbf"": ""8a74dcd9f1039c06fcf7a3a1102a0e8568ad600c6f1f1ef25af885ea07aced4a"", "".prj"": ""0cb13e6fc96091963305c3afcbb024fb464f80e014bf154433c6c5b343fdc1ef"", "".shp"": ""8f28c0f20f1dc8c5872a06db57621808dc737d602f8521387075dc39302cea54"", "".shx"": ""ce7c01f77f946647f426da4da9198b15250ffef050bc60c2861bd070dcbc42f2""}","{""n_features"": 148072, ""native_crs_epsg"": 32650, ""positive"": {""area_change_fraction"": 0.0, ""area_km2_after"": 593.70985, ""area_km2_before"": 593.70985, ""features_before"": 148072, ""parts_after"": 148072}}",PILOT_LABEL_ADAPTER_V1,spartina.data.gee.grid.covering_grid on densified cell UTM bounds (identical to the Phase D EO export grid),UNKNOWN_GRIDCODE_ZERO_TODO_VERIFY
