scenario,scope,sensor,slot,tier,pass,n_products,n_gee_tasks,n_files,resolution,grid_pixels_sum,bytes_base,bytes_low,bytes_high,estimate_tokens,bytes_v3_low,bytes_v3_base,bytes_v3_high,v3_tokens
pilot_20_cell,observed_plan,landsat5,anchor_1990,strict,,1,3,3,30m,151296,3949882,3949882,3949882,"['ESTIMATE_FLOAT32_LZW_RATIO_BORROWED_FROM_L8_TODO_MEASURE_AT_PHASE_D', 'MEASURED_M21B_LZW_GEOTIFF']",1197535.9330647269,2651946.913783484,3608280.35482941,['EXTRAPOLATED_PILOT19_V2_MEASURED_FACTORS_V1_GRIDS']
pilot_20_cell,observed_plan,landsat5,anchor_2000,strict,,1,3,3,30m,151296,3949882,3949882,3949882,"['ESTIMATE_FLOAT32_LZW_RATIO_BORROWED_FROM_L8_TODO_MEASURE_AT_PHASE_D', 'MEASURED_M21B_LZW_GEOTIFF']",1197535.9330647269,2651946.913783484,3608280.35482941,['EXTRAPOLATED_PILOT19_V2_MEASURED_FACTORS_V1_GRIDS']
pilot_20_cell,observed_plan,landsat8,anchor_2015,strict,,1,3,3,30m,151296,4602942,4602942,4602942,['MEASURED_M21B_LZW_GEOTIFF'],3580864.052046599,4490763.447068418,4876694.607725248,['EXTRAPOLATED_PILOT19_V2_MEASURED_FACTORS_V1_GRIDS']
pilot_20_cell,observed_plan,sentinel1,anchor_2015_ASC,s1_actual_footprint,ASC,1,1,1,10m,1354700,12074287,12074287,12074287,['MEASURED_M21B_LZW_GEOTIFF'],11683361.446248852,11992947.689964764,12427659.135319995,['EXTRAPOLATED_PILOT19_V2_MEASURED_FACTORS_V1_GRIDS']
pilot_20_cell,observed_plan,landsat8,anchor_2020,strict,,1,3,3,30m,151296,4602942,4602942,4602942,['MEASURED_M21B_LZW_GEOTIFF'],3580864.052046599,4490763.447068418,4876694.607725248,['EXTRAPOLATED_PILOT19_V2_MEASURED_FACTORS_V1_GRIDS']
pilot_20_cell,observed_plan,sentinel1,anchor_2020_ASC,s1_actual_footprint,ASC,1,1,1,10m,1354700,12074287,12074287,12074287,['MEASURED_M21B_LZW_GEOTIFF'],11683361.446248852,11992947.689964764,12427659.135319995,['EXTRAPOLATED_PILOT19_V2_MEASURED_FACTORS_V1_GRIDS']
pilot_20_cell,observed_plan,sentinel2,anchor_2020,strict,,1,2,2,10m,1354700,15112071,10649666,18100150,['MEASURED_M21B_LZW_GEOTIFF'],12304398.77220843,16356306.068307834,18658333.827294383,['EXTRAPOLATED_PILOT19_V2_MEASURED_FACTORS_V1_GRIDS']
pilot_20_cell,observed_plan,sentinel1,anchor_2021_ASC,s1_actual_footprint,ASC,1,1,1,10m,1354700,12074287,12074287,12074287,['MEASURED_M21B_LZW_GEOTIFF'],11683361.446248852,11992947.689964764,12427659.135319995,['EXTRAPOLATED_PILOT19_V2_MEASURED_FACTORS_V1_GRIDS']
pilot_20_cell,observed_plan,sentinel2,anchor_2021,strict,,1,2,2,10m,1354700,15112071,10649666,18100150,['MEASURED_M21B_LZW_GEOTIFF'],12304398.77220843,16356306.068307834,18658333.827294383,['EXTRAPOLATED_PILOT19_V2_MEASURED_FACTORS_V1_GRIDS']
pilot_20_cell,observed_plan,landsat8,anchor_2021,strict,,1,3,3,30m,151296,4602942,4602942,4602942,['MEASURED_M21B_LZW_GEOTIFF'],3580864.052046599,4490763.447068418,4876694.607725248,['EXTRAPOLATED_PILOT19_V2_MEASURED_FACTORS_V1_GRIDS']
pilot_20_cell,observed_plan,landsat7,anchor_2000,strict,,1,3,3,30m,150535,3930014,3930014,3930014,"['ESTIMATE_FLOAT32_LZW_RATIO_BORROWED_FROM_L8_TODO_MEASURE_AT_PHASE_D', 'MEASURED_M21B_LZW_GEOTIFF']",2380608.9283491457,3024458.7568308082,3483510.7017439245,['EXTRAPOLATED_PILOT19_V2_MEASURED_FACTORS_V1_GRIDS']
pilot_20_cell,observed_plan,sentinel1,anchor_2015_ASC,s1_actual_footprint,ASC,1,1,1,10m,1350144,12033680,12033680,12033680,['MEASURED_M21B_LZW_GEOTIFF'],11644069.060665984,11952614.132959168,12385863.597547412,['EXTRAPOLATED_PILOT19_V2_MEASURED_FACTORS_V1_GRIDS']
pilot_20_cell,observed_plan,sentinel1,anchor_2020_ASC,s1_actual_footprint,ASC,1,1,1,10m,1350144,12033680,12033680,12033680,['MEASURED_M21B_LZW_GEOTIFF'],11644069.060665984,11952614.132959168,12385863.597547412,['EXTRAPOLATED_PILOT19_V2_MEASURED_FACTORS_V1_GRIDS']
pilot_20_cell,observed_plan,sentinel2,anchor_2020,strict,,1,2,2,10m,1350144,15061247,10613850,18039277,['MEASURED_M21B_LZW_GEOTIFF'],12263017.77213005,16301298.073587812,18595583.868693102,['EXTRAPOLATED_PILOT19_V2_MEASURED_FACTORS_V1_GRIDS']
pilot_20_cell,observed_plan,sentinel1,anchor_2021_ASC,s1_actual_footprint,ASC,1,1,1,10m,1350144,12033680,12033680,12033680,['MEASURED_M21B_LZW_GEOTIFF'],11644069.060665984,11952614.132959168,12385863.597547412,['EXTRAPOLATED_PILOT19_V2_MEASURED_FACTORS_V1_GRIDS']
pilot_20_cell,observed_plan,sentinel2,anchor_2021,strict,,1,2,2,10m,1350144,15061247,10613850,18039277,['MEASURED_M21B_LZW_GEOTIFF'],12263017.77213005,16301298.073587812,18595583.868693102,['EXTRAPOLATED_PILOT19_V2_MEASURED_FACTORS_V1_GRIDS']
pilot_20_cell,observed_plan,landsat8,anchor_2021,strict,,1,3,3,30m,150535,4579790,4579790,4579790,['MEASURED_M21B_LZW_GEOTIFF'],3562852.752715437,4468175.467325272,4852165.442403766,['EXTRAPOLATED_PILOT19_V2_MEASURED_FACTORS_V1_GRIDS']
pilot_20_cell,observed_plan,landsat7,anchor_2000,strict,,1,3,3,30m,151285,3949595,3949595,3949595,"['ESTIMATE_FLOAT32_LZW_RATIO_BORROWED_FROM_L8_TODO_MEASURE_AT_PHASE_D', 'MEASURED_M21B_LZW_GEOTIFF']",2392469.669680144,3039527.306122489,3500866.3534283033,['EXTRAPOLATED_PILOT19_V2_MEASURED_FACTORS_V1_GRIDS']
pilot_20_cell,observed_plan,landsat8,anchor_2015,strict,,1,3,3,30m,151285,4602608,4602608,4602608,['MEASURED_M21B_LZW_GEOTIFF'],3580603.704750091,4490436.945390133,4876340.046859891,['EXTRAPOLATED_PILOT19_V2_MEASURED_FACTORS_V1_GRIDS']
pilot_20_cell,observed_plan,sentinel1,anchor_2015_ASC,s1_actual_footprint,ASC,1,1,1,10m,1354607,12073458,12073458,12073458,['MEASURED_M21B_LZW_GEOTIFF'],11682559.384822335,11992124.375478039,12426805.977942284,['EXTRAPOLATED_PILOT19_V2_MEASURED_FACTORS_V1_GRIDS']
pilot_20_cell,observed_plan,sentinel1,anchor_2020_ASC,s1_actual_footprint,ASC,1,1,1,10m,1354607,12073458,12073458,12073458,['MEASURED_M21B_LZW_GEOTIFF'],11682559.384822335,11992124.375478039,12426805.977942284,['EXTRAPOLATED_PILOT19_V2_MEASURED_FACTORS_V1_GRIDS']
pilot_20_cell,observed_plan,sentinel2,anchor_2020,strict,,1,2,2,10m,1354607,15111033,10648934,18098907,['MEASURED_M21B_LZW_GEOTIFF'],12303554.076640543,16355183.209767675,18657052.93481196,['EXTRAPOLATED_PILOT19_V2_MEASURED_FACTORS_V1_GRIDS']
pilot_20_cell,observed_plan,sentinel1,anchor_2021_ASC,s1_actual_footprint,ASC,1,1,1,10m,1354607,12073458,12073458,12073458,['MEASURED_M21B_LZW_GEOTIFF'],11682559.384822335,11992124.375478039,12426805.977942284,['EXTRAPOLATED_PILOT19_V2_MEASURED_FACTORS_V1_GRIDS']
pilot_20_cell,observed_plan,sentinel2,anchor_2021,strict,,1,2,2,10m,1354607,15111033,10648934,18098907,['MEASURED_M21B_LZW_GEOTIFF'],12303554.076640543,16355183.209767675,18657052.93481196,['EXTRAPOLATED_PILOT19_V2_MEASURED_FACTORS_V1_GRIDS']
pilot_20_cell,observed_plan,landsat8,anchor_2021,strict,,1,3,3,30m,151285,4602608,4602608,4602608,['MEASURED_M21B_LZW_GEOTIFF'],3580603.704750091,4490436.945390133,4876340.046859891,['EXTRAPOLATED_PILOT19_V2_MEASURED_FACTORS_V1_GRIDS']
pilot_20_cell,observed_plan,landsat5,anchor_1990,strict,,1,3,3,30m,138335,3611509,3611509,3611509,"['ESTIMATE_FLOAT32_LZW_RATIO_BORROWED_FROM_L8_TODO_MEASURE_AT_PHASE_D', 'MEASURED_M21B_LZW_GEOTIFF']",1094947.2114299715,2424763.8821795573,3299171.576811855,['EXTRAPOLATED_PILOT19_V2_MEASURED_FACTORS_V1_GRIDS']
pilot_20_cell,observed_plan,landsat5,anchor_2000,strict,,1,3,3,30m,138335,3611509,3611509,3611509,"['ESTIMATE_FLOAT32_LZW_RATIO_BORROWED_FROM_L8_TODO_MEASURE_AT_PHASE_D', 'MEASURED_M21B_LZW_GEOTIFF']",1094947.2114299715,2424763.8821795573,3299171.576811855,['EXTRAPOLATED_PILOT19_V2_MEASURED_FACTORS_V1_GRIDS']
pilot_20_cell,observed_plan,landsat8,anchor_2015,strict,,1,3,3,30m,138335,4208624,4208624,4208624,['MEASURED_M21B_LZW_GEOTIFF'],3274103.9329517386,4106055.424136855,4458925.2099174615,['EXTRAPOLATED_PILOT19_V2_MEASURED_FACTORS_V1_GRIDS']
pilot_20_cell,observed_plan,sentinel2,anchor_2015,strict,,1,2,2,10m,1240555,13838750,9752341,16575058,['MEASURED_M21B_LZW_GEOTIFF'],11267648.496978687,14978148.132110152,17086210.468088273,['EXTRAPOLATED_PILOT19_V2_MEASURED_FACTORS_V1_GRIDS']
pilot_20_cell,observed_plan,landsat8,anchor_2020,strict,,1,3,3,30m,138335,4208624,4208624,4208624,['MEASURED_M21B_LZW_GEOTIFF'],3274103.9329517386,4106055.424136855,4458925.2099174615,['EXTRAPOLATED_PILOT19_V2_MEASURED_FACTORS_V1_GRIDS']
pilot_20_cell,observed_plan,sentinel1,anchor_2020_ASC,s1_actual_footprint,ASC,1,1,1,10m,1240555,11056925,11056925,11056925,['MEASURED_M21B_LZW_GEOTIFF'],10698938.849155713,10982439.818058785,11380523.125870595,['EXTRAPOLATED_PILOT19_V2_MEASURED_FACTORS_V1_GRIDS']
pilot_20_cell,observed_plan,sentinel1,anchor_2020_DESC,s1_actual_footprint,DESC,1,1,1,10m,1240555,11056925,11056925,11056925,['MEASURED_M21B_LZW_GEOTIFF'],10698938.849155713,10982439.818058785,11380523.125870595,['EXTRAPOLATED_PILOT19_V2_MEASURED_FACTORS_V1_GRIDS']
pilot_20_cell,observed_plan,sentinel2,anchor_2020,strict,,1,2,2,10m,1240555,13838750,9752341,16575058,['MEASURED_M21B_LZW_GEOTIFF'],11267648.496978687,14978148.132110152,17086210.468088273,['EXTRAPOLATED_PILOT19_V2_MEASURED_FACTORS_V1_GRIDS']
pilot_20_cell,observed_plan,sentinel1,anchor_2021_ASC,s1_actual_footprint,ASC,1,1,1,10m,1240555,11056925,11056925,11056925,['MEASURED_M21B_LZW_GEOTIFF'],10698938.849155713,10982439.818058785,11380523.125870595,['EXTRAPOLATED_PILOT19_V2_MEASURED_FACTORS_V1_GRIDS']
pilot_20_cell,observed_plan,sentinel1,anchor_2021_DESC,s1_actual_footprint,DESC,1,1,1,10m,1240555,11056925,11056925,11056925,['MEASURED_M21B_LZW_GEOTIFF'],10698938.849155713,10982439.818058785,11380523.125870595,['EXTRAPOLATED_PILOT19_V2_MEASURED_FACTORS_V1_GRIDS']
pilot_20_cell,observed_plan,sentinel2,anchor_2021,strict,,1,2,2,10m,1240555,13838750,9752341,16575058,['MEASURED_M21B_LZW_GEOTIFF'],11267648.496978687,14978148.132110152,17086210.468088273,['EXTRAPOLATED_PILOT19_V2_MEASURED_FACTORS_V1_GRIDS']
pilot_20_cell,observed_plan,landsat8,anchor_2021,strict,,1,3,3,30m,138335,4208624,4208624,4208624,['MEASURED_M21B_LZW_GEOTIFF'],3274103.9329517386,4106055.424136855,4458925.2099174615,['EXTRAPOLATED_PILOT19_V2_MEASURED_FACTORS_V1_GRIDS']
pilot_20_cell,observed_plan,landsat5,anchor_1990,strict,,1,3,3,30m,138335,3611509,3611509,3611509,"['ESTIMATE_FLOAT32_LZW_RATIO_BORROWED_FROM_L8_TODO_MEASURE_AT_PHASE_D', 'MEASURED_M21B_LZW_GEOTIFF']",1094947.2114299715,2424763.8821795573,3299171.576811855,['EXTRAPOLATED_PILOT19_V2_MEASURED_FACTORS_V1_GRIDS']
pilot_20_cell,observed_plan,landsat5,anchor_2000,strict,,1,3,3,30m,138335,3611509,3611509,3611509,"['ESTIMATE_FLOAT32_LZW_RATIO_BORROWED_FROM_L8_TODO_MEASURE_AT_PHASE_D', 'MEASURED_M21B_LZW_GEOTIFF']",1094947.2114299715,2424763.8821795573,3299171.576811855,['EXTRAPOLATED_PILOT19_V2_MEASURED_FACTORS_V1_GRIDS']
pilot_20_cell,observed_plan,landsat8,anchor_2015,strict,,1,3,3,30m,138335,4208624,4208624,4208624,['MEASURED_M21B_LZW_GEOTIFF'],3274103.9329517386,4106055.424136855,4458925.2099174615,['EXTRAPOLATED_PILOT19_V2_MEASURED_FACTORS_V1_GRIDS']
pilot_20_cell,observed_plan,landsat8,anchor_2020,strict,,1,3,3,30m,138335,4208624,4208624,4208624,['MEASURED_M21B_LZW_GEOTIFF'],3274103.9329517386,4106055.424136855,4458925.2099174615,['EXTRAPOLATED_PILOT19_V2_MEASURED_FACTORS_V1_GRIDS']
pilot_20_cell,observed_plan,sentinel1,anchor_2020_ASC,s1_actual_footprint,ASC,1,1,1,10m,1241648,11066667,11066667,11066667,['MEASURED_M21B_LZW_GEOTIFF'],10708365.226996377,10992115.976488793,11390550.018492507,['EXTRAPOLATED_PILOT19_V2_MEASURED_FACTORS_V1_GRIDS']
pilot_20_cell,observed_plan,sentinel1,anchor_2020_DESC,s1_actual_footprint,DESC,1,1,1,10m,1241648,11066667,11066667,11066667,['MEASURED_M21B_LZW_GEOTIFF'],10708365.226996377,10992115.976488793,11390550.018492507,['EXTRAPOLATED_PILOT19_V2_MEASURED_FACTORS_V1_GRIDS']
pilot_20_cell,observed_plan,sentinel2,anchor_2020,strict,,1,2,2,10m,1241648,13850943,9760933,16589662,['MEASURED_M21B_LZW_GEOTIFF'],11277575.94058836,14991344.73839395,17101264.398016103,['EXTRAPOLATED_PILOT19_V2_MEASURED_FACTORS_V1_GRIDS']
pilot_20_cell,observed_plan,sentinel1,anchor_2021_ASC,s1_actual_footprint,ASC,1,1,1,10m,1241648,11066667,11066667,11066667,['MEASURED_M21B_LZW_GEOTIFF'],10708365.226996377,10992115.976488793,11390550.018492507,['EXTRAPOLATED_PILOT19_V2_MEASURED_FACTORS_V1_GRIDS']
pilot_20_cell,observed_plan,sentinel1,anchor_2021_DESC,s1_actual_footprint,DESC,1,1,1,10m,1241648,11066667,11066667,11066667,['MEASURED_M21B_LZW_GEOTIFF'],10708365.226996377,10992115.976488793,11390550.018492507,['EXTRAPOLATED_PILOT19_V2_MEASURED_FACTORS_V1_GRIDS']
pilot_20_cell,observed_plan,sentinel2,anchor_2021,strict,,1,2,2,10m,1241648,13850943,9760933,16589662,['MEASURED_M21B_LZW_GEOTIFF'],11277575.94058836,14991344.73839395,17101264.398016103,['EXTRAPOLATED_PILOT19_V2_MEASURED_FACTORS_V1_GRIDS']
pilot_20_cell,observed_plan,landsat7,anchor_2000,strict,,1,3,3,30m,150912,3939857,3939857,3939857,"['ESTIMATE_FLOAT32_LZW_RATIO_BORROWED_FROM_L8_TODO_MEASURE_AT_PHASE_D', 'MEASURED_M21B_LZW_GEOTIFF']",2386570.927658194,3032033.2142747594,3492234.809323939,['EXTRAPOLATED_PILOT19_V2_MEASURED_FACTORS_V1_GRIDS']
pilot_20_cell,observed_plan,landsat8,anchor_2015,strict,,1,3,3,30m,150912,4591260,4591260,4591260,['MEASURED_M21B_LZW_GEOTIFF'],3571775.564604856,4479365.570299209,4864317.210243712,['EXTRAPOLATED_PILOT19_V2_MEASURED_FACTORS_V1_GRIDS']
pilot_20_cell,observed_plan,sentinel1,anchor_2015_ASC,s1_actual_footprint,ASC,1,1,1,10m,1352373,12053546,12053546,12053546,['MEASURED_M21B_LZW_GEOTIFF'],11663292.661953123,11972347.122108744,12406311.853406737,['EXTRAPOLATED_PILOT19_V2_MEASURED_FACTORS_V1_GRIDS']
pilot_20_cell,observed_plan,sentinel1,anchor_2020_ASC,s1_actual_footprint,ASC,1,1,1,10m,1352373,12053546,12053546,12053546,['MEASURED_M21B_LZW_GEOTIFF'],11663292.661953123,11972347.122108744,12406311.853406737,['EXTRAPOLATED_PILOT19_V2_MEASURED_FACTORS_V1_GRIDS']
pilot_20_cell,observed_plan,sentinel2,anchor_2020,strict,,1,2,2,10m,1352373,15086112,10631372,18069059,['MEASURED_M21B_LZW_GEOTIFF'],12283263.217515191,16328210.457308386,18626283.969158918,['EXTRAPOLATED_PILOT19_V2_MEASURED_FACTORS_V1_GRIDS']
pilot_20_cell,observed_plan,sentinel1,anchor_2021_ASC,s1_actual_footprint,ASC,1,1,1,10m,1352373,12053546,12053546,12053546,['MEASURED_M21B_LZW_GEOTIFF'],11663292.661953123,11972347.122108744,12406311.853406737,['EXTRAPOLATED_PILOT19_V2_MEASURED_FACTORS_V1_GRIDS']
pilot_20_cell,observed_plan,sentinel2,anchor_2021,strict,,1,2,2,10m,1352373,15086112,10631372,18069059,['MEASURED_M21B_LZW_GEOTIFF'],12283263.217515191,16328210.457308386,18626283.969158918,['EXTRAPOLATED_PILOT19_V2_MEASURED_FACTORS_V1_GRIDS']
pilot_20_cell,observed_plan,landsat8,anchor_2021,strict,,1,3,3,30m,150912,4591260,4591260,4591260,['MEASURED_M21B_LZW_GEOTIFF'],3571775.564604856,4479365.570299209,4864317.210243712,['EXTRAPOLATED_PILOT19_V2_MEASURED_FACTORS_V1_GRIDS']
pilot_20_cell,observed_plan,landsat5,anchor_1990,near_full,,1,3,3,30m,150902,3939596,3939596,3939596,"['ESTIMATE_FLOAT32_LZW_RATIO_BORROWED_FROM_L8_TODO_MEASURE_AT_PHASE_D', 'MEASURED_M21B_LZW_GEOTIFF']",1194417.3499057041,2645040.80202884,3598883.791405375,['EXTRAPOLATED_PILOT19_V2_MEASURED_FACTORS_V1_GRIDS']
pilot_20_cell,observed_plan,landsat5,anchor_2000,near_full,,1,3,3,30m,150902,3939596,3939596,3939596,"['ESTIMATE_FLOAT32_LZW_RATIO_BORROWED_FROM_L8_TODO_MEASURE_AT_PHASE_D', 'MEASURED_M21B_LZW_GEOTIFF']",1194417.3499057041,2645040.80202884,3598883.791405375,['EXTRAPOLATED_PILOT19_V2_MEASURED_FACTORS_V1_GRIDS']
pilot_20_cell,observed_plan,landsat8,anchor_2015,strict,,1,3,3,30m,150902,4590956,4590956,4590956,['MEASURED_M21B_LZW_GEOTIFF'],3571538.885244394,4479068.750591678,4863994.882184297,['EXTRAPOLATED_PILOT19_V2_MEASURED_FACTORS_V1_GRIDS']
pilot_20_cell,observed_plan,sentinel1,anchor_2015_ASC,s1_actual_footprint,ASC,1,1,1,10m,1353460,12063235,12063235,12063235,['MEASURED_M21B_LZW_GEOTIFF'],11672667.293895304,11981970.163475093,12416283.703617183,['EXTRAPOLATED_PILOT19_V2_MEASURED_FACTORS_V1_GRIDS']
pilot_20_cell,observed_plan,landsat8,anchor_2020,near_full,,1,3,3,30m,150902,4590956,4590956,4590956,['MEASURED_M21B_LZW_GEOTIFF'],3571538.885244394,4479068.750591678,4863994.882184297,['EXTRAPOLATED_PILOT19_V2_MEASURED_FACTORS_V1_GRIDS']
pilot_20_cell,observed_plan,sentinel1,anchor_2020_ASC,s1_actual_footprint,ASC,1,1,1,10m,1353460,12063235,12063235,12063235,['MEASURED_M21B_LZW_GEOTIFF'],11672667.293895304,11981970.163475093,12416283.703617183,['EXTRAPOLATED_PILOT19_V2_MEASURED_FACTORS_V1_GRIDS']
pilot_20_cell,observed_plan,sentinel2,anchor_2020,strict,,1,2,2,10m,1353460,15098238,10639918,18083582,['MEASURED_M21B_LZW_GEOTIFF'],12293136.164636614,16341334.621105721,18641255.260862075,['EXTRAPOLATED_PILOT19_V2_MEASURED_FACTORS_V1_GRIDS']
pilot_20_cell,observed_plan,sentinel1,anchor_2021_ASC,s1_actual_footprint,ASC,1,1,1,10m,1353460,12063235,12063235,12063235,['MEASURED_M21B_LZW_GEOTIFF'],11672667.293895304,11981970.163475093,12416283.703617183,['EXTRAPOLATED_PILOT19_V2_MEASURED_FACTORS_V1_GRIDS']
pilot_20_cell,observed_plan,sentinel2,anchor_2021,strict,,1,2,2,10m,1353460,15098238,10639918,18083582,['MEASURED_M21B_LZW_GEOTIFF'],12293136.164636614,16341334.621105721,18641255.260862075,['EXTRAPOLATED_PILOT19_V2_MEASURED_FACTORS_V1_GRIDS']
pilot_20_cell,observed_plan,landsat8,anchor_2021,strict,,1,3,3,30m,150902,4590956,4590956,4590956,['MEASURED_M21B_LZW_GEOTIFF'],3571538.885244394,4479068.750591678,4863994.882184297,['EXTRAPOLATED_PILOT19_V2_MEASURED_FACTORS_V1_GRIDS']
pilot_20_cell,observed_plan,landsat5,anchor_1990,near_full,,1,3,3,30m,126727,3308459,3308459,3308459,"['ESTIMATE_FLOAT32_LZW_RATIO_BORROWED_FROM_L8_TODO_MEASURE_AT_PHASE_D', 'MEASURED_M21B_LZW_GEOTIFF']",1003067.7360240432,2221296.5084538893,3022330.692989019,['EXTRAPOLATED_PILOT19_V2_MEASURED_FACTORS_V1_GRIDS']
pilot_20_cell,observed_plan,landsat5,anchor_2000,near_full,,1,3,3,30m,126727,3308459,3308459,3308459,"['ESTIMATE_FLOAT32_LZW_RATIO_BORROWED_FROM_L8_TODO_MEASURE_AT_PHASE_D', 'MEASURED_M21B_LZW_GEOTIFF']",1003067.7360240432,2221296.5084538893,3022330.692989019,['EXTRAPOLATED_PILOT19_V2_MEASURED_FACTORS_V1_GRIDS']
pilot_20_cell,observed_plan,landsat8,anchor_2015,near_full,,1,3,3,30m,126727,3855469,3855469,3855469,['MEASURED_M21B_LZW_GEOTIFF'],2999366.5313273934,3761507.107634302,4084766.7985485243,['EXTRAPOLATED_PILOT19_V2_MEASURED_FACTORS_V1_GRIDS']
pilot_20_cell,observed_plan,sentinel1,anchor_2015_ASC,s1_actual_footprint,ASC,1,1,1,10m,1136275,10127490,10127490,10127490,['MEASURED_M21B_LZW_GEOTIFF'],9799595.133488161,10059265.25165329,10423886.014605246,['EXTRAPOLATED_PILOT19_V2_MEASURED_FACTORS_V1_GRIDS']
pilot_20_cell,observed_plan,sentinel1,anchor_2020_ASC,s1_actual_footprint,ASC,1,1,1,10m,1136275,10127490,10127490,10127490,['MEASURED_M21B_LZW_GEOTIFF'],9799595.133488161,10059265.25165329,10423886.014605246,['EXTRAPOLATED_PILOT19_V2_MEASURED_FACTORS_V1_GRIDS']
pilot_20_cell,observed_plan,sentinel2,anchor_2020,strict,,1,2,2,10m,1136275,12675477,8932567,15181773,['MEASURED_M21B_LZW_GEOTIFF'],10320499.531181172,13719097.717403471,15649958.123281114,['EXTRAPOLATED_PILOT19_V2_MEASURED_FACTORS_V1_GRIDS']
pilot_20_cell,observed_plan,sentinel1,anchor_2021_ASC,s1_actual_footprint,ASC,1,1,1,10m,1136275,10127490,10127490,10127490,['MEASURED_M21B_LZW_GEOTIFF'],9799595.133488161,10059265.25165329,10423886.014605246,['EXTRAPOLATED_PILOT19_V2_MEASURED_FACTORS_V1_GRIDS']
pilot_20_cell,observed_plan,sentinel2,anchor_2021,strict,,1,2,2,10m,1136275,12675477,8932567,15181773,['MEASURED_M21B_LZW_GEOTIFF'],10320499.531181172,13719097.717403471,15649958.123281114,['EXTRAPOLATED_PILOT19_V2_MEASURED_FACTORS_V1_GRIDS']
pilot_20_cell,observed_plan,landsat8,anchor_2021,near_full,,1,3,3,30m,126727,3855469,3855469,3855469,['MEASURED_M21B_LZW_GEOTIFF'],2999366.5313273934,3761507.107634302,4084766.7985485243,['EXTRAPOLATED_PILOT19_V2_MEASURED_FACTORS_V1_GRIDS']
pilot_20_cell,observed_plan,landsat7,anchor_2000,strict,,1,3,3,30m,150902,3939596,3939596,3939596,"['ESTIMATE_FLOAT32_LZW_RATIO_BORROWED_FROM_L8_TODO_MEASURE_AT_PHASE_D', 'MEASURED_M21B_LZW_GEOTIFF']",2386412.7844404476,3031832.3002842036,3492003.4006348136,['EXTRAPOLATED_PILOT19_V2_MEASURED_FACTORS_V1_GRIDS']
pilot_20_cell,observed_plan,landsat8,anchor_2015,strict,,1,3,3,30m,150902,4590956,4590956,4590956,['MEASURED_M21B_LZW_GEOTIFF'],3571538.885244394,4479068.750591678,4863994.882184297,['EXTRAPOLATED_PILOT19_V2_MEASURED_FACTORS_V1_GRIDS']
pilot_20_cell,observed_plan,sentinel1,anchor_2015_ASC,s1_actual_footprint,ASC,1,1,1,10m,1353460,12063235,12063235,12063235,['MEASURED_M21B_LZW_GEOTIFF'],11672667.293895304,11981970.163475093,12416283.703617183,['EXTRAPOLATED_PILOT19_V2_MEASURED_FACTORS_V1_GRIDS']
pilot_20_cell,observed_plan,sentinel1,anchor_2020_ASC,s1_actual_footprint,ASC,1,1,1,10m,1353460,12063235,12063235,12063235,['MEASURED_M21B_LZW_GEOTIFF'],11672667.293895304,11981970.163475093,12416283.703617183,['EXTRAPOLATED_PILOT19_V2_MEASURED_FACTORS_V1_GRIDS']
pilot_20_cell,observed_plan,sentinel2,anchor_2020,strict,,1,2,2,10m,1353460,15098238,10639918,18083582,['MEASURED_M21B_LZW_GEOTIFF'],12293136.164636614,16341334.621105721,18641255.260862075,['EXTRAPOLATED_PILOT19_V2_MEASURED_FACTORS_V1_GRIDS']
pilot_20_cell,observed_plan,sentinel1,anchor_2021_ASC,s1_actual_footprint,ASC,1,1,1,10m,1353460,12063235,12063235,12063235,['MEASURED_M21B_LZW_GEOTIFF'],11672667.293895304,11981970.163475093,12416283.703617183,['EXTRAPOLATED_PILOT19_V2_MEASURED_FACTORS_V1_GRIDS']
pilot_20_cell,observed_plan,sentinel2,anchor_2021,strict,,1,2,2,10m,1353460,15098238,10639918,18083582,['MEASURED_M21B_LZW_GEOTIFF'],12293136.164636614,16341334.621105721,18641255.260862075,['EXTRAPOLATED_PILOT19_V2_MEASURED_FACTORS_V1_GRIDS']
pilot_20_cell,observed_plan,landsat8,anchor_2021,strict,,1,3,3,30m,150902,4590956,4590956,4590956,['MEASURED_M21B_LZW_GEOTIFF'],3571538.885244394,4479068.750591678,4863994.882184297,['EXTRAPOLATED_PILOT19_V2_MEASURED_FACTORS_V1_GRIDS']
pilot_20_cell,observed_plan,landsat7,anchor_2000,strict,,1,3,3,30m,139128,3632212,3632212,3632212,"['ESTIMATE_FLOAT32_LZW_RATIO_BORROWED_FROM_L8_TODO_MEASURE_AT_PHASE_D', 'MEASURED_M21B_LZW_GEOTIFF']",2200214.959865546,2795276.1678038775,3219542.810058981,['EXTRAPOLATED_PILOT19_V2_MEASURED_FACTORS_V1_GRIDS']
pilot_20_cell,observed_plan,landsat8,anchor_2015,strict,,1,3,3,30m,139128,4232750,4232750,4232750,['MEASURED_M21B_LZW_GEOTIFF'],3292872.606236379,4129593.226944102,4484485.8250290705,['EXTRAPOLATED_PILOT19_V2_MEASURED_FACTORS_V1_GRIDS']
pilot_20_cell,observed_plan,sentinel1,anchor_2015_ASC,s1_actual_footprint,ASC,1,1,1,10m,1247685,11120474,11120474,11120474,['MEASURED_M21B_LZW_GEOTIFF'],10760430.225188602,11045560.59537439,11445931.858161753,['EXTRAPOLATED_PILOT19_V2_MEASURED_FACTORS_V1_GRIDS']
pilot_20_cell,observed_plan,landsat8,anchor_2020,strict,,1,3,3,30m,139128,4232750,4232750,4232750,['MEASURED_M21B_LZW_GEOTIFF'],3292872.606236379,4129593.226944102,4484485.8250290705,['EXTRAPOLATED_PILOT19_V2_MEASURED_FACTORS_V1_GRIDS']
pilot_20_cell,observed_plan,sentinel1,anchor_2020_ASC,s1_actual_footprint,ASC,1,1,1,10m,1247685,11120474,11120474,11120474,['MEASURED_M21B_LZW_GEOTIFF'],10760430.225188602,11045560.59537439,11445931.858161753,['EXTRAPOLATED_PILOT19_V2_MEASURED_FACTORS_V1_GRIDS']
pilot_20_cell,observed_plan,sentinel2,anchor_2020,strict,,1,2,2,10m,1247685,13918288,9808392,16670322,['MEASURED_M21B_LZW_GEOTIFF'],11332408.490516627,15064233.953522298,17184412.22507403,['EXTRAPOLATED_PILOT19_V2_MEASURED_FACTORS_V1_GRIDS']
pilot_20_cell,observed_plan,sentinel1,anchor_2021_ASC,s1_actual_footprint,ASC,1,1,1,10m,1247685,11120474,11120474,11120474,['MEASURED_M21B_LZW_GEOTIFF'],10760430.225188602,11045560.59537439,11445931.858161753,['EXTRAPOLATED_PILOT19_V2_MEASURED_FACTORS_V1_GRIDS']
pilot_20_cell,observed_plan,sentinel2,anchor_2021,strict,,1,2,2,10m,1247685,13918288,9808392,16670322,['MEASURED_M21B_LZW_GEOTIFF'],11332408.490516627,15064233.953522298,17184412.22507403,['EXTRAPOLATED_PILOT19_V2_MEASURED_FACTORS_V1_GRIDS']
pilot_20_cell,observed_plan,landsat8,anchor_2021,strict,,1,3,3,30m,139128,4232750,4232750,4232750,['MEASURED_M21B_LZW_GEOTIFF'],3292872.606236379,4129593.226944102,4484485.8250290705,['EXTRAPOLATED_PILOT19_V2_MEASURED_FACTORS_V1_GRIDS']
pilot_20_cell,observed_plan,landsat5,anchor_1990,strict,,1,3,3,30m,138714,3621404,3621404,3621404,"['ESTIMATE_FLOAT32_LZW_RATIO_BORROWED_FROM_L8_TODO_MEASURE_AT_PHASE_D', 'MEASURED_M21B_LZW_GEOTIFF']",1097947.0668037524,2431407.070897857,3308210.4030496962,['EXTRAPOLATED_PILOT19_V2_MEASURED_FACTORS_V1_GRIDS']
pilot_20_cell,observed_plan,landsat5,anchor_2000,strict,,1,3,3,30m,138714,3621404,3621404,3621404,"['ESTIMATE_FLOAT32_LZW_RATIO_BORROWED_FROM_L8_TODO_MEASURE_AT_PHASE_D', 'MEASURED_M21B_LZW_GEOTIFF']",1097947.0668037524,2431407.070897857,3308210.4030496962,['EXTRAPOLATED_PILOT19_V2_MEASURED_FACTORS_V1_GRIDS']
pilot_20_cell,observed_plan,landsat8,anchor_2015,strict,,1,3,3,30m,138714,4220155,4220155,4220155,['MEASURED_M21B_LZW_GEOTIFF'],3283074.08071325,4117304.8910522982,4471141.44336929,['EXTRAPOLATED_PILOT19_V2_MEASURED_FACTORS_V1_GRIDS']
pilot_20_cell,observed_plan,landsat8,anchor_2020,strict,,1,3,3,30m,138714,4220155,4220155,4220155,['MEASURED_M21B_LZW_GEOTIFF'],3283074.08071325,4117304.8910522982,4471141.44336929,['EXTRAPOLATED_PILOT19_V2_MEASURED_FACTORS_V1_GRIDS']
pilot_20_cell,observed_plan,sentinel1,anchor_2020_ASC,s1_actual_footprint,ASC,1,1,1,10m,1241690,11067041,11067041,11067041,['MEASURED_M21B_LZW_GEOTIFF'],10708727.448285772,10992487.79593441,11390935.315372765,['EXTRAPOLATED_PILOT19_V2_MEASURED_FACTORS_V1_GRIDS']
pilot_20_cell,observed_plan,sentinel1,anchor_2020_DESC,s1_actual_footprint,DESC,1,1,1,10m,1241690,11067041,11067041,11067041,['MEASURED_M21B_LZW_GEOTIFF'],10708727.448285772,10992487.79593441,11390935.315372765,['EXTRAPOLATED_PILOT19_V2_MEASURED_FACTORS_V1_GRIDS']
pilot_20_cell,observed_plan,sentinel2,anchor_2020,strict,,1,2,2,10m,1241690,13851412,9761263,16590223,['MEASURED_M21B_LZW_GEOTIFF'],11277957.416006116,14991851.835799184,17101842.86558881,['EXTRAPOLATED_PILOT19_V2_MEASURED_FACTORS_V1_GRIDS']
pilot_20_cell,observed_plan,sentinel1,anchor_2021_ASC,s1_actual_footprint,ASC,1,1,1,10m,1241690,11067041,11067041,11067041,['MEASURED_M21B_LZW_GEOTIFF'],10708727.448285772,10992487.79593441,11390935.315372765,['EXTRAPOLATED_PILOT19_V2_MEASURED_FACTORS_V1_GRIDS']
pilot_20_cell,observed_plan,sentinel1,anchor_2021_DESC,s1_actual_footprint,DESC,1,1,1,10m,1241690,11067041,11067041,11067041,['MEASURED_M21B_LZW_GEOTIFF'],10708727.448285772,10992487.79593441,11390935.315372765,['EXTRAPOLATED_PILOT19_V2_MEASURED_FACTORS_V1_GRIDS']
pilot_20_cell,observed_plan,sentinel2,anchor_2021,strict,,1,2,2,10m,1241690,13851412,9761263,16590223,['MEASURED_M21B_LZW_GEOTIFF'],11277957.416006116,14991851.835799184,17101842.86558881,['EXTRAPOLATED_PILOT19_V2_MEASURED_FACTORS_V1_GRIDS']
pilot_20_cell,observed_plan,landsat5,anchor_1990,strict,,1,3,3,30m,151272,3949255,3949255,3949255,"['ESTIMATE_FLOAT32_LZW_RATIO_BORROWED_FROM_L8_TODO_MEASURE_AT_PHASE_D', 'MEASURED_M21B_LZW_GEOTIFF']",1197345.9686083395,2651526.2369253333,3607707.9753314992,['EXTRAPOLATED_PILOT19_V2_MEASURED_FACTORS_V1_GRIDS']
pilot_20_cell,observed_plan,landsat5,anchor_2000,strict,,1,3,3,30m,151272,3949255,3949255,3949255,"['ESTIMATE_FLOAT32_LZW_RATIO_BORROWED_FROM_L8_TODO_MEASURE_AT_PHASE_D', 'MEASURED_M21B_LZW_GEOTIFF']",1197345.9686083395,2651526.2369253333,3607707.9753314992,['EXTRAPOLATED_PILOT19_V2_MEASURED_FACTORS_V1_GRIDS']
pilot_20_cell,observed_plan,landsat8,anchor_2015,strict,,1,3,3,30m,151272,4602212,4602212,4602212,['MEASURED_M21B_LZW_GEOTIFF'],3580296.02158149,4490051.079770342,4875921.020382652,['EXTRAPOLATED_PILOT19_V2_MEASURED_FACTORS_V1_GRIDS']
pilot_20_cell,observed_plan,landsat8,anchor_2020,strict,,1,3,3,30m,151272,4602212,4602212,4602212,['MEASURED_M21B_LZW_GEOTIFF'],3580296.02158149,4490051.079770342,4875921.020382652,['EXTRAPOLATED_PILOT19_V2_MEASURED_FACTORS_V1_GRIDS']
pilot_20_cell,observed_plan,sentinel1,anchor_2020_ASC,s1_actual_footprint,ASC,1,1,1,10m,1357928,12103057,12103057,12103057,['MEASURED_M21B_LZW_GEOTIFF'],11711200.739633726,12021524.670213679,12457271.952688277,['EXTRAPOLATED_PILOT19_V2_MEASURED_FACTORS_V1_GRIDS']
pilot_20_cell,observed_plan,sentinel1,anchor_2020_DESC,s1_actual_footprint,DESC,1,1,1,10m,1357928,12103057,12103057,12103057,['MEASURED_M21B_LZW_GEOTIFF'],11711200.739633726,12021524.670213679,12457271.952688277,['EXTRAPOLATED_PILOT19_V2_MEASURED_FACTORS_V1_GRIDS']
pilot_20_cell,observed_plan,sentinel2,anchor_2020,strict,,1,2,2,10m,1357928,15148080,10675042,18143279,['MEASURED_M21B_LZW_GEOTIFF'],12333717.882887317,16395280.1260243,18702793.19216816,['EXTRAPOLATED_PILOT19_V2_MEASURED_FACTORS_V1_GRIDS']
pilot_20_cell,observed_plan,sentinel1,anchor_2021_ASC,s1_actual_footprint,ASC,1,1,1,10m,1357928,12103057,12103057,12103057,['MEASURED_M21B_LZW_GEOTIFF'],11711200.739633726,12021524.670213679,12457271.952688277,['EXTRAPOLATED_PILOT19_V2_MEASURED_FACTORS_V1_GRIDS']
pilot_20_cell,observed_plan,sentinel1,anchor_2021_DESC,s1_actual_footprint,DESC,1,1,1,10m,1357928,12103057,12103057,12103057,['MEASURED_M21B_LZW_GEOTIFF'],11711200.739633726,12021524.670213679,12457271.952688277,['EXTRAPOLATED_PILOT19_V2_MEASURED_FACTORS_V1_GRIDS']
pilot_20_cell,observed_plan,sentinel2,anchor_2021,strict,,1,2,2,10m,1357928,15148080,10675042,18143279,['MEASURED_M21B_LZW_GEOTIFF'],12333717.882887317,16395280.1260243,18702793.19216816,['EXTRAPOLATED_PILOT19_V2_MEASURED_FACTORS_V1_GRIDS']
pilot_20_cell,observed_plan,landsat8,anchor_2021,strict,,1,3,3,30m,151272,4602212,4602212,4602212,['MEASURED_M21B_LZW_GEOTIFF'],3580296.02158149,4490051.079770342,4875921.020382652,['EXTRAPOLATED_PILOT19_V2_MEASURED_FACTORS_V1_GRIDS']
pilot_20_cell,observed_plan,landsat5,anchor_1990,strict,,1,3,3,30m,151668,3959594,3959594,3959594,"['ESTIMATE_FLOAT32_LZW_RATIO_BORROWED_FROM_L8_TODO_MEASURE_AT_PHASE_D', 'MEASURED_M21B_LZW_GEOTIFF']",1200480.382138728,2658467.4050848237,3617152.237047027,['EXTRAPOLATED_PILOT19_V2_MEASURED_FACTORS_V1_GRIDS']
pilot_20_cell,observed_plan,landsat5,anchor_2000,strict,,1,3,3,30m,151668,3959594,3959594,3959594,"['ESTIMATE_FLOAT32_LZW_RATIO_BORROWED_FROM_L8_TODO_MEASURE_AT_PHASE_D', 'MEASURED_M21B_LZW_GEOTIFF']",1200480.382138728,2658467.4050848237,3617152.237047027,['EXTRAPOLATED_PILOT19_V2_MEASURED_FACTORS_V1_GRIDS']
pilot_20_cell,observed_plan,landsat8,anchor_2015,strict,,1,3,3,30m,151668,4614260,4614260,4614260,['MEASURED_M21B_LZW_GEOTIFF'],3589668.524255787,4501805.14018859,4888685.211535486,['EXTRAPOLATED_PILOT19_V2_MEASURED_FACTORS_V1_GRIDS']
pilot_20_cell,observed_plan,landsat8,anchor_2020,strict,,1,3,3,30m,151668,4614260,4614260,4614260,['MEASURED_M21B_LZW_GEOTIFF'],3589668.524255787,4501805.14018859,4888685.211535486,['EXTRAPOLATED_PILOT19_V2_MEASURED_FACTORS_V1_GRIDS']
pilot_20_cell,observed_plan,sentinel1,anchor_2020_ASC,s1_actual_footprint,ASC,1,1,1,10m,1360302,12124217,12124217,12124217,['MEASURED_M21B_LZW_GEOTIFF'],11731674.86680092,12042541.321735032,12479050.400158012,['EXTRAPOLATED_PILOT19_V2_MEASURED_FACTORS_V1_GRIDS']
pilot_20_cell,observed_plan,sentinel1,anchor_2020_DESC,s1_actual_footprint,DESC,1,1,1,10m,1360302,12124217,12124217,12124217,['MEASURED_M21B_LZW_GEOTIFF'],11731674.86680092,12042541.321735032,12479050.400158012,['EXTRAPOLATED_PILOT19_V2_MEASURED_FACTORS_V1_GRIDS']
pilot_20_cell,observed_plan,sentinel2,anchor_2020,strict,,1,2,2,10m,1360302,15174563,10693704,18174998,['MEASURED_M21B_LZW_GEOTIFF'],12355280.326738518,16423943.2031677,18735490.38306356,['EXTRAPOLATED_PILOT19_V2_MEASURED_FACTORS_V1_GRIDS']
pilot_20_cell,observed_plan,sentinel1,anchor_2021_ASC,s1_actual_footprint,ASC,1,1,1,10m,1360302,12124217,12124217,12124217,['MEASURED_M21B_LZW_GEOTIFF'],11731674.86680092,12042541.321735032,12479050.400158012,['EXTRAPOLATED_PILOT19_V2_MEASURED_FACTORS_V1_GRIDS']
pilot_20_cell,observed_plan,sentinel1,anchor_2021_DESC,s1_actual_footprint,DESC,1,1,1,10m,1360302,12124217,12124217,12124217,['MEASURED_M21B_LZW_GEOTIFF'],11731674.86680092,12042541.321735032,12479050.400158012,['EXTRAPOLATED_PILOT19_V2_MEASURED_FACTORS_V1_GRIDS']
pilot_20_cell,observed_plan,sentinel2,anchor_2021,strict,,1,2,2,10m,1360302,15174563,10693704,18174998,['MEASURED_M21B_LZW_GEOTIFF'],12355280.326738518,16423943.2031677,18735490.38306356,['EXTRAPOLATED_PILOT19_V2_MEASURED_FACTORS_V1_GRIDS']
pilot_20_cell,observed_plan,landsat5,anchor_1990,strict,,1,3,3,30m,138754,3622448,3622448,3622448,"['ESTIMATE_FLOAT32_LZW_RATIO_BORROWED_FROM_L8_TODO_MEASURE_AT_PHASE_D', 'MEASURED_M21B_LZW_GEOTIFF']",1098263.6742310643,2432108.198994776,3309164.3688795473,['EXTRAPOLATED_PILOT19_V2_MEASURED_FACTORS_V1_GRIDS']
pilot_20_cell,observed_plan,landsat5,anchor_2000,strict,,1,3,3,30m,138754,3622448,3622448,3622448,"['ESTIMATE_FLOAT32_LZW_RATIO_BORROWED_FROM_L8_TODO_MEASURE_AT_PHASE_D', 'MEASURED_M21B_LZW_GEOTIFF']",1098263.6742310643,2432108.198994776,3309164.3688795473,['EXTRAPOLATED_PILOT19_V2_MEASURED_FACTORS_V1_GRIDS']
pilot_20_cell,observed_plan,landsat8,anchor_2015,strict,,1,3,3,30m,138754,4221372,4221372,4221372,['MEASURED_M21B_LZW_GEOTIFF'],3284020.7981550987,4118492.169882424,4472430.755606949,['EXTRAPOLATED_PILOT19_V2_MEASURED_FACTORS_V1_GRIDS']
pilot_20_cell,observed_plan,sentinel1,anchor_2015_ASC,s1_actual_footprint,ASC,1,1,1,10m,1243216,11080642,11080642,11080642,['MEASURED_M21B_LZW_GEOTIFF'],10721888.155133765,11005997.23579186,11404934.435355416,['EXTRAPOLATED_PILOT19_V2_MEASURED_FACTORS_V1_GRIDS']
pilot_20_cell,observed_plan,landsat8,anchor_2020,strict,,1,3,3,30m,138754,4221372,4221372,4221372,['MEASURED_M21B_LZW_GEOTIFF'],3284020.7981550987,4118492.169882424,4472430.755606949,['EXTRAPOLATED_PILOT19_V2_MEASURED_FACTORS_V1_GRIDS']
pilot_20_cell,observed_plan,sentinel1,anchor_2020_ASC,s1_actual_footprint,ASC,1,1,1,10m,1243216,11080642,11080642,11080642,['MEASURED_M21B_LZW_GEOTIFF'],10721888.155133765,11005997.23579186,11404934.435355416,['EXTRAPOLATED_PILOT19_V2_MEASURED_FACTORS_V1_GRIDS']
pilot_20_cell,observed_plan,sentinel2,anchor_2020,strict,,1,2,2,10m,1243216,13868435,9773260,16610612,['MEASURED_M21B_LZW_GEOTIFF'],11291817.689517882,15010276.374855977,17122860.520730503,['EXTRAPOLATED_PILOT19_V2_MEASURED_FACTORS_V1_GRIDS']
pilot_20_cell,observed_plan,sentinel1,anchor_2021_ASC,s1_actual_footprint,ASC,1,1,1,10m,1243216,11080642,11080642,11080642,['MEASURED_M21B_LZW_GEOTIFF'],10721888.155133765,11005997.23579186,11404934.435355416,['EXTRAPOLATED_PILOT19_V2_MEASURED_FACTORS_V1_GRIDS']
pilot_20_cell,observed_plan,sentinel2,anchor_2021,strict,,1,2,2,10m,1243216,13868435,9773260,16610612,['MEASURED_M21B_LZW_GEOTIFF'],11291817.689517882,15010276.374855977,17122860.520730503,['EXTRAPOLATED_PILOT19_V2_MEASURED_FACTORS_V1_GRIDS']
pilot_20_cell,observed_plan,landsat8,anchor_2021,strict,,1,3,3,30m,138754,4221372,4221372,4221372,['MEASURED_M21B_LZW_GEOTIFF'],3284020.7981550987,4118492.169882424,4472430.755606949,['EXTRAPOLATED_PILOT19_V2_MEASURED_FACTORS_V1_GRIDS']
pilot_20_cell,observed_plan,landsat5,anchor_1990,strict,,1,3,3,30m,150890,3939282,3939282,3939282,"['ESTIMATE_FLOAT32_LZW_RATIO_BORROWED_FROM_L8_TODO_MEASURE_AT_PHASE_D', 'MEASURED_M21B_LZW_GEOTIFF']",1194322.3676775105,2644830.4635997643,3598597.6016564197,['EXTRAPOLATED_PILOT19_V2_MEASURED_FACTORS_V1_GRIDS']
pilot_20_cell,observed_plan,landsat5,anchor_2000,strict,,1,3,3,30m,150890,3939282,3939282,3939282,"['ESTIMATE_FLOAT32_LZW_RATIO_BORROWED_FROM_L8_TODO_MEASURE_AT_PHASE_D', 'MEASURED_M21B_LZW_GEOTIFF']",1194322.3676775105,2644830.4635997643,3598597.6016564197,['EXTRAPOLATED_PILOT19_V2_MEASURED_FACTORS_V1_GRIDS']
pilot_20_cell,observed_plan,landsat8,anchor_2015,strict,,1,3,3,30m,150890,4590590,4590590,4590590,['MEASURED_M21B_LZW_GEOTIFF'],3571254.8700118395,4478712.56694264,4863608.088512999,['EXTRAPOLATED_PILOT19_V2_MEASURED_FACTORS_V1_GRIDS']
pilot_20_cell,observed_plan,sentinel1,anchor_2015_DESC,s1_actual_footprint,DESC,1,1,1,10m,1355640,12082665,12082665,12082665,['MEASURED_M21B_LZW_GEOTIFF'],11691468.303678151,12001269.363271449,12436282.446449544,['EXTRAPOLATED_PILOT19_V2_MEASURED_FACTORS_V1_GRIDS']
pilot_20_cell,observed_plan,landsat8,anchor_2020,strict,,1,3,3,30m,150890,4590590,4590590,4590590,['MEASURED_M21B_LZW_GEOTIFF'],3571254.8700118395,4478712.56694264,4863608.088512999,['EXTRAPOLATED_PILOT19_V2_MEASURED_FACTORS_V1_GRIDS']
pilot_20_cell,observed_plan,sentinel1,anchor_2020_ASC,s1_actual_footprint,ASC,1,1,1,10m,1355640,12082665,12082665,12082665,['MEASURED_M21B_LZW_GEOTIFF'],11691468.303678151,12001269.363271449,12436282.446449544,['EXTRAPOLATED_PILOT19_V2_MEASURED_FACTORS_V1_GRIDS']
pilot_20_cell,observed_plan,sentinel1,anchor_2020_DESC,s1_actual_footprint,DESC,1,1,1,10m,1355640,12082665,12082665,12082665,['MEASURED_M21B_LZW_GEOTIFF'],11691468.303678151,12001269.363271449,12436282.446449544,['EXTRAPOLATED_PILOT19_V2_MEASURED_FACTORS_V1_GRIDS']
pilot_20_cell,observed_plan,sentinel2,anchor_2020,strict,,1,2,2,10m,1355640,15122557,10657055,18112709,['MEASURED_M21B_LZW_GEOTIFF'],12312936.555367708,16367655.391186854,18671280.482493065,['EXTRAPOLATED_PILOT19_V2_MEASURED_FACTORS_V1_GRIDS']
pilot_20_cell,observed_plan,sentinel1,anchor_2021_ASC,s1_actual_footprint,ASC,1,1,1,10m,1355640,12082665,12082665,12082665,['MEASURED_M21B_LZW_GEOTIFF'],11691468.303678151,12001269.363271449,12436282.446449544,['EXTRAPOLATED_PILOT19_V2_MEASURED_FACTORS_V1_GRIDS']
pilot_20_cell,observed_plan,sentinel1,anchor_2021_DESC,s1_actual_footprint,DESC,1,1,1,10m,1355640,12082665,12082665,12082665,['MEASURED_M21B_LZW_GEOTIFF'],11691468.303678151,12001269.363271449,12436282.446449544,['EXTRAPOLATED_PILOT19_V2_MEASURED_FACTORS_V1_GRIDS']
pilot_20_cell,observed_plan,sentinel2,anchor_2021,strict,,1,2,2,10m,1355640,15122557,10657055,18112709,['MEASURED_M21B_LZW_GEOTIFF'],12312936.555367708,16367655.391186854,18671280.482493065,['EXTRAPOLATED_PILOT19_V2_MEASURED_FACTORS_V1_GRIDS']
pilot_20_cell,observed_plan,landsat8,anchor_2021,strict,,1,3,3,30m,150890,4590590,4590590,4590590,['MEASURED_M21B_LZW_GEOTIFF'],3571254.8700118395,4478712.56694264,4863608.088512999,['EXTRAPOLATED_PILOT19_V2_MEASURED_FACTORS_V1_GRIDS']
pilot_20_cell,observed_plan,landsat5,anchor_1990,strict,,1,3,3,30m,126720,3308277,3308277,3308277,"['ESTIMATE_FLOAT32_LZW_RATIO_BORROWED_FROM_L8_TODO_MEASURE_AT_PHASE_D', 'MEASURED_M21B_LZW_GEOTIFF']",1003012.3297242636,2221173.8110369286,3022163.7489687954,['EXTRAPOLATED_PILOT19_V2_MEASURED_FACTORS_V1_GRIDS']
pilot_20_cell,observed_plan,landsat5,anchor_2000,strict,,1,3,3,30m,126720,3308277,3308277,3308277,"['ESTIMATE_FLOAT32_LZW_RATIO_BORROWED_FROM_L8_TODO_MEASURE_AT_PHASE_D', 'MEASURED_M21B_LZW_GEOTIFF']",1003012.3297242636,2221173.8110369286,3022163.7489687954,['EXTRAPOLATED_PILOT19_V2_MEASURED_FACTORS_V1_GRIDS']
pilot_20_cell,observed_plan,landsat8,anchor_2015,strict,,1,3,3,30m,126720,3855256,3855256,3855256,['MEASURED_M21B_LZW_GEOTIFF'],2999200.85577507,3761299.3338390305,4084541.1689069336,['EXTRAPOLATED_PILOT19_V2_MEASURED_FACTORS_V1_GRIDS']
pilot_20_cell,observed_plan,sentinel1,anchor_2020_ASC,s1_actual_footprint,ASC,1,1,1,10m,1135134,10117320,10117320,10117320,['MEASURED_M21B_LZW_GEOTIFF'],9789754.788459618,10049164.156714004,10413418.782691611,['EXTRAPOLATED_PILOT19_V2_MEASURED_FACTORS_V1_GRIDS']
pilot_20_cell,observed_plan,sentinel2,anchor_2020,strict,,1,2,2,10m,1135134,12662749,8923597,15166528,['MEASURED_M21B_LZW_GEOTIFF'],10310136.115665494,13705321.571227979,15634243.087555902,['EXTRAPOLATED_PILOT19_V2_MEASURED_FACTORS_V1_GRIDS']
pilot_20_cell,observed_plan,sentinel1,anchor_2021_ASC,s1_actual_footprint,ASC,1,1,1,10m,1135134,10117320,10117320,10117320,['MEASURED_M21B_LZW_GEOTIFF'],9789754.788459618,10049164.156714004,10413418.782691611,['EXTRAPOLATED_PILOT19_V2_MEASURED_FACTORS_V1_GRIDS']
pilot_20_cell,observed_plan,sentinel2,anchor_2021,strict,,1,2,2,10m,1135134,12662749,8923597,15166528,['MEASURED_M21B_LZW_GEOTIFF'],10310136.115665494,13705321.571227979,15634243.087555902,['EXTRAPOLATED_PILOT19_V2_MEASURED_FACTORS_V1_GRIDS']
pilot_20_cell,observed_plan,landsat8,anchor_2021,strict,,1,3,3,30m,126720,3855256,3855256,3855256,['MEASURED_M21B_LZW_GEOTIFF'],2999200.85577507,3761299.3338390305,4084541.1689069336,['EXTRAPOLATED_PILOT19_V2_MEASURED_FACTORS_V1_GRIDS']
pilot_20_cell,observed_plan,landsat5,anchor_1990,strict,,1,3,3,30m,140250,3661504,3661504,3661504,"['ESTIMATE_FLOAT32_LZW_RATIO_BORROWED_FROM_L8_TODO_MEASURE_AT_PHASE_D', 'MEASURED_M21B_LZW_GEOTIFF']",1110104.7920125313,2458330.3898195173,3344842.6909159846,['EXTRAPOLATED_PILOT19_V2_MEASURED_FACTORS_V1_GRIDS']
pilot_20_cell,observed_plan,landsat5,anchor_2000,strict,,1,3,3,30m,140250,3661504,3661504,3661504,"['ESTIMATE_FLOAT32_LZW_RATIO_BORROWED_FROM_L8_TODO_MEASURE_AT_PHASE_D', 'MEASURED_M21B_LZW_GEOTIFF']",1110104.7920125313,2458330.3898195173,3344842.6909159846,['EXTRAPOLATED_PILOT19_V2_MEASURED_FACTORS_V1_GRIDS']
pilot_20_cell,observed_plan,landsat8,anchor_2015,strict,,1,3,3,30m,140250,4266885,4266885,4266885,['MEASURED_M21B_LZW_GEOTIFF'],3319428.030480221,4162896.3981291354,4520651.033295434,['EXTRAPOLATED_PILOT19_V2_MEASURED_FACTORS_V1_GRIDS']
pilot_20_cell,observed_plan,sentinel1,anchor_2015_ASC,s1_actual_footprint,ASC,1,1,1,10m,1256640,11200289,11200289,11200289,['MEASURED_M21B_LZW_GEOTIFF'],10837660.978677314,11124837.812886484,11528082.65727358,['EXTRAPOLATED_PILOT19_V2_MEASURED_FACTORS_V1_GRIDS']
pilot_20_cell,observed_plan,landsat8,anchor_2020,strict,,1,3,3,30m,140250,4266885,4266885,4266885,['MEASURED_M21B_LZW_GEOTIFF'],3319428.030480221,4162896.3981291354,4520651.033295434,['EXTRAPOLATED_PILOT19_V2_MEASURED_FACTORS_V1_GRIDS']
pilot_20_cell,observed_plan,sentinel1,anchor_2020_ASC,s1_actual_footprint,ASC,1,1,1,10m,1256640,11200289,11200289,11200289,['MEASURED_M21B_LZW_GEOTIFF'],10837660.978677314,11124837.812886484,11528082.65727358,['EXTRAPOLATED_PILOT19_V2_MEASURED_FACTORS_V1_GRIDS']
pilot_20_cell,observed_plan,sentinel2,anchor_2020,strict,,1,2,2,10m,1256640,14018183,9878789,16789970,['MEASURED_M21B_LZW_GEOTIFF'],11413744.499230826,15172354.364566587,17307749.775397662,['EXTRAPOLATED_PILOT19_V2_MEASURED_FACTORS_V1_GRIDS']
pilot_20_cell,observed_plan,sentinel1,anchor_2021_ASC,s1_actual_footprint,ASC,1,1,1,10m,1256640,11200289,11200289,11200289,['MEASURED_M21B_LZW_GEOTIFF'],10837660.978677314,11124837.812886484,11528082.65727358,['EXTRAPOLATED_PILOT19_V2_MEASURED_FACTORS_V1_GRIDS']
pilot_20_cell,observed_plan,sentinel2,anchor_2021,strict,,1,2,2,10m,1256640,14018183,9878789,16789970,['MEASURED_M21B_LZW_GEOTIFF'],11413744.499230826,15172354.364566587,17307749.775397662,['EXTRAPOLATED_PILOT19_V2_MEASURED_FACTORS_V1_GRIDS']
pilot_20_cell,observed_plan,landsat8,anchor_2021,strict,,1,3,3,30m,140250,4266885,4266885,4266885,['MEASURED_M21B_LZW_GEOTIFF'],3319428.030480221,4162896.3981291354,4520651.033295434,['EXTRAPOLATED_PILOT19_V2_MEASURED_FACTORS_V1_GRIDS']
pilot_20_cell,observed_plan,landsat5,anchor_2000,strict,,1,3,3,30m,150890,3939282,3939282,3939282,"['ESTIMATE_FLOAT32_LZW_RATIO_BORROWED_FROM_L8_TODO_MEASURE_AT_PHASE_D', 'MEASURED_M21B_LZW_GEOTIFF']",1194322.3676775105,2644830.4635997643,3598597.6016564197,['EXTRAPOLATED_PILOT19_V2_MEASURED_FACTORS_V1_GRIDS']
pilot_20_cell,observed_plan,landsat8,anchor_2015,strict,,1,3,3,30m,150890,4590590,4590590,4590590,['MEASURED_M21B_LZW_GEOTIFF'],3571254.8700118395,4478712.56694264,4863608.088512999,['EXTRAPOLATED_PILOT19_V2_MEASURED_FACTORS_V1_GRIDS']
pilot_20_cell,observed_plan,sentinel1,anchor_2015_DESC,s1_actual_footprint,DESC,1,1,1,10m,1353352,12062272,12062272,12062272,['MEASURED_M21B_LZW_GEOTIFF'],11671735.867722576,11981014.056329219,12415292.94021081,['EXTRAPOLATED_PILOT19_V2_MEASURED_FACTORS_V1_GRIDS']
pilot_20_cell,observed_plan,sentinel2,anchor_2015,strict,,1,2,2,10m,1353352,15097033,10639069,18082139,['MEASURED_M21B_LZW_GEOTIFF'],12292155.227848101,16340030.656349408,18639767.772817973,['EXTRAPOLATED_PILOT19_V2_MEASURED_FACTORS_V1_GRIDS']
pilot_20_cell,observed_plan,landsat8,anchor_2020,strict,,1,3,3,30m,150890,4590590,4590590,4590590,['MEASURED_M21B_LZW_GEOTIFF'],3571254.8700118395,4478712.56694264,4863608.088512999,['EXTRAPOLATED_PILOT19_V2_MEASURED_FACTORS_V1_GRIDS']
pilot_20_cell,observed_plan,sentinel1,anchor_2020_ASC,s1_actual_footprint,ASC,1,1,1,10m,1353352,12062272,12062272,12062272,['MEASURED_M21B_LZW_GEOTIFF'],11671735.867722576,11981014.056329219,12415292.94021081,['EXTRAPOLATED_PILOT19_V2_MEASURED_FACTORS_V1_GRIDS']
pilot_20_cell,observed_plan,sentinel1,anchor_2020_DESC,s1_actual_footprint,DESC,1,1,1,10m,1353352,12062272,12062272,12062272,['MEASURED_M21B_LZW_GEOTIFF'],11671735.867722576,11981014.056329219,12415292.94021081,['EXTRAPOLATED_PILOT19_V2_MEASURED_FACTORS_V1_GRIDS']
pilot_20_cell,observed_plan,sentinel2,anchor_2020,strict,,1,2,2,10m,1353352,15097033,10639069,18082139,['MEASURED_M21B_LZW_GEOTIFF'],12292155.227848101,16340030.656349408,18639767.772817973,['EXTRAPOLATED_PILOT19_V2_MEASURED_FACTORS_V1_GRIDS']
pilot_20_cell,observed_plan,sentinel1,anchor_2021_ASC,s1_actual_footprint,ASC,1,1,1,10m,1353352,12062272,12062272,12062272,['MEASURED_M21B_LZW_GEOTIFF'],11671735.867722576,11981014.056329219,12415292.94021081,['EXTRAPOLATED_PILOT19_V2_MEASURED_FACTORS_V1_GRIDS']
pilot_20_cell,observed_plan,sentinel1,anchor_2021_DESC,s1_actual_footprint,DESC,1,1,1,10m,1353352,12062272,12062272,12062272,['MEASURED_M21B_LZW_GEOTIFF'],11671735.867722576,11981014.056329219,12415292.94021081,['EXTRAPOLATED_PILOT19_V2_MEASURED_FACTORS_V1_GRIDS']
pilot_20_cell,observed_plan,sentinel2,anchor_2021,strict,,1,2,2,10m,1353352,15097033,10639069,18082139,['MEASURED_M21B_LZW_GEOTIFF'],12292155.227848101,16340030.656349408,18639767.772817973,['EXTRAPOLATED_PILOT19_V2_MEASURED_FACTORS_V1_GRIDS']
pilot_20_cell,observed_plan,landsat8,anchor_2021,strict,,1,3,3,30m,150890,4590590,4590590,4590590,['MEASURED_M21B_LZW_GEOTIFF'],3571254.8700118395,4478712.56694264,4863608.088512999,['EXTRAPOLATED_PILOT19_V2_MEASURED_FACTORS_V1_GRIDS']
pilot_20_cell,observed_plan,landsat7,anchor_2000,strict,,1,3,3,30m,139875,3651714,3651714,3651714,"['ESTIMATE_FLOAT32_LZW_RATIO_BORROWED_FROM_L8_TODO_MEASURE_AT_PHASE_D', 'MEASURED_M21B_LZW_GEOTIFF']",2212028.2582312203,2810284.4428983913,3236829.039136622,['EXTRAPOLATED_PILOT19_V2_MEASURED_FACTORS_V1_GRIDS']
pilot_20_cell,observed_plan,landsat8,anchor_2015,strict,,1,3,3,30m,139875,4255476,4255476,4255476,['MEASURED_M21B_LZW_GEOTIFF'],3310552.554462894,4151765.6590967043,4508563.731067372,['EXTRAPOLATED_PILOT19_V2_MEASURED_FACTORS_V1_GRIDS']
pilot_20_cell,observed_plan,sentinel1,anchor_2015_ASC,s1_actual_footprint,ASC,1,1,1,10m,1253274,11170288,11170288,11170288,['MEASURED_M21B_LZW_GEOTIFF'],10808631.529627284,11095039.140173396,11497203.864441596,['EXTRAPOLATED_PILOT19_V2_MEASURED_FACTORS_V1_GRIDS']
pilot_20_cell,observed_plan,landsat8,anchor_2020,strict,,1,3,3,30m,139875,4255476,4255476,4255476,['MEASURED_M21B_LZW_GEOTIFF'],3310552.554462894,4151765.6590967043,4508563.731067372,['EXTRAPOLATED_PILOT19_V2_MEASURED_FACTORS_V1_GRIDS']
pilot_20_cell,observed_plan,sentinel1,anchor_2020_ASC,s1_actual_footprint,ASC,1,1,1,10m,1253274,11170288,11170288,11170288,['MEASURED_M21B_LZW_GEOTIFF'],10808631.529627284,11095039.140173396,11497203.864441596,['EXTRAPOLATED_PILOT19_V2_MEASURED_FACTORS_V1_GRIDS']
pilot_20_cell,observed_plan,sentinel2,anchor_2020,strict,,1,2,2,10m,1253274,13980634,9852328,16744997,['MEASURED_M21B_LZW_GEOTIFF'],11383171.969322173,15131714.129661499,17261389.73135642,['EXTRAPOLATED_PILOT19_V2_MEASURED_FACTORS_V1_GRIDS']
pilot_20_cell,observed_plan,sentinel1,anchor_2021_ASC,s1_actual_footprint,ASC,1,1,1,10m,1253274,11170288,11170288,11170288,['MEASURED_M21B_LZW_GEOTIFF'],10808631.529627284,11095039.140173396,11497203.864441596,['EXTRAPOLATED_PILOT19_V2_MEASURED_FACTORS_V1_GRIDS']
pilot_20_cell,observed_plan,sentinel2,anchor_2021,strict,,1,2,2,10m,1253274,13980634,9852328,16744997,['MEASURED_M21B_LZW_GEOTIFF'],11383171.969322173,15131714.129661499,17261389.73135642,['EXTRAPOLATED_PILOT19_V2_MEASURED_FACTORS_V1_GRIDS']
pilot_20_cell,observed_plan,landsat8,anchor_2021,strict,,1,3,3,30m,139875,4255476,4255476,4255476,['MEASURED_M21B_LZW_GEOTIFF'],3310552.554462894,4151765.6590967043,4508563.731067372,['EXTRAPOLATED_PILOT19_V2_MEASURED_FACTORS_V1_GRIDS']
pilot_20_cell,observed_plan,landsat5,anchor_1990,strict,,1,3,3,30m,151668,3959594,3959594,3959594,"['ESTIMATE_FLOAT32_LZW_RATIO_BORROWED_FROM_L8_TODO_MEASURE_AT_PHASE_D', 'MEASURED_M21B_LZW_GEOTIFF']",1200480.382138728,2658467.4050848237,3617152.237047027,['EXTRAPOLATED_PILOT19_V2_MEASURED_FACTORS_V1_GRIDS']
pilot_20_cell,observed_plan,landsat5,anchor_2000,strict,,1,3,3,30m,151668,3959594,3959594,3959594,"['ESTIMATE_FLOAT32_LZW_RATIO_BORROWED_FROM_L8_TODO_MEASURE_AT_PHASE_D', 'MEASURED_M21B_LZW_GEOTIFF']",1200480.382138728,2658467.4050848237,3617152.237047027,['EXTRAPOLATED_PILOT19_V2_MEASURED_FACTORS_V1_GRIDS']
pilot_20_cell,observed_plan,landsat8,anchor_2015,strict,,1,3,3,30m,151668,4614260,4614260,4614260,['MEASURED_M21B_LZW_GEOTIFF'],3589668.524255787,4501805.14018859,4888685.211535486,['EXTRAPOLATED_PILOT19_V2_MEASURED_FACTORS_V1_GRIDS']
pilot_20_cell,observed_plan,landsat8,anchor_2020,strict,,1,3,3,30m,151668,4614260,4614260,4614260,['MEASURED_M21B_LZW_GEOTIFF'],3589668.524255787,4501805.14018859,4888685.211535486,['EXTRAPOLATED_PILOT19_V2_MEASURED_FACTORS_V1_GRIDS']
pilot_20_cell,observed_plan,sentinel1,anchor_2020_ASC,s1_actual_footprint,ASC,1,1,1,10m,1359156,12114002,12114002,12114002,['MEASURED_M21B_LZW_GEOTIFF'],11721791.400190303,12032395.96257603,12468537.299568158,['EXTRAPOLATED_PILOT19_V2_MEASURED_FACTORS_V1_GRIDS']
pilot_20_cell,observed_plan,sentinel1,anchor_2020_DESC,s1_actual_footprint,DESC,1,1,1,10m,1359156,12114002,12114002,12114002,['MEASURED_M21B_LZW_GEOTIFF'],11721791.400190303,12032395.96257603,12468537.299568158,['EXTRAPOLATED_PILOT19_V2_MEASURED_FACTORS_V1_GRIDS']
pilot_20_cell,observed_plan,sentinel2,anchor_2020,strict,,1,2,2,10m,1359156,15161779,10684695,18159686,['MEASURED_M21B_LZW_GEOTIFF'],12344871.497482631,16410106.688253488,18719706.48215112,['EXTRAPOLATED_PILOT19_V2_MEASURED_FACTORS_V1_GRIDS']
pilot_20_cell,observed_plan,sentinel1,anchor_2021_ASC,s1_actual_footprint,ASC,1,1,1,10m,1359156,12114002,12114002,12114002,['MEASURED_M21B_LZW_GEOTIFF'],11721791.400190303,12032395.96257603,12468537.299568158,['EXTRAPOLATED_PILOT19_V2_MEASURED_FACTORS_V1_GRIDS']
pilot_20_cell,observed_plan,sentinel1,anchor_2021_DESC,s1_actual_footprint,DESC,1,1,1,10m,1359156,12114002,12114002,12114002,['MEASURED_M21B_LZW_GEOTIFF'],11721791.400190303,12032395.96257603,12468537.299568158,['EXTRAPOLATED_PILOT19_V2_MEASURED_FACTORS_V1_GRIDS']
pilot_20_cell,observed_plan,sentinel2,anchor_2021,strict,,1,2,2,10m,1359156,15161779,10684695,18159686,['MEASURED_M21B_LZW_GEOTIFF'],12344871.497482631,16410106.688253488,18719706.48215112,['EXTRAPOLATED_PILOT19_V2_MEASURED_FACTORS_V1_GRIDS']
pilot_20_cell,observed_plan,landsat8,anchor_2021,strict,,1,3,3,30m,151668,4614260,4614260,4614260,['MEASURED_M21B_LZW_GEOTIFF'],3589668.524255787,4501805.14018859,4888685.211535486,['EXTRAPOLATED_PILOT19_V2_MEASURED_FACTORS_V1_GRIDS']
national_minimal_anchors,national_3016,landsat5,anchor_1990_L5,strict,,2203,6609,6609,30m,309068428,8068843733,8068843733,8068843733,"['ESTIMATE_FLOAT32_LZW_RATIO_BORROWED_FROM_L8_TODO_MEASURE_AT_PHASE_D', 'MEASURED_M21B_LZW_GEOTIFF']",2446333996.310731,5417413968.528666,7371017984.946119,['EXTRAPOLATED_PILOT19_V2_MEASURED_FACTORS_V1_GRIDS']
national_minimal_anchors,national_3016,landsat5,anchor_1990_L5,near_full_only,,26,78,78,30m,3545827,92570840,92570840,92570840,"['ESTIMATE_FLOAT32_LZW_RATIO_BORROWED_FROM_L8_TODO_MEASURE_AT_PHASE_D', 'MEASURED_M21B_LZW_GEOTIFF']",28065879.10408141,62151973.41278124,84564944.9141002,['EXTRAPOLATED_PILOT19_V2_MEASURED_FACTORS_V1_GRIDS']
national_minimal_anchors,national_3016,landsat5,anchor_2000_L5_preferred,strict,,2157,6471,6471,30m,301376002,7868017710,7868017710,7868017710,"['ESTIMATE_FLOAT32_LZW_RATIO_BORROWED_FROM_L8_TODO_MEASURE_AT_PHASE_D', 'MEASURED_M21B_LZW_GEOTIFF']",2385447016.169542,5282579568.477059,7187560196.129634,['EXTRAPOLATED_PILOT19_V2_MEASURED_FACTORS_V1_GRIDS']
national_minimal_anchors,national_3016,landsat5,anchor_2000_L5_preferred,near_full_only,,19,57,57,30m,2602092,67932768,67932768,67932768,"['ESTIMATE_FLOAT32_LZW_RATIO_BORROWED_FROM_L8_TODO_MEASURE_AT_PHASE_D', 'MEASURED_M21B_LZW_GEOTIFF']",20596041.343725286,45609995.299153276,62057671.353233196,['EXTRAPOLATED_PILOT19_V2_MEASURED_FACTORS_V1_GRIDS']
national_minimal_anchors,national_3016,landsat7,anchor_2000_L7_fallback_fill,strict,,834,2502,2502,30m,118428150,3091801522,3091801522,3091801522,"['ESTIMATE_FLOAT32_LZW_RATIO_BORROWED_FROM_L8_TODO_MEASURE_AT_PHASE_D', 'MEASURED_M21B_LZW_GEOTIFF']",1872860871.2782533,2379387221.0633574,2740530294.7004666,['EXTRAPOLATED_PILOT19_V2_MEASURED_FACTORS_V1_GRIDS']
national_minimal_anchors,national_3016,landsat7,anchor_2000_L7_fallback_fill,near_full_only,,2,6,6,30m,275148,7183284,7183284,7183284,"['ESTIMATE_FLOAT32_LZW_RATIO_BORROWED_FROM_L8_TODO_MEASURE_AT_PHASE_D', 'MEASURED_M21B_LZW_GEOTIFF']",4351279.007655433,5528108.267343031,6367163.799537897,['EXTRAPOLATED_PILOT19_V2_MEASURED_FACTORS_V1_GRIDS']
national_minimal_anchors,national_3016,landsat8,anchor_2015_t8,strict,,2644,7932,7932,30m,369415412,11238881752,11238881752,11238881752,['MEASURED_M21B_LZW_GEOTIFF'],8743300345.698391,10964977454.746456,11907295286.795427,['EXTRAPOLATED_PILOT19_V2_MEASURED_FACTORS_V1_GRIDS']
national_minimal_anchors,national_3016,landsat8,anchor_2015_t8,near_full_only,,19,57,57,30m,2553967,77700421,77700421,77700421,['MEASURED_M21B_LZW_GEOTIFF'],60447127.62011749,75806773.79850747,82321522.69199601,['EXTRAPOLATED_PILOT19_V2_MEASURED_FACTORS_V1_GRIDS']
national_minimal_anchors,national_3016,landsat8,anchor_2020_t8,strict,,1624,4872,4872,30m,237010492,7210670717,7210670717,7210670717,['MEASURED_M21B_LZW_GEOTIFF'],5609549166.935531,7034938491.733435,7639513194.7355385,['EXTRAPOLATED_PILOT19_V2_MEASURED_FACTORS_V1_GRIDS']
national_minimal_anchors,national_3016,landsat8,anchor_2020_t8,near_full_only,,11,33,33,30m,1622879,49373536,49373536,49373536,['MEASURED_M21B_LZW_GEOTIFF'],38410196.38272877,48170247.01389956,52309943.87353627,['EXTRAPOLATED_PILOT19_V2_MEASURED_FACTORS_V1_GRIDS']
national_minimal_anchors,national_3016,landsat8,anchor_2021_t8,strict,,2795,8385,8385,30m,392675714,11946539785,11946539785,11946539785,['MEASURED_M21B_LZW_GEOTIFF'],9293823685.8498,11655389058.419867,12657040087.30212,['EXTRAPOLATED_PILOT19_V2_MEASURED_FACTORS_V1_GRIDS']
national_minimal_anchors,national_3016,landsat8,anchor_2021_t8,near_full_only,,16,48,48,30m,2160109,65717912,65717912,65717912,['MEASURED_M21B_LZW_GEOTIFF'],51125321.66483137,64116292.16161375,69626374.20948854,['EXTRAPOLATED_PILOT19_V2_MEASURED_FACTORS_V1_GRIDS']
national_minimal_anchors,national_3016,sentinel2,anchor_2015_S2,strict_datatake_union,,287,574,574,10m,364927366,4070870451,2868793394,4875795376,['MEASURED_M21B_LZW_GEOTIFF'],3314543318.930875,4406040961.834645,5026158276.772155,['EXTRAPOLATED_PILOT19_V2_MEASURED_FACTORS_V1_GRIDS']
national_minimal_anchors,national_3016,sentinel1,anchor_2015_S1,actual_footprint,ASC,2038,2038,2038,10m,2516254227,22427087072,22427087072,22427087072,['MEASURED_M21B_LZW_GEOTIFF'],21700972632.090134,22276005993.255867,23083450085.601315,['EXTRAPOLATED_PILOT19_V2_MEASURED_FACTORS_V1_GRIDS']
national_minimal_anchors,national_3016,sentinel1,anchor_2015_S1,actual_footprint,DESC,414,414,414,10m,540598320,4818291198,4818291198,4818291198,['MEASURED_M21B_LZW_GEOTIFF'],4662290964.637853,4785832562.960679,4959305861.140209,['EXTRAPOLATED_PILOT19_V2_MEASURED_FACTORS_V1_GRIDS']
national_minimal_anchors,national_3016,sentinel2,anchor_2020_S2,strict_datatake_union,,2959,5918,5918,10m,3725343175,41557281977,29285937110,49774318729,['MEASURED_M21B_LZW_GEOTIFF'],33836353427.71466,44978853753.437416,51309291046.270584,['EXTRAPOLATED_PILOT19_V2_MEASURED_FACTORS_V1_GRIDS']
national_minimal_anchors,national_3016,sentinel1,anchor_2020_S1,actual_footprint,ASC,2977,2977,2977,10m,3751600933,33437591433,33437591433,33437591433,['MEASURED_M21B_LZW_GEOTIFF'],32354993505.811928,33212337597.32192,34416193701.24194,['EXTRAPOLATED_PILOT19_V2_MEASURED_FACTORS_V1_GRIDS']
national_minimal_anchors,national_3016,sentinel1,anchor_2020_S1,actual_footprint,DESC,1508,1508,1508,10m,1874042426,16703126502,16703126502,16703126502,['MEASURED_M21B_LZW_GEOTIFF'],16162334855.365074,16590605140.468489,17191969052.52539,['EXTRAPOLATED_PILOT19_V2_MEASURED_FACTORS_V1_GRIDS']
national_minimal_anchors,national_3016,sentinel2,anchor_2021_S2,strict_datatake_union,,2991,5982,5982,10m,3765800934,42008599995,29603986570,50314874941,['MEASURED_M21B_LZW_GEOTIFF'],34203821059.04699,45467330529.87636,51866517275.934875,['EXTRAPOLATED_PILOT19_V2_MEASURED_FACTORS_V1_GRIDS']
national_minimal_anchors,national_3016,sentinel1,anchor_2021_S1,actual_footprint,ASC,2977,2977,2977,10m,3751600933,33437591433,33437591433,33437591433,['MEASURED_M21B_LZW_GEOTIFF'],32354993505.811928,33212337597.32192,34416193701.24194,['EXTRAPOLATED_PILOT19_V2_MEASURED_FACTORS_V1_GRIDS']
national_minimal_anchors,national_3016,sentinel1,anchor_2021_S1,actual_footprint,DESC,959,959,959,10m,1263575187,11262101594,11262101594,11262101594,['MEASURED_M21B_LZW_GEOTIFF'],10897472225.756613,11186233941.114965,11591704226.680609,['EXTRAPOLATED_PILOT19_V2_MEASURED_FACTORS_V1_GRIDS']
national_standard_annual,core_series,landsat5,annual_1984,strict,,1318,3954,3954,30m,195943908,5115503982,5115503982,5115503982,"['ESTIMATE_FLOAT32_LZW_RATIO_BORROWED_FROM_L8_TODO_MEASURE_AT_PHASE_D', 'MEASURED_M21B_LZW_GEOTIFF']",1550932415.2332447,3434544482.9689813,4673094819.987979,['EXTRAPOLATED_PILOT19_V2_MEASURED_FACTORS_V1_GRIDS']
national_standard_annual,core_series,landsat5,annual_1984,near_full_only,,9,27,27,30m,1321571,34502230,34502230,34502230,"['ESTIMATE_FLOAT32_LZW_RATIO_BORROWED_FROM_L8_TODO_MEASURE_AT_PHASE_D', 'MEASURED_M21B_LZW_GEOTIFF']",10460479.858002089,23164764.0043078,31518339.393059026,['EXTRAPOLATED_PILOT19_V2_MEASURED_FACTORS_V1_GRIDS']
national_standard_annual,core_series,landsat5,annual_1985,strict,,780,2340,2340,30m,115277283,3009541895,3009541895,3009541895,"['ESTIMATE_FLOAT32_LZW_RATIO_BORROWED_FROM_L8_TODO_MEASURE_AT_PHASE_D', 'MEASURED_M21B_LZW_GEOTIFF']",912441099.9535452,2020603551.1923337,2749264723.502342,['EXTRAPOLATED_PILOT19_V2_MEASURED_FACTORS_V1_GRIDS']
national_standard_annual,core_series,landsat5,annual_1985,near_full_only,,5,15,15,30m,730517,19071594,19071594,19071594,"['ESTIMATE_FLOAT32_LZW_RATIO_BORROWED_FROM_L8_TODO_MEASURE_AT_PHASE_D', 'MEASURED_M21B_LZW_GEOTIFF']",5782177.699441129,12804649.849410227,17422206.403136343,['EXTRAPOLATED_PILOT19_V2_MEASURED_FACTORS_V1_GRIDS']
national_standard_annual,core_series,landsat5,annual_1986,strict,,1450,4350,4350,30m,209964706,5481544696,5481544696,5481544696,"['ESTIMATE_FLOAT32_LZW_RATIO_BORROWED_FROM_L8_TODO_MEASURE_AT_PHASE_D', 'MEASURED_M21B_LZW_GEOTIFF']",1661909634.8242588,3680303868.4443517,5007478874.9691515,['EXTRAPOLATED_PILOT19_V2_MEASURED_FACTORS_V1_GRIDS']
national_standard_annual,core_series,landsat5,annual_1986,near_full_only,,22,66,66,30m,3059988,79887050,79887050,79887050,"['ESTIMATE_FLOAT32_LZW_RATIO_BORROWED_FROM_L8_TODO_MEASURE_AT_PHASE_D', 'MEASURED_M21B_LZW_GEOTIFF']",24220373.207136124,53636089.07581493,72978099.79387252,['EXTRAPOLATED_PILOT19_V2_MEASURED_FACTORS_V1_GRIDS']
national_standard_annual,core_series,landsat5,annual_1987,strict,,2308,6924,6924,30m,330055549,8616754113,8616754113,8616754113,"['ESTIMATE_FLOAT32_LZW_RATIO_BORROWED_FROM_L8_TODO_MEASURE_AT_PHASE_D', 'MEASURED_M21B_LZW_GEOTIFF']",2612450955.973097,5785280473.691728,7871542892.469965,['EXTRAPOLATED_PILOT19_V2_MEASURED_FACTORS_V1_GRIDS']
national_standard_annual,core_series,landsat5,annual_1987,near_full_only,,20,60,60,30m,2677155,69892436,69892436,69892436,"['ESTIMATE_FLOAT32_LZW_RATIO_BORROWED_FROM_L8_TODO_MEASURE_AT_PHASE_D', 'MEASURED_M21B_LZW_GEOTIFF']",21190178.926633213,46925714.75762759,63847859.78038633,['EXTRAPOLATED_PILOT19_V2_MEASURED_FACTORS_V1_GRIDS']
national_standard_annual,core_series,landsat5,annual_1988,strict,,2428,7284,7284,30m,345417224,9017801078,9017801078,9017801078,"['ESTIMATE_FLOAT32_LZW_RATIO_BORROWED_FROM_L8_TODO_MEASURE_AT_PHASE_D', 'MEASURED_M21B_LZW_GEOTIFF']",2734041465.996905,6054543022.647383,8237905718.451974,['EXTRAPOLATED_PILOT19_V2_MEASURED_FACTORS_V1_GRIDS']
national_standard_annual,core_series,landsat5,annual_1988,near_full_only,,24,72,72,30m,3166125,82657967,82657967,82657967,"['ESTIMATE_FLOAT32_LZW_RATIO_BORROWED_FROM_L8_TODO_MEASURE_AT_PHASE_D', 'MEASURED_M21B_LZW_GEOTIFF']",25060467.269951344,55496479.89638017,75509376.5759456,['EXTRAPOLATED_PILOT19_V2_MEASURED_FACTORS_V1_GRIDS']
national_standard_annual,core_series,landsat5,annual_1989,strict,,2571,7713,7713,30m,362967389,9475982911,9475982911,9475982911,"['ESTIMATE_FLOAT32_LZW_RATIO_BORROWED_FROM_L8_TODO_MEASURE_AT_PHASE_D', 'MEASURED_M21B_LZW_GEOTIFF']",2872954280.7356615,6362165867.323653,8656462161.408262,['EXTRAPOLATED_PILOT19_V2_MEASURED_FACTORS_V1_GRIDS']
national_standard_annual,core_series,landsat5,annual_1989,near_full_only,,23,69,69,30m,3063492,79978529,79978529,79978529,"['ESTIMATE_FLOAT32_LZW_RATIO_BORROWED_FROM_L8_TODO_MEASURE_AT_PHASE_D', 'MEASURED_M21B_LZW_GEOTIFF']",24248108.01776865,53697507.89710497,73061667.2005675,['EXTRAPOLATED_PILOT19_V2_MEASURED_FACTORS_V1_GRIDS']
national_standard_annual,core_series,landsat5,annual_1990,strict,,2203,6609,6609,30m,309068428,8068843733,8068843733,8068843733,"['ESTIMATE_FLOAT32_LZW_RATIO_BORROWED_FROM_L8_TODO_MEASURE_AT_PHASE_D', 'MEASURED_M21B_LZW_GEOTIFF']",2446333996.310731,5417413968.528666,7371017984.946119,['EXTRAPOLATED_PILOT19_V2_MEASURED_FACTORS_V1_GRIDS']
national_standard_annual,core_series,landsat5,annual_1990,near_full_only,,26,78,78,30m,3545827,92570840,92570840,92570840,"['ESTIMATE_FLOAT32_LZW_RATIO_BORROWED_FROM_L8_TODO_MEASURE_AT_PHASE_D', 'MEASURED_M21B_LZW_GEOTIFF']",28065879.10408141,62151973.41278124,84564944.9141002,['EXTRAPOLATED_PILOT19_V2_MEASURED_FACTORS_V1_GRIDS']
national_standard_annual,core_series,landsat5,annual_1991,strict,,2706,8118,8118,30m,379224097,9900396486,9900396486,9900396486,"['ESTIMATE_FLOAT32_LZW_RATIO_BORROWED_FROM_L8_TODO_MEASURE_AT_PHASE_D', 'MEASURED_M21B_LZW_GEOTIFF']",3001629143.1467023,6647116735.878534,9044170759.855003,['EXTRAPOLATED_PILOT19_V2_MEASURED_FACTORS_V1_GRIDS']
national_standard_annual,core_series,landsat5,annual_1991,near_full_only,,20,60,60,30m,2683449,70056753,70056753,70056753,"['ESTIMATE_FLOAT32_LZW_RATIO_BORROWED_FROM_L8_TODO_MEASURE_AT_PHASE_D', 'MEASURED_M21B_LZW_GEOTIFF']",21239997.105320748,47036037.26367767,63997966.303713426,['EXTRAPOLATED_PILOT19_V2_MEASURED_FACTORS_V1_GRIDS']
national_standard_annual,core_series,landsat5,annual_1992,strict,,2852,8556,8556,30m,400327809,10451350705,10451350705,10451350705,"['ESTIMATE_FLOAT32_LZW_RATIO_BORROWED_FROM_L8_TODO_MEASURE_AT_PHASE_D', 'MEASURED_M21B_LZW_GEOTIFF']",3168668942.2230115,7017026871.69029,9547476263.130554,['EXTRAPOLATED_PILOT19_V2_MEASURED_FACTORS_V1_GRIDS']
national_standard_annual,core_series,landsat5,annual_1992,near_full_only,,22,66,66,30m,2973181,77620781,77620781,77620781,"['ESTIMATE_FLOAT32_LZW_RATIO_BORROWED_FROM_L8_TODO_MEASURE_AT_PHASE_D', 'MEASURED_M21B_LZW_GEOTIFF']",23533279.68356941,52114518.40808543,70907826.99907507,['EXTRAPOLATED_PILOT19_V2_MEASURED_FACTORS_V1_GRIDS']
national_standard_annual,core_series,landsat5,annual_1993,strict,,1510,4530,4530,30m,213498467,5573800529,5573800529,5573800529,"['ESTIMATE_FLOAT32_LZW_RATIO_BORROWED_FROM_L8_TODO_MEASURE_AT_PHASE_D', 'MEASURED_M21B_LZW_GEOTIFF']",1689880009.2978914,3742244346.5666976,5091756056.090677,['EXTRAPOLATED_PILOT19_V2_MEASURED_FACTORS_V1_GRIDS']
national_standard_annual,core_series,landsat5,annual_1993,near_full_only,,20,60,60,30m,2739391,71517230,71517230,71517230,"['ESTIMATE_FLOAT32_LZW_RATIO_BORROWED_FROM_L8_TODO_MEASURE_AT_PHASE_D', 'MEASURED_M21B_LZW_GEOTIFF']",21682788.42278788,48016599.96362265,65332135.215051904,['EXTRAPOLATED_PILOT19_V2_MEASURED_FACTORS_V1_GRIDS']
national_standard_annual,core_series,landsat5,annual_1994,strict,,2731,8193,8193,30m,381123813,9949992336,9949992336,9949992336,"['ESTIMATE_FLOAT32_LZW_RATIO_BORROWED_FROM_L8_TODO_MEASURE_AT_PHASE_D', 'MEASURED_M21B_LZW_GEOTIFF']",3016665748.0312862,6680415342.472661,9089477363.615547,['EXTRAPOLATED_PILOT19_V2_MEASURED_FACTORS_V1_GRIDS']
national_standard_annual,core_series,landsat5,annual_1994,near_full_only,,25,75,75,30m,3510985,91661220,91661220,91661220,"['ESTIMATE_FLOAT32_LZW_RATIO_BORROWED_FROM_L8_TODO_MEASURE_AT_PHASE_D', 'MEASURED_M21B_LZW_GEOTIFF']",27790098.204521336,61541255.783960626,83733992.97800826,['EXTRAPOLATED_PILOT19_V2_MEASURED_FACTORS_V1_GRIDS']
national_standard_annual,core_series,landsat5,annual_1995,strict,,2216,6648,6648,30m,310747099,8112668766,8112668766,8112668766,"['ESTIMATE_FLOAT32_LZW_RATIO_BORROWED_FROM_L8_TODO_MEASURE_AT_PHASE_D', 'MEASURED_M21B_LZW_GEOTIFF']",2459620988.9760604,5446838053.618211,7411052854.285175,['EXTRAPOLATED_PILOT19_V2_MEASURED_FACTORS_V1_GRIDS']
national_standard_annual,core_series,landsat5,annual_1995,near_full_only,,24,72,72,30m,3216816,83981356,83981356,83981356,"['ESTIMATE_FLOAT32_LZW_RATIO_BORROWED_FROM_L8_TODO_MEASURE_AT_PHASE_D', 'MEASURED_M21B_LZW_GEOTIFF']",25461695.947398096,56385002.00540221,76718313.62297036,['EXTRAPOLATED_PILOT19_V2_MEASURED_FACTORS_V1_GRIDS']
national_standard_annual,core_series,landsat5,annual_1996,strict,,2691,8073,8073,30m,379276884,9901774595,9901774595,9901774595,"['ESTIMATE_FLOAT32_LZW_RATIO_BORROWED_FROM_L8_TODO_MEASURE_AT_PHASE_D', 'MEASURED_M21B_LZW_GEOTIFF']",3002046962.0533404,6648041997.099834,9045429684.711514,['EXTRAPOLATED_PILOT19_V2_MEASURED_FACTORS_V1_GRIDS']
national_standard_annual,core_series,landsat5,annual_1996,near_full_only,,18,54,54,30m,2483536,64837628,64837628,64837628,"['ESTIMATE_FLOAT32_LZW_RATIO_BORROWED_FROM_L8_TODO_MEASURE_AT_PHASE_D', 'MEASURED_M21B_LZW_GEOTIFF']",19657648.589915395,43531921.73269736,59230212.03013705,['EXTRAPOLATED_PILOT19_V2_MEASURED_FACTORS_V1_GRIDS']
national_standard_annual,core_series,landsat5,annual_1997,strict,,2715,8145,8145,30m,381269314,9953790928,9953790928,9953790928,"['ESTIMATE_FLOAT32_LZW_RATIO_BORROWED_FROM_L8_TODO_MEASURE_AT_PHASE_D', 'MEASURED_M21B_LZW_GEOTIFF']",3017817415.463319,6682965713.453403,9092947438.170776,['EXTRAPOLATED_PILOT19_V2_MEASURED_FACTORS_V1_GRIDS']
national_standard_annual,core_series,landsat5,annual_1997,near_full_only,,23,69,69,30m,3193141,83363273,83363273,83363273,"['ESTIMATE_FLOAT32_LZW_RATIO_BORROWED_FROM_L8_TODO_MEASURE_AT_PHASE_D', 'MEASURED_M21B_LZW_GEOTIFF']",25274303.926357836,55970021.81303874,76153685.09742714,['EXTRAPOLATED_PILOT19_V2_MEASURED_FACTORS_V1_GRIDS']
national_standard_annual,core_series,landsat5,annual_1998,strict,,2802,8406,8406,30m,393505487,10273240471,10273240471,10273240471,"['ESTIMATE_FLOAT32_LZW_RATIO_BORROWED_FROM_L8_TODO_MEASURE_AT_PHASE_D', 'MEASURED_M21B_LZW_GEOTIFF']",3114668996.805168,6897443830.679708,9384769711.424492,['EXTRAPOLATED_PILOT19_V2_MEASURED_FACTORS_V1_GRIDS']
national_standard_annual,core_series,landsat5,annual_1998,near_full_only,,19,57,57,30m,2576343,67260539,67260539,67260539,"['ESTIMATE_FLOAT32_LZW_RATIO_BORROWED_FROM_L8_TODO_MEASURE_AT_PHASE_D', 'MEASURED_M21B_LZW_GEOTIFF']",20392233.2275789,45158661.6149646,61443579.6994122,['EXTRAPOLATED_PILOT19_V2_MEASURED_FACTORS_V1_GRIDS']
national_standard_annual,core_series,landsat5,annual_1999,strict,,2536,7608,7608,30m,360317660,9406806485,9406806485,9406806485,"['ESTIMATE_FLOAT32_LZW_RATIO_BORROWED_FROM_L8_TODO_MEASURE_AT_PHASE_D', 'MEASURED_M21B_LZW_GEOTIFF']",2851981183.691565,6315720881.045677,8593268388.299114,['EXTRAPOLATED_PILOT19_V2_MEASURED_FACTORS_V1_GRIDS']
national_standard_annual,core_series,landsat5,annual_1999,near_full_only,,18,54,54,30m,2393949,62498782,62498782,62498782,"['ESTIMATE_FLOAT32_LZW_RATIO_BORROWED_FROM_L8_TODO_MEASURE_AT_PHASE_D', 'MEASURED_M21B_LZW_GEOTIFF']",18948550.8501505,41961622.662232034,57093638.61016492,['EXTRAPOLATED_PILOT19_V2_MEASURED_FACTORS_V1_GRIDS']
national_standard_annual,core_series,landsat5,annual_2000,strict,,2157,6471,6471,30m,301376002,7868017710,7868017710,7868017710,"['ESTIMATE_FLOAT32_LZW_RATIO_BORROWED_FROM_L8_TODO_MEASURE_AT_PHASE_D', 'MEASURED_M21B_LZW_GEOTIFF']",2385447016.169542,5282579568.477059,7187560196.129634,['EXTRAPOLATED_PILOT19_V2_MEASURED_FACTORS_V1_GRIDS']
national_standard_annual,core_series,landsat5,annual_2000,near_full_only,,19,57,57,30m,2602092,67932768,67932768,67932768,"['ESTIMATE_FLOAT32_LZW_RATIO_BORROWED_FROM_L8_TODO_MEASURE_AT_PHASE_D', 'MEASURED_M21B_LZW_GEOTIFF']",20596041.343725286,45609995.299153276,62057671.353233196,['EXTRAPOLATED_PILOT19_V2_MEASURED_FACTORS_V1_GRIDS']
national_standard_annual,core_series,landsat5,annual_2001,strict,,2938,8814,8814,30m,412654189,10773155279,10773155279,10773155279,"['ESTIMATE_FLOAT32_LZW_RATIO_BORROWED_FROM_L8_TODO_MEASURE_AT_PHASE_D', 'MEASURED_M21B_LZW_GEOTIFF']",3266234528.719749,7233086155.472561,9841449896.274605,['EXTRAPOLATED_PILOT19_V2_MEASURED_FACTORS_V1_GRIDS']
national_standard_annual,core_series,landsat5,annual_2001,near_full_only,,18,54,54,30m,2405653,62804338,62804338,62804338,"['ESTIMATE_FLOAT32_LZW_RATIO_BORROWED_FROM_L8_TODO_MEASURE_AT_PHASE_D', 'MEASURED_M21B_LZW_GEOTIFF']",19041190.183381975,42166772.74339031,57372769.0119794,['EXTRAPOLATED_PILOT19_V2_MEASURED_FACTORS_V1_GRIDS']
national_standard_annual,core_series,landsat5,annual_2002,strict,,2569,7707,7707,30m,365380103,9538971591,9538971591,9538971591,"['ESTIMATE_FLOAT32_LZW_RATIO_BORROWED_FROM_L8_TODO_MEASURE_AT_PHASE_D', 'MEASURED_M21B_LZW_GEOTIFF']",2892051360.04515,6404456406.704351,8714003329.238358,['EXTRAPOLATED_PILOT19_V2_MEASURED_FACTORS_V1_GRIDS']
national_standard_annual,core_series,landsat5,annual_2002,near_full_only,,16,48,48,30m,2113749,55183606,55183606,55183606,"['ESTIMATE_FLOAT32_LZW_RATIO_BORROWED_FROM_L8_TODO_MEASURE_AT_PHASE_D', 'MEASURED_M21B_LZW_GEOTIFF']",16730715.821830275,37050220.34331989,50411107.972056836,['EXTRAPOLATED_PILOT19_V2_MEASURED_FACTORS_V1_GRIDS']
national_standard_annual,core_series,landsat5,annual_2003,strict,,2557,7671,7671,30m,365263818,9535935740,9535935740,9535935740,"['ESTIMATE_FLOAT32_LZW_RATIO_BORROWED_FROM_L8_TODO_MEASURE_AT_PHASE_D', 'MEASURED_M21B_LZW_GEOTIFF']",2891130942.6780257,6402418139.685598,8711230031.32525,['EXTRAPOLATED_PILOT19_V2_MEASURED_FACTORS_V1_GRIDS']
national_standard_annual,core_series,landsat5,annual_2003,near_full_only,,20,60,60,30m,2632327,68722112,68722112,68722112,"['ESTIMATE_FLOAT32_LZW_RATIO_BORROWED_FROM_L8_TODO_MEASURE_AT_PHASE_D', 'MEASURED_M21B_LZW_GEOTIFF']",20835356.98284471,46139960.49941134,62778750.27487202,['EXTRAPOLATED_PILOT19_V2_MEASURED_FACTORS_V1_GRIDS']
national_standard_annual,core_series,landsat5,annual_2004,strict,,2708,8124,8124,30m,377060966,9843923665,9843923665,9843923665,"['ESTIMATE_FLOAT32_LZW_RATIO_BORROWED_FROM_L8_TODO_MEASURE_AT_PHASE_D', 'MEASURED_M21B_LZW_GEOTIFF']",2984507559.625484,6609200937.8431635,8992581933.367704,['EXTRAPOLATED_PILOT19_V2_MEASURED_FACTORS_V1_GRIDS']
national_standard_annual,core_series,landsat5,annual_2004,near_full_only,,20,60,60,30m,2762959,72132520,72132520,72132520,"['ESTIMATE_FLOAT32_LZW_RATIO_BORROWED_FROM_L8_TODO_MEASURE_AT_PHASE_D', 'MEASURED_M21B_LZW_GEOTIFF']",21869333.51896008,48429704.63832687,65894211.88200027,['EXTRAPOLATED_PILOT19_V2_MEASURED_FACTORS_V1_GRIDS']
national_standard_annual,core_series,landsat5,annual_2005,strict,,2872,8616,8616,30m,402770319,10515117268,10515117268,10515117268,"['ESTIMATE_FLOAT32_LZW_RATIO_BORROWED_FROM_L8_TODO_MEASURE_AT_PHASE_D', 'MEASURED_M21B_LZW_GEOTIFF']",3188001862.405104,7059839681.390384,9605728040.107304,['EXTRAPOLATED_PILOT19_V2_MEASURED_FACTORS_V1_GRIDS']
national_standard_annual,core_series,landsat5,annual_2005,near_full_only,,19,57,57,30m,2564531,66952163,66952163,66952163,"['ESTIMATE_FLOAT32_LZW_RATIO_BORROWED_FROM_L8_TODO_MEASURE_AT_PHASE_D', 'MEASURED_M21B_LZW_GEOTIFF']",20298739.05429368,44951618.48794464,61161873.58985712,['EXTRAPOLATED_PILOT19_V2_MEASURED_FACTORS_V1_GRIDS']
national_standard_annual,core_series,landsat5,annual_2006,strict,,2846,8538,8538,30m,400946865,10467512388,10467512388,10467512388,"['ESTIMATE_FLOAT32_LZW_RATIO_BORROWED_FROM_L8_TODO_MEASURE_AT_PHASE_D', 'MEASURED_M21B_LZW_GEOTIFF']",3173568885.4110622,7027877810.569435,9562240219.899664,['EXTRAPOLATED_PILOT19_V2_MEASURED_FACTORS_V1_GRIDS']
national_standard_annual,core_series,landsat5,annual_2006,near_full_only,,19,57,57,30m,2524829,65915664,65915664,65915664,"['ESTIMATE_FLOAT32_LZW_RATIO_BORROWED_FROM_L8_TODO_MEASURE_AT_PHASE_D', 'MEASURED_M21B_LZW_GEOTIFF']",19984490.352315206,44255713.79534846,60215014.80543825,['EXTRAPOLATED_PILOT19_V2_MEASURED_FACTORS_V1_GRIDS']
national_standard_annual,core_series,landsat5,annual_2007,strict,,1141,3423,3423,30m,169203887,4417402748,4417402748,4417402748,"['ESTIMATE_FLOAT32_LZW_RATIO_BORROWED_FROM_L8_TODO_MEASURE_AT_PHASE_D', 'MEASURED_M21B_LZW_GEOTIFF']",1339280183.8563056,2965839982.086899,4035368161.9003506,['EXTRAPOLATED_PILOT19_V2_MEASURED_FACTORS_V1_GRIDS']
national_standard_annual,core_series,landsat5,annual_2007,near_full_only,,13,39,39,30m,1868374,48777605,48777605,48777605,"['ESTIMATE_FLOAT32_LZW_RATIO_BORROWED_FROM_L8_TODO_MEASURE_AT_PHASE_D', 'MEASURED_M21B_LZW_GEOTIFF']",14788527.134913519,32749237.67378717,44559123.834563,['EXTRAPOLATED_PILOT19_V2_MEASURED_FACTORS_V1_GRIDS']
national_standard_annual,core_series,landsat5,annual_2008,strict,,2499,7497,7497,30m,349619924,9127520889,9127520889,9127520889,"['ESTIMATE_FLOAT32_LZW_RATIO_BORROWED_FROM_L8_TODO_MEASURE_AT_PHASE_D', 'MEASURED_M21B_LZW_GEOTIFF']",2767306616.8660035,6128208798.970338,8338136523.279872,['EXTRAPOLATED_PILOT19_V2_MEASURED_FACTORS_V1_GRIDS']
national_standard_annual,core_series,landsat5,annual_2008,near_full_only,,24,72,72,30m,3264975,85238642,85238642,85238642,"['ESTIMATE_FLOAT32_LZW_RATIO_BORROWED_FROM_L8_TODO_MEASURE_AT_PHASE_D', 'MEASURED_M21B_LZW_GEOTIFF']",25842883.374696,57229142.70588933,77866864.63296553,['EXTRAPOLATED_PILOT19_V2_MEASURED_FACTORS_V1_GRIDS']
national_standard_annual,core_series,landsat5,annual_2009,strict,,2693,8079,8079,30m,375276340,9797332467,9797332467,9797332467,"['ESTIMATE_FLOAT32_LZW_RATIO_BORROWED_FROM_L8_TODO_MEASURE_AT_PHASE_D', 'MEASURED_M21B_LZW_GEOTIFF']",2970381913.4611335,6577919652.065894,8950020127.791101,['EXTRAPOLATED_PILOT19_V2_MEASURED_FACTORS_V1_GRIDS']
national_standard_annual,core_series,landsat5,annual_2009,near_full_only,,24,72,72,30m,3371110,88009506,88009506,88009506,"['ESTIMATE_FLOAT32_LZW_RATIO_BORROWED_FROM_L8_TODO_MEASURE_AT_PHASE_D', 'MEASURED_M21B_LZW_GEOTIFF']",26682961.607139852,59089498.47004972,80398093.71674712,['EXTRAPOLATED_PILOT19_V2_MEASURED_FACTORS_V1_GRIDS']
national_standard_annual,core_series,landsat5,annual_2010,strict,,2274,6822,6822,30m,324946884,8483382290,8483382290,8483382290,"['ESTIMATE_FLOAT32_LZW_RATIO_BORROWED_FROM_L8_TODO_MEASURE_AT_PHASE_D', 'MEASURED_M21B_LZW_GEOTIFF']",2572014923.9068813,5695734759.460659,7749705596.316037,['EXTRAPOLATED_PILOT19_V2_MEASURED_FACTORS_V1_GRIDS']
national_standard_annual,core_series,landsat5,annual_2010,near_full_only,,24,72,72,30m,3262784,85181442,85181442,85181442,"['ESTIMATE_FLOAT32_LZW_RATIO_BORROWED_FROM_L8_TODO_MEASURE_AT_PHASE_D', 'MEASURED_M21B_LZW_GEOTIFF']",25825541.20286499,57190738.41438063,77814611.15463543,['EXTRAPOLATED_PILOT19_V2_MEASURED_FACTORS_V1_GRIDS']
national_standard_annual,core_series,landsat5,annual_2011,strict,,1963,5889,5889,30m,272266552,7108057837,7108057837,7108057837,"['ESTIMATE_FLOAT32_LZW_RATIO_BORROWED_FROM_L8_TODO_MEASURE_AT_PHASE_D', 'MEASURED_M21B_LZW_GEOTIFF']",2155040314.2953944,4772343236.456156,6493324680.4855385,['EXTRAPOLATED_PILOT19_V2_MEASURED_FACTORS_V1_GRIDS']
national_standard_annual,core_series,landsat5,annual_2011,near_full_only,,23,69,69,30m,3193835,83381391,83381391,83381391,"['ESTIMATE_FLOAT32_LZW_RATIO_BORROWED_FROM_L8_TODO_MEASURE_AT_PHASE_D', 'MEASURED_M21B_LZW_GEOTIFF']",25279797.065221697,55982186.385520265,76170236.40457506,['EXTRAPOLATED_PILOT19_V2_MEASURED_FACTORS_V1_GRIDS']
national_standard_annual,core_series,landsat7,annual_1999,strict,,2147,6441,6441,30m,304670825,7954035593,7954035593,7954035593,"['ESTIMATE_FLOAT32_LZW_RATIO_BORROWED_FROM_L8_TODO_MEASURE_AT_PHASE_D', 'MEASURED_M21B_LZW_GEOTIFF']",4818162461.902548,6121263125.665903,7050347622.78972,['EXTRAPOLATED_PILOT19_V2_MEASURED_FACTORS_V1_GRIDS']
national_standard_annual,core_series,landsat7,annual_1999,near_full_only,,27,81,81,30m,3653524,95382483,95382483,95382483,"['ESTIMATE_FLOAT32_LZW_RATIO_BORROWED_FROM_L8_TODO_MEASURE_AT_PHASE_D', 'MEASURED_M21B_LZW_GEOTIFF']",57778004.14745995,73404408.64311637,84545719.95269054,['EXTRAPOLATED_PILOT19_V2_MEASURED_FACTORS_V1_GRIDS']
national_standard_annual,core_series,landsat7,annual_2000,strict,,2775,8325,8325,30m,392132578,10237397961,10237397961,10237397961,"['ESTIMATE_FLOAT32_LZW_RATIO_BORROWED_FROM_L8_TODO_MEASURE_AT_PHASE_D', 'MEASURED_M21B_LZW_GEOTIFF']",6201310766.82079,7878492107.288936,9074288583.8206,['EXTRAPOLATED_PILOT19_V2_MEASURED_FACTORS_V1_GRIDS']
national_standard_annual,core_series,landsat7,annual_2000,near_full_only,,24,72,72,30m,3185041,83151806,83151806,83151806,"['ESTIMATE_FLOAT32_LZW_RATIO_BORROWED_FROM_L8_TODO_MEASURE_AT_PHASE_D', 'MEASURED_M21B_LZW_GEOTIFF']",50369263.239499725,63991929.73936396,73704616.2619535,['EXTRAPOLATED_PILOT19_V2_MEASURED_FACTORS_V1_GRIDS']
national_standard_annual,core_series,landsat7,annual_2001,strict,,2659,7977,7977,30m,371044592,9686854300,9686854300,9686854300,"['ESTIMATE_FLOAT32_LZW_RATIO_BORROWED_FROM_L8_TODO_MEASURE_AT_PHASE_D', 'MEASURED_M21B_LZW_GEOTIFF']",5867818570.637167,7454804965.284581,8586294264.165863,['EXTRAPOLATED_PILOT19_V2_MEASURED_FACTORS_V1_GRIDS']
national_standard_annual,core_series,landsat7,annual_2001,near_full_only,,20,60,60,30m,2664444,69560590,69560590,69560590,"['ESTIMATE_FLOAT32_LZW_RATIO_BORROWED_FROM_L8_TODO_MEASURE_AT_PHASE_D', 'MEASURED_M21B_LZW_GEOTIFF']",42136374.76657462,53532407.66522939,61657549.3287102,['EXTRAPOLATED_PILOT19_V2_MEASURED_FACTORS_V1_GRIDS']
national_standard_annual,core_series,landsat7,annual_2002,strict,,2736,8208,8208,30m,386250718,10083840350,10083840350,10083840350,"['ESTIMATE_FLOAT32_LZW_RATIO_BORROWED_FROM_L8_TODO_MEASURE_AT_PHASE_D', 'MEASURED_M21B_LZW_GEOTIFF']",6108293140.147262,7760317310.839918,8938177232.598896,['EXTRAPOLATED_PILOT19_V2_MEASURED_FACTORS_V1_GRIDS']
national_standard_annual,core_series,landsat7,annual_2002,near_full_only,,23,69,69,30m,3049405,79610760,79610760,79610760,"['ESTIMATE_FLOAT32_LZW_RATIO_BORROWED_FROM_L8_TODO_MEASURE_AT_PHASE_D', 'MEASURED_M21B_LZW_GEOTIFF']",48224271.89127131,61266812.73706215,70565881.366137,['EXTRAPOLATED_PILOT19_V2_MEASURED_FACTORS_V1_GRIDS']
national_standard_annual,core_series,landsat7,annual_2003,strict,,2780,8340,8340,30m,390998599,10207793192,10207793192,10207793192,"['ESTIMATE_FLOAT32_LZW_RATIO_BORROWED_FROM_L8_TODO_MEASURE_AT_PHASE_D', 'MEASURED_M21B_LZW_GEOTIFF']",6183377658.0290785,7855708882.679296,9048047324.432068,['EXTRAPOLATED_PILOT19_V2_MEASURED_FACTORS_V1_GRIDS']
national_standard_annual,core_series,landsat7,annual_2003,near_full_only,,20,60,60,30m,2680468,69978928,69978928,69978928,"['ESTIMATE_FLOAT32_LZW_RATIO_BORROWED_FROM_L8_TODO_MEASURE_AT_PHASE_D', 'MEASURED_M21B_LZW_GEOTIFF']",42389783.45869185,53854352.24369591,62028358.61216417,['EXTRAPOLATED_PILOT19_V2_MEASURED_FACTORS_V1_GRIDS']
national_standard_annual,core_series,landsat7,annual_2004,strict,,2957,8871,8871,30m,415596589,10849972462,10849972462,10849972462,"['ESTIMATE_FLOAT32_LZW_RATIO_BORROWED_FROM_L8_TODO_MEASURE_AT_PHASE_D', 'MEASURED_M21B_LZW_GEOTIFF']",6572378186.899062,8349916915.73431,9617266186.533175,['EXTRAPOLATED_PILOT19_V2_MEASURED_FACTORS_V1_GRIDS']
national_standard_annual,core_series,landsat7,annual_2004,near_full_only,,16,48,48,30m,2159707,56383431,56383431,56383431,"['ESTIMATE_FLOAT32_LZW_RATIO_BORROWED_FROM_L8_TODO_MEASURE_AT_PHASE_D', 'MEASURED_M21B_LZW_GEOTIFF']",34154301.4369957,43391535.180116214,49977496.57641921,['EXTRAPOLATED_PILOT19_V2_MEASURED_FACTORS_V1_GRIDS']
national_standard_annual,core_series,landsat7,annual_2005,strict,,2715,8145,8145,30m,381416946,9957645154,9957645154,9957645154,"['ESTIMATE_FLOAT32_LZW_RATIO_BORROWED_FROM_L8_TODO_MEASURE_AT_PHASE_D', 'MEASURED_M21B_LZW_GEOTIFF']",6031850314.353897,7663200068.6442585,8826319548.393959,['EXTRAPOLATED_PILOT19_V2_MEASURED_FACTORS_V1_GRIDS']
national_standard_annual,core_series,landsat7,annual_2005,near_full_only,,24,72,72,30m,3264351,85222351,85222351,85222351,"['ESTIMATE_FLOAT32_LZW_RATIO_BORROWED_FROM_L8_TODO_MEASURE_AT_PHASE_D', 'MEASURED_M21B_LZW_GEOTIFF']",51623497.099448375,65585378.59846152,75539918.57540427,['EXTRAPOLATED_PILOT19_V2_MEASURED_FACTORS_V1_GRIDS']
national_standard_annual,core_series,landsat7,annual_2006,strict,,2683,8049,8049,30m,378189845,9873395288,9873395288,9873395288,"['ESTIMATE_FLOAT32_LZW_RATIO_BORROWED_FROM_L8_TODO_MEASURE_AT_PHASE_D', 'MEASURED_M21B_LZW_GEOTIFF']",5980815900.740555,7598363094.660618,8751641627.185545,['EXTRAPOLATED_PILOT19_V2_MEASURED_FACTORS_V1_GRIDS']
national_standard_annual,core_series,landsat7,annual_2006,near_full_only,,16,48,48,30m,2184955,57042580,57042580,57042580,"['ESTIMATE_FLOAT32_LZW_RATIO_BORROWED_FROM_L8_TODO_MEASURE_AT_PHASE_D', 'MEASURED_M21B_LZW_GEOTIFF']",34553581.433162436,43898802.823471345,50561757.23472214,['EXTRAPOLATED_PILOT19_V2_MEASURED_FACTORS_V1_GRIDS']
national_standard_annual,core_series,landsat7,annual_2007,strict,,2512,7536,7536,30m,353203318,9221072490,9221072490,9221072490,"['ESTIMATE_FLOAT32_LZW_RATIO_BORROWED_FROM_L8_TODO_MEASURE_AT_PHASE_D', 'MEASURED_M21B_LZW_GEOTIFF']",5585670922.731209,7096348809.690747,8173431681.299781,['EXTRAPOLATED_PILOT19_V2_MEASURED_FACTORS_V1_GRIDS']
national_standard_annual,core_series,landsat7,annual_2007,near_full_only,,24,72,72,30m,3261505,85148051,85148051,85148051,"['ESTIMATE_FLOAT32_LZW_RATIO_BORROWED_FROM_L8_TODO_MEASURE_AT_PHASE_D', 'MEASURED_M21B_LZW_GEOTIFF']",51578489.53967768,65528198.47674936,75474059.66247928,['EXTRAPOLATED_PILOT19_V2_MEASURED_FACTORS_V1_GRIDS']
national_standard_annual,core_series,landsat7,annual_2008,strict,,2323,6969,6969,30m,326036404,8511826369,8511826369,8511826369,"['ESTIMATE_FLOAT32_LZW_RATIO_BORROWED_FROM_L8_TODO_MEASURE_AT_PHASE_D', 'MEASURED_M21B_LZW_GEOTIFF']",5156044603.110566,6550527499.408292,7544765685.668487,['EXTRAPOLATED_PILOT19_V2_MEASURED_FACTORS_V1_GRIDS']
national_standard_annual,core_series,landsat7,annual_2008,near_full_only,,19,57,57,30m,2572584,67162403,67162403,67162403,"['ESTIMATE_FLOAT32_LZW_RATIO_BORROWED_FROM_L8_TODO_MEASURE_AT_PHASE_D', 'MEASURED_M21B_LZW_GEOTIFF']",40683671.16835392,51686811.74798437,59531829.110407494,['EXTRAPOLATED_PILOT19_V2_MEASURED_FACTORS_V1_GRIDS']
national_standard_annual,core_series,landsat7,annual_2009,strict,,2745,8235,8235,30m,387307236,10111422846,10111422846,10111422846,"['ESTIMATE_FLOAT32_LZW_RATIO_BORROWED_FROM_L8_TODO_MEASURE_AT_PHASE_D', 'MEASURED_M21B_LZW_GEOTIFF']",6125001255.759987,7781544235.587315,8962625977.140596,['EXTRAPOLATED_PILOT19_V2_MEASURED_FACTORS_V1_GRIDS']
national_standard_annual,core_series,landsat7,annual_2009,near_full_only,,19,57,57,30m,2532597,66118463,66118463,66118463,"['ESTIMATE_FLOAT32_LZW_RATIO_BORROWED_FROM_L8_TODO_MEASURE_AT_PHASE_D', 'MEASURED_M21B_LZW_GEOTIFF']",40051303.88355041,50883416.97394914,58606495.185203165,['EXTRAPOLATED_PILOT19_V2_MEASURED_FACTORS_V1_GRIDS']
national_standard_annual,core_series,landsat7,annual_2010,strict,,2618,7854,7854,30m,372234661,9717923410,9717923410,9717923410,"['ESTIMATE_FLOAT32_LZW_RATIO_BORROWED_FROM_L8_TODO_MEASURE_AT_PHASE_D', 'MEASURED_M21B_LZW_GEOTIFF']",5886638704.737221,7478715116.467249,8613833494.891699,['EXTRAPOLATED_PILOT19_V2_MEASURED_FACTORS_V1_GRIDS']
national_standard_annual,core_series,landsat7,annual_2010,near_full_only,,19,57,57,30m,2559833,66829513,66829513,66829513,"['ESTIMATE_FLOAT32_LZW_RATIO_BORROWED_FROM_L8_TODO_MEASURE_AT_PHASE_D', 'MEASURED_M21B_LZW_GEOTIFF']",40482022.75140518,51430626.318626754,59236759.89090414,['EXTRAPOLATED_PILOT19_V2_MEASURED_FACTORS_V1_GRIDS']
national_standard_annual,core_series,landsat7,annual_2011,strict,,2549,7647,7647,30m,360121305,9401680249,9401680249,9401680249,"['ESTIMATE_FLOAT32_LZW_RATIO_BORROWED_FROM_L8_TODO_MEASURE_AT_PHASE_D', 'MEASURED_M21B_LZW_GEOTIFF']",5695074195.182156,7235340847.16902,8333519911.605194,['EXTRAPOLATED_PILOT19_V2_MEASURED_FACTORS_V1_GRIDS']
national_standard_annual,core_series,landsat7,annual_2011,near_full_only,,22,66,66,30m,2983142,77880833,77880833,77880833,"['ESTIMATE_FLOAT32_LZW_RATIO_BORROWED_FROM_L8_TODO_MEASURE_AT_PHASE_D', 'MEASURED_M21B_LZW_GEOTIFF']",47176367.4875167,59935496.36144266,69032497.96938768,['EXTRAPOLATED_PILOT19_V2_MEASURED_FACTORS_V1_GRIDS']
national_standard_annual,core_series,landsat7,annual_2012,strict,,2876,8628,8628,30m,405413314,10584117890,10584117890,10584117890,"['ESTIMATE_FLOAT32_LZW_RATIO_BORROWED_FROM_L8_TODO_MEASURE_AT_PHASE_D', 'MEASURED_M21B_LZW_GEOTIFF']",6411336599.329164,8145320674.016662,9381616354.658186,['EXTRAPOLATED_PILOT19_V2_MEASURED_FACTORS_V1_GRIDS']
national_standard_annual,core_series,landsat7,annual_2012,near_full_only,,20,60,60,30m,2662541,69510909,69510909,69510909,"['ESTIMATE_FLOAT32_LZW_RATIO_BORROWED_FROM_L8_TODO_MEASURE_AT_PHASE_D', 'MEASURED_M21B_LZW_GEOTIFF']",42106280.11223744,53494173.732826635,61613512.2551697,['EXTRAPOLATED_PILOT19_V2_MEASURED_FACTORS_V1_GRIDS']
national_standard_annual,core_series,landsat7,annual_2013,strict,,2558,7674,7674,30m,362341737,9459649026,9459649026,9459649026,"['ESTIMATE_FLOAT32_LZW_RATIO_BORROWED_FROM_L8_TODO_MEASURE_AT_PHASE_D', 'MEASURED_M21B_LZW_GEOTIFF']",5730188821.308918,7279952432.556786,8384902637.446325,['EXTRAPOLATED_PILOT19_V2_MEASURED_FACTORS_V1_GRIDS']
national_standard_annual,core_series,landsat7,annual_2013,near_full_only,,20,60,60,30m,2694246,70338630,70338630,70338630,"['ESTIMATE_FLOAT32_LZW_RATIO_BORROWED_FROM_L8_TODO_MEASURE_AT_PHASE_D', 'MEASURED_M21B_LZW_GEOTIFF']",42607673.184103176,54131171.5398836,62347193.504040666,['EXTRAPOLATED_PILOT19_V2_MEASURED_FACTORS_V1_GRIDS']
national_standard_annual,core_series,landsat7,annual_2014,strict,,2761,8283,8283,30m,387460076,10115413037,10115413037,10115413037,"['ESTIMATE_FLOAT32_LZW_RATIO_BORROWED_FROM_L8_TODO_MEASURE_AT_PHASE_D', 'MEASURED_M21B_LZW_GEOTIFF']",6127418316.7000265,7784615005.018969,8966162827.545185,['EXTRAPOLATED_PILOT19_V2_MEASURED_FACTORS_V1_GRIDS']
national_standard_annual,core_series,landsat7,annual_2014,near_full_only,,18,54,54,30m,2424410,63294027,63294027,63294027,"['ESTIMATE_FLOAT32_LZW_RATIO_BORROWED_FROM_L8_TODO_MEASURE_AT_PHASE_D', 'MEASURED_M21B_LZW_GEOTIFF']",38340399.853714764,48709788.784323774,56102954.00016599,['EXTRAPOLATED_PILOT19_V2_MEASURED_FACTORS_V1_GRIDS']
national_standard_annual,core_series,landsat7,annual_2015,strict,,2226,6678,6678,30m,309515726,8080521334,8080521334,8080521334,"['ESTIMATE_FLOAT32_LZW_RATIO_BORROWED_FROM_L8_TODO_MEASURE_AT_PHASE_D', 'MEASURED_M21B_LZW_GEOTIFF']",4894781285.282943,6218603965.041652,7162462841.724783,['EXTRAPOLATED_PILOT19_V2_MEASURED_FACTORS_V1_GRIDS']
national_standard_annual,core_series,landsat7,annual_2015,near_full_only,,19,57,57,30m,2585946,67511244,67511244,67511244,"['ESTIMATE_FLOAT32_LZW_RATIO_BORROWED_FROM_L8_TODO_MEASURE_AT_PHASE_D', 'MEASURED_M21B_LZW_GEOTIFF']",40894982.135906994,51955273.022164956,59841037.40081639,['EXTRAPOLATED_PILOT19_V2_MEASURED_FACTORS_V1_GRIDS']
national_standard_annual,core_series,landsat7,annual_2016,strict,,2214,6642,6642,30m,305513324,7976030699,7976030699,7976030699,"['ESTIMATE_FLOAT32_LZW_RATIO_BORROWED_FROM_L8_TODO_MEASURE_AT_PHASE_D', 'MEASURED_M21B_LZW_GEOTIFF']",4831486012.183381,6138190109.278825,7069843781.707636,['EXTRAPOLATED_PILOT19_V2_MEASURED_FACTORS_V1_GRIDS']
national_standard_annual,core_series,landsat7,annual_2016,near_full_only,,22,66,66,30m,2999004,78294942,78294942,78294942,"['ESTIMATE_FLOAT32_LZW_RATIO_BORROWED_FROM_L8_TODO_MEASURE_AT_PHASE_D', 'MEASURED_M21B_LZW_GEOTIFF']",47427214.259506434,60254186.13326217,69399558.43207784,['EXTRAPOLATED_PILOT19_V2_MEASURED_FACTORS_V1_GRIDS']
national_standard_annual,core_series,landsat7,annual_2017,strict,,2605,7815,7815,30m,368093193,9609802181,9609802181,9609802181,"['ESTIMATE_FLOAT32_LZW_RATIO_BORROWED_FROM_L8_TODO_MEASURE_AT_PHASE_D', 'MEASURED_M21B_LZW_GEOTIFF']",5821144197.165744,7395507230.20336,8517996326.798365,['EXTRAPOLATED_PILOT19_V2_MEASURED_FACTORS_V1_GRIDS']
national_standard_annual,core_series,landsat7,annual_2017,near_full_only,,16,48,48,30m,2120801,55367712,55367712,55367712,"['ESTIMATE_FLOAT32_LZW_RATIO_BORROWED_FROM_L8_TODO_MEASURE_AT_PHASE_D', 'MEASURED_M21B_LZW_GEOTIFF']",33539029.4340306,42609859.208460055,49077177.9305093,['EXTRAPOLATED_PILOT19_V2_MEASURED_FACTORS_V1_GRIDS']
national_standard_annual,core_series,landsat7,annual_2018,strict,,2845,8535,8535,30m,399879862,10439656161,10439656161,10439656161,"['ESTIMATE_FLOAT32_LZW_RATIO_BORROWED_FROM_L8_TODO_MEASURE_AT_PHASE_D', 'MEASURED_M21B_LZW_GEOTIFF']",6323828808.876502,8034145881.729798,9253567467.292547,['EXTRAPOLATED_PILOT19_V2_MEASURED_FACTORS_V1_GRIDS']
national_standard_annual,core_series,landsat7,annual_2018,near_full_only,,19,57,57,30m,2559410,66818470,66818470,66818470,"['ESTIMATE_FLOAT32_LZW_RATIO_BORROWED_FROM_L8_TODO_MEASURE_AT_PHASE_D', 'MEASURED_M21B_LZW_GEOTIFF']",40475333.2932945,51422127.65682624,59226971.30335416,['EXTRAPOLATED_PILOT19_V2_MEASURED_FACTORS_V1_GRIDS']
national_standard_annual,core_series,landsat7,annual_2019,strict,,2837,8511,8511,30m,398357687,10399916766,10399916766,10399916766,"['ESTIMATE_FLOAT32_LZW_RATIO_BORROWED_FROM_L8_TODO_MEASURE_AT_PHASE_D', 'MEASURED_M21B_LZW_GEOTIFF']",6299756643.629151,8003563256.37238,9218343015.155655,['EXTRAPOLATED_PILOT19_V2_MEASURED_FACTORS_V1_GRIDS']
national_standard_annual,core_series,landsat7,annual_2019,near_full_only,,19,57,57,30m,2576343,67260539,67260539,67260539,"['ESTIMATE_FLOAT32_LZW_RATIO_BORROWED_FROM_L8_TODO_MEASURE_AT_PHASE_D', 'MEASURED_M21B_LZW_GEOTIFF']",40743117.20390489,51762335.317034274,59618815.6366496,['EXTRAPOLATED_PILOT19_V2_MEASURED_FACTORS_V1_GRIDS']
national_standard_annual,core_series,landsat7,annual_2020,strict,,2641,7923,7923,30m,375065865,9791837600,9791837600,9791837600,"['ESTIMATE_FLOAT32_LZW_RATIO_BORROWED_FROM_L8_TODO_MEASURE_AT_PHASE_D', 'MEASURED_M21B_LZW_GEOTIFF']",5931412275.802938,7535597965.838986,8679350015.520258,['EXTRAPOLATED_PILOT19_V2_MEASURED_FACTORS_V1_GRIDS']
national_standard_annual,core_series,landsat7,annual_2020,near_full_only,,18,54,54,30m,2393599,62489645,62489645,62489645,"['ESTIMATE_FLOAT32_LZW_RATIO_BORROWED_FROM_L8_TODO_MEASURE_AT_PHASE_D', 'MEASURED_M21B_LZW_GEOTIFF']",37853144.78551557,48090752.688022494,55389960.688102804,['EXTRAPOLATED_PILOT19_V2_MEASURED_FACTORS_V1_GRIDS']
national_standard_annual,core_series,landsat7,annual_2021,strict,,2549,7647,7647,30m,362666761,9468134421,9468134421,9468134421,"['ESTIMATE_FLOAT32_LZW_RATIO_BORROWED_FROM_L8_TODO_MEASURE_AT_PHASE_D', 'MEASURED_M21B_LZW_GEOTIFF']",5735328855.429406,7286482619.443424,8392423975.223743,['EXTRAPOLATED_PILOT19_V2_MEASURED_FACTORS_V1_GRIDS']
national_standard_annual,core_series,landsat7,annual_2021,near_full_only,,19,57,57,30m,2536796,66228086,66228086,66228086,"['ESTIMATE_FLOAT32_LZW_RATIO_BORROWED_FROM_L8_TODO_MEASURE_AT_PHASE_D', 'MEASURED_M21B_LZW_GEOTIFF']",40117708.220682226,50967780.7585835,58703663.69376677,['EXTRAPOLATED_PILOT19_V2_MEASURED_FACTORS_V1_GRIDS']
national_standard_annual,core_series,landsat7,annual_2022,strict,,0,0,0,30m,0,0,0,0,"['ESTIMATE_FLOAT32_LZW_RATIO_BORROWED_FROM_L8_TODO_MEASURE_AT_PHASE_D', 'MEASURED_M21B_LZW_GEOTIFF']",0.0,0.0,0.0,['EXTRAPOLATED_PILOT19_V2_MEASURED_FACTORS_V1_GRIDS']
national_standard_annual,core_series,landsat7,annual_2022,near_full_only,,0,0,0,30m,0,0,0,0,"['ESTIMATE_FLOAT32_LZW_RATIO_BORROWED_FROM_L8_TODO_MEASURE_AT_PHASE_D', 'MEASURED_M21B_LZW_GEOTIFF']",0.0,0.0,0.0,['EXTRAPOLATED_PILOT19_V2_MEASURED_FACTORS_V1_GRIDS']
national_standard_annual,core_series,landsat7,annual_2023,strict,,0,0,0,30m,0,0,0,0,"['ESTIMATE_FLOAT32_LZW_RATIO_BORROWED_FROM_L8_TODO_MEASURE_AT_PHASE_D', 'MEASURED_M21B_LZW_GEOTIFF']",0.0,0.0,0.0,['EXTRAPOLATED_PILOT19_V2_MEASURED_FACTORS_V1_GRIDS']
national_standard_annual,core_series,landsat7,annual_2023,near_full_only,,0,0,0,30m,0,0,0,0,"['ESTIMATE_FLOAT32_LZW_RATIO_BORROWED_FROM_L8_TODO_MEASURE_AT_PHASE_D', 'MEASURED_M21B_LZW_GEOTIFF']",0.0,0.0,0.0,['EXTRAPOLATED_PILOT19_V2_MEASURED_FACTORS_V1_GRIDS']
national_standard_annual,core_series,landsat8,annual_2013,strict,,2772,8316,8316,30m,389413613,11847295502,11847295502,11847295502,['MEASURED_M21B_LZW_GEOTIFF'],9216616488.005539,11558563471.94405,12551893418.807547,['EXTRAPOLATED_PILOT19_V2_MEASURED_FACTORS_V1_GRIDS']
national_standard_annual,core_series,landsat8,annual_2013,near_full_only,,18,54,54,30m,2405277,73176762,73176762,73176762,['MEASURED_M21B_LZW_GEOTIFF'],56927942.2094073,71393361.56722176,77528826.77655432,['EXTRAPOLATED_PILOT19_V2_MEASURED_FACTORS_V1_GRIDS']
national_standard_annual,core_series,landsat8,annual_2014,strict,,2896,8688,8688,30m,406627382,12370997297,12370997297,12370997297,['MEASURED_M21B_LZW_GEOTIFF'],9624030871.811682,12069502059.95351,13106741494.506363,['EXTRAPOLATED_PILOT19_V2_MEASURED_FACTORS_V1_GRIDS']
national_standard_annual,core_series,landsat8,annual_2014,near_full_only,,15,45,45,30m,2008795,61114422,61114422,61114422,['MEASURED_M21B_LZW_GEOTIFF'],47544031.589935936,59624994.439071774,64749099.41125634,['EXTRAPOLATED_PILOT19_V2_MEASURED_FACTORS_V1_GRIDS']
national_standard_annual,core_series,landsat8,annual_2015,strict,,2644,7932,7932,30m,369415412,11238881752,11238881752,11238881752,['MEASURED_M21B_LZW_GEOTIFF'],8743300345.698391,10964977454.746456,11907295286.795427,['EXTRAPOLATED_PILOT19_V2_MEASURED_FACTORS_V1_GRIDS']
national_standard_annual,core_series,landsat8,annual_2015,near_full_only,,19,57,57,30m,2553967,77700421,77700421,77700421,['MEASURED_M21B_LZW_GEOTIFF'],60447127.62011749,75806773.79850747,82321522.69199601,['EXTRAPOLATED_PILOT19_V2_MEASURED_FACTORS_V1_GRIDS']
national_standard_annual,core_series,landsat8,annual_2016,strict,,2171,6513,6513,30m,301939082,9186020747,9186020747,9186020747,['MEASURED_M21B_LZW_GEOTIFF'],7146274882.625782,8962147001.156631,9732343836.260784,['EXTRAPOLATED_PILOT19_V2_MEASURED_FACTORS_V1_GRIDS']
national_standard_annual,core_series,landsat8,annual_2016,near_full_only,,27,81,81,30m,3677476,111881412,111881412,111881412,['MEASURED_M21B_LZW_GEOTIFF'],87038266.77945298,109154735.07740705,118535370.26252522,['EXTRAPOLATED_PILOT19_V2_MEASURED_FACTORS_V1_GRIDS']
national_standard_annual,core_series,landsat8,annual_2017,strict,,2854,8562,8562,30m,401189665,12205563327,12205563327,12205563327,['MEASURED_M21B_LZW_GEOTIFF'],9495331333.618322,11908099902.995611,12931468617.680565,['EXTRAPOLATED_PILOT19_V2_MEASURED_FACTORS_V1_GRIDS']
national_standard_annual,core_series,landsat8,annual_2017,near_full_only,,15,45,45,30m,2008441,61103652,61103652,61103652,['MEASURED_M21B_LZW_GEOTIFF'],47535653.14057558,59614487.02142516,64737688.99795305,['EXTRAPOLATED_PILOT19_V2_MEASURED_FACTORS_V1_GRIDS']
national_standard_annual,core_series,landsat8,annual_2018,strict,,2761,8283,8283,30m,388769151,11827688762,11827688762,11827688762,['MEASURED_M21B_LZW_GEOTIFF'],9201363402.60533,11539434569.708534,12531120600.224874,['EXTRAPOLATED_PILOT19_V2_MEASURED_FACTORS_V1_GRIDS']
national_standard_annual,core_series,landsat8,annual_2018,near_full_only,,16,48,48,30m,2208086,67177537,67177537,67177537,['MEASURED_M21B_LZW_GEOTIFF'],52260838.23252013,65540344.07243757,71172807.5401439,['EXTRAPOLATED_PILOT19_V2_MEASURED_FACTORS_V1_GRIDS']
national_standard_annual,core_series,landsat8,annual_2019,strict,,2991,8973,8973,30m,419854309,12773405707,12773405707,12773405707,['MEASURED_M21B_LZW_GEOTIFF'],9937084934.135502,12462103320.321547,13533082465.699755,['EXTRAPOLATED_PILOT19_V2_MEASURED_FACTORS_V1_GRIDS']
national_standard_annual,core_series,landsat8,annual_2019,near_full_only,,15,45,45,30m,2008795,61114422,61114422,61114422,['MEASURED_M21B_LZW_GEOTIFF'],47544031.589935936,59624994.439071774,64749099.41125634,['EXTRAPOLATED_PILOT19_V2_MEASURED_FACTORS_V1_GRIDS']
national_standard_annual,core_series,landsat8,annual_2020,strict,,1624,4872,4872,30m,237010492,7210670717,7210670717,7210670717,['MEASURED_M21B_LZW_GEOTIFF'],5609549166.935531,7034938491.733435,7639513194.7355385,['EXTRAPOLATED_PILOT19_V2_MEASURED_FACTORS_V1_GRIDS']
national_standard_annual,core_series,landsat8,annual_2020,near_full_only,,11,33,33,30m,1622879,49373536,49373536,49373536,['MEASURED_M21B_LZW_GEOTIFF'],38410196.38272877,48170247.01389956,52309943.87353627,['EXTRAPOLATED_PILOT19_V2_MEASURED_FACTORS_V1_GRIDS']
national_standard_annual,core_series,landsat8,annual_2021,strict,,2795,8385,8385,30m,392675714,11946539785,11946539785,11946539785,['MEASURED_M21B_LZW_GEOTIFF'],9293823685.8498,11655389058.419867,12657040087.30212,['EXTRAPOLATED_PILOT19_V2_MEASURED_FACTORS_V1_GRIDS']
national_standard_annual,core_series,landsat8,annual_2021,near_full_only,,16,48,48,30m,2160109,65717912,65717912,65717912,['MEASURED_M21B_LZW_GEOTIFF'],51125321.66483137,64116292.16161375,69626374.20948854,['EXTRAPOLATED_PILOT19_V2_MEASURED_FACTORS_V1_GRIDS']
national_standard_annual,core_series,landsat8,annual_2022,strict,,2739,8217,8217,30m,382607342,11640225433,11640225433,11640225433,['MEASURED_M21B_LZW_GEOTIFF'],9055526101.2644,11356539935.184044,12332508206.479284,['EXTRAPOLATED_PILOT19_V2_MEASURED_FACTORS_V1_GRIDS']
national_standard_annual,core_series,landsat8,annual_2022,near_full_only,,21,63,63,30m,2814980,85641330,85641330,85641330,['MEASURED_M21B_LZW_GEOTIFF'],66624766.61134554,83554154.03069913,90734704.06920487,['EXTRAPOLATED_PILOT19_V2_MEASURED_FACTORS_V1_GRIDS']
national_standard_annual,core_series,landsat8,annual_2023,strict,,2747,8241,8241,30m,387302890,11783080081,11783080081,11783080081,['MEASURED_M21B_LZW_GEOTIFF'],9166660031.030287,11495913053.590052,12483858893.952286,['EXTRAPOLATED_PILOT19_V2_MEASURED_FACTORS_V1_GRIDS']
national_standard_annual,core_series,landsat8,annual_2023,near_full_only,,19,57,57,30m,2497199,75973344,75973344,75973344,['MEASURED_M21B_LZW_GEOTIFF'],59103546.226646535,74121787.68279271,80491730.76430891,['EXTRAPOLATED_PILOT19_V2_MEASURED_FACTORS_V1_GRIDS']
national_standard_annual,core_series,landsat8,annual_2024,strict,,2831,8493,8493,30m,396310141,12057111499,12057111499,12057111499,['MEASURED_M21B_LZW_GEOTIFF'],9379843071.6504,11763266014.338322,12774187867.50167,['EXTRAPOLATED_PILOT19_V2_MEASURED_FACTORS_V1_GRIDS']
national_standard_annual,core_series,landsat8,annual_2024,near_full_only,,19,57,57,30m,2576343,78381176,78381176,78381176,['MEASURED_M21B_LZW_GEOTIFF'],60976721.35708737,76470937.57607993,83042763.95774302,['EXTRAPOLATED_PILOT19_V2_MEASURED_FACTORS_V1_GRIDS']
national_standard_annual,core_series,landsat8,annual_2025,strict,,2507,7521,7521,30m,354293874,10778832788,10778832788,10778832788,['MEASURED_M21B_LZW_GEOTIFF'],8385404751.394135,10516140406.087826,11419885686.904402,['EXTRAPOLATED_PILOT19_V2_MEASURED_FACTORS_V1_GRIDS']
national_standard_annual,core_series,landsat8,annual_2025,near_full_only,,19,57,57,30m,2607692,79334920,79334920,79334920,['MEASURED_M21B_LZW_GEOTIFF'],61718687.484199844,77401437.6772204,84053230.19120312,['EXTRAPOLATED_PILOT19_V2_MEASURED_FACTORS_V1_GRIDS']
national_standard_annual,add_on_not_in_pilot_contract,landsat9,annual_2022,strict,,2851,8553,8553,30m,400835120,12194776854,12194776854,12194776854,['MEASURED_M21B_LZW_GEOTIFF'],9486939985.23282,11897576308.674934,12920040637.498035,"['EXTRAPOLATED_L8_FACTOR_LANDSAT9_TODO_VERIFY', 'EXTRAPOLATED_PILOT19_V2_MEASURED_FACTORS_V1_GRIDS']"
national_standard_annual,add_on_not_in_pilot_contract,landsat9,annual_2022,near_full_only,,15,45,45,30m,2005813,61023700,61023700,61023700,['MEASURED_M21B_LZW_GEOTIFF'],47473453.80464616,59536482.80228588,64652981.18393879,"['EXTRAPOLATED_L8_FACTOR_LANDSAT9_TODO_VERIFY', 'EXTRAPOLATED_PILOT19_V2_MEASURED_FACTORS_V1_GRIDS']"
national_standard_annual,add_on_not_in_pilot_contract,landsat9,annual_2023,strict,,2562,7686,7686,30m,364311845,11083613769,11083613769,11083613769,['MEASURED_M21B_LZW_GEOTIFF'],8622509448.33487,10813493528.31572,11742793002.074982,"['EXTRAPOLATED_L8_FACTOR_LANDSAT9_TODO_VERIFY', 'EXTRAPOLATED_PILOT19_V2_MEASURED_FACTORS_V1_GRIDS']"
national_standard_annual,add_on_not_in_pilot_contract,landsat9,annual_2023,near_full_only,,22,66,66,30m,2932153,89206134,89206134,89206134,['MEASURED_M21B_LZW_GEOTIFF'],69398009.68168749,87032079.58975784,94511518.63978828,"['EXTRAPOLATED_L8_FACTOR_LANDSAT9_TODO_VERIFY', 'EXTRAPOLATED_PILOT19_V2_MEASURED_FACTORS_V1_GRIDS']"
national_standard_annual,add_on_not_in_pilot_contract,landsat9,annual_2024,strict,,2590,7770,7770,30m,359885402,10948946216,10948946216,10948946216,['MEASURED_M21B_LZW_GEOTIFF'],8517744678.498699,10682107976.64924,11600116323.844868,"['EXTRAPOLATED_L8_FACTOR_LANDSAT9_TODO_VERIFY', 'EXTRAPOLATED_PILOT19_V2_MEASURED_FACTORS_V1_GRIDS']"
national_standard_annual,add_on_not_in_pilot_contract,landsat9,annual_2024,near_full_only,,20,60,60,30m,2751922,83722890,83722890,83722890,['MEASURED_M21B_LZW_GEOTIFF'],65132313.90014396,81682468.31894706,88702167.79214573,"['EXTRAPOLATED_L8_FACTOR_LANDSAT9_TODO_VERIFY', 'EXTRAPOLATED_PILOT19_V2_MEASURED_FACTORS_V1_GRIDS']"
national_standard_annual,add_on_not_in_pilot_contract,landsat9,annual_2025,strict,,2204,6612,6612,30m,309494601,9415885506,9415885506,9415885506,['MEASURED_M21B_LZW_GEOTIFF'],7325098423.113667,9186409695.139492,9975879413.975103,"['EXTRAPOLATED_L8_FACTOR_LANDSAT9_TODO_VERIFY', 'EXTRAPOLATED_PILOT19_V2_MEASURED_FACTORS_V1_GRIDS']"
national_standard_annual,add_on_not_in_pilot_contract,landsat9,annual_2025,near_full_only,,18,54,54,30m,2442686,74314872,74314872,74314872,['MEASURED_M21B_LZW_GEOTIFF'],57813336.02895977,72503734.4111263,78734623.8140199,"['EXTRAPOLATED_L8_FACTOR_LANDSAT9_TODO_VERIFY', 'EXTRAPOLATED_PILOT19_V2_MEASURED_FACTORS_V1_GRIDS']"
national_standard_annual,core_series,sentinel1,annual_2015,actual_footprint,ASC,2038,2038,2038,10m,2516254227,22427087072,22427087072,22427087072,['MEASURED_M21B_LZW_GEOTIFF'],21700972632.090134,22276005993.255867,23083450085.601315,['EXTRAPOLATED_PILOT19_V2_MEASURED_FACTORS_V1_GRIDS']
national_standard_annual,core_series,sentinel1,annual_2015,actual_footprint,DESC,414,414,414,10m,540598320,4818291198,4818291198,4818291198,['MEASURED_M21B_LZW_GEOTIFF'],4662290964.637853,4785832562.960679,4959305861.140209,['EXTRAPOLATED_PILOT19_V2_MEASURED_FACTORS_V1_GRIDS']
national_standard_annual,core_series,sentinel1,annual_2016,actual_footprint,ASC,2463,2463,2463,10m,3059842362,27272026150,27272026150,27272026150,['MEASURED_M21B_LZW_GEOTIFF'],26389048707.30776,27088306921.83083,28070183717.980667,['EXTRAPOLATED_PILOT19_V2_MEASURED_FACTORS_V1_GRIDS']
national_standard_annual,core_series,sentinel1,annual_2016,actual_footprint,DESC,1617,1617,1617,10m,2126035126,18949108710,18949108710,18949108710,['MEASURED_M21B_LZW_GEOTIFF'],18335599634.22102,18821457188.414886,19503683365.796925,['EXTRAPOLATED_PILOT19_V2_MEASURED_FACTORS_V1_GRIDS']
national_standard_annual,core_series,sentinel1,annual_2017,actual_footprint,ASC,2975,2975,2975,10m,3749381586,33417810647,33417810647,33417810647,['MEASURED_M21B_LZW_GEOTIFF'],32335853155.051132,33192690064.674923,34395833999.44893,['EXTRAPOLATED_PILOT19_V2_MEASURED_FACTORS_V1_GRIDS']
national_standard_annual,core_series,sentinel1,annual_2017,actual_footprint,DESC,955,955,955,10m,1258459680,11216507663,11216507663,11216507663,['MEASURED_M21B_LZW_GEOTIFF'],10853354474.769814,11140947155.953196,11544775919.822748,['EXTRAPOLATED_PILOT19_V2_MEASURED_FACTORS_V1_GRIDS']
national_standard_annual,core_series,sentinel1,annual_2018,actual_footprint,ASC,2975,2975,2975,10m,3749381586,33417810647,33417810647,33417810647,['MEASURED_M21B_LZW_GEOTIFF'],32335853155.051132,33192690064.674923,34395833999.44893,['EXTRAPOLATED_PILOT19_V2_MEASURED_FACTORS_V1_GRIDS']
national_standard_annual,core_series,sentinel1,annual_2018,actual_footprint,DESC,1162,1162,1162,10m,1515227878,13505053341,13505053341,13505053341,['MEASURED_M21B_LZW_GEOTIFF'],13067804659.4129,13414075942.445051,13900299387.405499,['EXTRAPOLATED_PILOT19_V2_MEASURED_FACTORS_V1_GRIDS']
national_standard_annual,core_series,sentinel1,annual_2019,actual_footprint,ASC,2977,2977,2977,10m,3751600933,33437591433,33437591433,33437591433,['MEASURED_M21B_LZW_GEOTIFF'],32354993505.811928,33212337597.32192,34416193701.24194,['EXTRAPOLATED_PILOT19_V2_MEASURED_FACTORS_V1_GRIDS']
national_standard_annual,core_series,sentinel1,annual_2019,actual_footprint,DESC,687,687,687,10m,894269122,7970518738,7970518738,7970518738,['MEASURED_M21B_LZW_GEOTIFF'],7712459867.532007,7916824980.362233,8203788162.292678,['EXTRAPOLATED_PILOT19_V2_MEASURED_FACTORS_V1_GRIDS']
national_standard_annual,core_series,sentinel1,annual_2020,actual_footprint,ASC,2977,2977,2977,10m,3751600933,33437591433,33437591433,33437591433,['MEASURED_M21B_LZW_GEOTIFF'],32354993505.811928,33212337597.32192,34416193701.24194,['EXTRAPOLATED_PILOT19_V2_MEASURED_FACTORS_V1_GRIDS']
national_standard_annual,core_series,sentinel1,annual_2020,actual_footprint,DESC,1508,1508,1508,10m,1874042426,16703126502,16703126502,16703126502,['MEASURED_M21B_LZW_GEOTIFF'],16162334855.365074,16590605140.468489,17191969052.52539,['EXTRAPOLATED_PILOT19_V2_MEASURED_FACTORS_V1_GRIDS']
national_standard_annual,core_series,sentinel1,annual_2021,actual_footprint,ASC,2977,2977,2977,10m,3751600933,33437591433,33437591433,33437591433,['MEASURED_M21B_LZW_GEOTIFF'],32354993505.811928,33212337597.32192,34416193701.24194,['EXTRAPOLATED_PILOT19_V2_MEASURED_FACTORS_V1_GRIDS']
national_standard_annual,core_series,sentinel1,annual_2021,actual_footprint,DESC,959,959,959,10m,1263575187,11262101594,11262101594,11262101594,['MEASURED_M21B_LZW_GEOTIFF'],10897472225.756613,11186233941.114965,11591704226.680609,['EXTRAPOLATED_PILOT19_V2_MEASURED_FACTORS_V1_GRIDS']
national_standard_annual,core_series,sentinel1,annual_2022,actual_footprint,ASC,2975,2975,2975,10m,3749381586,33417810647,33417810647,33417810647,['MEASURED_M21B_LZW_GEOTIFF'],32335853155.051132,33192690064.674923,34395833999.44893,['EXTRAPOLATED_PILOT19_V2_MEASURED_FACTORS_V1_GRIDS']
national_standard_annual,core_series,sentinel1,annual_2022,actual_footprint,DESC,11,11,11,10m,13918709,124055867,124055867,124055867,['MEASURED_M21B_LZW_GEOTIFF'],120039350.49247575,123220158.66896121,127686551.3070869,['EXTRAPOLATED_PILOT19_V2_MEASURED_FACTORS_V1_GRIDS']
national_standard_annual,core_series,sentinel1,annual_2023,actual_footprint,ASC,2975,2975,2975,10m,3749381586,33417810647,33417810647,33417810647,['MEASURED_M21B_LZW_GEOTIFF'],32335853155.051132,33192690064.674923,34395833999.44893,['EXTRAPOLATED_PILOT19_V2_MEASURED_FACTORS_V1_GRIDS']
national_standard_annual,core_series,sentinel1,annual_2023,actual_footprint,DESC,11,11,11,10m,13918709,124055867,124055867,124055867,['MEASURED_M21B_LZW_GEOTIFF'],120039350.49247575,123220158.66896121,127686551.3070869,['EXTRAPOLATED_PILOT19_V2_MEASURED_FACTORS_V1_GRIDS']
national_standard_annual,core_series,sentinel1,annual_2024,actual_footprint,ASC,2975,2975,2975,10m,3749381586,33417810647,33417810647,33417810647,['MEASURED_M21B_LZW_GEOTIFF'],32335853155.051132,33192690064.674923,34395833999.44893,['EXTRAPOLATED_PILOT19_V2_MEASURED_FACTORS_V1_GRIDS']
national_standard_annual,core_series,sentinel1,annual_2024,actual_footprint,DESC,261,261,261,10m,321512631,2865605428,2865605428,2865605428,['MEASURED_M21B_LZW_GEOTIFF'],2772826660.8898153,2846301148.037162,2949471754.4607043,['EXTRAPOLATED_PILOT19_V2_MEASURED_FACTORS_V1_GRIDS']
national_standard_annual,core_series,sentinel1,annual_2025,actual_footprint,ASC,2977,2977,2977,10m,3751600933,33437591433,33437591433,33437591433,['MEASURED_M21B_LZW_GEOTIFF'],32354993505.811928,33212337597.32192,34416193701.24194,['EXTRAPOLATED_PILOT19_V2_MEASURED_FACTORS_V1_GRIDS']
national_standard_annual,core_series,sentinel1,annual_2025,actual_footprint,DESC,979,979,979,10m,1290703986,11503897487,11503897487,11503897487,['MEASURED_M21B_LZW_GEOTIFF'],11131439572.268484,11426400965.030643,11840576646.199772,['EXTRAPOLATED_PILOT19_V2_MEASURED_FACTORS_V1_GRIDS']
national_standard_annual,core_series,sentinel2,annual_2015,strict_datatake_union,,287,574,574,10m,364927366,4070870451,2868793394,4875795376,['MEASURED_M21B_LZW_GEOTIFF'],3314543318.930875,4406040961.834645,5026158276.772155,['EXTRAPOLATED_PILOT19_V2_MEASURED_FACTORS_V1_GRIDS']
national_standard_annual,core_series,sentinel2,annual_2016,strict_datatake_union,,1755,3510,3510,10m,2200676248,24549180862,17300115230,29403240411,['MEASURED_M21B_LZW_GEOTIFF'],19988187882.12848,26570409883.77007,30309996368.924248,['EXTRAPOLATED_PILOT19_V2_MEASURED_FACTORS_V1_GRIDS']
national_standard_annual,core_series,sentinel2,annual_2017,strict_datatake_union,,2724,5448,5448,10m,3449243413,38477309173,27115441699,46085349174,['MEASURED_M21B_LZW_GEOTIFF'],31328608855.07139,41645294874.970634,47506558685.57631,['EXTRAPOLATED_PILOT19_V2_MEASURED_FACTORS_V1_GRIDS']
national_standard_annual,core_series,sentinel2,annual_2018,strict_datatake_union,,2589,5178,5178,10m,3248970415,36243205881,25541041127,43409501187,['MEASURED_M21B_LZW_GEOTIFF'],29509579674.66414,39227249217.25631,44748191184.81816,['EXTRAPOLATED_PILOT19_V2_MEASURED_FACTORS_V1_GRIDS']
national_standard_annual,core_series,sentinel2,annual_2019,strict_datatake_union,,3014,6028,6028,10m,3793405892,42316541296,29820996661,50683704848,['MEASURED_M21B_LZW_GEOTIFF'],34454549937.26509,45800625829.24211,52246721396.1478,['EXTRAPOLATED_PILOT19_V2_MEASURED_FACTORS_V1_GRIDS']
national_standard_annual,core_series,sentinel2,annual_2020,strict_datatake_union,,2959,5918,5918,10m,3725343175,41557281977,29285937110,49774318729,['MEASURED_M21B_LZW_GEOTIFF'],33836353427.71466,44978853753.437416,51309291046.270584,['EXTRAPOLATED_PILOT19_V2_MEASURED_FACTORS_V1_GRIDS']
national_standard_annual,core_series,sentinel2,annual_2021,strict_datatake_union,,2991,5982,5982,10m,3765800934,42008599995,29603986570,50314874941,['MEASURED_M21B_LZW_GEOTIFF'],34203821059.04699,45467330529.87636,51866517275.934875,['EXTRAPOLATED_PILOT19_V2_MEASURED_FACTORS_V1_GRIDS']
national_standard_annual,core_series,sentinel2,annual_2022,strict_datatake_union,,2892,5784,5784,10m,3657166152,40796747541,28749978967,48863405368,['MEASURED_M21B_LZW_GEOTIFF'],33217118705.566566,44155701575.823135,50370286355.57513,['EXTRAPOLATED_PILOT19_V2_MEASURED_FACTORS_V1_GRIDS']
national_standard_annual,core_series,sentinel2,annual_2023,strict_datatake_union,,2897,5794,5794,10m,3662647164,40857889817,28793066695,48936637182,['MEASURED_M21B_LZW_GEOTIFF'],33266901356.576572,44221877932.090996,50445776539.08986,['EXTRAPOLATED_PILOT19_V2_MEASURED_FACTORS_V1_GRIDS']
national_standard_annual,core_series,sentinel2,annual_2024,strict_datatake_union,,2971,5942,5942,10m,3744156348,41767148370,29433832585,50025681577,['MEASURED_M21B_LZW_GEOTIFF'],34007228737.940205,45205999258.49686,51568405582.46652,['EXTRAPOLATED_PILOT19_V2_MEASURED_FACTORS_V1_GRIDS']
national_standard_annual,core_series,sentinel2,annual_2025,strict_datatake_union,,2834,5668,5668,10m,3589232312,40038925882,28215932553,47955741176,['MEASURED_M21B_LZW_GEOTIFF'],32600092753.335514,43335485528.4064,49434631033.44476,['EXTRAPOLATED_PILOT19_V2_MEASURED_FACTORS_V1_GRIDS']
