scenario,scope,sensor,slot,tier,pass,n_products,n_gee_tasks,n_files,resolution,grid_pixels_sum,bytes_base,bytes_low,bytes_high,estimate_tokens,bytes_v2_low,bytes_v2_base,bytes_v2_high,v2_tokens
pilot_20_cell,observed_plan,landsat5,anchor_1990,strict,,1,3,3,30m,151296,3949882,3949882,3949882,"['ESTIMATE_FLOAT32_LZW_RATIO_BORROWED_FROM_L8_TODO_MEASURE_AT_PHASE_D', 'MEASURED_M21B_LZW_GEOTIFF']",1197585.0555721924,2493129.581061747,3596925.739577728,['EXTRAPOLATED_PILOT19_MEASURED_FACTORS_V1_GRIDS']
pilot_20_cell,observed_plan,landsat5,anchor_2000,strict,,1,3,3,30m,151296,3949882,3949882,3949882,"['ESTIMATE_FLOAT32_LZW_RATIO_BORROWED_FROM_L8_TODO_MEASURE_AT_PHASE_D', 'MEASURED_M21B_LZW_GEOTIFF']",1197585.0555721924,2493129.581061747,3596925.739577728,['EXTRAPOLATED_PILOT19_MEASURED_FACTORS_V1_GRIDS']
pilot_20_cell,observed_plan,landsat8,anchor_2015,strict,,1,3,3,30m,151296,4602942,4602942,4602942,['MEASURED_M21B_LZW_GEOTIFF'],3581183.215067203,4500363.12410128,4771069.861518798,['EXTRAPOLATED_PILOT19_MEASURED_FACTORS_V1_GRIDS']
pilot_20_cell,observed_plan,sentinel1,anchor_2015_ASC,s1_actual_footprint,ASC,1,1,1,10m,1354700,12074287,12074287,12074287,['MEASURED_M21B_LZW_GEOTIFF'],9351248.394607842,11864764.322773444,12342225.410179652,['EXTRAPOLATED_PILOT19_MEASURED_FACTORS_V1_GRIDS']
pilot_20_cell,observed_plan,landsat8,anchor_2020,strict,,1,3,3,30m,151296,4602942,4602942,4602942,['MEASURED_M21B_LZW_GEOTIFF'],3581183.215067203,4500363.12410128,4771069.861518798,['EXTRAPOLATED_PILOT19_MEASURED_FACTORS_V1_GRIDS']
pilot_20_cell,observed_plan,sentinel1,anchor_2020_ASC,s1_actual_footprint,ASC,1,1,1,10m,1354700,12074287,12074287,12074287,['MEASURED_M21B_LZW_GEOTIFF'],9351248.394607842,11864764.322773444,12342225.410179652,['EXTRAPOLATED_PILOT19_MEASURED_FACTORS_V1_GRIDS']
pilot_20_cell,observed_plan,sentinel2,anchor_2020,strict,,1,2,2,10m,1354700,15112071,10649666,18100150,['MEASURED_M21B_LZW_GEOTIFF'],13084575.380061116,16378280.746144788,18108882.502795175,['EXTRAPOLATED_PILOT19_MEASURED_FACTORS_V1_GRIDS']
pilot_20_cell,observed_plan,sentinel1,anchor_2021_ASC,s1_actual_footprint,ASC,1,1,1,10m,1354700,12074287,12074287,12074287,['MEASURED_M21B_LZW_GEOTIFF'],9351248.394607842,11864764.322773444,12342225.410179652,['EXTRAPOLATED_PILOT19_MEASURED_FACTORS_V1_GRIDS']
pilot_20_cell,observed_plan,sentinel2,anchor_2021,strict,,1,2,2,10m,1354700,15112071,10649666,18100150,['MEASURED_M21B_LZW_GEOTIFF'],13084575.380061116,16378280.746144788,18108882.502795175,['EXTRAPOLATED_PILOT19_MEASURED_FACTORS_V1_GRIDS']
pilot_20_cell,observed_plan,landsat8,anchor_2021,strict,,1,3,3,30m,151296,4602942,4602942,4602942,['MEASURED_M21B_LZW_GEOTIFF'],3581183.215067203,4500363.12410128,4771069.861518798,['EXTRAPOLATED_PILOT19_MEASURED_FACTORS_V1_GRIDS']
pilot_20_cell,observed_plan,landsat7,anchor_2000,strict,,1,3,3,30m,150535,3930014,3930014,3930014,"['ESTIMATE_FLOAT32_LZW_RATIO_BORROWED_FROM_L8_TODO_MEASURE_AT_PHASE_D', 'MEASURED_M21B_LZW_GEOTIFF']",3318257.9772017067,3400884.3394728154,3483510.7017439245,['EXTRAPOLATED_PILOT19_MEASURED_FACTORS_V1_GRIDS']
pilot_20_cell,observed_plan,sentinel1,anchor_2015_ASC,s1_actual_footprint,ASC,1,1,1,10m,1350144,12033680,12033680,12033680,['MEASURED_M21B_LZW_GEOTIFF'],9319799.152941177,11824861.860047707,12300717.195099724,['EXTRAPOLATED_PILOT19_MEASURED_FACTORS_V1_GRIDS']
pilot_20_cell,observed_plan,sentinel1,anchor_2020_ASC,s1_actual_footprint,ASC,1,1,1,10m,1350144,12033680,12033680,12033680,['MEASURED_M21B_LZW_GEOTIFF'],9319799.152941177,11824861.860047707,12300717.195099724,['EXTRAPOLATED_PILOT19_MEASURED_FACTORS_V1_GRIDS']
pilot_20_cell,observed_plan,sentinel2,anchor_2020,strict,,1,2,2,10m,1350144,15061247,10613850,18039277,['MEASURED_M21B_LZW_GEOTIFF'],13040570.563178,16323198.84824899,18047980.407362435,['EXTRAPOLATED_PILOT19_MEASURED_FACTORS_V1_GRIDS']
pilot_20_cell,observed_plan,sentinel1,anchor_2021_ASC,s1_actual_footprint,ASC,1,1,1,10m,1350144,12033680,12033680,12033680,['MEASURED_M21B_LZW_GEOTIFF'],9319799.152941177,11824861.860047707,12300717.195099724,['EXTRAPOLATED_PILOT19_MEASURED_FACTORS_V1_GRIDS']
pilot_20_cell,observed_plan,sentinel2,anchor_2021,strict,,1,2,2,10m,1350144,15061247,10613850,18039277,['MEASURED_M21B_LZW_GEOTIFF'],13040570.563178,16323198.84824899,18047980.407362435,['EXTRAPOLATED_PILOT19_MEASURED_FACTORS_V1_GRIDS']
pilot_20_cell,observed_plan,landsat8,anchor_2021,strict,,1,3,3,30m,150535,4579790,4579790,4579790,['MEASURED_M21B_LZW_GEOTIFF'],3563170.3103858754,4477726.859180587,4747071.975489982,['EXTRAPOLATED_PILOT19_MEASURED_FACTORS_V1_GRIDS']
pilot_20_cell,observed_plan,landsat7,anchor_2000,strict,,1,3,3,30m,151285,3949595,3949595,3949595,"['ESTIMATE_FLOAT32_LZW_RATIO_BORROWED_FROM_L8_TODO_MEASURE_AT_PHASE_D', 'MEASURED_M21B_LZW_GEOTIFF']",3334790.30179666,3417828.327612481,3500866.3534283033,['EXTRAPOLATED_PILOT19_MEASURED_FACTORS_V1_GRIDS']
pilot_20_cell,observed_plan,landsat8,anchor_2015,strict,,1,3,3,30m,151285,4602608,4602608,4602608,['MEASURED_M21B_LZW_GEOTIFF'],3580922.844565896,4500035.924476934,4770722.980117594,['EXTRAPOLATED_PILOT19_MEASURED_FACTORS_V1_GRIDS']
pilot_20_cell,observed_plan,sentinel1,anchor_2015_ASC,s1_actual_footprint,ASC,1,1,1,10m,1354607,12073458,12073458,12073458,['MEASURED_M21B_LZW_GEOTIFF'],9350606.43247549,11863949.80806021,12341378.117817398,['EXTRAPOLATED_PILOT19_MEASURED_FACTORS_V1_GRIDS']
pilot_20_cell,observed_plan,sentinel1,anchor_2020_ASC,s1_actual_footprint,ASC,1,1,1,10m,1354607,12073458,12073458,12073458,['MEASURED_M21B_LZW_GEOTIFF'],9350606.43247549,11863949.80806021,12341378.117817398,['EXTRAPOLATED_PILOT19_MEASURED_FACTORS_V1_GRIDS']
pilot_20_cell,observed_plan,sentinel2,anchor_2020,strict,,1,2,2,10m,1354607,15111033,10648934,18098907,['MEASURED_M21B_LZW_GEOTIFF'],13083677.125458365,16377156.37904551,18107639.330083314,['EXTRAPOLATED_PILOT19_MEASURED_FACTORS_V1_GRIDS']
pilot_20_cell,observed_plan,sentinel1,anchor_2021_ASC,s1_actual_footprint,ASC,1,1,1,10m,1354607,12073458,12073458,12073458,['MEASURED_M21B_LZW_GEOTIFF'],9350606.43247549,11863949.80806021,12341378.117817398,['EXTRAPOLATED_PILOT19_MEASURED_FACTORS_V1_GRIDS']
pilot_20_cell,observed_plan,sentinel2,anchor_2021,strict,,1,2,2,10m,1354607,15111033,10648934,18098907,['MEASURED_M21B_LZW_GEOTIFF'],13083677.125458365,16377156.37904551,18107639.330083314,['EXTRAPOLATED_PILOT19_MEASURED_FACTORS_V1_GRIDS']
pilot_20_cell,observed_plan,landsat8,anchor_2021,strict,,1,3,3,30m,151285,4602608,4602608,4602608,['MEASURED_M21B_LZW_GEOTIFF'],3580922.844565896,4500035.924476934,4770722.980117594,['EXTRAPOLATED_PILOT19_MEASURED_FACTORS_V1_GRIDS']
pilot_20_cell,observed_plan,landsat5,anchor_1990,strict,,1,3,3,30m,138335,3611509,3611509,3611509,"['ESTIMATE_FLOAT32_LZW_RATIO_BORROWED_FROM_L8_TODO_MEASURE_AT_PHASE_D', 'MEASURED_M21B_LZW_GEOTIFF']",1094992.1257837566,2279551.8757678773,3288789.671798891,['EXTRAPOLATED_PILOT19_MEASURED_FACTORS_V1_GRIDS']
pilot_20_cell,observed_plan,landsat5,anchor_2000,strict,,1,3,3,30m,138335,3611509,3611509,3611509,"['ESTIMATE_FLOAT32_LZW_RATIO_BORROWED_FROM_L8_TODO_MEASURE_AT_PHASE_D', 'MEASURED_M21B_LZW_GEOTIFF']",1094992.1257837566,2279551.8757678773,3288789.671798891,['EXTRAPOLATED_PILOT19_MEASURED_FACTORS_V1_GRIDS']
pilot_20_cell,observed_plan,landsat8,anchor_2015,strict,,1,3,3,30m,138335,4208624,4208624,4208624,['MEASURED_M21B_LZW_GEOTIFF'],3274395.754390873,4114832.7303600265,4362348.9668808365,['EXTRAPOLATED_PILOT19_MEASURED_FACTORS_V1_GRIDS']
pilot_20_cell,observed_plan,sentinel2,anchor_2015,strict,,1,2,2,10m,1240555,13838750,9752341,16575058,['MEASURED_M21B_LZW_GEOTIFF'],11982088.588330789,14998271.25639156,16583055.09209055,['EXTRAPOLATED_PILOT19_MEASURED_FACTORS_V1_GRIDS']
pilot_20_cell,observed_plan,landsat8,anchor_2020,strict,,1,3,3,30m,138335,4208624,4208624,4208624,['MEASURED_M21B_LZW_GEOTIFF'],3274395.754390873,4114832.7303600265,4362348.9668808365,['EXTRAPOLATED_PILOT19_MEASURED_FACTORS_V1_GRIDS']
pilot_20_cell,observed_plan,sentinel1,anchor_2020_ASC,s1_actual_footprint,ASC,1,1,1,10m,1240555,11056925,11056925,11056925,['MEASURED_M21B_LZW_GEOTIFF'],8563326.16237745,10865056.9900629,11302287.918893792,['EXTRAPOLATED_PILOT19_MEASURED_FACTORS_V1_GRIDS']
pilot_20_cell,observed_plan,sentinel1,anchor_2020_DESC,s1_actual_footprint,DESC,1,1,1,10m,1240555,11056925,11056925,11056925,['MEASURED_M21B_LZW_GEOTIFF'],8563326.16237745,10865056.9900629,11302287.918893792,['EXTRAPOLATED_PILOT19_MEASURED_FACTORS_V1_GRIDS']
pilot_20_cell,observed_plan,sentinel2,anchor_2020,strict,,1,2,2,10m,1240555,13838750,9752341,16575058,['MEASURED_M21B_LZW_GEOTIFF'],11982088.588330789,14998271.25639156,16583055.09209055,['EXTRAPOLATED_PILOT19_MEASURED_FACTORS_V1_GRIDS']
pilot_20_cell,observed_plan,sentinel1,anchor_2021_ASC,s1_actual_footprint,ASC,1,1,1,10m,1240555,11056925,11056925,11056925,['MEASURED_M21B_LZW_GEOTIFF'],8563326.16237745,10865056.9900629,11302287.918893792,['EXTRAPOLATED_PILOT19_MEASURED_FACTORS_V1_GRIDS']
pilot_20_cell,observed_plan,sentinel1,anchor_2021_DESC,s1_actual_footprint,DESC,1,1,1,10m,1240555,11056925,11056925,11056925,['MEASURED_M21B_LZW_GEOTIFF'],8563326.16237745,10865056.9900629,11302287.918893792,['EXTRAPOLATED_PILOT19_MEASURED_FACTORS_V1_GRIDS']
pilot_20_cell,observed_plan,sentinel2,anchor_2021,strict,,1,2,2,10m,1240555,13838750,9752341,16575058,['MEASURED_M21B_LZW_GEOTIFF'],11982088.588330789,14998271.25639156,16583055.09209055,['EXTRAPOLATED_PILOT19_MEASURED_FACTORS_V1_GRIDS']
pilot_20_cell,observed_plan,landsat8,anchor_2021,strict,,1,3,3,30m,138335,4208624,4208624,4208624,['MEASURED_M21B_LZW_GEOTIFF'],3274395.754390873,4114832.7303600265,4362348.9668808365,['EXTRAPOLATED_PILOT19_MEASURED_FACTORS_V1_GRIDS']
pilot_20_cell,observed_plan,landsat5,anchor_1990,strict,,1,3,3,30m,138335,3611509,3611509,3611509,"['ESTIMATE_FLOAT32_LZW_RATIO_BORROWED_FROM_L8_TODO_MEASURE_AT_PHASE_D', 'MEASURED_M21B_LZW_GEOTIFF']",1094992.1257837566,2279551.8757678773,3288789.671798891,['EXTRAPOLATED_PILOT19_MEASURED_FACTORS_V1_GRIDS']
pilot_20_cell,observed_plan,landsat5,anchor_2000,strict,,1,3,3,30m,138335,3611509,3611509,3611509,"['ESTIMATE_FLOAT32_LZW_RATIO_BORROWED_FROM_L8_TODO_MEASURE_AT_PHASE_D', 'MEASURED_M21B_LZW_GEOTIFF']",1094992.1257837566,2279551.8757678773,3288789.671798891,['EXTRAPOLATED_PILOT19_MEASURED_FACTORS_V1_GRIDS']
pilot_20_cell,observed_plan,landsat8,anchor_2015,strict,,1,3,3,30m,138335,4208624,4208624,4208624,['MEASURED_M21B_LZW_GEOTIFF'],3274395.754390873,4114832.7303600265,4362348.9668808365,['EXTRAPOLATED_PILOT19_MEASURED_FACTORS_V1_GRIDS']
pilot_20_cell,observed_plan,landsat8,anchor_2020,strict,,1,3,3,30m,138335,4208624,4208624,4208624,['MEASURED_M21B_LZW_GEOTIFF'],3274395.754390873,4114832.7303600265,4362348.9668808365,['EXTRAPOLATED_PILOT19_MEASURED_FACTORS_V1_GRIDS']
pilot_20_cell,observed_plan,sentinel1,anchor_2020_ASC,s1_actual_footprint,ASC,1,1,1,10m,1241648,11066667,11066667,11066667,['MEASURED_M21B_LZW_GEOTIFF'],8570870.943137255,10874629.727499079,11312245.881817928,['EXTRAPOLATED_PILOT19_MEASURED_FACTORS_V1_GRIDS']
pilot_20_cell,observed_plan,sentinel1,anchor_2020_DESC,s1_actual_footprint,DESC,1,1,1,10m,1241648,11066667,11066667,11066667,['MEASURED_M21B_LZW_GEOTIFF'],8570870.943137255,10874629.727499079,11312245.881817928,['EXTRAPOLATED_PILOT19_MEASURED_FACTORS_V1_GRIDS']
pilot_20_cell,observed_plan,sentinel2,anchor_2020,strict,,1,2,2,10m,1241648,13850943,9760933,16589662,['MEASURED_M21B_LZW_GEOTIFF'],11992645.494576013,15011485.592300275,16597665.713317063,['EXTRAPOLATED_PILOT19_MEASURED_FACTORS_V1_GRIDS']
pilot_20_cell,observed_plan,sentinel1,anchor_2021_ASC,s1_actual_footprint,ASC,1,1,1,10m,1241648,11066667,11066667,11066667,['MEASURED_M21B_LZW_GEOTIFF'],8570870.943137255,10874629.727499079,11312245.881817928,['EXTRAPOLATED_PILOT19_MEASURED_FACTORS_V1_GRIDS']
pilot_20_cell,observed_plan,sentinel1,anchor_2021_DESC,s1_actual_footprint,DESC,1,1,1,10m,1241648,11066667,11066667,11066667,['MEASURED_M21B_LZW_GEOTIFF'],8570870.943137255,10874629.727499079,11312245.881817928,['EXTRAPOLATED_PILOT19_MEASURED_FACTORS_V1_GRIDS']
pilot_20_cell,observed_plan,sentinel2,anchor_2021,strict,,1,2,2,10m,1241648,13850943,9760933,16589662,['MEASURED_M21B_LZW_GEOTIFF'],11992645.494576013,15011485.592300275,16597665.713317063,['EXTRAPOLATED_PILOT19_MEASURED_FACTORS_V1_GRIDS']
pilot_20_cell,observed_plan,landsat7,anchor_2000,strict,,1,3,3,30m,150912,3939857,3939857,3939857,"['ESTIMATE_FLOAT32_LZW_RATIO_BORROWED_FROM_L8_TODO_MEASURE_AT_PHASE_D', 'MEASURED_M21B_LZW_GEOTIFF']",3326568.225698103,3409401.517511021,3492234.809323939,['EXTRAPOLATED_PILOT19_MEASURED_FACTORS_V1_GRIDS']
pilot_20_cell,observed_plan,landsat8,anchor_2015,strict,,1,3,3,30m,150912,4591260,4591260,4591260,['MEASURED_M21B_LZW_GEOTIFF'],3572093.9175670324,4488940.882669551,4758960.547149462,['EXTRAPOLATED_PILOT19_MEASURED_FACTORS_V1_GRIDS']
pilot_20_cell,observed_plan,sentinel1,anchor_2015_ASC,s1_actual_footprint,ASC,1,1,1,10m,1352373,12053546,12053546,12053546,['MEASURED_M21B_LZW_GEOTIFF'],9335185.535661764,11844383.938497152,12321024.879782157,['EXTRAPOLATED_PILOT19_MEASURED_FACTORS_V1_GRIDS']
pilot_20_cell,observed_plan,sentinel1,anchor_2020_ASC,s1_actual_footprint,ASC,1,1,1,10m,1352373,12053546,12053546,12053546,['MEASURED_M21B_LZW_GEOTIFF'],9335185.535661764,11844383.938497152,12321024.879782157,['EXTRAPOLATED_PILOT19_MEASURED_FACTORS_V1_GRIDS']
pilot_20_cell,observed_plan,sentinel2,anchor_2020,strict,,1,2,2,10m,1352373,15086112,10631372,18069059,['MEASURED_M21B_LZW_GEOTIFF'],13062099.697689077,16350147.388725227,18077776.450101588,['EXTRAPOLATED_PILOT19_MEASURED_FACTORS_V1_GRIDS']
pilot_20_cell,observed_plan,sentinel1,anchor_2021_ASC,s1_actual_footprint,ASC,1,1,1,10m,1352373,12053546,12053546,12053546,['MEASURED_M21B_LZW_GEOTIFF'],9335185.535661764,11844383.938497152,12321024.879782157,['EXTRAPOLATED_PILOT19_MEASURED_FACTORS_V1_GRIDS']
pilot_20_cell,observed_plan,sentinel2,anchor_2021,strict,,1,2,2,10m,1352373,15086112,10631372,18069059,['MEASURED_M21B_LZW_GEOTIFF'],13062099.697689077,16350147.388725227,18077776.450101588,['EXTRAPOLATED_PILOT19_MEASURED_FACTORS_V1_GRIDS']
pilot_20_cell,observed_plan,landsat8,anchor_2021,strict,,1,3,3,30m,150912,4591260,4591260,4591260,['MEASURED_M21B_LZW_GEOTIFF'],3572093.9175670324,4488940.882669551,4758960.547149462,['EXTRAPOLATED_PILOT19_MEASURED_FACTORS_V1_GRIDS']
pilot_20_cell,observed_plan,landsat5,anchor_1990,near_full,,1,3,3,30m,150902,3939596,3939596,3939596,"['ESTIMATE_FLOAT32_LZW_RATIO_BORROWED_FROM_L8_TODO_MEASURE_AT_PHASE_D', 'MEASURED_M21B_LZW_GEOTIFF']",1194466.3444899733,2486637.056111065,3587558.7454642444,['EXTRAPOLATED_PILOT19_MEASURED_FACTORS_V1_GRIDS']
pilot_20_cell,observed_plan,landsat5,anchor_2000,near_full,,1,3,3,30m,150902,3939596,3939596,3939596,"['ESTIMATE_FLOAT32_LZW_RATIO_BORROWED_FROM_L8_TODO_MEASURE_AT_PHASE_D', 'MEASURED_M21B_LZW_GEOTIFF']",1194466.3444899733,2486637.056111065,3587558.7454642444,['EXTRAPOLATED_PILOT19_MEASURED_FACTORS_V1_GRIDS']
pilot_20_cell,observed_plan,landsat8,anchor_2015,strict,,1,3,3,30m,150902,4590956,4590956,4590956,['MEASURED_M21B_LZW_GEOTIFF'],3571857.217111299,4488643.4284656,4758645.200421093,['EXTRAPOLATED_PILOT19_MEASURED_FACTORS_V1_GRIDS']
pilot_20_cell,observed_plan,sentinel1,anchor_2015_ASC,s1_actual_footprint,ASC,1,1,1,10m,1353460,12063235,12063235,12063235,['MEASURED_M21B_LZW_GEOTIFF'],9342688.899509802,11853904.126596993,12330928.178682921,['EXTRAPOLATED_PILOT19_MEASURED_FACTORS_V1_GRIDS']
pilot_20_cell,observed_plan,landsat8,anchor_2020,near_full,,1,3,3,30m,150902,4590956,4590956,4590956,['MEASURED_M21B_LZW_GEOTIFF'],3571857.217111299,4488643.4284656,4758645.200421093,['EXTRAPOLATED_PILOT19_MEASURED_FACTORS_V1_GRIDS']
pilot_20_cell,observed_plan,sentinel1,anchor_2020_ASC,s1_actual_footprint,ASC,1,1,1,10m,1353460,12063235,12063235,12063235,['MEASURED_M21B_LZW_GEOTIFF'],9342688.899509802,11853904.126596993,12330928.178682921,['EXTRAPOLATED_PILOT19_MEASURED_FACTORS_V1_GRIDS']
pilot_20_cell,observed_plan,sentinel2,anchor_2020,strict,,1,2,2,10m,1353460,15098238,10639918,18083582,['MEASURED_M21B_LZW_GEOTIFF'],13072598.652024446,16363289.184821086,18092306.86663701,['EXTRAPOLATED_PILOT19_MEASURED_FACTORS_V1_GRIDS']
pilot_20_cell,observed_plan,sentinel1,anchor_2021_ASC,s1_actual_footprint,ASC,1,1,1,10m,1353460,12063235,12063235,12063235,['MEASURED_M21B_LZW_GEOTIFF'],9342688.899509802,11853904.126596993,12330928.178682921,['EXTRAPOLATED_PILOT19_MEASURED_FACTORS_V1_GRIDS']
pilot_20_cell,observed_plan,sentinel2,anchor_2021,strict,,1,2,2,10m,1353460,15098238,10639918,18083582,['MEASURED_M21B_LZW_GEOTIFF'],13072598.652024446,16363289.184821086,18092306.86663701,['EXTRAPOLATED_PILOT19_MEASURED_FACTORS_V1_GRIDS']
pilot_20_cell,observed_plan,landsat8,anchor_2021,strict,,1,3,3,30m,150902,4590956,4590956,4590956,['MEASURED_M21B_LZW_GEOTIFF'],3571857.217111299,4488643.4284656,4758645.200421093,['EXTRAPOLATED_PILOT19_MEASURED_FACTORS_V1_GRIDS']
pilot_20_cell,observed_plan,landsat5,anchor_1990,near_full,,1,3,3,30m,126727,3308459,3308459,3308459,"['ESTIMATE_FLOAT32_LZW_RATIO_BORROWED_FROM_L8_TODO_MEASURE_AT_PHASE_D', 'MEASURED_M21B_LZW_GEOTIFF']",1003108.8815137031,2088269.567068607,3012819.9569021435,['EXTRAPOLATED_PILOT19_MEASURED_FACTORS_V1_GRIDS']
pilot_20_cell,observed_plan,landsat5,anchor_2000,near_full,,1,3,3,30m,126727,3308459,3308459,3308459,"['ESTIMATE_FLOAT32_LZW_RATIO_BORROWED_FROM_L8_TODO_MEASURE_AT_PHASE_D', 'MEASURED_M21B_LZW_GEOTIFF']",1003108.8815137031,2088269.567068607,3012819.9569021435,['EXTRAPOLATED_PILOT19_MEASURED_FACTORS_V1_GRIDS']
pilot_20_cell,observed_plan,landsat8,anchor_2015,near_full,,1,3,3,30m,126727,3855469,3855469,3855469,['MEASURED_M21B_LZW_GEOTIFF'],2999633.8653753004,3769547.890413381,3996294.484591085,['EXTRAPOLATED_PILOT19_MEASURED_FACTORS_V1_GRIDS']
pilot_20_cell,observed_plan,sentinel1,anchor_2015_ASC,s1_actual_footprint,ASC,1,1,1,10m,1136275,10127490,10127490,10127490,['MEASURED_M21B_LZW_GEOTIFF'],7843500.235906863,9951749.524514206,10352227.192700882,['EXTRAPOLATED_PILOT19_MEASURED_FACTORS_V1_GRIDS']
pilot_20_cell,observed_plan,sentinel1,anchor_2020_ASC,s1_actual_footprint,ASC,1,1,1,10m,1136275,10127490,10127490,10127490,['MEASURED_M21B_LZW_GEOTIFF'],7843500.235906863,9951749.524514206,10352227.192700882,['EXTRAPOLATED_PILOT19_MEASURED_FACTORS_V1_GRIDS']
pilot_20_cell,observed_plan,sentinel2,anchor_2020,strict,,1,2,2,10m,1136275,12675477,8932567,15181773,['MEASURED_M21B_LZW_GEOTIFF'],10974884.395053476,13737529.308943434,15189097.56098294,['EXTRAPOLATED_PILOT19_MEASURED_FACTORS_V1_GRIDS']
pilot_20_cell,observed_plan,sentinel1,anchor_2021_ASC,s1_actual_footprint,ASC,1,1,1,10m,1136275,10127490,10127490,10127490,['MEASURED_M21B_LZW_GEOTIFF'],7843500.235906863,9951749.524514206,10352227.192700882,['EXTRAPOLATED_PILOT19_MEASURED_FACTORS_V1_GRIDS']
pilot_20_cell,observed_plan,sentinel2,anchor_2021,strict,,1,2,2,10m,1136275,12675477,8932567,15181773,['MEASURED_M21B_LZW_GEOTIFF'],10974884.395053476,13737529.308943434,15189097.56098294,['EXTRAPOLATED_PILOT19_MEASURED_FACTORS_V1_GRIDS']
pilot_20_cell,observed_plan,landsat8,anchor_2021,near_full,,1,3,3,30m,126727,3855469,3855469,3855469,['MEASURED_M21B_LZW_GEOTIFF'],2999633.8653753004,3769547.890413381,3996294.484591085,['EXTRAPOLATED_PILOT19_MEASURED_FACTORS_V1_GRIDS']
pilot_20_cell,observed_plan,landsat7,anchor_2000,strict,,1,3,3,30m,150902,3939596,3939596,3939596,"['ESTIMATE_FLOAT32_LZW_RATIO_BORROWED_FROM_L8_TODO_MEASURE_AT_PHASE_D', 'MEASURED_M21B_LZW_GEOTIFF']",3326347.7947035036,3409175.5976691586,3492003.4006348136,['EXTRAPOLATED_PILOT19_MEASURED_FACTORS_V1_GRIDS']
pilot_20_cell,observed_plan,landsat8,anchor_2015,strict,,1,3,3,30m,150902,4590956,4590956,4590956,['MEASURED_M21B_LZW_GEOTIFF'],3571857.217111299,4488643.4284656,4758645.200421093,['EXTRAPOLATED_PILOT19_MEASURED_FACTORS_V1_GRIDS']
pilot_20_cell,observed_plan,sentinel1,anchor_2015_ASC,s1_actual_footprint,ASC,1,1,1,10m,1353460,12063235,12063235,12063235,['MEASURED_M21B_LZW_GEOTIFF'],9342688.899509802,11853904.126596993,12330928.178682921,['EXTRAPOLATED_PILOT19_MEASURED_FACTORS_V1_GRIDS']
pilot_20_cell,observed_plan,sentinel1,anchor_2020_ASC,s1_actual_footprint,ASC,1,1,1,10m,1353460,12063235,12063235,12063235,['MEASURED_M21B_LZW_GEOTIFF'],9342688.899509802,11853904.126596993,12330928.178682921,['EXTRAPOLATED_PILOT19_MEASURED_FACTORS_V1_GRIDS']
pilot_20_cell,observed_plan,sentinel2,anchor_2020,strict,,1,2,2,10m,1353460,15098238,10639918,18083582,['MEASURED_M21B_LZW_GEOTIFF'],13072598.652024446,16363289.184821086,18092306.86663701,['EXTRAPOLATED_PILOT19_MEASURED_FACTORS_V1_GRIDS']
pilot_20_cell,observed_plan,sentinel1,anchor_2021_ASC,s1_actual_footprint,ASC,1,1,1,10m,1353460,12063235,12063235,12063235,['MEASURED_M21B_LZW_GEOTIFF'],9342688.899509802,11853904.126596993,12330928.178682921,['EXTRAPOLATED_PILOT19_MEASURED_FACTORS_V1_GRIDS']
pilot_20_cell,observed_plan,sentinel2,anchor_2021,strict,,1,2,2,10m,1353460,15098238,10639918,18083582,['MEASURED_M21B_LZW_GEOTIFF'],13072598.652024446,16363289.184821086,18092306.86663701,['EXTRAPOLATED_PILOT19_MEASURED_FACTORS_V1_GRIDS']
pilot_20_cell,observed_plan,landsat8,anchor_2021,strict,,1,3,3,30m,150902,4590956,4590956,4590956,['MEASURED_M21B_LZW_GEOTIFF'],3571857.217111299,4488643.4284656,4758645.200421093,['EXTRAPOLATED_PILOT19_MEASURED_FACTORS_V1_GRIDS']
pilot_20_cell,observed_plan,landsat7,anchor_2000,strict,,1,3,3,30m,139128,3632212,3632212,3632212,"['ESTIMATE_FLOAT32_LZW_RATIO_BORROWED_FROM_L8_TODO_MEASURE_AT_PHASE_D', 'MEASURED_M21B_LZW_GEOTIFF']",3066812.3416621983,3143177.5758605897,3219542.810058981,['EXTRAPOLATED_PILOT19_MEASURED_FACTORS_V1_GRIDS']
pilot_20_cell,observed_plan,landsat8,anchor_2015,strict,,1,3,3,30m,139128,4232750,4232750,4232750,['MEASURED_M21B_LZW_GEOTIFF'],3293166.100530548,4138420.848733363,4387355.962440431,['EXTRAPOLATED_PILOT19_MEASURED_FACTORS_V1_GRIDS']
pilot_20_cell,observed_plan,sentinel1,anchor_2015_ASC,s1_actual_footprint,ASC,1,1,1,10m,1247685,11120474,11120474,11120474,['MEASURED_M21B_LZW_GEOTIFF'],8612543.259191176,10927503.118077496,11367247.0,['EXTRAPOLATED_PILOT19_MEASURED_FACTORS_V1_GRIDS']
pilot_20_cell,observed_plan,landsat8,anchor_2020,strict,,1,3,3,30m,139128,4232750,4232750,4232750,['MEASURED_M21B_LZW_GEOTIFF'],3293166.100530548,4138420.848733363,4387355.962440431,['EXTRAPOLATED_PILOT19_MEASURED_FACTORS_V1_GRIDS']
pilot_20_cell,observed_plan,sentinel1,anchor_2020_ASC,s1_actual_footprint,ASC,1,1,1,10m,1247685,11120474,11120474,11120474,['MEASURED_M21B_LZW_GEOTIFF'],8612543.259191176,10927503.118077496,11367247.0,['EXTRAPOLATED_PILOT19_MEASURED_FACTORS_V1_GRIDS']
pilot_20_cell,observed_plan,sentinel2,anchor_2020,strict,,1,2,2,10m,1247685,13918288,9808392,16670322,['MEASURED_M21B_LZW_GEOTIFF'],12050954.774541635,15084472.73400285,16678365.0,['EXTRAPOLATED_PILOT19_MEASURED_FACTORS_V1_GRIDS']
pilot_20_cell,observed_plan,sentinel1,anchor_2021_ASC,s1_actual_footprint,ASC,1,1,1,10m,1247685,11120474,11120474,11120474,['MEASURED_M21B_LZW_GEOTIFF'],8612543.259191176,10927503.118077496,11367247.0,['EXTRAPOLATED_PILOT19_MEASURED_FACTORS_V1_GRIDS']
pilot_20_cell,observed_plan,sentinel2,anchor_2021,strict,,1,2,2,10m,1247685,13918288,9808392,16670322,['MEASURED_M21B_LZW_GEOTIFF'],12050954.774541635,15084472.73400285,16678365.0,['EXTRAPOLATED_PILOT19_MEASURED_FACTORS_V1_GRIDS']
pilot_20_cell,observed_plan,landsat8,anchor_2021,strict,,1,3,3,30m,139128,4232750,4232750,4232750,['MEASURED_M21B_LZW_GEOTIFF'],3293166.100530548,4138420.848733363,4387355.962440431,['EXTRAPOLATED_PILOT19_MEASURED_FACTORS_V1_GRIDS']
pilot_20_cell,observed_plan,landsat5,anchor_1990,strict,,1,3,3,30m,138714,3621404,3621404,3621404,"['ESTIMATE_FLOAT32_LZW_RATIO_BORROWED_FROM_L8_TODO_MEASURE_AT_PHASE_D', 'MEASURED_M21B_LZW_GEOTIFF']",1097992.1042105614,2285797.2233727206,3297800.0544613535,['EXTRAPOLATED_PILOT19_MEASURED_FACTORS_V1_GRIDS']
pilot_20_cell,observed_plan,landsat5,anchor_2000,strict,,1,3,3,30m,138714,3621404,3621404,3621404,"['ESTIMATE_FLOAT32_LZW_RATIO_BORROWED_FROM_L8_TODO_MEASURE_AT_PHASE_D', 'MEASURED_M21B_LZW_GEOTIFF']",1097992.1042105614,2285797.2233727206,3297800.0544613535,['EXTRAPOLATED_PILOT19_MEASURED_FACTORS_V1_GRIDS']
pilot_20_cell,observed_plan,landsat8,anchor_2015,strict,,1,3,3,30m,138714,4220155,4220155,4220155,['MEASURED_M21B_LZW_GEOTIFF'],3283366.7016631765,4126106.2446897803,4374300.607885989,['EXTRAPOLATED_PILOT19_MEASURED_FACTORS_V1_GRIDS']
pilot_20_cell,observed_plan,landsat8,anchor_2020,strict,,1,3,3,30m,138714,4220155,4220155,4220155,['MEASURED_M21B_LZW_GEOTIFF'],3283366.7016631765,4126106.2446897803,4374300.607885989,['EXTRAPOLATED_PILOT19_MEASURED_FACTORS_V1_GRIDS']
pilot_20_cell,observed_plan,sentinel1,anchor_2020_ASC,s1_actual_footprint,ASC,1,1,1,10m,1241690,11067041,11067041,11067041,['MEASURED_M21B_LZW_GEOTIFF'],8571160.861519607,10874997.572853442,11312628.529981526,['EXTRAPOLATED_PILOT19_MEASURED_FACTORS_V1_GRIDS']
pilot_20_cell,observed_plan,sentinel1,anchor_2020_DESC,s1_actual_footprint,DESC,1,1,1,10m,1241690,11067041,11067041,11067041,['MEASURED_M21B_LZW_GEOTIFF'],8571160.861519607,10874997.572853442,11312628.529981526,['EXTRAPOLATED_PILOT19_MEASURED_FACTORS_V1_GRIDS']
pilot_20_cell,observed_plan,sentinel2,anchor_2020,strict,,1,2,2,10m,1241690,13851412,9761263,16590223,['MEASURED_M21B_LZW_GEOTIFF'],11993051.157944998,15011993.370990273,16598227.146154677,['EXTRAPOLATED_PILOT19_MEASURED_FACTORS_V1_GRIDS']
pilot_20_cell,observed_plan,sentinel1,anchor_2021_ASC,s1_actual_footprint,ASC,1,1,1,10m,1241690,11067041,11067041,11067041,['MEASURED_M21B_LZW_GEOTIFF'],8571160.861519607,10874997.572853442,11312628.529981526,['EXTRAPOLATED_PILOT19_MEASURED_FACTORS_V1_GRIDS']
pilot_20_cell,observed_plan,sentinel1,anchor_2021_DESC,s1_actual_footprint,DESC,1,1,1,10m,1241690,11067041,11067041,11067041,['MEASURED_M21B_LZW_GEOTIFF'],8571160.861519607,10874997.572853442,11312628.529981526,['EXTRAPOLATED_PILOT19_MEASURED_FACTORS_V1_GRIDS']
pilot_20_cell,observed_plan,sentinel2,anchor_2021,strict,,1,2,2,10m,1241690,13851412,9761263,16590223,['MEASURED_M21B_LZW_GEOTIFF'],11993051.157944998,15011993.370990273,16598227.146154677,['EXTRAPOLATED_PILOT19_MEASURED_FACTORS_V1_GRIDS']
pilot_20_cell,observed_plan,landsat5,anchor_1990,strict,,1,3,3,30m,151272,3949255,3949255,3949255,"['ESTIMATE_FLOAT32_LZW_RATIO_BORROWED_FROM_L8_TODO_MEASURE_AT_PHASE_D', 'MEASURED_M21B_LZW_GEOTIFF']",1197395.0833235295,2492734.0973084057,3596355.1612560945,['EXTRAPOLATED_PILOT19_MEASURED_FACTORS_V1_GRIDS']
pilot_20_cell,observed_plan,landsat5,anchor_2000,strict,,1,3,3,30m,151272,3949255,3949255,3949255,"['ESTIMATE_FLOAT32_LZW_RATIO_BORROWED_FROM_L8_TODO_MEASURE_AT_PHASE_D', 'MEASURED_M21B_LZW_GEOTIFF']",1197395.0833235295,2492734.0973084057,3596355.1612560945,['EXTRAPOLATED_PILOT19_MEASURED_FACTORS_V1_GRIDS']
pilot_20_cell,observed_plan,landsat8,anchor_2015,strict,,1,3,3,30m,151272,4602212,4602212,4602212,['MEASURED_M21B_LZW_GEOTIFF'],3580615.1339734425,4499649.234011797,4770313.029370715,['EXTRAPOLATED_PILOT19_MEASURED_FACTORS_V1_GRIDS']
pilot_20_cell,observed_plan,landsat8,anchor_2020,strict,,1,3,3,30m,151272,4602212,4602212,4602212,['MEASURED_M21B_LZW_GEOTIFF'],3580615.1339734425,4499649.234011797,4770313.029370715,['EXTRAPOLATED_PILOT19_MEASURED_FACTORS_V1_GRIDS']
pilot_20_cell,observed_plan,sentinel1,anchor_2020_ASC,s1_actual_footprint,ASC,1,1,1,10m,1357928,12103057,12103057,12103057,['MEASURED_M21B_LZW_GEOTIFF'],9373530.693137255,11893035.86572311,12371634.654753404,['EXTRAPOLATED_PILOT19_MEASURED_FACTORS_V1_GRIDS']
pilot_20_cell,observed_plan,sentinel1,anchor_2020_DESC,s1_actual_footprint,DESC,1,1,1,10m,1357928,12103057,12103057,12103057,['MEASURED_M21B_LZW_GEOTIFF'],9373530.693137255,11893035.86572311,12371634.654753404,['EXTRAPOLATED_PILOT19_MEASURED_FACTORS_V1_GRIDS']
pilot_20_cell,observed_plan,sentinel2,anchor_2020,strict,,1,2,2,10m,1357928,15148080,10675042,18143279,['MEASURED_M21B_LZW_GEOTIFF'],13115753.507563027,16417307.165461652,18152032.626600463,['EXTRAPOLATED_PILOT19_MEASURED_FACTORS_V1_GRIDS']
pilot_20_cell,observed_plan,sentinel1,anchor_2021_ASC,s1_actual_footprint,ASC,1,1,1,10m,1357928,12103057,12103057,12103057,['MEASURED_M21B_LZW_GEOTIFF'],9373530.693137255,11893035.86572311,12371634.654753404,['EXTRAPOLATED_PILOT19_MEASURED_FACTORS_V1_GRIDS']
pilot_20_cell,observed_plan,sentinel1,anchor_2021_DESC,s1_actual_footprint,DESC,1,1,1,10m,1357928,12103057,12103057,12103057,['MEASURED_M21B_LZW_GEOTIFF'],9373530.693137255,11893035.86572311,12371634.654753404,['EXTRAPOLATED_PILOT19_MEASURED_FACTORS_V1_GRIDS']
pilot_20_cell,observed_plan,sentinel2,anchor_2021,strict,,1,2,2,10m,1357928,15148080,10675042,18143279,['MEASURED_M21B_LZW_GEOTIFF'],13115753.507563027,16417307.165461652,18152032.626600463,['EXTRAPOLATED_PILOT19_MEASURED_FACTORS_V1_GRIDS']
pilot_20_cell,observed_plan,landsat8,anchor_2021,strict,,1,3,3,30m,151272,4602212,4602212,4602212,['MEASURED_M21B_LZW_GEOTIFF'],3580615.1339734425,4499649.234011797,4770313.029370715,['EXTRAPOLATED_PILOT19_MEASURED_FACTORS_V1_GRIDS']
pilot_20_cell,observed_plan,landsat5,anchor_1990,strict,,1,3,3,30m,151668,3959594,3959594,3959594,"['ESTIMATE_FLOAT32_LZW_RATIO_BORROWED_FROM_L8_TODO_MEASURE_AT_PHASE_D', 'MEASURED_M21B_LZW_GEOTIFF']",1200529.6254264705,2499259.5792385326,3605769.7035630476,['EXTRAPOLATED_PILOT19_MEASURED_FACTORS_V1_GRIDS']
pilot_20_cell,observed_plan,landsat5,anchor_2000,strict,,1,3,3,30m,151668,3959594,3959594,3959594,"['ESTIMATE_FLOAT32_LZW_RATIO_BORROWED_FROM_L8_TODO_MEASURE_AT_PHASE_D', 'MEASURED_M21B_LZW_GEOTIFF']",1200529.6254264705,2499259.5792385326,3605769.7035630476,['EXTRAPOLATED_PILOT19_MEASURED_FACTORS_V1_GRIDS']
pilot_20_cell,observed_plan,landsat8,anchor_2015,strict,,1,3,3,30m,151668,4614260,4614260,4614260,['MEASURED_M21B_LZW_GEOTIFF'],3589988.4720204934,4511428.420488268,4782800.759814094,['EXTRAPOLATED_PILOT19_MEASURED_FACTORS_V1_GRIDS']
pilot_20_cell,observed_plan,landsat8,anchor_2020,strict,,1,3,3,30m,151668,4614260,4614260,4614260,['MEASURED_M21B_LZW_GEOTIFF'],3589988.4720204934,4511428.420488268,4782800.759814094,['EXTRAPOLATED_PILOT19_MEASURED_FACTORS_V1_GRIDS']
pilot_20_cell,observed_plan,sentinel1,anchor_2020_ASC,s1_actual_footprint,ASC,1,1,1,10m,1360302,12124217,12124217,12124217,['MEASURED_M21B_LZW_GEOTIFF'],9389917.984558823,11913827.886467382,12393263.386667307,['EXTRAPOLATED_PILOT19_MEASURED_FACTORS_V1_GRIDS']
pilot_20_cell,observed_plan,sentinel1,anchor_2020_DESC,s1_actual_footprint,DESC,1,1,1,10m,1360302,12124217,12124217,12124217,['MEASURED_M21B_LZW_GEOTIFF'],9389917.984558823,11913827.886467382,12393263.386667307,['EXTRAPOLATED_PILOT19_MEASURED_FACTORS_V1_GRIDS']
pilot_20_cell,observed_plan,sentinel2,anchor_2020,strict,,1,2,2,10m,1360302,15174563,10693704,18174998,['MEASURED_M21B_LZW_GEOTIFF'],13138683.146562262,16446008.751415256,18183766.94937424,['EXTRAPOLATED_PILOT19_MEASURED_FACTORS_V1_GRIDS']
pilot_20_cell,observed_plan,sentinel1,anchor_2021_ASC,s1_actual_footprint,ASC,1,1,1,10m,1360302,12124217,12124217,12124217,['MEASURED_M21B_LZW_GEOTIFF'],9389917.984558823,11913827.886467382,12393263.386667307,['EXTRAPOLATED_PILOT19_MEASURED_FACTORS_V1_GRIDS']
pilot_20_cell,observed_plan,sentinel1,anchor_2021_DESC,s1_actual_footprint,DESC,1,1,1,10m,1360302,12124217,12124217,12124217,['MEASURED_M21B_LZW_GEOTIFF'],9389917.984558823,11913827.886467382,12393263.386667307,['EXTRAPOLATED_PILOT19_MEASURED_FACTORS_V1_GRIDS']
pilot_20_cell,observed_plan,sentinel2,anchor_2021,strict,,1,2,2,10m,1360302,15174563,10693704,18174998,['MEASURED_M21B_LZW_GEOTIFF'],13138683.146562262,16446008.751415256,18183766.94937424,['EXTRAPOLATED_PILOT19_MEASURED_FACTORS_V1_GRIDS']
pilot_20_cell,observed_plan,landsat5,anchor_1990,strict,,1,3,3,30m,138754,3622448,3622448,3622448,"['ESTIMATE_FLOAT32_LZW_RATIO_BORROWED_FROM_L8_TODO_MEASURE_AT_PHASE_D', 'MEASURED_M21B_LZW_GEOTIFF']",1098308.724625,2286456.3629616224,3298751.018330743,['EXTRAPOLATED_PILOT19_MEASURED_FACTORS_V1_GRIDS']
pilot_20_cell,observed_plan,landsat5,anchor_2000,strict,,1,3,3,30m,138754,3622448,3622448,3622448,"['ESTIMATE_FLOAT32_LZW_RATIO_BORROWED_FROM_L8_TODO_MEASURE_AT_PHASE_D', 'MEASURED_M21B_LZW_GEOTIFF']",1098308.724625,2286456.3629616224,3298751.018330743,['EXTRAPOLATED_PILOT19_MEASURED_FACTORS_V1_GRIDS']
pilot_20_cell,observed_plan,landsat8,anchor_2015,strict,,1,3,3,30m,138754,4221372,4221372,4221372,['MEASURED_M21B_LZW_GEOTIFF'],3284313.5034861113,4127296.061505585,4375561.994799462,['EXTRAPOLATED_PILOT19_MEASURED_FACTORS_V1_GRIDS']
pilot_20_cell,observed_plan,sentinel1,anchor_2015_ASC,s1_actual_footprint,ASC,1,1,1,10m,1243216,11080642,11080642,11080642,['MEASURED_M21B_LZW_GEOTIFF'],8581694.562745098,10888362.620728657,11326531.413258957,['EXTRAPOLATED_PILOT19_MEASURED_FACTORS_V1_GRIDS']
pilot_20_cell,observed_plan,landsat8,anchor_2020,strict,,1,3,3,30m,138754,4221372,4221372,4221372,['MEASURED_M21B_LZW_GEOTIFF'],3284313.5034861113,4127296.061505585,4375561.994799462,['EXTRAPOLATED_PILOT19_MEASURED_FACTORS_V1_GRIDS']
pilot_20_cell,observed_plan,sentinel1,anchor_2020_ASC,s1_actual_footprint,ASC,1,1,1,10m,1243216,11080642,11080642,11080642,['MEASURED_M21B_LZW_GEOTIFF'],8581694.562745098,10888362.620728657,11326531.413258957,['EXTRAPOLATED_PILOT19_MEASURED_FACTORS_V1_GRIDS']
pilot_20_cell,observed_plan,sentinel2,anchor_2020,strict,,1,2,2,10m,1243216,13868435,9773260,16610612,['MEASURED_M21B_LZW_GEOTIFF'],12007790.260351414,15030442.663393473,16618625.872588033,['EXTRAPOLATED_PILOT19_MEASURED_FACTORS_V1_GRIDS']
pilot_20_cell,observed_plan,sentinel1,anchor_2021_ASC,s1_actual_footprint,ASC,1,1,1,10m,1243216,11080642,11080642,11080642,['MEASURED_M21B_LZW_GEOTIFF'],8581694.562745098,10888362.620728657,11326531.413258957,['EXTRAPOLATED_PILOT19_MEASURED_FACTORS_V1_GRIDS']
pilot_20_cell,observed_plan,sentinel2,anchor_2021,strict,,1,2,2,10m,1243216,13868435,9773260,16610612,['MEASURED_M21B_LZW_GEOTIFF'],12007790.260351414,15030442.663393473,16618625.872588033,['EXTRAPOLATED_PILOT19_MEASURED_FACTORS_V1_GRIDS']
pilot_20_cell,observed_plan,landsat8,anchor_2021,strict,,1,3,3,30m,138754,4221372,4221372,4221372,['MEASURED_M21B_LZW_GEOTIFF'],3284313.5034861113,4127296.061505585,4375561.994799462,['EXTRAPOLATED_PILOT19_MEASURED_FACTORS_V1_GRIDS']
pilot_20_cell,observed_plan,landsat5,anchor_1990,strict,,1,3,3,30m,150890,3939282,3939282,3939282,"['ESTIMATE_FLOAT32_LZW_RATIO_BORROWED_FROM_L8_TODO_MEASURE_AT_PHASE_D', 'MEASURED_M21B_LZW_GEOTIFF']",1194371.3583656417,2486439.3142343946,3587273.4563034275,['EXTRAPOLATED_PILOT19_MEASURED_FACTORS_V1_GRIDS']
pilot_20_cell,observed_plan,landsat5,anchor_2000,strict,,1,3,3,30m,150890,3939282,3939282,3939282,"['ESTIMATE_FLOAT32_LZW_RATIO_BORROWED_FROM_L8_TODO_MEASURE_AT_PHASE_D', 'MEASURED_M21B_LZW_GEOTIFF']",1194371.3583656417,2486439.3142343946,3587273.4563034275,['EXTRAPOLATED_PILOT19_MEASURED_FACTORS_V1_GRIDS']
pilot_20_cell,observed_plan,landsat8,anchor_2015,strict,,1,3,3,30m,150890,4590590,4590590,4590590,['MEASURED_M21B_LZW_GEOTIFF'],3571573.1765644182,4488286.483420858,4758266.784347052,['EXTRAPOLATED_PILOT19_MEASURED_FACTORS_V1_GRIDS']
pilot_20_cell,observed_plan,sentinel1,anchor_2015_DESC,s1_actual_footprint,DESC,1,1,1,10m,1355640,12082665,12082665,12082665,['MEASURED_M21B_LZW_GEOTIFF'],9357737.044117646,11872997.052133013,12350789.440507822,['EXTRAPOLATED_PILOT19_MEASURED_FACTORS_V1_GRIDS']
pilot_20_cell,observed_plan,landsat8,anchor_2020,strict,,1,3,3,30m,150890,4590590,4590590,4590590,['MEASURED_M21B_LZW_GEOTIFF'],3571573.1765644182,4488286.483420858,4758266.784347052,['EXTRAPOLATED_PILOT19_MEASURED_FACTORS_V1_GRIDS']
pilot_20_cell,observed_plan,sentinel1,anchor_2020_ASC,s1_actual_footprint,ASC,1,1,1,10m,1355640,12082665,12082665,12082665,['MEASURED_M21B_LZW_GEOTIFF'],9357737.044117646,11872997.052133013,12350789.440507822,['EXTRAPOLATED_PILOT19_MEASURED_FACTORS_V1_GRIDS']
pilot_20_cell,observed_plan,sentinel1,anchor_2020_DESC,s1_actual_footprint,DESC,1,1,1,10m,1355640,12082665,12082665,12082665,['MEASURED_M21B_LZW_GEOTIFF'],9357737.044117646,11872997.052133013,12350789.440507822,['EXTRAPOLATED_PILOT19_MEASURED_FACTORS_V1_GRIDS']
pilot_20_cell,observed_plan,sentinel2,anchor_2020,strict,,1,2,2,10m,1355640,15122557,10657055,18112709,['MEASURED_M21B_LZW_GEOTIFF'],13093654.512605043,16389645.316825658,18121447.904398948,['EXTRAPOLATED_PILOT19_MEASURED_FACTORS_V1_GRIDS']
pilot_20_cell,observed_plan,sentinel1,anchor_2021_ASC,s1_actual_footprint,ASC,1,1,1,10m,1355640,12082665,12082665,12082665,['MEASURED_M21B_LZW_GEOTIFF'],9357737.044117646,11872997.052133013,12350789.440507822,['EXTRAPOLATED_PILOT19_MEASURED_FACTORS_V1_GRIDS']
pilot_20_cell,observed_plan,sentinel1,anchor_2021_DESC,s1_actual_footprint,DESC,1,1,1,10m,1355640,12082665,12082665,12082665,['MEASURED_M21B_LZW_GEOTIFF'],9357737.044117646,11872997.052133013,12350789.440507822,['EXTRAPOLATED_PILOT19_MEASURED_FACTORS_V1_GRIDS']
pilot_20_cell,observed_plan,sentinel2,anchor_2021,strict,,1,2,2,10m,1355640,15122557,10657055,18112709,['MEASURED_M21B_LZW_GEOTIFF'],13093654.512605043,16389645.316825658,18121447.904398948,['EXTRAPOLATED_PILOT19_MEASURED_FACTORS_V1_GRIDS']
pilot_20_cell,observed_plan,landsat8,anchor_2021,strict,,1,3,3,30m,150890,4590590,4590590,4590590,['MEASURED_M21B_LZW_GEOTIFF'],3571573.1765644182,4488286.483420858,4758266.784347052,['EXTRAPOLATED_PILOT19_MEASURED_FACTORS_V1_GRIDS']
pilot_20_cell,observed_plan,landsat5,anchor_1990,strict,,1,3,3,30m,126720,3308277,3308277,3308277,"['ESTIMATE_FLOAT32_LZW_RATIO_BORROWED_FROM_L8_TODO_MEASURE_AT_PHASE_D', 'MEASURED_M21B_LZW_GEOTIFF']",1003053.4729411765,2088154.2176405494,3012653.5382250007,['EXTRAPOLATED_PILOT19_MEASURED_FACTORS_V1_GRIDS']
pilot_20_cell,observed_plan,landsat5,anchor_2000,strict,,1,3,3,30m,126720,3308277,3308277,3308277,"['ESTIMATE_FLOAT32_LZW_RATIO_BORROWED_FROM_L8_TODO_MEASURE_AT_PHASE_D', 'MEASURED_M21B_LZW_GEOTIFF']",1003053.4729411765,2088154.2176405494,3012653.5382250007,['EXTRAPOLATED_PILOT19_MEASURED_FACTORS_V1_GRIDS']
pilot_20_cell,observed_plan,landsat8,anchor_2015,strict,,1,3,3,30m,126720,3855256,3855256,3855256,['MEASURED_M21B_LZW_GEOTIFF'],2999468.1750562866,3769339.6724706152,3996073.741881227,['EXTRAPOLATED_PILOT19_MEASURED_FACTORS_V1_GRIDS']
pilot_20_cell,observed_plan,sentinel1,anchor_2020_ASC,s1_actual_footprint,ASC,1,1,1,10m,1135134,10117320,10117320,10117320,['MEASURED_M21B_LZW_GEOTIFF'],7835624.119852941,9941756.392387327,10341831.917589776,['EXTRAPOLATED_PILOT19_MEASURED_FACTORS_V1_GRIDS']
pilot_20_cell,observed_plan,sentinel2,anchor_2020,strict,,1,2,2,10m,1135134,12662749,8923597,15166528,['MEASURED_M21B_LZW_GEOTIFF'],10963863.873529412,13723734.654531864,15173845.302227726,['EXTRAPOLATED_PILOT19_MEASURED_FACTORS_V1_GRIDS']
pilot_20_cell,observed_plan,sentinel1,anchor_2021_ASC,s1_actual_footprint,ASC,1,1,1,10m,1135134,10117320,10117320,10117320,['MEASURED_M21B_LZW_GEOTIFF'],7835624.119852941,9941756.392387327,10341831.917589776,['EXTRAPOLATED_PILOT19_MEASURED_FACTORS_V1_GRIDS']
pilot_20_cell,observed_plan,sentinel2,anchor_2021,strict,,1,2,2,10m,1135134,12662749,8923597,15166528,['MEASURED_M21B_LZW_GEOTIFF'],10963863.873529412,13723734.654531864,15173845.302227726,['EXTRAPOLATED_PILOT19_MEASURED_FACTORS_V1_GRIDS']
pilot_20_cell,observed_plan,landsat8,anchor_2021,strict,,1,3,3,30m,126720,3855256,3855256,3855256,['MEASURED_M21B_LZW_GEOTIFF'],2999468.1750562866,3769339.6724706152,3996073.741881227,['EXTRAPOLATED_PILOT19_MEASURED_FACTORS_V1_GRIDS']
pilot_20_cell,observed_plan,landsat5,anchor_1990,strict,,1,3,3,30m,140250,3661504,3661504,3661504,"['ESTIMATE_FLOAT32_LZW_RATIO_BORROWED_FROM_L8_TODO_MEASURE_AT_PHASE_D', 'MEASURED_M21B_LZW_GEOTIFF']",1110150.328125,2311108.1835865458,3334317.067045899,['EXTRAPOLATED_PILOT19_MEASURED_FACTORS_V1_GRIDS']
pilot_20_cell,observed_plan,landsat5,anchor_2000,strict,,1,3,3,30m,140250,3661504,3661504,3661504,"['ESTIMATE_FLOAT32_LZW_RATIO_BORROWED_FROM_L8_TODO_MEASURE_AT_PHASE_D', 'MEASURED_M21B_LZW_GEOTIFF']",1110150.328125,2311108.1835865458,3334317.067045899,['EXTRAPOLATED_PILOT19_MEASURED_FACTORS_V1_GRIDS']
pilot_20_cell,observed_plan,landsat8,anchor_2015,strict,,1,3,3,30m,140250,4266885,4266885,4266885,['MEASURED_M21B_LZW_GEOTIFF'],3319723.891663859,4171795.2104166965,4422737.865363337,['EXTRAPOLATED_PILOT19_MEASURED_FACTORS_V1_GRIDS']
pilot_20_cell,observed_plan,sentinel1,anchor_2015_ASC,s1_actual_footprint,ASC,1,1,1,10m,1256640,11200289,11200289,11200289,['MEASURED_M21B_LZW_GEOTIFF'],8674358.0,11005933.002561469,11448833.054881642,['EXTRAPOLATED_PILOT19_MEASURED_FACTORS_V1_GRIDS']
pilot_20_cell,observed_plan,landsat8,anchor_2020,strict,,1,3,3,30m,140250,4266885,4266885,4266885,['MEASURED_M21B_LZW_GEOTIFF'],3319723.891663859,4171795.2104166965,4422737.865363337,['EXTRAPOLATED_PILOT19_MEASURED_FACTORS_V1_GRIDS']
pilot_20_cell,observed_plan,sentinel1,anchor_2020_ASC,s1_actual_footprint,ASC,1,1,1,10m,1256640,11200289,11200289,11200289,['MEASURED_M21B_LZW_GEOTIFF'],8674358.0,11005933.002561469,11448833.054881642,['EXTRAPOLATED_PILOT19_MEASURED_FACTORS_V1_GRIDS']
pilot_20_cell,observed_plan,sentinel2,anchor_2020,strict,,1,2,2,10m,1256640,14018183,9878789,16789970,['MEASURED_M21B_LZW_GEOTIFF'],12137448.0,15192738.40469136,16798070.501448683,['EXTRAPOLATED_PILOT19_MEASURED_FACTORS_V1_GRIDS']
pilot_20_cell,observed_plan,sentinel1,anchor_2021_ASC,s1_actual_footprint,ASC,1,1,1,10m,1256640,11200289,11200289,11200289,['MEASURED_M21B_LZW_GEOTIFF'],8674358.0,11005933.002561469,11448833.054881642,['EXTRAPOLATED_PILOT19_MEASURED_FACTORS_V1_GRIDS']
pilot_20_cell,observed_plan,sentinel2,anchor_2021,strict,,1,2,2,10m,1256640,14018183,9878789,16789970,['MEASURED_M21B_LZW_GEOTIFF'],12137448.0,15192738.40469136,16798070.501448683,['EXTRAPOLATED_PILOT19_MEASURED_FACTORS_V1_GRIDS']
pilot_20_cell,observed_plan,landsat8,anchor_2021,strict,,1,3,3,30m,140250,4266885,4266885,4266885,['MEASURED_M21B_LZW_GEOTIFF'],3319723.891663859,4171795.2104166965,4422737.865363337,['EXTRAPOLATED_PILOT19_MEASURED_FACTORS_V1_GRIDS']
pilot_20_cell,observed_plan,landsat5,anchor_2000,strict,,1,3,3,30m,150890,3939282,3939282,3939282,"['ESTIMATE_FLOAT32_LZW_RATIO_BORROWED_FROM_L8_TODO_MEASURE_AT_PHASE_D', 'MEASURED_M21B_LZW_GEOTIFF']",1194371.3583656417,2486439.3142343946,3587273.4563034275,['EXTRAPOLATED_PILOT19_MEASURED_FACTORS_V1_GRIDS']
pilot_20_cell,observed_plan,landsat8,anchor_2015,strict,,1,3,3,30m,150890,4590590,4590590,4590590,['MEASURED_M21B_LZW_GEOTIFF'],3571573.1765644182,4488286.483420858,4758266.784347052,['EXTRAPOLATED_PILOT19_MEASURED_FACTORS_V1_GRIDS']
pilot_20_cell,observed_plan,sentinel1,anchor_2015_DESC,s1_actual_footprint,DESC,1,1,1,10m,1353352,12062272,12062272,12062272,['MEASURED_M21B_LZW_GEOTIFF'],9341943.395098038,11852958.238542914,12329944.226262238,['EXTRAPOLATED_PILOT19_MEASURED_FACTORS_V1_GRIDS']
pilot_20_cell,observed_plan,sentinel2,anchor_2015,strict,,1,2,2,10m,1353352,15097033,10639069,18082139,['MEASURED_M21B_LZW_GEOTIFF'],13071555.51764706,16361983.468189666,18090863.18219743,['EXTRAPOLATED_PILOT19_MEASURED_FACTORS_V1_GRIDS']
pilot_20_cell,observed_plan,landsat8,anchor_2020,strict,,1,3,3,30m,150890,4590590,4590590,4590590,['MEASURED_M21B_LZW_GEOTIFF'],3571573.1765644182,4488286.483420858,4758266.784347052,['EXTRAPOLATED_PILOT19_MEASURED_FACTORS_V1_GRIDS']
pilot_20_cell,observed_plan,sentinel1,anchor_2020_ASC,s1_actual_footprint,ASC,1,1,1,10m,1353352,12062272,12062272,12062272,['MEASURED_M21B_LZW_GEOTIFF'],9341943.395098038,11852958.238542914,12329944.226262238,['EXTRAPOLATED_PILOT19_MEASURED_FACTORS_V1_GRIDS']
pilot_20_cell,observed_plan,sentinel1,anchor_2020_DESC,s1_actual_footprint,DESC,1,1,1,10m,1353352,12062272,12062272,12062272,['MEASURED_M21B_LZW_GEOTIFF'],9341943.395098038,11852958.238542914,12329944.226262238,['EXTRAPOLATED_PILOT19_MEASURED_FACTORS_V1_GRIDS']
pilot_20_cell,observed_plan,sentinel2,anchor_2020,strict,,1,2,2,10m,1353352,15097033,10639069,18082139,['MEASURED_M21B_LZW_GEOTIFF'],13071555.51764706,16361983.468189666,18090863.18219743,['EXTRAPOLATED_PILOT19_MEASURED_FACTORS_V1_GRIDS']
pilot_20_cell,observed_plan,sentinel1,anchor_2021_ASC,s1_actual_footprint,ASC,1,1,1,10m,1353352,12062272,12062272,12062272,['MEASURED_M21B_LZW_GEOTIFF'],9341943.395098038,11852958.238542914,12329944.226262238,['EXTRAPOLATED_PILOT19_MEASURED_FACTORS_V1_GRIDS']
pilot_20_cell,observed_plan,sentinel1,anchor_2021_DESC,s1_actual_footprint,DESC,1,1,1,10m,1353352,12062272,12062272,12062272,['MEASURED_M21B_LZW_GEOTIFF'],9341943.395098038,11852958.238542914,12329944.226262238,['EXTRAPOLATED_PILOT19_MEASURED_FACTORS_V1_GRIDS']
pilot_20_cell,observed_plan,sentinel2,anchor_2021,strict,,1,2,2,10m,1353352,15097033,10639069,18082139,['MEASURED_M21B_LZW_GEOTIFF'],13071555.51764706,16361983.468189666,18090863.18219743,['EXTRAPOLATED_PILOT19_MEASURED_FACTORS_V1_GRIDS']
pilot_20_cell,observed_plan,landsat8,anchor_2021,strict,,1,3,3,30m,150890,4590590,4590590,4590590,['MEASURED_M21B_LZW_GEOTIFF'],3571573.1765644182,4488286.483420858,4758266.784347052,['EXTRAPOLATED_PILOT19_MEASURED_FACTORS_V1_GRIDS']
pilot_20_cell,observed_plan,landsat7,anchor_2000,strict,,1,3,3,30m,139875,3651714,3651714,3651714,"['ESTIMATE_FLOAT32_LZW_RATIO_BORROWED_FROM_L8_TODO_MEASURE_AT_PHASE_D', 'MEASURED_M21B_LZW_GEOTIFF']",3083278.5369587718,3160053.788047697,3236829.039136622,['EXTRAPOLATED_PILOT19_MEASURED_FACTORS_V1_GRIDS']
pilot_20_cell,observed_plan,landsat8,anchor_2015,strict,,1,3,3,30m,139875,4255476,4255476,4255476,['MEASURED_M21B_LZW_GEOTIFF'],3310847.6245738487,4160640.677768524,4410912.363049531,['EXTRAPOLATED_PILOT19_MEASURED_FACTORS_V1_GRIDS']
pilot_20_cell,observed_plan,sentinel1,anchor_2015_ASC,s1_actual_footprint,ASC,1,1,1,10m,1253274,11170288,11170288,11170288,['MEASURED_M21B_LZW_GEOTIFF'],8651123.112499999,10976452.824876036,11418166.537770351,['EXTRAPOLATED_PILOT19_MEASURED_FACTORS_V1_GRIDS']
pilot_20_cell,observed_plan,landsat8,anchor_2020,strict,,1,3,3,30m,139875,4255476,4255476,4255476,['MEASURED_M21B_LZW_GEOTIFF'],3310847.6245738487,4160640.677768524,4410912.363049531,['EXTRAPOLATED_PILOT19_MEASURED_FACTORS_V1_GRIDS']
pilot_20_cell,observed_plan,sentinel1,anchor_2020_ASC,s1_actual_footprint,ASC,1,1,1,10m,1253274,11170288,11170288,11170288,['MEASURED_M21B_LZW_GEOTIFF'],8651123.112499999,10976452.824876036,11418166.537770351,['EXTRAPOLATED_PILOT19_MEASURED_FACTORS_V1_GRIDS']
pilot_20_cell,observed_plan,sentinel2,anchor_2020,strict,,1,2,2,10m,1253274,13980634,9852328,16744997,['MEASURED_M21B_LZW_GEOTIFF'],12104936.97857143,15152043.569678795,16753075.669748373,['EXTRAPOLATED_PILOT19_MEASURED_FACTORS_V1_GRIDS']
pilot_20_cell,observed_plan,sentinel1,anchor_2021_ASC,s1_actual_footprint,ASC,1,1,1,10m,1253274,11170288,11170288,11170288,['MEASURED_M21B_LZW_GEOTIFF'],8651123.112499999,10976452.824876036,11418166.537770351,['EXTRAPOLATED_PILOT19_MEASURED_FACTORS_V1_GRIDS']
pilot_20_cell,observed_plan,sentinel2,anchor_2021,strict,,1,2,2,10m,1253274,13980634,9852328,16744997,['MEASURED_M21B_LZW_GEOTIFF'],12104936.97857143,15152043.569678795,16753075.669748373,['EXTRAPOLATED_PILOT19_MEASURED_FACTORS_V1_GRIDS']
pilot_20_cell,observed_plan,landsat8,anchor_2021,strict,,1,3,3,30m,139875,4255476,4255476,4255476,['MEASURED_M21B_LZW_GEOTIFF'],3310847.6245738487,4160640.677768524,4410912.363049531,['EXTRAPOLATED_PILOT19_MEASURED_FACTORS_V1_GRIDS']
pilot_20_cell,observed_plan,landsat5,anchor_1990,strict,,1,3,3,30m,151668,3959594,3959594,3959594,"['ESTIMATE_FLOAT32_LZW_RATIO_BORROWED_FROM_L8_TODO_MEASURE_AT_PHASE_D', 'MEASURED_M21B_LZW_GEOTIFF']",1200529.6254264705,2499259.5792385326,3605769.7035630476,['EXTRAPOLATED_PILOT19_MEASURED_FACTORS_V1_GRIDS']
pilot_20_cell,observed_plan,landsat5,anchor_2000,strict,,1,3,3,30m,151668,3959594,3959594,3959594,"['ESTIMATE_FLOAT32_LZW_RATIO_BORROWED_FROM_L8_TODO_MEASURE_AT_PHASE_D', 'MEASURED_M21B_LZW_GEOTIFF']",1200529.6254264705,2499259.5792385326,3605769.7035630476,['EXTRAPOLATED_PILOT19_MEASURED_FACTORS_V1_GRIDS']
pilot_20_cell,observed_plan,landsat8,anchor_2015,strict,,1,3,3,30m,151668,4614260,4614260,4614260,['MEASURED_M21B_LZW_GEOTIFF'],3589988.4720204934,4511428.420488268,4782800.759814094,['EXTRAPOLATED_PILOT19_MEASURED_FACTORS_V1_GRIDS']
pilot_20_cell,observed_plan,landsat8,anchor_2020,strict,,1,3,3,30m,151668,4614260,4614260,4614260,['MEASURED_M21B_LZW_GEOTIFF'],3589988.4720204934,4511428.420488268,4782800.759814094,['EXTRAPOLATED_PILOT19_MEASURED_FACTORS_V1_GRIDS']
pilot_20_cell,observed_plan,sentinel1,anchor_2020_ASC,s1_actual_footprint,ASC,1,1,1,10m,1359156,12114002,12114002,12114002,['MEASURED_M21B_LZW_GEOTIFF'],9382007.354411764,11903790.963226886,12382822.558203394,['EXTRAPOLATED_PILOT19_MEASURED_FACTORS_V1_GRIDS']
pilot_20_cell,observed_plan,sentinel1,anchor_2020_DESC,s1_actual_footprint,DESC,1,1,1,10m,1359156,12114002,12114002,12114002,['MEASURED_M21B_LZW_GEOTIFF'],9382007.354411764,11903790.963226886,12382822.558203394,['EXTRAPOLATED_PILOT19_MEASURED_FACTORS_V1_GRIDS']
pilot_20_cell,observed_plan,sentinel2,anchor_2020,strict,,1,2,2,10m,1359156,15161779,10684695,18159686,['MEASURED_M21B_LZW_GEOTIFF'],13127614.331779985,16432153.64715964,18168447.853376452,['EXTRAPOLATED_PILOT19_MEASURED_FACTORS_V1_GRIDS']
pilot_20_cell,observed_plan,sentinel1,anchor_2021_ASC,s1_actual_footprint,ASC,1,1,1,10m,1359156,12114002,12114002,12114002,['MEASURED_M21B_LZW_GEOTIFF'],9382007.354411764,11903790.963226886,12382822.558203394,['EXTRAPOLATED_PILOT19_MEASURED_FACTORS_V1_GRIDS']
pilot_20_cell,observed_plan,sentinel1,anchor_2021_DESC,s1_actual_footprint,DESC,1,1,1,10m,1359156,12114002,12114002,12114002,['MEASURED_M21B_LZW_GEOTIFF'],9382007.354411764,11903790.963226886,12382822.558203394,['EXTRAPOLATED_PILOT19_MEASURED_FACTORS_V1_GRIDS']
pilot_20_cell,observed_plan,sentinel2,anchor_2021,strict,,1,2,2,10m,1359156,15161779,10684695,18159686,['MEASURED_M21B_LZW_GEOTIFF'],13127614.331779985,16432153.64715964,18168447.853376452,['EXTRAPOLATED_PILOT19_MEASURED_FACTORS_V1_GRIDS']
pilot_20_cell,observed_plan,landsat8,anchor_2021,strict,,1,3,3,30m,151668,4614260,4614260,4614260,['MEASURED_M21B_LZW_GEOTIFF'],3589988.4720204934,4511428.420488268,4782800.759814094,['EXTRAPOLATED_PILOT19_MEASURED_FACTORS_V1_GRIDS']
national_minimal_anchors,national_3016,landsat5,anchor_1990_L5,strict,,2203,6609,6609,30m,309068428,8068843733,8068843733,8068843733,"['ESTIMATE_FLOAT32_LZW_RATIO_BORROWED_FROM_L8_TODO_MEASURE_AT_PHASE_D', 'MEASURED_M21B_LZW_GEOTIFF']",2446434344.080413,5092980914.360278,7347822704.922971,['EXTRAPOLATED_PILOT19_MEASURED_FACTORS_V1_GRIDS']
national_minimal_anchors,national_3016,landsat5,anchor_1990_L5,near_full_only,,26,78,78,30m,3545827,92570840,92570840,92570840,"['ESTIMATE_FLOAT32_LZW_RATIO_BORROWED_FROM_L8_TODO_MEASURE_AT_PHASE_D', 'MEASURED_M21B_LZW_GEOTIFF']",28067030.356680814,58429873.77741269,84298834.10261789,['EXTRAPOLATED_PILOT19_MEASURED_FACTORS_V1_GRIDS']
national_minimal_anchors,national_3016,landsat5,anchor_2000_L5_preferred,strict,,2157,6471,6471,30m,301376002,7868017710,7868017710,7868017710,"['ESTIMATE_FLOAT32_LZW_RATIO_BORROWED_FROM_L8_TODO_MEASURE_AT_PHASE_D', 'MEASURED_M21B_LZW_GEOTIFF']",2385544866.3764753,4966221351.577862,7164942225.074218,['EXTRAPOLATED_PILOT19_MEASURED_FACTORS_V1_GRIDS']
national_minimal_anchors,national_3016,landsat5,anchor_2000_L5_preferred,near_full_only,,19,57,57,30m,2602092,67932768,67932768,67932768,"['ESTIMATE_FLOAT32_LZW_RATIO_BORROWED_FROM_L8_TODO_MEASURE_AT_PHASE_D', 'MEASURED_M21B_LZW_GEOTIFF']",20596886.18617781,42878546.279109314,61862386.920667365,['EXTRAPOLATED_PILOT19_MEASURED_FACTORS_V1_GRIDS']
national_minimal_anchors,national_3016,landsat7,anchor_2000_L7_fallback_fill,strict,,834,2502,2502,30m,118428150,3091801522,3091801522,3091801522,"['ESTIMATE_FLOAT32_LZW_RATIO_BORROWED_FROM_L8_TODO_MEASURE_AT_PHASE_D', 'MEASURED_M21B_LZW_GEOTIFF']",2610523489.3064094,2675526892.0034375,2740530294.7004666,['EXTRAPOLATED_PILOT19_MEASURED_FACTORS_V1_GRIDS']
national_minimal_anchors,national_3016,landsat7,anchor_2000_L7_fallback_fill,near_full_only,,2,6,6,30m,275148,7183284,7183284,7183284,"['ESTIMATE_FLOAT32_LZW_RATIO_BORROWED_FROM_L8_TODO_MEASURE_AT_PHASE_D', 'MEASURED_M21B_LZW_GEOTIFF']",6065114.7302029105,6216139.264870403,6367163.799537897,['EXTRAPOLATED_PILOT19_MEASURED_FACTORS_V1_GRIDS']
national_minimal_anchors,national_3016,landsat8,anchor_2015_t8,strict,,2644,7932,7932,30m,369415412,11238881752,11238881752,11238881752,['MEASURED_M21B_LZW_GEOTIFF'],8744079637.541874,10988416730.379398,11649394158.29731,['EXTRAPOLATED_PILOT19_MEASURED_FACTORS_V1_GRIDS']
national_minimal_anchors,national_3016,landsat8,anchor_2015_t8,near_full_only,,19,57,57,30m,2553967,77700421,77700421,77700421,['MEASURED_M21B_LZW_GEOTIFF'],60452515.28285968,75968822.09028378,80538513.7810225,['EXTRAPOLATED_PILOT19_MEASURED_FACTORS_V1_GRIDS']
national_minimal_anchors,national_3016,landsat8,anchor_2020_t8,strict,,1624,4872,4872,30m,237010492,7210670717,7210670717,7210670717,['MEASURED_M21B_LZW_GEOTIFF'],5610049147.004677,7049976722.596112,7474048324.112616,['EXTRAPOLATED_PILOT19_MEASURED_FACTORS_V1_GRIDS']
national_minimal_anchors,national_3016,landsat8,anchor_2020_t8,near_full_only,,11,33,33,30m,1622879,49373536,49373536,49373536,['MEASURED_M21B_LZW_GEOTIFF'],38413619.89005028,48273218.10542487,51176958.31873788,['EXTRAPOLATED_PILOT19_MEASURED_FACTORS_V1_GRIDS']
national_minimal_anchors,national_3016,landsat8,anchor_2021_t8,strict,,2795,8385,8385,30m,392675714,11946539785,11946539785,11946539785,['MEASURED_M21B_LZW_GEOTIFF'],9294652045.93201,11680304191.887035,12382900171.95283,['EXTRAPOLATED_PILOT19_MEASURED_FACTORS_V1_GRIDS']
national_minimal_anchors,national_3016,landsat8,anchor_2021_t8,near_full_only,,16,48,48,30m,2160109,65717912,65717912,65717912,['MEASURED_M21B_LZW_GEOTIFF'],51129878.47342693,64253350.30429947,68118330.60686013,['EXTRAPOLATED_PILOT19_MEASURED_FACTORS_V1_GRIDS']
national_minimal_anchors,national_3016,sentinel2,anchor_2015_S2,strict_datatake_union,,287,574,574,10m,364927366,4070870451,2868793394,4875795376,['MEASURED_M21B_LZW_GEOTIFF'],3524706303.0000386,4411960472.65013,4878147776.591519,['EXTRAPOLATED_PILOT19_MEASURED_FACTORS_V1_GRIDS']
national_minimal_anchors,national_3016,sentinel1,anchor_2015_S1,actual_footprint,ASC,2038,2038,2038,10m,2516254227,22427087072,22427087072,22427087072,['MEASURED_M21B_LZW_GEOTIFF'],17369246549.537865,22037914947.617535,22924763312.13653,['EXTRAPOLATED_PILOT19_MEASURED_FACTORS_V1_GRIDS']
national_minimal_anchors,national_3016,sentinel1,anchor_2015_S1,actual_footprint,DESC,414,414,414,10m,540598320,4818291198,4818291198,4818291198,['MEASURED_M21B_LZW_GEOTIFF'],3731652153.2647057,4734680490.209834,4925213199.82611,['EXTRAPOLATED_PILOT19_MEASURED_FACTORS_V1_GRIDS']
national_minimal_anchors,national_3016,sentinel2,anchor_2020_S2,strict_datatake_union,,2959,5918,5918,10m,3725343175,41557281977,29285937110,49774318729,['MEASURED_M21B_LZW_GEOTIFF'],35981791975.99742,45039282790.20033,49798333091.21202,['EXTRAPOLATED_PILOT19_MEASURED_FACTORS_V1_GRIDS']
national_minimal_anchors,national_3016,sentinel1,anchor_2020_S1,actual_footprint,ASC,2977,2977,2977,10m,3751600933,33437591433,33437591433,33437591433,['MEASURED_M21B_LZW_GEOTIFF'],25896620803.074875,32857356538.821854,34179600180.206905,['EXTRAPOLATED_PILOT19_MEASURED_FACTORS_V1_GRIDS']
national_minimal_anchors,national_3016,sentinel1,anchor_2020_S1,actual_footprint,DESC,1508,1508,1508,10m,1874042426,16703126502,16703126502,16703126502,['MEASURED_M21B_LZW_GEOTIFF'],12936174966.826225,16413280959.15597,17073783162.273508,['EXTRAPOLATED_PILOT19_MEASURED_FACTORS_V1_GRIDS']
national_minimal_anchors,national_3016,sentinel2,anchor_2021_S2,strict_datatake_union,,2991,5982,5982,10m,3765800934,42008599995,29603986570,50314874941,['MEASURED_M21B_LZW_GEOTIFF'],36372559376.413635,45528415834.61007,50339150101.662605,['EXTRAPOLATED_PILOT19_MEASURED_FACTORS_V1_GRIDS']
national_minimal_anchors,national_3016,sentinel1,anchor_2021_S1,actual_footprint,ASC,2977,2977,2977,10m,3751600933,33437591433,33437591433,33437591433,['MEASURED_M21B_LZW_GEOTIFF'],25896620803.074875,32857356538.821854,34179600180.206905,['EXTRAPOLATED_PILOT19_MEASURED_FACTORS_V1_GRIDS']
national_minimal_anchors,national_3016,sentinel1,anchor_2021_S1,actual_footprint,DESC,959,959,959,10m,1263575187,11262101594,11262101594,11262101594,['MEASURED_M21B_LZW_GEOTIFF'],8722230338.008455,11066672914.932741,11512017258.923677,['EXTRAPOLATED_PILOT19_MEASURED_FACTORS_V1_GRIDS']
national_standard_annual,core_series,landsat5,annual_1984,strict,,1318,3954,3954,30m,195943908,5115503982,5115503982,5115503982,"['ESTIMATE_FLOAT32_LZW_RATIO_BORROWED_FROM_L8_TODO_MEASURE_AT_PHASE_D', 'MEASURED_M21B_LZW_GEOTIFF']",1550996033.941496,3228859674.172757,4658389423.373058,['EXTRAPOLATED_PILOT19_MEASURED_FACTORS_V1_GRIDS']
national_standard_annual,core_series,landsat5,annual_1984,near_full_only,,9,27,27,30m,1321571,34502230,34502230,34502230,"['ESTIMATE_FLOAT32_LZW_RATIO_BORROWED_FROM_L8_TODO_MEASURE_AT_PHASE_D', 'MEASURED_M21B_LZW_GEOTIFF']",10460908.943247661,21777494.141109835,31419156.79581402,['EXTRAPOLATED_PILOT19_MEASURED_FACTORS_V1_GRIDS']
national_standard_annual,core_series,landsat5,annual_1985,strict,,780,2340,2340,30m,115277283,3009541895,3009541895,3009541895,"['ESTIMATE_FLOAT32_LZW_RATIO_BORROWED_FROM_L8_TODO_MEASURE_AT_PHASE_D', 'MEASURED_M21B_LZW_GEOTIFF']",912478527.970114,1899595523.1580904,2740613277.35886,['EXTRAPOLATED_PILOT19_MEASURED_FACTORS_V1_GRIDS']
national_standard_annual,core_series,landsat5,annual_1985,near_full_only,,5,15,15,30m,730517,19071594,19071594,19071594,"['ESTIMATE_FLOAT32_LZW_RATIO_BORROWED_FROM_L8_TODO_MEASURE_AT_PHASE_D', 'MEASURED_M21B_LZW_GEOTIFF']",5782414.882359291,12037816.87664237,17367381.82436484,['EXTRAPOLATED_PILOT19_MEASURED_FACTORS_V1_GRIDS']
national_standard_annual,core_series,landsat5,annual_1986,strict,,1450,4350,4350,30m,209964706,5481544696,5481544696,5481544696,"['ESTIMATE_FLOAT32_LZW_RATIO_BORROWED_FROM_L8_TODO_MEASURE_AT_PHASE_D', 'MEASURED_M21B_LZW_GEOTIFF']",1661977805.7794592,3459901249.917598,4991721231.32317,['EXTRAPOLATED_PILOT19_MEASURED_FACTORS_V1_GRIDS']
national_standard_annual,core_series,landsat5,annual_1986,near_full_only,,22,66,66,30m,3059988,79887050,79887050,79887050,"['ESTIMATE_FLOAT32_LZW_RATIO_BORROWED_FROM_L8_TODO_MEASURE_AT_PHASE_D', 'MEASURED_M21B_LZW_GEOTIFF']",24221366.718421124,50423980.809102505,72748450.71911335,['EXTRAPOLATED_PILOT19_MEASURED_FACTORS_V1_GRIDS']
national_standard_annual,core_series,landsat5,annual_1987,strict,,2308,6924,6924,30m,330055549,8616754113,8616754113,8616754113,"['ESTIMATE_FLOAT32_LZW_RATIO_BORROWED_FROM_L8_TODO_MEASURE_AT_PHASE_D', 'MEASURED_M21B_LZW_GEOTIFF']",2612558117.802688,5438816972.064528,7846772549.760457,['EXTRAPOLATED_PILOT19_MEASURED_FACTORS_V1_GRIDS']
national_standard_annual,core_series,landsat5,annual_1987,near_full_only,,20,60,60,30m,2677155,69892436,69892436,69892436,"['ESTIMATE_FLOAT32_LZW_RATIO_BORROWED_FROM_L8_TODO_MEASURE_AT_PHASE_D', 'MEASURED_M21B_LZW_GEOTIFF']",21191048.14040274,44115471.1531525,63646941.94386641,['EXTRAPOLATED_PILOT19_MEASURED_FACTORS_V1_GRIDS']
national_standard_annual,core_series,landsat5,annual_1988,strict,,2428,7284,7284,30m,345417224,9017801078,9017801078,9017801078,"['ESTIMATE_FLOAT32_LZW_RATIO_BORROWED_FROM_L8_TODO_MEASURE_AT_PHASE_D', 'MEASURED_M21B_LZW_GEOTIFF']",2734153615.4269276,5691954175.673062,8211982497.217942,['EXTRAPOLATED_PILOT19_MEASURED_FACTORS_V1_GRIDS']
national_standard_annual,core_series,landsat5,annual_1988,near_full_only,,24,72,72,30m,3166125,82657967,82657967,82657967,"['ESTIMATE_FLOAT32_LZW_RATIO_BORROWED_FROM_L8_TODO_MEASURE_AT_PHASE_D', 'MEASURED_M21B_LZW_GEOTIFF']",25061495.241602607,52172958.272783965,75271762.0242474,['EXTRAPOLATED_PILOT19_MEASURED_FACTORS_V1_GRIDS']
national_standard_annual,core_series,landsat5,annual_1989,strict,,2571,7713,7713,30m,362967389,9475982911,9475982911,9475982911,"['ESTIMATE_FLOAT32_LZW_RATIO_BORROWED_FROM_L8_TODO_MEASURE_AT_PHASE_D', 'MEASURED_M21B_LZW_GEOTIFF']",2873072128.3210306,5981154389.254482,8629221817.638416,['EXTRAPOLATED_PILOT19_MEASURED_FACTORS_V1_GRIDS']
national_standard_annual,core_series,landsat5,annual_1989,near_full_only,,23,69,69,30m,3063492,79978529,79978529,79978529,"['ESTIMATE_FLOAT32_LZW_RATIO_BORROWED_FROM_L8_TODO_MEASURE_AT_PHASE_D', 'MEASURED_M21B_LZW_GEOTIFF']",24249102.666725937,50481721.43709029,72831755.15407184,['EXTRAPOLATED_PILOT19_MEASURED_FACTORS_V1_GRIDS']
national_standard_annual,core_series,landsat5,annual_1990,strict,,2203,6609,6609,30m,309068428,8068843733,8068843733,8068843733,"['ESTIMATE_FLOAT32_LZW_RATIO_BORROWED_FROM_L8_TODO_MEASURE_AT_PHASE_D', 'MEASURED_M21B_LZW_GEOTIFF']",2446434344.080413,5092980914.360278,7347822704.922971,['EXTRAPOLATED_PILOT19_MEASURED_FACTORS_V1_GRIDS']
national_standard_annual,core_series,landsat5,annual_1990,near_full_only,,26,78,78,30m,3545827,92570840,92570840,92570840,"['ESTIMATE_FLOAT32_LZW_RATIO_BORROWED_FROM_L8_TODO_MEASURE_AT_PHASE_D', 'MEASURED_M21B_LZW_GEOTIFF']",28067030.356680814,58429873.77741269,84298834.10261789,['EXTRAPOLATED_PILOT19_MEASURED_FACTORS_V1_GRIDS']
national_standard_annual,core_series,landsat5,annual_1991,strict,,2706,8118,8118,30m,379224097,9900396486,9900396486,9900396486,"['ESTIMATE_FLOAT32_LZW_RATIO_BORROWED_FROM_L8_TODO_MEASURE_AT_PHASE_D', 'MEASURED_M21B_LZW_GEOTIFF']",3001752268.9301734,6249040384.954852,9015710366.218678,['EXTRAPOLATED_PILOT19_MEASURED_FACTORS_V1_GRIDS']
national_standard_annual,core_series,landsat5,annual_1991,near_full_only,,20,60,60,30m,2683449,70056753,70056753,70056753,"['ESTIMATE_FLOAT32_LZW_RATIO_BORROWED_FROM_L8_TODO_MEASURE_AT_PHASE_D', 'MEASURED_M21B_LZW_GEOTIFF']",21240868.36261464,44219186.76746618,63796576.108714804,['EXTRAPOLATED_PILOT19_MEASURED_FACTORS_V1_GRIDS']
national_standard_annual,core_series,landsat5,annual_1992,strict,,2852,8556,8556,30m,400327809,10451350705,10451350705,10451350705,"['ESTIMATE_FLOAT32_LZW_RATIO_BORROWED_FROM_L8_TODO_MEASURE_AT_PHASE_D', 'MEASURED_M21B_LZW_GEOTIFF']",3168798919.9209433,6596797686.254342,9517432056.768562,['EXTRAPOLATED_PILOT19_MEASURED_FACTORS_V1_GRIDS']
national_standard_annual,core_series,landsat5,annual_1992,near_full_only,,22,66,66,30m,2973181,77620781,77620781,77620781,"['ESTIMATE_FLOAT32_LZW_RATIO_BORROWED_FROM_L8_TODO_MEASURE_AT_PHASE_D', 'MEASURED_M21B_LZW_GEOTIFF']",23534245.010517046,48993532.55175778,70684692.70386162,['EXTRAPOLATED_PILOT19_MEASURED_FACTORS_V1_GRIDS']
national_standard_annual,core_series,landsat5,annual_1993,strict,,1510,4530,4530,30m,213498467,5573800529,5573800529,5573800529,"['ESTIMATE_FLOAT32_LZW_RATIO_BORROWED_FROM_L8_TODO_MEASURE_AT_PHASE_D', 'MEASURED_M21B_LZW_GEOTIFF']",1689949327.5881248,3518132294.238018,5075733207.174586,['EXTRAPOLATED_PILOT19_MEASURED_FACTORS_V1_GRIDS']
national_standard_annual,core_series,landsat5,annual_1993,near_full_only,,20,60,60,30m,2739391,71517230,71517230,71517230,"['ESTIMATE_FLOAT32_LZW_RATIO_BORROWED_FROM_L8_TODO_MEASURE_AT_PHASE_D', 'MEASURED_M21B_LZW_GEOTIFF']",21683677.843227606,45141026.439524636,65126546.62824907,['EXTRAPOLATED_PILOT19_MEASURED_FACTORS_V1_GRIDS']
national_standard_annual,core_series,landsat5,annual_1994,strict,,2731,8193,8193,30m,381123813,9949992336,9949992336,9949992336,"['ESTIMATE_FLOAT32_LZW_RATIO_BORROWED_FROM_L8_TODO_MEASURE_AT_PHASE_D', 'MEASURED_M21B_LZW_GEOTIFF']",3016789490.6110597,6280344835.536601,9060874398.171192,['EXTRAPOLATED_PILOT19_MEASURED_FACTORS_V1_GRIDS']
national_standard_annual,core_series,landsat5,annual_1994,near_full_only,,25,75,75,30m,3510985,91661220,91661220,91661220,"['ESTIMATE_FLOAT32_LZW_RATIO_BORROWED_FROM_L8_TODO_MEASURE_AT_PHASE_D', 'MEASURED_M21B_LZW_GEOTIFF']",27791238.14468416,57855730.23849987,83470497.02418643,['EXTRAPOLATED_PILOT19_MEASURED_FACTORS_V1_GRIDS']
national_standard_annual,core_series,landsat5,annual_1995,strict,,2216,6648,6648,30m,310747099,8112668766,8112668766,8112668766,"['ESTIMATE_FLOAT32_LZW_RATIO_BORROWED_FROM_L8_TODO_MEASURE_AT_PHASE_D', 'MEASURED_M21B_LZW_GEOTIFF']",2459721881.7735605,5120642877.181308,7387731591.662757,['EXTRAPOLATED_PILOT19_MEASURED_FACTORS_V1_GRIDS']
national_standard_annual,core_series,landsat5,annual_1995,near_full_only,,24,72,72,30m,3216816,83981356,83981356,83981356,"['ESTIMATE_FLOAT32_LZW_RATIO_BORROWED_FROM_L8_TODO_MEASURE_AT_PHASE_D', 'MEASURED_M21B_LZW_GEOTIFF']",25462740.37731016,53008269.39530936,76476894.7618276,['EXTRAPOLATED_PILOT19_MEASURED_FACTORS_V1_GRIDS']
national_standard_annual,core_series,landsat5,annual_1996,strict,,2691,8073,8073,30m,379276884,9901774595,9901774595,9901774595,"['ESTIMATE_FLOAT32_LZW_RATIO_BORROWED_FROM_L8_TODO_MEASURE_AT_PHASE_D', 'MEASURED_M21B_LZW_GEOTIFF']",3002170104.9755974,6249910234.991836,9016965329.463015,['EXTRAPOLATED_PILOT19_MEASURED_FACTORS_V1_GRIDS']
national_standard_annual,core_series,landsat5,annual_1996,near_full_only,,18,54,54,30m,2483536,64837628,64837628,64837628,"['ESTIMATE_FLOAT32_LZW_RATIO_BORROWED_FROM_L8_TODO_MEASURE_AT_PHASE_D', 'MEASURED_M21B_LZW_GEOTIFF']",19658454.93982353,40924922.451563604,59043825.1081847,['EXTRAPOLATED_PILOT19_MEASURED_FACTORS_V1_GRIDS']
national_standard_annual,core_series,landsat5,annual_1997,strict,,2715,8145,8145,30m,381269314,9953790928,9953790928,9953790928,"['ESTIMATE_FLOAT32_LZW_RATIO_BORROWED_FROM_L8_TODO_MEASURE_AT_PHASE_D', 'MEASURED_M21B_LZW_GEOTIFF']",3017941205.28409,6282742472.26972,9064333553.020193,['EXTRAPOLATED_PILOT19_MEASURED_FACTORS_V1_GRIDS']
national_standard_annual,core_series,landsat5,annual_1997,near_full_only,,23,69,69,30m,3193141,83363273,83363273,83363273,"['ESTIMATE_FLOAT32_LZW_RATIO_BORROWED_FROM_L8_TODO_MEASURE_AT_PHASE_D', 'MEASURED_M21B_LZW_GEOTIFF']",25275340.669514373,52618141.151128165,75914043.02163287,['EXTRAPOLATED_PILOT19_MEASURED_FACTORS_V1_GRIDS']
national_standard_annual,core_series,landsat5,annual_1998,strict,,2802,8406,8406,30m,393505487,10273240471,10273240471,10273240471,"['ESTIMATE_FLOAT32_LZW_RATIO_BORROWED_FROM_L8_TODO_MEASURE_AT_PHASE_D', 'MEASURED_M21B_LZW_GEOTIFF']",3114796759.4441204,6484376123.293468,9355237513.585085,['EXTRAPOLATED_PILOT19_MEASURED_FACTORS_V1_GRIDS']
national_standard_annual,core_series,landsat5,annual_1998,near_full_only,,19,57,57,30m,2576343,67260539,67260539,67260539,"['ESTIMATE_FLOAT32_LZW_RATIO_BORROWED_FROM_L8_TODO_MEASURE_AT_PHASE_D', 'MEASURED_M21B_LZW_GEOTIFF']",20393069.709893383,42454241.647243574,61250227.7038448,['EXTRAPOLATED_PILOT19_MEASURED_FACTORS_V1_GRIDS']
national_standard_annual,core_series,landsat5,annual_1999,strict,,2536,7608,7608,30m,360317660,9406806485,9406806485,9406806485,"['ESTIMATE_FLOAT32_LZW_RATIO_BORROWED_FROM_L8_TODO_MEASURE_AT_PHASE_D', 'MEASURED_M21B_LZW_GEOTIFF']",2852098170.9677873,5937490857.1604595,8566226904.071597,['EXTRAPOLATED_PILOT19_MEASURED_FACTORS_V1_GRIDS']
national_standard_annual,core_series,landsat5,annual_1999,near_full_only,,18,54,54,30m,2393949,62498782,62498782,62498782,"['ESTIMATE_FLOAT32_LZW_RATIO_BORROWED_FROM_L8_TODO_MEASURE_AT_PHASE_D', 'MEASURED_M21B_LZW_GEOTIFF']",18949328.113115977,39448663.992790215,56913975.10401043,['EXTRAPOLATED_PILOT19_MEASURED_FACTORS_V1_GRIDS']
national_standard_annual,core_series,landsat5,annual_2000,strict,,2157,6471,6471,30m,301376002,7868017710,7868017710,7868017710,"['ESTIMATE_FLOAT32_LZW_RATIO_BORROWED_FROM_L8_TODO_MEASURE_AT_PHASE_D', 'MEASURED_M21B_LZW_GEOTIFF']",2385544866.3764753,4966221351.577862,7164942225.074218,['EXTRAPOLATED_PILOT19_MEASURED_FACTORS_V1_GRIDS']
national_standard_annual,core_series,landsat5,annual_2000,near_full_only,,19,57,57,30m,2602092,67932768,67932768,67932768,"['ESTIMATE_FLOAT32_LZW_RATIO_BORROWED_FROM_L8_TODO_MEASURE_AT_PHASE_D', 'MEASURED_M21B_LZW_GEOTIFF']",20596886.18617781,42878546.279109314,61862386.920667365,['EXTRAPOLATED_PILOT19_MEASURED_FACTORS_V1_GRIDS']
national_standard_annual,core_series,landsat5,annual_2001,strict,,2938,8814,8814,30m,412654189,10773155279,10773155279,10773155279,"['ESTIMATE_FLOAT32_LZW_RATIO_BORROWED_FROM_L8_TODO_MEASURE_AT_PHASE_D', 'MEASURED_M21B_LZW_GEOTIFF']",3266368508.524105,6799917812.400493,9810480607.277605,['EXTRAPOLATED_PILOT19_MEASURED_FACTORS_V1_GRIDS']
national_standard_annual,core_series,landsat5,annual_2001,near_full_only,,18,54,54,30m,2405653,62804338,62804338,62804338,"['ESTIMATE_FLOAT32_LZW_RATIO_BORROWED_FROM_L8_TODO_MEASURE_AT_PHASE_D', 'MEASURED_M21B_LZW_GEOTIFF']",19041971.246380683,39641528.23650285,57192227.132193714,['EXTRAPOLATED_PILOT19_MEASURED_FACTORS_V1_GRIDS']
national_standard_annual,core_series,landsat5,annual_2002,strict,,2569,7707,7707,30m,365380103,9538971591,9538971591,9538971591,"['ESTIMATE_FLOAT32_LZW_RATIO_BORROWED_FROM_L8_TODO_MEASURE_AT_PHASE_D', 'MEASURED_M21B_LZW_GEOTIFF']",2892169990.9860697,6020912272.106915,8686581913.667654,['EXTRAPOLATED_PILOT19_MEASURED_FACTORS_V1_GRIDS']
national_standard_annual,core_series,landsat5,annual_2002,near_full_only,,16,48,48,30m,2113749,55183606,55183606,55183606,"['ESTIMATE_FLOAT32_LZW_RATIO_BORROWED_FROM_L8_TODO_MEASURE_AT_PHASE_D', 'MEASURED_M21B_LZW_GEOTIFF']",16731402.109974265,34831391.172533885,50252473.198939055,['EXTRAPOLATED_PILOT19_MEASURED_FACTORS_V1_GRIDS']
national_standard_annual,core_series,landsat5,annual_2003,strict,,2557,7671,7671,30m,365263818,9535935740,9535935740,9535935740,"['ESTIMATE_FLOAT32_LZW_RATIO_BORROWED_FROM_L8_TODO_MEASURE_AT_PHASE_D', 'MEASURED_M21B_LZW_GEOTIFF']",2891249535.863745,6018996070.92953,8683817342.828856,['EXTRAPOLATED_PILOT19_MEASURED_FACTORS_V1_GRIDS']
national_standard_annual,core_series,landsat5,annual_2003,near_full_only,,20,60,60,30m,2632327,68722112,68722112,68722112,"['ESTIMATE_FLOAT32_LZW_RATIO_BORROWED_FROM_L8_TODO_MEASURE_AT_PHASE_D', 'MEASURED_M21B_LZW_GEOTIFF']",20836211.64194151,43376773.415870376,62581196.73544193,['EXTRAPOLATED_PILOT19_MEASURED_FACTORS_V1_GRIDS']
national_standard_annual,core_series,landsat5,annual_2004,strict,,2708,8124,8124,30m,377060966,9843923665,9843923665,9843923665,"['ESTIMATE_FLOAT32_LZW_RATIO_BORROWED_FROM_L8_TODO_MEASURE_AT_PHASE_D', 'MEASURED_M21B_LZW_GEOTIFF']",2984629983.087554,6213395253.002839,8964283880.574785,['EXTRAPOLATED_PILOT19_MEASURED_FACTORS_V1_GRIDS']
national_standard_annual,core_series,landsat5,annual_2004,near_full_only,,20,60,60,30m,2762959,72132520,72132520,72132520,"['ESTIMATE_FLOAT32_LZW_RATIO_BORROWED_FROM_L8_TODO_MEASURE_AT_PHASE_D', 'MEASURED_M21B_LZW_GEOTIFF']",21870230.591414772,45529391.48530551,65686854.54009319,['EXTRAPOLATED_PILOT19_MEASURED_FACTORS_V1_GRIDS']
national_standard_annual,core_series,landsat5,annual_2005,strict,,2872,8616,8616,30m,402770319,10515117268,10515117268,10515117268,"['ESTIMATE_FLOAT32_LZW_RATIO_BORROWED_FROM_L8_TODO_MEASURE_AT_PHASE_D', 'MEASURED_M21B_LZW_GEOTIFF']",3188132633.132698,6637046562.186549,9575500525.78411,['EXTRAPOLATED_PILOT19_MEASURED_FACTORS_V1_GRIDS']
national_standard_annual,core_series,landsat5,annual_2005,near_full_only,,19,57,57,30m,2564531,66952163,66952163,66952163,"['ESTIMATE_FLOAT32_LZW_RATIO_BORROWED_FROM_L8_TODO_MEASURE_AT_PHASE_D', 'MEASURED_M21B_LZW_GEOTIFF']",20299571.70150969,42259597.72664091,60969408.073214166,['EXTRAPOLATED_PILOT19_MEASURED_FACTORS_V1_GRIDS']
national_standard_annual,core_series,landsat5,annual_2006,strict,,2846,8538,8538,30m,400946865,10467512388,10467512388,10467512388,"['ESTIMATE_FLOAT32_LZW_RATIO_BORROWED_FROM_L8_TODO_MEASURE_AT_PHASE_D', 'MEASURED_M21B_LZW_GEOTIFF']",3173699064.1029596,6606998794.188021,9532149553.996778,['EXTRAPOLATED_PILOT19_MEASURED_FACTORS_V1_GRIDS']
national_standard_annual,core_series,landsat5,annual_2006,near_full_only,,19,57,57,30m,2524829,65915664,65915664,65915664,"['ESTIMATE_FLOAT32_LZW_RATIO_BORROWED_FROM_L8_TODO_MEASURE_AT_PHASE_D', 'MEASURED_M21B_LZW_GEOTIFF']",19985310.109158758,41605368.72767653,60025528.884651914,['EXTRAPOLATED_PILOT19_MEASURED_FACTORS_V1_GRIDS']
national_standard_annual,core_series,landsat5,annual_2007,strict,,1141,3423,3423,30m,169203887,4417402748,4417402748,4417402748,"['ESTIMATE_FLOAT32_LZW_RATIO_BORROWED_FROM_L8_TODO_MEASURE_AT_PHASE_D', 'MEASURED_M21B_LZW_GEOTIFF']",1339335120.6636393,2788224512.943694,4022669577.430344,['EXTRAPOLATED_PILOT19_MEASURED_FACTORS_V1_GRIDS']
national_standard_annual,core_series,landsat5,annual_2007,near_full_only,,13,39,39,30m,1868374,48777605,48777605,48777605,"['ESTIMATE_FLOAT32_LZW_RATIO_BORROWED_FROM_L8_TODO_MEASURE_AT_PHASE_D', 'MEASURED_M21B_LZW_GEOTIFF']",14789133.755153075,30787981.756865088,44418904.21265465,['EXTRAPOLATED_PILOT19_MEASURED_FACTORS_V1_GRIDS']
national_standard_annual,core_series,landsat5,annual_2008,strict,,2499,7497,7497,30m,349619924,9127520889,9127520889,9127520889,"['ESTIMATE_FLOAT32_LZW_RATIO_BORROWED_FROM_L8_TODO_MEASURE_AT_PHASE_D', 'MEASURED_M21B_LZW_GEOTIFF']",2767420130.8209453,5761208324.42999,8311897893.564992,['EXTRAPOLATED_PILOT19_MEASURED_FACTORS_V1_GRIDS']
national_standard_annual,core_series,landsat5,annual_2008,near_full_only,,24,72,72,30m,3264975,85238642,85238642,85238642,"['ESTIMATE_FLOAT32_LZW_RATIO_BORROWED_FROM_L8_TODO_MEASURE_AT_PHASE_D', 'MEASURED_M21B_LZW_GEOTIFF']",25843943.440783758,53801856.98185726,77621831.48647547,['EXTRAPOLATED_PILOT19_MEASURED_FACTORS_V1_GRIDS']
national_standard_annual,core_series,landsat5,annual_2009,strict,,2693,8079,8079,30m,375276340,9797332467,9797332467,9797332467,"['ESTIMATE_FLOAT32_LZW_RATIO_BORROWED_FROM_L8_TODO_MEASURE_AT_PHASE_D', 'MEASURED_M21B_LZW_GEOTIFF']",2970503757.494111,6183987311.803258,8921856009.41547,['EXTRAPOLATED_PILOT19_MEASURED_FACTORS_V1_GRIDS']
national_standard_annual,core_series,landsat5,annual_2009,near_full_only,,24,72,72,30m,3371110,88009506,88009506,88009506,"['ESTIMATE_FLOAT32_LZW_RATIO_BORROWED_FROM_L8_TODO_MEASURE_AT_PHASE_D', 'MEASURED_M21B_LZW_GEOTIFF']",26684056.132944517,55550801.48855928,80145095.24341606,['EXTRAPOLATED_PILOT19_MEASURED_FACTORS_V1_GRIDS']
national_standard_annual,core_series,landsat5,annual_2010,strict,,2274,6822,6822,30m,324946884,8483382290,8483382290,8483382290,"['ESTIMATE_FLOAT32_LZW_RATIO_BORROWED_FROM_L8_TODO_MEASURE_AT_PHASE_D', 'MEASURED_M21B_LZW_GEOTIFF']",2572120427.0645013,5354633888.3661175,7725318653.865127,['EXTRAPOLATED_PILOT19_MEASURED_FACTORS_V1_GRIDS']
national_standard_annual,core_series,landsat5,annual_2010,near_full_only,,24,72,72,30m,3262784,85181442,85181442,85181442,"['ESTIMATE_FLOAT32_LZW_RATIO_BORROWED_FROM_L8_TODO_MEASURE_AT_PHASE_D', 'MEASURED_M21B_LZW_GEOTIFF']",25826600.55758289,53765752.610875174,77569742.44052967,['EXTRAPOLATED_PILOT19_MEASURED_FACTORS_V1_GRIDS']
national_standard_annual,core_series,landsat5,annual_2011,strict,,1963,5889,5889,30m,272266552,7108057837,7108057837,7108057837,"['ESTIMATE_FLOAT32_LZW_RATIO_BORROWED_FROM_L8_TODO_MEASURE_AT_PHASE_D', 'MEASURED_M21B_LZW_GEOTIFF']",2155128713.2995534,4486541578.9240055,6472891344.879428,['EXTRAPOLATED_PILOT19_MEASURED_FACTORS_V1_GRIDS']
national_standard_annual,core_series,landsat5,annual_2011,near_full_only,,23,69,69,30m,3193835,83381391,83381391,83381391,"['ESTIMATE_FLOAT32_LZW_RATIO_BORROWED_FROM_L8_TODO_MEASURE_AT_PHASE_D', 'MEASURED_M21B_LZW_GEOTIFF']",25280834.03370488,52629577.22299561,75930542.24476677,['EXTRAPOLATED_PILOT19_MEASURED_FACTORS_V1_GRIDS']
national_standard_annual,core_series,landsat7,annual_1999,strict,,2147,6441,6441,30m,304670825,7954035593,7954035593,7954035593,"['ESTIMATE_FLOAT32_LZW_RATIO_BORROWED_FROM_L8_TODO_MEASURE_AT_PHASE_D', 'MEASURED_M21B_LZW_GEOTIFF']",6715889298.016243,6883118460.402981,7050347622.78972,['EXTRAPOLATED_PILOT19_MEASURED_FACTORS_V1_GRIDS']
national_standard_annual,core_series,landsat7,annual_1999,near_full_only,,27,81,81,30m,3653524,95382483,95382483,95382483,"['ESTIMATE_FLOAT32_LZW_RATIO_BORROWED_FROM_L8_TODO_MEASURE_AT_PHASE_D', 'MEASURED_M21B_LZW_GEOTIFF']",80534992.91126907,82540356.43197979,84545719.95269054,['EXTRAPOLATED_PILOT19_MEASURED_FACTORS_V1_GRIDS']
national_standard_annual,core_series,landsat7,annual_2000,strict,,2775,8325,8325,30m,392132578,10237397961,10237397961,10237397961,"['ESTIMATE_FLOAT32_LZW_RATIO_BORROWED_FROM_L8_TODO_MEASURE_AT_PHASE_D', 'MEASURED_M21B_LZW_GEOTIFF']",8643817418.33574,8859053001.078169,9074288583.8206,['EXTRAPOLATED_PILOT19_MEASURED_FACTORS_V1_GRIDS']
national_standard_annual,core_series,landsat7,annual_2000,near_full_only,,24,72,72,30m,3185041,83151806,83151806,83151806,"['ESTIMATE_FLOAT32_LZW_RATIO_BORROWED_FROM_L8_TODO_MEASURE_AT_PHASE_D', 'MEASURED_M21B_LZW_GEOTIFF']",70208175.54697911,71956395.9044663,73704616.2619535,['EXTRAPOLATED_PILOT19_MEASURED_FACTORS_V1_GRIDS']
national_standard_annual,core_series,landsat7,annual_2001,strict,,2659,7977,7977,30m,371044592,9686854300,9686854300,9686854300,"['ESTIMATE_FLOAT32_LZW_RATIO_BORROWED_FROM_L8_TODO_MEASURE_AT_PHASE_D', 'MEASURED_M21B_LZW_GEOTIFF']",8178972845.527967,8382633554.846914,8586294264.165863,['EXTRAPOLATED_PILOT19_MEASURED_FACTORS_V1_GRIDS']
national_standard_annual,core_series,landsat7,annual_2001,near_full_only,,20,60,60,30m,2664444,69560590,69560590,69560590,"['ESTIMATE_FLOAT32_LZW_RATIO_BORROWED_FROM_L8_TODO_MEASURE_AT_PHASE_D', 'MEASURED_M21B_LZW_GEOTIFF']",58732604.09743398,60195076.713072084,61657549.3287102,['EXTRAPOLATED_PILOT19_MEASURED_FACTORS_V1_GRIDS']
national_standard_annual,core_series,landsat7,annual_2002,strict,,2736,8208,8208,30m,386250718,10083840350,10083840350,10083840350,"['ESTIMATE_FLOAT32_LZW_RATIO_BORROWED_FROM_L8_TODO_MEASURE_AT_PHASE_D', 'MEASURED_M21B_LZW_GEOTIFF']",8514162993.346311,8726170112.972603,8938177232.598896,['EXTRAPOLATED_PILOT19_MEASURED_FACTORS_V1_GRIDS']
national_standard_annual,core_series,landsat7,annual_2002,near_full_only,,23,69,69,30m,3049405,79610760,79610760,79610760,"['ESTIMATE_FLOAT32_LZW_RATIO_BORROWED_FROM_L8_TODO_MEASURE_AT_PHASE_D', 'MEASURED_M21B_LZW_GEOTIFF']",67218337.70863102,68892109.537384,70565881.366137,['EXTRAPOLATED_PILOT19_MEASURED_FACTORS_V1_GRIDS']
national_standard_annual,core_series,landsat7,annual_2003,strict,,2780,8340,8340,30m,390998599,10207793192,10207793192,10207793192,"['ESTIMATE_FLOAT32_LZW_RATIO_BORROWED_FROM_L8_TODO_MEASURE_AT_PHASE_D', 'MEASURED_M21B_LZW_GEOTIFF']",8618821006.453259,8833434165.442663,9048047324.432068,['EXTRAPOLATED_PILOT19_MEASURED_FACTORS_V1_GRIDS']
national_standard_annual,core_series,landsat7,annual_2003,near_full_only,,20,60,60,30m,2680468,69978928,69978928,69978928,"['ESTIMATE_FLOAT32_LZW_RATIO_BORROWED_FROM_L8_TODO_MEASURE_AT_PHASE_D', 'MEASURED_M21B_LZW_GEOTIFF']",59085822.72318002,60557090.66767209,62028358.61216417,['EXTRAPOLATED_PILOT19_MEASURED_FACTORS_V1_GRIDS']
national_standard_annual,core_series,landsat7,annual_2004,strict,,2957,8871,8871,30m,415596589,10849972462,10849972462,10849972462,"['ESTIMATE_FLOAT32_LZW_RATIO_BORROWED_FROM_L8_TODO_MEASURE_AT_PHASE_D', 'MEASURED_M21B_LZW_GEOTIFF']",9161036946.53781,9389151566.53549,9617266186.533175,['EXTRAPOLATED_PILOT19_MEASURED_FACTORS_V1_GRIDS']
national_standard_annual,core_series,landsat7,annual_2004,near_full_only,,16,48,48,30m,2159707,56383431,56383431,56383431,"['ESTIMATE_FLOAT32_LZW_RATIO_BORROWED_FROM_L8_TODO_MEASURE_AT_PHASE_D', 'MEASURED_M21B_LZW_GEOTIFF']",47606636.20532346,48792066.39087133,49977496.57641921,['EXTRAPOLATED_PILOT19_MEASURED_FACTORS_V1_GRIDS']
national_standard_annual,core_series,landsat7,annual_2005,strict,,2715,8145,8145,30m,381416946,9957645154,9957645154,9957645154,"['ESTIMATE_FLOAT32_LZW_RATIO_BORROWED_FROM_L8_TODO_MEASURE_AT_PHASE_D', 'MEASURED_M21B_LZW_GEOTIFF']",8407611676.383649,8616965612.388803,8826319548.393959,['EXTRAPOLATED_PILOT19_MEASURED_FACTORS_V1_GRIDS']
national_standard_annual,core_series,landsat7,annual_2005,near_full_only,,24,72,72,30m,3264351,85222351,85222351,85222351,"['ESTIMATE_FLOAT32_LZW_RATIO_BORROWED_FROM_L8_TODO_MEASURE_AT_PHASE_D', 'MEASURED_M21B_LZW_GEOTIFF']",71956413.76514676,73748166.17027551,75539918.57540427,['EXTRAPOLATED_PILOT19_MEASURED_FACTORS_V1_GRIDS']
national_standard_annual,core_series,landsat7,annual_2006,strict,,2683,8049,8049,30m,378189845,9873395288,9873395288,9873395288,"['ESTIMATE_FLOAT32_LZW_RATIO_BORROWED_FROM_L8_TODO_MEASURE_AT_PHASE_D', 'MEASURED_M21B_LZW_GEOTIFF']",8336476368.073385,8544058997.629464,8751641627.185545,['EXTRAPOLATED_PILOT19_MEASURED_FACTORS_V1_GRIDS']
national_standard_annual,core_series,landsat7,annual_2006,near_full_only,,16,48,48,30m,2184955,57042580,57042580,57042580,"['ESTIMATE_FLOAT32_LZW_RATIO_BORROWED_FROM_L8_TODO_MEASURE_AT_PHASE_D', 'MEASURED_M21B_LZW_GEOTIFF']",48163180.38048796,49362468.80760504,50561757.23472214,['EXTRAPOLATED_PILOT19_MEASURED_FACTORS_V1_GRIDS']
national_standard_annual,core_series,landsat7,annual_2007,strict,,2512,7536,7536,30m,353203318,9221072490,9221072490,9221072490,"['ESTIMATE_FLOAT32_LZW_RATIO_BORROWED_FROM_L8_TODO_MEASURE_AT_PHASE_D', 'MEASURED_M21B_LZW_GEOTIFF']",7785695868.253968,7979563774.776875,8173431681.299781,['EXTRAPOLATED_PILOT19_MEASURED_FACTORS_V1_GRIDS']
national_standard_annual,core_series,landsat7,annual_2007,near_full_only,,24,72,72,30m,3261505,85148051,85148051,85148051,"['ESTIMATE_FLOAT32_LZW_RATIO_BORROWED_FROM_L8_TODO_MEASURE_AT_PHASE_D', 'MEASURED_M21B_LZW_GEOTIFF']",71893679.10408379,73683869.38328153,75474059.66247928,['EXTRAPOLATED_PILOT19_MEASURED_FACTORS_V1_GRIDS']
national_standard_annual,core_series,landsat7,annual_2008,strict,,2323,6969,6969,30m,326036404,8511826369,8511826369,8511826369,"['ESTIMATE_FLOAT32_LZW_RATIO_BORROWED_FROM_L8_TODO_MEASURE_AT_PHASE_D', 'MEASURED_M21B_LZW_GEOTIFF']",7186852880.932398,7365809283.300442,7544765685.668487,['EXTRAPOLATED_PILOT19_MEASURED_FACTORS_V1_GRIDS']
national_standard_annual,core_series,landsat7,annual_2008,near_full_only,,19,57,57,30m,2572584,67162403,67162403,67162403,"['ESTIMATE_FLOAT32_LZW_RATIO_BORROWED_FROM_L8_TODO_MEASURE_AT_PHASE_D', 'MEASURED_M21B_LZW_GEOTIFF']",56707724.98104411,58119777.0457258,59531829.110407494,['EXTRAPOLATED_PILOT19_MEASURED_FACTORS_V1_GRIDS']
national_standard_annual,core_series,landsat7,annual_2009,strict,,2745,8235,8235,30m,387307236,10111422846,10111422846,10111422846,"['ESTIMATE_FLOAT32_LZW_RATIO_BORROWED_FROM_L8_TODO_MEASURE_AT_PHASE_D', 'MEASURED_M21B_LZW_GEOTIFF']",8537451924.701525,8750038950.92106,8962625977.140596,['EXTRAPOLATED_PILOT19_MEASURED_FACTORS_V1_GRIDS']
national_standard_annual,core_series,landsat7,annual_2009,near_full_only,,19,57,57,30m,2532597,66118463,66118463,66118463,"['ESTIMATE_FLOAT32_LZW_RATIO_BORROWED_FROM_L8_TODO_MEASURE_AT_PHASE_D', 'MEASURED_M21B_LZW_GEOTIFF']",55826287.562939584,57216391.37407137,58606495.185203165,['EXTRAPOLATED_PILOT19_MEASURED_FACTORS_V1_GRIDS']
national_standard_annual,core_series,landsat7,annual_2010,strict,,2618,7854,7854,30m,372234661,9717923410,9717923410,9717923410,"['ESTIMATE_FLOAT32_LZW_RATIO_BORROWED_FROM_L8_TODO_MEASURE_AT_PHASE_D', 'MEASURED_M21B_LZW_GEOTIFF']",8205205654.859156,8409519574.875426,8613833494.891699,['EXTRAPOLATED_PILOT19_MEASURED_FACTORS_V1_GRIDS']
national_standard_annual,core_series,landsat7,annual_2010,near_full_only,,19,57,57,30m,2559833,66829513,66829513,66829513,"['ESTIMATE_FLOAT32_LZW_RATIO_BORROWED_FROM_L8_TODO_MEASURE_AT_PHASE_D', 'MEASURED_M21B_LZW_GEOTIFF']",56426653.41983045,57831706.65536729,59236759.89090414,['EXTRAPOLATED_PILOT19_MEASURED_FACTORS_V1_GRIDS']
national_standard_annual,core_series,landsat7,annual_2011,strict,,2549,7647,7647,30m,360121305,9401680249,9401680249,9401680249,"['ESTIMATE_FLOAT32_LZW_RATIO_BORROWED_FROM_L8_TODO_MEASURE_AT_PHASE_D', 'MEASURED_M21B_LZW_GEOTIFF']",7938189743.757524,8135854827.681358,8333519911.605194,['EXTRAPOLATED_PILOT19_MEASURED_FACTORS_V1_GRIDS']
national_standard_annual,core_series,landsat7,annual_2011,near_full_only,,22,66,66,30m,2983142,77880833,77880833,77880833,"['ESTIMATE_FLOAT32_LZW_RATIO_BORROWED_FROM_L8_TODO_MEASURE_AT_PHASE_D', 'MEASURED_M21B_LZW_GEOTIFF']",65757695.809117176,67395096.88925242,69032497.96938768,['EXTRAPOLATED_PILOT19_MEASURED_FACTORS_V1_GRIDS']
national_standard_annual,core_series,landsat7,annual_2012,strict,,2876,8628,8628,30m,405413314,10584117890,10584117890,10584117890,"['ESTIMATE_FLOAT32_LZW_RATIO_BORROWED_FROM_L8_TODO_MEASURE_AT_PHASE_D', 'MEASURED_M21B_LZW_GEOTIFF']",8936566002.884912,9159091178.77155,9381616354.658186,['EXTRAPOLATED_PILOT19_MEASURED_FACTORS_V1_GRIDS']
national_standard_annual,core_series,landsat7,annual_2012,near_full_only,,20,60,60,30m,2662541,69510909,69510909,69510909,"['ESTIMATE_FLOAT32_LZW_RATIO_BORROWED_FROM_L8_TODO_MEASURE_AT_PHASE_D', 'MEASURED_M21B_LZW_GEOTIFF']",58690656.07916172,60152084.167165704,61613512.2551697,['EXTRAPOLATED_PILOT19_MEASURED_FACTORS_V1_GRIDS']
national_standard_annual,core_series,landsat7,annual_2013,strict,,2558,7674,7674,30m,362341737,9459649026,9459649026,9459649026,"['ESTIMATE_FLOAT32_LZW_RATIO_BORROWED_FROM_L8_TODO_MEASURE_AT_PHASE_D', 'MEASURED_M21B_LZW_GEOTIFF']",7987134947.177552,8186018792.311938,8384902637.446325,['EXTRAPOLATED_PILOT19_MEASURED_FACTORS_V1_GRIDS']
national_standard_annual,core_series,landsat7,annual_2013,near_full_only,,20,60,60,30m,2694246,70338630,70338630,70338630,"['ESTIMATE_FLOAT32_LZW_RATIO_BORROWED_FROM_L8_TODO_MEASURE_AT_PHASE_D', 'MEASURED_M21B_LZW_GEOTIFF']",59389532.54753904,60868363.02578985,62347193.504040666,['EXTRAPOLATED_PILOT19_MEASURED_FACTORS_V1_GRIDS']
national_standard_annual,core_series,landsat7,annual_2014,strict,,2761,8283,8283,30m,387460076,10115413037,10115413037,10115413037,"['ESTIMATE_FLOAT32_LZW_RATIO_BORROWED_FROM_L8_TODO_MEASURE_AT_PHASE_D', 'MEASURED_M21B_LZW_GEOTIFF']",8540820992.022982,8753491909.784082,8966162827.545185,['EXTRAPOLATED_PILOT19_MEASURED_FACTORS_V1_GRIDS']
national_standard_annual,core_series,landsat7,annual_2014,near_full_only,,18,54,54,30m,2424410,63294027,63294027,63294027,"['ESTIMATE_FLOAT32_LZW_RATIO_BORROWED_FROM_L8_TODO_MEASURE_AT_PHASE_D', 'MEASURED_M21B_LZW_GEOTIFF']",53441510.76166732,54772232.380916655,56102954.00016599,['EXTRAPOLATED_PILOT19_MEASURED_FACTORS_V1_GRIDS']
national_standard_annual,core_series,landsat7,annual_2015,strict,,2226,6678,6678,30m,309515726,8080521334,8080521334,8080521334,"['ESTIMATE_FLOAT32_LZW_RATIO_BORROWED_FROM_L8_TODO_MEASURE_AT_PHASE_D', 'MEASURED_M21B_LZW_GEOTIFF']",6822685932.632794,6992574387.178788,7162462841.724783,['EXTRAPOLATED_PILOT19_MEASURED_FACTORS_V1_GRIDS']
national_standard_annual,core_series,landsat7,annual_2015,near_full_only,,19,57,57,30m,2585946,67511244,67511244,67511244,"['ESTIMATE_FLOAT32_LZW_RATIO_BORROWED_FROM_L8_TODO_MEASURE_AT_PHASE_D', 'MEASURED_M21B_LZW_GEOTIFF']",57002264.8760278,58421651.13842209,59841037.40081639,['EXTRAPOLATED_PILOT19_MEASURED_FACTORS_V1_GRIDS']
national_standard_annual,core_series,landsat7,annual_2016,strict,,2214,6642,6642,30m,305513324,7976030699,7976030699,7976030699,"['ESTIMATE_FLOAT32_LZW_RATIO_BORROWED_FROM_L8_TODO_MEASURE_AT_PHASE_D', 'MEASURED_M21B_LZW_GEOTIFF']",6734460587.268141,6902152184.487888,7069843781.707636,['EXTRAPOLATED_PILOT19_MEASURED_FACTORS_V1_GRIDS']
national_standard_annual,core_series,landsat7,annual_2016,near_full_only,,22,66,66,30m,2999004,78294942,78294942,78294942,"['ESTIMATE_FLOAT32_LZW_RATIO_BORROWED_FROM_L8_TODO_MEASURE_AT_PHASE_D', 'MEASURED_M21B_LZW_GEOTIFF']",66107343.452750705,67753450.94241427,69399558.43207784,['EXTRAPOLATED_PILOT19_MEASURED_FACTORS_V1_GRIDS']
national_standard_annual,core_series,landsat7,annual_2017,strict,,2605,7815,7815,30m,368093193,9609802181,9609802181,9609802181,"['ESTIMATE_FLOAT32_LZW_RATIO_BORROWED_FROM_L8_TODO_MEASURE_AT_PHASE_D', 'MEASURED_M21B_LZW_GEOTIFF']",8113914863.825007,8315955595.311686,8517996326.798365,['EXTRAPOLATED_PILOT19_MEASURED_FACTORS_V1_GRIDS']
national_standard_annual,core_series,landsat7,annual_2017,near_full_only,,16,48,48,30m,2120801,55367712,55367712,55367712,"['ESTIMATE_FLOAT32_LZW_RATIO_BORROWED_FROM_L8_TODO_MEASURE_AT_PHASE_D', 'MEASURED_M21B_LZW_GEOTIFF']",46749027.37773512,47913102.6541222,49077177.9305093,['EXTRAPOLATED_PILOT19_MEASURED_FACTORS_V1_GRIDS']
national_standard_annual,core_series,landsat7,annual_2018,strict,,2845,8535,8535,30m,399879862,10439656161,10439656161,10439656161,"['ESTIMATE_FLOAT32_LZW_RATIO_BORROWED_FROM_L8_TODO_MEASURE_AT_PHASE_D', 'MEASURED_M21B_LZW_GEOTIFF']",8814591570.092123,9034079518.692335,9253567467.292547,['EXTRAPOLATED_PILOT19_MEASURED_FACTORS_V1_GRIDS']
national_standard_annual,core_series,landsat7,annual_2018,near_full_only,,19,57,57,30m,2559410,66818470,66818470,66818470,"['ESTIMATE_FLOAT32_LZW_RATIO_BORROWED_FROM_L8_TODO_MEASURE_AT_PHASE_D', 'MEASURED_M21B_LZW_GEOTIFF']",56417329.188758895,57822150.24605652,59226971.30335416,['EXTRAPOLATED_PILOT19_MEASURED_FACTORS_V1_GRIDS']
national_standard_annual,core_series,landsat7,annual_2019,strict,,2837,8511,8511,30m,398357687,10399916766,10399916766,10399916766,"['ESTIMATE_FLOAT32_LZW_RATIO_BORROWED_FROM_L8_TODO_MEASURE_AT_PHASE_D', 'MEASURED_M21B_LZW_GEOTIFF']",8781038115.171692,8999690565.163673,9218343015.155655,['EXTRAPOLATED_PILOT19_MEASURED_FACTORS_V1_GRIDS']
national_standard_annual,core_series,landsat7,annual_2019,near_full_only,,19,57,57,30m,2576343,67260539,67260539,67260539,"['ESTIMATE_FLOAT32_LZW_RATIO_BORROWED_FROM_L8_TODO_MEASURE_AT_PHASE_D', 'MEASURED_M21B_LZW_GEOTIFF']",56790584.99191402,58204700.31428181,59618815.6366496,['EXTRAPOLATED_PILOT19_MEASURED_FACTORS_V1_GRIDS']
national_standard_annual,core_series,landsat7,annual_2020,strict,,2641,7923,7923,30m,375065865,9791837600,9791837600,9791837600,"['ESTIMATE_FLOAT32_LZW_RATIO_BORROWED_FROM_L8_TODO_MEASURE_AT_PHASE_D', 'MEASURED_M21B_LZW_GEOTIFF']",8267614166.222529,8473482090.871393,8679350015.520258,['EXTRAPOLATED_PILOT19_MEASURED_FACTORS_V1_GRIDS']
national_standard_annual,core_series,landsat7,annual_2020,near_full_only,,18,54,54,30m,2393599,62489645,62489645,62489645,"['ESTIMATE_FLOAT32_LZW_RATIO_BORROWED_FROM_L8_TODO_MEASURE_AT_PHASE_D', 'MEASURED_M21B_LZW_GEOTIFF']",52762340.82420718,54076150.75615499,55389960.688102804,['EXTRAPOLATED_PILOT19_MEASURED_FACTORS_V1_GRIDS']
national_standard_annual,core_series,landsat7,annual_2021,strict,,2549,7647,7647,30m,362666761,9468134421,9468134421,9468134421,"['ESTIMATE_FLOAT32_LZW_RATIO_BORROWED_FROM_L8_TODO_MEASURE_AT_PHASE_D', 'MEASURED_M21B_LZW_GEOTIFF']",7994299483.536419,8193361729.38008,8392423975.223743,['EXTRAPOLATED_PILOT19_MEASURED_FACTORS_V1_GRIDS']
national_standard_annual,core_series,landsat7,annual_2021,near_full_only,,19,57,57,30m,2536796,66228086,66228086,66228086,"['ESTIMATE_FLOAT32_LZW_RATIO_BORROWED_FROM_L8_TODO_MEASURE_AT_PHASE_D', 'MEASURED_M21B_LZW_GEOTIFF']",55918846.53757186,57311255.11566931,58703663.69376677,['EXTRAPOLATED_PILOT19_MEASURED_FACTORS_V1_GRIDS']
national_standard_annual,core_series,landsat7,annual_2022,strict,,0,0,0,30m,0,0,0,0,"['ESTIMATE_FLOAT32_LZW_RATIO_BORROWED_FROM_L8_TODO_MEASURE_AT_PHASE_D', 'MEASURED_M21B_LZW_GEOTIFF']",0.0,0.0,0.0,['EXTRAPOLATED_PILOT19_MEASURED_FACTORS_V1_GRIDS']
national_standard_annual,core_series,landsat7,annual_2022,near_full_only,,0,0,0,30m,0,0,0,0,"['ESTIMATE_FLOAT32_LZW_RATIO_BORROWED_FROM_L8_TODO_MEASURE_AT_PHASE_D', 'MEASURED_M21B_LZW_GEOTIFF']",0.0,0.0,0.0,['EXTRAPOLATED_PILOT19_MEASURED_FACTORS_V1_GRIDS']
national_standard_annual,core_series,landsat7,annual_2023,strict,,0,0,0,30m,0,0,0,0,"['ESTIMATE_FLOAT32_LZW_RATIO_BORROWED_FROM_L8_TODO_MEASURE_AT_PHASE_D', 'MEASURED_M21B_LZW_GEOTIFF']",0.0,0.0,0.0,['EXTRAPOLATED_PILOT19_MEASURED_FACTORS_V1_GRIDS']
national_standard_annual,core_series,landsat7,annual_2023,near_full_only,,0,0,0,30m,0,0,0,0,"['ESTIMATE_FLOAT32_LZW_RATIO_BORROWED_FROM_L8_TODO_MEASURE_AT_PHASE_D', 'MEASURED_M21B_LZW_GEOTIFF']",0.0,0.0,0.0,['EXTRAPOLATED_PILOT19_MEASURED_FACTORS_V1_GRIDS']
national_standard_annual,core_series,landsat8,annual_2013,strict,,2772,8316,8316,30m,389413613,11847295502,11847295502,11847295502,['MEASURED_M21B_LZW_GEOTIFF'],9217437966.597105,11583271626.270668,12280030884.157183,['EXTRAPOLATED_PILOT19_MEASURED_FACTORS_V1_GRIDS']
national_standard_annual,core_series,landsat8,annual_2013,near_full_only,,18,54,54,30m,2405277,73176762,73176762,73176762,['MEASURED_M21B_LZW_GEOTIFF'],56933016.20655666,71545975.5317322,75849623.27691644,['EXTRAPOLATED_PILOT19_MEASURED_FACTORS_V1_GRIDS']
national_standard_annual,core_series,landsat8,annual_2014,strict,,2896,8688,8688,30m,406627382,12370997297,12370997297,12370997297,['MEASURED_M21B_LZW_GEOTIFF'],9624888663.31641,12095302421.760288,12822861457.860695,['EXTRAPOLATED_PILOT19_MEASURED_FACTORS_V1_GRIDS']
national_standard_annual,core_series,landsat8,annual_2014,near_full_only,,15,45,45,30m,2008795,61114422,61114422,61114422,['MEASURED_M21B_LZW_GEOTIFF'],47548269.197539404,59752451.76263107,63346693.12123027,['EXTRAPOLATED_PILOT19_MEASURED_FACTORS_V1_GRIDS']
national_standard_annual,core_series,landsat8,annual_2015,strict,,2644,7932,7932,30m,369415412,11238881752,11238881752,11238881752,['MEASURED_M21B_LZW_GEOTIFF'],8744079637.541874,10988416730.379398,11649394158.29731,['EXTRAPOLATED_PILOT19_MEASURED_FACTORS_V1_GRIDS']
national_standard_annual,core_series,landsat8,annual_2015,near_full_only,,19,57,57,30m,2553967,77700421,77700421,77700421,['MEASURED_M21B_LZW_GEOTIFF'],60452515.28285968,75968822.09028378,80538513.7810225,['EXTRAPOLATED_PILOT19_MEASURED_FACTORS_V1_GRIDS']
national_standard_annual,core_series,landsat8,annual_2016,strict,,2171,6513,6513,30m,301939082,9186020747,9186020747,9186020747,['MEASURED_M21B_LZW_GEOTIFF'],7146911831.318738,8981304927.809013,9521550167.51833,['EXTRAPOLATED_PILOT19_MEASURED_FACTORS_V1_GRIDS']
national_standard_annual,core_series,landsat8,annual_2016,near_full_only,,27,81,81,30m,3677476,111881412,111881412,111881412,['MEASURED_M21B_LZW_GEOTIFF'],87046024.51494075,109388069.6129936,115968002.52523996,['EXTRAPOLATED_PILOT19_MEASURED_FACTORS_V1_GRIDS']
national_standard_annual,core_series,landsat8,annual_2017,strict,,2854,8562,8562,30m,401189665,12205563327,12205563327,12205563327,['MEASURED_M21B_LZW_GEOTIFF'],9496177654.111372,11933555243.605555,12651384831.286507,['EXTRAPOLATED_PILOT19_MEASURED_FACTORS_V1_GRIDS']
national_standard_annual,core_series,landsat8,annual_2017,near_full_only,,15,45,45,30m,2008441,61103652,61103652,61103652,['MEASURED_M21B_LZW_GEOTIFF'],47539890.00140644,59741921.8838112,63335529.84704604,['EXTRAPOLATED_PILOT19_MEASURED_FACTORS_V1_GRIDS']
national_standard_annual,core_series,landsat8,annual_2018,strict,,2761,8283,8283,30m,388769151,11827688762,11827688762,11827688762,['MEASURED_M21B_LZW_GEOTIFF'],9202183521.686806,11564101833.151981,12259707985.831423,['EXTRAPOLATED_PILOT19_MEASURED_FACTORS_V1_GRIDS']
national_standard_annual,core_series,landsat8,annual_2018,near_full_only,,16,48,48,30m,2208086,67177537,67177537,67177537,['MEASURED_M21B_LZW_GEOTIFF'],52265496.249900065,65680446.33859652,69631269.60555202,['EXTRAPOLATED_PILOT19_MEASURED_FACTORS_V1_GRIDS']
national_standard_annual,core_series,landsat8,annual_2019,strict,,2991,8973,8973,30m,419854309,12773405707,12773405707,12773405707,['MEASURED_M21B_LZW_GEOTIFF'],9937970628.201927,12488742925.910957,13239968273.442133,['EXTRAPOLATED_PILOT19_MEASURED_FACTORS_V1_GRIDS']
national_standard_annual,core_series,landsat8,annual_2019,near_full_only,,15,45,45,30m,2008795,61114422,61114422,61114422,['MEASURED_M21B_LZW_GEOTIFF'],47548269.197539404,59752451.76263107,63346693.12123027,['EXTRAPOLATED_PILOT19_MEASURED_FACTORS_V1_GRIDS']
national_standard_annual,core_series,landsat8,annual_2020,strict,,1624,4872,4872,30m,237010492,7210670717,7210670717,7210670717,['MEASURED_M21B_LZW_GEOTIFF'],5610049147.004677,7049976722.596112,7474048324.112616,['EXTRAPOLATED_PILOT19_MEASURED_FACTORS_V1_GRIDS']
national_standard_annual,core_series,landsat8,annual_2020,near_full_only,,11,33,33,30m,1622879,49373536,49373536,49373536,['MEASURED_M21B_LZW_GEOTIFF'],38413619.89005028,48273218.10542487,51176958.31873788,['EXTRAPOLATED_PILOT19_MEASURED_FACTORS_V1_GRIDS']
national_standard_annual,core_series,landsat8,annual_2021,strict,,2795,8385,8385,30m,392675714,11946539785,11946539785,11946539785,['MEASURED_M21B_LZW_GEOTIFF'],9294652045.93201,11680304191.887035,12382900171.95283,['EXTRAPOLATED_PILOT19_MEASURED_FACTORS_V1_GRIDS']
national_standard_annual,core_series,landsat8,annual_2021,near_full_only,,16,48,48,30m,2160109,65717912,65717912,65717912,['MEASURED_M21B_LZW_GEOTIFF'],51129878.47342693,64253350.30429947,68118330.60686013,['EXTRAPOLATED_PILOT19_MEASURED_FACTORS_V1_GRIDS']
national_standard_annual,core_series,landsat8,annual_2022,strict,,2739,8217,8217,30m,382607342,11640225433,11640225433,11640225433,['MEASURED_M21B_LZW_GEOTIFF'],9056333221.84246,11380816234.0525,12065397354.93348,['EXTRAPOLATED_PILOT19_MEASURED_FACTORS_V1_GRIDS']
national_standard_annual,core_series,landsat8,annual_2022,near_full_only,,21,63,63,30m,2814980,85641330,85641330,85641330,['MEASURED_M21B_LZW_GEOTIFF'],66630704.88809932,83732763.50387731,88769473.34217817,['EXTRAPOLATED_PILOT19_MEASURED_FACTORS_V1_GRIDS']
national_standard_annual,core_series,landsat8,annual_2023,strict,,2747,8241,8241,30m,387302890,11783080081,11783080081,11783080081,['MEASURED_M21B_LZW_GEOTIFF'],9167477056.994364,11520487283.298002,12213469924.90304,['EXTRAPOLATED_PILOT19_MEASURED_FACTORS_V1_GRIDS']
national_standard_annual,core_series,landsat8,annual_2023,near_full_only,,19,57,57,30m,2497199,75973344,75973344,75973344,['MEASURED_M21B_LZW_GEOTIFF'],59108814.135751136,74280234.06529315,78748353.47342218,['EXTRAPOLATED_PILOT19_MEASURED_FACTORS_V1_GRIDS']
national_standard_annual,core_series,landsat8,annual_2024,strict,,2831,8493,8493,30m,396310141,12057111499,12057111499,12057111499,['MEASURED_M21B_LZW_GEOTIFF'],9380679098.655064,11788411750.897438,12497510638.347118,['EXTRAPOLATED_PILOT19_MEASURED_FACTORS_V1_GRIDS']
national_standard_annual,core_series,landsat8,annual_2024,near_full_only,,19,57,57,30m,2576343,78381176,78381176,78381176,['MEASURED_M21B_LZW_GEOTIFF'],60982156.22260921,76634405.61704516,81244133.62041909,['EXTRAPOLATED_PILOT19_MEASURED_FACTORS_V1_GRIDS']
national_standard_annual,core_series,landsat8,annual_2025,strict,,2507,7521,7521,30m,354293874,10778832788,10778832788,10778832788,['MEASURED_M21B_LZW_GEOTIFF'],8386152143.942566,10538620225.548496,11172541404.677841,['EXTRAPOLATED_PILOT19_MEASURED_FACTORS_V1_GRIDS']
national_standard_annual,core_series,landsat8,annual_2025,near_full_only,,19,57,57,30m,2607692,79334920,79334920,79334920,['MEASURED_M21B_LZW_GEOTIFF'],61724188.4812885,77566894.80101202,82232714.0791804,['EXTRAPOLATED_PILOT19_MEASURED_FACTORS_V1_GRIDS']
national_standard_annual,add_on_not_in_pilot_contract,landsat9,annual_2022,strict,,2851,8553,8553,30m,400835120,12194776854,12194776854,12194776854,['MEASURED_M21B_LZW_GEOTIFF'],9487785557.803564,11923009153.531565,12640204370.705578,"['EXTRAPOLATED_L8_FACTOR_LANDSAT9_TODO_VERIFY', 'EXTRAPOLATED_PILOT19_MEASURED_FACTORS_V1_GRIDS']"
national_standard_annual,add_on_not_in_pilot_contract,landsat9,annual_2022,near_full_only,,15,45,45,30m,2005813,61023700,61023700,61023700,['MEASURED_M21B_LZW_GEOTIFF'],47477685.12163965,59663750.9190128,63252656.726830885,"['EXTRAPOLATED_L8_FACTOR_LANDSAT9_TODO_VERIFY', 'EXTRAPOLATED_PILOT19_MEASURED_FACTORS_V1_GRIDS']"
national_standard_annual,add_on_not_in_pilot_contract,landsat9,annual_2023,strict,,2562,7686,7686,30m,364311845,11083613769,11083613769,11083613769,['MEASURED_M21B_LZW_GEOTIFF'],8623277974.065174,10836608984.449697,11488454842.651545,"['EXTRAPOLATED_L8_FACTOR_LANDSAT9_TODO_VERIFY', 'EXTRAPOLATED_PILOT19_MEASURED_FACTORS_V1_GRIDS']"
national_standard_annual,add_on_not_in_pilot_contract,landsat9,annual_2023,near_full_only,,22,66,66,30m,2932153,89206134,89206134,89206134,['MEASURED_M21B_LZW_GEOTIFF'],69404195.13806674,87218123.64783564,92464485.56248632,"['EXTRAPOLATED_L8_FACTOR_LANDSAT9_TODO_VERIFY', 'EXTRAPOLATED_PILOT19_MEASURED_FACTORS_V1_GRIDS']"
national_standard_annual,add_on_not_in_pilot_contract,landsat9,annual_2024,strict,,2590,7770,7770,30m,359885402,10948946216,10948946216,10948946216,['MEASURED_M21B_LZW_GEOTIFF'],8518503866.527289,10704942576.559626,11348868410.815733,"['EXTRAPOLATED_L8_FACTOR_LANDSAT9_TODO_VERIFY', 'EXTRAPOLATED_PILOT19_MEASURED_FACTORS_V1_GRIDS']"
national_standard_annual,add_on_not_in_pilot_contract,landsat9,annual_2024,near_full_only,,20,60,60,30m,2751922,83722890,83722890,83722890,['MEASURED_M21B_LZW_GEOTIFF'],65138119.15433434,81857076.78460133,86780959.94243427,"['EXTRAPOLATED_L8_FACTOR_LANDSAT9_TODO_VERIFY', 'EXTRAPOLATED_PILOT19_MEASURED_FACTORS_V1_GRIDS']"
national_standard_annual,add_on_not_in_pilot_contract,landsat9,annual_2025,strict,,2204,6612,6612,30m,309494601,9415885506,9415885506,9415885506,['MEASURED_M21B_LZW_GEOTIFF'],7325751310.379132,9206047016.767391,9759810987.295671,"['EXTRAPOLATED_L8_FACTOR_LANDSAT9_TODO_VERIFY', 'EXTRAPOLATED_PILOT19_MEASURED_FACTORS_V1_GRIDS']"
national_standard_annual,add_on_not_in_pilot_contract,landsat9,annual_2025,near_full_only,,18,54,54,30m,2442686,74314872,74314872,74314872,['MEASURED_M21B_LZW_GEOTIFF'],57818488.94141052,72658721.96329354,77029303.85306887,"['EXTRAPOLATED_L8_FACTOR_LANDSAT9_TODO_VERIFY', 'EXTRAPOLATED_PILOT19_MEASURED_FACTORS_V1_GRIDS']"
national_standard_annual,core_series,sentinel1,annual_2015,actual_footprint,ASC,2038,2038,2038,10m,2516254227,22427087072,22427087072,22427087072,['MEASURED_M21B_LZW_GEOTIFF'],17369246549.537865,22037914947.617535,22924763312.13653,['EXTRAPOLATED_PILOT19_MEASURED_FACTORS_V1_GRIDS']
national_standard_annual,core_series,sentinel1,annual_2015,actual_footprint,DESC,414,414,414,10m,540598320,4818291198,4818291198,4818291198,['MEASURED_M21B_LZW_GEOTIFF'],3731652153.2647057,4734680490.209834,4925213199.82611,['EXTRAPOLATED_PILOT19_MEASURED_FACTORS_V1_GRIDS']
national_standard_annual,core_series,sentinel1,annual_2016,actual_footprint,ASC,2463,2463,2463,10m,3059842362,27272026150,27272026150,27272026150,['MEASURED_M21B_LZW_GEOTIFF'],21121536853.477203,26798780903.49777,27877215731.468613,['EXTRAPOLATED_PILOT19_MEASURED_FACTORS_V1_GRIDS']
national_standard_annual,core_series,sentinel1,annual_2016,actual_footprint,DESC,1617,1617,1617,10m,2126035126,18949108710,18949108710,18949108710,['MEASURED_M21B_LZW_GEOTIFF'],14675634870.367891,18620289150.312206,19369605635.97232,['EXTRAPOLATED_PILOT19_MEASURED_FACTORS_V1_GRIDS']
national_standard_annual,core_series,sentinel1,annual_2017,actual_footprint,ASC,2975,2975,2975,10m,3749381586,33417810647,33417810647,33417810647,['MEASURED_M21B_LZW_GEOTIFF'],25881301053.262497,32837919003.496357,34159380440.827408,['EXTRAPOLATED_PILOT19_MEASURED_FACTORS_V1_GRIDS']
national_standard_annual,core_series,sentinel1,annual_2017,actual_footprint,DESC,955,955,955,10m,1258459680,11216507663,11216507663,11216507663,['MEASURED_M21B_LZW_GEOTIFF'],8686918921.0,11021870165.285957,11465411559.889685,['EXTRAPOLATED_PILOT19_MEASURED_FACTORS_V1_GRIDS']
national_standard_annual,core_series,sentinel1,annual_2018,actual_footprint,ASC,2975,2975,2975,10m,3749381586,33417810647,33417810647,33417810647,['MEASURED_M21B_LZW_GEOTIFF'],25881301053.262497,32837919003.496357,34159380440.827408,['EXTRAPOLATED_PILOT19_MEASURED_FACTORS_V1_GRIDS']
national_standard_annual,core_series,sentinel1,annual_2018,actual_footprint,DESC,1162,1162,1162,10m,1515227878,13505053341,13505053341,13505053341,['MEASURED_M21B_LZW_GEOTIFF'],10459343221.091421,13270703231.53917,13804742022.635414,['EXTRAPOLATED_PILOT19_MEASURED_FACTORS_V1_GRIDS']
national_standard_annual,core_series,sentinel1,annual_2019,actual_footprint,ASC,2977,2977,2977,10m,3751600933,33437591433,33437591433,33437591433,['MEASURED_M21B_LZW_GEOTIFF'],25896620803.074875,32857356538.821854,34179600180.206905,['EXTRAPOLATED_PILOT19_MEASURED_FACTORS_V1_GRIDS']
national_standard_annual,core_series,sentinel1,annual_2019,actual_footprint,DESC,687,687,687,10m,894269122,7970518738,7970518738,7970518738,['MEASURED_M21B_LZW_GEOTIFF'],6172977553.295833,7832208144.728377,8147391364.204214,['EXTRAPOLATED_PILOT19_MEASURED_FACTORS_V1_GRIDS']
national_standard_annual,core_series,sentinel1,annual_2020,actual_footprint,ASC,2977,2977,2977,10m,3751600933,33437591433,33437591433,33437591433,['MEASURED_M21B_LZW_GEOTIFF'],25896620803.074875,32857356538.821854,34179600180.206905,['EXTRAPOLATED_PILOT19_MEASURED_FACTORS_V1_GRIDS']
national_standard_annual,core_series,sentinel1,annual_2020,actual_footprint,DESC,1508,1508,1508,10m,1874042426,16703126502,16703126502,16703126502,['MEASURED_M21B_LZW_GEOTIFF'],12936174966.826225,16413280959.15597,17073783162.273508,['EXTRAPOLATED_PILOT19_MEASURED_FACTORS_V1_GRIDS']
national_standard_annual,core_series,sentinel1,annual_2021,actual_footprint,ASC,2977,2977,2977,10m,3751600933,33437591433,33437591433,33437591433,['MEASURED_M21B_LZW_GEOTIFF'],25896620803.074875,32857356538.821854,34179600180.206905,['EXTRAPOLATED_PILOT19_MEASURED_FACTORS_V1_GRIDS']
national_standard_annual,core_series,sentinel1,annual_2021,actual_footprint,DESC,959,959,959,10m,1263575187,11262101594,11262101594,11262101594,['MEASURED_M21B_LZW_GEOTIFF'],8722230338.008455,11066672914.932741,11512017258.923677,['EXTRAPOLATED_PILOT19_MEASURED_FACTORS_V1_GRIDS']
national_standard_annual,core_series,sentinel1,annual_2022,actual_footprint,ASC,2975,2975,2975,10m,3749381586,33417810647,33417810647,33417810647,['MEASURED_M21B_LZW_GEOTIFF'],25881301053.262497,32837919003.496357,34159380440.827408,['EXTRAPOLATED_PILOT19_MEASURED_FACTORS_V1_GRIDS']
national_standard_annual,core_series,sentinel1,annual_2022,actual_footprint,DESC,11,11,11,10m,13918709,124055867,124055867,124055867,['MEASURED_M21B_LZW_GEOTIFF'],96078323.7552696,121903153.43785757,126808772.3456826,['EXTRAPOLATED_PILOT19_MEASURED_FACTORS_V1_GRIDS']
national_standard_annual,core_series,sentinel1,annual_2023,actual_footprint,ASC,2975,2975,2975,10m,3749381586,33417810647,33417810647,33417810647,['MEASURED_M21B_LZW_GEOTIFF'],25881301053.262497,32837919003.496357,34159380440.827408,['EXTRAPOLATED_PILOT19_MEASURED_FACTORS_V1_GRIDS']
national_standard_annual,core_series,sentinel1,annual_2023,actual_footprint,DESC,11,11,11,10m,13918709,124055867,124055867,124055867,['MEASURED_M21B_LZW_GEOTIFF'],96078323.7552696,121903153.43785757,126808772.3456826,['EXTRAPOLATED_PILOT19_MEASURED_FACTORS_V1_GRIDS']
national_standard_annual,core_series,sentinel1,annual_2024,actual_footprint,ASC,2975,2975,2975,10m,3749381586,33417810647,33417810647,33417810647,['MEASURED_M21B_LZW_GEOTIFF'],25881301053.262497,32837919003.496357,34159380440.827408,['EXTRAPOLATED_PILOT19_MEASURED_FACTORS_V1_GRIDS']
national_standard_annual,core_series,sentinel1,annual_2024,actual_footprint,DESC,261,261,261,10m,321512631,2865605428,2865605428,2865605428,['MEASURED_M21B_LZW_GEOTIFF'],2219343378.2275734,2815879230.5379963,2929195662.524481,['EXTRAPOLATED_PILOT19_MEASURED_FACTORS_V1_GRIDS']
national_standard_annual,core_series,sentinel1,annual_2025,actual_footprint,ASC,2977,2977,2977,10m,3751600933,33437591433,33437591433,33437591433,['MEASURED_M21B_LZW_GEOTIFF'],25896620803.074875,32857356538.821854,34179600180.206905,['EXTRAPOLATED_PILOT19_MEASURED_FACTORS_V1_GRIDS']
national_standard_annual,core_series,sentinel1,annual_2025,actual_footprint,DESC,979,979,979,10m,1290703986,11503897487,11503897487,11503897487,['MEASURED_M21B_LZW_GEOTIFF'],8909495517.08603,11304272978.780745,11759178809.352154,['EXTRAPOLATED_PILOT19_MEASURED_FACTORS_V1_GRIDS']
national_standard_annual,core_series,sentinel2,annual_2015,strict_datatake_union,,287,574,574,10m,364927366,4070870451,2868793394,4875795376,['MEASURED_M21B_LZW_GEOTIFF'],3524706303.0000386,4411960472.65013,4878147776.591519,['EXTRAPOLATED_PILOT19_MEASURED_FACTORS_V1_GRIDS']
national_standard_annual,core_series,sentinel2,annual_2016,strict_datatake_union,,1755,3510,3510,10m,2200676248,24549180862,17300115230,29403240411,['MEASURED_M21B_LZW_GEOTIFF'],21255565257.3013,26606107197.989628,29417426442.55122,['EXTRAPOLATED_PILOT19_MEASURED_FACTORS_V1_GRIDS']
national_standard_annual,core_series,sentinel2,annual_2017,strict_datatake_union,,2724,5448,5448,10m,3449243413,38477309173,27115441699,46085349174,['MEASURED_M21B_LZW_GEOTIFF'],33315040556.26912,41701245279.327255,46107583737.77015,['EXTRAPOLATED_PILOT19_MEASURED_FACTORS_V1_GRIDS']
national_standard_annual,core_series,sentinel2,annual_2018,strict_datatake_union,,2589,5178,5178,10m,3248970415,36243205881,25541041127,43409501187,['MEASURED_M21B_LZW_GEOTIFF'],31380673435.192993,39279950980.13474,43430444748.130714,['EXTRAPOLATED_PILOT19_MEASURED_FACTORS_V1_GRIDS']
national_standard_annual,core_series,sentinel2,annual_2019,strict_datatake_union,,3014,6028,6028,10m,3793405892,42316541296,29820996661,50683704848,['MEASURED_M21B_LZW_GEOTIFF'],36639186049.3408,45862158915.815895,50708157956.47666,['EXTRAPOLATED_PILOT19_MEASURED_FACTORS_V1_GRIDS']
national_standard_annual,core_series,sentinel2,annual_2020,strict_datatake_union,,2959,5918,5918,10m,3725343175,41557281977,29285937110,49774318729,['MEASURED_M21B_LZW_GEOTIFF'],35981791975.99742,45039282790.20033,49798333091.21202,['EXTRAPOLATED_PILOT19_MEASURED_FACTORS_V1_GRIDS']
national_standard_annual,core_series,sentinel2,annual_2021,strict_datatake_union,,2991,5982,5982,10m,3765800934,42008599995,29603986570,50314874941,['MEASURED_M21B_LZW_GEOTIFF'],36372559376.413635,45528415834.61007,50339150101.662605,['EXTRAPOLATED_PILOT19_MEASURED_FACTORS_V1_GRIDS']
national_standard_annual,core_series,sentinel2,annual_2022,strict_datatake_union,,2892,5784,5784,10m,3657166152,40796747541,28749978967,48863405368,['MEASURED_M21B_LZW_GEOTIFF'],35323293860.819405,44215024708.61004,48886980246.37747,['EXTRAPOLATED_PILOT19_MEASURED_FACTORS_V1_GRIDS']
national_standard_annual,core_series,sentinel2,annual_2023,strict_datatake_union,,2897,5794,5794,10m,3662647164,40857889817,28793066695,48936637182,['MEASURED_M21B_LZW_GEOTIFF'],35376233046.37563,44281289972.73419,48960247392.09565,['EXTRAPOLATED_PILOT19_MEASURED_FACTORS_V1_GRIDS']
national_standard_annual,core_series,sentinel2,annual_2024,strict_datatake_union,,2971,5942,5942,10m,3744156348,41767148370,29433832585,50025681577,['MEASURED_M21B_LZW_GEOTIFF'],36163501860.294044,45266733464.97688,50049817212.686714,['EXTRAPOLATED_PILOT19_MEASURED_FACTORS_V1_GRIDS']
national_standard_annual,core_series,sentinel2,annual_2025,strict_datatake_union,,2834,5668,5668,10m,3589232312,40038925882,28215932553,47955741176,['MEASURED_M21B_LZW_GEOTIFF'],34667144565.52376,43393706701.90473,47978878137.77506,['EXTRAPOLATED_PILOT19_MEASURED_FACTORS_V1_GRIDS']
