product_id,cell_id,sensor,year,priority,variant,status,event_id,event_utc,doy,season_tag,coverage,coverage_tier,coverage_basis,coverage_fraction,cloud_fraction,pass,relative_orbit,platform,scene_ids,product_ids_source,mgrs_tiles,wrs_path,wrs_row,member_scene_count,selection_reason,selection_detail
NP19_R00334-C00163_L5_1990,CNA10K-R00334-C00163,landsat5,1990,PRIMARY,DEFAULT,SELECTED,EVT-L-d6ffa33142a70322,1990-11-11T00:00:00+00:00,315,AUTUMN_PRIMARY_V1_CANDIDATE,FULL_CELL_COVERED,STRICT_FULL,WRS2_NOMINAL_FRAME_FULL,1.0,0.29,,,,LT05_117039_19901111,LT05_L2SP_117039_19901111_20200915_02_T1,,117.0,39.0,1,"predeclared policy: FULL_CELL_COVERED + autumn DOY 260-320 + scene cloud <= 0.30; rank = (cloud asc, |doy-290| asc, event_id asc)","{""coverage_tier"": ""STRICT_FULL"", ""n_autumn_events"": 3, ""n_eligible_after_gates"": 1, ""n_intersecting_events"": 24, ""n_pool_for_tier"": 3, ""selection_rank_of_pool"": ""1 of 1 eligible""}"
NP19_R00334-C00163_L5_2000,CNA10K-R00334-C00163,landsat5,2000,PRIMARY,DEFAULT,SELECTED,EVT-L-92ec34651d709b1d,2000-09-19T00:00:00+00:00,263,AUTUMN_PRIMARY_V1_CANDIDATE,FULL_CELL_COVERED,STRICT_FULL,WRS2_NOMINAL_FRAME_FULL,1.0,0.1,,,,LT05_117039_20000919,LT05_L2SP_117039_20000919_20200906_02_T1,,117.0,39.0,1,"predeclared policy: FULL_CELL_COVERED + autumn DOY 260-320 + scene cloud <= 0.30; rank = (cloud asc, |doy-290| asc, event_id asc)","{""coverage_tier"": ""STRICT_FULL"", ""n_autumn_events"": 4, ""n_eligible_after_gates"": 1, ""n_intersecting_events"": 33, ""n_pool_for_tier"": 4, ""selection_rank_of_pool"": ""1 of 1 eligible""}"
NP19_R00334-C00163_L8_2015,CNA10K-R00334-C00163,landsat8,2015,PRIMARY,DEFAULT,SELECTED,EVT-L-640346c2ef7bc8ff,2015-10-15T00:00:00+00:00,288,AUTUMN_PRIMARY_V1_CANDIDATE,FULL_CELL_COVERED,STRICT_FULL,WRS2_NOMINAL_FRAME_FULL,1.0,0.0623,,,,LC08_117039_20151015,LC08_L2SP_117039_20151015_20200908_02_T1,,117.0,39.0,1,"predeclared policy: FULL_CELL_COVERED + autumn DOY 260-320 + scene cloud <= 0.30; rank = (cloud asc, |doy-290| asc, event_id asc)","{""coverage_tier"": ""STRICT_FULL"", ""n_autumn_events"": 4, ""n_eligible_after_gates"": 2, ""n_intersecting_events"": 31, ""n_pool_for_tier"": 4, ""selection_rank_of_pool"": ""1 of 2 eligible""}"
NP19_R00334-C00163_S1_2015_A,CNA10K-R00334-C00163,sentinel1,2015,SECONDARY,A,SELECTED,EVT-S1-383213887b99e0f2,2015-10-12T09:54:04+00:00,285,AUTUMN_PRIMARY_V1_CANDIDATE,FULL_CELL_COVERED,S1_ACTUAL_FOOTPRINT,,,,ASC,171.0,Sentinel-1A,S1A_IW_GRDH_1SDV_20151012T095404_20151012T095438_008118_00B62B_53AD,S1A_IW_GRDH_1SDV_20151012T095404_20151012T095438_008118_00B62B_53AD,,,,1,"predeclared policy: ASC IW GRD VV+VH, autumn DOY 260-320; rank = (|doy-290| asc, event_id asc); passes never fused","{""coverage_tier"": ""S1_ACTUAL_FOOTPRINT"", ""n_eligible_after_gates"": 4, ""n_intersecting_scenes"": 15, ""selection_rank_of_pool"": ""1 of 4 eligible""}"
,CNA10K-R00334-C00163,sentinel1,2015,SECONDARY,D,NO_ELIGIBLE_EVENT,,,,,,,,,,,,,,,,,,,no DESC IW VV+VH scene in the autumn window DOY 260-320,"{""n_intersecting_scenes"": 15}"
,CNA10K-R00334-C00163,sentinel2,2015,SECONDARY,DEFAULT,NO_ELIGIBLE_EVENT,,,,,,,,,,,,,,,,,,,no event inside the predeclared autumn window DOY 260-320,"{""n_intersecting_events"": 1}"
NP19_R00334-C00163_L8_2020,CNA10K-R00334-C00163,landsat8,2020,PRIMARY,DEFAULT,SELECTED,EVT-L-8dbc1f282827088d,2020-10-12T00:00:00+00:00,286,AUTUMN_PRIMARY_V1_CANDIDATE,FULL_CELL_COVERED,STRICT_FULL,WRS2_NOMINAL_FRAME_FULL,1.0,0.1837,,,,LC08_117039_20201012,LC08_L2SP_117039_20201012_20201105_02_T1,,117.0,39.0,1,"predeclared policy: FULL_CELL_COVERED + autumn DOY 260-320 + scene cloud <= 0.30; rank = (cloud asc, |doy-290| asc, event_id asc)","{""coverage_tier"": ""STRICT_FULL"", ""n_autumn_events"": 4, ""n_eligible_after_gates"": 1, ""n_intersecting_events"": 27, ""n_pool_for_tier"": 4, ""selection_rank_of_pool"": ""1 of 1 eligible""}"
NP19_R00334-C00163_S1_2020_A,CNA10K-R00334-C00163,sentinel1,2020,PRIMARY,A,SELECTED,EVT-S1-21b8aba39c255752,2020-10-15T09:53:58+00:00,289,AUTUMN_PRIMARY_V1_CANDIDATE,FULL_CELL_COVERED,S1_ACTUAL_FOOTPRINT,,,,ASC,171.0,Sentinel-1B,S1B_IW_GRDH_1SDV_20201015T095358_20201015T095427_023822_02D450_3F0A,S1B_IW_GRDH_1SDV_20201015T095358_20201015T095427_023822_02D450_3F0A,,,,1,"predeclared policy: ASC IW GRD VV+VH, autumn DOY 260-320; rank = (|doy-290| asc, event_id asc); passes never fused","{""coverage_tier"": ""S1_ACTUAL_FOOTPRINT"", ""n_eligible_after_gates"": 10, ""n_intersecting_scenes"": 55, ""selection_rank_of_pool"": ""1 of 10 eligible""}"
,CNA10K-R00334-C00163,sentinel1,2020,PRIMARY,D,NO_ELIGIBLE_EVENT,,,,,,,,,,,,,,,,,,,no DESC IW VV+VH scene in the autumn window DOY 260-320,"{""n_intersecting_scenes"": 55}"
NP19_R00334-C00163_S2_2020,CNA10K-R00334-C00163,sentinel2,2020,PRIMARY,DEFAULT,SELECTED,EVT-S2-f0e3f856ddfd1ee1,2020-10-12T02:39:18.050000+00:00,286,AUTUMN_PRIMARY_V1_CANDIDATE,FULL_CELL_COVERED,STRICT_FULL,SAME_DATATAKE_MEMBER_TILE_UNION_COVERS_CELL,,0.16664869,,,Sentinel-2B,20201012T022629_20201012T022632_T51RVP|20201012T022629_20201012T023913_T51RVP,S2B_MSIL2A_20201012T022629_N0214_R046_T51RVP_20201012T050633|S2B_MSIL2A_20201012T022629_N0214_R046_T51RVP_20201012T051112,51RVP,,,2,"predeclared policy: FULL_CELL_COVERED + autumn DOY 260-320 + scene cloud <= 0.30; rank = (cloud asc, |doy-290| asc, event_id asc)","{""coverage_tier"": ""STRICT_FULL"", ""n_autumn_events"": 12, ""n_eligible_after_gates"": 3, ""n_intersecting_events"": 73, ""n_pool_for_tier"": 12, ""selection_rank_of_pool"": ""1 of 3 eligible""}"
NP19_R00334-C00163_S1_2021_A,CNA10K-R00334-C00163,sentinel1,2021,PRIMARY,A,SELECTED,EVT-S1-721d8b16479b63f5,2021-10-16T09:55:04+00:00,289,AUTUMN_PRIMARY_V1_CANDIDATE,FULL_CELL_COVERED,S1_ACTUAL_FOOTPRINT,,,,ASC,171.0,Sentinel-1A,S1A_IW_GRDH_1SDV_20211016T095504_20211016T095529_040143_04C109_88FE,S1A_IW_GRDH_1SDV_20211016T095504_20211016T095529_040143_04C109_88FE,,,,1,"predeclared policy: ASC IW GRD VV+VH, autumn DOY 260-320; rank = (|doy-290| asc, event_id asc); passes never fused","{""coverage_tier"": ""S1_ACTUAL_FOOTPRINT"", ""n_eligible_after_gates"": 10, ""n_intersecting_scenes"": 56, ""selection_rank_of_pool"": ""1 of 10 eligible""}"
,CNA10K-R00334-C00163,sentinel1,2021,PRIMARY,D,NO_ELIGIBLE_EVENT,,,,,,,,,,,,,,,,,,,no DESC IW VV+VH scene in the autumn window DOY 260-320,"{""n_intersecting_scenes"": 56}"
NP19_R00334-C00163_S2_2021,CNA10K-R00334-C00163,sentinel2,2021,PRIMARY,DEFAULT,SELECTED,EVT-S2-2804d7904a4dae97,2021-09-22T02:39:22.840000+00:00,265,AUTUMN_PRIMARY_V1_CANDIDATE,FULL_CELL_COVERED,STRICT_FULL,SAME_DATATAKE_MEMBER_TILE_UNION_COVERS_CELL,,0.00010358,,,Sentinel-2A,20210922T022551_20210922T023225_T51RVP,S2A_MSIL2A_20210922T022551_N0500_R046_T51RVP_20230119T080623,51RVP,,,1,"predeclared policy: FULL_CELL_COVERED + autumn DOY 260-320 + scene cloud <= 0.30; rank = (cloud asc, |doy-290| asc, event_id asc)","{""coverage_tier"": ""STRICT_FULL"", ""n_autumn_events"": 13, ""n_eligible_after_gates"": 5, ""n_intersecting_events"": 73, ""n_pool_for_tier"": 13, ""selection_rank_of_pool"": ""1 of 5 eligible""}"
NP19_R00334-C00163_L8_2021,CNA10K-R00334-C00163,landsat8,2021,SECONDARY,DEFAULT,SELECTED,EVT-L-d535f9ec2fa55a5e,2021-09-29T00:00:00+00:00,272,AUTUMN_PRIMARY_V1_CANDIDATE,FULL_CELL_COVERED,STRICT_FULL,WRS2_NOMINAL_FRAME_FULL,1.0,0.0908,,,,LC08_117039_20210929,LC08_L2SP_117039_20210929_20211012_02_T1,,117.0,39.0,1,"predeclared policy: FULL_CELL_COVERED + autumn DOY 260-320 + scene cloud <= 0.30; rank = (cloud asc, |doy-290| asc, event_id asc)","{""coverage_tier"": ""STRICT_FULL"", ""n_autumn_events"": 7, ""n_eligible_after_gates"": 3, ""n_intersecting_events"": 30, ""n_pool_for_tier"": 7, ""selection_rank_of_pool"": ""1 of 3 eligible""}"
,CNA10K-R00311-C00156,landsat5,1990,PRIMARY,DEFAULT,NO_ELIGIBLE_EVENT,,,,,,,,,,,,,,,,,,,no event inside the predeclared autumn window DOY 260-320,"{""n_intersecting_events"": 12}"
NP19_R00311-C00156_L7_2000,CNA10K-R00311-C00156,landsat7,2000,PRIMARY,DEFAULT,SELECTED,EVT-L-c1f5fc6e9340799f,2000-09-18T00:00:00+00:00,262,AUTUMN_PRIMARY_V1_CANDIDATE,FULL_CELL_COVERED,STRICT_FULL,WRS2_NOMINAL_FRAME_FULL,1.0,0.0,,,,LE07_118040_20000918,LE07_L2SP_118040_20000918_20200918_02_T1,,118.0,40.0,1,"predeclared policy: FULL_CELL_COVERED + autumn DOY 260-320 + scene cloud <= 0.30; rank = (cloud asc, |doy-290| asc, event_id asc)","{""coverage_tier"": ""STRICT_FULL"", ""n_autumn_events"": 3, ""n_eligible_after_gates"": 1, ""n_intersecting_events"": 17, ""n_pool_for_tier"": 3, ""selection_rank_of_pool"": ""1 of 1 eligible""}"
,CNA10K-R00311-C00156,landsat8,2015,PRIMARY,DEFAULT,NO_ELIGIBLE_EVENT,,,,,,,,,,,,,,,,,,,no eligible event after gates: 2 full-cover and 0 near-full (>=0.90) autumn events; scene cloud ceiling 0.30; full-cover events all cloudy; min cloud 0.436,"{""min_autumn_cloud_fraction"": 0.4363, ""n_autumn_events"": 2, ""n_full_cover_autumn_events"": 2, ""n_intersecting_events"": 17, ""n_near_full_autumn_events"": 0}"
NP19_R00311-C00156_S1_2015_A,CNA10K-R00311-C00156,sentinel1,2015,SECONDARY,A,SELECTED,EVT-S1-274e0056ae461624,2015-10-12T09:53:35+00:00,285,AUTUMN_PRIMARY_V1_CANDIDATE,FULL_CELL_COVERED,S1_ACTUAL_FOOTPRINT,,,,ASC,171.0,Sentinel-1A,S1A_IW_GRDH_1SDV_20151012T095335_20151012T095404_008118_00B62B_482A,S1A_IW_GRDH_1SDV_20151012T095335_20151012T095404_008118_00B62B_482A,,,,1,"predeclared policy: ASC IW GRD VV+VH, autumn DOY 260-320; rank = (|doy-290| asc, event_id asc); passes never fused","{""coverage_tier"": ""S1_ACTUAL_FOOTPRINT"", ""n_eligible_after_gates"": 4, ""n_intersecting_scenes"": 20, ""selection_rank_of_pool"": ""1 of 4 eligible""}"
,CNA10K-R00311-C00156,sentinel1,2015,SECONDARY,D,NO_ELIGIBLE_EVENT,,,,,,,,,,,,,,,,,,,no DESC IW VV+VH scene in the autumn window DOY 260-320,"{""n_intersecting_scenes"": 20}"
,CNA10K-R00311-C00156,sentinel2,2015,SECONDARY,DEFAULT,NO_ELIGIBLE_EVENT,,,,,,,,,,,,,,,,,,,no event inside the predeclared autumn window DOY 260-320,"{""n_intersecting_events"": 1}"
,CNA10K-R00311-C00156,landsat8,2020,PRIMARY,DEFAULT,NO_ELIGIBLE_EVENT,,,,,,,,,,,,,,,,,,,no eligible event after gates: 2 full-cover and 0 near-full (>=0.90) autumn events; scene cloud ceiling 0.30; full-cover events all cloudy; min cloud 0.454,"{""min_autumn_cloud_fraction"": 0.4542, ""n_autumn_events"": 2, ""n_full_cover_autumn_events"": 2, ""n_intersecting_events"": 15, ""n_near_full_autumn_events"": 0}"
NP19_R00311-C00156_S1_2020_A,CNA10K-R00311-C00156,sentinel1,2020,PRIMARY,A,SELECTED,EVT-S1-f3d4f7907b13aa1c,2020-10-14T10:02:35+00:00,288,AUTUMN_PRIMARY_V1_CANDIDATE,FULL_CELL_COVERED,S1_ACTUAL_FOOTPRINT,,,,ASC,69.0,Sentinel-1A,S1A_IW_GRDH_1SDV_20201014T100235_20201014T100300_034791_040DF6_2F7F,S1A_IW_GRDH_1SDV_20201014T100235_20201014T100300_034791_040DF6_2F7F,,,,1,"predeclared policy: ASC IW GRD VV+VH, autumn DOY 260-320; rank = (|doy-290| asc, event_id asc); passes never fused","{""coverage_tier"": ""S1_ACTUAL_FOOTPRINT"", ""n_eligible_after_gates"": 10, ""n_intersecting_scenes"": 68, ""selection_rank_of_pool"": ""1 of 10 eligible""}"
,CNA10K-R00311-C00156,sentinel1,2020,PRIMARY,D,NO_ELIGIBLE_EVENT,,,,,,,,,,,,,,,,,,,no DESC IW VV+VH scene in the autumn window DOY 260-320,"{""n_intersecting_scenes"": 68}"
NP19_R00311-C00156_S2_2020,CNA10K-R00311-C00156,sentinel2,2020,PRIMARY,DEFAULT,SELECTED,EVT-S2-8b122a0c8574b197,2020-10-30T02:49:52.075000+00:00,304,AUTUMN_PRIMARY_V1_CANDIDATE,FULL_CELL_COVERED,STRICT_FULL,SAME_DATATAKE_MEMBER_TILE_UNION_COVERS_CELL,,0.00212445,,,Sentinel-2A,20201030T023831_20201030T023833_T51RUM,S2A_MSIL2A_20201030T023831_N0500_R089_T51RUM_20230414T211702,51RUM,,,1,"predeclared policy: FULL_CELL_COVERED + autumn DOY 260-320 + scene cloud <= 0.30; rank = (cloud asc, |doy-290| asc, event_id asc)","{""coverage_tier"": ""STRICT_FULL"", ""n_autumn_events"": 24, ""n_eligible_after_gates"": 7, ""n_intersecting_events"": 146, ""n_pool_for_tier"": 24, ""selection_rank_of_pool"": ""1 of 7 eligible""}"
NP19_R00311-C00156_S1_2021_A,CNA10K-R00311-C00156,sentinel1,2021,PRIMARY,A,SELECTED,EVT-S1-fba86ee29333cab8,2021-10-16T09:54:10+00:00,289,AUTUMN_PRIMARY_V1_CANDIDATE,FULL_CELL_COVERED,S1_ACTUAL_FOOTPRINT,,,,ASC,171.0,Sentinel-1A,S1A_IW_GRDH_1SDV_20211016T095410_20211016T095439_040143_04C109_8A1C,S1A_IW_GRDH_1SDV_20211016T095410_20211016T095439_040143_04C109_8A1C,,,,1,"predeclared policy: ASC IW GRD VV+VH, autumn DOY 260-320; rank = (|doy-290| asc, event_id asc); passes never fused","{""coverage_tier"": ""S1_ACTUAL_FOOTPRINT"", ""n_eligible_after_gates"": 10, ""n_intersecting_scenes"": 61, ""selection_rank_of_pool"": ""1 of 10 eligible""}"
,CNA10K-R00311-C00156,sentinel1,2021,PRIMARY,D,NO_ELIGIBLE_EVENT,,,,,,,,,,,,,,,,,,,no DESC IW VV+VH scene in the autumn window DOY 260-320,"{""n_intersecting_scenes"": 61}"
NP19_R00311-C00156_S2_2021,CNA10K-R00311-C00156,sentinel2,2021,PRIMARY,DEFAULT,SELECTED,EVT-S2-42eb33abdc3126d0,2021-11-11T02:39:54.515000+00:00,315,AUTUMN_PRIMARY_V1_CANDIDATE,FULL_CELL_COVERED,STRICT_FULL,SAME_DATATAKE_MEMBER_TILE_UNION_COVERS_CELL,,8.583000000000001e-05,,,Sentinel-2A,20211111T022931_20211111T022929_T51RUM,S2A_MSIL2A_20211111T022931_N0500_R046_T51RUM_20221231T013637,51RUM,,,1,"predeclared policy: FULL_CELL_COVERED + autumn DOY 260-320 + scene cloud <= 0.30; rank = (cloud asc, |doy-290| asc, event_id asc)","{""coverage_tier"": ""STRICT_FULL"", ""n_autumn_events"": 25, ""n_eligible_after_gates"": 12, ""n_intersecting_events"": 146, ""n_pool_for_tier"": 25, ""selection_rank_of_pool"": ""1 of 12 eligible""}"
NP19_R00311-C00156_L8_2021,CNA10K-R00311-C00156,landsat8,2021,SECONDARY,DEFAULT,SELECTED,EVT-L-7f74ad72fd2cbc7f,2021-09-20T00:00:00+00:00,263,AUTUMN_PRIMARY_V1_CANDIDATE,FULL_CELL_COVERED,STRICT_FULL,WRS2_NOMINAL_FRAME_FULL,1.0,0.09230000000000001,,,,LC08_118040_20210920,LC08_L2SP_118040_20210920_20210925_02_T1,,118.0,40.0,1,"predeclared policy: FULL_CELL_COVERED + autumn DOY 260-320 + scene cloud <= 0.30; rank = (cloud asc, |doy-290| asc, event_id asc)","{""coverage_tier"": ""STRICT_FULL"", ""n_autumn_events"": 4, ""n_eligible_after_gates"": 1, ""n_intersecting_events"": 17, ""n_pool_for_tier"": 4, ""selection_rank_of_pool"": ""1 of 1 eligible""}"
,CNA10K-R00349-C00154,landsat5,1990,PRIMARY,DEFAULT,NO_ELIGIBLE_EVENT,,,,,,,,,,,,,,,,,,,no eligible event after gates: 1 full-cover and 0 near-full (>=0.90) autumn events; scene cloud ceiling 0.30; full-cover events all cloudy; min cloud 0.660,"{""min_autumn_cloud_fraction"": 0.66, ""n_autumn_events"": 1, ""n_full_cover_autumn_events"": 1, ""n_intersecting_events"": 14, ""n_near_full_autumn_events"": 0}"
NP19_R00349-C00154_L7_2000,CNA10K-R00349-C00154,landsat7,2000,PRIMARY,DEFAULT,SELECTED,EVT-L-26a14ff0a7a392c7,2000-09-18T00:00:00+00:00,262,AUTUMN_PRIMARY_V1_CANDIDATE,FULL_CELL_COVERED,STRICT_FULL,WRS2_NOMINAL_FRAME_FULL,1.0,0.0,,,,LE07_118038_20000918,LE07_L2SP_118038_20000918_20200918_02_T1,,118.0,38.0,1,"predeclared policy: FULL_CELL_COVERED + autumn DOY 260-320 + scene cloud <= 0.30; rank = (cloud asc, |doy-290| asc, event_id asc)","{""coverage_tier"": ""STRICT_FULL"", ""n_autumn_events"": 3, ""n_eligible_after_gates"": 3, ""n_intersecting_events"": 17, ""n_pool_for_tier"": 3, ""selection_rank_of_pool"": ""1 of 3 eligible""}"
NP19_R00349-C00154_L8_2015,CNA10K-R00349-C00154,landsat8,2015,PRIMARY,DEFAULT,SELECTED,EVT-L-55163a3a9a14a4b8,2015-10-22T00:00:00+00:00,295,AUTUMN_PRIMARY_V1_CANDIDATE,FULL_CELL_COVERED,STRICT_FULL,WRS2_NOMINAL_FRAME_FULL,1.0,0.14029999999999998,,,,LC08_118038_20151022,LC08_L2SP_118038_20151022_20200908_02_T1,,118.0,38.0,1,"predeclared policy: FULL_CELL_COVERED + autumn DOY 260-320 + scene cloud <= 0.30; rank = (cloud asc, |doy-290| asc, event_id asc)","{""coverage_tier"": ""STRICT_FULL"", ""n_autumn_events"": 3, ""n_eligible_after_gates"": 2, ""n_intersecting_events"": 17, ""n_pool_for_tier"": 3, ""selection_rank_of_pool"": ""1 of 2 eligible""}"
NP19_R00349-C00154_S1_2015_A,CNA10K-R00349-C00154,sentinel1,2015,SECONDARY,A,SELECTED,EVT-S1-5ad5298373730214,2015-09-18T09:54:28+00:00,261,AUTUMN_PRIMARY_V1_CANDIDATE,PARTIAL_CELL_OVERLAP,S1_ACTUAL_FOOTPRINT,,,,ASC,171.0,Sentinel-1A,S1A_IW_GRDH_1SDV_20150918T095428_20150918T095453_007768_00ACD0_1804,S1A_IW_GRDH_1SDV_20150918T095428_20150918T095453_007768_00ACD0_1804,,,,1,"predeclared policy: ASC IW GRD VV+VH, autumn DOY 260-320; rank = (|doy-290| asc, event_id asc); passes never fused","{""coverage_tier"": ""S1_ACTUAL_FOOTPRINT"", ""n_eligible_after_gates"": 2, ""n_intersecting_scenes"": 15, ""selection_rank_of_pool"": ""1 of 2 eligible""}"
,CNA10K-R00349-C00154,sentinel1,2015,SECONDARY,D,NO_ELIGIBLE_EVENT,,,,,,,,,,,,,,,,,,,no DESC IW VV+VH scene in the autumn window DOY 260-320,"{""n_intersecting_scenes"": 15}"
,CNA10K-R00349-C00154,sentinel2,2015,SECONDARY,DEFAULT,NO_ELIGIBLE_EVENT,,,,,,,,,,,,,,,,,,,no event inside the predeclared autumn window DOY 260-320,"{""n_intersecting_events"": 1}"
,CNA10K-R00349-C00154,landsat8,2020,PRIMARY,DEFAULT,NO_ELIGIBLE_EVENT,,,,,,,,,,,,,,,,,,,no eligible event after gates: 1 full-cover and 0 near-full (>=0.90) autumn events; scene cloud ceiling 0.30; full-cover events all cloudy; min cloud 0.711,"{""min_autumn_cloud_fraction"": 0.7111, ""n_autumn_events"": 1, ""n_full_cover_autumn_events"": 1, ""n_intersecting_events"": 14, ""n_near_full_autumn_events"": 0}"
NP19_R00349-C00154_S1_2020_A,CNA10K-R00349-C00154,sentinel1,2020,PRIMARY,A,SELECTED,EVT-S1-5e515419d097e7e3,2020-10-15T09:54:27+00:00,289,AUTUMN_PRIMARY_V1_CANDIDATE,FULL_CELL_COVERED,S1_ACTUAL_FOOTPRINT,,,,ASC,171.0,Sentinel-1B,S1B_IW_GRDH_1SDV_20201015T095427_20201015T095452_023822_02D450_70EA,S1B_IW_GRDH_1SDV_20201015T095427_20201015T095452_023822_02D450_70EA,,,,1,"predeclared policy: ASC IW GRD VV+VH, autumn DOY 260-320; rank = (|doy-290| asc, event_id asc); passes never fused","{""coverage_tier"": ""S1_ACTUAL_FOOTPRINT"", ""n_eligible_after_gates"": 10, ""n_intersecting_scenes"": 56, ""selection_rank_of_pool"": ""1 of 10 eligible""}"
,CNA10K-R00349-C00154,sentinel1,2020,PRIMARY,D,NO_ELIGIBLE_EVENT,,,,,,,,,,,,,,,,,,,no DESC IW VV+VH scene in the autumn window DOY 260-320,"{""n_intersecting_scenes"": 56}"
NP19_R00349-C00154_S2_2020,CNA10K-R00349-C00154,sentinel2,2020,PRIMARY,DEFAULT,SELECTED,EVT-S2-92c0794ab7812838,2020-10-12T02:38:57.678000+00:00,286,AUTUMN_PRIMARY_V1_CANDIDATE,FULL_CELL_COVERED,STRICT_FULL,SAME_DATATAKE_MEMBER_TILE_UNION_COVERS_CELL,,0.02184408,,,Sentinel-2B,20201012T022629_20201012T022632_T51SUR,S2B_MSIL2A_20201012T022629_N0500_R046_T51SUR_20230411T053305,51SUR,,,1,"predeclared policy: FULL_CELL_COVERED + autumn DOY 260-320 + scene cloud <= 0.30; rank = (cloud asc, |doy-290| asc, event_id asc)","{""coverage_tier"": ""STRICT_FULL"", ""n_autumn_events"": 24, ""n_eligible_after_gates"": 12, ""n_intersecting_events"": 147, ""n_pool_for_tier"": 24, ""selection_rank_of_pool"": ""1 of 12 eligible""}"
NP19_R00349-C00154_S1_2021_A,CNA10K-R00349-C00154,sentinel1,2021,PRIMARY,A,SELECTED,EVT-S1-f60150e387cd6f3c,2021-10-16T09:55:29+00:00,289,AUTUMN_PRIMARY_V1_CANDIDATE,FULL_CELL_COVERED,S1_ACTUAL_FOOTPRINT,,,,ASC,171.0,Sentinel-1A,S1A_IW_GRDH_1SDV_20211016T095529_20211016T095554_040143_04C109_8200,S1A_IW_GRDH_1SDV_20211016T095529_20211016T095554_040143_04C109_8200,,,,1,"predeclared policy: ASC IW GRD VV+VH, autumn DOY 260-320; rank = (|doy-290| asc, event_id asc); passes never fused","{""coverage_tier"": ""S1_ACTUAL_FOOTPRINT"", ""n_eligible_after_gates"": 10, ""n_intersecting_scenes"": 57, ""selection_rank_of_pool"": ""1 of 10 eligible""}"
,CNA10K-R00349-C00154,sentinel1,2021,PRIMARY,D,NO_ELIGIBLE_EVENT,,,,,,,,,,,,,,,,,,,no DESC IW VV+VH scene in the autumn window DOY 260-320,"{""n_intersecting_scenes"": 57}"
NP19_R00349-C00154_S2_2021,CNA10K-R00349-C00154,sentinel2,2021,PRIMARY,DEFAULT,SELECTED,EVT-S2-2804d7904a4dae97,2021-09-22T02:38:56.913000+00:00,265,AUTUMN_PRIMARY_V1_CANDIDATE,FULL_CELL_COVERED,STRICT_FULL,SAME_DATATAKE_MEMBER_TILE_UNION_COVERS_CELL,,0.0001075,,,Sentinel-2A,20210922T022551_20210922T023225_T51SUR,S2A_MSIL2A_20210922T022551_N0500_R046_T51SUR_20230119T080623,51SUR,,,1,"predeclared policy: FULL_CELL_COVERED + autumn DOY 260-320 + scene cloud <= 0.30; rank = (cloud asc, |doy-290| asc, event_id asc)","{""coverage_tier"": ""STRICT_FULL"", ""n_autumn_events"": 25, ""n_eligible_after_gates"": 13, ""n_intersecting_events"": 146, ""n_pool_for_tier"": 25, ""selection_rank_of_pool"": ""1 of 13 eligible""}"
NP19_R00349-C00154_L8_2021,CNA10K-R00349-C00154,landsat8,2021,SECONDARY,DEFAULT,SELECTED,EVT-L-83115ecc2d22e985,2021-10-06T00:00:00+00:00,279,AUTUMN_PRIMARY_V1_CANDIDATE,FULL_CELL_COVERED,STRICT_FULL,WRS2_NOMINAL_FRAME_FULL,1.0,0.26899999999999996,,,,LC08_118038_20211006,LC08_L2SP_118038_20211006_20211013_02_T1,,118.0,38.0,1,"predeclared policy: FULL_CELL_COVERED + autumn DOY 260-320 + scene cloud <= 0.30; rank = (cloud asc, |doy-290| asc, event_id asc)","{""coverage_tier"": ""STRICT_FULL"", ""n_autumn_events"": 4, ""n_eligible_after_gates"": 1, ""n_intersecting_events"": 17, ""n_pool_for_tier"": 4, ""selection_rank_of_pool"": ""1 of 1 eligible""}"
NP19_R00413-C00121_L5_1990,CNA10K-R00413-C00121,landsat5,1990,PRIMARY,DEFAULT,SELECTED,EVT-L-4f8bfd6cf28ff6a5,1990-09-20T00:00:00+00:00,263,AUTUMN_PRIMARY_V1_CANDIDATE,FULL_CELL_COVERED,STRICT_FULL,WRS2_NOMINAL_FRAME_FULL,1.0,0.2,,,,LT05_121034_19900920,LT05_L2SP_121034_19900920_20200915_02_T1,,121.0,34.0,1,"predeclared policy: FULL_CELL_COVERED + autumn DOY 260-320 + scene cloud <= 0.30; rank = (cloud asc, |doy-290| asc, event_id asc)","{""coverage_tier"": ""STRICT_FULL"", ""n_autumn_events"": 3, ""n_eligible_after_gates"": 1, ""n_intersecting_events"": 15, ""n_pool_for_tier"": 3, ""selection_rank_of_pool"": ""1 of 1 eligible""}"
NP19_R00413-C00121_L5_2000,CNA10K-R00413-C00121,landsat5,2000,PRIMARY,DEFAULT,SELECTED,EVT-L-1177c9ad37a1254d,2000-10-17T00:00:00+00:00,291,AUTUMN_PRIMARY_V1_CANDIDATE,FULL_CELL_COVERED,STRICT_FULL,WRS2_NOMINAL_FRAME_FULL,1.0,0.01,,,,LT05_121034_20001017,LT05_L2SP_121034_20001017_20200906_02_T1,,121.0,34.0,1,"predeclared policy: FULL_CELL_COVERED + autumn DOY 260-320 + scene cloud <= 0.30; rank = (cloud asc, |doy-290| asc, event_id asc)","{""coverage_tier"": ""STRICT_FULL"", ""n_autumn_events"": 2, ""n_eligible_after_gates"": 2, ""n_intersecting_events"": 16, ""n_pool_for_tier"": 2, ""selection_rank_of_pool"": ""1 of 2 eligible""}"
NP19_R00413-C00121_L8_2015,CNA10K-R00413-C00121,landsat8,2015,PRIMARY,DEFAULT,SELECTED,EVT-L-0591b0644a3441ad,2015-10-27T00:00:00+00:00,300,AUTUMN_PRIMARY_V1_CANDIDATE,FULL_CELL_COVERED,STRICT_FULL,WRS2_NOMINAL_FRAME_FULL,1.0,0.0008,,,,LC08_121034_20151027,LC08_L2SP_121034_20151027_20200908_02_T1,,121.0,34.0,1,"predeclared policy: FULL_CELL_COVERED + autumn DOY 260-320 + scene cloud <= 0.30; rank = (cloud asc, |doy-290| asc, event_id asc)","{""coverage_tier"": ""STRICT_FULL"", ""n_autumn_events"": 4, ""n_eligible_after_gates"": 3, ""n_intersecting_events"": 21, ""n_pool_for_tier"": 4, ""selection_rank_of_pool"": ""1 of 3 eligible""}"
,CNA10K-R00413-C00121,sentinel1,2015,SECONDARY,A,NO_ELIGIBLE_EVENT,,,,,,,,,,,,,,,,,,,no ASC IW VV+VH scene in the autumn window DOY 260-320,"{""n_intersecting_scenes"": 6}"
,CNA10K-R00413-C00121,sentinel1,2015,SECONDARY,D,NO_ELIGIBLE_EVENT,,,,,,,,,,,,,,,,,,,no DESC IW VV+VH scene in the autumn window DOY 260-320,"{""n_intersecting_scenes"": 6}"
NP19_R00413-C00121_S2_2015,CNA10K-R00413-C00121,sentinel2,2015,SECONDARY,DEFAULT,SELECTED,EVT-S2-a0f4eafadd2a876d,2015-10-03T03:07:26.520000+00:00,276,AUTUMN_PRIMARY_V1_CANDIDATE,FULL_CELL_COVERED,STRICT_FULL,SAME_DATATAKE_MEMBER_TILE_UNION_COVERS_CELL,,0.0687056,,,Sentinel-2A,20151003T030636_20151003T030709_T50SPG,S2A_MSIL2A_20151003T030636_N0500_R032_T50SPG_20231024T011910,50SPG,,,1,"predeclared policy: FULL_CELL_COVERED + autumn DOY 260-320 + scene cloud <= 0.30; rank = (cloud asc, |doy-290| asc, event_id asc)","{""coverage_tier"": ""STRICT_FULL"", ""n_autumn_events"": 1, ""n_eligible_after_gates"": 1, ""n_intersecting_events"": 3, ""n_pool_for_tier"": 1, ""selection_rank_of_pool"": ""1 of 1 eligible""}"
NP19_R00413-C00121_L8_2020,CNA10K-R00413-C00121,landsat8,2020,PRIMARY,DEFAULT,SELECTED,EVT-L-072adccda6c5a0c8,2020-10-24T00:00:00+00:00,298,AUTUMN_PRIMARY_V1_CANDIDATE,FULL_CELL_COVERED,STRICT_FULL,WRS2_NOMINAL_FRAME_FULL,1.0,0.0022,,,,LC08_121034_20201024,LC08_L2SP_121034_20201024_20201105_02_T1,,121.0,34.0,1,"predeclared policy: FULL_CELL_COVERED + autumn DOY 260-320 + scene cloud <= 0.30; rank = (cloud asc, |doy-290| asc, event_id asc)","{""coverage_tier"": ""STRICT_FULL"", ""n_autumn_events"": 3, ""n_eligible_after_gates"": 2, ""n_intersecting_events"": 19, ""n_pool_for_tier"": 3, ""selection_rank_of_pool"": ""1 of 2 eligible""}"
NP19_R00413-C00121_S1_2020_A,CNA10K-R00413-C00121,sentinel1,2020,PRIMARY,A,SELECTED,EVT-S1-e40a483448a23936,2020-10-15T09:56:07+00:00,289,AUTUMN_PRIMARY_V1_CANDIDATE,FULL_CELL_COVERED,S1_ACTUAL_FOOTPRINT,,,,ASC,171.0,Sentinel-1B,S1B_IW_GRDH_1SDV_20201015T095607_20201015T095632_023822_02D450_A864,S1B_IW_GRDH_1SDV_20201015T095607_20201015T095632_023822_02D450_A864,,,,1,"predeclared policy: ASC IW GRD VV+VH, autumn DOY 260-320; rank = (|doy-290| asc, event_id asc); passes never fused","{""coverage_tier"": ""S1_ACTUAL_FOOTPRINT"", ""n_eligible_after_gates"": 19, ""n_intersecting_scenes"": 131, ""selection_rank_of_pool"": ""1 of 19 eligible""}"
NP19_R00413-C00121_S1_2020_D,CNA10K-R00413-C00121,sentinel1,2020,PRIMARY,D,SELECTED,EVT-S1-1516443c77f429f3,2020-10-20T22:04:40+00:00,294,AUTUMN_PRIMARY_V1_CANDIDATE,FULL_CELL_COVERED,S1_ACTUAL_FOOTPRINT,,,,DESC,76.0,Sentinel-1B,S1B_IW_GRDH_1SDV_20201020T220440_20201020T220505_023902_02D6DF_DF25,S1B_IW_GRDH_1SDV_20201020T220440_20201020T220505_023902_02D6DF_DF25,,,,1,"predeclared policy: DESC IW GRD VV+VH, autumn DOY 260-320; rank = (|doy-290| asc, event_id asc); passes never fused","{""coverage_tier"": ""S1_ACTUAL_FOOTPRINT"", ""n_eligible_after_gates"": 5, ""n_intersecting_scenes"": 131, ""selection_rank_of_pool"": ""1 of 5 eligible""}"
NP19_R00413-C00121_S2_2020,CNA10K-R00413-C00121,sentinel2,2020,PRIMARY,DEFAULT,SELECTED,EVT-S2-b5daa51d6c24f005,2020-09-18T02:57:29.821000+00:00,262,AUTUMN_PRIMARY_V1_CANDIDATE,FULL_CELL_COVERED,STRICT_FULL,SAME_DATATAKE_MEMBER_TILE_UNION_COVERS_CELL,,0.0010219399999999998,,,Sentinel-2B,20200918T024549_20200918T024547_T50SPG|20200918T024549_20200918T025730_T50SPG,S2B_MSIL2A_20200918T024549_N0500_R132_T50SPG_20230405T175958|S2B_MSIL2A_20200918T024549_N0500_R132_T50SPG_20230422T122420,50SPG,,,2,"predeclared policy: FULL_CELL_COVERED + autumn DOY 260-320 + scene cloud <= 0.30; rank = (cloud asc, |doy-290| asc, event_id asc)","{""coverage_tier"": ""STRICT_FULL"", ""n_autumn_events"": 24, ""n_eligible_after_gates"": 10, ""n_intersecting_events"": 144, ""n_pool_for_tier"": 24, ""selection_rank_of_pool"": ""1 of 10 eligible""}"
NP19_R00413-C00121_S1_2021_A,CNA10K-R00413-C00121,sentinel1,2021,PRIMARY,A,SELECTED,EVT-S1-fd767c3968cb7eba,2021-10-16T09:57:09+00:00,289,AUTUMN_PRIMARY_V1_CANDIDATE,FULL_CELL_COVERED,S1_ACTUAL_FOOTPRINT,,,,ASC,171.0,Sentinel-1A,S1A_IW_GRDH_1SDV_20211016T095709_20211016T095734_040143_04C109_5A7F,S1A_IW_GRDH_1SDV_20211016T095709_20211016T095734_040143_04C109_5A7F,,,,1,"predeclared policy: ASC IW GRD VV+VH, autumn DOY 260-320; rank = (|doy-290| asc, event_id asc); passes never fused","{""coverage_tier"": ""S1_ACTUAL_FOOTPRINT"", ""n_eligible_after_gates"": 20, ""n_intersecting_scenes"": 130, ""selection_rank_of_pool"": ""1 of 20 eligible""}"
NP19_R00413-C00121_S1_2021_D,CNA10K-R00413-C00121,sentinel1,2021,PRIMARY,D,SELECTED,EVT-S1-23e8813795d892e2,2021-10-15T22:04:46+00:00,288,AUTUMN_PRIMARY_V1_CANDIDATE,FULL_CELL_COVERED,S1_ACTUAL_FOOTPRINT,,,,DESC,76.0,Sentinel-1B,S1B_IW_GRDH_1SDV_20211015T220446_20211015T220511_029152_037AA2_76C9,S1B_IW_GRDH_1SDV_20211015T220446_20211015T220511_029152_037AA2_76C9,,,,1,"predeclared policy: DESC IW GRD VV+VH, autumn DOY 260-320; rank = (|doy-290| asc, event_id asc); passes never fused","{""coverage_tier"": ""S1_ACTUAL_FOOTPRINT"", ""n_eligible_after_gates"": 5, ""n_intersecting_scenes"": 130, ""selection_rank_of_pool"": ""1 of 5 eligible""}"
NP19_R00413-C00121_S2_2021,CNA10K-R00413-C00121,sentinel2,2021,PRIMARY,DEFAULT,SELECTED,EVT-S2-e366785d99006e35,2021-11-12T02:57:27.785000+00:00,316,AUTUMN_PRIMARY_V1_CANDIDATE,FULL_CELL_COVERED,STRICT_FULL,SAME_DATATAKE_MEMBER_TILE_UNION_COVERS_CELL,,0.00036515,,,Sentinel-2B,20211112T024939_20211112T024939_T50SPG,S2B_MSIL2A_20211112T024939_N0500_R132_T50SPG_20230104T112733,50SPG,,,1,"predeclared policy: FULL_CELL_COVERED + autumn DOY 260-320 + scene cloud <= 0.30; rank = (cloud asc, |doy-290| asc, event_id asc)","{""coverage_tier"": ""STRICT_FULL"", ""n_autumn_events"": 24, ""n_eligible_after_gates"": 8, ""n_intersecting_events"": 147, ""n_pool_for_tier"": 24, ""selection_rank_of_pool"": ""1 of 8 eligible""}"
NP19_R00413-C00121_L8_2021,CNA10K-R00413-C00121,landsat8,2021,SECONDARY,DEFAULT,SELECTED,EVT-L-f39730a6609f70a2,2021-11-12T00:00:00+00:00,316,AUTUMN_PRIMARY_V1_CANDIDATE,FULL_CELL_COVERED,STRICT_FULL,WRS2_NOMINAL_FRAME_FULL,1.0,0.0024,,,,LC08_121034_20211112,LC08_L2SP_121034_20211112_20211124_02_T1,,121.0,34.0,1,"predeclared policy: FULL_CELL_COVERED + autumn DOY 260-320 + scene cloud <= 0.30; rank = (cloud asc, |doy-290| asc, event_id asc)","{""coverage_tier"": ""STRICT_FULL"", ""n_autumn_events"": 3, ""n_eligible_after_gates"": 3, ""n_intersecting_events"": 20, ""n_pool_for_tier"": 3, ""selection_rank_of_pool"": ""1 of 3 eligible""}"
NP19_R00391-C00132_L5_1990,CNA10K-R00391-C00132,landsat5,1990,PRIMARY,DEFAULT,SELECTED,EVT-L-f10bd956bdff34dc,1990-10-15T00:00:00+00:00,288,AUTUMN_PRIMARY_V1_CANDIDATE,FULL_CELL_COVERED,STRICT_FULL,WRS2_NOMINAL_FRAME_FULL,1.0,0.0,,,,LT05_120035_19901015,LT05_L2SP_120035_19901015_20200915_02_T1,,120.0,35.0,1,"predeclared policy: FULL_CELL_COVERED + autumn DOY 260-320 + scene cloud <= 0.30; rank = (cloud asc, |doy-290| asc, event_id asc)","{""coverage_tier"": ""STRICT_FULL"", ""n_autumn_events"": 4, ""n_eligible_after_gates"": 2, ""n_intersecting_events"": 18, ""n_pool_for_tier"": 4, ""selection_rank_of_pool"": ""1 of 2 eligible""}"
NP19_R00391-C00132_L5_2000,CNA10K-R00391-C00132,landsat5,2000,PRIMARY,DEFAULT,SELECTED,EVT-L-ce5da4c4cbdcfbc8,2000-10-26T00:00:00+00:00,300,AUTUMN_PRIMARY_V1_CANDIDATE,FULL_CELL_COVERED,STRICT_FULL,WRS2_NOMINAL_FRAME_FULL,1.0,0.04,,,,LT05_120035_20001026,LT05_L2SP_120035_20001026_20200906_02_T1,,120.0,35.0,1,"predeclared policy: FULL_CELL_COVERED + autumn DOY 260-320 + scene cloud <= 0.30; rank = (cloud asc, |doy-290| asc, event_id asc)","{""coverage_tier"": ""STRICT_FULL"", ""n_autumn_events"": 4, ""n_eligible_after_gates"": 1, ""n_intersecting_events"": 18, ""n_pool_for_tier"": 4, ""selection_rank_of_pool"": ""1 of 1 eligible""}"
NP19_R00391-C00132_L8_2015,CNA10K-R00391-C00132,landsat8,2015,PRIMARY,DEFAULT,SELECTED,EVT-L-ecbd1c70b9042fff,2015-10-20T00:00:00+00:00,293,AUTUMN_PRIMARY_V1_CANDIDATE,FULL_CELL_COVERED,STRICT_FULL,WRS2_NOMINAL_FRAME_FULL,1.0,0.0949,,,,LC08_120035_20151020,LC08_L2SP_120035_20151020_20200908_02_T1,,120.0,35.0,1,"predeclared policy: FULL_CELL_COVERED + autumn DOY 260-320 + scene cloud <= 0.30; rank = (cloud asc, |doy-290| asc, event_id asc)","{""coverage_tier"": ""STRICT_FULL"", ""n_autumn_events"": 3, ""n_eligible_after_gates"": 1, ""n_intersecting_events"": 15, ""n_pool_for_tier"": 3, ""selection_rank_of_pool"": ""1 of 1 eligible""}"
,CNA10K-R00391-C00132,sentinel1,2015,SECONDARY,A,NO_ELIGIBLE_EVENT,,,,,,,,,,,,,,,,,,,no ASC IW VV+VH scene in the autumn window DOY 260-320,"{""n_intersecting_scenes"": 8}"
,CNA10K-R00391-C00132,sentinel1,2015,SECONDARY,D,NO_ELIGIBLE_EVENT,,,,,,,,,,,,,,,,,,,no DESC IW VV+VH scene in the autumn window DOY 260-320,"{""n_intersecting_scenes"": 8}"
,CNA10K-R00391-C00132,sentinel2,2015,SECONDARY,DEFAULT,NO_ELIGIBLE_EVENT,,,,,,,,,,,,,,,,,,,no event inside the predeclared autumn window DOY 260-320,"{""n_intersecting_events"": 4}"
NP19_R00391-C00132_L8_2020,CNA10K-R00391-C00132,landsat8,2020,PRIMARY,DEFAULT,SELECTED,EVT-L-a80bce5f9d6957ce,2020-10-17T00:00:00+00:00,291,AUTUMN_PRIMARY_V1_CANDIDATE,FULL_CELL_COVERED,STRICT_FULL,WRS2_NOMINAL_FRAME_FULL,1.0,0.0027,,,,LC08_120035_20201017,LC08_L2SP_120035_20201017_20201105_02_T1,,120.0,35.0,1,"predeclared policy: FULL_CELL_COVERED + autumn DOY 260-320 + scene cloud <= 0.30; rank = (cloud asc, |doy-290| asc, event_id asc)","{""coverage_tier"": ""STRICT_FULL"", ""n_autumn_events"": 2, ""n_eligible_after_gates"": 1, ""n_intersecting_events"": 19, ""n_pool_for_tier"": 2, ""selection_rank_of_pool"": ""1 of 1 eligible""}"
NP19_R00391-C00132_S1_2020_A,CNA10K-R00391-C00132,sentinel1,2020,PRIMARY,A,SELECTED,EVT-S1-6008713afb3061c4,2020-10-15T09:55:42+00:00,289,AUTUMN_PRIMARY_V1_CANDIDATE,FULL_CELL_COVERED,S1_ACTUAL_FOOTPRINT,,,,ASC,171.0,Sentinel-1B,S1B_IW_GRDH_1SDV_20201015T095542_20201015T095607_023822_02D450_8AA9,S1B_IW_GRDH_1SDV_20201015T095542_20201015T095607_023822_02D450_8AA9,,,,1,"predeclared policy: ASC IW GRD VV+VH, autumn DOY 260-320; rank = (|doy-290| asc, event_id asc); passes never fused","{""coverage_tier"": ""S1_ACTUAL_FOOTPRINT"", ""n_eligible_after_gates"": 25, ""n_intersecting_scenes"": 159, ""selection_rank_of_pool"": ""1 of 25 eligible""}"
NP19_R00391-C00132_S1_2020_D,CNA10K-R00391-C00132,sentinel1,2020,PRIMARY,D,SELECTED,EVT-S1-078060851cbb4f5a,2020-10-20T22:05:05+00:00,294,AUTUMN_PRIMARY_V1_CANDIDATE,FULL_CELL_COVERED,S1_ACTUAL_FOOTPRINT,,,,DESC,76.0,Sentinel-1B,S1B_IW_GRDH_1SDV_20201020T220505_20201020T220530_023902_02D6DF_764A,S1B_IW_GRDH_1SDV_20201020T220505_20201020T220530_023902_02D6DF_764A,,,,1,"predeclared policy: DESC IW GRD VV+VH, autumn DOY 260-320; rank = (|doy-290| asc, event_id asc); passes never fused","{""coverage_tier"": ""S1_ACTUAL_FOOTPRINT"", ""n_eligible_after_gates"": 5, ""n_intersecting_scenes"": 159, ""selection_rank_of_pool"": ""1 of 5 eligible""}"
NP19_R00391-C00132_S2_2020,CNA10K-R00391-C00132,sentinel2,2020,PRIMARY,DEFAULT,SELECTED,EVT-S2-b5daa51d6c24f005,2020-09-18T02:57:54.046000+00:00,262,AUTUMN_PRIMARY_V1_CANDIDATE,FULL_CELL_COVERED,STRICT_FULL,SAME_DATATAKE_MEMBER_TILE_UNION_COVERS_CELL,,9.788e-05,,,Sentinel-2B,20200918T024549_20200918T025730_T50SQE|20200918T024549_20200918T025730_T51STV,S2B_MSIL2A_20200918T024549_N0500_R132_T50SQE_20230405T175958|S2B_MSIL2A_20200918T024549_N0500_R132_T51STV_20230405T175958,50SQE|51STV,,,2,"predeclared policy: FULL_CELL_COVERED + autumn DOY 260-320 + scene cloud <= 0.30; rank = (cloud asc, |doy-290| asc, event_id asc)","{""coverage_tier"": ""STRICT_FULL"", ""n_autumn_events"": 26, ""n_eligible_after_gates"": 14, ""n_intersecting_events"": 155, ""n_pool_for_tier"": 26, ""selection_rank_of_pool"": ""1 of 14 eligible""}"
NP19_R00391-C00132_S1_2021_A,CNA10K-R00391-C00132,sentinel1,2021,PRIMARY,A,SELECTED,EVT-S1-2ea0d57aac17158d,2021-10-16T09:56:19+00:00,289,AUTUMN_PRIMARY_V1_CANDIDATE,FULL_CELL_COVERED,S1_ACTUAL_FOOTPRINT,,,,ASC,171.0,Sentinel-1A,S1A_IW_GRDH_1SDV_20211016T095619_20211016T095644_040143_04C109_1A20,S1A_IW_GRDH_1SDV_20211016T095619_20211016T095644_040143_04C109_1A20,,,,1,"predeclared policy: ASC IW GRD VV+VH, autumn DOY 260-320; rank = (|doy-290| asc, event_id asc); passes never fused","{""coverage_tier"": ""S1_ACTUAL_FOOTPRINT"", ""n_eligible_after_gates"": 25, ""n_intersecting_scenes"": 152, ""selection_rank_of_pool"": ""1 of 25 eligible""}"
NP19_R00391-C00132_S1_2021_D,CNA10K-R00391-C00132,sentinel1,2021,PRIMARY,D,SELECTED,EVT-S1-1f18a78e43db0295,2021-10-15T22:05:11+00:00,288,AUTUMN_PRIMARY_V1_CANDIDATE,FULL_CELL_COVERED,S1_ACTUAL_FOOTPRINT,,,,DESC,76.0,Sentinel-1B,S1B_IW_GRDH_1SDV_20211015T220511_20211015T220536_029152_037AA2_701C,S1B_IW_GRDH_1SDV_20211015T220511_20211015T220536_029152_037AA2_701C,,,,1,"predeclared policy: DESC IW GRD VV+VH, autumn DOY 260-320; rank = (|doy-290| asc, event_id asc); passes never fused","{""coverage_tier"": ""S1_ACTUAL_FOOTPRINT"", ""n_eligible_after_gates"": 4, ""n_intersecting_scenes"": 152, ""selection_rank_of_pool"": ""1 of 4 eligible""}"
NP19_R00391-C00132_S2_2021,CNA10K-R00391-C00132,sentinel2,2021,PRIMARY,DEFAULT,SELECTED,EVT-S2-81b2792c0e993634,2021-11-14T02:47:57.898000+00:00,318,AUTUMN_PRIMARY_V1_CANDIDATE,FULL_CELL_COVERED,STRICT_FULL,SAME_DATATAKE_MEMBER_TILE_UNION_COVERS_CELL,,0.00012919,,,Sentinel-2A,20211114T023951_20211114T023947_T50SQE|20211114T023951_20211114T023947_T51STV,S2A_MSIL2A_20211114T023951_N0500_R089_T50SQE_20230107T061233|S2A_MSIL2A_20211114T023951_N0500_R089_T51STV_20230107T061233,50SQE|51STV,,,2,"predeclared policy: FULL_CELL_COVERED + autumn DOY 260-320 + scene cloud <= 0.30; rank = (cloud asc, |doy-290| asc, event_id asc)","{""coverage_tier"": ""STRICT_FULL"", ""n_autumn_events"": 26, ""n_eligible_after_gates"": 10, ""n_intersecting_events"": 155, ""n_pool_for_tier"": 26, ""selection_rank_of_pool"": ""1 of 10 eligible""}"
,CNA10K-R00391-C00132,landsat8,2021,SECONDARY,DEFAULT,NO_ELIGIBLE_EVENT,,,,,,,,,,,,,,,,,,,no eligible event after gates: 3 full-cover and 0 near-full (>=0.90) autumn events; scene cloud ceiling 0.30; full-cover events all cloudy; min cloud 0.724,"{""min_autumn_cloud_fraction"": 0.7243999999999999, ""n_autumn_events"": 3, ""n_full_cover_autumn_events"": 3, ""n_intersecting_events"": 20, ""n_near_full_autumn_events"": 0}"
,CNA10K-R00331-C00150,landsat5,1990,PRIMARY,DEFAULT,NO_ELIGIBLE_EVENT,,,,,,,,,,,,,,,,,,,no eligible event after gates: 1 full-cover and 0 near-full (>=0.90) autumn events; scene cloud ceiling 0.30; best nominal frame cover for a PARTIAL autumn event 0.8673 < 0.90; full-cover events all cloudy; min cloud 0.960,"{""min_autumn_cloud_fraction"": 0.0, ""n_autumn_events"": 2, ""n_full_cover_autumn_events"": 1, ""n_intersecting_events"": 26, ""n_near_full_autumn_events"": 0}"
NP19_R00331-C00150_L7_2000,CNA10K-R00331-C00150,landsat7,2000,PRIMARY,DEFAULT,SELECTED,EVT-L-0e569fc327b6492a,2000-09-18T00:00:00+00:00,262,AUTUMN_PRIMARY_V1_CANDIDATE,FULL_CELL_COVERED,STRICT_FULL,WRS2_NOMINAL_FRAME_FULL,1.0,0.0,,,,LE07_118039_20000918,LE07_L2SP_118039_20000918_20200918_02_T1,,118.0,39.0,1,"predeclared policy: FULL_CELL_COVERED + autumn DOY 260-320 + scene cloud <= 0.30; rank = (cloud asc, |doy-290| asc, event_id asc)","{""coverage_tier"": ""STRICT_FULL"", ""n_autumn_events"": 6, ""n_eligible_after_gates"": 3, ""n_intersecting_events"": 31, ""n_pool_for_tier"": 3, ""selection_rank_of_pool"": ""1 of 3 eligible""}"
NP19_R00331-C00150_L8_2015,CNA10K-R00331-C00150,landsat8,2015,PRIMARY,DEFAULT,SELECTED,EVT-L-dfa704e39ec9507f,2015-10-22T00:00:00+00:00,295,AUTUMN_PRIMARY_V1_CANDIDATE,FULL_CELL_COVERED,STRICT_FULL,WRS2_NOMINAL_FRAME_FULL,1.0,0.2487,,,,LC08_118039_20151022,LC08_L2SP_118039_20151022_20200908_02_T1,,118.0,39.0,1,"predeclared policy: FULL_CELL_COVERED + autumn DOY 260-320 + scene cloud <= 0.30; rank = (cloud asc, |doy-290| asc, event_id asc)","{""coverage_tier"": ""STRICT_FULL"", ""n_autumn_events"": 5, ""n_eligible_after_gates"": 1, ""n_intersecting_events"": 32, ""n_pool_for_tier"": 2, ""selection_rank_of_pool"": ""1 of 1 eligible""}"
NP19_R00331-C00150_S1_2015_A,CNA10K-R00331-C00150,sentinel1,2015,SECONDARY,A,SELECTED,EVT-S1-383213887b99e0f2,2015-10-12T09:54:04+00:00,285,AUTUMN_PRIMARY_V1_CANDIDATE,FULL_CELL_COVERED,S1_ACTUAL_FOOTPRINT,,,,ASC,171.0,Sentinel-1A,S1A_IW_GRDH_1SDV_20151012T095404_20151012T095438_008118_00B62B_53AD,S1A_IW_GRDH_1SDV_20151012T095404_20151012T095438_008118_00B62B_53AD,,,,1,"predeclared policy: ASC IW GRD VV+VH, autumn DOY 260-320; rank = (|doy-290| asc, event_id asc); passes never fused","{""coverage_tier"": ""S1_ACTUAL_FOOTPRINT"", ""n_eligible_after_gates"": 4, ""n_intersecting_scenes"": 22, ""selection_rank_of_pool"": ""1 of 4 eligible""}"
,CNA10K-R00331-C00150,sentinel1,2015,SECONDARY,D,NO_ELIGIBLE_EVENT,,,,,,,,,,,,,,,,,,,no DESC IW VV+VH scene in the autumn window DOY 260-320,"{""n_intersecting_scenes"": 22}"
,CNA10K-R00331-C00150,sentinel2,2015,SECONDARY,DEFAULT,NO_ELIGIBLE_EVENT,,,,,,,,,,,,,,,,,,,no event inside the predeclared autumn window DOY 260-320,"{""n_intersecting_events"": 3}"
,CNA10K-R00331-C00150,landsat8,2020,PRIMARY,DEFAULT,NO_ELIGIBLE_EVENT,,,,,,,,,,,,,,,,,,,no eligible event after gates: 2 full-cover and 0 near-full (>=0.90) autumn events; scene cloud ceiling 0.30; best nominal frame cover for a PARTIAL autumn event 0.8673 < 0.90; full-cover events all cloudy; min cloud 0.594,"{""min_autumn_cloud_fraction"": 0.005600000000000001, ""n_autumn_events"": 6, ""n_full_cover_autumn_events"": 2, ""n_intersecting_events"": 32, ""n_near_full_autumn_events"": 0}"
NP19_R00331-C00150_S1_2020_A,CNA10K-R00331-C00150,sentinel1,2020,PRIMARY,A,SELECTED,EVT-S1-21b8aba39c255752,2020-10-15T09:53:58+00:00,289,AUTUMN_PRIMARY_V1_CANDIDATE,FULL_CELL_COVERED,S1_ACTUAL_FOOTPRINT,,,,ASC,171.0,Sentinel-1B,S1B_IW_GRDH_1SDV_20201015T095358_20201015T095427_023822_02D450_3F0A,S1B_IW_GRDH_1SDV_20201015T095358_20201015T095427_023822_02D450_3F0A,,,,1,"predeclared policy: ASC IW GRD VV+VH, autumn DOY 260-320; rank = (|doy-290| asc, event_id asc); passes never fused","{""coverage_tier"": ""S1_ACTUAL_FOOTPRINT"", ""n_eligible_after_gates"": 15, ""n_intersecting_scenes"": 89, ""selection_rank_of_pool"": ""1 of 15 eligible""}"
,CNA10K-R00331-C00150,sentinel1,2020,PRIMARY,D,NO_ELIGIBLE_EVENT,,,,,,,,,,,,,,,,,,,no DESC IW VV+VH scene in the autumn window DOY 260-320,"{""n_intersecting_scenes"": 89}"
NP19_R00331-C00150_S2_2020,CNA10K-R00331-C00150,sentinel2,2020,PRIMARY,DEFAULT,SELECTED,EVT-S2-06986b89f7bada16,2020-11-09T02:49:23.133000+00:00,314,AUTUMN_PRIMARY_V1_CANDIDATE,FULL_CELL_COVERED,STRICT_FULL,SAME_DATATAKE_MEMBER_TILE_UNION_COVERS_CELL,,0.03809639,,,Sentinel-2A,20201109T023931_20201109T024539_T51RTP|20201109T023931_20201109T024539_T51RUP,S2A_MSIL2A_20201109T023931_N0500_R089_T51RTP_20230410T025001|S2A_MSIL2A_20201109T023931_N0500_R089_T51RUP_20230410T025001,51RTP|51RUP,,,2,"predeclared policy: FULL_CELL_COVERED + autumn DOY 260-320 + scene cloud <= 0.30; rank = (cloud asc, |doy-290| asc, event_id asc)","{""coverage_tier"": ""STRICT_FULL"", ""n_autumn_events"": 24, ""n_eligible_after_gates"": 2, ""n_intersecting_events"": 150, ""n_pool_for_tier"": 12, ""selection_rank_of_pool"": ""1 of 2 eligible""}"
NP19_R00331-C00150_S1_2021_A,CNA10K-R00331-C00150,sentinel1,2021,PRIMARY,A,SELECTED,EVT-S1-721d8b16479b63f5,2021-10-16T09:55:04+00:00,289,AUTUMN_PRIMARY_V1_CANDIDATE,FULL_CELL_COVERED,S1_ACTUAL_FOOTPRINT,,,,ASC,171.0,Sentinel-1A,S1A_IW_GRDH_1SDV_20211016T095504_20211016T095529_040143_04C109_88FE,S1A_IW_GRDH_1SDV_20211016T095504_20211016T095529_040143_04C109_88FE,,,,1,"predeclared policy: ASC IW GRD VV+VH, autumn DOY 260-320; rank = (|doy-290| asc, event_id asc); passes never fused","{""coverage_tier"": ""S1_ACTUAL_FOOTPRINT"", ""n_eligible_after_gates"": 15, ""n_intersecting_scenes"": 87, ""selection_rank_of_pool"": ""1 of 15 eligible""}"
,CNA10K-R00331-C00150,sentinel1,2021,PRIMARY,D,NO_ELIGIBLE_EVENT,,,,,,,,,,,,,,,,,,,no DESC IW VV+VH scene in the autumn window DOY 260-320,"{""n_intersecting_scenes"": 87}"
NP19_R00331-C00150_S2_2021,CNA10K-R00331-C00150,sentinel2,2021,PRIMARY,DEFAULT,SELECTED,EVT-S2-81b2792c0e993634,2021-11-14T02:49:20.301000+00:00,318,AUTUMN_PRIMARY_V1_CANDIDATE,FULL_CELL_COVERED,STRICT_FULL,SAME_DATATAKE_MEMBER_TILE_UNION_COVERS_CELL,,0.00068095,,,Sentinel-2A,20211114T023951_20211114T023947_T51RTP|20211114T023951_20211114T023947_T51RUP,S2A_MSIL2A_20211114T023951_N0500_R089_T51RTP_20230107T061233|S2A_MSIL2A_20211114T023951_N0500_R089_T51RUP_20230107T061233,51RTP|51RUP,,,2,"predeclared policy: FULL_CELL_COVERED + autumn DOY 260-320 + scene cloud <= 0.30; rank = (cloud asc, |doy-290| asc, event_id asc)","{""coverage_tier"": ""STRICT_FULL"", ""n_autumn_events"": 26, ""n_eligible_after_gates"": 4, ""n_intersecting_events"": 148, ""n_pool_for_tier"": 11, ""selection_rank_of_pool"": ""1 of 4 eligible""}"
NP19_R00331-C00150_L8_2021,CNA10K-R00331-C00150,landsat8,2021,SECONDARY,DEFAULT,SELECTED,EVT-L-aa9b47b1e3f5cd02,2021-09-20T00:00:00+00:00,263,AUTUMN_PRIMARY_V1_CANDIDATE,FULL_CELL_COVERED,STRICT_FULL,WRS2_NOMINAL_FRAME_FULL,1.0,0.2026,,,,LC08_118039_20210920,LC08_L2SP_118039_20210920_20210925_02_T1,,118.0,39.0,1,"predeclared policy: FULL_CELL_COVERED + autumn DOY 260-320 + scene cloud <= 0.30; rank = (cloud asc, |doy-290| asc, event_id asc)","{""coverage_tier"": ""STRICT_FULL"", ""n_autumn_events"": 7, ""n_eligible_after_gates"": 1, ""n_intersecting_events"": 32, ""n_pool_for_tier"": 4, ""selection_rank_of_pool"": ""1 of 1 eligible""}"
NP19_R00347-C00151_L5_1990,CNA10K-R00347-C00151,landsat5,1990,PRIMARY,DEFAULT,SELECTED,EVT-L-283fb599564b0d9b,1990-10-08T00:00:00+00:00,281,AUTUMN_PRIMARY_V1_CANDIDATE,PARTIAL_CELL_OVERLAP,NEAR_FULL_NOMINAL_TOLERANCE,WRS2_NOMINAL_FRAME_NEAR_FULL_TOLERANCE_V1,0.9003674085936562,0.04,,,,LT05_119038_19901008,LT05_L2SP_119038_19901008_20200915_02_T1,,119.0,38.0,1,"no strict-full cloud-eligible autumn scene; predeclared near-full tolerance (nominal WRS-2 frame cover >= 0.90) + autumn DOY 260-320 + scene cloud <= 0.30; rank = (cloud asc, |doy-290| asc, event_id asc); Phase H geometric gate applies","{""coverage_tier"": ""NEAR_FULL_NOMINAL_TOLERANCE"", ""n_autumn_events"": 2, ""n_eligible_after_gates"": 1, ""n_intersecting_events"": 24, ""n_pool_for_tier"": 1, ""nominal_coverage_fraction"": 0.9003674085936562, ""post_export_gate"": {""measure"": ""geometric valid fraction (QA_PIXEL fill bit clear) over the landed export grid"", ""min_required"": 0.95, ""on_fail"": ""product marked GEOMETRY_FAIL and excluded"", ""phase"": ""H""}, ""selection_rank_of_pool"": ""1 of 1 eligible""}"
NP19_R00347-C00151_L5_2000,CNA10K-R00347-C00151,landsat5,2000,PRIMARY,DEFAULT,SELECTED,EVT-L-658fd56a66e2922f,2000-09-17T00:00:00+00:00,261,AUTUMN_PRIMARY_V1_CANDIDATE,PARTIAL_CELL_OVERLAP,NEAR_FULL_NOMINAL_TOLERANCE,WRS2_NOMINAL_FRAME_NEAR_FULL_TOLERANCE_V1,0.9003674085936562,0.01,,,,LT05_119038_20000917,LT05_L2SP_119038_20000917_20200906_02_T1,,119.0,38.0,1,"no strict-full cloud-eligible autumn scene; predeclared near-full tolerance (nominal WRS-2 frame cover >= 0.90) + autumn DOY 260-320 + scene cloud <= 0.30; rank = (cloud asc, |doy-290| asc, event_id asc); Phase H geometric gate applies","{""coverage_tier"": ""NEAR_FULL_NOMINAL_TOLERANCE"", ""n_autumn_events"": 5, ""n_eligible_after_gates"": 2, ""n_intersecting_events"": 35, ""n_pool_for_tier"": 3, ""nominal_coverage_fraction"": 0.9003674085936562, ""post_export_gate"": {""measure"": ""geometric valid fraction (QA_PIXEL fill bit clear) over the landed export grid"", ""min_required"": 0.95, ""on_fail"": ""product marked GEOMETRY_FAIL and excluded"", ""phase"": ""H""}, ""selection_rank_of_pool"": ""1 of 2 eligible""}"
NP19_R00347-C00151_L8_2015,CNA10K-R00347-C00151,landsat8,2015,PRIMARY,DEFAULT,SELECTED,EVT-L-55163a3a9a14a4b8,2015-10-22T00:00:00+00:00,295,AUTUMN_PRIMARY_V1_CANDIDATE,FULL_CELL_COVERED,STRICT_FULL,WRS2_NOMINAL_FRAME_FULL,1.0,0.14029999999999998,,,,LC08_118038_20151022,LC08_L2SP_118038_20151022_20200908_02_T1,,118.0,38.0,1,"predeclared policy: FULL_CELL_COVERED + autumn DOY 260-320 + scene cloud <= 0.30; rank = (cloud asc, |doy-290| asc, event_id asc)","{""coverage_tier"": ""STRICT_FULL"", ""n_autumn_events"": 6, ""n_eligible_after_gates"": 2, ""n_intersecting_events"": 31, ""n_pool_for_tier"": 3, ""selection_rank_of_pool"": ""1 of 2 eligible""}"
NP19_R00347-C00151_S1_2015_A,CNA10K-R00347-C00151,sentinel1,2015,SECONDARY,A,SELECTED,EVT-S1-5ad5298373730214,2015-09-18T09:54:28+00:00,261,AUTUMN_PRIMARY_V1_CANDIDATE,FULL_CELL_COVERED,S1_ACTUAL_FOOTPRINT,,,,ASC,171.0,Sentinel-1A,S1A_IW_GRDH_1SDV_20150918T095428_20150918T095453_007768_00ACD0_1804,S1A_IW_GRDH_1SDV_20150918T095428_20150918T095453_007768_00ACD0_1804,,,,1,"predeclared policy: ASC IW GRD VV+VH, autumn DOY 260-320; rank = (|doy-290| asc, event_id asc); passes never fused","{""coverage_tier"": ""S1_ACTUAL_FOOTPRINT"", ""n_eligible_after_gates"": 1, ""n_intersecting_scenes"": 11, ""selection_rank_of_pool"": ""1 of 1 eligible""}"
,CNA10K-R00347-C00151,sentinel1,2015,SECONDARY,D,NO_ELIGIBLE_EVENT,,,,,,,,,,,,,,,,,,,no DESC IW VV+VH scene in the autumn window DOY 260-320,"{""n_intersecting_scenes"": 11}"
,CNA10K-R00347-C00151,sentinel2,2015,SECONDARY,DEFAULT,NO_ELIGIBLE_EVENT,,,,,,,,,,,,,,,,,,,no event inside the predeclared autumn window DOY 260-320,"{""n_intersecting_events"": 3}"
NP19_R00347-C00151_L8_2020,CNA10K-R00347-C00151,landsat8,2020,PRIMARY,DEFAULT,SELECTED,EVT-L-a2252467549bb823,2020-11-11T00:00:00+00:00,316,AUTUMN_PRIMARY_V1_CANDIDATE,PARTIAL_CELL_OVERLAP,NEAR_FULL_NOMINAL_TOLERANCE,WRS2_NOMINAL_FRAME_NEAR_FULL_TOLERANCE_V1,0.9003674085936562,0.10619999999999999,,,,LC08_119038_20201111,LC08_L2SP_119038_20201111_20210316_02_T1,,119.0,38.0,1,"no strict-full cloud-eligible autumn scene; predeclared near-full tolerance (nominal WRS-2 frame cover >= 0.90) + autumn DOY 260-320 + scene cloud <= 0.30; rank = (cloud asc, |doy-290| asc, event_id asc); Phase H geometric gate applies","{""coverage_tier"": ""NEAR_FULL_NOMINAL_TOLERANCE"", ""n_autumn_events"": 5, ""n_eligible_after_gates"": 3, ""n_intersecting_events"": 32, ""n_pool_for_tier"": 4, ""nominal_coverage_fraction"": 0.9003674085936562, ""post_export_gate"": {""measure"": ""geometric valid fraction (QA_PIXEL fill bit clear) over the landed export grid"", ""min_required"": 0.95, ""on_fail"": ""product marked GEOMETRY_FAIL and excluded"", ""phase"": ""H""}, ""selection_rank_of_pool"": ""1 of 3 eligible""}"
NP19_R00347-C00151_S1_2020_A,CNA10K-R00347-C00151,sentinel1,2020,PRIMARY,A,SELECTED,EVT-S1-5e515419d097e7e3,2020-10-15T09:54:27+00:00,289,AUTUMN_PRIMARY_V1_CANDIDATE,FULL_CELL_COVERED,S1_ACTUAL_FOOTPRINT,,,,ASC,171.0,Sentinel-1B,S1B_IW_GRDH_1SDV_20201015T095427_20201015T095452_023822_02D450_70EA,S1B_IW_GRDH_1SDV_20201015T095427_20201015T095452_023822_02D450_70EA,,,,1,"predeclared policy: ASC IW GRD VV+VH, autumn DOY 260-320; rank = (|doy-290| asc, event_id asc); passes never fused","{""coverage_tier"": ""S1_ACTUAL_FOOTPRINT"", ""n_eligible_after_gates"": 15, ""n_intersecting_scenes"": 85, ""selection_rank_of_pool"": ""1 of 15 eligible""}"
,CNA10K-R00347-C00151,sentinel1,2020,PRIMARY,D,NO_ELIGIBLE_EVENT,,,,,,,,,,,,,,,,,,,no DESC IW VV+VH scene in the autumn window DOY 260-320,"{""n_intersecting_scenes"": 85}"
NP19_R00347-C00151_S2_2020,CNA10K-R00347-C00151,sentinel2,2020,PRIMARY,DEFAULT,SELECTED,EVT-S2-8b122a0c8574b197,2020-10-30T02:48:55.543000+00:00,304,AUTUMN_PRIMARY_V1_CANDIDATE,FULL_CELL_COVERED,STRICT_FULL,SAME_DATATAKE_MEMBER_TILE_UNION_COVERS_CELL,,0.03943378,,,Sentinel-2A,20201030T023831_20201030T023833_T51RUQ|20201030T023831_20201030T023833_T51SUR,S2A_MSIL2A_20201030T023831_N0500_R089_T51RUQ_20230414T211702|S2A_MSIL2A_20201030T023831_N0500_R089_T51SUR_20230414T211702,51RUQ|51SUR,,,2,"predeclared policy: FULL_CELL_COVERED + autumn DOY 260-320 + scene cloud <= 0.30; rank = (cloud asc, |doy-290| asc, event_id asc)","{""coverage_tier"": ""STRICT_FULL"", ""n_autumn_events"": 27, ""n_eligible_after_gates"": 8, ""n_intersecting_events"": 162, ""n_pool_for_tier"": 21, ""selection_rank_of_pool"": ""1 of 8 eligible""}"
NP19_R00347-C00151_S1_2021_A,CNA10K-R00347-C00151,sentinel1,2021,PRIMARY,A,SELECTED,EVT-S1-721d8b16479b63f5,2021-10-16T09:55:04+00:00,289,AUTUMN_PRIMARY_V1_CANDIDATE,PARTIAL_CELL_OVERLAP,S1_ACTUAL_FOOTPRINT,,,,ASC,171.0,Sentinel-1A,S1A_IW_GRDH_1SDV_20211016T095504_20211016T095529_040143_04C109_88FE,S1A_IW_GRDH_1SDV_20211016T095504_20211016T095529_040143_04C109_88FE,,,,1,"predeclared policy: ASC IW GRD VV+VH, autumn DOY 260-320; rank = (|doy-290| asc, event_id asc); passes never fused","{""coverage_tier"": ""S1_ACTUAL_FOOTPRINT"", ""n_eligible_after_gates"": 15, ""n_intersecting_scenes"": 86, ""selection_rank_of_pool"": ""1 of 15 eligible""}"
,CNA10K-R00347-C00151,sentinel1,2021,PRIMARY,D,NO_ELIGIBLE_EVENT,,,,,,,,,,,,,,,,,,,no DESC IW VV+VH scene in the autumn window DOY 260-320,"{""n_intersecting_scenes"": 86}"
NP19_R00347-C00151_S2_2021,CNA10K-R00347-C00151,sentinel2,2021,PRIMARY,DEFAULT,SELECTED,EVT-S2-2804d7904a4dae97,2021-09-22T02:38:56.913000+00:00,265,AUTUMN_PRIMARY_V1_CANDIDATE,FULL_CELL_COVERED,STRICT_FULL,SAME_DATATAKE_MEMBER_TILE_UNION_COVERS_CELL,,0.00016344000000000002,,,Sentinel-2A,20210922T022551_20210922T023225_T51RUQ|20210922T022551_20210922T023225_T51SUR,S2A_MSIL2A_20210922T022551_N0500_R046_T51RUQ_20230119T080623|S2A_MSIL2A_20210922T022551_N0500_R046_T51SUR_20230119T080623,51RUQ|51SUR,,,2,"predeclared policy: FULL_CELL_COVERED + autumn DOY 260-320 + scene cloud <= 0.30; rank = (cloud asc, |doy-290| asc, event_id asc)","{""coverage_tier"": ""STRICT_FULL"", ""n_autumn_events"": 28, ""n_eligible_after_gates"": 7, ""n_intersecting_events"": 160, ""n_pool_for_tier"": 22, ""selection_rank_of_pool"": ""1 of 7 eligible""}"
NP19_R00347-C00151_L8_2021,CNA10K-R00347-C00151,landsat8,2021,SECONDARY,DEFAULT,SELECTED,EVT-L-83115ecc2d22e985,2021-10-06T00:00:00+00:00,279,AUTUMN_PRIMARY_V1_CANDIDATE,FULL_CELL_COVERED,STRICT_FULL,WRS2_NOMINAL_FRAME_FULL,1.0,0.26899999999999996,,,,LC08_118038_20211006,LC08_L2SP_118038_20211006_20211013_02_T1,,118.0,38.0,1,"predeclared policy: FULL_CELL_COVERED + autumn DOY 260-320 + scene cloud <= 0.30; rank = (cloud asc, |doy-290| asc, event_id asc)","{""coverage_tier"": ""STRICT_FULL"", ""n_autumn_events"": 7, ""n_eligible_after_gates"": 1, ""n_intersecting_events"": 34, ""n_pool_for_tier"": 4, ""selection_rank_of_pool"": ""1 of 1 eligible""}"
NP19_R00236-C00083_L5_1990,CNA10K-R00236-C00083,landsat5,1990,PRIMARY,DEFAULT,SELECTED,EVT-L-1f5d83bceeff5613,1990-10-29T00:00:00+00:00,302,AUTUMN_PRIMARY_V1_CANDIDATE,PARTIAL_CELL_OVERLAP,NEAR_FULL_NOMINAL_TOLERANCE,WRS2_NOMINAL_FRAME_NEAR_FULL_TOLERANCE_V1,0.9427119172108176,0.27,,,,LT05_122045_19901029,LT05_L2SP_122045_19901029_20200915_02_T1,,122.0,45.0,1,"no strict-full cloud-eligible autumn scene; predeclared near-full tolerance (nominal WRS-2 frame cover >= 0.90) + autumn DOY 260-320 + scene cloud <= 0.30; rank = (cloud asc, |doy-290| asc, event_id asc); Phase H geometric gate applies","{""coverage_tier"": ""NEAR_FULL_NOMINAL_TOLERANCE"", ""n_autumn_events"": 6, ""n_eligible_after_gates"": 1, ""n_intersecting_events"": 19, ""n_pool_for_tier"": 3, ""nominal_coverage_fraction"": 0.9427119172108176, ""post_export_gate"": {""measure"": ""geometric valid fraction (QA_PIXEL fill bit clear) over the landed export grid"", ""min_required"": 0.95, ""on_fail"": ""product marked GEOMETRY_FAIL and excluded"", ""phase"": ""H""}, ""selection_rank_of_pool"": ""1 of 1 eligible""}"
NP19_R00236-C00083_L5_2000,CNA10K-R00236-C00083,landsat5,2000,PRIMARY,DEFAULT,SELECTED,EVT-L-dc0400ee11b00cf7,2000-10-24T00:00:00+00:00,298,AUTUMN_PRIMARY_V1_CANDIDATE,PARTIAL_CELL_OVERLAP,NEAR_FULL_NOMINAL_TOLERANCE,WRS2_NOMINAL_FRAME_NEAR_FULL_TOLERANCE_V1,0.9427119172108176,0.07,,,,LT05_122045_20001024,LT05_L2SP_122045_20001024_20200906_02_T1,,122.0,45.0,1,"no strict-full cloud-eligible autumn scene; predeclared near-full tolerance (nominal WRS-2 frame cover >= 0.90) + autumn DOY 260-320 + scene cloud <= 0.30; rank = (cloud asc, |doy-290| asc, event_id asc); Phase H geometric gate applies","{""coverage_tier"": ""NEAR_FULL_NOMINAL_TOLERANCE"", ""n_autumn_events"": 6, ""n_eligible_after_gates"": 2, ""n_intersecting_events"": 34, ""n_pool_for_tier"": 3, ""nominal_coverage_fraction"": 0.9427119172108176, ""post_export_gate"": {""measure"": ""geometric valid fraction (QA_PIXEL fill bit clear) over the landed export grid"", ""min_required"": 0.95, ""on_fail"": ""product marked GEOMETRY_FAIL and excluded"", ""phase"": ""H""}, ""selection_rank_of_pool"": ""1 of 2 eligible""}"
NP19_R00236-C00083_L8_2015,CNA10K-R00236-C00083,landsat8,2015,PRIMARY,DEFAULT,SELECTED,EVT-L-e470cb62fc6c4c2b,2015-10-18T00:00:00+00:00,291,AUTUMN_PRIMARY_V1_CANDIDATE,PARTIAL_CELL_OVERLAP,NEAR_FULL_NOMINAL_TOLERANCE,WRS2_NOMINAL_FRAME_NEAR_FULL_TOLERANCE_V1,0.9427119172108176,0.17809999999999998,,,,LC08_122045_20151018,LC08_L2SP_122045_20151018_20200908_02_T1,,122.0,45.0,1,"no strict-full cloud-eligible autumn scene; predeclared near-full tolerance (nominal WRS-2 frame cover >= 0.90) + autumn DOY 260-320 + scene cloud <= 0.30; rank = (cloud asc, |doy-290| asc, event_id asc); Phase H geometric gate applies","{""coverage_tier"": ""NEAR_FULL_NOMINAL_TOLERANCE"", ""n_autumn_events"": 6, ""n_eligible_after_gates"": 1, ""n_intersecting_events"": 36, ""n_pool_for_tier"": 3, ""nominal_coverage_fraction"": 0.9427119172108176, ""post_export_gate"": {""measure"": ""geometric valid fraction (QA_PIXEL fill bit clear) over the landed export grid"", ""min_required"": 0.95, ""on_fail"": ""product marked GEOMETRY_FAIL and excluded"", ""phase"": ""H""}, ""selection_rank_of_pool"": ""1 of 1 eligible""}"
NP19_R00236-C00083_S1_2015_A,CNA10K-R00236-C00083,sentinel1,2015,SECONDARY,A,SELECTED,EVT-S1-bd1dbd33f29795d3,2015-10-13T10:33:16+00:00,286,AUTUMN_PRIMARY_V1_CANDIDATE,FULL_CELL_COVERED,S1_ACTUAL_FOOTPRINT,,,,ASC,11.0,Sentinel-1A,S1A_IW_GRDH_1SDV_20151013T103316_20151013T103345_008133_00B69F_093F,S1A_IW_GRDH_1SDV_20151013T103316_20151013T103345_008133_00B69F_093F,,,,1,"predeclared policy: ASC IW GRD VV+VH, autumn DOY 260-320; rank = (|doy-290| asc, event_id asc); passes never fused","{""coverage_tier"": ""S1_ACTUAL_FOOTPRINT"", ""n_eligible_after_gates"": 3, ""n_intersecting_scenes"": 15, ""selection_rank_of_pool"": ""1 of 3 eligible""}"
,CNA10K-R00236-C00083,sentinel1,2015,SECONDARY,D,NO_ELIGIBLE_EVENT,,,,,,,,,,,,,,,,,,,no DESC IW VV+VH scene in the autumn window DOY 260-320,"{""n_intersecting_scenes"": 15}"
,CNA10K-R00236-C00083,sentinel2,2015,SECONDARY,DEFAULT,NO_SCENE,,,,,,,,,,,,,,,,,,,no intersecting scene in the frozen census,{}
,CNA10K-R00236-C00083,landsat8,2020,PRIMARY,DEFAULT,NO_ELIGIBLE_EVENT,,,,,,,,,,,,,,,,,,,no eligible event after gates: 0 full-cover and 2 near-full (>=0.90) autumn events; scene cloud ceiling 0.30; near-full events all cloudy; min cloud 0.425,"{""min_autumn_cloud_fraction"": 0.42469999999999997, ""n_autumn_events"": 5, ""n_full_cover_autumn_events"": 0, ""n_intersecting_events"": 28, ""n_near_full_autumn_events"": 2}"
NP19_R00236-C00083_S1_2020_A,CNA10K-R00236-C00083,sentinel1,2020,PRIMARY,A,SELECTED,EVT-S1-1668050a8bc905ac,2020-10-10T10:33:32+00:00,284,AUTUMN_PRIMARY_V1_CANDIDATE,FULL_CELL_COVERED,S1_ACTUAL_FOOTPRINT,,,,ASC,11.0,Sentinel-1A,S1A_IW_GRDH_1SDV_20201010T103332_20201010T103401_034733_040BE5_2C53,S1A_IW_GRDH_1SDV_20201010T103332_20201010T103401_034733_040BE5_2C53,,,,1,"predeclared policy: ASC IW GRD VV+VH, autumn DOY 260-320; rank = (|doy-290| asc, event_id asc); passes never fused","{""coverage_tier"": ""S1_ACTUAL_FOOTPRINT"", ""n_eligible_after_gates"": 6, ""n_intersecting_scenes"": 29, ""selection_rank_of_pool"": ""1 of 6 eligible""}"
,CNA10K-R00236-C00083,sentinel1,2020,PRIMARY,D,NO_ELIGIBLE_EVENT,,,,,,,,,,,,,,,,,,,no DESC IW VV+VH scene in the autumn window DOY 260-320,"{""n_intersecting_scenes"": 29}"
NP19_R00236-C00083_S2_2020,CNA10K-R00236-C00083,sentinel2,2020,PRIMARY,DEFAULT,SELECTED,EVT-S2-267a33dcde78dde3,2020-11-05T03:11:53.074000+00:00,310,AUTUMN_PRIMARY_V1_CANDIDATE,FULL_CELL_COVERED,STRICT_FULL,SAME_DATATAKE_MEMBER_TILE_UNION_COVERS_CELL,,0.01992863,,,Sentinel-2A,20201105T025911_20201105T031105_T49QGE,S2A_MSIL2A_20201105T025911_N0500_R032_T49QGE_20230320T185816,49QGE,,,1,"predeclared policy: FULL_CELL_COVERED + autumn DOY 260-320 + scene cloud <= 0.30; rank = (cloud asc, |doy-290| asc, event_id asc)","{""coverage_tier"": ""STRICT_FULL"", ""n_autumn_events"": 12, ""n_eligible_after_gates"": 4, ""n_intersecting_events"": 71, ""n_pool_for_tier"": 12, ""selection_rank_of_pool"": ""1 of 4 eligible""}"
NP19_R00236-C00083_S1_2021_A,CNA10K-R00236-C00083,sentinel1,2021,PRIMARY,A,SELECTED,EVT-S1-70ff819ef1944722,2021-10-17T10:33:37+00:00,290,AUTUMN_PRIMARY_V1_CANDIDATE,FULL_CELL_COVERED,S1_ACTUAL_FOOTPRINT,,,,ASC,11.0,Sentinel-1A,S1A_IW_GRDH_1SDV_20211017T103337_20211017T103406_040158_04C18D_30B8,S1A_IW_GRDH_1SDV_20211017T103337_20211017T103406_040158_04C18D_30B8,,,,1,"predeclared policy: ASC IW GRD VV+VH, autumn DOY 260-320; rank = (|doy-290| asc, event_id asc); passes never fused","{""coverage_tier"": ""S1_ACTUAL_FOOTPRINT"", ""n_eligible_after_gates"": 6, ""n_intersecting_scenes"": 33, ""selection_rank_of_pool"": ""1 of 6 eligible""}"
,CNA10K-R00236-C00083,sentinel1,2021,PRIMARY,D,NO_ELIGIBLE_EVENT,,,,,,,,,,,,,,,,,,,no DESC IW VV+VH scene in the autumn window DOY 260-320,"{""n_intersecting_scenes"": 33}"
NP19_R00236-C00083_S2_2021,CNA10K-R00236-C00083,sentinel2,2021,PRIMARY,DEFAULT,SELECTED,EVT-S2-4c963e4ebb676c7e,2021-10-06T03:11:46.025000+00:00,279,AUTUMN_PRIMARY_V1_CANDIDATE,FULL_CELL_COVERED,STRICT_FULL,SAME_DATATAKE_MEMBER_TILE_UNION_COVERS_CELL,,0.00157348,,,Sentinel-2B,20211006T025559_20211006T030106_T49QGE,S2B_MSIL2A_20211006T025559_N0500_R032_T49QGE_20230108T011713,49QGE,,,1,"predeclared policy: FULL_CELL_COVERED + autumn DOY 260-320 + scene cloud <= 0.30; rank = (cloud asc, |doy-290| asc, event_id asc)","{""coverage_tier"": ""STRICT_FULL"", ""n_autumn_events"": 13, ""n_eligible_after_gates"": 6, ""n_intersecting_events"": 74, ""n_pool_for_tier"": 13, ""selection_rank_of_pool"": ""1 of 6 eligible""}"
NP19_R00236-C00083_L8_2021,CNA10K-R00236-C00083,landsat8,2021,SECONDARY,DEFAULT,SELECTED,EVT-L-5a256621d25c3788,2021-10-02T00:00:00+00:00,275,AUTUMN_PRIMARY_V1_CANDIDATE,PARTIAL_CELL_OVERLAP,NEAR_FULL_NOMINAL_TOLERANCE,WRS2_NOMINAL_FRAME_NEAR_FULL_TOLERANCE_V1,0.9427119172108176,0.08130000000000001,,,,LC08_122045_20211002,LC08_L2SP_122045_20211002_20211013_02_T1,,122.0,45.0,1,"no strict-full cloud-eligible autumn scene; predeclared near-full tolerance (nominal WRS-2 frame cover >= 0.90) + autumn DOY 260-320 + scene cloud <= 0.30; rank = (cloud asc, |doy-290| asc, event_id asc); Phase H geometric gate applies","{""coverage_tier"": ""NEAR_FULL_NOMINAL_TOLERANCE"", ""n_autumn_events"": 6, ""n_eligible_after_gates"": 1, ""n_intersecting_events"": 33, ""n_pool_for_tier"": 3, ""nominal_coverage_fraction"": 0.9427119172108176, ""post_export_gate"": {""measure"": ""geometric valid fraction (QA_PIXEL fill bit clear) over the landed export grid"", ""min_required"": 0.95, ""on_fail"": ""product marked GEOMETRY_FAIL and excluded"", ""phase"": ""H""}, ""selection_rank_of_pool"": ""1 of 1 eligible""}"
,CNA10K-R00346-C00154,landsat5,1990,PRIMARY,DEFAULT,NO_ELIGIBLE_EVENT,,,,,,,,,,,,,,,,,,,no eligible event after gates: 1 full-cover and 0 near-full (>=0.90) autumn events; scene cloud ceiling 0.30; full-cover events all cloudy; min cloud 0.660,"{""min_autumn_cloud_fraction"": 0.66, ""n_autumn_events"": 1, ""n_full_cover_autumn_events"": 1, ""n_intersecting_events"": 14, ""n_near_full_autumn_events"": 0}"
NP19_R00346-C00154_L7_2000,CNA10K-R00346-C00154,landsat7,2000,PRIMARY,DEFAULT,SELECTED,EVT-L-26a14ff0a7a392c7,2000-09-18T00:00:00+00:00,262,AUTUMN_PRIMARY_V1_CANDIDATE,FULL_CELL_COVERED,STRICT_FULL,WRS2_NOMINAL_FRAME_FULL,1.0,0.0,,,,LE07_118038_20000918,LE07_L2SP_118038_20000918_20200918_02_T1,,118.0,38.0,1,"predeclared policy: FULL_CELL_COVERED + autumn DOY 260-320 + scene cloud <= 0.30; rank = (cloud asc, |doy-290| asc, event_id asc)","{""coverage_tier"": ""STRICT_FULL"", ""n_autumn_events"": 3, ""n_eligible_after_gates"": 3, ""n_intersecting_events"": 17, ""n_pool_for_tier"": 3, ""selection_rank_of_pool"": ""1 of 3 eligible""}"
NP19_R00346-C00154_L8_2015,CNA10K-R00346-C00154,landsat8,2015,PRIMARY,DEFAULT,SELECTED,EVT-L-55163a3a9a14a4b8,2015-10-22T00:00:00+00:00,295,AUTUMN_PRIMARY_V1_CANDIDATE,FULL_CELL_COVERED,STRICT_FULL,WRS2_NOMINAL_FRAME_FULL,1.0,0.14029999999999998,,,,LC08_118038_20151022,LC08_L2SP_118038_20151022_20200908_02_T1,,118.0,38.0,1,"predeclared policy: FULL_CELL_COVERED + autumn DOY 260-320 + scene cloud <= 0.30; rank = (cloud asc, |doy-290| asc, event_id asc)","{""coverage_tier"": ""STRICT_FULL"", ""n_autumn_events"": 3, ""n_eligible_after_gates"": 2, ""n_intersecting_events"": 17, ""n_pool_for_tier"": 3, ""selection_rank_of_pool"": ""1 of 2 eligible""}"
NP19_R00346-C00154_S1_2015_A,CNA10K-R00346-C00154,sentinel1,2015,SECONDARY,A,SELECTED,EVT-S1-5ad5298373730214,2015-09-18T09:54:28+00:00,261,AUTUMN_PRIMARY_V1_CANDIDATE,FULL_CELL_COVERED,S1_ACTUAL_FOOTPRINT,,,,ASC,171.0,Sentinel-1A,S1A_IW_GRDH_1SDV_20150918T095428_20150918T095453_007768_00ACD0_1804,S1A_IW_GRDH_1SDV_20150918T095428_20150918T095453_007768_00ACD0_1804,,,,1,"predeclared policy: ASC IW GRD VV+VH, autumn DOY 260-320; rank = (|doy-290| asc, event_id asc); passes never fused","{""coverage_tier"": ""S1_ACTUAL_FOOTPRINT"", ""n_eligible_after_gates"": 1, ""n_intersecting_scenes"": 13, ""selection_rank_of_pool"": ""1 of 1 eligible""}"
,CNA10K-R00346-C00154,sentinel1,2015,SECONDARY,D,NO_ELIGIBLE_EVENT,,,,,,,,,,,,,,,,,,,no DESC IW VV+VH scene in the autumn window DOY 260-320,"{""n_intersecting_scenes"": 13}"
,CNA10K-R00346-C00154,sentinel2,2015,SECONDARY,DEFAULT,NO_ELIGIBLE_EVENT,,,,,,,,,,,,,,,,,,,no event inside the predeclared autumn window DOY 260-320,"{""n_intersecting_events"": 2}"
,CNA10K-R00346-C00154,landsat8,2020,PRIMARY,DEFAULT,NO_ELIGIBLE_EVENT,,,,,,,,,,,,,,,,,,,no eligible event after gates: 1 full-cover and 0 near-full (>=0.90) autumn events; scene cloud ceiling 0.30; full-cover events all cloudy; min cloud 0.711,"{""min_autumn_cloud_fraction"": 0.7111, ""n_autumn_events"": 1, ""n_full_cover_autumn_events"": 1, ""n_intersecting_events"": 14, ""n_near_full_autumn_events"": 0}"
NP19_R00346-C00154_S1_2020_A,CNA10K-R00346-C00154,sentinel1,2020,PRIMARY,A,SELECTED,EVT-S1-5e515419d097e7e3,2020-10-15T09:54:27+00:00,289,AUTUMN_PRIMARY_V1_CANDIDATE,FULL_CELL_COVERED,S1_ACTUAL_FOOTPRINT,,,,ASC,171.0,Sentinel-1B,S1B_IW_GRDH_1SDV_20201015T095427_20201015T095452_023822_02D450_70EA,S1B_IW_GRDH_1SDV_20201015T095427_20201015T095452_023822_02D450_70EA,,,,1,"predeclared policy: ASC IW GRD VV+VH, autumn DOY 260-320; rank = (|doy-290| asc, event_id asc); passes never fused","{""coverage_tier"": ""S1_ACTUAL_FOOTPRINT"", ""n_eligible_after_gates"": 10, ""n_intersecting_scenes"": 56, ""selection_rank_of_pool"": ""1 of 10 eligible""}"
,CNA10K-R00346-C00154,sentinel1,2020,PRIMARY,D,NO_ELIGIBLE_EVENT,,,,,,,,,,,,,,,,,,,no DESC IW VV+VH scene in the autumn window DOY 260-320,"{""n_intersecting_scenes"": 56}"
NP19_R00346-C00154_S2_2020,CNA10K-R00346-C00154,sentinel2,2020,PRIMARY,DEFAULT,SELECTED,EVT-S2-8b122a0c8574b197,2020-10-30T02:49:09.612000+00:00,304,AUTUMN_PRIMARY_V1_CANDIDATE,FULL_CELL_COVERED,STRICT_FULL,SAME_DATATAKE_MEMBER_TILE_UNION_COVERS_CELL,,0.03290794,,,Sentinel-2A,20201030T023831_20201030T023833_T51RUQ,S2A_MSIL2A_20201030T023831_N0500_R089_T51RUQ_20230414T211702,51RUQ,,,1,"predeclared policy: FULL_CELL_COVERED + autumn DOY 260-320 + scene cloud <= 0.30; rank = (cloud asc, |doy-290| asc, event_id asc)","{""coverage_tier"": ""STRICT_FULL"", ""n_autumn_events"": 24, ""n_eligible_after_gates"": 12, ""n_intersecting_events"": 147, ""n_pool_for_tier"": 24, ""selection_rank_of_pool"": ""1 of 12 eligible""}"
NP19_R00346-C00154_S1_2021_A,CNA10K-R00346-C00154,sentinel1,2021,PRIMARY,A,SELECTED,EVT-S1-721d8b16479b63f5,2021-10-16T09:55:04+00:00,289,AUTUMN_PRIMARY_V1_CANDIDATE,FULL_CELL_COVERED,S1_ACTUAL_FOOTPRINT,,,,ASC,171.0,Sentinel-1A,S1A_IW_GRDH_1SDV_20211016T095504_20211016T095529_040143_04C109_88FE,S1A_IW_GRDH_1SDV_20211016T095504_20211016T095529_040143_04C109_88FE,,,,1,"predeclared policy: ASC IW GRD VV+VH, autumn DOY 260-320; rank = (|doy-290| asc, event_id asc); passes never fused","{""coverage_tier"": ""S1_ACTUAL_FOOTPRINT"", ""n_eligible_after_gates"": 10, ""n_intersecting_scenes"": 57, ""selection_rank_of_pool"": ""1 of 10 eligible""}"
,CNA10K-R00346-C00154,sentinel1,2021,PRIMARY,D,NO_ELIGIBLE_EVENT,,,,,,,,,,,,,,,,,,,no DESC IW VV+VH scene in the autumn window DOY 260-320,"{""n_intersecting_scenes"": 57}"
NP19_R00346-C00154_S2_2021,CNA10K-R00346-C00154,sentinel2,2021,PRIMARY,DEFAULT,SELECTED,EVT-S2-2804d7904a4dae97,2021-09-22T02:39:11.547000+00:00,265,AUTUMN_PRIMARY_V1_CANDIDATE,FULL_CELL_COVERED,STRICT_FULL,SAME_DATATAKE_MEMBER_TILE_UNION_COVERS_CELL,,0.00016344000000000002,,,Sentinel-2A,20210922T022551_20210922T023225_T51RUQ,S2A_MSIL2A_20210922T022551_N0500_R046_T51RUQ_20230119T080623,51RUQ,,,1,"predeclared policy: FULL_CELL_COVERED + autumn DOY 260-320 + scene cloud <= 0.30; rank = (cloud asc, |doy-290| asc, event_id asc)","{""coverage_tier"": ""STRICT_FULL"", ""n_autumn_events"": 25, ""n_eligible_after_gates"": 10, ""n_intersecting_events"": 147, ""n_pool_for_tier"": 25, ""selection_rank_of_pool"": ""1 of 10 eligible""}"
NP19_R00346-C00154_L8_2021,CNA10K-R00346-C00154,landsat8,2021,SECONDARY,DEFAULT,SELECTED,EVT-L-83115ecc2d22e985,2021-10-06T00:00:00+00:00,279,AUTUMN_PRIMARY_V1_CANDIDATE,FULL_CELL_COVERED,STRICT_FULL,WRS2_NOMINAL_FRAME_FULL,1.0,0.26899999999999996,,,,LC08_118038_20211006,LC08_L2SP_118038_20211006_20211013_02_T1,,118.0,38.0,1,"predeclared policy: FULL_CELL_COVERED + autumn DOY 260-320 + scene cloud <= 0.30; rank = (cloud asc, |doy-290| asc, event_id asc)","{""coverage_tier"": ""STRICT_FULL"", ""n_autumn_events"": 4, ""n_eligible_after_gates"": 1, ""n_intersecting_events"": 17, ""n_pool_for_tier"": 4, ""selection_rank_of_pool"": ""1 of 1 eligible""}"
,CNA10K-R00264-C00132,landsat5,1990,PRIMARY,DEFAULT,NO_ELIGIBLE_EVENT,,,,,,,,,,,,,,,,,,,no event inside the predeclared autumn window DOY 260-320,"{""n_intersecting_events"": 9}"
NP19_R00264-C00132_L7_2000,CNA10K-R00264-C00132,landsat7,2000,PRIMARY,DEFAULT,SELECTED,EVT-L-cd0e2e876c3bbc40,2000-09-25T00:00:00+00:00,269,AUTUMN_PRIMARY_V1_CANDIDATE,FULL_CELL_COVERED,STRICT_FULL,WRS2_NOMINAL_FRAME_FULL,1.0,0.12,,,,LE07_119043_20000925,LE07_L2SP_119043_20000925_20200917_02_T1,,119.0,43.0,1,"predeclared policy: FULL_CELL_COVERED + autumn DOY 260-320 + scene cloud <= 0.30; rank = (cloud asc, |doy-290| asc, event_id asc)","{""coverage_tier"": ""STRICT_FULL"", ""n_autumn_events"": 3, ""n_eligible_after_gates"": 1, ""n_intersecting_events"": 16, ""n_pool_for_tier"": 3, ""selection_rank_of_pool"": ""1 of 1 eligible""}"
NP19_R00264-C00132_L8_2015,CNA10K-R00264-C00132,landsat8,2015,PRIMARY,DEFAULT,SELECTED,EVT-L-a0ca3e1e418761a5,2015-10-13T00:00:00+00:00,286,AUTUMN_PRIMARY_V1_CANDIDATE,FULL_CELL_COVERED,STRICT_FULL,WRS2_NOMINAL_FRAME_FULL,1.0,0.0633,,,,LC08_119043_20151013,LC08_L2SP_119043_20151013_20200908_02_T1,,119.0,43.0,1,"predeclared policy: FULL_CELL_COVERED + autumn DOY 260-320 + scene cloud <= 0.30; rank = (cloud asc, |doy-290| asc, event_id asc)","{""coverage_tier"": ""STRICT_FULL"", ""n_autumn_events"": 4, ""n_eligible_after_gates"": 2, ""n_intersecting_events"": 14, ""n_pool_for_tier"": 4, ""selection_rank_of_pool"": ""1 of 2 eligible""}"
NP19_R00264-C00132_S1_2015_A,CNA10K-R00264-C00132,sentinel1,2015,SECONDARY,A,SELECTED,EVT-S1-97340dc8b3b64491,2015-10-15T10:17:24+00:00,288,AUTUMN_PRIMARY_V1_CANDIDATE,FULL_CELL_COVERED,S1_ACTUAL_FOOTPRINT,,,,ASC,40.0,Sentinel-1A,S1A_IW_GRDH_1SDV_20151015T101724_20151015T101749_008162_00B76C_408B,S1A_IW_GRDH_1SDV_20151015T101724_20151015T101749_008162_00B76C_408B,,,,1,"predeclared policy: ASC IW GRD VV+VH, autumn DOY 260-320; rank = (|doy-290| asc, event_id asc); passes never fused","{""coverage_tier"": ""S1_ACTUAL_FOOTPRINT"", ""n_eligible_after_gates"": 9, ""n_intersecting_scenes"": 32, ""selection_rank_of_pool"": ""1 of 9 eligible""}"
,CNA10K-R00264-C00132,sentinel1,2015,SECONDARY,D,NO_ELIGIBLE_EVENT,,,,,,,,,,,,,,,,,,,no DESC IW VV+VH scene in the autumn window DOY 260-320,"{""n_intersecting_scenes"": 32}"
,CNA10K-R00264-C00132,sentinel2,2015,SECONDARY,DEFAULT,NO_ELIGIBLE_EVENT,,,,,,,,,,,,,,,,,,,no event inside the predeclared autumn window DOY 260-320,"{""n_intersecting_events"": 1}"
NP19_R00264-C00132_L8_2020,CNA10K-R00264-C00132,landsat8,2020,PRIMARY,DEFAULT,SELECTED,EVT-L-5431eaaaeb70d176,2020-11-11T00:00:00+00:00,316,AUTUMN_PRIMARY_V1_CANDIDATE,FULL_CELL_COVERED,STRICT_FULL,WRS2_NOMINAL_FRAME_FULL,1.0,0.0728,,,,LC08_119043_20201111,LC08_L2SP_119043_20201111_20210316_02_T1,,119.0,43.0,1,"predeclared policy: FULL_CELL_COVERED + autumn DOY 260-320 + scene cloud <= 0.30; rank = (cloud asc, |doy-290| asc, event_id asc)","{""coverage_tier"": ""STRICT_FULL"", ""n_autumn_events"": 3, ""n_eligible_after_gates"": 1, ""n_intersecting_events"": 19, ""n_pool_for_tier"": 3, ""selection_rank_of_pool"": ""1 of 1 eligible""}"
NP19_R00264-C00132_S1_2020_A,CNA10K-R00264-C00132,sentinel1,2020,PRIMARY,A,SELECTED,EVT-S1-112188cf9c51931e,2020-10-19T10:09:41+00:00,293,AUTUMN_PRIMARY_V1_CANDIDATE,FULL_CELL_COVERED,S1_ACTUAL_FOOTPRINT,,,,ASC,142.0,Sentinel-1A,S1A_IW_GRDH_1SDV_20201019T100941_20201019T101010_034864_04107F_D677,S1A_IW_GRDH_1SDV_20201019T100941_20201019T101010_034864_04107F_D677,,,,1,"predeclared policy: ASC IW GRD VV+VH, autumn DOY 260-320; rank = (|doy-290| asc, event_id asc); passes never fused","{""coverage_tier"": ""S1_ACTUAL_FOOTPRINT"", ""n_eligible_after_gates"": 10, ""n_intersecting_scenes"": 61, ""selection_rank_of_pool"": ""1 of 10 eligible""}"
,CNA10K-R00264-C00132,sentinel1,2020,PRIMARY,D,NO_ELIGIBLE_EVENT,,,,,,,,,,,,,,,,,,,no DESC IW VV+VH scene in the autumn window DOY 260-320,"{""n_intersecting_scenes"": 61}"
NP19_R00264-C00132_S2_2020,CNA10K-R00264-C00132,sentinel2,2020,PRIMARY,DEFAULT,SELECTED,EVT-S2-37eb26fb905da515,2020-10-25T02:50:59.576000+00:00,299,AUTUMN_PRIMARY_V1_CANDIDATE,FULL_CELL_COVERED,STRICT_FULL,SAME_DATATAKE_MEMBER_TILE_UNION_COVERS_CELL,,0.1264478,,,Sentinel-2B,20201025T023759_20201025T024630_T50RPN,S2B_MSIL2A_20201025T023759_N0214_R089_T50RPN_20201025T052332,50RPN,,,1,"predeclared policy: FULL_CELL_COVERED + autumn DOY 260-320 + scene cloud <= 0.30; rank = (cloud asc, |doy-290| asc, event_id asc)","{""coverage_tier"": ""STRICT_FULL"", ""n_autumn_events"": 12, ""n_eligible_after_gates"": 3, ""n_intersecting_events"": 73, ""n_pool_for_tier"": 12, ""selection_rank_of_pool"": ""1 of 3 eligible""}"
NP19_R00264-C00132_S1_2021_A,CNA10K-R00264-C00132,sentinel1,2021,PRIMARY,A,SELECTED,EVT-S1-3e198163819d5551,2021-10-19T10:17:41+00:00,292,AUTUMN_PRIMARY_V1_CANDIDATE,FULL_CELL_COVERED,S1_ACTUAL_FOOTPRINT,,,,ASC,40.0,Sentinel-1A,S1A_IW_GRDH_1SDV_20211019T101741_20211019T101810_040187_04C292_3820,S1A_IW_GRDH_1SDV_20211019T101741_20211019T101810_040187_04C292_3820,,,,1,"predeclared policy: ASC IW GRD VV+VH, autumn DOY 260-320; rank = (|doy-290| asc, event_id asc); passes never fused","{""coverage_tier"": ""S1_ACTUAL_FOOTPRINT"", ""n_eligible_after_gates"": 10, ""n_intersecting_scenes"": 61, ""selection_rank_of_pool"": ""1 of 10 eligible""}"
,CNA10K-R00264-C00132,sentinel1,2021,PRIMARY,D,NO_ELIGIBLE_EVENT,,,,,,,,,,,,,,,,,,,no DESC IW VV+VH scene in the autumn window DOY 260-320,"{""n_intersecting_scenes"": 61}"
NP19_R00264-C00132_S2_2021,CNA10K-R00264-C00132,sentinel2,2021,PRIMARY,DEFAULT,SELECTED,EVT-S2-d9414b9bc716452f,2021-09-20T02:50:53.173000+00:00,263,AUTUMN_PRIMARY_V1_CANDIDATE,FULL_CELL_COVERED,STRICT_FULL,SAME_DATATAKE_MEMBER_TILE_UNION_COVERS_CELL,,0.01736019,,,Sentinel-2B,20210920T023549_20210920T024414_T50RPN,S2B_MSIL2A_20210920T023549_N0500_R089_T50RPN_20230128T122816,50RPN,,,1,"predeclared policy: FULL_CELL_COVERED + autumn DOY 260-320 + scene cloud <= 0.30; rank = (cloud asc, |doy-290| asc, event_id asc)","{""coverage_tier"": ""STRICT_FULL"", ""n_autumn_events"": 12, ""n_eligible_after_gates"": 6, ""n_intersecting_events"": 73, ""n_pool_for_tier"": 12, ""selection_rank_of_pool"": ""1 of 6 eligible""}"
NP19_R00264-C00132_L8_2021,CNA10K-R00264-C00132,landsat8,2021,SECONDARY,DEFAULT,SELECTED,EVT-L-15effed854cb6354,2021-09-27T00:00:00+00:00,270,AUTUMN_PRIMARY_V1_CANDIDATE,FULL_CELL_COVERED,STRICT_FULL,WRS2_NOMINAL_FRAME_FULL,1.0,0.11710000000000001,,,,LC08_119043_20210927,LC08_L2SP_119043_20210927_20211001_02_T1,,119.0,43.0,1,"predeclared policy: FULL_CELL_COVERED + autumn DOY 260-320 + scene cloud <= 0.30; rank = (cloud asc, |doy-290| asc, event_id asc)","{""coverage_tier"": ""STRICT_FULL"", ""n_autumn_events"": 3, ""n_eligible_after_gates"": 2, ""n_intersecting_events"": 16, ""n_pool_for_tier"": 3, ""selection_rank_of_pool"": ""1 of 2 eligible""}"
NP19_R00388-C00129_L5_1990,CNA10K-R00388-C00129,landsat5,1990,PRIMARY,DEFAULT,SELECTED,EVT-L-f10bd956bdff34dc,1990-10-15T00:00:00+00:00,288,AUTUMN_PRIMARY_V1_CANDIDATE,FULL_CELL_COVERED,STRICT_FULL,WRS2_NOMINAL_FRAME_FULL,1.0,0.0,,,,LT05_120035_19901015,LT05_L2SP_120035_19901015_20200915_02_T1,,120.0,35.0,1,"predeclared policy: FULL_CELL_COVERED + autumn DOY 260-320 + scene cloud <= 0.30; rank = (cloud asc, |doy-290| asc, event_id asc)","{""coverage_tier"": ""STRICT_FULL"", ""n_autumn_events"": 4, ""n_eligible_after_gates"": 2, ""n_intersecting_events"": 18, ""n_pool_for_tier"": 4, ""selection_rank_of_pool"": ""1 of 2 eligible""}"
NP19_R00388-C00129_L5_2000,CNA10K-R00388-C00129,landsat5,2000,PRIMARY,DEFAULT,SELECTED,EVT-L-ce5da4c4cbdcfbc8,2000-10-26T00:00:00+00:00,300,AUTUMN_PRIMARY_V1_CANDIDATE,FULL_CELL_COVERED,STRICT_FULL,WRS2_NOMINAL_FRAME_FULL,1.0,0.04,,,,LT05_120035_20001026,LT05_L2SP_120035_20001026_20200906_02_T1,,120.0,35.0,1,"predeclared policy: FULL_CELL_COVERED + autumn DOY 260-320 + scene cloud <= 0.30; rank = (cloud asc, |doy-290| asc, event_id asc)","{""coverage_tier"": ""STRICT_FULL"", ""n_autumn_events"": 4, ""n_eligible_after_gates"": 1, ""n_intersecting_events"": 18, ""n_pool_for_tier"": 4, ""selection_rank_of_pool"": ""1 of 1 eligible""}"
NP19_R00388-C00129_L8_2015,CNA10K-R00388-C00129,landsat8,2015,PRIMARY,DEFAULT,SELECTED,EVT-L-ecbd1c70b9042fff,2015-10-20T00:00:00+00:00,293,AUTUMN_PRIMARY_V1_CANDIDATE,FULL_CELL_COVERED,STRICT_FULL,WRS2_NOMINAL_FRAME_FULL,1.0,0.0949,,,,LC08_120035_20151020,LC08_L2SP_120035_20151020_20200908_02_T1,,120.0,35.0,1,"predeclared policy: FULL_CELL_COVERED + autumn DOY 260-320 + scene cloud <= 0.30; rank = (cloud asc, |doy-290| asc, event_id asc)","{""coverage_tier"": ""STRICT_FULL"", ""n_autumn_events"": 3, ""n_eligible_after_gates"": 1, ""n_intersecting_events"": 15, ""n_pool_for_tier"": 3, ""selection_rank_of_pool"": ""1 of 1 eligible""}"
,CNA10K-R00388-C00129,sentinel1,2015,SECONDARY,A,NO_ELIGIBLE_EVENT,,,,,,,,,,,,,,,,,,,no ASC IW VV+VH scene in the autumn window DOY 260-320,"{""n_intersecting_scenes"": 6}"
,CNA10K-R00388-C00129,sentinel1,2015,SECONDARY,D,NO_ELIGIBLE_EVENT,,,,,,,,,,,,,,,,,,,no DESC IW VV+VH scene in the autumn window DOY 260-320,"{""n_intersecting_scenes"": 6}"
,CNA10K-R00388-C00129,sentinel2,2015,SECONDARY,DEFAULT,NO_ELIGIBLE_EVENT,,,,,,,,,,,,,,,,,,,no event inside the predeclared autumn window DOY 260-320,"{""n_intersecting_events"": 4}"
NP19_R00388-C00129_L8_2020,CNA10K-R00388-C00129,landsat8,2020,PRIMARY,DEFAULT,SELECTED,EVT-L-a80bce5f9d6957ce,2020-10-17T00:00:00+00:00,291,AUTUMN_PRIMARY_V1_CANDIDATE,FULL_CELL_COVERED,STRICT_FULL,WRS2_NOMINAL_FRAME_FULL,1.0,0.0027,,,,LC08_120035_20201017,LC08_L2SP_120035_20201017_20201105_02_T1,,120.0,35.0,1,"predeclared policy: FULL_CELL_COVERED + autumn DOY 260-320 + scene cloud <= 0.30; rank = (cloud asc, |doy-290| asc, event_id asc)","{""coverage_tier"": ""STRICT_FULL"", ""n_autumn_events"": 2, ""n_eligible_after_gates"": 1, ""n_intersecting_events"": 19, ""n_pool_for_tier"": 2, ""selection_rank_of_pool"": ""1 of 1 eligible""}"
NP19_R00388-C00129_S1_2020_A,CNA10K-R00388-C00129,sentinel1,2020,PRIMARY,A,SELECTED,EVT-S1-6008713afb3061c4,2020-10-15T09:55:42+00:00,289,AUTUMN_PRIMARY_V1_CANDIDATE,FULL_CELL_COVERED,S1_ACTUAL_FOOTPRINT,,,,ASC,171.0,Sentinel-1B,S1B_IW_GRDH_1SDV_20201015T095542_20201015T095607_023822_02D450_8AA9,S1B_IW_GRDH_1SDV_20201015T095542_20201015T095607_023822_02D450_8AA9,,,,1,"predeclared policy: ASC IW GRD VV+VH, autumn DOY 260-320; rank = (|doy-290| asc, event_id asc); passes never fused","{""coverage_tier"": ""S1_ACTUAL_FOOTPRINT"", ""n_eligible_after_gates"": 20, ""n_intersecting_scenes"": 134, ""selection_rank_of_pool"": ""1 of 20 eligible""}"
NP19_R00388-C00129_S1_2020_D,CNA10K-R00388-C00129,sentinel1,2020,PRIMARY,D,SELECTED,EVT-S1-078060851cbb4f5a,2020-10-20T22:05:05+00:00,294,AUTUMN_PRIMARY_V1_CANDIDATE,FULL_CELL_COVERED,S1_ACTUAL_FOOTPRINT,,,,DESC,76.0,Sentinel-1B,S1B_IW_GRDH_1SDV_20201020T220505_20201020T220530_023902_02D6DF_764A,S1B_IW_GRDH_1SDV_20201020T220505_20201020T220530_023902_02D6DF_764A,,,,1,"predeclared policy: DESC IW GRD VV+VH, autumn DOY 260-320; rank = (|doy-290| asc, event_id asc); passes never fused","{""coverage_tier"": ""S1_ACTUAL_FOOTPRINT"", ""n_eligible_after_gates"": 5, ""n_intersecting_scenes"": 134, ""selection_rank_of_pool"": ""1 of 5 eligible""}"
NP19_R00388-C00129_S2_2020,CNA10K-R00388-C00129,sentinel2,2020,PRIMARY,DEFAULT,SELECTED,EVT-S2-b5daa51d6c24f005,2020-09-18T02:57:56.036000+00:00,262,AUTUMN_PRIMARY_V1_CANDIDATE,FULL_CELL_COVERED,STRICT_FULL,SAME_DATATAKE_MEMBER_TILE_UNION_COVERS_CELL,,9.788e-05,,,Sentinel-2B,20200918T024549_20200918T025730_T50SQE,S2B_MSIL2A_20200918T024549_N0500_R132_T50SQE_20230405T175958,50SQE,,,1,"predeclared policy: FULL_CELL_COVERED + autumn DOY 260-320 + scene cloud <= 0.30; rank = (cloud asc, |doy-290| asc, event_id asc)","{""coverage_tier"": ""STRICT_FULL"", ""n_autumn_events"": 24, ""n_eligible_after_gates"": 13, ""n_intersecting_events"": 145, ""n_pool_for_tier"": 24, ""selection_rank_of_pool"": ""1 of 13 eligible""}"
NP19_R00388-C00129_S1_2021_A,CNA10K-R00388-C00129,sentinel1,2021,PRIMARY,A,SELECTED,EVT-S1-2ea0d57aac17158d,2021-10-16T09:56:19+00:00,289,AUTUMN_PRIMARY_V1_CANDIDATE,FULL_CELL_COVERED,S1_ACTUAL_FOOTPRINT,,,,ASC,171.0,Sentinel-1A,S1A_IW_GRDH_1SDV_20211016T095619_20211016T095644_040143_04C109_1A20,S1A_IW_GRDH_1SDV_20211016T095619_20211016T095644_040143_04C109_1A20,,,,1,"predeclared policy: ASC IW GRD VV+VH, autumn DOY 260-320; rank = (|doy-290| asc, event_id asc); passes never fused","{""coverage_tier"": ""S1_ACTUAL_FOOTPRINT"", ""n_eligible_after_gates"": 20, ""n_intersecting_scenes"": 132, ""selection_rank_of_pool"": ""1 of 20 eligible""}"
NP19_R00388-C00129_S1_2021_D,CNA10K-R00388-C00129,sentinel1,2021,PRIMARY,D,SELECTED,EVT-S1-1f18a78e43db0295,2021-10-15T22:05:11+00:00,288,AUTUMN_PRIMARY_V1_CANDIDATE,FULL_CELL_COVERED,S1_ACTUAL_FOOTPRINT,,,,DESC,76.0,Sentinel-1B,S1B_IW_GRDH_1SDV_20211015T220511_20211015T220536_029152_037AA2_701C,S1B_IW_GRDH_1SDV_20211015T220511_20211015T220536_029152_037AA2_701C,,,,1,"predeclared policy: DESC IW GRD VV+VH, autumn DOY 260-320; rank = (|doy-290| asc, event_id asc); passes never fused","{""coverage_tier"": ""S1_ACTUAL_FOOTPRINT"", ""n_eligible_after_gates"": 4, ""n_intersecting_scenes"": 132, ""selection_rank_of_pool"": ""1 of 4 eligible""}"
NP19_R00388-C00129_S2_2021,CNA10K-R00388-C00129,sentinel2,2021,PRIMARY,DEFAULT,SELECTED,EVT-S2-e366785d99006e35,2021-11-12T02:57:53.744000+00:00,316,AUTUMN_PRIMARY_V1_CANDIDATE,FULL_CELL_COVERED,STRICT_FULL,SAME_DATATAKE_MEMBER_TILE_UNION_COVERS_CELL,,0.00012867,,,Sentinel-2B,20211112T024939_20211112T024939_T50SQE,S2B_MSIL2A_20211112T024939_N0500_R132_T50SQE_20230104T112733,50SQE,,,1,"predeclared policy: FULL_CELL_COVERED + autumn DOY 260-320 + scene cloud <= 0.30; rank = (cloud asc, |doy-290| asc, event_id asc)","{""coverage_tier"": ""STRICT_FULL"", ""n_autumn_events"": 24, ""n_eligible_after_gates"": 8, ""n_intersecting_events"": 150, ""n_pool_for_tier"": 24, ""selection_rank_of_pool"": ""1 of 8 eligible""}"
,CNA10K-R00388-C00129,landsat8,2021,SECONDARY,DEFAULT,NO_ELIGIBLE_EVENT,,,,,,,,,,,,,,,,,,,no eligible event after gates: 3 full-cover and 0 near-full (>=0.90) autumn events; scene cloud ceiling 0.30; full-cover events all cloudy; min cloud 0.724,"{""min_autumn_cloud_fraction"": 0.7243999999999999, ""n_autumn_events"": 3, ""n_full_cover_autumn_events"": 3, ""n_intersecting_events"": 20, ""n_near_full_autumn_events"": 0}"
NP19_R00411-C00151_L5_1990,CNA10K-R00411-C00151,landsat5,1990,PRIMARY,DEFAULT,SELECTED,EVT-L-a10b9566931fde9f,1990-10-08T00:00:00+00:00,281,AUTUMN_PRIMARY_V1_CANDIDATE,FULL_CELL_COVERED,STRICT_FULL,WRS2_NOMINAL_FRAME_FULL,1.0,0.0,,,,LT05_119034_19901008,LT05_L2SP_119034_19901008_20200915_02_T1,,119.0,34.0,1,"predeclared policy: FULL_CELL_COVERED + autumn DOY 260-320 + scene cloud <= 0.30; rank = (cloud asc, |doy-290| asc, event_id asc)","{""coverage_tier"": ""STRICT_FULL"", ""n_autumn_events"": 2, ""n_eligible_after_gates"": 1, ""n_intersecting_events"": 27, ""n_pool_for_tier"": 2, ""selection_rank_of_pool"": ""1 of 1 eligible""}"
NP19_R00411-C00151_L5_2000,CNA10K-R00411-C00151,landsat5,2000,PRIMARY,DEFAULT,SELECTED,EVT-L-cba12e21f48ea3c8,2000-10-03T00:00:00+00:00,277,AUTUMN_PRIMARY_V1_CANDIDATE,FULL_CELL_COVERED,STRICT_FULL,WRS2_NOMINAL_FRAME_FULL,1.0,0.0,,,,LT05_119034_20001003,LT05_L2SP_119034_20001003_20200906_02_T1,,119.0,34.0,1,"predeclared policy: FULL_CELL_COVERED + autumn DOY 260-320 + scene cloud <= 0.30; rank = (cloud asc, |doy-290| asc, event_id asc)","{""coverage_tier"": ""STRICT_FULL"", ""n_autumn_events"": 7, ""n_eligible_after_gates"": 6, ""n_intersecting_events"": 39, ""n_pool_for_tier"": 7, ""selection_rank_of_pool"": ""1 of 6 eligible""}"
NP19_R00411-C00151_L8_2015,CNA10K-R00411-C00151,landsat8,2015,PRIMARY,DEFAULT,SELECTED,EVT-L-7d26674c0e569ae3,2015-09-27T00:00:00+00:00,270,AUTUMN_PRIMARY_V1_CANDIDATE,FULL_CELL_COVERED,STRICT_FULL,WRS2_NOMINAL_FRAME_FULL,1.0,0.0005,,,,LC08_119034_20150927,LC08_L2SP_119034_20150927_20200908_02_T1,,119.0,34.0,1,"predeclared policy: FULL_CELL_COVERED + autumn DOY 260-320 + scene cloud <= 0.30; rank = (cloud asc, |doy-290| asc, event_id asc)","{""coverage_tier"": ""STRICT_FULL"", ""n_autumn_events"": 7, ""n_eligible_after_gates"": 4, ""n_intersecting_events"": 37, ""n_pool_for_tier"": 7, ""selection_rank_of_pool"": ""1 of 4 eligible""}"
,CNA10K-R00411-C00151,sentinel1,2015,SECONDARY,A,NO_ELIGIBLE_EVENT,,,,,,,,,,,,,,,,,,,no ASC IW VV+VH scene in the autumn window DOY 260-320,"{""n_intersecting_scenes"": 3}"
,CNA10K-R00411-C00151,sentinel1,2015,SECONDARY,D,NO_ELIGIBLE_EVENT,,,,,,,,,,,,,,,,,,,no DESC IW VV+VH scene in the autumn window DOY 260-320,"{""n_intersecting_scenes"": 3}"
,CNA10K-R00411-C00151,sentinel2,2015,SECONDARY,DEFAULT,NO_SCENE,,,,,,,,,,,,,,,,,,,no intersecting scene in the frozen census,{}
NP19_R00411-C00151_L8_2020,CNA10K-R00411-C00151,landsat8,2020,PRIMARY,DEFAULT,SELECTED,EVT-L-a76a7078658334c1,2020-11-11T00:00:00+00:00,316,AUTUMN_PRIMARY_V1_CANDIDATE,FULL_CELL_COVERED,STRICT_FULL,WRS2_NOMINAL_FRAME_FULL,1.0,0.0022,,,,LC08_119034_20201111,LC08_L2SP_119034_20201111_20210316_02_T1,,119.0,34.0,1,"predeclared policy: FULL_CELL_COVERED + autumn DOY 260-320 + scene cloud <= 0.30; rank = (cloud asc, |doy-290| asc, event_id asc)","{""coverage_tier"": ""STRICT_FULL"", ""n_autumn_events"": 7, ""n_eligible_after_gates"": 4, ""n_intersecting_events"": 35, ""n_pool_for_tier"": 7, ""selection_rank_of_pool"": ""1 of 4 eligible""}"
NP19_R00411-C00151_S1_2020_A,CNA10K-R00411-C00151,sentinel1,2020,PRIMARY,A,SELECTED,EVT-S1-072412133c5dccac,2020-10-16T09:48:39+00:00,290,AUTUMN_PRIMARY_V1_CANDIDATE,FULL_CELL_COVERED,S1_ACTUAL_FOOTPRINT,,,,ASC,98.0,Sentinel-1A,S1A_IW_GRDH_1SDV_20201016T094839_20201016T094904_034820_040EF8_30D6,S1A_IW_GRDH_1SDV_20201016T094839_20201016T094904_034820_040EF8_30D6,,,,1,"predeclared policy: ASC IW GRD VV+VH, autumn DOY 260-320; rank = (|doy-290| asc, event_id asc); passes never fused","{""coverage_tier"": ""S1_ACTUAL_FOOTPRINT"", ""n_eligible_after_gates"": 11, ""n_intersecting_scenes"": 78, ""selection_rank_of_pool"": ""1 of 11 eligible""}"
NP19_R00411-C00151_S1_2020_D,CNA10K-R00411-C00151,sentinel1,2020,PRIMARY,D,SELECTED,EVT-S1-0394565499435056,2020-10-15T21:56:36+00:00,289,AUTUMN_PRIMARY_V1_CANDIDATE,FULL_CELL_COVERED,S1_ACTUAL_FOOTPRINT,,,,DESC,3.0,Sentinel-1B,S1B_IW_GRDH_1SDV_20201015T215636_20201015T215706_023829_02D48B_4F37,S1B_IW_GRDH_1SDV_20201015T215636_20201015T215706_023829_02D48B_4F37,,,,1,"predeclared policy: DESC IW GRD VV+VH, autumn DOY 260-320; rank = (|doy-290| asc, event_id asc); passes never fused","{""coverage_tier"": ""S1_ACTUAL_FOOTPRINT"", ""n_eligible_after_gates"": 4, ""n_intersecting_scenes"": 78, ""selection_rank_of_pool"": ""1 of 4 eligible""}"
NP19_R00411-C00151_S2_2020,CNA10K-R00411-C00151,sentinel2,2020,PRIMARY,DEFAULT,SELECTED,EVT-S2-ef7797d57e09d9cb,2020-10-17T02:37:32.863000+00:00,291,AUTUMN_PRIMARY_V1_CANDIDATE,FULL_CELL_COVERED,STRICT_FULL,SAME_DATATAKE_MEMBER_TILE_UNION_COVERS_CELL,,7.499999999999999e-07,,,Sentinel-2A,20201017T022711_20201017T023425_T51SVB,S2A_MSIL2A_20201017T022711_N0500_R046_T51SVB_20230415T112541,51SVB,,,1,"predeclared policy: FULL_CELL_COVERED + autumn DOY 260-320 + scene cloud <= 0.30; rank = (cloud asc, |doy-290| asc, event_id asc)","{""coverage_tier"": ""STRICT_FULL"", ""n_autumn_events"": 24, ""n_eligible_after_gates"": 15, ""n_intersecting_events"": 145, ""n_pool_for_tier"": 24, ""selection_rank_of_pool"": ""1 of 15 eligible""}"
NP19_R00411-C00151_S1_2021_A,CNA10K-R00411-C00151,sentinel1,2021,PRIMARY,A,SELECTED,EVT-S1-28b410de30fd90bf,2021-10-17T09:47:51+00:00,290,AUTUMN_PRIMARY_V1_CANDIDATE,FULL_CELL_COVERED,S1_ACTUAL_FOOTPRINT,,,,ASC,98.0,Sentinel-1B,S1B_IW_GRDH_1SDV_20211017T094751_20211017T094820_029174_037B4B_2737,S1B_IW_GRDH_1SDV_20211017T094751_20211017T094820_029174_037B4B_2737,,,,1,"predeclared policy: ASC IW GRD VV+VH, autumn DOY 260-320; rank = (|doy-290| asc, event_id asc); passes never fused","{""coverage_tier"": ""S1_ACTUAL_FOOTPRINT"", ""n_eligible_after_gates"": 10, ""n_intersecting_scenes"": 85, ""selection_rank_of_pool"": ""1 of 10 eligible""}"
NP19_R00411-C00151_S1_2021_D,CNA10K-R00411-C00151,sentinel1,2021,PRIMARY,D,SELECTED,EVT-S1-f497b1f1d122a3c5,2021-10-22T21:56:42+00:00,295,AUTUMN_PRIMARY_V1_CANDIDATE,FULL_CELL_COVERED,S1_ACTUAL_FOOTPRINT,,,,DESC,3.0,Sentinel-1B,S1B_IW_GRDH_1SDV_20211022T215642_20211022T215712_029254_037DC2_312F,S1B_IW_GRDH_1SDV_20211022T215642_20211022T215712_029254_037DC2_312F,,,,1,"predeclared policy: DESC IW GRD VV+VH, autumn DOY 260-320; rank = (|doy-290| asc, event_id asc); passes never fused","{""coverage_tier"": ""S1_ACTUAL_FOOTPRINT"", ""n_eligible_after_gates"": 4, ""n_intersecting_scenes"": 85, ""selection_rank_of_pool"": ""1 of 4 eligible""}"
NP19_R00411-C00151_S2_2021,CNA10K-R00411-C00151,sentinel2,2021,PRIMARY,DEFAULT,SELECTED,EVT-S2-f6553d64b6be95ea,2021-11-16T02:37:25.693000+00:00,320,AUTUMN_PRIMARY_V1_CANDIDATE,FULL_CELL_COVERED,STRICT_FULL,SAME_DATATAKE_MEMBER_TILE_UNION_COVERS_CELL,,8.65e-06,,,Sentinel-2B,20211116T022949_20211116T022949_T51SVB,S2B_MSIL2A_20211116T022949_N0500_R046_T51SVB_20230104T153432,51SVB,,,1,"predeclared policy: FULL_CELL_COVERED + autumn DOY 260-320 + scene cloud <= 0.30; rank = (cloud asc, |doy-290| asc, event_id asc)","{""coverage_tier"": ""STRICT_FULL"", ""n_autumn_events"": 25, ""n_eligible_after_gates"": 14, ""n_intersecting_events"": 146, ""n_pool_for_tier"": 25, ""selection_rank_of_pool"": ""1 of 14 eligible""}"
NP19_R00411-C00151_L8_2021,CNA10K-R00411-C00151,landsat8,2021,SECONDARY,DEFAULT,SELECTED,EVT-L-349cd4c4dd546d7e,2021-11-14T00:00:00+00:00,318,AUTUMN_PRIMARY_V1_CANDIDATE,FULL_CELL_COVERED,STRICT_FULL,WRS2_NOMINAL_FRAME_FULL,1.0,0.0053,,,,LC08_119034_20211114,LC08_L2SP_119034_20211114_20211125_02_T1,,119.0,34.0,1,"predeclared policy: FULL_CELL_COVERED + autumn DOY 260-320 + scene cloud <= 0.30; rank = (cloud asc, |doy-290| asc, event_id asc)","{""coverage_tier"": ""STRICT_FULL"", ""n_autumn_events"": 6, ""n_eligible_after_gates"": 5, ""n_intersecting_events"": 41, ""n_pool_for_tier"": 6, ""selection_rank_of_pool"": ""1 of 5 eligible""}"
NP19_R00417-C00135_L5_1990,CNA10K-R00417-C00135,landsat5,1990,PRIMARY,DEFAULT,SELECTED,EVT-L-e30f913c0ee45bec,1990-10-15T00:00:00+00:00,288,AUTUMN_PRIMARY_V1_CANDIDATE,FULL_CELL_COVERED,STRICT_FULL,WRS2_NOMINAL_FRAME_FULL,1.0,0.0,,,,LT05_120034_19901015,LT05_L2SP_120034_19901015_20200915_02_T1,,120.0,34.0,1,"predeclared policy: FULL_CELL_COVERED + autumn DOY 260-320 + scene cloud <= 0.30; rank = (cloud asc, |doy-290| asc, event_id asc)","{""coverage_tier"": ""STRICT_FULL"", ""n_autumn_events"": 4, ""n_eligible_after_gates"": 2, ""n_intersecting_events"": 18, ""n_pool_for_tier"": 4, ""selection_rank_of_pool"": ""1 of 2 eligible""}"
NP19_R00417-C00135_L5_2000,CNA10K-R00417-C00135,landsat5,2000,PRIMARY,DEFAULT,SELECTED,EVT-L-a47e18d479f22f83,2000-10-26T00:00:00+00:00,300,AUTUMN_PRIMARY_V1_CANDIDATE,FULL_CELL_COVERED,STRICT_FULL,WRS2_NOMINAL_FRAME_FULL,1.0,0.02,,,,LT05_120034_20001026,LT05_L2SP_120034_20001026_20200906_02_T1,,120.0,34.0,1,"predeclared policy: FULL_CELL_COVERED + autumn DOY 260-320 + scene cloud <= 0.30; rank = (cloud asc, |doy-290| asc, event_id asc)","{""coverage_tier"": ""STRICT_FULL"", ""n_autumn_events"": 3, ""n_eligible_after_gates"": 1, ""n_intersecting_events"": 19, ""n_pool_for_tier"": 3, ""selection_rank_of_pool"": ""1 of 1 eligible""}"
NP19_R00417-C00135_L8_2015,CNA10K-R00417-C00135,landsat8,2015,PRIMARY,DEFAULT,SELECTED,EVT-L-03da7d72e7eb0931,2015-10-20T00:00:00+00:00,293,AUTUMN_PRIMARY_V1_CANDIDATE,FULL_CELL_COVERED,STRICT_FULL,WRS2_NOMINAL_FRAME_FULL,1.0,0.2937,,,,LC08_120034_20151020,LC08_L2SP_120034_20151020_20200908_02_T1,,120.0,34.0,1,"predeclared policy: FULL_CELL_COVERED + autumn DOY 260-320 + scene cloud <= 0.30; rank = (cloud asc, |doy-290| asc, event_id asc)","{""coverage_tier"": ""STRICT_FULL"", ""n_autumn_events"": 3, ""n_eligible_after_gates"": 1, ""n_intersecting_events"": 16, ""n_pool_for_tier"": 3, ""selection_rank_of_pool"": ""1 of 1 eligible""}"
,CNA10K-R00417-C00135,sentinel1,2015,SECONDARY,A,NO_ELIGIBLE_EVENT,,,,,,,,,,,,,,,,,,,no ASC IW VV+VH scene in the autumn window DOY 260-320,"{""n_intersecting_scenes"": 7}"
,CNA10K-R00417-C00135,sentinel1,2015,SECONDARY,D,NO_ELIGIBLE_EVENT,,,,,,,,,,,,,,,,,,,no DESC IW VV+VH scene in the autumn window DOY 260-320,"{""n_intersecting_scenes"": 7}"
,CNA10K-R00417-C00135,sentinel2,2015,SECONDARY,DEFAULT,NO_ELIGIBLE_EVENT,,,,,,,,,,,,,,,,,,,no event inside the predeclared autumn window DOY 260-320,"{""n_intersecting_events"": 2}"
NP19_R00417-C00135_L8_2020,CNA10K-R00417-C00135,landsat8,2020,PRIMARY,DEFAULT,SELECTED,EVT-L-396396209bcee33a,2020-10-17T00:00:00+00:00,291,AUTUMN_PRIMARY_V1_CANDIDATE,FULL_CELL_COVERED,STRICT_FULL,WRS2_NOMINAL_FRAME_FULL,1.0,0.0006,,,,LC08_120034_20201017,LC08_L2SP_120034_20201017_20201105_02_T1,,120.0,34.0,1,"predeclared policy: FULL_CELL_COVERED + autumn DOY 260-320 + scene cloud <= 0.30; rank = (cloud asc, |doy-290| asc, event_id asc)","{""coverage_tier"": ""STRICT_FULL"", ""n_autumn_events"": 2, ""n_eligible_after_gates"": 1, ""n_intersecting_events"": 18, ""n_pool_for_tier"": 2, ""selection_rank_of_pool"": ""1 of 1 eligible""}"
NP19_R00417-C00135_S1_2020_A,CNA10K-R00417-C00135,sentinel1,2020,PRIMARY,A,SELECTED,EVT-S1-e40a483448a23936,2020-10-15T09:56:07+00:00,289,AUTUMN_PRIMARY_V1_CANDIDATE,FULL_CELL_COVERED,S1_ACTUAL_FOOTPRINT,,,,ASC,171.0,Sentinel-1B,S1B_IW_GRDH_1SDV_20201015T095607_20201015T095632_023822_02D450_A864,S1B_IW_GRDH_1SDV_20201015T095607_20201015T095632_023822_02D450_A864,,,,1,"predeclared policy: ASC IW GRD VV+VH, autumn DOY 260-320; rank = (|doy-290| asc, event_id asc); passes never fused","{""coverage_tier"": ""S1_ACTUAL_FOOTPRINT"", ""n_eligible_after_gates"": 9, ""n_intersecting_scenes"": 126, ""selection_rank_of_pool"": ""1 of 9 eligible""}"
NP19_R00417-C00135_S1_2020_D,CNA10K-R00417-C00135,sentinel1,2020,PRIMARY,D,SELECTED,EVT-S1-b8455e4c36f8cad5,2020-10-15T21:56:11+00:00,289,AUTUMN_PRIMARY_V1_CANDIDATE,FULL_CELL_COVERED,S1_ACTUAL_FOOTPRINT,,,,DESC,3.0,Sentinel-1B,S1B_IW_GRDH_1SDV_20201015T215611_20201015T215636_023829_02D48B_03CE,S1B_IW_GRDH_1SDV_20201015T215611_20201015T215636_023829_02D48B_03CE,,,,1,"predeclared policy: DESC IW GRD VV+VH, autumn DOY 260-320; rank = (|doy-290| asc, event_id asc); passes never fused","{""coverage_tier"": ""S1_ACTUAL_FOOTPRINT"", ""n_eligible_after_gates"": 14, ""n_intersecting_scenes"": 126, ""selection_rank_of_pool"": ""1 of 14 eligible""}"
NP19_R00417-C00135_S2_2020,CNA10K-R00417-C00135,sentinel2,2020,PRIMARY,DEFAULT,SELECTED,EVT-S2-d0f793dcfe95e2f7,2020-09-30T02:47:15.183000+00:00,274,AUTUMN_PRIMARY_V1_CANDIDATE,FULL_CELL_COVERED,STRICT_FULL,SAME_DATATAKE_MEMBER_TILE_UNION_COVERS_CELL,,0.00017840000000000003,,,Sentinel-2A,20200930T023551_20200930T023909_T51STB|20200930T023551_20200930T023909_T51STC|20200930T023551_20200930T023909_T51SUB|20200930T023551_20200930T023909_T51SUC,S2A_MSIL2A_20200930T023551_N0500_R089_T51STB_20230424T093106|S2A_MSIL2A_20200930T023551_N0500_R089_T51STC_20230424T093106|S2A_MSIL2A_20200930T023551_N0500_R089_T51SUB_20230424T093106|S2A_MSIL2A_20200930T023551_N0500_R089_T51SUC_20230424T093106,51STB|51STC|51SUB|51SUC,,,4,"predeclared policy: FULL_CELL_COVERED + autumn DOY 260-320 + scene cloud <= 0.30; rank = (cloud asc, |doy-290| asc, event_id asc)","{""coverage_tier"": ""STRICT_FULL"", ""n_autumn_events"": 28, ""n_eligible_after_gates"": 9, ""n_intersecting_events"": 175, ""n_pool_for_tier"": 20, ""selection_rank_of_pool"": ""1 of 9 eligible""}"
NP19_R00417-C00135_S1_2021_A,CNA10K-R00417-C00135,sentinel1,2021,PRIMARY,A,SELECTED,EVT-S1-fd767c3968cb7eba,2021-10-16T09:57:09+00:00,289,AUTUMN_PRIMARY_V1_CANDIDATE,FULL_CELL_COVERED,S1_ACTUAL_FOOTPRINT,,,,ASC,171.0,Sentinel-1A,S1A_IW_GRDH_1SDV_20211016T095709_20211016T095734_040143_04C109_5A7F,S1A_IW_GRDH_1SDV_20211016T095709_20211016T095734_040143_04C109_5A7F,,,,1,"predeclared policy: ASC IW GRD VV+VH, autumn DOY 260-320; rank = (|doy-290| asc, event_id asc); passes never fused","{""coverage_tier"": ""S1_ACTUAL_FOOTPRINT"", ""n_eligible_after_gates"": 10, ""n_intersecting_scenes"": 130, ""selection_rank_of_pool"": ""1 of 10 eligible""}"
NP19_R00417-C00135_S1_2021_D,CNA10K-R00417-C00135,sentinel1,2021,PRIMARY,D,SELECTED,EVT-S1-23e8813795d892e2,2021-10-15T22:04:46+00:00,288,AUTUMN_PRIMARY_V1_CANDIDATE,PARTIAL_CELL_OVERLAP,S1_ACTUAL_FOOTPRINT,,,,DESC,76.0,Sentinel-1B,S1B_IW_GRDH_1SDV_20211015T220446_20211015T220511_029152_037AA2_76C9,S1B_IW_GRDH_1SDV_20211015T220446_20211015T220511_029152_037AA2_76C9,,,,1,"predeclared policy: DESC IW GRD VV+VH, autumn DOY 260-320; rank = (|doy-290| asc, event_id asc); passes never fused","{""coverage_tier"": ""S1_ACTUAL_FOOTPRINT"", ""n_eligible_after_gates"": 14, ""n_intersecting_scenes"": 130, ""selection_rank_of_pool"": ""1 of 14 eligible""}"
NP19_R00417-C00135_S2_2021,CNA10K-R00417-C00135,sentinel2,2021,PRIMARY,DEFAULT,SELECTED,EVT-S2-6f75a4525e29a674,2021-11-04T02:47:13.454000+00:00,308,AUTUMN_PRIMARY_V1_CANDIDATE,FULL_CELL_COVERED,STRICT_FULL,SAME_DATATAKE_MEMBER_TILE_UNION_COVERS_CELL,,0.00083568,,,Sentinel-2A,20211104T023901_20211104T023859_T51STB|20211104T023901_20211104T023859_T51STC|20211104T023901_20211104T023859_T51SUB|20211104T023901_20211104T023859_T51SUC,S2A_MSIL2A_20211104T023901_N0500_R089_T51STB_20230101T090804|S2A_MSIL2A_20211104T023901_N0500_R089_T51STC_20230101T090804|S2A_MSIL2A_20211104T023901_N0500_R089_T51SUB_20230101T090804|S2A_MSIL2A_20211104T023901_N0500_R089_T51SUC_20230101T090804,51STB|51STC|51SUB|51SUC,,,4,"predeclared policy: FULL_CELL_COVERED + autumn DOY 260-320 + scene cloud <= 0.30; rank = (cloud asc, |doy-290| asc, event_id asc)","{""coverage_tier"": ""STRICT_FULL"", ""n_autumn_events"": 28, ""n_eligible_after_gates"": 5, ""n_intersecting_events"": 181, ""n_pool_for_tier"": 20, ""selection_rank_of_pool"": ""1 of 5 eligible""}"
,CNA10K-R00417-C00135,landsat8,2021,SECONDARY,DEFAULT,NO_ELIGIBLE_EVENT,,,,,,,,,,,,,,,,,,,no eligible event after gates: 3 full-cover and 0 near-full (>=0.90) autumn events; scene cloud ceiling 0.30; full-cover events all cloudy; min cloud 0.309,"{""min_autumn_cloud_fraction"": 0.3094, ""n_autumn_events"": 3, ""n_full_cover_autumn_events"": 3, ""n_intersecting_events"": 19, ""n_near_full_autumn_events"": 0}"
NP19_R00260-C00128_L5_1990,CNA10K-R00260-C00128,landsat5,1990,PRIMARY,DEFAULT,SELECTED,EVT-L-af117bfe521017b8,1990-10-15T00:00:00+00:00,288,AUTUMN_PRIMARY_V1_CANDIDATE,FULL_CELL_COVERED,STRICT_FULL,WRS2_NOMINAL_FRAME_FULL,1.0,0.12,,,,LT05_120043_19901015,LT05_L2SP_120043_19901015_20200915_02_T1,,120.0,43.0,1,"predeclared policy: FULL_CELL_COVERED + autumn DOY 260-320 + scene cloud <= 0.30; rank = (cloud asc, |doy-290| asc, event_id asc)","{""coverage_tier"": ""STRICT_FULL"", ""n_autumn_events"": 1, ""n_eligible_after_gates"": 1, ""n_intersecting_events"": 18, ""n_pool_for_tier"": 1, ""selection_rank_of_pool"": ""1 of 1 eligible""}"
NP19_R00260-C00128_L5_2000,CNA10K-R00260-C00128,landsat5,2000,PRIMARY,DEFAULT,SELECTED,EVT-L-448af1f4c0aa068a,2000-10-10T00:00:00+00:00,284,AUTUMN_PRIMARY_V1_CANDIDATE,FULL_CELL_COVERED,STRICT_FULL,WRS2_NOMINAL_FRAME_FULL,1.0,0.09,,,,LT05_120043_20001010,LT05_L2SP_120043_20001010_20200906_02_T1,,120.0,43.0,1,"predeclared policy: FULL_CELL_COVERED + autumn DOY 260-320 + scene cloud <= 0.30; rank = (cloud asc, |doy-290| asc, event_id asc)","{""coverage_tier"": ""STRICT_FULL"", ""n_autumn_events"": 5, ""n_eligible_after_gates"": 1, ""n_intersecting_events"": 28, ""n_pool_for_tier"": 5, ""selection_rank_of_pool"": ""1 of 1 eligible""}"
NP19_R00260-C00128_L8_2015,CNA10K-R00260-C00128,landsat8,2015,PRIMARY,DEFAULT,SELECTED,EVT-L-a0ca3e1e418761a5,2015-10-13T00:00:00+00:00,286,AUTUMN_PRIMARY_V1_CANDIDATE,FULL_CELL_COVERED,STRICT_FULL,WRS2_NOMINAL_FRAME_FULL,1.0,0.0633,,,,LC08_119043_20151013,LC08_L2SP_119043_20151013_20200908_02_T1,,119.0,43.0,1,"predeclared policy: FULL_CELL_COVERED + autumn DOY 260-320 + scene cloud <= 0.30; rank = (cloud asc, |doy-290| asc, event_id asc)","{""coverage_tier"": ""STRICT_FULL"", ""n_autumn_events"": 8, ""n_eligible_after_gates"": 3, ""n_intersecting_events"": 32, ""n_pool_for_tier"": 8, ""selection_rank_of_pool"": ""1 of 3 eligible""}"
NP19_R00260-C00128_S1_2015_A,CNA10K-R00260-C00128,sentinel1,2015,SECONDARY,A,SELECTED,EVT-S1-97340dc8b3b64491,2015-10-15T10:17:24+00:00,288,AUTUMN_PRIMARY_V1_CANDIDATE,FULL_CELL_COVERED,S1_ACTUAL_FOOTPRINT,,,,ASC,40.0,Sentinel-1A,S1A_IW_GRDH_1SDV_20151015T101724_20151015T101749_008162_00B76C_408B,S1A_IW_GRDH_1SDV_20151015T101724_20151015T101749_008162_00B76C_408B,,,,1,"predeclared policy: ASC IW GRD VV+VH, autumn DOY 260-320; rank = (|doy-290| asc, event_id asc); passes never fused","{""coverage_tier"": ""S1_ACTUAL_FOOTPRINT"", ""n_eligible_after_gates"": 4, ""n_intersecting_scenes"": 17, ""selection_rank_of_pool"": ""1 of 4 eligible""}"
,CNA10K-R00260-C00128,sentinel1,2015,SECONDARY,D,NO_ELIGIBLE_EVENT,,,,,,,,,,,,,,,,,,,no DESC IW VV+VH scene in the autumn window DOY 260-320,"{""n_intersecting_scenes"": 17}"
,CNA10K-R00260-C00128,sentinel2,2015,SECONDARY,DEFAULT,NO_ELIGIBLE_EVENT,,,,,,,,,,,,,,,,,,,no event inside the predeclared autumn window DOY 260-320,"{""n_intersecting_events"": 1}"
NP19_R00260-C00128_L8_2020,CNA10K-R00260-C00128,landsat8,2020,PRIMARY,DEFAULT,SELECTED,EVT-L-5431eaaaeb70d176,2020-11-11T00:00:00+00:00,316,AUTUMN_PRIMARY_V1_CANDIDATE,FULL_CELL_COVERED,STRICT_FULL,WRS2_NOMINAL_FRAME_FULL,1.0,0.0728,,,,LC08_119043_20201111,LC08_L2SP_119043_20201111_20210316_02_T1,,119.0,43.0,1,"predeclared policy: FULL_CELL_COVERED + autumn DOY 260-320 + scene cloud <= 0.30; rank = (cloud asc, |doy-290| asc, event_id asc)","{""coverage_tier"": ""STRICT_FULL"", ""n_autumn_events"": 4, ""n_eligible_after_gates"": 1, ""n_intersecting_events"": 37, ""n_pool_for_tier"": 4, ""selection_rank_of_pool"": ""1 of 1 eligible""}"
NP19_R00260-C00128_S1_2020_A,CNA10K-R00260-C00128,sentinel1,2020,PRIMARY,A,SELECTED,EVT-S1-64c23b9876c2c339,2020-10-12T10:17:35+00:00,286,AUTUMN_PRIMARY_V1_CANDIDATE,FULL_CELL_COVERED,S1_ACTUAL_FOOTPRINT,,,,ASC,40.0,Sentinel-1A,S1A_IW_GRDH_1SDV_20201012T101735_20201012T101804_034762_040CE7_C3A9,S1A_IW_GRDH_1SDV_20201012T101735_20201012T101804_034762_040CE7_C3A9,,,,1,"predeclared policy: ASC IW GRD VV+VH, autumn DOY 260-320; rank = (|doy-290| asc, event_id asc); passes never fused","{""coverage_tier"": ""S1_ACTUAL_FOOTPRINT"", ""n_eligible_after_gates"": 5, ""n_intersecting_scenes"": 30, ""selection_rank_of_pool"": ""1 of 5 eligible""}"
,CNA10K-R00260-C00128,sentinel1,2020,PRIMARY,D,NO_ELIGIBLE_EVENT,,,,,,,,,,,,,,,,,,,no DESC IW VV+VH scene in the autumn window DOY 260-320,"{""n_intersecting_scenes"": 30}"
NP19_R00260-C00128_S2_2020,CNA10K-R00260-C00128,sentinel2,2020,PRIMARY,DEFAULT,SELECTED,EVT-S2-c9b18d1c82838d64,2020-11-12T03:01:13.184000+00:00,317,AUTUMN_PRIMARY_V1_CANDIDATE,FULL_CELL_COVERED,STRICT_FULL,SAME_DATATAKE_MEMBER_TILE_UNION_COVERS_CELL,,0.01932014,,,Sentinel-2A,20201112T024951_20201112T024945_T50QNM,S2A_MSIL2A_20201112T024951_N0214_R132_T50QNM_20201112T053827,50QNM,,,1,"predeclared policy: FULL_CELL_COVERED + autumn DOY 260-320 + scene cloud <= 0.30; rank = (cloud asc, |doy-290| asc, event_id asc)","{""coverage_tier"": ""STRICT_FULL"", ""n_autumn_events"": 25, ""n_eligible_after_gates"": 8, ""n_intersecting_events"": 146, ""n_pool_for_tier"": 25, ""selection_rank_of_pool"": ""1 of 8 eligible""}"
NP19_R00260-C00128_S1_2021_A,CNA10K-R00260-C00128,sentinel1,2021,PRIMARY,A,SELECTED,EVT-S1-3e198163819d5551,2021-10-19T10:17:41+00:00,292,AUTUMN_PRIMARY_V1_CANDIDATE,FULL_CELL_COVERED,S1_ACTUAL_FOOTPRINT,,,,ASC,40.0,Sentinel-1A,S1A_IW_GRDH_1SDV_20211019T101741_20211019T101810_040187_04C292_3820,S1A_IW_GRDH_1SDV_20211019T101741_20211019T101810_040187_04C292_3820,,,,1,"predeclared policy: ASC IW GRD VV+VH, autumn DOY 260-320; rank = (|doy-290| asc, event_id asc); passes never fused","{""coverage_tier"": ""S1_ACTUAL_FOOTPRINT"", ""n_eligible_after_gates"": 5, ""n_intersecting_scenes"": 32, ""selection_rank_of_pool"": ""1 of 5 eligible""}"
,CNA10K-R00260-C00128,sentinel1,2021,PRIMARY,D,NO_ELIGIBLE_EVENT,,,,,,,,,,,,,,,,,,,no DESC IW VV+VH scene in the autumn window DOY 260-320,"{""n_intersecting_scenes"": 32}"
NP19_R00260-C00128_S2_2021,CNA10K-R00260-C00128,sentinel2,2021,PRIMARY,DEFAULT,SELECTED,EVT-S2-d709c9e05f76457a,2021-10-03T03:01:09.185000+00:00,276,AUTUMN_PRIMARY_V1_CANDIDATE,FULL_CELL_COVERED,STRICT_FULL,SAME_DATATAKE_MEMBER_TILE_UNION_COVERS_CELL,,0.0013004499999999999,,,Sentinel-2B,20211003T024549_20211003T025349_T50QNM,S2B_MSIL2A_20211003T024549_N0500_R132_T50QNM_20230111T035326,50QNM,,,1,"predeclared policy: FULL_CELL_COVERED + autumn DOY 260-320 + scene cloud <= 0.30; rank = (cloud asc, |doy-290| asc, event_id asc)","{""coverage_tier"": ""STRICT_FULL"", ""n_autumn_events"": 24, ""n_eligible_after_gates"": 11, ""n_intersecting_events"": 145, ""n_pool_for_tier"": 24, ""selection_rank_of_pool"": ""1 of 11 eligible""}"
NP19_R00260-C00128_L8_2021,CNA10K-R00260-C00128,landsat8,2021,SECONDARY,DEFAULT,SELECTED,EVT-L-8301b3f0fcc41db2,2021-11-05T00:00:00+00:00,309,AUTUMN_PRIMARY_V1_CANDIDATE,FULL_CELL_COVERED,STRICT_FULL,WRS2_NOMINAL_FRAME_FULL,1.0,0.0677,,,,LC08_120043_20211105,LC08_L2SP_120043_20211105_20211116_02_T1,,120.0,43.0,1,"predeclared policy: FULL_CELL_COVERED + autumn DOY 260-320 + scene cloud <= 0.30; rank = (cloud asc, |doy-290| asc, event_id asc)","{""coverage_tier"": ""STRICT_FULL"", ""n_autumn_events"": 7, ""n_eligible_after_gates"": 5, ""n_intersecting_events"": 37, ""n_pool_for_tier"": 7, ""selection_rank_of_pool"": ""1 of 5 eligible""}"
NP19_R00434-C00149_L5_1990,CNA10K-R00434-C00149,landsat5,1990,PRIMARY,DEFAULT,SELECTED,EVT-L-270634ad1ed1736c,1990-10-08T00:00:00+00:00,281,AUTUMN_PRIMARY_V1_CANDIDATE,FULL_CELL_COVERED,STRICT_FULL,WRS2_NOMINAL_FRAME_FULL,1.0,0.0,,,,LT05_119033_19901008,LT05_L2SP_119033_19901008_20200915_02_T1,,119.0,33.0,1,"predeclared policy: FULL_CELL_COVERED + autumn DOY 260-320 + scene cloud <= 0.30; rank = (cloud asc, |doy-290| asc, event_id asc)","{""coverage_tier"": ""STRICT_FULL"", ""n_autumn_events"": 1, ""n_eligible_after_gates"": 1, ""n_intersecting_events"": 12, ""n_pool_for_tier"": 1, ""selection_rank_of_pool"": ""1 of 1 eligible""}"
NP19_R00434-C00149_L5_2000,CNA10K-R00434-C00149,landsat5,2000,PRIMARY,DEFAULT,SELECTED,EVT-L-2f319e596c547644,2000-09-17T00:00:00+00:00,261,AUTUMN_PRIMARY_V1_CANDIDATE,FULL_CELL_COVERED,STRICT_FULL,WRS2_NOMINAL_FRAME_FULL,1.0,0.0,,,,LT05_119033_20000917,LT05_L2SP_119033_20000917_20200906_02_T1,,119.0,33.0,1,"predeclared policy: FULL_CELL_COVERED + autumn DOY 260-320 + scene cloud <= 0.30; rank = (cloud asc, |doy-290| asc, event_id asc)","{""coverage_tier"": ""STRICT_FULL"", ""n_autumn_events"": 4, ""n_eligible_after_gates"": 2, ""n_intersecting_events"": 21, ""n_pool_for_tier"": 4, ""selection_rank_of_pool"": ""1 of 2 eligible""}"
NP19_R00434-C00149_L8_2015,CNA10K-R00434-C00149,landsat8,2015,PRIMARY,DEFAULT,SELECTED,EVT-L-5292dca548fd28f4,2015-10-13T00:00:00+00:00,286,AUTUMN_PRIMARY_V1_CANDIDATE,FULL_CELL_COVERED,STRICT_FULL,WRS2_NOMINAL_FRAME_FULL,1.0,0.0004,,,,LC08_119033_20151013,LC08_L2SP_119033_20151013_20200908_02_T1,,119.0,33.0,1,"predeclared policy: FULL_CELL_COVERED + autumn DOY 260-320 + scene cloud <= 0.30; rank = (cloud asc, |doy-290| asc, event_id asc)","{""coverage_tier"": ""STRICT_FULL"", ""n_autumn_events"": 4, ""n_eligible_after_gates"": 3, ""n_intersecting_events"": 19, ""n_pool_for_tier"": 4, ""selection_rank_of_pool"": ""1 of 3 eligible""}"
,CNA10K-R00434-C00149,sentinel1,2015,SECONDARY,A,NO_ELIGIBLE_EVENT,,,,,,,,,,,,,,,,,,,no ASC IW VV+VH scene in the autumn window DOY 260-320,"{""n_intersecting_scenes"": 15}"
NP19_R00434-C00149_S1_2015_D,CNA10K-R00434-C00149,sentinel1,2015,SECONDARY,D,SELECTED,EVT-S1-5f7eb4e99a4db09e,2015-10-07T21:47:43+00:00,280,AUTUMN_PRIMARY_V1_CANDIDATE,FULL_CELL_COVERED,S1_ACTUAL_FOOTPRINT,,,,DESC,105.0,Sentinel-1A,S1A_IW_GRDH_1SDV_20151007T214743_20151007T214811_008052_00B471_C098,S1A_IW_GRDH_1SDV_20151007T214743_20151007T214811_008052_00B471_C098,,,,1,"predeclared policy: DESC IW GRD VV+VH, autumn DOY 260-320; rank = (|doy-290| asc, event_id asc); passes never fused","{""coverage_tier"": ""S1_ACTUAL_FOOTPRINT"", ""n_eligible_after_gates"": 1, ""n_intersecting_scenes"": 15, ""selection_rank_of_pool"": ""1 of 1 eligible""}"
,CNA10K-R00434-C00149,sentinel2,2015,SECONDARY,DEFAULT,NO_SCENE,,,,,,,,,,,,,,,,,,,no intersecting scene in the frozen census,{}
NP19_R00434-C00149_L8_2020,CNA10K-R00434-C00149,landsat8,2020,PRIMARY,DEFAULT,SELECTED,EVT-L-66e092b457b70bb2,2020-11-11T00:00:00+00:00,316,AUTUMN_PRIMARY_V1_CANDIDATE,FULL_CELL_COVERED,STRICT_FULL,WRS2_NOMINAL_FRAME_FULL,1.0,0.0053,,,,LC08_119033_20201111,LC08_L2SP_119033_20201111_20210316_02_T1,,119.0,33.0,1,"predeclared policy: FULL_CELL_COVERED + autumn DOY 260-320 + scene cloud <= 0.30; rank = (cloud asc, |doy-290| asc, event_id asc)","{""coverage_tier"": ""STRICT_FULL"", ""n_autumn_events"": 4, ""n_eligible_after_gates"": 1, ""n_intersecting_events"": 17, ""n_pool_for_tier"": 4, ""selection_rank_of_pool"": ""1 of 1 eligible""}"
NP19_R00434-C00149_S1_2020_A,CNA10K-R00434-C00149,sentinel1,2020,PRIMARY,A,SELECTED,EVT-S1-5ad5e7a4f0c031f5,2020-10-16T09:49:04+00:00,290,AUTUMN_PRIMARY_V1_CANDIDATE,FULL_CELL_COVERED,S1_ACTUAL_FOOTPRINT,,,,ASC,98.0,Sentinel-1A,S1A_IW_GRDH_1SDV_20201016T094904_20201016T094929_034820_040EF8_404F,S1A_IW_GRDH_1SDV_20201016T094904_20201016T094929_034820_040EF8_404F,,,,1,"predeclared policy: ASC IW GRD VV+VH, autumn DOY 260-320; rank = (|doy-290| asc, event_id asc); passes never fused","{""coverage_tier"": ""S1_ACTUAL_FOOTPRINT"", ""n_eligible_after_gates"": 16, ""n_intersecting_scenes"": 137, ""selection_rank_of_pool"": ""1 of 16 eligible""}"
NP19_R00434-C00149_S1_2020_D,CNA10K-R00434-C00149,sentinel1,2020,PRIMARY,D,SELECTED,EVT-S1-7968c2313a818c50,2020-10-15T21:55:46+00:00,289,AUTUMN_PRIMARY_V1_CANDIDATE,FULL_CELL_COVERED,S1_ACTUAL_FOOTPRINT,,,,DESC,3.0,Sentinel-1B,S1B_IW_GRDH_1SDV_20201015T215546_20201015T215611_023829_02D48B_C3BB,S1B_IW_GRDH_1SDV_20201015T215546_20201015T215611_023829_02D48B_C3BB,,,,1,"predeclared policy: DESC IW GRD VV+VH, autumn DOY 260-320; rank = (|doy-290| asc, event_id asc); passes never fused","{""coverage_tier"": ""S1_ACTUAL_FOOTPRINT"", ""n_eligible_after_gates"": 10, ""n_intersecting_scenes"": 137, ""selection_rank_of_pool"": ""1 of 10 eligible""}"
NP19_R00434-C00149_S2_2020,CNA10K-R00434-C00149,sentinel2,2020,PRIMARY,DEFAULT,SELECTED,EVT-S2-d0f793dcfe95e2f7,2020-09-30T02:46:57.080000+00:00,274,AUTUMN_PRIMARY_V1_CANDIDATE,FULL_CELL_COVERED,STRICT_FULL,SAME_DATATAKE_MEMBER_TILE_UNION_COVERS_CELL,,0.00010236,,,Sentinel-2A,20200930T023551_20200930T023909_T51SVD,S2A_MSIL2A_20200930T023551_N0500_R089_T51SVD_20230424T093106,51SVD,,,1,"predeclared policy: FULL_CELL_COVERED + autumn DOY 260-320 + scene cloud <= 0.30; rank = (cloud asc, |doy-290| asc, event_id asc)","{""coverage_tier"": ""STRICT_FULL"", ""n_autumn_events"": 24, ""n_eligible_after_gates"": 15, ""n_intersecting_events"": 146, ""n_pool_for_tier"": 24, ""selection_rank_of_pool"": ""1 of 15 eligible""}"
NP19_R00434-C00149_S1_2021_A,CNA10K-R00434-C00149,sentinel1,2021,PRIMARY,A,SELECTED,EVT-S1-091cd54a20dad142,2021-10-17T09:48:20+00:00,290,AUTUMN_PRIMARY_V1_CANDIDATE,FULL_CELL_COVERED,S1_ACTUAL_FOOTPRINT,,,,ASC,98.0,Sentinel-1B,S1B_IW_GRDH_1SDV_20211017T094820_20211017T094845_029174_037B4B_16A4,S1B_IW_GRDH_1SDV_20211017T094820_20211017T094845_029174_037B4B_16A4,,,,1,"predeclared policy: ASC IW GRD VV+VH, autumn DOY 260-320; rank = (|doy-290| asc, event_id asc); passes never fused","{""coverage_tier"": ""S1_ACTUAL_FOOTPRINT"", ""n_eligible_after_gates"": 15, ""n_intersecting_scenes"": 144, ""selection_rank_of_pool"": ""1 of 15 eligible""}"
NP19_R00434-C00149_S1_2021_D,CNA10K-R00434-C00149,sentinel1,2021,PRIMARY,D,SELECTED,EVT-S1-3d9a1fdf8648e2dd,2021-10-17T21:47:43+00:00,290,AUTUMN_PRIMARY_V1_CANDIDATE,FULL_CELL_COVERED,S1_ACTUAL_FOOTPRINT,,,,DESC,105.0,Sentinel-1B,S1B_IW_GRDH_1SDV_20211017T214743_20211017T214810_029181_037B89_30DE,S1B_IW_GRDH_1SDV_20211017T214743_20211017T214810_029181_037B89_30DE,,,,1,"predeclared policy: DESC IW GRD VV+VH, autumn DOY 260-320; rank = (|doy-290| asc, event_id asc); passes never fused","{""coverage_tier"": ""S1_ACTUAL_FOOTPRINT"", ""n_eligible_after_gates"": 10, ""n_intersecting_scenes"": 144, ""selection_rank_of_pool"": ""1 of 10 eligible""}"
NP19_R00434-C00149_S2_2021,CNA10K-R00434-C00149,sentinel2,2021,PRIMARY,DEFAULT,SELECTED,EVT-S2-e366785d99006e35,2021-11-12T02:56:45.168000+00:00,316,AUTUMN_PRIMARY_V1_CANDIDATE,FULL_CELL_COVERED,STRICT_FULL,SAME_DATATAKE_MEMBER_TILE_UNION_COVERS_CELL,,7.8e-05,,,Sentinel-2B,20211112T024939_20211112T024939_T51SVD,S2B_MSIL2A_20211112T024939_N0500_R132_T51SVD_20230104T112733,51SVD,,,1,"predeclared policy: FULL_CELL_COVERED + autumn DOY 260-320 + scene cloud <= 0.30; rank = (cloud asc, |doy-290| asc, event_id asc)","{""coverage_tier"": ""STRICT_FULL"", ""n_autumn_events"": 24, ""n_eligible_after_gates"": 6, ""n_intersecting_events"": 145, ""n_pool_for_tier"": 24, ""selection_rank_of_pool"": ""1 of 6 eligible""}"
NP19_R00434-C00149_L8_2021,CNA10K-R00434-C00149,landsat8,2021,SECONDARY,DEFAULT,SELECTED,EVT-L-43fe0670314d0832,2021-11-14T00:00:00+00:00,318,AUTUMN_PRIMARY_V1_CANDIDATE,FULL_CELL_COVERED,STRICT_FULL,WRS2_NOMINAL_FRAME_FULL,1.0,0.0045000000000000005,,,,LC08_119033_20211114,LC08_L2SP_119033_20211114_20211125_02_T1,,119.0,33.0,1,"predeclared policy: FULL_CELL_COVERED + autumn DOY 260-320 + scene cloud <= 0.30; rank = (cloud asc, |doy-290| asc, event_id asc)","{""coverage_tier"": ""STRICT_FULL"", ""n_autumn_events"": 3, ""n_eligible_after_gates"": 3, ""n_intersecting_events"": 18, ""n_pool_for_tier"": 3, ""selection_rank_of_pool"": ""1 of 3 eligible""}"
NP19_R00226-C00080_L5_1990,CNA10K-R00226-C00080,landsat5,1990,PRIMARY,DEFAULT,SELECTED,EVT-L-1f5d83bceeff5613,1990-10-29T00:00:00+00:00,302,AUTUMN_PRIMARY_V1_CANDIDATE,FULL_CELL_COVERED,STRICT_FULL,WRS2_NOMINAL_FRAME_FULL,1.0,0.27,,,,LT05_122045_19901029,LT05_L2SP_122045_19901029_20200915_02_T1,,122.0,45.0,1,"predeclared policy: FULL_CELL_COVERED + autumn DOY 260-320 + scene cloud <= 0.30; rank = (cloud asc, |doy-290| asc, event_id asc)","{""coverage_tier"": ""STRICT_FULL"", ""n_autumn_events"": 3, ""n_eligible_after_gates"": 1, ""n_intersecting_events"": 9, ""n_pool_for_tier"": 3, ""selection_rank_of_pool"": ""1 of 1 eligible""}"
NP19_R00226-C00080_L5_2000,CNA10K-R00226-C00080,landsat5,2000,PRIMARY,DEFAULT,SELECTED,EVT-L-dc0400ee11b00cf7,2000-10-24T00:00:00+00:00,298,AUTUMN_PRIMARY_V1_CANDIDATE,FULL_CELL_COVERED,STRICT_FULL,WRS2_NOMINAL_FRAME_FULL,1.0,0.07,,,,LT05_122045_20001024,LT05_L2SP_122045_20001024_20200906_02_T1,,122.0,45.0,1,"predeclared policy: FULL_CELL_COVERED + autumn DOY 260-320 + scene cloud <= 0.30; rank = (cloud asc, |doy-290| asc, event_id asc)","{""coverage_tier"": ""STRICT_FULL"", ""n_autumn_events"": 3, ""n_eligible_after_gates"": 2, ""n_intersecting_events"": 16, ""n_pool_for_tier"": 3, ""selection_rank_of_pool"": ""1 of 2 eligible""}"
NP19_R00226-C00080_L8_2015,CNA10K-R00226-C00080,landsat8,2015,PRIMARY,DEFAULT,SELECTED,EVT-L-e470cb62fc6c4c2b,2015-10-18T00:00:00+00:00,291,AUTUMN_PRIMARY_V1_CANDIDATE,FULL_CELL_COVERED,STRICT_FULL,WRS2_NOMINAL_FRAME_FULL,1.0,0.17809999999999998,,,,LC08_122045_20151018,LC08_L2SP_122045_20151018_20200908_02_T1,,122.0,45.0,1,"predeclared policy: FULL_CELL_COVERED + autumn DOY 260-320 + scene cloud <= 0.30; rank = (cloud asc, |doy-290| asc, event_id asc)","{""coverage_tier"": ""STRICT_FULL"", ""n_autumn_events"": 3, ""n_eligible_after_gates"": 1, ""n_intersecting_events"": 18, ""n_pool_for_tier"": 3, ""selection_rank_of_pool"": ""1 of 1 eligible""}"
,CNA10K-R00226-C00080,sentinel1,2015,SECONDARY,A,NO_ELIGIBLE_EVENT,,,,,,,,,,,,,,,,,,,no ASC IW VV+VH scene in the autumn window DOY 260-320,"{""n_intersecting_scenes"": 4}"
,CNA10K-R00226-C00080,sentinel1,2015,SECONDARY,D,NO_ELIGIBLE_EVENT,,,,,,,,,,,,,,,,,,,no DESC IW VV+VH scene in the autumn window DOY 260-320,"{""n_intersecting_scenes"": 4}"
,CNA10K-R00226-C00080,sentinel2,2015,SECONDARY,DEFAULT,NO_SCENE,,,,,,,,,,,,,,,,,,,no intersecting scene in the frozen census,{}
,CNA10K-R00226-C00080,landsat8,2020,PRIMARY,DEFAULT,NO_ELIGIBLE_EVENT,,,,,,,,,,,,,,,,,,,no eligible event after gates: 2 full-cover and 0 near-full (>=0.90) autumn events; scene cloud ceiling 0.30; full-cover events all cloudy; min cloud 0.425,"{""min_autumn_cloud_fraction"": 0.42469999999999997, ""n_autumn_events"": 2, ""n_full_cover_autumn_events"": 2, ""n_intersecting_events"": 13, ""n_near_full_autumn_events"": 0}"
NP19_R00226-C00080_S1_2020_A,CNA10K-R00226-C00080,sentinel1,2020,PRIMARY,A,SELECTED,EVT-S1-1668050a8bc905ac,2020-10-10T10:33:32+00:00,284,AUTUMN_PRIMARY_V1_CANDIDATE,FULL_CELL_COVERED,S1_ACTUAL_FOOTPRINT,,,,ASC,11.0,Sentinel-1A,S1A_IW_GRDH_1SDV_20201010T103332_20201010T103401_034733_040BE5_2C53,S1A_IW_GRDH_1SDV_20201010T103332_20201010T103401_034733_040BE5_2C53,,,,1,"predeclared policy: ASC IW GRD VV+VH, autumn DOY 260-320; rank = (|doy-290| asc, event_id asc); passes never fused","{""coverage_tier"": ""S1_ACTUAL_FOOTPRINT"", ""n_eligible_after_gates"": 6, ""n_intersecting_scenes"": 29, ""selection_rank_of_pool"": ""1 of 6 eligible""}"
,CNA10K-R00226-C00080,sentinel1,2020,PRIMARY,D,NO_ELIGIBLE_EVENT,,,,,,,,,,,,,,,,,,,no DESC IW VV+VH scene in the autumn window DOY 260-320,"{""n_intersecting_scenes"": 29}"
NP19_R00226-C00080_S2_2020,CNA10K-R00226-C00080,sentinel2,2020,PRIMARY,DEFAULT,SELECTED,EVT-S2-5c38407c03941b41,2020-10-26T03:12:11.445000+00:00,300,AUTUMN_PRIMARY_V1_CANDIDATE,FULL_CELL_COVERED,STRICT_FULL,SAME_DATATAKE_MEMBER_TILE_UNION_COVERS_CELL,,0.27921554,,,Sentinel-2A,20201026T025821_20201026T031008_T49QFD,S2A_MSIL2A_20201026T025821_N0214_R032_T49QFD_20201026T050222,49QFD,,,1,"predeclared policy: FULL_CELL_COVERED + autumn DOY 260-320 + scene cloud <= 0.30; rank = (cloud asc, |doy-290| asc, event_id asc)","{""coverage_tier"": ""STRICT_FULL"", ""n_autumn_events"": 12, ""n_eligible_after_gates"": 2, ""n_intersecting_events"": 71, ""n_pool_for_tier"": 12, ""selection_rank_of_pool"": ""1 of 2 eligible""}"
NP19_R00226-C00080_S1_2021_A,CNA10K-R00226-C00080,sentinel1,2021,PRIMARY,A,SELECTED,EVT-S1-70ff819ef1944722,2021-10-17T10:33:37+00:00,290,AUTUMN_PRIMARY_V1_CANDIDATE,FULL_CELL_COVERED,S1_ACTUAL_FOOTPRINT,,,,ASC,11.0,Sentinel-1A,S1A_IW_GRDH_1SDV_20211017T103337_20211017T103406_040158_04C18D_30B8,S1A_IW_GRDH_1SDV_20211017T103337_20211017T103406_040158_04C18D_30B8,,,,1,"predeclared policy: ASC IW GRD VV+VH, autumn DOY 260-320; rank = (|doy-290| asc, event_id asc); passes never fused","{""coverage_tier"": ""S1_ACTUAL_FOOTPRINT"", ""n_eligible_after_gates"": 5, ""n_intersecting_scenes"": 32, ""selection_rank_of_pool"": ""1 of 5 eligible""}"
,CNA10K-R00226-C00080,sentinel1,2021,PRIMARY,D,NO_ELIGIBLE_EVENT,,,,,,,,,,,,,,,,,,,no DESC IW VV+VH scene in the autumn window DOY 260-320,"{""n_intersecting_scenes"": 32}"
NP19_R00226-C00080_S2_2021,CNA10K-R00226-C00080,sentinel2,2021,PRIMARY,DEFAULT,SELECTED,EVT-S2-7f9e0e9666a59df0,2021-10-01T03:12:10.573000+00:00,274,AUTUMN_PRIMARY_V1_CANDIDATE,FULL_CELL_COVERED,STRICT_FULL,SAME_DATATAKE_MEMBER_TILE_UNION_COVERS_CELL,,0.07784755,,,Sentinel-2A,20211001T025551_20211001T030953_T49QFD,S2A_MSIL2A_20211001T025551_N0301_R032_T49QFD_20211001T062429,49QFD,,,1,"predeclared policy: FULL_CELL_COVERED + autumn DOY 260-320 + scene cloud <= 0.30; rank = (cloud asc, |doy-290| asc, event_id asc)","{""coverage_tier"": ""STRICT_FULL"", ""n_autumn_events"": 12, ""n_eligible_after_gates"": 7, ""n_intersecting_events"": 73, ""n_pool_for_tier"": 12, ""selection_rank_of_pool"": ""1 of 7 eligible""}"
NP19_R00226-C00080_L8_2021,CNA10K-R00226-C00080,landsat8,2021,SECONDARY,DEFAULT,SELECTED,EVT-L-5a256621d25c3788,2021-10-02T00:00:00+00:00,275,AUTUMN_PRIMARY_V1_CANDIDATE,FULL_CELL_COVERED,STRICT_FULL,WRS2_NOMINAL_FRAME_FULL,1.0,0.08130000000000001,,,,LC08_122045_20211002,LC08_L2SP_122045_20211002_20211013_02_T1,,122.0,45.0,1,"predeclared policy: FULL_CELL_COVERED + autumn DOY 260-320 + scene cloud <= 0.30; rank = (cloud asc, |doy-290| asc, event_id asc)","{""coverage_tier"": ""STRICT_FULL"", ""n_autumn_events"": 3, ""n_eligible_after_gates"": 1, ""n_intersecting_events"": 16, ""n_pool_for_tier"": 3, ""selection_rank_of_pool"": ""1 of 1 eligible""}"
NP19_R00274-C00147_L5_1990,CNA10K-R00274-C00147,landsat5,1990,PRIMARY,DEFAULT,SELECTED,EVT-L-bac3866b2b7ea6f6,1990-10-17T00:00:00+00:00,290,AUTUMN_PRIMARY_V1_CANDIDATE,FULL_CELL_COVERED,STRICT_FULL,WRS2_NOMINAL_FRAME_FULL,1.0,0.17,,,,LT05_118043_19901017,LT05_L2SP_118043_19901017_20200915_02_T1,,118.0,43.0,1,"predeclared policy: FULL_CELL_COVERED + autumn DOY 260-320 + scene cloud <= 0.30; rank = (cloud asc, |doy-290| asc, event_id asc)","{""coverage_tier"": ""STRICT_FULL"", ""n_autumn_events"": 1, ""n_eligible_after_gates"": 1, ""n_intersecting_events"": 14, ""n_pool_for_tier"": 1, ""selection_rank_of_pool"": ""1 of 1 eligible""}"
NP19_R00274-C00147_L5_2000,CNA10K-R00274-C00147,landsat5,2000,PRIMARY,DEFAULT,SELECTED,EVT-L-421a1ec9228ea043,2000-09-26T00:00:00+00:00,270,AUTUMN_PRIMARY_V1_CANDIDATE,FULL_CELL_COVERED,STRICT_FULL,WRS2_NOMINAL_FRAME_FULL,1.0,0.12,,,,LT05_118043_20000926,LT05_L2SP_118043_20000926_20200906_02_T1,,118.0,43.0,1,"predeclared policy: FULL_CELL_COVERED + autumn DOY 260-320 + scene cloud <= 0.30; rank = (cloud asc, |doy-290| asc, event_id asc)","{""coverage_tier"": ""STRICT_FULL"", ""n_autumn_events"": 3, ""n_eligible_after_gates"": 1, ""n_intersecting_events"": 17, ""n_pool_for_tier"": 3, ""selection_rank_of_pool"": ""1 of 1 eligible""}"
NP19_R00274-C00147_L8_2015,CNA10K-R00274-C00147,landsat8,2015,PRIMARY,DEFAULT,SELECTED,EVT-L-70d0727ec35d0a60,2015-11-07T00:00:00+00:00,311,AUTUMN_PRIMARY_V1_CANDIDATE,FULL_CELL_COVERED,STRICT_FULL,WRS2_NOMINAL_FRAME_FULL,1.0,0.26489999999999997,,,,LC08_118043_20151107,LC08_L2SP_118043_20151107_20200908_02_T1,,118.0,43.0,1,"predeclared policy: FULL_CELL_COVERED + autumn DOY 260-320 + scene cloud <= 0.30; rank = (cloud asc, |doy-290| asc, event_id asc)","{""coverage_tier"": ""STRICT_FULL"", ""n_autumn_events"": 4, ""n_eligible_after_gates"": 1, ""n_intersecting_events"": 19, ""n_pool_for_tier"": 4, ""selection_rank_of_pool"": ""1 of 1 eligible""}"
NP19_R00274-C00147_S1_2015_A,CNA10K-R00274-C00147,sentinel1,2015,SECONDARY,A,SELECTED,EVT-S1-b297160ef9378092,2015-10-17T10:00:56+00:00,290,AUTUMN_PRIMARY_V1_CANDIDATE,PARTIAL_CELL_OVERLAP,S1_ACTUAL_FOOTPRINT,,,,ASC,69.0,Sentinel-1A,S1A_IW_GRDH_1SDV_20151017T100056_20151017T100121_008191_00B83F_A723,S1A_IW_GRDH_1SDV_20151017T100056_20151017T100121_008191_00B83F_A723,,,,1,"predeclared policy: ASC IW GRD VV+VH, autumn DOY 260-320; rank = (|doy-290| asc, event_id asc); passes never fused","{""coverage_tier"": ""S1_ACTUAL_FOOTPRINT"", ""n_eligible_after_gates"": 13, ""n_intersecting_scenes"": 50, ""selection_rank_of_pool"": ""1 of 13 eligible""}"
,CNA10K-R00274-C00147,sentinel1,2015,SECONDARY,D,NO_ELIGIBLE_EVENT,,,,,,,,,,,,,,,,,,,no DESC IW VV+VH scene in the autumn window DOY 260-320,"{""n_intersecting_scenes"": 50}"
,CNA10K-R00274-C00147,sentinel2,2015,SECONDARY,DEFAULT,NO_SCENE,,,,,,,,,,,,,,,,,,,no intersecting scene in the frozen census,{}
NP19_R00274-C00147_L8_2020,CNA10K-R00274-C00147,landsat8,2020,PRIMARY,DEFAULT,SELECTED,EVT-L-2d0b814cfde870d7,2020-10-03T00:00:00+00:00,277,AUTUMN_PRIMARY_V1_CANDIDATE,FULL_CELL_COVERED,STRICT_FULL,WRS2_NOMINAL_FRAME_FULL,1.0,0.2681,,,,LC08_118043_20201003,LC08_L2SP_118043_20201003_20201015_02_T1,,118.0,43.0,1,"predeclared policy: FULL_CELL_COVERED + autumn DOY 260-320 + scene cloud <= 0.30; rank = (cloud asc, |doy-290| asc, event_id asc)","{""coverage_tier"": ""STRICT_FULL"", ""n_autumn_events"": 3, ""n_eligible_after_gates"": 1, ""n_intersecting_events"": 21, ""n_pool_for_tier"": 3, ""selection_rank_of_pool"": ""1 of 1 eligible""}"
NP19_R00274-C00147_S1_2020_A,CNA10K-R00274-C00147,sentinel1,2020,PRIMARY,A,SELECTED,EVT-S1-fe422698d162e192,2020-10-14T10:01:45+00:00,288,AUTUMN_PRIMARY_V1_CANDIDATE,PARTIAL_CELL_OVERLAP,S1_ACTUAL_FOOTPRINT,,,,ASC,69.0,Sentinel-1A,S1A_IW_GRDH_1SDV_20201014T100145_20201014T100210_034791_040DF6_6A69,S1A_IW_GRDH_1SDV_20201014T100145_20201014T100210_034791_040DF6_6A69,,,,1,"predeclared policy: ASC IW GRD VV+VH, autumn DOY 260-320; rank = (|doy-290| asc, event_id asc); passes never fused","{""coverage_tier"": ""S1_ACTUAL_FOOTPRINT"", ""n_eligible_after_gates"": 15, ""n_intersecting_scenes"": 84, ""selection_rank_of_pool"": ""1 of 15 eligible""}"
,CNA10K-R00274-C00147,sentinel1,2020,PRIMARY,D,NO_ELIGIBLE_EVENT,,,,,,,,,,,,,,,,,,,no DESC IW VV+VH scene in the autumn window DOY 260-320,"{""n_intersecting_scenes"": 84}"
NP19_R00274-C00147_S2_2020,CNA10K-R00274-C00147,sentinel2,2020,PRIMARY,DEFAULT,SELECTED,EVT-S2-e240e8fac24792ae,2020-11-11T02:40:58.740000+00:00,316,AUTUMN_PRIMARY_V1_CANDIDATE,FULL_CELL_COVERED,STRICT_FULL,SAME_DATATAKE_MEMBER_TILE_UNION_COVERS_CELL,,0.00086094,,,Sentinel-2B,20201111T022929_20201111T022930_T50RQN,S2B_MSIL2A_20201111T022929_N0214_R046_T50RQN_20201111T050259,50RQN,,,1,"predeclared policy: FULL_CELL_COVERED + autumn DOY 260-320 + scene cloud <= 0.30; rank = (cloud asc, |doy-290| asc, event_id asc)","{""coverage_tier"": ""STRICT_FULL"", ""n_autumn_events"": 24, ""n_eligible_after_gates"": 5, ""n_intersecting_events"": 147, ""n_pool_for_tier"": 24, ""selection_rank_of_pool"": ""1 of 5 eligible""}"
NP19_R00274-C00147_S1_2021_A,CNA10K-R00274-C00147,sentinel1,2021,PRIMARY,A,SELECTED,EVT-S1-68d99e816820487b,2021-10-15T10:01:06+00:00,288,AUTUMN_PRIMARY_V1_CANDIDATE,PARTIAL_CELL_OVERLAP,S1_ACTUAL_FOOTPRINT,,,,ASC,69.0,Sentinel-1B,S1B_IW_GRDH_1SDV_20211015T100106_20211015T100123_029145_037A63_BAA6,S1B_IW_GRDH_1SDV_20211015T100106_20211015T100123_029145_037A63_BAA6,,,,1,"predeclared policy: ASC IW GRD VV+VH, autumn DOY 260-320; rank = (|doy-290| asc, event_id asc); passes never fused","{""coverage_tier"": ""S1_ACTUAL_FOOTPRINT"", ""n_eligible_after_gates"": 15, ""n_intersecting_scenes"": 81, ""selection_rank_of_pool"": ""1 of 15 eligible""}"
,CNA10K-R00274-C00147,sentinel1,2021,PRIMARY,D,NO_ELIGIBLE_EVENT,,,,,,,,,,,,,,,,,,,no DESC IW VV+VH scene in the autumn window DOY 260-320,"{""n_intersecting_scenes"": 81}"
NP19_R00274-C00147_S2_2021,CNA10K-R00274-C00147,sentinel2,2021,PRIMARY,DEFAULT,SELECTED,EVT-S2-d9414b9bc716452f,2021-09-20T02:50:49.884000+00:00,263,AUTUMN_PRIMARY_V1_CANDIDATE,FULL_CELL_COVERED,STRICT_FULL,SAME_DATATAKE_MEMBER_TILE_UNION_COVERS_CELL,,0.00010093,,,Sentinel-2B,20210920T023549_20210920T024414_T50RQN,S2B_MSIL2A_20210920T023549_N0500_R089_T50RQN_20230128T122816,50RQN,,,1,"predeclared policy: FULL_CELL_COVERED + autumn DOY 260-320 + scene cloud <= 0.30; rank = (cloud asc, |doy-290| asc, event_id asc)","{""coverage_tier"": ""STRICT_FULL"", ""n_autumn_events"": 24, ""n_eligible_after_gates"": 12, ""n_intersecting_events"": 145, ""n_pool_for_tier"": 24, ""selection_rank_of_pool"": ""1 of 12 eligible""}"
NP19_R00274-C00147_L8_2021,CNA10K-R00274-C00147,landsat8,2021,SECONDARY,DEFAULT,SELECTED,EVT-L-d93e513c444ce77c,2021-09-20T00:00:00+00:00,263,AUTUMN_PRIMARY_V1_CANDIDATE,FULL_CELL_COVERED,STRICT_FULL,WRS2_NOMINAL_FRAME_FULL,1.0,0.020099999999999996,,,,LC08_118043_20210920,LC08_L2SP_118043_20210920_20210925_02_T1,,118.0,43.0,1,"predeclared policy: FULL_CELL_COVERED + autumn DOY 260-320 + scene cloud <= 0.30; rank = (cloud asc, |doy-290| asc, event_id asc)","{""coverage_tier"": ""STRICT_FULL"", ""n_autumn_events"": 3, ""n_eligible_after_gates"": 3, ""n_intersecting_events"": 17, ""n_pool_for_tier"": 3, ""selection_rank_of_pool"": ""1 of 3 eligible""}"
,CNA10K-R00445-C00159,landsat5,1990,PRIMARY,DEFAULT,NO_ELIGIBLE_EVENT,,,,,,,,,,,,,,,,,,,no eligible event after gates: 1 full-cover and 0 near-full (>=0.90) autumn events; scene cloud ceiling 0.30; full-cover events all cloudy; min cloud 0.670,"{""min_autumn_cloud_fraction"": 0.67, ""n_autumn_events"": 1, ""n_full_cover_autumn_events"": 1, ""n_intersecting_events"": 17, ""n_near_full_autumn_events"": 0}"
NP19_R00445-C00159_L5_2000,CNA10K-R00445-C00159,landsat5,2000,PRIMARY,DEFAULT,SELECTED,EVT-L-85e04915ecaf9c79,2000-09-26T00:00:00+00:00,270,AUTUMN_PRIMARY_V1_CANDIDATE,FULL_CELL_COVERED,STRICT_FULL,WRS2_NOMINAL_FRAME_FULL,1.0,0.0,,,,LT05_118032_20000926,LT05_L2SP_118032_20000926_20200906_02_T1,,118.0,32.0,1,"predeclared policy: FULL_CELL_COVERED + autumn DOY 260-320 + scene cloud <= 0.30; rank = (cloud asc, |doy-290| asc, event_id asc)","{""coverage_tier"": ""STRICT_FULL"", ""n_autumn_events"": 4, ""n_eligible_after_gates"": 3, ""n_intersecting_events"": 21, ""n_pool_for_tier"": 4, ""selection_rank_of_pool"": ""1 of 3 eligible""}"
NP19_R00445-C00159_L8_2015,CNA10K-R00445-C00159,landsat8,2015,PRIMARY,DEFAULT,SELECTED,EVT-L-10a77e9f7c3052db,2015-09-20T00:00:00+00:00,263,AUTUMN_PRIMARY_V1_CANDIDATE,FULL_CELL_COVERED,STRICT_FULL,WRS2_NOMINAL_FRAME_FULL,1.0,0.011000000000000001,,,,LC08_118032_20150920,LC08_L2SP_118032_20150920_20200908_02_T1,,118.0,32.0,1,"predeclared policy: FULL_CELL_COVERED + autumn DOY 260-320 + scene cloud <= 0.30; rank = (cloud asc, |doy-290| asc, event_id asc)","{""coverage_tier"": ""STRICT_FULL"", ""n_autumn_events"": 3, ""n_eligible_after_gates"": 1, ""n_intersecting_events"": 21, ""n_pool_for_tier"": 3, ""selection_rank_of_pool"": ""1 of 1 eligible""}"
,CNA10K-R00445-C00159,sentinel1,2015,SECONDARY,A,NO_ELIGIBLE_EVENT,,,,,,,,,,,,,,,,,,,no ASC IW VV+VH scene in the autumn window DOY 260-320,"{""n_intersecting_scenes"": 13}"
NP19_R00445-C00159_S1_2015_D,CNA10K-R00445-C00159,sentinel1,2015,SECONDARY,D,SELECTED,EVT-S1-5f7eb4e99a4db09e,2015-10-07T21:47:43+00:00,280,AUTUMN_PRIMARY_V1_CANDIDATE,FULL_CELL_COVERED,S1_ACTUAL_FOOTPRINT,,,,DESC,105.0,Sentinel-1A,S1A_IW_GRDH_1SDV_20151007T214743_20151007T214811_008052_00B471_C098,S1A_IW_GRDH_1SDV_20151007T214743_20151007T214811_008052_00B471_C098,,,,1,"predeclared policy: DESC IW GRD VV+VH, autumn DOY 260-320; rank = (|doy-290| asc, event_id asc); passes never fused","{""coverage_tier"": ""S1_ACTUAL_FOOTPRINT"", ""n_eligible_after_gates"": 2, ""n_intersecting_scenes"": 13, ""selection_rank_of_pool"": ""1 of 2 eligible""}"
NP19_R00445-C00159_S2_2015,CNA10K-R00445-C00159,sentinel2,2015,SECONDARY,DEFAULT,SELECTED,EVT-S2-844d92395bc23b25,2015-10-24T02:36:37.068000+00:00,297,AUTUMN_PRIMARY_V1_CANDIDATE,FULL_CELL_COVERED,STRICT_FULL,SAME_DATATAKE_MEMBER_TILE_UNION_COVERS_CELL,,0.040587359999999996,,,Sentinel-2A,20151024T022752_20151024T023354_T51TWE|20151024T022752_20151024T023354_T51TXE,S2A_MSIL2A_20151024T022752_N0500_R046_T51TWE_20231009T175539|S2A_MSIL2A_20151024T022752_N0500_R046_T51TXE_20231009T175539,51TWE|51TXE,,,2,"predeclared policy: FULL_CELL_COVERED + autumn DOY 260-320 + scene cloud <= 0.30; rank = (cloud asc, |doy-290| asc, event_id asc)","{""coverage_tier"": ""STRICT_FULL"", ""n_autumn_events"": 1, ""n_eligible_after_gates"": 1, ""n_intersecting_events"": 2, ""n_pool_for_tier"": 1, ""selection_rank_of_pool"": ""1 of 1 eligible""}"
NP19_R00445-C00159_L8_2020,CNA10K-R00445-C00159,landsat8,2020,PRIMARY,DEFAULT,SELECTED,EVT-L-d787941d55423e6f,2020-10-19T00:00:00+00:00,293,AUTUMN_PRIMARY_V1_CANDIDATE,FULL_CELL_COVERED,STRICT_FULL,WRS2_NOMINAL_FRAME_FULL,1.0,0.0379,,,,LC08_118032_20201019,LC08_L2SP_118032_20201019_20201105_02_T1,,118.0,32.0,1,"predeclared policy: FULL_CELL_COVERED + autumn DOY 260-320 + scene cloud <= 0.30; rank = (cloud asc, |doy-290| asc, event_id asc)","{""coverage_tier"": ""STRICT_FULL"", ""n_autumn_events"": 3, ""n_eligible_after_gates"": 2, ""n_intersecting_events"": 20, ""n_pool_for_tier"": 3, ""selection_rank_of_pool"": ""1 of 2 eligible""}"
NP19_R00445-C00159_S1_2020_A,CNA10K-R00445-C00159,sentinel1,2020,PRIMARY,A,SELECTED,EVT-S1-e16691799a0624cd,2020-10-11T09:41:12+00:00,285,AUTUMN_PRIMARY_V1_CANDIDATE,FULL_CELL_COVERED,S1_ACTUAL_FOOTPRINT,,,,ASC,25.0,Sentinel-1A,S1A_IW_GRDH_1SDV_20201011T094112_20201011T094145_034747_040C6B_B883,S1A_IW_GRDH_1SDV_20201011T094112_20201011T094145_034747_040C6B_B883,,,,1,"predeclared policy: ASC IW GRD VV+VH, autumn DOY 260-320; rank = (|doy-290| asc, event_id asc); passes never fused","{""coverage_tier"": ""S1_ACTUAL_FOOTPRINT"", ""n_eligible_after_gates"": 5, ""n_intersecting_scenes"": 59, ""selection_rank_of_pool"": ""1 of 5 eligible""}"
NP19_R00445-C00159_S1_2020_D,CNA10K-R00445-C00159,sentinel1,2020,PRIMARY,D,SELECTED,EVT-S1-8732ad585b0de4ca,2020-10-10T21:47:37+00:00,284,AUTUMN_PRIMARY_V1_CANDIDATE,FULL_CELL_COVERED,S1_ACTUAL_FOOTPRINT,,,,DESC,105.0,Sentinel-1B,S1B_IW_GRDH_1SDV_20201010T214737_20201010T214804_023756_02D24D_148D,S1B_IW_GRDH_1SDV_20201010T214737_20201010T214804_023756_02D24D_148D,,,,1,"predeclared policy: DESC IW GRD VV+VH, autumn DOY 260-320; rank = (|doy-290| asc, event_id asc); passes never fused","{""coverage_tier"": ""S1_ACTUAL_FOOTPRINT"", ""n_eligible_after_gates"": 6, ""n_intersecting_scenes"": 59, ""selection_rank_of_pool"": ""1 of 6 eligible""}"
NP19_R00445-C00159_S2_2020,CNA10K-R00445-C00159,sentinel2,2020,PRIMARY,DEFAULT,SELECTED,EVT-S2-8b122a0c8574b197,2020-10-30T02:46:34.614000+00:00,304,AUTUMN_PRIMARY_V1_CANDIDATE,FULL_CELL_COVERED,STRICT_FULL,SAME_DATATAKE_MEMBER_TILE_UNION_COVERS_CELL,,0.0016869600000000002,,,Sentinel-2A,20201030T023831_20201030T023833_T51TWE|20201030T023831_20201030T023833_T51TXE,S2A_MSIL2A_20201030T023831_N0500_R089_T51TWE_20230414T211702|S2A_MSIL2A_20201030T023831_N0500_R089_T51TXE_20230414T211702,51TWE|51TXE,,,2,"predeclared policy: FULL_CELL_COVERED + autumn DOY 260-320 + scene cloud <= 0.30; rank = (cloud asc, |doy-290| asc, event_id asc)","{""coverage_tier"": ""STRICT_FULL"", ""n_autumn_events"": 28, ""n_eligible_after_gates"": 9, ""n_intersecting_events"": 159, ""n_pool_for_tier"": 20, ""selection_rank_of_pool"": ""1 of 9 eligible""}"
NP19_R00445-C00159_S1_2021_A,CNA10K-R00445-C00159,sentinel1,2021,PRIMARY,A,SELECTED,EVT-S1-69b78ceef3cceb7f,2021-10-18T09:41:17+00:00,291,AUTUMN_PRIMARY_V1_CANDIDATE,FULL_CELL_COVERED,S1_ACTUAL_FOOTPRINT,,,,ASC,25.0,Sentinel-1A,S1A_IW_GRDH_1SDV_20211018T094117_20211018T094151_040172_04C212_9251,S1A_IW_GRDH_1SDV_20211018T094117_20211018T094151_040172_04C212_9251,,,,1,"predeclared policy: ASC IW GRD VV+VH, autumn DOY 260-320; rank = (|doy-290| asc, event_id asc); passes never fused","{""coverage_tier"": ""S1_ACTUAL_FOOTPRINT"", ""n_eligible_after_gates"": 5, ""n_intersecting_scenes"": 60, ""selection_rank_of_pool"": ""1 of 5 eligible""}"
NP19_R00445-C00159_S1_2021_D,CNA10K-R00445-C00159,sentinel1,2021,PRIMARY,D,SELECTED,EVT-S1-3d9a1fdf8648e2dd,2021-10-17T21:47:43+00:00,290,AUTUMN_PRIMARY_V1_CANDIDATE,FULL_CELL_COVERED,S1_ACTUAL_FOOTPRINT,,,,DESC,105.0,Sentinel-1B,S1B_IW_GRDH_1SDV_20211017T214743_20211017T214810_029181_037B89_30DE,S1B_IW_GRDH_1SDV_20211017T214743_20211017T214810_029181_037B89_30DE,,,,1,"predeclared policy: DESC IW GRD VV+VH, autumn DOY 260-320; rank = (|doy-290| asc, event_id asc); passes never fused","{""coverage_tier"": ""S1_ACTUAL_FOOTPRINT"", ""n_eligible_after_gates"": 5, ""n_intersecting_scenes"": 60, ""selection_rank_of_pool"": ""1 of 5 eligible""}"
NP19_R00445-C00159_S2_2021,CNA10K-R00445-C00159,sentinel2,2021,PRIMARY,DEFAULT,SELECTED,EVT-S2-69462b6099332023,2021-10-27T02:36:34.819000+00:00,300,AUTUMN_PRIMARY_V1_CANDIDATE,FULL_CELL_COVERED,STRICT_FULL,SAME_DATATAKE_MEMBER_TILE_UNION_COVERS_CELL,,3.4099999999999995e-05,,,Sentinel-2B,20211027T022809_20211027T022805_T51TWE|20211027T022809_20211027T022805_T51TXE,S2B_MSIL2A_20211027T022809_N0500_R046_T51TWE_20230104T131327|S2B_MSIL2A_20211027T022809_N0500_R046_T51TXE_20230104T131327,51TWE|51TXE,,,2,"predeclared policy: FULL_CELL_COVERED + autumn DOY 260-320 + scene cloud <= 0.30; rank = (cloud asc, |doy-290| asc, event_id asc)","{""coverage_tier"": ""STRICT_FULL"", ""n_autumn_events"": 28, ""n_eligible_after_gates"": 10, ""n_intersecting_events"": 159, ""n_pool_for_tier"": 22, ""selection_rank_of_pool"": ""1 of 10 eligible""}"
NP19_R00445-C00159_L8_2021,CNA10K-R00445-C00159,landsat8,2021,SECONDARY,DEFAULT,SELECTED,EVT-L-cccf3c6213daa70c,2021-10-22T00:00:00+00:00,295,AUTUMN_PRIMARY_V1_CANDIDATE,FULL_CELL_COVERED,STRICT_FULL,WRS2_NOMINAL_FRAME_FULL,1.0,0.0019,,,,LC08_118032_20211022,LC08_L2SP_118032_20211022_20211103_02_T1,,118.0,32.0,1,"predeclared policy: FULL_CELL_COVERED + autumn DOY 260-320 + scene cloud <= 0.30; rank = (cloud asc, |doy-290| asc, event_id asc)","{""coverage_tier"": ""STRICT_FULL"", ""n_autumn_events"": 2, ""n_eligible_after_gates"": 1, ""n_intersecting_events"": 18, ""n_pool_for_tier"": 2, ""selection_rank_of_pool"": ""1 of 1 eligible""}"
,CNA10K-R00279-C00143,landsat5,1990,PRIMARY,DEFAULT,NO_ELIGIBLE_EVENT,,,,,,,,,,,,,,,,,,,no eligible event after gates: 0 full-cover and 0 near-full (>=0.90) autumn events; scene cloud ceiling 0.30; best nominal frame cover for a PARTIAL autumn event 0.1659 < 0.90,"{""min_autumn_cloud_fraction"": 0.41, ""n_autumn_events"": 1, ""n_full_cover_autumn_events"": 0, ""n_intersecting_events"": 22, ""n_near_full_autumn_events"": 0}"
NP19_R00279-C00143_L7_2000,CNA10K-R00279-C00143,landsat7,2000,PRIMARY,DEFAULT,SELECTED,EVT-L-e3b5c01547925635,2000-09-25T00:00:00+00:00,269,AUTUMN_PRIMARY_V1_CANDIDATE,FULL_CELL_COVERED,STRICT_FULL,WRS2_NOMINAL_FRAME_FULL,1.0,0.04,,,,LE07_119042_20000925,LE07_L2SP_119042_20000925_20200917_02_T1,,119.0,42.0,1,"predeclared policy: FULL_CELL_COVERED + autumn DOY 260-320 + scene cloud <= 0.30; rank = (cloud asc, |doy-290| asc, event_id asc)","{""coverage_tier"": ""STRICT_FULL"", ""n_autumn_events"": 5, ""n_eligible_after_gates"": 2, ""n_intersecting_events"": 32, ""n_pool_for_tier"": 3, ""selection_rank_of_pool"": ""1 of 2 eligible""}"
NP19_R00279-C00143_L8_2015,CNA10K-R00279-C00143,landsat8,2015,PRIMARY,DEFAULT,SELECTED,EVT-L-4313166ad8f2ca07,2015-09-27T00:00:00+00:00,270,AUTUMN_PRIMARY_V1_CANDIDATE,FULL_CELL_COVERED,STRICT_FULL,WRS2_NOMINAL_FRAME_FULL,1.0,0.0229,,,,LC08_119042_20150927,LC08_L2SP_119042_20150927_20200908_02_T1,,119.0,42.0,1,"predeclared policy: FULL_CELL_COVERED + autumn DOY 260-320 + scene cloud <= 0.30; rank = (cloud asc, |doy-290| asc, event_id asc)","{""coverage_tier"": ""STRICT_FULL"", ""n_autumn_events"": 7, ""n_eligible_after_gates"": 2, ""n_intersecting_events"": 31, ""n_pool_for_tier"": 4, ""selection_rank_of_pool"": ""1 of 2 eligible""}"
NP19_R00279-C00143_S1_2015_A,CNA10K-R00279-C00143,sentinel1,2015,SECONDARY,A,SELECTED,EVT-S1-b477b95ce2ced7da,2015-10-22T10:09:30+00:00,295,AUTUMN_PRIMARY_V1_CANDIDATE,FULL_CELL_COVERED,S1_ACTUAL_FOOTPRINT,,,,ASC,142.0,Sentinel-1A,S1A_IW_GRDH_1SDV_20151022T100930_20151022T100955_008264_00BA45_2463,S1A_IW_GRDH_1SDV_20151022T100930_20151022T100955_008264_00BA45_2463,,,,1,"predeclared policy: ASC IW GRD VV+VH, autumn DOY 260-320; rank = (|doy-290| asc, event_id asc); passes never fused","{""coverage_tier"": ""S1_ACTUAL_FOOTPRINT"", ""n_eligible_after_gates"": 5, ""n_intersecting_scenes"": 18, ""selection_rank_of_pool"": ""1 of 5 eligible""}"
,CNA10K-R00279-C00143,sentinel1,2015,SECONDARY,D,NO_ELIGIBLE_EVENT,,,,,,,,,,,,,,,,,,,no DESC IW VV+VH scene in the autumn window DOY 260-320,"{""n_intersecting_scenes"": 18}"
,CNA10K-R00279-C00143,sentinel2,2015,SECONDARY,DEFAULT,NO_ELIGIBLE_EVENT,,,,,,,,,,,,,,,,,,,no event inside the predeclared autumn window DOY 260-320,"{""n_intersecting_events"": 1}"
NP19_R00279-C00143_L8_2020,CNA10K-R00279-C00143,landsat8,2020,PRIMARY,DEFAULT,SELECTED,EVT-L-ce1390c613c392fc,2020-10-10T00:00:00+00:00,284,AUTUMN_PRIMARY_V1_CANDIDATE,FULL_CELL_COVERED,STRICT_FULL,WRS2_NOMINAL_FRAME_FULL,1.0,0.0359,,,,LC08_119042_20201010,LC08_L2SP_119042_20201010_20201016_02_T1,,119.0,42.0,1,"predeclared policy: FULL_CELL_COVERED + autumn DOY 260-320 + scene cloud <= 0.30; rank = (cloud asc, |doy-290| asc, event_id asc)","{""coverage_tier"": ""STRICT_FULL"", ""n_autumn_events"": 5, ""n_eligible_after_gates"": 3, ""n_intersecting_events"": 33, ""n_pool_for_tier"": 3, ""selection_rank_of_pool"": ""1 of 3 eligible""}"
NP19_R00279-C00143_S1_2020_A,CNA10K-R00279-C00143,sentinel1,2020,PRIMARY,A,SELECTED,EVT-S1-112188cf9c51931e,2020-10-19T10:09:41+00:00,293,AUTUMN_PRIMARY_V1_CANDIDATE,PARTIAL_CELL_OVERLAP,S1_ACTUAL_FOOTPRINT,,,,ASC,142.0,Sentinel-1A,S1A_IW_GRDH_1SDV_20201019T100941_20201019T101010_034864_04107F_D677,S1A_IW_GRDH_1SDV_20201019T100941_20201019T101010_034864_04107F_D677,,,,1,"predeclared policy: ASC IW GRD VV+VH, autumn DOY 260-320; rank = (|doy-290| asc, event_id asc); passes never fused","{""coverage_tier"": ""S1_ACTUAL_FOOTPRINT"", ""n_eligible_after_gates"": 10, ""n_intersecting_scenes"": 61, ""selection_rank_of_pool"": ""1 of 10 eligible""}"
,CNA10K-R00279-C00143,sentinel1,2020,PRIMARY,D,NO_ELIGIBLE_EVENT,,,,,,,,,,,,,,,,,,,no DESC IW VV+VH scene in the autumn window DOY 260-320,"{""n_intersecting_scenes"": 61}"
NP19_R00279-C00143_S2_2020,CNA10K-R00279-C00143,sentinel2,2020,PRIMARY,DEFAULT,SELECTED,EVT-S2-d13d3caddd2e55bb,2020-10-10T02:50:44.325000+00:00,284,AUTUMN_PRIMARY_V1_CANDIDATE,FULL_CELL_COVERED,STRICT_FULL,SAME_DATATAKE_MEMBER_TILE_UNION_COVERS_CELL,,0.06196005,,,Sentinel-2A,20201010T023631_20201010T024205_T50RQP,S2A_MSIL2A_20201010T023631_N0500_R089_T50RQP_20230415T105701,50RQP,,,1,"predeclared policy: FULL_CELL_COVERED + autumn DOY 260-320 + scene cloud <= 0.30; rank = (cloud asc, |doy-290| asc, event_id asc)","{""coverage_tier"": ""STRICT_FULL"", ""n_autumn_events"": 24, ""n_eligible_after_gates"": 4, ""n_intersecting_events"": 148, ""n_pool_for_tier"": 24, ""selection_rank_of_pool"": ""1 of 4 eligible""}"
NP19_R00279-C00143_S1_2021_A,CNA10K-R00279-C00143,sentinel1,2021,PRIMARY,A,SELECTED,EVT-S1-b20de6bd97df31c3,2021-10-14T10:10:16+00:00,287,AUTUMN_PRIMARY_V1_CANDIDATE,PARTIAL_CELL_OVERLAP,S1_ACTUAL_FOOTPRINT,,,,ASC,142.0,Sentinel-1A,S1A_IW_GRDH_1SDV_20211014T101016_20211014T101041_040114_04BFFD_FED7,S1A_IW_GRDH_1SDV_20211014T101016_20211014T101041_040114_04BFFD_FED7,,,,1,"predeclared policy: ASC IW GRD VV+VH, autumn DOY 260-320; rank = (|doy-290| asc, event_id asc); passes never fused","{""coverage_tier"": ""S1_ACTUAL_FOOTPRINT"", ""n_eligible_after_gates"": 10, ""n_intersecting_scenes"": 59, ""selection_rank_of_pool"": ""1 of 10 eligible""}"
,CNA10K-R00279-C00143,sentinel1,2021,PRIMARY,D,NO_ELIGIBLE_EVENT,,,,,,,,,,,,,,,,,,,no DESC IW VV+VH scene in the autumn window DOY 260-320,"{""n_intersecting_scenes"": 59}"
NP19_R00279-C00143_S2_2021,CNA10K-R00279-C00143,sentinel2,2021,PRIMARY,DEFAULT,SELECTED,EVT-S2-42eb33abdc3126d0,2021-11-11T02:40:47.232000+00:00,315,AUTUMN_PRIMARY_V1_CANDIDATE,FULL_CELL_COVERED,STRICT_FULL,SAME_DATATAKE_MEMBER_TILE_UNION_COVERS_CELL,,0.0034802699999999997,,,Sentinel-2A,20211111T022931_20211111T022929_T50RQP,S2A_MSIL2A_20211111T022931_N0500_R046_T50RQP_20221231T013637,50RQP,,,1,"predeclared policy: FULL_CELL_COVERED + autumn DOY 260-320 + scene cloud <= 0.30; rank = (cloud asc, |doy-290| asc, event_id asc)","{""coverage_tier"": ""STRICT_FULL"", ""n_autumn_events"": 25, ""n_eligible_after_gates"": 8, ""n_intersecting_events"": 146, ""n_pool_for_tier"": 25, ""selection_rank_of_pool"": ""1 of 8 eligible""}"
NP19_R00279-C00143_L8_2021,CNA10K-R00279-C00143,landsat8,2021,SECONDARY,DEFAULT,SELECTED,EVT-L-22e0ac845fdcb2dd,2021-09-27T00:00:00+00:00,270,AUTUMN_PRIMARY_V1_CANDIDATE,FULL_CELL_COVERED,STRICT_FULL,WRS2_NOMINAL_FRAME_FULL,1.0,0.0088,,,,LC08_119042_20210927,LC08_L2SP_119042_20210927_20211001_02_T1,,119.0,42.0,1,"predeclared policy: FULL_CELL_COVERED + autumn DOY 260-320 + scene cloud <= 0.30; rank = (cloud asc, |doy-290| asc, event_id asc)","{""coverage_tier"": ""STRICT_FULL"", ""n_autumn_events"": 6, ""n_eligible_after_gates"": 2, ""n_intersecting_events"": 35, ""n_pool_for_tier"": 3, ""selection_rank_of_pool"": ""1 of 2 eligible""}"
NP19_R00429-C00140_L5_1990,CNA10K-R00429-C00140,landsat5,1990,PRIMARY,DEFAULT,SELECTED,EVT-L-d1e0d28c71e7c487,1990-10-15T00:00:00+00:00,288,AUTUMN_PRIMARY_V1_CANDIDATE,FULL_CELL_COVERED,STRICT_FULL,WRS2_NOMINAL_FRAME_FULL,1.0,0.0,,,,LT05_120033_19901015,LT05_L2SP_120033_19901015_20200915_02_T1,,120.0,33.0,1,"predeclared policy: FULL_CELL_COVERED + autumn DOY 260-320 + scene cloud <= 0.30; rank = (cloud asc, |doy-290| asc, event_id asc)","{""coverage_tier"": ""STRICT_FULL"", ""n_autumn_events"": 4, ""n_eligible_after_gates"": 2, ""n_intersecting_events"": 29, ""n_pool_for_tier"": 4, ""selection_rank_of_pool"": ""1 of 2 eligible""}"
NP19_R00429-C00140_L5_2000,CNA10K-R00429-C00140,landsat5,2000,PRIMARY,DEFAULT,SELECTED,EVT-L-8989bb6abd66d53c,2000-10-26T00:00:00+00:00,300,AUTUMN_PRIMARY_V1_CANDIDATE,FULL_CELL_COVERED,STRICT_FULL,WRS2_NOMINAL_FRAME_FULL,1.0,0.0,,,,LT05_120033_20001026,LT05_L2SP_120033_20001026_20200906_02_T1,,120.0,33.0,1,"predeclared policy: FULL_CELL_COVERED + autumn DOY 260-320 + scene cloud <= 0.30; rank = (cloud asc, |doy-290| asc, event_id asc)","{""coverage_tier"": ""STRICT_FULL"", ""n_autumn_events"": 7, ""n_eligible_after_gates"": 3, ""n_intersecting_events"": 39, ""n_pool_for_tier"": 7, ""selection_rank_of_pool"": ""1 of 3 eligible""}"
NP19_R00429-C00140_L8_2015,CNA10K-R00429-C00140,landsat8,2015,PRIMARY,DEFAULT,SELECTED,EVT-L-5292dca548fd28f4,2015-10-13T00:00:00+00:00,286,AUTUMN_PRIMARY_V1_CANDIDATE,FULL_CELL_COVERED,STRICT_FULL,WRS2_NOMINAL_FRAME_FULL,1.0,0.0004,,,,LC08_119033_20151013,LC08_L2SP_119033_20151013_20200908_02_T1,,119.0,33.0,1,"predeclared policy: FULL_CELL_COVERED + autumn DOY 260-320 + scene cloud <= 0.30; rank = (cloud asc, |doy-290| asc, event_id asc)","{""coverage_tier"": ""STRICT_FULL"", ""n_autumn_events"": 8, ""n_eligible_after_gates"": 4, ""n_intersecting_events"": 39, ""n_pool_for_tier"": 8, ""selection_rank_of_pool"": ""1 of 4 eligible""}"
,CNA10K-R00429-C00140,sentinel1,2015,SECONDARY,A,NO_ELIGIBLE_EVENT,,,,,,,,,,,,,,,,,,,no ASC IW VV+VH scene in the autumn window DOY 260-320,"{""n_intersecting_scenes"": 2}"
,CNA10K-R00429-C00140,sentinel1,2015,SECONDARY,D,NO_ELIGIBLE_EVENT,,,,,,,,,,,,,,,,,,,no DESC IW VV+VH scene in the autumn window DOY 260-320,"{""n_intersecting_scenes"": 2}"
,CNA10K-R00429-C00140,sentinel2,2015,SECONDARY,DEFAULT,NO_ELIGIBLE_EVENT,,,,,,,,,,,,,,,,,,,no event inside the predeclared autumn window DOY 260-320,"{""n_intersecting_events"": 1}"
NP19_R00429-C00140_L8_2020,CNA10K-R00429-C00140,landsat8,2020,PRIMARY,DEFAULT,SELECTED,EVT-L-66e092b457b70bb2,2020-11-11T00:00:00+00:00,316,AUTUMN_PRIMARY_V1_CANDIDATE,FULL_CELL_COVERED,STRICT_FULL,WRS2_NOMINAL_FRAME_FULL,1.0,0.0053,,,,LC08_119033_20201111,LC08_L2SP_119033_20201111_20210316_02_T1,,119.0,33.0,1,"predeclared policy: FULL_CELL_COVERED + autumn DOY 260-320 + scene cloud <= 0.30; rank = (cloud asc, |doy-290| asc, event_id asc)","{""coverage_tier"": ""STRICT_FULL"", ""n_autumn_events"": 5, ""n_eligible_after_gates"": 2, ""n_intersecting_events"": 35, ""n_pool_for_tier"": 5, ""selection_rank_of_pool"": ""1 of 2 eligible""}"
NP19_R00429-C00140_S1_2020_A,CNA10K-R00429-C00140,sentinel1,2020,PRIMARY,A,SELECTED,EVT-S1-5ad5e7a4f0c031f5,2020-10-16T09:49:04+00:00,290,AUTUMN_PRIMARY_V1_CANDIDATE,FULL_CELL_COVERED,S1_ACTUAL_FOOTPRINT,,,,ASC,98.0,Sentinel-1A,S1A_IW_GRDH_1SDV_20201016T094904_20201016T094929_034820_040EF8_404F,S1A_IW_GRDH_1SDV_20201016T094904_20201016T094929_034820_040EF8_404F,,,,1,"predeclared policy: ASC IW GRD VV+VH, autumn DOY 260-320; rank = (|doy-290| asc, event_id asc); passes never fused","{""coverage_tier"": ""S1_ACTUAL_FOOTPRINT"", ""n_eligible_after_gates"": 20, ""n_intersecting_scenes"": 129, ""selection_rank_of_pool"": ""1 of 20 eligible""}"
NP19_R00429-C00140_S1_2020_D,CNA10K-R00429-C00140,sentinel1,2020,PRIMARY,D,SELECTED,EVT-S1-b8455e4c36f8cad5,2020-10-15T21:56:11+00:00,289,AUTUMN_PRIMARY_V1_CANDIDATE,FULL_CELL_COVERED,S1_ACTUAL_FOOTPRINT,,,,DESC,3.0,Sentinel-1B,S1B_IW_GRDH_1SDV_20201015T215611_20201015T215636_023829_02D48B_03CE,S1B_IW_GRDH_1SDV_20201015T215611_20201015T215636_023829_02D48B_03CE,,,,1,"predeclared policy: DESC IW GRD VV+VH, autumn DOY 260-320; rank = (|doy-290| asc, event_id asc); passes never fused","{""coverage_tier"": ""S1_ACTUAL_FOOTPRINT"", ""n_eligible_after_gates"": 4, ""n_intersecting_scenes"": 129, ""selection_rank_of_pool"": ""1 of 4 eligible""}"
NP19_R00429-C00140_S2_2020,CNA10K-R00429-C00140,sentinel2,2020,PRIMARY,DEFAULT,SELECTED,EVT-S2-88b98ae5b34fce47,2020-10-18T02:56:54.939000+00:00,292,AUTUMN_PRIMARY_V1_CANDIDATE,FULL_CELL_COVERED,STRICT_FULL,SAME_DATATAKE_MEMBER_TILE_UNION_COVERS_CELL,,0.00010224000000000001,,,Sentinel-2B,20201018T024719_20201018T024722_T51SUD,S2B_MSIL2A_20201018T024719_N0500_R132_T51SUD_20230415T031812,51SUD,,,1,"predeclared policy: FULL_CELL_COVERED + autumn DOY 260-320 + scene cloud <= 0.30; rank = (cloud asc, |doy-290| asc, event_id asc)","{""coverage_tier"": ""STRICT_FULL"", ""n_autumn_events"": 24, ""n_eligible_after_gates"": 15, ""n_intersecting_events"": 145, ""n_pool_for_tier"": 24, ""selection_rank_of_pool"": ""1 of 15 eligible""}"
NP19_R00429-C00140_S1_2021_A,CNA10K-R00429-C00140,sentinel1,2021,PRIMARY,A,SELECTED,EVT-S1-091cd54a20dad142,2021-10-17T09:48:20+00:00,290,AUTUMN_PRIMARY_V1_CANDIDATE,FULL_CELL_COVERED,S1_ACTUAL_FOOTPRINT,,,,ASC,98.0,Sentinel-1B,S1B_IW_GRDH_1SDV_20211017T094820_20211017T094845_029174_037B4B_16A4,S1B_IW_GRDH_1SDV_20211017T094820_20211017T094845_029174_037B4B_16A4,,,,1,"predeclared policy: ASC IW GRD VV+VH, autumn DOY 260-320; rank = (|doy-290| asc, event_id asc); passes never fused","{""coverage_tier"": ""S1_ACTUAL_FOOTPRINT"", ""n_eligible_after_gates"": 20, ""n_intersecting_scenes"": 136, ""selection_rank_of_pool"": ""1 of 20 eligible""}"
NP19_R00429-C00140_S1_2021_D,CNA10K-R00429-C00140,sentinel1,2021,PRIMARY,D,SELECTED,EVT-S1-5a1c10d0866bf0d4,2021-10-22T21:56:17+00:00,295,AUTUMN_PRIMARY_V1_CANDIDATE,FULL_CELL_COVERED,S1_ACTUAL_FOOTPRINT,,,,DESC,3.0,Sentinel-1B,S1B_IW_GRDH_1SDV_20211022T215617_20211022T215642_029254_037DC2_9099,S1B_IW_GRDH_1SDV_20211022T215617_20211022T215642_029254_037DC2_9099,,,,1,"predeclared policy: DESC IW GRD VV+VH, autumn DOY 260-320; rank = (|doy-290| asc, event_id asc); passes never fused","{""coverage_tier"": ""S1_ACTUAL_FOOTPRINT"", ""n_eligible_after_gates"": 4, ""n_intersecting_scenes"": 136, ""selection_rank_of_pool"": ""1 of 4 eligible""}"
NP19_R00429-C00140_S2_2021,CNA10K-R00429-C00140,sentinel2,2021,PRIMARY,DEFAULT,SELECTED,EVT-S2-81b2792c0e993634,2021-11-14T02:46:56.346000+00:00,318,AUTUMN_PRIMARY_V1_CANDIDATE,FULL_CELL_COVERED,STRICT_FULL,SAME_DATATAKE_MEMBER_TILE_UNION_COVERS_CELL,,0.00022923,,,Sentinel-2A,20211114T023951_20211114T023947_T51SUD,S2A_MSIL2A_20211114T023951_N0500_R089_T51SUD_20230107T061233,51SUD,,,1,"predeclared policy: FULL_CELL_COVERED + autumn DOY 260-320 + scene cloud <= 0.30; rank = (cloud asc, |doy-290| asc, event_id asc)","{""coverage_tier"": ""STRICT_FULL"", ""n_autumn_events"": 24, ""n_eligible_after_gates"": 6, ""n_intersecting_events"": 145, ""n_pool_for_tier"": 24, ""selection_rank_of_pool"": ""1 of 6 eligible""}"
NP19_R00429-C00140_L8_2021,CNA10K-R00429-C00140,landsat8,2021,SECONDARY,DEFAULT,SELECTED,EVT-L-43fe0670314d0832,2021-11-14T00:00:00+00:00,318,AUTUMN_PRIMARY_V1_CANDIDATE,FULL_CELL_COVERED,STRICT_FULL,WRS2_NOMINAL_FRAME_FULL,1.0,0.0045000000000000005,,,,LC08_119033_20211114,LC08_L2SP_119033_20211114_20211125_02_T1,,119.0,33.0,1,"predeclared policy: FULL_CELL_COVERED + autumn DOY 260-320 + scene cloud <= 0.30; rank = (cloud asc, |doy-290| asc, event_id asc)","{""coverage_tier"": ""STRICT_FULL"", ""n_autumn_events"": 6, ""n_eligible_after_gates"": 5, ""n_intersecting_events"": 33, ""n_pool_for_tier"": 6, ""selection_rank_of_pool"": ""1 of 5 eligible""}"
