cell_id,cell_size_m,bay_id,asset_id,nominal_year,label_tier,bay_clip_area_km2,positive_pixels_full_cell,positive_area_km2_full_cell,positive_pixels_bay_clip,positive_area_km2_bay_clip,positive_pixels_outside_bay_in_cell,positive_area_km2_outside_bay_in_cell,overlap_fraction_of_cell,overlap_fraction_of_bay_clip,cell_label_status_full_geometry_v0,cell_label_status_bay_scoped,gold_target_flag,gold_target_reason,reserved_for_goldset
ZJ_U51_5K_E058_N671,5000,ZJ-HZB,L1-china2015-raster30m,2015,SILVER,2.129918,0,0.0,0,0.0,0,0.0,0.0,0.0,UNLABELED,UNLABELED,,,
ZJ_U51_5K_E058_N671,5000,ZJ-HZB,L2-cmssm2020-polygons,2020,WEAK,2.129918,0,0.0,0,0.0,0,0.0,0.0,0.0,UNLABELED,UNLABELED,,,
ZJ_U51_5K_E058_N671,5000,ZJ-HZB,L3-hangzhou-mask-2015,2015,WEAK,2.129918,0,0.0,0,0.0,0,0.0,0.0,0.0,UNLABELED,UNLABELED,,,
ZJ_U51_5K_E058_N671,5000,ZJ-HZB,L4-cmsa-polygons-2019,2019,WEAK,2.129918,0,0.0,0,0.0,0,0.0,0.0,0.0,UNLABELED,UNLABELED,,,
ZJ_U51_5K_E058_N671,5000,ZJ-HZB,L5-cmsa-polygons-2020,2020,WEAK,2.129918,0,0.0,0,0.0,0,0.0,0.0,0.0,UNLABELED,UNLABELED,,,
ZJ_U51_5K_E058_N671,5000,ZJ-HZB,L6-cmsa-polygons-2021,2021,WEAK,2.129918,0,0.0,0,0.0,0,0.0,0.0,0.0,UNLABELED,UNLABELED,,,
ZJ_U51_5K_E058_N672,5000,ZJ-HZB,L1-china2015-raster30m,2015,SILVER,0.441659,0,0.0,0,0.0,0,0.0,0.0,0.0,UNLABELED,UNLABELED,,,
ZJ_U51_5K_E058_N672,5000,ZJ-HZB,L2-cmssm2020-polygons,2020,WEAK,0.441659,0,0.0,0,0.0,0,0.0,0.0,0.0,UNLABELED,UNLABELED,,,
ZJ_U51_5K_E058_N672,5000,ZJ-HZB,L3-hangzhou-mask-2015,2015,WEAK,0.441659,0,0.0,0,0.0,0,0.0,0.0,0.0,UNLABELED,UNLABELED,,,
ZJ_U51_5K_E058_N672,5000,ZJ-HZB,L4-cmsa-polygons-2019,2019,WEAK,0.441659,0,0.0,0,0.0,0,0.0,0.0,0.0,UNLABELED,UNLABELED,,,
ZJ_U51_5K_E058_N672,5000,ZJ-HZB,L5-cmsa-polygons-2020,2020,WEAK,0.441659,0,0.0,0,0.0,0,0.0,0.0,0.0,UNLABELED,UNLABELED,,,
ZJ_U51_5K_E058_N672,5000,ZJ-HZB,L6-cmsa-polygons-2021,2021,WEAK,0.441659,0,0.0,0,0.0,0,0.0,0.0,0.0,UNLABELED,UNLABELED,,,
ZJ_U51_5K_E059_N619,5000,ZJ-YQB,L1-china2015-raster30m,2015,SILVER,2.750942,105,0.0945,0,0.0,105,0.0945,0.00378,0.0,SILVER,UNLABELED,,,
ZJ_U51_5K_E059_N619,5000,ZJ-YQB,L2-cmssm2020-polygons,2020,WEAK,2.750942,0,0.0,0,0.0,0,0.0,0.0,0.0,SILVER,UNLABELED,,,
ZJ_U51_5K_E059_N619,5000,ZJ-YQB,L3-hangzhou-mask-2015,2015,WEAK,2.750942,0,0.0,0,0.0,0,0.0,0.0,0.0,SILVER,UNLABELED,,,
ZJ_U51_5K_E059_N619,5000,ZJ-YQB,L4-cmsa-polygons-2019,2019,WEAK,2.750942,0,0.0,0,0.0,0,0.0,0.0,0.0,SILVER,UNLABELED,,,
ZJ_U51_5K_E059_N619,5000,ZJ-YQB,L5-cmsa-polygons-2020,2020,WEAK,2.750942,0,0.0,0,0.0,0,0.0,0.0,0.0,SILVER,UNLABELED,,,
ZJ_U51_5K_E059_N619,5000,ZJ-YQB,L6-cmsa-polygons-2021,2021,WEAK,2.750942,0,0.0,0,0.0,0,0.0,0.0,0.0,SILVER,UNLABELED,,,
ZJ_U51_5K_E059_N620,5000,ZJ-YQB,L1-china2015-raster30m,2015,SILVER,3.148068,0,0.0,0,0.0,0,0.0,0.0,0.0,UNLABELED,UNLABELED,,,
ZJ_U51_5K_E059_N620,5000,ZJ-YQB,L2-cmssm2020-polygons,2020,WEAK,3.148068,0,0.0,0,0.0,0,0.0,0.0,0.0,UNLABELED,UNLABELED,,,
ZJ_U51_5K_E059_N620,5000,ZJ-YQB,L3-hangzhou-mask-2015,2015,WEAK,3.148068,0,0.0,0,0.0,0,0.0,0.0,0.0,UNLABELED,UNLABELED,,,
ZJ_U51_5K_E059_N620,5000,ZJ-YQB,L4-cmsa-polygons-2019,2019,WEAK,3.148068,0,0.0,0,0.0,0,0.0,0.0,0.0,UNLABELED,UNLABELED,,,
ZJ_U51_5K_E059_N620,5000,ZJ-YQB,L5-cmsa-polygons-2020,2020,WEAK,3.148068,0,0.0,0,0.0,0,0.0,0.0,0.0,UNLABELED,UNLABELED,,,
ZJ_U51_5K_E059_N620,5000,ZJ-YQB,L6-cmsa-polygons-2021,2021,WEAK,3.148068,0,0.0,0,0.0,0,0.0,0.0,0.0,UNLABELED,UNLABELED,,,
ZJ_U51_5K_E059_N671,5000,ZJ-HZB,L1-china2015-raster30m,2015,SILVER,14.447759,42,0.0378,42,0.0378,0,0.0,0.001512,0.002616,SILVER,SILVER,,,
ZJ_U51_5K_E059_N671,5000,ZJ-HZB,L2-cmssm2020-polygons,2020,WEAK,14.447759,0,0.0,0,0.0,0,0.0,0.0,0.0,SILVER,SILVER,,,
ZJ_U51_5K_E059_N671,5000,ZJ-HZB,L3-hangzhou-mask-2015,2015,WEAK,14.447759,0,0.0,0,0.0,0,0.0,0.0,0.0,SILVER,SILVER,,,
ZJ_U51_5K_E059_N671,5000,ZJ-HZB,L4-cmsa-polygons-2019,2019,WEAK,14.447759,0,0.0,0,0.0,0,0.0,0.0,0.0,SILVER,SILVER,,,
ZJ_U51_5K_E059_N671,5000,ZJ-HZB,L5-cmsa-polygons-2020,2020,WEAK,14.447759,0,0.0,0,0.0,0,0.0,0.0,0.0,SILVER,SILVER,,,
ZJ_U51_5K_E059_N671,5000,ZJ-HZB,L6-cmsa-polygons-2021,2021,WEAK,14.447759,0,0.0,0,0.0,0,0.0,0.0,0.0,SILVER,SILVER,,,
ZJ_U51_5K_E059_N672,5000,ZJ-HZB,L1-china2015-raster30m,2015,SILVER,10.329927,386,0.3474,358,0.3222,28,0.0252,0.013896,0.031191,SILVER,SILVER,,,
ZJ_U51_5K_E059_N672,5000,ZJ-HZB,L2-cmssm2020-polygons,2020,WEAK,10.329927,0,0.0,0,0.0,0,0.0,0.0,0.0,SILVER,SILVER,,,
ZJ_U51_5K_E059_N672,5000,ZJ-HZB,L3-hangzhou-mask-2015,2015,WEAK,10.329927,0,0.0,0,0.0,0,0.0,0.0,0.0,SILVER,SILVER,,,
ZJ_U51_5K_E059_N672,5000,ZJ-HZB,L4-cmsa-polygons-2019,2019,WEAK,10.329927,0,0.0,0,0.0,0,0.0,0.0,0.0,SILVER,SILVER,,,
ZJ_U51_5K_E059_N672,5000,ZJ-HZB,L5-cmsa-polygons-2020,2020,WEAK,10.329927,0,0.0,0,0.0,0,0.0,0.0,0.0,SILVER,SILVER,,,
ZJ_U51_5K_E059_N672,5000,ZJ-HZB,L6-cmsa-polygons-2021,2021,WEAK,10.329927,0,0.0,0,0.0,0,0.0,0.0,0.0,SILVER,SILVER,,,
ZJ_U51_5K_E060_N619,5000,ZJ-YQB,L1-china2015-raster30m,2015,SILVER,7.787779,479,0.4311,292,0.2628,187,0.1683,0.017244,0.033745,SILVER,SILVER,,,
ZJ_U51_5K_E060_N619,5000,ZJ-YQB,L2-cmssm2020-polygons,2020,WEAK,7.787779,0,0.0,0,0.0,0,0.0,0.0,0.0,SILVER,SILVER,,,
ZJ_U51_5K_E060_N619,5000,ZJ-YQB,L3-hangzhou-mask-2015,2015,WEAK,7.787779,0,0.0,0,0.0,0,0.0,0.0,0.0,SILVER,SILVER,,,
ZJ_U51_5K_E060_N619,5000,ZJ-YQB,L4-cmsa-polygons-2019,2019,WEAK,7.787779,0,0.0,0,0.0,0,0.0,0.0,0.0,SILVER,SILVER,,,
ZJ_U51_5K_E060_N619,5000,ZJ-YQB,L5-cmsa-polygons-2020,2020,WEAK,7.787779,0,0.0,0,0.0,0,0.0,0.0,0.0,SILVER,SILVER,,,
ZJ_U51_5K_E060_N619,5000,ZJ-YQB,L6-cmsa-polygons-2021,2021,WEAK,7.787779,0,0.0,0,0.0,0,0.0,0.0,0.0,SILVER,SILVER,,,
ZJ_U51_5K_E060_N620,5000,ZJ-YQB,L1-china2015-raster30m,2015,SILVER,24.11379,1424,1.2816,1424,1.2816,0,0.0,0.051264,0.053148,SILVER,SILVER,,,
ZJ_U51_5K_E060_N620,5000,ZJ-YQB,L2-cmssm2020-polygons,2020,WEAK,24.11379,0,0.0,0,0.0,0,0.0,0.0,0.0,SILVER,SILVER,,,
ZJ_U51_5K_E060_N620,5000,ZJ-YQB,L3-hangzhou-mask-2015,2015,WEAK,24.11379,0,0.0,0,0.0,0,0.0,0.0,0.0,SILVER,SILVER,,,
ZJ_U51_5K_E060_N620,5000,ZJ-YQB,L4-cmsa-polygons-2019,2019,WEAK,24.11379,0,0.0,0,0.0,0,0.0,0.0,0.0,SILVER,SILVER,,,
ZJ_U51_5K_E060_N620,5000,ZJ-YQB,L5-cmsa-polygons-2020,2020,WEAK,24.11379,0,0.0,0,0.0,0,0.0,0.0,0.0,SILVER,SILVER,,,
ZJ_U51_5K_E060_N620,5000,ZJ-YQB,L6-cmsa-polygons-2021,2021,WEAK,24.11379,0,0.0,0,0.0,0,0.0,0.0,0.0,SILVER,SILVER,,,
ZJ_U51_5K_E060_N621,5000,ZJ-YQB,L1-china2015-raster30m,2015,SILVER,12.512163,506,0.4554,506,0.4554,0,0.0,0.018216,0.036397,SILVER,SILVER,,,
ZJ_U51_5K_E060_N621,5000,ZJ-YQB,L2-cmssm2020-polygons,2020,WEAK,12.512163,0,0.0,0,0.0,0,0.0,0.0,0.0,SILVER,SILVER,,,
ZJ_U51_5K_E060_N621,5000,ZJ-YQB,L3-hangzhou-mask-2015,2015,WEAK,12.512163,0,0.0,0,0.0,0,0.0,0.0,0.0,SILVER,SILVER,,,
ZJ_U51_5K_E060_N621,5000,ZJ-YQB,L4-cmsa-polygons-2019,2019,WEAK,12.512163,0,0.0,0,0.0,0,0.0,0.0,0.0,SILVER,SILVER,,,
ZJ_U51_5K_E060_N621,5000,ZJ-YQB,L5-cmsa-polygons-2020,2020,WEAK,12.512163,0,0.0,0,0.0,0,0.0,0.0,0.0,SILVER,SILVER,,,
ZJ_U51_5K_E060_N621,5000,ZJ-YQB,L6-cmsa-polygons-2021,2021,WEAK,12.512163,0,0.0,0,0.0,0,0.0,0.0,0.0,SILVER,SILVER,,,
ZJ_U51_5K_E060_N622,5000,ZJ-YQB,L1-china2015-raster30m,2015,SILVER,0.894663,82,0.0738,82,0.0738,0,0.0,0.002952,0.082489,SILVER,SILVER,,,
ZJ_U51_5K_E060_N622,5000,ZJ-YQB,L2-cmssm2020-polygons,2020,WEAK,0.894663,0,0.0,0,0.0,0,0.0,0.0,0.0,SILVER,SILVER,,,
ZJ_U51_5K_E060_N622,5000,ZJ-YQB,L3-hangzhou-mask-2015,2015,WEAK,0.894663,0,0.0,0,0.0,0,0.0,0.0,0.0,SILVER,SILVER,,,
ZJ_U51_5K_E060_N622,5000,ZJ-YQB,L4-cmsa-polygons-2019,2019,WEAK,0.894663,0,0.0,0,0.0,0,0.0,0.0,0.0,SILVER,SILVER,,,
ZJ_U51_5K_E060_N622,5000,ZJ-YQB,L5-cmsa-polygons-2020,2020,WEAK,0.894663,0,0.0,0,0.0,0,0.0,0.0,0.0,SILVER,SILVER,,,
ZJ_U51_5K_E060_N622,5000,ZJ-YQB,L6-cmsa-polygons-2021,2021,WEAK,0.894663,0,0.0,0,0.0,0,0.0,0.0,0.0,SILVER,SILVER,,,
ZJ_U51_5K_E060_N670,5000,ZJ-HZB,L1-china2015-raster30m,2015,SILVER,2.768811,0,0.0,0,0.0,0,0.0,0.0,0.0,UNLABELED,UNLABELED,,,
ZJ_U51_5K_E060_N670,5000,ZJ-HZB,L2-cmssm2020-polygons,2020,WEAK,2.768811,0,0.0,0,0.0,0,0.0,0.0,0.0,UNLABELED,UNLABELED,,,
ZJ_U51_5K_E060_N670,5000,ZJ-HZB,L3-hangzhou-mask-2015,2015,WEAK,2.768811,0,0.0,0,0.0,0,0.0,0.0,0.0,UNLABELED,UNLABELED,,,
ZJ_U51_5K_E060_N670,5000,ZJ-HZB,L4-cmsa-polygons-2019,2019,WEAK,2.768811,0,0.0,0,0.0,0,0.0,0.0,0.0,UNLABELED,UNLABELED,,,
ZJ_U51_5K_E060_N670,5000,ZJ-HZB,L5-cmsa-polygons-2020,2020,WEAK,2.768811,0,0.0,0,0.0,0,0.0,0.0,0.0,UNLABELED,UNLABELED,,,
ZJ_U51_5K_E060_N670,5000,ZJ-HZB,L6-cmsa-polygons-2021,2021,WEAK,2.768811,0,0.0,0,0.0,0,0.0,0.0,0.0,UNLABELED,UNLABELED,,,
ZJ_U51_5K_E060_N671,5000,ZJ-HZB,L1-china2015-raster30m,2015,SILVER,24.283506,0,0.0,0,0.0,0,0.0,0.0,0.0,UNLABELED,UNLABELED,,,
ZJ_U51_5K_E060_N671,5000,ZJ-HZB,L2-cmssm2020-polygons,2020,WEAK,24.283506,0,0.0,0,0.0,0,0.0,0.0,0.0,UNLABELED,UNLABELED,,,
ZJ_U51_5K_E060_N671,5000,ZJ-HZB,L3-hangzhou-mask-2015,2015,WEAK,24.283506,0,0.0,0,0.0,0,0.0,0.0,0.0,UNLABELED,UNLABELED,,,
ZJ_U51_5K_E060_N671,5000,ZJ-HZB,L4-cmsa-polygons-2019,2019,WEAK,24.283506,0,0.0,0,0.0,0,0.0,0.0,0.0,UNLABELED,UNLABELED,,,
ZJ_U51_5K_E060_N671,5000,ZJ-HZB,L5-cmsa-polygons-2020,2020,WEAK,24.283506,0,0.0,0,0.0,0,0.0,0.0,0.0,UNLABELED,UNLABELED,,,
ZJ_U51_5K_E060_N671,5000,ZJ-HZB,L6-cmsa-polygons-2021,2021,WEAK,24.283506,0,0.0,0,0.0,0,0.0,0.0,0.0,UNLABELED,UNLABELED,,,
ZJ_U51_5K_E060_N672,5000,ZJ-HZB,L1-china2015-raster30m,2015,SILVER,23.057385,0,0.0,0,0.0,0,0.0,0.0,0.0,UNLABELED,UNLABELED,,,
ZJ_U51_5K_E060_N672,5000,ZJ-HZB,L2-cmssm2020-polygons,2020,WEAK,23.057385,0,0.0,0,0.0,0,0.0,0.0,0.0,UNLABELED,UNLABELED,,,
ZJ_U51_5K_E060_N672,5000,ZJ-HZB,L3-hangzhou-mask-2015,2015,WEAK,23.057385,0,0.0,0,0.0,0,0.0,0.0,0.0,UNLABELED,UNLABELED,,,
ZJ_U51_5K_E060_N672,5000,ZJ-HZB,L4-cmsa-polygons-2019,2019,WEAK,23.057385,0,0.0,0,0.0,0,0.0,0.0,0.0,UNLABELED,UNLABELED,,,
ZJ_U51_5K_E060_N672,5000,ZJ-HZB,L5-cmsa-polygons-2020,2020,WEAK,23.057385,0,0.0,0,0.0,0,0.0,0.0,0.0,UNLABELED,UNLABELED,,,
ZJ_U51_5K_E060_N672,5000,ZJ-HZB,L6-cmsa-polygons-2021,2021,WEAK,23.057385,0,0.0,0,0.0,0,0.0,0.0,0.0,UNLABELED,UNLABELED,,,
ZJ_U51_5K_E060_N673,5000,ZJ-HZB,L1-china2015-raster30m,2015,SILVER,1.75046,263,0.2367,0,0.0,263,0.2367,0.009468,0.0,SILVER,UNLABELED,,,
ZJ_U51_5K_E060_N673,5000,ZJ-HZB,L2-cmssm2020-polygons,2020,WEAK,1.75046,0,0.0,0,0.0,0,0.0,0.0,0.0,SILVER,UNLABELED,,,
ZJ_U51_5K_E060_N673,5000,ZJ-HZB,L3-hangzhou-mask-2015,2015,WEAK,1.75046,0,0.0,0,0.0,0,0.0,0.0,0.0,SILVER,UNLABELED,,,
ZJ_U51_5K_E060_N673,5000,ZJ-HZB,L4-cmsa-polygons-2019,2019,WEAK,1.75046,0,0.0,0,0.0,0,0.0,0.0,0.0,SILVER,UNLABELED,,,
ZJ_U51_5K_E060_N673,5000,ZJ-HZB,L5-cmsa-polygons-2020,2020,WEAK,1.75046,0,0.0,0,0.0,0,0.0,0.0,0.0,SILVER,UNLABELED,,,
ZJ_U51_5K_E060_N673,5000,ZJ-HZB,L6-cmsa-polygons-2021,2021,WEAK,1.75046,0,0.0,0,0.0,0,0.0,0.0,0.0,SILVER,UNLABELED,,,
ZJ_U51_5K_E061_N619,5000,ZJ-YQB,L1-china2015-raster30m,2015,SILVER,10.56367,561,0.5049,48,0.0432,513,0.4617,0.020196,0.004089,SILVER,SILVER,,,
ZJ_U51_5K_E061_N619,5000,ZJ-YQB,L2-cmssm2020-polygons,2020,WEAK,10.56367,0,0.0,0,0.0,0,0.0,0.0,0.0,SILVER,SILVER,,,
ZJ_U51_5K_E061_N619,5000,ZJ-YQB,L3-hangzhou-mask-2015,2015,WEAK,10.56367,0,0.0,0,0.0,0,0.0,0.0,0.0,SILVER,SILVER,,,
ZJ_U51_5K_E061_N619,5000,ZJ-YQB,L4-cmsa-polygons-2019,2019,WEAK,10.56367,0,0.0,0,0.0,0,0.0,0.0,0.0,SILVER,SILVER,,,
ZJ_U51_5K_E061_N619,5000,ZJ-YQB,L5-cmsa-polygons-2020,2020,WEAK,10.56367,0,0.0,0,0.0,0,0.0,0.0,0.0,SILVER,SILVER,,,
ZJ_U51_5K_E061_N619,5000,ZJ-YQB,L6-cmsa-polygons-2021,2021,WEAK,10.56367,0,0.0,0,0.0,0,0.0,0.0,0.0,SILVER,SILVER,,,
ZJ_U51_5K_E061_N620,5000,ZJ-YQB,L1-china2015-raster30m,2015,SILVER,25.0,0,0.0,0,0.0,0,0.0,0.0,0.0,UNLABELED,UNLABELED,,,
ZJ_U51_5K_E061_N620,5000,ZJ-YQB,L2-cmssm2020-polygons,2020,WEAK,25.0,0,0.0,0,0.0,0,0.0,0.0,0.0,UNLABELED,UNLABELED,,,
ZJ_U51_5K_E061_N620,5000,ZJ-YQB,L3-hangzhou-mask-2015,2015,WEAK,25.0,0,0.0,0,0.0,0,0.0,0.0,0.0,UNLABELED,UNLABELED,,,
ZJ_U51_5K_E061_N620,5000,ZJ-YQB,L4-cmsa-polygons-2019,2019,WEAK,25.0,0,0.0,0,0.0,0,0.0,0.0,0.0,UNLABELED,UNLABELED,,,
ZJ_U51_5K_E061_N620,5000,ZJ-YQB,L5-cmsa-polygons-2020,2020,WEAK,25.0,0,0.0,0,0.0,0,0.0,0.0,0.0,UNLABELED,UNLABELED,,,
ZJ_U51_5K_E061_N620,5000,ZJ-YQB,L6-cmsa-polygons-2021,2021,WEAK,25.0,0,0.0,0,0.0,0,0.0,0.0,0.0,UNLABELED,UNLABELED,,,
ZJ_U51_5K_E061_N621,5000,ZJ-YQB,L1-china2015-raster30m,2015,SILVER,25.0,136,0.1224,136,0.1224,0,0.0,0.004896,0.004896,SILVER,SILVER,,,
ZJ_U51_5K_E061_N621,5000,ZJ-YQB,L2-cmssm2020-polygons,2020,WEAK,25.0,0,0.0,0,0.0,0,0.0,0.0,0.0,SILVER,SILVER,,,
ZJ_U51_5K_E061_N621,5000,ZJ-YQB,L3-hangzhou-mask-2015,2015,WEAK,25.0,0,0.0,0,0.0,0,0.0,0.0,0.0,SILVER,SILVER,,,
ZJ_U51_5K_E061_N621,5000,ZJ-YQB,L4-cmsa-polygons-2019,2019,WEAK,25.0,0,0.0,0,0.0,0,0.0,0.0,0.0,SILVER,SILVER,,,
ZJ_U51_5K_E061_N621,5000,ZJ-YQB,L5-cmsa-polygons-2020,2020,WEAK,25.0,0,0.0,0,0.0,0,0.0,0.0,0.0,SILVER,SILVER,,,
ZJ_U51_5K_E061_N621,5000,ZJ-YQB,L6-cmsa-polygons-2021,2021,WEAK,25.0,0,0.0,0,0.0,0,0.0,0.0,0.0,SILVER,SILVER,,,
ZJ_U51_5K_E061_N622,5000,ZJ-YQB,L1-china2015-raster30m,2015,SILVER,21.867805,881,0.7929,881,0.7929,0,0.0,0.031716,0.036259,SILVER,SILVER,,,
ZJ_U51_5K_E061_N622,5000,ZJ-YQB,L2-cmssm2020-polygons,2020,WEAK,21.867805,0,0.0,0,0.0,0,0.0,0.0,0.0,SILVER,SILVER,,,
ZJ_U51_5K_E061_N622,5000,ZJ-YQB,L3-hangzhou-mask-2015,2015,WEAK,21.867805,0,0.0,0,0.0,0,0.0,0.0,0.0,SILVER,SILVER,,,
ZJ_U51_5K_E061_N622,5000,ZJ-YQB,L4-cmsa-polygons-2019,2019,WEAK,21.867805,0,0.0,0,0.0,0,0.0,0.0,0.0,SILVER,SILVER,,,
ZJ_U51_5K_E061_N622,5000,ZJ-YQB,L5-cmsa-polygons-2020,2020,WEAK,21.867805,0,0.0,0,0.0,0,0.0,0.0,0.0,SILVER,SILVER,,,
ZJ_U51_5K_E061_N622,5000,ZJ-YQB,L6-cmsa-polygons-2021,2021,WEAK,21.867805,0,0.0,0,0.0,0,0.0,0.0,0.0,SILVER,SILVER,,,
ZJ_U51_5K_E061_N623,5000,ZJ-YQB,L1-china2015-raster30m,2015,SILVER,8.012774,22,0.0198,22,0.0198,0,0.0,0.000792,0.002471,SILVER,SILVER,,,
ZJ_U51_5K_E061_N623,5000,ZJ-YQB,L2-cmssm2020-polygons,2020,WEAK,8.012774,0,0.0,0,0.0,0,0.0,0.0,0.0,SILVER,SILVER,,,
ZJ_U51_5K_E061_N623,5000,ZJ-YQB,L3-hangzhou-mask-2015,2015,WEAK,8.012774,0,0.0,0,0.0,0,0.0,0.0,0.0,SILVER,SILVER,,,
ZJ_U51_5K_E061_N623,5000,ZJ-YQB,L4-cmsa-polygons-2019,2019,WEAK,8.012774,0,0.0,0,0.0,0,0.0,0.0,0.0,SILVER,SILVER,,,
ZJ_U51_5K_E061_N623,5000,ZJ-YQB,L5-cmsa-polygons-2020,2020,WEAK,8.012774,0,0.0,0,0.0,0,0.0,0.0,0.0,SILVER,SILVER,,,
ZJ_U51_5K_E061_N623,5000,ZJ-YQB,L6-cmsa-polygons-2021,2021,WEAK,8.012774,0,0.0,0,0.0,0,0.0,0.0,0.0,SILVER,SILVER,,,
ZJ_U51_5K_E061_N624,5000,ZJ-YQB,L1-china2015-raster30m,2015,SILVER,0.013795,0,0.0,0,0.0,0,0.0,0.0,0.0,UNLABELED,UNLABELED,,,
ZJ_U51_5K_E061_N624,5000,ZJ-YQB,L2-cmssm2020-polygons,2020,WEAK,0.013795,0,0.0,0,0.0,0,0.0,0.0,0.0,UNLABELED,UNLABELED,,,
ZJ_U51_5K_E061_N624,5000,ZJ-YQB,L3-hangzhou-mask-2015,2015,WEAK,0.013795,0,0.0,0,0.0,0,0.0,0.0,0.0,UNLABELED,UNLABELED,,,
ZJ_U51_5K_E061_N624,5000,ZJ-YQB,L4-cmsa-polygons-2019,2019,WEAK,0.013795,0,0.0,0,0.0,0,0.0,0.0,0.0,UNLABELED,UNLABELED,,,
ZJ_U51_5K_E061_N624,5000,ZJ-YQB,L5-cmsa-polygons-2020,2020,WEAK,0.013795,0,0.0,0,0.0,0,0.0,0.0,0.0,UNLABELED,UNLABELED,,,
ZJ_U51_5K_E061_N624,5000,ZJ-YQB,L6-cmsa-polygons-2021,2021,WEAK,0.013795,0,0.0,0,0.0,0,0.0,0.0,0.0,UNLABELED,UNLABELED,,,
ZJ_U51_5K_E061_N670,5000,ZJ-HZB,L1-china2015-raster30m,2015,SILVER,14.656876,0,0.0,0,0.0,0,0.0,0.0,0.0,UNLABELED,UNLABELED,,,
ZJ_U51_5K_E061_N670,5000,ZJ-HZB,L2-cmssm2020-polygons,2020,WEAK,14.656876,0,0.0,0,0.0,0,0.0,0.0,0.0,UNLABELED,UNLABELED,,,
ZJ_U51_5K_E061_N670,5000,ZJ-HZB,L3-hangzhou-mask-2015,2015,WEAK,14.656876,0,0.0,0,0.0,0,0.0,0.0,0.0,UNLABELED,UNLABELED,,,
ZJ_U51_5K_E061_N670,5000,ZJ-HZB,L4-cmsa-polygons-2019,2019,WEAK,14.656876,0,0.0,0,0.0,0,0.0,0.0,0.0,UNLABELED,UNLABELED,,,
ZJ_U51_5K_E061_N670,5000,ZJ-HZB,L5-cmsa-polygons-2020,2020,WEAK,14.656876,0,0.0,0,0.0,0,0.0,0.0,0.0,UNLABELED,UNLABELED,,,
ZJ_U51_5K_E061_N670,5000,ZJ-HZB,L6-cmsa-polygons-2021,2021,WEAK,14.656876,0,0.0,0,0.0,0,0.0,0.0,0.0,UNLABELED,UNLABELED,,,
ZJ_U51_5K_E061_N671,5000,ZJ-HZB,L1-china2015-raster30m,2015,SILVER,25.0,0,0.0,0,0.0,0,0.0,0.0,0.0,UNLABELED,UNLABELED,,,
ZJ_U51_5K_E061_N671,5000,ZJ-HZB,L2-cmssm2020-polygons,2020,WEAK,25.0,0,0.0,0,0.0,0,0.0,0.0,0.0,UNLABELED,UNLABELED,,,
ZJ_U51_5K_E061_N671,5000,ZJ-HZB,L3-hangzhou-mask-2015,2015,WEAK,25.0,0,0.0,0,0.0,0,0.0,0.0,0.0,UNLABELED,UNLABELED,,,
ZJ_U51_5K_E061_N671,5000,ZJ-HZB,L4-cmsa-polygons-2019,2019,WEAK,25.0,0,0.0,0,0.0,0,0.0,0.0,0.0,UNLABELED,UNLABELED,,,
ZJ_U51_5K_E061_N671,5000,ZJ-HZB,L5-cmsa-polygons-2020,2020,WEAK,25.0,0,0.0,0,0.0,0,0.0,0.0,0.0,UNLABELED,UNLABELED,,,
ZJ_U51_5K_E061_N671,5000,ZJ-HZB,L6-cmsa-polygons-2021,2021,WEAK,25.0,0,0.0,0,0.0,0,0.0,0.0,0.0,UNLABELED,UNLABELED,,,
ZJ_U51_5K_E061_N672,5000,ZJ-HZB,L1-china2015-raster30m,2015,SILVER,25.0,0,0.0,0,0.0,0,0.0,0.0,0.0,UNLABELED,UNLABELED,,,
ZJ_U51_5K_E061_N672,5000,ZJ-HZB,L2-cmssm2020-polygons,2020,WEAK,25.0,0,0.0,0,0.0,0,0.0,0.0,0.0,UNLABELED,UNLABELED,,,
ZJ_U51_5K_E061_N672,5000,ZJ-HZB,L3-hangzhou-mask-2015,2015,WEAK,25.0,0,0.0,0,0.0,0,0.0,0.0,0.0,UNLABELED,UNLABELED,,,
ZJ_U51_5K_E061_N672,5000,ZJ-HZB,L4-cmsa-polygons-2019,2019,WEAK,25.0,0,0.0,0,0.0,0,0.0,0.0,0.0,UNLABELED,UNLABELED,,,
ZJ_U51_5K_E061_N672,5000,ZJ-HZB,L5-cmsa-polygons-2020,2020,WEAK,25.0,0,0.0,0,0.0,0,0.0,0.0,0.0,UNLABELED,UNLABELED,,,
ZJ_U51_5K_E061_N672,5000,ZJ-HZB,L6-cmsa-polygons-2021,2021,WEAK,25.0,0,0.0,0,0.0,0,0.0,0.0,0.0,UNLABELED,UNLABELED,,,
ZJ_U51_5K_E061_N673,5000,ZJ-HZB,L1-china2015-raster30m,2015,SILVER,14.570138,0,0.0,0,0.0,0,0.0,0.0,0.0,UNLABELED,UNLABELED,,,
ZJ_U51_5K_E061_N673,5000,ZJ-HZB,L2-cmssm2020-polygons,2020,WEAK,14.570138,0,0.0,0,0.0,0,0.0,0.0,0.0,UNLABELED,UNLABELED,,,
ZJ_U51_5K_E061_N673,5000,ZJ-HZB,L3-hangzhou-mask-2015,2015,WEAK,14.570138,0,0.0,0,0.0,0,0.0,0.0,0.0,UNLABELED,UNLABELED,,,
ZJ_U51_5K_E061_N673,5000,ZJ-HZB,L4-cmsa-polygons-2019,2019,WEAK,14.570138,0,0.0,0,0.0,0,0.0,0.0,0.0,UNLABELED,UNLABELED,,,
ZJ_U51_5K_E061_N673,5000,ZJ-HZB,L5-cmsa-polygons-2020,2020,WEAK,14.570138,0,0.0,0,0.0,0,0.0,0.0,0.0,UNLABELED,UNLABELED,,,
ZJ_U51_5K_E061_N673,5000,ZJ-HZB,L6-cmsa-polygons-2021,2021,WEAK,14.570138,0,0.0,0,0.0,0,0.0,0.0,0.0,UNLABELED,UNLABELED,,,
ZJ_U51_5K_E062_N618,5000,ZJ-YQB,L1-china2015-raster30m,2015,SILVER,3.993331,65,0.0585,0,0.0,65,0.0585,0.00234,0.0,SILVER,UNLABELED,,,
ZJ_U51_5K_E062_N618,5000,ZJ-YQB,L2-cmssm2020-polygons,2020,WEAK,3.993331,0,0.0,0,0.0,0,0.0,0.0,0.0,SILVER,UNLABELED,,,
ZJ_U51_5K_E062_N618,5000,ZJ-YQB,L3-hangzhou-mask-2015,2015,WEAK,3.993331,0,0.0,0,0.0,0,0.0,0.0,0.0,SILVER,UNLABELED,,,
ZJ_U51_5K_E062_N618,5000,ZJ-YQB,L4-cmsa-polygons-2019,2019,WEAK,3.993331,0,0.0,0,0.0,0,0.0,0.0,0.0,SILVER,UNLABELED,,,
ZJ_U51_5K_E062_N618,5000,ZJ-YQB,L5-cmsa-polygons-2020,2020,WEAK,3.993331,0,0.0,0,0.0,0,0.0,0.0,0.0,SILVER,UNLABELED,,,
ZJ_U51_5K_E062_N618,5000,ZJ-YQB,L6-cmsa-polygons-2021,2021,WEAK,3.993331,0,0.0,0,0.0,0,0.0,0.0,0.0,SILVER,UNLABELED,,,
ZJ_U51_5K_E062_N619,5000,ZJ-YQB,L1-china2015-raster30m,2015,SILVER,23.185996,0,0.0,0,0.0,0,0.0,0.0,0.0,UNLABELED,UNLABELED,,,
ZJ_U51_5K_E062_N619,5000,ZJ-YQB,L2-cmssm2020-polygons,2020,WEAK,23.185996,0,0.0,0,0.0,0,0.0,0.0,0.0,UNLABELED,UNLABELED,,,
ZJ_U51_5K_E062_N619,5000,ZJ-YQB,L3-hangzhou-mask-2015,2015,WEAK,23.185996,0,0.0,0,0.0,0,0.0,0.0,0.0,UNLABELED,UNLABELED,,,
ZJ_U51_5K_E062_N619,5000,ZJ-YQB,L4-cmsa-polygons-2019,2019,WEAK,23.185996,0,0.0,0,0.0,0,0.0,0.0,0.0,UNLABELED,UNLABELED,,,
ZJ_U51_5K_E062_N619,5000,ZJ-YQB,L5-cmsa-polygons-2020,2020,WEAK,23.185996,0,0.0,0,0.0,0,0.0,0.0,0.0,UNLABELED,UNLABELED,,,
ZJ_U51_5K_E062_N619,5000,ZJ-YQB,L6-cmsa-polygons-2021,2021,WEAK,23.185996,0,0.0,0,0.0,0,0.0,0.0,0.0,UNLABELED,UNLABELED,,,
ZJ_U51_5K_E062_N620,5000,ZJ-YQB,L1-china2015-raster30m,2015,SILVER,25.0,0,0.0,0,0.0,0,0.0,0.0,0.0,UNLABELED,UNLABELED,,,
ZJ_U51_5K_E062_N620,5000,ZJ-YQB,L2-cmssm2020-polygons,2020,WEAK,25.0,0,0.0,0,0.0,0,0.0,0.0,0.0,UNLABELED,UNLABELED,,,
ZJ_U51_5K_E062_N620,5000,ZJ-YQB,L3-hangzhou-mask-2015,2015,WEAK,25.0,0,0.0,0,0.0,0,0.0,0.0,0.0,UNLABELED,UNLABELED,,,
ZJ_U51_5K_E062_N620,5000,ZJ-YQB,L4-cmsa-polygons-2019,2019,WEAK,25.0,0,0.0,0,0.0,0,0.0,0.0,0.0,UNLABELED,UNLABELED,,,
ZJ_U51_5K_E062_N620,5000,ZJ-YQB,L5-cmsa-polygons-2020,2020,WEAK,25.0,0,0.0,0,0.0,0,0.0,0.0,0.0,UNLABELED,UNLABELED,,,
ZJ_U51_5K_E062_N620,5000,ZJ-YQB,L6-cmsa-polygons-2021,2021,WEAK,25.0,0,0.0,0,0.0,0,0.0,0.0,0.0,UNLABELED,UNLABELED,,,
ZJ_U51_5K_E062_N621,5000,ZJ-YQB,L1-china2015-raster30m,2015,SILVER,25.0,0,0.0,0,0.0,0,0.0,0.0,0.0,UNLABELED,UNLABELED,,,
ZJ_U51_5K_E062_N621,5000,ZJ-YQB,L2-cmssm2020-polygons,2020,WEAK,25.0,0,0.0,0,0.0,0,0.0,0.0,0.0,UNLABELED,UNLABELED,,,
ZJ_U51_5K_E062_N621,5000,ZJ-YQB,L3-hangzhou-mask-2015,2015,WEAK,25.0,0,0.0,0,0.0,0,0.0,0.0,0.0,UNLABELED,UNLABELED,,,
ZJ_U51_5K_E062_N621,5000,ZJ-YQB,L4-cmsa-polygons-2019,2019,WEAK,25.0,0,0.0,0,0.0,0,0.0,0.0,0.0,UNLABELED,UNLABELED,,,
ZJ_U51_5K_E062_N621,5000,ZJ-YQB,L5-cmsa-polygons-2020,2020,WEAK,25.0,0,0.0,0,0.0,0,0.0,0.0,0.0,UNLABELED,UNLABELED,,,
ZJ_U51_5K_E062_N621,5000,ZJ-YQB,L6-cmsa-polygons-2021,2021,WEAK,25.0,0,0.0,0,0.0,0,0.0,0.0,0.0,UNLABELED,UNLABELED,,,
ZJ_U51_5K_E062_N622,5000,ZJ-YQB,L1-china2015-raster30m,2015,SILVER,25.0,20,0.018,20,0.018,0,0.0,0.00072,0.00072,SILVER,SILVER,,,
ZJ_U51_5K_E062_N622,5000,ZJ-YQB,L2-cmssm2020-polygons,2020,WEAK,25.0,0,0.0,0,0.0,0,0.0,0.0,0.0,SILVER,SILVER,,,
ZJ_U51_5K_E062_N622,5000,ZJ-YQB,L3-hangzhou-mask-2015,2015,WEAK,25.0,0,0.0,0,0.0,0,0.0,0.0,0.0,SILVER,SILVER,,,
ZJ_U51_5K_E062_N622,5000,ZJ-YQB,L4-cmsa-polygons-2019,2019,WEAK,25.0,0,0.0,0,0.0,0,0.0,0.0,0.0,SILVER,SILVER,,,
ZJ_U51_5K_E062_N622,5000,ZJ-YQB,L5-cmsa-polygons-2020,2020,WEAK,25.0,0,0.0,0,0.0,0,0.0,0.0,0.0,SILVER,SILVER,,,
ZJ_U51_5K_E062_N622,5000,ZJ-YQB,L6-cmsa-polygons-2021,2021,WEAK,25.0,0,0.0,0,0.0,0,0.0,0.0,0.0,SILVER,SILVER,,,
ZJ_U51_5K_E062_N623,5000,ZJ-YQB,L1-china2015-raster30m,2015,SILVER,25.0,577,0.5193,577,0.5193,0,0.0,0.020772,0.020772,SILVER,SILVER,,,
ZJ_U51_5K_E062_N623,5000,ZJ-YQB,L2-cmssm2020-polygons,2020,WEAK,25.0,0,0.0,0,0.0,0,0.0,0.0,0.0,SILVER,SILVER,,,
ZJ_U51_5K_E062_N623,5000,ZJ-YQB,L3-hangzhou-mask-2015,2015,WEAK,25.0,0,0.0,0,0.0,0,0.0,0.0,0.0,SILVER,SILVER,,,
ZJ_U51_5K_E062_N623,5000,ZJ-YQB,L4-cmsa-polygons-2019,2019,WEAK,25.0,0,0.0,0,0.0,0,0.0,0.0,0.0,SILVER,SILVER,,,
ZJ_U51_5K_E062_N623,5000,ZJ-YQB,L5-cmsa-polygons-2020,2020,WEAK,25.0,0,0.0,0,0.0,0,0.0,0.0,0.0,SILVER,SILVER,,,
ZJ_U51_5K_E062_N623,5000,ZJ-YQB,L6-cmsa-polygons-2021,2021,WEAK,25.0,0,0.0,0,0.0,0,0.0,0.0,0.0,SILVER,SILVER,,,
ZJ_U51_5K_E062_N624,5000,ZJ-YQB,L1-china2015-raster30m,2015,SILVER,18.249284,0,0.0,0,0.0,0,0.0,0.0,0.0,UNLABELED,UNLABELED,,,
ZJ_U51_5K_E062_N624,5000,ZJ-YQB,L2-cmssm2020-polygons,2020,WEAK,18.249284,0,0.0,0,0.0,0,0.0,0.0,0.0,UNLABELED,UNLABELED,,,
ZJ_U51_5K_E062_N624,5000,ZJ-YQB,L3-hangzhou-mask-2015,2015,WEAK,18.249284,0,0.0,0,0.0,0,0.0,0.0,0.0,UNLABELED,UNLABELED,,,
ZJ_U51_5K_E062_N624,5000,ZJ-YQB,L4-cmsa-polygons-2019,2019,WEAK,18.249284,0,0.0,0,0.0,0,0.0,0.0,0.0,UNLABELED,UNLABELED,,,
ZJ_U51_5K_E062_N624,5000,ZJ-YQB,L5-cmsa-polygons-2020,2020,WEAK,18.249284,0,0.0,0,0.0,0,0.0,0.0,0.0,UNLABELED,UNLABELED,,,
ZJ_U51_5K_E062_N624,5000,ZJ-YQB,L6-cmsa-polygons-2021,2021,WEAK,18.249284,0,0.0,0,0.0,0,0.0,0.0,0.0,UNLABELED,UNLABELED,,,
ZJ_U51_5K_E062_N625,5000,ZJ-YQB,L1-china2015-raster30m,2015,SILVER,4.018849,261,0.2349,0,0.0,261,0.2349,0.009396,0.0,SILVER,UNLABELED,,,
ZJ_U51_5K_E062_N625,5000,ZJ-YQB,L2-cmssm2020-polygons,2020,WEAK,4.018849,0,0.0,0,0.0,0,0.0,0.0,0.0,SILVER,UNLABELED,,,
ZJ_U51_5K_E062_N625,5000,ZJ-YQB,L3-hangzhou-mask-2015,2015,WEAK,4.018849,0,0.0,0,0.0,0,0.0,0.0,0.0,SILVER,UNLABELED,,,
ZJ_U51_5K_E062_N625,5000,ZJ-YQB,L4-cmsa-polygons-2019,2019,WEAK,4.018849,0,0.0,0,0.0,0,0.0,0.0,0.0,SILVER,UNLABELED,,,
ZJ_U51_5K_E062_N625,5000,ZJ-YQB,L5-cmsa-polygons-2020,2020,WEAK,4.018849,0,0.0,0,0.0,0,0.0,0.0,0.0,SILVER,UNLABELED,,,
ZJ_U51_5K_E062_N625,5000,ZJ-YQB,L6-cmsa-polygons-2021,2021,WEAK,4.018849,0,0.0,0,0.0,0,0.0,0.0,0.0,SILVER,UNLABELED,,,
ZJ_U51_5K_E062_N669,5000,ZJ-HZB,L1-china2015-raster30m,2015,SILVER,2.909154,0,0.0,0,0.0,0,0.0,0.0,0.0,UNLABELED,UNLABELED,,,
ZJ_U51_5K_E062_N669,5000,ZJ-HZB,L2-cmssm2020-polygons,2020,WEAK,2.909154,0,0.0,0,0.0,0,0.0,0.0,0.0,UNLABELED,UNLABELED,,,
ZJ_U51_5K_E062_N669,5000,ZJ-HZB,L3-hangzhou-mask-2015,2015,WEAK,2.909154,0,0.0,0,0.0,0,0.0,0.0,0.0,UNLABELED,UNLABELED,,,
ZJ_U51_5K_E062_N669,5000,ZJ-HZB,L4-cmsa-polygons-2019,2019,WEAK,2.909154,0,0.0,0,0.0,0,0.0,0.0,0.0,UNLABELED,UNLABELED,,,
ZJ_U51_5K_E062_N669,5000,ZJ-HZB,L5-cmsa-polygons-2020,2020,WEAK,2.909154,0,0.0,0,0.0,0,0.0,0.0,0.0,UNLABELED,UNLABELED,,,
ZJ_U51_5K_E062_N669,5000,ZJ-HZB,L6-cmsa-polygons-2021,2021,WEAK,2.909154,0,0.0,0,0.0,0,0.0,0.0,0.0,UNLABELED,UNLABELED,,,
ZJ_U51_5K_E062_N670,5000,ZJ-HZB,L1-china2015-raster30m,2015,SILVER,24.352281,257,0.2313,257,0.2313,0,0.0,0.009252,0.009498,SILVER+WEAK,SILVER+WEAK,,,
ZJ_U51_5K_E062_N670,5000,ZJ-HZB,L2-cmssm2020-polygons,2020,WEAK,24.352281,0,0.0,0,0.0,0,0.0,0.0,0.0,SILVER+WEAK,SILVER+WEAK,,,
ZJ_U51_5K_E062_N670,5000,ZJ-HZB,L3-hangzhou-mask-2015,2015,WEAK,24.352281,577,0.518,577,0.518,0,0.0,0.02072,0.021271,SILVER+WEAK,SILVER+WEAK,,,
ZJ_U51_5K_E062_N670,5000,ZJ-HZB,L4-cmsa-polygons-2019,2019,WEAK,24.352281,0,0.0,0,0.0,0,0.0,0.0,0.0,SILVER+WEAK,SILVER+WEAK,,,
ZJ_U51_5K_E062_N670,5000,ZJ-HZB,L5-cmsa-polygons-2020,2020,WEAK,24.352281,0,0.0,0,0.0,0,0.0,0.0,0.0,SILVER+WEAK,SILVER+WEAK,,,
ZJ_U51_5K_E062_N670,5000,ZJ-HZB,L6-cmsa-polygons-2021,2021,WEAK,24.352281,0,0.0,0,0.0,0,0.0,0.0,0.0,SILVER+WEAK,SILVER+WEAK,,,
ZJ_U51_5K_E062_N671,5000,ZJ-HZB,L1-china2015-raster30m,2015,SILVER,25.0,0,0.0,0,0.0,0,0.0,0.0,0.0,WEAK,WEAK,,,
ZJ_U51_5K_E062_N671,5000,ZJ-HZB,L2-cmssm2020-polygons,2020,WEAK,25.0,0,0.0,0,0.0,0,0.0,0.0,0.0,WEAK,WEAK,,,
ZJ_U51_5K_E062_N671,5000,ZJ-HZB,L3-hangzhou-mask-2015,2015,WEAK,25.0,65,0.0584,65,0.0584,0,0.0,0.002336,0.002336,WEAK,WEAK,,,
ZJ_U51_5K_E062_N671,5000,ZJ-HZB,L4-cmsa-polygons-2019,2019,WEAK,25.0,0,0.0,0,0.0,0,0.0,0.0,0.0,WEAK,WEAK,,,
ZJ_U51_5K_E062_N671,5000,ZJ-HZB,L5-cmsa-polygons-2020,2020,WEAK,25.0,0,0.0,0,0.0,0,0.0,0.0,0.0,WEAK,WEAK,,,
ZJ_U51_5K_E062_N671,5000,ZJ-HZB,L6-cmsa-polygons-2021,2021,WEAK,25.0,0,0.0,0,0.0,0,0.0,0.0,0.0,WEAK,WEAK,,,
ZJ_U51_5K_E062_N672,5000,ZJ-HZB,L1-china2015-raster30m,2015,SILVER,25.0,0,0.0,0,0.0,0,0.0,0.0,0.0,UNLABELED,UNLABELED,,,
ZJ_U51_5K_E062_N672,5000,ZJ-HZB,L2-cmssm2020-polygons,2020,WEAK,25.0,0,0.0,0,0.0,0,0.0,0.0,0.0,UNLABELED,UNLABELED,,,
ZJ_U51_5K_E062_N672,5000,ZJ-HZB,L3-hangzhou-mask-2015,2015,WEAK,25.0,0,0.0,0,0.0,0,0.0,0.0,0.0,UNLABELED,UNLABELED,,,
ZJ_U51_5K_E062_N672,5000,ZJ-HZB,L4-cmsa-polygons-2019,2019,WEAK,25.0,0,0.0,0,0.0,0,0.0,0.0,0.0,UNLABELED,UNLABELED,,,
ZJ_U51_5K_E062_N672,5000,ZJ-HZB,L5-cmsa-polygons-2020,2020,WEAK,25.0,0,0.0,0,0.0,0,0.0,0.0,0.0,UNLABELED,UNLABELED,,,
ZJ_U51_5K_E062_N672,5000,ZJ-HZB,L6-cmsa-polygons-2021,2021,WEAK,25.0,0,0.0,0,0.0,0,0.0,0.0,0.0,UNLABELED,UNLABELED,,,
ZJ_U51_5K_E062_N673,5000,ZJ-HZB,L1-china2015-raster30m,2015,SILVER,24.685189,0,0.0,0,0.0,0,0.0,0.0,0.0,UNLABELED,UNLABELED,,,
ZJ_U51_5K_E062_N673,5000,ZJ-HZB,L2-cmssm2020-polygons,2020,WEAK,24.685189,0,0.0,0,0.0,0,0.0,0.0,0.0,UNLABELED,UNLABELED,,,
ZJ_U51_5K_E062_N673,5000,ZJ-HZB,L3-hangzhou-mask-2015,2015,WEAK,24.685189,0,0.0,0,0.0,0,0.0,0.0,0.0,UNLABELED,UNLABELED,,,
ZJ_U51_5K_E062_N673,5000,ZJ-HZB,L4-cmsa-polygons-2019,2019,WEAK,24.685189,0,0.0,0,0.0,0,0.0,0.0,0.0,UNLABELED,UNLABELED,,,
ZJ_U51_5K_E062_N673,5000,ZJ-HZB,L5-cmsa-polygons-2020,2020,WEAK,24.685189,0,0.0,0,0.0,0,0.0,0.0,0.0,UNLABELED,UNLABELED,,,
ZJ_U51_5K_E062_N673,5000,ZJ-HZB,L6-cmsa-polygons-2021,2021,WEAK,24.685189,0,0.0,0,0.0,0,0.0,0.0,0.0,UNLABELED,UNLABELED,,,
ZJ_U51_5K_E062_N674,5000,ZJ-HZB,L1-china2015-raster30m,2015,SILVER,4.647242,0,0.0,0,0.0,0,0.0,0.0,0.0,UNLABELED,UNLABELED,,,
ZJ_U51_5K_E062_N674,5000,ZJ-HZB,L2-cmssm2020-polygons,2020,WEAK,4.647242,0,0.0,0,0.0,0,0.0,0.0,0.0,UNLABELED,UNLABELED,,,
ZJ_U51_5K_E062_N674,5000,ZJ-HZB,L3-hangzhou-mask-2015,2015,WEAK,4.647242,0,0.0,0,0.0,0,0.0,0.0,0.0,UNLABELED,UNLABELED,,,
ZJ_U51_5K_E062_N674,5000,ZJ-HZB,L4-cmsa-polygons-2019,2019,WEAK,4.647242,0,0.0,0,0.0,0,0.0,0.0,0.0,UNLABELED,UNLABELED,,,
ZJ_U51_5K_E062_N674,5000,ZJ-HZB,L5-cmsa-polygons-2020,2020,WEAK,4.647242,0,0.0,0,0.0,0,0.0,0.0,0.0,UNLABELED,UNLABELED,,,
ZJ_U51_5K_E062_N674,5000,ZJ-HZB,L6-cmsa-polygons-2021,2021,WEAK,4.647242,0,0.0,0,0.0,0,0.0,0.0,0.0,UNLABELED,UNLABELED,,,
ZJ_U51_5K_E063_N618,5000,ZJ-YQB,L1-china2015-raster30m,2015,SILVER,0.818918,0,0.0,0,0.0,0,0.0,0.0,0.0,UNLABELED,UNLABELED,,,
ZJ_U51_5K_E063_N618,5000,ZJ-YQB,L2-cmssm2020-polygons,2020,WEAK,0.818918,0,0.0,0,0.0,0,0.0,0.0,0.0,UNLABELED,UNLABELED,,,
ZJ_U51_5K_E063_N618,5000,ZJ-YQB,L3-hangzhou-mask-2015,2015,WEAK,0.818918,0,0.0,0,0.0,0,0.0,0.0,0.0,UNLABELED,UNLABELED,,,
ZJ_U51_5K_E063_N618,5000,ZJ-YQB,L4-cmsa-polygons-2019,2019,WEAK,0.818918,0,0.0,0,0.0,0,0.0,0.0,0.0,UNLABELED,UNLABELED,,,
ZJ_U51_5K_E063_N618,5000,ZJ-YQB,L5-cmsa-polygons-2020,2020,WEAK,0.818918,0,0.0,0,0.0,0,0.0,0.0,0.0,UNLABELED,UNLABELED,,,
ZJ_U51_5K_E063_N618,5000,ZJ-YQB,L6-cmsa-polygons-2021,2021,WEAK,0.818918,0,0.0,0,0.0,0,0.0,0.0,0.0,UNLABELED,UNLABELED,,,
ZJ_U51_5K_E063_N619,5000,ZJ-YQB,L1-china2015-raster30m,2015,SILVER,14.755609,0,0.0,0,0.0,0,0.0,0.0,0.0,UNLABELED,UNLABELED,,,
ZJ_U51_5K_E063_N619,5000,ZJ-YQB,L2-cmssm2020-polygons,2020,WEAK,14.755609,0,0.0,0,0.0,0,0.0,0.0,0.0,UNLABELED,UNLABELED,,,
ZJ_U51_5K_E063_N619,5000,ZJ-YQB,L3-hangzhou-mask-2015,2015,WEAK,14.755609,0,0.0,0,0.0,0,0.0,0.0,0.0,UNLABELED,UNLABELED,,,
ZJ_U51_5K_E063_N619,5000,ZJ-YQB,L4-cmsa-polygons-2019,2019,WEAK,14.755609,0,0.0,0,0.0,0,0.0,0.0,0.0,UNLABELED,UNLABELED,,,
ZJ_U51_5K_E063_N619,5000,ZJ-YQB,L5-cmsa-polygons-2020,2020,WEAK,14.755609,0,0.0,0,0.0,0,0.0,0.0,0.0,UNLABELED,UNLABELED,,,
ZJ_U51_5K_E063_N619,5000,ZJ-YQB,L6-cmsa-polygons-2021,2021,WEAK,14.755609,0,0.0,0,0.0,0,0.0,0.0,0.0,UNLABELED,UNLABELED,,,
ZJ_U51_5K_E063_N620,5000,ZJ-YQB,L1-china2015-raster30m,2015,SILVER,24.973322,0,0.0,0,0.0,0,0.0,0.0,0.0,UNLABELED,UNLABELED,,,
ZJ_U51_5K_E063_N620,5000,ZJ-YQB,L2-cmssm2020-polygons,2020,WEAK,24.973322,0,0.0,0,0.0,0,0.0,0.0,0.0,UNLABELED,UNLABELED,,,
ZJ_U51_5K_E063_N620,5000,ZJ-YQB,L3-hangzhou-mask-2015,2015,WEAK,24.973322,0,0.0,0,0.0,0,0.0,0.0,0.0,UNLABELED,UNLABELED,,,
ZJ_U51_5K_E063_N620,5000,ZJ-YQB,L4-cmsa-polygons-2019,2019,WEAK,24.973322,0,0.0,0,0.0,0,0.0,0.0,0.0,UNLABELED,UNLABELED,,,
ZJ_U51_5K_E063_N620,5000,ZJ-YQB,L5-cmsa-polygons-2020,2020,WEAK,24.973322,0,0.0,0,0.0,0,0.0,0.0,0.0,UNLABELED,UNLABELED,,,
ZJ_U51_5K_E063_N620,5000,ZJ-YQB,L6-cmsa-polygons-2021,2021,WEAK,24.973322,0,0.0,0,0.0,0,0.0,0.0,0.0,UNLABELED,UNLABELED,,,
ZJ_U51_5K_E063_N621,5000,ZJ-YQB,L1-china2015-raster30m,2015,SILVER,25.0,719,0.6471,719,0.6471,0,0.0,0.025884,0.025884,SILVER,SILVER,,,
ZJ_U51_5K_E063_N621,5000,ZJ-YQB,L2-cmssm2020-polygons,2020,WEAK,25.0,0,0.0,0,0.0,0,0.0,0.0,0.0,SILVER,SILVER,,,
ZJ_U51_5K_E063_N621,5000,ZJ-YQB,L3-hangzhou-mask-2015,2015,WEAK,25.0,0,0.0,0,0.0,0,0.0,0.0,0.0,SILVER,SILVER,,,
ZJ_U51_5K_E063_N621,5000,ZJ-YQB,L4-cmsa-polygons-2019,2019,WEAK,25.0,0,0.0,0,0.0,0,0.0,0.0,0.0,SILVER,SILVER,,,
ZJ_U51_5K_E063_N621,5000,ZJ-YQB,L5-cmsa-polygons-2020,2020,WEAK,25.0,0,0.0,0,0.0,0,0.0,0.0,0.0,SILVER,SILVER,,,
ZJ_U51_5K_E063_N621,5000,ZJ-YQB,L6-cmsa-polygons-2021,2021,WEAK,25.0,0,0.0,0,0.0,0,0.0,0.0,0.0,SILVER,SILVER,,,
ZJ_U51_5K_E063_N622,5000,ZJ-YQB,L1-china2015-raster30m,2015,SILVER,25.0,914,0.8226,914,0.8226,0,0.0,0.032904,0.032904,SILVER,SILVER,,,
ZJ_U51_5K_E063_N622,5000,ZJ-YQB,L2-cmssm2020-polygons,2020,WEAK,25.0,0,0.0,0,0.0,0,0.0,0.0,0.0,SILVER,SILVER,,,
ZJ_U51_5K_E063_N622,5000,ZJ-YQB,L3-hangzhou-mask-2015,2015,WEAK,25.0,0,0.0,0,0.0,0,0.0,0.0,0.0,SILVER,SILVER,,,
ZJ_U51_5K_E063_N622,5000,ZJ-YQB,L4-cmsa-polygons-2019,2019,WEAK,25.0,0,0.0,0,0.0,0,0.0,0.0,0.0,SILVER,SILVER,,,
ZJ_U51_5K_E063_N622,5000,ZJ-YQB,L5-cmsa-polygons-2020,2020,WEAK,25.0,0,0.0,0,0.0,0,0.0,0.0,0.0,SILVER,SILVER,,,
ZJ_U51_5K_E063_N622,5000,ZJ-YQB,L6-cmsa-polygons-2021,2021,WEAK,25.0,0,0.0,0,0.0,0,0.0,0.0,0.0,SILVER,SILVER,,,
ZJ_U51_5K_E063_N623,5000,ZJ-YQB,L1-china2015-raster30m,2015,SILVER,25.0,409,0.3681,409,0.3681,0,0.0,0.014724,0.014724,SILVER,SILVER,,,
ZJ_U51_5K_E063_N623,5000,ZJ-YQB,L2-cmssm2020-polygons,2020,WEAK,25.0,0,0.0,0,0.0,0,0.0,0.0,0.0,SILVER,SILVER,,,
ZJ_U51_5K_E063_N623,5000,ZJ-YQB,L3-hangzhou-mask-2015,2015,WEAK,25.0,0,0.0,0,0.0,0,0.0,0.0,0.0,SILVER,SILVER,,,
ZJ_U51_5K_E063_N623,5000,ZJ-YQB,L4-cmsa-polygons-2019,2019,WEAK,25.0,0,0.0,0,0.0,0,0.0,0.0,0.0,SILVER,SILVER,,,
ZJ_U51_5K_E063_N623,5000,ZJ-YQB,L5-cmsa-polygons-2020,2020,WEAK,25.0,0,0.0,0,0.0,0,0.0,0.0,0.0,SILVER,SILVER,,,
ZJ_U51_5K_E063_N623,5000,ZJ-YQB,L6-cmsa-polygons-2021,2021,WEAK,25.0,0,0.0,0,0.0,0,0.0,0.0,0.0,SILVER,SILVER,,,
ZJ_U51_5K_E063_N624,5000,ZJ-YQB,L1-china2015-raster30m,2015,SILVER,25.0,743,0.6687,743,0.6687,0,0.0,0.026748,0.026748,SILVER,SILVER,,,
ZJ_U51_5K_E063_N624,5000,ZJ-YQB,L2-cmssm2020-polygons,2020,WEAK,25.0,0,0.0,0,0.0,0,0.0,0.0,0.0,SILVER,SILVER,,,
ZJ_U51_5K_E063_N624,5000,ZJ-YQB,L3-hangzhou-mask-2015,2015,WEAK,25.0,0,0.0,0,0.0,0,0.0,0.0,0.0,SILVER,SILVER,,,
ZJ_U51_5K_E063_N624,5000,ZJ-YQB,L4-cmsa-polygons-2019,2019,WEAK,25.0,0,0.0,0,0.0,0,0.0,0.0,0.0,SILVER,SILVER,,,
ZJ_U51_5K_E063_N624,5000,ZJ-YQB,L5-cmsa-polygons-2020,2020,WEAK,25.0,0,0.0,0,0.0,0,0.0,0.0,0.0,SILVER,SILVER,,,
ZJ_U51_5K_E063_N624,5000,ZJ-YQB,L6-cmsa-polygons-2021,2021,WEAK,25.0,0,0.0,0,0.0,0,0.0,0.0,0.0,SILVER,SILVER,,,
ZJ_U51_5K_E063_N625,5000,ZJ-YQB,L1-china2015-raster30m,2015,SILVER,24.494535,3554,3.1986,3433,3.0897,121,0.1089,0.127944,0.126138,SILVER+WEAK,SILVER+WEAK,,,
ZJ_U51_5K_E063_N625,5000,ZJ-YQB,L2-cmssm2020-polygons,2020,WEAK,24.494535,0,0.0,0,0.0,0,0.0,0.0,0.0,SILVER+WEAK,SILVER+WEAK,,,
ZJ_U51_5K_E063_N625,5000,ZJ-YQB,L3-hangzhou-mask-2015,2015,WEAK,24.494535,0,0.0,0,0.0,0,0.0,0.0,0.0,SILVER+WEAK,SILVER+WEAK,,,
ZJ_U51_5K_E063_N625,5000,ZJ-YQB,L4-cmsa-polygons-2019,2019,WEAK,24.494535,1,1.0803,1,1.0803,0,0.0,0.043212,0.044104,SILVER+WEAK,SILVER+WEAK,,,
ZJ_U51_5K_E063_N625,5000,ZJ-YQB,L5-cmsa-polygons-2020,2020,WEAK,24.494535,0,0.0,0,0.0,0,0.0,0.0,0.0,SILVER+WEAK,SILVER+WEAK,,,
ZJ_U51_5K_E063_N625,5000,ZJ-YQB,L6-cmsa-polygons-2021,2021,WEAK,24.494535,1,1.0942,1,1.0942,0,0.0,0.043768,0.044671,SILVER+WEAK,SILVER+WEAK,,,
ZJ_U51_5K_E063_N626,5000,ZJ-YQB,L1-china2015-raster30m,2015,SILVER,13.76369,1697,1.5273,1661,1.4949,36,0.0324,0.061092,0.108612,SILVER+WEAK,SILVER+WEAK,,,
ZJ_U51_5K_E063_N626,5000,ZJ-YQB,L2-cmssm2020-polygons,2020,WEAK,13.76369,0,0.0,0,0.0,0,0.0,0.0,0.0,SILVER+WEAK,SILVER+WEAK,,,
ZJ_U51_5K_E063_N626,5000,ZJ-YQB,L3-hangzhou-mask-2015,2015,WEAK,13.76369,0,0.0,0,0.0,0,0.0,0.0,0.0,SILVER+WEAK,SILVER+WEAK,,,
ZJ_U51_5K_E063_N626,5000,ZJ-YQB,L4-cmsa-polygons-2019,2019,WEAK,13.76369,2,1.3324,2,1.3324,0,0.0,0.053296,0.096805,SILVER+WEAK,SILVER+WEAK,,,
ZJ_U51_5K_E063_N626,5000,ZJ-YQB,L5-cmsa-polygons-2020,2020,WEAK,13.76369,3,0.2389,3,0.2389,0,0.0,0.009556,0.017357,SILVER+WEAK,SILVER+WEAK,,,
ZJ_U51_5K_E063_N626,5000,ZJ-YQB,L6-cmsa-polygons-2021,2021,WEAK,13.76369,3,1.3408,3,1.3409,0,0.0,0.053632,0.097423,SILVER+WEAK,SILVER+WEAK,,,
ZJ_U51_5K_E063_N627,5000,ZJ-YQB,L1-china2015-raster30m,2015,SILVER,1.383666,1414,1.2726,763,0.6867,651,0.5859,0.050904,0.49629,SILVER+WEAK,SILVER+WEAK,,,
ZJ_U51_5K_E063_N627,5000,ZJ-YQB,L2-cmssm2020-polygons,2020,WEAK,1.383666,0,0.0,0,0.0,0,0.0,0.0,0.0,SILVER+WEAK,SILVER+WEAK,,,
ZJ_U51_5K_E063_N627,5000,ZJ-YQB,L3-hangzhou-mask-2015,2015,WEAK,1.383666,0,0.0,0,0.0,0,0.0,0.0,0.0,SILVER+WEAK,SILVER+WEAK,,,
ZJ_U51_5K_E063_N627,5000,ZJ-YQB,L4-cmsa-polygons-2019,2019,WEAK,1.383666,3,0.8455,3,0.6111,2,0.2343,0.03382,0.441653,SILVER+WEAK,SILVER+WEAK,,,
ZJ_U51_5K_E063_N627,5000,ZJ-YQB,L5-cmsa-polygons-2020,2020,WEAK,1.383666,15,0.7581,12,0.5484,10,0.2096,0.030324,0.396338,SILVER+WEAK,SILVER+WEAK,,,
ZJ_U51_5K_E063_N627,5000,ZJ-YQB,L6-cmsa-polygons-2021,2021,WEAK,1.383666,6,0.744,4,0.5718,4,0.1721,0.02976,0.41325,SILVER+WEAK,SILVER+WEAK,,,
ZJ_U51_5K_E063_N669,5000,ZJ-HZB,L1-china2015-raster30m,2015,SILVER,14.865994,0,0.0,0,0.0,0,0.0,0.0,0.0,UNLABELED,UNLABELED,,,
ZJ_U51_5K_E063_N669,5000,ZJ-HZB,L2-cmssm2020-polygons,2020,WEAK,14.865994,0,0.0,0,0.0,0,0.0,0.0,0.0,UNLABELED,UNLABELED,,,
ZJ_U51_5K_E063_N669,5000,ZJ-HZB,L3-hangzhou-mask-2015,2015,WEAK,14.865994,0,0.0,0,0.0,0,0.0,0.0,0.0,UNLABELED,UNLABELED,,,
ZJ_U51_5K_E063_N669,5000,ZJ-HZB,L4-cmsa-polygons-2019,2019,WEAK,14.865994,0,0.0,0,0.0,0,0.0,0.0,0.0,UNLABELED,UNLABELED,,,
ZJ_U51_5K_E063_N669,5000,ZJ-HZB,L5-cmsa-polygons-2020,2020,WEAK,14.865994,0,0.0,0,0.0,0,0.0,0.0,0.0,UNLABELED,UNLABELED,,,
ZJ_U51_5K_E063_N669,5000,ZJ-HZB,L6-cmsa-polygons-2021,2021,WEAK,14.865994,0,0.0,0,0.0,0,0.0,0.0,0.0,UNLABELED,UNLABELED,,,
ZJ_U51_5K_E063_N670,5000,ZJ-HZB,L1-china2015-raster30m,2015,SILVER,25.0,0,0.0,0,0.0,0,0.0,0.0,0.0,WEAK,WEAK,,,
ZJ_U51_5K_E063_N670,5000,ZJ-HZB,L2-cmssm2020-polygons,2020,WEAK,25.0,0,0.0,0,0.0,0,0.0,0.0,0.0,WEAK,WEAK,,,
ZJ_U51_5K_E063_N670,5000,ZJ-HZB,L3-hangzhou-mask-2015,2015,WEAK,25.0,1715,1.5395,1715,1.5395,0,0.0,0.06158,0.06158,WEAK,WEAK,,,
ZJ_U51_5K_E063_N670,5000,ZJ-HZB,L4-cmsa-polygons-2019,2019,WEAK,25.0,0,0.0,0,0.0,0,0.0,0.0,0.0,WEAK,WEAK,,,
ZJ_U51_5K_E063_N670,5000,ZJ-HZB,L5-cmsa-polygons-2020,2020,WEAK,25.0,0,0.0,0,0.0,0,0.0,0.0,0.0,WEAK,WEAK,,,
ZJ_U51_5K_E063_N670,5000,ZJ-HZB,L6-cmsa-polygons-2021,2021,WEAK,25.0,0,0.0,0,0.0,0,0.0,0.0,0.0,WEAK,WEAK,,,
ZJ_U51_5K_E063_N671,5000,ZJ-HZB,L1-china2015-raster30m,2015,SILVER,25.0,217,0.1953,217,0.1953,0,0.0,0.007812,0.007812,SILVER+WEAK,SILVER+WEAK,,,
ZJ_U51_5K_E063_N671,5000,ZJ-HZB,L2-cmssm2020-polygons,2020,WEAK,25.0,0,0.0,0,0.0,0,0.0,0.0,0.0,SILVER+WEAK,SILVER+WEAK,,,
ZJ_U51_5K_E063_N671,5000,ZJ-HZB,L3-hangzhou-mask-2015,2015,WEAK,25.0,1873,1.6814,1873,1.6814,0,0.0,0.067256,0.067256,SILVER+WEAK,SILVER+WEAK,,,
ZJ_U51_5K_E063_N671,5000,ZJ-HZB,L4-cmsa-polygons-2019,2019,WEAK,25.0,0,0.0,0,0.0,0,0.0,0.0,0.0,SILVER+WEAK,SILVER+WEAK,,,
ZJ_U51_5K_E063_N671,5000,ZJ-HZB,L5-cmsa-polygons-2020,2020,WEAK,25.0,0,0.0,0,0.0,0,0.0,0.0,0.0,SILVER+WEAK,SILVER+WEAK,,,
ZJ_U51_5K_E063_N671,5000,ZJ-HZB,L6-cmsa-polygons-2021,2021,WEAK,25.0,0,0.0,0,0.0,0,0.0,0.0,0.0,SILVER+WEAK,SILVER+WEAK,,,
ZJ_U51_5K_E063_N672,5000,ZJ-HZB,L1-china2015-raster30m,2015,SILVER,25.0,0,0.0,0,0.0,0,0.0,0.0,0.0,UNLABELED,UNLABELED,,,
ZJ_U51_5K_E063_N672,5000,ZJ-HZB,L2-cmssm2020-polygons,2020,WEAK,25.0,0,0.0,0,0.0,0,0.0,0.0,0.0,UNLABELED,UNLABELED,,,
ZJ_U51_5K_E063_N672,5000,ZJ-HZB,L3-hangzhou-mask-2015,2015,WEAK,25.0,0,0.0,0,0.0,0,0.0,0.0,0.0,UNLABELED,UNLABELED,,,
ZJ_U51_5K_E063_N672,5000,ZJ-HZB,L4-cmsa-polygons-2019,2019,WEAK,25.0,0,0.0,0,0.0,0,0.0,0.0,0.0,UNLABELED,UNLABELED,,,
ZJ_U51_5K_E063_N672,5000,ZJ-HZB,L5-cmsa-polygons-2020,2020,WEAK,25.0,0,0.0,0,0.0,0,0.0,0.0,0.0,UNLABELED,UNLABELED,,,
ZJ_U51_5K_E063_N672,5000,ZJ-HZB,L6-cmsa-polygons-2021,2021,WEAK,25.0,0,0.0,0,0.0,0,0.0,0.0,0.0,UNLABELED,UNLABELED,,,
ZJ_U51_5K_E063_N673,5000,ZJ-HZB,L1-china2015-raster30m,2015,SILVER,25.0,0,0.0,0,0.0,0,0.0,0.0,0.0,UNLABELED,UNLABELED,,,
ZJ_U51_5K_E063_N673,5000,ZJ-HZB,L2-cmssm2020-polygons,2020,WEAK,25.0,0,0.0,0,0.0,0,0.0,0.0,0.0,UNLABELED,UNLABELED,,,
ZJ_U51_5K_E063_N673,5000,ZJ-HZB,L3-hangzhou-mask-2015,2015,WEAK,25.0,0,0.0,0,0.0,0,0.0,0.0,0.0,UNLABELED,UNLABELED,,,
ZJ_U51_5K_E063_N673,5000,ZJ-HZB,L4-cmsa-polygons-2019,2019,WEAK,25.0,0,0.0,0,0.0,0,0.0,0.0,0.0,UNLABELED,UNLABELED,,,
ZJ_U51_5K_E063_N673,5000,ZJ-HZB,L5-cmsa-polygons-2020,2020,WEAK,25.0,0,0.0,0,0.0,0,0.0,0.0,0.0,UNLABELED,UNLABELED,,,
ZJ_U51_5K_E063_N673,5000,ZJ-HZB,L6-cmsa-polygons-2021,2021,WEAK,25.0,0,0.0,0,0.0,0,0.0,0.0,0.0,UNLABELED,UNLABELED,,,
ZJ_U51_5K_E063_N674,5000,ZJ-HZB,L1-china2015-raster30m,2015,SILVER,19.020948,0,0.0,0,0.0,0,0.0,0.0,0.0,UNLABELED,UNLABELED,,,
ZJ_U51_5K_E063_N674,5000,ZJ-HZB,L2-cmssm2020-polygons,2020,WEAK,19.020948,0,0.0,0,0.0,0,0.0,0.0,0.0,UNLABELED,UNLABELED,,,
ZJ_U51_5K_E063_N674,5000,ZJ-HZB,L3-hangzhou-mask-2015,2015,WEAK,19.020948,0,0.0,0,0.0,0,0.0,0.0,0.0,UNLABELED,UNLABELED,,,
ZJ_U51_5K_E063_N674,5000,ZJ-HZB,L4-cmsa-polygons-2019,2019,WEAK,19.020948,0,0.0,0,0.0,0,0.0,0.0,0.0,UNLABELED,UNLABELED,,,
ZJ_U51_5K_E063_N674,5000,ZJ-HZB,L5-cmsa-polygons-2020,2020,WEAK,19.020948,0,0.0,0,0.0,0,0.0,0.0,0.0,UNLABELED,UNLABELED,,,
ZJ_U51_5K_E063_N674,5000,ZJ-HZB,L6-cmsa-polygons-2021,2021,WEAK,19.020948,0,0.0,0,0.0,0,0.0,0.0,0.0,UNLABELED,UNLABELED,,,
ZJ_U51_5K_E063_N675,5000,ZJ-HZB,L1-china2015-raster30m,2015,SILVER,0.073776,0,0.0,0,0.0,0,0.0,0.0,0.0,UNLABELED,UNLABELED,,,
ZJ_U51_5K_E063_N675,5000,ZJ-HZB,L2-cmssm2020-polygons,2020,WEAK,0.073776,0,0.0,0,0.0,0,0.0,0.0,0.0,UNLABELED,UNLABELED,,,
ZJ_U51_5K_E063_N675,5000,ZJ-HZB,L3-hangzhou-mask-2015,2015,WEAK,0.073776,0,0.0,0,0.0,0,0.0,0.0,0.0,UNLABELED,UNLABELED,,,
ZJ_U51_5K_E063_N675,5000,ZJ-HZB,L4-cmsa-polygons-2019,2019,WEAK,0.073776,0,0.0,0,0.0,0,0.0,0.0,0.0,UNLABELED,UNLABELED,,,
ZJ_U51_5K_E063_N675,5000,ZJ-HZB,L5-cmsa-polygons-2020,2020,WEAK,0.073776,0,0.0,0,0.0,0,0.0,0.0,0.0,UNLABELED,UNLABELED,,,
ZJ_U51_5K_E063_N675,5000,ZJ-HZB,L6-cmsa-polygons-2021,2021,WEAK,0.073776,0,0.0,0,0.0,0,0.0,0.0,0.0,UNLABELED,UNLABELED,,,
ZJ_U51_5K_E064_N620,5000,ZJ-YQB,L1-china2015-raster30m,2015,SILVER,8.283936,0,0.0,0,0.0,0,0.0,0.0,0.0,UNLABELED,UNLABELED,,,
ZJ_U51_5K_E064_N620,5000,ZJ-YQB,L2-cmssm2020-polygons,2020,WEAK,8.283936,0,0.0,0,0.0,0,0.0,0.0,0.0,UNLABELED,UNLABELED,,,
ZJ_U51_5K_E064_N620,5000,ZJ-YQB,L3-hangzhou-mask-2015,2015,WEAK,8.283936,0,0.0,0,0.0,0,0.0,0.0,0.0,UNLABELED,UNLABELED,,,
ZJ_U51_5K_E064_N620,5000,ZJ-YQB,L4-cmsa-polygons-2019,2019,WEAK,8.283936,0,0.0,0,0.0,0,0.0,0.0,0.0,UNLABELED,UNLABELED,,,
ZJ_U51_5K_E064_N620,5000,ZJ-YQB,L5-cmsa-polygons-2020,2020,WEAK,8.283936,0,0.0,0,0.0,0,0.0,0.0,0.0,UNLABELED,UNLABELED,,,
ZJ_U51_5K_E064_N620,5000,ZJ-YQB,L6-cmsa-polygons-2021,2021,WEAK,8.283936,0,0.0,0,0.0,0,0.0,0.0,0.0,UNLABELED,UNLABELED,,,
ZJ_U51_5K_E064_N621,5000,ZJ-YQB,L1-china2015-raster30m,2015,SILVER,19.256361,0,0.0,0,0.0,0,0.0,0.0,0.0,UNLABELED,UNLABELED,,,
ZJ_U51_5K_E064_N621,5000,ZJ-YQB,L2-cmssm2020-polygons,2020,WEAK,19.256361,0,0.0,0,0.0,0,0.0,0.0,0.0,UNLABELED,UNLABELED,,,
ZJ_U51_5K_E064_N621,5000,ZJ-YQB,L3-hangzhou-mask-2015,2015,WEAK,19.256361,0,0.0,0,0.0,0,0.0,0.0,0.0,UNLABELED,UNLABELED,,,
ZJ_U51_5K_E064_N621,5000,ZJ-YQB,L4-cmsa-polygons-2019,2019,WEAK,19.256361,0,0.0,0,0.0,0,0.0,0.0,0.0,UNLABELED,UNLABELED,,,
ZJ_U51_5K_E064_N621,5000,ZJ-YQB,L5-cmsa-polygons-2020,2020,WEAK,19.256361,0,0.0,0,0.0,0,0.0,0.0,0.0,UNLABELED,UNLABELED,,,
ZJ_U51_5K_E064_N621,5000,ZJ-YQB,L6-cmsa-polygons-2021,2021,WEAK,19.256361,0,0.0,0,0.0,0,0.0,0.0,0.0,UNLABELED,UNLABELED,,,
ZJ_U51_5K_E064_N622,5000,ZJ-YQB,L1-china2015-raster30m,2015,SILVER,19.214609,10,0.009,10,0.009,0,0.0,0.00036,0.000468,SILVER,SILVER,,,
ZJ_U51_5K_E064_N622,5000,ZJ-YQB,L2-cmssm2020-polygons,2020,WEAK,19.214609,0,0.0,0,0.0,0,0.0,0.0,0.0,SILVER,SILVER,,,
ZJ_U51_5K_E064_N622,5000,ZJ-YQB,L3-hangzhou-mask-2015,2015,WEAK,19.214609,0,0.0,0,0.0,0,0.0,0.0,0.0,SILVER,SILVER,,,
ZJ_U51_5K_E064_N622,5000,ZJ-YQB,L4-cmsa-polygons-2019,2019,WEAK,19.214609,0,0.0,0,0.0,0,0.0,0.0,0.0,SILVER,SILVER,,,
ZJ_U51_5K_E064_N622,5000,ZJ-YQB,L5-cmsa-polygons-2020,2020,WEAK,19.214609,0,0.0,0,0.0,0,0.0,0.0,0.0,SILVER,SILVER,,,
ZJ_U51_5K_E064_N622,5000,ZJ-YQB,L6-cmsa-polygons-2021,2021,WEAK,19.214609,0,0.0,0,0.0,0,0.0,0.0,0.0,SILVER,SILVER,,,
ZJ_U51_5K_E064_N623,5000,ZJ-YQB,L1-china2015-raster30m,2015,SILVER,19.074291,1943,1.7487,1932,1.7388,11,0.0099,0.069948,0.091159,SILVER,SILVER,,,
ZJ_U51_5K_E064_N623,5000,ZJ-YQB,L2-cmssm2020-polygons,2020,WEAK,19.074291,0,0.0,0,0.0,0,0.0,0.0,0.0,SILVER,SILVER,,,
ZJ_U51_5K_E064_N623,5000,ZJ-YQB,L3-hangzhou-mask-2015,2015,WEAK,19.074291,0,0.0,0,0.0,0,0.0,0.0,0.0,SILVER,SILVER,,,
ZJ_U51_5K_E064_N623,5000,ZJ-YQB,L4-cmsa-polygons-2019,2019,WEAK,19.074291,0,0.0,0,0.0,0,0.0,0.0,0.0,SILVER,SILVER,,,
ZJ_U51_5K_E064_N623,5000,ZJ-YQB,L5-cmsa-polygons-2020,2020,WEAK,19.074291,0,0.0,0,0.0,0,0.0,0.0,0.0,SILVER,SILVER,,,
ZJ_U51_5K_E064_N623,5000,ZJ-YQB,L6-cmsa-polygons-2021,2021,WEAK,19.074291,0,0.0,0,0.0,0,0.0,0.0,0.0,SILVER,SILVER,,,
ZJ_U51_5K_E064_N624,5000,ZJ-YQB,L1-china2015-raster30m,2015,SILVER,18.933973,481,0.4329,355,0.3195,126,0.1134,0.017316,0.016874,SILVER,SILVER,,,
ZJ_U51_5K_E064_N624,5000,ZJ-YQB,L2-cmssm2020-polygons,2020,WEAK,18.933973,0,0.0,0,0.0,0,0.0,0.0,0.0,SILVER,SILVER,,,
ZJ_U51_5K_E064_N624,5000,ZJ-YQB,L3-hangzhou-mask-2015,2015,WEAK,18.933973,0,0.0,0,0.0,0,0.0,0.0,0.0,SILVER,SILVER,,,
ZJ_U51_5K_E064_N624,5000,ZJ-YQB,L4-cmsa-polygons-2019,2019,WEAK,18.933973,0,0.0,0,0.0,0,0.0,0.0,0.0,SILVER,SILVER,,,
ZJ_U51_5K_E064_N624,5000,ZJ-YQB,L5-cmsa-polygons-2020,2020,WEAK,18.933973,0,0.0,0,0.0,0,0.0,0.0,0.0,SILVER,SILVER,,,
ZJ_U51_5K_E064_N624,5000,ZJ-YQB,L6-cmsa-polygons-2021,2021,WEAK,18.933973,0,0.0,0,0.0,0,0.0,0.0,0.0,SILVER,SILVER,,,
ZJ_U51_5K_E064_N625,5000,ZJ-YQB,L1-china2015-raster30m,2015,SILVER,18.793655,1560,1.404,869,0.7821,691,0.6219,0.05616,0.041615,SILVER+WEAK,SILVER+WEAK,,,
ZJ_U51_5K_E064_N625,5000,ZJ-YQB,L2-cmssm2020-polygons,2020,WEAK,18.793655,0,0.0,0,0.0,0,0.0,0.0,0.0,SILVER+WEAK,SILVER+WEAK,,,
ZJ_U51_5K_E064_N625,5000,ZJ-YQB,L3-hangzhou-mask-2015,2015,WEAK,18.793655,0,0.0,0,0.0,0,0.0,0.0,0.0,SILVER+WEAK,SILVER+WEAK,,,
ZJ_U51_5K_E064_N625,5000,ZJ-YQB,L4-cmsa-polygons-2019,2019,WEAK,18.793655,1,0.0586,1,0.0586,0,0.0,0.002344,0.003118,SILVER+WEAK,SILVER+WEAK,,,
ZJ_U51_5K_E064_N625,5000,ZJ-YQB,L5-cmsa-polygons-2020,2020,WEAK,18.793655,0,0.0,0,0.0,0,0.0,0.0,0.0,SILVER+WEAK,SILVER+WEAK,,,
ZJ_U51_5K_E064_N625,5000,ZJ-YQB,L6-cmsa-polygons-2021,2021,WEAK,18.793655,1,0.0836,1,0.0836,0,0.0,0.003344,0.004448,SILVER+WEAK,SILVER+WEAK,,,
ZJ_U51_5K_E064_N626,5000,ZJ-YQB,L1-china2015-raster30m,2015,SILVER,18.653337,5575,5.0175,5399,4.8591,176,0.1584,0.2007,0.260495,SILVER+WEAK,SILVER+WEAK,,,
ZJ_U51_5K_E064_N626,5000,ZJ-YQB,L2-cmssm2020-polygons,2020,WEAK,18.653337,0,0.0,0,0.0,0,0.0,0.0,0.0,SILVER+WEAK,SILVER+WEAK,,,
ZJ_U51_5K_E064_N626,5000,ZJ-YQB,L3-hangzhou-mask-2015,2015,WEAK,18.653337,0,0.0,0,0.0,0,0.0,0.0,0.0,SILVER+WEAK,SILVER+WEAK,,,
ZJ_U51_5K_E064_N626,5000,ZJ-YQB,L4-cmsa-polygons-2019,2019,WEAK,18.653337,28,4.9499,20,4.8766,8,0.0732,0.197996,0.261433,SILVER+WEAK,SILVER+WEAK,,,
ZJ_U51_5K_E064_N626,5000,ZJ-YQB,L5-cmsa-polygons-2020,2020,WEAK,18.653337,72,2.8793,65,2.8111,7,0.0682,0.115172,0.150702,SILVER+WEAK,SILVER+WEAK,,,
ZJ_U51_5K_E064_N626,5000,ZJ-YQB,L6-cmsa-polygons-2021,2021,WEAK,18.653337,43,4.9576,38,4.9165,5,0.041,0.198304,0.263572,SILVER+WEAK,SILVER+WEAK,,,
ZJ_U51_5K_E064_N627,5000,ZJ-YQB,L1-china2015-raster30m,2015,SILVER,16.143348,1666,1.4994,1461,1.3149,205,0.1845,0.059976,0.081452,SILVER+WEAK,SILVER+WEAK,,,
ZJ_U51_5K_E064_N627,5000,ZJ-YQB,L2-cmssm2020-polygons,2020,WEAK,16.143348,0,0.0,0,0.0,0,0.0,0.0,0.0,SILVER+WEAK,SILVER+WEAK,,,
ZJ_U51_5K_E064_N627,5000,ZJ-YQB,L3-hangzhou-mask-2015,2015,WEAK,16.143348,0,0.0,0,0.0,0,0.0,0.0,0.0,SILVER+WEAK,SILVER+WEAK,,,
ZJ_U51_5K_E064_N627,5000,ZJ-YQB,L4-cmsa-polygons-2019,2019,WEAK,16.143348,44,0.9473,29,0.855,16,0.0924,0.037892,0.052963,SILVER+WEAK,SILVER+WEAK,,,
ZJ_U51_5K_E064_N627,5000,ZJ-YQB,L5-cmsa-polygons-2020,2020,WEAK,16.143348,102,0.9226,83,0.7773,21,0.1454,0.036904,0.04815,SILVER+WEAK,SILVER+WEAK,,,
ZJ_U51_5K_E064_N627,5000,ZJ-YQB,L6-cmsa-polygons-2021,2021,WEAK,16.143348,50,1.149,38,1.0655,13,0.0836,0.04596,0.066002,SILVER+WEAK,SILVER+WEAK,,,
ZJ_U51_5K_E064_N628,5000,ZJ-YQB,L1-china2015-raster30m,2015,SILVER,3.413257,293,0.2637,271,0.2439,22,0.0198,0.010548,0.071457,SILVER+WEAK,SILVER+WEAK,,,
ZJ_U51_5K_E064_N628,5000,ZJ-YQB,L2-cmssm2020-polygons,2020,WEAK,3.413257,0,0.0,0,0.0,0,0.0,0.0,0.0,SILVER+WEAK,SILVER+WEAK,,,
ZJ_U51_5K_E064_N628,5000,ZJ-YQB,L3-hangzhou-mask-2015,2015,WEAK,3.413257,0,0.0,0,0.0,0,0.0,0.0,0.0,SILVER+WEAK,SILVER+WEAK,,,
ZJ_U51_5K_E064_N628,5000,ZJ-YQB,L4-cmsa-polygons-2019,2019,WEAK,3.413257,2,0.0161,2,0.016,0,0.0,0.000644,0.004688,SILVER+WEAK,SILVER+WEAK,,,
ZJ_U51_5K_E064_N628,5000,ZJ-YQB,L5-cmsa-polygons-2020,2020,WEAK,3.413257,0,0.0,0,0.0,0,0.0,0.0,0.0,SILVER+WEAK,SILVER+WEAK,,,
ZJ_U51_5K_E064_N628,5000,ZJ-YQB,L6-cmsa-polygons-2021,2021,WEAK,3.413257,2,0.0473,2,0.0473,0,0.0,0.001892,0.013858,SILVER+WEAK,SILVER+WEAK,,,
ZJ_U51_5K_E064_N668,5000,ZJ-HZB,L1-china2015-raster30m,2015,SILVER,3.052966,0,0.0,0,0.0,0,0.0,0.0,0.0,UNLABELED,UNLABELED,,,
ZJ_U51_5K_E064_N668,5000,ZJ-HZB,L2-cmssm2020-polygons,2020,WEAK,3.052966,0,0.0,0,0.0,0,0.0,0.0,0.0,UNLABELED,UNLABELED,,,
ZJ_U51_5K_E064_N668,5000,ZJ-HZB,L3-hangzhou-mask-2015,2015,WEAK,3.052966,0,0.0,0,0.0,0,0.0,0.0,0.0,UNLABELED,UNLABELED,,,
ZJ_U51_5K_E064_N668,5000,ZJ-HZB,L4-cmsa-polygons-2019,2019,WEAK,3.052966,0,0.0,0,0.0,0,0.0,0.0,0.0,UNLABELED,UNLABELED,,,
ZJ_U51_5K_E064_N668,5000,ZJ-HZB,L5-cmsa-polygons-2020,2020,WEAK,3.052966,0,0.0,0,0.0,0,0.0,0.0,0.0,UNLABELED,UNLABELED,,,
ZJ_U51_5K_E064_N668,5000,ZJ-HZB,L6-cmsa-polygons-2021,2021,WEAK,3.052966,0,0.0,0,0.0,0,0.0,0.0,0.0,UNLABELED,UNLABELED,,,
ZJ_U51_5K_E064_N669,5000,ZJ-HZB,L1-china2015-raster30m,2015,SILVER,24.417586,0,0.0,0,0.0,0,0.0,0.0,0.0,UNLABELED,UNLABELED,,,
ZJ_U51_5K_E064_N669,5000,ZJ-HZB,L2-cmssm2020-polygons,2020,WEAK,24.417586,0,0.0,0,0.0,0,0.0,0.0,0.0,UNLABELED,UNLABELED,,,
ZJ_U51_5K_E064_N669,5000,ZJ-HZB,L3-hangzhou-mask-2015,2015,WEAK,24.417586,0,0.0,0,0.0,0,0.0,0.0,0.0,UNLABELED,UNLABELED,,,
ZJ_U51_5K_E064_N669,5000,ZJ-HZB,L4-cmsa-polygons-2019,2019,WEAK,24.417586,0,0.0,0,0.0,0,0.0,0.0,0.0,UNLABELED,UNLABELED,,,
ZJ_U51_5K_E064_N669,5000,ZJ-HZB,L5-cmsa-polygons-2020,2020,WEAK,24.417586,0,0.0,0,0.0,0,0.0,0.0,0.0,UNLABELED,UNLABELED,,,
ZJ_U51_5K_E064_N669,5000,ZJ-HZB,L6-cmsa-polygons-2021,2021,WEAK,24.417586,0,0.0,0,0.0,0,0.0,0.0,0.0,UNLABELED,UNLABELED,,,
ZJ_U51_5K_E064_N670,5000,ZJ-HZB,L1-china2015-raster30m,2015,SILVER,25.0,0,0.0,0,0.0,0,0.0,0.0,0.0,UNLABELED,UNLABELED,,,
ZJ_U51_5K_E064_N670,5000,ZJ-HZB,L2-cmssm2020-polygons,2020,WEAK,25.0,0,0.0,0,0.0,0,0.0,0.0,0.0,UNLABELED,UNLABELED,,,
ZJ_U51_5K_E064_N670,5000,ZJ-HZB,L3-hangzhou-mask-2015,2015,WEAK,25.0,0,0.0,0,0.0,0,0.0,0.0,0.0,UNLABELED,UNLABELED,,,
ZJ_U51_5K_E064_N670,5000,ZJ-HZB,L4-cmsa-polygons-2019,2019,WEAK,25.0,0,0.0,0,0.0,0,0.0,0.0,0.0,UNLABELED,UNLABELED,,,
ZJ_U51_5K_E064_N670,5000,ZJ-HZB,L5-cmsa-polygons-2020,2020,WEAK,25.0,0,0.0,0,0.0,0,0.0,0.0,0.0,UNLABELED,UNLABELED,,,
ZJ_U51_5K_E064_N670,5000,ZJ-HZB,L6-cmsa-polygons-2021,2021,WEAK,25.0,0,0.0,0,0.0,0,0.0,0.0,0.0,UNLABELED,UNLABELED,,,
ZJ_U51_5K_E064_N671,5000,ZJ-HZB,L1-china2015-raster30m,2015,SILVER,25.0,0,0.0,0,0.0,0,0.0,0.0,0.0,WEAK,WEAK,,,
ZJ_U51_5K_E064_N671,5000,ZJ-HZB,L2-cmssm2020-polygons,2020,WEAK,25.0,0,0.0,0,0.0,0,0.0,0.0,0.0,WEAK,WEAK,,,
ZJ_U51_5K_E064_N671,5000,ZJ-HZB,L3-hangzhou-mask-2015,2015,WEAK,25.0,976,0.8761,976,0.8761,0,0.0,0.035044,0.035044,WEAK,WEAK,,,
ZJ_U51_5K_E064_N671,5000,ZJ-HZB,L4-cmsa-polygons-2019,2019,WEAK,25.0,0,0.0,0,0.0,0,0.0,0.0,0.0,WEAK,WEAK,,,
ZJ_U51_5K_E064_N671,5000,ZJ-HZB,L5-cmsa-polygons-2020,2020,WEAK,25.0,0,0.0,0,0.0,0,0.0,0.0,0.0,WEAK,WEAK,,,
ZJ_U51_5K_E064_N671,5000,ZJ-HZB,L6-cmsa-polygons-2021,2021,WEAK,25.0,0,0.0,0,0.0,0,0.0,0.0,0.0,WEAK,WEAK,,,
ZJ_U51_5K_E064_N672,5000,ZJ-HZB,L1-china2015-raster30m,2015,SILVER,25.0,42,0.0378,42,0.0378,0,0.0,0.001512,0.001512,SILVER+WEAK,SILVER+WEAK,,,
ZJ_U51_5K_E064_N672,5000,ZJ-HZB,L2-cmssm2020-polygons,2020,WEAK,25.0,0,0.0,0,0.0,0,0.0,0.0,0.0,SILVER+WEAK,SILVER+WEAK,,,
ZJ_U51_5K_E064_N672,5000,ZJ-HZB,L3-hangzhou-mask-2015,2015,WEAK,25.0,14,0.0126,14,0.0126,0,0.0,0.000504,0.000504,SILVER+WEAK,SILVER+WEAK,,,
ZJ_U51_5K_E064_N672,5000,ZJ-HZB,L4-cmsa-polygons-2019,2019,WEAK,25.0,0,0.0,0,0.0,0,0.0,0.0,0.0,SILVER+WEAK,SILVER+WEAK,,,
ZJ_U51_5K_E064_N672,5000,ZJ-HZB,L5-cmsa-polygons-2020,2020,WEAK,25.0,0,0.0,0,0.0,0,0.0,0.0,0.0,SILVER+WEAK,SILVER+WEAK,,,
ZJ_U51_5K_E064_N672,5000,ZJ-HZB,L6-cmsa-polygons-2021,2021,WEAK,25.0,0,0.0,0,0.0,0,0.0,0.0,0.0,SILVER+WEAK,SILVER+WEAK,,,
ZJ_U51_5K_E064_N673,5000,ZJ-HZB,L1-china2015-raster30m,2015,SILVER,25.0,0,0.0,0,0.0,0,0.0,0.0,0.0,UNLABELED,UNLABELED,,,
ZJ_U51_5K_E064_N673,5000,ZJ-HZB,L2-cmssm2020-polygons,2020,WEAK,25.0,0,0.0,0,0.0,0,0.0,0.0,0.0,UNLABELED,UNLABELED,,,
ZJ_U51_5K_E064_N673,5000,ZJ-HZB,L3-hangzhou-mask-2015,2015,WEAK,25.0,0,0.0,0,0.0,0,0.0,0.0,0.0,UNLABELED,UNLABELED,,,
ZJ_U51_5K_E064_N673,5000,ZJ-HZB,L4-cmsa-polygons-2019,2019,WEAK,25.0,0,0.0,0,0.0,0,0.0,0.0,0.0,UNLABELED,UNLABELED,,,
ZJ_U51_5K_E064_N673,5000,ZJ-HZB,L5-cmsa-polygons-2020,2020,WEAK,25.0,0,0.0,0,0.0,0,0.0,0.0,0.0,UNLABELED,UNLABELED,,,
ZJ_U51_5K_E064_N673,5000,ZJ-HZB,L6-cmsa-polygons-2021,2021,WEAK,25.0,0,0.0,0,0.0,0,0.0,0.0,0.0,UNLABELED,UNLABELED,,,
ZJ_U51_5K_E064_N674,5000,ZJ-HZB,L1-china2015-raster30m,2015,SILVER,25.0,0,0.0,0,0.0,0,0.0,0.0,0.0,UNLABELED,UNLABELED,,,
ZJ_U51_5K_E064_N674,5000,ZJ-HZB,L2-cmssm2020-polygons,2020,WEAK,25.0,0,0.0,0,0.0,0,0.0,0.0,0.0,UNLABELED,UNLABELED,,,
ZJ_U51_5K_E064_N674,5000,ZJ-HZB,L3-hangzhou-mask-2015,2015,WEAK,25.0,0,0.0,0,0.0,0,0.0,0.0,0.0,UNLABELED,UNLABELED,,,
ZJ_U51_5K_E064_N674,5000,ZJ-HZB,L4-cmsa-polygons-2019,2019,WEAK,25.0,0,0.0,0,0.0,0,0.0,0.0,0.0,UNLABELED,UNLABELED,,,
ZJ_U51_5K_E064_N674,5000,ZJ-HZB,L5-cmsa-polygons-2020,2020,WEAK,25.0,0,0.0,0,0.0,0,0.0,0.0,0.0,UNLABELED,UNLABELED,,,
ZJ_U51_5K_E064_N674,5000,ZJ-HZB,L6-cmsa-polygons-2021,2021,WEAK,25.0,0,0.0,0,0.0,0,0.0,0.0,0.0,UNLABELED,UNLABELED,,,
ZJ_U51_5K_E064_N675,5000,ZJ-HZB,L1-china2015-raster30m,2015,SILVER,8.857016,0,0.0,0,0.0,0,0.0,0.0,0.0,UNLABELED,UNLABELED,,,
ZJ_U51_5K_E064_N675,5000,ZJ-HZB,L2-cmssm2020-polygons,2020,WEAK,8.857016,0,0.0,0,0.0,0,0.0,0.0,0.0,UNLABELED,UNLABELED,,,
ZJ_U51_5K_E064_N675,5000,ZJ-HZB,L3-hangzhou-mask-2015,2015,WEAK,8.857016,0,0.0,0,0.0,0,0.0,0.0,0.0,UNLABELED,UNLABELED,,,
ZJ_U51_5K_E064_N675,5000,ZJ-HZB,L4-cmsa-polygons-2019,2019,WEAK,8.857016,0,0.0,0,0.0,0,0.0,0.0,0.0,UNLABELED,UNLABELED,,,
ZJ_U51_5K_E064_N675,5000,ZJ-HZB,L5-cmsa-polygons-2020,2020,WEAK,8.857016,0,0.0,0,0.0,0,0.0,0.0,0.0,UNLABELED,UNLABELED,,,
ZJ_U51_5K_E064_N675,5000,ZJ-HZB,L6-cmsa-polygons-2021,2021,WEAK,8.857016,0,0.0,0,0.0,0,0.0,0.0,0.0,UNLABELED,UNLABELED,,,
ZJ_U51_5K_E065_N668,5000,ZJ-HZB,L1-china2015-raster30m,2015,SILVER,15.075111,0,0.0,0,0.0,0,0.0,0.0,0.0,UNLABELED,UNLABELED,,,
ZJ_U51_5K_E065_N668,5000,ZJ-HZB,L2-cmssm2020-polygons,2020,WEAK,15.075111,0,0.0,0,0.0,0,0.0,0.0,0.0,UNLABELED,UNLABELED,,,
ZJ_U51_5K_E065_N668,5000,ZJ-HZB,L3-hangzhou-mask-2015,2015,WEAK,15.075111,0,0.0,0,0.0,0,0.0,0.0,0.0,UNLABELED,UNLABELED,,,
ZJ_U51_5K_E065_N668,5000,ZJ-HZB,L4-cmsa-polygons-2019,2019,WEAK,15.075111,0,0.0,0,0.0,0,0.0,0.0,0.0,UNLABELED,UNLABELED,,,
ZJ_U51_5K_E065_N668,5000,ZJ-HZB,L5-cmsa-polygons-2020,2020,WEAK,15.075111,0,0.0,0,0.0,0,0.0,0.0,0.0,UNLABELED,UNLABELED,,,
ZJ_U51_5K_E065_N668,5000,ZJ-HZB,L6-cmsa-polygons-2021,2021,WEAK,15.075111,0,0.0,0,0.0,0,0.0,0.0,0.0,UNLABELED,UNLABELED,,,
ZJ_U51_5K_E065_N669,5000,ZJ-HZB,L1-china2015-raster30m,2015,SILVER,25.0,0,0.0,0,0.0,0,0.0,0.0,0.0,UNLABELED,UNLABELED,,,
ZJ_U51_5K_E065_N669,5000,ZJ-HZB,L2-cmssm2020-polygons,2020,WEAK,25.0,0,0.0,0,0.0,0,0.0,0.0,0.0,UNLABELED,UNLABELED,,,
ZJ_U51_5K_E065_N669,5000,ZJ-HZB,L3-hangzhou-mask-2015,2015,WEAK,25.0,0,0.0,0,0.0,0,0.0,0.0,0.0,UNLABELED,UNLABELED,,,
ZJ_U51_5K_E065_N669,5000,ZJ-HZB,L4-cmsa-polygons-2019,2019,WEAK,25.0,0,0.0,0,0.0,0,0.0,0.0,0.0,UNLABELED,UNLABELED,,,
ZJ_U51_5K_E065_N669,5000,ZJ-HZB,L5-cmsa-polygons-2020,2020,WEAK,25.0,0,0.0,0,0.0,0,0.0,0.0,0.0,UNLABELED,UNLABELED,,,
ZJ_U51_5K_E065_N669,5000,ZJ-HZB,L6-cmsa-polygons-2021,2021,WEAK,25.0,0,0.0,0,0.0,0,0.0,0.0,0.0,UNLABELED,UNLABELED,,,
ZJ_U51_5K_E065_N670,5000,ZJ-HZB,L1-china2015-raster30m,2015,SILVER,25.0,0,0.0,0,0.0,0,0.0,0.0,0.0,UNLABELED,UNLABELED,,,
ZJ_U51_5K_E065_N670,5000,ZJ-HZB,L2-cmssm2020-polygons,2020,WEAK,25.0,0,0.0,0,0.0,0,0.0,0.0,0.0,UNLABELED,UNLABELED,,,
ZJ_U51_5K_E065_N670,5000,ZJ-HZB,L3-hangzhou-mask-2015,2015,WEAK,25.0,0,0.0,0,0.0,0,0.0,0.0,0.0,UNLABELED,UNLABELED,,,
ZJ_U51_5K_E065_N670,5000,ZJ-HZB,L4-cmsa-polygons-2019,2019,WEAK,25.0,0,0.0,0,0.0,0,0.0,0.0,0.0,UNLABELED,UNLABELED,,,
ZJ_U51_5K_E065_N670,5000,ZJ-HZB,L5-cmsa-polygons-2020,2020,WEAK,25.0,0,0.0,0,0.0,0,0.0,0.0,0.0,UNLABELED,UNLABELED,,,
ZJ_U51_5K_E065_N670,5000,ZJ-HZB,L6-cmsa-polygons-2021,2021,WEAK,25.0,0,0.0,0,0.0,0,0.0,0.0,0.0,UNLABELED,UNLABELED,,,
ZJ_U51_5K_E065_N671,5000,ZJ-HZB,L1-china2015-raster30m,2015,SILVER,25.0,0,0.0,0,0.0,0,0.0,0.0,0.0,UNLABELED,UNLABELED,,,
ZJ_U51_5K_E065_N671,5000,ZJ-HZB,L2-cmssm2020-polygons,2020,WEAK,25.0,0,0.0,0,0.0,0,0.0,0.0,0.0,UNLABELED,UNLABELED,,,
ZJ_U51_5K_E065_N671,5000,ZJ-HZB,L3-hangzhou-mask-2015,2015,WEAK,25.0,0,0.0,0,0.0,0,0.0,0.0,0.0,UNLABELED,UNLABELED,,,
ZJ_U51_5K_E065_N671,5000,ZJ-HZB,L4-cmsa-polygons-2019,2019,WEAK,25.0,0,0.0,0,0.0,0,0.0,0.0,0.0,UNLABELED,UNLABELED,,,
ZJ_U51_5K_E065_N671,5000,ZJ-HZB,L5-cmsa-polygons-2020,2020,WEAK,25.0,0,0.0,0,0.0,0,0.0,0.0,0.0,UNLABELED,UNLABELED,,,
ZJ_U51_5K_E065_N671,5000,ZJ-HZB,L6-cmsa-polygons-2021,2021,WEAK,25.0,0,0.0,0,0.0,0,0.0,0.0,0.0,UNLABELED,UNLABELED,,,
ZJ_U51_5K_E065_N672,5000,ZJ-HZB,L1-china2015-raster30m,2015,SILVER,25.0,1463,1.3167,1463,1.3167,0,0.0,0.052668,0.052668,SILVER+WEAK,SILVER+WEAK,,,
ZJ_U51_5K_E065_N672,5000,ZJ-HZB,L2-cmssm2020-polygons,2020,WEAK,25.0,0,0.0,0,0.0,0,0.0,0.0,0.0,SILVER+WEAK,SILVER+WEAK,,,
ZJ_U51_5K_E065_N672,5000,ZJ-HZB,L3-hangzhou-mask-2015,2015,WEAK,25.0,987,0.886,987,0.886,0,0.0,0.03544,0.03544,SILVER+WEAK,SILVER+WEAK,,,
ZJ_U51_5K_E065_N672,5000,ZJ-HZB,L4-cmsa-polygons-2019,2019,WEAK,25.0,0,0.0,0,0.0,0,0.0,0.0,0.0,SILVER+WEAK,SILVER+WEAK,,,
ZJ_U51_5K_E065_N672,5000,ZJ-HZB,L5-cmsa-polygons-2020,2020,WEAK,25.0,0,0.0,0,0.0,0,0.0,0.0,0.0,SILVER+WEAK,SILVER+WEAK,,,
ZJ_U51_5K_E065_N672,5000,ZJ-HZB,L6-cmsa-polygons-2021,2021,WEAK,25.0,0,0.0,0,0.0,0,0.0,0.0,0.0,SILVER+WEAK,SILVER+WEAK,,,
ZJ_U51_5K_E065_N673,5000,ZJ-HZB,L1-china2015-raster30m,2015,SILVER,25.0,0,0.0,0,0.0,0,0.0,0.0,0.0,UNLABELED,UNLABELED,,,
ZJ_U51_5K_E065_N673,5000,ZJ-HZB,L2-cmssm2020-polygons,2020,WEAK,25.0,0,0.0,0,0.0,0,0.0,0.0,0.0,UNLABELED,UNLABELED,,,
ZJ_U51_5K_E065_N673,5000,ZJ-HZB,L3-hangzhou-mask-2015,2015,WEAK,25.0,0,0.0,0,0.0,0,0.0,0.0,0.0,UNLABELED,UNLABELED,,,
ZJ_U51_5K_E065_N673,5000,ZJ-HZB,L4-cmsa-polygons-2019,2019,WEAK,25.0,0,0.0,0,0.0,0,0.0,0.0,0.0,UNLABELED,UNLABELED,,,
ZJ_U51_5K_E065_N673,5000,ZJ-HZB,L5-cmsa-polygons-2020,2020,WEAK,25.0,0,0.0,0,0.0,0,0.0,0.0,0.0,UNLABELED,UNLABELED,,,
ZJ_U51_5K_E065_N673,5000,ZJ-HZB,L6-cmsa-polygons-2021,2021,WEAK,25.0,0,0.0,0,0.0,0,0.0,0.0,0.0,UNLABELED,UNLABELED,,,
ZJ_U51_5K_E065_N674,5000,ZJ-HZB,L1-china2015-raster30m,2015,SILVER,25.0,0,0.0,0,0.0,0,0.0,0.0,0.0,UNLABELED,UNLABELED,,,
ZJ_U51_5K_E065_N674,5000,ZJ-HZB,L2-cmssm2020-polygons,2020,WEAK,25.0,0,0.0,0,0.0,0,0.0,0.0,0.0,UNLABELED,UNLABELED,,,
ZJ_U51_5K_E065_N674,5000,ZJ-HZB,L3-hangzhou-mask-2015,2015,WEAK,25.0,0,0.0,0,0.0,0,0.0,0.0,0.0,UNLABELED,UNLABELED,,,
ZJ_U51_5K_E065_N674,5000,ZJ-HZB,L4-cmsa-polygons-2019,2019,WEAK,25.0,0,0.0,0,0.0,0,0.0,0.0,0.0,UNLABELED,UNLABELED,,,
ZJ_U51_5K_E065_N674,5000,ZJ-HZB,L5-cmsa-polygons-2020,2020,WEAK,25.0,0,0.0,0,0.0,0,0.0,0.0,0.0,UNLABELED,UNLABELED,,,
ZJ_U51_5K_E065_N674,5000,ZJ-HZB,L6-cmsa-polygons-2021,2021,WEAK,25.0,0,0.0,0,0.0,0,0.0,0.0,0.0,UNLABELED,UNLABELED,,,
ZJ_U51_5K_E065_N675,5000,ZJ-HZB,L1-china2015-raster30m,2015,SILVER,22.399801,0,0.0,0,0.0,0,0.0,0.0,0.0,UNLABELED,UNLABELED,,,
ZJ_U51_5K_E065_N675,5000,ZJ-HZB,L2-cmssm2020-polygons,2020,WEAK,22.399801,0,0.0,0,0.0,0,0.0,0.0,0.0,UNLABELED,UNLABELED,,,
ZJ_U51_5K_E065_N675,5000,ZJ-HZB,L3-hangzhou-mask-2015,2015,WEAK,22.399801,0,0.0,0,0.0,0,0.0,0.0,0.0,UNLABELED,UNLABELED,,,
ZJ_U51_5K_E065_N675,5000,ZJ-HZB,L4-cmsa-polygons-2019,2019,WEAK,22.399801,0,0.0,0,0.0,0,0.0,0.0,0.0,UNLABELED,UNLABELED,,,
ZJ_U51_5K_E065_N675,5000,ZJ-HZB,L5-cmsa-polygons-2020,2020,WEAK,22.399801,0,0.0,0,0.0,0,0.0,0.0,0.0,UNLABELED,UNLABELED,,,
ZJ_U51_5K_E065_N675,5000,ZJ-HZB,L6-cmsa-polygons-2021,2021,WEAK,22.399801,0,0.0,0,0.0,0,0.0,0.0,0.0,UNLABELED,UNLABELED,,,
ZJ_U51_5K_E065_N676,5000,ZJ-HZB,L1-china2015-raster30m,2015,SILVER,1.219508,0,0.0,0,0.0,0,0.0,0.0,0.0,UNLABELED,UNLABELED,,,
ZJ_U51_5K_E065_N676,5000,ZJ-HZB,L2-cmssm2020-polygons,2020,WEAK,1.219508,0,0.0,0,0.0,0,0.0,0.0,0.0,UNLABELED,UNLABELED,,,
ZJ_U51_5K_E065_N676,5000,ZJ-HZB,L3-hangzhou-mask-2015,2015,WEAK,1.219508,0,0.0,0,0.0,0,0.0,0.0,0.0,UNLABELED,UNLABELED,,,
ZJ_U51_5K_E065_N676,5000,ZJ-HZB,L4-cmsa-polygons-2019,2019,WEAK,1.219508,0,0.0,0,0.0,0,0.0,0.0,0.0,UNLABELED,UNLABELED,,,
ZJ_U51_5K_E065_N676,5000,ZJ-HZB,L5-cmsa-polygons-2020,2020,WEAK,1.219508,0,0.0,0,0.0,0,0.0,0.0,0.0,UNLABELED,UNLABELED,,,
ZJ_U51_5K_E065_N676,5000,ZJ-HZB,L6-cmsa-polygons-2021,2021,WEAK,1.219508,0,0.0,0,0.0,0,0.0,0.0,0.0,UNLABELED,UNLABELED,,,
ZJ_U51_5K_E066_N667,5000,ZJ-HZB,L1-china2015-raster30m,2015,SILVER,3.200247,0,0.0,0,0.0,0,0.0,0.0,0.0,UNLABELED,UNLABELED,,,
ZJ_U51_5K_E066_N667,5000,ZJ-HZB,L2-cmssm2020-polygons,2020,WEAK,3.200247,0,0.0,0,0.0,0,0.0,0.0,0.0,UNLABELED,UNLABELED,,,
ZJ_U51_5K_E066_N667,5000,ZJ-HZB,L3-hangzhou-mask-2015,2015,WEAK,3.200247,0,0.0,0,0.0,0,0.0,0.0,0.0,UNLABELED,UNLABELED,,,
ZJ_U51_5K_E066_N667,5000,ZJ-HZB,L4-cmsa-polygons-2019,2019,WEAK,3.200247,0,0.0,0,0.0,0,0.0,0.0,0.0,UNLABELED,UNLABELED,,,
ZJ_U51_5K_E066_N667,5000,ZJ-HZB,L5-cmsa-polygons-2020,2020,WEAK,3.200247,0,0.0,0,0.0,0,0.0,0.0,0.0,UNLABELED,UNLABELED,,,
ZJ_U51_5K_E066_N667,5000,ZJ-HZB,L6-cmsa-polygons-2021,2021,WEAK,3.200247,0,0.0,0,0.0,0,0.0,0.0,0.0,UNLABELED,UNLABELED,,,
ZJ_U51_5K_E066_N668,5000,ZJ-HZB,L1-china2015-raster30m,2015,SILVER,24.479422,0,0.0,0,0.0,0,0.0,0.0,0.0,UNLABELED,UNLABELED,,,
ZJ_U51_5K_E066_N668,5000,ZJ-HZB,L2-cmssm2020-polygons,2020,WEAK,24.479422,0,0.0,0,0.0,0,0.0,0.0,0.0,UNLABELED,UNLABELED,,,
ZJ_U51_5K_E066_N668,5000,ZJ-HZB,L3-hangzhou-mask-2015,2015,WEAK,24.479422,0,0.0,0,0.0,0,0.0,0.0,0.0,UNLABELED,UNLABELED,,,
ZJ_U51_5K_E066_N668,5000,ZJ-HZB,L4-cmsa-polygons-2019,2019,WEAK,24.479422,0,0.0,0,0.0,0,0.0,0.0,0.0,UNLABELED,UNLABELED,,,
ZJ_U51_5K_E066_N668,5000,ZJ-HZB,L5-cmsa-polygons-2020,2020,WEAK,24.479422,0,0.0,0,0.0,0,0.0,0.0,0.0,UNLABELED,UNLABELED,,,
ZJ_U51_5K_E066_N668,5000,ZJ-HZB,L6-cmsa-polygons-2021,2021,WEAK,24.479422,0,0.0,0,0.0,0,0.0,0.0,0.0,UNLABELED,UNLABELED,,,
ZJ_U51_5K_E066_N669,5000,ZJ-HZB,L1-china2015-raster30m,2015,SILVER,25.0,0,0.0,0,0.0,0,0.0,0.0,0.0,UNLABELED,UNLABELED,,,
ZJ_U51_5K_E066_N669,5000,ZJ-HZB,L2-cmssm2020-polygons,2020,WEAK,25.0,0,0.0,0,0.0,0,0.0,0.0,0.0,UNLABELED,UNLABELED,,,
ZJ_U51_5K_E066_N669,5000,ZJ-HZB,L3-hangzhou-mask-2015,2015,WEAK,25.0,0,0.0,0,0.0,0,0.0,0.0,0.0,UNLABELED,UNLABELED,,,
ZJ_U51_5K_E066_N669,5000,ZJ-HZB,L4-cmsa-polygons-2019,2019,WEAK,25.0,0,0.0,0,0.0,0,0.0,0.0,0.0,UNLABELED,UNLABELED,,,
ZJ_U51_5K_E066_N669,5000,ZJ-HZB,L5-cmsa-polygons-2020,2020,WEAK,25.0,0,0.0,0,0.0,0,0.0,0.0,0.0,UNLABELED,UNLABELED,,,
ZJ_U51_5K_E066_N669,5000,ZJ-HZB,L6-cmsa-polygons-2021,2021,WEAK,25.0,0,0.0,0,0.0,0,0.0,0.0,0.0,UNLABELED,UNLABELED,,,
ZJ_U51_5K_E066_N670,5000,ZJ-HZB,L1-china2015-raster30m,2015,SILVER,25.0,0,0.0,0,0.0,0,0.0,0.0,0.0,UNLABELED,UNLABELED,,,
ZJ_U51_5K_E066_N670,5000,ZJ-HZB,L2-cmssm2020-polygons,2020,WEAK,25.0,0,0.0,0,0.0,0,0.0,0.0,0.0,UNLABELED,UNLABELED,,,
ZJ_U51_5K_E066_N670,5000,ZJ-HZB,L3-hangzhou-mask-2015,2015,WEAK,25.0,0,0.0,0,0.0,0,0.0,0.0,0.0,UNLABELED,UNLABELED,,,
ZJ_U51_5K_E066_N670,5000,ZJ-HZB,L4-cmsa-polygons-2019,2019,WEAK,25.0,0,0.0,0,0.0,0,0.0,0.0,0.0,UNLABELED,UNLABELED,,,
ZJ_U51_5K_E066_N670,5000,ZJ-HZB,L5-cmsa-polygons-2020,2020,WEAK,25.0,0,0.0,0,0.0,0,0.0,0.0,0.0,UNLABELED,UNLABELED,,,
ZJ_U51_5K_E066_N670,5000,ZJ-HZB,L6-cmsa-polygons-2021,2021,WEAK,25.0,0,0.0,0,0.0,0,0.0,0.0,0.0,UNLABELED,UNLABELED,,,
ZJ_U51_5K_E066_N671,5000,ZJ-HZB,L1-china2015-raster30m,2015,SILVER,25.0,0,0.0,0,0.0,0,0.0,0.0,0.0,UNLABELED,UNLABELED,,,
ZJ_U51_5K_E066_N671,5000,ZJ-HZB,L2-cmssm2020-polygons,2020,WEAK,25.0,0,0.0,0,0.0,0,0.0,0.0,0.0,UNLABELED,UNLABELED,,,
ZJ_U51_5K_E066_N671,5000,ZJ-HZB,L3-hangzhou-mask-2015,2015,WEAK,25.0,0,0.0,0,0.0,0,0.0,0.0,0.0,UNLABELED,UNLABELED,,,
ZJ_U51_5K_E066_N671,5000,ZJ-HZB,L4-cmsa-polygons-2019,2019,WEAK,25.0,0,0.0,0,0.0,0,0.0,0.0,0.0,UNLABELED,UNLABELED,,,
ZJ_U51_5K_E066_N671,5000,ZJ-HZB,L5-cmsa-polygons-2020,2020,WEAK,25.0,0,0.0,0,0.0,0,0.0,0.0,0.0,UNLABELED,UNLABELED,,,
ZJ_U51_5K_E066_N671,5000,ZJ-HZB,L6-cmsa-polygons-2021,2021,WEAK,25.0,0,0.0,0,0.0,0,0.0,0.0,0.0,UNLABELED,UNLABELED,,,
ZJ_U51_5K_E066_N672,5000,ZJ-HZB,L1-china2015-raster30m,2015,SILVER,25.0,4090,3.681,4090,3.681,0,0.0,0.14724,0.14724,SILVER+WEAK,SILVER+WEAK,,,
ZJ_U51_5K_E066_N672,5000,ZJ-HZB,L2-cmssm2020-polygons,2020,WEAK,25.0,0,0.0,0,0.0,0,0.0,0.0,0.0,SILVER+WEAK,SILVER+WEAK,,,
ZJ_U51_5K_E066_N672,5000,ZJ-HZB,L3-hangzhou-mask-2015,2015,WEAK,25.0,3153,2.8304,3153,2.8304,0,0.0,0.113216,0.113216,SILVER+WEAK,SILVER+WEAK,,,
ZJ_U51_5K_E066_N672,5000,ZJ-HZB,L4-cmsa-polygons-2019,2019,WEAK,25.0,0,0.0,0,0.0,0,0.0,0.0,0.0,SILVER+WEAK,SILVER+WEAK,,,
ZJ_U51_5K_E066_N672,5000,ZJ-HZB,L5-cmsa-polygons-2020,2020,WEAK,25.0,0,0.0,0,0.0,0,0.0,0.0,0.0,SILVER+WEAK,SILVER+WEAK,,,
ZJ_U51_5K_E066_N672,5000,ZJ-HZB,L6-cmsa-polygons-2021,2021,WEAK,25.0,0,0.0,0,0.0,0,0.0,0.0,0.0,SILVER+WEAK,SILVER+WEAK,,,
ZJ_U51_5K_E066_N673,5000,ZJ-HZB,L1-china2015-raster30m,2015,SILVER,25.0,0,0.0,0,0.0,0,0.0,0.0,0.0,UNLABELED,UNLABELED,,,
ZJ_U51_5K_E066_N673,5000,ZJ-HZB,L2-cmssm2020-polygons,2020,WEAK,25.0,0,0.0,0,0.0,0,0.0,0.0,0.0,UNLABELED,UNLABELED,,,
ZJ_U51_5K_E066_N673,5000,ZJ-HZB,L3-hangzhou-mask-2015,2015,WEAK,25.0,0,0.0,0,0.0,0,0.0,0.0,0.0,UNLABELED,UNLABELED,,,
ZJ_U51_5K_E066_N673,5000,ZJ-HZB,L4-cmsa-polygons-2019,2019,WEAK,25.0,0,0.0,0,0.0,0,0.0,0.0,0.0,UNLABELED,UNLABELED,,,
ZJ_U51_5K_E066_N673,5000,ZJ-HZB,L5-cmsa-polygons-2020,2020,WEAK,25.0,0,0.0,0,0.0,0,0.0,0.0,0.0,UNLABELED,UNLABELED,,,
ZJ_U51_5K_E066_N673,5000,ZJ-HZB,L6-cmsa-polygons-2021,2021,WEAK,25.0,0,0.0,0,0.0,0,0.0,0.0,0.0,UNLABELED,UNLABELED,,,
ZJ_U51_5K_E066_N674,5000,ZJ-HZB,L1-china2015-raster30m,2015,SILVER,25.0,0,0.0,0,0.0,0,0.0,0.0,0.0,UNLABELED,UNLABELED,,,
ZJ_U51_5K_E066_N674,5000,ZJ-HZB,L2-cmssm2020-polygons,2020,WEAK,25.0,0,0.0,0,0.0,0,0.0,0.0,0.0,UNLABELED,UNLABELED,,,
ZJ_U51_5K_E066_N674,5000,ZJ-HZB,L3-hangzhou-mask-2015,2015,WEAK,25.0,0,0.0,0,0.0,0,0.0,0.0,0.0,UNLABELED,UNLABELED,,,
ZJ_U51_5K_E066_N674,5000,ZJ-HZB,L4-cmsa-polygons-2019,2019,WEAK,25.0,0,0.0,0,0.0,0,0.0,0.0,0.0,UNLABELED,UNLABELED,,,
ZJ_U51_5K_E066_N674,5000,ZJ-HZB,L5-cmsa-polygons-2020,2020,WEAK,25.0,0,0.0,0,0.0,0,0.0,0.0,0.0,UNLABELED,UNLABELED,,,
ZJ_U51_5K_E066_N674,5000,ZJ-HZB,L6-cmsa-polygons-2021,2021,WEAK,25.0,0,0.0,0,0.0,0,0.0,0.0,0.0,UNLABELED,UNLABELED,,,
ZJ_U51_5K_E066_N675,5000,ZJ-HZB,L1-china2015-raster30m,2015,SILVER,25.0,0,0.0,0,0.0,0,0.0,0.0,0.0,UNLABELED,UNLABELED,,,
ZJ_U51_5K_E066_N675,5000,ZJ-HZB,L2-cmssm2020-polygons,2020,WEAK,25.0,0,0.0,0,0.0,0,0.0,0.0,0.0,UNLABELED,UNLABELED,,,
ZJ_U51_5K_E066_N675,5000,ZJ-HZB,L3-hangzhou-mask-2015,2015,WEAK,25.0,0,0.0,0,0.0,0,0.0,0.0,0.0,UNLABELED,UNLABELED,,,
ZJ_U51_5K_E066_N675,5000,ZJ-HZB,L4-cmsa-polygons-2019,2019,WEAK,25.0,0,0.0,0,0.0,0,0.0,0.0,0.0,UNLABELED,UNLABELED,,,
ZJ_U51_5K_E066_N675,5000,ZJ-HZB,L5-cmsa-polygons-2020,2020,WEAK,25.0,0,0.0,0,0.0,0,0.0,0.0,0.0,UNLABELED,UNLABELED,,,
ZJ_U51_5K_E066_N675,5000,ZJ-HZB,L6-cmsa-polygons-2021,2021,WEAK,25.0,0,0.0,0,0.0,0,0.0,0.0,0.0,UNLABELED,UNLABELED,,,
ZJ_U51_5K_E066_N676,5000,ZJ-HZB,L1-china2015-raster30m,2015,SILVER,13.381601,0,0.0,0,0.0,0,0.0,0.0,0.0,UNLABELED,UNLABELED,,,
ZJ_U51_5K_E066_N676,5000,ZJ-HZB,L2-cmssm2020-polygons,2020,WEAK,13.381601,0,0.0,0,0.0,0,0.0,0.0,0.0,UNLABELED,UNLABELED,,,
ZJ_U51_5K_E066_N676,5000,ZJ-HZB,L3-hangzhou-mask-2015,2015,WEAK,13.381601,0,0.0,0,0.0,0,0.0,0.0,0.0,UNLABELED,UNLABELED,,,
ZJ_U51_5K_E066_N676,5000,ZJ-HZB,L4-cmsa-polygons-2019,2019,WEAK,13.381601,0,0.0,0,0.0,0,0.0,0.0,0.0,UNLABELED,UNLABELED,,,
ZJ_U51_5K_E066_N676,5000,ZJ-HZB,L5-cmsa-polygons-2020,2020,WEAK,13.381601,0,0.0,0,0.0,0,0.0,0.0,0.0,UNLABELED,UNLABELED,,,
ZJ_U51_5K_E066_N676,5000,ZJ-HZB,L6-cmsa-polygons-2021,2021,WEAK,13.381601,0,0.0,0,0.0,0,0.0,0.0,0.0,UNLABELED,UNLABELED,,,
ZJ_U51_5K_E067_N667,5000,ZJ-HZB,L1-china2015-raster30m,2015,SILVER,15.284228,0,0.0,0,0.0,0,0.0,0.0,0.0,UNLABELED,UNLABELED,,,
ZJ_U51_5K_E067_N667,5000,ZJ-HZB,L2-cmssm2020-polygons,2020,WEAK,15.284228,0,0.0,0,0.0,0,0.0,0.0,0.0,UNLABELED,UNLABELED,,,
ZJ_U51_5K_E067_N667,5000,ZJ-HZB,L3-hangzhou-mask-2015,2015,WEAK,15.284228,0,0.0,0,0.0,0,0.0,0.0,0.0,UNLABELED,UNLABELED,,,
ZJ_U51_5K_E067_N667,5000,ZJ-HZB,L4-cmsa-polygons-2019,2019,WEAK,15.284228,0,0.0,0,0.0,0,0.0,0.0,0.0,UNLABELED,UNLABELED,,,
ZJ_U51_5K_E067_N667,5000,ZJ-HZB,L5-cmsa-polygons-2020,2020,WEAK,15.284228,0,0.0,0,0.0,0,0.0,0.0,0.0,UNLABELED,UNLABELED,,,
ZJ_U51_5K_E067_N667,5000,ZJ-HZB,L6-cmsa-polygons-2021,2021,WEAK,15.284228,0,0.0,0,0.0,0,0.0,0.0,0.0,UNLABELED,UNLABELED,,,
ZJ_U51_5K_E067_N668,5000,ZJ-HZB,L1-china2015-raster30m,2015,SILVER,25.0,0,0.0,0,0.0,0,0.0,0.0,0.0,UNLABELED,UNLABELED,,,
ZJ_U51_5K_E067_N668,5000,ZJ-HZB,L2-cmssm2020-polygons,2020,WEAK,25.0,0,0.0,0,0.0,0,0.0,0.0,0.0,UNLABELED,UNLABELED,,,
ZJ_U51_5K_E067_N668,5000,ZJ-HZB,L3-hangzhou-mask-2015,2015,WEAK,25.0,0,0.0,0,0.0,0,0.0,0.0,0.0,UNLABELED,UNLABELED,,,
ZJ_U51_5K_E067_N668,5000,ZJ-HZB,L4-cmsa-polygons-2019,2019,WEAK,25.0,0,0.0,0,0.0,0,0.0,0.0,0.0,UNLABELED,UNLABELED,,,
ZJ_U51_5K_E067_N668,5000,ZJ-HZB,L5-cmsa-polygons-2020,2020,WEAK,25.0,0,0.0,0,0.0,0,0.0,0.0,0.0,UNLABELED,UNLABELED,,,
ZJ_U51_5K_E067_N668,5000,ZJ-HZB,L6-cmsa-polygons-2021,2021,WEAK,25.0,0,0.0,0,0.0,0,0.0,0.0,0.0,UNLABELED,UNLABELED,,,
ZJ_U51_5K_E067_N669,5000,ZJ-HZB,L1-china2015-raster30m,2015,SILVER,25.0,0,0.0,0,0.0,0,0.0,0.0,0.0,UNLABELED,UNLABELED,,,
ZJ_U51_5K_E067_N669,5000,ZJ-HZB,L2-cmssm2020-polygons,2020,WEAK,25.0,0,0.0,0,0.0,0,0.0,0.0,0.0,UNLABELED,UNLABELED,,,
ZJ_U51_5K_E067_N669,5000,ZJ-HZB,L3-hangzhou-mask-2015,2015,WEAK,25.0,0,0.0,0,0.0,0,0.0,0.0,0.0,UNLABELED,UNLABELED,,,
ZJ_U51_5K_E067_N669,5000,ZJ-HZB,L4-cmsa-polygons-2019,2019,WEAK,25.0,0,0.0,0,0.0,0,0.0,0.0,0.0,UNLABELED,UNLABELED,,,
ZJ_U51_5K_E067_N669,5000,ZJ-HZB,L5-cmsa-polygons-2020,2020,WEAK,25.0,0,0.0,0,0.0,0,0.0,0.0,0.0,UNLABELED,UNLABELED,,,
ZJ_U51_5K_E067_N669,5000,ZJ-HZB,L6-cmsa-polygons-2021,2021,WEAK,25.0,0,0.0,0,0.0,0,0.0,0.0,0.0,UNLABELED,UNLABELED,,,
ZJ_U51_5K_E067_N670,5000,ZJ-HZB,L1-china2015-raster30m,2015,SILVER,25.0,0,0.0,0,0.0,0,0.0,0.0,0.0,UNLABELED,UNLABELED,,,
ZJ_U51_5K_E067_N670,5000,ZJ-HZB,L2-cmssm2020-polygons,2020,WEAK,25.0,0,0.0,0,0.0,0,0.0,0.0,0.0,UNLABELED,UNLABELED,,,
ZJ_U51_5K_E067_N670,5000,ZJ-HZB,L3-hangzhou-mask-2015,2015,WEAK,25.0,0,0.0,0,0.0,0,0.0,0.0,0.0,UNLABELED,UNLABELED,,,
ZJ_U51_5K_E067_N670,5000,ZJ-HZB,L4-cmsa-polygons-2019,2019,WEAK,25.0,0,0.0,0,0.0,0,0.0,0.0,0.0,UNLABELED,UNLABELED,,,
ZJ_U51_5K_E067_N670,5000,ZJ-HZB,L5-cmsa-polygons-2020,2020,WEAK,25.0,0,0.0,0,0.0,0,0.0,0.0,0.0,UNLABELED,UNLABELED,,,
ZJ_U51_5K_E067_N670,5000,ZJ-HZB,L6-cmsa-polygons-2021,2021,WEAK,25.0,0,0.0,0,0.0,0,0.0,0.0,0.0,UNLABELED,UNLABELED,,,
ZJ_U51_5K_E067_N671,5000,ZJ-HZB,L1-china2015-raster30m,2015,SILVER,25.0,0,0.0,0,0.0,0,0.0,0.0,0.0,UNLABELED,UNLABELED,,,
ZJ_U51_5K_E067_N671,5000,ZJ-HZB,L2-cmssm2020-polygons,2020,WEAK,25.0,0,0.0,0,0.0,0,0.0,0.0,0.0,UNLABELED,UNLABELED,,,
ZJ_U51_5K_E067_N671,5000,ZJ-HZB,L3-hangzhou-mask-2015,2015,WEAK,25.0,0,0.0,0,0.0,0,0.0,0.0,0.0,UNLABELED,UNLABELED,,,
ZJ_U51_5K_E067_N671,5000,ZJ-HZB,L4-cmsa-polygons-2019,2019,WEAK,25.0,0,0.0,0,0.0,0,0.0,0.0,0.0,UNLABELED,UNLABELED,,,
ZJ_U51_5K_E067_N671,5000,ZJ-HZB,L5-cmsa-polygons-2020,2020,WEAK,25.0,0,0.0,0,0.0,0,0.0,0.0,0.0,UNLABELED,UNLABELED,,,
ZJ_U51_5K_E067_N671,5000,ZJ-HZB,L6-cmsa-polygons-2021,2021,WEAK,25.0,0,0.0,0,0.0,0,0.0,0.0,0.0,UNLABELED,UNLABELED,,,
ZJ_U51_5K_E067_N672,5000,ZJ-HZB,L1-china2015-raster30m,2015,SILVER,25.0,4304,3.8736,4304,3.8736,0,0.0,0.154944,0.154944,SILVER+WEAK,SILVER+WEAK,,,
ZJ_U51_5K_E067_N672,5000,ZJ-HZB,L2-cmssm2020-polygons,2020,WEAK,25.0,0,0.0,0,0.0,0,0.0,0.0,0.0,SILVER+WEAK,SILVER+WEAK,,,
ZJ_U51_5K_E067_N672,5000,ZJ-HZB,L3-hangzhou-mask-2015,2015,WEAK,25.0,3525,3.1644,3525,3.1644,0,0.0,0.126576,0.126576,SILVER+WEAK,SILVER+WEAK,,,
ZJ_U51_5K_E067_N672,5000,ZJ-HZB,L4-cmsa-polygons-2019,2019,WEAK,25.0,0,0.0,0,0.0,0,0.0,0.0,0.0,SILVER+WEAK,SILVER+WEAK,,,
ZJ_U51_5K_E067_N672,5000,ZJ-HZB,L5-cmsa-polygons-2020,2020,WEAK,25.0,0,0.0,0,0.0,0,0.0,0.0,0.0,SILVER+WEAK,SILVER+WEAK,,,
ZJ_U51_5K_E067_N672,5000,ZJ-HZB,L6-cmsa-polygons-2021,2021,WEAK,25.0,0,0.0,0,0.0,0,0.0,0.0,0.0,SILVER+WEAK,SILVER+WEAK,,,
ZJ_U51_5K_E067_N673,5000,ZJ-HZB,L1-china2015-raster30m,2015,SILVER,25.0,0,0.0,0,0.0,0,0.0,0.0,0.0,UNLABELED,UNLABELED,,,
ZJ_U51_5K_E067_N673,5000,ZJ-HZB,L2-cmssm2020-polygons,2020,WEAK,25.0,0,0.0,0,0.0,0,0.0,0.0,0.0,UNLABELED,UNLABELED,,,
ZJ_U51_5K_E067_N673,5000,ZJ-HZB,L3-hangzhou-mask-2015,2015,WEAK,25.0,0,0.0,0,0.0,0,0.0,0.0,0.0,UNLABELED,UNLABELED,,,
ZJ_U51_5K_E067_N673,5000,ZJ-HZB,L4-cmsa-polygons-2019,2019,WEAK,25.0,0,0.0,0,0.0,0,0.0,0.0,0.0,UNLABELED,UNLABELED,,,
ZJ_U51_5K_E067_N673,5000,ZJ-HZB,L5-cmsa-polygons-2020,2020,WEAK,25.0,0,0.0,0,0.0,0,0.0,0.0,0.0,UNLABELED,UNLABELED,,,
ZJ_U51_5K_E067_N673,5000,ZJ-HZB,L6-cmsa-polygons-2021,2021,WEAK,25.0,0,0.0,0,0.0,0,0.0,0.0,0.0,UNLABELED,UNLABELED,,,
ZJ_U51_5K_E067_N674,5000,ZJ-HZB,L1-china2015-raster30m,2015,SILVER,25.0,0,0.0,0,0.0,0,0.0,0.0,0.0,UNLABELED,UNLABELED,,,
ZJ_U51_5K_E067_N674,5000,ZJ-HZB,L2-cmssm2020-polygons,2020,WEAK,25.0,0,0.0,0,0.0,0,0.0,0.0,0.0,UNLABELED,UNLABELED,,,
ZJ_U51_5K_E067_N674,5000,ZJ-HZB,L3-hangzhou-mask-2015,2015,WEAK,25.0,0,0.0,0,0.0,0,0.0,0.0,0.0,UNLABELED,UNLABELED,,,
ZJ_U51_5K_E067_N674,5000,ZJ-HZB,L4-cmsa-polygons-2019,2019,WEAK,25.0,0,0.0,0,0.0,0,0.0,0.0,0.0,UNLABELED,UNLABELED,,,
ZJ_U51_5K_E067_N674,5000,ZJ-HZB,L5-cmsa-polygons-2020,2020,WEAK,25.0,0,0.0,0,0.0,0,0.0,0.0,0.0,UNLABELED,UNLABELED,,,
ZJ_U51_5K_E067_N674,5000,ZJ-HZB,L6-cmsa-polygons-2021,2021,WEAK,25.0,0,0.0,0,0.0,0,0.0,0.0,0.0,UNLABELED,UNLABELED,,,
ZJ_U51_5K_E067_N675,5000,ZJ-HZB,L1-china2015-raster30m,2015,SILVER,25.0,0,0.0,0,0.0,0,0.0,0.0,0.0,UNLABELED,UNLABELED,,,
ZJ_U51_5K_E067_N675,5000,ZJ-HZB,L2-cmssm2020-polygons,2020,WEAK,25.0,0,0.0,0,0.0,0,0.0,0.0,0.0,UNLABELED,UNLABELED,,,
ZJ_U51_5K_E067_N675,5000,ZJ-HZB,L3-hangzhou-mask-2015,2015,WEAK,25.0,0,0.0,0,0.0,0,0.0,0.0,0.0,UNLABELED,UNLABELED,,,
ZJ_U51_5K_E067_N675,5000,ZJ-HZB,L4-cmsa-polygons-2019,2019,WEAK,25.0,0,0.0,0,0.0,0,0.0,0.0,0.0,UNLABELED,UNLABELED,,,
ZJ_U51_5K_E067_N675,5000,ZJ-HZB,L5-cmsa-polygons-2020,2020,WEAK,25.0,0,0.0,0,0.0,0,0.0,0.0,0.0,UNLABELED,UNLABELED,,,
ZJ_U51_5K_E067_N675,5000,ZJ-HZB,L6-cmsa-polygons-2021,2021,WEAK,25.0,0,0.0,0,0.0,0,0.0,0.0,0.0,UNLABELED,UNLABELED,,,
ZJ_U51_5K_E067_N676,5000,ZJ-HZB,L1-china2015-raster30m,2015,SILVER,24.391886,0,0.0,0,0.0,0,0.0,0.0,0.0,UNLABELED,UNLABELED,,,
ZJ_U51_5K_E067_N676,5000,ZJ-HZB,L2-cmssm2020-polygons,2020,WEAK,24.391886,0,0.0,0,0.0,0,0.0,0.0,0.0,UNLABELED,UNLABELED,,,
ZJ_U51_5K_E067_N676,5000,ZJ-HZB,L3-hangzhou-mask-2015,2015,WEAK,24.391886,0,0.0,0,0.0,0,0.0,0.0,0.0,UNLABELED,UNLABELED,,,
ZJ_U51_5K_E067_N676,5000,ZJ-HZB,L4-cmsa-polygons-2019,2019,WEAK,24.391886,0,0.0,0,0.0,0,0.0,0.0,0.0,UNLABELED,UNLABELED,,,
ZJ_U51_5K_E067_N676,5000,ZJ-HZB,L5-cmsa-polygons-2020,2020,WEAK,24.391886,0,0.0,0,0.0,0,0.0,0.0,0.0,UNLABELED,UNLABELED,,,
ZJ_U51_5K_E067_N676,5000,ZJ-HZB,L6-cmsa-polygons-2021,2021,WEAK,24.391886,0,0.0,0,0.0,0,0.0,0.0,0.0,UNLABELED,UNLABELED,,,
ZJ_U51_5K_E067_N677,5000,ZJ-HZB,L1-china2015-raster30m,2015,SILVER,3.752008,0,0.0,0,0.0,0,0.0,0.0,0.0,UNLABELED,UNLABELED,,,
ZJ_U51_5K_E067_N677,5000,ZJ-HZB,L2-cmssm2020-polygons,2020,WEAK,3.752008,0,0.0,0,0.0,0,0.0,0.0,0.0,UNLABELED,UNLABELED,,,
ZJ_U51_5K_E067_N677,5000,ZJ-HZB,L3-hangzhou-mask-2015,2015,WEAK,3.752008,0,0.0,0,0.0,0,0.0,0.0,0.0,UNLABELED,UNLABELED,,,
ZJ_U51_5K_E067_N677,5000,ZJ-HZB,L4-cmsa-polygons-2019,2019,WEAK,3.752008,0,0.0,0,0.0,0,0.0,0.0,0.0,UNLABELED,UNLABELED,,,
ZJ_U51_5K_E067_N677,5000,ZJ-HZB,L5-cmsa-polygons-2020,2020,WEAK,3.752008,0,0.0,0,0.0,0,0.0,0.0,0.0,UNLABELED,UNLABELED,,,
ZJ_U51_5K_E067_N677,5000,ZJ-HZB,L6-cmsa-polygons-2021,2021,WEAK,3.752008,0,0.0,0,0.0,0,0.0,0.0,0.0,UNLABELED,UNLABELED,,,
ZJ_U51_5K_E068_N640,5000,ZJ-SMB,L1-china2015-raster30m,2015,SILVER,1.831767,0,0.0,0,0.0,0,0.0,0.0,0.0,UNLABELED,UNLABELED,,,
ZJ_U51_5K_E068_N640,5000,ZJ-SMB,L2-cmssm2020-polygons,2020,WEAK,1.831767,0,0.0,0,0.0,0,0.0,0.0,0.0,UNLABELED,UNLABELED,,,
ZJ_U51_5K_E068_N640,5000,ZJ-SMB,L3-hangzhou-mask-2015,2015,WEAK,1.831767,0,0.0,0,0.0,0,0.0,0.0,0.0,UNLABELED,UNLABELED,,,
ZJ_U51_5K_E068_N640,5000,ZJ-SMB,L4-cmsa-polygons-2019,2019,WEAK,1.831767,0,0.0,0,0.0,0,0.0,0.0,0.0,UNLABELED,UNLABELED,,,
ZJ_U51_5K_E068_N640,5000,ZJ-SMB,L5-cmsa-polygons-2020,2020,WEAK,1.831767,0,0.0,0,0.0,0,0.0,0.0,0.0,UNLABELED,UNLABELED,,,
ZJ_U51_5K_E068_N640,5000,ZJ-SMB,L6-cmsa-polygons-2021,2021,WEAK,1.831767,0,0.0,0,0.0,0,0.0,0.0,0.0,UNLABELED,UNLABELED,,,
ZJ_U51_5K_E068_N641,5000,ZJ-SMB,L1-china2015-raster30m,2015,SILVER,4.355798,0,0.0,0,0.0,0,0.0,0.0,0.0,UNLABELED,UNLABELED,,,
ZJ_U51_5K_E068_N641,5000,ZJ-SMB,L2-cmssm2020-polygons,2020,WEAK,4.355798,0,0.0,0,0.0,0,0.0,0.0,0.0,UNLABELED,UNLABELED,,,
ZJ_U51_5K_E068_N641,5000,ZJ-SMB,L3-hangzhou-mask-2015,2015,WEAK,4.355798,0,0.0,0,0.0,0,0.0,0.0,0.0,UNLABELED,UNLABELED,,,
ZJ_U51_5K_E068_N641,5000,ZJ-SMB,L4-cmsa-polygons-2019,2019,WEAK,4.355798,0,0.0,0,0.0,0,0.0,0.0,0.0,UNLABELED,UNLABELED,,,
ZJ_U51_5K_E068_N641,5000,ZJ-SMB,L5-cmsa-polygons-2020,2020,WEAK,4.355798,0,0.0,0,0.0,0,0.0,0.0,0.0,UNLABELED,UNLABELED,,,
ZJ_U51_5K_E068_N641,5000,ZJ-SMB,L6-cmsa-polygons-2021,2021,WEAK,4.355798,0,0.0,0,0.0,0,0.0,0.0,0.0,UNLABELED,UNLABELED,,,
ZJ_U51_5K_E068_N642,5000,ZJ-SMB,L1-china2015-raster30m,2015,SILVER,4.015385,0,0.0,0,0.0,0,0.0,0.0,0.0,UNLABELED,UNLABELED,,,
ZJ_U51_5K_E068_N642,5000,ZJ-SMB,L2-cmssm2020-polygons,2020,WEAK,4.015385,0,0.0,0,0.0,0,0.0,0.0,0.0,UNLABELED,UNLABELED,,,
ZJ_U51_5K_E068_N642,5000,ZJ-SMB,L3-hangzhou-mask-2015,2015,WEAK,4.015385,0,0.0,0,0.0,0,0.0,0.0,0.0,UNLABELED,UNLABELED,,,
ZJ_U51_5K_E068_N642,5000,ZJ-SMB,L4-cmsa-polygons-2019,2019,WEAK,4.015385,0,0.0,0,0.0,0,0.0,0.0,0.0,UNLABELED,UNLABELED,,,
ZJ_U51_5K_E068_N642,5000,ZJ-SMB,L5-cmsa-polygons-2020,2020,WEAK,4.015385,0,0.0,0,0.0,0,0.0,0.0,0.0,UNLABELED,UNLABELED,,,
ZJ_U51_5K_E068_N642,5000,ZJ-SMB,L6-cmsa-polygons-2021,2021,WEAK,4.015385,0,0.0,0,0.0,0,0.0,0.0,0.0,UNLABELED,UNLABELED,,,
ZJ_U51_5K_E068_N643,5000,ZJ-SMB,L1-china2015-raster30m,2015,SILVER,3.674972,0,0.0,0,0.0,0,0.0,0.0,0.0,UNLABELED,UNLABELED,,,
ZJ_U51_5K_E068_N643,5000,ZJ-SMB,L2-cmssm2020-polygons,2020,WEAK,3.674972,0,0.0,0,0.0,0,0.0,0.0,0.0,UNLABELED,UNLABELED,,,
ZJ_U51_5K_E068_N643,5000,ZJ-SMB,L3-hangzhou-mask-2015,2015,WEAK,3.674972,0,0.0,0,0.0,0,0.0,0.0,0.0,UNLABELED,UNLABELED,,,
ZJ_U51_5K_E068_N643,5000,ZJ-SMB,L4-cmsa-polygons-2019,2019,WEAK,3.674972,0,0.0,0,0.0,0,0.0,0.0,0.0,UNLABELED,UNLABELED,,,
ZJ_U51_5K_E068_N643,5000,ZJ-SMB,L5-cmsa-polygons-2020,2020,WEAK,3.674972,0,0.0,0,0.0,0,0.0,0.0,0.0,UNLABELED,UNLABELED,,,
ZJ_U51_5K_E068_N643,5000,ZJ-SMB,L6-cmsa-polygons-2021,2021,WEAK,3.674972,0,0.0,0,0.0,0,0.0,0.0,0.0,UNLABELED,UNLABELED,,,
ZJ_U51_5K_E068_N644,5000,ZJ-SMB,L1-china2015-raster30m,2015,SILVER,3.334559,51,0.0459,16,0.0144,35,0.0315,0.001836,0.004318,SILVER,SILVER,,,
ZJ_U51_5K_E068_N644,5000,ZJ-SMB,L2-cmssm2020-polygons,2020,WEAK,3.334559,0,0.0,0,0.0,0,0.0,0.0,0.0,SILVER,SILVER,,,
ZJ_U51_5K_E068_N644,5000,ZJ-SMB,L3-hangzhou-mask-2015,2015,WEAK,3.334559,0,0.0,0,0.0,0,0.0,0.0,0.0,SILVER,SILVER,,,
ZJ_U51_5K_E068_N644,5000,ZJ-SMB,L4-cmsa-polygons-2019,2019,WEAK,3.334559,0,0.0,0,0.0,0,0.0,0.0,0.0,SILVER,SILVER,,,
ZJ_U51_5K_E068_N644,5000,ZJ-SMB,L5-cmsa-polygons-2020,2020,WEAK,3.334559,0,0.0,0,0.0,0,0.0,0.0,0.0,SILVER,SILVER,,,
ZJ_U51_5K_E068_N644,5000,ZJ-SMB,L6-cmsa-polygons-2021,2021,WEAK,3.334559,0,0.0,0,0.0,0,0.0,0.0,0.0,SILVER,SILVER,,,
ZJ_U51_5K_E068_N645,5000,ZJ-SMB,L1-china2015-raster30m,2015,SILVER,2.994146,0,0.0,0,0.0,0,0.0,0.0,0.0,UNLABELED,UNLABELED,,,
ZJ_U51_5K_E068_N645,5000,ZJ-SMB,L2-cmssm2020-polygons,2020,WEAK,2.994146,0,0.0,0,0.0,0,0.0,0.0,0.0,UNLABELED,UNLABELED,,,
ZJ_U51_5K_E068_N645,5000,ZJ-SMB,L3-hangzhou-mask-2015,2015,WEAK,2.994146,0,0.0,0,0.0,0,0.0,0.0,0.0,UNLABELED,UNLABELED,,,
ZJ_U51_5K_E068_N645,5000,ZJ-SMB,L4-cmsa-polygons-2019,2019,WEAK,2.994146,0,0.0,0,0.0,0,0.0,0.0,0.0,UNLABELED,UNLABELED,,,
ZJ_U51_5K_E068_N645,5000,ZJ-SMB,L5-cmsa-polygons-2020,2020,WEAK,2.994146,0,0.0,0,0.0,0,0.0,0.0,0.0,UNLABELED,UNLABELED,,,
ZJ_U51_5K_E068_N645,5000,ZJ-SMB,L6-cmsa-polygons-2021,2021,WEAK,2.994146,0,0.0,0,0.0,0,0.0,0.0,0.0,UNLABELED,UNLABELED,,,
ZJ_U51_5K_E068_N646,5000,ZJ-SMB,L1-china2015-raster30m,2015,SILVER,2.653733,0,0.0,0,0.0,0,0.0,0.0,0.0,UNLABELED,UNLABELED,,,
ZJ_U51_5K_E068_N646,5000,ZJ-SMB,L2-cmssm2020-polygons,2020,WEAK,2.653733,0,0.0,0,0.0,0,0.0,0.0,0.0,UNLABELED,UNLABELED,,,
ZJ_U51_5K_E068_N646,5000,ZJ-SMB,L3-hangzhou-mask-2015,2015,WEAK,2.653733,0,0.0,0,0.0,0,0.0,0.0,0.0,UNLABELED,UNLABELED,,,
ZJ_U51_5K_E068_N646,5000,ZJ-SMB,L4-cmsa-polygons-2019,2019,WEAK,2.653733,0,0.0,0,0.0,0,0.0,0.0,0.0,UNLABELED,UNLABELED,,,
ZJ_U51_5K_E068_N646,5000,ZJ-SMB,L5-cmsa-polygons-2020,2020,WEAK,2.653733,0,0.0,0,0.0,0,0.0,0.0,0.0,UNLABELED,UNLABELED,,,
ZJ_U51_5K_E068_N646,5000,ZJ-SMB,L6-cmsa-polygons-2021,2021,WEAK,2.653733,0,0.0,0,0.0,0,0.0,0.0,0.0,UNLABELED,UNLABELED,,,
ZJ_U51_5K_E068_N647,5000,ZJ-SMB,L1-china2015-raster30m,2015,SILVER,2.31332,0,0.0,0,0.0,0,0.0,0.0,0.0,UNLABELED,UNLABELED,,,
ZJ_U51_5K_E068_N647,5000,ZJ-SMB,L2-cmssm2020-polygons,2020,WEAK,2.31332,0,0.0,0,0.0,0,0.0,0.0,0.0,UNLABELED,UNLABELED,,,
ZJ_U51_5K_E068_N647,5000,ZJ-SMB,L3-hangzhou-mask-2015,2015,WEAK,2.31332,0,0.0,0,0.0,0,0.0,0.0,0.0,UNLABELED,UNLABELED,,,
ZJ_U51_5K_E068_N647,5000,ZJ-SMB,L4-cmsa-polygons-2019,2019,WEAK,2.31332,0,0.0,0,0.0,0,0.0,0.0,0.0,UNLABELED,UNLABELED,,,
ZJ_U51_5K_E068_N647,5000,ZJ-SMB,L5-cmsa-polygons-2020,2020,WEAK,2.31332,0,0.0,0,0.0,0,0.0,0.0,0.0,UNLABELED,UNLABELED,,,
ZJ_U51_5K_E068_N647,5000,ZJ-SMB,L6-cmsa-polygons-2021,2021,WEAK,2.31332,0,0.0,0,0.0,0,0.0,0.0,0.0,UNLABELED,UNLABELED,,,
ZJ_U51_5K_E068_N648,5000,ZJ-SMB,L1-china2015-raster30m,2015,SILVER,1.972907,0,0.0,0,0.0,0,0.0,0.0,0.0,UNLABELED,UNLABELED,,,
ZJ_U51_5K_E068_N648,5000,ZJ-SMB,L2-cmssm2020-polygons,2020,WEAK,1.972907,0,0.0,0,0.0,0,0.0,0.0,0.0,UNLABELED,UNLABELED,,,
ZJ_U51_5K_E068_N648,5000,ZJ-SMB,L3-hangzhou-mask-2015,2015,WEAK,1.972907,0,0.0,0,0.0,0,0.0,0.0,0.0,UNLABELED,UNLABELED,,,
ZJ_U51_5K_E068_N648,5000,ZJ-SMB,L4-cmsa-polygons-2019,2019,WEAK,1.972907,0,0.0,0,0.0,0,0.0,0.0,0.0,UNLABELED,UNLABELED,,,
ZJ_U51_5K_E068_N648,5000,ZJ-SMB,L5-cmsa-polygons-2020,2020,WEAK,1.972907,0,0.0,0,0.0,0,0.0,0.0,0.0,UNLABELED,UNLABELED,,,
ZJ_U51_5K_E068_N648,5000,ZJ-SMB,L6-cmsa-polygons-2021,2021,WEAK,1.972907,0,0.0,0,0.0,0,0.0,0.0,0.0,UNLABELED,UNLABELED,,,
ZJ_U51_5K_E068_N649,5000,ZJ-SMB,L1-china2015-raster30m,2015,SILVER,1.632494,0,0.0,0,0.0,0,0.0,0.0,0.0,UNLABELED,UNLABELED,,,
ZJ_U51_5K_E068_N649,5000,ZJ-SMB,L2-cmssm2020-polygons,2020,WEAK,1.632494,0,0.0,0,0.0,0,0.0,0.0,0.0,UNLABELED,UNLABELED,,,
ZJ_U51_5K_E068_N649,5000,ZJ-SMB,L3-hangzhou-mask-2015,2015,WEAK,1.632494,0,0.0,0,0.0,0,0.0,0.0,0.0,UNLABELED,UNLABELED,,,
ZJ_U51_5K_E068_N649,5000,ZJ-SMB,L4-cmsa-polygons-2019,2019,WEAK,1.632494,0,0.0,0,0.0,0,0.0,0.0,0.0,UNLABELED,UNLABELED,,,
ZJ_U51_5K_E068_N649,5000,ZJ-SMB,L5-cmsa-polygons-2020,2020,WEAK,1.632494,0,0.0,0,0.0,0,0.0,0.0,0.0,UNLABELED,UNLABELED,,,
ZJ_U51_5K_E068_N649,5000,ZJ-SMB,L6-cmsa-polygons-2021,2021,WEAK,1.632494,0,0.0,0,0.0,0,0.0,0.0,0.0,UNLABELED,UNLABELED,,,
ZJ_U51_5K_E068_N650,5000,ZJ-SMB,L1-china2015-raster30m,2015,SILVER,1.028162,0,0.0,0,0.0,0,0.0,0.0,0.0,UNLABELED,UNLABELED,,,
ZJ_U51_5K_E068_N650,5000,ZJ-SMB,L2-cmssm2020-polygons,2020,WEAK,1.028162,0,0.0,0,0.0,0,0.0,0.0,0.0,UNLABELED,UNLABELED,,,
ZJ_U51_5K_E068_N650,5000,ZJ-SMB,L3-hangzhou-mask-2015,2015,WEAK,1.028162,0,0.0,0,0.0,0,0.0,0.0,0.0,UNLABELED,UNLABELED,,,
ZJ_U51_5K_E068_N650,5000,ZJ-SMB,L4-cmsa-polygons-2019,2019,WEAK,1.028162,0,0.0,0,0.0,0,0.0,0.0,0.0,UNLABELED,UNLABELED,,,
ZJ_U51_5K_E068_N650,5000,ZJ-SMB,L5-cmsa-polygons-2020,2020,WEAK,1.028162,0,0.0,0,0.0,0,0.0,0.0,0.0,UNLABELED,UNLABELED,,,
ZJ_U51_5K_E068_N650,5000,ZJ-SMB,L6-cmsa-polygons-2021,2021,WEAK,1.028162,0,0.0,0,0.0,0,0.0,0.0,0.0,UNLABELED,UNLABELED,,,
ZJ_U51_5K_E068_N666,5000,ZJ-HZB,L1-china2015-raster30m,2015,SILVER,3.350998,0,0.0,0,0.0,0,0.0,0.0,0.0,UNLABELED,UNLABELED,,,
ZJ_U51_5K_E068_N666,5000,ZJ-HZB,L2-cmssm2020-polygons,2020,WEAK,3.350998,0,0.0,0,0.0,0,0.0,0.0,0.0,UNLABELED,UNLABELED,,,
ZJ_U51_5K_E068_N666,5000,ZJ-HZB,L3-hangzhou-mask-2015,2015,WEAK,3.350998,0,0.0,0,0.0,0,0.0,0.0,0.0,UNLABELED,UNLABELED,,,
ZJ_U51_5K_E068_N666,5000,ZJ-HZB,L4-cmsa-polygons-2019,2019,WEAK,3.350998,0,0.0,0,0.0,0,0.0,0.0,0.0,UNLABELED,UNLABELED,,,
ZJ_U51_5K_E068_N666,5000,ZJ-HZB,L5-cmsa-polygons-2020,2020,WEAK,3.350998,0,0.0,0,0.0,0,0.0,0.0,0.0,UNLABELED,UNLABELED,,,
ZJ_U51_5K_E068_N666,5000,ZJ-HZB,L6-cmsa-polygons-2021,2021,WEAK,3.350998,0,0.0,0,0.0,0,0.0,0.0,0.0,UNLABELED,UNLABELED,,,
ZJ_U51_5K_E068_N667,5000,ZJ-HZB,L1-china2015-raster30m,2015,SILVER,24.537789,0,0.0,0,0.0,0,0.0,0.0,0.0,UNLABELED,UNLABELED,,,
ZJ_U51_5K_E068_N667,5000,ZJ-HZB,L2-cmssm2020-polygons,2020,WEAK,24.537789,0,0.0,0,0.0,0,0.0,0.0,0.0,UNLABELED,UNLABELED,,,
ZJ_U51_5K_E068_N667,5000,ZJ-HZB,L3-hangzhou-mask-2015,2015,WEAK,24.537789,0,0.0,0,0.0,0,0.0,0.0,0.0,UNLABELED,UNLABELED,,,
ZJ_U51_5K_E068_N667,5000,ZJ-HZB,L4-cmsa-polygons-2019,2019,WEAK,24.537789,0,0.0,0,0.0,0,0.0,0.0,0.0,UNLABELED,UNLABELED,,,
ZJ_U51_5K_E068_N667,5000,ZJ-HZB,L5-cmsa-polygons-2020,2020,WEAK,24.537789,0,0.0,0,0.0,0,0.0,0.0,0.0,UNLABELED,UNLABELED,,,
ZJ_U51_5K_E068_N667,5000,ZJ-HZB,L6-cmsa-polygons-2021,2021,WEAK,24.537789,0,0.0,0,0.0,0,0.0,0.0,0.0,UNLABELED,UNLABELED,,,
ZJ_U51_5K_E068_N668,5000,ZJ-HZB,L1-china2015-raster30m,2015,SILVER,25.0,0,0.0,0,0.0,0,0.0,0.0,0.0,UNLABELED,UNLABELED,,,
ZJ_U51_5K_E068_N668,5000,ZJ-HZB,L2-cmssm2020-polygons,2020,WEAK,25.0,0,0.0,0,0.0,0,0.0,0.0,0.0,UNLABELED,UNLABELED,,,
ZJ_U51_5K_E068_N668,5000,ZJ-HZB,L3-hangzhou-mask-2015,2015,WEAK,25.0,0,0.0,0,0.0,0,0.0,0.0,0.0,UNLABELED,UNLABELED,,,
ZJ_U51_5K_E068_N668,5000,ZJ-HZB,L4-cmsa-polygons-2019,2019,WEAK,25.0,0,0.0,0,0.0,0,0.0,0.0,0.0,UNLABELED,UNLABELED,,,
ZJ_U51_5K_E068_N668,5000,ZJ-HZB,L5-cmsa-polygons-2020,2020,WEAK,25.0,0,0.0,0,0.0,0,0.0,0.0,0.0,UNLABELED,UNLABELED,,,
ZJ_U51_5K_E068_N668,5000,ZJ-HZB,L6-cmsa-polygons-2021,2021,WEAK,25.0,0,0.0,0,0.0,0,0.0,0.0,0.0,UNLABELED,UNLABELED,,,
ZJ_U51_5K_E068_N669,5000,ZJ-HZB,L1-china2015-raster30m,2015,SILVER,25.0,0,0.0,0,0.0,0,0.0,0.0,0.0,UNLABELED,UNLABELED,,,
ZJ_U51_5K_E068_N669,5000,ZJ-HZB,L2-cmssm2020-polygons,2020,WEAK,25.0,0,0.0,0,0.0,0,0.0,0.0,0.0,UNLABELED,UNLABELED,,,
ZJ_U51_5K_E068_N669,5000,ZJ-HZB,L3-hangzhou-mask-2015,2015,WEAK,25.0,0,0.0,0,0.0,0,0.0,0.0,0.0,UNLABELED,UNLABELED,,,
ZJ_U51_5K_E068_N669,5000,ZJ-HZB,L4-cmsa-polygons-2019,2019,WEAK,25.0,0,0.0,0,0.0,0,0.0,0.0,0.0,UNLABELED,UNLABELED,,,
ZJ_U51_5K_E068_N669,5000,ZJ-HZB,L5-cmsa-polygons-2020,2020,WEAK,25.0,0,0.0,0,0.0,0,0.0,0.0,0.0,UNLABELED,UNLABELED,,,
ZJ_U51_5K_E068_N669,5000,ZJ-HZB,L6-cmsa-polygons-2021,2021,WEAK,25.0,0,0.0,0,0.0,0,0.0,0.0,0.0,UNLABELED,UNLABELED,,,
ZJ_U51_5K_E068_N670,5000,ZJ-HZB,L1-china2015-raster30m,2015,SILVER,25.0,0,0.0,0,0.0,0,0.0,0.0,0.0,UNLABELED,UNLABELED,,,
ZJ_U51_5K_E068_N670,5000,ZJ-HZB,L2-cmssm2020-polygons,2020,WEAK,25.0,0,0.0,0,0.0,0,0.0,0.0,0.0,UNLABELED,UNLABELED,,,
ZJ_U51_5K_E068_N670,5000,ZJ-HZB,L3-hangzhou-mask-2015,2015,WEAK,25.0,0,0.0,0,0.0,0,0.0,0.0,0.0,UNLABELED,UNLABELED,,,
ZJ_U51_5K_E068_N670,5000,ZJ-HZB,L4-cmsa-polygons-2019,2019,WEAK,25.0,0,0.0,0,0.0,0,0.0,0.0,0.0,UNLABELED,UNLABELED,,,
ZJ_U51_5K_E068_N670,5000,ZJ-HZB,L5-cmsa-polygons-2020,2020,WEAK,25.0,0,0.0,0,0.0,0,0.0,0.0,0.0,UNLABELED,UNLABELED,,,
ZJ_U51_5K_E068_N670,5000,ZJ-HZB,L6-cmsa-polygons-2021,2021,WEAK,25.0,0,0.0,0,0.0,0,0.0,0.0,0.0,UNLABELED,UNLABELED,,,
ZJ_U51_5K_E068_N671,5000,ZJ-HZB,L1-china2015-raster30m,2015,SILVER,25.0,2645,2.3805,2645,2.3805,0,0.0,0.09522,0.09522,SILVER+WEAK,SILVER+WEAK,,,
ZJ_U51_5K_E068_N671,5000,ZJ-HZB,L2-cmssm2020-polygons,2020,WEAK,25.0,0,0.0,0,0.0,0,0.0,0.0,0.0,SILVER+WEAK,SILVER+WEAK,,,
ZJ_U51_5K_E068_N671,5000,ZJ-HZB,L3-hangzhou-mask-2015,2015,WEAK,25.0,2008,1.8026,2008,1.8026,0,0.0,0.072104,0.072104,SILVER+WEAK,SILVER+WEAK,,,
ZJ_U51_5K_E068_N671,5000,ZJ-HZB,L4-cmsa-polygons-2019,2019,WEAK,25.0,0,0.0,0,0.0,0,0.0,0.0,0.0,SILVER+WEAK,SILVER+WEAK,,,
ZJ_U51_5K_E068_N671,5000,ZJ-HZB,L5-cmsa-polygons-2020,2020,WEAK,25.0,0,0.0,0,0.0,0,0.0,0.0,0.0,SILVER+WEAK,SILVER+WEAK,,,
ZJ_U51_5K_E068_N671,5000,ZJ-HZB,L6-cmsa-polygons-2021,2021,WEAK,25.0,0,0.0,0,0.0,0,0.0,0.0,0.0,SILVER+WEAK,SILVER+WEAK,,,
ZJ_U51_5K_E068_N672,5000,ZJ-HZB,L1-china2015-raster30m,2015,SILVER,25.0,359,0.3231,359,0.3231,0,0.0,0.012924,0.012924,SILVER,SILVER,,,
ZJ_U51_5K_E068_N672,5000,ZJ-HZB,L2-cmssm2020-polygons,2020,WEAK,25.0,0,0.0,0,0.0,0,0.0,0.0,0.0,SILVER,SILVER,,,
ZJ_U51_5K_E068_N672,5000,ZJ-HZB,L3-hangzhou-mask-2015,2015,WEAK,25.0,0,0.0,0,0.0,0,0.0,0.0,0.0,SILVER,SILVER,,,
ZJ_U51_5K_E068_N672,5000,ZJ-HZB,L4-cmsa-polygons-2019,2019,WEAK,25.0,0,0.0,0,0.0,0,0.0,0.0,0.0,SILVER,SILVER,,,
ZJ_U51_5K_E068_N672,5000,ZJ-HZB,L5-cmsa-polygons-2020,2020,WEAK,25.0,0,0.0,0,0.0,0,0.0,0.0,0.0,SILVER,SILVER,,,
ZJ_U51_5K_E068_N672,5000,ZJ-HZB,L6-cmsa-polygons-2021,2021,WEAK,25.0,0,0.0,0,0.0,0,0.0,0.0,0.0,SILVER,SILVER,,,
ZJ_U51_5K_E068_N673,5000,ZJ-HZB,L1-china2015-raster30m,2015,SILVER,25.0,0,0.0,0,0.0,0,0.0,0.0,0.0,UNLABELED,UNLABELED,,,
ZJ_U51_5K_E068_N673,5000,ZJ-HZB,L2-cmssm2020-polygons,2020,WEAK,25.0,0,0.0,0,0.0,0,0.0,0.0,0.0,UNLABELED,UNLABELED,,,
ZJ_U51_5K_E068_N673,5000,ZJ-HZB,L3-hangzhou-mask-2015,2015,WEAK,25.0,0,0.0,0,0.0,0,0.0,0.0,0.0,UNLABELED,UNLABELED,,,
ZJ_U51_5K_E068_N673,5000,ZJ-HZB,L4-cmsa-polygons-2019,2019,WEAK,25.0,0,0.0,0,0.0,0,0.0,0.0,0.0,UNLABELED,UNLABELED,,,
ZJ_U51_5K_E068_N673,5000,ZJ-HZB,L5-cmsa-polygons-2020,2020,WEAK,25.0,0,0.0,0,0.0,0,0.0,0.0,0.0,UNLABELED,UNLABELED,,,
ZJ_U51_5K_E068_N673,5000,ZJ-HZB,L6-cmsa-polygons-2021,2021,WEAK,25.0,0,0.0,0,0.0,0,0.0,0.0,0.0,UNLABELED,UNLABELED,,,
ZJ_U51_5K_E068_N674,5000,ZJ-HZB,L1-china2015-raster30m,2015,SILVER,25.0,0,0.0,0,0.0,0,0.0,0.0,0.0,UNLABELED,UNLABELED,,,
ZJ_U51_5K_E068_N674,5000,ZJ-HZB,L2-cmssm2020-polygons,2020,WEAK,25.0,0,0.0,0,0.0,0,0.0,0.0,0.0,UNLABELED,UNLABELED,,,
ZJ_U51_5K_E068_N674,5000,ZJ-HZB,L3-hangzhou-mask-2015,2015,WEAK,25.0,0,0.0,0,0.0,0,0.0,0.0,0.0,UNLABELED,UNLABELED,,,
ZJ_U51_5K_E068_N674,5000,ZJ-HZB,L4-cmsa-polygons-2019,2019,WEAK,25.0,0,0.0,0,0.0,0,0.0,0.0,0.0,UNLABELED,UNLABELED,,,
ZJ_U51_5K_E068_N674,5000,ZJ-HZB,L5-cmsa-polygons-2020,2020,WEAK,25.0,0,0.0,0,0.0,0,0.0,0.0,0.0,UNLABELED,UNLABELED,,,
ZJ_U51_5K_E068_N674,5000,ZJ-HZB,L6-cmsa-polygons-2021,2021,WEAK,25.0,0,0.0,0,0.0,0,0.0,0.0,0.0,UNLABELED,UNLABELED,,,
ZJ_U51_5K_E068_N675,5000,ZJ-HZB,L1-china2015-raster30m,2015,SILVER,25.0,0,0.0,0,0.0,0,0.0,0.0,0.0,UNLABELED,UNLABELED,,,
ZJ_U51_5K_E068_N675,5000,ZJ-HZB,L2-cmssm2020-polygons,2020,WEAK,25.0,0,0.0,0,0.0,0,0.0,0.0,0.0,UNLABELED,UNLABELED,,,
ZJ_U51_5K_E068_N675,5000,ZJ-HZB,L3-hangzhou-mask-2015,2015,WEAK,25.0,0,0.0,0,0.0,0,0.0,0.0,0.0,UNLABELED,UNLABELED,,,
ZJ_U51_5K_E068_N675,5000,ZJ-HZB,L4-cmsa-polygons-2019,2019,WEAK,25.0,0,0.0,0,0.0,0,0.0,0.0,0.0,UNLABELED,UNLABELED,,,
ZJ_U51_5K_E068_N675,5000,ZJ-HZB,L5-cmsa-polygons-2020,2020,WEAK,25.0,0,0.0,0,0.0,0,0.0,0.0,0.0,UNLABELED,UNLABELED,,,
ZJ_U51_5K_E068_N675,5000,ZJ-HZB,L6-cmsa-polygons-2021,2021,WEAK,25.0,0,0.0,0,0.0,0,0.0,0.0,0.0,UNLABELED,UNLABELED,,,
ZJ_U51_5K_E068_N676,5000,ZJ-HZB,L1-china2015-raster30m,2015,SILVER,25.0,0,0.0,0,0.0,0,0.0,0.0,0.0,UNLABELED,UNLABELED,,,
ZJ_U51_5K_E068_N676,5000,ZJ-HZB,L2-cmssm2020-polygons,2020,WEAK,25.0,0,0.0,0,0.0,0,0.0,0.0,0.0,UNLABELED,UNLABELED,,,
ZJ_U51_5K_E068_N676,5000,ZJ-HZB,L3-hangzhou-mask-2015,2015,WEAK,25.0,0,0.0,0,0.0,0,0.0,0.0,0.0,UNLABELED,UNLABELED,,,
ZJ_U51_5K_E068_N676,5000,ZJ-HZB,L4-cmsa-polygons-2019,2019,WEAK,25.0,0,0.0,0,0.0,0,0.0,0.0,0.0,UNLABELED,UNLABELED,,,
ZJ_U51_5K_E068_N676,5000,ZJ-HZB,L5-cmsa-polygons-2020,2020,WEAK,25.0,0,0.0,0,0.0,0,0.0,0.0,0.0,UNLABELED,UNLABELED,,,
ZJ_U51_5K_E068_N676,5000,ZJ-HZB,L6-cmsa-polygons-2021,2021,WEAK,25.0,0,0.0,0,0.0,0,0.0,0.0,0.0,UNLABELED,UNLABELED,,,
ZJ_U51_5K_E068_N677,5000,ZJ-HZB,L1-china2015-raster30m,2015,SILVER,17.90339,0,0.0,0,0.0,0,0.0,0.0,0.0,UNLABELED,UNLABELED,,,
ZJ_U51_5K_E068_N677,5000,ZJ-HZB,L2-cmssm2020-polygons,2020,WEAK,17.90339,0,0.0,0,0.0,0,0.0,0.0,0.0,UNLABELED,UNLABELED,,,
ZJ_U51_5K_E068_N677,5000,ZJ-HZB,L3-hangzhou-mask-2015,2015,WEAK,17.90339,0,0.0,0,0.0,0,0.0,0.0,0.0,UNLABELED,UNLABELED,,,
ZJ_U51_5K_E068_N677,5000,ZJ-HZB,L4-cmsa-polygons-2019,2019,WEAK,17.90339,0,0.0,0,0.0,0,0.0,0.0,0.0,UNLABELED,UNLABELED,,,
ZJ_U51_5K_E068_N677,5000,ZJ-HZB,L5-cmsa-polygons-2020,2020,WEAK,17.90339,0,0.0,0,0.0,0,0.0,0.0,0.0,UNLABELED,UNLABELED,,,
ZJ_U51_5K_E068_N677,5000,ZJ-HZB,L6-cmsa-polygons-2021,2021,WEAK,17.90339,0,0.0,0,0.0,0,0.0,0.0,0.0,UNLABELED,UNLABELED,,,
ZJ_U51_5K_E068_N678,5000,ZJ-HZB,L1-china2015-raster30m,2015,SILVER,0.002796,0,0.0,0,0.0,0,0.0,0.0,0.0,UNLABELED,UNLABELED,,,
ZJ_U51_5K_E068_N678,5000,ZJ-HZB,L2-cmssm2020-polygons,2020,WEAK,0.002796,0,0.0,0,0.0,0,0.0,0.0,0.0,UNLABELED,UNLABELED,,,
ZJ_U51_5K_E068_N678,5000,ZJ-HZB,L3-hangzhou-mask-2015,2015,WEAK,0.002796,0,0.0,0,0.0,0,0.0,0.0,0.0,UNLABELED,UNLABELED,,,
ZJ_U51_5K_E068_N678,5000,ZJ-HZB,L4-cmsa-polygons-2019,2019,WEAK,0.002796,0,0.0,0,0.0,0,0.0,0.0,0.0,UNLABELED,UNLABELED,,,
ZJ_U51_5K_E068_N678,5000,ZJ-HZB,L5-cmsa-polygons-2020,2020,WEAK,0.002796,0,0.0,0,0.0,0,0.0,0.0,0.0,UNLABELED,UNLABELED,,,
ZJ_U51_5K_E068_N678,5000,ZJ-HZB,L6-cmsa-polygons-2021,2021,WEAK,0.002796,0,0.0,0,0.0,0,0.0,0.0,0.0,UNLABELED,UNLABELED,,,
ZJ_U51_5K_E069_N640,5000,ZJ-SMB,L1-china2015-raster30m,2015,SILVER,8.052903,0,0.0,0,0.0,0,0.0,0.0,0.0,UNLABELED,UNLABELED,,,
ZJ_U51_5K_E069_N640,5000,ZJ-SMB,L2-cmssm2020-polygons,2020,WEAK,8.052903,0,0.0,0,0.0,0,0.0,0.0,0.0,UNLABELED,UNLABELED,,,
ZJ_U51_5K_E069_N640,5000,ZJ-SMB,L3-hangzhou-mask-2015,2015,WEAK,8.052903,0,0.0,0,0.0,0,0.0,0.0,0.0,UNLABELED,UNLABELED,,,
ZJ_U51_5K_E069_N640,5000,ZJ-SMB,L4-cmsa-polygons-2019,2019,WEAK,8.052903,0,0.0,0,0.0,0,0.0,0.0,0.0,UNLABELED,UNLABELED,,,
ZJ_U51_5K_E069_N640,5000,ZJ-SMB,L5-cmsa-polygons-2020,2020,WEAK,8.052903,0,0.0,0,0.0,0,0.0,0.0,0.0,UNLABELED,UNLABELED,,,
ZJ_U51_5K_E069_N640,5000,ZJ-SMB,L6-cmsa-polygons-2021,2021,WEAK,8.052903,0,0.0,0,0.0,0,0.0,0.0,0.0,UNLABELED,UNLABELED,,,
ZJ_U51_5K_E069_N641,5000,ZJ-SMB,L1-china2015-raster30m,2015,SILVER,25.0,0,0.0,0,0.0,0,0.0,0.0,0.0,UNLABELED,UNLABELED,,,
ZJ_U51_5K_E069_N641,5000,ZJ-SMB,L2-cmssm2020-polygons,2020,WEAK,25.0,0,0.0,0,0.0,0,0.0,0.0,0.0,UNLABELED,UNLABELED,,,
ZJ_U51_5K_E069_N641,5000,ZJ-SMB,L3-hangzhou-mask-2015,2015,WEAK,25.0,0,0.0,0,0.0,0,0.0,0.0,0.0,UNLABELED,UNLABELED,,,
ZJ_U51_5K_E069_N641,5000,ZJ-SMB,L4-cmsa-polygons-2019,2019,WEAK,25.0,0,0.0,0,0.0,0,0.0,0.0,0.0,UNLABELED,UNLABELED,,,
ZJ_U51_5K_E069_N641,5000,ZJ-SMB,L5-cmsa-polygons-2020,2020,WEAK,25.0,0,0.0,0,0.0,0,0.0,0.0,0.0,UNLABELED,UNLABELED,,,
ZJ_U51_5K_E069_N641,5000,ZJ-SMB,L6-cmsa-polygons-2021,2021,WEAK,25.0,0,0.0,0,0.0,0,0.0,0.0,0.0,UNLABELED,UNLABELED,,,
ZJ_U51_5K_E069_N642,5000,ZJ-SMB,L1-china2015-raster30m,2015,SILVER,25.0,0,0.0,0,0.0,0,0.0,0.0,0.0,UNLABELED,UNLABELED,,,
ZJ_U51_5K_E069_N642,5000,ZJ-SMB,L2-cmssm2020-polygons,2020,WEAK,25.0,0,0.0,0,0.0,0,0.0,0.0,0.0,UNLABELED,UNLABELED,,,
ZJ_U51_5K_E069_N642,5000,ZJ-SMB,L3-hangzhou-mask-2015,2015,WEAK,25.0,0,0.0,0,0.0,0,0.0,0.0,0.0,UNLABELED,UNLABELED,,,
ZJ_U51_5K_E069_N642,5000,ZJ-SMB,L4-cmsa-polygons-2019,2019,WEAK,25.0,0,0.0,0,0.0,0,0.0,0.0,0.0,UNLABELED,UNLABELED,,,
ZJ_U51_5K_E069_N642,5000,ZJ-SMB,L5-cmsa-polygons-2020,2020,WEAK,25.0,0,0.0,0,0.0,0,0.0,0.0,0.0,UNLABELED,UNLABELED,,,
ZJ_U51_5K_E069_N642,5000,ZJ-SMB,L6-cmsa-polygons-2021,2021,WEAK,25.0,0,0.0,0,0.0,0,0.0,0.0,0.0,UNLABELED,UNLABELED,,,
ZJ_U51_5K_E069_N643,5000,ZJ-SMB,L1-china2015-raster30m,2015,SILVER,25.0,0,0.0,0,0.0,0,0.0,0.0,0.0,UNLABELED,UNLABELED,,,
ZJ_U51_5K_E069_N643,5000,ZJ-SMB,L2-cmssm2020-polygons,2020,WEAK,25.0,0,0.0,0,0.0,0,0.0,0.0,0.0,UNLABELED,UNLABELED,,,
ZJ_U51_5K_E069_N643,5000,ZJ-SMB,L3-hangzhou-mask-2015,2015,WEAK,25.0,0,0.0,0,0.0,0,0.0,0.0,0.0,UNLABELED,UNLABELED,,,
ZJ_U51_5K_E069_N643,5000,ZJ-SMB,L4-cmsa-polygons-2019,2019,WEAK,25.0,0,0.0,0,0.0,0,0.0,0.0,0.0,UNLABELED,UNLABELED,,,
ZJ_U51_5K_E069_N643,5000,ZJ-SMB,L5-cmsa-polygons-2020,2020,WEAK,25.0,0,0.0,0,0.0,0,0.0,0.0,0.0,UNLABELED,UNLABELED,,,
ZJ_U51_5K_E069_N643,5000,ZJ-SMB,L6-cmsa-polygons-2021,2021,WEAK,25.0,0,0.0,0,0.0,0,0.0,0.0,0.0,UNLABELED,UNLABELED,,,
ZJ_U51_5K_E069_N644,5000,ZJ-SMB,L1-china2015-raster30m,2015,SILVER,25.0,393,0.3537,393,0.3537,0,0.0,0.014148,0.014148,SILVER,SILVER,,,
ZJ_U51_5K_E069_N644,5000,ZJ-SMB,L2-cmssm2020-polygons,2020,WEAK,25.0,0,0.0,0,0.0,0,0.0,0.0,0.0,SILVER,SILVER,,,
ZJ_U51_5K_E069_N644,5000,ZJ-SMB,L3-hangzhou-mask-2015,2015,WEAK,25.0,0,0.0,0,0.0,0,0.0,0.0,0.0,SILVER,SILVER,,,
ZJ_U51_5K_E069_N644,5000,ZJ-SMB,L4-cmsa-polygons-2019,2019,WEAK,25.0,0,0.0,0,0.0,0,0.0,0.0,0.0,SILVER,SILVER,,,
ZJ_U51_5K_E069_N644,5000,ZJ-SMB,L5-cmsa-polygons-2020,2020,WEAK,25.0,0,0.0,0,0.0,0,0.0,0.0,0.0,SILVER,SILVER,,,
ZJ_U51_5K_E069_N644,5000,ZJ-SMB,L6-cmsa-polygons-2021,2021,WEAK,25.0,0,0.0,0,0.0,0,0.0,0.0,0.0,SILVER,SILVER,,,
ZJ_U51_5K_E069_N645,5000,ZJ-SMB,L1-china2015-raster30m,2015,SILVER,25.0,746,0.6714,746,0.6714,0,0.0,0.026856,0.026856,SILVER,SILVER,,,
ZJ_U51_5K_E069_N645,5000,ZJ-SMB,L2-cmssm2020-polygons,2020,WEAK,25.0,0,0.0,0,0.0,0,0.0,0.0,0.0,SILVER,SILVER,,,
ZJ_U51_5K_E069_N645,5000,ZJ-SMB,L3-hangzhou-mask-2015,2015,WEAK,25.0,0,0.0,0,0.0,0,0.0,0.0,0.0,SILVER,SILVER,,,
ZJ_U51_5K_E069_N645,5000,ZJ-SMB,L4-cmsa-polygons-2019,2019,WEAK,25.0,0,0.0,0,0.0,0,0.0,0.0,0.0,SILVER,SILVER,,,
ZJ_U51_5K_E069_N645,5000,ZJ-SMB,L5-cmsa-polygons-2020,2020,WEAK,25.0,0,0.0,0,0.0,0,0.0,0.0,0.0,SILVER,SILVER,,,
ZJ_U51_5K_E069_N645,5000,ZJ-SMB,L6-cmsa-polygons-2021,2021,WEAK,25.0,0,0.0,0,0.0,0,0.0,0.0,0.0,SILVER,SILVER,,,
ZJ_U51_5K_E069_N646,5000,ZJ-SMB,L1-china2015-raster30m,2015,SILVER,25.0,0,0.0,0,0.0,0,0.0,0.0,0.0,UNLABELED,UNLABELED,,,
ZJ_U51_5K_E069_N646,5000,ZJ-SMB,L2-cmssm2020-polygons,2020,WEAK,25.0,0,0.0,0,0.0,0,0.0,0.0,0.0,UNLABELED,UNLABELED,,,
ZJ_U51_5K_E069_N646,5000,ZJ-SMB,L3-hangzhou-mask-2015,2015,WEAK,25.0,0,0.0,0,0.0,0,0.0,0.0,0.0,UNLABELED,UNLABELED,,,
ZJ_U51_5K_E069_N646,5000,ZJ-SMB,L4-cmsa-polygons-2019,2019,WEAK,25.0,0,0.0,0,0.0,0,0.0,0.0,0.0,UNLABELED,UNLABELED,,,
ZJ_U51_5K_E069_N646,5000,ZJ-SMB,L5-cmsa-polygons-2020,2020,WEAK,25.0,0,0.0,0,0.0,0,0.0,0.0,0.0,UNLABELED,UNLABELED,,,
ZJ_U51_5K_E069_N646,5000,ZJ-SMB,L6-cmsa-polygons-2021,2021,WEAK,25.0,0,0.0,0,0.0,0,0.0,0.0,0.0,UNLABELED,UNLABELED,,,
ZJ_U51_5K_E069_N647,5000,ZJ-SMB,L1-china2015-raster30m,2015,SILVER,25.0,0,0.0,0,0.0,0,0.0,0.0,0.0,UNLABELED,UNLABELED,,,
ZJ_U51_5K_E069_N647,5000,ZJ-SMB,L2-cmssm2020-polygons,2020,WEAK,25.0,0,0.0,0,0.0,0,0.0,0.0,0.0,UNLABELED,UNLABELED,,,
ZJ_U51_5K_E069_N647,5000,ZJ-SMB,L3-hangzhou-mask-2015,2015,WEAK,25.0,0,0.0,0,0.0,0,0.0,0.0,0.0,UNLABELED,UNLABELED,,,
ZJ_U51_5K_E069_N647,5000,ZJ-SMB,L4-cmsa-polygons-2019,2019,WEAK,25.0,0,0.0,0,0.0,0,0.0,0.0,0.0,UNLABELED,UNLABELED,,,
ZJ_U51_5K_E069_N647,5000,ZJ-SMB,L5-cmsa-polygons-2020,2020,WEAK,25.0,0,0.0,0,0.0,0,0.0,0.0,0.0,UNLABELED,UNLABELED,,,
ZJ_U51_5K_E069_N647,5000,ZJ-SMB,L6-cmsa-polygons-2021,2021,WEAK,25.0,0,0.0,0,0.0,0,0.0,0.0,0.0,UNLABELED,UNLABELED,,,
ZJ_U51_5K_E069_N648,5000,ZJ-SMB,L1-china2015-raster30m,2015,SILVER,25.0,0,0.0,0,0.0,0,0.0,0.0,0.0,UNLABELED,UNLABELED,,,
ZJ_U51_5K_E069_N648,5000,ZJ-SMB,L2-cmssm2020-polygons,2020,WEAK,25.0,0,0.0,0,0.0,0,0.0,0.0,0.0,UNLABELED,UNLABELED,,,
ZJ_U51_5K_E069_N648,5000,ZJ-SMB,L3-hangzhou-mask-2015,2015,WEAK,25.0,0,0.0,0,0.0,0,0.0,0.0,0.0,UNLABELED,UNLABELED,,,
ZJ_U51_5K_E069_N648,5000,ZJ-SMB,L4-cmsa-polygons-2019,2019,WEAK,25.0,0,0.0,0,0.0,0,0.0,0.0,0.0,UNLABELED,UNLABELED,,,
ZJ_U51_5K_E069_N648,5000,ZJ-SMB,L5-cmsa-polygons-2020,2020,WEAK,25.0,0,0.0,0,0.0,0,0.0,0.0,0.0,UNLABELED,UNLABELED,,,
ZJ_U51_5K_E069_N648,5000,ZJ-SMB,L6-cmsa-polygons-2021,2021,WEAK,25.0,0,0.0,0,0.0,0,0.0,0.0,0.0,UNLABELED,UNLABELED,,,
ZJ_U51_5K_E069_N649,5000,ZJ-SMB,L1-china2015-raster30m,2015,SILVER,25.0,0,0.0,0,0.0,0,0.0,0.0,0.0,UNLABELED,UNLABELED,,,
ZJ_U51_5K_E069_N649,5000,ZJ-SMB,L2-cmssm2020-polygons,2020,WEAK,25.0,0,0.0,0,0.0,0,0.0,0.0,0.0,UNLABELED,UNLABELED,,,
ZJ_U51_5K_E069_N649,5000,ZJ-SMB,L3-hangzhou-mask-2015,2015,WEAK,25.0,0,0.0,0,0.0,0,0.0,0.0,0.0,UNLABELED,UNLABELED,,,
ZJ_U51_5K_E069_N649,5000,ZJ-SMB,L4-cmsa-polygons-2019,2019,WEAK,25.0,0,0.0,0,0.0,0,0.0,0.0,0.0,UNLABELED,UNLABELED,,,
ZJ_U51_5K_E069_N649,5000,ZJ-SMB,L5-cmsa-polygons-2020,2020,WEAK,25.0,0,0.0,0,0.0,0,0.0,0.0,0.0,UNLABELED,UNLABELED,,,
ZJ_U51_5K_E069_N649,5000,ZJ-SMB,L6-cmsa-polygons-2021,2021,WEAK,25.0,0,0.0,0,0.0,0,0.0,0.0,0.0,UNLABELED,UNLABELED,,,
ZJ_U51_5K_E069_N650,5000,ZJ-SMB,L1-china2015-raster30m,2015,SILVER,12.848002,33,0.0297,0,0.0,33,0.0297,0.001188,0.0,SILVER,UNLABELED,,,
ZJ_U51_5K_E069_N650,5000,ZJ-SMB,L2-cmssm2020-polygons,2020,WEAK,12.848002,0,0.0,0,0.0,0,0.0,0.0,0.0,SILVER,UNLABELED,,,
ZJ_U51_5K_E069_N650,5000,ZJ-SMB,L3-hangzhou-mask-2015,2015,WEAK,12.848002,0,0.0,0,0.0,0,0.0,0.0,0.0,SILVER,UNLABELED,,,
ZJ_U51_5K_E069_N650,5000,ZJ-SMB,L4-cmsa-polygons-2019,2019,WEAK,12.848002,0,0.0,0,0.0,0,0.0,0.0,0.0,SILVER,UNLABELED,,,
ZJ_U51_5K_E069_N650,5000,ZJ-SMB,L5-cmsa-polygons-2020,2020,WEAK,12.848002,0,0.0,0,0.0,0,0.0,0.0,0.0,SILVER,UNLABELED,,,
ZJ_U51_5K_E069_N650,5000,ZJ-SMB,L6-cmsa-polygons-2021,2021,WEAK,12.848002,0,0.0,0,0.0,0,0.0,0.0,0.0,SILVER,UNLABELED,,,
ZJ_U51_5K_E069_N666,5000,ZJ-HZB,L1-china2015-raster30m,2015,SILVER,15.493346,0,0.0,0,0.0,0,0.0,0.0,0.0,UNLABELED,UNLABELED,,,
ZJ_U51_5K_E069_N666,5000,ZJ-HZB,L2-cmssm2020-polygons,2020,WEAK,15.493346,0,0.0,0,0.0,0,0.0,0.0,0.0,UNLABELED,UNLABELED,,,
ZJ_U51_5K_E069_N666,5000,ZJ-HZB,L3-hangzhou-mask-2015,2015,WEAK,15.493346,0,0.0,0,0.0,0,0.0,0.0,0.0,UNLABELED,UNLABELED,,,
ZJ_U51_5K_E069_N666,5000,ZJ-HZB,L4-cmsa-polygons-2019,2019,WEAK,15.493346,0,0.0,0,0.0,0,0.0,0.0,0.0,UNLABELED,UNLABELED,,,
ZJ_U51_5K_E069_N666,5000,ZJ-HZB,L5-cmsa-polygons-2020,2020,WEAK,15.493346,0,0.0,0,0.0,0,0.0,0.0,0.0,UNLABELED,UNLABELED,,,
ZJ_U51_5K_E069_N666,5000,ZJ-HZB,L6-cmsa-polygons-2021,2021,WEAK,15.493346,0,0.0,0,0.0,0,0.0,0.0,0.0,UNLABELED,UNLABELED,,,
ZJ_U51_5K_E069_N667,5000,ZJ-HZB,L1-china2015-raster30m,2015,SILVER,25.0,0,0.0,0,0.0,0,0.0,0.0,0.0,UNLABELED,UNLABELED,,,
ZJ_U51_5K_E069_N667,5000,ZJ-HZB,L2-cmssm2020-polygons,2020,WEAK,25.0,0,0.0,0,0.0,0,0.0,0.0,0.0,UNLABELED,UNLABELED,,,
ZJ_U51_5K_E069_N667,5000,ZJ-HZB,L3-hangzhou-mask-2015,2015,WEAK,25.0,0,0.0,0,0.0,0,0.0,0.0,0.0,UNLABELED,UNLABELED,,,
ZJ_U51_5K_E069_N667,5000,ZJ-HZB,L4-cmsa-polygons-2019,2019,WEAK,25.0,0,0.0,0,0.0,0,0.0,0.0,0.0,UNLABELED,UNLABELED,,,
ZJ_U51_5K_E069_N667,5000,ZJ-HZB,L5-cmsa-polygons-2020,2020,WEAK,25.0,0,0.0,0,0.0,0,0.0,0.0,0.0,UNLABELED,UNLABELED,,,
ZJ_U51_5K_E069_N667,5000,ZJ-HZB,L6-cmsa-polygons-2021,2021,WEAK,25.0,0,0.0,0,0.0,0,0.0,0.0,0.0,UNLABELED,UNLABELED,,,
ZJ_U51_5K_E069_N668,5000,ZJ-HZB,L1-china2015-raster30m,2015,SILVER,25.0,0,0.0,0,0.0,0,0.0,0.0,0.0,UNLABELED,UNLABELED,,,
ZJ_U51_5K_E069_N668,5000,ZJ-HZB,L2-cmssm2020-polygons,2020,WEAK,25.0,0,0.0,0,0.0,0,0.0,0.0,0.0,UNLABELED,UNLABELED,,,
ZJ_U51_5K_E069_N668,5000,ZJ-HZB,L3-hangzhou-mask-2015,2015,WEAK,25.0,0,0.0,0,0.0,0,0.0,0.0,0.0,UNLABELED,UNLABELED,,,
ZJ_U51_5K_E069_N668,5000,ZJ-HZB,L4-cmsa-polygons-2019,2019,WEAK,25.0,0,0.0,0,0.0,0,0.0,0.0,0.0,UNLABELED,UNLABELED,,,
ZJ_U51_5K_E069_N668,5000,ZJ-HZB,L5-cmsa-polygons-2020,2020,WEAK,25.0,0,0.0,0,0.0,0,0.0,0.0,0.0,UNLABELED,UNLABELED,,,
ZJ_U51_5K_E069_N668,5000,ZJ-HZB,L6-cmsa-polygons-2021,2021,WEAK,25.0,0,0.0,0,0.0,0,0.0,0.0,0.0,UNLABELED,UNLABELED,,,
ZJ_U51_5K_E069_N669,5000,ZJ-HZB,L1-china2015-raster30m,2015,SILVER,25.0,0,0.0,0,0.0,0,0.0,0.0,0.0,UNLABELED,UNLABELED,,,
ZJ_U51_5K_E069_N669,5000,ZJ-HZB,L2-cmssm2020-polygons,2020,WEAK,25.0,0,0.0,0,0.0,0,0.0,0.0,0.0,UNLABELED,UNLABELED,,,
ZJ_U51_5K_E069_N669,5000,ZJ-HZB,L3-hangzhou-mask-2015,2015,WEAK,25.0,0,0.0,0,0.0,0,0.0,0.0,0.0,UNLABELED,UNLABELED,,,
ZJ_U51_5K_E069_N669,5000,ZJ-HZB,L4-cmsa-polygons-2019,2019,WEAK,25.0,0,0.0,0,0.0,0,0.0,0.0,0.0,UNLABELED,UNLABELED,,,
ZJ_U51_5K_E069_N669,5000,ZJ-HZB,L5-cmsa-polygons-2020,2020,WEAK,25.0,0,0.0,0,0.0,0,0.0,0.0,0.0,UNLABELED,UNLABELED,,,
ZJ_U51_5K_E069_N669,5000,ZJ-HZB,L6-cmsa-polygons-2021,2021,WEAK,25.0,0,0.0,0,0.0,0,0.0,0.0,0.0,UNLABELED,UNLABELED,,,
ZJ_U51_5K_E069_N670,5000,ZJ-HZB,L1-china2015-raster30m,2015,SILVER,25.0,49,0.0441,49,0.0441,0,0.0,0.001764,0.001764,SILVER+WEAK,SILVER+WEAK,,,
ZJ_U51_5K_E069_N670,5000,ZJ-HZB,L2-cmssm2020-polygons,2020,WEAK,25.0,0,0.0,0,0.0,0,0.0,0.0,0.0,SILVER+WEAK,SILVER+WEAK,,,
ZJ_U51_5K_E069_N670,5000,ZJ-HZB,L3-hangzhou-mask-2015,2015,WEAK,25.0,75,0.0673,75,0.0673,0,0.0,0.002692,0.002692,SILVER+WEAK,SILVER+WEAK,,,
ZJ_U51_5K_E069_N670,5000,ZJ-HZB,L4-cmsa-polygons-2019,2019,WEAK,25.0,0,0.0,0,0.0,0,0.0,0.0,0.0,SILVER+WEAK,SILVER+WEAK,,,
ZJ_U51_5K_E069_N670,5000,ZJ-HZB,L5-cmsa-polygons-2020,2020,WEAK,25.0,0,0.0,0,0.0,0,0.0,0.0,0.0,SILVER+WEAK,SILVER+WEAK,,,
ZJ_U51_5K_E069_N670,5000,ZJ-HZB,L6-cmsa-polygons-2021,2021,WEAK,25.0,0,0.0,0,0.0,0,0.0,0.0,0.0,SILVER+WEAK,SILVER+WEAK,,,
ZJ_U51_5K_E069_N671,5000,ZJ-HZB,L1-china2015-raster30m,2015,SILVER,25.0,893,0.8037,893,0.8037,0,0.0,0.032148,0.032148,SILVER+WEAK,SILVER+WEAK,,,
ZJ_U51_5K_E069_N671,5000,ZJ-HZB,L2-cmssm2020-polygons,2020,WEAK,25.0,0,0.0,0,0.0,0,0.0,0.0,0.0,SILVER+WEAK,SILVER+WEAK,,,
ZJ_U51_5K_E069_N671,5000,ZJ-HZB,L3-hangzhou-mask-2015,2015,WEAK,25.0,632,0.5673,632,0.5673,0,0.0,0.022692,0.022692,SILVER+WEAK,SILVER+WEAK,,,
ZJ_U51_5K_E069_N671,5000,ZJ-HZB,L4-cmsa-polygons-2019,2019,WEAK,25.0,0,0.0,0,0.0,0,0.0,0.0,0.0,SILVER+WEAK,SILVER+WEAK,,,
ZJ_U51_5K_E069_N671,5000,ZJ-HZB,L5-cmsa-polygons-2020,2020,WEAK,25.0,0,0.0,0,0.0,0,0.0,0.0,0.0,SILVER+WEAK,SILVER+WEAK,,,
ZJ_U51_5K_E069_N671,5000,ZJ-HZB,L6-cmsa-polygons-2021,2021,WEAK,25.0,0,0.0,0,0.0,0,0.0,0.0,0.0,SILVER+WEAK,SILVER+WEAK,,,
ZJ_U51_5K_E069_N672,5000,ZJ-HZB,L1-china2015-raster30m,2015,SILVER,25.0,0,0.0,0,0.0,0,0.0,0.0,0.0,UNLABELED,UNLABELED,,,
ZJ_U51_5K_E069_N672,5000,ZJ-HZB,L2-cmssm2020-polygons,2020,WEAK,25.0,0,0.0,0,0.0,0,0.0,0.0,0.0,UNLABELED,UNLABELED,,,
ZJ_U51_5K_E069_N672,5000,ZJ-HZB,L3-hangzhou-mask-2015,2015,WEAK,25.0,0,0.0,0,0.0,0,0.0,0.0,0.0,UNLABELED,UNLABELED,,,
ZJ_U51_5K_E069_N672,5000,ZJ-HZB,L4-cmsa-polygons-2019,2019,WEAK,25.0,0,0.0,0,0.0,0,0.0,0.0,0.0,UNLABELED,UNLABELED,,,
ZJ_U51_5K_E069_N672,5000,ZJ-HZB,L5-cmsa-polygons-2020,2020,WEAK,25.0,0,0.0,0,0.0,0,0.0,0.0,0.0,UNLABELED,UNLABELED,,,
ZJ_U51_5K_E069_N672,5000,ZJ-HZB,L6-cmsa-polygons-2021,2021,WEAK,25.0,0,0.0,0,0.0,0,0.0,0.0,0.0,UNLABELED,UNLABELED,,,
ZJ_U51_5K_E069_N673,5000,ZJ-HZB,L1-china2015-raster30m,2015,SILVER,25.0,0,0.0,0,0.0,0,0.0,0.0,0.0,UNLABELED,UNLABELED,,,
ZJ_U51_5K_E069_N673,5000,ZJ-HZB,L2-cmssm2020-polygons,2020,WEAK,25.0,0,0.0,0,0.0,0,0.0,0.0,0.0,UNLABELED,UNLABELED,,,
ZJ_U51_5K_E069_N673,5000,ZJ-HZB,L3-hangzhou-mask-2015,2015,WEAK,25.0,0,0.0,0,0.0,0,0.0,0.0,0.0,UNLABELED,UNLABELED,,,
ZJ_U51_5K_E069_N673,5000,ZJ-HZB,L4-cmsa-polygons-2019,2019,WEAK,25.0,0,0.0,0,0.0,0,0.0,0.0,0.0,UNLABELED,UNLABELED,,,
ZJ_U51_5K_E069_N673,5000,ZJ-HZB,L5-cmsa-polygons-2020,2020,WEAK,25.0,0,0.0,0,0.0,0,0.0,0.0,0.0,UNLABELED,UNLABELED,,,
ZJ_U51_5K_E069_N673,5000,ZJ-HZB,L6-cmsa-polygons-2021,2021,WEAK,25.0,0,0.0,0,0.0,0,0.0,0.0,0.0,UNLABELED,UNLABELED,,,
ZJ_U51_5K_E069_N674,5000,ZJ-HZB,L1-china2015-raster30m,2015,SILVER,25.0,0,0.0,0,0.0,0,0.0,0.0,0.0,UNLABELED,UNLABELED,,,
ZJ_U51_5K_E069_N674,5000,ZJ-HZB,L2-cmssm2020-polygons,2020,WEAK,25.0,0,0.0,0,0.0,0,0.0,0.0,0.0,UNLABELED,UNLABELED,,,
ZJ_U51_5K_E069_N674,5000,ZJ-HZB,L3-hangzhou-mask-2015,2015,WEAK,25.0,0,0.0,0,0.0,0,0.0,0.0,0.0,UNLABELED,UNLABELED,,,
ZJ_U51_5K_E069_N674,5000,ZJ-HZB,L4-cmsa-polygons-2019,2019,WEAK,25.0,0,0.0,0,0.0,0,0.0,0.0,0.0,UNLABELED,UNLABELED,,,
ZJ_U51_5K_E069_N674,5000,ZJ-HZB,L5-cmsa-polygons-2020,2020,WEAK,25.0,0,0.0,0,0.0,0,0.0,0.0,0.0,UNLABELED,UNLABELED,,,
ZJ_U51_5K_E069_N674,5000,ZJ-HZB,L6-cmsa-polygons-2021,2021,WEAK,25.0,0,0.0,0,0.0,0,0.0,0.0,0.0,UNLABELED,UNLABELED,,,
ZJ_U51_5K_E069_N675,5000,ZJ-HZB,L1-china2015-raster30m,2015,SILVER,25.0,0,0.0,0,0.0,0,0.0,0.0,0.0,UNLABELED,UNLABELED,,,
ZJ_U51_5K_E069_N675,5000,ZJ-HZB,L2-cmssm2020-polygons,2020,WEAK,25.0,0,0.0,0,0.0,0,0.0,0.0,0.0,UNLABELED,UNLABELED,,,
ZJ_U51_5K_E069_N675,5000,ZJ-HZB,L3-hangzhou-mask-2015,2015,WEAK,25.0,0,0.0,0,0.0,0,0.0,0.0,0.0,UNLABELED,UNLABELED,,,
ZJ_U51_5K_E069_N675,5000,ZJ-HZB,L4-cmsa-polygons-2019,2019,WEAK,25.0,0,0.0,0,0.0,0,0.0,0.0,0.0,UNLABELED,UNLABELED,,,
ZJ_U51_5K_E069_N675,5000,ZJ-HZB,L5-cmsa-polygons-2020,2020,WEAK,25.0,0,0.0,0,0.0,0,0.0,0.0,0.0,UNLABELED,UNLABELED,,,
ZJ_U51_5K_E069_N675,5000,ZJ-HZB,L6-cmsa-polygons-2021,2021,WEAK,25.0,0,0.0,0,0.0,0,0.0,0.0,0.0,UNLABELED,UNLABELED,,,
ZJ_U51_5K_E069_N676,5000,ZJ-HZB,L1-china2015-raster30m,2015,SILVER,25.0,0,0.0,0,0.0,0,0.0,0.0,0.0,UNLABELED,UNLABELED,,,
ZJ_U51_5K_E069_N676,5000,ZJ-HZB,L2-cmssm2020-polygons,2020,WEAK,25.0,0,0.0,0,0.0,0,0.0,0.0,0.0,UNLABELED,UNLABELED,,,
ZJ_U51_5K_E069_N676,5000,ZJ-HZB,L3-hangzhou-mask-2015,2015,WEAK,25.0,0,0.0,0,0.0,0,0.0,0.0,0.0,UNLABELED,UNLABELED,,,
ZJ_U51_5K_E069_N676,5000,ZJ-HZB,L4-cmsa-polygons-2019,2019,WEAK,25.0,0,0.0,0,0.0,0,0.0,0.0,0.0,UNLABELED,UNLABELED,,,
ZJ_U51_5K_E069_N676,5000,ZJ-HZB,L5-cmsa-polygons-2020,2020,WEAK,25.0,0,0.0,0,0.0,0,0.0,0.0,0.0,UNLABELED,UNLABELED,,,
ZJ_U51_5K_E069_N676,5000,ZJ-HZB,L6-cmsa-polygons-2021,2021,WEAK,25.0,0,0.0,0,0.0,0,0.0,0.0,0.0,UNLABELED,UNLABELED,,,
ZJ_U51_5K_E069_N677,5000,ZJ-HZB,L1-china2015-raster30m,2015,SILVER,25.0,0,0.0,0,0.0,0,0.0,0.0,0.0,UNLABELED,UNLABELED,,,
ZJ_U51_5K_E069_N677,5000,ZJ-HZB,L2-cmssm2020-polygons,2020,WEAK,25.0,0,0.0,0,0.0,0,0.0,0.0,0.0,UNLABELED,UNLABELED,,,
ZJ_U51_5K_E069_N677,5000,ZJ-HZB,L3-hangzhou-mask-2015,2015,WEAK,25.0,0,0.0,0,0.0,0,0.0,0.0,0.0,UNLABELED,UNLABELED,,,
ZJ_U51_5K_E069_N677,5000,ZJ-HZB,L4-cmsa-polygons-2019,2019,WEAK,25.0,0,0.0,0,0.0,0,0.0,0.0,0.0,UNLABELED,UNLABELED,,,
ZJ_U51_5K_E069_N677,5000,ZJ-HZB,L5-cmsa-polygons-2020,2020,WEAK,25.0,0,0.0,0,0.0,0,0.0,0.0,0.0,UNLABELED,UNLABELED,,,
ZJ_U51_5K_E069_N677,5000,ZJ-HZB,L6-cmsa-polygons-2021,2021,WEAK,25.0,0,0.0,0,0.0,0,0.0,0.0,0.0,UNLABELED,UNLABELED,,,
ZJ_U51_5K_E069_N678,5000,ZJ-HZB,L1-china2015-raster30m,2015,SILVER,7.66848,0,0.0,0,0.0,0,0.0,0.0,0.0,UNLABELED,UNLABELED,,,
ZJ_U51_5K_E069_N678,5000,ZJ-HZB,L2-cmssm2020-polygons,2020,WEAK,7.66848,0,0.0,0,0.0,0,0.0,0.0,0.0,UNLABELED,UNLABELED,,,
ZJ_U51_5K_E069_N678,5000,ZJ-HZB,L3-hangzhou-mask-2015,2015,WEAK,7.66848,0,0.0,0,0.0,0,0.0,0.0,0.0,UNLABELED,UNLABELED,,,
ZJ_U51_5K_E069_N678,5000,ZJ-HZB,L4-cmsa-polygons-2019,2019,WEAK,7.66848,0,0.0,0,0.0,0,0.0,0.0,0.0,UNLABELED,UNLABELED,,,
ZJ_U51_5K_E069_N678,5000,ZJ-HZB,L5-cmsa-polygons-2020,2020,WEAK,7.66848,0,0.0,0,0.0,0,0.0,0.0,0.0,UNLABELED,UNLABELED,,,
ZJ_U51_5K_E069_N678,5000,ZJ-HZB,L6-cmsa-polygons-2021,2021,WEAK,7.66848,0,0.0,0,0.0,0,0.0,0.0,0.0,UNLABELED,UNLABELED,,,
ZJ_U51_5K_E070_N640,5000,ZJ-SMB,L1-china2015-raster30m,2015,SILVER,4.824004,74,0.0666,0,0.0,74,0.0666,0.002664,0.0,SILVER,UNLABELED,,,
ZJ_U51_5K_E070_N640,5000,ZJ-SMB,L2-cmssm2020-polygons,2020,WEAK,4.824004,0,0.0,0,0.0,0,0.0,0.0,0.0,SILVER,UNLABELED,,,
ZJ_U51_5K_E070_N640,5000,ZJ-SMB,L3-hangzhou-mask-2015,2015,WEAK,4.824004,0,0.0,0,0.0,0,0.0,0.0,0.0,SILVER,UNLABELED,,,
ZJ_U51_5K_E070_N640,5000,ZJ-SMB,L4-cmsa-polygons-2019,2019,WEAK,4.824004,0,0.0,0,0.0,0,0.0,0.0,0.0,SILVER,UNLABELED,,,
ZJ_U51_5K_E070_N640,5000,ZJ-SMB,L5-cmsa-polygons-2020,2020,WEAK,4.824004,0,0.0,0,0.0,0,0.0,0.0,0.0,SILVER,UNLABELED,,,
ZJ_U51_5K_E070_N640,5000,ZJ-SMB,L6-cmsa-polygons-2021,2021,WEAK,4.824004,0,0.0,0,0.0,0,0.0,0.0,0.0,SILVER,UNLABELED,,,
ZJ_U51_5K_E070_N641,5000,ZJ-SMB,L1-china2015-raster30m,2015,SILVER,25.0,0,0.0,0,0.0,0,0.0,0.0,0.0,UNLABELED,UNLABELED,,,
ZJ_U51_5K_E070_N641,5000,ZJ-SMB,L2-cmssm2020-polygons,2020,WEAK,25.0,0,0.0,0,0.0,0,0.0,0.0,0.0,UNLABELED,UNLABELED,,,
ZJ_U51_5K_E070_N641,5000,ZJ-SMB,L3-hangzhou-mask-2015,2015,WEAK,25.0,0,0.0,0,0.0,0,0.0,0.0,0.0,UNLABELED,UNLABELED,,,
ZJ_U51_5K_E070_N641,5000,ZJ-SMB,L4-cmsa-polygons-2019,2019,WEAK,25.0,0,0.0,0,0.0,0,0.0,0.0,0.0,UNLABELED,UNLABELED,,,
ZJ_U51_5K_E070_N641,5000,ZJ-SMB,L5-cmsa-polygons-2020,2020,WEAK,25.0,0,0.0,0,0.0,0,0.0,0.0,0.0,UNLABELED,UNLABELED,,,
ZJ_U51_5K_E070_N641,5000,ZJ-SMB,L6-cmsa-polygons-2021,2021,WEAK,25.0,0,0.0,0,0.0,0,0.0,0.0,0.0,UNLABELED,UNLABELED,,,
ZJ_U51_5K_E070_N642,5000,ZJ-SMB,L1-china2015-raster30m,2015,SILVER,25.0,0,0.0,0,0.0,0,0.0,0.0,0.0,UNLABELED,UNLABELED,,,
ZJ_U51_5K_E070_N642,5000,ZJ-SMB,L2-cmssm2020-polygons,2020,WEAK,25.0,0,0.0,0,0.0,0,0.0,0.0,0.0,UNLABELED,UNLABELED,,,
ZJ_U51_5K_E070_N642,5000,ZJ-SMB,L3-hangzhou-mask-2015,2015,WEAK,25.0,0,0.0,0,0.0,0,0.0,0.0,0.0,UNLABELED,UNLABELED,,,
ZJ_U51_5K_E070_N642,5000,ZJ-SMB,L4-cmsa-polygons-2019,2019,WEAK,25.0,0,0.0,0,0.0,0,0.0,0.0,0.0,UNLABELED,UNLABELED,,,
ZJ_U51_5K_E070_N642,5000,ZJ-SMB,L5-cmsa-polygons-2020,2020,WEAK,25.0,0,0.0,0,0.0,0,0.0,0.0,0.0,UNLABELED,UNLABELED,,,
ZJ_U51_5K_E070_N642,5000,ZJ-SMB,L6-cmsa-polygons-2021,2021,WEAK,25.0,0,0.0,0,0.0,0,0.0,0.0,0.0,UNLABELED,UNLABELED,,,
ZJ_U51_5K_E070_N643,5000,ZJ-SMB,L1-china2015-raster30m,2015,SILVER,25.0,76,0.0684,76,0.0684,0,0.0,0.002736,0.002736,SILVER,SILVER,,,
ZJ_U51_5K_E070_N643,5000,ZJ-SMB,L2-cmssm2020-polygons,2020,WEAK,25.0,0,0.0,0,0.0,0,0.0,0.0,0.0,SILVER,SILVER,,,
ZJ_U51_5K_E070_N643,5000,ZJ-SMB,L3-hangzhou-mask-2015,2015,WEAK,25.0,0,0.0,0,0.0,0,0.0,0.0,0.0,SILVER,SILVER,,,
ZJ_U51_5K_E070_N643,5000,ZJ-SMB,L4-cmsa-polygons-2019,2019,WEAK,25.0,0,0.0,0,0.0,0,0.0,0.0,0.0,SILVER,SILVER,,,
ZJ_U51_5K_E070_N643,5000,ZJ-SMB,L5-cmsa-polygons-2020,2020,WEAK,25.0,0,0.0,0,0.0,0,0.0,0.0,0.0,SILVER,SILVER,,,
ZJ_U51_5K_E070_N643,5000,ZJ-SMB,L6-cmsa-polygons-2021,2021,WEAK,25.0,0,0.0,0,0.0,0,0.0,0.0,0.0,SILVER,SILVER,,,
ZJ_U51_5K_E070_N644,5000,ZJ-SMB,L1-china2015-raster30m,2015,SILVER,25.0,1865,1.6785,1865,1.6785,0,0.0,0.06714,0.06714,SILVER,SILVER,,,
ZJ_U51_5K_E070_N644,5000,ZJ-SMB,L2-cmssm2020-polygons,2020,WEAK,25.0,0,0.0,0,0.0,0,0.0,0.0,0.0,SILVER,SILVER,,,
ZJ_U51_5K_E070_N644,5000,ZJ-SMB,L3-hangzhou-mask-2015,2015,WEAK,25.0,0,0.0,0,0.0,0,0.0,0.0,0.0,SILVER,SILVER,,,
ZJ_U51_5K_E070_N644,5000,ZJ-SMB,L4-cmsa-polygons-2019,2019,WEAK,25.0,0,0.0,0,0.0,0,0.0,0.0,0.0,SILVER,SILVER,,,
ZJ_U51_5K_E070_N644,5000,ZJ-SMB,L5-cmsa-polygons-2020,2020,WEAK,25.0,0,0.0,0,0.0,0,0.0,0.0,0.0,SILVER,SILVER,,,
ZJ_U51_5K_E070_N644,5000,ZJ-SMB,L6-cmsa-polygons-2021,2021,WEAK,25.0,0,0.0,0,0.0,0,0.0,0.0,0.0,SILVER,SILVER,,,
ZJ_U51_5K_E070_N645,5000,ZJ-SMB,L1-china2015-raster30m,2015,SILVER,25.0,3585,3.2265,3585,3.2265,0,0.0,0.12906,0.12906,SILVER,SILVER,,,
ZJ_U51_5K_E070_N645,5000,ZJ-SMB,L2-cmssm2020-polygons,2020,WEAK,25.0,0,0.0,0,0.0,0,0.0,0.0,0.0,SILVER,SILVER,,,
ZJ_U51_5K_E070_N645,5000,ZJ-SMB,L3-hangzhou-mask-2015,2015,WEAK,25.0,0,0.0,0,0.0,0,0.0,0.0,0.0,SILVER,SILVER,,,
ZJ_U51_5K_E070_N645,5000,ZJ-SMB,L4-cmsa-polygons-2019,2019,WEAK,25.0,0,0.0,0,0.0,0,0.0,0.0,0.0,SILVER,SILVER,,,
ZJ_U51_5K_E070_N645,5000,ZJ-SMB,L5-cmsa-polygons-2020,2020,WEAK,25.0,0,0.0,0,0.0,0,0.0,0.0,0.0,SILVER,SILVER,,,
ZJ_U51_5K_E070_N645,5000,ZJ-SMB,L6-cmsa-polygons-2021,2021,WEAK,25.0,0,0.0,0,0.0,0,0.0,0.0,0.0,SILVER,SILVER,,,
ZJ_U51_5K_E070_N646,5000,ZJ-SMB,L1-china2015-raster30m,2015,SILVER,25.0,0,0.0,0,0.0,0,0.0,0.0,0.0,UNLABELED,UNLABELED,,,
ZJ_U51_5K_E070_N646,5000,ZJ-SMB,L2-cmssm2020-polygons,2020,WEAK,25.0,0,0.0,0,0.0,0,0.0,0.0,0.0,UNLABELED,UNLABELED,,,
ZJ_U51_5K_E070_N646,5000,ZJ-SMB,L3-hangzhou-mask-2015,2015,WEAK,25.0,0,0.0,0,0.0,0,0.0,0.0,0.0,UNLABELED,UNLABELED,,,
ZJ_U51_5K_E070_N646,5000,ZJ-SMB,L4-cmsa-polygons-2019,2019,WEAK,25.0,0,0.0,0,0.0,0,0.0,0.0,0.0,UNLABELED,UNLABELED,,,
ZJ_U51_5K_E070_N646,5000,ZJ-SMB,L5-cmsa-polygons-2020,2020,WEAK,25.0,0,0.0,0,0.0,0,0.0,0.0,0.0,UNLABELED,UNLABELED,,,
ZJ_U51_5K_E070_N646,5000,ZJ-SMB,L6-cmsa-polygons-2021,2021,WEAK,25.0,0,0.0,0,0.0,0,0.0,0.0,0.0,UNLABELED,UNLABELED,,,
ZJ_U51_5K_E070_N647,5000,ZJ-SMB,L1-china2015-raster30m,2015,SILVER,25.0,1,0.0009,1,0.0009,0,0.0,3.6e-05,3.6e-05,SILVER,SILVER,,,
ZJ_U51_5K_E070_N647,5000,ZJ-SMB,L2-cmssm2020-polygons,2020,WEAK,25.0,0,0.0,0,0.0,0,0.0,0.0,0.0,SILVER,SILVER,,,
ZJ_U51_5K_E070_N647,5000,ZJ-SMB,L3-hangzhou-mask-2015,2015,WEAK,25.0,0,0.0,0,0.0,0,0.0,0.0,0.0,SILVER,SILVER,,,
ZJ_U51_5K_E070_N647,5000,ZJ-SMB,L4-cmsa-polygons-2019,2019,WEAK,25.0,0,0.0,0,0.0,0,0.0,0.0,0.0,SILVER,SILVER,,,
ZJ_U51_5K_E070_N647,5000,ZJ-SMB,L5-cmsa-polygons-2020,2020,WEAK,25.0,0,0.0,0,0.0,0,0.0,0.0,0.0,SILVER,SILVER,,,
ZJ_U51_5K_E070_N647,5000,ZJ-SMB,L6-cmsa-polygons-2021,2021,WEAK,25.0,0,0.0,0,0.0,0,0.0,0.0,0.0,SILVER,SILVER,,,
ZJ_U51_5K_E070_N648,5000,ZJ-SMB,L1-china2015-raster30m,2015,SILVER,25.0,0,0.0,0,0.0,0,0.0,0.0,0.0,UNLABELED,UNLABELED,,,
ZJ_U51_5K_E070_N648,5000,ZJ-SMB,L2-cmssm2020-polygons,2020,WEAK,25.0,0,0.0,0,0.0,0,0.0,0.0,0.0,UNLABELED,UNLABELED,,,
ZJ_U51_5K_E070_N648,5000,ZJ-SMB,L3-hangzhou-mask-2015,2015,WEAK,25.0,0,0.0,0,0.0,0,0.0,0.0,0.0,UNLABELED,UNLABELED,,,
ZJ_U51_5K_E070_N648,5000,ZJ-SMB,L4-cmsa-polygons-2019,2019,WEAK,25.0,0,0.0,0,0.0,0,0.0,0.0,0.0,UNLABELED,UNLABELED,,,
ZJ_U51_5K_E070_N648,5000,ZJ-SMB,L5-cmsa-polygons-2020,2020,WEAK,25.0,0,0.0,0,0.0,0,0.0,0.0,0.0,UNLABELED,UNLABELED,,,
ZJ_U51_5K_E070_N648,5000,ZJ-SMB,L6-cmsa-polygons-2021,2021,WEAK,25.0,0,0.0,0,0.0,0,0.0,0.0,0.0,UNLABELED,UNLABELED,,,
ZJ_U51_5K_E070_N649,5000,ZJ-SMB,L1-china2015-raster30m,2015,SILVER,23.69944,0,0.0,0,0.0,0,0.0,0.0,0.0,UNLABELED,UNLABELED,,,
ZJ_U51_5K_E070_N649,5000,ZJ-SMB,L2-cmssm2020-polygons,2020,WEAK,23.69944,0,0.0,0,0.0,0,0.0,0.0,0.0,UNLABELED,UNLABELED,,,
ZJ_U51_5K_E070_N649,5000,ZJ-SMB,L3-hangzhou-mask-2015,2015,WEAK,23.69944,0,0.0,0,0.0,0,0.0,0.0,0.0,UNLABELED,UNLABELED,,,
ZJ_U51_5K_E070_N649,5000,ZJ-SMB,L4-cmsa-polygons-2019,2019,WEAK,23.69944,0,0.0,0,0.0,0,0.0,0.0,0.0,UNLABELED,UNLABELED,,,
ZJ_U51_5K_E070_N649,5000,ZJ-SMB,L5-cmsa-polygons-2020,2020,WEAK,23.69944,0,0.0,0,0.0,0,0.0,0.0,0.0,UNLABELED,UNLABELED,,,
ZJ_U51_5K_E070_N649,5000,ZJ-SMB,L6-cmsa-polygons-2021,2021,WEAK,23.69944,0,0.0,0,0.0,0,0.0,0.0,0.0,UNLABELED,UNLABELED,,,
ZJ_U51_5K_E070_N650,5000,ZJ-SMB,L1-china2015-raster30m,2015,SILVER,1.80581,187,0.1683,0,0.0,187,0.1683,0.006732,0.0,SILVER,UNLABELED,,,
ZJ_U51_5K_E070_N650,5000,ZJ-SMB,L2-cmssm2020-polygons,2020,WEAK,1.80581,0,0.0,0,0.0,0,0.0,0.0,0.0,SILVER,UNLABELED,,,
ZJ_U51_5K_E070_N650,5000,ZJ-SMB,L3-hangzhou-mask-2015,2015,WEAK,1.80581,0,0.0,0,0.0,0,0.0,0.0,0.0,SILVER,UNLABELED,,,
ZJ_U51_5K_E070_N650,5000,ZJ-SMB,L4-cmsa-polygons-2019,2019,WEAK,1.80581,0,0.0,0,0.0,0,0.0,0.0,0.0,SILVER,UNLABELED,,,
ZJ_U51_5K_E070_N650,5000,ZJ-SMB,L5-cmsa-polygons-2020,2020,WEAK,1.80581,0,0.0,0,0.0,0,0.0,0.0,0.0,SILVER,UNLABELED,,,
ZJ_U51_5K_E070_N650,5000,ZJ-SMB,L6-cmsa-polygons-2021,2021,WEAK,1.80581,0,0.0,0,0.0,0,0.0,0.0,0.0,SILVER,UNLABELED,,,
ZJ_U51_5K_E070_N665,5000,ZJ-HZB,L1-china2015-raster30m,2015,SILVER,3.505218,0,0.0,0,0.0,0,0.0,0.0,0.0,UNLABELED,UNLABELED,,,
ZJ_U51_5K_E070_N665,5000,ZJ-HZB,L2-cmssm2020-polygons,2020,WEAK,3.505218,0,0.0,0,0.0,0,0.0,0.0,0.0,UNLABELED,UNLABELED,,,
ZJ_U51_5K_E070_N665,5000,ZJ-HZB,L3-hangzhou-mask-2015,2015,WEAK,3.505218,0,0.0,0,0.0,0,0.0,0.0,0.0,UNLABELED,UNLABELED,,,
ZJ_U51_5K_E070_N665,5000,ZJ-HZB,L4-cmsa-polygons-2019,2019,WEAK,3.505218,0,0.0,0,0.0,0,0.0,0.0,0.0,UNLABELED,UNLABELED,,,
ZJ_U51_5K_E070_N665,5000,ZJ-HZB,L5-cmsa-polygons-2020,2020,WEAK,3.505218,0,0.0,0,0.0,0,0.0,0.0,0.0,UNLABELED,UNLABELED,,,
ZJ_U51_5K_E070_N665,5000,ZJ-HZB,L6-cmsa-polygons-2021,2021,WEAK,3.505218,0,0.0,0,0.0,0,0.0,0.0,0.0,UNLABELED,UNLABELED,,,
ZJ_U51_5K_E070_N666,5000,ZJ-HZB,L1-china2015-raster30m,2015,SILVER,24.592686,0,0.0,0,0.0,0,0.0,0.0,0.0,UNLABELED,UNLABELED,,,
ZJ_U51_5K_E070_N666,5000,ZJ-HZB,L2-cmssm2020-polygons,2020,WEAK,24.592686,0,0.0,0,0.0,0,0.0,0.0,0.0,UNLABELED,UNLABELED,,,
ZJ_U51_5K_E070_N666,5000,ZJ-HZB,L3-hangzhou-mask-2015,2015,WEAK,24.592686,0,0.0,0,0.0,0,0.0,0.0,0.0,UNLABELED,UNLABELED,,,
ZJ_U51_5K_E070_N666,5000,ZJ-HZB,L4-cmsa-polygons-2019,2019,WEAK,24.592686,0,0.0,0,0.0,0,0.0,0.0,0.0,UNLABELED,UNLABELED,,,
ZJ_U51_5K_E070_N666,5000,ZJ-HZB,L5-cmsa-polygons-2020,2020,WEAK,24.592686,0,0.0,0,0.0,0,0.0,0.0,0.0,UNLABELED,UNLABELED,,,
ZJ_U51_5K_E070_N666,5000,ZJ-HZB,L6-cmsa-polygons-2021,2021,WEAK,24.592686,0,0.0,0,0.0,0,0.0,0.0,0.0,UNLABELED,UNLABELED,,,
ZJ_U51_5K_E070_N667,5000,ZJ-HZB,L1-china2015-raster30m,2015,SILVER,25.0,0,0.0,0,0.0,0,0.0,0.0,0.0,UNLABELED,UNLABELED,,,
ZJ_U51_5K_E070_N667,5000,ZJ-HZB,L2-cmssm2020-polygons,2020,WEAK,25.0,0,0.0,0,0.0,0,0.0,0.0,0.0,UNLABELED,UNLABELED,,,
ZJ_U51_5K_E070_N667,5000,ZJ-HZB,L3-hangzhou-mask-2015,2015,WEAK,25.0,0,0.0,0,0.0,0,0.0,0.0,0.0,UNLABELED,UNLABELED,,,
ZJ_U51_5K_E070_N667,5000,ZJ-HZB,L4-cmsa-polygons-2019,2019,WEAK,25.0,0,0.0,0,0.0,0,0.0,0.0,0.0,UNLABELED,UNLABELED,,,
ZJ_U51_5K_E070_N667,5000,ZJ-HZB,L5-cmsa-polygons-2020,2020,WEAK,25.0,0,0.0,0,0.0,0,0.0,0.0,0.0,UNLABELED,UNLABELED,,,
ZJ_U51_5K_E070_N667,5000,ZJ-HZB,L6-cmsa-polygons-2021,2021,WEAK,25.0,0,0.0,0,0.0,0,0.0,0.0,0.0,UNLABELED,UNLABELED,,,
ZJ_U51_5K_E070_N668,5000,ZJ-HZB,L1-china2015-raster30m,2015,SILVER,25.0,0,0.0,0,0.0,0,0.0,0.0,0.0,UNLABELED,UNLABELED,,,
ZJ_U51_5K_E070_N668,5000,ZJ-HZB,L2-cmssm2020-polygons,2020,WEAK,25.0,0,0.0,0,0.0,0,0.0,0.0,0.0,UNLABELED,UNLABELED,,,
ZJ_U51_5K_E070_N668,5000,ZJ-HZB,L3-hangzhou-mask-2015,2015,WEAK,25.0,0,0.0,0,0.0,0,0.0,0.0,0.0,UNLABELED,UNLABELED,,,
ZJ_U51_5K_E070_N668,5000,ZJ-HZB,L4-cmsa-polygons-2019,2019,WEAK,25.0,0,0.0,0,0.0,0,0.0,0.0,0.0,UNLABELED,UNLABELED,,,
ZJ_U51_5K_E070_N668,5000,ZJ-HZB,L5-cmsa-polygons-2020,2020,WEAK,25.0,0,0.0,0,0.0,0,0.0,0.0,0.0,UNLABELED,UNLABELED,,,
ZJ_U51_5K_E070_N668,5000,ZJ-HZB,L6-cmsa-polygons-2021,2021,WEAK,25.0,0,0.0,0,0.0,0,0.0,0.0,0.0,UNLABELED,UNLABELED,,,
ZJ_U51_5K_E070_N669,5000,ZJ-HZB,L1-china2015-raster30m,2015,SILVER,25.0,23,0.0207,23,0.0207,0,0.0,0.000828,0.000828,SILVER,SILVER,,,
ZJ_U51_5K_E070_N669,5000,ZJ-HZB,L2-cmssm2020-polygons,2020,WEAK,25.0,0,0.0,0,0.0,0,0.0,0.0,0.0,SILVER,SILVER,,,
ZJ_U51_5K_E070_N669,5000,ZJ-HZB,L3-hangzhou-mask-2015,2015,WEAK,25.0,0,0.0,0,0.0,0,0.0,0.0,0.0,SILVER,SILVER,,,
ZJ_U51_5K_E070_N669,5000,ZJ-HZB,L4-cmsa-polygons-2019,2019,WEAK,25.0,0,0.0,0,0.0,0,0.0,0.0,0.0,SILVER,SILVER,,,
ZJ_U51_5K_E070_N669,5000,ZJ-HZB,L5-cmsa-polygons-2020,2020,WEAK,25.0,0,0.0,0,0.0,0,0.0,0.0,0.0,SILVER,SILVER,,,
ZJ_U51_5K_E070_N669,5000,ZJ-HZB,L6-cmsa-polygons-2021,2021,WEAK,25.0,0,0.0,0,0.0,0,0.0,0.0,0.0,SILVER,SILVER,,,
ZJ_U51_5K_E070_N670,5000,ZJ-HZB,L1-china2015-raster30m,2015,SILVER,25.0,0,0.0,0,0.0,0,0.0,0.0,0.0,UNLABELED,UNLABELED,,,
ZJ_U51_5K_E070_N670,5000,ZJ-HZB,L2-cmssm2020-polygons,2020,WEAK,25.0,0,0.0,0,0.0,0,0.0,0.0,0.0,UNLABELED,UNLABELED,,,
ZJ_U51_5K_E070_N670,5000,ZJ-HZB,L3-hangzhou-mask-2015,2015,WEAK,25.0,0,0.0,0,0.0,0,0.0,0.0,0.0,UNLABELED,UNLABELED,,,
ZJ_U51_5K_E070_N670,5000,ZJ-HZB,L4-cmsa-polygons-2019,2019,WEAK,25.0,0,0.0,0,0.0,0,0.0,0.0,0.0,UNLABELED,UNLABELED,,,
ZJ_U51_5K_E070_N670,5000,ZJ-HZB,L5-cmsa-polygons-2020,2020,WEAK,25.0,0,0.0,0,0.0,0,0.0,0.0,0.0,UNLABELED,UNLABELED,,,
ZJ_U51_5K_E070_N670,5000,ZJ-HZB,L6-cmsa-polygons-2021,2021,WEAK,25.0,0,0.0,0,0.0,0,0.0,0.0,0.0,UNLABELED,UNLABELED,,,
ZJ_U51_5K_E070_N671,5000,ZJ-HZB,L1-china2015-raster30m,2015,SILVER,25.0,0,0.0,0,0.0,0,0.0,0.0,0.0,UNLABELED,UNLABELED,,,
ZJ_U51_5K_E070_N671,5000,ZJ-HZB,L2-cmssm2020-polygons,2020,WEAK,25.0,0,0.0,0,0.0,0,0.0,0.0,0.0,UNLABELED,UNLABELED,,,
ZJ_U51_5K_E070_N671,5000,ZJ-HZB,L3-hangzhou-mask-2015,2015,WEAK,25.0,0,0.0,0,0.0,0,0.0,0.0,0.0,UNLABELED,UNLABELED,,,
ZJ_U51_5K_E070_N671,5000,ZJ-HZB,L4-cmsa-polygons-2019,2019,WEAK,25.0,0,0.0,0,0.0,0,0.0,0.0,0.0,UNLABELED,UNLABELED,,,
ZJ_U51_5K_E070_N671,5000,ZJ-HZB,L5-cmsa-polygons-2020,2020,WEAK,25.0,0,0.0,0,0.0,0,0.0,0.0,0.0,UNLABELED,UNLABELED,,,
ZJ_U51_5K_E070_N671,5000,ZJ-HZB,L6-cmsa-polygons-2021,2021,WEAK,25.0,0,0.0,0,0.0,0,0.0,0.0,0.0,UNLABELED,UNLABELED,,,
ZJ_U51_5K_E070_N672,5000,ZJ-HZB,L1-china2015-raster30m,2015,SILVER,25.0,0,0.0,0,0.0,0,0.0,0.0,0.0,UNLABELED,UNLABELED,,,
ZJ_U51_5K_E070_N672,5000,ZJ-HZB,L2-cmssm2020-polygons,2020,WEAK,25.0,0,0.0,0,0.0,0,0.0,0.0,0.0,UNLABELED,UNLABELED,,,
ZJ_U51_5K_E070_N672,5000,ZJ-HZB,L3-hangzhou-mask-2015,2015,WEAK,25.0,0,0.0,0,0.0,0,0.0,0.0,0.0,UNLABELED,UNLABELED,,,
ZJ_U51_5K_E070_N672,5000,ZJ-HZB,L4-cmsa-polygons-2019,2019,WEAK,25.0,0,0.0,0,0.0,0,0.0,0.0,0.0,UNLABELED,UNLABELED,,,
ZJ_U51_5K_E070_N672,5000,ZJ-HZB,L5-cmsa-polygons-2020,2020,WEAK,25.0,0,0.0,0,0.0,0,0.0,0.0,0.0,UNLABELED,UNLABELED,,,
ZJ_U51_5K_E070_N672,5000,ZJ-HZB,L6-cmsa-polygons-2021,2021,WEAK,25.0,0,0.0,0,0.0,0,0.0,0.0,0.0,UNLABELED,UNLABELED,,,
ZJ_U51_5K_E070_N673,5000,ZJ-HZB,L1-china2015-raster30m,2015,SILVER,25.0,0,0.0,0,0.0,0,0.0,0.0,0.0,UNLABELED,UNLABELED,,,
ZJ_U51_5K_E070_N673,5000,ZJ-HZB,L2-cmssm2020-polygons,2020,WEAK,25.0,0,0.0,0,0.0,0,0.0,0.0,0.0,UNLABELED,UNLABELED,,,
ZJ_U51_5K_E070_N673,5000,ZJ-HZB,L3-hangzhou-mask-2015,2015,WEAK,25.0,0,0.0,0,0.0,0,0.0,0.0,0.0,UNLABELED,UNLABELED,,,
ZJ_U51_5K_E070_N673,5000,ZJ-HZB,L4-cmsa-polygons-2019,2019,WEAK,25.0,0,0.0,0,0.0,0,0.0,0.0,0.0,UNLABELED,UNLABELED,,,
ZJ_U51_5K_E070_N673,5000,ZJ-HZB,L5-cmsa-polygons-2020,2020,WEAK,25.0,0,0.0,0,0.0,0,0.0,0.0,0.0,UNLABELED,UNLABELED,,,
ZJ_U51_5K_E070_N673,5000,ZJ-HZB,L6-cmsa-polygons-2021,2021,WEAK,25.0,0,0.0,0,0.0,0,0.0,0.0,0.0,UNLABELED,UNLABELED,,,
ZJ_U51_5K_E070_N674,5000,ZJ-HZB,L1-china2015-raster30m,2015,SILVER,25.0,0,0.0,0,0.0,0,0.0,0.0,0.0,UNLABELED,UNLABELED,,,
ZJ_U51_5K_E070_N674,5000,ZJ-HZB,L2-cmssm2020-polygons,2020,WEAK,25.0,0,0.0,0,0.0,0,0.0,0.0,0.0,UNLABELED,UNLABELED,,,
ZJ_U51_5K_E070_N674,5000,ZJ-HZB,L3-hangzhou-mask-2015,2015,WEAK,25.0,0,0.0,0,0.0,0,0.0,0.0,0.0,UNLABELED,UNLABELED,,,
ZJ_U51_5K_E070_N674,5000,ZJ-HZB,L4-cmsa-polygons-2019,2019,WEAK,25.0,0,0.0,0,0.0,0,0.0,0.0,0.0,UNLABELED,UNLABELED,,,
ZJ_U51_5K_E070_N674,5000,ZJ-HZB,L5-cmsa-polygons-2020,2020,WEAK,25.0,0,0.0,0,0.0,0,0.0,0.0,0.0,UNLABELED,UNLABELED,,,
ZJ_U51_5K_E070_N674,5000,ZJ-HZB,L6-cmsa-polygons-2021,2021,WEAK,25.0,0,0.0,0,0.0,0,0.0,0.0,0.0,UNLABELED,UNLABELED,,,
ZJ_U51_5K_E070_N675,5000,ZJ-HZB,L1-china2015-raster30m,2015,SILVER,25.0,0,0.0,0,0.0,0,0.0,0.0,0.0,UNLABELED,UNLABELED,,,
ZJ_U51_5K_E070_N675,5000,ZJ-HZB,L2-cmssm2020-polygons,2020,WEAK,25.0,0,0.0,0,0.0,0,0.0,0.0,0.0,UNLABELED,UNLABELED,,,
ZJ_U51_5K_E070_N675,5000,ZJ-HZB,L3-hangzhou-mask-2015,2015,WEAK,25.0,0,0.0,0,0.0,0,0.0,0.0,0.0,UNLABELED,UNLABELED,,,
ZJ_U51_5K_E070_N675,5000,ZJ-HZB,L4-cmsa-polygons-2019,2019,WEAK,25.0,0,0.0,0,0.0,0,0.0,0.0,0.0,UNLABELED,UNLABELED,,,
ZJ_U51_5K_E070_N675,5000,ZJ-HZB,L5-cmsa-polygons-2020,2020,WEAK,25.0,0,0.0,0,0.0,0,0.0,0.0,0.0,UNLABELED,UNLABELED,,,
ZJ_U51_5K_E070_N675,5000,ZJ-HZB,L6-cmsa-polygons-2021,2021,WEAK,25.0,0,0.0,0,0.0,0,0.0,0.0,0.0,UNLABELED,UNLABELED,,,
ZJ_U51_5K_E070_N676,5000,ZJ-HZB,L1-china2015-raster30m,2015,SILVER,25.0,0,0.0,0,0.0,0,0.0,0.0,0.0,UNLABELED,UNLABELED,,,
ZJ_U51_5K_E070_N676,5000,ZJ-HZB,L2-cmssm2020-polygons,2020,WEAK,25.0,0,0.0,0,0.0,0,0.0,0.0,0.0,UNLABELED,UNLABELED,,,
ZJ_U51_5K_E070_N676,5000,ZJ-HZB,L3-hangzhou-mask-2015,2015,WEAK,25.0,0,0.0,0,0.0,0,0.0,0.0,0.0,UNLABELED,UNLABELED,,,
ZJ_U51_5K_E070_N676,5000,ZJ-HZB,L4-cmsa-polygons-2019,2019,WEAK,25.0,0,0.0,0,0.0,0,0.0,0.0,0.0,UNLABELED,UNLABELED,,,
ZJ_U51_5K_E070_N676,5000,ZJ-HZB,L5-cmsa-polygons-2020,2020,WEAK,25.0,0,0.0,0,0.0,0,0.0,0.0,0.0,UNLABELED,UNLABELED,,,
ZJ_U51_5K_E070_N676,5000,ZJ-HZB,L6-cmsa-polygons-2021,2021,WEAK,25.0,0,0.0,0,0.0,0,0.0,0.0,0.0,UNLABELED,UNLABELED,,,
ZJ_U51_5K_E070_N677,5000,ZJ-HZB,L1-china2015-raster30m,2015,SILVER,25.0,0,0.0,0,0.0,0,0.0,0.0,0.0,UNLABELED,UNLABELED,,,
ZJ_U51_5K_E070_N677,5000,ZJ-HZB,L2-cmssm2020-polygons,2020,WEAK,25.0,0,0.0,0,0.0,0,0.0,0.0,0.0,UNLABELED,UNLABELED,,,
ZJ_U51_5K_E070_N677,5000,ZJ-HZB,L3-hangzhou-mask-2015,2015,WEAK,25.0,0,0.0,0,0.0,0,0.0,0.0,0.0,UNLABELED,UNLABELED,,,
ZJ_U51_5K_E070_N677,5000,ZJ-HZB,L4-cmsa-polygons-2019,2019,WEAK,25.0,0,0.0,0,0.0,0,0.0,0.0,0.0,UNLABELED,UNLABELED,,,
ZJ_U51_5K_E070_N677,5000,ZJ-HZB,L5-cmsa-polygons-2020,2020,WEAK,25.0,0,0.0,0,0.0,0,0.0,0.0,0.0,UNLABELED,UNLABELED,,,
ZJ_U51_5K_E070_N677,5000,ZJ-HZB,L6-cmsa-polygons-2021,2021,WEAK,25.0,0,0.0,0,0.0,0,0.0,0.0,0.0,UNLABELED,UNLABELED,,,
ZJ_U51_5K_E070_N678,5000,ZJ-HZB,L1-china2015-raster30m,2015,SILVER,21.646525,0,0.0,0,0.0,0,0.0,0.0,0.0,UNLABELED,UNLABELED,,,
ZJ_U51_5K_E070_N678,5000,ZJ-HZB,L2-cmssm2020-polygons,2020,WEAK,21.646525,0,0.0,0,0.0,0,0.0,0.0,0.0,UNLABELED,UNLABELED,,,
ZJ_U51_5K_E070_N678,5000,ZJ-HZB,L3-hangzhou-mask-2015,2015,WEAK,21.646525,0,0.0,0,0.0,0,0.0,0.0,0.0,UNLABELED,UNLABELED,,,
ZJ_U51_5K_E070_N678,5000,ZJ-HZB,L4-cmsa-polygons-2019,2019,WEAK,21.646525,0,0.0,0,0.0,0,0.0,0.0,0.0,UNLABELED,UNLABELED,,,
ZJ_U51_5K_E070_N678,5000,ZJ-HZB,L5-cmsa-polygons-2020,2020,WEAK,21.646525,0,0.0,0,0.0,0,0.0,0.0,0.0,UNLABELED,UNLABELED,,,
ZJ_U51_5K_E070_N678,5000,ZJ-HZB,L6-cmsa-polygons-2021,2021,WEAK,21.646525,0,0.0,0,0.0,0,0.0,0.0,0.0,UNLABELED,UNLABELED,,,
ZJ_U51_5K_E070_N679,5000,ZJ-HZB,L1-china2015-raster30m,2015,SILVER,0.784247,0,0.0,0,0.0,0,0.0,0.0,0.0,UNLABELED,UNLABELED,,,
ZJ_U51_5K_E070_N679,5000,ZJ-HZB,L2-cmssm2020-polygons,2020,WEAK,0.784247,0,0.0,0,0.0,0,0.0,0.0,0.0,UNLABELED,UNLABELED,,,
ZJ_U51_5K_E070_N679,5000,ZJ-HZB,L3-hangzhou-mask-2015,2015,WEAK,0.784247,0,0.0,0,0.0,0,0.0,0.0,0.0,UNLABELED,UNLABELED,,,
ZJ_U51_5K_E070_N679,5000,ZJ-HZB,L4-cmsa-polygons-2019,2019,WEAK,0.784247,0,0.0,0,0.0,0,0.0,0.0,0.0,UNLABELED,UNLABELED,,,
ZJ_U51_5K_E070_N679,5000,ZJ-HZB,L5-cmsa-polygons-2020,2020,WEAK,0.784247,0,0.0,0,0.0,0,0.0,0.0,0.0,UNLABELED,UNLABELED,,,
ZJ_U51_5K_E070_N679,5000,ZJ-HZB,L6-cmsa-polygons-2021,2021,WEAK,0.784247,0,0.0,0,0.0,0,0.0,0.0,0.0,UNLABELED,UNLABELED,,,
ZJ_U51_5K_E071_N640,5000,ZJ-SMB,L1-china2015-raster30m,2015,SILVER,1.595164,1446,1.3014,0,0.0,1446,1.3014,0.052056,0.0,SILVER,UNLABELED,,,
ZJ_U51_5K_E071_N640,5000,ZJ-SMB,L2-cmssm2020-polygons,2020,WEAK,1.595164,0,0.0,0,0.0,0,0.0,0.0,0.0,SILVER,UNLABELED,,,
ZJ_U51_5K_E071_N640,5000,ZJ-SMB,L3-hangzhou-mask-2015,2015,WEAK,1.595164,0,0.0,0,0.0,0,0.0,0.0,0.0,SILVER,UNLABELED,,,
ZJ_U51_5K_E071_N640,5000,ZJ-SMB,L4-cmsa-polygons-2019,2019,WEAK,1.595164,0,0.0,0,0.0,0,0.0,0.0,0.0,SILVER,UNLABELED,,,
ZJ_U51_5K_E071_N640,5000,ZJ-SMB,L5-cmsa-polygons-2020,2020,WEAK,1.595164,0,0.0,0,0.0,0,0.0,0.0,0.0,SILVER,UNLABELED,,,
ZJ_U51_5K_E071_N640,5000,ZJ-SMB,L6-cmsa-polygons-2021,2021,WEAK,1.595164,0,0.0,0,0.0,0,0.0,0.0,0.0,SILVER,UNLABELED,,,
ZJ_U51_5K_E071_N641,5000,ZJ-SMB,L1-china2015-raster30m,2015,SILVER,24.999942,155,0.1395,155,0.1395,0,0.0,0.00558,0.00558,SILVER,SILVER,,,
ZJ_U51_5K_E071_N641,5000,ZJ-SMB,L2-cmssm2020-polygons,2020,WEAK,24.999942,0,0.0,0,0.0,0,0.0,0.0,0.0,SILVER,SILVER,,,
ZJ_U51_5K_E071_N641,5000,ZJ-SMB,L3-hangzhou-mask-2015,2015,WEAK,24.999942,0,0.0,0,0.0,0,0.0,0.0,0.0,SILVER,SILVER,,,
ZJ_U51_5K_E071_N641,5000,ZJ-SMB,L4-cmsa-polygons-2019,2019,WEAK,24.999942,0,0.0,0,0.0,0,0.0,0.0,0.0,SILVER,SILVER,,,
ZJ_U51_5K_E071_N641,5000,ZJ-SMB,L5-cmsa-polygons-2020,2020,WEAK,24.999942,0,0.0,0,0.0,0,0.0,0.0,0.0,SILVER,SILVER,,,
ZJ_U51_5K_E071_N641,5000,ZJ-SMB,L6-cmsa-polygons-2021,2021,WEAK,24.999942,0,0.0,0,0.0,0,0.0,0.0,0.0,SILVER,SILVER,,,
ZJ_U51_5K_E071_N642,5000,ZJ-SMB,L1-china2015-raster30m,2015,SILVER,25.0,1586,1.4274,1586,1.4274,0,0.0,0.057096,0.057096,SILVER,SILVER,,,
ZJ_U51_5K_E071_N642,5000,ZJ-SMB,L2-cmssm2020-polygons,2020,WEAK,25.0,0,0.0,0,0.0,0,0.0,0.0,0.0,SILVER,SILVER,,,
ZJ_U51_5K_E071_N642,5000,ZJ-SMB,L3-hangzhou-mask-2015,2015,WEAK,25.0,0,0.0,0,0.0,0,0.0,0.0,0.0,SILVER,SILVER,,,
ZJ_U51_5K_E071_N642,5000,ZJ-SMB,L4-cmsa-polygons-2019,2019,WEAK,25.0,0,0.0,0,0.0,0,0.0,0.0,0.0,SILVER,SILVER,,,
ZJ_U51_5K_E071_N642,5000,ZJ-SMB,L5-cmsa-polygons-2020,2020,WEAK,25.0,0,0.0,0,0.0,0,0.0,0.0,0.0,SILVER,SILVER,,,
ZJ_U51_5K_E071_N642,5000,ZJ-SMB,L6-cmsa-polygons-2021,2021,WEAK,25.0,0,0.0,0,0.0,0,0.0,0.0,0.0,SILVER,SILVER,,,
ZJ_U51_5K_E071_N643,5000,ZJ-SMB,L1-china2015-raster30m,2015,SILVER,25.0,0,0.0,0,0.0,0,0.0,0.0,0.0,UNLABELED,UNLABELED,,,
ZJ_U51_5K_E071_N643,5000,ZJ-SMB,L2-cmssm2020-polygons,2020,WEAK,25.0,0,0.0,0,0.0,0,0.0,0.0,0.0,UNLABELED,UNLABELED,,,
ZJ_U51_5K_E071_N643,5000,ZJ-SMB,L3-hangzhou-mask-2015,2015,WEAK,25.0,0,0.0,0,0.0,0,0.0,0.0,0.0,UNLABELED,UNLABELED,,,
ZJ_U51_5K_E071_N643,5000,ZJ-SMB,L4-cmsa-polygons-2019,2019,WEAK,25.0,0,0.0,0,0.0,0,0.0,0.0,0.0,UNLABELED,UNLABELED,,,
ZJ_U51_5K_E071_N643,5000,ZJ-SMB,L5-cmsa-polygons-2020,2020,WEAK,25.0,0,0.0,0,0.0,0,0.0,0.0,0.0,UNLABELED,UNLABELED,,,
ZJ_U51_5K_E071_N643,5000,ZJ-SMB,L6-cmsa-polygons-2021,2021,WEAK,25.0,0,0.0,0,0.0,0,0.0,0.0,0.0,UNLABELED,UNLABELED,,,
ZJ_U51_5K_E071_N644,5000,ZJ-SMB,L1-china2015-raster30m,2015,SILVER,25.0,1935,1.7415,1935,1.7415,0,0.0,0.06966,0.06966,SILVER,SILVER,,,
ZJ_U51_5K_E071_N644,5000,ZJ-SMB,L2-cmssm2020-polygons,2020,WEAK,25.0,0,0.0,0,0.0,0,0.0,0.0,0.0,SILVER,SILVER,,,
ZJ_U51_5K_E071_N644,5000,ZJ-SMB,L3-hangzhou-mask-2015,2015,WEAK,25.0,0,0.0,0,0.0,0,0.0,0.0,0.0,SILVER,SILVER,,,
ZJ_U51_5K_E071_N644,5000,ZJ-SMB,L4-cmsa-polygons-2019,2019,WEAK,25.0,0,0.0,0,0.0,0,0.0,0.0,0.0,SILVER,SILVER,,,
ZJ_U51_5K_E071_N644,5000,ZJ-SMB,L5-cmsa-polygons-2020,2020,WEAK,25.0,0,0.0,0,0.0,0,0.0,0.0,0.0,SILVER,SILVER,,,
ZJ_U51_5K_E071_N644,5000,ZJ-SMB,L6-cmsa-polygons-2021,2021,WEAK,25.0,0,0.0,0,0.0,0,0.0,0.0,0.0,SILVER,SILVER,,,
ZJ_U51_5K_E071_N645,5000,ZJ-SMB,L1-china2015-raster30m,2015,SILVER,25.0,1192,1.0728,1192,1.0728,0,0.0,0.042912,0.042912,SILVER,SILVER,,,
ZJ_U51_5K_E071_N645,5000,ZJ-SMB,L2-cmssm2020-polygons,2020,WEAK,25.0,0,0.0,0,0.0,0,0.0,0.0,0.0,SILVER,SILVER,,,
ZJ_U51_5K_E071_N645,5000,ZJ-SMB,L3-hangzhou-mask-2015,2015,WEAK,25.0,0,0.0,0,0.0,0,0.0,0.0,0.0,SILVER,SILVER,,,
ZJ_U51_5K_E071_N645,5000,ZJ-SMB,L4-cmsa-polygons-2019,2019,WEAK,25.0,0,0.0,0,0.0,0,0.0,0.0,0.0,SILVER,SILVER,,,
ZJ_U51_5K_E071_N645,5000,ZJ-SMB,L5-cmsa-polygons-2020,2020,WEAK,25.0,0,0.0,0,0.0,0,0.0,0.0,0.0,SILVER,SILVER,,,
ZJ_U51_5K_E071_N645,5000,ZJ-SMB,L6-cmsa-polygons-2021,2021,WEAK,25.0,0,0.0,0,0.0,0,0.0,0.0,0.0,SILVER,SILVER,,,
ZJ_U51_5K_E071_N646,5000,ZJ-SMB,L1-china2015-raster30m,2015,SILVER,25.0,6695,6.0255,6695,6.0255,0,0.0,0.24102,0.24102,SILVER,SILVER,,,
ZJ_U51_5K_E071_N646,5000,ZJ-SMB,L2-cmssm2020-polygons,2020,WEAK,25.0,0,0.0,0,0.0,0,0.0,0.0,0.0,SILVER,SILVER,,,
ZJ_U51_5K_E071_N646,5000,ZJ-SMB,L3-hangzhou-mask-2015,2015,WEAK,25.0,0,0.0,0,0.0,0,0.0,0.0,0.0,SILVER,SILVER,,,
ZJ_U51_5K_E071_N646,5000,ZJ-SMB,L4-cmsa-polygons-2019,2019,WEAK,25.0,0,0.0,0,0.0,0,0.0,0.0,0.0,SILVER,SILVER,,,
ZJ_U51_5K_E071_N646,5000,ZJ-SMB,L5-cmsa-polygons-2020,2020,WEAK,25.0,0,0.0,0,0.0,0,0.0,0.0,0.0,SILVER,SILVER,,,
ZJ_U51_5K_E071_N646,5000,ZJ-SMB,L6-cmsa-polygons-2021,2021,WEAK,25.0,0,0.0,0,0.0,0,0.0,0.0,0.0,SILVER,SILVER,,,
ZJ_U51_5K_E071_N647,5000,ZJ-SMB,L1-china2015-raster30m,2015,SILVER,25.0,1029,0.9261,1029,0.9261,0,0.0,0.037044,0.037044,SILVER,SILVER,,,
ZJ_U51_5K_E071_N647,5000,ZJ-SMB,L2-cmssm2020-polygons,2020,WEAK,25.0,0,0.0,0,0.0,0,0.0,0.0,0.0,SILVER,SILVER,,,
ZJ_U51_5K_E071_N647,5000,ZJ-SMB,L3-hangzhou-mask-2015,2015,WEAK,25.0,0,0.0,0,0.0,0,0.0,0.0,0.0,SILVER,SILVER,,,
ZJ_U51_5K_E071_N647,5000,ZJ-SMB,L4-cmsa-polygons-2019,2019,WEAK,25.0,0,0.0,0,0.0,0,0.0,0.0,0.0,SILVER,SILVER,,,
ZJ_U51_5K_E071_N647,5000,ZJ-SMB,L5-cmsa-polygons-2020,2020,WEAK,25.0,0,0.0,0,0.0,0,0.0,0.0,0.0,SILVER,SILVER,,,
ZJ_U51_5K_E071_N647,5000,ZJ-SMB,L6-cmsa-polygons-2021,2021,WEAK,25.0,0,0.0,0,0.0,0,0.0,0.0,0.0,SILVER,SILVER,,,
ZJ_U51_5K_E071_N648,5000,ZJ-SMB,L1-china2015-raster30m,2015,SILVER,25.0,0,0.0,0,0.0,0,0.0,0.0,0.0,UNLABELED,UNLABELED,,,
ZJ_U51_5K_E071_N648,5000,ZJ-SMB,L2-cmssm2020-polygons,2020,WEAK,25.0,0,0.0,0,0.0,0,0.0,0.0,0.0,UNLABELED,UNLABELED,,,
ZJ_U51_5K_E071_N648,5000,ZJ-SMB,L3-hangzhou-mask-2015,2015,WEAK,25.0,0,0.0,0,0.0,0,0.0,0.0,0.0,UNLABELED,UNLABELED,,,
ZJ_U51_5K_E071_N648,5000,ZJ-SMB,L4-cmsa-polygons-2019,2019,WEAK,25.0,0,0.0,0,0.0,0,0.0,0.0,0.0,UNLABELED,UNLABELED,,,
ZJ_U51_5K_E071_N648,5000,ZJ-SMB,L5-cmsa-polygons-2020,2020,WEAK,25.0,0,0.0,0,0.0,0,0.0,0.0,0.0,UNLABELED,UNLABELED,,,
ZJ_U51_5K_E071_N648,5000,ZJ-SMB,L6-cmsa-polygons-2021,2021,WEAK,25.0,0,0.0,0,0.0,0,0.0,0.0,0.0,UNLABELED,UNLABELED,,,
ZJ_U51_5K_E071_N649,5000,ZJ-SMB,L1-china2015-raster30m,2015,SILVER,13.162499,0,0.0,0,0.0,0,0.0,0.0,0.0,UNLABELED,UNLABELED,,,
ZJ_U51_5K_E071_N649,5000,ZJ-SMB,L2-cmssm2020-polygons,2020,WEAK,13.162499,0,0.0,0,0.0,0,0.0,0.0,0.0,UNLABELED,UNLABELED,,,
ZJ_U51_5K_E071_N649,5000,ZJ-SMB,L3-hangzhou-mask-2015,2015,WEAK,13.162499,0,0.0,0,0.0,0,0.0,0.0,0.0,UNLABELED,UNLABELED,,,
ZJ_U51_5K_E071_N649,5000,ZJ-SMB,L4-cmsa-polygons-2019,2019,WEAK,13.162499,0,0.0,0,0.0,0,0.0,0.0,0.0,UNLABELED,UNLABELED,,,
ZJ_U51_5K_E071_N649,5000,ZJ-SMB,L5-cmsa-polygons-2020,2020,WEAK,13.162499,0,0.0,0,0.0,0,0.0,0.0,0.0,UNLABELED,UNLABELED,,,
ZJ_U51_5K_E071_N649,5000,ZJ-SMB,L6-cmsa-polygons-2021,2021,WEAK,13.162499,0,0.0,0,0.0,0,0.0,0.0,0.0,UNLABELED,UNLABELED,,,
ZJ_U51_5K_E071_N665,5000,ZJ-HZB,L1-china2015-raster30m,2015,SILVER,15.702463,0,0.0,0,0.0,0,0.0,0.0,0.0,UNLABELED,UNLABELED,,,
ZJ_U51_5K_E071_N665,5000,ZJ-HZB,L2-cmssm2020-polygons,2020,WEAK,15.702463,0,0.0,0,0.0,0,0.0,0.0,0.0,UNLABELED,UNLABELED,,,
ZJ_U51_5K_E071_N665,5000,ZJ-HZB,L3-hangzhou-mask-2015,2015,WEAK,15.702463,0,0.0,0,0.0,0,0.0,0.0,0.0,UNLABELED,UNLABELED,,,
ZJ_U51_5K_E071_N665,5000,ZJ-HZB,L4-cmsa-polygons-2019,2019,WEAK,15.702463,0,0.0,0,0.0,0,0.0,0.0,0.0,UNLABELED,UNLABELED,,,
ZJ_U51_5K_E071_N665,5000,ZJ-HZB,L5-cmsa-polygons-2020,2020,WEAK,15.702463,0,0.0,0,0.0,0,0.0,0.0,0.0,UNLABELED,UNLABELED,,,
ZJ_U51_5K_E071_N665,5000,ZJ-HZB,L6-cmsa-polygons-2021,2021,WEAK,15.702463,0,0.0,0,0.0,0,0.0,0.0,0.0,UNLABELED,UNLABELED,,,
ZJ_U51_5K_E071_N666,5000,ZJ-HZB,L1-china2015-raster30m,2015,SILVER,25.0,0,0.0,0,0.0,0,0.0,0.0,0.0,UNLABELED,UNLABELED,,,
ZJ_U51_5K_E071_N666,5000,ZJ-HZB,L2-cmssm2020-polygons,2020,WEAK,25.0,0,0.0,0,0.0,0,0.0,0.0,0.0,UNLABELED,UNLABELED,,,
ZJ_U51_5K_E071_N666,5000,ZJ-HZB,L3-hangzhou-mask-2015,2015,WEAK,25.0,0,0.0,0,0.0,0,0.0,0.0,0.0,UNLABELED,UNLABELED,,,
ZJ_U51_5K_E071_N666,5000,ZJ-HZB,L4-cmsa-polygons-2019,2019,WEAK,25.0,0,0.0,0,0.0,0,0.0,0.0,0.0,UNLABELED,UNLABELED,,,
ZJ_U51_5K_E071_N666,5000,ZJ-HZB,L5-cmsa-polygons-2020,2020,WEAK,25.0,0,0.0,0,0.0,0,0.0,0.0,0.0,UNLABELED,UNLABELED,,,
ZJ_U51_5K_E071_N666,5000,ZJ-HZB,L6-cmsa-polygons-2021,2021,WEAK,25.0,0,0.0,0,0.0,0,0.0,0.0,0.0,UNLABELED,UNLABELED,,,
ZJ_U51_5K_E071_N667,5000,ZJ-HZB,L1-china2015-raster30m,2015,SILVER,25.0,0,0.0,0,0.0,0,0.0,0.0,0.0,UNLABELED,UNLABELED,,,
ZJ_U51_5K_E071_N667,5000,ZJ-HZB,L2-cmssm2020-polygons,2020,WEAK,25.0,0,0.0,0,0.0,0,0.0,0.0,0.0,UNLABELED,UNLABELED,,,
ZJ_U51_5K_E071_N667,5000,ZJ-HZB,L3-hangzhou-mask-2015,2015,WEAK,25.0,0,0.0,0,0.0,0,0.0,0.0,0.0,UNLABELED,UNLABELED,,,
ZJ_U51_5K_E071_N667,5000,ZJ-HZB,L4-cmsa-polygons-2019,2019,WEAK,25.0,0,0.0,0,0.0,0,0.0,0.0,0.0,UNLABELED,UNLABELED,,,
ZJ_U51_5K_E071_N667,5000,ZJ-HZB,L5-cmsa-polygons-2020,2020,WEAK,25.0,0,0.0,0,0.0,0,0.0,0.0,0.0,UNLABELED,UNLABELED,,,
ZJ_U51_5K_E071_N667,5000,ZJ-HZB,L6-cmsa-polygons-2021,2021,WEAK,25.0,0,0.0,0,0.0,0,0.0,0.0,0.0,UNLABELED,UNLABELED,,,
ZJ_U51_5K_E071_N668,5000,ZJ-HZB,L1-china2015-raster30m,2015,SILVER,25.0,0,0.0,0,0.0,0,0.0,0.0,0.0,UNLABELED,UNLABELED,,,
ZJ_U51_5K_E071_N668,5000,ZJ-HZB,L2-cmssm2020-polygons,2020,WEAK,25.0,0,0.0,0,0.0,0,0.0,0.0,0.0,UNLABELED,UNLABELED,,,
ZJ_U51_5K_E071_N668,5000,ZJ-HZB,L3-hangzhou-mask-2015,2015,WEAK,25.0,0,0.0,0,0.0,0,0.0,0.0,0.0,UNLABELED,UNLABELED,,,
ZJ_U51_5K_E071_N668,5000,ZJ-HZB,L4-cmsa-polygons-2019,2019,WEAK,25.0,0,0.0,0,0.0,0,0.0,0.0,0.0,UNLABELED,UNLABELED,,,
ZJ_U51_5K_E071_N668,5000,ZJ-HZB,L5-cmsa-polygons-2020,2020,WEAK,25.0,0,0.0,0,0.0,0,0.0,0.0,0.0,UNLABELED,UNLABELED,,,
ZJ_U51_5K_E071_N668,5000,ZJ-HZB,L6-cmsa-polygons-2021,2021,WEAK,25.0,0,0.0,0,0.0,0,0.0,0.0,0.0,UNLABELED,UNLABELED,,,
ZJ_U51_5K_E071_N669,5000,ZJ-HZB,L1-china2015-raster30m,2015,SILVER,25.0,0,0.0,0,0.0,0,0.0,0.0,0.0,UNLABELED,UNLABELED,,,
ZJ_U51_5K_E071_N669,5000,ZJ-HZB,L2-cmssm2020-polygons,2020,WEAK,25.0,0,0.0,0,0.0,0,0.0,0.0,0.0,UNLABELED,UNLABELED,,,
ZJ_U51_5K_E071_N669,5000,ZJ-HZB,L3-hangzhou-mask-2015,2015,WEAK,25.0,0,0.0,0,0.0,0,0.0,0.0,0.0,UNLABELED,UNLABELED,,,
ZJ_U51_5K_E071_N669,5000,ZJ-HZB,L4-cmsa-polygons-2019,2019,WEAK,25.0,0,0.0,0,0.0,0,0.0,0.0,0.0,UNLABELED,UNLABELED,,,
ZJ_U51_5K_E071_N669,5000,ZJ-HZB,L5-cmsa-polygons-2020,2020,WEAK,25.0,0,0.0,0,0.0,0,0.0,0.0,0.0,UNLABELED,UNLABELED,,,
ZJ_U51_5K_E071_N669,5000,ZJ-HZB,L6-cmsa-polygons-2021,2021,WEAK,25.0,0,0.0,0,0.0,0,0.0,0.0,0.0,UNLABELED,UNLABELED,,,
ZJ_U51_5K_E071_N670,5000,ZJ-HZB,L1-china2015-raster30m,2015,SILVER,25.0,0,0.0,0,0.0,0,0.0,0.0,0.0,UNLABELED,UNLABELED,,,
ZJ_U51_5K_E071_N670,5000,ZJ-HZB,L2-cmssm2020-polygons,2020,WEAK,25.0,0,0.0,0,0.0,0,0.0,0.0,0.0,UNLABELED,UNLABELED,,,
ZJ_U51_5K_E071_N670,5000,ZJ-HZB,L3-hangzhou-mask-2015,2015,WEAK,25.0,0,0.0,0,0.0,0,0.0,0.0,0.0,UNLABELED,UNLABELED,,,
ZJ_U51_5K_E071_N670,5000,ZJ-HZB,L4-cmsa-polygons-2019,2019,WEAK,25.0,0,0.0,0,0.0,0,0.0,0.0,0.0,UNLABELED,UNLABELED,,,
ZJ_U51_5K_E071_N670,5000,ZJ-HZB,L5-cmsa-polygons-2020,2020,WEAK,25.0,0,0.0,0,0.0,0,0.0,0.0,0.0,UNLABELED,UNLABELED,,,
ZJ_U51_5K_E071_N670,5000,ZJ-HZB,L6-cmsa-polygons-2021,2021,WEAK,25.0,0,0.0,0,0.0,0,0.0,0.0,0.0,UNLABELED,UNLABELED,,,
ZJ_U51_5K_E071_N671,5000,ZJ-HZB,L1-china2015-raster30m,2015,SILVER,25.0,0,0.0,0,0.0,0,0.0,0.0,0.0,UNLABELED,UNLABELED,,,
ZJ_U51_5K_E071_N671,5000,ZJ-HZB,L2-cmssm2020-polygons,2020,WEAK,25.0,0,0.0,0,0.0,0,0.0,0.0,0.0,UNLABELED,UNLABELED,,,
ZJ_U51_5K_E071_N671,5000,ZJ-HZB,L3-hangzhou-mask-2015,2015,WEAK,25.0,0,0.0,0,0.0,0,0.0,0.0,0.0,UNLABELED,UNLABELED,,,
ZJ_U51_5K_E071_N671,5000,ZJ-HZB,L4-cmsa-polygons-2019,2019,WEAK,25.0,0,0.0,0,0.0,0,0.0,0.0,0.0,UNLABELED,UNLABELED,,,
ZJ_U51_5K_E071_N671,5000,ZJ-HZB,L5-cmsa-polygons-2020,2020,WEAK,25.0,0,0.0,0,0.0,0,0.0,0.0,0.0,UNLABELED,UNLABELED,,,
ZJ_U51_5K_E071_N671,5000,ZJ-HZB,L6-cmsa-polygons-2021,2021,WEAK,25.0,0,0.0,0,0.0,0,0.0,0.0,0.0,UNLABELED,UNLABELED,,,
ZJ_U51_5K_E071_N672,5000,ZJ-HZB,L1-china2015-raster30m,2015,SILVER,25.0,0,0.0,0,0.0,0,0.0,0.0,0.0,UNLABELED,UNLABELED,,,
ZJ_U51_5K_E071_N672,5000,ZJ-HZB,L2-cmssm2020-polygons,2020,WEAK,25.0,0,0.0,0,0.0,0,0.0,0.0,0.0,UNLABELED,UNLABELED,,,
ZJ_U51_5K_E071_N672,5000,ZJ-HZB,L3-hangzhou-mask-2015,2015,WEAK,25.0,0,0.0,0,0.0,0,0.0,0.0,0.0,UNLABELED,UNLABELED,,,
ZJ_U51_5K_E071_N672,5000,ZJ-HZB,L4-cmsa-polygons-2019,2019,WEAK,25.0,0,0.0,0,0.0,0,0.0,0.0,0.0,UNLABELED,UNLABELED,,,
ZJ_U51_5K_E071_N672,5000,ZJ-HZB,L5-cmsa-polygons-2020,2020,WEAK,25.0,0,0.0,0,0.0,0,0.0,0.0,0.0,UNLABELED,UNLABELED,,,
ZJ_U51_5K_E071_N672,5000,ZJ-HZB,L6-cmsa-polygons-2021,2021,WEAK,25.0,0,0.0,0,0.0,0,0.0,0.0,0.0,UNLABELED,UNLABELED,,,
ZJ_U51_5K_E071_N673,5000,ZJ-HZB,L1-china2015-raster30m,2015,SILVER,25.0,0,0.0,0,0.0,0,0.0,0.0,0.0,UNLABELED,UNLABELED,,,
ZJ_U51_5K_E071_N673,5000,ZJ-HZB,L2-cmssm2020-polygons,2020,WEAK,25.0,0,0.0,0,0.0,0,0.0,0.0,0.0,UNLABELED,UNLABELED,,,
ZJ_U51_5K_E071_N673,5000,ZJ-HZB,L3-hangzhou-mask-2015,2015,WEAK,25.0,0,0.0,0,0.0,0,0.0,0.0,0.0,UNLABELED,UNLABELED,,,
ZJ_U51_5K_E071_N673,5000,ZJ-HZB,L4-cmsa-polygons-2019,2019,WEAK,25.0,0,0.0,0,0.0,0,0.0,0.0,0.0,UNLABELED,UNLABELED,,,
ZJ_U51_5K_E071_N673,5000,ZJ-HZB,L5-cmsa-polygons-2020,2020,WEAK,25.0,0,0.0,0,0.0,0,0.0,0.0,0.0,UNLABELED,UNLABELED,,,
ZJ_U51_5K_E071_N673,5000,ZJ-HZB,L6-cmsa-polygons-2021,2021,WEAK,25.0,0,0.0,0,0.0,0,0.0,0.0,0.0,UNLABELED,UNLABELED,,,
ZJ_U51_5K_E071_N674,5000,ZJ-HZB,L1-china2015-raster30m,2015,SILVER,25.0,0,0.0,0,0.0,0,0.0,0.0,0.0,UNLABELED,UNLABELED,,,
ZJ_U51_5K_E071_N674,5000,ZJ-HZB,L2-cmssm2020-polygons,2020,WEAK,25.0,0,0.0,0,0.0,0,0.0,0.0,0.0,UNLABELED,UNLABELED,,,
ZJ_U51_5K_E071_N674,5000,ZJ-HZB,L3-hangzhou-mask-2015,2015,WEAK,25.0,0,0.0,0,0.0,0,0.0,0.0,0.0,UNLABELED,UNLABELED,,,
ZJ_U51_5K_E071_N674,5000,ZJ-HZB,L4-cmsa-polygons-2019,2019,WEAK,25.0,0,0.0,0,0.0,0,0.0,0.0,0.0,UNLABELED,UNLABELED,,,
ZJ_U51_5K_E071_N674,5000,ZJ-HZB,L5-cmsa-polygons-2020,2020,WEAK,25.0,0,0.0,0,0.0,0,0.0,0.0,0.0,UNLABELED,UNLABELED,,,
ZJ_U51_5K_E071_N674,5000,ZJ-HZB,L6-cmsa-polygons-2021,2021,WEAK,25.0,0,0.0,0,0.0,0,0.0,0.0,0.0,UNLABELED,UNLABELED,,,
ZJ_U51_5K_E071_N675,5000,ZJ-HZB,L1-china2015-raster30m,2015,SILVER,25.0,0,0.0,0,0.0,0,0.0,0.0,0.0,UNLABELED,UNLABELED,,,
ZJ_U51_5K_E071_N675,5000,ZJ-HZB,L2-cmssm2020-polygons,2020,WEAK,25.0,0,0.0,0,0.0,0,0.0,0.0,0.0,UNLABELED,UNLABELED,,,
ZJ_U51_5K_E071_N675,5000,ZJ-HZB,L3-hangzhou-mask-2015,2015,WEAK,25.0,0,0.0,0,0.0,0,0.0,0.0,0.0,UNLABELED,UNLABELED,,,
ZJ_U51_5K_E071_N675,5000,ZJ-HZB,L4-cmsa-polygons-2019,2019,WEAK,25.0,0,0.0,0,0.0,0,0.0,0.0,0.0,UNLABELED,UNLABELED,,,
ZJ_U51_5K_E071_N675,5000,ZJ-HZB,L5-cmsa-polygons-2020,2020,WEAK,25.0,0,0.0,0,0.0,0,0.0,0.0,0.0,UNLABELED,UNLABELED,,,
ZJ_U51_5K_E071_N675,5000,ZJ-HZB,L6-cmsa-polygons-2021,2021,WEAK,25.0,0,0.0,0,0.0,0,0.0,0.0,0.0,UNLABELED,UNLABELED,,,
ZJ_U51_5K_E071_N676,5000,ZJ-HZB,L1-china2015-raster30m,2015,SILVER,25.0,0,0.0,0,0.0,0,0.0,0.0,0.0,UNLABELED,UNLABELED,,,
ZJ_U51_5K_E071_N676,5000,ZJ-HZB,L2-cmssm2020-polygons,2020,WEAK,25.0,0,0.0,0,0.0,0,0.0,0.0,0.0,UNLABELED,UNLABELED,,,
ZJ_U51_5K_E071_N676,5000,ZJ-HZB,L3-hangzhou-mask-2015,2015,WEAK,25.0,0,0.0,0,0.0,0,0.0,0.0,0.0,UNLABELED,UNLABELED,,,
ZJ_U51_5K_E071_N676,5000,ZJ-HZB,L4-cmsa-polygons-2019,2019,WEAK,25.0,0,0.0,0,0.0,0,0.0,0.0,0.0,UNLABELED,UNLABELED,,,
ZJ_U51_5K_E071_N676,5000,ZJ-HZB,L5-cmsa-polygons-2020,2020,WEAK,25.0,0,0.0,0,0.0,0,0.0,0.0,0.0,UNLABELED,UNLABELED,,,
ZJ_U51_5K_E071_N676,5000,ZJ-HZB,L6-cmsa-polygons-2021,2021,WEAK,25.0,0,0.0,0,0.0,0,0.0,0.0,0.0,UNLABELED,UNLABELED,,,
ZJ_U51_5K_E071_N677,5000,ZJ-HZB,L1-china2015-raster30m,2015,SILVER,25.0,0,0.0,0,0.0,0,0.0,0.0,0.0,UNLABELED,UNLABELED,,,
ZJ_U51_5K_E071_N677,5000,ZJ-HZB,L2-cmssm2020-polygons,2020,WEAK,25.0,0,0.0,0,0.0,0,0.0,0.0,0.0,UNLABELED,UNLABELED,,,
ZJ_U51_5K_E071_N677,5000,ZJ-HZB,L3-hangzhou-mask-2015,2015,WEAK,25.0,0,0.0,0,0.0,0,0.0,0.0,0.0,UNLABELED,UNLABELED,,,
ZJ_U51_5K_E071_N677,5000,ZJ-HZB,L4-cmsa-polygons-2019,2019,WEAK,25.0,0,0.0,0,0.0,0,0.0,0.0,0.0,UNLABELED,UNLABELED,,,
ZJ_U51_5K_E071_N677,5000,ZJ-HZB,L5-cmsa-polygons-2020,2020,WEAK,25.0,0,0.0,0,0.0,0,0.0,0.0,0.0,UNLABELED,UNLABELED,,,
ZJ_U51_5K_E071_N677,5000,ZJ-HZB,L6-cmsa-polygons-2021,2021,WEAK,25.0,0,0.0,0,0.0,0,0.0,0.0,0.0,UNLABELED,UNLABELED,,,
ZJ_U51_5K_E071_N678,5000,ZJ-HZB,L1-china2015-raster30m,2015,SILVER,25.0,0,0.0,0,0.0,0,0.0,0.0,0.0,UNLABELED,UNLABELED,,,
ZJ_U51_5K_E071_N678,5000,ZJ-HZB,L2-cmssm2020-polygons,2020,WEAK,25.0,0,0.0,0,0.0,0,0.0,0.0,0.0,UNLABELED,UNLABELED,,,
ZJ_U51_5K_E071_N678,5000,ZJ-HZB,L3-hangzhou-mask-2015,2015,WEAK,25.0,0,0.0,0,0.0,0,0.0,0.0,0.0,UNLABELED,UNLABELED,,,
ZJ_U51_5K_E071_N678,5000,ZJ-HZB,L4-cmsa-polygons-2019,2019,WEAK,25.0,0,0.0,0,0.0,0,0.0,0.0,0.0,UNLABELED,UNLABELED,,,
ZJ_U51_5K_E071_N678,5000,ZJ-HZB,L5-cmsa-polygons-2020,2020,WEAK,25.0,0,0.0,0,0.0,0,0.0,0.0,0.0,UNLABELED,UNLABELED,,,
ZJ_U51_5K_E071_N678,5000,ZJ-HZB,L6-cmsa-polygons-2021,2021,WEAK,25.0,0,0.0,0,0.0,0,0.0,0.0,0.0,UNLABELED,UNLABELED,,,
ZJ_U51_5K_E071_N679,5000,ZJ-HZB,L1-china2015-raster30m,2015,SILVER,12.193065,0,0.0,0,0.0,0,0.0,0.0,0.0,UNLABELED,UNLABELED,,,
ZJ_U51_5K_E071_N679,5000,ZJ-HZB,L2-cmssm2020-polygons,2020,WEAK,12.193065,0,0.0,0,0.0,0,0.0,0.0,0.0,UNLABELED,UNLABELED,,,
ZJ_U51_5K_E071_N679,5000,ZJ-HZB,L3-hangzhou-mask-2015,2015,WEAK,12.193065,0,0.0,0,0.0,0,0.0,0.0,0.0,UNLABELED,UNLABELED,,,
ZJ_U51_5K_E071_N679,5000,ZJ-HZB,L4-cmsa-polygons-2019,2019,WEAK,12.193065,0,0.0,0,0.0,0,0.0,0.0,0.0,UNLABELED,UNLABELED,,,
ZJ_U51_5K_E071_N679,5000,ZJ-HZB,L5-cmsa-polygons-2020,2020,WEAK,12.193065,0,0.0,0,0.0,0,0.0,0.0,0.0,UNLABELED,UNLABELED,,,
ZJ_U51_5K_E071_N679,5000,ZJ-HZB,L6-cmsa-polygons-2021,2021,WEAK,12.193065,0,0.0,0,0.0,0,0.0,0.0,0.0,UNLABELED,UNLABELED,,,
ZJ_U51_5K_E072_N641,5000,ZJ-SMB,L1-china2015-raster30m,2015,SILVER,23.366207,0,0.0,0,0.0,0,0.0,0.0,0.0,UNLABELED,UNLABELED,,,
ZJ_U51_5K_E072_N641,5000,ZJ-SMB,L2-cmssm2020-polygons,2020,WEAK,23.366207,0,0.0,0,0.0,0,0.0,0.0,0.0,UNLABELED,UNLABELED,,,
ZJ_U51_5K_E072_N641,5000,ZJ-SMB,L3-hangzhou-mask-2015,2015,WEAK,23.366207,0,0.0,0,0.0,0,0.0,0.0,0.0,UNLABELED,UNLABELED,,,
ZJ_U51_5K_E072_N641,5000,ZJ-SMB,L4-cmsa-polygons-2019,2019,WEAK,23.366207,0,0.0,0,0.0,0,0.0,0.0,0.0,UNLABELED,UNLABELED,,,
ZJ_U51_5K_E072_N641,5000,ZJ-SMB,L5-cmsa-polygons-2020,2020,WEAK,23.366207,0,0.0,0,0.0,0,0.0,0.0,0.0,UNLABELED,UNLABELED,,,
ZJ_U51_5K_E072_N641,5000,ZJ-SMB,L6-cmsa-polygons-2021,2021,WEAK,23.366207,0,0.0,0,0.0,0,0.0,0.0,0.0,UNLABELED,UNLABELED,,,
ZJ_U51_5K_E072_N642,5000,ZJ-SMB,L1-china2015-raster30m,2015,SILVER,25.0,380,0.342,380,0.342,0,0.0,0.01368,0.01368,SILVER,SILVER,,,
ZJ_U51_5K_E072_N642,5000,ZJ-SMB,L2-cmssm2020-polygons,2020,WEAK,25.0,0,0.0,0,0.0,0,0.0,0.0,0.0,SILVER,SILVER,,,
ZJ_U51_5K_E072_N642,5000,ZJ-SMB,L3-hangzhou-mask-2015,2015,WEAK,25.0,0,0.0,0,0.0,0,0.0,0.0,0.0,SILVER,SILVER,,,
ZJ_U51_5K_E072_N642,5000,ZJ-SMB,L4-cmsa-polygons-2019,2019,WEAK,25.0,0,0.0,0,0.0,0,0.0,0.0,0.0,SILVER,SILVER,,,
ZJ_U51_5K_E072_N642,5000,ZJ-SMB,L5-cmsa-polygons-2020,2020,WEAK,25.0,0,0.0,0,0.0,0,0.0,0.0,0.0,SILVER,SILVER,,,
ZJ_U51_5K_E072_N642,5000,ZJ-SMB,L6-cmsa-polygons-2021,2021,WEAK,25.0,0,0.0,0,0.0,0,0.0,0.0,0.0,SILVER,SILVER,,,
ZJ_U51_5K_E072_N643,5000,ZJ-SMB,L1-china2015-raster30m,2015,SILVER,25.0,0,0.0,0,0.0,0,0.0,0.0,0.0,UNLABELED,UNLABELED,,,
ZJ_U51_5K_E072_N643,5000,ZJ-SMB,L2-cmssm2020-polygons,2020,WEAK,25.0,0,0.0,0,0.0,0,0.0,0.0,0.0,UNLABELED,UNLABELED,,,
ZJ_U51_5K_E072_N643,5000,ZJ-SMB,L3-hangzhou-mask-2015,2015,WEAK,25.0,0,0.0,0,0.0,0,0.0,0.0,0.0,UNLABELED,UNLABELED,,,
ZJ_U51_5K_E072_N643,5000,ZJ-SMB,L4-cmsa-polygons-2019,2019,WEAK,25.0,0,0.0,0,0.0,0,0.0,0.0,0.0,UNLABELED,UNLABELED,,,
ZJ_U51_5K_E072_N643,5000,ZJ-SMB,L5-cmsa-polygons-2020,2020,WEAK,25.0,0,0.0,0,0.0,0,0.0,0.0,0.0,UNLABELED,UNLABELED,,,
ZJ_U51_5K_E072_N643,5000,ZJ-SMB,L6-cmsa-polygons-2021,2021,WEAK,25.0,0,0.0,0,0.0,0,0.0,0.0,0.0,UNLABELED,UNLABELED,,,
ZJ_U51_5K_E072_N644,5000,ZJ-SMB,L1-china2015-raster30m,2015,SILVER,25.0,776,0.6984,776,0.6984,0,0.0,0.027936,0.027936,SILVER,SILVER,,,
ZJ_U51_5K_E072_N644,5000,ZJ-SMB,L2-cmssm2020-polygons,2020,WEAK,25.0,0,0.0,0,0.0,0,0.0,0.0,0.0,SILVER,SILVER,,,
ZJ_U51_5K_E072_N644,5000,ZJ-SMB,L3-hangzhou-mask-2015,2015,WEAK,25.0,0,0.0,0,0.0,0,0.0,0.0,0.0,SILVER,SILVER,,,
ZJ_U51_5K_E072_N644,5000,ZJ-SMB,L4-cmsa-polygons-2019,2019,WEAK,25.0,0,0.0,0,0.0,0,0.0,0.0,0.0,SILVER,SILVER,,,
ZJ_U51_5K_E072_N644,5000,ZJ-SMB,L5-cmsa-polygons-2020,2020,WEAK,25.0,0,0.0,0,0.0,0,0.0,0.0,0.0,SILVER,SILVER,,,
ZJ_U51_5K_E072_N644,5000,ZJ-SMB,L6-cmsa-polygons-2021,2021,WEAK,25.0,0,0.0,0,0.0,0,0.0,0.0,0.0,SILVER,SILVER,,,
ZJ_U51_5K_E072_N645,5000,ZJ-SMB,L1-china2015-raster30m,2015,SILVER,25.0,4109,3.6981,4109,3.6981,0,0.0,0.147924,0.147924,SILVER,SILVER,,,
ZJ_U51_5K_E072_N645,5000,ZJ-SMB,L2-cmssm2020-polygons,2020,WEAK,25.0,0,0.0,0,0.0,0,0.0,0.0,0.0,SILVER,SILVER,,,
ZJ_U51_5K_E072_N645,5000,ZJ-SMB,L3-hangzhou-mask-2015,2015,WEAK,25.0,0,0.0,0,0.0,0,0.0,0.0,0.0,SILVER,SILVER,,,
ZJ_U51_5K_E072_N645,5000,ZJ-SMB,L4-cmsa-polygons-2019,2019,WEAK,25.0,0,0.0,0,0.0,0,0.0,0.0,0.0,SILVER,SILVER,,,
ZJ_U51_5K_E072_N645,5000,ZJ-SMB,L5-cmsa-polygons-2020,2020,WEAK,25.0,0,0.0,0,0.0,0,0.0,0.0,0.0,SILVER,SILVER,,,
ZJ_U51_5K_E072_N645,5000,ZJ-SMB,L6-cmsa-polygons-2021,2021,WEAK,25.0,0,0.0,0,0.0,0,0.0,0.0,0.0,SILVER,SILVER,,,
ZJ_U51_5K_E072_N646,5000,ZJ-SMB,L1-china2015-raster30m,2015,SILVER,25.0,9061,8.1549,9061,8.1549,0,0.0,0.326196,0.326196,SILVER,SILVER,,,
ZJ_U51_5K_E072_N646,5000,ZJ-SMB,L2-cmssm2020-polygons,2020,WEAK,25.0,0,0.0,0,0.0,0,0.0,0.0,0.0,SILVER,SILVER,,,
ZJ_U51_5K_E072_N646,5000,ZJ-SMB,L3-hangzhou-mask-2015,2015,WEAK,25.0,0,0.0,0,0.0,0,0.0,0.0,0.0,SILVER,SILVER,,,
ZJ_U51_5K_E072_N646,5000,ZJ-SMB,L4-cmsa-polygons-2019,2019,WEAK,25.0,0,0.0,0,0.0,0,0.0,0.0,0.0,SILVER,SILVER,,,
ZJ_U51_5K_E072_N646,5000,ZJ-SMB,L5-cmsa-polygons-2020,2020,WEAK,25.0,0,0.0,0,0.0,0,0.0,0.0,0.0,SILVER,SILVER,,,
ZJ_U51_5K_E072_N646,5000,ZJ-SMB,L6-cmsa-polygons-2021,2021,WEAK,25.0,0,0.0,0,0.0,0,0.0,0.0,0.0,SILVER,SILVER,,,
ZJ_U51_5K_E072_N647,5000,ZJ-SMB,L1-china2015-raster30m,2015,SILVER,25.0,2852,2.5668,2852,2.5668,0,0.0,0.102672,0.102672,SILVER,SILVER,,,
ZJ_U51_5K_E072_N647,5000,ZJ-SMB,L2-cmssm2020-polygons,2020,WEAK,25.0,0,0.0,0,0.0,0,0.0,0.0,0.0,SILVER,SILVER,,,
ZJ_U51_5K_E072_N647,5000,ZJ-SMB,L3-hangzhou-mask-2015,2015,WEAK,25.0,0,0.0,0,0.0,0,0.0,0.0,0.0,SILVER,SILVER,,,
ZJ_U51_5K_E072_N647,5000,ZJ-SMB,L4-cmsa-polygons-2019,2019,WEAK,25.0,0,0.0,0,0.0,0,0.0,0.0,0.0,SILVER,SILVER,,,
ZJ_U51_5K_E072_N647,5000,ZJ-SMB,L5-cmsa-polygons-2020,2020,WEAK,25.0,0,0.0,0,0.0,0,0.0,0.0,0.0,SILVER,SILVER,,,
ZJ_U51_5K_E072_N647,5000,ZJ-SMB,L6-cmsa-polygons-2021,2021,WEAK,25.0,0,0.0,0,0.0,0,0.0,0.0,0.0,SILVER,SILVER,,,
ZJ_U51_5K_E072_N648,5000,ZJ-SMB,L1-china2015-raster30m,2015,SILVER,23.839808,0,0.0,0,0.0,0,0.0,0.0,0.0,UNLABELED,UNLABELED,,,
ZJ_U51_5K_E072_N648,5000,ZJ-SMB,L2-cmssm2020-polygons,2020,WEAK,23.839808,0,0.0,0,0.0,0,0.0,0.0,0.0,UNLABELED,UNLABELED,,,
ZJ_U51_5K_E072_N648,5000,ZJ-SMB,L3-hangzhou-mask-2015,2015,WEAK,23.839808,0,0.0,0,0.0,0,0.0,0.0,0.0,UNLABELED,UNLABELED,,,
ZJ_U51_5K_E072_N648,5000,ZJ-SMB,L4-cmsa-polygons-2019,2019,WEAK,23.839808,0,0.0,0,0.0,0,0.0,0.0,0.0,UNLABELED,UNLABELED,,,
ZJ_U51_5K_E072_N648,5000,ZJ-SMB,L5-cmsa-polygons-2020,2020,WEAK,23.839808,0,0.0,0,0.0,0,0.0,0.0,0.0,UNLABELED,UNLABELED,,,
ZJ_U51_5K_E072_N648,5000,ZJ-SMB,L6-cmsa-polygons-2021,2021,WEAK,23.839808,0,0.0,0,0.0,0,0.0,0.0,0.0,UNLABELED,UNLABELED,,,
ZJ_U51_5K_E072_N649,5000,ZJ-SMB,L1-china2015-raster30m,2015,SILVER,1.979939,0,0.0,0,0.0,0,0.0,0.0,0.0,UNLABELED,UNLABELED,,,
ZJ_U51_5K_E072_N649,5000,ZJ-SMB,L2-cmssm2020-polygons,2020,WEAK,1.979939,0,0.0,0,0.0,0,0.0,0.0,0.0,UNLABELED,UNLABELED,,,
ZJ_U51_5K_E072_N649,5000,ZJ-SMB,L3-hangzhou-mask-2015,2015,WEAK,1.979939,0,0.0,0,0.0,0,0.0,0.0,0.0,UNLABELED,UNLABELED,,,
ZJ_U51_5K_E072_N649,5000,ZJ-SMB,L4-cmsa-polygons-2019,2019,WEAK,1.979939,0,0.0,0,0.0,0,0.0,0.0,0.0,UNLABELED,UNLABELED,,,
ZJ_U51_5K_E072_N649,5000,ZJ-SMB,L5-cmsa-polygons-2020,2020,WEAK,1.979939,0,0.0,0,0.0,0,0.0,0.0,0.0,UNLABELED,UNLABELED,,,
ZJ_U51_5K_E072_N649,5000,ZJ-SMB,L6-cmsa-polygons-2021,2021,WEAK,1.979939,0,0.0,0,0.0,0,0.0,0.0,0.0,UNLABELED,UNLABELED,,,
ZJ_U51_5K_E072_N664,5000,ZJ-HZB,L1-china2015-raster30m,2015,SILVER,3.662908,0,0.0,0,0.0,0,0.0,0.0,0.0,UNLABELED,UNLABELED,,,
ZJ_U51_5K_E072_N664,5000,ZJ-HZB,L2-cmssm2020-polygons,2020,WEAK,3.662908,0,0.0,0,0.0,0,0.0,0.0,0.0,UNLABELED,UNLABELED,,,
ZJ_U51_5K_E072_N664,5000,ZJ-HZB,L3-hangzhou-mask-2015,2015,WEAK,3.662908,0,0.0,0,0.0,0,0.0,0.0,0.0,UNLABELED,UNLABELED,,,
ZJ_U51_5K_E072_N664,5000,ZJ-HZB,L4-cmsa-polygons-2019,2019,WEAK,3.662908,0,0.0,0,0.0,0,0.0,0.0,0.0,UNLABELED,UNLABELED,,,
ZJ_U51_5K_E072_N664,5000,ZJ-HZB,L5-cmsa-polygons-2020,2020,WEAK,3.662908,0,0.0,0,0.0,0,0.0,0.0,0.0,UNLABELED,UNLABELED,,,
ZJ_U51_5K_E072_N664,5000,ZJ-HZB,L6-cmsa-polygons-2021,2021,WEAK,3.662908,0,0.0,0,0.0,0,0.0,0.0,0.0,UNLABELED,UNLABELED,,,
ZJ_U51_5K_E072_N665,5000,ZJ-HZB,L1-china2015-raster30m,2015,SILVER,24.644114,0,0.0,0,0.0,0,0.0,0.0,0.0,UNLABELED,UNLABELED,,,
ZJ_U51_5K_E072_N665,5000,ZJ-HZB,L2-cmssm2020-polygons,2020,WEAK,24.644114,0,0.0,0,0.0,0,0.0,0.0,0.0,UNLABELED,UNLABELED,,,
ZJ_U51_5K_E072_N665,5000,ZJ-HZB,L3-hangzhou-mask-2015,2015,WEAK,24.644114,0,0.0,0,0.0,0,0.0,0.0,0.0,UNLABELED,UNLABELED,,,
ZJ_U51_5K_E072_N665,5000,ZJ-HZB,L4-cmsa-polygons-2019,2019,WEAK,24.644114,0,0.0,0,0.0,0,0.0,0.0,0.0,UNLABELED,UNLABELED,,,
ZJ_U51_5K_E072_N665,5000,ZJ-HZB,L5-cmsa-polygons-2020,2020,WEAK,24.644114,0,0.0,0,0.0,0,0.0,0.0,0.0,UNLABELED,UNLABELED,,,
ZJ_U51_5K_E072_N665,5000,ZJ-HZB,L6-cmsa-polygons-2021,2021,WEAK,24.644114,0,0.0,0,0.0,0,0.0,0.0,0.0,UNLABELED,UNLABELED,,,
ZJ_U51_5K_E072_N666,5000,ZJ-HZB,L1-china2015-raster30m,2015,SILVER,25.0,16,0.0144,16,0.0144,0,0.0,0.000576,0.000576,SILVER,SILVER,,,
ZJ_U51_5K_E072_N666,5000,ZJ-HZB,L2-cmssm2020-polygons,2020,WEAK,25.0,0,0.0,0,0.0,0,0.0,0.0,0.0,SILVER,SILVER,,,
ZJ_U51_5K_E072_N666,5000,ZJ-HZB,L3-hangzhou-mask-2015,2015,WEAK,25.0,0,0.0,0,0.0,0,0.0,0.0,0.0,SILVER,SILVER,,,
ZJ_U51_5K_E072_N666,5000,ZJ-HZB,L4-cmsa-polygons-2019,2019,WEAK,25.0,0,0.0,0,0.0,0,0.0,0.0,0.0,SILVER,SILVER,,,
ZJ_U51_5K_E072_N666,5000,ZJ-HZB,L5-cmsa-polygons-2020,2020,WEAK,25.0,0,0.0,0,0.0,0,0.0,0.0,0.0,SILVER,SILVER,,,
ZJ_U51_5K_E072_N666,5000,ZJ-HZB,L6-cmsa-polygons-2021,2021,WEAK,25.0,0,0.0,0,0.0,0,0.0,0.0,0.0,SILVER,SILVER,,,
ZJ_U51_5K_E072_N667,5000,ZJ-HZB,L1-china2015-raster30m,2015,SILVER,25.0,0,0.0,0,0.0,0,0.0,0.0,0.0,UNLABELED,UNLABELED,,,
ZJ_U51_5K_E072_N667,5000,ZJ-HZB,L2-cmssm2020-polygons,2020,WEAK,25.0,0,0.0,0,0.0,0,0.0,0.0,0.0,UNLABELED,UNLABELED,,,
ZJ_U51_5K_E072_N667,5000,ZJ-HZB,L3-hangzhou-mask-2015,2015,WEAK,25.0,0,0.0,0,0.0,0,0.0,0.0,0.0,UNLABELED,UNLABELED,,,
ZJ_U51_5K_E072_N667,5000,ZJ-HZB,L4-cmsa-polygons-2019,2019,WEAK,25.0,0,0.0,0,0.0,0,0.0,0.0,0.0,UNLABELED,UNLABELED,,,
ZJ_U51_5K_E072_N667,5000,ZJ-HZB,L5-cmsa-polygons-2020,2020,WEAK,25.0,0,0.0,0,0.0,0,0.0,0.0,0.0,UNLABELED,UNLABELED,,,
ZJ_U51_5K_E072_N667,5000,ZJ-HZB,L6-cmsa-polygons-2021,2021,WEAK,25.0,0,0.0,0,0.0,0,0.0,0.0,0.0,UNLABELED,UNLABELED,,,
ZJ_U51_5K_E072_N668,5000,ZJ-HZB,L1-china2015-raster30m,2015,SILVER,25.0,0,0.0,0,0.0,0,0.0,0.0,0.0,UNLABELED,UNLABELED,,,
ZJ_U51_5K_E072_N668,5000,ZJ-HZB,L2-cmssm2020-polygons,2020,WEAK,25.0,0,0.0,0,0.0,0,0.0,0.0,0.0,UNLABELED,UNLABELED,,,
ZJ_U51_5K_E072_N668,5000,ZJ-HZB,L3-hangzhou-mask-2015,2015,WEAK,25.0,0,0.0,0,0.0,0,0.0,0.0,0.0,UNLABELED,UNLABELED,,,
ZJ_U51_5K_E072_N668,5000,ZJ-HZB,L4-cmsa-polygons-2019,2019,WEAK,25.0,0,0.0,0,0.0,0,0.0,0.0,0.0,UNLABELED,UNLABELED,,,
ZJ_U51_5K_E072_N668,5000,ZJ-HZB,L5-cmsa-polygons-2020,2020,WEAK,25.0,0,0.0,0,0.0,0,0.0,0.0,0.0,UNLABELED,UNLABELED,,,
ZJ_U51_5K_E072_N668,5000,ZJ-HZB,L6-cmsa-polygons-2021,2021,WEAK,25.0,0,0.0,0,0.0,0,0.0,0.0,0.0,UNLABELED,UNLABELED,,,
ZJ_U51_5K_E072_N669,5000,ZJ-HZB,L1-china2015-raster30m,2015,SILVER,25.0,0,0.0,0,0.0,0,0.0,0.0,0.0,UNLABELED,UNLABELED,,,
ZJ_U51_5K_E072_N669,5000,ZJ-HZB,L2-cmssm2020-polygons,2020,WEAK,25.0,0,0.0,0,0.0,0,0.0,0.0,0.0,UNLABELED,UNLABELED,,,
ZJ_U51_5K_E072_N669,5000,ZJ-HZB,L3-hangzhou-mask-2015,2015,WEAK,25.0,0,0.0,0,0.0,0,0.0,0.0,0.0,UNLABELED,UNLABELED,,,
ZJ_U51_5K_E072_N669,5000,ZJ-HZB,L4-cmsa-polygons-2019,2019,WEAK,25.0,0,0.0,0,0.0,0,0.0,0.0,0.0,UNLABELED,UNLABELED,,,
ZJ_U51_5K_E072_N669,5000,ZJ-HZB,L5-cmsa-polygons-2020,2020,WEAK,25.0,0,0.0,0,0.0,0,0.0,0.0,0.0,UNLABELED,UNLABELED,,,
ZJ_U51_5K_E072_N669,5000,ZJ-HZB,L6-cmsa-polygons-2021,2021,WEAK,25.0,0,0.0,0,0.0,0,0.0,0.0,0.0,UNLABELED,UNLABELED,,,
ZJ_U51_5K_E072_N670,5000,ZJ-HZB,L1-china2015-raster30m,2015,SILVER,25.0,0,0.0,0,0.0,0,0.0,0.0,0.0,UNLABELED,UNLABELED,,,
ZJ_U51_5K_E072_N670,5000,ZJ-HZB,L2-cmssm2020-polygons,2020,WEAK,25.0,0,0.0,0,0.0,0,0.0,0.0,0.0,UNLABELED,UNLABELED,,,
ZJ_U51_5K_E072_N670,5000,ZJ-HZB,L3-hangzhou-mask-2015,2015,WEAK,25.0,0,0.0,0,0.0,0,0.0,0.0,0.0,UNLABELED,UNLABELED,,,
ZJ_U51_5K_E072_N670,5000,ZJ-HZB,L4-cmsa-polygons-2019,2019,WEAK,25.0,0,0.0,0,0.0,0,0.0,0.0,0.0,UNLABELED,UNLABELED,,,
ZJ_U51_5K_E072_N670,5000,ZJ-HZB,L5-cmsa-polygons-2020,2020,WEAK,25.0,0,0.0,0,0.0,0,0.0,0.0,0.0,UNLABELED,UNLABELED,,,
ZJ_U51_5K_E072_N670,5000,ZJ-HZB,L6-cmsa-polygons-2021,2021,WEAK,25.0,0,0.0,0,0.0,0,0.0,0.0,0.0,UNLABELED,UNLABELED,,,
ZJ_U51_5K_E072_N671,5000,ZJ-HZB,L1-china2015-raster30m,2015,SILVER,25.0,0,0.0,0,0.0,0,0.0,0.0,0.0,UNLABELED,UNLABELED,,,
ZJ_U51_5K_E072_N671,5000,ZJ-HZB,L2-cmssm2020-polygons,2020,WEAK,25.0,0,0.0,0,0.0,0,0.0,0.0,0.0,UNLABELED,UNLABELED,,,
ZJ_U51_5K_E072_N671,5000,ZJ-HZB,L3-hangzhou-mask-2015,2015,WEAK,25.0,0,0.0,0,0.0,0,0.0,0.0,0.0,UNLABELED,UNLABELED,,,
ZJ_U51_5K_E072_N671,5000,ZJ-HZB,L4-cmsa-polygons-2019,2019,WEAK,25.0,0,0.0,0,0.0,0,0.0,0.0,0.0,UNLABELED,UNLABELED,,,
ZJ_U51_5K_E072_N671,5000,ZJ-HZB,L5-cmsa-polygons-2020,2020,WEAK,25.0,0,0.0,0,0.0,0,0.0,0.0,0.0,UNLABELED,UNLABELED,,,
ZJ_U51_5K_E072_N671,5000,ZJ-HZB,L6-cmsa-polygons-2021,2021,WEAK,25.0,0,0.0,0,0.0,0,0.0,0.0,0.0,UNLABELED,UNLABELED,,,
ZJ_U51_5K_E072_N672,5000,ZJ-HZB,L1-china2015-raster30m,2015,SILVER,25.0,0,0.0,0,0.0,0,0.0,0.0,0.0,UNLABELED,UNLABELED,,,
ZJ_U51_5K_E072_N672,5000,ZJ-HZB,L2-cmssm2020-polygons,2020,WEAK,25.0,0,0.0,0,0.0,0,0.0,0.0,0.0,UNLABELED,UNLABELED,,,
ZJ_U51_5K_E072_N672,5000,ZJ-HZB,L3-hangzhou-mask-2015,2015,WEAK,25.0,0,0.0,0,0.0,0,0.0,0.0,0.0,UNLABELED,UNLABELED,,,
ZJ_U51_5K_E072_N672,5000,ZJ-HZB,L4-cmsa-polygons-2019,2019,WEAK,25.0,0,0.0,0,0.0,0,0.0,0.0,0.0,UNLABELED,UNLABELED,,,
ZJ_U51_5K_E072_N672,5000,ZJ-HZB,L5-cmsa-polygons-2020,2020,WEAK,25.0,0,0.0,0,0.0,0,0.0,0.0,0.0,UNLABELED,UNLABELED,,,
ZJ_U51_5K_E072_N672,5000,ZJ-HZB,L6-cmsa-polygons-2021,2021,WEAK,25.0,0,0.0,0,0.0,0,0.0,0.0,0.0,UNLABELED,UNLABELED,,,
ZJ_U51_5K_E072_N673,5000,ZJ-HZB,L1-china2015-raster30m,2015,SILVER,25.0,0,0.0,0,0.0,0,0.0,0.0,0.0,UNLABELED,UNLABELED,,,
ZJ_U51_5K_E072_N673,5000,ZJ-HZB,L2-cmssm2020-polygons,2020,WEAK,25.0,0,0.0,0,0.0,0,0.0,0.0,0.0,UNLABELED,UNLABELED,,,
ZJ_U51_5K_E072_N673,5000,ZJ-HZB,L3-hangzhou-mask-2015,2015,WEAK,25.0,0,0.0,0,0.0,0,0.0,0.0,0.0,UNLABELED,UNLABELED,,,
ZJ_U51_5K_E072_N673,5000,ZJ-HZB,L4-cmsa-polygons-2019,2019,WEAK,25.0,0,0.0,0,0.0,0,0.0,0.0,0.0,UNLABELED,UNLABELED,,,
ZJ_U51_5K_E072_N673,5000,ZJ-HZB,L5-cmsa-polygons-2020,2020,WEAK,25.0,0,0.0,0,0.0,0,0.0,0.0,0.0,UNLABELED,UNLABELED,,,
ZJ_U51_5K_E072_N673,5000,ZJ-HZB,L6-cmsa-polygons-2021,2021,WEAK,25.0,0,0.0,0,0.0,0,0.0,0.0,0.0,UNLABELED,UNLABELED,,,
ZJ_U51_5K_E072_N674,5000,ZJ-HZB,L1-china2015-raster30m,2015,SILVER,25.0,0,0.0,0,0.0,0,0.0,0.0,0.0,UNLABELED,UNLABELED,,,
ZJ_U51_5K_E072_N674,5000,ZJ-HZB,L2-cmssm2020-polygons,2020,WEAK,25.0,0,0.0,0,0.0,0,0.0,0.0,0.0,UNLABELED,UNLABELED,,,
ZJ_U51_5K_E072_N674,5000,ZJ-HZB,L3-hangzhou-mask-2015,2015,WEAK,25.0,0,0.0,0,0.0,0,0.0,0.0,0.0,UNLABELED,UNLABELED,,,
ZJ_U51_5K_E072_N674,5000,ZJ-HZB,L4-cmsa-polygons-2019,2019,WEAK,25.0,0,0.0,0,0.0,0,0.0,0.0,0.0,UNLABELED,UNLABELED,,,
ZJ_U51_5K_E072_N674,5000,ZJ-HZB,L5-cmsa-polygons-2020,2020,WEAK,25.0,0,0.0,0,0.0,0,0.0,0.0,0.0,UNLABELED,UNLABELED,,,
ZJ_U51_5K_E072_N674,5000,ZJ-HZB,L6-cmsa-polygons-2021,2021,WEAK,25.0,0,0.0,0,0.0,0,0.0,0.0,0.0,UNLABELED,UNLABELED,,,
ZJ_U51_5K_E072_N675,5000,ZJ-HZB,L1-china2015-raster30m,2015,SILVER,25.0,0,0.0,0,0.0,0,0.0,0.0,0.0,UNLABELED,UNLABELED,,,
ZJ_U51_5K_E072_N675,5000,ZJ-HZB,L2-cmssm2020-polygons,2020,WEAK,25.0,0,0.0,0,0.0,0,0.0,0.0,0.0,UNLABELED,UNLABELED,,,
ZJ_U51_5K_E072_N675,5000,ZJ-HZB,L3-hangzhou-mask-2015,2015,WEAK,25.0,0,0.0,0,0.0,0,0.0,0.0,0.0,UNLABELED,UNLABELED,,,
ZJ_U51_5K_E072_N675,5000,ZJ-HZB,L4-cmsa-polygons-2019,2019,WEAK,25.0,0,0.0,0,0.0,0,0.0,0.0,0.0,UNLABELED,UNLABELED,,,
ZJ_U51_5K_E072_N675,5000,ZJ-HZB,L5-cmsa-polygons-2020,2020,WEAK,25.0,0,0.0,0,0.0,0,0.0,0.0,0.0,UNLABELED,UNLABELED,,,
ZJ_U51_5K_E072_N675,5000,ZJ-HZB,L6-cmsa-polygons-2021,2021,WEAK,25.0,0,0.0,0,0.0,0,0.0,0.0,0.0,UNLABELED,UNLABELED,,,
ZJ_U51_5K_E072_N676,5000,ZJ-HZB,L1-china2015-raster30m,2015,SILVER,25.0,0,0.0,0,0.0,0,0.0,0.0,0.0,UNLABELED,UNLABELED,,,
ZJ_U51_5K_E072_N676,5000,ZJ-HZB,L2-cmssm2020-polygons,2020,WEAK,25.0,0,0.0,0,0.0,0,0.0,0.0,0.0,UNLABELED,UNLABELED,,,
ZJ_U51_5K_E072_N676,5000,ZJ-HZB,L3-hangzhou-mask-2015,2015,WEAK,25.0,0,0.0,0,0.0,0,0.0,0.0,0.0,UNLABELED,UNLABELED,,,
ZJ_U51_5K_E072_N676,5000,ZJ-HZB,L4-cmsa-polygons-2019,2019,WEAK,25.0,0,0.0,0,0.0,0,0.0,0.0,0.0,UNLABELED,UNLABELED,,,
ZJ_U51_5K_E072_N676,5000,ZJ-HZB,L5-cmsa-polygons-2020,2020,WEAK,25.0,0,0.0,0,0.0,0,0.0,0.0,0.0,UNLABELED,UNLABELED,,,
ZJ_U51_5K_E072_N676,5000,ZJ-HZB,L6-cmsa-polygons-2021,2021,WEAK,25.0,0,0.0,0,0.0,0,0.0,0.0,0.0,UNLABELED,UNLABELED,,,
ZJ_U51_5K_E072_N677,5000,ZJ-HZB,L1-china2015-raster30m,2015,SILVER,25.0,0,0.0,0,0.0,0,0.0,0.0,0.0,UNLABELED,UNLABELED,,,
ZJ_U51_5K_E072_N677,5000,ZJ-HZB,L2-cmssm2020-polygons,2020,WEAK,25.0,0,0.0,0,0.0,0,0.0,0.0,0.0,UNLABELED,UNLABELED,,,
ZJ_U51_5K_E072_N677,5000,ZJ-HZB,L3-hangzhou-mask-2015,2015,WEAK,25.0,0,0.0,0,0.0,0,0.0,0.0,0.0,UNLABELED,UNLABELED,,,
ZJ_U51_5K_E072_N677,5000,ZJ-HZB,L4-cmsa-polygons-2019,2019,WEAK,25.0,0,0.0,0,0.0,0,0.0,0.0,0.0,UNLABELED,UNLABELED,,,
ZJ_U51_5K_E072_N677,5000,ZJ-HZB,L5-cmsa-polygons-2020,2020,WEAK,25.0,0,0.0,0,0.0,0,0.0,0.0,0.0,UNLABELED,UNLABELED,,,
ZJ_U51_5K_E072_N677,5000,ZJ-HZB,L6-cmsa-polygons-2021,2021,WEAK,25.0,0,0.0,0,0.0,0,0.0,0.0,0.0,UNLABELED,UNLABELED,,,
ZJ_U51_5K_E072_N678,5000,ZJ-HZB,L1-china2015-raster30m,2015,SILVER,25.0,0,0.0,0,0.0,0,0.0,0.0,0.0,UNLABELED,UNLABELED,,,
ZJ_U51_5K_E072_N678,5000,ZJ-HZB,L2-cmssm2020-polygons,2020,WEAK,25.0,0,0.0,0,0.0,0,0.0,0.0,0.0,UNLABELED,UNLABELED,,,
ZJ_U51_5K_E072_N678,5000,ZJ-HZB,L3-hangzhou-mask-2015,2015,WEAK,25.0,0,0.0,0,0.0,0,0.0,0.0,0.0,UNLABELED,UNLABELED,,,
ZJ_U51_5K_E072_N678,5000,ZJ-HZB,L4-cmsa-polygons-2019,2019,WEAK,25.0,0,0.0,0,0.0,0,0.0,0.0,0.0,UNLABELED,UNLABELED,,,
ZJ_U51_5K_E072_N678,5000,ZJ-HZB,L5-cmsa-polygons-2020,2020,WEAK,25.0,0,0.0,0,0.0,0,0.0,0.0,0.0,UNLABELED,UNLABELED,,,
ZJ_U51_5K_E072_N678,5000,ZJ-HZB,L6-cmsa-polygons-2021,2021,WEAK,25.0,0,0.0,0,0.0,0,0.0,0.0,0.0,UNLABELED,UNLABELED,,,
ZJ_U51_5K_E072_N679,5000,ZJ-HZB,L1-china2015-raster30m,2015,SILVER,24.002893,0,0.0,0,0.0,0,0.0,0.0,0.0,UNLABELED,UNLABELED,,,
ZJ_U51_5K_E072_N679,5000,ZJ-HZB,L2-cmssm2020-polygons,2020,WEAK,24.002893,0,0.0,0,0.0,0,0.0,0.0,0.0,UNLABELED,UNLABELED,,,
ZJ_U51_5K_E072_N679,5000,ZJ-HZB,L3-hangzhou-mask-2015,2015,WEAK,24.002893,0,0.0,0,0.0,0,0.0,0.0,0.0,UNLABELED,UNLABELED,,,
ZJ_U51_5K_E072_N679,5000,ZJ-HZB,L4-cmsa-polygons-2019,2019,WEAK,24.002893,0,0.0,0,0.0,0,0.0,0.0,0.0,UNLABELED,UNLABELED,,,
ZJ_U51_5K_E072_N679,5000,ZJ-HZB,L5-cmsa-polygons-2020,2020,WEAK,24.002893,0,0.0,0,0.0,0,0.0,0.0,0.0,UNLABELED,UNLABELED,,,
ZJ_U51_5K_E072_N679,5000,ZJ-HZB,L6-cmsa-polygons-2021,2021,WEAK,24.002893,0,0.0,0,0.0,0,0.0,0.0,0.0,UNLABELED,UNLABELED,,,
ZJ_U51_5K_E072_N680,5000,ZJ-HZB,L1-china2015-raster30m,2015,SILVER,2.952465,0,0.0,0,0.0,0,0.0,0.0,0.0,UNLABELED,UNLABELED,,,
ZJ_U51_5K_E072_N680,5000,ZJ-HZB,L2-cmssm2020-polygons,2020,WEAK,2.952465,0,0.0,0,0.0,0,0.0,0.0,0.0,UNLABELED,UNLABELED,,,
ZJ_U51_5K_E072_N680,5000,ZJ-HZB,L3-hangzhou-mask-2015,2015,WEAK,2.952465,0,0.0,0,0.0,0,0.0,0.0,0.0,UNLABELED,UNLABELED,,,
ZJ_U51_5K_E072_N680,5000,ZJ-HZB,L4-cmsa-polygons-2019,2019,WEAK,2.952465,0,0.0,0,0.0,0,0.0,0.0,0.0,UNLABELED,UNLABELED,,,
ZJ_U51_5K_E072_N680,5000,ZJ-HZB,L5-cmsa-polygons-2020,2020,WEAK,2.952465,0,0.0,0,0.0,0,0.0,0.0,0.0,UNLABELED,UNLABELED,,,
ZJ_U51_5K_E072_N680,5000,ZJ-HZB,L6-cmsa-polygons-2021,2021,WEAK,2.952465,0,0.0,0,0.0,0,0.0,0.0,0.0,UNLABELED,UNLABELED,,,
ZJ_U51_5K_E073_N641,5000,ZJ-SMB,L1-china2015-raster30m,2015,SILVER,20.137308,0,0.0,0,0.0,0,0.0,0.0,0.0,UNLABELED,UNLABELED,,,
ZJ_U51_5K_E073_N641,5000,ZJ-SMB,L2-cmssm2020-polygons,2020,WEAK,20.137308,0,0.0,0,0.0,0,0.0,0.0,0.0,UNLABELED,UNLABELED,,,
ZJ_U51_5K_E073_N641,5000,ZJ-SMB,L3-hangzhou-mask-2015,2015,WEAK,20.137308,0,0.0,0,0.0,0,0.0,0.0,0.0,UNLABELED,UNLABELED,,,
ZJ_U51_5K_E073_N641,5000,ZJ-SMB,L4-cmsa-polygons-2019,2019,WEAK,20.137308,0,0.0,0,0.0,0,0.0,0.0,0.0,UNLABELED,UNLABELED,,,
ZJ_U51_5K_E073_N641,5000,ZJ-SMB,L5-cmsa-polygons-2020,2020,WEAK,20.137308,0,0.0,0,0.0,0,0.0,0.0,0.0,UNLABELED,UNLABELED,,,
ZJ_U51_5K_E073_N641,5000,ZJ-SMB,L6-cmsa-polygons-2021,2021,WEAK,20.137308,0,0.0,0,0.0,0,0.0,0.0,0.0,UNLABELED,UNLABELED,,,
ZJ_U51_5K_E073_N642,5000,ZJ-SMB,L1-china2015-raster30m,2015,SILVER,25.0,221,0.1989,221,0.1989,0,0.0,0.007956,0.007956,SILVER,SILVER,,,
ZJ_U51_5K_E073_N642,5000,ZJ-SMB,L2-cmssm2020-polygons,2020,WEAK,25.0,0,0.0,0,0.0,0,0.0,0.0,0.0,SILVER,SILVER,,,
ZJ_U51_5K_E073_N642,5000,ZJ-SMB,L3-hangzhou-mask-2015,2015,WEAK,25.0,0,0.0,0,0.0,0,0.0,0.0,0.0,SILVER,SILVER,,,
ZJ_U51_5K_E073_N642,5000,ZJ-SMB,L4-cmsa-polygons-2019,2019,WEAK,25.0,0,0.0,0,0.0,0,0.0,0.0,0.0,SILVER,SILVER,,,
ZJ_U51_5K_E073_N642,5000,ZJ-SMB,L5-cmsa-polygons-2020,2020,WEAK,25.0,0,0.0,0,0.0,0,0.0,0.0,0.0,SILVER,SILVER,,,
ZJ_U51_5K_E073_N642,5000,ZJ-SMB,L6-cmsa-polygons-2021,2021,WEAK,25.0,0,0.0,0,0.0,0,0.0,0.0,0.0,SILVER,SILVER,,,
ZJ_U51_5K_E073_N643,5000,ZJ-SMB,L1-china2015-raster30m,2015,SILVER,25.0,917,0.8253,917,0.8253,0,0.0,0.033012,0.033012,SILVER,SILVER,,,
ZJ_U51_5K_E073_N643,5000,ZJ-SMB,L2-cmssm2020-polygons,2020,WEAK,25.0,0,0.0,0,0.0,0,0.0,0.0,0.0,SILVER,SILVER,,,
ZJ_U51_5K_E073_N643,5000,ZJ-SMB,L3-hangzhou-mask-2015,2015,WEAK,25.0,0,0.0,0,0.0,0,0.0,0.0,0.0,SILVER,SILVER,,,
ZJ_U51_5K_E073_N643,5000,ZJ-SMB,L4-cmsa-polygons-2019,2019,WEAK,25.0,0,0.0,0,0.0,0,0.0,0.0,0.0,SILVER,SILVER,,,
ZJ_U51_5K_E073_N643,5000,ZJ-SMB,L5-cmsa-polygons-2020,2020,WEAK,25.0,0,0.0,0,0.0,0,0.0,0.0,0.0,SILVER,SILVER,,,
ZJ_U51_5K_E073_N643,5000,ZJ-SMB,L6-cmsa-polygons-2021,2021,WEAK,25.0,0,0.0,0,0.0,0,0.0,0.0,0.0,SILVER,SILVER,,,
ZJ_U51_5K_E073_N644,5000,ZJ-SMB,L1-china2015-raster30m,2015,SILVER,25.0,87,0.0783,87,0.0783,0,0.0,0.003132,0.003132,SILVER,SILVER,,,
ZJ_U51_5K_E073_N644,5000,ZJ-SMB,L2-cmssm2020-polygons,2020,WEAK,25.0,0,0.0,0,0.0,0,0.0,0.0,0.0,SILVER,SILVER,,,
ZJ_U51_5K_E073_N644,5000,ZJ-SMB,L3-hangzhou-mask-2015,2015,WEAK,25.0,0,0.0,0,0.0,0,0.0,0.0,0.0,SILVER,SILVER,,,
ZJ_U51_5K_E073_N644,5000,ZJ-SMB,L4-cmsa-polygons-2019,2019,WEAK,25.0,0,0.0,0,0.0,0,0.0,0.0,0.0,SILVER,SILVER,,,
ZJ_U51_5K_E073_N644,5000,ZJ-SMB,L5-cmsa-polygons-2020,2020,WEAK,25.0,0,0.0,0,0.0,0,0.0,0.0,0.0,SILVER,SILVER,,,
ZJ_U51_5K_E073_N644,5000,ZJ-SMB,L6-cmsa-polygons-2021,2021,WEAK,25.0,0,0.0,0,0.0,0,0.0,0.0,0.0,SILVER,SILVER,,,
ZJ_U51_5K_E073_N645,5000,ZJ-SMB,L1-china2015-raster30m,2015,SILVER,25.0,549,0.4941,549,0.4941,0,0.0,0.019764,0.019764,SILVER,SILVER,,,
ZJ_U51_5K_E073_N645,5000,ZJ-SMB,L2-cmssm2020-polygons,2020,WEAK,25.0,0,0.0,0,0.0,0,0.0,0.0,0.0,SILVER,SILVER,,,
ZJ_U51_5K_E073_N645,5000,ZJ-SMB,L3-hangzhou-mask-2015,2015,WEAK,25.0,0,0.0,0,0.0,0,0.0,0.0,0.0,SILVER,SILVER,,,
ZJ_U51_5K_E073_N645,5000,ZJ-SMB,L4-cmsa-polygons-2019,2019,WEAK,25.0,0,0.0,0,0.0,0,0.0,0.0,0.0,SILVER,SILVER,,,
ZJ_U51_5K_E073_N645,5000,ZJ-SMB,L5-cmsa-polygons-2020,2020,WEAK,25.0,0,0.0,0,0.0,0,0.0,0.0,0.0,SILVER,SILVER,,,
ZJ_U51_5K_E073_N645,5000,ZJ-SMB,L6-cmsa-polygons-2021,2021,WEAK,25.0,0,0.0,0,0.0,0,0.0,0.0,0.0,SILVER,SILVER,,,
ZJ_U51_5K_E073_N646,5000,ZJ-SMB,L1-china2015-raster30m,2015,SILVER,25.0,257,0.2313,257,0.2313,0,0.0,0.009252,0.009252,SILVER,SILVER,,,
ZJ_U51_5K_E073_N646,5000,ZJ-SMB,L2-cmssm2020-polygons,2020,WEAK,25.0,0,0.0,0,0.0,0,0.0,0.0,0.0,SILVER,SILVER,,,
ZJ_U51_5K_E073_N646,5000,ZJ-SMB,L3-hangzhou-mask-2015,2015,WEAK,25.0,0,0.0,0,0.0,0,0.0,0.0,0.0,SILVER,SILVER,,,
ZJ_U51_5K_E073_N646,5000,ZJ-SMB,L4-cmsa-polygons-2019,2019,WEAK,25.0,0,0.0,0,0.0,0,0.0,0.0,0.0,SILVER,SILVER,,,
ZJ_U51_5K_E073_N646,5000,ZJ-SMB,L5-cmsa-polygons-2020,2020,WEAK,25.0,0,0.0,0,0.0,0,0.0,0.0,0.0,SILVER,SILVER,,,
ZJ_U51_5K_E073_N646,5000,ZJ-SMB,L6-cmsa-polygons-2021,2021,WEAK,25.0,0,0.0,0,0.0,0,0.0,0.0,0.0,SILVER,SILVER,,,
ZJ_U51_5K_E073_N647,5000,ZJ-SMB,L1-china2015-raster30m,2015,SILVER,25.0,0,0.0,0,0.0,0,0.0,0.0,0.0,UNLABELED,UNLABELED,,,
ZJ_U51_5K_E073_N647,5000,ZJ-SMB,L2-cmssm2020-polygons,2020,WEAK,25.0,0,0.0,0,0.0,0,0.0,0.0,0.0,UNLABELED,UNLABELED,,,
ZJ_U51_5K_E073_N647,5000,ZJ-SMB,L3-hangzhou-mask-2015,2015,WEAK,25.0,0,0.0,0,0.0,0,0.0,0.0,0.0,UNLABELED,UNLABELED,,,
ZJ_U51_5K_E073_N647,5000,ZJ-SMB,L4-cmsa-polygons-2019,2019,WEAK,25.0,0,0.0,0,0.0,0,0.0,0.0,0.0,UNLABELED,UNLABELED,,,
ZJ_U51_5K_E073_N647,5000,ZJ-SMB,L5-cmsa-polygons-2020,2020,WEAK,25.0,0,0.0,0,0.0,0,0.0,0.0,0.0,UNLABELED,UNLABELED,,,
ZJ_U51_5K_E073_N647,5000,ZJ-SMB,L6-cmsa-polygons-2021,2021,WEAK,25.0,0,0.0,0,0.0,0,0.0,0.0,0.0,UNLABELED,UNLABELED,,,
ZJ_U51_5K_E073_N648,5000,ZJ-SMB,L1-china2015-raster30m,2015,SILVER,13.476995,0,0.0,0,0.0,0,0.0,0.0,0.0,UNLABELED,UNLABELED,,,
ZJ_U51_5K_E073_N648,5000,ZJ-SMB,L2-cmssm2020-polygons,2020,WEAK,13.476995,0,0.0,0,0.0,0,0.0,0.0,0.0,UNLABELED,UNLABELED,,,
ZJ_U51_5K_E073_N648,5000,ZJ-SMB,L3-hangzhou-mask-2015,2015,WEAK,13.476995,0,0.0,0,0.0,0,0.0,0.0,0.0,UNLABELED,UNLABELED,,,
ZJ_U51_5K_E073_N648,5000,ZJ-SMB,L4-cmsa-polygons-2019,2019,WEAK,13.476995,0,0.0,0,0.0,0,0.0,0.0,0.0,UNLABELED,UNLABELED,,,
ZJ_U51_5K_E073_N648,5000,ZJ-SMB,L5-cmsa-polygons-2020,2020,WEAK,13.476995,0,0.0,0,0.0,0,0.0,0.0,0.0,UNLABELED,UNLABELED,,,
ZJ_U51_5K_E073_N648,5000,ZJ-SMB,L6-cmsa-polygons-2021,2021,WEAK,13.476995,0,0.0,0,0.0,0,0.0,0.0,0.0,UNLABELED,UNLABELED,,,
ZJ_U51_5K_E073_N664,5000,ZJ-HZB,L1-china2015-raster30m,2015,SILVER,15.911581,1908,1.7172,1908,1.7172,0,0.0,0.068688,0.107921,SILVER,SILVER,,,
ZJ_U51_5K_E073_N664,5000,ZJ-HZB,L2-cmssm2020-polygons,2020,WEAK,15.911581,0,0.0,0,0.0,0,0.0,0.0,0.0,SILVER,SILVER,,,
ZJ_U51_5K_E073_N664,5000,ZJ-HZB,L3-hangzhou-mask-2015,2015,WEAK,15.911581,0,0.0,0,0.0,0,0.0,0.0,0.0,SILVER,SILVER,,,
ZJ_U51_5K_E073_N664,5000,ZJ-HZB,L4-cmsa-polygons-2019,2019,WEAK,15.911581,0,0.0,0,0.0,0,0.0,0.0,0.0,SILVER,SILVER,,,
ZJ_U51_5K_E073_N664,5000,ZJ-HZB,L5-cmsa-polygons-2020,2020,WEAK,15.911581,0,0.0,0,0.0,0,0.0,0.0,0.0,SILVER,SILVER,,,
ZJ_U51_5K_E073_N664,5000,ZJ-HZB,L6-cmsa-polygons-2021,2021,WEAK,15.911581,0,0.0,0,0.0,0,0.0,0.0,0.0,SILVER,SILVER,,,
ZJ_U51_5K_E073_N665,5000,ZJ-HZB,L1-china2015-raster30m,2015,SILVER,25.0,1610,1.449,1610,1.449,0,0.0,0.05796,0.05796,SILVER,SILVER,,,
ZJ_U51_5K_E073_N665,5000,ZJ-HZB,L2-cmssm2020-polygons,2020,WEAK,25.0,0,0.0,0,0.0,0,0.0,0.0,0.0,SILVER,SILVER,,,
ZJ_U51_5K_E073_N665,5000,ZJ-HZB,L3-hangzhou-mask-2015,2015,WEAK,25.0,0,0.0,0,0.0,0,0.0,0.0,0.0,SILVER,SILVER,,,
ZJ_U51_5K_E073_N665,5000,ZJ-HZB,L4-cmsa-polygons-2019,2019,WEAK,25.0,0,0.0,0,0.0,0,0.0,0.0,0.0,SILVER,SILVER,,,
ZJ_U51_5K_E073_N665,5000,ZJ-HZB,L5-cmsa-polygons-2020,2020,WEAK,25.0,0,0.0,0,0.0,0,0.0,0.0,0.0,SILVER,SILVER,,,
ZJ_U51_5K_E073_N665,5000,ZJ-HZB,L6-cmsa-polygons-2021,2021,WEAK,25.0,0,0.0,0,0.0,0,0.0,0.0,0.0,SILVER,SILVER,,,
ZJ_U51_5K_E073_N666,5000,ZJ-HZB,L1-china2015-raster30m,2015,SILVER,25.0,0,0.0,0,0.0,0,0.0,0.0,0.0,UNLABELED,UNLABELED,,,
ZJ_U51_5K_E073_N666,5000,ZJ-HZB,L2-cmssm2020-polygons,2020,WEAK,25.0,0,0.0,0,0.0,0,0.0,0.0,0.0,UNLABELED,UNLABELED,,,
ZJ_U51_5K_E073_N666,5000,ZJ-HZB,L3-hangzhou-mask-2015,2015,WEAK,25.0,0,0.0,0,0.0,0,0.0,0.0,0.0,UNLABELED,UNLABELED,,,
ZJ_U51_5K_E073_N666,5000,ZJ-HZB,L4-cmsa-polygons-2019,2019,WEAK,25.0,0,0.0,0,0.0,0,0.0,0.0,0.0,UNLABELED,UNLABELED,,,
ZJ_U51_5K_E073_N666,5000,ZJ-HZB,L5-cmsa-polygons-2020,2020,WEAK,25.0,0,0.0,0,0.0,0,0.0,0.0,0.0,UNLABELED,UNLABELED,,,
ZJ_U51_5K_E073_N666,5000,ZJ-HZB,L6-cmsa-polygons-2021,2021,WEAK,25.0,0,0.0,0,0.0,0,0.0,0.0,0.0,UNLABELED,UNLABELED,,,
ZJ_U51_5K_E073_N667,5000,ZJ-HZB,L1-china2015-raster30m,2015,SILVER,25.0,0,0.0,0,0.0,0,0.0,0.0,0.0,UNLABELED,UNLABELED,,,
ZJ_U51_5K_E073_N667,5000,ZJ-HZB,L2-cmssm2020-polygons,2020,WEAK,25.0,0,0.0,0,0.0,0,0.0,0.0,0.0,UNLABELED,UNLABELED,,,
ZJ_U51_5K_E073_N667,5000,ZJ-HZB,L3-hangzhou-mask-2015,2015,WEAK,25.0,0,0.0,0,0.0,0,0.0,0.0,0.0,UNLABELED,UNLABELED,,,
ZJ_U51_5K_E073_N667,5000,ZJ-HZB,L4-cmsa-polygons-2019,2019,WEAK,25.0,0,0.0,0,0.0,0,0.0,0.0,0.0,UNLABELED,UNLABELED,,,
ZJ_U51_5K_E073_N667,5000,ZJ-HZB,L5-cmsa-polygons-2020,2020,WEAK,25.0,0,0.0,0,0.0,0,0.0,0.0,0.0,UNLABELED,UNLABELED,,,
ZJ_U51_5K_E073_N667,5000,ZJ-HZB,L6-cmsa-polygons-2021,2021,WEAK,25.0,0,0.0,0,0.0,0,0.0,0.0,0.0,UNLABELED,UNLABELED,,,
ZJ_U51_5K_E073_N668,5000,ZJ-HZB,L1-china2015-raster30m,2015,SILVER,25.0,0,0.0,0,0.0,0,0.0,0.0,0.0,UNLABELED,UNLABELED,,,
ZJ_U51_5K_E073_N668,5000,ZJ-HZB,L2-cmssm2020-polygons,2020,WEAK,25.0,0,0.0,0,0.0,0,0.0,0.0,0.0,UNLABELED,UNLABELED,,,
ZJ_U51_5K_E073_N668,5000,ZJ-HZB,L3-hangzhou-mask-2015,2015,WEAK,25.0,0,0.0,0,0.0,0,0.0,0.0,0.0,UNLABELED,UNLABELED,,,
ZJ_U51_5K_E073_N668,5000,ZJ-HZB,L4-cmsa-polygons-2019,2019,WEAK,25.0,0,0.0,0,0.0,0,0.0,0.0,0.0,UNLABELED,UNLABELED,,,
ZJ_U51_5K_E073_N668,5000,ZJ-HZB,L5-cmsa-polygons-2020,2020,WEAK,25.0,0,0.0,0,0.0,0,0.0,0.0,0.0,UNLABELED,UNLABELED,,,
ZJ_U51_5K_E073_N668,5000,ZJ-HZB,L6-cmsa-polygons-2021,2021,WEAK,25.0,0,0.0,0,0.0,0,0.0,0.0,0.0,UNLABELED,UNLABELED,,,
ZJ_U51_5K_E073_N669,5000,ZJ-HZB,L1-china2015-raster30m,2015,SILVER,25.0,0,0.0,0,0.0,0,0.0,0.0,0.0,UNLABELED,UNLABELED,,,
ZJ_U51_5K_E073_N669,5000,ZJ-HZB,L2-cmssm2020-polygons,2020,WEAK,25.0,0,0.0,0,0.0,0,0.0,0.0,0.0,UNLABELED,UNLABELED,,,
ZJ_U51_5K_E073_N669,5000,ZJ-HZB,L3-hangzhou-mask-2015,2015,WEAK,25.0,0,0.0,0,0.0,0,0.0,0.0,0.0,UNLABELED,UNLABELED,,,
ZJ_U51_5K_E073_N669,5000,ZJ-HZB,L4-cmsa-polygons-2019,2019,WEAK,25.0,0,0.0,0,0.0,0,0.0,0.0,0.0,UNLABELED,UNLABELED,,,
ZJ_U51_5K_E073_N669,5000,ZJ-HZB,L5-cmsa-polygons-2020,2020,WEAK,25.0,0,0.0,0,0.0,0,0.0,0.0,0.0,UNLABELED,UNLABELED,,,
ZJ_U51_5K_E073_N669,5000,ZJ-HZB,L6-cmsa-polygons-2021,2021,WEAK,25.0,0,0.0,0,0.0,0,0.0,0.0,0.0,UNLABELED,UNLABELED,,,
ZJ_U51_5K_E073_N670,5000,ZJ-HZB,L1-china2015-raster30m,2015,SILVER,25.0,0,0.0,0,0.0,0,0.0,0.0,0.0,UNLABELED,UNLABELED,,,
ZJ_U51_5K_E073_N670,5000,ZJ-HZB,L2-cmssm2020-polygons,2020,WEAK,25.0,0,0.0,0,0.0,0,0.0,0.0,0.0,UNLABELED,UNLABELED,,,
ZJ_U51_5K_E073_N670,5000,ZJ-HZB,L3-hangzhou-mask-2015,2015,WEAK,25.0,0,0.0,0,0.0,0,0.0,0.0,0.0,UNLABELED,UNLABELED,,,
ZJ_U51_5K_E073_N670,5000,ZJ-HZB,L4-cmsa-polygons-2019,2019,WEAK,25.0,0,0.0,0,0.0,0,0.0,0.0,0.0,UNLABELED,UNLABELED,,,
ZJ_U51_5K_E073_N670,5000,ZJ-HZB,L5-cmsa-polygons-2020,2020,WEAK,25.0,0,0.0,0,0.0,0,0.0,0.0,0.0,UNLABELED,UNLABELED,,,
ZJ_U51_5K_E073_N670,5000,ZJ-HZB,L6-cmsa-polygons-2021,2021,WEAK,25.0,0,0.0,0,0.0,0,0.0,0.0,0.0,UNLABELED,UNLABELED,,,
ZJ_U51_5K_E073_N671,5000,ZJ-HZB,L1-china2015-raster30m,2015,SILVER,25.0,0,0.0,0,0.0,0,0.0,0.0,0.0,UNLABELED,UNLABELED,,,
ZJ_U51_5K_E073_N671,5000,ZJ-HZB,L2-cmssm2020-polygons,2020,WEAK,25.0,0,0.0,0,0.0,0,0.0,0.0,0.0,UNLABELED,UNLABELED,,,
ZJ_U51_5K_E073_N671,5000,ZJ-HZB,L3-hangzhou-mask-2015,2015,WEAK,25.0,0,0.0,0,0.0,0,0.0,0.0,0.0,UNLABELED,UNLABELED,,,
ZJ_U51_5K_E073_N671,5000,ZJ-HZB,L4-cmsa-polygons-2019,2019,WEAK,25.0,0,0.0,0,0.0,0,0.0,0.0,0.0,UNLABELED,UNLABELED,,,
ZJ_U51_5K_E073_N671,5000,ZJ-HZB,L5-cmsa-polygons-2020,2020,WEAK,25.0,0,0.0,0,0.0,0,0.0,0.0,0.0,UNLABELED,UNLABELED,,,
ZJ_U51_5K_E073_N671,5000,ZJ-HZB,L6-cmsa-polygons-2021,2021,WEAK,25.0,0,0.0,0,0.0,0,0.0,0.0,0.0,UNLABELED,UNLABELED,,,
ZJ_U51_5K_E073_N672,5000,ZJ-HZB,L1-china2015-raster30m,2015,SILVER,25.0,0,0.0,0,0.0,0,0.0,0.0,0.0,UNLABELED,UNLABELED,,,
ZJ_U51_5K_E073_N672,5000,ZJ-HZB,L2-cmssm2020-polygons,2020,WEAK,25.0,0,0.0,0,0.0,0,0.0,0.0,0.0,UNLABELED,UNLABELED,,,
ZJ_U51_5K_E073_N672,5000,ZJ-HZB,L3-hangzhou-mask-2015,2015,WEAK,25.0,0,0.0,0,0.0,0,0.0,0.0,0.0,UNLABELED,UNLABELED,,,
ZJ_U51_5K_E073_N672,5000,ZJ-HZB,L4-cmsa-polygons-2019,2019,WEAK,25.0,0,0.0,0,0.0,0,0.0,0.0,0.0,UNLABELED,UNLABELED,,,
ZJ_U51_5K_E073_N672,5000,ZJ-HZB,L5-cmsa-polygons-2020,2020,WEAK,25.0,0,0.0,0,0.0,0,0.0,0.0,0.0,UNLABELED,UNLABELED,,,
ZJ_U51_5K_E073_N672,5000,ZJ-HZB,L6-cmsa-polygons-2021,2021,WEAK,25.0,0,0.0,0,0.0,0,0.0,0.0,0.0,UNLABELED,UNLABELED,,,
ZJ_U51_5K_E073_N673,5000,ZJ-HZB,L1-china2015-raster30m,2015,SILVER,25.0,0,0.0,0,0.0,0,0.0,0.0,0.0,UNLABELED,UNLABELED,,,
ZJ_U51_5K_E073_N673,5000,ZJ-HZB,L2-cmssm2020-polygons,2020,WEAK,25.0,0,0.0,0,0.0,0,0.0,0.0,0.0,UNLABELED,UNLABELED,,,
ZJ_U51_5K_E073_N673,5000,ZJ-HZB,L3-hangzhou-mask-2015,2015,WEAK,25.0,0,0.0,0,0.0,0,0.0,0.0,0.0,UNLABELED,UNLABELED,,,
ZJ_U51_5K_E073_N673,5000,ZJ-HZB,L4-cmsa-polygons-2019,2019,WEAK,25.0,0,0.0,0,0.0,0,0.0,0.0,0.0,UNLABELED,UNLABELED,,,
ZJ_U51_5K_E073_N673,5000,ZJ-HZB,L5-cmsa-polygons-2020,2020,WEAK,25.0,0,0.0,0,0.0,0,0.0,0.0,0.0,UNLABELED,UNLABELED,,,
ZJ_U51_5K_E073_N673,5000,ZJ-HZB,L6-cmsa-polygons-2021,2021,WEAK,25.0,0,0.0,0,0.0,0,0.0,0.0,0.0,UNLABELED,UNLABELED,,,
ZJ_U51_5K_E073_N674,5000,ZJ-HZB,L1-china2015-raster30m,2015,SILVER,25.0,0,0.0,0,0.0,0,0.0,0.0,0.0,UNLABELED,UNLABELED,,,
ZJ_U51_5K_E073_N674,5000,ZJ-HZB,L2-cmssm2020-polygons,2020,WEAK,25.0,0,0.0,0,0.0,0,0.0,0.0,0.0,UNLABELED,UNLABELED,,,
ZJ_U51_5K_E073_N674,5000,ZJ-HZB,L3-hangzhou-mask-2015,2015,WEAK,25.0,0,0.0,0,0.0,0,0.0,0.0,0.0,UNLABELED,UNLABELED,,,
ZJ_U51_5K_E073_N674,5000,ZJ-HZB,L4-cmsa-polygons-2019,2019,WEAK,25.0,0,0.0,0,0.0,0,0.0,0.0,0.0,UNLABELED,UNLABELED,,,
ZJ_U51_5K_E073_N674,5000,ZJ-HZB,L5-cmsa-polygons-2020,2020,WEAK,25.0,0,0.0,0,0.0,0,0.0,0.0,0.0,UNLABELED,UNLABELED,,,
ZJ_U51_5K_E073_N674,5000,ZJ-HZB,L6-cmsa-polygons-2021,2021,WEAK,25.0,0,0.0,0,0.0,0,0.0,0.0,0.0,UNLABELED,UNLABELED,,,
ZJ_U51_5K_E073_N675,5000,ZJ-HZB,L1-china2015-raster30m,2015,SILVER,25.0,0,0.0,0,0.0,0,0.0,0.0,0.0,UNLABELED,UNLABELED,,,
ZJ_U51_5K_E073_N675,5000,ZJ-HZB,L2-cmssm2020-polygons,2020,WEAK,25.0,0,0.0,0,0.0,0,0.0,0.0,0.0,UNLABELED,UNLABELED,,,
ZJ_U51_5K_E073_N675,5000,ZJ-HZB,L3-hangzhou-mask-2015,2015,WEAK,25.0,0,0.0,0,0.0,0,0.0,0.0,0.0,UNLABELED,UNLABELED,,,
ZJ_U51_5K_E073_N675,5000,ZJ-HZB,L4-cmsa-polygons-2019,2019,WEAK,25.0,0,0.0,0,0.0,0,0.0,0.0,0.0,UNLABELED,UNLABELED,,,
ZJ_U51_5K_E073_N675,5000,ZJ-HZB,L5-cmsa-polygons-2020,2020,WEAK,25.0,0,0.0,0,0.0,0,0.0,0.0,0.0,UNLABELED,UNLABELED,,,
ZJ_U51_5K_E073_N675,5000,ZJ-HZB,L6-cmsa-polygons-2021,2021,WEAK,25.0,0,0.0,0,0.0,0,0.0,0.0,0.0,UNLABELED,UNLABELED,,,
ZJ_U51_5K_E073_N676,5000,ZJ-HZB,L1-china2015-raster30m,2015,SILVER,25.0,0,0.0,0,0.0,0,0.0,0.0,0.0,UNLABELED,UNLABELED,,,
ZJ_U51_5K_E073_N676,5000,ZJ-HZB,L2-cmssm2020-polygons,2020,WEAK,25.0,0,0.0,0,0.0,0,0.0,0.0,0.0,UNLABELED,UNLABELED,,,
ZJ_U51_5K_E073_N676,5000,ZJ-HZB,L3-hangzhou-mask-2015,2015,WEAK,25.0,0,0.0,0,0.0,0,0.0,0.0,0.0,UNLABELED,UNLABELED,,,
ZJ_U51_5K_E073_N676,5000,ZJ-HZB,L4-cmsa-polygons-2019,2019,WEAK,25.0,0,0.0,0,0.0,0,0.0,0.0,0.0,UNLABELED,UNLABELED,,,
ZJ_U51_5K_E073_N676,5000,ZJ-HZB,L5-cmsa-polygons-2020,2020,WEAK,25.0,0,0.0,0,0.0,0,0.0,0.0,0.0,UNLABELED,UNLABELED,,,
ZJ_U51_5K_E073_N676,5000,ZJ-HZB,L6-cmsa-polygons-2021,2021,WEAK,25.0,0,0.0,0,0.0,0,0.0,0.0,0.0,UNLABELED,UNLABELED,,,
ZJ_U51_5K_E073_N677,5000,ZJ-HZB,L1-china2015-raster30m,2015,SILVER,25.0,0,0.0,0,0.0,0,0.0,0.0,0.0,UNLABELED,UNLABELED,,,
ZJ_U51_5K_E073_N677,5000,ZJ-HZB,L2-cmssm2020-polygons,2020,WEAK,25.0,0,0.0,0,0.0,0,0.0,0.0,0.0,UNLABELED,UNLABELED,,,
ZJ_U51_5K_E073_N677,5000,ZJ-HZB,L3-hangzhou-mask-2015,2015,WEAK,25.0,0,0.0,0,0.0,0,0.0,0.0,0.0,UNLABELED,UNLABELED,,,
ZJ_U51_5K_E073_N677,5000,ZJ-HZB,L4-cmsa-polygons-2019,2019,WEAK,25.0,0,0.0,0,0.0,0,0.0,0.0,0.0,UNLABELED,UNLABELED,,,
ZJ_U51_5K_E073_N677,5000,ZJ-HZB,L5-cmsa-polygons-2020,2020,WEAK,25.0,0,0.0,0,0.0,0,0.0,0.0,0.0,UNLABELED,UNLABELED,,,
ZJ_U51_5K_E073_N677,5000,ZJ-HZB,L6-cmsa-polygons-2021,2021,WEAK,25.0,0,0.0,0,0.0,0,0.0,0.0,0.0,UNLABELED,UNLABELED,,,
ZJ_U51_5K_E073_N678,5000,ZJ-HZB,L1-china2015-raster30m,2015,SILVER,25.0,0,0.0,0,0.0,0,0.0,0.0,0.0,UNLABELED,UNLABELED,,,
ZJ_U51_5K_E073_N678,5000,ZJ-HZB,L2-cmssm2020-polygons,2020,WEAK,25.0,0,0.0,0,0.0,0,0.0,0.0,0.0,UNLABELED,UNLABELED,,,
ZJ_U51_5K_E073_N678,5000,ZJ-HZB,L3-hangzhou-mask-2015,2015,WEAK,25.0,0,0.0,0,0.0,0,0.0,0.0,0.0,UNLABELED,UNLABELED,,,
ZJ_U51_5K_E073_N678,5000,ZJ-HZB,L4-cmsa-polygons-2019,2019,WEAK,25.0,0,0.0,0,0.0,0,0.0,0.0,0.0,UNLABELED,UNLABELED,,,
ZJ_U51_5K_E073_N678,5000,ZJ-HZB,L5-cmsa-polygons-2020,2020,WEAK,25.0,0,0.0,0,0.0,0,0.0,0.0,0.0,UNLABELED,UNLABELED,,,
ZJ_U51_5K_E073_N678,5000,ZJ-HZB,L6-cmsa-polygons-2021,2021,WEAK,25.0,0,0.0,0,0.0,0,0.0,0.0,0.0,UNLABELED,UNLABELED,,,
ZJ_U51_5K_E073_N679,5000,ZJ-HZB,L1-china2015-raster30m,2015,SILVER,25.0,0,0.0,0,0.0,0,0.0,0.0,0.0,UNLABELED,UNLABELED,,,
ZJ_U51_5K_E073_N679,5000,ZJ-HZB,L2-cmssm2020-polygons,2020,WEAK,25.0,0,0.0,0,0.0,0,0.0,0.0,0.0,UNLABELED,UNLABELED,,,
ZJ_U51_5K_E073_N679,5000,ZJ-HZB,L3-hangzhou-mask-2015,2015,WEAK,25.0,0,0.0,0,0.0,0,0.0,0.0,0.0,UNLABELED,UNLABELED,,,
ZJ_U51_5K_E073_N679,5000,ZJ-HZB,L4-cmsa-polygons-2019,2019,WEAK,25.0,0,0.0,0,0.0,0,0.0,0.0,0.0,UNLABELED,UNLABELED,,,
ZJ_U51_5K_E073_N679,5000,ZJ-HZB,L5-cmsa-polygons-2020,2020,WEAK,25.0,0,0.0,0,0.0,0,0.0,0.0,0.0,UNLABELED,UNLABELED,,,
ZJ_U51_5K_E073_N679,5000,ZJ-HZB,L6-cmsa-polygons-2021,2021,WEAK,25.0,0,0.0,0,0.0,0,0.0,0.0,0.0,UNLABELED,UNLABELED,,,
ZJ_U51_5K_E073_N680,5000,ZJ-HZB,L1-china2015-raster30m,2015,SILVER,16.71765,0,0.0,0,0.0,0,0.0,0.0,0.0,UNLABELED,UNLABELED,,,
ZJ_U51_5K_E073_N680,5000,ZJ-HZB,L2-cmssm2020-polygons,2020,WEAK,16.71765,0,0.0,0,0.0,0,0.0,0.0,0.0,UNLABELED,UNLABELED,,,
ZJ_U51_5K_E073_N680,5000,ZJ-HZB,L3-hangzhou-mask-2015,2015,WEAK,16.71765,0,0.0,0,0.0,0,0.0,0.0,0.0,UNLABELED,UNLABELED,,,
ZJ_U51_5K_E073_N680,5000,ZJ-HZB,L4-cmsa-polygons-2019,2019,WEAK,16.71765,0,0.0,0,0.0,0,0.0,0.0,0.0,UNLABELED,UNLABELED,,,
ZJ_U51_5K_E073_N680,5000,ZJ-HZB,L5-cmsa-polygons-2020,2020,WEAK,16.71765,0,0.0,0,0.0,0,0.0,0.0,0.0,UNLABELED,UNLABELED,,,
ZJ_U51_5K_E073_N680,5000,ZJ-HZB,L6-cmsa-polygons-2021,2021,WEAK,16.71765,0,0.0,0,0.0,0,0.0,0.0,0.0,UNLABELED,UNLABELED,,,
ZJ_U51_5K_E074_N641,5000,ZJ-SMB,L1-china2015-raster30m,2015,SILVER,16.908409,263,0.2367,49,0.0441,214,0.1926,0.009468,0.002608,SILVER,SILVER,,,
ZJ_U51_5K_E074_N641,5000,ZJ-SMB,L2-cmssm2020-polygons,2020,WEAK,16.908409,0,0.0,0,0.0,0,0.0,0.0,0.0,SILVER,SILVER,,,
ZJ_U51_5K_E074_N641,5000,ZJ-SMB,L3-hangzhou-mask-2015,2015,WEAK,16.908409,0,0.0,0,0.0,0,0.0,0.0,0.0,SILVER,SILVER,,,
ZJ_U51_5K_E074_N641,5000,ZJ-SMB,L4-cmsa-polygons-2019,2019,WEAK,16.908409,0,0.0,0,0.0,0,0.0,0.0,0.0,SILVER,SILVER,,,
ZJ_U51_5K_E074_N641,5000,ZJ-SMB,L5-cmsa-polygons-2020,2020,WEAK,16.908409,0,0.0,0,0.0,0,0.0,0.0,0.0,SILVER,SILVER,,,
ZJ_U51_5K_E074_N641,5000,ZJ-SMB,L6-cmsa-polygons-2021,2021,WEAK,16.908409,0,0.0,0,0.0,0,0.0,0.0,0.0,SILVER,SILVER,,,
ZJ_U51_5K_E074_N642,5000,ZJ-SMB,L1-china2015-raster30m,2015,SILVER,25.0,65,0.0585,65,0.0585,0,0.0,0.00234,0.00234,SILVER,SILVER,,,
ZJ_U51_5K_E074_N642,5000,ZJ-SMB,L2-cmssm2020-polygons,2020,WEAK,25.0,0,0.0,0,0.0,0,0.0,0.0,0.0,SILVER,SILVER,,,
ZJ_U51_5K_E074_N642,5000,ZJ-SMB,L3-hangzhou-mask-2015,2015,WEAK,25.0,0,0.0,0,0.0,0,0.0,0.0,0.0,SILVER,SILVER,,,
ZJ_U51_5K_E074_N642,5000,ZJ-SMB,L4-cmsa-polygons-2019,2019,WEAK,25.0,0,0.0,0,0.0,0,0.0,0.0,0.0,SILVER,SILVER,,,
ZJ_U51_5K_E074_N642,5000,ZJ-SMB,L5-cmsa-polygons-2020,2020,WEAK,25.0,0,0.0,0,0.0,0,0.0,0.0,0.0,SILVER,SILVER,,,
ZJ_U51_5K_E074_N642,5000,ZJ-SMB,L6-cmsa-polygons-2021,2021,WEAK,25.0,0,0.0,0,0.0,0,0.0,0.0,0.0,SILVER,SILVER,,,
ZJ_U51_5K_E074_N643,5000,ZJ-SMB,L1-china2015-raster30m,2015,SILVER,25.0,239,0.2151,239,0.2151,0,0.0,0.008604,0.008604,SILVER,SILVER,,,
ZJ_U51_5K_E074_N643,5000,ZJ-SMB,L2-cmssm2020-polygons,2020,WEAK,25.0,0,0.0,0,0.0,0,0.0,0.0,0.0,SILVER,SILVER,,,
ZJ_U51_5K_E074_N643,5000,ZJ-SMB,L3-hangzhou-mask-2015,2015,WEAK,25.0,0,0.0,0,0.0,0,0.0,0.0,0.0,SILVER,SILVER,,,
ZJ_U51_5K_E074_N643,5000,ZJ-SMB,L4-cmsa-polygons-2019,2019,WEAK,25.0,0,0.0,0,0.0,0,0.0,0.0,0.0,SILVER,SILVER,,,
ZJ_U51_5K_E074_N643,5000,ZJ-SMB,L5-cmsa-polygons-2020,2020,WEAK,25.0,0,0.0,0,0.0,0,0.0,0.0,0.0,SILVER,SILVER,,,
ZJ_U51_5K_E074_N643,5000,ZJ-SMB,L6-cmsa-polygons-2021,2021,WEAK,25.0,0,0.0,0,0.0,0,0.0,0.0,0.0,SILVER,SILVER,,,
ZJ_U51_5K_E074_N644,5000,ZJ-SMB,L1-china2015-raster30m,2015,SILVER,25.0,528,0.4752,528,0.4752,0,0.0,0.019008,0.019008,SILVER,SILVER,,,
ZJ_U51_5K_E074_N644,5000,ZJ-SMB,L2-cmssm2020-polygons,2020,WEAK,25.0,0,0.0,0,0.0,0,0.0,0.0,0.0,SILVER,SILVER,,,
ZJ_U51_5K_E074_N644,5000,ZJ-SMB,L3-hangzhou-mask-2015,2015,WEAK,25.0,0,0.0,0,0.0,0,0.0,0.0,0.0,SILVER,SILVER,,,
ZJ_U51_5K_E074_N644,5000,ZJ-SMB,L4-cmsa-polygons-2019,2019,WEAK,25.0,0,0.0,0,0.0,0,0.0,0.0,0.0,SILVER,SILVER,,,
ZJ_U51_5K_E074_N644,5000,ZJ-SMB,L5-cmsa-polygons-2020,2020,WEAK,25.0,0,0.0,0,0.0,0,0.0,0.0,0.0,SILVER,SILVER,,,
ZJ_U51_5K_E074_N644,5000,ZJ-SMB,L6-cmsa-polygons-2021,2021,WEAK,25.0,0,0.0,0,0.0,0,0.0,0.0,0.0,SILVER,SILVER,,,
ZJ_U51_5K_E074_N645,5000,ZJ-SMB,L1-china2015-raster30m,2015,SILVER,25.0,218,0.1962,218,0.1962,0,0.0,0.007848,0.007848,SILVER,SILVER,,,
ZJ_U51_5K_E074_N645,5000,ZJ-SMB,L2-cmssm2020-polygons,2020,WEAK,25.0,0,0.0,0,0.0,0,0.0,0.0,0.0,SILVER,SILVER,,,
ZJ_U51_5K_E074_N645,5000,ZJ-SMB,L3-hangzhou-mask-2015,2015,WEAK,25.0,0,0.0,0,0.0,0,0.0,0.0,0.0,SILVER,SILVER,,,
ZJ_U51_5K_E074_N645,5000,ZJ-SMB,L4-cmsa-polygons-2019,2019,WEAK,25.0,0,0.0,0,0.0,0,0.0,0.0,0.0,SILVER,SILVER,,,
ZJ_U51_5K_E074_N645,5000,ZJ-SMB,L5-cmsa-polygons-2020,2020,WEAK,25.0,0,0.0,0,0.0,0,0.0,0.0,0.0,SILVER,SILVER,,,
ZJ_U51_5K_E074_N645,5000,ZJ-SMB,L6-cmsa-polygons-2021,2021,WEAK,25.0,0,0.0,0,0.0,0,0.0,0.0,0.0,SILVER,SILVER,,,
ZJ_U51_5K_E074_N646,5000,ZJ-SMB,L1-china2015-raster30m,2015,SILVER,25.0,0,0.0,0,0.0,0,0.0,0.0,0.0,UNLABELED,UNLABELED,,,
ZJ_U51_5K_E074_N646,5000,ZJ-SMB,L2-cmssm2020-polygons,2020,WEAK,25.0,0,0.0,0,0.0,0,0.0,0.0,0.0,UNLABELED,UNLABELED,,,
ZJ_U51_5K_E074_N646,5000,ZJ-SMB,L3-hangzhou-mask-2015,2015,WEAK,25.0,0,0.0,0,0.0,0,0.0,0.0,0.0,UNLABELED,UNLABELED,,,
ZJ_U51_5K_E074_N646,5000,ZJ-SMB,L4-cmsa-polygons-2019,2019,WEAK,25.0,0,0.0,0,0.0,0,0.0,0.0,0.0,UNLABELED,UNLABELED,,,
ZJ_U51_5K_E074_N646,5000,ZJ-SMB,L5-cmsa-polygons-2020,2020,WEAK,25.0,0,0.0,0,0.0,0,0.0,0.0,0.0,UNLABELED,UNLABELED,,,
ZJ_U51_5K_E074_N646,5000,ZJ-SMB,L6-cmsa-polygons-2021,2021,WEAK,25.0,0,0.0,0,0.0,0,0.0,0.0,0.0,UNLABELED,UNLABELED,,,
ZJ_U51_5K_E074_N647,5000,ZJ-SMB,L1-china2015-raster30m,2015,SILVER,23.972162,0,0.0,0,0.0,0,0.0,0.0,0.0,UNLABELED,UNLABELED,,,
ZJ_U51_5K_E074_N647,5000,ZJ-SMB,L2-cmssm2020-polygons,2020,WEAK,23.972162,0,0.0,0,0.0,0,0.0,0.0,0.0,UNLABELED,UNLABELED,,,
ZJ_U51_5K_E074_N647,5000,ZJ-SMB,L3-hangzhou-mask-2015,2015,WEAK,23.972162,0,0.0,0,0.0,0,0.0,0.0,0.0,UNLABELED,UNLABELED,,,
ZJ_U51_5K_E074_N647,5000,ZJ-SMB,L4-cmsa-polygons-2019,2019,WEAK,23.972162,0,0.0,0,0.0,0,0.0,0.0,0.0,UNLABELED,UNLABELED,,,
ZJ_U51_5K_E074_N647,5000,ZJ-SMB,L5-cmsa-polygons-2020,2020,WEAK,23.972162,0,0.0,0,0.0,0,0.0,0.0,0.0,UNLABELED,UNLABELED,,,
ZJ_U51_5K_E074_N647,5000,ZJ-SMB,L6-cmsa-polygons-2021,2021,WEAK,23.972162,0,0.0,0,0.0,0,0.0,0.0,0.0,UNLABELED,UNLABELED,,,
ZJ_U51_5K_E074_N648,5000,ZJ-SMB,L1-china2015-raster30m,2015,SILVER,2.162082,0,0.0,0,0.0,0,0.0,0.0,0.0,UNLABELED,UNLABELED,,,
ZJ_U51_5K_E074_N648,5000,ZJ-SMB,L2-cmssm2020-polygons,2020,WEAK,2.162082,0,0.0,0,0.0,0,0.0,0.0,0.0,UNLABELED,UNLABELED,,,
ZJ_U51_5K_E074_N648,5000,ZJ-SMB,L3-hangzhou-mask-2015,2015,WEAK,2.162082,0,0.0,0,0.0,0,0.0,0.0,0.0,UNLABELED,UNLABELED,,,
ZJ_U51_5K_E074_N648,5000,ZJ-SMB,L4-cmsa-polygons-2019,2019,WEAK,2.162082,0,0.0,0,0.0,0,0.0,0.0,0.0,UNLABELED,UNLABELED,,,
ZJ_U51_5K_E074_N648,5000,ZJ-SMB,L5-cmsa-polygons-2020,2020,WEAK,2.162082,0,0.0,0,0.0,0,0.0,0.0,0.0,UNLABELED,UNLABELED,,,
ZJ_U51_5K_E074_N648,5000,ZJ-SMB,L6-cmsa-polygons-2021,2021,WEAK,2.162082,0,0.0,0,0.0,0,0.0,0.0,0.0,UNLABELED,UNLABELED,,,
ZJ_U51_5K_E074_N663,5000,ZJ-HZB,L1-china2015-raster30m,2015,SILVER,3.824067,0,0.0,0,0.0,0,0.0,0.0,0.0,UNLABELED,UNLABELED,,,
ZJ_U51_5K_E074_N663,5000,ZJ-HZB,L2-cmssm2020-polygons,2020,WEAK,3.824067,0,0.0,0,0.0,0,0.0,0.0,0.0,UNLABELED,UNLABELED,,,
ZJ_U51_5K_E074_N663,5000,ZJ-HZB,L3-hangzhou-mask-2015,2015,WEAK,3.824067,0,0.0,0,0.0,0,0.0,0.0,0.0,UNLABELED,UNLABELED,,,
ZJ_U51_5K_E074_N663,5000,ZJ-HZB,L4-cmsa-polygons-2019,2019,WEAK,3.824067,0,0.0,0,0.0,0,0.0,0.0,0.0,UNLABELED,UNLABELED,,,
ZJ_U51_5K_E074_N663,5000,ZJ-HZB,L5-cmsa-polygons-2020,2020,WEAK,3.824067,0,0.0,0,0.0,0,0.0,0.0,0.0,UNLABELED,UNLABELED,,,
ZJ_U51_5K_E074_N663,5000,ZJ-HZB,L6-cmsa-polygons-2021,2021,WEAK,3.824067,0,0.0,0,0.0,0,0.0,0.0,0.0,UNLABELED,UNLABELED,,,
ZJ_U51_5K_E074_N664,5000,ZJ-HZB,L1-china2015-raster30m,2015,SILVER,24.692073,977,0.8793,977,0.8793,0,0.0,0.035172,0.035611,SILVER,SILVER,,,
ZJ_U51_5K_E074_N664,5000,ZJ-HZB,L2-cmssm2020-polygons,2020,WEAK,24.692073,0,0.0,0,0.0,0,0.0,0.0,0.0,SILVER,SILVER,,,
ZJ_U51_5K_E074_N664,5000,ZJ-HZB,L3-hangzhou-mask-2015,2015,WEAK,24.692073,0,0.0,0,0.0,0,0.0,0.0,0.0,SILVER,SILVER,,,
ZJ_U51_5K_E074_N664,5000,ZJ-HZB,L4-cmsa-polygons-2019,2019,WEAK,24.692073,0,0.0,0,0.0,0,0.0,0.0,0.0,SILVER,SILVER,,,
ZJ_U51_5K_E074_N664,5000,ZJ-HZB,L5-cmsa-polygons-2020,2020,WEAK,24.692073,0,0.0,0,0.0,0,0.0,0.0,0.0,SILVER,SILVER,,,
ZJ_U51_5K_E074_N664,5000,ZJ-HZB,L6-cmsa-polygons-2021,2021,WEAK,24.692073,0,0.0,0,0.0,0,0.0,0.0,0.0,SILVER,SILVER,,,
ZJ_U51_5K_E074_N665,5000,ZJ-HZB,L1-china2015-raster30m,2015,SILVER,25.0,0,0.0,0,0.0,0,0.0,0.0,0.0,UNLABELED,UNLABELED,,,
ZJ_U51_5K_E074_N665,5000,ZJ-HZB,L2-cmssm2020-polygons,2020,WEAK,25.0,0,0.0,0,0.0,0,0.0,0.0,0.0,UNLABELED,UNLABELED,,,
ZJ_U51_5K_E074_N665,5000,ZJ-HZB,L3-hangzhou-mask-2015,2015,WEAK,25.0,0,0.0,0,0.0,0,0.0,0.0,0.0,UNLABELED,UNLABELED,,,
ZJ_U51_5K_E074_N665,5000,ZJ-HZB,L4-cmsa-polygons-2019,2019,WEAK,25.0,0,0.0,0,0.0,0,0.0,0.0,0.0,UNLABELED,UNLABELED,,,
ZJ_U51_5K_E074_N665,5000,ZJ-HZB,L5-cmsa-polygons-2020,2020,WEAK,25.0,0,0.0,0,0.0,0,0.0,0.0,0.0,UNLABELED,UNLABELED,,,
ZJ_U51_5K_E074_N665,5000,ZJ-HZB,L6-cmsa-polygons-2021,2021,WEAK,25.0,0,0.0,0,0.0,0,0.0,0.0,0.0,UNLABELED,UNLABELED,,,
ZJ_U51_5K_E074_N666,5000,ZJ-HZB,L1-china2015-raster30m,2015,SILVER,25.0,0,0.0,0,0.0,0,0.0,0.0,0.0,UNLABELED,UNLABELED,,,
ZJ_U51_5K_E074_N666,5000,ZJ-HZB,L2-cmssm2020-polygons,2020,WEAK,25.0,0,0.0,0,0.0,0,0.0,0.0,0.0,UNLABELED,UNLABELED,,,
ZJ_U51_5K_E074_N666,5000,ZJ-HZB,L3-hangzhou-mask-2015,2015,WEAK,25.0,0,0.0,0,0.0,0,0.0,0.0,0.0,UNLABELED,UNLABELED,,,
ZJ_U51_5K_E074_N666,5000,ZJ-HZB,L4-cmsa-polygons-2019,2019,WEAK,25.0,0,0.0,0,0.0,0,0.0,0.0,0.0,UNLABELED,UNLABELED,,,
ZJ_U51_5K_E074_N666,5000,ZJ-HZB,L5-cmsa-polygons-2020,2020,WEAK,25.0,0,0.0,0,0.0,0,0.0,0.0,0.0,UNLABELED,UNLABELED,,,
ZJ_U51_5K_E074_N666,5000,ZJ-HZB,L6-cmsa-polygons-2021,2021,WEAK,25.0,0,0.0,0,0.0,0,0.0,0.0,0.0,UNLABELED,UNLABELED,,,
ZJ_U51_5K_E074_N667,5000,ZJ-HZB,L1-china2015-raster30m,2015,SILVER,25.0,0,0.0,0,0.0,0,0.0,0.0,0.0,UNLABELED,UNLABELED,,,
ZJ_U51_5K_E074_N667,5000,ZJ-HZB,L2-cmssm2020-polygons,2020,WEAK,25.0,0,0.0,0,0.0,0,0.0,0.0,0.0,UNLABELED,UNLABELED,,,
ZJ_U51_5K_E074_N667,5000,ZJ-HZB,L3-hangzhou-mask-2015,2015,WEAK,25.0,0,0.0,0,0.0,0,0.0,0.0,0.0,UNLABELED,UNLABELED,,,
ZJ_U51_5K_E074_N667,5000,ZJ-HZB,L4-cmsa-polygons-2019,2019,WEAK,25.0,0,0.0,0,0.0,0,0.0,0.0,0.0,UNLABELED,UNLABELED,,,
ZJ_U51_5K_E074_N667,5000,ZJ-HZB,L5-cmsa-polygons-2020,2020,WEAK,25.0,0,0.0,0,0.0,0,0.0,0.0,0.0,UNLABELED,UNLABELED,,,
ZJ_U51_5K_E074_N667,5000,ZJ-HZB,L6-cmsa-polygons-2021,2021,WEAK,25.0,0,0.0,0,0.0,0,0.0,0.0,0.0,UNLABELED,UNLABELED,,,
ZJ_U51_5K_E074_N668,5000,ZJ-HZB,L1-china2015-raster30m,2015,SILVER,25.0,0,0.0,0,0.0,0,0.0,0.0,0.0,UNLABELED,UNLABELED,,,
ZJ_U51_5K_E074_N668,5000,ZJ-HZB,L2-cmssm2020-polygons,2020,WEAK,25.0,0,0.0,0,0.0,0,0.0,0.0,0.0,UNLABELED,UNLABELED,,,
ZJ_U51_5K_E074_N668,5000,ZJ-HZB,L3-hangzhou-mask-2015,2015,WEAK,25.0,0,0.0,0,0.0,0,0.0,0.0,0.0,UNLABELED,UNLABELED,,,
ZJ_U51_5K_E074_N668,5000,ZJ-HZB,L4-cmsa-polygons-2019,2019,WEAK,25.0,0,0.0,0,0.0,0,0.0,0.0,0.0,UNLABELED,UNLABELED,,,
ZJ_U51_5K_E074_N668,5000,ZJ-HZB,L5-cmsa-polygons-2020,2020,WEAK,25.0,0,0.0,0,0.0,0,0.0,0.0,0.0,UNLABELED,UNLABELED,,,
ZJ_U51_5K_E074_N668,5000,ZJ-HZB,L6-cmsa-polygons-2021,2021,WEAK,25.0,0,0.0,0,0.0,0,0.0,0.0,0.0,UNLABELED,UNLABELED,,,
ZJ_U51_5K_E074_N669,5000,ZJ-HZB,L1-china2015-raster30m,2015,SILVER,25.0,0,0.0,0,0.0,0,0.0,0.0,0.0,UNLABELED,UNLABELED,,,
ZJ_U51_5K_E074_N669,5000,ZJ-HZB,L2-cmssm2020-polygons,2020,WEAK,25.0,0,0.0,0,0.0,0,0.0,0.0,0.0,UNLABELED,UNLABELED,,,
ZJ_U51_5K_E074_N669,5000,ZJ-HZB,L3-hangzhou-mask-2015,2015,WEAK,25.0,0,0.0,0,0.0,0,0.0,0.0,0.0,UNLABELED,UNLABELED,,,
ZJ_U51_5K_E074_N669,5000,ZJ-HZB,L4-cmsa-polygons-2019,2019,WEAK,25.0,0,0.0,0,0.0,0,0.0,0.0,0.0,UNLABELED,UNLABELED,,,
ZJ_U51_5K_E074_N669,5000,ZJ-HZB,L5-cmsa-polygons-2020,2020,WEAK,25.0,0,0.0,0,0.0,0,0.0,0.0,0.0,UNLABELED,UNLABELED,,,
ZJ_U51_5K_E074_N669,5000,ZJ-HZB,L6-cmsa-polygons-2021,2021,WEAK,25.0,0,0.0,0,0.0,0,0.0,0.0,0.0,UNLABELED,UNLABELED,,,
ZJ_U51_5K_E074_N670,5000,ZJ-HZB,L1-china2015-raster30m,2015,SILVER,25.0,0,0.0,0,0.0,0,0.0,0.0,0.0,UNLABELED,UNLABELED,,,
ZJ_U51_5K_E074_N670,5000,ZJ-HZB,L2-cmssm2020-polygons,2020,WEAK,25.0,0,0.0,0,0.0,0,0.0,0.0,0.0,UNLABELED,UNLABELED,,,
ZJ_U51_5K_E074_N670,5000,ZJ-HZB,L3-hangzhou-mask-2015,2015,WEAK,25.0,0,0.0,0,0.0,0,0.0,0.0,0.0,UNLABELED,UNLABELED,,,
ZJ_U51_5K_E074_N670,5000,ZJ-HZB,L4-cmsa-polygons-2019,2019,WEAK,25.0,0,0.0,0,0.0,0,0.0,0.0,0.0,UNLABELED,UNLABELED,,,
ZJ_U51_5K_E074_N670,5000,ZJ-HZB,L5-cmsa-polygons-2020,2020,WEAK,25.0,0,0.0,0,0.0,0,0.0,0.0,0.0,UNLABELED,UNLABELED,,,
ZJ_U51_5K_E074_N670,5000,ZJ-HZB,L6-cmsa-polygons-2021,2021,WEAK,25.0,0,0.0,0,0.0,0,0.0,0.0,0.0,UNLABELED,UNLABELED,,,
ZJ_U51_5K_E074_N671,5000,ZJ-HZB,L1-china2015-raster30m,2015,SILVER,25.0,0,0.0,0,0.0,0,0.0,0.0,0.0,UNLABELED,UNLABELED,,,
ZJ_U51_5K_E074_N671,5000,ZJ-HZB,L2-cmssm2020-polygons,2020,WEAK,25.0,0,0.0,0,0.0,0,0.0,0.0,0.0,UNLABELED,UNLABELED,,,
ZJ_U51_5K_E074_N671,5000,ZJ-HZB,L3-hangzhou-mask-2015,2015,WEAK,25.0,0,0.0,0,0.0,0,0.0,0.0,0.0,UNLABELED,UNLABELED,,,
ZJ_U51_5K_E074_N671,5000,ZJ-HZB,L4-cmsa-polygons-2019,2019,WEAK,25.0,0,0.0,0,0.0,0,0.0,0.0,0.0,UNLABELED,UNLABELED,,,
ZJ_U51_5K_E074_N671,5000,ZJ-HZB,L5-cmsa-polygons-2020,2020,WEAK,25.0,0,0.0,0,0.0,0,0.0,0.0,0.0,UNLABELED,UNLABELED,,,
ZJ_U51_5K_E074_N671,5000,ZJ-HZB,L6-cmsa-polygons-2021,2021,WEAK,25.0,0,0.0,0,0.0,0,0.0,0.0,0.0,UNLABELED,UNLABELED,,,
ZJ_U51_5K_E074_N672,5000,ZJ-HZB,L1-china2015-raster30m,2015,SILVER,25.0,0,0.0,0,0.0,0,0.0,0.0,0.0,UNLABELED,UNLABELED,,,
ZJ_U51_5K_E074_N672,5000,ZJ-HZB,L2-cmssm2020-polygons,2020,WEAK,25.0,0,0.0,0,0.0,0,0.0,0.0,0.0,UNLABELED,UNLABELED,,,
ZJ_U51_5K_E074_N672,5000,ZJ-HZB,L3-hangzhou-mask-2015,2015,WEAK,25.0,0,0.0,0,0.0,0,0.0,0.0,0.0,UNLABELED,UNLABELED,,,
ZJ_U51_5K_E074_N672,5000,ZJ-HZB,L4-cmsa-polygons-2019,2019,WEAK,25.0,0,0.0,0,0.0,0,0.0,0.0,0.0,UNLABELED,UNLABELED,,,
ZJ_U51_5K_E074_N672,5000,ZJ-HZB,L5-cmsa-polygons-2020,2020,WEAK,25.0,0,0.0,0,0.0,0,0.0,0.0,0.0,UNLABELED,UNLABELED,,,
ZJ_U51_5K_E074_N672,5000,ZJ-HZB,L6-cmsa-polygons-2021,2021,WEAK,25.0,0,0.0,0,0.0,0,0.0,0.0,0.0,UNLABELED,UNLABELED,,,
ZJ_U51_5K_E074_N673,5000,ZJ-HZB,L1-china2015-raster30m,2015,SILVER,25.0,0,0.0,0,0.0,0,0.0,0.0,0.0,UNLABELED,UNLABELED,,,
ZJ_U51_5K_E074_N673,5000,ZJ-HZB,L2-cmssm2020-polygons,2020,WEAK,25.0,0,0.0,0,0.0,0,0.0,0.0,0.0,UNLABELED,UNLABELED,,,
ZJ_U51_5K_E074_N673,5000,ZJ-HZB,L3-hangzhou-mask-2015,2015,WEAK,25.0,0,0.0,0,0.0,0,0.0,0.0,0.0,UNLABELED,UNLABELED,,,
ZJ_U51_5K_E074_N673,5000,ZJ-HZB,L4-cmsa-polygons-2019,2019,WEAK,25.0,0,0.0,0,0.0,0,0.0,0.0,0.0,UNLABELED,UNLABELED,,,
ZJ_U51_5K_E074_N673,5000,ZJ-HZB,L5-cmsa-polygons-2020,2020,WEAK,25.0,0,0.0,0,0.0,0,0.0,0.0,0.0,UNLABELED,UNLABELED,,,
ZJ_U51_5K_E074_N673,5000,ZJ-HZB,L6-cmsa-polygons-2021,2021,WEAK,25.0,0,0.0,0,0.0,0,0.0,0.0,0.0,UNLABELED,UNLABELED,,,
ZJ_U51_5K_E074_N674,5000,ZJ-HZB,L1-china2015-raster30m,2015,SILVER,25.0,0,0.0,0,0.0,0,0.0,0.0,0.0,UNLABELED,UNLABELED,,,
ZJ_U51_5K_E074_N674,5000,ZJ-HZB,L2-cmssm2020-polygons,2020,WEAK,25.0,0,0.0,0,0.0,0,0.0,0.0,0.0,UNLABELED,UNLABELED,,,
ZJ_U51_5K_E074_N674,5000,ZJ-HZB,L3-hangzhou-mask-2015,2015,WEAK,25.0,0,0.0,0,0.0,0,0.0,0.0,0.0,UNLABELED,UNLABELED,,,
ZJ_U51_5K_E074_N674,5000,ZJ-HZB,L4-cmsa-polygons-2019,2019,WEAK,25.0,0,0.0,0,0.0,0,0.0,0.0,0.0,UNLABELED,UNLABELED,,,
ZJ_U51_5K_E074_N674,5000,ZJ-HZB,L5-cmsa-polygons-2020,2020,WEAK,25.0,0,0.0,0,0.0,0,0.0,0.0,0.0,UNLABELED,UNLABELED,,,
ZJ_U51_5K_E074_N674,5000,ZJ-HZB,L6-cmsa-polygons-2021,2021,WEAK,25.0,0,0.0,0,0.0,0,0.0,0.0,0.0,UNLABELED,UNLABELED,,,
ZJ_U51_5K_E074_N675,5000,ZJ-HZB,L1-china2015-raster30m,2015,SILVER,25.0,0,0.0,0,0.0,0,0.0,0.0,0.0,UNLABELED,UNLABELED,,,
ZJ_U51_5K_E074_N675,5000,ZJ-HZB,L2-cmssm2020-polygons,2020,WEAK,25.0,0,0.0,0,0.0,0,0.0,0.0,0.0,UNLABELED,UNLABELED,,,
ZJ_U51_5K_E074_N675,5000,ZJ-HZB,L3-hangzhou-mask-2015,2015,WEAK,25.0,0,0.0,0,0.0,0,0.0,0.0,0.0,UNLABELED,UNLABELED,,,
ZJ_U51_5K_E074_N675,5000,ZJ-HZB,L4-cmsa-polygons-2019,2019,WEAK,25.0,0,0.0,0,0.0,0,0.0,0.0,0.0,UNLABELED,UNLABELED,,,
ZJ_U51_5K_E074_N675,5000,ZJ-HZB,L5-cmsa-polygons-2020,2020,WEAK,25.0,0,0.0,0,0.0,0,0.0,0.0,0.0,UNLABELED,UNLABELED,,,
ZJ_U51_5K_E074_N675,5000,ZJ-HZB,L6-cmsa-polygons-2021,2021,WEAK,25.0,0,0.0,0,0.0,0,0.0,0.0,0.0,UNLABELED,UNLABELED,,,
ZJ_U51_5K_E074_N676,5000,ZJ-HZB,L1-china2015-raster30m,2015,SILVER,25.0,0,0.0,0,0.0,0,0.0,0.0,0.0,UNLABELED,UNLABELED,,,
ZJ_U51_5K_E074_N676,5000,ZJ-HZB,L2-cmssm2020-polygons,2020,WEAK,25.0,0,0.0,0,0.0,0,0.0,0.0,0.0,UNLABELED,UNLABELED,,,
ZJ_U51_5K_E074_N676,5000,ZJ-HZB,L3-hangzhou-mask-2015,2015,WEAK,25.0,0,0.0,0,0.0,0,0.0,0.0,0.0,UNLABELED,UNLABELED,,,
ZJ_U51_5K_E074_N676,5000,ZJ-HZB,L4-cmsa-polygons-2019,2019,WEAK,25.0,0,0.0,0,0.0,0,0.0,0.0,0.0,UNLABELED,UNLABELED,,,
ZJ_U51_5K_E074_N676,5000,ZJ-HZB,L5-cmsa-polygons-2020,2020,WEAK,25.0,0,0.0,0,0.0,0,0.0,0.0,0.0,UNLABELED,UNLABELED,,,
ZJ_U51_5K_E074_N676,5000,ZJ-HZB,L6-cmsa-polygons-2021,2021,WEAK,25.0,0,0.0,0,0.0,0,0.0,0.0,0.0,UNLABELED,UNLABELED,,,
ZJ_U51_5K_E074_N677,5000,ZJ-HZB,L1-china2015-raster30m,2015,SILVER,25.0,0,0.0,0,0.0,0,0.0,0.0,0.0,UNLABELED,UNLABELED,,,
ZJ_U51_5K_E074_N677,5000,ZJ-HZB,L2-cmssm2020-polygons,2020,WEAK,25.0,0,0.0,0,0.0,0,0.0,0.0,0.0,UNLABELED,UNLABELED,,,
ZJ_U51_5K_E074_N677,5000,ZJ-HZB,L3-hangzhou-mask-2015,2015,WEAK,25.0,0,0.0,0,0.0,0,0.0,0.0,0.0,UNLABELED,UNLABELED,,,
ZJ_U51_5K_E074_N677,5000,ZJ-HZB,L4-cmsa-polygons-2019,2019,WEAK,25.0,0,0.0,0,0.0,0,0.0,0.0,0.0,UNLABELED,UNLABELED,,,
ZJ_U51_5K_E074_N677,5000,ZJ-HZB,L5-cmsa-polygons-2020,2020,WEAK,25.0,0,0.0,0,0.0,0,0.0,0.0,0.0,UNLABELED,UNLABELED,,,
ZJ_U51_5K_E074_N677,5000,ZJ-HZB,L6-cmsa-polygons-2021,2021,WEAK,25.0,0,0.0,0,0.0,0,0.0,0.0,0.0,UNLABELED,UNLABELED,,,
ZJ_U51_5K_E074_N678,5000,ZJ-HZB,L1-china2015-raster30m,2015,SILVER,25.0,0,0.0,0,0.0,0,0.0,0.0,0.0,UNLABELED,UNLABELED,,,
ZJ_U51_5K_E074_N678,5000,ZJ-HZB,L2-cmssm2020-polygons,2020,WEAK,25.0,0,0.0,0,0.0,0,0.0,0.0,0.0,UNLABELED,UNLABELED,,,
ZJ_U51_5K_E074_N678,5000,ZJ-HZB,L3-hangzhou-mask-2015,2015,WEAK,25.0,0,0.0,0,0.0,0,0.0,0.0,0.0,UNLABELED,UNLABELED,,,
ZJ_U51_5K_E074_N678,5000,ZJ-HZB,L4-cmsa-polygons-2019,2019,WEAK,25.0,0,0.0,0,0.0,0,0.0,0.0,0.0,UNLABELED,UNLABELED,,,
ZJ_U51_5K_E074_N678,5000,ZJ-HZB,L5-cmsa-polygons-2020,2020,WEAK,25.0,0,0.0,0,0.0,0,0.0,0.0,0.0,UNLABELED,UNLABELED,,,
ZJ_U51_5K_E074_N678,5000,ZJ-HZB,L6-cmsa-polygons-2021,2021,WEAK,25.0,0,0.0,0,0.0,0,0.0,0.0,0.0,UNLABELED,UNLABELED,,,
ZJ_U51_5K_E074_N679,5000,ZJ-HZB,L1-china2015-raster30m,2015,SILVER,25.0,0,0.0,0,0.0,0,0.0,0.0,0.0,UNLABELED,UNLABELED,,,
ZJ_U51_5K_E074_N679,5000,ZJ-HZB,L2-cmssm2020-polygons,2020,WEAK,25.0,0,0.0,0,0.0,0,0.0,0.0,0.0,UNLABELED,UNLABELED,,,
ZJ_U51_5K_E074_N679,5000,ZJ-HZB,L3-hangzhou-mask-2015,2015,WEAK,25.0,0,0.0,0,0.0,0,0.0,0.0,0.0,UNLABELED,UNLABELED,,,
ZJ_U51_5K_E074_N679,5000,ZJ-HZB,L4-cmsa-polygons-2019,2019,WEAK,25.0,0,0.0,0,0.0,0,0.0,0.0,0.0,UNLABELED,UNLABELED,,,
ZJ_U51_5K_E074_N679,5000,ZJ-HZB,L5-cmsa-polygons-2020,2020,WEAK,25.0,0,0.0,0,0.0,0,0.0,0.0,0.0,UNLABELED,UNLABELED,,,
ZJ_U51_5K_E074_N679,5000,ZJ-HZB,L6-cmsa-polygons-2021,2021,WEAK,25.0,0,0.0,0,0.0,0,0.0,0.0,0.0,UNLABELED,UNLABELED,,,
ZJ_U51_5K_E074_N680,5000,ZJ-HZB,L1-china2015-raster30m,2015,SILVER,24.972492,0,0.0,0,0.0,0,0.0,0.0,0.0,UNLABELED,UNLABELED,,,
ZJ_U51_5K_E074_N680,5000,ZJ-HZB,L2-cmssm2020-polygons,2020,WEAK,24.972492,0,0.0,0,0.0,0,0.0,0.0,0.0,UNLABELED,UNLABELED,,,
ZJ_U51_5K_E074_N680,5000,ZJ-HZB,L3-hangzhou-mask-2015,2015,WEAK,24.972492,0,0.0,0,0.0,0,0.0,0.0,0.0,UNLABELED,UNLABELED,,,
ZJ_U51_5K_E074_N680,5000,ZJ-HZB,L4-cmsa-polygons-2019,2019,WEAK,24.972492,0,0.0,0,0.0,0,0.0,0.0,0.0,UNLABELED,UNLABELED,,,
ZJ_U51_5K_E074_N680,5000,ZJ-HZB,L5-cmsa-polygons-2020,2020,WEAK,24.972492,0,0.0,0,0.0,0,0.0,0.0,0.0,UNLABELED,UNLABELED,,,
ZJ_U51_5K_E074_N680,5000,ZJ-HZB,L6-cmsa-polygons-2021,2021,WEAK,24.972492,0,0.0,0,0.0,0,0.0,0.0,0.0,UNLABELED,UNLABELED,,,
ZJ_U51_5K_E074_N681,5000,ZJ-HZB,L1-china2015-raster30m,2015,SILVER,6.507451,0,0.0,0,0.0,0,0.0,0.0,0.0,UNLABELED,UNLABELED,,,
ZJ_U51_5K_E074_N681,5000,ZJ-HZB,L2-cmssm2020-polygons,2020,WEAK,6.507451,0,0.0,0,0.0,0,0.0,0.0,0.0,UNLABELED,UNLABELED,,,
ZJ_U51_5K_E074_N681,5000,ZJ-HZB,L3-hangzhou-mask-2015,2015,WEAK,6.507451,0,0.0,0,0.0,0,0.0,0.0,0.0,UNLABELED,UNLABELED,,,
ZJ_U51_5K_E074_N681,5000,ZJ-HZB,L4-cmsa-polygons-2019,2019,WEAK,6.507451,0,0.0,0,0.0,0,0.0,0.0,0.0,UNLABELED,UNLABELED,,,
ZJ_U51_5K_E074_N681,5000,ZJ-HZB,L5-cmsa-polygons-2020,2020,WEAK,6.507451,0,0.0,0,0.0,0,0.0,0.0,0.0,UNLABELED,UNLABELED,,,
ZJ_U51_5K_E074_N681,5000,ZJ-HZB,L6-cmsa-polygons-2021,2021,WEAK,6.507451,0,0.0,0,0.0,0,0.0,0.0,0.0,UNLABELED,UNLABELED,,,
ZJ_U51_5K_E075_N641,5000,ZJ-SMB,L1-china2015-raster30m,2015,SILVER,13.67951,0,0.0,0,0.0,0,0.0,0.0,0.0,UNLABELED,UNLABELED,,,
ZJ_U51_5K_E075_N641,5000,ZJ-SMB,L2-cmssm2020-polygons,2020,WEAK,13.67951,0,0.0,0,0.0,0,0.0,0.0,0.0,UNLABELED,UNLABELED,,,
ZJ_U51_5K_E075_N641,5000,ZJ-SMB,L3-hangzhou-mask-2015,2015,WEAK,13.67951,0,0.0,0,0.0,0,0.0,0.0,0.0,UNLABELED,UNLABELED,,,
ZJ_U51_5K_E075_N641,5000,ZJ-SMB,L4-cmsa-polygons-2019,2019,WEAK,13.67951,0,0.0,0,0.0,0,0.0,0.0,0.0,UNLABELED,UNLABELED,,,
ZJ_U51_5K_E075_N641,5000,ZJ-SMB,L5-cmsa-polygons-2020,2020,WEAK,13.67951,0,0.0,0,0.0,0,0.0,0.0,0.0,UNLABELED,UNLABELED,,,
ZJ_U51_5K_E075_N641,5000,ZJ-SMB,L6-cmsa-polygons-2021,2021,WEAK,13.67951,0,0.0,0,0.0,0,0.0,0.0,0.0,UNLABELED,UNLABELED,,,
ZJ_U51_5K_E075_N642,5000,ZJ-SMB,L1-china2015-raster30m,2015,SILVER,25.0,0,0.0,0,0.0,0,0.0,0.0,0.0,UNLABELED,UNLABELED,,,
ZJ_U51_5K_E075_N642,5000,ZJ-SMB,L2-cmssm2020-polygons,2020,WEAK,25.0,0,0.0,0,0.0,0,0.0,0.0,0.0,UNLABELED,UNLABELED,,,
ZJ_U51_5K_E075_N642,5000,ZJ-SMB,L3-hangzhou-mask-2015,2015,WEAK,25.0,0,0.0,0,0.0,0,0.0,0.0,0.0,UNLABELED,UNLABELED,,,
ZJ_U51_5K_E075_N642,5000,ZJ-SMB,L4-cmsa-polygons-2019,2019,WEAK,25.0,0,0.0,0,0.0,0,0.0,0.0,0.0,UNLABELED,UNLABELED,,,
ZJ_U51_5K_E075_N642,5000,ZJ-SMB,L5-cmsa-polygons-2020,2020,WEAK,25.0,0,0.0,0,0.0,0,0.0,0.0,0.0,UNLABELED,UNLABELED,,,
ZJ_U51_5K_E075_N642,5000,ZJ-SMB,L6-cmsa-polygons-2021,2021,WEAK,25.0,0,0.0,0,0.0,0,0.0,0.0,0.0,UNLABELED,UNLABELED,,,
ZJ_U51_5K_E075_N643,5000,ZJ-SMB,L1-china2015-raster30m,2015,SILVER,25.0,26,0.0234,26,0.0234,0,0.0,0.000936,0.000936,SILVER,SILVER,,,
ZJ_U51_5K_E075_N643,5000,ZJ-SMB,L2-cmssm2020-polygons,2020,WEAK,25.0,0,0.0,0,0.0,0,0.0,0.0,0.0,SILVER,SILVER,,,
ZJ_U51_5K_E075_N643,5000,ZJ-SMB,L3-hangzhou-mask-2015,2015,WEAK,25.0,0,0.0,0,0.0,0,0.0,0.0,0.0,SILVER,SILVER,,,
ZJ_U51_5K_E075_N643,5000,ZJ-SMB,L4-cmsa-polygons-2019,2019,WEAK,25.0,0,0.0,0,0.0,0,0.0,0.0,0.0,SILVER,SILVER,,,
ZJ_U51_5K_E075_N643,5000,ZJ-SMB,L5-cmsa-polygons-2020,2020,WEAK,25.0,0,0.0,0,0.0,0,0.0,0.0,0.0,SILVER,SILVER,,,
ZJ_U51_5K_E075_N643,5000,ZJ-SMB,L6-cmsa-polygons-2021,2021,WEAK,25.0,0,0.0,0,0.0,0,0.0,0.0,0.0,SILVER,SILVER,,,
ZJ_U51_5K_E075_N644,5000,ZJ-SMB,L1-china2015-raster30m,2015,SILVER,25.0,23,0.0207,23,0.0207,0,0.0,0.000828,0.000828,SILVER,SILVER,,,
ZJ_U51_5K_E075_N644,5000,ZJ-SMB,L2-cmssm2020-polygons,2020,WEAK,25.0,0,0.0,0,0.0,0,0.0,0.0,0.0,SILVER,SILVER,,,
ZJ_U51_5K_E075_N644,5000,ZJ-SMB,L3-hangzhou-mask-2015,2015,WEAK,25.0,0,0.0,0,0.0,0,0.0,0.0,0.0,SILVER,SILVER,,,
ZJ_U51_5K_E075_N644,5000,ZJ-SMB,L4-cmsa-polygons-2019,2019,WEAK,25.0,0,0.0,0,0.0,0,0.0,0.0,0.0,SILVER,SILVER,,,
ZJ_U51_5K_E075_N644,5000,ZJ-SMB,L5-cmsa-polygons-2020,2020,WEAK,25.0,0,0.0,0,0.0,0,0.0,0.0,0.0,SILVER,SILVER,,,
ZJ_U51_5K_E075_N644,5000,ZJ-SMB,L6-cmsa-polygons-2021,2021,WEAK,25.0,0,0.0,0,0.0,0,0.0,0.0,0.0,SILVER,SILVER,,,
ZJ_U51_5K_E075_N645,5000,ZJ-SMB,L1-china2015-raster30m,2015,SILVER,25.0,279,0.2511,279,0.2511,0,0.0,0.010044,0.010044,SILVER,SILVER,,,
ZJ_U51_5K_E075_N645,5000,ZJ-SMB,L2-cmssm2020-polygons,2020,WEAK,25.0,0,0.0,0,0.0,0,0.0,0.0,0.0,SILVER,SILVER,,,
ZJ_U51_5K_E075_N645,5000,ZJ-SMB,L3-hangzhou-mask-2015,2015,WEAK,25.0,0,0.0,0,0.0,0,0.0,0.0,0.0,SILVER,SILVER,,,
ZJ_U51_5K_E075_N645,5000,ZJ-SMB,L4-cmsa-polygons-2019,2019,WEAK,25.0,0,0.0,0,0.0,0,0.0,0.0,0.0,SILVER,SILVER,,,
ZJ_U51_5K_E075_N645,5000,ZJ-SMB,L5-cmsa-polygons-2020,2020,WEAK,25.0,0,0.0,0,0.0,0,0.0,0.0,0.0,SILVER,SILVER,,,
ZJ_U51_5K_E075_N645,5000,ZJ-SMB,L6-cmsa-polygons-2021,2021,WEAK,25.0,0,0.0,0,0.0,0,0.0,0.0,0.0,SILVER,SILVER,,,
ZJ_U51_5K_E075_N646,5000,ZJ-SMB,L1-china2015-raster30m,2015,SILVER,25.0,216,0.1944,216,0.1944,0,0.0,0.007776,0.007776,SILVER,SILVER,,,
ZJ_U51_5K_E075_N646,5000,ZJ-SMB,L2-cmssm2020-polygons,2020,WEAK,25.0,0,0.0,0,0.0,0,0.0,0.0,0.0,SILVER,SILVER,,,
ZJ_U51_5K_E075_N646,5000,ZJ-SMB,L3-hangzhou-mask-2015,2015,WEAK,25.0,0,0.0,0,0.0,0,0.0,0.0,0.0,SILVER,SILVER,,,
ZJ_U51_5K_E075_N646,5000,ZJ-SMB,L4-cmsa-polygons-2019,2019,WEAK,25.0,0,0.0,0,0.0,0,0.0,0.0,0.0,SILVER,SILVER,,,
ZJ_U51_5K_E075_N646,5000,ZJ-SMB,L5-cmsa-polygons-2020,2020,WEAK,25.0,0,0.0,0,0.0,0,0.0,0.0,0.0,SILVER,SILVER,,,
ZJ_U51_5K_E075_N646,5000,ZJ-SMB,L6-cmsa-polygons-2021,2021,WEAK,25.0,0,0.0,0,0.0,0,0.0,0.0,0.0,SILVER,SILVER,,,
ZJ_U51_5K_E075_N647,5000,ZJ-SMB,L1-china2015-raster30m,2015,SILVER,13.791492,0,0.0,0,0.0,0,0.0,0.0,0.0,UNLABELED,UNLABELED,,,
ZJ_U51_5K_E075_N647,5000,ZJ-SMB,L2-cmssm2020-polygons,2020,WEAK,13.791492,0,0.0,0,0.0,0,0.0,0.0,0.0,UNLABELED,UNLABELED,,,
ZJ_U51_5K_E075_N647,5000,ZJ-SMB,L3-hangzhou-mask-2015,2015,WEAK,13.791492,0,0.0,0,0.0,0,0.0,0.0,0.0,UNLABELED,UNLABELED,,,
ZJ_U51_5K_E075_N647,5000,ZJ-SMB,L4-cmsa-polygons-2019,2019,WEAK,13.791492,0,0.0,0,0.0,0,0.0,0.0,0.0,UNLABELED,UNLABELED,,,
ZJ_U51_5K_E075_N647,5000,ZJ-SMB,L5-cmsa-polygons-2020,2020,WEAK,13.791492,0,0.0,0,0.0,0,0.0,0.0,0.0,UNLABELED,UNLABELED,,,
ZJ_U51_5K_E075_N647,5000,ZJ-SMB,L6-cmsa-polygons-2021,2021,WEAK,13.791492,0,0.0,0,0.0,0,0.0,0.0,0.0,UNLABELED,UNLABELED,,,
ZJ_U51_5K_E075_N663,5000,ZJ-HZB,L1-china2015-raster30m,2015,SILVER,11.173997,402,0.3618,4,0.0036,398,0.3582,0.014472,0.000322,SILVER,SILVER,,,
ZJ_U51_5K_E075_N663,5000,ZJ-HZB,L2-cmssm2020-polygons,2020,WEAK,11.173997,0,0.0,0,0.0,0,0.0,0.0,0.0,SILVER,SILVER,,,
ZJ_U51_5K_E075_N663,5000,ZJ-HZB,L3-hangzhou-mask-2015,2015,WEAK,11.173997,0,0.0,0,0.0,0,0.0,0.0,0.0,SILVER,SILVER,,,
ZJ_U51_5K_E075_N663,5000,ZJ-HZB,L4-cmsa-polygons-2019,2019,WEAK,11.173997,0,0.0,0,0.0,0,0.0,0.0,0.0,SILVER,SILVER,,,
ZJ_U51_5K_E075_N663,5000,ZJ-HZB,L5-cmsa-polygons-2020,2020,WEAK,11.173997,0,0.0,0,0.0,0,0.0,0.0,0.0,SILVER,SILVER,,,
ZJ_U51_5K_E075_N663,5000,ZJ-HZB,L6-cmsa-polygons-2021,2021,WEAK,11.173997,0,0.0,0,0.0,0,0.0,0.0,0.0,SILVER,SILVER,,,
ZJ_U51_5K_E075_N664,5000,ZJ-HZB,L1-china2015-raster30m,2015,SILVER,22.728042,0,0.0,0,0.0,0,0.0,0.0,0.0,UNLABELED,UNLABELED,,,
ZJ_U51_5K_E075_N664,5000,ZJ-HZB,L2-cmssm2020-polygons,2020,WEAK,22.728042,0,0.0,0,0.0,0,0.0,0.0,0.0,UNLABELED,UNLABELED,,,
ZJ_U51_5K_E075_N664,5000,ZJ-HZB,L3-hangzhou-mask-2015,2015,WEAK,22.728042,0,0.0,0,0.0,0,0.0,0.0,0.0,UNLABELED,UNLABELED,,,
ZJ_U51_5K_E075_N664,5000,ZJ-HZB,L4-cmsa-polygons-2019,2019,WEAK,22.728042,0,0.0,0,0.0,0,0.0,0.0,0.0,UNLABELED,UNLABELED,,,
ZJ_U51_5K_E075_N664,5000,ZJ-HZB,L5-cmsa-polygons-2020,2020,WEAK,22.728042,0,0.0,0,0.0,0,0.0,0.0,0.0,UNLABELED,UNLABELED,,,
ZJ_U51_5K_E075_N664,5000,ZJ-HZB,L6-cmsa-polygons-2021,2021,WEAK,22.728042,0,0.0,0,0.0,0,0.0,0.0,0.0,UNLABELED,UNLABELED,,,
ZJ_U51_5K_E075_N665,5000,ZJ-HZB,L1-china2015-raster30m,2015,SILVER,24.994712,0,0.0,0,0.0,0,0.0,0.0,0.0,UNLABELED,UNLABELED,,,
ZJ_U51_5K_E075_N665,5000,ZJ-HZB,L2-cmssm2020-polygons,2020,WEAK,24.994712,0,0.0,0,0.0,0,0.0,0.0,0.0,UNLABELED,UNLABELED,,,
ZJ_U51_5K_E075_N665,5000,ZJ-HZB,L3-hangzhou-mask-2015,2015,WEAK,24.994712,0,0.0,0,0.0,0,0.0,0.0,0.0,UNLABELED,UNLABELED,,,
ZJ_U51_5K_E075_N665,5000,ZJ-HZB,L4-cmsa-polygons-2019,2019,WEAK,24.994712,0,0.0,0,0.0,0,0.0,0.0,0.0,UNLABELED,UNLABELED,,,
ZJ_U51_5K_E075_N665,5000,ZJ-HZB,L5-cmsa-polygons-2020,2020,WEAK,24.994712,0,0.0,0,0.0,0,0.0,0.0,0.0,UNLABELED,UNLABELED,,,
ZJ_U51_5K_E075_N665,5000,ZJ-HZB,L6-cmsa-polygons-2021,2021,WEAK,24.994712,0,0.0,0,0.0,0,0.0,0.0,0.0,UNLABELED,UNLABELED,,,
ZJ_U51_5K_E075_N666,5000,ZJ-HZB,L1-china2015-raster30m,2015,SILVER,25.0,0,0.0,0,0.0,0,0.0,0.0,0.0,UNLABELED,UNLABELED,,,
ZJ_U51_5K_E075_N666,5000,ZJ-HZB,L2-cmssm2020-polygons,2020,WEAK,25.0,0,0.0,0,0.0,0,0.0,0.0,0.0,UNLABELED,UNLABELED,,,
ZJ_U51_5K_E075_N666,5000,ZJ-HZB,L3-hangzhou-mask-2015,2015,WEAK,25.0,0,0.0,0,0.0,0,0.0,0.0,0.0,UNLABELED,UNLABELED,,,
ZJ_U51_5K_E075_N666,5000,ZJ-HZB,L4-cmsa-polygons-2019,2019,WEAK,25.0,0,0.0,0,0.0,0,0.0,0.0,0.0,UNLABELED,UNLABELED,,,
ZJ_U51_5K_E075_N666,5000,ZJ-HZB,L5-cmsa-polygons-2020,2020,WEAK,25.0,0,0.0,0,0.0,0,0.0,0.0,0.0,UNLABELED,UNLABELED,,,
ZJ_U51_5K_E075_N666,5000,ZJ-HZB,L6-cmsa-polygons-2021,2021,WEAK,25.0,0,0.0,0,0.0,0,0.0,0.0,0.0,UNLABELED,UNLABELED,,,
ZJ_U51_5K_E075_N667,5000,ZJ-HZB,L1-china2015-raster30m,2015,SILVER,25.0,0,0.0,0,0.0,0,0.0,0.0,0.0,UNLABELED,UNLABELED,,,
ZJ_U51_5K_E075_N667,5000,ZJ-HZB,L2-cmssm2020-polygons,2020,WEAK,25.0,0,0.0,0,0.0,0,0.0,0.0,0.0,UNLABELED,UNLABELED,,,
ZJ_U51_5K_E075_N667,5000,ZJ-HZB,L3-hangzhou-mask-2015,2015,WEAK,25.0,0,0.0,0,0.0,0,0.0,0.0,0.0,UNLABELED,UNLABELED,,,
ZJ_U51_5K_E075_N667,5000,ZJ-HZB,L4-cmsa-polygons-2019,2019,WEAK,25.0,0,0.0,0,0.0,0,0.0,0.0,0.0,UNLABELED,UNLABELED,,,
ZJ_U51_5K_E075_N667,5000,ZJ-HZB,L5-cmsa-polygons-2020,2020,WEAK,25.0,0,0.0,0,0.0,0,0.0,0.0,0.0,UNLABELED,UNLABELED,,,
ZJ_U51_5K_E075_N667,5000,ZJ-HZB,L6-cmsa-polygons-2021,2021,WEAK,25.0,0,0.0,0,0.0,0,0.0,0.0,0.0,UNLABELED,UNLABELED,,,
ZJ_U51_5K_E075_N668,5000,ZJ-HZB,L1-china2015-raster30m,2015,SILVER,25.0,0,0.0,0,0.0,0,0.0,0.0,0.0,UNLABELED,UNLABELED,,,
ZJ_U51_5K_E075_N668,5000,ZJ-HZB,L2-cmssm2020-polygons,2020,WEAK,25.0,0,0.0,0,0.0,0,0.0,0.0,0.0,UNLABELED,UNLABELED,,,
ZJ_U51_5K_E075_N668,5000,ZJ-HZB,L3-hangzhou-mask-2015,2015,WEAK,25.0,0,0.0,0,0.0,0,0.0,0.0,0.0,UNLABELED,UNLABELED,,,
ZJ_U51_5K_E075_N668,5000,ZJ-HZB,L4-cmsa-polygons-2019,2019,WEAK,25.0,0,0.0,0,0.0,0,0.0,0.0,0.0,UNLABELED,UNLABELED,,,
ZJ_U51_5K_E075_N668,5000,ZJ-HZB,L5-cmsa-polygons-2020,2020,WEAK,25.0,0,0.0,0,0.0,0,0.0,0.0,0.0,UNLABELED,UNLABELED,,,
ZJ_U51_5K_E075_N668,5000,ZJ-HZB,L6-cmsa-polygons-2021,2021,WEAK,25.0,0,0.0,0,0.0,0,0.0,0.0,0.0,UNLABELED,UNLABELED,,,
ZJ_U51_5K_E075_N669,5000,ZJ-HZB,L1-china2015-raster30m,2015,SILVER,25.0,0,0.0,0,0.0,0,0.0,0.0,0.0,UNLABELED,UNLABELED,,,
ZJ_U51_5K_E075_N669,5000,ZJ-HZB,L2-cmssm2020-polygons,2020,WEAK,25.0,0,0.0,0,0.0,0,0.0,0.0,0.0,UNLABELED,UNLABELED,,,
ZJ_U51_5K_E075_N669,5000,ZJ-HZB,L3-hangzhou-mask-2015,2015,WEAK,25.0,0,0.0,0,0.0,0,0.0,0.0,0.0,UNLABELED,UNLABELED,,,
ZJ_U51_5K_E075_N669,5000,ZJ-HZB,L4-cmsa-polygons-2019,2019,WEAK,25.0,0,0.0,0,0.0,0,0.0,0.0,0.0,UNLABELED,UNLABELED,,,
ZJ_U51_5K_E075_N669,5000,ZJ-HZB,L5-cmsa-polygons-2020,2020,WEAK,25.0,0,0.0,0,0.0,0,0.0,0.0,0.0,UNLABELED,UNLABELED,,,
ZJ_U51_5K_E075_N669,5000,ZJ-HZB,L6-cmsa-polygons-2021,2021,WEAK,25.0,0,0.0,0,0.0,0,0.0,0.0,0.0,UNLABELED,UNLABELED,,,
ZJ_U51_5K_E075_N670,5000,ZJ-HZB,L1-china2015-raster30m,2015,SILVER,25.0,0,0.0,0,0.0,0,0.0,0.0,0.0,UNLABELED,UNLABELED,,,
ZJ_U51_5K_E075_N670,5000,ZJ-HZB,L2-cmssm2020-polygons,2020,WEAK,25.0,0,0.0,0,0.0,0,0.0,0.0,0.0,UNLABELED,UNLABELED,,,
ZJ_U51_5K_E075_N670,5000,ZJ-HZB,L3-hangzhou-mask-2015,2015,WEAK,25.0,0,0.0,0,0.0,0,0.0,0.0,0.0,UNLABELED,UNLABELED,,,
ZJ_U51_5K_E075_N670,5000,ZJ-HZB,L4-cmsa-polygons-2019,2019,WEAK,25.0,0,0.0,0,0.0,0,0.0,0.0,0.0,UNLABELED,UNLABELED,,,
ZJ_U51_5K_E075_N670,5000,ZJ-HZB,L5-cmsa-polygons-2020,2020,WEAK,25.0,0,0.0,0,0.0,0,0.0,0.0,0.0,UNLABELED,UNLABELED,,,
ZJ_U51_5K_E075_N670,5000,ZJ-HZB,L6-cmsa-polygons-2021,2021,WEAK,25.0,0,0.0,0,0.0,0,0.0,0.0,0.0,UNLABELED,UNLABELED,,,
ZJ_U51_5K_E075_N671,5000,ZJ-HZB,L1-china2015-raster30m,2015,SILVER,25.0,0,0.0,0,0.0,0,0.0,0.0,0.0,UNLABELED,UNLABELED,,,
ZJ_U51_5K_E075_N671,5000,ZJ-HZB,L2-cmssm2020-polygons,2020,WEAK,25.0,0,0.0,0,0.0,0,0.0,0.0,0.0,UNLABELED,UNLABELED,,,
ZJ_U51_5K_E075_N671,5000,ZJ-HZB,L3-hangzhou-mask-2015,2015,WEAK,25.0,0,0.0,0,0.0,0,0.0,0.0,0.0,UNLABELED,UNLABELED,,,
ZJ_U51_5K_E075_N671,5000,ZJ-HZB,L4-cmsa-polygons-2019,2019,WEAK,25.0,0,0.0,0,0.0,0,0.0,0.0,0.0,UNLABELED,UNLABELED,,,
ZJ_U51_5K_E075_N671,5000,ZJ-HZB,L5-cmsa-polygons-2020,2020,WEAK,25.0,0,0.0,0,0.0,0,0.0,0.0,0.0,UNLABELED,UNLABELED,,,
ZJ_U51_5K_E075_N671,5000,ZJ-HZB,L6-cmsa-polygons-2021,2021,WEAK,25.0,0,0.0,0,0.0,0,0.0,0.0,0.0,UNLABELED,UNLABELED,,,
ZJ_U51_5K_E075_N672,5000,ZJ-HZB,L1-china2015-raster30m,2015,SILVER,25.0,0,0.0,0,0.0,0,0.0,0.0,0.0,UNLABELED,UNLABELED,,,
ZJ_U51_5K_E075_N672,5000,ZJ-HZB,L2-cmssm2020-polygons,2020,WEAK,25.0,0,0.0,0,0.0,0,0.0,0.0,0.0,UNLABELED,UNLABELED,,,
ZJ_U51_5K_E075_N672,5000,ZJ-HZB,L3-hangzhou-mask-2015,2015,WEAK,25.0,0,0.0,0,0.0,0,0.0,0.0,0.0,UNLABELED,UNLABELED,,,
ZJ_U51_5K_E075_N672,5000,ZJ-HZB,L4-cmsa-polygons-2019,2019,WEAK,25.0,0,0.0,0,0.0,0,0.0,0.0,0.0,UNLABELED,UNLABELED,,,
ZJ_U51_5K_E075_N672,5000,ZJ-HZB,L5-cmsa-polygons-2020,2020,WEAK,25.0,0,0.0,0,0.0,0,0.0,0.0,0.0,UNLABELED,UNLABELED,,,
ZJ_U51_5K_E075_N672,5000,ZJ-HZB,L6-cmsa-polygons-2021,2021,WEAK,25.0,0,0.0,0,0.0,0,0.0,0.0,0.0,UNLABELED,UNLABELED,,,
ZJ_U51_5K_E075_N673,5000,ZJ-HZB,L1-china2015-raster30m,2015,SILVER,25.0,0,0.0,0,0.0,0,0.0,0.0,0.0,UNLABELED,UNLABELED,,,
ZJ_U51_5K_E075_N673,5000,ZJ-HZB,L2-cmssm2020-polygons,2020,WEAK,25.0,0,0.0,0,0.0,0,0.0,0.0,0.0,UNLABELED,UNLABELED,,,
ZJ_U51_5K_E075_N673,5000,ZJ-HZB,L3-hangzhou-mask-2015,2015,WEAK,25.0,0,0.0,0,0.0,0,0.0,0.0,0.0,UNLABELED,UNLABELED,,,
ZJ_U51_5K_E075_N673,5000,ZJ-HZB,L4-cmsa-polygons-2019,2019,WEAK,25.0,0,0.0,0,0.0,0,0.0,0.0,0.0,UNLABELED,UNLABELED,,,
ZJ_U51_5K_E075_N673,5000,ZJ-HZB,L5-cmsa-polygons-2020,2020,WEAK,25.0,0,0.0,0,0.0,0,0.0,0.0,0.0,UNLABELED,UNLABELED,,,
ZJ_U51_5K_E075_N673,5000,ZJ-HZB,L6-cmsa-polygons-2021,2021,WEAK,25.0,0,0.0,0,0.0,0,0.0,0.0,0.0,UNLABELED,UNLABELED,,,
ZJ_U51_5K_E075_N674,5000,ZJ-HZB,L1-china2015-raster30m,2015,SILVER,25.0,0,0.0,0,0.0,0,0.0,0.0,0.0,UNLABELED,UNLABELED,,,
ZJ_U51_5K_E075_N674,5000,ZJ-HZB,L2-cmssm2020-polygons,2020,WEAK,25.0,0,0.0,0,0.0,0,0.0,0.0,0.0,UNLABELED,UNLABELED,,,
ZJ_U51_5K_E075_N674,5000,ZJ-HZB,L3-hangzhou-mask-2015,2015,WEAK,25.0,0,0.0,0,0.0,0,0.0,0.0,0.0,UNLABELED,UNLABELED,,,
ZJ_U51_5K_E075_N674,5000,ZJ-HZB,L4-cmsa-polygons-2019,2019,WEAK,25.0,0,0.0,0,0.0,0,0.0,0.0,0.0,UNLABELED,UNLABELED,,,
ZJ_U51_5K_E075_N674,5000,ZJ-HZB,L5-cmsa-polygons-2020,2020,WEAK,25.0,0,0.0,0,0.0,0,0.0,0.0,0.0,UNLABELED,UNLABELED,,,
ZJ_U51_5K_E075_N674,5000,ZJ-HZB,L6-cmsa-polygons-2021,2021,WEAK,25.0,0,0.0,0,0.0,0,0.0,0.0,0.0,UNLABELED,UNLABELED,,,
ZJ_U51_5K_E075_N675,5000,ZJ-HZB,L1-china2015-raster30m,2015,SILVER,25.0,0,0.0,0,0.0,0,0.0,0.0,0.0,UNLABELED,UNLABELED,,,
ZJ_U51_5K_E075_N675,5000,ZJ-HZB,L2-cmssm2020-polygons,2020,WEAK,25.0,0,0.0,0,0.0,0,0.0,0.0,0.0,UNLABELED,UNLABELED,,,
ZJ_U51_5K_E075_N675,5000,ZJ-HZB,L3-hangzhou-mask-2015,2015,WEAK,25.0,0,0.0,0,0.0,0,0.0,0.0,0.0,UNLABELED,UNLABELED,,,
ZJ_U51_5K_E075_N675,5000,ZJ-HZB,L4-cmsa-polygons-2019,2019,WEAK,25.0,0,0.0,0,0.0,0,0.0,0.0,0.0,UNLABELED,UNLABELED,,,
ZJ_U51_5K_E075_N675,5000,ZJ-HZB,L5-cmsa-polygons-2020,2020,WEAK,25.0,0,0.0,0,0.0,0,0.0,0.0,0.0,UNLABELED,UNLABELED,,,
ZJ_U51_5K_E075_N675,5000,ZJ-HZB,L6-cmsa-polygons-2021,2021,WEAK,25.0,0,0.0,0,0.0,0,0.0,0.0,0.0,UNLABELED,UNLABELED,,,
ZJ_U51_5K_E075_N676,5000,ZJ-HZB,L1-china2015-raster30m,2015,SILVER,25.0,0,0.0,0,0.0,0,0.0,0.0,0.0,UNLABELED,UNLABELED,,,
ZJ_U51_5K_E075_N676,5000,ZJ-HZB,L2-cmssm2020-polygons,2020,WEAK,25.0,0,0.0,0,0.0,0,0.0,0.0,0.0,UNLABELED,UNLABELED,,,
ZJ_U51_5K_E075_N676,5000,ZJ-HZB,L3-hangzhou-mask-2015,2015,WEAK,25.0,0,0.0,0,0.0,0,0.0,0.0,0.0,UNLABELED,UNLABELED,,,
ZJ_U51_5K_E075_N676,5000,ZJ-HZB,L4-cmsa-polygons-2019,2019,WEAK,25.0,0,0.0,0,0.0,0,0.0,0.0,0.0,UNLABELED,UNLABELED,,,
ZJ_U51_5K_E075_N676,5000,ZJ-HZB,L5-cmsa-polygons-2020,2020,WEAK,25.0,0,0.0,0,0.0,0,0.0,0.0,0.0,UNLABELED,UNLABELED,,,
ZJ_U51_5K_E075_N676,5000,ZJ-HZB,L6-cmsa-polygons-2021,2021,WEAK,25.0,0,0.0,0,0.0,0,0.0,0.0,0.0,UNLABELED,UNLABELED,,,
ZJ_U51_5K_E075_N677,5000,ZJ-HZB,L1-china2015-raster30m,2015,SILVER,25.0,0,0.0,0,0.0,0,0.0,0.0,0.0,UNLABELED,UNLABELED,,,
ZJ_U51_5K_E075_N677,5000,ZJ-HZB,L2-cmssm2020-polygons,2020,WEAK,25.0,0,0.0,0,0.0,0,0.0,0.0,0.0,UNLABELED,UNLABELED,,,
ZJ_U51_5K_E075_N677,5000,ZJ-HZB,L3-hangzhou-mask-2015,2015,WEAK,25.0,0,0.0,0,0.0,0,0.0,0.0,0.0,UNLABELED,UNLABELED,,,
ZJ_U51_5K_E075_N677,5000,ZJ-HZB,L4-cmsa-polygons-2019,2019,WEAK,25.0,0,0.0,0,0.0,0,0.0,0.0,0.0,UNLABELED,UNLABELED,,,
ZJ_U51_5K_E075_N677,5000,ZJ-HZB,L5-cmsa-polygons-2020,2020,WEAK,25.0,0,0.0,0,0.0,0,0.0,0.0,0.0,UNLABELED,UNLABELED,,,
ZJ_U51_5K_E075_N677,5000,ZJ-HZB,L6-cmsa-polygons-2021,2021,WEAK,25.0,0,0.0,0,0.0,0,0.0,0.0,0.0,UNLABELED,UNLABELED,,,
ZJ_U51_5K_E075_N678,5000,ZJ-HZB,L1-china2015-raster30m,2015,SILVER,25.0,0,0.0,0,0.0,0,0.0,0.0,0.0,UNLABELED,UNLABELED,,,
ZJ_U51_5K_E075_N678,5000,ZJ-HZB,L2-cmssm2020-polygons,2020,WEAK,25.0,0,0.0,0,0.0,0,0.0,0.0,0.0,UNLABELED,UNLABELED,,,
ZJ_U51_5K_E075_N678,5000,ZJ-HZB,L3-hangzhou-mask-2015,2015,WEAK,25.0,0,0.0,0,0.0,0,0.0,0.0,0.0,UNLABELED,UNLABELED,,,
ZJ_U51_5K_E075_N678,5000,ZJ-HZB,L4-cmsa-polygons-2019,2019,WEAK,25.0,0,0.0,0,0.0,0,0.0,0.0,0.0,UNLABELED,UNLABELED,,,
ZJ_U51_5K_E075_N678,5000,ZJ-HZB,L5-cmsa-polygons-2020,2020,WEAK,25.0,0,0.0,0,0.0,0,0.0,0.0,0.0,UNLABELED,UNLABELED,,,
ZJ_U51_5K_E075_N678,5000,ZJ-HZB,L6-cmsa-polygons-2021,2021,WEAK,25.0,0,0.0,0,0.0,0,0.0,0.0,0.0,UNLABELED,UNLABELED,,,
ZJ_U51_5K_E075_N679,5000,ZJ-HZB,L1-china2015-raster30m,2015,SILVER,25.0,0,0.0,0,0.0,0,0.0,0.0,0.0,UNLABELED,UNLABELED,,,
ZJ_U51_5K_E075_N679,5000,ZJ-HZB,L2-cmssm2020-polygons,2020,WEAK,25.0,0,0.0,0,0.0,0,0.0,0.0,0.0,UNLABELED,UNLABELED,,,
ZJ_U51_5K_E075_N679,5000,ZJ-HZB,L3-hangzhou-mask-2015,2015,WEAK,25.0,0,0.0,0,0.0,0,0.0,0.0,0.0,UNLABELED,UNLABELED,,,
ZJ_U51_5K_E075_N679,5000,ZJ-HZB,L4-cmsa-polygons-2019,2019,WEAK,25.0,0,0.0,0,0.0,0,0.0,0.0,0.0,UNLABELED,UNLABELED,,,
ZJ_U51_5K_E075_N679,5000,ZJ-HZB,L5-cmsa-polygons-2020,2020,WEAK,25.0,0,0.0,0,0.0,0,0.0,0.0,0.0,UNLABELED,UNLABELED,,,
ZJ_U51_5K_E075_N679,5000,ZJ-HZB,L6-cmsa-polygons-2021,2021,WEAK,25.0,0,0.0,0,0.0,0,0.0,0.0,0.0,UNLABELED,UNLABELED,,,
ZJ_U51_5K_E075_N680,5000,ZJ-HZB,L1-china2015-raster30m,2015,SILVER,25.0,0,0.0,0,0.0,0,0.0,0.0,0.0,UNLABELED,UNLABELED,,,
ZJ_U51_5K_E075_N680,5000,ZJ-HZB,L2-cmssm2020-polygons,2020,WEAK,25.0,0,0.0,0,0.0,0,0.0,0.0,0.0,UNLABELED,UNLABELED,,,
ZJ_U51_5K_E075_N680,5000,ZJ-HZB,L3-hangzhou-mask-2015,2015,WEAK,25.0,0,0.0,0,0.0,0,0.0,0.0,0.0,UNLABELED,UNLABELED,,,
ZJ_U51_5K_E075_N680,5000,ZJ-HZB,L4-cmsa-polygons-2019,2019,WEAK,25.0,0,0.0,0,0.0,0,0.0,0.0,0.0,UNLABELED,UNLABELED,,,
ZJ_U51_5K_E075_N680,5000,ZJ-HZB,L5-cmsa-polygons-2020,2020,WEAK,25.0,0,0.0,0,0.0,0,0.0,0.0,0.0,UNLABELED,UNLABELED,,,
ZJ_U51_5K_E075_N680,5000,ZJ-HZB,L6-cmsa-polygons-2021,2021,WEAK,25.0,0,0.0,0,0.0,0,0.0,0.0,0.0,UNLABELED,UNLABELED,,,
ZJ_U51_5K_E075_N681,5000,ZJ-HZB,L1-china2015-raster30m,2015,SILVER,20.797559,0,0.0,0,0.0,0,0.0,0.0,0.0,UNLABELED,UNLABELED,,,
ZJ_U51_5K_E075_N681,5000,ZJ-HZB,L2-cmssm2020-polygons,2020,WEAK,20.797559,0,0.0,0,0.0,0,0.0,0.0,0.0,UNLABELED,UNLABELED,,,
ZJ_U51_5K_E075_N681,5000,ZJ-HZB,L3-hangzhou-mask-2015,2015,WEAK,20.797559,0,0.0,0,0.0,0,0.0,0.0,0.0,UNLABELED,UNLABELED,,,
ZJ_U51_5K_E075_N681,5000,ZJ-HZB,L4-cmsa-polygons-2019,2019,WEAK,20.797559,0,0.0,0,0.0,0,0.0,0.0,0.0,UNLABELED,UNLABELED,,,
ZJ_U51_5K_E075_N681,5000,ZJ-HZB,L5-cmsa-polygons-2020,2020,WEAK,20.797559,0,0.0,0,0.0,0,0.0,0.0,0.0,UNLABELED,UNLABELED,,,
ZJ_U51_5K_E075_N681,5000,ZJ-HZB,L6-cmsa-polygons-2021,2021,WEAK,20.797559,0,0.0,0,0.0,0,0.0,0.0,0.0,UNLABELED,UNLABELED,,,
ZJ_U51_5K_E075_N682,5000,ZJ-HZB,L1-china2015-raster30m,2015,SILVER,0.444677,464,0.4176,0,0.0,464,0.4176,0.016704,0.0,SILVER,UNLABELED,,,
ZJ_U51_5K_E075_N682,5000,ZJ-HZB,L2-cmssm2020-polygons,2020,WEAK,0.444677,0,0.0,0,0.0,0,0.0,0.0,0.0,SILVER,UNLABELED,,,
ZJ_U51_5K_E075_N682,5000,ZJ-HZB,L3-hangzhou-mask-2015,2015,WEAK,0.444677,0,0.0,0,0.0,0,0.0,0.0,0.0,SILVER,UNLABELED,,,
ZJ_U51_5K_E075_N682,5000,ZJ-HZB,L4-cmsa-polygons-2019,2019,WEAK,0.444677,0,0.0,0,0.0,0,0.0,0.0,0.0,SILVER,UNLABELED,,,
ZJ_U51_5K_E075_N682,5000,ZJ-HZB,L5-cmsa-polygons-2020,2020,WEAK,0.444677,0,0.0,0,0.0,0,0.0,0.0,0.0,SILVER,UNLABELED,,,
ZJ_U51_5K_E075_N682,5000,ZJ-HZB,L6-cmsa-polygons-2021,2021,WEAK,0.444677,0,0.0,0,0.0,0,0.0,0.0,0.0,SILVER,UNLABELED,,,
ZJ_U51_5K_E076_N641,5000,ZJ-SMB,L1-china2015-raster30m,2015,SILVER,10.450611,0,0.0,0,0.0,0,0.0,0.0,0.0,UNLABELED,UNLABELED,,,
ZJ_U51_5K_E076_N641,5000,ZJ-SMB,L2-cmssm2020-polygons,2020,WEAK,10.450611,0,0.0,0,0.0,0,0.0,0.0,0.0,UNLABELED,UNLABELED,,,
ZJ_U51_5K_E076_N641,5000,ZJ-SMB,L3-hangzhou-mask-2015,2015,WEAK,10.450611,0,0.0,0,0.0,0,0.0,0.0,0.0,UNLABELED,UNLABELED,,,
ZJ_U51_5K_E076_N641,5000,ZJ-SMB,L4-cmsa-polygons-2019,2019,WEAK,10.450611,0,0.0,0,0.0,0,0.0,0.0,0.0,UNLABELED,UNLABELED,,,
ZJ_U51_5K_E076_N641,5000,ZJ-SMB,L5-cmsa-polygons-2020,2020,WEAK,10.450611,0,0.0,0,0.0,0,0.0,0.0,0.0,UNLABELED,UNLABELED,,,
ZJ_U51_5K_E076_N641,5000,ZJ-SMB,L6-cmsa-polygons-2021,2021,WEAK,10.450611,0,0.0,0,0.0,0,0.0,0.0,0.0,UNLABELED,UNLABELED,,,
ZJ_U51_5K_E076_N642,5000,ZJ-SMB,L1-china2015-raster30m,2015,SILVER,25.0,0,0.0,0,0.0,0,0.0,0.0,0.0,UNLABELED,UNLABELED,,,
ZJ_U51_5K_E076_N642,5000,ZJ-SMB,L2-cmssm2020-polygons,2020,WEAK,25.0,0,0.0,0,0.0,0,0.0,0.0,0.0,UNLABELED,UNLABELED,,,
ZJ_U51_5K_E076_N642,5000,ZJ-SMB,L3-hangzhou-mask-2015,2015,WEAK,25.0,0,0.0,0,0.0,0,0.0,0.0,0.0,UNLABELED,UNLABELED,,,
ZJ_U51_5K_E076_N642,5000,ZJ-SMB,L4-cmsa-polygons-2019,2019,WEAK,25.0,0,0.0,0,0.0,0,0.0,0.0,0.0,UNLABELED,UNLABELED,,,
ZJ_U51_5K_E076_N642,5000,ZJ-SMB,L5-cmsa-polygons-2020,2020,WEAK,25.0,0,0.0,0,0.0,0,0.0,0.0,0.0,UNLABELED,UNLABELED,,,
ZJ_U51_5K_E076_N642,5000,ZJ-SMB,L6-cmsa-polygons-2021,2021,WEAK,25.0,0,0.0,0,0.0,0,0.0,0.0,0.0,UNLABELED,UNLABELED,,,
ZJ_U51_5K_E076_N643,5000,ZJ-SMB,L1-china2015-raster30m,2015,SILVER,25.0,1112,1.0008,1112,1.0008,0,0.0,0.040032,0.040032,SILVER,SILVER,,,
ZJ_U51_5K_E076_N643,5000,ZJ-SMB,L2-cmssm2020-polygons,2020,WEAK,25.0,0,0.0,0,0.0,0,0.0,0.0,0.0,SILVER,SILVER,,,
ZJ_U51_5K_E076_N643,5000,ZJ-SMB,L3-hangzhou-mask-2015,2015,WEAK,25.0,0,0.0,0,0.0,0,0.0,0.0,0.0,SILVER,SILVER,,,
ZJ_U51_5K_E076_N643,5000,ZJ-SMB,L4-cmsa-polygons-2019,2019,WEAK,25.0,0,0.0,0,0.0,0,0.0,0.0,0.0,SILVER,SILVER,,,
ZJ_U51_5K_E076_N643,5000,ZJ-SMB,L5-cmsa-polygons-2020,2020,WEAK,25.0,0,0.0,0,0.0,0,0.0,0.0,0.0,SILVER,SILVER,,,
ZJ_U51_5K_E076_N643,5000,ZJ-SMB,L6-cmsa-polygons-2021,2021,WEAK,25.0,0,0.0,0,0.0,0,0.0,0.0,0.0,SILVER,SILVER,,,
ZJ_U51_5K_E076_N644,5000,ZJ-SMB,L1-china2015-raster30m,2015,SILVER,25.0,2634,2.3706,2634,2.3706,0,0.0,0.094824,0.094824,SILVER,SILVER,,,
ZJ_U51_5K_E076_N644,5000,ZJ-SMB,L2-cmssm2020-polygons,2020,WEAK,25.0,0,0.0,0,0.0,0,0.0,0.0,0.0,SILVER,SILVER,,,
ZJ_U51_5K_E076_N644,5000,ZJ-SMB,L3-hangzhou-mask-2015,2015,WEAK,25.0,0,0.0,0,0.0,0,0.0,0.0,0.0,SILVER,SILVER,,,
ZJ_U51_5K_E076_N644,5000,ZJ-SMB,L4-cmsa-polygons-2019,2019,WEAK,25.0,0,0.0,0,0.0,0,0.0,0.0,0.0,SILVER,SILVER,,,
ZJ_U51_5K_E076_N644,5000,ZJ-SMB,L5-cmsa-polygons-2020,2020,WEAK,25.0,0,0.0,0,0.0,0,0.0,0.0,0.0,SILVER,SILVER,,,
ZJ_U51_5K_E076_N644,5000,ZJ-SMB,L6-cmsa-polygons-2021,2021,WEAK,25.0,0,0.0,0,0.0,0,0.0,0.0,0.0,SILVER,SILVER,,,
ZJ_U51_5K_E076_N645,5000,ZJ-SMB,L1-china2015-raster30m,2015,SILVER,25.0,477,0.4293,477,0.4293,0,0.0,0.017172,0.017172,SILVER,SILVER,,,
ZJ_U51_5K_E076_N645,5000,ZJ-SMB,L2-cmssm2020-polygons,2020,WEAK,25.0,0,0.0,0,0.0,0,0.0,0.0,0.0,SILVER,SILVER,,,
ZJ_U51_5K_E076_N645,5000,ZJ-SMB,L3-hangzhou-mask-2015,2015,WEAK,25.0,0,0.0,0,0.0,0,0.0,0.0,0.0,SILVER,SILVER,,,
ZJ_U51_5K_E076_N645,5000,ZJ-SMB,L4-cmsa-polygons-2019,2019,WEAK,25.0,0,0.0,0,0.0,0,0.0,0.0,0.0,SILVER,SILVER,,,
ZJ_U51_5K_E076_N645,5000,ZJ-SMB,L5-cmsa-polygons-2020,2020,WEAK,25.0,0,0.0,0,0.0,0,0.0,0.0,0.0,SILVER,SILVER,,,
ZJ_U51_5K_E076_N645,5000,ZJ-SMB,L6-cmsa-polygons-2021,2021,WEAK,25.0,0,0.0,0,0.0,0,0.0,0.0,0.0,SILVER,SILVER,,,
ZJ_U51_5K_E076_N646,5000,ZJ-SMB,L1-china2015-raster30m,2015,SILVER,24.096503,747,0.6723,747,0.6723,0,0.0,0.026892,0.0279,SILVER,SILVER,,,
ZJ_U51_5K_E076_N646,5000,ZJ-SMB,L2-cmssm2020-polygons,2020,WEAK,24.096503,0,0.0,0,0.0,0,0.0,0.0,0.0,SILVER,SILVER,,,
ZJ_U51_5K_E076_N646,5000,ZJ-SMB,L3-hangzhou-mask-2015,2015,WEAK,24.096503,0,0.0,0,0.0,0,0.0,0.0,0.0,SILVER,SILVER,,,
ZJ_U51_5K_E076_N646,5000,ZJ-SMB,L4-cmsa-polygons-2019,2019,WEAK,24.096503,0,0.0,0,0.0,0,0.0,0.0,0.0,SILVER,SILVER,,,
ZJ_U51_5K_E076_N646,5000,ZJ-SMB,L5-cmsa-polygons-2020,2020,WEAK,24.096503,0,0.0,0,0.0,0,0.0,0.0,0.0,SILVER,SILVER,,,
ZJ_U51_5K_E076_N646,5000,ZJ-SMB,L6-cmsa-polygons-2021,2021,WEAK,24.096503,0,0.0,0,0.0,0,0.0,0.0,0.0,SILVER,SILVER,,,
ZJ_U51_5K_E076_N647,5000,ZJ-SMB,L1-china2015-raster30m,2015,SILVER,2.352238,728,0.6552,42,0.0378,686,0.6174,0.026208,0.01607,SILVER,SILVER,,,
ZJ_U51_5K_E076_N647,5000,ZJ-SMB,L2-cmssm2020-polygons,2020,WEAK,2.352238,0,0.0,0,0.0,0,0.0,0.0,0.0,SILVER,SILVER,,,
ZJ_U51_5K_E076_N647,5000,ZJ-SMB,L3-hangzhou-mask-2015,2015,WEAK,2.352238,0,0.0,0,0.0,0,0.0,0.0,0.0,SILVER,SILVER,,,
ZJ_U51_5K_E076_N647,5000,ZJ-SMB,L4-cmsa-polygons-2019,2019,WEAK,2.352238,0,0.0,0,0.0,0,0.0,0.0,0.0,SILVER,SILVER,,,
ZJ_U51_5K_E076_N647,5000,ZJ-SMB,L5-cmsa-polygons-2020,2020,WEAK,2.352238,0,0.0,0,0.0,0,0.0,0.0,0.0,SILVER,SILVER,,,
ZJ_U51_5K_E076_N647,5000,ZJ-SMB,L6-cmsa-polygons-2021,2021,WEAK,2.352238,0,0.0,0,0.0,0,0.0,0.0,0.0,SILVER,SILVER,,,
ZJ_U51_5K_E076_N665,5000,ZJ-HZB,L1-china2015-raster30m,2015,SILVER,1.85946,0,0.0,0,0.0,0,0.0,0.0,0.0,UNLABELED,UNLABELED,,,
ZJ_U51_5K_E076_N665,5000,ZJ-HZB,L2-cmssm2020-polygons,2020,WEAK,1.85946,0,0.0,0,0.0,0,0.0,0.0,0.0,UNLABELED,UNLABELED,,,
ZJ_U51_5K_E076_N665,5000,ZJ-HZB,L3-hangzhou-mask-2015,2015,WEAK,1.85946,0,0.0,0,0.0,0,0.0,0.0,0.0,UNLABELED,UNLABELED,,,
ZJ_U51_5K_E076_N665,5000,ZJ-HZB,L4-cmsa-polygons-2019,2019,WEAK,1.85946,0,0.0,0,0.0,0,0.0,0.0,0.0,UNLABELED,UNLABELED,,,
ZJ_U51_5K_E076_N665,5000,ZJ-HZB,L5-cmsa-polygons-2020,2020,WEAK,1.85946,0,0.0,0,0.0,0,0.0,0.0,0.0,UNLABELED,UNLABELED,,,
ZJ_U51_5K_E076_N665,5000,ZJ-HZB,L6-cmsa-polygons-2021,2021,WEAK,1.85946,0,0.0,0,0.0,0,0.0,0.0,0.0,UNLABELED,UNLABELED,,,
ZJ_U51_5K_E076_N666,5000,ZJ-HZB,L1-china2015-raster30m,2015,SILVER,5.980302,0,0.0,0,0.0,0,0.0,0.0,0.0,UNLABELED,UNLABELED,,,
ZJ_U51_5K_E076_N666,5000,ZJ-HZB,L2-cmssm2020-polygons,2020,WEAK,5.980302,0,0.0,0,0.0,0,0.0,0.0,0.0,UNLABELED,UNLABELED,,,
ZJ_U51_5K_E076_N666,5000,ZJ-HZB,L3-hangzhou-mask-2015,2015,WEAK,5.980302,0,0.0,0,0.0,0,0.0,0.0,0.0,UNLABELED,UNLABELED,,,
ZJ_U51_5K_E076_N666,5000,ZJ-HZB,L4-cmsa-polygons-2019,2019,WEAK,5.980302,0,0.0,0,0.0,0,0.0,0.0,0.0,UNLABELED,UNLABELED,,,
ZJ_U51_5K_E076_N666,5000,ZJ-HZB,L5-cmsa-polygons-2020,2020,WEAK,5.980302,0,0.0,0,0.0,0,0.0,0.0,0.0,UNLABELED,UNLABELED,,,
ZJ_U51_5K_E076_N666,5000,ZJ-HZB,L6-cmsa-polygons-2021,2021,WEAK,5.980302,0,0.0,0,0.0,0,0.0,0.0,0.0,UNLABELED,UNLABELED,,,
ZJ_U51_5K_E076_N667,5000,ZJ-HZB,L1-china2015-raster30m,2015,SILVER,10.106433,0,0.0,0,0.0,0,0.0,0.0,0.0,UNLABELED,UNLABELED,,,
ZJ_U51_5K_E076_N667,5000,ZJ-HZB,L2-cmssm2020-polygons,2020,WEAK,10.106433,0,0.0,0,0.0,0,0.0,0.0,0.0,UNLABELED,UNLABELED,,,
ZJ_U51_5K_E076_N667,5000,ZJ-HZB,L3-hangzhou-mask-2015,2015,WEAK,10.106433,0,0.0,0,0.0,0,0.0,0.0,0.0,UNLABELED,UNLABELED,,,
ZJ_U51_5K_E076_N667,5000,ZJ-HZB,L4-cmsa-polygons-2019,2019,WEAK,10.106433,0,0.0,0,0.0,0,0.0,0.0,0.0,UNLABELED,UNLABELED,,,
ZJ_U51_5K_E076_N667,5000,ZJ-HZB,L5-cmsa-polygons-2020,2020,WEAK,10.106433,0,0.0,0,0.0,0,0.0,0.0,0.0,UNLABELED,UNLABELED,,,
ZJ_U51_5K_E076_N667,5000,ZJ-HZB,L6-cmsa-polygons-2021,2021,WEAK,10.106433,0,0.0,0,0.0,0,0.0,0.0,0.0,UNLABELED,UNLABELED,,,
ZJ_U51_5K_E076_N668,5000,ZJ-HZB,L1-china2015-raster30m,2015,SILVER,14.232563,0,0.0,0,0.0,0,0.0,0.0,0.0,UNLABELED,UNLABELED,,,
ZJ_U51_5K_E076_N668,5000,ZJ-HZB,L2-cmssm2020-polygons,2020,WEAK,14.232563,0,0.0,0,0.0,0,0.0,0.0,0.0,UNLABELED,UNLABELED,,,
ZJ_U51_5K_E076_N668,5000,ZJ-HZB,L3-hangzhou-mask-2015,2015,WEAK,14.232563,0,0.0,0,0.0,0,0.0,0.0,0.0,UNLABELED,UNLABELED,,,
ZJ_U51_5K_E076_N668,5000,ZJ-HZB,L4-cmsa-polygons-2019,2019,WEAK,14.232563,0,0.0,0,0.0,0,0.0,0.0,0.0,UNLABELED,UNLABELED,,,
ZJ_U51_5K_E076_N668,5000,ZJ-HZB,L5-cmsa-polygons-2020,2020,WEAK,14.232563,0,0.0,0,0.0,0,0.0,0.0,0.0,UNLABELED,UNLABELED,,,
ZJ_U51_5K_E076_N668,5000,ZJ-HZB,L6-cmsa-polygons-2021,2021,WEAK,14.232563,0,0.0,0,0.0,0,0.0,0.0,0.0,UNLABELED,UNLABELED,,,
ZJ_U51_5K_E076_N669,5000,ZJ-HZB,L1-china2015-raster30m,2015,SILVER,18.358693,0,0.0,0,0.0,0,0.0,0.0,0.0,UNLABELED,UNLABELED,,,
ZJ_U51_5K_E076_N669,5000,ZJ-HZB,L2-cmssm2020-polygons,2020,WEAK,18.358693,0,0.0,0,0.0,0,0.0,0.0,0.0,UNLABELED,UNLABELED,,,
ZJ_U51_5K_E076_N669,5000,ZJ-HZB,L3-hangzhou-mask-2015,2015,WEAK,18.358693,0,0.0,0,0.0,0,0.0,0.0,0.0,UNLABELED,UNLABELED,,,
ZJ_U51_5K_E076_N669,5000,ZJ-HZB,L4-cmsa-polygons-2019,2019,WEAK,18.358693,0,0.0,0,0.0,0,0.0,0.0,0.0,UNLABELED,UNLABELED,,,
ZJ_U51_5K_E076_N669,5000,ZJ-HZB,L5-cmsa-polygons-2020,2020,WEAK,18.358693,0,0.0,0,0.0,0,0.0,0.0,0.0,UNLABELED,UNLABELED,,,
ZJ_U51_5K_E076_N669,5000,ZJ-HZB,L6-cmsa-polygons-2021,2021,WEAK,18.358693,0,0.0,0,0.0,0,0.0,0.0,0.0,UNLABELED,UNLABELED,,,
ZJ_U51_5K_E076_N670,5000,ZJ-HZB,L1-china2015-raster30m,2015,SILVER,22.484823,0,0.0,0,0.0,0,0.0,0.0,0.0,UNLABELED,UNLABELED,,,
ZJ_U51_5K_E076_N670,5000,ZJ-HZB,L2-cmssm2020-polygons,2020,WEAK,22.484823,0,0.0,0,0.0,0,0.0,0.0,0.0,UNLABELED,UNLABELED,,,
ZJ_U51_5K_E076_N670,5000,ZJ-HZB,L3-hangzhou-mask-2015,2015,WEAK,22.484823,0,0.0,0,0.0,0,0.0,0.0,0.0,UNLABELED,UNLABELED,,,
ZJ_U51_5K_E076_N670,5000,ZJ-HZB,L4-cmsa-polygons-2019,2019,WEAK,22.484823,0,0.0,0,0.0,0,0.0,0.0,0.0,UNLABELED,UNLABELED,,,
ZJ_U51_5K_E076_N670,5000,ZJ-HZB,L5-cmsa-polygons-2020,2020,WEAK,22.484823,0,0.0,0,0.0,0,0.0,0.0,0.0,UNLABELED,UNLABELED,,,
ZJ_U51_5K_E076_N670,5000,ZJ-HZB,L6-cmsa-polygons-2021,2021,WEAK,22.484823,0,0.0,0,0.0,0,0.0,0.0,0.0,UNLABELED,UNLABELED,,,
ZJ_U51_5K_E076_N671,5000,ZJ-HZB,L1-china2015-raster30m,2015,SILVER,24.97523,0,0.0,0,0.0,0,0.0,0.0,0.0,UNLABELED,UNLABELED,,,
ZJ_U51_5K_E076_N671,5000,ZJ-HZB,L2-cmssm2020-polygons,2020,WEAK,24.97523,0,0.0,0,0.0,0,0.0,0.0,0.0,UNLABELED,UNLABELED,,,
ZJ_U51_5K_E076_N671,5000,ZJ-HZB,L3-hangzhou-mask-2015,2015,WEAK,24.97523,0,0.0,0,0.0,0,0.0,0.0,0.0,UNLABELED,UNLABELED,,,
ZJ_U51_5K_E076_N671,5000,ZJ-HZB,L4-cmsa-polygons-2019,2019,WEAK,24.97523,0,0.0,0,0.0,0,0.0,0.0,0.0,UNLABELED,UNLABELED,,,
ZJ_U51_5K_E076_N671,5000,ZJ-HZB,L5-cmsa-polygons-2020,2020,WEAK,24.97523,0,0.0,0,0.0,0,0.0,0.0,0.0,UNLABELED,UNLABELED,,,
ZJ_U51_5K_E076_N671,5000,ZJ-HZB,L6-cmsa-polygons-2021,2021,WEAK,24.97523,0,0.0,0,0.0,0,0.0,0.0,0.0,UNLABELED,UNLABELED,,,
ZJ_U51_5K_E076_N672,5000,ZJ-HZB,L1-china2015-raster30m,2015,SILVER,25.0,0,0.0,0,0.0,0,0.0,0.0,0.0,UNLABELED,UNLABELED,,,
ZJ_U51_5K_E076_N672,5000,ZJ-HZB,L2-cmssm2020-polygons,2020,WEAK,25.0,0,0.0,0,0.0,0,0.0,0.0,0.0,UNLABELED,UNLABELED,,,
ZJ_U51_5K_E076_N672,5000,ZJ-HZB,L3-hangzhou-mask-2015,2015,WEAK,25.0,0,0.0,0,0.0,0,0.0,0.0,0.0,UNLABELED,UNLABELED,,,
ZJ_U51_5K_E076_N672,5000,ZJ-HZB,L4-cmsa-polygons-2019,2019,WEAK,25.0,0,0.0,0,0.0,0,0.0,0.0,0.0,UNLABELED,UNLABELED,,,
ZJ_U51_5K_E076_N672,5000,ZJ-HZB,L5-cmsa-polygons-2020,2020,WEAK,25.0,0,0.0,0,0.0,0,0.0,0.0,0.0,UNLABELED,UNLABELED,,,
ZJ_U51_5K_E076_N672,5000,ZJ-HZB,L6-cmsa-polygons-2021,2021,WEAK,25.0,0,0.0,0,0.0,0,0.0,0.0,0.0,UNLABELED,UNLABELED,,,
ZJ_U51_5K_E076_N673,5000,ZJ-HZB,L1-china2015-raster30m,2015,SILVER,25.0,0,0.0,0,0.0,0,0.0,0.0,0.0,UNLABELED,UNLABELED,,,
ZJ_U51_5K_E076_N673,5000,ZJ-HZB,L2-cmssm2020-polygons,2020,WEAK,25.0,0,0.0,0,0.0,0,0.0,0.0,0.0,UNLABELED,UNLABELED,,,
ZJ_U51_5K_E076_N673,5000,ZJ-HZB,L3-hangzhou-mask-2015,2015,WEAK,25.0,0,0.0,0,0.0,0,0.0,0.0,0.0,UNLABELED,UNLABELED,,,
ZJ_U51_5K_E076_N673,5000,ZJ-HZB,L4-cmsa-polygons-2019,2019,WEAK,25.0,0,0.0,0,0.0,0,0.0,0.0,0.0,UNLABELED,UNLABELED,,,
ZJ_U51_5K_E076_N673,5000,ZJ-HZB,L5-cmsa-polygons-2020,2020,WEAK,25.0,0,0.0,0,0.0,0,0.0,0.0,0.0,UNLABELED,UNLABELED,,,
ZJ_U51_5K_E076_N673,5000,ZJ-HZB,L6-cmsa-polygons-2021,2021,WEAK,25.0,0,0.0,0,0.0,0,0.0,0.0,0.0,UNLABELED,UNLABELED,,,
ZJ_U51_5K_E076_N674,5000,ZJ-HZB,L1-china2015-raster30m,2015,SILVER,25.0,0,0.0,0,0.0,0,0.0,0.0,0.0,UNLABELED,UNLABELED,,,
ZJ_U51_5K_E076_N674,5000,ZJ-HZB,L2-cmssm2020-polygons,2020,WEAK,25.0,0,0.0,0,0.0,0,0.0,0.0,0.0,UNLABELED,UNLABELED,,,
ZJ_U51_5K_E076_N674,5000,ZJ-HZB,L3-hangzhou-mask-2015,2015,WEAK,25.0,0,0.0,0,0.0,0,0.0,0.0,0.0,UNLABELED,UNLABELED,,,
ZJ_U51_5K_E076_N674,5000,ZJ-HZB,L4-cmsa-polygons-2019,2019,WEAK,25.0,0,0.0,0,0.0,0,0.0,0.0,0.0,UNLABELED,UNLABELED,,,
ZJ_U51_5K_E076_N674,5000,ZJ-HZB,L5-cmsa-polygons-2020,2020,WEAK,25.0,0,0.0,0,0.0,0,0.0,0.0,0.0,UNLABELED,UNLABELED,,,
ZJ_U51_5K_E076_N674,5000,ZJ-HZB,L6-cmsa-polygons-2021,2021,WEAK,25.0,0,0.0,0,0.0,0,0.0,0.0,0.0,UNLABELED,UNLABELED,,,
ZJ_U51_5K_E076_N675,5000,ZJ-HZB,L1-china2015-raster30m,2015,SILVER,25.0,0,0.0,0,0.0,0,0.0,0.0,0.0,UNLABELED,UNLABELED,,,
ZJ_U51_5K_E076_N675,5000,ZJ-HZB,L2-cmssm2020-polygons,2020,WEAK,25.0,0,0.0,0,0.0,0,0.0,0.0,0.0,UNLABELED,UNLABELED,,,
ZJ_U51_5K_E076_N675,5000,ZJ-HZB,L3-hangzhou-mask-2015,2015,WEAK,25.0,0,0.0,0,0.0,0,0.0,0.0,0.0,UNLABELED,UNLABELED,,,
ZJ_U51_5K_E076_N675,5000,ZJ-HZB,L4-cmsa-polygons-2019,2019,WEAK,25.0,0,0.0,0,0.0,0,0.0,0.0,0.0,UNLABELED,UNLABELED,,,
ZJ_U51_5K_E076_N675,5000,ZJ-HZB,L5-cmsa-polygons-2020,2020,WEAK,25.0,0,0.0,0,0.0,0,0.0,0.0,0.0,UNLABELED,UNLABELED,,,
ZJ_U51_5K_E076_N675,5000,ZJ-HZB,L6-cmsa-polygons-2021,2021,WEAK,25.0,0,0.0,0,0.0,0,0.0,0.0,0.0,UNLABELED,UNLABELED,,,
ZJ_U51_5K_E076_N676,5000,ZJ-HZB,L1-china2015-raster30m,2015,SILVER,25.0,0,0.0,0,0.0,0,0.0,0.0,0.0,UNLABELED,UNLABELED,,,
ZJ_U51_5K_E076_N676,5000,ZJ-HZB,L2-cmssm2020-polygons,2020,WEAK,25.0,0,0.0,0,0.0,0,0.0,0.0,0.0,UNLABELED,UNLABELED,,,
ZJ_U51_5K_E076_N676,5000,ZJ-HZB,L3-hangzhou-mask-2015,2015,WEAK,25.0,0,0.0,0,0.0,0,0.0,0.0,0.0,UNLABELED,UNLABELED,,,
ZJ_U51_5K_E076_N676,5000,ZJ-HZB,L4-cmsa-polygons-2019,2019,WEAK,25.0,0,0.0,0,0.0,0,0.0,0.0,0.0,UNLABELED,UNLABELED,,,
ZJ_U51_5K_E076_N676,5000,ZJ-HZB,L5-cmsa-polygons-2020,2020,WEAK,25.0,0,0.0,0,0.0,0,0.0,0.0,0.0,UNLABELED,UNLABELED,,,
ZJ_U51_5K_E076_N676,5000,ZJ-HZB,L6-cmsa-polygons-2021,2021,WEAK,25.0,0,0.0,0,0.0,0,0.0,0.0,0.0,UNLABELED,UNLABELED,,,
ZJ_U51_5K_E076_N677,5000,ZJ-HZB,L1-china2015-raster30m,2015,SILVER,25.0,0,0.0,0,0.0,0,0.0,0.0,0.0,UNLABELED,UNLABELED,,,
ZJ_U51_5K_E076_N677,5000,ZJ-HZB,L2-cmssm2020-polygons,2020,WEAK,25.0,0,0.0,0,0.0,0,0.0,0.0,0.0,UNLABELED,UNLABELED,,,
ZJ_U51_5K_E076_N677,5000,ZJ-HZB,L3-hangzhou-mask-2015,2015,WEAK,25.0,0,0.0,0,0.0,0,0.0,0.0,0.0,UNLABELED,UNLABELED,,,
ZJ_U51_5K_E076_N677,5000,ZJ-HZB,L4-cmsa-polygons-2019,2019,WEAK,25.0,0,0.0,0,0.0,0,0.0,0.0,0.0,UNLABELED,UNLABELED,,,
ZJ_U51_5K_E076_N677,5000,ZJ-HZB,L5-cmsa-polygons-2020,2020,WEAK,25.0,0,0.0,0,0.0,0,0.0,0.0,0.0,UNLABELED,UNLABELED,,,
ZJ_U51_5K_E076_N677,5000,ZJ-HZB,L6-cmsa-polygons-2021,2021,WEAK,25.0,0,0.0,0,0.0,0,0.0,0.0,0.0,UNLABELED,UNLABELED,,,
ZJ_U51_5K_E076_N678,5000,ZJ-HZB,L1-china2015-raster30m,2015,SILVER,25.0,0,0.0,0,0.0,0,0.0,0.0,0.0,UNLABELED,UNLABELED,,,
ZJ_U51_5K_E076_N678,5000,ZJ-HZB,L2-cmssm2020-polygons,2020,WEAK,25.0,0,0.0,0,0.0,0,0.0,0.0,0.0,UNLABELED,UNLABELED,,,
ZJ_U51_5K_E076_N678,5000,ZJ-HZB,L3-hangzhou-mask-2015,2015,WEAK,25.0,0,0.0,0,0.0,0,0.0,0.0,0.0,UNLABELED,UNLABELED,,,
ZJ_U51_5K_E076_N678,5000,ZJ-HZB,L4-cmsa-polygons-2019,2019,WEAK,25.0,0,0.0,0,0.0,0,0.0,0.0,0.0,UNLABELED,UNLABELED,,,
ZJ_U51_5K_E076_N678,5000,ZJ-HZB,L5-cmsa-polygons-2020,2020,WEAK,25.0,0,0.0,0,0.0,0,0.0,0.0,0.0,UNLABELED,UNLABELED,,,
ZJ_U51_5K_E076_N678,5000,ZJ-HZB,L6-cmsa-polygons-2021,2021,WEAK,25.0,0,0.0,0,0.0,0,0.0,0.0,0.0,UNLABELED,UNLABELED,,,
ZJ_U51_5K_E076_N679,5000,ZJ-HZB,L1-china2015-raster30m,2015,SILVER,25.0,0,0.0,0,0.0,0,0.0,0.0,0.0,UNLABELED,UNLABELED,,,
ZJ_U51_5K_E076_N679,5000,ZJ-HZB,L2-cmssm2020-polygons,2020,WEAK,25.0,0,0.0,0,0.0,0,0.0,0.0,0.0,UNLABELED,UNLABELED,,,
ZJ_U51_5K_E076_N679,5000,ZJ-HZB,L3-hangzhou-mask-2015,2015,WEAK,25.0,0,0.0,0,0.0,0,0.0,0.0,0.0,UNLABELED,UNLABELED,,,
ZJ_U51_5K_E076_N679,5000,ZJ-HZB,L4-cmsa-polygons-2019,2019,WEAK,25.0,0,0.0,0,0.0,0,0.0,0.0,0.0,UNLABELED,UNLABELED,,,
ZJ_U51_5K_E076_N679,5000,ZJ-HZB,L5-cmsa-polygons-2020,2020,WEAK,25.0,0,0.0,0,0.0,0,0.0,0.0,0.0,UNLABELED,UNLABELED,,,
ZJ_U51_5K_E076_N679,5000,ZJ-HZB,L6-cmsa-polygons-2021,2021,WEAK,25.0,0,0.0,0,0.0,0,0.0,0.0,0.0,UNLABELED,UNLABELED,,,
ZJ_U51_5K_E076_N680,5000,ZJ-HZB,L1-china2015-raster30m,2015,SILVER,25.0,0,0.0,0,0.0,0,0.0,0.0,0.0,UNLABELED,UNLABELED,,,
ZJ_U51_5K_E076_N680,5000,ZJ-HZB,L2-cmssm2020-polygons,2020,WEAK,25.0,0,0.0,0,0.0,0,0.0,0.0,0.0,UNLABELED,UNLABELED,,,
ZJ_U51_5K_E076_N680,5000,ZJ-HZB,L3-hangzhou-mask-2015,2015,WEAK,25.0,0,0.0,0,0.0,0,0.0,0.0,0.0,UNLABELED,UNLABELED,,,
ZJ_U51_5K_E076_N680,5000,ZJ-HZB,L4-cmsa-polygons-2019,2019,WEAK,25.0,0,0.0,0,0.0,0,0.0,0.0,0.0,UNLABELED,UNLABELED,,,
ZJ_U51_5K_E076_N680,5000,ZJ-HZB,L5-cmsa-polygons-2020,2020,WEAK,25.0,0,0.0,0,0.0,0,0.0,0.0,0.0,UNLABELED,UNLABELED,,,
ZJ_U51_5K_E076_N680,5000,ZJ-HZB,L6-cmsa-polygons-2021,2021,WEAK,25.0,0,0.0,0,0.0,0,0.0,0.0,0.0,UNLABELED,UNLABELED,,,
ZJ_U51_5K_E076_N681,5000,ZJ-HZB,L1-china2015-raster30m,2015,SILVER,25.0,0,0.0,0,0.0,0,0.0,0.0,0.0,UNLABELED,UNLABELED,,,
ZJ_U51_5K_E076_N681,5000,ZJ-HZB,L2-cmssm2020-polygons,2020,WEAK,25.0,0,0.0,0,0.0,0,0.0,0.0,0.0,UNLABELED,UNLABELED,,,
ZJ_U51_5K_E076_N681,5000,ZJ-HZB,L3-hangzhou-mask-2015,2015,WEAK,25.0,0,0.0,0,0.0,0,0.0,0.0,0.0,UNLABELED,UNLABELED,,,
ZJ_U51_5K_E076_N681,5000,ZJ-HZB,L4-cmsa-polygons-2019,2019,WEAK,25.0,0,0.0,0,0.0,0,0.0,0.0,0.0,UNLABELED,UNLABELED,,,
ZJ_U51_5K_E076_N681,5000,ZJ-HZB,L5-cmsa-polygons-2020,2020,WEAK,25.0,0,0.0,0,0.0,0,0.0,0.0,0.0,UNLABELED,UNLABELED,,,
ZJ_U51_5K_E076_N681,5000,ZJ-HZB,L6-cmsa-polygons-2021,2021,WEAK,25.0,0,0.0,0,0.0,0,0.0,0.0,0.0,UNLABELED,UNLABELED,,,
ZJ_U51_5K_E076_N682,5000,ZJ-HZB,L1-china2015-raster30m,2015,SILVER,11.004529,530,0.477,0,0.0,530,0.477,0.01908,0.0,SILVER,UNLABELED,,,
ZJ_U51_5K_E076_N682,5000,ZJ-HZB,L2-cmssm2020-polygons,2020,WEAK,11.004529,0,0.0,0,0.0,0,0.0,0.0,0.0,SILVER,UNLABELED,,,
ZJ_U51_5K_E076_N682,5000,ZJ-HZB,L3-hangzhou-mask-2015,2015,WEAK,11.004529,0,0.0,0,0.0,0,0.0,0.0,0.0,SILVER,UNLABELED,,,
ZJ_U51_5K_E076_N682,5000,ZJ-HZB,L4-cmsa-polygons-2019,2019,WEAK,11.004529,0,0.0,0,0.0,0,0.0,0.0,0.0,SILVER,UNLABELED,,,
ZJ_U51_5K_E076_N682,5000,ZJ-HZB,L5-cmsa-polygons-2020,2020,WEAK,11.004529,0,0.0,0,0.0,0,0.0,0.0,0.0,SILVER,UNLABELED,,,
ZJ_U51_5K_E076_N682,5000,ZJ-HZB,L6-cmsa-polygons-2021,2021,WEAK,11.004529,0,0.0,0,0.0,0,0.0,0.0,0.0,SILVER,UNLABELED,,,
ZJ_U51_5K_E077_N641,5000,ZJ-SMB,L1-china2015-raster30m,2015,SILVER,7.221712,0,0.0,0,0.0,0,0.0,0.0,0.0,UNLABELED,UNLABELED,,,
ZJ_U51_5K_E077_N641,5000,ZJ-SMB,L2-cmssm2020-polygons,2020,WEAK,7.221712,0,0.0,0,0.0,0,0.0,0.0,0.0,UNLABELED,UNLABELED,,,
ZJ_U51_5K_E077_N641,5000,ZJ-SMB,L3-hangzhou-mask-2015,2015,WEAK,7.221712,0,0.0,0,0.0,0,0.0,0.0,0.0,UNLABELED,UNLABELED,,,
ZJ_U51_5K_E077_N641,5000,ZJ-SMB,L4-cmsa-polygons-2019,2019,WEAK,7.221712,0,0.0,0,0.0,0,0.0,0.0,0.0,UNLABELED,UNLABELED,,,
ZJ_U51_5K_E077_N641,5000,ZJ-SMB,L5-cmsa-polygons-2020,2020,WEAK,7.221712,0,0.0,0,0.0,0,0.0,0.0,0.0,UNLABELED,UNLABELED,,,
ZJ_U51_5K_E077_N641,5000,ZJ-SMB,L6-cmsa-polygons-2021,2021,WEAK,7.221712,0,0.0,0,0.0,0,0.0,0.0,0.0,UNLABELED,UNLABELED,,,
ZJ_U51_5K_E077_N642,5000,ZJ-SMB,L1-china2015-raster30m,2015,SILVER,25.0,0,0.0,0,0.0,0,0.0,0.0,0.0,UNLABELED,UNLABELED,,,
ZJ_U51_5K_E077_N642,5000,ZJ-SMB,L2-cmssm2020-polygons,2020,WEAK,25.0,0,0.0,0,0.0,0,0.0,0.0,0.0,UNLABELED,UNLABELED,,,
ZJ_U51_5K_E077_N642,5000,ZJ-SMB,L3-hangzhou-mask-2015,2015,WEAK,25.0,0,0.0,0,0.0,0,0.0,0.0,0.0,UNLABELED,UNLABELED,,,
ZJ_U51_5K_E077_N642,5000,ZJ-SMB,L4-cmsa-polygons-2019,2019,WEAK,25.0,0,0.0,0,0.0,0,0.0,0.0,0.0,UNLABELED,UNLABELED,,,
ZJ_U51_5K_E077_N642,5000,ZJ-SMB,L5-cmsa-polygons-2020,2020,WEAK,25.0,0,0.0,0,0.0,0,0.0,0.0,0.0,UNLABELED,UNLABELED,,,
ZJ_U51_5K_E077_N642,5000,ZJ-SMB,L6-cmsa-polygons-2021,2021,WEAK,25.0,0,0.0,0,0.0,0,0.0,0.0,0.0,UNLABELED,UNLABELED,,,
ZJ_U51_5K_E077_N643,5000,ZJ-SMB,L1-china2015-raster30m,2015,SILVER,25.0,223,0.2007,223,0.2007,0,0.0,0.008028,0.008028,SILVER,SILVER,,,
ZJ_U51_5K_E077_N643,5000,ZJ-SMB,L2-cmssm2020-polygons,2020,WEAK,25.0,0,0.0,0,0.0,0,0.0,0.0,0.0,SILVER,SILVER,,,
ZJ_U51_5K_E077_N643,5000,ZJ-SMB,L3-hangzhou-mask-2015,2015,WEAK,25.0,0,0.0,0,0.0,0,0.0,0.0,0.0,SILVER,SILVER,,,
ZJ_U51_5K_E077_N643,5000,ZJ-SMB,L4-cmsa-polygons-2019,2019,WEAK,25.0,0,0.0,0,0.0,0,0.0,0.0,0.0,SILVER,SILVER,,,
ZJ_U51_5K_E077_N643,5000,ZJ-SMB,L5-cmsa-polygons-2020,2020,WEAK,25.0,0,0.0,0,0.0,0,0.0,0.0,0.0,SILVER,SILVER,,,
ZJ_U51_5K_E077_N643,5000,ZJ-SMB,L6-cmsa-polygons-2021,2021,WEAK,25.0,0,0.0,0,0.0,0,0.0,0.0,0.0,SILVER,SILVER,,,
ZJ_U51_5K_E077_N644,5000,ZJ-SMB,L1-china2015-raster30m,2015,SILVER,25.0,204,0.1836,204,0.1836,0,0.0,0.007344,0.007344,SILVER,SILVER,,,
ZJ_U51_5K_E077_N644,5000,ZJ-SMB,L2-cmssm2020-polygons,2020,WEAK,25.0,0,0.0,0,0.0,0,0.0,0.0,0.0,SILVER,SILVER,,,
ZJ_U51_5K_E077_N644,5000,ZJ-SMB,L3-hangzhou-mask-2015,2015,WEAK,25.0,0,0.0,0,0.0,0,0.0,0.0,0.0,SILVER,SILVER,,,
ZJ_U51_5K_E077_N644,5000,ZJ-SMB,L4-cmsa-polygons-2019,2019,WEAK,25.0,0,0.0,0,0.0,0,0.0,0.0,0.0,SILVER,SILVER,,,
ZJ_U51_5K_E077_N644,5000,ZJ-SMB,L5-cmsa-polygons-2020,2020,WEAK,25.0,0,0.0,0,0.0,0,0.0,0.0,0.0,SILVER,SILVER,,,
ZJ_U51_5K_E077_N644,5000,ZJ-SMB,L6-cmsa-polygons-2021,2021,WEAK,25.0,0,0.0,0,0.0,0,0.0,0.0,0.0,SILVER,SILVER,,,
ZJ_U51_5K_E077_N645,5000,ZJ-SMB,L1-china2015-raster30m,2015,SILVER,25.0,339,0.3051,339,0.3051,0,0.0,0.012204,0.012204,SILVER,SILVER,,,
ZJ_U51_5K_E077_N645,5000,ZJ-SMB,L2-cmssm2020-polygons,2020,WEAK,25.0,0,0.0,0,0.0,0,0.0,0.0,0.0,SILVER,SILVER,,,
ZJ_U51_5K_E077_N645,5000,ZJ-SMB,L3-hangzhou-mask-2015,2015,WEAK,25.0,0,0.0,0,0.0,0,0.0,0.0,0.0,SILVER,SILVER,,,
ZJ_U51_5K_E077_N645,5000,ZJ-SMB,L4-cmsa-polygons-2019,2019,WEAK,25.0,0,0.0,0,0.0,0,0.0,0.0,0.0,SILVER,SILVER,,,
ZJ_U51_5K_E077_N645,5000,ZJ-SMB,L5-cmsa-polygons-2020,2020,WEAK,25.0,0,0.0,0,0.0,0,0.0,0.0,0.0,SILVER,SILVER,,,
ZJ_U51_5K_E077_N645,5000,ZJ-SMB,L6-cmsa-polygons-2021,2021,WEAK,25.0,0,0.0,0,0.0,0,0.0,0.0,0.0,SILVER,SILVER,,,
ZJ_U51_5K_E077_N646,5000,ZJ-SMB,L1-china2015-raster30m,2015,SILVER,14.105989,0,0.0,0,0.0,0,0.0,0.0,0.0,UNLABELED,UNLABELED,,,
ZJ_U51_5K_E077_N646,5000,ZJ-SMB,L2-cmssm2020-polygons,2020,WEAK,14.105989,0,0.0,0,0.0,0,0.0,0.0,0.0,UNLABELED,UNLABELED,,,
ZJ_U51_5K_E077_N646,5000,ZJ-SMB,L3-hangzhou-mask-2015,2015,WEAK,14.105989,0,0.0,0,0.0,0,0.0,0.0,0.0,UNLABELED,UNLABELED,,,
ZJ_U51_5K_E077_N646,5000,ZJ-SMB,L4-cmsa-polygons-2019,2019,WEAK,14.105989,0,0.0,0,0.0,0,0.0,0.0,0.0,UNLABELED,UNLABELED,,,
ZJ_U51_5K_E077_N646,5000,ZJ-SMB,L5-cmsa-polygons-2020,2020,WEAK,14.105989,0,0.0,0,0.0,0,0.0,0.0,0.0,UNLABELED,UNLABELED,,,
ZJ_U51_5K_E077_N646,5000,ZJ-SMB,L6-cmsa-polygons-2021,2021,WEAK,14.105989,0,0.0,0,0.0,0,0.0,0.0,0.0,UNLABELED,UNLABELED,,,
ZJ_U51_5K_E077_N671,5000,ZJ-HZB,L1-china2015-raster30m,2015,SILVER,1.635723,0,0.0,0,0.0,0,0.0,0.0,0.0,UNLABELED,UNLABELED,,,
ZJ_U51_5K_E077_N671,5000,ZJ-HZB,L2-cmssm2020-polygons,2020,WEAK,1.635723,0,0.0,0,0.0,0,0.0,0.0,0.0,UNLABELED,UNLABELED,,,
ZJ_U51_5K_E077_N671,5000,ZJ-HZB,L3-hangzhou-mask-2015,2015,WEAK,1.635723,0,0.0,0,0.0,0,0.0,0.0,0.0,UNLABELED,UNLABELED,,,
ZJ_U51_5K_E077_N671,5000,ZJ-HZB,L4-cmsa-polygons-2019,2019,WEAK,1.635723,0,0.0,0,0.0,0,0.0,0.0,0.0,UNLABELED,UNLABELED,,,
ZJ_U51_5K_E077_N671,5000,ZJ-HZB,L5-cmsa-polygons-2020,2020,WEAK,1.635723,0,0.0,0,0.0,0,0.0,0.0,0.0,UNLABELED,UNLABELED,,,
ZJ_U51_5K_E077_N671,5000,ZJ-HZB,L6-cmsa-polygons-2021,2021,WEAK,1.635723,0,0.0,0,0.0,0,0.0,0.0,0.0,UNLABELED,UNLABELED,,,
ZJ_U51_5K_E077_N672,5000,ZJ-HZB,L1-china2015-raster30m,2015,SILVER,5.737083,0,0.0,0,0.0,0,0.0,0.0,0.0,UNLABELED,UNLABELED,,,
ZJ_U51_5K_E077_N672,5000,ZJ-HZB,L2-cmssm2020-polygons,2020,WEAK,5.737083,0,0.0,0,0.0,0,0.0,0.0,0.0,UNLABELED,UNLABELED,,,
ZJ_U51_5K_E077_N672,5000,ZJ-HZB,L3-hangzhou-mask-2015,2015,WEAK,5.737083,0,0.0,0,0.0,0,0.0,0.0,0.0,UNLABELED,UNLABELED,,,
ZJ_U51_5K_E077_N672,5000,ZJ-HZB,L4-cmsa-polygons-2019,2019,WEAK,5.737083,0,0.0,0,0.0,0,0.0,0.0,0.0,UNLABELED,UNLABELED,,,
ZJ_U51_5K_E077_N672,5000,ZJ-HZB,L5-cmsa-polygons-2020,2020,WEAK,5.737083,0,0.0,0,0.0,0,0.0,0.0,0.0,UNLABELED,UNLABELED,,,
ZJ_U51_5K_E077_N672,5000,ZJ-HZB,L6-cmsa-polygons-2021,2021,WEAK,5.737083,0,0.0,0,0.0,0,0.0,0.0,0.0,UNLABELED,UNLABELED,,,
ZJ_U51_5K_E077_N673,5000,ZJ-HZB,L1-china2015-raster30m,2015,SILVER,9.863213,0,0.0,0,0.0,0,0.0,0.0,0.0,UNLABELED,UNLABELED,,,
ZJ_U51_5K_E077_N673,5000,ZJ-HZB,L2-cmssm2020-polygons,2020,WEAK,9.863213,0,0.0,0,0.0,0,0.0,0.0,0.0,UNLABELED,UNLABELED,,,
ZJ_U51_5K_E077_N673,5000,ZJ-HZB,L3-hangzhou-mask-2015,2015,WEAK,9.863213,0,0.0,0,0.0,0,0.0,0.0,0.0,UNLABELED,UNLABELED,,,
ZJ_U51_5K_E077_N673,5000,ZJ-HZB,L4-cmsa-polygons-2019,2019,WEAK,9.863213,0,0.0,0,0.0,0,0.0,0.0,0.0,UNLABELED,UNLABELED,,,
ZJ_U51_5K_E077_N673,5000,ZJ-HZB,L5-cmsa-polygons-2020,2020,WEAK,9.863213,0,0.0,0,0.0,0,0.0,0.0,0.0,UNLABELED,UNLABELED,,,
ZJ_U51_5K_E077_N673,5000,ZJ-HZB,L6-cmsa-polygons-2021,2021,WEAK,9.863213,0,0.0,0,0.0,0,0.0,0.0,0.0,UNLABELED,UNLABELED,,,
ZJ_U51_5K_E077_N674,5000,ZJ-HZB,L1-china2015-raster30m,2015,SILVER,13.989344,0,0.0,0,0.0,0,0.0,0.0,0.0,UNLABELED,UNLABELED,,,
ZJ_U51_5K_E077_N674,5000,ZJ-HZB,L2-cmssm2020-polygons,2020,WEAK,13.989344,0,0.0,0,0.0,0,0.0,0.0,0.0,UNLABELED,UNLABELED,,,
ZJ_U51_5K_E077_N674,5000,ZJ-HZB,L3-hangzhou-mask-2015,2015,WEAK,13.989344,0,0.0,0,0.0,0,0.0,0.0,0.0,UNLABELED,UNLABELED,,,
ZJ_U51_5K_E077_N674,5000,ZJ-HZB,L4-cmsa-polygons-2019,2019,WEAK,13.989344,0,0.0,0,0.0,0,0.0,0.0,0.0,UNLABELED,UNLABELED,,,
ZJ_U51_5K_E077_N674,5000,ZJ-HZB,L5-cmsa-polygons-2020,2020,WEAK,13.989344,0,0.0,0,0.0,0,0.0,0.0,0.0,UNLABELED,UNLABELED,,,
ZJ_U51_5K_E077_N674,5000,ZJ-HZB,L6-cmsa-polygons-2021,2021,WEAK,13.989344,0,0.0,0,0.0,0,0.0,0.0,0.0,UNLABELED,UNLABELED,,,
ZJ_U51_5K_E077_N675,5000,ZJ-HZB,L1-china2015-raster30m,2015,SILVER,18.115474,0,0.0,0,0.0,0,0.0,0.0,0.0,UNLABELED,UNLABELED,,,
ZJ_U51_5K_E077_N675,5000,ZJ-HZB,L2-cmssm2020-polygons,2020,WEAK,18.115474,0,0.0,0,0.0,0,0.0,0.0,0.0,UNLABELED,UNLABELED,,,
ZJ_U51_5K_E077_N675,5000,ZJ-HZB,L3-hangzhou-mask-2015,2015,WEAK,18.115474,0,0.0,0,0.0,0,0.0,0.0,0.0,UNLABELED,UNLABELED,,,
ZJ_U51_5K_E077_N675,5000,ZJ-HZB,L4-cmsa-polygons-2019,2019,WEAK,18.115474,0,0.0,0,0.0,0,0.0,0.0,0.0,UNLABELED,UNLABELED,,,
ZJ_U51_5K_E077_N675,5000,ZJ-HZB,L5-cmsa-polygons-2020,2020,WEAK,18.115474,0,0.0,0,0.0,0,0.0,0.0,0.0,UNLABELED,UNLABELED,,,
ZJ_U51_5K_E077_N675,5000,ZJ-HZB,L6-cmsa-polygons-2021,2021,WEAK,18.115474,0,0.0,0,0.0,0,0.0,0.0,0.0,UNLABELED,UNLABELED,,,
ZJ_U51_5K_E077_N676,5000,ZJ-HZB,L1-china2015-raster30m,2015,SILVER,22.241604,0,0.0,0,0.0,0,0.0,0.0,0.0,UNLABELED,UNLABELED,,,
ZJ_U51_5K_E077_N676,5000,ZJ-HZB,L2-cmssm2020-polygons,2020,WEAK,22.241604,0,0.0,0,0.0,0,0.0,0.0,0.0,UNLABELED,UNLABELED,,,
ZJ_U51_5K_E077_N676,5000,ZJ-HZB,L3-hangzhou-mask-2015,2015,WEAK,22.241604,0,0.0,0,0.0,0,0.0,0.0,0.0,UNLABELED,UNLABELED,,,
ZJ_U51_5K_E077_N676,5000,ZJ-HZB,L4-cmsa-polygons-2019,2019,WEAK,22.241604,0,0.0,0,0.0,0,0.0,0.0,0.0,UNLABELED,UNLABELED,,,
ZJ_U51_5K_E077_N676,5000,ZJ-HZB,L5-cmsa-polygons-2020,2020,WEAK,22.241604,0,0.0,0,0.0,0,0.0,0.0,0.0,UNLABELED,UNLABELED,,,
ZJ_U51_5K_E077_N676,5000,ZJ-HZB,L6-cmsa-polygons-2021,2021,WEAK,22.241604,0,0.0,0,0.0,0,0.0,0.0,0.0,UNLABELED,UNLABELED,,,
ZJ_U51_5K_E077_N677,5000,ZJ-HZB,L1-china2015-raster30m,2015,SILVER,24.941412,0,0.0,0,0.0,0,0.0,0.0,0.0,UNLABELED,UNLABELED,,,
ZJ_U51_5K_E077_N677,5000,ZJ-HZB,L2-cmssm2020-polygons,2020,WEAK,24.941412,0,0.0,0,0.0,0,0.0,0.0,0.0,UNLABELED,UNLABELED,,,
ZJ_U51_5K_E077_N677,5000,ZJ-HZB,L3-hangzhou-mask-2015,2015,WEAK,24.941412,0,0.0,0,0.0,0,0.0,0.0,0.0,UNLABELED,UNLABELED,,,
ZJ_U51_5K_E077_N677,5000,ZJ-HZB,L4-cmsa-polygons-2019,2019,WEAK,24.941412,0,0.0,0,0.0,0,0.0,0.0,0.0,UNLABELED,UNLABELED,,,
ZJ_U51_5K_E077_N677,5000,ZJ-HZB,L5-cmsa-polygons-2020,2020,WEAK,24.941412,0,0.0,0,0.0,0,0.0,0.0,0.0,UNLABELED,UNLABELED,,,
ZJ_U51_5K_E077_N677,5000,ZJ-HZB,L6-cmsa-polygons-2021,2021,WEAK,24.941412,0,0.0,0,0.0,0,0.0,0.0,0.0,UNLABELED,UNLABELED,,,
ZJ_U51_5K_E077_N678,5000,ZJ-HZB,L1-china2015-raster30m,2015,SILVER,25.0,0,0.0,0,0.0,0,0.0,0.0,0.0,UNLABELED,UNLABELED,,,
ZJ_U51_5K_E077_N678,5000,ZJ-HZB,L2-cmssm2020-polygons,2020,WEAK,25.0,0,0.0,0,0.0,0,0.0,0.0,0.0,UNLABELED,UNLABELED,,,
ZJ_U51_5K_E077_N678,5000,ZJ-HZB,L3-hangzhou-mask-2015,2015,WEAK,25.0,0,0.0,0,0.0,0,0.0,0.0,0.0,UNLABELED,UNLABELED,,,
ZJ_U51_5K_E077_N678,5000,ZJ-HZB,L4-cmsa-polygons-2019,2019,WEAK,25.0,0,0.0,0,0.0,0,0.0,0.0,0.0,UNLABELED,UNLABELED,,,
ZJ_U51_5K_E077_N678,5000,ZJ-HZB,L5-cmsa-polygons-2020,2020,WEAK,25.0,0,0.0,0,0.0,0,0.0,0.0,0.0,UNLABELED,UNLABELED,,,
ZJ_U51_5K_E077_N678,5000,ZJ-HZB,L6-cmsa-polygons-2021,2021,WEAK,25.0,0,0.0,0,0.0,0,0.0,0.0,0.0,UNLABELED,UNLABELED,,,
ZJ_U51_5K_E077_N679,5000,ZJ-HZB,L1-china2015-raster30m,2015,SILVER,25.0,0,0.0,0,0.0,0,0.0,0.0,0.0,UNLABELED,UNLABELED,,,
ZJ_U51_5K_E077_N679,5000,ZJ-HZB,L2-cmssm2020-polygons,2020,WEAK,25.0,0,0.0,0,0.0,0,0.0,0.0,0.0,UNLABELED,UNLABELED,,,
ZJ_U51_5K_E077_N679,5000,ZJ-HZB,L3-hangzhou-mask-2015,2015,WEAK,25.0,0,0.0,0,0.0,0,0.0,0.0,0.0,UNLABELED,UNLABELED,,,
ZJ_U51_5K_E077_N679,5000,ZJ-HZB,L4-cmsa-polygons-2019,2019,WEAK,25.0,0,0.0,0,0.0,0,0.0,0.0,0.0,UNLABELED,UNLABELED,,,
ZJ_U51_5K_E077_N679,5000,ZJ-HZB,L5-cmsa-polygons-2020,2020,WEAK,25.0,0,0.0,0,0.0,0,0.0,0.0,0.0,UNLABELED,UNLABELED,,,
ZJ_U51_5K_E077_N679,5000,ZJ-HZB,L6-cmsa-polygons-2021,2021,WEAK,25.0,0,0.0,0,0.0,0,0.0,0.0,0.0,UNLABELED,UNLABELED,,,
ZJ_U51_5K_E077_N680,5000,ZJ-HZB,L1-china2015-raster30m,2015,SILVER,25.0,0,0.0,0,0.0,0,0.0,0.0,0.0,UNLABELED,UNLABELED,,,
ZJ_U51_5K_E077_N680,5000,ZJ-HZB,L2-cmssm2020-polygons,2020,WEAK,25.0,0,0.0,0,0.0,0,0.0,0.0,0.0,UNLABELED,UNLABELED,,,
ZJ_U51_5K_E077_N680,5000,ZJ-HZB,L3-hangzhou-mask-2015,2015,WEAK,25.0,0,0.0,0,0.0,0,0.0,0.0,0.0,UNLABELED,UNLABELED,,,
ZJ_U51_5K_E077_N680,5000,ZJ-HZB,L4-cmsa-polygons-2019,2019,WEAK,25.0,0,0.0,0,0.0,0,0.0,0.0,0.0,UNLABELED,UNLABELED,,,
ZJ_U51_5K_E077_N680,5000,ZJ-HZB,L5-cmsa-polygons-2020,2020,WEAK,25.0,0,0.0,0,0.0,0,0.0,0.0,0.0,UNLABELED,UNLABELED,,,
ZJ_U51_5K_E077_N680,5000,ZJ-HZB,L6-cmsa-polygons-2021,2021,WEAK,25.0,0,0.0,0,0.0,0,0.0,0.0,0.0,UNLABELED,UNLABELED,,,
ZJ_U51_5K_E077_N681,5000,ZJ-HZB,L1-china2015-raster30m,2015,SILVER,25.0,0,0.0,0,0.0,0,0.0,0.0,0.0,UNLABELED,UNLABELED,,,
ZJ_U51_5K_E077_N681,5000,ZJ-HZB,L2-cmssm2020-polygons,2020,WEAK,25.0,0,0.0,0,0.0,0,0.0,0.0,0.0,UNLABELED,UNLABELED,,,
ZJ_U51_5K_E077_N681,5000,ZJ-HZB,L3-hangzhou-mask-2015,2015,WEAK,25.0,0,0.0,0,0.0,0,0.0,0.0,0.0,UNLABELED,UNLABELED,,,
ZJ_U51_5K_E077_N681,5000,ZJ-HZB,L4-cmsa-polygons-2019,2019,WEAK,25.0,0,0.0,0,0.0,0,0.0,0.0,0.0,UNLABELED,UNLABELED,,,
ZJ_U51_5K_E077_N681,5000,ZJ-HZB,L5-cmsa-polygons-2020,2020,WEAK,25.0,0,0.0,0,0.0,0,0.0,0.0,0.0,UNLABELED,UNLABELED,,,
ZJ_U51_5K_E077_N681,5000,ZJ-HZB,L6-cmsa-polygons-2021,2021,WEAK,25.0,0,0.0,0,0.0,0,0.0,0.0,0.0,UNLABELED,UNLABELED,,,
ZJ_U51_5K_E077_N682,5000,ZJ-HZB,L1-china2015-raster30m,2015,SILVER,23.518208,0,0.0,0,0.0,0,0.0,0.0,0.0,UNLABELED,UNLABELED,,,
ZJ_U51_5K_E077_N682,5000,ZJ-HZB,L2-cmssm2020-polygons,2020,WEAK,23.518208,0,0.0,0,0.0,0,0.0,0.0,0.0,UNLABELED,UNLABELED,,,
ZJ_U51_5K_E077_N682,5000,ZJ-HZB,L3-hangzhou-mask-2015,2015,WEAK,23.518208,0,0.0,0,0.0,0,0.0,0.0,0.0,UNLABELED,UNLABELED,,,
ZJ_U51_5K_E077_N682,5000,ZJ-HZB,L4-cmsa-polygons-2019,2019,WEAK,23.518208,0,0.0,0,0.0,0,0.0,0.0,0.0,UNLABELED,UNLABELED,,,
ZJ_U51_5K_E077_N682,5000,ZJ-HZB,L5-cmsa-polygons-2020,2020,WEAK,23.518208,0,0.0,0,0.0,0,0.0,0.0,0.0,UNLABELED,UNLABELED,,,
ZJ_U51_5K_E077_N682,5000,ZJ-HZB,L6-cmsa-polygons-2021,2021,WEAK,23.518208,0,0.0,0,0.0,0,0.0,0.0,0.0,UNLABELED,UNLABELED,,,
ZJ_U51_5K_E077_N683,5000,ZJ-HZB,L1-china2015-raster30m,2015,SILVER,2.248613,0,0.0,0,0.0,0,0.0,0.0,0.0,UNLABELED,UNLABELED,,,
ZJ_U51_5K_E077_N683,5000,ZJ-HZB,L2-cmssm2020-polygons,2020,WEAK,2.248613,0,0.0,0,0.0,0,0.0,0.0,0.0,UNLABELED,UNLABELED,,,
ZJ_U51_5K_E077_N683,5000,ZJ-HZB,L3-hangzhou-mask-2015,2015,WEAK,2.248613,0,0.0,0,0.0,0,0.0,0.0,0.0,UNLABELED,UNLABELED,,,
ZJ_U51_5K_E077_N683,5000,ZJ-HZB,L4-cmsa-polygons-2019,2019,WEAK,2.248613,0,0.0,0,0.0,0,0.0,0.0,0.0,UNLABELED,UNLABELED,,,
ZJ_U51_5K_E077_N683,5000,ZJ-HZB,L5-cmsa-polygons-2020,2020,WEAK,2.248613,0,0.0,0,0.0,0,0.0,0.0,0.0,UNLABELED,UNLABELED,,,
ZJ_U51_5K_E077_N683,5000,ZJ-HZB,L6-cmsa-polygons-2021,2021,WEAK,2.248613,0,0.0,0,0.0,0,0.0,0.0,0.0,UNLABELED,UNLABELED,,,
ZJ_U51_5K_E078_N641,5000,ZJ-SMB,L1-china2015-raster30m,2015,SILVER,2.812334,0,0.0,0,0.0,0,0.0,0.0,0.0,UNLABELED,UNLABELED,,,
ZJ_U51_5K_E078_N641,5000,ZJ-SMB,L2-cmssm2020-polygons,2020,WEAK,2.812334,0,0.0,0,0.0,0,0.0,0.0,0.0,UNLABELED,UNLABELED,,,
ZJ_U51_5K_E078_N641,5000,ZJ-SMB,L3-hangzhou-mask-2015,2015,WEAK,2.812334,0,0.0,0,0.0,0,0.0,0.0,0.0,UNLABELED,UNLABELED,,,
ZJ_U51_5K_E078_N641,5000,ZJ-SMB,L4-cmsa-polygons-2019,2019,WEAK,2.812334,0,0.0,0,0.0,0,0.0,0.0,0.0,UNLABELED,UNLABELED,,,
ZJ_U51_5K_E078_N641,5000,ZJ-SMB,L5-cmsa-polygons-2020,2020,WEAK,2.812334,0,0.0,0,0.0,0,0.0,0.0,0.0,UNLABELED,UNLABELED,,,
ZJ_U51_5K_E078_N641,5000,ZJ-SMB,L6-cmsa-polygons-2021,2021,WEAK,2.812334,0,0.0,0,0.0,0,0.0,0.0,0.0,UNLABELED,UNLABELED,,,
ZJ_U51_5K_E078_N642,5000,ZJ-SMB,L1-china2015-raster30m,2015,SILVER,23.650138,0,0.0,0,0.0,0,0.0,0.0,0.0,UNLABELED,UNLABELED,,,
ZJ_U51_5K_E078_N642,5000,ZJ-SMB,L2-cmssm2020-polygons,2020,WEAK,23.650138,0,0.0,0,0.0,0,0.0,0.0,0.0,UNLABELED,UNLABELED,,,
ZJ_U51_5K_E078_N642,5000,ZJ-SMB,L3-hangzhou-mask-2015,2015,WEAK,23.650138,0,0.0,0,0.0,0,0.0,0.0,0.0,UNLABELED,UNLABELED,,,
ZJ_U51_5K_E078_N642,5000,ZJ-SMB,L4-cmsa-polygons-2019,2019,WEAK,23.650138,0,0.0,0,0.0,0,0.0,0.0,0.0,UNLABELED,UNLABELED,,,
ZJ_U51_5K_E078_N642,5000,ZJ-SMB,L5-cmsa-polygons-2020,2020,WEAK,23.650138,0,0.0,0,0.0,0,0.0,0.0,0.0,UNLABELED,UNLABELED,,,
ZJ_U51_5K_E078_N642,5000,ZJ-SMB,L6-cmsa-polygons-2021,2021,WEAK,23.650138,0,0.0,0,0.0,0,0.0,0.0,0.0,UNLABELED,UNLABELED,,,
ZJ_U51_5K_E078_N643,5000,ZJ-SMB,L1-china2015-raster30m,2015,SILVER,25.0,77,0.0693,77,0.0693,0,0.0,0.002772,0.002772,SILVER,SILVER,,,
ZJ_U51_5K_E078_N643,5000,ZJ-SMB,L2-cmssm2020-polygons,2020,WEAK,25.0,0,0.0,0,0.0,0,0.0,0.0,0.0,SILVER,SILVER,,,
ZJ_U51_5K_E078_N643,5000,ZJ-SMB,L3-hangzhou-mask-2015,2015,WEAK,25.0,0,0.0,0,0.0,0,0.0,0.0,0.0,SILVER,SILVER,,,
ZJ_U51_5K_E078_N643,5000,ZJ-SMB,L4-cmsa-polygons-2019,2019,WEAK,25.0,0,0.0,0,0.0,0,0.0,0.0,0.0,SILVER,SILVER,,,
ZJ_U51_5K_E078_N643,5000,ZJ-SMB,L5-cmsa-polygons-2020,2020,WEAK,25.0,0,0.0,0,0.0,0,0.0,0.0,0.0,SILVER,SILVER,,,
ZJ_U51_5K_E078_N643,5000,ZJ-SMB,L6-cmsa-polygons-2021,2021,WEAK,25.0,0,0.0,0,0.0,0,0.0,0.0,0.0,SILVER,SILVER,,,
ZJ_U51_5K_E078_N644,5000,ZJ-SMB,L1-china2015-raster30m,2015,SILVER,25.0,81,0.0729,81,0.0729,0,0.0,0.002916,0.002916,SILVER,SILVER,,,
ZJ_U51_5K_E078_N644,5000,ZJ-SMB,L2-cmssm2020-polygons,2020,WEAK,25.0,0,0.0,0,0.0,0,0.0,0.0,0.0,SILVER,SILVER,,,
ZJ_U51_5K_E078_N644,5000,ZJ-SMB,L3-hangzhou-mask-2015,2015,WEAK,25.0,0,0.0,0,0.0,0,0.0,0.0,0.0,SILVER,SILVER,,,
ZJ_U51_5K_E078_N644,5000,ZJ-SMB,L4-cmsa-polygons-2019,2019,WEAK,25.0,0,0.0,0,0.0,0,0.0,0.0,0.0,SILVER,SILVER,,,
ZJ_U51_5K_E078_N644,5000,ZJ-SMB,L5-cmsa-polygons-2020,2020,WEAK,25.0,0,0.0,0,0.0,0,0.0,0.0,0.0,SILVER,SILVER,,,
ZJ_U51_5K_E078_N644,5000,ZJ-SMB,L6-cmsa-polygons-2021,2021,WEAK,25.0,0,0.0,0,0.0,0,0.0,0.0,0.0,SILVER,SILVER,,,
ZJ_U51_5K_E078_N645,5000,ZJ-SMB,L1-china2015-raster30m,2015,SILVER,24.21283,248,0.2232,248,0.2232,0,0.0,0.008928,0.009218,SILVER,SILVER,,,
ZJ_U51_5K_E078_N645,5000,ZJ-SMB,L2-cmssm2020-polygons,2020,WEAK,24.21283,0,0.0,0,0.0,0,0.0,0.0,0.0,SILVER,SILVER,,,
ZJ_U51_5K_E078_N645,5000,ZJ-SMB,L3-hangzhou-mask-2015,2015,WEAK,24.21283,0,0.0,0,0.0,0,0.0,0.0,0.0,SILVER,SILVER,,,
ZJ_U51_5K_E078_N645,5000,ZJ-SMB,L4-cmsa-polygons-2019,2019,WEAK,24.21283,0,0.0,0,0.0,0,0.0,0.0,0.0,SILVER,SILVER,,,
ZJ_U51_5K_E078_N645,5000,ZJ-SMB,L5-cmsa-polygons-2020,2020,WEAK,24.21283,0,0.0,0,0.0,0,0.0,0.0,0.0,SILVER,SILVER,,,
ZJ_U51_5K_E078_N645,5000,ZJ-SMB,L6-cmsa-polygons-2021,2021,WEAK,24.21283,0,0.0,0,0.0,0,0.0,0.0,0.0,SILVER,SILVER,,,
ZJ_U51_5K_E078_N646,5000,ZJ-SMB,L1-china2015-raster30m,2015,SILVER,2.550407,0,0.0,0,0.0,0,0.0,0.0,0.0,UNLABELED,UNLABELED,,,
ZJ_U51_5K_E078_N646,5000,ZJ-SMB,L2-cmssm2020-polygons,2020,WEAK,2.550407,0,0.0,0,0.0,0,0.0,0.0,0.0,UNLABELED,UNLABELED,,,
ZJ_U51_5K_E078_N646,5000,ZJ-SMB,L3-hangzhou-mask-2015,2015,WEAK,2.550407,0,0.0,0,0.0,0,0.0,0.0,0.0,UNLABELED,UNLABELED,,,
ZJ_U51_5K_E078_N646,5000,ZJ-SMB,L4-cmsa-polygons-2019,2019,WEAK,2.550407,0,0.0,0,0.0,0,0.0,0.0,0.0,UNLABELED,UNLABELED,,,
ZJ_U51_5K_E078_N646,5000,ZJ-SMB,L5-cmsa-polygons-2020,2020,WEAK,2.550407,0,0.0,0,0.0,0,0.0,0.0,0.0,UNLABELED,UNLABELED,,,
ZJ_U51_5K_E078_N646,5000,ZJ-SMB,L6-cmsa-polygons-2021,2021,WEAK,2.550407,0,0.0,0,0.0,0,0.0,0.0,0.0,UNLABELED,UNLABELED,,,
ZJ_U51_5K_E078_N677,5000,ZJ-HZB,L1-china2015-raster30m,2015,SILVER,1.426322,0,0.0,0,0.0,0,0.0,0.0,0.0,UNLABELED,UNLABELED,,,
ZJ_U51_5K_E078_N677,5000,ZJ-HZB,L2-cmssm2020-polygons,2020,WEAK,1.426322,0,0.0,0,0.0,0,0.0,0.0,0.0,UNLABELED,UNLABELED,,,
ZJ_U51_5K_E078_N677,5000,ZJ-HZB,L3-hangzhou-mask-2015,2015,WEAK,1.426322,0,0.0,0,0.0,0,0.0,0.0,0.0,UNLABELED,UNLABELED,,,
ZJ_U51_5K_E078_N677,5000,ZJ-HZB,L4-cmsa-polygons-2019,2019,WEAK,1.426322,0,0.0,0,0.0,0,0.0,0.0,0.0,UNLABELED,UNLABELED,,,
ZJ_U51_5K_E078_N677,5000,ZJ-HZB,L5-cmsa-polygons-2020,2020,WEAK,1.426322,0,0.0,0,0.0,0,0.0,0.0,0.0,UNLABELED,UNLABELED,,,
ZJ_U51_5K_E078_N677,5000,ZJ-HZB,L6-cmsa-polygons-2021,2021,WEAK,1.426322,0,0.0,0,0.0,0,0.0,0.0,0.0,UNLABELED,UNLABELED,,,
ZJ_U51_5K_E078_N678,5000,ZJ-HZB,L1-china2015-raster30m,2015,SILVER,5.493864,0,0.0,0,0.0,0,0.0,0.0,0.0,UNLABELED,UNLABELED,,,
ZJ_U51_5K_E078_N678,5000,ZJ-HZB,L2-cmssm2020-polygons,2020,WEAK,5.493864,0,0.0,0,0.0,0,0.0,0.0,0.0,UNLABELED,UNLABELED,,,
ZJ_U51_5K_E078_N678,5000,ZJ-HZB,L3-hangzhou-mask-2015,2015,WEAK,5.493864,0,0.0,0,0.0,0,0.0,0.0,0.0,UNLABELED,UNLABELED,,,
ZJ_U51_5K_E078_N678,5000,ZJ-HZB,L4-cmsa-polygons-2019,2019,WEAK,5.493864,0,0.0,0,0.0,0,0.0,0.0,0.0,UNLABELED,UNLABELED,,,
ZJ_U51_5K_E078_N678,5000,ZJ-HZB,L5-cmsa-polygons-2020,2020,WEAK,5.493864,0,0.0,0,0.0,0,0.0,0.0,0.0,UNLABELED,UNLABELED,,,
ZJ_U51_5K_E078_N678,5000,ZJ-HZB,L6-cmsa-polygons-2021,2021,WEAK,5.493864,0,0.0,0,0.0,0,0.0,0.0,0.0,UNLABELED,UNLABELED,,,
ZJ_U51_5K_E078_N679,5000,ZJ-HZB,L1-china2015-raster30m,2015,SILVER,9.619994,0,0.0,0,0.0,0,0.0,0.0,0.0,UNLABELED,UNLABELED,,,
ZJ_U51_5K_E078_N679,5000,ZJ-HZB,L2-cmssm2020-polygons,2020,WEAK,9.619994,0,0.0,0,0.0,0,0.0,0.0,0.0,UNLABELED,UNLABELED,,,
ZJ_U51_5K_E078_N679,5000,ZJ-HZB,L3-hangzhou-mask-2015,2015,WEAK,9.619994,0,0.0,0,0.0,0,0.0,0.0,0.0,UNLABELED,UNLABELED,,,
ZJ_U51_5K_E078_N679,5000,ZJ-HZB,L4-cmsa-polygons-2019,2019,WEAK,9.619994,0,0.0,0,0.0,0,0.0,0.0,0.0,UNLABELED,UNLABELED,,,
ZJ_U51_5K_E078_N679,5000,ZJ-HZB,L5-cmsa-polygons-2020,2020,WEAK,9.619994,0,0.0,0,0.0,0,0.0,0.0,0.0,UNLABELED,UNLABELED,,,
ZJ_U51_5K_E078_N679,5000,ZJ-HZB,L6-cmsa-polygons-2021,2021,WEAK,9.619994,0,0.0,0,0.0,0,0.0,0.0,0.0,UNLABELED,UNLABELED,,,
ZJ_U51_5K_E078_N680,5000,ZJ-HZB,L1-china2015-raster30m,2015,SILVER,13.746124,0,0.0,0,0.0,0,0.0,0.0,0.0,UNLABELED,UNLABELED,,,
ZJ_U51_5K_E078_N680,5000,ZJ-HZB,L2-cmssm2020-polygons,2020,WEAK,13.746124,0,0.0,0,0.0,0,0.0,0.0,0.0,UNLABELED,UNLABELED,,,
ZJ_U51_5K_E078_N680,5000,ZJ-HZB,L3-hangzhou-mask-2015,2015,WEAK,13.746124,0,0.0,0,0.0,0,0.0,0.0,0.0,UNLABELED,UNLABELED,,,
ZJ_U51_5K_E078_N680,5000,ZJ-HZB,L4-cmsa-polygons-2019,2019,WEAK,13.746124,0,0.0,0,0.0,0,0.0,0.0,0.0,UNLABELED,UNLABELED,,,
ZJ_U51_5K_E078_N680,5000,ZJ-HZB,L5-cmsa-polygons-2020,2020,WEAK,13.746124,0,0.0,0,0.0,0,0.0,0.0,0.0,UNLABELED,UNLABELED,,,
ZJ_U51_5K_E078_N680,5000,ZJ-HZB,L6-cmsa-polygons-2021,2021,WEAK,13.746124,0,0.0,0,0.0,0,0.0,0.0,0.0,UNLABELED,UNLABELED,,,
ZJ_U51_5K_E078_N681,5000,ZJ-HZB,L1-china2015-raster30m,2015,SILVER,17.872255,0,0.0,0,0.0,0,0.0,0.0,0.0,UNLABELED,UNLABELED,,,
ZJ_U51_5K_E078_N681,5000,ZJ-HZB,L2-cmssm2020-polygons,2020,WEAK,17.872255,0,0.0,0,0.0,0,0.0,0.0,0.0,UNLABELED,UNLABELED,,,
ZJ_U51_5K_E078_N681,5000,ZJ-HZB,L3-hangzhou-mask-2015,2015,WEAK,17.872255,0,0.0,0,0.0,0,0.0,0.0,0.0,UNLABELED,UNLABELED,,,
ZJ_U51_5K_E078_N681,5000,ZJ-HZB,L4-cmsa-polygons-2019,2019,WEAK,17.872255,0,0.0,0,0.0,0,0.0,0.0,0.0,UNLABELED,UNLABELED,,,
ZJ_U51_5K_E078_N681,5000,ZJ-HZB,L5-cmsa-polygons-2020,2020,WEAK,17.872255,0,0.0,0,0.0,0,0.0,0.0,0.0,UNLABELED,UNLABELED,,,
ZJ_U51_5K_E078_N681,5000,ZJ-HZB,L6-cmsa-polygons-2021,2021,WEAK,17.872255,0,0.0,0,0.0,0,0.0,0.0,0.0,UNLABELED,UNLABELED,,,
ZJ_U51_5K_E078_N682,5000,ZJ-HZB,L1-china2015-raster30m,2015,SILVER,21.998385,11,0.0099,11,0.0099,0,0.0,0.000396,0.00045,SILVER,SILVER,,,
ZJ_U51_5K_E078_N682,5000,ZJ-HZB,L2-cmssm2020-polygons,2020,WEAK,21.998385,0,0.0,0,0.0,0,0.0,0.0,0.0,SILVER,SILVER,,,
ZJ_U51_5K_E078_N682,5000,ZJ-HZB,L3-hangzhou-mask-2015,2015,WEAK,21.998385,0,0.0,0,0.0,0,0.0,0.0,0.0,SILVER,SILVER,,,
ZJ_U51_5K_E078_N682,5000,ZJ-HZB,L4-cmsa-polygons-2019,2019,WEAK,21.998385,0,0.0,0,0.0,0,0.0,0.0,0.0,SILVER,SILVER,,,
ZJ_U51_5K_E078_N682,5000,ZJ-HZB,L5-cmsa-polygons-2020,2020,WEAK,21.998385,0,0.0,0,0.0,0,0.0,0.0,0.0,SILVER,SILVER,,,
ZJ_U51_5K_E078_N682,5000,ZJ-HZB,L6-cmsa-polygons-2021,2021,WEAK,21.998385,0,0.0,0,0.0,0,0.0,0.0,0.0,SILVER,SILVER,,,
ZJ_U51_5K_E078_N683,5000,ZJ-HZB,L1-china2015-raster30m,2015,SILVER,15.42237,0,0.0,0,0.0,0,0.0,0.0,0.0,UNLABELED,UNLABELED,,,
ZJ_U51_5K_E078_N683,5000,ZJ-HZB,L2-cmssm2020-polygons,2020,WEAK,15.42237,0,0.0,0,0.0,0,0.0,0.0,0.0,UNLABELED,UNLABELED,,,
ZJ_U51_5K_E078_N683,5000,ZJ-HZB,L3-hangzhou-mask-2015,2015,WEAK,15.42237,0,0.0,0,0.0,0,0.0,0.0,0.0,UNLABELED,UNLABELED,,,
ZJ_U51_5K_E078_N683,5000,ZJ-HZB,L4-cmsa-polygons-2019,2019,WEAK,15.42237,0,0.0,0,0.0,0,0.0,0.0,0.0,UNLABELED,UNLABELED,,,
ZJ_U51_5K_E078_N683,5000,ZJ-HZB,L5-cmsa-polygons-2020,2020,WEAK,15.42237,0,0.0,0,0.0,0,0.0,0.0,0.0,UNLABELED,UNLABELED,,,
ZJ_U51_5K_E078_N683,5000,ZJ-HZB,L6-cmsa-polygons-2021,2021,WEAK,15.42237,0,0.0,0,0.0,0,0.0,0.0,0.0,UNLABELED,UNLABELED,,,
ZJ_U51_5K_E079_N642,5000,ZJ-SMB,L1-china2015-raster30m,2015,SILVER,5.224904,0,0.0,0,0.0,0,0.0,0.0,0.0,UNLABELED,UNLABELED,,,
ZJ_U51_5K_E079_N642,5000,ZJ-SMB,L2-cmssm2020-polygons,2020,WEAK,5.224904,0,0.0,0,0.0,0,0.0,0.0,0.0,UNLABELED,UNLABELED,,,
ZJ_U51_5K_E079_N642,5000,ZJ-SMB,L3-hangzhou-mask-2015,2015,WEAK,5.224904,0,0.0,0,0.0,0,0.0,0.0,0.0,UNLABELED,UNLABELED,,,
ZJ_U51_5K_E079_N642,5000,ZJ-SMB,L4-cmsa-polygons-2019,2019,WEAK,5.224904,0,0.0,0,0.0,0,0.0,0.0,0.0,UNLABELED,UNLABELED,,,
ZJ_U51_5K_E079_N642,5000,ZJ-SMB,L5-cmsa-polygons-2020,2020,WEAK,5.224904,0,0.0,0,0.0,0,0.0,0.0,0.0,UNLABELED,UNLABELED,,,
ZJ_U51_5K_E079_N642,5000,ZJ-SMB,L6-cmsa-polygons-2021,2021,WEAK,5.224904,0,0.0,0,0.0,0,0.0,0.0,0.0,UNLABELED,UNLABELED,,,
ZJ_U51_5K_E079_N643,5000,ZJ-SMB,L1-china2015-raster30m,2015,SILVER,17.858976,0,0.0,0,0.0,0,0.0,0.0,0.0,UNLABELED,UNLABELED,,,
ZJ_U51_5K_E079_N643,5000,ZJ-SMB,L2-cmssm2020-polygons,2020,WEAK,17.858976,0,0.0,0,0.0,0,0.0,0.0,0.0,UNLABELED,UNLABELED,,,
ZJ_U51_5K_E079_N643,5000,ZJ-SMB,L3-hangzhou-mask-2015,2015,WEAK,17.858976,0,0.0,0,0.0,0,0.0,0.0,0.0,UNLABELED,UNLABELED,,,
ZJ_U51_5K_E079_N643,5000,ZJ-SMB,L4-cmsa-polygons-2019,2019,WEAK,17.858976,0,0.0,0,0.0,0,0.0,0.0,0.0,UNLABELED,UNLABELED,,,
ZJ_U51_5K_E079_N643,5000,ZJ-SMB,L5-cmsa-polygons-2020,2020,WEAK,17.858976,0,0.0,0,0.0,0,0.0,0.0,0.0,UNLABELED,UNLABELED,,,
ZJ_U51_5K_E079_N643,5000,ZJ-SMB,L6-cmsa-polygons-2021,2021,WEAK,17.858976,0,0.0,0,0.0,0,0.0,0.0,0.0,UNLABELED,UNLABELED,,,
ZJ_U51_5K_E079_N644,5000,ZJ-SMB,L1-china2015-raster30m,2015,SILVER,21.751562,0,0.0,0,0.0,0,0.0,0.0,0.0,UNLABELED,UNLABELED,,,
ZJ_U51_5K_E079_N644,5000,ZJ-SMB,L2-cmssm2020-polygons,2020,WEAK,21.751562,0,0.0,0,0.0,0,0.0,0.0,0.0,UNLABELED,UNLABELED,,,
ZJ_U51_5K_E079_N644,5000,ZJ-SMB,L3-hangzhou-mask-2015,2015,WEAK,21.751562,0,0.0,0,0.0,0,0.0,0.0,0.0,UNLABELED,UNLABELED,,,
ZJ_U51_5K_E079_N644,5000,ZJ-SMB,L4-cmsa-polygons-2019,2019,WEAK,21.751562,0,0.0,0,0.0,0,0.0,0.0,0.0,UNLABELED,UNLABELED,,,
ZJ_U51_5K_E079_N644,5000,ZJ-SMB,L5-cmsa-polygons-2020,2020,WEAK,21.751562,0,0.0,0,0.0,0,0.0,0.0,0.0,UNLABELED,UNLABELED,,,
ZJ_U51_5K_E079_N644,5000,ZJ-SMB,L6-cmsa-polygons-2021,2021,WEAK,21.751562,0,0.0,0,0.0,0,0.0,0.0,0.0,UNLABELED,UNLABELED,,,
ZJ_U51_5K_E079_N645,5000,ZJ-SMB,L1-china2015-raster30m,2015,SILVER,14.202598,178,0.1602,0,0.0,178,0.1602,0.006408,0.0,SILVER,UNLABELED,,,
ZJ_U51_5K_E079_N645,5000,ZJ-SMB,L2-cmssm2020-polygons,2020,WEAK,14.202598,0,0.0,0,0.0,0,0.0,0.0,0.0,SILVER,UNLABELED,,,
ZJ_U51_5K_E079_N645,5000,ZJ-SMB,L3-hangzhou-mask-2015,2015,WEAK,14.202598,0,0.0,0,0.0,0,0.0,0.0,0.0,SILVER,UNLABELED,,,
ZJ_U51_5K_E079_N645,5000,ZJ-SMB,L4-cmsa-polygons-2019,2019,WEAK,14.202598,0,0.0,0,0.0,0,0.0,0.0,0.0,SILVER,UNLABELED,,,
ZJ_U51_5K_E079_N645,5000,ZJ-SMB,L5-cmsa-polygons-2020,2020,WEAK,14.202598,0,0.0,0,0.0,0,0.0,0.0,0.0,SILVER,UNLABELED,,,
ZJ_U51_5K_E079_N645,5000,ZJ-SMB,L6-cmsa-polygons-2021,2021,WEAK,14.202598,0,0.0,0,0.0,0,0.0,0.0,0.0,SILVER,UNLABELED,,,
ZJ_U51_5K_E079_N683,5000,ZJ-HZB,L1-china2015-raster30m,2015,SILVER,1.084963,50,0.045,0,0.0,50,0.045,0.0018,0.0,SILVER,UNLABELED,,,
ZJ_U51_5K_E079_N683,5000,ZJ-HZB,L2-cmssm2020-polygons,2020,WEAK,1.084963,0,0.0,0,0.0,0,0.0,0.0,0.0,SILVER,UNLABELED,,,
ZJ_U51_5K_E079_N683,5000,ZJ-HZB,L3-hangzhou-mask-2015,2015,WEAK,1.084963,0,0.0,0,0.0,0,0.0,0.0,0.0,SILVER,UNLABELED,,,
ZJ_U51_5K_E079_N683,5000,ZJ-HZB,L4-cmsa-polygons-2019,2019,WEAK,1.084963,0,0.0,0,0.0,0,0.0,0.0,0.0,SILVER,UNLABELED,,,
ZJ_U51_5K_E079_N683,5000,ZJ-HZB,L5-cmsa-polygons-2020,2020,WEAK,1.084963,0,0.0,0,0.0,0,0.0,0.0,0.0,SILVER,UNLABELED,,,
ZJ_U51_5K_E079_N683,5000,ZJ-HZB,L6-cmsa-polygons-2021,2021,WEAK,1.084963,0,0.0,0,0.0,0,0.0,0.0,0.0,SILVER,UNLABELED,,,
ZJ_U51_10K_E029_N309,10000,ZJ-YQB,L1-china2015-raster30m,2015,SILVER,2.750942,811,0.7299,0,0.0,811,0.7299,0.007299,0.0,SILVER,UNLABELED,,,
ZJ_U51_10K_E029_N309,10000,ZJ-YQB,L2-cmssm2020-polygons,2020,WEAK,2.750942,0,0.0,0,0.0,0,0.0,0.0,0.0,SILVER,UNLABELED,,,
ZJ_U51_10K_E029_N309,10000,ZJ-YQB,L3-hangzhou-mask-2015,2015,WEAK,2.750942,0,0.0,0,0.0,0,0.0,0.0,0.0,SILVER,UNLABELED,,,
ZJ_U51_10K_E029_N309,10000,ZJ-YQB,L4-cmsa-polygons-2019,2019,WEAK,2.750942,0,0.0,0,0.0,0,0.0,0.0,0.0,SILVER,UNLABELED,,,
ZJ_U51_10K_E029_N309,10000,ZJ-YQB,L5-cmsa-polygons-2020,2020,WEAK,2.750942,0,0.0,0,0.0,0,0.0,0.0,0.0,SILVER,UNLABELED,,,
ZJ_U51_10K_E029_N309,10000,ZJ-YQB,L6-cmsa-polygons-2021,2021,WEAK,2.750942,0,0.0,0,0.0,0,0.0,0.0,0.0,SILVER,UNLABELED,,,
ZJ_U51_10K_E029_N310,10000,ZJ-YQB,L1-china2015-raster30m,2015,SILVER,3.148068,0,0.0,0,0.0,0,0.0,0.0,0.0,UNLABELED,UNLABELED,,,
ZJ_U51_10K_E029_N310,10000,ZJ-YQB,L2-cmssm2020-polygons,2020,WEAK,3.148068,0,0.0,0,0.0,0,0.0,0.0,0.0,UNLABELED,UNLABELED,,,
ZJ_U51_10K_E029_N310,10000,ZJ-YQB,L3-hangzhou-mask-2015,2015,WEAK,3.148068,0,0.0,0,0.0,0,0.0,0.0,0.0,UNLABELED,UNLABELED,,,
ZJ_U51_10K_E029_N310,10000,ZJ-YQB,L4-cmsa-polygons-2019,2019,WEAK,3.148068,0,0.0,0,0.0,0,0.0,0.0,0.0,UNLABELED,UNLABELED,,,
ZJ_U51_10K_E029_N310,10000,ZJ-YQB,L5-cmsa-polygons-2020,2020,WEAK,3.148068,0,0.0,0,0.0,0,0.0,0.0,0.0,UNLABELED,UNLABELED,,,
ZJ_U51_10K_E029_N310,10000,ZJ-YQB,L6-cmsa-polygons-2021,2021,WEAK,3.148068,0,0.0,0,0.0,0,0.0,0.0,0.0,UNLABELED,UNLABELED,,,
ZJ_U51_10K_E029_N335,10000,ZJ-HZB,L1-china2015-raster30m,2015,SILVER,16.577677,42,0.0378,42,0.0378,0,0.0,0.000378,0.00228,SILVER,SILVER,,,
ZJ_U51_10K_E029_N335,10000,ZJ-HZB,L2-cmssm2020-polygons,2020,WEAK,16.577677,0,0.0,0,0.0,0,0.0,0.0,0.0,SILVER,SILVER,,,
ZJ_U51_10K_E029_N335,10000,ZJ-HZB,L3-hangzhou-mask-2015,2015,WEAK,16.577677,0,0.0,0,0.0,0,0.0,0.0,0.0,SILVER,SILVER,,,
ZJ_U51_10K_E029_N335,10000,ZJ-HZB,L4-cmsa-polygons-2019,2019,WEAK,16.577677,0,0.0,0,0.0,0,0.0,0.0,0.0,SILVER,SILVER,,,
ZJ_U51_10K_E029_N335,10000,ZJ-HZB,L5-cmsa-polygons-2020,2020,WEAK,16.577677,0,0.0,0,0.0,0,0.0,0.0,0.0,SILVER,SILVER,,,
ZJ_U51_10K_E029_N335,10000,ZJ-HZB,L6-cmsa-polygons-2021,2021,WEAK,16.577677,0,0.0,0,0.0,0,0.0,0.0,0.0,SILVER,SILVER,,,
ZJ_U51_10K_E029_N336,10000,ZJ-HZB,L1-china2015-raster30m,2015,SILVER,10.771586,687,0.6183,358,0.3222,329,0.2961,0.006183,0.029912,SILVER,SILVER,,,
ZJ_U51_10K_E029_N336,10000,ZJ-HZB,L2-cmssm2020-polygons,2020,WEAK,10.771586,0,0.0,0,0.0,0,0.0,0.0,0.0,SILVER,SILVER,,,
ZJ_U51_10K_E029_N336,10000,ZJ-HZB,L3-hangzhou-mask-2015,2015,WEAK,10.771586,0,0.0,0,0.0,0,0.0,0.0,0.0,SILVER,SILVER,,,
ZJ_U51_10K_E029_N336,10000,ZJ-HZB,L4-cmsa-polygons-2019,2019,WEAK,10.771586,0,0.0,0,0.0,0,0.0,0.0,0.0,SILVER,SILVER,,,
ZJ_U51_10K_E029_N336,10000,ZJ-HZB,L5-cmsa-polygons-2020,2020,WEAK,10.771586,0,0.0,0,0.0,0,0.0,0.0,0.0,SILVER,SILVER,,,
ZJ_U51_10K_E029_N336,10000,ZJ-HZB,L6-cmsa-polygons-2021,2021,WEAK,10.771586,0,0.0,0,0.0,0,0.0,0.0,0.0,SILVER,SILVER,,,
ZJ_U51_10K_E030_N309,10000,ZJ-YQB,L1-china2015-raster30m,2015,SILVER,18.351449,1165,1.0485,340,0.306,825,0.7425,0.010485,0.016674,SILVER,SILVER,,,
ZJ_U51_10K_E030_N309,10000,ZJ-YQB,L2-cmssm2020-polygons,2020,WEAK,18.351449,0,0.0,0,0.0,0,0.0,0.0,0.0,SILVER,SILVER,,,
ZJ_U51_10K_E030_N309,10000,ZJ-YQB,L3-hangzhou-mask-2015,2015,WEAK,18.351449,0,0.0,0,0.0,0,0.0,0.0,0.0,SILVER,SILVER,,,
ZJ_U51_10K_E030_N309,10000,ZJ-YQB,L4-cmsa-polygons-2019,2019,WEAK,18.351449,0,0.0,0,0.0,0,0.0,0.0,0.0,SILVER,SILVER,,,
ZJ_U51_10K_E030_N309,10000,ZJ-YQB,L5-cmsa-polygons-2020,2020,WEAK,18.351449,0,0.0,0,0.0,0,0.0,0.0,0.0,SILVER,SILVER,,,
ZJ_U51_10K_E030_N309,10000,ZJ-YQB,L6-cmsa-polygons-2021,2021,WEAK,18.351449,0,0.0,0,0.0,0,0.0,0.0,0.0,SILVER,SILVER,,,
ZJ_U51_10K_E030_N310,10000,ZJ-YQB,L1-china2015-raster30m,2015,SILVER,86.625952,2066,1.8594,2066,1.8594,0,0.0,0.018594,0.021465,SILVER,SILVER,,,
ZJ_U51_10K_E030_N310,10000,ZJ-YQB,L2-cmssm2020-polygons,2020,WEAK,86.625952,0,0.0,0,0.0,0,0.0,0.0,0.0,SILVER,SILVER,,,
ZJ_U51_10K_E030_N310,10000,ZJ-YQB,L3-hangzhou-mask-2015,2015,WEAK,86.625952,0,0.0,0,0.0,0,0.0,0.0,0.0,SILVER,SILVER,,,
ZJ_U51_10K_E030_N310,10000,ZJ-YQB,L4-cmsa-polygons-2019,2019,WEAK,86.625952,0,0.0,0,0.0,0,0.0,0.0,0.0,SILVER,SILVER,,,
ZJ_U51_10K_E030_N310,10000,ZJ-YQB,L5-cmsa-polygons-2020,2020,WEAK,86.625952,0,0.0,0,0.0,0,0.0,0.0,0.0,SILVER,SILVER,,,
ZJ_U51_10K_E030_N310,10000,ZJ-YQB,L6-cmsa-polygons-2021,2021,WEAK,86.625952,0,0.0,0,0.0,0,0.0,0.0,0.0,SILVER,SILVER,,,
ZJ_U51_10K_E030_N311,10000,ZJ-YQB,L1-china2015-raster30m,2015,SILVER,30.775242,985,0.8865,985,0.8865,0,0.0,0.008865,0.028806,SILVER,SILVER,,,
ZJ_U51_10K_E030_N311,10000,ZJ-YQB,L2-cmssm2020-polygons,2020,WEAK,30.775242,0,0.0,0,0.0,0,0.0,0.0,0.0,SILVER,SILVER,,,
ZJ_U51_10K_E030_N311,10000,ZJ-YQB,L3-hangzhou-mask-2015,2015,WEAK,30.775242,0,0.0,0,0.0,0,0.0,0.0,0.0,SILVER,SILVER,,,
ZJ_U51_10K_E030_N311,10000,ZJ-YQB,L4-cmsa-polygons-2019,2019,WEAK,30.775242,0,0.0,0,0.0,0,0.0,0.0,0.0,SILVER,SILVER,,,
ZJ_U51_10K_E030_N311,10000,ZJ-YQB,L5-cmsa-polygons-2020,2020,WEAK,30.775242,0,0.0,0,0.0,0,0.0,0.0,0.0,SILVER,SILVER,,,
ZJ_U51_10K_E030_N311,10000,ZJ-YQB,L6-cmsa-polygons-2021,2021,WEAK,30.775242,0,0.0,0,0.0,0,0.0,0.0,0.0,SILVER,SILVER,,,
ZJ_U51_10K_E030_N312,10000,ZJ-YQB,L1-china2015-raster30m,2015,SILVER,0.013795,0,0.0,0,0.0,0,0.0,0.0,0.0,UNLABELED,UNLABELED,,,
ZJ_U51_10K_E030_N312,10000,ZJ-YQB,L2-cmssm2020-polygons,2020,WEAK,0.013795,0,0.0,0,0.0,0,0.0,0.0,0.0,UNLABELED,UNLABELED,,,
ZJ_U51_10K_E030_N312,10000,ZJ-YQB,L3-hangzhou-mask-2015,2015,WEAK,0.013795,0,0.0,0,0.0,0,0.0,0.0,0.0,UNLABELED,UNLABELED,,,
ZJ_U51_10K_E030_N312,10000,ZJ-YQB,L4-cmsa-polygons-2019,2019,WEAK,0.013795,0,0.0,0,0.0,0,0.0,0.0,0.0,UNLABELED,UNLABELED,,,
ZJ_U51_10K_E030_N312,10000,ZJ-YQB,L5-cmsa-polygons-2020,2020,WEAK,0.013795,0,0.0,0,0.0,0,0.0,0.0,0.0,UNLABELED,UNLABELED,,,
ZJ_U51_10K_E030_N312,10000,ZJ-YQB,L6-cmsa-polygons-2021,2021,WEAK,0.013795,0,0.0,0,0.0,0,0.0,0.0,0.0,UNLABELED,UNLABELED,,,
ZJ_U51_10K_E030_N335,10000,ZJ-HZB,L1-china2015-raster30m,2015,SILVER,66.709194,0,0.0,0,0.0,0,0.0,0.0,0.0,UNLABELED,UNLABELED,,,
ZJ_U51_10K_E030_N335,10000,ZJ-HZB,L2-cmssm2020-polygons,2020,WEAK,66.709194,0,0.0,0,0.0,0,0.0,0.0,0.0,UNLABELED,UNLABELED,,,
ZJ_U51_10K_E030_N335,10000,ZJ-HZB,L3-hangzhou-mask-2015,2015,WEAK,66.709194,0,0.0,0,0.0,0,0.0,0.0,0.0,UNLABELED,UNLABELED,,,
ZJ_U51_10K_E030_N335,10000,ZJ-HZB,L4-cmsa-polygons-2019,2019,WEAK,66.709194,0,0.0,0,0.0,0,0.0,0.0,0.0,UNLABELED,UNLABELED,,,
ZJ_U51_10K_E030_N335,10000,ZJ-HZB,L5-cmsa-polygons-2020,2020,WEAK,66.709194,0,0.0,0,0.0,0,0.0,0.0,0.0,UNLABELED,UNLABELED,,,
ZJ_U51_10K_E030_N335,10000,ZJ-HZB,L6-cmsa-polygons-2021,2021,WEAK,66.709194,0,0.0,0,0.0,0,0.0,0.0,0.0,UNLABELED,UNLABELED,,,
ZJ_U51_10K_E030_N336,10000,ZJ-HZB,L1-china2015-raster30m,2015,SILVER,64.377983,263,0.2367,0,0.0,263,0.2367,0.002367,0.0,SILVER,UNLABELED,,,
ZJ_U51_10K_E030_N336,10000,ZJ-HZB,L2-cmssm2020-polygons,2020,WEAK,64.377983,0,0.0,0,0.0,0,0.0,0.0,0.0,SILVER,UNLABELED,,,
ZJ_U51_10K_E030_N336,10000,ZJ-HZB,L3-hangzhou-mask-2015,2015,WEAK,64.377983,0,0.0,0,0.0,0,0.0,0.0,0.0,SILVER,UNLABELED,,,
ZJ_U51_10K_E030_N336,10000,ZJ-HZB,L4-cmsa-polygons-2019,2019,WEAK,64.377983,0,0.0,0,0.0,0,0.0,0.0,0.0,SILVER,UNLABELED,,,
ZJ_U51_10K_E030_N336,10000,ZJ-HZB,L5-cmsa-polygons-2020,2020,WEAK,64.377983,0,0.0,0,0.0,0,0.0,0.0,0.0,SILVER,UNLABELED,,,
ZJ_U51_10K_E030_N336,10000,ZJ-HZB,L6-cmsa-polygons-2021,2021,WEAK,64.377983,0,0.0,0,0.0,0,0.0,0.0,0.0,SILVER,UNLABELED,,,
ZJ_U51_10K_E031_N309,10000,ZJ-YQB,L1-china2015-raster30m,2015,SILVER,42.753854,65,0.0585,0,0.0,65,0.0585,0.000585,0.0,SILVER,UNLABELED,,,
ZJ_U51_10K_E031_N309,10000,ZJ-YQB,L2-cmssm2020-polygons,2020,WEAK,42.753854,0,0.0,0,0.0,0,0.0,0.0,0.0,SILVER,UNLABELED,,,
ZJ_U51_10K_E031_N309,10000,ZJ-YQB,L3-hangzhou-mask-2015,2015,WEAK,42.753854,0,0.0,0,0.0,0,0.0,0.0,0.0,SILVER,UNLABELED,,,
ZJ_U51_10K_E031_N309,10000,ZJ-YQB,L4-cmsa-polygons-2019,2019,WEAK,42.753854,0,0.0,0,0.0,0,0.0,0.0,0.0,SILVER,UNLABELED,,,
ZJ_U51_10K_E031_N309,10000,ZJ-YQB,L5-cmsa-polygons-2020,2020,WEAK,42.753854,0,0.0,0,0.0,0,0.0,0.0,0.0,SILVER,UNLABELED,,,
ZJ_U51_10K_E031_N309,10000,ZJ-YQB,L6-cmsa-polygons-2021,2021,WEAK,42.753854,0,0.0,0,0.0,0,0.0,0.0,0.0,SILVER,UNLABELED,,,
ZJ_U51_10K_E031_N310,10000,ZJ-YQB,L1-china2015-raster30m,2015,SILVER,99.973322,719,0.6471,719,0.6471,0,0.0,0.006471,0.006473,SILVER,SILVER,,,
ZJ_U51_10K_E031_N310,10000,ZJ-YQB,L2-cmssm2020-polygons,2020,WEAK,99.973322,0,0.0,0,0.0,0,0.0,0.0,0.0,SILVER,SILVER,,,
ZJ_U51_10K_E031_N310,10000,ZJ-YQB,L3-hangzhou-mask-2015,2015,WEAK,99.973322,0,0.0,0,0.0,0,0.0,0.0,0.0,SILVER,SILVER,,,
ZJ_U51_10K_E031_N310,10000,ZJ-YQB,L4-cmsa-polygons-2019,2019,WEAK,99.973322,0,0.0,0,0.0,0,0.0,0.0,0.0,SILVER,SILVER,,,
ZJ_U51_10K_E031_N310,10000,ZJ-YQB,L5-cmsa-polygons-2020,2020,WEAK,99.973322,0,0.0,0,0.0,0,0.0,0.0,0.0,SILVER,SILVER,,,
ZJ_U51_10K_E031_N310,10000,ZJ-YQB,L6-cmsa-polygons-2021,2021,WEAK,99.973322,0,0.0,0,0.0,0,0.0,0.0,0.0,SILVER,SILVER,,,
ZJ_U51_10K_E031_N311,10000,ZJ-YQB,L1-china2015-raster30m,2015,SILVER,100.0,1920,1.728,1920,1.728,0,0.0,0.01728,0.01728,SILVER,SILVER,,,
ZJ_U51_10K_E031_N311,10000,ZJ-YQB,L2-cmssm2020-polygons,2020,WEAK,100.0,0,0.0,0,0.0,0,0.0,0.0,0.0,SILVER,SILVER,,,
ZJ_U51_10K_E031_N311,10000,ZJ-YQB,L3-hangzhou-mask-2015,2015,WEAK,100.0,0,0.0,0,0.0,0,0.0,0.0,0.0,SILVER,SILVER,,,
ZJ_U51_10K_E031_N311,10000,ZJ-YQB,L4-cmsa-polygons-2019,2019,WEAK,100.0,0,0.0,0,0.0,0,0.0,0.0,0.0,SILVER,SILVER,,,
ZJ_U51_10K_E031_N311,10000,ZJ-YQB,L5-cmsa-polygons-2020,2020,WEAK,100.0,0,0.0,0,0.0,0,0.0,0.0,0.0,SILVER,SILVER,,,
ZJ_U51_10K_E031_N311,10000,ZJ-YQB,L6-cmsa-polygons-2021,2021,WEAK,100.0,0,0.0,0,0.0,0,0.0,0.0,0.0,SILVER,SILVER,,,
ZJ_U51_10K_E031_N312,10000,ZJ-YQB,L1-china2015-raster30m,2015,SILVER,71.762668,4558,4.1022,4176,3.7584,382,0.3438,0.041022,0.052373,SILVER+WEAK,SILVER+WEAK,GOLD_EVIDENCE_TARGET,TEMPORAL_SILVER_2015_VS_WEAK_CMSA_2019_2021_YQB,
ZJ_U51_10K_E031_N312,10000,ZJ-YQB,L2-cmssm2020-polygons,2020,WEAK,71.762668,0,0.0,0,0.0,0,0.0,0.0,0.0,SILVER+WEAK,SILVER+WEAK,GOLD_EVIDENCE_TARGET,TEMPORAL_SILVER_2015_VS_WEAK_CMSA_2019_2021_YQB,
ZJ_U51_10K_E031_N312,10000,ZJ-YQB,L3-hangzhou-mask-2015,2015,WEAK,71.762668,0,0.0,0,0.0,0,0.0,0.0,0.0,SILVER+WEAK,SILVER+WEAK,GOLD_EVIDENCE_TARGET,TEMPORAL_SILVER_2015_VS_WEAK_CMSA_2019_2021_YQB,
ZJ_U51_10K_E031_N312,10000,ZJ-YQB,L4-cmsa-polygons-2019,2019,WEAK,71.762668,1,1.0803,1,1.0803,0,0.0,0.010803,0.015054,SILVER+WEAK,SILVER+WEAK,GOLD_EVIDENCE_TARGET,TEMPORAL_SILVER_2015_VS_WEAK_CMSA_2019_2021_YQB,
ZJ_U51_10K_E031_N312,10000,ZJ-YQB,L5-cmsa-polygons-2020,2020,WEAK,71.762668,0,0.0,0,0.0,0,0.0,0.0,0.0,SILVER+WEAK,SILVER+WEAK,GOLD_EVIDENCE_TARGET,TEMPORAL_SILVER_2015_VS_WEAK_CMSA_2019_2021_YQB,
ZJ_U51_10K_E031_N312,10000,ZJ-YQB,L6-cmsa-polygons-2021,2021,WEAK,71.762668,1,1.0942,1,1.0942,0,0.0,0.010942,0.015247,SILVER+WEAK,SILVER+WEAK,GOLD_EVIDENCE_TARGET,TEMPORAL_SILVER_2015_VS_WEAK_CMSA_2019_2021_YQB,
ZJ_U51_10K_E031_N313,10000,ZJ-YQB,L1-china2015-raster30m,2015,SILVER,15.147356,3186,2.8674,2424,2.1816,762,0.6858,0.028674,0.144025,SILVER+WEAK,SILVER+WEAK,GOLD_EVIDENCE_TARGET,TEMPORAL_SILVER_2015_VS_WEAK_CMSA_2019_2021_YQB,
ZJ_U51_10K_E031_N313,10000,ZJ-YQB,L2-cmssm2020-polygons,2020,WEAK,15.147356,0,0.0,0,0.0,0,0.0,0.0,0.0,SILVER+WEAK,SILVER+WEAK,GOLD_EVIDENCE_TARGET,TEMPORAL_SILVER_2015_VS_WEAK_CMSA_2019_2021_YQB,
ZJ_U51_10K_E031_N313,10000,ZJ-YQB,L3-hangzhou-mask-2015,2015,WEAK,15.147356,0,0.0,0,0.0,0,0.0,0.0,0.0,SILVER+WEAK,SILVER+WEAK,GOLD_EVIDENCE_TARGET,TEMPORAL_SILVER_2015_VS_WEAK_CMSA_2019_2021_YQB,
ZJ_U51_10K_E031_N313,10000,ZJ-YQB,L4-cmsa-polygons-2019,2019,WEAK,15.147356,4,2.1778,4,1.9432,2,0.2346,0.021778,0.128286,SILVER+WEAK,SILVER+WEAK,GOLD_EVIDENCE_TARGET,TEMPORAL_SILVER_2015_VS_WEAK_CMSA_2019_2021_YQB,
ZJ_U51_10K_E031_N313,10000,ZJ-YQB,L5-cmsa-polygons-2020,2020,WEAK,15.147356,17,0.997,14,0.7871,10,0.2099,0.00997,0.051963,SILVER+WEAK,SILVER+WEAK,GOLD_EVIDENCE_TARGET,TEMPORAL_SILVER_2015_VS_WEAK_CMSA_2019_2021_YQB,
ZJ_U51_10K_E031_N313,10000,ZJ-YQB,L6-cmsa-polygons-2021,2021,WEAK,15.147356,8,2.0849,6,1.9125,4,0.1723,0.020849,0.12626,SILVER+WEAK,SILVER+WEAK,GOLD_EVIDENCE_TARGET,TEMPORAL_SILVER_2015_VS_WEAK_CMSA_2019_2021_YQB,
ZJ_U51_10K_E031_N334,10000,ZJ-HZB,L1-china2015-raster30m,2015,SILVER,17.775147,0,0.0,0,0.0,0,0.0,0.0,0.0,UNLABELED,UNLABELED,,,
ZJ_U51_10K_E031_N334,10000,ZJ-HZB,L2-cmssm2020-polygons,2020,WEAK,17.775147,0,0.0,0,0.0,0,0.0,0.0,0.0,UNLABELED,UNLABELED,,,
ZJ_U51_10K_E031_N334,10000,ZJ-HZB,L3-hangzhou-mask-2015,2015,WEAK,17.775147,0,0.0,0,0.0,0,0.0,0.0,0.0,UNLABELED,UNLABELED,,,
ZJ_U51_10K_E031_N334,10000,ZJ-HZB,L4-cmsa-polygons-2019,2019,WEAK,17.775147,0,0.0,0,0.0,0,0.0,0.0,0.0,UNLABELED,UNLABELED,,,
ZJ_U51_10K_E031_N334,10000,ZJ-HZB,L5-cmsa-polygons-2020,2020,WEAK,17.775147,0,0.0,0,0.0,0,0.0,0.0,0.0,UNLABELED,UNLABELED,,,
ZJ_U51_10K_E031_N334,10000,ZJ-HZB,L6-cmsa-polygons-2021,2021,WEAK,17.775147,0,0.0,0,0.0,0,0.0,0.0,0.0,UNLABELED,UNLABELED,,,
ZJ_U51_10K_E031_N335,10000,ZJ-HZB,L1-china2015-raster30m,2015,SILVER,99.352281,474,0.4266,474,0.4266,0,0.0,0.004266,0.004294,SILVER+WEAK,SILVER+WEAK,GOLD_EVIDENCE_TARGET,DISAGREEMENT_SILVER_2015_VS_WEAK_2015_HZB,
ZJ_U51_10K_E031_N335,10000,ZJ-HZB,L2-cmssm2020-polygons,2020,WEAK,99.352281,0,0.0,0,0.0,0,0.0,0.0,0.0,SILVER+WEAK,SILVER+WEAK,GOLD_EVIDENCE_TARGET,DISAGREEMENT_SILVER_2015_VS_WEAK_2015_HZB,
ZJ_U51_10K_E031_N335,10000,ZJ-HZB,L3-hangzhou-mask-2015,2015,WEAK,99.352281,4230,3.7972,4230,3.7972,0,0.0,0.037972,0.03822,SILVER+WEAK,SILVER+WEAK,GOLD_EVIDENCE_TARGET,DISAGREEMENT_SILVER_2015_VS_WEAK_2015_HZB,
ZJ_U51_10K_E031_N335,10000,ZJ-HZB,L4-cmsa-polygons-2019,2019,WEAK,99.352281,0,0.0,0,0.0,0,0.0,0.0,0.0,SILVER+WEAK,SILVER+WEAK,GOLD_EVIDENCE_TARGET,DISAGREEMENT_SILVER_2015_VS_WEAK_2015_HZB,
ZJ_U51_10K_E031_N335,10000,ZJ-HZB,L5-cmsa-polygons-2020,2020,WEAK,99.352281,0,0.0,0,0.0,0,0.0,0.0,0.0,SILVER+WEAK,SILVER+WEAK,GOLD_EVIDENCE_TARGET,DISAGREEMENT_SILVER_2015_VS_WEAK_2015_HZB,
ZJ_U51_10K_E031_N335,10000,ZJ-HZB,L6-cmsa-polygons-2021,2021,WEAK,99.352281,0,0.0,0,0.0,0,0.0,0.0,0.0,SILVER+WEAK,SILVER+WEAK,GOLD_EVIDENCE_TARGET,DISAGREEMENT_SILVER_2015_VS_WEAK_2015_HZB,
ZJ_U51_10K_E031_N336,10000,ZJ-HZB,L1-china2015-raster30m,2015,SILVER,99.685189,0,0.0,0,0.0,0,0.0,0.0,0.0,UNLABELED,UNLABELED,,,
ZJ_U51_10K_E031_N336,10000,ZJ-HZB,L2-cmssm2020-polygons,2020,WEAK,99.685189,0,0.0,0,0.0,0,0.0,0.0,0.0,UNLABELED,UNLABELED,,,
ZJ_U51_10K_E031_N336,10000,ZJ-HZB,L3-hangzhou-mask-2015,2015,WEAK,99.685189,0,0.0,0,0.0,0,0.0,0.0,0.0,UNLABELED,UNLABELED,,,
ZJ_U51_10K_E031_N336,10000,ZJ-HZB,L4-cmsa-polygons-2019,2019,WEAK,99.685189,0,0.0,0,0.0,0,0.0,0.0,0.0,UNLABELED,UNLABELED,,,
ZJ_U51_10K_E031_N336,10000,ZJ-HZB,L5-cmsa-polygons-2020,2020,WEAK,99.685189,0,0.0,0,0.0,0,0.0,0.0,0.0,UNLABELED,UNLABELED,,,
ZJ_U51_10K_E031_N336,10000,ZJ-HZB,L6-cmsa-polygons-2021,2021,WEAK,99.685189,0,0.0,0,0.0,0,0.0,0.0,0.0,UNLABELED,UNLABELED,,,
ZJ_U51_10K_E031_N337,10000,ZJ-HZB,L1-china2015-raster30m,2015,SILVER,23.741965,0,0.0,0,0.0,0,0.0,0.0,0.0,UNLABELED,UNLABELED,,,
ZJ_U51_10K_E031_N337,10000,ZJ-HZB,L2-cmssm2020-polygons,2020,WEAK,23.741965,0,0.0,0,0.0,0,0.0,0.0,0.0,UNLABELED,UNLABELED,,,
ZJ_U51_10K_E031_N337,10000,ZJ-HZB,L3-hangzhou-mask-2015,2015,WEAK,23.741965,0,0.0,0,0.0,0,0.0,0.0,0.0,UNLABELED,UNLABELED,,,
ZJ_U51_10K_E031_N337,10000,ZJ-HZB,L4-cmsa-polygons-2019,2019,WEAK,23.741965,0,0.0,0,0.0,0,0.0,0.0,0.0,UNLABELED,UNLABELED,,,
ZJ_U51_10K_E031_N337,10000,ZJ-HZB,L5-cmsa-polygons-2020,2020,WEAK,23.741965,0,0.0,0,0.0,0,0.0,0.0,0.0,UNLABELED,UNLABELED,,,
ZJ_U51_10K_E031_N337,10000,ZJ-HZB,L6-cmsa-polygons-2021,2021,WEAK,23.741965,0,0.0,0,0.0,0,0.0,0.0,0.0,UNLABELED,UNLABELED,,,
ZJ_U51_10K_E032_N310,10000,ZJ-YQB,L1-china2015-raster30m,2015,SILVER,27.540297,0,0.0,0,0.0,0,0.0,0.0,0.0,UNLABELED,UNLABELED,,,
ZJ_U51_10K_E032_N310,10000,ZJ-YQB,L2-cmssm2020-polygons,2020,WEAK,27.540297,0,0.0,0,0.0,0,0.0,0.0,0.0,UNLABELED,UNLABELED,,,
ZJ_U51_10K_E032_N310,10000,ZJ-YQB,L3-hangzhou-mask-2015,2015,WEAK,27.540297,0,0.0,0,0.0,0,0.0,0.0,0.0,UNLABELED,UNLABELED,,,
ZJ_U51_10K_E032_N310,10000,ZJ-YQB,L4-cmsa-polygons-2019,2019,WEAK,27.540297,0,0.0,0,0.0,0,0.0,0.0,0.0,UNLABELED,UNLABELED,,,
ZJ_U51_10K_E032_N310,10000,ZJ-YQB,L5-cmsa-polygons-2020,2020,WEAK,27.540297,0,0.0,0,0.0,0,0.0,0.0,0.0,UNLABELED,UNLABELED,,,
ZJ_U51_10K_E032_N310,10000,ZJ-YQB,L6-cmsa-polygons-2021,2021,WEAK,27.540297,0,0.0,0,0.0,0,0.0,0.0,0.0,UNLABELED,UNLABELED,,,
ZJ_U51_10K_E032_N311,10000,ZJ-YQB,L1-china2015-raster30m,2015,SILVER,38.288899,2396,2.1564,1942,1.7478,454,0.4086,0.021564,0.045648,SILVER,SILVER,,,
ZJ_U51_10K_E032_N311,10000,ZJ-YQB,L2-cmssm2020-polygons,2020,WEAK,38.288899,0,0.0,0,0.0,0,0.0,0.0,0.0,SILVER,SILVER,,,
ZJ_U51_10K_E032_N311,10000,ZJ-YQB,L3-hangzhou-mask-2015,2015,WEAK,38.288899,0,0.0,0,0.0,0,0.0,0.0,0.0,SILVER,SILVER,,,
ZJ_U51_10K_E032_N311,10000,ZJ-YQB,L4-cmsa-polygons-2019,2019,WEAK,38.288899,0,0.0,0,0.0,0,0.0,0.0,0.0,SILVER,SILVER,,,
ZJ_U51_10K_E032_N311,10000,ZJ-YQB,L5-cmsa-polygons-2020,2020,WEAK,38.288899,0,0.0,0,0.0,0,0.0,0.0,0.0,SILVER,SILVER,,,
ZJ_U51_10K_E032_N311,10000,ZJ-YQB,L6-cmsa-polygons-2021,2021,WEAK,38.288899,0,0.0,0,0.0,0,0.0,0.0,0.0,SILVER,SILVER,,,
ZJ_U51_10K_E032_N312,10000,ZJ-YQB,L1-china2015-raster30m,2015,SILVER,37.727628,4431,3.9879,1224,1.1016,3207,2.8863,0.039879,0.029199,SILVER+WEAK,SILVER+WEAK,GOLD_EVIDENCE_TARGET,TEMPORAL_SILVER_2015_VS_WEAK_CMSA_2019_2021_YQB,
ZJ_U51_10K_E032_N312,10000,ZJ-YQB,L2-cmssm2020-polygons,2020,WEAK,37.727628,0,0.0,0,0.0,0,0.0,0.0,0.0,SILVER+WEAK,SILVER+WEAK,GOLD_EVIDENCE_TARGET,TEMPORAL_SILVER_2015_VS_WEAK_CMSA_2019_2021_YQB,
ZJ_U51_10K_E032_N312,10000,ZJ-YQB,L3-hangzhou-mask-2015,2015,WEAK,37.727628,0,0.0,0,0.0,0,0.0,0.0,0.0,SILVER+WEAK,SILVER+WEAK,GOLD_EVIDENCE_TARGET,TEMPORAL_SILVER_2015_VS_WEAK_CMSA_2019_2021_YQB,
ZJ_U51_10K_E032_N312,10000,ZJ-YQB,L4-cmsa-polygons-2019,2019,WEAK,37.727628,1,0.0586,1,0.0586,0,0.0,0.000586,0.001553,SILVER+WEAK,SILVER+WEAK,GOLD_EVIDENCE_TARGET,TEMPORAL_SILVER_2015_VS_WEAK_CMSA_2019_2021_YQB,
ZJ_U51_10K_E032_N312,10000,ZJ-YQB,L5-cmsa-polygons-2020,2020,WEAK,37.727628,0,0.0,0,0.0,0,0.0,0.0,0.0,SILVER+WEAK,SILVER+WEAK,GOLD_EVIDENCE_TARGET,TEMPORAL_SILVER_2015_VS_WEAK_CMSA_2019_2021_YQB,
ZJ_U51_10K_E032_N312,10000,ZJ-YQB,L6-cmsa-polygons-2021,2021,WEAK,37.727628,1,0.0836,1,0.0836,0,0.0,0.000836,0.002216,SILVER+WEAK,SILVER+WEAK,GOLD_EVIDENCE_TARGET,TEMPORAL_SILVER_2015_VS_WEAK_CMSA_2019_2021_YQB,
ZJ_U51_10K_E032_N313,10000,ZJ-YQB,L1-china2015-raster30m,2015,SILVER,34.796685,7774,6.9966,6860,6.174,914,0.8226,0.069966,0.177431,SILVER+WEAK,SILVER+WEAK,GOLD_EVIDENCE_TARGET,TEMPORAL_SILVER_2015_VS_WEAK_CMSA_2019_2021_YQB|PRE_REGISTERED_FIELD_UAV_TARGET_YQB_TEMPORAL,RESERVED_FOR_GOLDSET
ZJ_U51_10K_E032_N313,10000,ZJ-YQB,L2-cmssm2020-polygons,2020,WEAK,34.796685,0,0.0,0,0.0,0,0.0,0.0,0.0,SILVER+WEAK,SILVER+WEAK,GOLD_EVIDENCE_TARGET,TEMPORAL_SILVER_2015_VS_WEAK_CMSA_2019_2021_YQB|PRE_REGISTERED_FIELD_UAV_TARGET_YQB_TEMPORAL,RESERVED_FOR_GOLDSET
ZJ_U51_10K_E032_N313,10000,ZJ-YQB,L3-hangzhou-mask-2015,2015,WEAK,34.796685,0,0.0,0,0.0,0,0.0,0.0,0.0,SILVER+WEAK,SILVER+WEAK,GOLD_EVIDENCE_TARGET,TEMPORAL_SILVER_2015_VS_WEAK_CMSA_2019_2021_YQB|PRE_REGISTERED_FIELD_UAV_TARGET_YQB_TEMPORAL,RESERVED_FOR_GOLDSET
ZJ_U51_10K_E032_N313,10000,ZJ-YQB,L4-cmsa-polygons-2019,2019,WEAK,34.796685,76,5.925,49,5.7317,28,0.1934,0.05925,0.16472,SILVER+WEAK,SILVER+WEAK,GOLD_EVIDENCE_TARGET,TEMPORAL_SILVER_2015_VS_WEAK_CMSA_2019_2021_YQB|PRE_REGISTERED_FIELD_UAV_TARGET_YQB_TEMPORAL,RESERVED_FOR_GOLDSET
ZJ_U51_10K_E032_N313,10000,ZJ-YQB,L5-cmsa-polygons-2020,2020,WEAK,34.796685,177,3.8325,148,3.5884,31,0.244,0.038325,0.103125,SILVER+WEAK,SILVER+WEAK,GOLD_EVIDENCE_TARGET,TEMPORAL_SILVER_2015_VS_WEAK_CMSA_2019_2021_YQB|PRE_REGISTERED_FIELD_UAV_TARGET_YQB_TEMPORAL,RESERVED_FOR_GOLDSET
ZJ_U51_10K_E032_N313,10000,ZJ-YQB,L6-cmsa-polygons-2021,2021,WEAK,34.796685,100,6.1505,76,5.9821,25,0.1686,0.061505,0.171916,SILVER+WEAK,SILVER+WEAK,GOLD_EVIDENCE_TARGET,TEMPORAL_SILVER_2015_VS_WEAK_CMSA_2019_2021_YQB|PRE_REGISTERED_FIELD_UAV_TARGET_YQB_TEMPORAL,RESERVED_FOR_GOLDSET
ZJ_U51_10K_E032_N314,10000,ZJ-YQB,L1-china2015-raster30m,2015,SILVER,3.413257,293,0.2637,271,0.2439,22,0.0198,0.002637,0.071457,SILVER+WEAK,SILVER+WEAK,GOLD_EVIDENCE_TARGET,TEMPORAL_SILVER_2015_VS_WEAK_CMSA_2019_2021_YQB,
ZJ_U51_10K_E032_N314,10000,ZJ-YQB,L2-cmssm2020-polygons,2020,WEAK,3.413257,0,0.0,0,0.0,0,0.0,0.0,0.0,SILVER+WEAK,SILVER+WEAK,GOLD_EVIDENCE_TARGET,TEMPORAL_SILVER_2015_VS_WEAK_CMSA_2019_2021_YQB,
ZJ_U51_10K_E032_N314,10000,ZJ-YQB,L3-hangzhou-mask-2015,2015,WEAK,3.413257,0,0.0,0,0.0,0,0.0,0.0,0.0,SILVER+WEAK,SILVER+WEAK,GOLD_EVIDENCE_TARGET,TEMPORAL_SILVER_2015_VS_WEAK_CMSA_2019_2021_YQB,
ZJ_U51_10K_E032_N314,10000,ZJ-YQB,L4-cmsa-polygons-2019,2019,WEAK,3.413257,2,0.0162,2,0.016,0,0.0,0.000162,0.004688,SILVER+WEAK,SILVER+WEAK,GOLD_EVIDENCE_TARGET,TEMPORAL_SILVER_2015_VS_WEAK_CMSA_2019_2021_YQB,
ZJ_U51_10K_E032_N314,10000,ZJ-YQB,L5-cmsa-polygons-2020,2020,WEAK,3.413257,0,0.0,0,0.0,0,0.0,0.0,0.0,SILVER+WEAK,SILVER+WEAK,GOLD_EVIDENCE_TARGET,TEMPORAL_SILVER_2015_VS_WEAK_CMSA_2019_2021_YQB,
ZJ_U51_10K_E032_N314,10000,ZJ-YQB,L6-cmsa-polygons-2021,2021,WEAK,3.413257,2,0.0474,2,0.0473,0,0.0,0.000474,0.013858,SILVER+WEAK,SILVER+WEAK,GOLD_EVIDENCE_TARGET,TEMPORAL_SILVER_2015_VS_WEAK_CMSA_2019_2021_YQB,
ZJ_U51_10K_E032_N334,10000,ZJ-HZB,L1-china2015-raster30m,2015,SILVER,67.545663,0,0.0,0,0.0,0,0.0,0.0,0.0,UNLABELED,UNLABELED,,,
ZJ_U51_10K_E032_N334,10000,ZJ-HZB,L2-cmssm2020-polygons,2020,WEAK,67.545663,0,0.0,0,0.0,0,0.0,0.0,0.0,UNLABELED,UNLABELED,,,
ZJ_U51_10K_E032_N334,10000,ZJ-HZB,L3-hangzhou-mask-2015,2015,WEAK,67.545663,0,0.0,0,0.0,0,0.0,0.0,0.0,UNLABELED,UNLABELED,,,
ZJ_U51_10K_E032_N334,10000,ZJ-HZB,L4-cmsa-polygons-2019,2019,WEAK,67.545663,0,0.0,0,0.0,0,0.0,0.0,0.0,UNLABELED,UNLABELED,,,
ZJ_U51_10K_E032_N334,10000,ZJ-HZB,L5-cmsa-polygons-2020,2020,WEAK,67.545663,0,0.0,0,0.0,0,0.0,0.0,0.0,UNLABELED,UNLABELED,,,
ZJ_U51_10K_E032_N334,10000,ZJ-HZB,L6-cmsa-polygons-2021,2021,WEAK,67.545663,0,0.0,0,0.0,0,0.0,0.0,0.0,UNLABELED,UNLABELED,,,
ZJ_U51_10K_E032_N335,10000,ZJ-HZB,L1-china2015-raster30m,2015,SILVER,100.0,0,0.0,0,0.0,0,0.0,0.0,0.0,WEAK,WEAK,GOLD_EVIDENCE_TARGET,WEAK_ONLY_EVIDENCE_UPGRADE_TARGET,
ZJ_U51_10K_E032_N335,10000,ZJ-HZB,L2-cmssm2020-polygons,2020,WEAK,100.0,0,0.0,0,0.0,0,0.0,0.0,0.0,WEAK,WEAK,GOLD_EVIDENCE_TARGET,WEAK_ONLY_EVIDENCE_UPGRADE_TARGET,
ZJ_U51_10K_E032_N335,10000,ZJ-HZB,L3-hangzhou-mask-2015,2015,WEAK,100.0,976,0.8761,976,0.8761,0,0.0,0.008761,0.008761,WEAK,WEAK,GOLD_EVIDENCE_TARGET,WEAK_ONLY_EVIDENCE_UPGRADE_TARGET,
ZJ_U51_10K_E032_N335,10000,ZJ-HZB,L4-cmsa-polygons-2019,2019,WEAK,100.0,0,0.0,0,0.0,0,0.0,0.0,0.0,WEAK,WEAK,GOLD_EVIDENCE_TARGET,WEAK_ONLY_EVIDENCE_UPGRADE_TARGET,
ZJ_U51_10K_E032_N335,10000,ZJ-HZB,L5-cmsa-polygons-2020,2020,WEAK,100.0,0,0.0,0,0.0,0,0.0,0.0,0.0,WEAK,WEAK,GOLD_EVIDENCE_TARGET,WEAK_ONLY_EVIDENCE_UPGRADE_TARGET,
ZJ_U51_10K_E032_N335,10000,ZJ-HZB,L6-cmsa-polygons-2021,2021,WEAK,100.0,0,0.0,0,0.0,0,0.0,0.0,0.0,WEAK,WEAK,GOLD_EVIDENCE_TARGET,WEAK_ONLY_EVIDENCE_UPGRADE_TARGET,
ZJ_U51_10K_E032_N336,10000,ZJ-HZB,L1-china2015-raster30m,2015,SILVER,100.0,1505,1.3545,1505,1.3545,0,0.0,0.013545,0.013545,SILVER+WEAK,SILVER+WEAK,GOLD_EVIDENCE_TARGET,DISAGREEMENT_SILVER_2015_VS_WEAK_2015_HZB,
ZJ_U51_10K_E032_N336,10000,ZJ-HZB,L2-cmssm2020-polygons,2020,WEAK,100.0,0,0.0,0,0.0,0,0.0,0.0,0.0,SILVER+WEAK,SILVER+WEAK,GOLD_EVIDENCE_TARGET,DISAGREEMENT_SILVER_2015_VS_WEAK_2015_HZB,
ZJ_U51_10K_E032_N336,10000,ZJ-HZB,L3-hangzhou-mask-2015,2015,WEAK,100.0,1001,0.8986,1001,0.8986,0,0.0,0.008986,0.008986,SILVER+WEAK,SILVER+WEAK,GOLD_EVIDENCE_TARGET,DISAGREEMENT_SILVER_2015_VS_WEAK_2015_HZB,
ZJ_U51_10K_E032_N336,10000,ZJ-HZB,L4-cmsa-polygons-2019,2019,WEAK,100.0,0,0.0,0,0.0,0,0.0,0.0,0.0,SILVER+WEAK,SILVER+WEAK,GOLD_EVIDENCE_TARGET,DISAGREEMENT_SILVER_2015_VS_WEAK_2015_HZB,
ZJ_U51_10K_E032_N336,10000,ZJ-HZB,L5-cmsa-polygons-2020,2020,WEAK,100.0,0,0.0,0,0.0,0,0.0,0.0,0.0,SILVER+WEAK,SILVER+WEAK,GOLD_EVIDENCE_TARGET,DISAGREEMENT_SILVER_2015_VS_WEAK_2015_HZB,
ZJ_U51_10K_E032_N336,10000,ZJ-HZB,L6-cmsa-polygons-2021,2021,WEAK,100.0,0,0.0,0,0.0,0,0.0,0.0,0.0,SILVER+WEAK,SILVER+WEAK,GOLD_EVIDENCE_TARGET,DISAGREEMENT_SILVER_2015_VS_WEAK_2015_HZB,
ZJ_U51_10K_E032_N337,10000,ZJ-HZB,L1-china2015-raster30m,2015,SILVER,81.256817,0,0.0,0,0.0,0,0.0,0.0,0.0,UNLABELED,UNLABELED,,,
ZJ_U51_10K_E032_N337,10000,ZJ-HZB,L2-cmssm2020-polygons,2020,WEAK,81.256817,0,0.0,0,0.0,0,0.0,0.0,0.0,UNLABELED,UNLABELED,,,
ZJ_U51_10K_E032_N337,10000,ZJ-HZB,L3-hangzhou-mask-2015,2015,WEAK,81.256817,0,0.0,0,0.0,0,0.0,0.0,0.0,UNLABELED,UNLABELED,,,
ZJ_U51_10K_E032_N337,10000,ZJ-HZB,L4-cmsa-polygons-2019,2019,WEAK,81.256817,0,0.0,0,0.0,0,0.0,0.0,0.0,UNLABELED,UNLABELED,,,
ZJ_U51_10K_E032_N337,10000,ZJ-HZB,L5-cmsa-polygons-2020,2020,WEAK,81.256817,0,0.0,0,0.0,0,0.0,0.0,0.0,UNLABELED,UNLABELED,,,
ZJ_U51_10K_E032_N337,10000,ZJ-HZB,L6-cmsa-polygons-2021,2021,WEAK,81.256817,0,0.0,0,0.0,0,0.0,0.0,0.0,UNLABELED,UNLABELED,,,
ZJ_U51_10K_E032_N338,10000,ZJ-HZB,L1-china2015-raster30m,2015,SILVER,1.219508,0,0.0,0,0.0,0,0.0,0.0,0.0,UNLABELED,UNLABELED,,,
ZJ_U51_10K_E032_N338,10000,ZJ-HZB,L2-cmssm2020-polygons,2020,WEAK,1.219508,0,0.0,0,0.0,0,0.0,0.0,0.0,UNLABELED,UNLABELED,,,
ZJ_U51_10K_E032_N338,10000,ZJ-HZB,L3-hangzhou-mask-2015,2015,WEAK,1.219508,0,0.0,0,0.0,0,0.0,0.0,0.0,UNLABELED,UNLABELED,,,
ZJ_U51_10K_E032_N338,10000,ZJ-HZB,L4-cmsa-polygons-2019,2019,WEAK,1.219508,0,0.0,0,0.0,0,0.0,0.0,0.0,UNLABELED,UNLABELED,,,
ZJ_U51_10K_E032_N338,10000,ZJ-HZB,L5-cmsa-polygons-2020,2020,WEAK,1.219508,0,0.0,0,0.0,0,0.0,0.0,0.0,UNLABELED,UNLABELED,,,
ZJ_U51_10K_E032_N338,10000,ZJ-HZB,L6-cmsa-polygons-2021,2021,WEAK,1.219508,0,0.0,0,0.0,0,0.0,0.0,0.0,UNLABELED,UNLABELED,,,
ZJ_U51_10K_E033_N333,10000,ZJ-HZB,L1-china2015-raster30m,2015,SILVER,18.484476,0,0.0,0,0.0,0,0.0,0.0,0.0,UNLABELED,UNLABELED,,,
ZJ_U51_10K_E033_N333,10000,ZJ-HZB,L2-cmssm2020-polygons,2020,WEAK,18.484476,0,0.0,0,0.0,0,0.0,0.0,0.0,UNLABELED,UNLABELED,,,
ZJ_U51_10K_E033_N333,10000,ZJ-HZB,L3-hangzhou-mask-2015,2015,WEAK,18.484476,0,0.0,0,0.0,0,0.0,0.0,0.0,UNLABELED,UNLABELED,,,
ZJ_U51_10K_E033_N333,10000,ZJ-HZB,L4-cmsa-polygons-2019,2019,WEAK,18.484476,0,0.0,0,0.0,0,0.0,0.0,0.0,UNLABELED,UNLABELED,,,
ZJ_U51_10K_E033_N333,10000,ZJ-HZB,L5-cmsa-polygons-2020,2020,WEAK,18.484476,0,0.0,0,0.0,0,0.0,0.0,0.0,UNLABELED,UNLABELED,,,
ZJ_U51_10K_E033_N333,10000,ZJ-HZB,L6-cmsa-polygons-2021,2021,WEAK,18.484476,0,0.0,0,0.0,0,0.0,0.0,0.0,UNLABELED,UNLABELED,,,
ZJ_U51_10K_E033_N334,10000,ZJ-HZB,L1-china2015-raster30m,2015,SILVER,99.479422,0,0.0,0,0.0,0,0.0,0.0,0.0,UNLABELED,UNLABELED,,,
ZJ_U51_10K_E033_N334,10000,ZJ-HZB,L2-cmssm2020-polygons,2020,WEAK,99.479422,0,0.0,0,0.0,0,0.0,0.0,0.0,UNLABELED,UNLABELED,,,
ZJ_U51_10K_E033_N334,10000,ZJ-HZB,L3-hangzhou-mask-2015,2015,WEAK,99.479422,0,0.0,0,0.0,0,0.0,0.0,0.0,UNLABELED,UNLABELED,,,
ZJ_U51_10K_E033_N334,10000,ZJ-HZB,L4-cmsa-polygons-2019,2019,WEAK,99.479422,0,0.0,0,0.0,0,0.0,0.0,0.0,UNLABELED,UNLABELED,,,
ZJ_U51_10K_E033_N334,10000,ZJ-HZB,L5-cmsa-polygons-2020,2020,WEAK,99.479422,0,0.0,0,0.0,0,0.0,0.0,0.0,UNLABELED,UNLABELED,,,
ZJ_U51_10K_E033_N334,10000,ZJ-HZB,L6-cmsa-polygons-2021,2021,WEAK,99.479422,0,0.0,0,0.0,0,0.0,0.0,0.0,UNLABELED,UNLABELED,,,
ZJ_U51_10K_E033_N335,10000,ZJ-HZB,L1-china2015-raster30m,2015,SILVER,100.0,0,0.0,0,0.0,0,0.0,0.0,0.0,UNLABELED,UNLABELED,,,
ZJ_U51_10K_E033_N335,10000,ZJ-HZB,L2-cmssm2020-polygons,2020,WEAK,100.0,0,0.0,0,0.0,0,0.0,0.0,0.0,UNLABELED,UNLABELED,,,
ZJ_U51_10K_E033_N335,10000,ZJ-HZB,L3-hangzhou-mask-2015,2015,WEAK,100.0,0,0.0,0,0.0,0,0.0,0.0,0.0,UNLABELED,UNLABELED,,,
ZJ_U51_10K_E033_N335,10000,ZJ-HZB,L4-cmsa-polygons-2019,2019,WEAK,100.0,0,0.0,0,0.0,0,0.0,0.0,0.0,UNLABELED,UNLABELED,,,
ZJ_U51_10K_E033_N335,10000,ZJ-HZB,L5-cmsa-polygons-2020,2020,WEAK,100.0,0,0.0,0,0.0,0,0.0,0.0,0.0,UNLABELED,UNLABELED,,,
ZJ_U51_10K_E033_N335,10000,ZJ-HZB,L6-cmsa-polygons-2021,2021,WEAK,100.0,0,0.0,0,0.0,0,0.0,0.0,0.0,UNLABELED,UNLABELED,,,
ZJ_U51_10K_E033_N336,10000,ZJ-HZB,L1-china2015-raster30m,2015,SILVER,100.0,8394,7.5546,8394,7.5546,0,0.0,0.075546,0.075546,SILVER+WEAK,SILVER+WEAK,GOLD_EVIDENCE_TARGET,DISAGREEMENT_SILVER_2015_VS_WEAK_2015_HZB|PRE_REGISTERED_FIELD_UAV_TARGET_HZB_DISAGREEMENT,RESERVED_FOR_GOLDSET
ZJ_U51_10K_E033_N336,10000,ZJ-HZB,L2-cmssm2020-polygons,2020,WEAK,100.0,0,0.0,0,0.0,0,0.0,0.0,0.0,SILVER+WEAK,SILVER+WEAK,GOLD_EVIDENCE_TARGET,DISAGREEMENT_SILVER_2015_VS_WEAK_2015_HZB|PRE_REGISTERED_FIELD_UAV_TARGET_HZB_DISAGREEMENT,RESERVED_FOR_GOLDSET
ZJ_U51_10K_E033_N336,10000,ZJ-HZB,L3-hangzhou-mask-2015,2015,WEAK,100.0,6678,5.9948,6678,5.9948,0,0.0,0.059948,0.059948,SILVER+WEAK,SILVER+WEAK,GOLD_EVIDENCE_TARGET,DISAGREEMENT_SILVER_2015_VS_WEAK_2015_HZB|PRE_REGISTERED_FIELD_UAV_TARGET_HZB_DISAGREEMENT,RESERVED_FOR_GOLDSET
ZJ_U51_10K_E033_N336,10000,ZJ-HZB,L4-cmsa-polygons-2019,2019,WEAK,100.0,0,0.0,0,0.0,0,0.0,0.0,0.0,SILVER+WEAK,SILVER+WEAK,GOLD_EVIDENCE_TARGET,DISAGREEMENT_SILVER_2015_VS_WEAK_2015_HZB|PRE_REGISTERED_FIELD_UAV_TARGET_HZB_DISAGREEMENT,RESERVED_FOR_GOLDSET
ZJ_U51_10K_E033_N336,10000,ZJ-HZB,L5-cmsa-polygons-2020,2020,WEAK,100.0,0,0.0,0,0.0,0,0.0,0.0,0.0,SILVER+WEAK,SILVER+WEAK,GOLD_EVIDENCE_TARGET,DISAGREEMENT_SILVER_2015_VS_WEAK_2015_HZB|PRE_REGISTERED_FIELD_UAV_TARGET_HZB_DISAGREEMENT,RESERVED_FOR_GOLDSET
ZJ_U51_10K_E033_N336,10000,ZJ-HZB,L6-cmsa-polygons-2021,2021,WEAK,100.0,0,0.0,0,0.0,0,0.0,0.0,0.0,SILVER+WEAK,SILVER+WEAK,GOLD_EVIDENCE_TARGET,DISAGREEMENT_SILVER_2015_VS_WEAK_2015_HZB|PRE_REGISTERED_FIELD_UAV_TARGET_HZB_DISAGREEMENT,RESERVED_FOR_GOLDSET
ZJ_U51_10K_E033_N337,10000,ZJ-HZB,L1-china2015-raster30m,2015,SILVER,100.0,0,0.0,0,0.0,0,0.0,0.0,0.0,UNLABELED,UNLABELED,,,
ZJ_U51_10K_E033_N337,10000,ZJ-HZB,L2-cmssm2020-polygons,2020,WEAK,100.0,0,0.0,0,0.0,0,0.0,0.0,0.0,UNLABELED,UNLABELED,,,
ZJ_U51_10K_E033_N337,10000,ZJ-HZB,L3-hangzhou-mask-2015,2015,WEAK,100.0,0,0.0,0,0.0,0,0.0,0.0,0.0,UNLABELED,UNLABELED,,,
ZJ_U51_10K_E033_N337,10000,ZJ-HZB,L4-cmsa-polygons-2019,2019,WEAK,100.0,0,0.0,0,0.0,0,0.0,0.0,0.0,UNLABELED,UNLABELED,,,
ZJ_U51_10K_E033_N337,10000,ZJ-HZB,L5-cmsa-polygons-2020,2020,WEAK,100.0,0,0.0,0,0.0,0,0.0,0.0,0.0,UNLABELED,UNLABELED,,,
ZJ_U51_10K_E033_N337,10000,ZJ-HZB,L6-cmsa-polygons-2021,2021,WEAK,100.0,0,0.0,0,0.0,0,0.0,0.0,0.0,UNLABELED,UNLABELED,,,
ZJ_U51_10K_E033_N338,10000,ZJ-HZB,L1-china2015-raster30m,2015,SILVER,41.525496,0,0.0,0,0.0,0,0.0,0.0,0.0,UNLABELED,UNLABELED,,,
ZJ_U51_10K_E033_N338,10000,ZJ-HZB,L2-cmssm2020-polygons,2020,WEAK,41.525496,0,0.0,0,0.0,0,0.0,0.0,0.0,UNLABELED,UNLABELED,,,
ZJ_U51_10K_E033_N338,10000,ZJ-HZB,L3-hangzhou-mask-2015,2015,WEAK,41.525496,0,0.0,0,0.0,0,0.0,0.0,0.0,UNLABELED,UNLABELED,,,
ZJ_U51_10K_E033_N338,10000,ZJ-HZB,L4-cmsa-polygons-2019,2019,WEAK,41.525496,0,0.0,0,0.0,0,0.0,0.0,0.0,UNLABELED,UNLABELED,,,
ZJ_U51_10K_E033_N338,10000,ZJ-HZB,L5-cmsa-polygons-2020,2020,WEAK,41.525496,0,0.0,0,0.0,0,0.0,0.0,0.0,UNLABELED,UNLABELED,,,
ZJ_U51_10K_E033_N338,10000,ZJ-HZB,L6-cmsa-polygons-2021,2021,WEAK,41.525496,0,0.0,0,0.0,0,0.0,0.0,0.0,UNLABELED,UNLABELED,,,
ZJ_U51_10K_E034_N320,10000,ZJ-SMB,L1-china2015-raster30m,2015,SILVER,39.240468,0,0.0,0,0.0,0,0.0,0.0,0.0,UNLABELED,UNLABELED,GOLD_EVIDENCE_TARGET,CROSS_BAY_LABEL_GAP_SMB_NO_LABEL_IN_BAY_CLIP|PRE_REGISTERED_FIELD_UAV_TARGET_SMB_GAP,RESERVED_FOR_GOLDSET
ZJ_U51_10K_E034_N320,10000,ZJ-SMB,L2-cmssm2020-polygons,2020,WEAK,39.240468,0,0.0,0,0.0,0,0.0,0.0,0.0,UNLABELED,UNLABELED,GOLD_EVIDENCE_TARGET,CROSS_BAY_LABEL_GAP_SMB_NO_LABEL_IN_BAY_CLIP|PRE_REGISTERED_FIELD_UAV_TARGET_SMB_GAP,RESERVED_FOR_GOLDSET
ZJ_U51_10K_E034_N320,10000,ZJ-SMB,L3-hangzhou-mask-2015,2015,WEAK,39.240468,0,0.0,0,0.0,0,0.0,0.0,0.0,UNLABELED,UNLABELED,GOLD_EVIDENCE_TARGET,CROSS_BAY_LABEL_GAP_SMB_NO_LABEL_IN_BAY_CLIP|PRE_REGISTERED_FIELD_UAV_TARGET_SMB_GAP,RESERVED_FOR_GOLDSET
ZJ_U51_10K_E034_N320,10000,ZJ-SMB,L4-cmsa-polygons-2019,2019,WEAK,39.240468,0,0.0,0,0.0,0,0.0,0.0,0.0,UNLABELED,UNLABELED,GOLD_EVIDENCE_TARGET,CROSS_BAY_LABEL_GAP_SMB_NO_LABEL_IN_BAY_CLIP|PRE_REGISTERED_FIELD_UAV_TARGET_SMB_GAP,RESERVED_FOR_GOLDSET
ZJ_U51_10K_E034_N320,10000,ZJ-SMB,L5-cmsa-polygons-2020,2020,WEAK,39.240468,0,0.0,0,0.0,0,0.0,0.0,0.0,UNLABELED,UNLABELED,GOLD_EVIDENCE_TARGET,CROSS_BAY_LABEL_GAP_SMB_NO_LABEL_IN_BAY_CLIP|PRE_REGISTERED_FIELD_UAV_TARGET_SMB_GAP,RESERVED_FOR_GOLDSET
ZJ_U51_10K_E034_N320,10000,ZJ-SMB,L6-cmsa-polygons-2021,2021,WEAK,39.240468,0,0.0,0,0.0,0,0.0,0.0,0.0,UNLABELED,UNLABELED,GOLD_EVIDENCE_TARGET,CROSS_BAY_LABEL_GAP_SMB_NO_LABEL_IN_BAY_CLIP|PRE_REGISTERED_FIELD_UAV_TARGET_SMB_GAP,RESERVED_FOR_GOLDSET
ZJ_U51_10K_E034_N321,10000,ZJ-SMB,L1-china2015-raster30m,2015,SILVER,57.690357,0,0.0,0,0.0,0,0.0,0.0,0.0,UNLABELED,UNLABELED,GOLD_EVIDENCE_TARGET,CROSS_BAY_LABEL_GAP_SMB_NO_LABEL_IN_BAY_CLIP,
ZJ_U51_10K_E034_N321,10000,ZJ-SMB,L2-cmssm2020-polygons,2020,WEAK,57.690357,0,0.0,0,0.0,0,0.0,0.0,0.0,UNLABELED,UNLABELED,GOLD_EVIDENCE_TARGET,CROSS_BAY_LABEL_GAP_SMB_NO_LABEL_IN_BAY_CLIP,
ZJ_U51_10K_E034_N321,10000,ZJ-SMB,L3-hangzhou-mask-2015,2015,WEAK,57.690357,0,0.0,0,0.0,0,0.0,0.0,0.0,UNLABELED,UNLABELED,GOLD_EVIDENCE_TARGET,CROSS_BAY_LABEL_GAP_SMB_NO_LABEL_IN_BAY_CLIP,
ZJ_U51_10K_E034_N321,10000,ZJ-SMB,L4-cmsa-polygons-2019,2019,WEAK,57.690357,0,0.0,0,0.0,0,0.0,0.0,0.0,UNLABELED,UNLABELED,GOLD_EVIDENCE_TARGET,CROSS_BAY_LABEL_GAP_SMB_NO_LABEL_IN_BAY_CLIP,
ZJ_U51_10K_E034_N321,10000,ZJ-SMB,L5-cmsa-polygons-2020,2020,WEAK,57.690357,0,0.0,0,0.0,0,0.0,0.0,0.0,UNLABELED,UNLABELED,GOLD_EVIDENCE_TARGET,CROSS_BAY_LABEL_GAP_SMB_NO_LABEL_IN_BAY_CLIP,
ZJ_U51_10K_E034_N321,10000,ZJ-SMB,L6-cmsa-polygons-2021,2021,WEAK,57.690357,0,0.0,0,0.0,0,0.0,0.0,0.0,UNLABELED,UNLABELED,GOLD_EVIDENCE_TARGET,CROSS_BAY_LABEL_GAP_SMB_NO_LABEL_IN_BAY_CLIP,
ZJ_U51_10K_E034_N322,10000,ZJ-SMB,L1-china2015-raster30m,2015,SILVER,56.328705,1190,1.071,1155,1.0395,35,0.0315,0.01071,0.018454,SILVER,SILVER,,,
ZJ_U51_10K_E034_N322,10000,ZJ-SMB,L2-cmssm2020-polygons,2020,WEAK,56.328705,0,0.0,0,0.0,0,0.0,0.0,0.0,SILVER,SILVER,,,
ZJ_U51_10K_E034_N322,10000,ZJ-SMB,L3-hangzhou-mask-2015,2015,WEAK,56.328705,0,0.0,0,0.0,0,0.0,0.0,0.0,SILVER,SILVER,,,
ZJ_U51_10K_E034_N322,10000,ZJ-SMB,L4-cmsa-polygons-2019,2019,WEAK,56.328705,0,0.0,0,0.0,0,0.0,0.0,0.0,SILVER,SILVER,,,
ZJ_U51_10K_E034_N322,10000,ZJ-SMB,L5-cmsa-polygons-2020,2020,WEAK,56.328705,0,0.0,0,0.0,0,0.0,0.0,0.0,SILVER,SILVER,,,
ZJ_U51_10K_E034_N322,10000,ZJ-SMB,L6-cmsa-polygons-2021,2021,WEAK,56.328705,0,0.0,0,0.0,0,0.0,0.0,0.0,SILVER,SILVER,,,
ZJ_U51_10K_E034_N323,10000,ZJ-SMB,L1-china2015-raster30m,2015,SILVER,54.967053,0,0.0,0,0.0,0,0.0,0.0,0.0,UNLABELED,UNLABELED,GOLD_EVIDENCE_TARGET,CROSS_BAY_LABEL_GAP_SMB_NO_LABEL_IN_BAY_CLIP,
ZJ_U51_10K_E034_N323,10000,ZJ-SMB,L2-cmssm2020-polygons,2020,WEAK,54.967053,0,0.0,0,0.0,0,0.0,0.0,0.0,UNLABELED,UNLABELED,GOLD_EVIDENCE_TARGET,CROSS_BAY_LABEL_GAP_SMB_NO_LABEL_IN_BAY_CLIP,
ZJ_U51_10K_E034_N323,10000,ZJ-SMB,L3-hangzhou-mask-2015,2015,WEAK,54.967053,0,0.0,0,0.0,0,0.0,0.0,0.0,UNLABELED,UNLABELED,GOLD_EVIDENCE_TARGET,CROSS_BAY_LABEL_GAP_SMB_NO_LABEL_IN_BAY_CLIP,
ZJ_U51_10K_E034_N323,10000,ZJ-SMB,L4-cmsa-polygons-2019,2019,WEAK,54.967053,0,0.0,0,0.0,0,0.0,0.0,0.0,UNLABELED,UNLABELED,GOLD_EVIDENCE_TARGET,CROSS_BAY_LABEL_GAP_SMB_NO_LABEL_IN_BAY_CLIP,
ZJ_U51_10K_E034_N323,10000,ZJ-SMB,L5-cmsa-polygons-2020,2020,WEAK,54.967053,0,0.0,0,0.0,0,0.0,0.0,0.0,UNLABELED,UNLABELED,GOLD_EVIDENCE_TARGET,CROSS_BAY_LABEL_GAP_SMB_NO_LABEL_IN_BAY_CLIP,
ZJ_U51_10K_E034_N323,10000,ZJ-SMB,L6-cmsa-polygons-2021,2021,WEAK,54.967053,0,0.0,0,0.0,0,0.0,0.0,0.0,UNLABELED,UNLABELED,GOLD_EVIDENCE_TARGET,CROSS_BAY_LABEL_GAP_SMB_NO_LABEL_IN_BAY_CLIP,
ZJ_U51_10K_E034_N324,10000,ZJ-SMB,L1-china2015-raster30m,2015,SILVER,53.605401,0,0.0,0,0.0,0,0.0,0.0,0.0,UNLABELED,UNLABELED,GOLD_EVIDENCE_TARGET,CROSS_BAY_LABEL_GAP_SMB_NO_LABEL_IN_BAY_CLIP,
ZJ_U51_10K_E034_N324,10000,ZJ-SMB,L2-cmssm2020-polygons,2020,WEAK,53.605401,0,0.0,0,0.0,0,0.0,0.0,0.0,UNLABELED,UNLABELED,GOLD_EVIDENCE_TARGET,CROSS_BAY_LABEL_GAP_SMB_NO_LABEL_IN_BAY_CLIP,
ZJ_U51_10K_E034_N324,10000,ZJ-SMB,L3-hangzhou-mask-2015,2015,WEAK,53.605401,0,0.0,0,0.0,0,0.0,0.0,0.0,UNLABELED,UNLABELED,GOLD_EVIDENCE_TARGET,CROSS_BAY_LABEL_GAP_SMB_NO_LABEL_IN_BAY_CLIP,
ZJ_U51_10K_E034_N324,10000,ZJ-SMB,L4-cmsa-polygons-2019,2019,WEAK,53.605401,0,0.0,0,0.0,0,0.0,0.0,0.0,UNLABELED,UNLABELED,GOLD_EVIDENCE_TARGET,CROSS_BAY_LABEL_GAP_SMB_NO_LABEL_IN_BAY_CLIP,
ZJ_U51_10K_E034_N324,10000,ZJ-SMB,L5-cmsa-polygons-2020,2020,WEAK,53.605401,0,0.0,0,0.0,0,0.0,0.0,0.0,UNLABELED,UNLABELED,GOLD_EVIDENCE_TARGET,CROSS_BAY_LABEL_GAP_SMB_NO_LABEL_IN_BAY_CLIP,
ZJ_U51_10K_E034_N324,10000,ZJ-SMB,L6-cmsa-polygons-2021,2021,WEAK,53.605401,0,0.0,0,0.0,0,0.0,0.0,0.0,UNLABELED,UNLABELED,GOLD_EVIDENCE_TARGET,CROSS_BAY_LABEL_GAP_SMB_NO_LABEL_IN_BAY_CLIP,
ZJ_U51_10K_E034_N325,10000,ZJ-SMB,L1-china2015-raster30m,2015,SILVER,13.876164,866,0.7794,0,0.0,866,0.7794,0.007794,0.0,SILVER,UNLABELED,GOLD_EVIDENCE_TARGET,CROSS_BAY_LABEL_GAP_SMB_NO_LABEL_IN_BAY_CLIP,
ZJ_U51_10K_E034_N325,10000,ZJ-SMB,L2-cmssm2020-polygons,2020,WEAK,13.876164,0,0.0,0,0.0,0,0.0,0.0,0.0,SILVER,UNLABELED,GOLD_EVIDENCE_TARGET,CROSS_BAY_LABEL_GAP_SMB_NO_LABEL_IN_BAY_CLIP,
ZJ_U51_10K_E034_N325,10000,ZJ-SMB,L3-hangzhou-mask-2015,2015,WEAK,13.876164,0,0.0,0,0.0,0,0.0,0.0,0.0,SILVER,UNLABELED,GOLD_EVIDENCE_TARGET,CROSS_BAY_LABEL_GAP_SMB_NO_LABEL_IN_BAY_CLIP,
ZJ_U51_10K_E034_N325,10000,ZJ-SMB,L4-cmsa-polygons-2019,2019,WEAK,13.876164,0,0.0,0,0.0,0,0.0,0.0,0.0,SILVER,UNLABELED,GOLD_EVIDENCE_TARGET,CROSS_BAY_LABEL_GAP_SMB_NO_LABEL_IN_BAY_CLIP,
ZJ_U51_10K_E034_N325,10000,ZJ-SMB,L5-cmsa-polygons-2020,2020,WEAK,13.876164,0,0.0,0,0.0,0,0.0,0.0,0.0,SILVER,UNLABELED,GOLD_EVIDENCE_TARGET,CROSS_BAY_LABEL_GAP_SMB_NO_LABEL_IN_BAY_CLIP,
ZJ_U51_10K_E034_N325,10000,ZJ-SMB,L6-cmsa-polygons-2021,2021,WEAK,13.876164,0,0.0,0,0.0,0,0.0,0.0,0.0,SILVER,UNLABELED,GOLD_EVIDENCE_TARGET,CROSS_BAY_LABEL_GAP_SMB_NO_LABEL_IN_BAY_CLIP,
ZJ_U51_10K_E034_N333,10000,ZJ-HZB,L1-china2015-raster30m,2015,SILVER,68.382133,0,0.0,0,0.0,0,0.0,0.0,0.0,UNLABELED,UNLABELED,,,
ZJ_U51_10K_E034_N333,10000,ZJ-HZB,L2-cmssm2020-polygons,2020,WEAK,68.382133,0,0.0,0,0.0,0,0.0,0.0,0.0,UNLABELED,UNLABELED,,,
ZJ_U51_10K_E034_N333,10000,ZJ-HZB,L3-hangzhou-mask-2015,2015,WEAK,68.382133,0,0.0,0,0.0,0,0.0,0.0,0.0,UNLABELED,UNLABELED,,,
ZJ_U51_10K_E034_N333,10000,ZJ-HZB,L4-cmsa-polygons-2019,2019,WEAK,68.382133,0,0.0,0,0.0,0,0.0,0.0,0.0,UNLABELED,UNLABELED,,,
ZJ_U51_10K_E034_N333,10000,ZJ-HZB,L5-cmsa-polygons-2020,2020,WEAK,68.382133,0,0.0,0,0.0,0,0.0,0.0,0.0,UNLABELED,UNLABELED,,,
ZJ_U51_10K_E034_N333,10000,ZJ-HZB,L6-cmsa-polygons-2021,2021,WEAK,68.382133,0,0.0,0,0.0,0,0.0,0.0,0.0,UNLABELED,UNLABELED,,,
ZJ_U51_10K_E034_N334,10000,ZJ-HZB,L1-china2015-raster30m,2015,SILVER,100.0,0,0.0,0,0.0,0,0.0,0.0,0.0,UNLABELED,UNLABELED,,,
ZJ_U51_10K_E034_N334,10000,ZJ-HZB,L2-cmssm2020-polygons,2020,WEAK,100.0,0,0.0,0,0.0,0,0.0,0.0,0.0,UNLABELED,UNLABELED,,,
ZJ_U51_10K_E034_N334,10000,ZJ-HZB,L3-hangzhou-mask-2015,2015,WEAK,100.0,0,0.0,0,0.0,0,0.0,0.0,0.0,UNLABELED,UNLABELED,,,
ZJ_U51_10K_E034_N334,10000,ZJ-HZB,L4-cmsa-polygons-2019,2019,WEAK,100.0,0,0.0,0,0.0,0,0.0,0.0,0.0,UNLABELED,UNLABELED,,,
ZJ_U51_10K_E034_N334,10000,ZJ-HZB,L5-cmsa-polygons-2020,2020,WEAK,100.0,0,0.0,0,0.0,0,0.0,0.0,0.0,UNLABELED,UNLABELED,,,
ZJ_U51_10K_E034_N334,10000,ZJ-HZB,L6-cmsa-polygons-2021,2021,WEAK,100.0,0,0.0,0,0.0,0,0.0,0.0,0.0,UNLABELED,UNLABELED,,,
ZJ_U51_10K_E034_N335,10000,ZJ-HZB,L1-china2015-raster30m,2015,SILVER,100.0,3587,3.2283,3587,3.2283,0,0.0,0.032283,0.032283,SILVER+WEAK,SILVER+WEAK,GOLD_EVIDENCE_TARGET,DISAGREEMENT_SILVER_2015_VS_WEAK_2015_HZB,
ZJ_U51_10K_E034_N335,10000,ZJ-HZB,L2-cmssm2020-polygons,2020,WEAK,100.0,0,0.0,0,0.0,0,0.0,0.0,0.0,SILVER+WEAK,SILVER+WEAK,GOLD_EVIDENCE_TARGET,DISAGREEMENT_SILVER_2015_VS_WEAK_2015_HZB,
ZJ_U51_10K_E034_N335,10000,ZJ-HZB,L3-hangzhou-mask-2015,2015,WEAK,100.0,2715,2.4372,2715,2.4372,0,0.0,0.024372,0.024372,SILVER+WEAK,SILVER+WEAK,GOLD_EVIDENCE_TARGET,DISAGREEMENT_SILVER_2015_VS_WEAK_2015_HZB,
ZJ_U51_10K_E034_N335,10000,ZJ-HZB,L4-cmsa-polygons-2019,2019,WEAK,100.0,0,0.0,0,0.0,0,0.0,0.0,0.0,SILVER+WEAK,SILVER+WEAK,GOLD_EVIDENCE_TARGET,DISAGREEMENT_SILVER_2015_VS_WEAK_2015_HZB,
ZJ_U51_10K_E034_N335,10000,ZJ-HZB,L5-cmsa-polygons-2020,2020,WEAK,100.0,0,0.0,0,0.0,0,0.0,0.0,0.0,SILVER+WEAK,SILVER+WEAK,GOLD_EVIDENCE_TARGET,DISAGREEMENT_SILVER_2015_VS_WEAK_2015_HZB,
ZJ_U51_10K_E034_N335,10000,ZJ-HZB,L6-cmsa-polygons-2021,2021,WEAK,100.0,0,0.0,0,0.0,0,0.0,0.0,0.0,SILVER+WEAK,SILVER+WEAK,GOLD_EVIDENCE_TARGET,DISAGREEMENT_SILVER_2015_VS_WEAK_2015_HZB,
ZJ_U51_10K_E034_N336,10000,ZJ-HZB,L1-china2015-raster30m,2015,SILVER,100.0,359,0.3231,359,0.3231,0,0.0,0.003231,0.003231,SILVER,SILVER,,,
ZJ_U51_10K_E034_N336,10000,ZJ-HZB,L2-cmssm2020-polygons,2020,WEAK,100.0,0,0.0,0,0.0,0,0.0,0.0,0.0,SILVER,SILVER,,,
ZJ_U51_10K_E034_N336,10000,ZJ-HZB,L3-hangzhou-mask-2015,2015,WEAK,100.0,0,0.0,0,0.0,0,0.0,0.0,0.0,SILVER,SILVER,,,
ZJ_U51_10K_E034_N336,10000,ZJ-HZB,L4-cmsa-polygons-2019,2019,WEAK,100.0,0,0.0,0,0.0,0,0.0,0.0,0.0,SILVER,SILVER,,,
ZJ_U51_10K_E034_N336,10000,ZJ-HZB,L5-cmsa-polygons-2020,2020,WEAK,100.0,0,0.0,0,0.0,0,0.0,0.0,0.0,SILVER,SILVER,,,
ZJ_U51_10K_E034_N336,10000,ZJ-HZB,L6-cmsa-polygons-2021,2021,WEAK,100.0,0,0.0,0,0.0,0,0.0,0.0,0.0,SILVER,SILVER,,,
ZJ_U51_10K_E034_N337,10000,ZJ-HZB,L1-china2015-raster30m,2015,SILVER,100.0,0,0.0,0,0.0,0,0.0,0.0,0.0,UNLABELED,UNLABELED,,,
ZJ_U51_10K_E034_N337,10000,ZJ-HZB,L2-cmssm2020-polygons,2020,WEAK,100.0,0,0.0,0,0.0,0,0.0,0.0,0.0,UNLABELED,UNLABELED,,,
ZJ_U51_10K_E034_N337,10000,ZJ-HZB,L3-hangzhou-mask-2015,2015,WEAK,100.0,0,0.0,0,0.0,0,0.0,0.0,0.0,UNLABELED,UNLABELED,,,
ZJ_U51_10K_E034_N337,10000,ZJ-HZB,L4-cmsa-polygons-2019,2019,WEAK,100.0,0,0.0,0,0.0,0,0.0,0.0,0.0,UNLABELED,UNLABELED,,,
ZJ_U51_10K_E034_N337,10000,ZJ-HZB,L5-cmsa-polygons-2020,2020,WEAK,100.0,0,0.0,0,0.0,0,0.0,0.0,0.0,UNLABELED,UNLABELED,,,
ZJ_U51_10K_E034_N337,10000,ZJ-HZB,L6-cmsa-polygons-2021,2021,WEAK,100.0,0,0.0,0,0.0,0,0.0,0.0,0.0,UNLABELED,UNLABELED,,,
ZJ_U51_10K_E034_N338,10000,ZJ-HZB,L1-china2015-raster30m,2015,SILVER,92.90339,0,0.0,0,0.0,0,0.0,0.0,0.0,UNLABELED,UNLABELED,,,
ZJ_U51_10K_E034_N338,10000,ZJ-HZB,L2-cmssm2020-polygons,2020,WEAK,92.90339,0,0.0,0,0.0,0,0.0,0.0,0.0,UNLABELED,UNLABELED,,,
ZJ_U51_10K_E034_N338,10000,ZJ-HZB,L3-hangzhou-mask-2015,2015,WEAK,92.90339,0,0.0,0,0.0,0,0.0,0.0,0.0,UNLABELED,UNLABELED,,,
ZJ_U51_10K_E034_N338,10000,ZJ-HZB,L4-cmsa-polygons-2019,2019,WEAK,92.90339,0,0.0,0,0.0,0,0.0,0.0,0.0,UNLABELED,UNLABELED,,,
ZJ_U51_10K_E034_N338,10000,ZJ-HZB,L5-cmsa-polygons-2020,2020,WEAK,92.90339,0,0.0,0,0.0,0,0.0,0.0,0.0,UNLABELED,UNLABELED,,,
ZJ_U51_10K_E034_N338,10000,ZJ-HZB,L6-cmsa-polygons-2021,2021,WEAK,92.90339,0,0.0,0,0.0,0,0.0,0.0,0.0,UNLABELED,UNLABELED,,,
ZJ_U51_10K_E034_N339,10000,ZJ-HZB,L1-china2015-raster30m,2015,SILVER,7.671276,60,0.054,0,0.0,60,0.054,0.00054,0.0,SILVER,UNLABELED,,,
ZJ_U51_10K_E034_N339,10000,ZJ-HZB,L2-cmssm2020-polygons,2020,WEAK,7.671276,0,0.0,0,0.0,0,0.0,0.0,0.0,SILVER,UNLABELED,,,
ZJ_U51_10K_E034_N339,10000,ZJ-HZB,L3-hangzhou-mask-2015,2015,WEAK,7.671276,0,0.0,0,0.0,0,0.0,0.0,0.0,SILVER,UNLABELED,,,
ZJ_U51_10K_E034_N339,10000,ZJ-HZB,L4-cmsa-polygons-2019,2019,WEAK,7.671276,0,0.0,0,0.0,0,0.0,0.0,0.0,SILVER,UNLABELED,,,
ZJ_U51_10K_E034_N339,10000,ZJ-HZB,L5-cmsa-polygons-2020,2020,WEAK,7.671276,0,0.0,0,0.0,0,0.0,0.0,0.0,SILVER,UNLABELED,,,
ZJ_U51_10K_E034_N339,10000,ZJ-HZB,L6-cmsa-polygons-2021,2021,WEAK,7.671276,0,0.0,0,0.0,0,0.0,0.0,0.0,SILVER,UNLABELED,,,
ZJ_U51_10K_E035_N320,10000,ZJ-SMB,L1-china2015-raster30m,2015,SILVER,56.41911,1675,1.5075,155,0.1395,1520,1.368,0.015075,0.002473,SILVER,SILVER,,,
ZJ_U51_10K_E035_N320,10000,ZJ-SMB,L2-cmssm2020-polygons,2020,WEAK,56.41911,0,0.0,0,0.0,0,0.0,0.0,0.0,SILVER,SILVER,,,
ZJ_U51_10K_E035_N320,10000,ZJ-SMB,L3-hangzhou-mask-2015,2015,WEAK,56.41911,0,0.0,0,0.0,0,0.0,0.0,0.0,SILVER,SILVER,,,
ZJ_U51_10K_E035_N320,10000,ZJ-SMB,L4-cmsa-polygons-2019,2019,WEAK,56.41911,0,0.0,0,0.0,0,0.0,0.0,0.0,SILVER,SILVER,,,
ZJ_U51_10K_E035_N320,10000,ZJ-SMB,L5-cmsa-polygons-2020,2020,WEAK,56.41911,0,0.0,0,0.0,0,0.0,0.0,0.0,SILVER,SILVER,,,
ZJ_U51_10K_E035_N320,10000,ZJ-SMB,L6-cmsa-polygons-2021,2021,WEAK,56.41911,0,0.0,0,0.0,0,0.0,0.0,0.0,SILVER,SILVER,,,
ZJ_U51_10K_E035_N321,10000,ZJ-SMB,L1-china2015-raster30m,2015,SILVER,100.0,1662,1.4958,1662,1.4958,0,0.0,0.014958,0.014958,SILVER,SILVER,,,
ZJ_U51_10K_E035_N321,10000,ZJ-SMB,L2-cmssm2020-polygons,2020,WEAK,100.0,0,0.0,0,0.0,0,0.0,0.0,0.0,SILVER,SILVER,,,
ZJ_U51_10K_E035_N321,10000,ZJ-SMB,L3-hangzhou-mask-2015,2015,WEAK,100.0,0,0.0,0,0.0,0,0.0,0.0,0.0,SILVER,SILVER,,,
ZJ_U51_10K_E035_N321,10000,ZJ-SMB,L4-cmsa-polygons-2019,2019,WEAK,100.0,0,0.0,0,0.0,0,0.0,0.0,0.0,SILVER,SILVER,,,
ZJ_U51_10K_E035_N321,10000,ZJ-SMB,L5-cmsa-polygons-2020,2020,WEAK,100.0,0,0.0,0,0.0,0,0.0,0.0,0.0,SILVER,SILVER,,,
ZJ_U51_10K_E035_N321,10000,ZJ-SMB,L6-cmsa-polygons-2021,2021,WEAK,100.0,0,0.0,0,0.0,0,0.0,0.0,0.0,SILVER,SILVER,,,
ZJ_U51_10K_E035_N322,10000,ZJ-SMB,L1-china2015-raster30m,2015,SILVER,100.0,8577,7.7193,8577,7.7193,0,0.0,0.077193,0.077193,SILVER,SILVER,,,
ZJ_U51_10K_E035_N322,10000,ZJ-SMB,L2-cmssm2020-polygons,2020,WEAK,100.0,0,0.0,0,0.0,0,0.0,0.0,0.0,SILVER,SILVER,,,
ZJ_U51_10K_E035_N322,10000,ZJ-SMB,L3-hangzhou-mask-2015,2015,WEAK,100.0,0,0.0,0,0.0,0,0.0,0.0,0.0,SILVER,SILVER,,,
ZJ_U51_10K_E035_N322,10000,ZJ-SMB,L4-cmsa-polygons-2019,2019,WEAK,100.0,0,0.0,0,0.0,0,0.0,0.0,0.0,SILVER,SILVER,,,
ZJ_U51_10K_E035_N322,10000,ZJ-SMB,L5-cmsa-polygons-2020,2020,WEAK,100.0,0,0.0,0,0.0,0,0.0,0.0,0.0,SILVER,SILVER,,,
ZJ_U51_10K_E035_N322,10000,ZJ-SMB,L6-cmsa-polygons-2021,2021,WEAK,100.0,0,0.0,0,0.0,0,0.0,0.0,0.0,SILVER,SILVER,,,
ZJ_U51_10K_E035_N323,10000,ZJ-SMB,L1-china2015-raster30m,2015,SILVER,100.0,7725,6.9525,7725,6.9525,0,0.0,0.069525,0.069525,SILVER,SILVER,,,
ZJ_U51_10K_E035_N323,10000,ZJ-SMB,L2-cmssm2020-polygons,2020,WEAK,100.0,0,0.0,0,0.0,0,0.0,0.0,0.0,SILVER,SILVER,,,
ZJ_U51_10K_E035_N323,10000,ZJ-SMB,L3-hangzhou-mask-2015,2015,WEAK,100.0,0,0.0,0,0.0,0,0.0,0.0,0.0,SILVER,SILVER,,,
ZJ_U51_10K_E035_N323,10000,ZJ-SMB,L4-cmsa-polygons-2019,2019,WEAK,100.0,0,0.0,0,0.0,0,0.0,0.0,0.0,SILVER,SILVER,,,
ZJ_U51_10K_E035_N323,10000,ZJ-SMB,L5-cmsa-polygons-2020,2020,WEAK,100.0,0,0.0,0,0.0,0,0.0,0.0,0.0,SILVER,SILVER,,,
ZJ_U51_10K_E035_N323,10000,ZJ-SMB,L6-cmsa-polygons-2021,2021,WEAK,100.0,0,0.0,0,0.0,0,0.0,0.0,0.0,SILVER,SILVER,,,
ZJ_U51_10K_E035_N324,10000,ZJ-SMB,L1-china2015-raster30m,2015,SILVER,86.861939,0,0.0,0,0.0,0,0.0,0.0,0.0,UNLABELED,UNLABELED,GOLD_EVIDENCE_TARGET,CROSS_BAY_LABEL_GAP_SMB_NO_LABEL_IN_BAY_CLIP,
ZJ_U51_10K_E035_N324,10000,ZJ-SMB,L2-cmssm2020-polygons,2020,WEAK,86.861939,0,0.0,0,0.0,0,0.0,0.0,0.0,UNLABELED,UNLABELED,GOLD_EVIDENCE_TARGET,CROSS_BAY_LABEL_GAP_SMB_NO_LABEL_IN_BAY_CLIP,
ZJ_U51_10K_E035_N324,10000,ZJ-SMB,L3-hangzhou-mask-2015,2015,WEAK,86.861939,0,0.0,0,0.0,0,0.0,0.0,0.0,UNLABELED,UNLABELED,GOLD_EVIDENCE_TARGET,CROSS_BAY_LABEL_GAP_SMB_NO_LABEL_IN_BAY_CLIP,
ZJ_U51_10K_E035_N324,10000,ZJ-SMB,L4-cmsa-polygons-2019,2019,WEAK,86.861939,0,0.0,0,0.0,0,0.0,0.0,0.0,UNLABELED,UNLABELED,GOLD_EVIDENCE_TARGET,CROSS_BAY_LABEL_GAP_SMB_NO_LABEL_IN_BAY_CLIP,
ZJ_U51_10K_E035_N324,10000,ZJ-SMB,L5-cmsa-polygons-2020,2020,WEAK,86.861939,0,0.0,0,0.0,0,0.0,0.0,0.0,UNLABELED,UNLABELED,GOLD_EVIDENCE_TARGET,CROSS_BAY_LABEL_GAP_SMB_NO_LABEL_IN_BAY_CLIP,
ZJ_U51_10K_E035_N324,10000,ZJ-SMB,L6-cmsa-polygons-2021,2021,WEAK,86.861939,0,0.0,0,0.0,0,0.0,0.0,0.0,UNLABELED,UNLABELED,GOLD_EVIDENCE_TARGET,CROSS_BAY_LABEL_GAP_SMB_NO_LABEL_IN_BAY_CLIP,
ZJ_U51_10K_E035_N325,10000,ZJ-SMB,L1-china2015-raster30m,2015,SILVER,1.80581,451,0.4059,0,0.0,451,0.4059,0.004059,0.0,SILVER,UNLABELED,GOLD_EVIDENCE_TARGET,CROSS_BAY_LABEL_GAP_SMB_NO_LABEL_IN_BAY_CLIP,
ZJ_U51_10K_E035_N325,10000,ZJ-SMB,L2-cmssm2020-polygons,2020,WEAK,1.80581,0,0.0,0,0.0,0,0.0,0.0,0.0,SILVER,UNLABELED,GOLD_EVIDENCE_TARGET,CROSS_BAY_LABEL_GAP_SMB_NO_LABEL_IN_BAY_CLIP,
ZJ_U51_10K_E035_N325,10000,ZJ-SMB,L3-hangzhou-mask-2015,2015,WEAK,1.80581,0,0.0,0,0.0,0,0.0,0.0,0.0,SILVER,UNLABELED,GOLD_EVIDENCE_TARGET,CROSS_BAY_LABEL_GAP_SMB_NO_LABEL_IN_BAY_CLIP,
ZJ_U51_10K_E035_N325,10000,ZJ-SMB,L4-cmsa-polygons-2019,2019,WEAK,1.80581,0,0.0,0,0.0,0,0.0,0.0,0.0,SILVER,UNLABELED,GOLD_EVIDENCE_TARGET,CROSS_BAY_LABEL_GAP_SMB_NO_LABEL_IN_BAY_CLIP,
ZJ_U51_10K_E035_N325,10000,ZJ-SMB,L5-cmsa-polygons-2020,2020,WEAK,1.80581,0,0.0,0,0.0,0,0.0,0.0,0.0,SILVER,UNLABELED,GOLD_EVIDENCE_TARGET,CROSS_BAY_LABEL_GAP_SMB_NO_LABEL_IN_BAY_CLIP,
ZJ_U51_10K_E035_N325,10000,ZJ-SMB,L6-cmsa-polygons-2021,2021,WEAK,1.80581,0,0.0,0,0.0,0,0.0,0.0,0.0,SILVER,UNLABELED,GOLD_EVIDENCE_TARGET,CROSS_BAY_LABEL_GAP_SMB_NO_LABEL_IN_BAY_CLIP,
ZJ_U51_10K_E035_N332,10000,ZJ-HZB,L1-china2015-raster30m,2015,SILVER,19.207681,0,0.0,0,0.0,0,0.0,0.0,0.0,UNLABELED,UNLABELED,,,
ZJ_U51_10K_E035_N332,10000,ZJ-HZB,L2-cmssm2020-polygons,2020,WEAK,19.207681,0,0.0,0,0.0,0,0.0,0.0,0.0,UNLABELED,UNLABELED,,,
ZJ_U51_10K_E035_N332,10000,ZJ-HZB,L3-hangzhou-mask-2015,2015,WEAK,19.207681,0,0.0,0,0.0,0,0.0,0.0,0.0,UNLABELED,UNLABELED,,,
ZJ_U51_10K_E035_N332,10000,ZJ-HZB,L4-cmsa-polygons-2019,2019,WEAK,19.207681,0,0.0,0,0.0,0,0.0,0.0,0.0,UNLABELED,UNLABELED,,,
ZJ_U51_10K_E035_N332,10000,ZJ-HZB,L5-cmsa-polygons-2020,2020,WEAK,19.207681,0,0.0,0,0.0,0,0.0,0.0,0.0,UNLABELED,UNLABELED,,,
ZJ_U51_10K_E035_N332,10000,ZJ-HZB,L6-cmsa-polygons-2021,2021,WEAK,19.207681,0,0.0,0,0.0,0,0.0,0.0,0.0,UNLABELED,UNLABELED,,,
ZJ_U51_10K_E035_N333,10000,ZJ-HZB,L1-china2015-raster30m,2015,SILVER,99.592686,0,0.0,0,0.0,0,0.0,0.0,0.0,UNLABELED,UNLABELED,,,
ZJ_U51_10K_E035_N333,10000,ZJ-HZB,L2-cmssm2020-polygons,2020,WEAK,99.592686,0,0.0,0,0.0,0,0.0,0.0,0.0,UNLABELED,UNLABELED,,,
ZJ_U51_10K_E035_N333,10000,ZJ-HZB,L3-hangzhou-mask-2015,2015,WEAK,99.592686,0,0.0,0,0.0,0,0.0,0.0,0.0,UNLABELED,UNLABELED,,,
ZJ_U51_10K_E035_N333,10000,ZJ-HZB,L4-cmsa-polygons-2019,2019,WEAK,99.592686,0,0.0,0,0.0,0,0.0,0.0,0.0,UNLABELED,UNLABELED,,,
ZJ_U51_10K_E035_N333,10000,ZJ-HZB,L5-cmsa-polygons-2020,2020,WEAK,99.592686,0,0.0,0,0.0,0,0.0,0.0,0.0,UNLABELED,UNLABELED,,,
ZJ_U51_10K_E035_N333,10000,ZJ-HZB,L6-cmsa-polygons-2021,2021,WEAK,99.592686,0,0.0,0,0.0,0,0.0,0.0,0.0,UNLABELED,UNLABELED,,,
ZJ_U51_10K_E035_N334,10000,ZJ-HZB,L1-china2015-raster30m,2015,SILVER,100.0,23,0.0207,23,0.0207,0,0.0,0.000207,0.000207,SILVER,SILVER,,,
ZJ_U51_10K_E035_N334,10000,ZJ-HZB,L2-cmssm2020-polygons,2020,WEAK,100.0,0,0.0,0,0.0,0,0.0,0.0,0.0,SILVER,SILVER,,,
ZJ_U51_10K_E035_N334,10000,ZJ-HZB,L3-hangzhou-mask-2015,2015,WEAK,100.0,0,0.0,0,0.0,0,0.0,0.0,0.0,SILVER,SILVER,,,
ZJ_U51_10K_E035_N334,10000,ZJ-HZB,L4-cmsa-polygons-2019,2019,WEAK,100.0,0,0.0,0,0.0,0,0.0,0.0,0.0,SILVER,SILVER,,,
ZJ_U51_10K_E035_N334,10000,ZJ-HZB,L5-cmsa-polygons-2020,2020,WEAK,100.0,0,0.0,0,0.0,0,0.0,0.0,0.0,SILVER,SILVER,,,
ZJ_U51_10K_E035_N334,10000,ZJ-HZB,L6-cmsa-polygons-2021,2021,WEAK,100.0,0,0.0,0,0.0,0,0.0,0.0,0.0,SILVER,SILVER,,,
ZJ_U51_10K_E035_N335,10000,ZJ-HZB,L1-china2015-raster30m,2015,SILVER,100.0,0,0.0,0,0.0,0,0.0,0.0,0.0,UNLABELED,UNLABELED,,,
ZJ_U51_10K_E035_N335,10000,ZJ-HZB,L2-cmssm2020-polygons,2020,WEAK,100.0,0,0.0,0,0.0,0,0.0,0.0,0.0,UNLABELED,UNLABELED,,,
ZJ_U51_10K_E035_N335,10000,ZJ-HZB,L3-hangzhou-mask-2015,2015,WEAK,100.0,0,0.0,0,0.0,0,0.0,0.0,0.0,UNLABELED,UNLABELED,,,
ZJ_U51_10K_E035_N335,10000,ZJ-HZB,L4-cmsa-polygons-2019,2019,WEAK,100.0,0,0.0,0,0.0,0,0.0,0.0,0.0,UNLABELED,UNLABELED,,,
ZJ_U51_10K_E035_N335,10000,ZJ-HZB,L5-cmsa-polygons-2020,2020,WEAK,100.0,0,0.0,0,0.0,0,0.0,0.0,0.0,UNLABELED,UNLABELED,,,
ZJ_U51_10K_E035_N335,10000,ZJ-HZB,L6-cmsa-polygons-2021,2021,WEAK,100.0,0,0.0,0,0.0,0,0.0,0.0,0.0,UNLABELED,UNLABELED,,,
ZJ_U51_10K_E035_N336,10000,ZJ-HZB,L1-china2015-raster30m,2015,SILVER,100.0,0,0.0,0,0.0,0,0.0,0.0,0.0,UNLABELED,UNLABELED,,,
ZJ_U51_10K_E035_N336,10000,ZJ-HZB,L2-cmssm2020-polygons,2020,WEAK,100.0,0,0.0,0,0.0,0,0.0,0.0,0.0,UNLABELED,UNLABELED,,,
ZJ_U51_10K_E035_N336,10000,ZJ-HZB,L3-hangzhou-mask-2015,2015,WEAK,100.0,0,0.0,0,0.0,0,0.0,0.0,0.0,UNLABELED,UNLABELED,,,
ZJ_U51_10K_E035_N336,10000,ZJ-HZB,L4-cmsa-polygons-2019,2019,WEAK,100.0,0,0.0,0,0.0,0,0.0,0.0,0.0,UNLABELED,UNLABELED,,,
ZJ_U51_10K_E035_N336,10000,ZJ-HZB,L5-cmsa-polygons-2020,2020,WEAK,100.0,0,0.0,0,0.0,0,0.0,0.0,0.0,UNLABELED,UNLABELED,,,
ZJ_U51_10K_E035_N336,10000,ZJ-HZB,L6-cmsa-polygons-2021,2021,WEAK,100.0,0,0.0,0,0.0,0,0.0,0.0,0.0,UNLABELED,UNLABELED,,,
ZJ_U51_10K_E035_N337,10000,ZJ-HZB,L1-china2015-raster30m,2015,SILVER,100.0,0,0.0,0,0.0,0,0.0,0.0,0.0,UNLABELED,UNLABELED,,,
ZJ_U51_10K_E035_N337,10000,ZJ-HZB,L2-cmssm2020-polygons,2020,WEAK,100.0,0,0.0,0,0.0,0,0.0,0.0,0.0,UNLABELED,UNLABELED,,,
ZJ_U51_10K_E035_N337,10000,ZJ-HZB,L3-hangzhou-mask-2015,2015,WEAK,100.0,0,0.0,0,0.0,0,0.0,0.0,0.0,UNLABELED,UNLABELED,,,
ZJ_U51_10K_E035_N337,10000,ZJ-HZB,L4-cmsa-polygons-2019,2019,WEAK,100.0,0,0.0,0,0.0,0,0.0,0.0,0.0,UNLABELED,UNLABELED,,,
ZJ_U51_10K_E035_N337,10000,ZJ-HZB,L5-cmsa-polygons-2020,2020,WEAK,100.0,0,0.0,0,0.0,0,0.0,0.0,0.0,UNLABELED,UNLABELED,,,
ZJ_U51_10K_E035_N337,10000,ZJ-HZB,L6-cmsa-polygons-2021,2021,WEAK,100.0,0,0.0,0,0.0,0,0.0,0.0,0.0,UNLABELED,UNLABELED,,,
ZJ_U51_10K_E035_N338,10000,ZJ-HZB,L1-china2015-raster30m,2015,SILVER,100.0,0,0.0,0,0.0,0,0.0,0.0,0.0,UNLABELED,UNLABELED,,,
ZJ_U51_10K_E035_N338,10000,ZJ-HZB,L2-cmssm2020-polygons,2020,WEAK,100.0,0,0.0,0,0.0,0,0.0,0.0,0.0,UNLABELED,UNLABELED,,,
ZJ_U51_10K_E035_N338,10000,ZJ-HZB,L3-hangzhou-mask-2015,2015,WEAK,100.0,0,0.0,0,0.0,0,0.0,0.0,0.0,UNLABELED,UNLABELED,,,
ZJ_U51_10K_E035_N338,10000,ZJ-HZB,L4-cmsa-polygons-2019,2019,WEAK,100.0,0,0.0,0,0.0,0,0.0,0.0,0.0,UNLABELED,UNLABELED,,,
ZJ_U51_10K_E035_N338,10000,ZJ-HZB,L5-cmsa-polygons-2020,2020,WEAK,100.0,0,0.0,0,0.0,0,0.0,0.0,0.0,UNLABELED,UNLABELED,,,
ZJ_U51_10K_E035_N338,10000,ZJ-HZB,L6-cmsa-polygons-2021,2021,WEAK,100.0,0,0.0,0,0.0,0,0.0,0.0,0.0,UNLABELED,UNLABELED,,,
ZJ_U51_10K_E035_N339,10000,ZJ-HZB,L1-china2015-raster30m,2015,SILVER,59.623837,0,0.0,0,0.0,0,0.0,0.0,0.0,UNLABELED,UNLABELED,,,
ZJ_U51_10K_E035_N339,10000,ZJ-HZB,L2-cmssm2020-polygons,2020,WEAK,59.623837,0,0.0,0,0.0,0,0.0,0.0,0.0,UNLABELED,UNLABELED,,,
ZJ_U51_10K_E035_N339,10000,ZJ-HZB,L3-hangzhou-mask-2015,2015,WEAK,59.623837,0,0.0,0,0.0,0,0.0,0.0,0.0,UNLABELED,UNLABELED,,,
ZJ_U51_10K_E035_N339,10000,ZJ-HZB,L4-cmsa-polygons-2019,2019,WEAK,59.623837,0,0.0,0,0.0,0,0.0,0.0,0.0,UNLABELED,UNLABELED,,,
ZJ_U51_10K_E035_N339,10000,ZJ-HZB,L5-cmsa-polygons-2020,2020,WEAK,59.623837,0,0.0,0,0.0,0,0.0,0.0,0.0,UNLABELED,UNLABELED,,,
ZJ_U51_10K_E035_N339,10000,ZJ-HZB,L6-cmsa-polygons-2021,2021,WEAK,59.623837,0,0.0,0,0.0,0,0.0,0.0,0.0,UNLABELED,UNLABELED,,,
ZJ_U51_10K_E036_N320,10000,ZJ-SMB,L1-china2015-raster30m,2015,SILVER,43.503515,374,0.3366,0,0.0,374,0.3366,0.003366,0.0,SILVER,UNLABELED,GOLD_EVIDENCE_TARGET,CROSS_BAY_LABEL_GAP_SMB_NO_LABEL_IN_BAY_CLIP,
ZJ_U51_10K_E036_N320,10000,ZJ-SMB,L2-cmssm2020-polygons,2020,WEAK,43.503515,0,0.0,0,0.0,0,0.0,0.0,0.0,SILVER,UNLABELED,GOLD_EVIDENCE_TARGET,CROSS_BAY_LABEL_GAP_SMB_NO_LABEL_IN_BAY_CLIP,
ZJ_U51_10K_E036_N320,10000,ZJ-SMB,L3-hangzhou-mask-2015,2015,WEAK,43.503515,0,0.0,0,0.0,0,0.0,0.0,0.0,SILVER,UNLABELED,GOLD_EVIDENCE_TARGET,CROSS_BAY_LABEL_GAP_SMB_NO_LABEL_IN_BAY_CLIP,
ZJ_U51_10K_E036_N320,10000,ZJ-SMB,L4-cmsa-polygons-2019,2019,WEAK,43.503515,0,0.0,0,0.0,0,0.0,0.0,0.0,SILVER,UNLABELED,GOLD_EVIDENCE_TARGET,CROSS_BAY_LABEL_GAP_SMB_NO_LABEL_IN_BAY_CLIP,
ZJ_U51_10K_E036_N320,10000,ZJ-SMB,L5-cmsa-polygons-2020,2020,WEAK,43.503515,0,0.0,0,0.0,0,0.0,0.0,0.0,SILVER,UNLABELED,GOLD_EVIDENCE_TARGET,CROSS_BAY_LABEL_GAP_SMB_NO_LABEL_IN_BAY_CLIP,
ZJ_U51_10K_E036_N320,10000,ZJ-SMB,L6-cmsa-polygons-2021,2021,WEAK,43.503515,0,0.0,0,0.0,0,0.0,0.0,0.0,SILVER,UNLABELED,GOLD_EVIDENCE_TARGET,CROSS_BAY_LABEL_GAP_SMB_NO_LABEL_IN_BAY_CLIP,
ZJ_U51_10K_E036_N321,10000,ZJ-SMB,L1-china2015-raster30m,2015,SILVER,100.0,1518,1.3662,1518,1.3662,0,0.0,0.013662,0.013662,SILVER,SILVER,,,
ZJ_U51_10K_E036_N321,10000,ZJ-SMB,L2-cmssm2020-polygons,2020,WEAK,100.0,0,0.0,0,0.0,0,0.0,0.0,0.0,SILVER,SILVER,,,
ZJ_U51_10K_E036_N321,10000,ZJ-SMB,L3-hangzhou-mask-2015,2015,WEAK,100.0,0,0.0,0,0.0,0,0.0,0.0,0.0,SILVER,SILVER,,,
ZJ_U51_10K_E036_N321,10000,ZJ-SMB,L4-cmsa-polygons-2019,2019,WEAK,100.0,0,0.0,0,0.0,0,0.0,0.0,0.0,SILVER,SILVER,,,
ZJ_U51_10K_E036_N321,10000,ZJ-SMB,L5-cmsa-polygons-2020,2020,WEAK,100.0,0,0.0,0,0.0,0,0.0,0.0,0.0,SILVER,SILVER,,,
ZJ_U51_10K_E036_N321,10000,ZJ-SMB,L6-cmsa-polygons-2021,2021,WEAK,100.0,0,0.0,0,0.0,0,0.0,0.0,0.0,SILVER,SILVER,,,
ZJ_U51_10K_E036_N322,10000,ZJ-SMB,L1-china2015-raster30m,2015,SILVER,100.0,5521,4.9689,5521,4.9689,0,0.0,0.049689,0.049689,SILVER,SILVER,,,
ZJ_U51_10K_E036_N322,10000,ZJ-SMB,L2-cmssm2020-polygons,2020,WEAK,100.0,0,0.0,0,0.0,0,0.0,0.0,0.0,SILVER,SILVER,,,
ZJ_U51_10K_E036_N322,10000,ZJ-SMB,L3-hangzhou-mask-2015,2015,WEAK,100.0,0,0.0,0,0.0,0,0.0,0.0,0.0,SILVER,SILVER,,,
ZJ_U51_10K_E036_N322,10000,ZJ-SMB,L4-cmsa-polygons-2019,2019,WEAK,100.0,0,0.0,0,0.0,0,0.0,0.0,0.0,SILVER,SILVER,,,
ZJ_U51_10K_E036_N322,10000,ZJ-SMB,L5-cmsa-polygons-2020,2020,WEAK,100.0,0,0.0,0,0.0,0,0.0,0.0,0.0,SILVER,SILVER,,,
ZJ_U51_10K_E036_N322,10000,ZJ-SMB,L6-cmsa-polygons-2021,2021,WEAK,100.0,0,0.0,0,0.0,0,0.0,0.0,0.0,SILVER,SILVER,,,
ZJ_U51_10K_E036_N323,10000,ZJ-SMB,L1-china2015-raster30m,2015,SILVER,100.0,12170,10.953,12170,10.953,0,0.0,0.10953,0.10953,SILVER,SILVER,,,
ZJ_U51_10K_E036_N323,10000,ZJ-SMB,L2-cmssm2020-polygons,2020,WEAK,100.0,0,0.0,0,0.0,0,0.0,0.0,0.0,SILVER,SILVER,,,
ZJ_U51_10K_E036_N323,10000,ZJ-SMB,L3-hangzhou-mask-2015,2015,WEAK,100.0,0,0.0,0,0.0,0,0.0,0.0,0.0,SILVER,SILVER,,,
ZJ_U51_10K_E036_N323,10000,ZJ-SMB,L4-cmsa-polygons-2019,2019,WEAK,100.0,0,0.0,0,0.0,0,0.0,0.0,0.0,SILVER,SILVER,,,
ZJ_U51_10K_E036_N323,10000,ZJ-SMB,L5-cmsa-polygons-2020,2020,WEAK,100.0,0,0.0,0,0.0,0,0.0,0.0,0.0,SILVER,SILVER,,,
ZJ_U51_10K_E036_N323,10000,ZJ-SMB,L6-cmsa-polygons-2021,2021,WEAK,100.0,0,0.0,0,0.0,0,0.0,0.0,0.0,SILVER,SILVER,,,
ZJ_U51_10K_E036_N324,10000,ZJ-SMB,L1-china2015-raster30m,2015,SILVER,39.296743,0,0.0,0,0.0,0,0.0,0.0,0.0,UNLABELED,UNLABELED,GOLD_EVIDENCE_TARGET,CROSS_BAY_LABEL_GAP_SMB_NO_LABEL_IN_BAY_CLIP,
ZJ_U51_10K_E036_N324,10000,ZJ-SMB,L2-cmssm2020-polygons,2020,WEAK,39.296743,0,0.0,0,0.0,0,0.0,0.0,0.0,UNLABELED,UNLABELED,GOLD_EVIDENCE_TARGET,CROSS_BAY_LABEL_GAP_SMB_NO_LABEL_IN_BAY_CLIP,
ZJ_U51_10K_E036_N324,10000,ZJ-SMB,L3-hangzhou-mask-2015,2015,WEAK,39.296743,0,0.0,0,0.0,0,0.0,0.0,0.0,UNLABELED,UNLABELED,GOLD_EVIDENCE_TARGET,CROSS_BAY_LABEL_GAP_SMB_NO_LABEL_IN_BAY_CLIP,
ZJ_U51_10K_E036_N324,10000,ZJ-SMB,L4-cmsa-polygons-2019,2019,WEAK,39.296743,0,0.0,0,0.0,0,0.0,0.0,0.0,UNLABELED,UNLABELED,GOLD_EVIDENCE_TARGET,CROSS_BAY_LABEL_GAP_SMB_NO_LABEL_IN_BAY_CLIP,
ZJ_U51_10K_E036_N324,10000,ZJ-SMB,L5-cmsa-polygons-2020,2020,WEAK,39.296743,0,0.0,0,0.0,0,0.0,0.0,0.0,UNLABELED,UNLABELED,GOLD_EVIDENCE_TARGET,CROSS_BAY_LABEL_GAP_SMB_NO_LABEL_IN_BAY_CLIP,
ZJ_U51_10K_E036_N324,10000,ZJ-SMB,L6-cmsa-polygons-2021,2021,WEAK,39.296743,0,0.0,0,0.0,0,0.0,0.0,0.0,UNLABELED,UNLABELED,GOLD_EVIDENCE_TARGET,CROSS_BAY_LABEL_GAP_SMB_NO_LABEL_IN_BAY_CLIP,
ZJ_U51_10K_E036_N332,10000,ZJ-HZB,L1-china2015-raster30m,2015,SILVER,69.218602,3518,3.1662,3518,3.1662,0,0.0,0.031662,0.045742,SILVER,SILVER,,,
ZJ_U51_10K_E036_N332,10000,ZJ-HZB,L2-cmssm2020-polygons,2020,WEAK,69.218602,0,0.0,0,0.0,0,0.0,0.0,0.0,SILVER,SILVER,,,
ZJ_U51_10K_E036_N332,10000,ZJ-HZB,L3-hangzhou-mask-2015,2015,WEAK,69.218602,0,0.0,0,0.0,0,0.0,0.0,0.0,SILVER,SILVER,,,
ZJ_U51_10K_E036_N332,10000,ZJ-HZB,L4-cmsa-polygons-2019,2019,WEAK,69.218602,0,0.0,0,0.0,0,0.0,0.0,0.0,SILVER,SILVER,,,
ZJ_U51_10K_E036_N332,10000,ZJ-HZB,L5-cmsa-polygons-2020,2020,WEAK,69.218602,0,0.0,0,0.0,0,0.0,0.0,0.0,SILVER,SILVER,,,
ZJ_U51_10K_E036_N332,10000,ZJ-HZB,L6-cmsa-polygons-2021,2021,WEAK,69.218602,0,0.0,0,0.0,0,0.0,0.0,0.0,SILVER,SILVER,,,
ZJ_U51_10K_E036_N333,10000,ZJ-HZB,L1-china2015-raster30m,2015,SILVER,100.0,16,0.0144,16,0.0144,0,0.0,0.000144,0.000144,SILVER,SILVER,,,
ZJ_U51_10K_E036_N333,10000,ZJ-HZB,L2-cmssm2020-polygons,2020,WEAK,100.0,0,0.0,0,0.0,0,0.0,0.0,0.0,SILVER,SILVER,,,
ZJ_U51_10K_E036_N333,10000,ZJ-HZB,L3-hangzhou-mask-2015,2015,WEAK,100.0,0,0.0,0,0.0,0,0.0,0.0,0.0,SILVER,SILVER,,,
ZJ_U51_10K_E036_N333,10000,ZJ-HZB,L4-cmsa-polygons-2019,2019,WEAK,100.0,0,0.0,0,0.0,0,0.0,0.0,0.0,SILVER,SILVER,,,
ZJ_U51_10K_E036_N333,10000,ZJ-HZB,L5-cmsa-polygons-2020,2020,WEAK,100.0,0,0.0,0,0.0,0,0.0,0.0,0.0,SILVER,SILVER,,,
ZJ_U51_10K_E036_N333,10000,ZJ-HZB,L6-cmsa-polygons-2021,2021,WEAK,100.0,0,0.0,0,0.0,0,0.0,0.0,0.0,SILVER,SILVER,,,
ZJ_U51_10K_E036_N334,10000,ZJ-HZB,L1-china2015-raster30m,2015,SILVER,100.0,0,0.0,0,0.0,0,0.0,0.0,0.0,UNLABELED,UNLABELED,,,
ZJ_U51_10K_E036_N334,10000,ZJ-HZB,L2-cmssm2020-polygons,2020,WEAK,100.0,0,0.0,0,0.0,0,0.0,0.0,0.0,UNLABELED,UNLABELED,,,
ZJ_U51_10K_E036_N334,10000,ZJ-HZB,L3-hangzhou-mask-2015,2015,WEAK,100.0,0,0.0,0,0.0,0,0.0,0.0,0.0,UNLABELED,UNLABELED,,,
ZJ_U51_10K_E036_N334,10000,ZJ-HZB,L4-cmsa-polygons-2019,2019,WEAK,100.0,0,0.0,0,0.0,0,0.0,0.0,0.0,UNLABELED,UNLABELED,,,
ZJ_U51_10K_E036_N334,10000,ZJ-HZB,L5-cmsa-polygons-2020,2020,WEAK,100.0,0,0.0,0,0.0,0,0.0,0.0,0.0,UNLABELED,UNLABELED,,,
ZJ_U51_10K_E036_N334,10000,ZJ-HZB,L6-cmsa-polygons-2021,2021,WEAK,100.0,0,0.0,0,0.0,0,0.0,0.0,0.0,UNLABELED,UNLABELED,,,
ZJ_U51_10K_E036_N335,10000,ZJ-HZB,L1-china2015-raster30m,2015,SILVER,100.0,0,0.0,0,0.0,0,0.0,0.0,0.0,UNLABELED,UNLABELED,,,
ZJ_U51_10K_E036_N335,10000,ZJ-HZB,L2-cmssm2020-polygons,2020,WEAK,100.0,0,0.0,0,0.0,0,0.0,0.0,0.0,UNLABELED,UNLABELED,,,
ZJ_U51_10K_E036_N335,10000,ZJ-HZB,L3-hangzhou-mask-2015,2015,WEAK,100.0,0,0.0,0,0.0,0,0.0,0.0,0.0,UNLABELED,UNLABELED,,,
ZJ_U51_10K_E036_N335,10000,ZJ-HZB,L4-cmsa-polygons-2019,2019,WEAK,100.0,0,0.0,0,0.0,0,0.0,0.0,0.0,UNLABELED,UNLABELED,,,
ZJ_U51_10K_E036_N335,10000,ZJ-HZB,L5-cmsa-polygons-2020,2020,WEAK,100.0,0,0.0,0,0.0,0,0.0,0.0,0.0,UNLABELED,UNLABELED,,,
ZJ_U51_10K_E036_N335,10000,ZJ-HZB,L6-cmsa-polygons-2021,2021,WEAK,100.0,0,0.0,0,0.0,0,0.0,0.0,0.0,UNLABELED,UNLABELED,,,
ZJ_U51_10K_E036_N336,10000,ZJ-HZB,L1-china2015-raster30m,2015,SILVER,100.0,0,0.0,0,0.0,0,0.0,0.0,0.0,UNLABELED,UNLABELED,,,
ZJ_U51_10K_E036_N336,10000,ZJ-HZB,L2-cmssm2020-polygons,2020,WEAK,100.0,0,0.0,0,0.0,0,0.0,0.0,0.0,UNLABELED,UNLABELED,,,
ZJ_U51_10K_E036_N336,10000,ZJ-HZB,L3-hangzhou-mask-2015,2015,WEAK,100.0,0,0.0,0,0.0,0,0.0,0.0,0.0,UNLABELED,UNLABELED,,,
ZJ_U51_10K_E036_N336,10000,ZJ-HZB,L4-cmsa-polygons-2019,2019,WEAK,100.0,0,0.0,0,0.0,0,0.0,0.0,0.0,UNLABELED,UNLABELED,,,
ZJ_U51_10K_E036_N336,10000,ZJ-HZB,L5-cmsa-polygons-2020,2020,WEAK,100.0,0,0.0,0,0.0,0,0.0,0.0,0.0,UNLABELED,UNLABELED,,,
ZJ_U51_10K_E036_N336,10000,ZJ-HZB,L6-cmsa-polygons-2021,2021,WEAK,100.0,0,0.0,0,0.0,0,0.0,0.0,0.0,UNLABELED,UNLABELED,,,
ZJ_U51_10K_E036_N337,10000,ZJ-HZB,L1-china2015-raster30m,2015,SILVER,100.0,0,0.0,0,0.0,0,0.0,0.0,0.0,UNLABELED,UNLABELED,,,
ZJ_U51_10K_E036_N337,10000,ZJ-HZB,L2-cmssm2020-polygons,2020,WEAK,100.0,0,0.0,0,0.0,0,0.0,0.0,0.0,UNLABELED,UNLABELED,,,
ZJ_U51_10K_E036_N337,10000,ZJ-HZB,L3-hangzhou-mask-2015,2015,WEAK,100.0,0,0.0,0,0.0,0,0.0,0.0,0.0,UNLABELED,UNLABELED,,,
ZJ_U51_10K_E036_N337,10000,ZJ-HZB,L4-cmsa-polygons-2019,2019,WEAK,100.0,0,0.0,0,0.0,0,0.0,0.0,0.0,UNLABELED,UNLABELED,,,
ZJ_U51_10K_E036_N337,10000,ZJ-HZB,L5-cmsa-polygons-2020,2020,WEAK,100.0,0,0.0,0,0.0,0,0.0,0.0,0.0,UNLABELED,UNLABELED,,,
ZJ_U51_10K_E036_N337,10000,ZJ-HZB,L6-cmsa-polygons-2021,2021,WEAK,100.0,0,0.0,0,0.0,0,0.0,0.0,0.0,UNLABELED,UNLABELED,,,
ZJ_U51_10K_E036_N338,10000,ZJ-HZB,L1-china2015-raster30m,2015,SILVER,100.0,0,0.0,0,0.0,0,0.0,0.0,0.0,UNLABELED,UNLABELED,,,
ZJ_U51_10K_E036_N338,10000,ZJ-HZB,L2-cmssm2020-polygons,2020,WEAK,100.0,0,0.0,0,0.0,0,0.0,0.0,0.0,UNLABELED,UNLABELED,,,
ZJ_U51_10K_E036_N338,10000,ZJ-HZB,L3-hangzhou-mask-2015,2015,WEAK,100.0,0,0.0,0,0.0,0,0.0,0.0,0.0,UNLABELED,UNLABELED,,,
ZJ_U51_10K_E036_N338,10000,ZJ-HZB,L4-cmsa-polygons-2019,2019,WEAK,100.0,0,0.0,0,0.0,0,0.0,0.0,0.0,UNLABELED,UNLABELED,,,
ZJ_U51_10K_E036_N338,10000,ZJ-HZB,L5-cmsa-polygons-2020,2020,WEAK,100.0,0,0.0,0,0.0,0,0.0,0.0,0.0,UNLABELED,UNLABELED,,,
ZJ_U51_10K_E036_N338,10000,ZJ-HZB,L6-cmsa-polygons-2021,2021,WEAK,100.0,0,0.0,0,0.0,0,0.0,0.0,0.0,UNLABELED,UNLABELED,,,
ZJ_U51_10K_E036_N339,10000,ZJ-HZB,L1-china2015-raster30m,2015,SILVER,99.002893,0,0.0,0,0.0,0,0.0,0.0,0.0,UNLABELED,UNLABELED,,,
ZJ_U51_10K_E036_N339,10000,ZJ-HZB,L2-cmssm2020-polygons,2020,WEAK,99.002893,0,0.0,0,0.0,0,0.0,0.0,0.0,UNLABELED,UNLABELED,,,
ZJ_U51_10K_E036_N339,10000,ZJ-HZB,L3-hangzhou-mask-2015,2015,WEAK,99.002893,0,0.0,0,0.0,0,0.0,0.0,0.0,UNLABELED,UNLABELED,,,
ZJ_U51_10K_E036_N339,10000,ZJ-HZB,L4-cmsa-polygons-2019,2019,WEAK,99.002893,0,0.0,0,0.0,0,0.0,0.0,0.0,UNLABELED,UNLABELED,,,
ZJ_U51_10K_E036_N339,10000,ZJ-HZB,L5-cmsa-polygons-2020,2020,WEAK,99.002893,0,0.0,0,0.0,0,0.0,0.0,0.0,UNLABELED,UNLABELED,,,
ZJ_U51_10K_E036_N339,10000,ZJ-HZB,L6-cmsa-polygons-2021,2021,WEAK,99.002893,0,0.0,0,0.0,0,0.0,0.0,0.0,UNLABELED,UNLABELED,,,
ZJ_U51_10K_E036_N340,10000,ZJ-HZB,L1-china2015-raster30m,2015,SILVER,19.670115,0,0.0,0,0.0,0,0.0,0.0,0.0,UNLABELED,UNLABELED,,,
ZJ_U51_10K_E036_N340,10000,ZJ-HZB,L2-cmssm2020-polygons,2020,WEAK,19.670115,0,0.0,0,0.0,0,0.0,0.0,0.0,UNLABELED,UNLABELED,,,
ZJ_U51_10K_E036_N340,10000,ZJ-HZB,L3-hangzhou-mask-2015,2015,WEAK,19.670115,0,0.0,0,0.0,0,0.0,0.0,0.0,UNLABELED,UNLABELED,,,
ZJ_U51_10K_E036_N340,10000,ZJ-HZB,L4-cmsa-polygons-2019,2019,WEAK,19.670115,0,0.0,0,0.0,0,0.0,0.0,0.0,UNLABELED,UNLABELED,,,
ZJ_U51_10K_E036_N340,10000,ZJ-HZB,L5-cmsa-polygons-2020,2020,WEAK,19.670115,0,0.0,0,0.0,0,0.0,0.0,0.0,UNLABELED,UNLABELED,,,
ZJ_U51_10K_E036_N340,10000,ZJ-HZB,L6-cmsa-polygons-2021,2021,WEAK,19.670115,0,0.0,0,0.0,0,0.0,0.0,0.0,UNLABELED,UNLABELED,,,
ZJ_U51_10K_E037_N320,10000,ZJ-SMB,L1-china2015-raster30m,2015,SILVER,30.587919,263,0.2367,49,0.0441,214,0.1926,0.002367,0.001442,SILVER,SILVER,,,
ZJ_U51_10K_E037_N320,10000,ZJ-SMB,L2-cmssm2020-polygons,2020,WEAK,30.587919,0,0.0,0,0.0,0,0.0,0.0,0.0,SILVER,SILVER,,,
ZJ_U51_10K_E037_N320,10000,ZJ-SMB,L3-hangzhou-mask-2015,2015,WEAK,30.587919,0,0.0,0,0.0,0,0.0,0.0,0.0,SILVER,SILVER,,,
ZJ_U51_10K_E037_N320,10000,ZJ-SMB,L4-cmsa-polygons-2019,2019,WEAK,30.587919,0,0.0,0,0.0,0,0.0,0.0,0.0,SILVER,SILVER,,,
ZJ_U51_10K_E037_N320,10000,ZJ-SMB,L5-cmsa-polygons-2020,2020,WEAK,30.587919,0,0.0,0,0.0,0,0.0,0.0,0.0,SILVER,SILVER,,,
ZJ_U51_10K_E037_N320,10000,ZJ-SMB,L6-cmsa-polygons-2021,2021,WEAK,30.587919,0,0.0,0,0.0,0,0.0,0.0,0.0,SILVER,SILVER,,,
ZJ_U51_10K_E037_N321,10000,ZJ-SMB,L1-china2015-raster30m,2015,SILVER,100.0,330,0.297,330,0.297,0,0.0,0.00297,0.00297,SILVER,SILVER,,,
ZJ_U51_10K_E037_N321,10000,ZJ-SMB,L2-cmssm2020-polygons,2020,WEAK,100.0,0,0.0,0,0.0,0,0.0,0.0,0.0,SILVER,SILVER,,,
ZJ_U51_10K_E037_N321,10000,ZJ-SMB,L3-hangzhou-mask-2015,2015,WEAK,100.0,0,0.0,0,0.0,0,0.0,0.0,0.0,SILVER,SILVER,,,
ZJ_U51_10K_E037_N321,10000,ZJ-SMB,L4-cmsa-polygons-2019,2019,WEAK,100.0,0,0.0,0,0.0,0,0.0,0.0,0.0,SILVER,SILVER,,,
ZJ_U51_10K_E037_N321,10000,ZJ-SMB,L5-cmsa-polygons-2020,2020,WEAK,100.0,0,0.0,0,0.0,0,0.0,0.0,0.0,SILVER,SILVER,,,
ZJ_U51_10K_E037_N321,10000,ZJ-SMB,L6-cmsa-polygons-2021,2021,WEAK,100.0,0,0.0,0,0.0,0,0.0,0.0,0.0,SILVER,SILVER,,,
ZJ_U51_10K_E037_N322,10000,ZJ-SMB,L1-china2015-raster30m,2015,SILVER,100.0,1048,0.9432,1048,0.9432,0,0.0,0.009432,0.009432,SILVER,SILVER,,,
ZJ_U51_10K_E037_N322,10000,ZJ-SMB,L2-cmssm2020-polygons,2020,WEAK,100.0,0,0.0,0,0.0,0,0.0,0.0,0.0,SILVER,SILVER,,,
ZJ_U51_10K_E037_N322,10000,ZJ-SMB,L3-hangzhou-mask-2015,2015,WEAK,100.0,0,0.0,0,0.0,0,0.0,0.0,0.0,SILVER,SILVER,,,
ZJ_U51_10K_E037_N322,10000,ZJ-SMB,L4-cmsa-polygons-2019,2019,WEAK,100.0,0,0.0,0,0.0,0,0.0,0.0,0.0,SILVER,SILVER,,,
ZJ_U51_10K_E037_N322,10000,ZJ-SMB,L5-cmsa-polygons-2020,2020,WEAK,100.0,0,0.0,0,0.0,0,0.0,0.0,0.0,SILVER,SILVER,,,
ZJ_U51_10K_E037_N322,10000,ZJ-SMB,L6-cmsa-polygons-2021,2021,WEAK,100.0,0,0.0,0,0.0,0,0.0,0.0,0.0,SILVER,SILVER,,,
ZJ_U51_10K_E037_N323,10000,ZJ-SMB,L1-china2015-raster30m,2015,SILVER,87.763654,216,0.1944,216,0.1944,0,0.0,0.001944,0.002215,SILVER,SILVER,,,
ZJ_U51_10K_E037_N323,10000,ZJ-SMB,L2-cmssm2020-polygons,2020,WEAK,87.763654,0,0.0,0,0.0,0,0.0,0.0,0.0,SILVER,SILVER,,,
ZJ_U51_10K_E037_N323,10000,ZJ-SMB,L3-hangzhou-mask-2015,2015,WEAK,87.763654,0,0.0,0,0.0,0,0.0,0.0,0.0,SILVER,SILVER,,,
ZJ_U51_10K_E037_N323,10000,ZJ-SMB,L4-cmsa-polygons-2019,2019,WEAK,87.763654,0,0.0,0,0.0,0,0.0,0.0,0.0,SILVER,SILVER,,,
ZJ_U51_10K_E037_N323,10000,ZJ-SMB,L5-cmsa-polygons-2020,2020,WEAK,87.763654,0,0.0,0,0.0,0,0.0,0.0,0.0,SILVER,SILVER,,,
ZJ_U51_10K_E037_N323,10000,ZJ-SMB,L6-cmsa-polygons-2021,2021,WEAK,87.763654,0,0.0,0,0.0,0,0.0,0.0,0.0,SILVER,SILVER,,,
ZJ_U51_10K_E037_N324,10000,ZJ-SMB,L1-china2015-raster30m,2015,SILVER,2.162082,0,0.0,0,0.0,0,0.0,0.0,0.0,UNLABELED,UNLABELED,GOLD_EVIDENCE_TARGET,CROSS_BAY_LABEL_GAP_SMB_NO_LABEL_IN_BAY_CLIP,
ZJ_U51_10K_E037_N324,10000,ZJ-SMB,L2-cmssm2020-polygons,2020,WEAK,2.162082,0,0.0,0,0.0,0,0.0,0.0,0.0,UNLABELED,UNLABELED,GOLD_EVIDENCE_TARGET,CROSS_BAY_LABEL_GAP_SMB_NO_LABEL_IN_BAY_CLIP,
ZJ_U51_10K_E037_N324,10000,ZJ-SMB,L3-hangzhou-mask-2015,2015,WEAK,2.162082,0,0.0,0,0.0,0,0.0,0.0,0.0,UNLABELED,UNLABELED,GOLD_EVIDENCE_TARGET,CROSS_BAY_LABEL_GAP_SMB_NO_LABEL_IN_BAY_CLIP,
ZJ_U51_10K_E037_N324,10000,ZJ-SMB,L4-cmsa-polygons-2019,2019,WEAK,2.162082,0,0.0,0,0.0,0,0.0,0.0,0.0,UNLABELED,UNLABELED,GOLD_EVIDENCE_TARGET,CROSS_BAY_LABEL_GAP_SMB_NO_LABEL_IN_BAY_CLIP,
ZJ_U51_10K_E037_N324,10000,ZJ-SMB,L5-cmsa-polygons-2020,2020,WEAK,2.162082,0,0.0,0,0.0,0,0.0,0.0,0.0,UNLABELED,UNLABELED,GOLD_EVIDENCE_TARGET,CROSS_BAY_LABEL_GAP_SMB_NO_LABEL_IN_BAY_CLIP,
ZJ_U51_10K_E037_N324,10000,ZJ-SMB,L6-cmsa-polygons-2021,2021,WEAK,2.162082,0,0.0,0,0.0,0,0.0,0.0,0.0,UNLABELED,UNLABELED,GOLD_EVIDENCE_TARGET,CROSS_BAY_LABEL_GAP_SMB_NO_LABEL_IN_BAY_CLIP,
ZJ_U51_10K_E037_N331,10000,ZJ-HZB,L1-china2015-raster30m,2015,SILVER,14.998064,402,0.3618,4,0.0036,398,0.3582,0.003618,0.00024,SILVER,SILVER,,,
ZJ_U51_10K_E037_N331,10000,ZJ-HZB,L2-cmssm2020-polygons,2020,WEAK,14.998064,0,0.0,0,0.0,0,0.0,0.0,0.0,SILVER,SILVER,,,
ZJ_U51_10K_E037_N331,10000,ZJ-HZB,L3-hangzhou-mask-2015,2015,WEAK,14.998064,0,0.0,0,0.0,0,0.0,0.0,0.0,SILVER,SILVER,,,
ZJ_U51_10K_E037_N331,10000,ZJ-HZB,L4-cmsa-polygons-2019,2019,WEAK,14.998064,0,0.0,0,0.0,0,0.0,0.0,0.0,SILVER,SILVER,,,
ZJ_U51_10K_E037_N331,10000,ZJ-HZB,L5-cmsa-polygons-2020,2020,WEAK,14.998064,0,0.0,0,0.0,0,0.0,0.0,0.0,SILVER,SILVER,,,
ZJ_U51_10K_E037_N331,10000,ZJ-HZB,L6-cmsa-polygons-2021,2021,WEAK,14.998064,0,0.0,0,0.0,0,0.0,0.0,0.0,SILVER,SILVER,,,
ZJ_U51_10K_E037_N332,10000,ZJ-HZB,L1-china2015-raster30m,2015,SILVER,97.414827,977,0.8793,977,0.8793,0,0.0,0.008793,0.009026,SILVER,SILVER,,,
ZJ_U51_10K_E037_N332,10000,ZJ-HZB,L2-cmssm2020-polygons,2020,WEAK,97.414827,0,0.0,0,0.0,0,0.0,0.0,0.0,SILVER,SILVER,,,
ZJ_U51_10K_E037_N332,10000,ZJ-HZB,L3-hangzhou-mask-2015,2015,WEAK,97.414827,0,0.0,0,0.0,0,0.0,0.0,0.0,SILVER,SILVER,,,
ZJ_U51_10K_E037_N332,10000,ZJ-HZB,L4-cmsa-polygons-2019,2019,WEAK,97.414827,0,0.0,0,0.0,0,0.0,0.0,0.0,SILVER,SILVER,,,
ZJ_U51_10K_E037_N332,10000,ZJ-HZB,L5-cmsa-polygons-2020,2020,WEAK,97.414827,0,0.0,0,0.0,0,0.0,0.0,0.0,SILVER,SILVER,,,
ZJ_U51_10K_E037_N332,10000,ZJ-HZB,L6-cmsa-polygons-2021,2021,WEAK,97.414827,0,0.0,0,0.0,0,0.0,0.0,0.0,SILVER,SILVER,,,
ZJ_U51_10K_E037_N333,10000,ZJ-HZB,L1-china2015-raster30m,2015,SILVER,100.0,0,0.0,0,0.0,0,0.0,0.0,0.0,UNLABELED,UNLABELED,,,
ZJ_U51_10K_E037_N333,10000,ZJ-HZB,L2-cmssm2020-polygons,2020,WEAK,100.0,0,0.0,0,0.0,0,0.0,0.0,0.0,UNLABELED,UNLABELED,,,
ZJ_U51_10K_E037_N333,10000,ZJ-HZB,L3-hangzhou-mask-2015,2015,WEAK,100.0,0,0.0,0,0.0,0,0.0,0.0,0.0,UNLABELED,UNLABELED,,,
ZJ_U51_10K_E037_N333,10000,ZJ-HZB,L4-cmsa-polygons-2019,2019,WEAK,100.0,0,0.0,0,0.0,0,0.0,0.0,0.0,UNLABELED,UNLABELED,,,
ZJ_U51_10K_E037_N333,10000,ZJ-HZB,L5-cmsa-polygons-2020,2020,WEAK,100.0,0,0.0,0,0.0,0,0.0,0.0,0.0,UNLABELED,UNLABELED,,,
ZJ_U51_10K_E037_N333,10000,ZJ-HZB,L6-cmsa-polygons-2021,2021,WEAK,100.0,0,0.0,0,0.0,0,0.0,0.0,0.0,UNLABELED,UNLABELED,,,
ZJ_U51_10K_E037_N334,10000,ZJ-HZB,L1-china2015-raster30m,2015,SILVER,100.0,0,0.0,0,0.0,0,0.0,0.0,0.0,UNLABELED,UNLABELED,,,
ZJ_U51_10K_E037_N334,10000,ZJ-HZB,L2-cmssm2020-polygons,2020,WEAK,100.0,0,0.0,0,0.0,0,0.0,0.0,0.0,UNLABELED,UNLABELED,,,
ZJ_U51_10K_E037_N334,10000,ZJ-HZB,L3-hangzhou-mask-2015,2015,WEAK,100.0,0,0.0,0,0.0,0,0.0,0.0,0.0,UNLABELED,UNLABELED,,,
ZJ_U51_10K_E037_N334,10000,ZJ-HZB,L4-cmsa-polygons-2019,2019,WEAK,100.0,0,0.0,0,0.0,0,0.0,0.0,0.0,UNLABELED,UNLABELED,,,
ZJ_U51_10K_E037_N334,10000,ZJ-HZB,L5-cmsa-polygons-2020,2020,WEAK,100.0,0,0.0,0,0.0,0,0.0,0.0,0.0,UNLABELED,UNLABELED,,,
ZJ_U51_10K_E037_N334,10000,ZJ-HZB,L6-cmsa-polygons-2021,2021,WEAK,100.0,0,0.0,0,0.0,0,0.0,0.0,0.0,UNLABELED,UNLABELED,,,
ZJ_U51_10K_E037_N335,10000,ZJ-HZB,L1-china2015-raster30m,2015,SILVER,100.0,0,0.0,0,0.0,0,0.0,0.0,0.0,UNLABELED,UNLABELED,,,
ZJ_U51_10K_E037_N335,10000,ZJ-HZB,L2-cmssm2020-polygons,2020,WEAK,100.0,0,0.0,0,0.0,0,0.0,0.0,0.0,UNLABELED,UNLABELED,,,
ZJ_U51_10K_E037_N335,10000,ZJ-HZB,L3-hangzhou-mask-2015,2015,WEAK,100.0,0,0.0,0,0.0,0,0.0,0.0,0.0,UNLABELED,UNLABELED,,,
ZJ_U51_10K_E037_N335,10000,ZJ-HZB,L4-cmsa-polygons-2019,2019,WEAK,100.0,0,0.0,0,0.0,0,0.0,0.0,0.0,UNLABELED,UNLABELED,,,
ZJ_U51_10K_E037_N335,10000,ZJ-HZB,L5-cmsa-polygons-2020,2020,WEAK,100.0,0,0.0,0,0.0,0,0.0,0.0,0.0,UNLABELED,UNLABELED,,,
ZJ_U51_10K_E037_N335,10000,ZJ-HZB,L6-cmsa-polygons-2021,2021,WEAK,100.0,0,0.0,0,0.0,0,0.0,0.0,0.0,UNLABELED,UNLABELED,,,
ZJ_U51_10K_E037_N336,10000,ZJ-HZB,L1-china2015-raster30m,2015,SILVER,100.0,0,0.0,0,0.0,0,0.0,0.0,0.0,UNLABELED,UNLABELED,,,
ZJ_U51_10K_E037_N336,10000,ZJ-HZB,L2-cmssm2020-polygons,2020,WEAK,100.0,0,0.0,0,0.0,0,0.0,0.0,0.0,UNLABELED,UNLABELED,,,
ZJ_U51_10K_E037_N336,10000,ZJ-HZB,L3-hangzhou-mask-2015,2015,WEAK,100.0,0,0.0,0,0.0,0,0.0,0.0,0.0,UNLABELED,UNLABELED,,,
ZJ_U51_10K_E037_N336,10000,ZJ-HZB,L4-cmsa-polygons-2019,2019,WEAK,100.0,0,0.0,0,0.0,0,0.0,0.0,0.0,UNLABELED,UNLABELED,,,
ZJ_U51_10K_E037_N336,10000,ZJ-HZB,L5-cmsa-polygons-2020,2020,WEAK,100.0,0,0.0,0,0.0,0,0.0,0.0,0.0,UNLABELED,UNLABELED,,,
ZJ_U51_10K_E037_N336,10000,ZJ-HZB,L6-cmsa-polygons-2021,2021,WEAK,100.0,0,0.0,0,0.0,0,0.0,0.0,0.0,UNLABELED,UNLABELED,,,
ZJ_U51_10K_E037_N337,10000,ZJ-HZB,L1-china2015-raster30m,2015,SILVER,100.0,0,0.0,0,0.0,0,0.0,0.0,0.0,UNLABELED,UNLABELED,,,
ZJ_U51_10K_E037_N337,10000,ZJ-HZB,L2-cmssm2020-polygons,2020,WEAK,100.0,0,0.0,0,0.0,0,0.0,0.0,0.0,UNLABELED,UNLABELED,,,
ZJ_U51_10K_E037_N337,10000,ZJ-HZB,L3-hangzhou-mask-2015,2015,WEAK,100.0,0,0.0,0,0.0,0,0.0,0.0,0.0,UNLABELED,UNLABELED,,,
ZJ_U51_10K_E037_N337,10000,ZJ-HZB,L4-cmsa-polygons-2019,2019,WEAK,100.0,0,0.0,0,0.0,0,0.0,0.0,0.0,UNLABELED,UNLABELED,,,
ZJ_U51_10K_E037_N337,10000,ZJ-HZB,L5-cmsa-polygons-2020,2020,WEAK,100.0,0,0.0,0,0.0,0,0.0,0.0,0.0,UNLABELED,UNLABELED,,,
ZJ_U51_10K_E037_N337,10000,ZJ-HZB,L6-cmsa-polygons-2021,2021,WEAK,100.0,0,0.0,0,0.0,0,0.0,0.0,0.0,UNLABELED,UNLABELED,,,
ZJ_U51_10K_E037_N338,10000,ZJ-HZB,L1-china2015-raster30m,2015,SILVER,100.0,0,0.0,0,0.0,0,0.0,0.0,0.0,UNLABELED,UNLABELED,,,
ZJ_U51_10K_E037_N338,10000,ZJ-HZB,L2-cmssm2020-polygons,2020,WEAK,100.0,0,0.0,0,0.0,0,0.0,0.0,0.0,UNLABELED,UNLABELED,,,
ZJ_U51_10K_E037_N338,10000,ZJ-HZB,L3-hangzhou-mask-2015,2015,WEAK,100.0,0,0.0,0,0.0,0,0.0,0.0,0.0,UNLABELED,UNLABELED,,,
ZJ_U51_10K_E037_N338,10000,ZJ-HZB,L4-cmsa-polygons-2019,2019,WEAK,100.0,0,0.0,0,0.0,0,0.0,0.0,0.0,UNLABELED,UNLABELED,,,
ZJ_U51_10K_E037_N338,10000,ZJ-HZB,L5-cmsa-polygons-2020,2020,WEAK,100.0,0,0.0,0,0.0,0,0.0,0.0,0.0,UNLABELED,UNLABELED,,,
ZJ_U51_10K_E037_N338,10000,ZJ-HZB,L6-cmsa-polygons-2021,2021,WEAK,100.0,0,0.0,0,0.0,0,0.0,0.0,0.0,UNLABELED,UNLABELED,,,
ZJ_U51_10K_E037_N339,10000,ZJ-HZB,L1-china2015-raster30m,2015,SILVER,100.0,0,0.0,0,0.0,0,0.0,0.0,0.0,UNLABELED,UNLABELED,,,
ZJ_U51_10K_E037_N339,10000,ZJ-HZB,L2-cmssm2020-polygons,2020,WEAK,100.0,0,0.0,0,0.0,0,0.0,0.0,0.0,UNLABELED,UNLABELED,,,
ZJ_U51_10K_E037_N339,10000,ZJ-HZB,L3-hangzhou-mask-2015,2015,WEAK,100.0,0,0.0,0,0.0,0,0.0,0.0,0.0,UNLABELED,UNLABELED,,,
ZJ_U51_10K_E037_N339,10000,ZJ-HZB,L4-cmsa-polygons-2019,2019,WEAK,100.0,0,0.0,0,0.0,0,0.0,0.0,0.0,UNLABELED,UNLABELED,,,
ZJ_U51_10K_E037_N339,10000,ZJ-HZB,L5-cmsa-polygons-2020,2020,WEAK,100.0,0,0.0,0,0.0,0,0.0,0.0,0.0,UNLABELED,UNLABELED,,,
ZJ_U51_10K_E037_N339,10000,ZJ-HZB,L6-cmsa-polygons-2021,2021,WEAK,100.0,0,0.0,0,0.0,0,0.0,0.0,0.0,UNLABELED,UNLABELED,,,
ZJ_U51_10K_E037_N340,10000,ZJ-HZB,L1-china2015-raster30m,2015,SILVER,77.277502,0,0.0,0,0.0,0,0.0,0.0,0.0,UNLABELED,UNLABELED,,,
ZJ_U51_10K_E037_N340,10000,ZJ-HZB,L2-cmssm2020-polygons,2020,WEAK,77.277502,0,0.0,0,0.0,0,0.0,0.0,0.0,UNLABELED,UNLABELED,,,
ZJ_U51_10K_E037_N340,10000,ZJ-HZB,L3-hangzhou-mask-2015,2015,WEAK,77.277502,0,0.0,0,0.0,0,0.0,0.0,0.0,UNLABELED,UNLABELED,,,
ZJ_U51_10K_E037_N340,10000,ZJ-HZB,L4-cmsa-polygons-2019,2019,WEAK,77.277502,0,0.0,0,0.0,0,0.0,0.0,0.0,UNLABELED,UNLABELED,,,
ZJ_U51_10K_E037_N340,10000,ZJ-HZB,L5-cmsa-polygons-2020,2020,WEAK,77.277502,0,0.0,0,0.0,0,0.0,0.0,0.0,UNLABELED,UNLABELED,,,
ZJ_U51_10K_E037_N340,10000,ZJ-HZB,L6-cmsa-polygons-2021,2021,WEAK,77.277502,0,0.0,0,0.0,0,0.0,0.0,0.0,UNLABELED,UNLABELED,,,
ZJ_U51_10K_E037_N341,10000,ZJ-HZB,L1-china2015-raster30m,2015,SILVER,0.444677,692,0.6228,0,0.0,692,0.6228,0.006228,0.0,SILVER,UNLABELED,,,
ZJ_U51_10K_E037_N341,10000,ZJ-HZB,L2-cmssm2020-polygons,2020,WEAK,0.444677,0,0.0,0,0.0,0,0.0,0.0,0.0,SILVER,UNLABELED,,,
ZJ_U51_10K_E037_N341,10000,ZJ-HZB,L3-hangzhou-mask-2015,2015,WEAK,0.444677,0,0.0,0,0.0,0,0.0,0.0,0.0,SILVER,UNLABELED,,,
ZJ_U51_10K_E037_N341,10000,ZJ-HZB,L4-cmsa-polygons-2019,2019,WEAK,0.444677,0,0.0,0,0.0,0,0.0,0.0,0.0,SILVER,UNLABELED,,,
ZJ_U51_10K_E037_N341,10000,ZJ-HZB,L5-cmsa-polygons-2020,2020,WEAK,0.444677,0,0.0,0,0.0,0,0.0,0.0,0.0,SILVER,UNLABELED,,,
ZJ_U51_10K_E037_N341,10000,ZJ-HZB,L6-cmsa-polygons-2021,2021,WEAK,0.444677,0,0.0,0,0.0,0,0.0,0.0,0.0,SILVER,UNLABELED,,,
ZJ_U51_10K_E038_N320,10000,ZJ-SMB,L1-china2015-raster30m,2015,SILVER,17.672323,0,0.0,0,0.0,0,0.0,0.0,0.0,UNLABELED,UNLABELED,GOLD_EVIDENCE_TARGET,CROSS_BAY_LABEL_GAP_SMB_NO_LABEL_IN_BAY_CLIP,
ZJ_U51_10K_E038_N320,10000,ZJ-SMB,L2-cmssm2020-polygons,2020,WEAK,17.672323,0,0.0,0,0.0,0,0.0,0.0,0.0,UNLABELED,UNLABELED,GOLD_EVIDENCE_TARGET,CROSS_BAY_LABEL_GAP_SMB_NO_LABEL_IN_BAY_CLIP,
ZJ_U51_10K_E038_N320,10000,ZJ-SMB,L3-hangzhou-mask-2015,2015,WEAK,17.672323,0,0.0,0,0.0,0,0.0,0.0,0.0,UNLABELED,UNLABELED,GOLD_EVIDENCE_TARGET,CROSS_BAY_LABEL_GAP_SMB_NO_LABEL_IN_BAY_CLIP,
ZJ_U51_10K_E038_N320,10000,ZJ-SMB,L4-cmsa-polygons-2019,2019,WEAK,17.672323,0,0.0,0,0.0,0,0.0,0.0,0.0,UNLABELED,UNLABELED,GOLD_EVIDENCE_TARGET,CROSS_BAY_LABEL_GAP_SMB_NO_LABEL_IN_BAY_CLIP,
ZJ_U51_10K_E038_N320,10000,ZJ-SMB,L5-cmsa-polygons-2020,2020,WEAK,17.672323,0,0.0,0,0.0,0,0.0,0.0,0.0,UNLABELED,UNLABELED,GOLD_EVIDENCE_TARGET,CROSS_BAY_LABEL_GAP_SMB_NO_LABEL_IN_BAY_CLIP,
ZJ_U51_10K_E038_N320,10000,ZJ-SMB,L6-cmsa-polygons-2021,2021,WEAK,17.672323,0,0.0,0,0.0,0,0.0,0.0,0.0,UNLABELED,UNLABELED,GOLD_EVIDENCE_TARGET,CROSS_BAY_LABEL_GAP_SMB_NO_LABEL_IN_BAY_CLIP,
ZJ_U51_10K_E038_N321,10000,ZJ-SMB,L1-china2015-raster30m,2015,SILVER,100.0,1335,1.2015,1335,1.2015,0,0.0,0.012015,0.012015,SILVER,SILVER,,,
ZJ_U51_10K_E038_N321,10000,ZJ-SMB,L2-cmssm2020-polygons,2020,WEAK,100.0,0,0.0,0,0.0,0,0.0,0.0,0.0,SILVER,SILVER,,,
ZJ_U51_10K_E038_N321,10000,ZJ-SMB,L3-hangzhou-mask-2015,2015,WEAK,100.0,0,0.0,0,0.0,0,0.0,0.0,0.0,SILVER,SILVER,,,
ZJ_U51_10K_E038_N321,10000,ZJ-SMB,L4-cmsa-polygons-2019,2019,WEAK,100.0,0,0.0,0,0.0,0,0.0,0.0,0.0,SILVER,SILVER,,,
ZJ_U51_10K_E038_N321,10000,ZJ-SMB,L5-cmsa-polygons-2020,2020,WEAK,100.0,0,0.0,0,0.0,0,0.0,0.0,0.0,SILVER,SILVER,,,
ZJ_U51_10K_E038_N321,10000,ZJ-SMB,L6-cmsa-polygons-2021,2021,WEAK,100.0,0,0.0,0,0.0,0,0.0,0.0,0.0,SILVER,SILVER,,,
ZJ_U51_10K_E038_N322,10000,ZJ-SMB,L1-china2015-raster30m,2015,SILVER,100.0,3654,3.2886,3654,3.2886,0,0.0,0.032886,0.032886,SILVER,SILVER,,,
ZJ_U51_10K_E038_N322,10000,ZJ-SMB,L2-cmssm2020-polygons,2020,WEAK,100.0,0,0.0,0,0.0,0,0.0,0.0,0.0,SILVER,SILVER,,,
ZJ_U51_10K_E038_N322,10000,ZJ-SMB,L3-hangzhou-mask-2015,2015,WEAK,100.0,0,0.0,0,0.0,0,0.0,0.0,0.0,SILVER,SILVER,,,
ZJ_U51_10K_E038_N322,10000,ZJ-SMB,L4-cmsa-polygons-2019,2019,WEAK,100.0,0,0.0,0,0.0,0,0.0,0.0,0.0,SILVER,SILVER,,,
ZJ_U51_10K_E038_N322,10000,ZJ-SMB,L5-cmsa-polygons-2020,2020,WEAK,100.0,0,0.0,0,0.0,0,0.0,0.0,0.0,SILVER,SILVER,,,
ZJ_U51_10K_E038_N322,10000,ZJ-SMB,L6-cmsa-polygons-2021,2021,WEAK,100.0,0,0.0,0,0.0,0,0.0,0.0,0.0,SILVER,SILVER,,,
ZJ_U51_10K_E038_N323,10000,ZJ-SMB,L1-china2015-raster30m,2015,SILVER,40.554729,1475,1.3275,789,0.7101,686,0.6174,0.013275,0.01751,SILVER,SILVER,,,
ZJ_U51_10K_E038_N323,10000,ZJ-SMB,L2-cmssm2020-polygons,2020,WEAK,40.554729,0,0.0,0,0.0,0,0.0,0.0,0.0,SILVER,SILVER,,,
ZJ_U51_10K_E038_N323,10000,ZJ-SMB,L3-hangzhou-mask-2015,2015,WEAK,40.554729,0,0.0,0,0.0,0,0.0,0.0,0.0,SILVER,SILVER,,,
ZJ_U51_10K_E038_N323,10000,ZJ-SMB,L4-cmsa-polygons-2019,2019,WEAK,40.554729,0,0.0,0,0.0,0,0.0,0.0,0.0,SILVER,SILVER,,,
ZJ_U51_10K_E038_N323,10000,ZJ-SMB,L5-cmsa-polygons-2020,2020,WEAK,40.554729,0,0.0,0,0.0,0,0.0,0.0,0.0,SILVER,SILVER,,,
ZJ_U51_10K_E038_N323,10000,ZJ-SMB,L6-cmsa-polygons-2021,2021,WEAK,40.554729,0,0.0,0,0.0,0,0.0,0.0,0.0,SILVER,SILVER,,,
ZJ_U51_10K_E038_N332,10000,ZJ-HZB,L1-china2015-raster30m,2015,SILVER,1.85946,603,0.5427,0,0.0,603,0.5427,0.005427,0.0,SILVER,UNLABELED,,,
ZJ_U51_10K_E038_N332,10000,ZJ-HZB,L2-cmssm2020-polygons,2020,WEAK,1.85946,0,0.0,0,0.0,0,0.0,0.0,0.0,SILVER,UNLABELED,,,
ZJ_U51_10K_E038_N332,10000,ZJ-HZB,L3-hangzhou-mask-2015,2015,WEAK,1.85946,0,0.0,0,0.0,0,0.0,0.0,0.0,SILVER,UNLABELED,,,
ZJ_U51_10K_E038_N332,10000,ZJ-HZB,L4-cmsa-polygons-2019,2019,WEAK,1.85946,0,0.0,0,0.0,0,0.0,0.0,0.0,SILVER,UNLABELED,,,
ZJ_U51_10K_E038_N332,10000,ZJ-HZB,L5-cmsa-polygons-2020,2020,WEAK,1.85946,0,0.0,0,0.0,0,0.0,0.0,0.0,SILVER,UNLABELED,,,
ZJ_U51_10K_E038_N332,10000,ZJ-HZB,L6-cmsa-polygons-2021,2021,WEAK,1.85946,0,0.0,0,0.0,0,0.0,0.0,0.0,SILVER,UNLABELED,,,
ZJ_U51_10K_E038_N333,10000,ZJ-HZB,L1-china2015-raster30m,2015,SILVER,16.086735,0,0.0,0,0.0,0,0.0,0.0,0.0,UNLABELED,UNLABELED,,,
ZJ_U51_10K_E038_N333,10000,ZJ-HZB,L2-cmssm2020-polygons,2020,WEAK,16.086735,0,0.0,0,0.0,0,0.0,0.0,0.0,UNLABELED,UNLABELED,,,
ZJ_U51_10K_E038_N333,10000,ZJ-HZB,L3-hangzhou-mask-2015,2015,WEAK,16.086735,0,0.0,0,0.0,0,0.0,0.0,0.0,UNLABELED,UNLABELED,,,
ZJ_U51_10K_E038_N333,10000,ZJ-HZB,L4-cmsa-polygons-2019,2019,WEAK,16.086735,0,0.0,0,0.0,0,0.0,0.0,0.0,UNLABELED,UNLABELED,,,
ZJ_U51_10K_E038_N333,10000,ZJ-HZB,L5-cmsa-polygons-2020,2020,WEAK,16.086735,0,0.0,0,0.0,0,0.0,0.0,0.0,UNLABELED,UNLABELED,,,
ZJ_U51_10K_E038_N333,10000,ZJ-HZB,L6-cmsa-polygons-2021,2021,WEAK,16.086735,0,0.0,0,0.0,0,0.0,0.0,0.0,UNLABELED,UNLABELED,,,
ZJ_U51_10K_E038_N334,10000,ZJ-HZB,L1-china2015-raster30m,2015,SILVER,32.591256,0,0.0,0,0.0,0,0.0,0.0,0.0,UNLABELED,UNLABELED,,,
ZJ_U51_10K_E038_N334,10000,ZJ-HZB,L2-cmssm2020-polygons,2020,WEAK,32.591256,0,0.0,0,0.0,0,0.0,0.0,0.0,UNLABELED,UNLABELED,,,
ZJ_U51_10K_E038_N334,10000,ZJ-HZB,L3-hangzhou-mask-2015,2015,WEAK,32.591256,0,0.0,0,0.0,0,0.0,0.0,0.0,UNLABELED,UNLABELED,,,
ZJ_U51_10K_E038_N334,10000,ZJ-HZB,L4-cmsa-polygons-2019,2019,WEAK,32.591256,0,0.0,0,0.0,0,0.0,0.0,0.0,UNLABELED,UNLABELED,,,
ZJ_U51_10K_E038_N334,10000,ZJ-HZB,L5-cmsa-polygons-2020,2020,WEAK,32.591256,0,0.0,0,0.0,0,0.0,0.0,0.0,UNLABELED,UNLABELED,,,
ZJ_U51_10K_E038_N334,10000,ZJ-HZB,L6-cmsa-polygons-2021,2021,WEAK,32.591256,0,0.0,0,0.0,0,0.0,0.0,0.0,UNLABELED,UNLABELED,,,
ZJ_U51_10K_E038_N335,10000,ZJ-HZB,L1-china2015-raster30m,2015,SILVER,49.095776,0,0.0,0,0.0,0,0.0,0.0,0.0,UNLABELED,UNLABELED,,,
ZJ_U51_10K_E038_N335,10000,ZJ-HZB,L2-cmssm2020-polygons,2020,WEAK,49.095776,0,0.0,0,0.0,0,0.0,0.0,0.0,UNLABELED,UNLABELED,,,
ZJ_U51_10K_E038_N335,10000,ZJ-HZB,L3-hangzhou-mask-2015,2015,WEAK,49.095776,0,0.0,0,0.0,0,0.0,0.0,0.0,UNLABELED,UNLABELED,,,
ZJ_U51_10K_E038_N335,10000,ZJ-HZB,L4-cmsa-polygons-2019,2019,WEAK,49.095776,0,0.0,0,0.0,0,0.0,0.0,0.0,UNLABELED,UNLABELED,,,
ZJ_U51_10K_E038_N335,10000,ZJ-HZB,L5-cmsa-polygons-2020,2020,WEAK,49.095776,0,0.0,0,0.0,0,0.0,0.0,0.0,UNLABELED,UNLABELED,,,
ZJ_U51_10K_E038_N335,10000,ZJ-HZB,L6-cmsa-polygons-2021,2021,WEAK,49.095776,0,0.0,0,0.0,0,0.0,0.0,0.0,UNLABELED,UNLABELED,,,
ZJ_U51_10K_E038_N336,10000,ZJ-HZB,L1-china2015-raster30m,2015,SILVER,65.600297,0,0.0,0,0.0,0,0.0,0.0,0.0,UNLABELED,UNLABELED,,,
ZJ_U51_10K_E038_N336,10000,ZJ-HZB,L2-cmssm2020-polygons,2020,WEAK,65.600297,0,0.0,0,0.0,0,0.0,0.0,0.0,UNLABELED,UNLABELED,,,
ZJ_U51_10K_E038_N336,10000,ZJ-HZB,L3-hangzhou-mask-2015,2015,WEAK,65.600297,0,0.0,0,0.0,0,0.0,0.0,0.0,UNLABELED,UNLABELED,,,
ZJ_U51_10K_E038_N336,10000,ZJ-HZB,L4-cmsa-polygons-2019,2019,WEAK,65.600297,0,0.0,0,0.0,0,0.0,0.0,0.0,UNLABELED,UNLABELED,,,
ZJ_U51_10K_E038_N336,10000,ZJ-HZB,L5-cmsa-polygons-2020,2020,WEAK,65.600297,0,0.0,0,0.0,0,0.0,0.0,0.0,UNLABELED,UNLABELED,,,
ZJ_U51_10K_E038_N336,10000,ZJ-HZB,L6-cmsa-polygons-2021,2021,WEAK,65.600297,0,0.0,0,0.0,0,0.0,0.0,0.0,UNLABELED,UNLABELED,,,
ZJ_U51_10K_E038_N337,10000,ZJ-HZB,L1-china2015-raster30m,2015,SILVER,82.104817,0,0.0,0,0.0,0,0.0,0.0,0.0,UNLABELED,UNLABELED,,,
ZJ_U51_10K_E038_N337,10000,ZJ-HZB,L2-cmssm2020-polygons,2020,WEAK,82.104817,0,0.0,0,0.0,0,0.0,0.0,0.0,UNLABELED,UNLABELED,,,
ZJ_U51_10K_E038_N337,10000,ZJ-HZB,L3-hangzhou-mask-2015,2015,WEAK,82.104817,0,0.0,0,0.0,0,0.0,0.0,0.0,UNLABELED,UNLABELED,,,
ZJ_U51_10K_E038_N337,10000,ZJ-HZB,L4-cmsa-polygons-2019,2019,WEAK,82.104817,0,0.0,0,0.0,0,0.0,0.0,0.0,UNLABELED,UNLABELED,,,
ZJ_U51_10K_E038_N337,10000,ZJ-HZB,L5-cmsa-polygons-2020,2020,WEAK,82.104817,0,0.0,0,0.0,0,0.0,0.0,0.0,UNLABELED,UNLABELED,,,
ZJ_U51_10K_E038_N337,10000,ZJ-HZB,L6-cmsa-polygons-2021,2021,WEAK,82.104817,0,0.0,0,0.0,0,0.0,0.0,0.0,UNLABELED,UNLABELED,,,
ZJ_U51_10K_E038_N338,10000,ZJ-HZB,L1-china2015-raster30m,2015,SILVER,97.183016,0,0.0,0,0.0,0,0.0,0.0,0.0,UNLABELED,UNLABELED,,,
ZJ_U51_10K_E038_N338,10000,ZJ-HZB,L2-cmssm2020-polygons,2020,WEAK,97.183016,0,0.0,0,0.0,0,0.0,0.0,0.0,UNLABELED,UNLABELED,,,
ZJ_U51_10K_E038_N338,10000,ZJ-HZB,L3-hangzhou-mask-2015,2015,WEAK,97.183016,0,0.0,0,0.0,0,0.0,0.0,0.0,UNLABELED,UNLABELED,,,
ZJ_U51_10K_E038_N338,10000,ZJ-HZB,L4-cmsa-polygons-2019,2019,WEAK,97.183016,0,0.0,0,0.0,0,0.0,0.0,0.0,UNLABELED,UNLABELED,,,
ZJ_U51_10K_E038_N338,10000,ZJ-HZB,L5-cmsa-polygons-2020,2020,WEAK,97.183016,0,0.0,0,0.0,0,0.0,0.0,0.0,UNLABELED,UNLABELED,,,
ZJ_U51_10K_E038_N338,10000,ZJ-HZB,L6-cmsa-polygons-2021,2021,WEAK,97.183016,0,0.0,0,0.0,0,0.0,0.0,0.0,UNLABELED,UNLABELED,,,
ZJ_U51_10K_E038_N339,10000,ZJ-HZB,L1-china2015-raster30m,2015,SILVER,100.0,0,0.0,0,0.0,0,0.0,0.0,0.0,UNLABELED,UNLABELED,,,
ZJ_U51_10K_E038_N339,10000,ZJ-HZB,L2-cmssm2020-polygons,2020,WEAK,100.0,0,0.0,0,0.0,0,0.0,0.0,0.0,UNLABELED,UNLABELED,,,
ZJ_U51_10K_E038_N339,10000,ZJ-HZB,L3-hangzhou-mask-2015,2015,WEAK,100.0,0,0.0,0,0.0,0,0.0,0.0,0.0,UNLABELED,UNLABELED,,,
ZJ_U51_10K_E038_N339,10000,ZJ-HZB,L4-cmsa-polygons-2019,2019,WEAK,100.0,0,0.0,0,0.0,0,0.0,0.0,0.0,UNLABELED,UNLABELED,,,
ZJ_U51_10K_E038_N339,10000,ZJ-HZB,L5-cmsa-polygons-2020,2020,WEAK,100.0,0,0.0,0,0.0,0,0.0,0.0,0.0,UNLABELED,UNLABELED,,,
ZJ_U51_10K_E038_N339,10000,ZJ-HZB,L6-cmsa-polygons-2021,2021,WEAK,100.0,0,0.0,0,0.0,0,0.0,0.0,0.0,UNLABELED,UNLABELED,,,
ZJ_U51_10K_E038_N340,10000,ZJ-HZB,L1-china2015-raster30m,2015,SILVER,100.0,0,0.0,0,0.0,0,0.0,0.0,0.0,UNLABELED,UNLABELED,,,
ZJ_U51_10K_E038_N340,10000,ZJ-HZB,L2-cmssm2020-polygons,2020,WEAK,100.0,0,0.0,0,0.0,0,0.0,0.0,0.0,UNLABELED,UNLABELED,,,
ZJ_U51_10K_E038_N340,10000,ZJ-HZB,L3-hangzhou-mask-2015,2015,WEAK,100.0,0,0.0,0,0.0,0,0.0,0.0,0.0,UNLABELED,UNLABELED,,,
ZJ_U51_10K_E038_N340,10000,ZJ-HZB,L4-cmsa-polygons-2019,2019,WEAK,100.0,0,0.0,0,0.0,0,0.0,0.0,0.0,UNLABELED,UNLABELED,,,
ZJ_U51_10K_E038_N340,10000,ZJ-HZB,L5-cmsa-polygons-2020,2020,WEAK,100.0,0,0.0,0,0.0,0,0.0,0.0,0.0,UNLABELED,UNLABELED,,,
ZJ_U51_10K_E038_N340,10000,ZJ-HZB,L6-cmsa-polygons-2021,2021,WEAK,100.0,0,0.0,0,0.0,0,0.0,0.0,0.0,UNLABELED,UNLABELED,,,
ZJ_U51_10K_E038_N341,10000,ZJ-HZB,L1-china2015-raster30m,2015,SILVER,36.77135,530,0.477,0,0.0,530,0.477,0.00477,0.0,SILVER,UNLABELED,,,
ZJ_U51_10K_E038_N341,10000,ZJ-HZB,L2-cmssm2020-polygons,2020,WEAK,36.77135,0,0.0,0,0.0,0,0.0,0.0,0.0,SILVER,UNLABELED,,,
ZJ_U51_10K_E038_N341,10000,ZJ-HZB,L3-hangzhou-mask-2015,2015,WEAK,36.77135,0,0.0,0,0.0,0,0.0,0.0,0.0,SILVER,UNLABELED,,,
ZJ_U51_10K_E038_N341,10000,ZJ-HZB,L4-cmsa-polygons-2019,2019,WEAK,36.77135,0,0.0,0,0.0,0,0.0,0.0,0.0,SILVER,UNLABELED,,,
ZJ_U51_10K_E038_N341,10000,ZJ-HZB,L5-cmsa-polygons-2020,2020,WEAK,36.77135,0,0.0,0,0.0,0,0.0,0.0,0.0,SILVER,UNLABELED,,,
ZJ_U51_10K_E038_N341,10000,ZJ-HZB,L6-cmsa-polygons-2021,2021,WEAK,36.77135,0,0.0,0,0.0,0,0.0,0.0,0.0,SILVER,UNLABELED,,,
ZJ_U51_10K_E039_N320,10000,ZJ-SMB,L1-china2015-raster30m,2015,SILVER,2.812334,0,0.0,0,0.0,0,0.0,0.0,0.0,UNLABELED,UNLABELED,GOLD_EVIDENCE_TARGET,CROSS_BAY_LABEL_GAP_SMB_NO_LABEL_IN_BAY_CLIP,
ZJ_U51_10K_E039_N320,10000,ZJ-SMB,L2-cmssm2020-polygons,2020,WEAK,2.812334,0,0.0,0,0.0,0,0.0,0.0,0.0,UNLABELED,UNLABELED,GOLD_EVIDENCE_TARGET,CROSS_BAY_LABEL_GAP_SMB_NO_LABEL_IN_BAY_CLIP,
ZJ_U51_10K_E039_N320,10000,ZJ-SMB,L3-hangzhou-mask-2015,2015,WEAK,2.812334,0,0.0,0,0.0,0,0.0,0.0,0.0,UNLABELED,UNLABELED,GOLD_EVIDENCE_TARGET,CROSS_BAY_LABEL_GAP_SMB_NO_LABEL_IN_BAY_CLIP,
ZJ_U51_10K_E039_N320,10000,ZJ-SMB,L4-cmsa-polygons-2019,2019,WEAK,2.812334,0,0.0,0,0.0,0,0.0,0.0,0.0,UNLABELED,UNLABELED,GOLD_EVIDENCE_TARGET,CROSS_BAY_LABEL_GAP_SMB_NO_LABEL_IN_BAY_CLIP,
ZJ_U51_10K_E039_N320,10000,ZJ-SMB,L5-cmsa-polygons-2020,2020,WEAK,2.812334,0,0.0,0,0.0,0,0.0,0.0,0.0,UNLABELED,UNLABELED,GOLD_EVIDENCE_TARGET,CROSS_BAY_LABEL_GAP_SMB_NO_LABEL_IN_BAY_CLIP,
ZJ_U51_10K_E039_N320,10000,ZJ-SMB,L6-cmsa-polygons-2021,2021,WEAK,2.812334,0,0.0,0,0.0,0,0.0,0.0,0.0,UNLABELED,UNLABELED,GOLD_EVIDENCE_TARGET,CROSS_BAY_LABEL_GAP_SMB_NO_LABEL_IN_BAY_CLIP,
ZJ_U51_10K_E039_N321,10000,ZJ-SMB,L1-china2015-raster30m,2015,SILVER,71.734017,77,0.0693,77,0.0693,0,0.0,0.000693,0.000966,SILVER,SILVER,,,
ZJ_U51_10K_E039_N321,10000,ZJ-SMB,L2-cmssm2020-polygons,2020,WEAK,71.734017,0,0.0,0,0.0,0,0.0,0.0,0.0,SILVER,SILVER,,,
ZJ_U51_10K_E039_N321,10000,ZJ-SMB,L3-hangzhou-mask-2015,2015,WEAK,71.734017,0,0.0,0,0.0,0,0.0,0.0,0.0,SILVER,SILVER,,,
ZJ_U51_10K_E039_N321,10000,ZJ-SMB,L4-cmsa-polygons-2019,2019,WEAK,71.734017,0,0.0,0,0.0,0,0.0,0.0,0.0,SILVER,SILVER,,,
ZJ_U51_10K_E039_N321,10000,ZJ-SMB,L5-cmsa-polygons-2020,2020,WEAK,71.734017,0,0.0,0,0.0,0,0.0,0.0,0.0,SILVER,SILVER,,,
ZJ_U51_10K_E039_N321,10000,ZJ-SMB,L6-cmsa-polygons-2021,2021,WEAK,71.734017,0,0.0,0,0.0,0,0.0,0.0,0.0,SILVER,SILVER,,,
ZJ_U51_10K_E039_N322,10000,ZJ-SMB,L1-china2015-raster30m,2015,SILVER,85.166989,507,0.4563,329,0.2961,178,0.1602,0.004563,0.003477,SILVER,SILVER,,,
ZJ_U51_10K_E039_N322,10000,ZJ-SMB,L2-cmssm2020-polygons,2020,WEAK,85.166989,0,0.0,0,0.0,0,0.0,0.0,0.0,SILVER,SILVER,,,
ZJ_U51_10K_E039_N322,10000,ZJ-SMB,L3-hangzhou-mask-2015,2015,WEAK,85.166989,0,0.0,0,0.0,0,0.0,0.0,0.0,SILVER,SILVER,,,
ZJ_U51_10K_E039_N322,10000,ZJ-SMB,L4-cmsa-polygons-2019,2019,WEAK,85.166989,0,0.0,0,0.0,0,0.0,0.0,0.0,SILVER,SILVER,,,
ZJ_U51_10K_E039_N322,10000,ZJ-SMB,L5-cmsa-polygons-2020,2020,WEAK,85.166989,0,0.0,0,0.0,0,0.0,0.0,0.0,SILVER,SILVER,,,
ZJ_U51_10K_E039_N322,10000,ZJ-SMB,L6-cmsa-polygons-2021,2021,WEAK,85.166989,0,0.0,0,0.0,0,0.0,0.0,0.0,SILVER,SILVER,,,
ZJ_U51_10K_E039_N323,10000,ZJ-SMB,L1-china2015-raster30m,2015,SILVER,2.550407,15,0.0135,0,0.0,15,0.0135,0.000135,0.0,SILVER,UNLABELED,GOLD_EVIDENCE_TARGET,CROSS_BAY_LABEL_GAP_SMB_NO_LABEL_IN_BAY_CLIP,
ZJ_U51_10K_E039_N323,10000,ZJ-SMB,L2-cmssm2020-polygons,2020,WEAK,2.550407,0,0.0,0,0.0,0,0.0,0.0,0.0,SILVER,UNLABELED,GOLD_EVIDENCE_TARGET,CROSS_BAY_LABEL_GAP_SMB_NO_LABEL_IN_BAY_CLIP,
ZJ_U51_10K_E039_N323,10000,ZJ-SMB,L3-hangzhou-mask-2015,2015,WEAK,2.550407,0,0.0,0,0.0,0,0.0,0.0,0.0,SILVER,UNLABELED,GOLD_EVIDENCE_TARGET,CROSS_BAY_LABEL_GAP_SMB_NO_LABEL_IN_BAY_CLIP,
ZJ_U51_10K_E039_N323,10000,ZJ-SMB,L4-cmsa-polygons-2019,2019,WEAK,2.550407,0,0.0,0,0.0,0,0.0,0.0,0.0,SILVER,UNLABELED,GOLD_EVIDENCE_TARGET,CROSS_BAY_LABEL_GAP_SMB_NO_LABEL_IN_BAY_CLIP,
ZJ_U51_10K_E039_N323,10000,ZJ-SMB,L5-cmsa-polygons-2020,2020,WEAK,2.550407,0,0.0,0,0.0,0,0.0,0.0,0.0,SILVER,UNLABELED,GOLD_EVIDENCE_TARGET,CROSS_BAY_LABEL_GAP_SMB_NO_LABEL_IN_BAY_CLIP,
ZJ_U51_10K_E039_N323,10000,ZJ-SMB,L6-cmsa-polygons-2021,2021,WEAK,2.550407,0,0.0,0,0.0,0,0.0,0.0,0.0,SILVER,UNLABELED,GOLD_EVIDENCE_TARGET,CROSS_BAY_LABEL_GAP_SMB_NO_LABEL_IN_BAY_CLIP,
ZJ_U51_10K_E039_N338,10000,ZJ-HZB,L1-china2015-raster30m,2015,SILVER,1.426322,0,0.0,0,0.0,0,0.0,0.0,0.0,UNLABELED,UNLABELED,,,
ZJ_U51_10K_E039_N338,10000,ZJ-HZB,L2-cmssm2020-polygons,2020,WEAK,1.426322,0,0.0,0,0.0,0,0.0,0.0,0.0,UNLABELED,UNLABELED,,,
ZJ_U51_10K_E039_N338,10000,ZJ-HZB,L3-hangzhou-mask-2015,2015,WEAK,1.426322,0,0.0,0,0.0,0,0.0,0.0,0.0,UNLABELED,UNLABELED,,,
ZJ_U51_10K_E039_N338,10000,ZJ-HZB,L4-cmsa-polygons-2019,2019,WEAK,1.426322,0,0.0,0,0.0,0,0.0,0.0,0.0,UNLABELED,UNLABELED,,,
ZJ_U51_10K_E039_N338,10000,ZJ-HZB,L5-cmsa-polygons-2020,2020,WEAK,1.426322,0,0.0,0,0.0,0,0.0,0.0,0.0,UNLABELED,UNLABELED,,,
ZJ_U51_10K_E039_N338,10000,ZJ-HZB,L6-cmsa-polygons-2021,2021,WEAK,1.426322,0,0.0,0,0.0,0,0.0,0.0,0.0,UNLABELED,UNLABELED,,,
ZJ_U51_10K_E039_N339,10000,ZJ-HZB,L1-china2015-raster30m,2015,SILVER,15.113859,0,0.0,0,0.0,0,0.0,0.0,0.0,UNLABELED,UNLABELED,,,
ZJ_U51_10K_E039_N339,10000,ZJ-HZB,L2-cmssm2020-polygons,2020,WEAK,15.113859,0,0.0,0,0.0,0,0.0,0.0,0.0,UNLABELED,UNLABELED,,,
ZJ_U51_10K_E039_N339,10000,ZJ-HZB,L3-hangzhou-mask-2015,2015,WEAK,15.113859,0,0.0,0,0.0,0,0.0,0.0,0.0,UNLABELED,UNLABELED,,,
ZJ_U51_10K_E039_N339,10000,ZJ-HZB,L4-cmsa-polygons-2019,2019,WEAK,15.113859,0,0.0,0,0.0,0,0.0,0.0,0.0,UNLABELED,UNLABELED,,,
ZJ_U51_10K_E039_N339,10000,ZJ-HZB,L5-cmsa-polygons-2020,2020,WEAK,15.113859,0,0.0,0,0.0,0,0.0,0.0,0.0,UNLABELED,UNLABELED,,,
ZJ_U51_10K_E039_N339,10000,ZJ-HZB,L6-cmsa-polygons-2021,2021,WEAK,15.113859,0,0.0,0,0.0,0,0.0,0.0,0.0,UNLABELED,UNLABELED,,,
ZJ_U51_10K_E039_N340,10000,ZJ-HZB,L1-china2015-raster30m,2015,SILVER,31.618379,0,0.0,0,0.0,0,0.0,0.0,0.0,UNLABELED,UNLABELED,,,
ZJ_U51_10K_E039_N340,10000,ZJ-HZB,L2-cmssm2020-polygons,2020,WEAK,31.618379,0,0.0,0,0.0,0,0.0,0.0,0.0,UNLABELED,UNLABELED,,,
ZJ_U51_10K_E039_N340,10000,ZJ-HZB,L3-hangzhou-mask-2015,2015,WEAK,31.618379,0,0.0,0,0.0,0,0.0,0.0,0.0,UNLABELED,UNLABELED,,,
ZJ_U51_10K_E039_N340,10000,ZJ-HZB,L4-cmsa-polygons-2019,2019,WEAK,31.618379,0,0.0,0,0.0,0,0.0,0.0,0.0,UNLABELED,UNLABELED,,,
ZJ_U51_10K_E039_N340,10000,ZJ-HZB,L5-cmsa-polygons-2020,2020,WEAK,31.618379,0,0.0,0,0.0,0,0.0,0.0,0.0,UNLABELED,UNLABELED,,,
ZJ_U51_10K_E039_N340,10000,ZJ-HZB,L6-cmsa-polygons-2021,2021,WEAK,31.618379,0,0.0,0,0.0,0,0.0,0.0,0.0,UNLABELED,UNLABELED,,,
ZJ_U51_10K_E039_N341,10000,ZJ-HZB,L1-china2015-raster30m,2015,SILVER,38.505718,61,0.0549,11,0.0099,50,0.045,0.000549,0.000257,SILVER,SILVER,,,
ZJ_U51_10K_E039_N341,10000,ZJ-HZB,L2-cmssm2020-polygons,2020,WEAK,38.505718,0,0.0,0,0.0,0,0.0,0.0,0.0,SILVER,SILVER,,,
ZJ_U51_10K_E039_N341,10000,ZJ-HZB,L3-hangzhou-mask-2015,2015,WEAK,38.505718,0,0.0,0,0.0,0,0.0,0.0,0.0,SILVER,SILVER,,,
ZJ_U51_10K_E039_N341,10000,ZJ-HZB,L4-cmsa-polygons-2019,2019,WEAK,38.505718,0,0.0,0,0.0,0,0.0,0.0,0.0,SILVER,SILVER,,,
ZJ_U51_10K_E039_N341,10000,ZJ-HZB,L5-cmsa-polygons-2020,2020,WEAK,38.505718,0,0.0,0,0.0,0,0.0,0.0,0.0,SILVER,SILVER,,,
ZJ_U51_10K_E039_N341,10000,ZJ-HZB,L6-cmsa-polygons-2021,2021,WEAK,38.505718,0,0.0,0,0.0,0,0.0,0.0,0.0,SILVER,SILVER,,,
ZJ_U51_20K_E014_N154,20000,ZJ-YQB,L1-china2015-raster30m,2015,SILVER,2.750942,2808,2.5272,0,0.0,2808,2.5272,0.006318,0.0,SILVER,UNLABELED,,,
ZJ_U51_20K_E014_N154,20000,ZJ-YQB,L2-cmssm2020-polygons,2020,WEAK,2.750942,0,0.0,0,0.0,0,0.0,0.0,0.0,SILVER,UNLABELED,,,
ZJ_U51_20K_E014_N154,20000,ZJ-YQB,L3-hangzhou-mask-2015,2015,WEAK,2.750942,0,0.0,0,0.0,0,0.0,0.0,0.0,SILVER,UNLABELED,,,
ZJ_U51_20K_E014_N154,20000,ZJ-YQB,L4-cmsa-polygons-2019,2019,WEAK,2.750942,0,0.0,0,0.0,0,0.0,0.0,0.0,SILVER,UNLABELED,,,
ZJ_U51_20K_E014_N154,20000,ZJ-YQB,L5-cmsa-polygons-2020,2020,WEAK,2.750942,0,0.0,0,0.0,0,0.0,0.0,0.0,SILVER,UNLABELED,,,
ZJ_U51_20K_E014_N154,20000,ZJ-YQB,L6-cmsa-polygons-2021,2021,WEAK,2.750942,0,0.0,0,0.0,0,0.0,0.0,0.0,SILVER,UNLABELED,,,
ZJ_U51_20K_E014_N155,20000,ZJ-YQB,L1-china2015-raster30m,2015,SILVER,3.148068,28,0.0252,0,0.0,28,0.0252,6.3e-05,0.0,SILVER,UNLABELED,,,
ZJ_U51_20K_E014_N155,20000,ZJ-YQB,L2-cmssm2020-polygons,2020,WEAK,3.148068,0,0.0,0,0.0,0,0.0,0.0,0.0,SILVER,UNLABELED,,,
ZJ_U51_20K_E014_N155,20000,ZJ-YQB,L3-hangzhou-mask-2015,2015,WEAK,3.148068,0,0.0,0,0.0,0,0.0,0.0,0.0,SILVER,UNLABELED,,,
ZJ_U51_20K_E014_N155,20000,ZJ-YQB,L4-cmsa-polygons-2019,2019,WEAK,3.148068,0,0.0,0,0.0,0,0.0,0.0,0.0,SILVER,UNLABELED,,,
ZJ_U51_20K_E014_N155,20000,ZJ-YQB,L5-cmsa-polygons-2020,2020,WEAK,3.148068,0,0.0,0,0.0,0,0.0,0.0,0.0,SILVER,UNLABELED,,,
ZJ_U51_20K_E014_N155,20000,ZJ-YQB,L6-cmsa-polygons-2021,2021,WEAK,3.148068,0,0.0,0,0.0,0,0.0,0.0,0.0,SILVER,UNLABELED,,,
ZJ_U51_20K_E014_N167,20000,ZJ-HZB,L1-china2015-raster30m,2015,SILVER,16.577677,271,0.2439,42,0.0378,229,0.2061,0.00061,0.00228,SILVER,SILVER,,,
ZJ_U51_20K_E014_N167,20000,ZJ-HZB,L2-cmssm2020-polygons,2020,WEAK,16.577677,0,0.0,0,0.0,0,0.0,0.0,0.0,SILVER,SILVER,,,
ZJ_U51_20K_E014_N167,20000,ZJ-HZB,L3-hangzhou-mask-2015,2015,WEAK,16.577677,0,0.0,0,0.0,0,0.0,0.0,0.0,SILVER,SILVER,,,
ZJ_U51_20K_E014_N167,20000,ZJ-HZB,L4-cmsa-polygons-2019,2019,WEAK,16.577677,0,0.0,0,0.0,0,0.0,0.0,0.0,SILVER,SILVER,,,
ZJ_U51_20K_E014_N167,20000,ZJ-HZB,L5-cmsa-polygons-2020,2020,WEAK,16.577677,0,0.0,0,0.0,0,0.0,0.0,0.0,SILVER,SILVER,,,
ZJ_U51_20K_E014_N167,20000,ZJ-HZB,L6-cmsa-polygons-2021,2021,WEAK,16.577677,0,0.0,0,0.0,0,0.0,0.0,0.0,SILVER,SILVER,,,
ZJ_U51_20K_E014_N168,20000,ZJ-HZB,L1-china2015-raster30m,2015,SILVER,10.771586,687,0.6183,358,0.3222,329,0.2961,0.001546,0.029912,SILVER,SILVER,,,
ZJ_U51_20K_E014_N168,20000,ZJ-HZB,L2-cmssm2020-polygons,2020,WEAK,10.771586,0,0.0,0,0.0,0,0.0,0.0,0.0,SILVER,SILVER,,,
ZJ_U51_20K_E014_N168,20000,ZJ-HZB,L3-hangzhou-mask-2015,2015,WEAK,10.771586,0,0.0,0,0.0,0,0.0,0.0,0.0,SILVER,SILVER,,,
ZJ_U51_20K_E014_N168,20000,ZJ-HZB,L4-cmsa-polygons-2019,2019,WEAK,10.771586,0,0.0,0,0.0,0,0.0,0.0,0.0,SILVER,SILVER,,,
ZJ_U51_20K_E014_N168,20000,ZJ-HZB,L5-cmsa-polygons-2020,2020,WEAK,10.771586,0,0.0,0,0.0,0,0.0,0.0,0.0,SILVER,SILVER,,,
ZJ_U51_20K_E014_N168,20000,ZJ-HZB,L6-cmsa-polygons-2021,2021,WEAK,10.771586,0,0.0,0,0.0,0,0.0,0.0,0.0,SILVER,SILVER,,,
ZJ_U51_20K_E015_N154,20000,ZJ-YQB,L1-china2015-raster30m,2015,SILVER,61.105303,1485,1.3365,340,0.306,1145,1.0305,0.003341,0.005008,SILVER,SILVER,,,
ZJ_U51_20K_E015_N154,20000,ZJ-YQB,L2-cmssm2020-polygons,2020,WEAK,61.105303,0,0.0,0,0.0,0,0.0,0.0,0.0,SILVER,SILVER,,,
ZJ_U51_20K_E015_N154,20000,ZJ-YQB,L3-hangzhou-mask-2015,2015,WEAK,61.105303,0,0.0,0,0.0,0,0.0,0.0,0.0,SILVER,SILVER,,,
ZJ_U51_20K_E015_N154,20000,ZJ-YQB,L4-cmsa-polygons-2019,2019,WEAK,61.105303,0,0.0,0,0.0,0,0.0,0.0,0.0,SILVER,SILVER,,,
ZJ_U51_20K_E015_N154,20000,ZJ-YQB,L5-cmsa-polygons-2020,2020,WEAK,61.105303,0,0.0,0,0.0,0,0.0,0.0,0.0,SILVER,SILVER,,,
ZJ_U51_20K_E015_N154,20000,ZJ-YQB,L6-cmsa-polygons-2021,2021,WEAK,61.105303,0,0.0,0,0.0,0,0.0,0.0,0.0,SILVER,SILVER,,,
ZJ_U51_20K_E015_N155,20000,ZJ-YQB,L1-china2015-raster30m,2015,SILVER,317.374516,5690,5.121,5690,5.121,0,0.0,0.012803,0.016136,SILVER,SILVER,,,
ZJ_U51_20K_E015_N155,20000,ZJ-YQB,L2-cmssm2020-polygons,2020,WEAK,317.374516,0,0.0,0,0.0,0,0.0,0.0,0.0,SILVER,SILVER,,,
ZJ_U51_20K_E015_N155,20000,ZJ-YQB,L3-hangzhou-mask-2015,2015,WEAK,317.374516,0,0.0,0,0.0,0,0.0,0.0,0.0,SILVER,SILVER,,,
ZJ_U51_20K_E015_N155,20000,ZJ-YQB,L4-cmsa-polygons-2019,2019,WEAK,317.374516,0,0.0,0,0.0,0,0.0,0.0,0.0,SILVER,SILVER,,,
ZJ_U51_20K_E015_N155,20000,ZJ-YQB,L5-cmsa-polygons-2020,2020,WEAK,317.374516,0,0.0,0,0.0,0,0.0,0.0,0.0,SILVER,SILVER,,,
ZJ_U51_20K_E015_N155,20000,ZJ-YQB,L6-cmsa-polygons-2021,2021,WEAK,317.374516,0,0.0,0,0.0,0,0.0,0.0,0.0,SILVER,SILVER,,,
ZJ_U51_20K_E015_N156,20000,ZJ-YQB,L1-china2015-raster30m,2015,SILVER,86.92382,7742,6.9678,6599,5.9391,1143,1.0287,0.01742,0.068325,SILVER+WEAK,SILVER+WEAK,,,
ZJ_U51_20K_E015_N156,20000,ZJ-YQB,L2-cmssm2020-polygons,2020,WEAK,86.92382,0,0.0,0,0.0,0,0.0,0.0,0.0,SILVER+WEAK,SILVER+WEAK,,,
ZJ_U51_20K_E015_N156,20000,ZJ-YQB,L3-hangzhou-mask-2015,2015,WEAK,86.92382,0,0.0,0,0.0,0,0.0,0.0,0.0,SILVER+WEAK,SILVER+WEAK,,,
ZJ_U51_20K_E015_N156,20000,ZJ-YQB,L4-cmsa-polygons-2019,2019,WEAK,86.92382,4,3.2571,4,3.0222,2,0.2353,0.008143,0.034768,SILVER+WEAK,SILVER+WEAK,,,
ZJ_U51_20K_E015_N156,20000,ZJ-YQB,L5-cmsa-polygons-2020,2020,WEAK,86.92382,17,0.9968,14,0.7867,10,0.2103,0.002492,0.00905,SILVER+WEAK,SILVER+WEAK,,,
ZJ_U51_20K_E015_N156,20000,ZJ-YQB,L6-cmsa-polygons-2021,2021,WEAK,86.92382,8,3.1781,6,3.0059,4,0.1726,0.007945,0.034581,SILVER+WEAK,SILVER+WEAK,,,
ZJ_U51_20K_E015_N167,20000,ZJ-HZB,L1-china2015-raster30m,2015,SILVER,183.836622,505,0.4545,474,0.4266,31,0.0279,0.001136,0.002321,SILVER+WEAK,SILVER+WEAK,,,
ZJ_U51_20K_E015_N167,20000,ZJ-HZB,L2-cmssm2020-polygons,2020,WEAK,183.836622,0,0.0,0,0.0,0,0.0,0.0,0.0,SILVER+WEAK,SILVER+WEAK,,,
ZJ_U51_20K_E015_N167,20000,ZJ-HZB,L3-hangzhou-mask-2015,2015,WEAK,183.836622,4230,3.7972,4230,3.7972,0,0.0,0.009493,0.020655,SILVER+WEAK,SILVER+WEAK,,,
ZJ_U51_20K_E015_N167,20000,ZJ-HZB,L4-cmsa-polygons-2019,2019,WEAK,183.836622,0,0.0,0,0.0,0,0.0,0.0,0.0,SILVER+WEAK,SILVER+WEAK,,,
ZJ_U51_20K_E015_N167,20000,ZJ-HZB,L5-cmsa-polygons-2020,2020,WEAK,183.836622,0,0.0,0,0.0,0,0.0,0.0,0.0,SILVER+WEAK,SILVER+WEAK,,,
ZJ_U51_20K_E015_N167,20000,ZJ-HZB,L6-cmsa-polygons-2021,2021,WEAK,183.836622,0,0.0,0,0.0,0,0.0,0.0,0.0,SILVER+WEAK,SILVER+WEAK,,,
ZJ_U51_20K_E015_N168,20000,ZJ-HZB,L1-china2015-raster30m,2015,SILVER,187.805137,263,0.2367,0,0.0,263,0.2367,0.000592,0.0,SILVER,UNLABELED,,,
ZJ_U51_20K_E015_N168,20000,ZJ-HZB,L2-cmssm2020-polygons,2020,WEAK,187.805137,0,0.0,0,0.0,0,0.0,0.0,0.0,SILVER,UNLABELED,,,
ZJ_U51_20K_E015_N168,20000,ZJ-HZB,L3-hangzhou-mask-2015,2015,WEAK,187.805137,0,0.0,0,0.0,0,0.0,0.0,0.0,SILVER,UNLABELED,,,
ZJ_U51_20K_E015_N168,20000,ZJ-HZB,L4-cmsa-polygons-2019,2019,WEAK,187.805137,0,0.0,0,0.0,0,0.0,0.0,0.0,SILVER,UNLABELED,,,
ZJ_U51_20K_E015_N168,20000,ZJ-HZB,L5-cmsa-polygons-2020,2020,WEAK,187.805137,0,0.0,0,0.0,0,0.0,0.0,0.0,SILVER,UNLABELED,,,
ZJ_U51_20K_E015_N168,20000,ZJ-HZB,L6-cmsa-polygons-2021,2021,WEAK,187.805137,0,0.0,0,0.0,0,0.0,0.0,0.0,SILVER,UNLABELED,,,
ZJ_U51_20K_E016_N155,20000,ZJ-YQB,L1-china2015-raster30m,2015,SILVER,65.829196,3069,2.7621,1942,1.7478,1127,1.0143,0.006905,0.026551,SILVER,SILVER,,,
ZJ_U51_20K_E016_N155,20000,ZJ-YQB,L2-cmssm2020-polygons,2020,WEAK,65.829196,0,0.0,0,0.0,0,0.0,0.0,0.0,SILVER,SILVER,,,
ZJ_U51_20K_E016_N155,20000,ZJ-YQB,L3-hangzhou-mask-2015,2015,WEAK,65.829196,0,0.0,0,0.0,0,0.0,0.0,0.0,SILVER,SILVER,,,
ZJ_U51_20K_E016_N155,20000,ZJ-YQB,L4-cmsa-polygons-2019,2019,WEAK,65.829196,0,0.0,0,0.0,0,0.0,0.0,0.0,SILVER,SILVER,,,
ZJ_U51_20K_E016_N155,20000,ZJ-YQB,L5-cmsa-polygons-2020,2020,WEAK,65.829196,0,0.0,0,0.0,0,0.0,0.0,0.0,SILVER,SILVER,,,
ZJ_U51_20K_E016_N155,20000,ZJ-YQB,L6-cmsa-polygons-2021,2021,WEAK,65.829196,0,0.0,0,0.0,0,0.0,0.0,0.0,SILVER,SILVER,,,
ZJ_U51_20K_E016_N156,20000,ZJ-YQB,L1-china2015-raster30m,2015,SILVER,72.524313,12207,10.9863,8085,7.2765,4122,3.7098,0.027466,0.100332,SILVER+WEAK,SILVER+WEAK,,,
ZJ_U51_20K_E016_N156,20000,ZJ-YQB,L2-cmssm2020-polygons,2020,WEAK,72.524313,0,0.0,0,0.0,0,0.0,0.0,0.0,SILVER+WEAK,SILVER+WEAK,,,
ZJ_U51_20K_E016_N156,20000,ZJ-YQB,L3-hangzhou-mask-2015,2015,WEAK,72.524313,0,0.0,0,0.0,0,0.0,0.0,0.0,SILVER+WEAK,SILVER+WEAK,,,
ZJ_U51_20K_E016_N156,20000,ZJ-YQB,L4-cmsa-polygons-2019,2019,WEAK,72.524313,76,5.9844,49,5.7909,28,0.1934,0.014961,0.079848,SILVER+WEAK,SILVER+WEAK,,,
ZJ_U51_20K_E016_N156,20000,ZJ-YQB,L5-cmsa-polygons-2020,2020,WEAK,72.524313,177,3.8326,148,3.5885,31,0.244,0.009581,0.04948,SILVER+WEAK,SILVER+WEAK,,,
ZJ_U51_20K_E016_N156,20000,ZJ-YQB,L6-cmsa-polygons-2021,2021,WEAK,72.524313,100,6.2348,76,6.0662,25,0.1686,0.015587,0.083644,SILVER+WEAK,SILVER+WEAK,,,
ZJ_U51_20K_E016_N157,20000,ZJ-YQB,L1-china2015-raster30m,2015,SILVER,3.413257,293,0.2637,271,0.2439,22,0.0198,0.000659,0.071457,SILVER+WEAK,SILVER+WEAK,,,
ZJ_U51_20K_E016_N157,20000,ZJ-YQB,L2-cmssm2020-polygons,2020,WEAK,3.413257,0,0.0,0,0.0,0,0.0,0.0,0.0,SILVER+WEAK,SILVER+WEAK,,,
ZJ_U51_20K_E016_N157,20000,ZJ-YQB,L3-hangzhou-mask-2015,2015,WEAK,3.413257,0,0.0,0,0.0,0,0.0,0.0,0.0,SILVER+WEAK,SILVER+WEAK,,,
ZJ_U51_20K_E016_N157,20000,ZJ-YQB,L4-cmsa-polygons-2019,2019,WEAK,3.413257,2,0.0164,2,0.016,0,0.0,4.1e-05,0.004688,SILVER+WEAK,SILVER+WEAK,,,
ZJ_U51_20K_E016_N157,20000,ZJ-YQB,L5-cmsa-polygons-2020,2020,WEAK,3.413257,0,0.0,0,0.0,0,0.0,0.0,0.0,SILVER+WEAK,SILVER+WEAK,,,
ZJ_U51_20K_E016_N157,20000,ZJ-YQB,L6-cmsa-polygons-2021,2021,WEAK,3.413257,2,0.0476,2,0.0473,0,0.0,0.000119,0.013858,SILVER+WEAK,SILVER+WEAK,,,
ZJ_U51_20K_E016_N166,20000,ZJ-HZB,L1-china2015-raster30m,2015,SILVER,18.484476,0,0.0,0,0.0,0,0.0,0.0,0.0,UNLABELED,UNLABELED,,,
ZJ_U51_20K_E016_N166,20000,ZJ-HZB,L2-cmssm2020-polygons,2020,WEAK,18.484476,0,0.0,0,0.0,0,0.0,0.0,0.0,UNLABELED,UNLABELED,,,
ZJ_U51_20K_E016_N166,20000,ZJ-HZB,L3-hangzhou-mask-2015,2015,WEAK,18.484476,0,0.0,0,0.0,0,0.0,0.0,0.0,UNLABELED,UNLABELED,,,
ZJ_U51_20K_E016_N166,20000,ZJ-HZB,L4-cmsa-polygons-2019,2019,WEAK,18.484476,0,0.0,0,0.0,0,0.0,0.0,0.0,UNLABELED,UNLABELED,,,
ZJ_U51_20K_E016_N166,20000,ZJ-HZB,L5-cmsa-polygons-2020,2020,WEAK,18.484476,0,0.0,0,0.0,0,0.0,0.0,0.0,UNLABELED,UNLABELED,,,
ZJ_U51_20K_E016_N166,20000,ZJ-HZB,L6-cmsa-polygons-2021,2021,WEAK,18.484476,0,0.0,0,0.0,0,0.0,0.0,0.0,UNLABELED,UNLABELED,,,
ZJ_U51_20K_E016_N167,20000,ZJ-HZB,L1-china2015-raster30m,2015,SILVER,367.025086,0,0.0,0,0.0,0,0.0,0.0,0.0,WEAK,WEAK,,,
ZJ_U51_20K_E016_N167,20000,ZJ-HZB,L2-cmssm2020-polygons,2020,WEAK,367.025086,0,0.0,0,0.0,0,0.0,0.0,0.0,WEAK,WEAK,,,
ZJ_U51_20K_E016_N167,20000,ZJ-HZB,L3-hangzhou-mask-2015,2015,WEAK,367.025086,976,0.8761,976,0.8761,0,0.0,0.00219,0.002387,WEAK,WEAK,,,
ZJ_U51_20K_E016_N167,20000,ZJ-HZB,L4-cmsa-polygons-2019,2019,WEAK,367.025086,0,0.0,0,0.0,0,0.0,0.0,0.0,WEAK,WEAK,,,
ZJ_U51_20K_E016_N167,20000,ZJ-HZB,L5-cmsa-polygons-2020,2020,WEAK,367.025086,0,0.0,0,0.0,0,0.0,0.0,0.0,WEAK,WEAK,,,
ZJ_U51_20K_E016_N167,20000,ZJ-HZB,L6-cmsa-polygons-2021,2021,WEAK,367.025086,0,0.0,0,0.0,0,0.0,0.0,0.0,WEAK,WEAK,,,
ZJ_U51_20K_E016_N168,20000,ZJ-HZB,L1-china2015-raster30m,2015,SILVER,381.256817,9899,8.9091,9899,8.9091,0,0.0,0.022273,0.023368,SILVER+WEAK,SILVER+WEAK,,,
ZJ_U51_20K_E016_N168,20000,ZJ-HZB,L2-cmssm2020-polygons,2020,WEAK,381.256817,0,0.0,0,0.0,0,0.0,0.0,0.0,SILVER+WEAK,SILVER+WEAK,,,
ZJ_U51_20K_E016_N168,20000,ZJ-HZB,L3-hangzhou-mask-2015,2015,WEAK,381.256817,7679,6.8934,7679,6.8934,0,0.0,0.017233,0.018081,SILVER+WEAK,SILVER+WEAK,,,
ZJ_U51_20K_E016_N168,20000,ZJ-HZB,L4-cmsa-polygons-2019,2019,WEAK,381.256817,0,0.0,0,0.0,0,0.0,0.0,0.0,SILVER+WEAK,SILVER+WEAK,,,
ZJ_U51_20K_E016_N168,20000,ZJ-HZB,L5-cmsa-polygons-2020,2020,WEAK,381.256817,0,0.0,0,0.0,0,0.0,0.0,0.0,SILVER+WEAK,SILVER+WEAK,,,
ZJ_U51_20K_E016_N168,20000,ZJ-HZB,L6-cmsa-polygons-2021,2021,WEAK,381.256817,0,0.0,0,0.0,0,0.0,0.0,0.0,SILVER+WEAK,SILVER+WEAK,,,
ZJ_U51_20K_E016_N169,20000,ZJ-HZB,L1-china2015-raster30m,2015,SILVER,42.745003,441,0.3969,0,0.0,441,0.3969,0.000992,0.0,SILVER,UNLABELED,,,
ZJ_U51_20K_E016_N169,20000,ZJ-HZB,L2-cmssm2020-polygons,2020,WEAK,42.745003,0,0.0,0,0.0,0,0.0,0.0,0.0,SILVER,UNLABELED,,,
ZJ_U51_20K_E016_N169,20000,ZJ-HZB,L3-hangzhou-mask-2015,2015,WEAK,42.745003,0,0.0,0,0.0,0,0.0,0.0,0.0,SILVER,UNLABELED,,,
ZJ_U51_20K_E016_N169,20000,ZJ-HZB,L4-cmsa-polygons-2019,2019,WEAK,42.745003,0,0.0,0,0.0,0,0.0,0.0,0.0,SILVER,UNLABELED,,,
ZJ_U51_20K_E016_N169,20000,ZJ-HZB,L5-cmsa-polygons-2020,2020,WEAK,42.745003,0,0.0,0,0.0,0,0.0,0.0,0.0,SILVER,UNLABELED,,,
ZJ_U51_20K_E016_N169,20000,ZJ-HZB,L6-cmsa-polygons-2021,2021,WEAK,42.745003,0,0.0,0,0.0,0,0.0,0.0,0.0,SILVER,UNLABELED,,,
ZJ_U51_20K_E017_N160,20000,ZJ-SMB,L1-china2015-raster30m,2015,SILVER,253.349935,3337,3.0033,1817,1.6353,1520,1.368,0.007508,0.006455,SILVER,SILVER,,,
ZJ_U51_20K_E017_N160,20000,ZJ-SMB,L2-cmssm2020-polygons,2020,WEAK,253.349935,0,0.0,0,0.0,0,0.0,0.0,0.0,SILVER,SILVER,,,
ZJ_U51_20K_E017_N160,20000,ZJ-SMB,L3-hangzhou-mask-2015,2015,WEAK,253.349935,0,0.0,0,0.0,0,0.0,0.0,0.0,SILVER,SILVER,,,
ZJ_U51_20K_E017_N160,20000,ZJ-SMB,L4-cmsa-polygons-2019,2019,WEAK,253.349935,0,0.0,0,0.0,0,0.0,0.0,0.0,SILVER,SILVER,,,
ZJ_U51_20K_E017_N160,20000,ZJ-SMB,L5-cmsa-polygons-2020,2020,WEAK,253.349935,0,0.0,0,0.0,0,0.0,0.0,0.0,SILVER,SILVER,,,
ZJ_U51_20K_E017_N160,20000,ZJ-SMB,L6-cmsa-polygons-2021,2021,WEAK,253.349935,0,0.0,0,0.0,0,0.0,0.0,0.0,SILVER,SILVER,,,
ZJ_U51_20K_E017_N161,20000,ZJ-SMB,L1-china2015-raster30m,2015,SILVER,311.295757,17492,15.7428,17457,15.7113,35,0.0315,0.039357,0.050471,SILVER,SILVER,,,
ZJ_U51_20K_E017_N161,20000,ZJ-SMB,L2-cmssm2020-polygons,2020,WEAK,311.295757,0,0.0,0,0.0,0,0.0,0.0,0.0,SILVER,SILVER,,,
ZJ_U51_20K_E017_N161,20000,ZJ-SMB,L3-hangzhou-mask-2015,2015,WEAK,311.295757,0,0.0,0,0.0,0,0.0,0.0,0.0,SILVER,SILVER,,,
ZJ_U51_20K_E017_N161,20000,ZJ-SMB,L4-cmsa-polygons-2019,2019,WEAK,311.295757,0,0.0,0,0.0,0,0.0,0.0,0.0,SILVER,SILVER,,,
ZJ_U51_20K_E017_N161,20000,ZJ-SMB,L5-cmsa-polygons-2020,2020,WEAK,311.295757,0,0.0,0,0.0,0,0.0,0.0,0.0,SILVER,SILVER,,,
ZJ_U51_20K_E017_N161,20000,ZJ-SMB,L6-cmsa-polygons-2021,2021,WEAK,311.295757,0,0.0,0,0.0,0,0.0,0.0,0.0,SILVER,SILVER,,,
ZJ_U51_20K_E017_N162,20000,ZJ-SMB,L1-china2015-raster30m,2015,SILVER,156.149314,1317,1.1853,0,0.0,1317,1.1853,0.002963,0.0,SILVER,UNLABELED,,,
ZJ_U51_20K_E017_N162,20000,ZJ-SMB,L2-cmssm2020-polygons,2020,WEAK,156.149314,0,0.0,0,0.0,0,0.0,0.0,0.0,SILVER,UNLABELED,,,
ZJ_U51_20K_E017_N162,20000,ZJ-SMB,L3-hangzhou-mask-2015,2015,WEAK,156.149314,0,0.0,0,0.0,0,0.0,0.0,0.0,SILVER,UNLABELED,,,
ZJ_U51_20K_E017_N162,20000,ZJ-SMB,L4-cmsa-polygons-2019,2019,WEAK,156.149314,0,0.0,0,0.0,0,0.0,0.0,0.0,SILVER,UNLABELED,,,
ZJ_U51_20K_E017_N162,20000,ZJ-SMB,L5-cmsa-polygons-2020,2020,WEAK,156.149314,0,0.0,0,0.0,0,0.0,0.0,0.0,SILVER,UNLABELED,,,
ZJ_U51_20K_E017_N162,20000,ZJ-SMB,L6-cmsa-polygons-2021,2021,WEAK,156.149314,0,0.0,0,0.0,0,0.0,0.0,0.0,SILVER,UNLABELED,,,
ZJ_U51_20K_E017_N166,20000,ZJ-HZB,L1-china2015-raster30m,2015,SILVER,187.1825,0,0.0,0,0.0,0,0.0,0.0,0.0,UNLABELED,UNLABELED,,,
ZJ_U51_20K_E017_N166,20000,ZJ-HZB,L2-cmssm2020-polygons,2020,WEAK,187.1825,0,0.0,0,0.0,0,0.0,0.0,0.0,UNLABELED,UNLABELED,,,
ZJ_U51_20K_E017_N166,20000,ZJ-HZB,L3-hangzhou-mask-2015,2015,WEAK,187.1825,0,0.0,0,0.0,0,0.0,0.0,0.0,UNLABELED,UNLABELED,,,
ZJ_U51_20K_E017_N166,20000,ZJ-HZB,L4-cmsa-polygons-2019,2019,WEAK,187.1825,0,0.0,0,0.0,0,0.0,0.0,0.0,UNLABELED,UNLABELED,,,
ZJ_U51_20K_E017_N166,20000,ZJ-HZB,L5-cmsa-polygons-2020,2020,WEAK,187.1825,0,0.0,0,0.0,0,0.0,0.0,0.0,UNLABELED,UNLABELED,,,
ZJ_U51_20K_E017_N166,20000,ZJ-HZB,L6-cmsa-polygons-2021,2021,WEAK,187.1825,0,0.0,0,0.0,0,0.0,0.0,0.0,UNLABELED,UNLABELED,,,
ZJ_U51_20K_E017_N167,20000,ZJ-HZB,L1-china2015-raster30m,2015,SILVER,400.0,3610,3.249,3610,3.249,0,0.0,0.008122,0.008122,SILVER+WEAK,SILVER+WEAK,,,
ZJ_U51_20K_E017_N167,20000,ZJ-HZB,L2-cmssm2020-polygons,2020,WEAK,400.0,0,0.0,0,0.0,0,0.0,0.0,0.0,SILVER+WEAK,SILVER+WEAK,,,
ZJ_U51_20K_E017_N167,20000,ZJ-HZB,L3-hangzhou-mask-2015,2015,WEAK,400.0,2715,2.4372,2715,2.4372,0,0.0,0.006093,0.006093,SILVER+WEAK,SILVER+WEAK,,,
ZJ_U51_20K_E017_N167,20000,ZJ-HZB,L4-cmsa-polygons-2019,2019,WEAK,400.0,0,0.0,0,0.0,0,0.0,0.0,0.0,SILVER+WEAK,SILVER+WEAK,,,
ZJ_U51_20K_E017_N167,20000,ZJ-HZB,L5-cmsa-polygons-2020,2020,WEAK,400.0,0,0.0,0,0.0,0,0.0,0.0,0.0,SILVER+WEAK,SILVER+WEAK,,,
ZJ_U51_20K_E017_N167,20000,ZJ-HZB,L6-cmsa-polygons-2021,2021,WEAK,400.0,0,0.0,0,0.0,0,0.0,0.0,0.0,SILVER+WEAK,SILVER+WEAK,,,
ZJ_U51_20K_E017_N168,20000,ZJ-HZB,L1-china2015-raster30m,2015,SILVER,400.0,359,0.3231,359,0.3231,0,0.0,0.000808,0.000808,SILVER,SILVER,,,
ZJ_U51_20K_E017_N168,20000,ZJ-HZB,L2-cmssm2020-polygons,2020,WEAK,400.0,0,0.0,0,0.0,0,0.0,0.0,0.0,SILVER,SILVER,,,
ZJ_U51_20K_E017_N168,20000,ZJ-HZB,L3-hangzhou-mask-2015,2015,WEAK,400.0,0,0.0,0,0.0,0,0.0,0.0,0.0,SILVER,SILVER,,,
ZJ_U51_20K_E017_N168,20000,ZJ-HZB,L4-cmsa-polygons-2019,2019,WEAK,400.0,0,0.0,0,0.0,0,0.0,0.0,0.0,SILVER,SILVER,,,
ZJ_U51_20K_E017_N168,20000,ZJ-HZB,L5-cmsa-polygons-2020,2020,WEAK,400.0,0,0.0,0,0.0,0,0.0,0.0,0.0,SILVER,SILVER,,,
ZJ_U51_20K_E017_N168,20000,ZJ-HZB,L6-cmsa-polygons-2021,2021,WEAK,400.0,0,0.0,0,0.0,0,0.0,0.0,0.0,SILVER,SILVER,,,
ZJ_U51_20K_E017_N169,20000,ZJ-HZB,L1-china2015-raster30m,2015,SILVER,260.198504,60,0.054,0,0.0,60,0.054,0.000135,0.0,SILVER,UNLABELED,,,
ZJ_U51_20K_E017_N169,20000,ZJ-HZB,L2-cmssm2020-polygons,2020,WEAK,260.198504,0,0.0,0,0.0,0,0.0,0.0,0.0,SILVER,UNLABELED,,,
ZJ_U51_20K_E017_N169,20000,ZJ-HZB,L3-hangzhou-mask-2015,2015,WEAK,260.198504,0,0.0,0,0.0,0,0.0,0.0,0.0,SILVER,UNLABELED,,,
ZJ_U51_20K_E017_N169,20000,ZJ-HZB,L4-cmsa-polygons-2019,2019,WEAK,260.198504,0,0.0,0,0.0,0,0.0,0.0,0.0,SILVER,UNLABELED,,,
ZJ_U51_20K_E017_N169,20000,ZJ-HZB,L5-cmsa-polygons-2020,2020,WEAK,260.198504,0,0.0,0,0.0,0,0.0,0.0,0.0,SILVER,UNLABELED,,,
ZJ_U51_20K_E017_N169,20000,ZJ-HZB,L6-cmsa-polygons-2021,2021,WEAK,260.198504,0,0.0,0,0.0,0,0.0,0.0,0.0,SILVER,UNLABELED,,,
ZJ_U51_20K_E018_N160,20000,ZJ-SMB,L1-china2015-raster30m,2015,SILVER,274.091434,2485,2.2365,1897,1.7073,588,0.5292,0.005591,0.006229,SILVER,SILVER,,,
ZJ_U51_20K_E018_N160,20000,ZJ-SMB,L2-cmssm2020-polygons,2020,WEAK,274.091434,0,0.0,0,0.0,0,0.0,0.0,0.0,SILVER,SILVER,,,
ZJ_U51_20K_E018_N160,20000,ZJ-SMB,L3-hangzhou-mask-2015,2015,WEAK,274.091434,0,0.0,0,0.0,0,0.0,0.0,0.0,SILVER,SILVER,,,
ZJ_U51_20K_E018_N160,20000,ZJ-SMB,L4-cmsa-polygons-2019,2019,WEAK,274.091434,0,0.0,0,0.0,0,0.0,0.0,0.0,SILVER,SILVER,,,
ZJ_U51_20K_E018_N160,20000,ZJ-SMB,L5-cmsa-polygons-2020,2020,WEAK,274.091434,0,0.0,0,0.0,0,0.0,0.0,0.0,SILVER,SILVER,,,
ZJ_U51_20K_E018_N160,20000,ZJ-SMB,L6-cmsa-polygons-2021,2021,WEAK,274.091434,0,0.0,0,0.0,0,0.0,0.0,0.0,SILVER,SILVER,,,
ZJ_U51_20K_E018_N161,20000,ZJ-SMB,L1-china2015-raster30m,2015,SILVER,387.763654,18955,17.0595,18955,17.0595,0,0.0,0.042649,0.043995,SILVER,SILVER,,,
ZJ_U51_20K_E018_N161,20000,ZJ-SMB,L2-cmssm2020-polygons,2020,WEAK,387.763654,0,0.0,0,0.0,0,0.0,0.0,0.0,SILVER,SILVER,,,
ZJ_U51_20K_E018_N161,20000,ZJ-SMB,L3-hangzhou-mask-2015,2015,WEAK,387.763654,0,0.0,0,0.0,0,0.0,0.0,0.0,SILVER,SILVER,,,
ZJ_U51_20K_E018_N161,20000,ZJ-SMB,L4-cmsa-polygons-2019,2019,WEAK,387.763654,0,0.0,0,0.0,0,0.0,0.0,0.0,SILVER,SILVER,,,
ZJ_U51_20K_E018_N161,20000,ZJ-SMB,L5-cmsa-polygons-2020,2020,WEAK,387.763654,0,0.0,0,0.0,0,0.0,0.0,0.0,SILVER,SILVER,,,
ZJ_U51_20K_E018_N161,20000,ZJ-SMB,L6-cmsa-polygons-2021,2021,WEAK,387.763654,0,0.0,0,0.0,0,0.0,0.0,0.0,SILVER,SILVER,,,
ZJ_U51_20K_E018_N162,20000,ZJ-SMB,L1-china2015-raster30m,2015,SILVER,41.458824,28,0.0252,0,0.0,28,0.0252,6.3e-05,0.0,SILVER,UNLABELED,,,
ZJ_U51_20K_E018_N162,20000,ZJ-SMB,L2-cmssm2020-polygons,2020,WEAK,41.458824,0,0.0,0,0.0,0,0.0,0.0,0.0,SILVER,UNLABELED,,,
ZJ_U51_20K_E018_N162,20000,ZJ-SMB,L3-hangzhou-mask-2015,2015,WEAK,41.458824,0,0.0,0,0.0,0,0.0,0.0,0.0,SILVER,UNLABELED,,,
ZJ_U51_20K_E018_N162,20000,ZJ-SMB,L4-cmsa-polygons-2019,2019,WEAK,41.458824,0,0.0,0,0.0,0,0.0,0.0,0.0,SILVER,UNLABELED,,,
ZJ_U51_20K_E018_N162,20000,ZJ-SMB,L5-cmsa-polygons-2020,2020,WEAK,41.458824,0,0.0,0,0.0,0,0.0,0.0,0.0,SILVER,UNLABELED,,,
ZJ_U51_20K_E018_N162,20000,ZJ-SMB,L6-cmsa-polygons-2021,2021,WEAK,41.458824,0,0.0,0,0.0,0,0.0,0.0,0.0,SILVER,UNLABELED,,,
ZJ_U51_20K_E018_N165,20000,ZJ-HZB,L1-china2015-raster30m,2015,SILVER,14.998064,402,0.3618,4,0.0036,398,0.3582,0.000905,0.00024,SILVER,SILVER,,,
ZJ_U51_20K_E018_N165,20000,ZJ-HZB,L2-cmssm2020-polygons,2020,WEAK,14.998064,0,0.0,0,0.0,0,0.0,0.0,0.0,SILVER,SILVER,,,
ZJ_U51_20K_E018_N165,20000,ZJ-HZB,L3-hangzhou-mask-2015,2015,WEAK,14.998064,0,0.0,0,0.0,0,0.0,0.0,0.0,SILVER,SILVER,,,
ZJ_U51_20K_E018_N165,20000,ZJ-HZB,L4-cmsa-polygons-2019,2019,WEAK,14.998064,0,0.0,0,0.0,0,0.0,0.0,0.0,SILVER,SILVER,,,
ZJ_U51_20K_E018_N165,20000,ZJ-HZB,L5-cmsa-polygons-2020,2020,WEAK,14.998064,0,0.0,0,0.0,0,0.0,0.0,0.0,SILVER,SILVER,,,
ZJ_U51_20K_E018_N165,20000,ZJ-HZB,L6-cmsa-polygons-2021,2021,WEAK,14.998064,0,0.0,0,0.0,0,0.0,0.0,0.0,SILVER,SILVER,,,
ZJ_U51_20K_E018_N166,20000,ZJ-HZB,L1-china2015-raster30m,2015,SILVER,366.633429,4511,4.0599,4511,4.0599,0,0.0,0.01015,0.011073,SILVER,SILVER,,,
ZJ_U51_20K_E018_N166,20000,ZJ-HZB,L2-cmssm2020-polygons,2020,WEAK,366.633429,0,0.0,0,0.0,0,0.0,0.0,0.0,SILVER,SILVER,,,
ZJ_U51_20K_E018_N166,20000,ZJ-HZB,L3-hangzhou-mask-2015,2015,WEAK,366.633429,0,0.0,0,0.0,0,0.0,0.0,0.0,SILVER,SILVER,,,
ZJ_U51_20K_E018_N166,20000,ZJ-HZB,L4-cmsa-polygons-2019,2019,WEAK,366.633429,0,0.0,0,0.0,0,0.0,0.0,0.0,SILVER,SILVER,,,
ZJ_U51_20K_E018_N166,20000,ZJ-HZB,L5-cmsa-polygons-2020,2020,WEAK,366.633429,0,0.0,0,0.0,0,0.0,0.0,0.0,SILVER,SILVER,,,
ZJ_U51_20K_E018_N166,20000,ZJ-HZB,L6-cmsa-polygons-2021,2021,WEAK,366.633429,0,0.0,0,0.0,0,0.0,0.0,0.0,SILVER,SILVER,,,
ZJ_U51_20K_E018_N167,20000,ZJ-HZB,L1-china2015-raster30m,2015,SILVER,400.0,0,0.0,0,0.0,0,0.0,0.0,0.0,UNLABELED,UNLABELED,,,
ZJ_U51_20K_E018_N167,20000,ZJ-HZB,L2-cmssm2020-polygons,2020,WEAK,400.0,0,0.0,0,0.0,0,0.0,0.0,0.0,UNLABELED,UNLABELED,,,
ZJ_U51_20K_E018_N167,20000,ZJ-HZB,L3-hangzhou-mask-2015,2015,WEAK,400.0,0,0.0,0,0.0,0,0.0,0.0,0.0,UNLABELED,UNLABELED,,,
ZJ_U51_20K_E018_N167,20000,ZJ-HZB,L4-cmsa-polygons-2019,2019,WEAK,400.0,0,0.0,0,0.0,0,0.0,0.0,0.0,UNLABELED,UNLABELED,,,
ZJ_U51_20K_E018_N167,20000,ZJ-HZB,L5-cmsa-polygons-2020,2020,WEAK,400.0,0,0.0,0,0.0,0,0.0,0.0,0.0,UNLABELED,UNLABELED,,,
ZJ_U51_20K_E018_N167,20000,ZJ-HZB,L6-cmsa-polygons-2021,2021,WEAK,400.0,0,0.0,0,0.0,0,0.0,0.0,0.0,UNLABELED,UNLABELED,,,
ZJ_U51_20K_E018_N168,20000,ZJ-HZB,L1-china2015-raster30m,2015,SILVER,400.0,0,0.0,0,0.0,0,0.0,0.0,0.0,UNLABELED,UNLABELED,,,
ZJ_U51_20K_E018_N168,20000,ZJ-HZB,L2-cmssm2020-polygons,2020,WEAK,400.0,0,0.0,0,0.0,0,0.0,0.0,0.0,UNLABELED,UNLABELED,,,
ZJ_U51_20K_E018_N168,20000,ZJ-HZB,L3-hangzhou-mask-2015,2015,WEAK,400.0,0,0.0,0,0.0,0,0.0,0.0,0.0,UNLABELED,UNLABELED,,,
ZJ_U51_20K_E018_N168,20000,ZJ-HZB,L4-cmsa-polygons-2019,2019,WEAK,400.0,0,0.0,0,0.0,0,0.0,0.0,0.0,UNLABELED,UNLABELED,,,
ZJ_U51_20K_E018_N168,20000,ZJ-HZB,L5-cmsa-polygons-2020,2020,WEAK,400.0,0,0.0,0,0.0,0,0.0,0.0,0.0,UNLABELED,UNLABELED,,,
ZJ_U51_20K_E018_N168,20000,ZJ-HZB,L6-cmsa-polygons-2021,2021,WEAK,400.0,0,0.0,0,0.0,0,0.0,0.0,0.0,UNLABELED,UNLABELED,,,
ZJ_U51_20K_E018_N169,20000,ZJ-HZB,L1-china2015-raster30m,2015,SILVER,399.002893,0,0.0,0,0.0,0,0.0,0.0,0.0,UNLABELED,UNLABELED,,,
ZJ_U51_20K_E018_N169,20000,ZJ-HZB,L2-cmssm2020-polygons,2020,WEAK,399.002893,0,0.0,0,0.0,0,0.0,0.0,0.0,UNLABELED,UNLABELED,,,
ZJ_U51_20K_E018_N169,20000,ZJ-HZB,L3-hangzhou-mask-2015,2015,WEAK,399.002893,0,0.0,0,0.0,0,0.0,0.0,0.0,UNLABELED,UNLABELED,,,
ZJ_U51_20K_E018_N169,20000,ZJ-HZB,L4-cmsa-polygons-2019,2019,WEAK,399.002893,0,0.0,0,0.0,0,0.0,0.0,0.0,UNLABELED,UNLABELED,,,
ZJ_U51_20K_E018_N169,20000,ZJ-HZB,L5-cmsa-polygons-2020,2020,WEAK,399.002893,0,0.0,0,0.0,0,0.0,0.0,0.0,UNLABELED,UNLABELED,,,
ZJ_U51_20K_E018_N169,20000,ZJ-HZB,L6-cmsa-polygons-2021,2021,WEAK,399.002893,0,0.0,0,0.0,0,0.0,0.0,0.0,UNLABELED,UNLABELED,,,
ZJ_U51_20K_E018_N170,20000,ZJ-HZB,L1-china2015-raster30m,2015,SILVER,97.392294,841,0.7569,0,0.0,841,0.7569,0.001892,0.0,SILVER,UNLABELED,,,
ZJ_U51_20K_E018_N170,20000,ZJ-HZB,L2-cmssm2020-polygons,2020,WEAK,97.392294,0,0.0,0,0.0,0,0.0,0.0,0.0,SILVER,UNLABELED,,,
ZJ_U51_20K_E018_N170,20000,ZJ-HZB,L3-hangzhou-mask-2015,2015,WEAK,97.392294,0,0.0,0,0.0,0,0.0,0.0,0.0,SILVER,UNLABELED,,,
ZJ_U51_20K_E018_N170,20000,ZJ-HZB,L4-cmsa-polygons-2019,2019,WEAK,97.392294,0,0.0,0,0.0,0,0.0,0.0,0.0,SILVER,UNLABELED,,,
ZJ_U51_20K_E018_N170,20000,ZJ-HZB,L5-cmsa-polygons-2020,2020,WEAK,97.392294,0,0.0,0,0.0,0,0.0,0.0,0.0,SILVER,UNLABELED,,,
ZJ_U51_20K_E018_N170,20000,ZJ-HZB,L6-cmsa-polygons-2021,2021,WEAK,97.392294,0,0.0,0,0.0,0,0.0,0.0,0.0,SILVER,UNLABELED,,,
ZJ_U51_20K_E019_N160,20000,ZJ-SMB,L1-china2015-raster30m,2015,SILVER,192.218675,1412,1.2708,1412,1.2708,0,0.0,0.003177,0.006611,SILVER,SILVER,,,
ZJ_U51_20K_E019_N160,20000,ZJ-SMB,L2-cmssm2020-polygons,2020,WEAK,192.218675,0,0.0,0,0.0,0,0.0,0.0,0.0,SILVER,SILVER,,,
ZJ_U51_20K_E019_N160,20000,ZJ-SMB,L3-hangzhou-mask-2015,2015,WEAK,192.218675,0,0.0,0,0.0,0,0.0,0.0,0.0,SILVER,SILVER,,,
ZJ_U51_20K_E019_N160,20000,ZJ-SMB,L4-cmsa-polygons-2019,2019,WEAK,192.218675,0,0.0,0,0.0,0,0.0,0.0,0.0,SILVER,SILVER,,,
ZJ_U51_20K_E019_N160,20000,ZJ-SMB,L5-cmsa-polygons-2020,2020,WEAK,192.218675,0,0.0,0,0.0,0,0.0,0.0,0.0,SILVER,SILVER,,,
ZJ_U51_20K_E019_N160,20000,ZJ-SMB,L6-cmsa-polygons-2021,2021,WEAK,192.218675,0,0.0,0,0.0,0,0.0,0.0,0.0,SILVER,SILVER,,,
ZJ_U51_20K_E019_N161,20000,ZJ-SMB,L1-china2015-raster30m,2015,SILVER,228.272125,5651,5.0859,4772,4.2948,879,0.7911,0.012715,0.018814,SILVER,SILVER,,,
ZJ_U51_20K_E019_N161,20000,ZJ-SMB,L2-cmssm2020-polygons,2020,WEAK,228.272125,0,0.0,0,0.0,0,0.0,0.0,0.0,SILVER,SILVER,,,
ZJ_U51_20K_E019_N161,20000,ZJ-SMB,L3-hangzhou-mask-2015,2015,WEAK,228.272125,0,0.0,0,0.0,0,0.0,0.0,0.0,SILVER,SILVER,,,
ZJ_U51_20K_E019_N161,20000,ZJ-SMB,L4-cmsa-polygons-2019,2019,WEAK,228.272125,0,0.0,0,0.0,0,0.0,0.0,0.0,SILVER,SILVER,,,
ZJ_U51_20K_E019_N161,20000,ZJ-SMB,L5-cmsa-polygons-2020,2020,WEAK,228.272125,0,0.0,0,0.0,0,0.0,0.0,0.0,SILVER,SILVER,,,
ZJ_U51_20K_E019_N161,20000,ZJ-SMB,L6-cmsa-polygons-2021,2021,WEAK,228.272125,0,0.0,0,0.0,0,0.0,0.0,0.0,SILVER,SILVER,,,
ZJ_U51_20K_E019_N166,20000,ZJ-HZB,L1-china2015-raster30m,2015,SILVER,17.946195,673,0.6057,0,0.0,673,0.6057,0.001514,0.0,SILVER,UNLABELED,,,
ZJ_U51_20K_E019_N166,20000,ZJ-HZB,L2-cmssm2020-polygons,2020,WEAK,17.946195,0,0.0,0,0.0,0,0.0,0.0,0.0,SILVER,UNLABELED,,,
ZJ_U51_20K_E019_N166,20000,ZJ-HZB,L3-hangzhou-mask-2015,2015,WEAK,17.946195,0,0.0,0,0.0,0,0.0,0.0,0.0,SILVER,UNLABELED,,,
ZJ_U51_20K_E019_N166,20000,ZJ-HZB,L4-cmsa-polygons-2019,2019,WEAK,17.946195,0,0.0,0,0.0,0,0.0,0.0,0.0,SILVER,UNLABELED,,,
ZJ_U51_20K_E019_N166,20000,ZJ-HZB,L5-cmsa-polygons-2020,2020,WEAK,17.946195,0,0.0,0,0.0,0,0.0,0.0,0.0,SILVER,UNLABELED,,,
ZJ_U51_20K_E019_N166,20000,ZJ-HZB,L6-cmsa-polygons-2021,2021,WEAK,17.946195,0,0.0,0,0.0,0,0.0,0.0,0.0,SILVER,UNLABELED,,,
ZJ_U51_20K_E019_N167,20000,ZJ-HZB,L1-china2015-raster30m,2015,SILVER,81.687032,0,0.0,0,0.0,0,0.0,0.0,0.0,UNLABELED,UNLABELED,,,
ZJ_U51_20K_E019_N167,20000,ZJ-HZB,L2-cmssm2020-polygons,2020,WEAK,81.687032,0,0.0,0,0.0,0,0.0,0.0,0.0,UNLABELED,UNLABELED,,,
ZJ_U51_20K_E019_N167,20000,ZJ-HZB,L3-hangzhou-mask-2015,2015,WEAK,81.687032,0,0.0,0,0.0,0,0.0,0.0,0.0,UNLABELED,UNLABELED,,,
ZJ_U51_20K_E019_N167,20000,ZJ-HZB,L4-cmsa-polygons-2019,2019,WEAK,81.687032,0,0.0,0,0.0,0,0.0,0.0,0.0,UNLABELED,UNLABELED,,,
ZJ_U51_20K_E019_N167,20000,ZJ-HZB,L5-cmsa-polygons-2020,2020,WEAK,81.687032,0,0.0,0,0.0,0,0.0,0.0,0.0,UNLABELED,UNLABELED,,,
ZJ_U51_20K_E019_N167,20000,ZJ-HZB,L6-cmsa-polygons-2021,2021,WEAK,81.687032,0,0.0,0,0.0,0,0.0,0.0,0.0,UNLABELED,UNLABELED,,,
ZJ_U51_20K_E019_N168,20000,ZJ-HZB,L1-china2015-raster30m,2015,SILVER,147.705114,0,0.0,0,0.0,0,0.0,0.0,0.0,UNLABELED,UNLABELED,,,
ZJ_U51_20K_E019_N168,20000,ZJ-HZB,L2-cmssm2020-polygons,2020,WEAK,147.705114,0,0.0,0,0.0,0,0.0,0.0,0.0,UNLABELED,UNLABELED,,,
ZJ_U51_20K_E019_N168,20000,ZJ-HZB,L3-hangzhou-mask-2015,2015,WEAK,147.705114,0,0.0,0,0.0,0,0.0,0.0,0.0,UNLABELED,UNLABELED,,,
ZJ_U51_20K_E019_N168,20000,ZJ-HZB,L4-cmsa-polygons-2019,2019,WEAK,147.705114,0,0.0,0,0.0,0,0.0,0.0,0.0,UNLABELED,UNLABELED,,,
ZJ_U51_20K_E019_N168,20000,ZJ-HZB,L5-cmsa-polygons-2020,2020,WEAK,147.705114,0,0.0,0,0.0,0,0.0,0.0,0.0,UNLABELED,UNLABELED,,,
ZJ_U51_20K_E019_N168,20000,ZJ-HZB,L6-cmsa-polygons-2021,2021,WEAK,147.705114,0,0.0,0,0.0,0,0.0,0.0,0.0,UNLABELED,UNLABELED,,,
ZJ_U51_20K_E019_N169,20000,ZJ-HZB,L1-china2015-raster30m,2015,SILVER,213.723196,0,0.0,0,0.0,0,0.0,0.0,0.0,UNLABELED,UNLABELED,,,
ZJ_U51_20K_E019_N169,20000,ZJ-HZB,L2-cmssm2020-polygons,2020,WEAK,213.723196,0,0.0,0,0.0,0,0.0,0.0,0.0,UNLABELED,UNLABELED,,,
ZJ_U51_20K_E019_N169,20000,ZJ-HZB,L3-hangzhou-mask-2015,2015,WEAK,213.723196,0,0.0,0,0.0,0,0.0,0.0,0.0,UNLABELED,UNLABELED,,,
ZJ_U51_20K_E019_N169,20000,ZJ-HZB,L4-cmsa-polygons-2019,2019,WEAK,213.723196,0,0.0,0,0.0,0,0.0,0.0,0.0,UNLABELED,UNLABELED,,,
ZJ_U51_20K_E019_N169,20000,ZJ-HZB,L5-cmsa-polygons-2020,2020,WEAK,213.723196,0,0.0,0,0.0,0,0.0,0.0,0.0,UNLABELED,UNLABELED,,,
ZJ_U51_20K_E019_N169,20000,ZJ-HZB,L6-cmsa-polygons-2021,2021,WEAK,213.723196,0,0.0,0,0.0,0,0.0,0.0,0.0,UNLABELED,UNLABELED,,,
ZJ_U51_20K_E019_N170,20000,ZJ-HZB,L1-china2015-raster30m,2015,SILVER,206.895447,591,0.5319,11,0.0099,580,0.522,0.00133,4.8e-05,SILVER,SILVER,,,
ZJ_U51_20K_E019_N170,20000,ZJ-HZB,L2-cmssm2020-polygons,2020,WEAK,206.895447,0,0.0,0,0.0,0,0.0,0.0,0.0,SILVER,SILVER,,,
ZJ_U51_20K_E019_N170,20000,ZJ-HZB,L3-hangzhou-mask-2015,2015,WEAK,206.895447,0,0.0,0,0.0,0,0.0,0.0,0.0,SILVER,SILVER,,,
ZJ_U51_20K_E019_N170,20000,ZJ-HZB,L4-cmsa-polygons-2019,2019,WEAK,206.895447,0,0.0,0,0.0,0,0.0,0.0,0.0,SILVER,SILVER,,,
ZJ_U51_20K_E019_N170,20000,ZJ-HZB,L5-cmsa-polygons-2020,2020,WEAK,206.895447,0,0.0,0,0.0,0,0.0,0.0,0.0,SILVER,SILVER,,,
ZJ_U51_20K_E019_N170,20000,ZJ-HZB,L6-cmsa-polygons-2021,2021,WEAK,206.895447,0,0.0,0,0.0,0,0.0,0.0,0.0,SILVER,SILVER,,,
