cell_id,cell_size_m,bay_id,asset_id,nominal_year,label_tier,positive_pixels,positive_area_km2,overlap_fraction_of_cell,cell_label_status,gold_target_flag,gold_target_reason,reserved_for_goldset
ZJ_U51_5K_E058_N671,5000,ZJ-HZB,L1-china2015-raster30m,2015,SILVER,0,0.0,0.0,UNLABELED,,,
ZJ_U51_5K_E058_N671,5000,ZJ-HZB,L2-cmssm2020-polygons,2020,WEAK,0,0.0,0.0,UNLABELED,,,
ZJ_U51_5K_E058_N671,5000,ZJ-HZB,L3-hangzhou-mask-2015,2015,WEAK,0,0.0,0.0,UNLABELED,,,
ZJ_U51_5K_E058_N671,5000,ZJ-HZB,L4-cmsa-polygons-2019,2019,WEAK,0,0.0,0.0,UNLABELED,,,
ZJ_U51_5K_E058_N671,5000,ZJ-HZB,L5-cmsa-polygons-2020,2020,WEAK,0,0.0,0.0,UNLABELED,,,
ZJ_U51_5K_E058_N671,5000,ZJ-HZB,L6-cmsa-polygons-2021,2021,WEAK,0,0.0,0.0,UNLABELED,,,
ZJ_U51_5K_E058_N672,5000,ZJ-HZB,L1-china2015-raster30m,2015,SILVER,0,0.0,0.0,UNLABELED,,,
ZJ_U51_5K_E058_N672,5000,ZJ-HZB,L2-cmssm2020-polygons,2020,WEAK,0,0.0,0.0,UNLABELED,,,
ZJ_U51_5K_E058_N672,5000,ZJ-HZB,L3-hangzhou-mask-2015,2015,WEAK,0,0.0,0.0,UNLABELED,,,
ZJ_U51_5K_E058_N672,5000,ZJ-HZB,L4-cmsa-polygons-2019,2019,WEAK,0,0.0,0.0,UNLABELED,,,
ZJ_U51_5K_E058_N672,5000,ZJ-HZB,L5-cmsa-polygons-2020,2020,WEAK,0,0.0,0.0,UNLABELED,,,
ZJ_U51_5K_E058_N672,5000,ZJ-HZB,L6-cmsa-polygons-2021,2021,WEAK,0,0.0,0.0,UNLABELED,,,
ZJ_U51_5K_E059_N619,5000,ZJ-YQB,L1-china2015-raster30m,2015,SILVER,105,0.0945,0.00378,SILVER,,,
ZJ_U51_5K_E059_N619,5000,ZJ-YQB,L2-cmssm2020-polygons,2020,WEAK,0,0.0,0.0,SILVER,,,
ZJ_U51_5K_E059_N619,5000,ZJ-YQB,L3-hangzhou-mask-2015,2015,WEAK,0,0.0,0.0,SILVER,,,
ZJ_U51_5K_E059_N619,5000,ZJ-YQB,L4-cmsa-polygons-2019,2019,WEAK,0,0.0,0.0,SILVER,,,
ZJ_U51_5K_E059_N619,5000,ZJ-YQB,L5-cmsa-polygons-2020,2020,WEAK,0,0.0,0.0,SILVER,,,
ZJ_U51_5K_E059_N619,5000,ZJ-YQB,L6-cmsa-polygons-2021,2021,WEAK,0,0.0,0.0,SILVER,,,
ZJ_U51_5K_E059_N620,5000,ZJ-YQB,L1-china2015-raster30m,2015,SILVER,0,0.0,0.0,UNLABELED,,,
ZJ_U51_5K_E059_N620,5000,ZJ-YQB,L2-cmssm2020-polygons,2020,WEAK,0,0.0,0.0,UNLABELED,,,
ZJ_U51_5K_E059_N620,5000,ZJ-YQB,L3-hangzhou-mask-2015,2015,WEAK,0,0.0,0.0,UNLABELED,,,
ZJ_U51_5K_E059_N620,5000,ZJ-YQB,L4-cmsa-polygons-2019,2019,WEAK,0,0.0,0.0,UNLABELED,,,
ZJ_U51_5K_E059_N620,5000,ZJ-YQB,L5-cmsa-polygons-2020,2020,WEAK,0,0.0,0.0,UNLABELED,,,
ZJ_U51_5K_E059_N620,5000,ZJ-YQB,L6-cmsa-polygons-2021,2021,WEAK,0,0.0,0.0,UNLABELED,,,
ZJ_U51_5K_E059_N671,5000,ZJ-HZB,L1-china2015-raster30m,2015,SILVER,42,0.0378,0.001512,SILVER,,,
ZJ_U51_5K_E059_N671,5000,ZJ-HZB,L2-cmssm2020-polygons,2020,WEAK,0,0.0,0.0,SILVER,,,
ZJ_U51_5K_E059_N671,5000,ZJ-HZB,L3-hangzhou-mask-2015,2015,WEAK,0,0.0,0.0,SILVER,,,
ZJ_U51_5K_E059_N671,5000,ZJ-HZB,L4-cmsa-polygons-2019,2019,WEAK,0,0.0,0.0,SILVER,,,
ZJ_U51_5K_E059_N671,5000,ZJ-HZB,L5-cmsa-polygons-2020,2020,WEAK,0,0.0,0.0,SILVER,,,
ZJ_U51_5K_E059_N671,5000,ZJ-HZB,L6-cmsa-polygons-2021,2021,WEAK,0,0.0,0.0,SILVER,,,
ZJ_U51_5K_E059_N672,5000,ZJ-HZB,L1-china2015-raster30m,2015,SILVER,386,0.3474,0.013896,SILVER,,,
ZJ_U51_5K_E059_N672,5000,ZJ-HZB,L2-cmssm2020-polygons,2020,WEAK,0,0.0,0.0,SILVER,,,
ZJ_U51_5K_E059_N672,5000,ZJ-HZB,L3-hangzhou-mask-2015,2015,WEAK,0,0.0,0.0,SILVER,,,
ZJ_U51_5K_E059_N672,5000,ZJ-HZB,L4-cmsa-polygons-2019,2019,WEAK,0,0.0,0.0,SILVER,,,
ZJ_U51_5K_E059_N672,5000,ZJ-HZB,L5-cmsa-polygons-2020,2020,WEAK,0,0.0,0.0,SILVER,,,
ZJ_U51_5K_E059_N672,5000,ZJ-HZB,L6-cmsa-polygons-2021,2021,WEAK,0,0.0,0.0,SILVER,,,
ZJ_U51_5K_E060_N619,5000,ZJ-YQB,L1-china2015-raster30m,2015,SILVER,479,0.4311,0.017244,SILVER,,,
ZJ_U51_5K_E060_N619,5000,ZJ-YQB,L2-cmssm2020-polygons,2020,WEAK,0,0.0,0.0,SILVER,,,
ZJ_U51_5K_E060_N619,5000,ZJ-YQB,L3-hangzhou-mask-2015,2015,WEAK,0,0.0,0.0,SILVER,,,
ZJ_U51_5K_E060_N619,5000,ZJ-YQB,L4-cmsa-polygons-2019,2019,WEAK,0,0.0,0.0,SILVER,,,
ZJ_U51_5K_E060_N619,5000,ZJ-YQB,L5-cmsa-polygons-2020,2020,WEAK,0,0.0,0.0,SILVER,,,
ZJ_U51_5K_E060_N619,5000,ZJ-YQB,L6-cmsa-polygons-2021,2021,WEAK,0,0.0,0.0,SILVER,,,
ZJ_U51_5K_E060_N620,5000,ZJ-YQB,L1-china2015-raster30m,2015,SILVER,1424,1.2816,0.051264,SILVER,,,
ZJ_U51_5K_E060_N620,5000,ZJ-YQB,L2-cmssm2020-polygons,2020,WEAK,0,0.0,0.0,SILVER,,,
ZJ_U51_5K_E060_N620,5000,ZJ-YQB,L3-hangzhou-mask-2015,2015,WEAK,0,0.0,0.0,SILVER,,,
ZJ_U51_5K_E060_N620,5000,ZJ-YQB,L4-cmsa-polygons-2019,2019,WEAK,0,0.0,0.0,SILVER,,,
ZJ_U51_5K_E060_N620,5000,ZJ-YQB,L5-cmsa-polygons-2020,2020,WEAK,0,0.0,0.0,SILVER,,,
ZJ_U51_5K_E060_N620,5000,ZJ-YQB,L6-cmsa-polygons-2021,2021,WEAK,0,0.0,0.0,SILVER,,,
ZJ_U51_5K_E060_N621,5000,ZJ-YQB,L1-china2015-raster30m,2015,SILVER,506,0.4554,0.018216,SILVER,,,
ZJ_U51_5K_E060_N621,5000,ZJ-YQB,L2-cmssm2020-polygons,2020,WEAK,0,0.0,0.0,SILVER,,,
ZJ_U51_5K_E060_N621,5000,ZJ-YQB,L3-hangzhou-mask-2015,2015,WEAK,0,0.0,0.0,SILVER,,,
ZJ_U51_5K_E060_N621,5000,ZJ-YQB,L4-cmsa-polygons-2019,2019,WEAK,0,0.0,0.0,SILVER,,,
ZJ_U51_5K_E060_N621,5000,ZJ-YQB,L5-cmsa-polygons-2020,2020,WEAK,0,0.0,0.0,SILVER,,,
ZJ_U51_5K_E060_N621,5000,ZJ-YQB,L6-cmsa-polygons-2021,2021,WEAK,0,0.0,0.0,SILVER,,,
ZJ_U51_5K_E060_N622,5000,ZJ-YQB,L1-china2015-raster30m,2015,SILVER,82,0.0738,0.002952,SILVER,,,
ZJ_U51_5K_E060_N622,5000,ZJ-YQB,L2-cmssm2020-polygons,2020,WEAK,0,0.0,0.0,SILVER,,,
ZJ_U51_5K_E060_N622,5000,ZJ-YQB,L3-hangzhou-mask-2015,2015,WEAK,0,0.0,0.0,SILVER,,,
ZJ_U51_5K_E060_N622,5000,ZJ-YQB,L4-cmsa-polygons-2019,2019,WEAK,0,0.0,0.0,SILVER,,,
ZJ_U51_5K_E060_N622,5000,ZJ-YQB,L5-cmsa-polygons-2020,2020,WEAK,0,0.0,0.0,SILVER,,,
ZJ_U51_5K_E060_N622,5000,ZJ-YQB,L6-cmsa-polygons-2021,2021,WEAK,0,0.0,0.0,SILVER,,,
ZJ_U51_5K_E060_N670,5000,ZJ-HZB,L1-china2015-raster30m,2015,SILVER,0,0.0,0.0,UNLABELED,,,
ZJ_U51_5K_E060_N670,5000,ZJ-HZB,L2-cmssm2020-polygons,2020,WEAK,0,0.0,0.0,UNLABELED,,,
ZJ_U51_5K_E060_N670,5000,ZJ-HZB,L3-hangzhou-mask-2015,2015,WEAK,0,0.0,0.0,UNLABELED,,,
ZJ_U51_5K_E060_N670,5000,ZJ-HZB,L4-cmsa-polygons-2019,2019,WEAK,0,0.0,0.0,UNLABELED,,,
ZJ_U51_5K_E060_N670,5000,ZJ-HZB,L5-cmsa-polygons-2020,2020,WEAK,0,0.0,0.0,UNLABELED,,,
ZJ_U51_5K_E060_N670,5000,ZJ-HZB,L6-cmsa-polygons-2021,2021,WEAK,0,0.0,0.0,UNLABELED,,,
ZJ_U51_5K_E060_N671,5000,ZJ-HZB,L1-china2015-raster30m,2015,SILVER,0,0.0,0.0,UNLABELED,,,
ZJ_U51_5K_E060_N671,5000,ZJ-HZB,L2-cmssm2020-polygons,2020,WEAK,0,0.0,0.0,UNLABELED,,,
ZJ_U51_5K_E060_N671,5000,ZJ-HZB,L3-hangzhou-mask-2015,2015,WEAK,0,0.0,0.0,UNLABELED,,,
ZJ_U51_5K_E060_N671,5000,ZJ-HZB,L4-cmsa-polygons-2019,2019,WEAK,0,0.0,0.0,UNLABELED,,,
ZJ_U51_5K_E060_N671,5000,ZJ-HZB,L5-cmsa-polygons-2020,2020,WEAK,0,0.0,0.0,UNLABELED,,,
ZJ_U51_5K_E060_N671,5000,ZJ-HZB,L6-cmsa-polygons-2021,2021,WEAK,0,0.0,0.0,UNLABELED,,,
ZJ_U51_5K_E060_N672,5000,ZJ-HZB,L1-china2015-raster30m,2015,SILVER,0,0.0,0.0,UNLABELED,,,
ZJ_U51_5K_E060_N672,5000,ZJ-HZB,L2-cmssm2020-polygons,2020,WEAK,0,0.0,0.0,UNLABELED,,,
ZJ_U51_5K_E060_N672,5000,ZJ-HZB,L3-hangzhou-mask-2015,2015,WEAK,0,0.0,0.0,UNLABELED,,,
ZJ_U51_5K_E060_N672,5000,ZJ-HZB,L4-cmsa-polygons-2019,2019,WEAK,0,0.0,0.0,UNLABELED,,,
ZJ_U51_5K_E060_N672,5000,ZJ-HZB,L5-cmsa-polygons-2020,2020,WEAK,0,0.0,0.0,UNLABELED,,,
ZJ_U51_5K_E060_N672,5000,ZJ-HZB,L6-cmsa-polygons-2021,2021,WEAK,0,0.0,0.0,UNLABELED,,,
ZJ_U51_5K_E060_N673,5000,ZJ-HZB,L1-china2015-raster30m,2015,SILVER,263,0.2367,0.009468,SILVER,,,
ZJ_U51_5K_E060_N673,5000,ZJ-HZB,L2-cmssm2020-polygons,2020,WEAK,0,0.0,0.0,SILVER,,,
ZJ_U51_5K_E060_N673,5000,ZJ-HZB,L3-hangzhou-mask-2015,2015,WEAK,0,0.0,0.0,SILVER,,,
ZJ_U51_5K_E060_N673,5000,ZJ-HZB,L4-cmsa-polygons-2019,2019,WEAK,0,0.0,0.0,SILVER,,,
ZJ_U51_5K_E060_N673,5000,ZJ-HZB,L5-cmsa-polygons-2020,2020,WEAK,0,0.0,0.0,SILVER,,,
ZJ_U51_5K_E060_N673,5000,ZJ-HZB,L6-cmsa-polygons-2021,2021,WEAK,0,0.0,0.0,SILVER,,,
ZJ_U51_5K_E061_N619,5000,ZJ-YQB,L1-china2015-raster30m,2015,SILVER,561,0.5049,0.020196,SILVER,,,
ZJ_U51_5K_E061_N619,5000,ZJ-YQB,L2-cmssm2020-polygons,2020,WEAK,0,0.0,0.0,SILVER,,,
ZJ_U51_5K_E061_N619,5000,ZJ-YQB,L3-hangzhou-mask-2015,2015,WEAK,0,0.0,0.0,SILVER,,,
ZJ_U51_5K_E061_N619,5000,ZJ-YQB,L4-cmsa-polygons-2019,2019,WEAK,0,0.0,0.0,SILVER,,,
ZJ_U51_5K_E061_N619,5000,ZJ-YQB,L5-cmsa-polygons-2020,2020,WEAK,0,0.0,0.0,SILVER,,,
ZJ_U51_5K_E061_N619,5000,ZJ-YQB,L6-cmsa-polygons-2021,2021,WEAK,0,0.0,0.0,SILVER,,,
ZJ_U51_5K_E061_N620,5000,ZJ-YQB,L1-china2015-raster30m,2015,SILVER,0,0.0,0.0,UNLABELED,,,
ZJ_U51_5K_E061_N620,5000,ZJ-YQB,L2-cmssm2020-polygons,2020,WEAK,0,0.0,0.0,UNLABELED,,,
ZJ_U51_5K_E061_N620,5000,ZJ-YQB,L3-hangzhou-mask-2015,2015,WEAK,0,0.0,0.0,UNLABELED,,,
ZJ_U51_5K_E061_N620,5000,ZJ-YQB,L4-cmsa-polygons-2019,2019,WEAK,0,0.0,0.0,UNLABELED,,,
ZJ_U51_5K_E061_N620,5000,ZJ-YQB,L5-cmsa-polygons-2020,2020,WEAK,0,0.0,0.0,UNLABELED,,,
ZJ_U51_5K_E061_N620,5000,ZJ-YQB,L6-cmsa-polygons-2021,2021,WEAK,0,0.0,0.0,UNLABELED,,,
ZJ_U51_5K_E061_N621,5000,ZJ-YQB,L1-china2015-raster30m,2015,SILVER,136,0.1224,0.004896,SILVER,,,
ZJ_U51_5K_E061_N621,5000,ZJ-YQB,L2-cmssm2020-polygons,2020,WEAK,0,0.0,0.0,SILVER,,,
ZJ_U51_5K_E061_N621,5000,ZJ-YQB,L3-hangzhou-mask-2015,2015,WEAK,0,0.0,0.0,SILVER,,,
ZJ_U51_5K_E061_N621,5000,ZJ-YQB,L4-cmsa-polygons-2019,2019,WEAK,0,0.0,0.0,SILVER,,,
ZJ_U51_5K_E061_N621,5000,ZJ-YQB,L5-cmsa-polygons-2020,2020,WEAK,0,0.0,0.0,SILVER,,,
ZJ_U51_5K_E061_N621,5000,ZJ-YQB,L6-cmsa-polygons-2021,2021,WEAK,0,0.0,0.0,SILVER,,,
ZJ_U51_5K_E061_N622,5000,ZJ-YQB,L1-china2015-raster30m,2015,SILVER,881,0.7929,0.031716,SILVER,,,
ZJ_U51_5K_E061_N622,5000,ZJ-YQB,L2-cmssm2020-polygons,2020,WEAK,0,0.0,0.0,SILVER,,,
ZJ_U51_5K_E061_N622,5000,ZJ-YQB,L3-hangzhou-mask-2015,2015,WEAK,0,0.0,0.0,SILVER,,,
ZJ_U51_5K_E061_N622,5000,ZJ-YQB,L4-cmsa-polygons-2019,2019,WEAK,0,0.0,0.0,SILVER,,,
ZJ_U51_5K_E061_N622,5000,ZJ-YQB,L5-cmsa-polygons-2020,2020,WEAK,0,0.0,0.0,SILVER,,,
ZJ_U51_5K_E061_N622,5000,ZJ-YQB,L6-cmsa-polygons-2021,2021,WEAK,0,0.0,0.0,SILVER,,,
ZJ_U51_5K_E061_N623,5000,ZJ-YQB,L1-china2015-raster30m,2015,SILVER,22,0.0198,0.000792,SILVER,,,
ZJ_U51_5K_E061_N623,5000,ZJ-YQB,L2-cmssm2020-polygons,2020,WEAK,0,0.0,0.0,SILVER,,,
ZJ_U51_5K_E061_N623,5000,ZJ-YQB,L3-hangzhou-mask-2015,2015,WEAK,0,0.0,0.0,SILVER,,,
ZJ_U51_5K_E061_N623,5000,ZJ-YQB,L4-cmsa-polygons-2019,2019,WEAK,0,0.0,0.0,SILVER,,,
ZJ_U51_5K_E061_N623,5000,ZJ-YQB,L5-cmsa-polygons-2020,2020,WEAK,0,0.0,0.0,SILVER,,,
ZJ_U51_5K_E061_N623,5000,ZJ-YQB,L6-cmsa-polygons-2021,2021,WEAK,0,0.0,0.0,SILVER,,,
ZJ_U51_5K_E061_N624,5000,ZJ-YQB,L1-china2015-raster30m,2015,SILVER,0,0.0,0.0,UNLABELED,,,
ZJ_U51_5K_E061_N624,5000,ZJ-YQB,L2-cmssm2020-polygons,2020,WEAK,0,0.0,0.0,UNLABELED,,,
ZJ_U51_5K_E061_N624,5000,ZJ-YQB,L3-hangzhou-mask-2015,2015,WEAK,0,0.0,0.0,UNLABELED,,,
ZJ_U51_5K_E061_N624,5000,ZJ-YQB,L4-cmsa-polygons-2019,2019,WEAK,0,0.0,0.0,UNLABELED,,,
ZJ_U51_5K_E061_N624,5000,ZJ-YQB,L5-cmsa-polygons-2020,2020,WEAK,0,0.0,0.0,UNLABELED,,,
ZJ_U51_5K_E061_N624,5000,ZJ-YQB,L6-cmsa-polygons-2021,2021,WEAK,0,0.0,0.0,UNLABELED,,,
ZJ_U51_5K_E061_N670,5000,ZJ-HZB,L1-china2015-raster30m,2015,SILVER,0,0.0,0.0,UNLABELED,,,
ZJ_U51_5K_E061_N670,5000,ZJ-HZB,L2-cmssm2020-polygons,2020,WEAK,0,0.0,0.0,UNLABELED,,,
ZJ_U51_5K_E061_N670,5000,ZJ-HZB,L3-hangzhou-mask-2015,2015,WEAK,0,0.0,0.0,UNLABELED,,,
ZJ_U51_5K_E061_N670,5000,ZJ-HZB,L4-cmsa-polygons-2019,2019,WEAK,0,0.0,0.0,UNLABELED,,,
ZJ_U51_5K_E061_N670,5000,ZJ-HZB,L5-cmsa-polygons-2020,2020,WEAK,0,0.0,0.0,UNLABELED,,,
ZJ_U51_5K_E061_N670,5000,ZJ-HZB,L6-cmsa-polygons-2021,2021,WEAK,0,0.0,0.0,UNLABELED,,,
ZJ_U51_5K_E061_N671,5000,ZJ-HZB,L1-china2015-raster30m,2015,SILVER,0,0.0,0.0,UNLABELED,,,
ZJ_U51_5K_E061_N671,5000,ZJ-HZB,L2-cmssm2020-polygons,2020,WEAK,0,0.0,0.0,UNLABELED,,,
ZJ_U51_5K_E061_N671,5000,ZJ-HZB,L3-hangzhou-mask-2015,2015,WEAK,0,0.0,0.0,UNLABELED,,,
ZJ_U51_5K_E061_N671,5000,ZJ-HZB,L4-cmsa-polygons-2019,2019,WEAK,0,0.0,0.0,UNLABELED,,,
ZJ_U51_5K_E061_N671,5000,ZJ-HZB,L5-cmsa-polygons-2020,2020,WEAK,0,0.0,0.0,UNLABELED,,,
ZJ_U51_5K_E061_N671,5000,ZJ-HZB,L6-cmsa-polygons-2021,2021,WEAK,0,0.0,0.0,UNLABELED,,,
ZJ_U51_5K_E061_N672,5000,ZJ-HZB,L1-china2015-raster30m,2015,SILVER,0,0.0,0.0,UNLABELED,,,
ZJ_U51_5K_E061_N672,5000,ZJ-HZB,L2-cmssm2020-polygons,2020,WEAK,0,0.0,0.0,UNLABELED,,,
ZJ_U51_5K_E061_N672,5000,ZJ-HZB,L3-hangzhou-mask-2015,2015,WEAK,0,0.0,0.0,UNLABELED,,,
ZJ_U51_5K_E061_N672,5000,ZJ-HZB,L4-cmsa-polygons-2019,2019,WEAK,0,0.0,0.0,UNLABELED,,,
ZJ_U51_5K_E061_N672,5000,ZJ-HZB,L5-cmsa-polygons-2020,2020,WEAK,0,0.0,0.0,UNLABELED,,,
ZJ_U51_5K_E061_N672,5000,ZJ-HZB,L6-cmsa-polygons-2021,2021,WEAK,0,0.0,0.0,UNLABELED,,,
ZJ_U51_5K_E061_N673,5000,ZJ-HZB,L1-china2015-raster30m,2015,SILVER,0,0.0,0.0,UNLABELED,,,
ZJ_U51_5K_E061_N673,5000,ZJ-HZB,L2-cmssm2020-polygons,2020,WEAK,0,0.0,0.0,UNLABELED,,,
ZJ_U51_5K_E061_N673,5000,ZJ-HZB,L3-hangzhou-mask-2015,2015,WEAK,0,0.0,0.0,UNLABELED,,,
ZJ_U51_5K_E061_N673,5000,ZJ-HZB,L4-cmsa-polygons-2019,2019,WEAK,0,0.0,0.0,UNLABELED,,,
ZJ_U51_5K_E061_N673,5000,ZJ-HZB,L5-cmsa-polygons-2020,2020,WEAK,0,0.0,0.0,UNLABELED,,,
ZJ_U51_5K_E061_N673,5000,ZJ-HZB,L6-cmsa-polygons-2021,2021,WEAK,0,0.0,0.0,UNLABELED,,,
ZJ_U51_5K_E062_N618,5000,ZJ-YQB,L1-china2015-raster30m,2015,SILVER,65,0.0585,0.00234,SILVER,,,
ZJ_U51_5K_E062_N618,5000,ZJ-YQB,L2-cmssm2020-polygons,2020,WEAK,0,0.0,0.0,SILVER,,,
ZJ_U51_5K_E062_N618,5000,ZJ-YQB,L3-hangzhou-mask-2015,2015,WEAK,0,0.0,0.0,SILVER,,,
ZJ_U51_5K_E062_N618,5000,ZJ-YQB,L4-cmsa-polygons-2019,2019,WEAK,0,0.0,0.0,SILVER,,,
ZJ_U51_5K_E062_N618,5000,ZJ-YQB,L5-cmsa-polygons-2020,2020,WEAK,0,0.0,0.0,SILVER,,,
ZJ_U51_5K_E062_N618,5000,ZJ-YQB,L6-cmsa-polygons-2021,2021,WEAK,0,0.0,0.0,SILVER,,,
ZJ_U51_5K_E062_N619,5000,ZJ-YQB,L1-china2015-raster30m,2015,SILVER,0,0.0,0.0,UNLABELED,,,
ZJ_U51_5K_E062_N619,5000,ZJ-YQB,L2-cmssm2020-polygons,2020,WEAK,0,0.0,0.0,UNLABELED,,,
ZJ_U51_5K_E062_N619,5000,ZJ-YQB,L3-hangzhou-mask-2015,2015,WEAK,0,0.0,0.0,UNLABELED,,,
ZJ_U51_5K_E062_N619,5000,ZJ-YQB,L4-cmsa-polygons-2019,2019,WEAK,0,0.0,0.0,UNLABELED,,,
ZJ_U51_5K_E062_N619,5000,ZJ-YQB,L5-cmsa-polygons-2020,2020,WEAK,0,0.0,0.0,UNLABELED,,,
ZJ_U51_5K_E062_N619,5000,ZJ-YQB,L6-cmsa-polygons-2021,2021,WEAK,0,0.0,0.0,UNLABELED,,,
ZJ_U51_5K_E062_N620,5000,ZJ-YQB,L1-china2015-raster30m,2015,SILVER,0,0.0,0.0,UNLABELED,,,
ZJ_U51_5K_E062_N620,5000,ZJ-YQB,L2-cmssm2020-polygons,2020,WEAK,0,0.0,0.0,UNLABELED,,,
ZJ_U51_5K_E062_N620,5000,ZJ-YQB,L3-hangzhou-mask-2015,2015,WEAK,0,0.0,0.0,UNLABELED,,,
ZJ_U51_5K_E062_N620,5000,ZJ-YQB,L4-cmsa-polygons-2019,2019,WEAK,0,0.0,0.0,UNLABELED,,,
ZJ_U51_5K_E062_N620,5000,ZJ-YQB,L5-cmsa-polygons-2020,2020,WEAK,0,0.0,0.0,UNLABELED,,,
ZJ_U51_5K_E062_N620,5000,ZJ-YQB,L6-cmsa-polygons-2021,2021,WEAK,0,0.0,0.0,UNLABELED,,,
ZJ_U51_5K_E062_N621,5000,ZJ-YQB,L1-china2015-raster30m,2015,SILVER,0,0.0,0.0,UNLABELED,,,
ZJ_U51_5K_E062_N621,5000,ZJ-YQB,L2-cmssm2020-polygons,2020,WEAK,0,0.0,0.0,UNLABELED,,,
ZJ_U51_5K_E062_N621,5000,ZJ-YQB,L3-hangzhou-mask-2015,2015,WEAK,0,0.0,0.0,UNLABELED,,,
ZJ_U51_5K_E062_N621,5000,ZJ-YQB,L4-cmsa-polygons-2019,2019,WEAK,0,0.0,0.0,UNLABELED,,,
ZJ_U51_5K_E062_N621,5000,ZJ-YQB,L5-cmsa-polygons-2020,2020,WEAK,0,0.0,0.0,UNLABELED,,,
ZJ_U51_5K_E062_N621,5000,ZJ-YQB,L6-cmsa-polygons-2021,2021,WEAK,0,0.0,0.0,UNLABELED,,,
ZJ_U51_5K_E062_N622,5000,ZJ-YQB,L1-china2015-raster30m,2015,SILVER,20,0.018,0.00072,SILVER,,,
ZJ_U51_5K_E062_N622,5000,ZJ-YQB,L2-cmssm2020-polygons,2020,WEAK,0,0.0,0.0,SILVER,,,
ZJ_U51_5K_E062_N622,5000,ZJ-YQB,L3-hangzhou-mask-2015,2015,WEAK,0,0.0,0.0,SILVER,,,
ZJ_U51_5K_E062_N622,5000,ZJ-YQB,L4-cmsa-polygons-2019,2019,WEAK,0,0.0,0.0,SILVER,,,
ZJ_U51_5K_E062_N622,5000,ZJ-YQB,L5-cmsa-polygons-2020,2020,WEAK,0,0.0,0.0,SILVER,,,
ZJ_U51_5K_E062_N622,5000,ZJ-YQB,L6-cmsa-polygons-2021,2021,WEAK,0,0.0,0.0,SILVER,,,
ZJ_U51_5K_E062_N623,5000,ZJ-YQB,L1-china2015-raster30m,2015,SILVER,577,0.5193,0.020772,SILVER,,,
ZJ_U51_5K_E062_N623,5000,ZJ-YQB,L2-cmssm2020-polygons,2020,WEAK,0,0.0,0.0,SILVER,,,
ZJ_U51_5K_E062_N623,5000,ZJ-YQB,L3-hangzhou-mask-2015,2015,WEAK,0,0.0,0.0,SILVER,,,
ZJ_U51_5K_E062_N623,5000,ZJ-YQB,L4-cmsa-polygons-2019,2019,WEAK,0,0.0,0.0,SILVER,,,
ZJ_U51_5K_E062_N623,5000,ZJ-YQB,L5-cmsa-polygons-2020,2020,WEAK,0,0.0,0.0,SILVER,,,
ZJ_U51_5K_E062_N623,5000,ZJ-YQB,L6-cmsa-polygons-2021,2021,WEAK,0,0.0,0.0,SILVER,,,
ZJ_U51_5K_E062_N624,5000,ZJ-YQB,L1-china2015-raster30m,2015,SILVER,0,0.0,0.0,UNLABELED,,,
ZJ_U51_5K_E062_N624,5000,ZJ-YQB,L2-cmssm2020-polygons,2020,WEAK,0,0.0,0.0,UNLABELED,,,
ZJ_U51_5K_E062_N624,5000,ZJ-YQB,L3-hangzhou-mask-2015,2015,WEAK,0,0.0,0.0,UNLABELED,,,
ZJ_U51_5K_E062_N624,5000,ZJ-YQB,L4-cmsa-polygons-2019,2019,WEAK,0,0.0,0.0,UNLABELED,,,
ZJ_U51_5K_E062_N624,5000,ZJ-YQB,L5-cmsa-polygons-2020,2020,WEAK,0,0.0,0.0,UNLABELED,,,
ZJ_U51_5K_E062_N624,5000,ZJ-YQB,L6-cmsa-polygons-2021,2021,WEAK,0,0.0,0.0,UNLABELED,,,
ZJ_U51_5K_E062_N625,5000,ZJ-YQB,L1-china2015-raster30m,2015,SILVER,261,0.2349,0.009396,SILVER,,,
ZJ_U51_5K_E062_N625,5000,ZJ-YQB,L2-cmssm2020-polygons,2020,WEAK,0,0.0,0.0,SILVER,,,
ZJ_U51_5K_E062_N625,5000,ZJ-YQB,L3-hangzhou-mask-2015,2015,WEAK,0,0.0,0.0,SILVER,,,
ZJ_U51_5K_E062_N625,5000,ZJ-YQB,L4-cmsa-polygons-2019,2019,WEAK,0,0.0,0.0,SILVER,,,
ZJ_U51_5K_E062_N625,5000,ZJ-YQB,L5-cmsa-polygons-2020,2020,WEAK,0,0.0,0.0,SILVER,,,
ZJ_U51_5K_E062_N625,5000,ZJ-YQB,L6-cmsa-polygons-2021,2021,WEAK,0,0.0,0.0,SILVER,,,
ZJ_U51_5K_E062_N669,5000,ZJ-HZB,L1-china2015-raster30m,2015,SILVER,0,0.0,0.0,UNLABELED,,,
ZJ_U51_5K_E062_N669,5000,ZJ-HZB,L2-cmssm2020-polygons,2020,WEAK,0,0.0,0.0,UNLABELED,,,
ZJ_U51_5K_E062_N669,5000,ZJ-HZB,L3-hangzhou-mask-2015,2015,WEAK,0,0.0,0.0,UNLABELED,,,
ZJ_U51_5K_E062_N669,5000,ZJ-HZB,L4-cmsa-polygons-2019,2019,WEAK,0,0.0,0.0,UNLABELED,,,
ZJ_U51_5K_E062_N669,5000,ZJ-HZB,L5-cmsa-polygons-2020,2020,WEAK,0,0.0,0.0,UNLABELED,,,
ZJ_U51_5K_E062_N669,5000,ZJ-HZB,L6-cmsa-polygons-2021,2021,WEAK,0,0.0,0.0,UNLABELED,,,
ZJ_U51_5K_E062_N670,5000,ZJ-HZB,L1-china2015-raster30m,2015,SILVER,257,0.2313,0.009252,SILVER+WEAK,,,
ZJ_U51_5K_E062_N670,5000,ZJ-HZB,L2-cmssm2020-polygons,2020,WEAK,0,0.0,0.0,SILVER+WEAK,,,
ZJ_U51_5K_E062_N670,5000,ZJ-HZB,L3-hangzhou-mask-2015,2015,WEAK,577,0.518,0.02072,SILVER+WEAK,,,
ZJ_U51_5K_E062_N670,5000,ZJ-HZB,L4-cmsa-polygons-2019,2019,WEAK,0,0.0,0.0,SILVER+WEAK,,,
ZJ_U51_5K_E062_N670,5000,ZJ-HZB,L5-cmsa-polygons-2020,2020,WEAK,0,0.0,0.0,SILVER+WEAK,,,
ZJ_U51_5K_E062_N670,5000,ZJ-HZB,L6-cmsa-polygons-2021,2021,WEAK,0,0.0,0.0,SILVER+WEAK,,,
ZJ_U51_5K_E062_N671,5000,ZJ-HZB,L1-china2015-raster30m,2015,SILVER,0,0.0,0.0,WEAK,,,
ZJ_U51_5K_E062_N671,5000,ZJ-HZB,L2-cmssm2020-polygons,2020,WEAK,0,0.0,0.0,WEAK,,,
ZJ_U51_5K_E062_N671,5000,ZJ-HZB,L3-hangzhou-mask-2015,2015,WEAK,65,0.0584,0.002336,WEAK,,,
ZJ_U51_5K_E062_N671,5000,ZJ-HZB,L4-cmsa-polygons-2019,2019,WEAK,0,0.0,0.0,WEAK,,,
ZJ_U51_5K_E062_N671,5000,ZJ-HZB,L5-cmsa-polygons-2020,2020,WEAK,0,0.0,0.0,WEAK,,,
ZJ_U51_5K_E062_N671,5000,ZJ-HZB,L6-cmsa-polygons-2021,2021,WEAK,0,0.0,0.0,WEAK,,,
ZJ_U51_5K_E062_N672,5000,ZJ-HZB,L1-china2015-raster30m,2015,SILVER,0,0.0,0.0,UNLABELED,,,
ZJ_U51_5K_E062_N672,5000,ZJ-HZB,L2-cmssm2020-polygons,2020,WEAK,0,0.0,0.0,UNLABELED,,,
ZJ_U51_5K_E062_N672,5000,ZJ-HZB,L3-hangzhou-mask-2015,2015,WEAK,0,0.0,0.0,UNLABELED,,,
ZJ_U51_5K_E062_N672,5000,ZJ-HZB,L4-cmsa-polygons-2019,2019,WEAK,0,0.0,0.0,UNLABELED,,,
ZJ_U51_5K_E062_N672,5000,ZJ-HZB,L5-cmsa-polygons-2020,2020,WEAK,0,0.0,0.0,UNLABELED,,,
ZJ_U51_5K_E062_N672,5000,ZJ-HZB,L6-cmsa-polygons-2021,2021,WEAK,0,0.0,0.0,UNLABELED,,,
ZJ_U51_5K_E062_N673,5000,ZJ-HZB,L1-china2015-raster30m,2015,SILVER,0,0.0,0.0,UNLABELED,,,
ZJ_U51_5K_E062_N673,5000,ZJ-HZB,L2-cmssm2020-polygons,2020,WEAK,0,0.0,0.0,UNLABELED,,,
ZJ_U51_5K_E062_N673,5000,ZJ-HZB,L3-hangzhou-mask-2015,2015,WEAK,0,0.0,0.0,UNLABELED,,,
ZJ_U51_5K_E062_N673,5000,ZJ-HZB,L4-cmsa-polygons-2019,2019,WEAK,0,0.0,0.0,UNLABELED,,,
ZJ_U51_5K_E062_N673,5000,ZJ-HZB,L5-cmsa-polygons-2020,2020,WEAK,0,0.0,0.0,UNLABELED,,,
ZJ_U51_5K_E062_N673,5000,ZJ-HZB,L6-cmsa-polygons-2021,2021,WEAK,0,0.0,0.0,UNLABELED,,,
ZJ_U51_5K_E062_N674,5000,ZJ-HZB,L1-china2015-raster30m,2015,SILVER,0,0.0,0.0,UNLABELED,,,
ZJ_U51_5K_E062_N674,5000,ZJ-HZB,L2-cmssm2020-polygons,2020,WEAK,0,0.0,0.0,UNLABELED,,,
ZJ_U51_5K_E062_N674,5000,ZJ-HZB,L3-hangzhou-mask-2015,2015,WEAK,0,0.0,0.0,UNLABELED,,,
ZJ_U51_5K_E062_N674,5000,ZJ-HZB,L4-cmsa-polygons-2019,2019,WEAK,0,0.0,0.0,UNLABELED,,,
ZJ_U51_5K_E062_N674,5000,ZJ-HZB,L5-cmsa-polygons-2020,2020,WEAK,0,0.0,0.0,UNLABELED,,,
ZJ_U51_5K_E062_N674,5000,ZJ-HZB,L6-cmsa-polygons-2021,2021,WEAK,0,0.0,0.0,UNLABELED,,,
ZJ_U51_5K_E063_N618,5000,ZJ-YQB,L1-china2015-raster30m,2015,SILVER,0,0.0,0.0,UNLABELED,,,
ZJ_U51_5K_E063_N618,5000,ZJ-YQB,L2-cmssm2020-polygons,2020,WEAK,0,0.0,0.0,UNLABELED,,,
ZJ_U51_5K_E063_N618,5000,ZJ-YQB,L3-hangzhou-mask-2015,2015,WEAK,0,0.0,0.0,UNLABELED,,,
ZJ_U51_5K_E063_N618,5000,ZJ-YQB,L4-cmsa-polygons-2019,2019,WEAK,0,0.0,0.0,UNLABELED,,,
ZJ_U51_5K_E063_N618,5000,ZJ-YQB,L5-cmsa-polygons-2020,2020,WEAK,0,0.0,0.0,UNLABELED,,,
ZJ_U51_5K_E063_N618,5000,ZJ-YQB,L6-cmsa-polygons-2021,2021,WEAK,0,0.0,0.0,UNLABELED,,,
ZJ_U51_5K_E063_N619,5000,ZJ-YQB,L1-china2015-raster30m,2015,SILVER,0,0.0,0.0,UNLABELED,,,
ZJ_U51_5K_E063_N619,5000,ZJ-YQB,L2-cmssm2020-polygons,2020,WEAK,0,0.0,0.0,UNLABELED,,,
ZJ_U51_5K_E063_N619,5000,ZJ-YQB,L3-hangzhou-mask-2015,2015,WEAK,0,0.0,0.0,UNLABELED,,,
ZJ_U51_5K_E063_N619,5000,ZJ-YQB,L4-cmsa-polygons-2019,2019,WEAK,0,0.0,0.0,UNLABELED,,,
ZJ_U51_5K_E063_N619,5000,ZJ-YQB,L5-cmsa-polygons-2020,2020,WEAK,0,0.0,0.0,UNLABELED,,,
ZJ_U51_5K_E063_N619,5000,ZJ-YQB,L6-cmsa-polygons-2021,2021,WEAK,0,0.0,0.0,UNLABELED,,,
ZJ_U51_5K_E063_N620,5000,ZJ-YQB,L1-china2015-raster30m,2015,SILVER,0,0.0,0.0,UNLABELED,,,
ZJ_U51_5K_E063_N620,5000,ZJ-YQB,L2-cmssm2020-polygons,2020,WEAK,0,0.0,0.0,UNLABELED,,,
ZJ_U51_5K_E063_N620,5000,ZJ-YQB,L3-hangzhou-mask-2015,2015,WEAK,0,0.0,0.0,UNLABELED,,,
ZJ_U51_5K_E063_N620,5000,ZJ-YQB,L4-cmsa-polygons-2019,2019,WEAK,0,0.0,0.0,UNLABELED,,,
ZJ_U51_5K_E063_N620,5000,ZJ-YQB,L5-cmsa-polygons-2020,2020,WEAK,0,0.0,0.0,UNLABELED,,,
ZJ_U51_5K_E063_N620,5000,ZJ-YQB,L6-cmsa-polygons-2021,2021,WEAK,0,0.0,0.0,UNLABELED,,,
ZJ_U51_5K_E063_N621,5000,ZJ-YQB,L1-china2015-raster30m,2015,SILVER,719,0.6471,0.025884,SILVER,,,
ZJ_U51_5K_E063_N621,5000,ZJ-YQB,L2-cmssm2020-polygons,2020,WEAK,0,0.0,0.0,SILVER,,,
ZJ_U51_5K_E063_N621,5000,ZJ-YQB,L3-hangzhou-mask-2015,2015,WEAK,0,0.0,0.0,SILVER,,,
ZJ_U51_5K_E063_N621,5000,ZJ-YQB,L4-cmsa-polygons-2019,2019,WEAK,0,0.0,0.0,SILVER,,,
ZJ_U51_5K_E063_N621,5000,ZJ-YQB,L5-cmsa-polygons-2020,2020,WEAK,0,0.0,0.0,SILVER,,,
ZJ_U51_5K_E063_N621,5000,ZJ-YQB,L6-cmsa-polygons-2021,2021,WEAK,0,0.0,0.0,SILVER,,,
ZJ_U51_5K_E063_N622,5000,ZJ-YQB,L1-china2015-raster30m,2015,SILVER,914,0.8226,0.032904,SILVER,,,
ZJ_U51_5K_E063_N622,5000,ZJ-YQB,L2-cmssm2020-polygons,2020,WEAK,0,0.0,0.0,SILVER,,,
ZJ_U51_5K_E063_N622,5000,ZJ-YQB,L3-hangzhou-mask-2015,2015,WEAK,0,0.0,0.0,SILVER,,,
ZJ_U51_5K_E063_N622,5000,ZJ-YQB,L4-cmsa-polygons-2019,2019,WEAK,0,0.0,0.0,SILVER,,,
ZJ_U51_5K_E063_N622,5000,ZJ-YQB,L5-cmsa-polygons-2020,2020,WEAK,0,0.0,0.0,SILVER,,,
ZJ_U51_5K_E063_N622,5000,ZJ-YQB,L6-cmsa-polygons-2021,2021,WEAK,0,0.0,0.0,SILVER,,,
ZJ_U51_5K_E063_N623,5000,ZJ-YQB,L1-china2015-raster30m,2015,SILVER,409,0.3681,0.014724,SILVER,,,
ZJ_U51_5K_E063_N623,5000,ZJ-YQB,L2-cmssm2020-polygons,2020,WEAK,0,0.0,0.0,SILVER,,,
ZJ_U51_5K_E063_N623,5000,ZJ-YQB,L3-hangzhou-mask-2015,2015,WEAK,0,0.0,0.0,SILVER,,,
ZJ_U51_5K_E063_N623,5000,ZJ-YQB,L4-cmsa-polygons-2019,2019,WEAK,0,0.0,0.0,SILVER,,,
ZJ_U51_5K_E063_N623,5000,ZJ-YQB,L5-cmsa-polygons-2020,2020,WEAK,0,0.0,0.0,SILVER,,,
ZJ_U51_5K_E063_N623,5000,ZJ-YQB,L6-cmsa-polygons-2021,2021,WEAK,0,0.0,0.0,SILVER,,,
ZJ_U51_5K_E063_N624,5000,ZJ-YQB,L1-china2015-raster30m,2015,SILVER,743,0.6687,0.026748,SILVER,,,
ZJ_U51_5K_E063_N624,5000,ZJ-YQB,L2-cmssm2020-polygons,2020,WEAK,0,0.0,0.0,SILVER,,,
ZJ_U51_5K_E063_N624,5000,ZJ-YQB,L3-hangzhou-mask-2015,2015,WEAK,0,0.0,0.0,SILVER,,,
ZJ_U51_5K_E063_N624,5000,ZJ-YQB,L4-cmsa-polygons-2019,2019,WEAK,0,0.0,0.0,SILVER,,,
ZJ_U51_5K_E063_N624,5000,ZJ-YQB,L5-cmsa-polygons-2020,2020,WEAK,0,0.0,0.0,SILVER,,,
ZJ_U51_5K_E063_N624,5000,ZJ-YQB,L6-cmsa-polygons-2021,2021,WEAK,0,0.0,0.0,SILVER,,,
ZJ_U51_5K_E063_N625,5000,ZJ-YQB,L1-china2015-raster30m,2015,SILVER,3554,3.1986,0.127944,SILVER+WEAK,,,
ZJ_U51_5K_E063_N625,5000,ZJ-YQB,L2-cmssm2020-polygons,2020,WEAK,0,0.0,0.0,SILVER+WEAK,,,
ZJ_U51_5K_E063_N625,5000,ZJ-YQB,L3-hangzhou-mask-2015,2015,WEAK,0,0.0,0.0,SILVER+WEAK,,,
ZJ_U51_5K_E063_N625,5000,ZJ-YQB,L4-cmsa-polygons-2019,2019,WEAK,1,1.0803,0.043212,SILVER+WEAK,,,
ZJ_U51_5K_E063_N625,5000,ZJ-YQB,L5-cmsa-polygons-2020,2020,WEAK,0,0.0,0.0,SILVER+WEAK,,,
ZJ_U51_5K_E063_N625,5000,ZJ-YQB,L6-cmsa-polygons-2021,2021,WEAK,1,1.0942,0.043768,SILVER+WEAK,,,
ZJ_U51_5K_E063_N626,5000,ZJ-YQB,L1-china2015-raster30m,2015,SILVER,1697,1.5273,0.061092,SILVER+WEAK,,,
ZJ_U51_5K_E063_N626,5000,ZJ-YQB,L2-cmssm2020-polygons,2020,WEAK,0,0.0,0.0,SILVER+WEAK,,,
ZJ_U51_5K_E063_N626,5000,ZJ-YQB,L3-hangzhou-mask-2015,2015,WEAK,0,0.0,0.0,SILVER+WEAK,,,
ZJ_U51_5K_E063_N626,5000,ZJ-YQB,L4-cmsa-polygons-2019,2019,WEAK,2,1.3324,0.053296,SILVER+WEAK,,,
ZJ_U51_5K_E063_N626,5000,ZJ-YQB,L5-cmsa-polygons-2020,2020,WEAK,3,0.2389,0.009556,SILVER+WEAK,,,
ZJ_U51_5K_E063_N626,5000,ZJ-YQB,L6-cmsa-polygons-2021,2021,WEAK,3,1.3408,0.053632,SILVER+WEAK,,,
ZJ_U51_5K_E063_N627,5000,ZJ-YQB,L1-china2015-raster30m,2015,SILVER,1414,1.2726,0.050904,SILVER+WEAK,,,
ZJ_U51_5K_E063_N627,5000,ZJ-YQB,L2-cmssm2020-polygons,2020,WEAK,0,0.0,0.0,SILVER+WEAK,,,
ZJ_U51_5K_E063_N627,5000,ZJ-YQB,L3-hangzhou-mask-2015,2015,WEAK,0,0.0,0.0,SILVER+WEAK,,,
ZJ_U51_5K_E063_N627,5000,ZJ-YQB,L4-cmsa-polygons-2019,2019,WEAK,3,0.8455,0.03382,SILVER+WEAK,,,
ZJ_U51_5K_E063_N627,5000,ZJ-YQB,L5-cmsa-polygons-2020,2020,WEAK,15,0.7581,0.030324,SILVER+WEAK,,,
ZJ_U51_5K_E063_N627,5000,ZJ-YQB,L6-cmsa-polygons-2021,2021,WEAK,6,0.744,0.02976,SILVER+WEAK,,,
ZJ_U51_5K_E063_N669,5000,ZJ-HZB,L1-china2015-raster30m,2015,SILVER,0,0.0,0.0,UNLABELED,,,
ZJ_U51_5K_E063_N669,5000,ZJ-HZB,L2-cmssm2020-polygons,2020,WEAK,0,0.0,0.0,UNLABELED,,,
ZJ_U51_5K_E063_N669,5000,ZJ-HZB,L3-hangzhou-mask-2015,2015,WEAK,0,0.0,0.0,UNLABELED,,,
ZJ_U51_5K_E063_N669,5000,ZJ-HZB,L4-cmsa-polygons-2019,2019,WEAK,0,0.0,0.0,UNLABELED,,,
ZJ_U51_5K_E063_N669,5000,ZJ-HZB,L5-cmsa-polygons-2020,2020,WEAK,0,0.0,0.0,UNLABELED,,,
ZJ_U51_5K_E063_N669,5000,ZJ-HZB,L6-cmsa-polygons-2021,2021,WEAK,0,0.0,0.0,UNLABELED,,,
ZJ_U51_5K_E063_N670,5000,ZJ-HZB,L1-china2015-raster30m,2015,SILVER,0,0.0,0.0,WEAK,,,
ZJ_U51_5K_E063_N670,5000,ZJ-HZB,L2-cmssm2020-polygons,2020,WEAK,0,0.0,0.0,WEAK,,,
ZJ_U51_5K_E063_N670,5000,ZJ-HZB,L3-hangzhou-mask-2015,2015,WEAK,1715,1.5395,0.06158,WEAK,,,
ZJ_U51_5K_E063_N670,5000,ZJ-HZB,L4-cmsa-polygons-2019,2019,WEAK,0,0.0,0.0,WEAK,,,
ZJ_U51_5K_E063_N670,5000,ZJ-HZB,L5-cmsa-polygons-2020,2020,WEAK,0,0.0,0.0,WEAK,,,
ZJ_U51_5K_E063_N670,5000,ZJ-HZB,L6-cmsa-polygons-2021,2021,WEAK,0,0.0,0.0,WEAK,,,
ZJ_U51_5K_E063_N671,5000,ZJ-HZB,L1-china2015-raster30m,2015,SILVER,217,0.1953,0.007812,SILVER+WEAK,,,
ZJ_U51_5K_E063_N671,5000,ZJ-HZB,L2-cmssm2020-polygons,2020,WEAK,0,0.0,0.0,SILVER+WEAK,,,
ZJ_U51_5K_E063_N671,5000,ZJ-HZB,L3-hangzhou-mask-2015,2015,WEAK,1873,1.6814,0.067256,SILVER+WEAK,,,
ZJ_U51_5K_E063_N671,5000,ZJ-HZB,L4-cmsa-polygons-2019,2019,WEAK,0,0.0,0.0,SILVER+WEAK,,,
ZJ_U51_5K_E063_N671,5000,ZJ-HZB,L5-cmsa-polygons-2020,2020,WEAK,0,0.0,0.0,SILVER+WEAK,,,
ZJ_U51_5K_E063_N671,5000,ZJ-HZB,L6-cmsa-polygons-2021,2021,WEAK,0,0.0,0.0,SILVER+WEAK,,,
ZJ_U51_5K_E063_N672,5000,ZJ-HZB,L1-china2015-raster30m,2015,SILVER,0,0.0,0.0,UNLABELED,,,
ZJ_U51_5K_E063_N672,5000,ZJ-HZB,L2-cmssm2020-polygons,2020,WEAK,0,0.0,0.0,UNLABELED,,,
ZJ_U51_5K_E063_N672,5000,ZJ-HZB,L3-hangzhou-mask-2015,2015,WEAK,0,0.0,0.0,UNLABELED,,,
ZJ_U51_5K_E063_N672,5000,ZJ-HZB,L4-cmsa-polygons-2019,2019,WEAK,0,0.0,0.0,UNLABELED,,,
ZJ_U51_5K_E063_N672,5000,ZJ-HZB,L5-cmsa-polygons-2020,2020,WEAK,0,0.0,0.0,UNLABELED,,,
ZJ_U51_5K_E063_N672,5000,ZJ-HZB,L6-cmsa-polygons-2021,2021,WEAK,0,0.0,0.0,UNLABELED,,,
ZJ_U51_5K_E063_N673,5000,ZJ-HZB,L1-china2015-raster30m,2015,SILVER,0,0.0,0.0,UNLABELED,,,
ZJ_U51_5K_E063_N673,5000,ZJ-HZB,L2-cmssm2020-polygons,2020,WEAK,0,0.0,0.0,UNLABELED,,,
ZJ_U51_5K_E063_N673,5000,ZJ-HZB,L3-hangzhou-mask-2015,2015,WEAK,0,0.0,0.0,UNLABELED,,,
ZJ_U51_5K_E063_N673,5000,ZJ-HZB,L4-cmsa-polygons-2019,2019,WEAK,0,0.0,0.0,UNLABELED,,,
ZJ_U51_5K_E063_N673,5000,ZJ-HZB,L5-cmsa-polygons-2020,2020,WEAK,0,0.0,0.0,UNLABELED,,,
ZJ_U51_5K_E063_N673,5000,ZJ-HZB,L6-cmsa-polygons-2021,2021,WEAK,0,0.0,0.0,UNLABELED,,,
ZJ_U51_5K_E063_N674,5000,ZJ-HZB,L1-china2015-raster30m,2015,SILVER,0,0.0,0.0,UNLABELED,,,
ZJ_U51_5K_E063_N674,5000,ZJ-HZB,L2-cmssm2020-polygons,2020,WEAK,0,0.0,0.0,UNLABELED,,,
ZJ_U51_5K_E063_N674,5000,ZJ-HZB,L3-hangzhou-mask-2015,2015,WEAK,0,0.0,0.0,UNLABELED,,,
ZJ_U51_5K_E063_N674,5000,ZJ-HZB,L4-cmsa-polygons-2019,2019,WEAK,0,0.0,0.0,UNLABELED,,,
ZJ_U51_5K_E063_N674,5000,ZJ-HZB,L5-cmsa-polygons-2020,2020,WEAK,0,0.0,0.0,UNLABELED,,,
ZJ_U51_5K_E063_N674,5000,ZJ-HZB,L6-cmsa-polygons-2021,2021,WEAK,0,0.0,0.0,UNLABELED,,,
ZJ_U51_5K_E063_N675,5000,ZJ-HZB,L1-china2015-raster30m,2015,SILVER,0,0.0,0.0,UNLABELED,,,
ZJ_U51_5K_E063_N675,5000,ZJ-HZB,L2-cmssm2020-polygons,2020,WEAK,0,0.0,0.0,UNLABELED,,,
ZJ_U51_5K_E063_N675,5000,ZJ-HZB,L3-hangzhou-mask-2015,2015,WEAK,0,0.0,0.0,UNLABELED,,,
ZJ_U51_5K_E063_N675,5000,ZJ-HZB,L4-cmsa-polygons-2019,2019,WEAK,0,0.0,0.0,UNLABELED,,,
ZJ_U51_5K_E063_N675,5000,ZJ-HZB,L5-cmsa-polygons-2020,2020,WEAK,0,0.0,0.0,UNLABELED,,,
ZJ_U51_5K_E063_N675,5000,ZJ-HZB,L6-cmsa-polygons-2021,2021,WEAK,0,0.0,0.0,UNLABELED,,,
ZJ_U51_5K_E064_N620,5000,ZJ-YQB,L1-china2015-raster30m,2015,SILVER,0,0.0,0.0,UNLABELED,,,
ZJ_U51_5K_E064_N620,5000,ZJ-YQB,L2-cmssm2020-polygons,2020,WEAK,0,0.0,0.0,UNLABELED,,,
ZJ_U51_5K_E064_N620,5000,ZJ-YQB,L3-hangzhou-mask-2015,2015,WEAK,0,0.0,0.0,UNLABELED,,,
ZJ_U51_5K_E064_N620,5000,ZJ-YQB,L4-cmsa-polygons-2019,2019,WEAK,0,0.0,0.0,UNLABELED,,,
ZJ_U51_5K_E064_N620,5000,ZJ-YQB,L5-cmsa-polygons-2020,2020,WEAK,0,0.0,0.0,UNLABELED,,,
ZJ_U51_5K_E064_N620,5000,ZJ-YQB,L6-cmsa-polygons-2021,2021,WEAK,0,0.0,0.0,UNLABELED,,,
ZJ_U51_5K_E064_N621,5000,ZJ-YQB,L1-china2015-raster30m,2015,SILVER,0,0.0,0.0,UNLABELED,,,
ZJ_U51_5K_E064_N621,5000,ZJ-YQB,L2-cmssm2020-polygons,2020,WEAK,0,0.0,0.0,UNLABELED,,,
ZJ_U51_5K_E064_N621,5000,ZJ-YQB,L3-hangzhou-mask-2015,2015,WEAK,0,0.0,0.0,UNLABELED,,,
ZJ_U51_5K_E064_N621,5000,ZJ-YQB,L4-cmsa-polygons-2019,2019,WEAK,0,0.0,0.0,UNLABELED,,,
ZJ_U51_5K_E064_N621,5000,ZJ-YQB,L5-cmsa-polygons-2020,2020,WEAK,0,0.0,0.0,UNLABELED,,,
ZJ_U51_5K_E064_N621,5000,ZJ-YQB,L6-cmsa-polygons-2021,2021,WEAK,0,0.0,0.0,UNLABELED,,,
ZJ_U51_5K_E064_N622,5000,ZJ-YQB,L1-china2015-raster30m,2015,SILVER,10,0.009,0.00036,SILVER,,,
ZJ_U51_5K_E064_N622,5000,ZJ-YQB,L2-cmssm2020-polygons,2020,WEAK,0,0.0,0.0,SILVER,,,
ZJ_U51_5K_E064_N622,5000,ZJ-YQB,L3-hangzhou-mask-2015,2015,WEAK,0,0.0,0.0,SILVER,,,
ZJ_U51_5K_E064_N622,5000,ZJ-YQB,L4-cmsa-polygons-2019,2019,WEAK,0,0.0,0.0,SILVER,,,
ZJ_U51_5K_E064_N622,5000,ZJ-YQB,L5-cmsa-polygons-2020,2020,WEAK,0,0.0,0.0,SILVER,,,
ZJ_U51_5K_E064_N622,5000,ZJ-YQB,L6-cmsa-polygons-2021,2021,WEAK,0,0.0,0.0,SILVER,,,
ZJ_U51_5K_E064_N623,5000,ZJ-YQB,L1-china2015-raster30m,2015,SILVER,1943,1.7487,0.069948,SILVER,,,
ZJ_U51_5K_E064_N623,5000,ZJ-YQB,L2-cmssm2020-polygons,2020,WEAK,0,0.0,0.0,SILVER,,,
ZJ_U51_5K_E064_N623,5000,ZJ-YQB,L3-hangzhou-mask-2015,2015,WEAK,0,0.0,0.0,SILVER,,,
ZJ_U51_5K_E064_N623,5000,ZJ-YQB,L4-cmsa-polygons-2019,2019,WEAK,0,0.0,0.0,SILVER,,,
ZJ_U51_5K_E064_N623,5000,ZJ-YQB,L5-cmsa-polygons-2020,2020,WEAK,0,0.0,0.0,SILVER,,,
ZJ_U51_5K_E064_N623,5000,ZJ-YQB,L6-cmsa-polygons-2021,2021,WEAK,0,0.0,0.0,SILVER,,,
ZJ_U51_5K_E064_N624,5000,ZJ-YQB,L1-china2015-raster30m,2015,SILVER,481,0.4329,0.017316,SILVER,,,
ZJ_U51_5K_E064_N624,5000,ZJ-YQB,L2-cmssm2020-polygons,2020,WEAK,0,0.0,0.0,SILVER,,,
ZJ_U51_5K_E064_N624,5000,ZJ-YQB,L3-hangzhou-mask-2015,2015,WEAK,0,0.0,0.0,SILVER,,,
ZJ_U51_5K_E064_N624,5000,ZJ-YQB,L4-cmsa-polygons-2019,2019,WEAK,0,0.0,0.0,SILVER,,,
ZJ_U51_5K_E064_N624,5000,ZJ-YQB,L5-cmsa-polygons-2020,2020,WEAK,0,0.0,0.0,SILVER,,,
ZJ_U51_5K_E064_N624,5000,ZJ-YQB,L6-cmsa-polygons-2021,2021,WEAK,0,0.0,0.0,SILVER,,,
ZJ_U51_5K_E064_N625,5000,ZJ-YQB,L1-china2015-raster30m,2015,SILVER,1560,1.404,0.05616,SILVER+WEAK,,,
ZJ_U51_5K_E064_N625,5000,ZJ-YQB,L2-cmssm2020-polygons,2020,WEAK,0,0.0,0.0,SILVER+WEAK,,,
ZJ_U51_5K_E064_N625,5000,ZJ-YQB,L3-hangzhou-mask-2015,2015,WEAK,0,0.0,0.0,SILVER+WEAK,,,
ZJ_U51_5K_E064_N625,5000,ZJ-YQB,L4-cmsa-polygons-2019,2019,WEAK,1,0.0586,0.002344,SILVER+WEAK,,,
ZJ_U51_5K_E064_N625,5000,ZJ-YQB,L5-cmsa-polygons-2020,2020,WEAK,0,0.0,0.0,SILVER+WEAK,,,
ZJ_U51_5K_E064_N625,5000,ZJ-YQB,L6-cmsa-polygons-2021,2021,WEAK,1,0.0836,0.003344,SILVER+WEAK,,,
ZJ_U51_5K_E064_N626,5000,ZJ-YQB,L1-china2015-raster30m,2015,SILVER,5575,5.0175,0.2007,SILVER+WEAK,,,
ZJ_U51_5K_E064_N626,5000,ZJ-YQB,L2-cmssm2020-polygons,2020,WEAK,0,0.0,0.0,SILVER+WEAK,,,
ZJ_U51_5K_E064_N626,5000,ZJ-YQB,L3-hangzhou-mask-2015,2015,WEAK,0,0.0,0.0,SILVER+WEAK,,,
ZJ_U51_5K_E064_N626,5000,ZJ-YQB,L4-cmsa-polygons-2019,2019,WEAK,28,4.9499,0.197996,SILVER+WEAK,,,
ZJ_U51_5K_E064_N626,5000,ZJ-YQB,L5-cmsa-polygons-2020,2020,WEAK,72,2.8793,0.115172,SILVER+WEAK,,,
ZJ_U51_5K_E064_N626,5000,ZJ-YQB,L6-cmsa-polygons-2021,2021,WEAK,43,4.9576,0.198304,SILVER+WEAK,,,
ZJ_U51_5K_E064_N627,5000,ZJ-YQB,L1-china2015-raster30m,2015,SILVER,1666,1.4994,0.059976,SILVER+WEAK,,,
ZJ_U51_5K_E064_N627,5000,ZJ-YQB,L2-cmssm2020-polygons,2020,WEAK,0,0.0,0.0,SILVER+WEAK,,,
ZJ_U51_5K_E064_N627,5000,ZJ-YQB,L3-hangzhou-mask-2015,2015,WEAK,0,0.0,0.0,SILVER+WEAK,,,
ZJ_U51_5K_E064_N627,5000,ZJ-YQB,L4-cmsa-polygons-2019,2019,WEAK,44,0.9473,0.037892,SILVER+WEAK,,,
ZJ_U51_5K_E064_N627,5000,ZJ-YQB,L5-cmsa-polygons-2020,2020,WEAK,102,0.9226,0.036904,SILVER+WEAK,,,
ZJ_U51_5K_E064_N627,5000,ZJ-YQB,L6-cmsa-polygons-2021,2021,WEAK,50,1.149,0.04596,SILVER+WEAK,,,
ZJ_U51_5K_E064_N628,5000,ZJ-YQB,L1-china2015-raster30m,2015,SILVER,293,0.2637,0.010548,SILVER+WEAK,,,
ZJ_U51_5K_E064_N628,5000,ZJ-YQB,L2-cmssm2020-polygons,2020,WEAK,0,0.0,0.0,SILVER+WEAK,,,
ZJ_U51_5K_E064_N628,5000,ZJ-YQB,L3-hangzhou-mask-2015,2015,WEAK,0,0.0,0.0,SILVER+WEAK,,,
ZJ_U51_5K_E064_N628,5000,ZJ-YQB,L4-cmsa-polygons-2019,2019,WEAK,2,0.0161,0.000644,SILVER+WEAK,,,
ZJ_U51_5K_E064_N628,5000,ZJ-YQB,L5-cmsa-polygons-2020,2020,WEAK,0,0.0,0.0,SILVER+WEAK,,,
ZJ_U51_5K_E064_N628,5000,ZJ-YQB,L6-cmsa-polygons-2021,2021,WEAK,2,0.0473,0.001892,SILVER+WEAK,,,
ZJ_U51_5K_E064_N668,5000,ZJ-HZB,L1-china2015-raster30m,2015,SILVER,0,0.0,0.0,UNLABELED,,,
ZJ_U51_5K_E064_N668,5000,ZJ-HZB,L2-cmssm2020-polygons,2020,WEAK,0,0.0,0.0,UNLABELED,,,
ZJ_U51_5K_E064_N668,5000,ZJ-HZB,L3-hangzhou-mask-2015,2015,WEAK,0,0.0,0.0,UNLABELED,,,
ZJ_U51_5K_E064_N668,5000,ZJ-HZB,L4-cmsa-polygons-2019,2019,WEAK,0,0.0,0.0,UNLABELED,,,
ZJ_U51_5K_E064_N668,5000,ZJ-HZB,L5-cmsa-polygons-2020,2020,WEAK,0,0.0,0.0,UNLABELED,,,
ZJ_U51_5K_E064_N668,5000,ZJ-HZB,L6-cmsa-polygons-2021,2021,WEAK,0,0.0,0.0,UNLABELED,,,
ZJ_U51_5K_E064_N669,5000,ZJ-HZB,L1-china2015-raster30m,2015,SILVER,0,0.0,0.0,UNLABELED,,,
ZJ_U51_5K_E064_N669,5000,ZJ-HZB,L2-cmssm2020-polygons,2020,WEAK,0,0.0,0.0,UNLABELED,,,
ZJ_U51_5K_E064_N669,5000,ZJ-HZB,L3-hangzhou-mask-2015,2015,WEAK,0,0.0,0.0,UNLABELED,,,
ZJ_U51_5K_E064_N669,5000,ZJ-HZB,L4-cmsa-polygons-2019,2019,WEAK,0,0.0,0.0,UNLABELED,,,
ZJ_U51_5K_E064_N669,5000,ZJ-HZB,L5-cmsa-polygons-2020,2020,WEAK,0,0.0,0.0,UNLABELED,,,
ZJ_U51_5K_E064_N669,5000,ZJ-HZB,L6-cmsa-polygons-2021,2021,WEAK,0,0.0,0.0,UNLABELED,,,
ZJ_U51_5K_E064_N670,5000,ZJ-HZB,L1-china2015-raster30m,2015,SILVER,0,0.0,0.0,UNLABELED,,,
ZJ_U51_5K_E064_N670,5000,ZJ-HZB,L2-cmssm2020-polygons,2020,WEAK,0,0.0,0.0,UNLABELED,,,
ZJ_U51_5K_E064_N670,5000,ZJ-HZB,L3-hangzhou-mask-2015,2015,WEAK,0,0.0,0.0,UNLABELED,,,
ZJ_U51_5K_E064_N670,5000,ZJ-HZB,L4-cmsa-polygons-2019,2019,WEAK,0,0.0,0.0,UNLABELED,,,
ZJ_U51_5K_E064_N670,5000,ZJ-HZB,L5-cmsa-polygons-2020,2020,WEAK,0,0.0,0.0,UNLABELED,,,
ZJ_U51_5K_E064_N670,5000,ZJ-HZB,L6-cmsa-polygons-2021,2021,WEAK,0,0.0,0.0,UNLABELED,,,
ZJ_U51_5K_E064_N671,5000,ZJ-HZB,L1-china2015-raster30m,2015,SILVER,0,0.0,0.0,WEAK,,,
ZJ_U51_5K_E064_N671,5000,ZJ-HZB,L2-cmssm2020-polygons,2020,WEAK,0,0.0,0.0,WEAK,,,
ZJ_U51_5K_E064_N671,5000,ZJ-HZB,L3-hangzhou-mask-2015,2015,WEAK,976,0.8761,0.035044,WEAK,,,
ZJ_U51_5K_E064_N671,5000,ZJ-HZB,L4-cmsa-polygons-2019,2019,WEAK,0,0.0,0.0,WEAK,,,
ZJ_U51_5K_E064_N671,5000,ZJ-HZB,L5-cmsa-polygons-2020,2020,WEAK,0,0.0,0.0,WEAK,,,
ZJ_U51_5K_E064_N671,5000,ZJ-HZB,L6-cmsa-polygons-2021,2021,WEAK,0,0.0,0.0,WEAK,,,
ZJ_U51_5K_E064_N672,5000,ZJ-HZB,L1-china2015-raster30m,2015,SILVER,42,0.0378,0.001512,SILVER+WEAK,,,
ZJ_U51_5K_E064_N672,5000,ZJ-HZB,L2-cmssm2020-polygons,2020,WEAK,0,0.0,0.0,SILVER+WEAK,,,
ZJ_U51_5K_E064_N672,5000,ZJ-HZB,L3-hangzhou-mask-2015,2015,WEAK,14,0.0126,0.000504,SILVER+WEAK,,,
ZJ_U51_5K_E064_N672,5000,ZJ-HZB,L4-cmsa-polygons-2019,2019,WEAK,0,0.0,0.0,SILVER+WEAK,,,
ZJ_U51_5K_E064_N672,5000,ZJ-HZB,L5-cmsa-polygons-2020,2020,WEAK,0,0.0,0.0,SILVER+WEAK,,,
ZJ_U51_5K_E064_N672,5000,ZJ-HZB,L6-cmsa-polygons-2021,2021,WEAK,0,0.0,0.0,SILVER+WEAK,,,
ZJ_U51_5K_E064_N673,5000,ZJ-HZB,L1-china2015-raster30m,2015,SILVER,0,0.0,0.0,UNLABELED,,,
ZJ_U51_5K_E064_N673,5000,ZJ-HZB,L2-cmssm2020-polygons,2020,WEAK,0,0.0,0.0,UNLABELED,,,
ZJ_U51_5K_E064_N673,5000,ZJ-HZB,L3-hangzhou-mask-2015,2015,WEAK,0,0.0,0.0,UNLABELED,,,
ZJ_U51_5K_E064_N673,5000,ZJ-HZB,L4-cmsa-polygons-2019,2019,WEAK,0,0.0,0.0,UNLABELED,,,
ZJ_U51_5K_E064_N673,5000,ZJ-HZB,L5-cmsa-polygons-2020,2020,WEAK,0,0.0,0.0,UNLABELED,,,
ZJ_U51_5K_E064_N673,5000,ZJ-HZB,L6-cmsa-polygons-2021,2021,WEAK,0,0.0,0.0,UNLABELED,,,
ZJ_U51_5K_E064_N674,5000,ZJ-HZB,L1-china2015-raster30m,2015,SILVER,0,0.0,0.0,UNLABELED,,,
ZJ_U51_5K_E064_N674,5000,ZJ-HZB,L2-cmssm2020-polygons,2020,WEAK,0,0.0,0.0,UNLABELED,,,
ZJ_U51_5K_E064_N674,5000,ZJ-HZB,L3-hangzhou-mask-2015,2015,WEAK,0,0.0,0.0,UNLABELED,,,
ZJ_U51_5K_E064_N674,5000,ZJ-HZB,L4-cmsa-polygons-2019,2019,WEAK,0,0.0,0.0,UNLABELED,,,
ZJ_U51_5K_E064_N674,5000,ZJ-HZB,L5-cmsa-polygons-2020,2020,WEAK,0,0.0,0.0,UNLABELED,,,
ZJ_U51_5K_E064_N674,5000,ZJ-HZB,L6-cmsa-polygons-2021,2021,WEAK,0,0.0,0.0,UNLABELED,,,
ZJ_U51_5K_E064_N675,5000,ZJ-HZB,L1-china2015-raster30m,2015,SILVER,0,0.0,0.0,UNLABELED,,,
ZJ_U51_5K_E064_N675,5000,ZJ-HZB,L2-cmssm2020-polygons,2020,WEAK,0,0.0,0.0,UNLABELED,,,
ZJ_U51_5K_E064_N675,5000,ZJ-HZB,L3-hangzhou-mask-2015,2015,WEAK,0,0.0,0.0,UNLABELED,,,
ZJ_U51_5K_E064_N675,5000,ZJ-HZB,L4-cmsa-polygons-2019,2019,WEAK,0,0.0,0.0,UNLABELED,,,
ZJ_U51_5K_E064_N675,5000,ZJ-HZB,L5-cmsa-polygons-2020,2020,WEAK,0,0.0,0.0,UNLABELED,,,
ZJ_U51_5K_E064_N675,5000,ZJ-HZB,L6-cmsa-polygons-2021,2021,WEAK,0,0.0,0.0,UNLABELED,,,
ZJ_U51_5K_E065_N668,5000,ZJ-HZB,L1-china2015-raster30m,2015,SILVER,0,0.0,0.0,UNLABELED,,,
ZJ_U51_5K_E065_N668,5000,ZJ-HZB,L2-cmssm2020-polygons,2020,WEAK,0,0.0,0.0,UNLABELED,,,
ZJ_U51_5K_E065_N668,5000,ZJ-HZB,L3-hangzhou-mask-2015,2015,WEAK,0,0.0,0.0,UNLABELED,,,
ZJ_U51_5K_E065_N668,5000,ZJ-HZB,L4-cmsa-polygons-2019,2019,WEAK,0,0.0,0.0,UNLABELED,,,
ZJ_U51_5K_E065_N668,5000,ZJ-HZB,L5-cmsa-polygons-2020,2020,WEAK,0,0.0,0.0,UNLABELED,,,
ZJ_U51_5K_E065_N668,5000,ZJ-HZB,L6-cmsa-polygons-2021,2021,WEAK,0,0.0,0.0,UNLABELED,,,
ZJ_U51_5K_E065_N669,5000,ZJ-HZB,L1-china2015-raster30m,2015,SILVER,0,0.0,0.0,UNLABELED,,,
ZJ_U51_5K_E065_N669,5000,ZJ-HZB,L2-cmssm2020-polygons,2020,WEAK,0,0.0,0.0,UNLABELED,,,
ZJ_U51_5K_E065_N669,5000,ZJ-HZB,L3-hangzhou-mask-2015,2015,WEAK,0,0.0,0.0,UNLABELED,,,
ZJ_U51_5K_E065_N669,5000,ZJ-HZB,L4-cmsa-polygons-2019,2019,WEAK,0,0.0,0.0,UNLABELED,,,
ZJ_U51_5K_E065_N669,5000,ZJ-HZB,L5-cmsa-polygons-2020,2020,WEAK,0,0.0,0.0,UNLABELED,,,
ZJ_U51_5K_E065_N669,5000,ZJ-HZB,L6-cmsa-polygons-2021,2021,WEAK,0,0.0,0.0,UNLABELED,,,
ZJ_U51_5K_E065_N670,5000,ZJ-HZB,L1-china2015-raster30m,2015,SILVER,0,0.0,0.0,UNLABELED,,,
ZJ_U51_5K_E065_N670,5000,ZJ-HZB,L2-cmssm2020-polygons,2020,WEAK,0,0.0,0.0,UNLABELED,,,
ZJ_U51_5K_E065_N670,5000,ZJ-HZB,L3-hangzhou-mask-2015,2015,WEAK,0,0.0,0.0,UNLABELED,,,
ZJ_U51_5K_E065_N670,5000,ZJ-HZB,L4-cmsa-polygons-2019,2019,WEAK,0,0.0,0.0,UNLABELED,,,
ZJ_U51_5K_E065_N670,5000,ZJ-HZB,L5-cmsa-polygons-2020,2020,WEAK,0,0.0,0.0,UNLABELED,,,
ZJ_U51_5K_E065_N670,5000,ZJ-HZB,L6-cmsa-polygons-2021,2021,WEAK,0,0.0,0.0,UNLABELED,,,
ZJ_U51_5K_E065_N671,5000,ZJ-HZB,L1-china2015-raster30m,2015,SILVER,0,0.0,0.0,UNLABELED,,,
ZJ_U51_5K_E065_N671,5000,ZJ-HZB,L2-cmssm2020-polygons,2020,WEAK,0,0.0,0.0,UNLABELED,,,
ZJ_U51_5K_E065_N671,5000,ZJ-HZB,L3-hangzhou-mask-2015,2015,WEAK,0,0.0,0.0,UNLABELED,,,
ZJ_U51_5K_E065_N671,5000,ZJ-HZB,L4-cmsa-polygons-2019,2019,WEAK,0,0.0,0.0,UNLABELED,,,
ZJ_U51_5K_E065_N671,5000,ZJ-HZB,L5-cmsa-polygons-2020,2020,WEAK,0,0.0,0.0,UNLABELED,,,
ZJ_U51_5K_E065_N671,5000,ZJ-HZB,L6-cmsa-polygons-2021,2021,WEAK,0,0.0,0.0,UNLABELED,,,
ZJ_U51_5K_E065_N672,5000,ZJ-HZB,L1-china2015-raster30m,2015,SILVER,1463,1.3167,0.052668,SILVER+WEAK,,,
ZJ_U51_5K_E065_N672,5000,ZJ-HZB,L2-cmssm2020-polygons,2020,WEAK,0,0.0,0.0,SILVER+WEAK,,,
ZJ_U51_5K_E065_N672,5000,ZJ-HZB,L3-hangzhou-mask-2015,2015,WEAK,987,0.886,0.03544,SILVER+WEAK,,,
ZJ_U51_5K_E065_N672,5000,ZJ-HZB,L4-cmsa-polygons-2019,2019,WEAK,0,0.0,0.0,SILVER+WEAK,,,
ZJ_U51_5K_E065_N672,5000,ZJ-HZB,L5-cmsa-polygons-2020,2020,WEAK,0,0.0,0.0,SILVER+WEAK,,,
ZJ_U51_5K_E065_N672,5000,ZJ-HZB,L6-cmsa-polygons-2021,2021,WEAK,0,0.0,0.0,SILVER+WEAK,,,
ZJ_U51_5K_E065_N673,5000,ZJ-HZB,L1-china2015-raster30m,2015,SILVER,0,0.0,0.0,UNLABELED,,,
ZJ_U51_5K_E065_N673,5000,ZJ-HZB,L2-cmssm2020-polygons,2020,WEAK,0,0.0,0.0,UNLABELED,,,
ZJ_U51_5K_E065_N673,5000,ZJ-HZB,L3-hangzhou-mask-2015,2015,WEAK,0,0.0,0.0,UNLABELED,,,
ZJ_U51_5K_E065_N673,5000,ZJ-HZB,L4-cmsa-polygons-2019,2019,WEAK,0,0.0,0.0,UNLABELED,,,
ZJ_U51_5K_E065_N673,5000,ZJ-HZB,L5-cmsa-polygons-2020,2020,WEAK,0,0.0,0.0,UNLABELED,,,
ZJ_U51_5K_E065_N673,5000,ZJ-HZB,L6-cmsa-polygons-2021,2021,WEAK,0,0.0,0.0,UNLABELED,,,
ZJ_U51_5K_E065_N674,5000,ZJ-HZB,L1-china2015-raster30m,2015,SILVER,0,0.0,0.0,UNLABELED,,,
ZJ_U51_5K_E065_N674,5000,ZJ-HZB,L2-cmssm2020-polygons,2020,WEAK,0,0.0,0.0,UNLABELED,,,
ZJ_U51_5K_E065_N674,5000,ZJ-HZB,L3-hangzhou-mask-2015,2015,WEAK,0,0.0,0.0,UNLABELED,,,
ZJ_U51_5K_E065_N674,5000,ZJ-HZB,L4-cmsa-polygons-2019,2019,WEAK,0,0.0,0.0,UNLABELED,,,
ZJ_U51_5K_E065_N674,5000,ZJ-HZB,L5-cmsa-polygons-2020,2020,WEAK,0,0.0,0.0,UNLABELED,,,
ZJ_U51_5K_E065_N674,5000,ZJ-HZB,L6-cmsa-polygons-2021,2021,WEAK,0,0.0,0.0,UNLABELED,,,
ZJ_U51_5K_E065_N675,5000,ZJ-HZB,L1-china2015-raster30m,2015,SILVER,0,0.0,0.0,UNLABELED,,,
ZJ_U51_5K_E065_N675,5000,ZJ-HZB,L2-cmssm2020-polygons,2020,WEAK,0,0.0,0.0,UNLABELED,,,
ZJ_U51_5K_E065_N675,5000,ZJ-HZB,L3-hangzhou-mask-2015,2015,WEAK,0,0.0,0.0,UNLABELED,,,
ZJ_U51_5K_E065_N675,5000,ZJ-HZB,L4-cmsa-polygons-2019,2019,WEAK,0,0.0,0.0,UNLABELED,,,
ZJ_U51_5K_E065_N675,5000,ZJ-HZB,L5-cmsa-polygons-2020,2020,WEAK,0,0.0,0.0,UNLABELED,,,
ZJ_U51_5K_E065_N675,5000,ZJ-HZB,L6-cmsa-polygons-2021,2021,WEAK,0,0.0,0.0,UNLABELED,,,
ZJ_U51_5K_E065_N676,5000,ZJ-HZB,L1-china2015-raster30m,2015,SILVER,0,0.0,0.0,UNLABELED,,,
ZJ_U51_5K_E065_N676,5000,ZJ-HZB,L2-cmssm2020-polygons,2020,WEAK,0,0.0,0.0,UNLABELED,,,
ZJ_U51_5K_E065_N676,5000,ZJ-HZB,L3-hangzhou-mask-2015,2015,WEAK,0,0.0,0.0,UNLABELED,,,
ZJ_U51_5K_E065_N676,5000,ZJ-HZB,L4-cmsa-polygons-2019,2019,WEAK,0,0.0,0.0,UNLABELED,,,
ZJ_U51_5K_E065_N676,5000,ZJ-HZB,L5-cmsa-polygons-2020,2020,WEAK,0,0.0,0.0,UNLABELED,,,
ZJ_U51_5K_E065_N676,5000,ZJ-HZB,L6-cmsa-polygons-2021,2021,WEAK,0,0.0,0.0,UNLABELED,,,
ZJ_U51_5K_E066_N667,5000,ZJ-HZB,L1-china2015-raster30m,2015,SILVER,0,0.0,0.0,UNLABELED,,,
ZJ_U51_5K_E066_N667,5000,ZJ-HZB,L2-cmssm2020-polygons,2020,WEAK,0,0.0,0.0,UNLABELED,,,
ZJ_U51_5K_E066_N667,5000,ZJ-HZB,L3-hangzhou-mask-2015,2015,WEAK,0,0.0,0.0,UNLABELED,,,
ZJ_U51_5K_E066_N667,5000,ZJ-HZB,L4-cmsa-polygons-2019,2019,WEAK,0,0.0,0.0,UNLABELED,,,
ZJ_U51_5K_E066_N667,5000,ZJ-HZB,L5-cmsa-polygons-2020,2020,WEAK,0,0.0,0.0,UNLABELED,,,
ZJ_U51_5K_E066_N667,5000,ZJ-HZB,L6-cmsa-polygons-2021,2021,WEAK,0,0.0,0.0,UNLABELED,,,
ZJ_U51_5K_E066_N668,5000,ZJ-HZB,L1-china2015-raster30m,2015,SILVER,0,0.0,0.0,UNLABELED,,,
ZJ_U51_5K_E066_N668,5000,ZJ-HZB,L2-cmssm2020-polygons,2020,WEAK,0,0.0,0.0,UNLABELED,,,
ZJ_U51_5K_E066_N668,5000,ZJ-HZB,L3-hangzhou-mask-2015,2015,WEAK,0,0.0,0.0,UNLABELED,,,
ZJ_U51_5K_E066_N668,5000,ZJ-HZB,L4-cmsa-polygons-2019,2019,WEAK,0,0.0,0.0,UNLABELED,,,
ZJ_U51_5K_E066_N668,5000,ZJ-HZB,L5-cmsa-polygons-2020,2020,WEAK,0,0.0,0.0,UNLABELED,,,
ZJ_U51_5K_E066_N668,5000,ZJ-HZB,L6-cmsa-polygons-2021,2021,WEAK,0,0.0,0.0,UNLABELED,,,
ZJ_U51_5K_E066_N669,5000,ZJ-HZB,L1-china2015-raster30m,2015,SILVER,0,0.0,0.0,UNLABELED,,,
ZJ_U51_5K_E066_N669,5000,ZJ-HZB,L2-cmssm2020-polygons,2020,WEAK,0,0.0,0.0,UNLABELED,,,
ZJ_U51_5K_E066_N669,5000,ZJ-HZB,L3-hangzhou-mask-2015,2015,WEAK,0,0.0,0.0,UNLABELED,,,
ZJ_U51_5K_E066_N669,5000,ZJ-HZB,L4-cmsa-polygons-2019,2019,WEAK,0,0.0,0.0,UNLABELED,,,
ZJ_U51_5K_E066_N669,5000,ZJ-HZB,L5-cmsa-polygons-2020,2020,WEAK,0,0.0,0.0,UNLABELED,,,
ZJ_U51_5K_E066_N669,5000,ZJ-HZB,L6-cmsa-polygons-2021,2021,WEAK,0,0.0,0.0,UNLABELED,,,
ZJ_U51_5K_E066_N670,5000,ZJ-HZB,L1-china2015-raster30m,2015,SILVER,0,0.0,0.0,UNLABELED,,,
ZJ_U51_5K_E066_N670,5000,ZJ-HZB,L2-cmssm2020-polygons,2020,WEAK,0,0.0,0.0,UNLABELED,,,
ZJ_U51_5K_E066_N670,5000,ZJ-HZB,L3-hangzhou-mask-2015,2015,WEAK,0,0.0,0.0,UNLABELED,,,
ZJ_U51_5K_E066_N670,5000,ZJ-HZB,L4-cmsa-polygons-2019,2019,WEAK,0,0.0,0.0,UNLABELED,,,
ZJ_U51_5K_E066_N670,5000,ZJ-HZB,L5-cmsa-polygons-2020,2020,WEAK,0,0.0,0.0,UNLABELED,,,
ZJ_U51_5K_E066_N670,5000,ZJ-HZB,L6-cmsa-polygons-2021,2021,WEAK,0,0.0,0.0,UNLABELED,,,
ZJ_U51_5K_E066_N671,5000,ZJ-HZB,L1-china2015-raster30m,2015,SILVER,0,0.0,0.0,UNLABELED,,,
ZJ_U51_5K_E066_N671,5000,ZJ-HZB,L2-cmssm2020-polygons,2020,WEAK,0,0.0,0.0,UNLABELED,,,
ZJ_U51_5K_E066_N671,5000,ZJ-HZB,L3-hangzhou-mask-2015,2015,WEAK,0,0.0,0.0,UNLABELED,,,
ZJ_U51_5K_E066_N671,5000,ZJ-HZB,L4-cmsa-polygons-2019,2019,WEAK,0,0.0,0.0,UNLABELED,,,
ZJ_U51_5K_E066_N671,5000,ZJ-HZB,L5-cmsa-polygons-2020,2020,WEAK,0,0.0,0.0,UNLABELED,,,
ZJ_U51_5K_E066_N671,5000,ZJ-HZB,L6-cmsa-polygons-2021,2021,WEAK,0,0.0,0.0,UNLABELED,,,
ZJ_U51_5K_E066_N672,5000,ZJ-HZB,L1-china2015-raster30m,2015,SILVER,4090,3.681,0.14724,SILVER+WEAK,,,
ZJ_U51_5K_E066_N672,5000,ZJ-HZB,L2-cmssm2020-polygons,2020,WEAK,0,0.0,0.0,SILVER+WEAK,,,
ZJ_U51_5K_E066_N672,5000,ZJ-HZB,L3-hangzhou-mask-2015,2015,WEAK,3153,2.8304,0.113216,SILVER+WEAK,,,
ZJ_U51_5K_E066_N672,5000,ZJ-HZB,L4-cmsa-polygons-2019,2019,WEAK,0,0.0,0.0,SILVER+WEAK,,,
ZJ_U51_5K_E066_N672,5000,ZJ-HZB,L5-cmsa-polygons-2020,2020,WEAK,0,0.0,0.0,SILVER+WEAK,,,
ZJ_U51_5K_E066_N672,5000,ZJ-HZB,L6-cmsa-polygons-2021,2021,WEAK,0,0.0,0.0,SILVER+WEAK,,,
ZJ_U51_5K_E066_N673,5000,ZJ-HZB,L1-china2015-raster30m,2015,SILVER,0,0.0,0.0,UNLABELED,,,
ZJ_U51_5K_E066_N673,5000,ZJ-HZB,L2-cmssm2020-polygons,2020,WEAK,0,0.0,0.0,UNLABELED,,,
ZJ_U51_5K_E066_N673,5000,ZJ-HZB,L3-hangzhou-mask-2015,2015,WEAK,0,0.0,0.0,UNLABELED,,,
ZJ_U51_5K_E066_N673,5000,ZJ-HZB,L4-cmsa-polygons-2019,2019,WEAK,0,0.0,0.0,UNLABELED,,,
ZJ_U51_5K_E066_N673,5000,ZJ-HZB,L5-cmsa-polygons-2020,2020,WEAK,0,0.0,0.0,UNLABELED,,,
ZJ_U51_5K_E066_N673,5000,ZJ-HZB,L6-cmsa-polygons-2021,2021,WEAK,0,0.0,0.0,UNLABELED,,,
ZJ_U51_5K_E066_N674,5000,ZJ-HZB,L1-china2015-raster30m,2015,SILVER,0,0.0,0.0,UNLABELED,,,
ZJ_U51_5K_E066_N674,5000,ZJ-HZB,L2-cmssm2020-polygons,2020,WEAK,0,0.0,0.0,UNLABELED,,,
ZJ_U51_5K_E066_N674,5000,ZJ-HZB,L3-hangzhou-mask-2015,2015,WEAK,0,0.0,0.0,UNLABELED,,,
ZJ_U51_5K_E066_N674,5000,ZJ-HZB,L4-cmsa-polygons-2019,2019,WEAK,0,0.0,0.0,UNLABELED,,,
ZJ_U51_5K_E066_N674,5000,ZJ-HZB,L5-cmsa-polygons-2020,2020,WEAK,0,0.0,0.0,UNLABELED,,,
ZJ_U51_5K_E066_N674,5000,ZJ-HZB,L6-cmsa-polygons-2021,2021,WEAK,0,0.0,0.0,UNLABELED,,,
ZJ_U51_5K_E066_N675,5000,ZJ-HZB,L1-china2015-raster30m,2015,SILVER,0,0.0,0.0,UNLABELED,,,
ZJ_U51_5K_E066_N675,5000,ZJ-HZB,L2-cmssm2020-polygons,2020,WEAK,0,0.0,0.0,UNLABELED,,,
ZJ_U51_5K_E066_N675,5000,ZJ-HZB,L3-hangzhou-mask-2015,2015,WEAK,0,0.0,0.0,UNLABELED,,,
ZJ_U51_5K_E066_N675,5000,ZJ-HZB,L4-cmsa-polygons-2019,2019,WEAK,0,0.0,0.0,UNLABELED,,,
ZJ_U51_5K_E066_N675,5000,ZJ-HZB,L5-cmsa-polygons-2020,2020,WEAK,0,0.0,0.0,UNLABELED,,,
ZJ_U51_5K_E066_N675,5000,ZJ-HZB,L6-cmsa-polygons-2021,2021,WEAK,0,0.0,0.0,UNLABELED,,,
ZJ_U51_5K_E066_N676,5000,ZJ-HZB,L1-china2015-raster30m,2015,SILVER,0,0.0,0.0,UNLABELED,,,
ZJ_U51_5K_E066_N676,5000,ZJ-HZB,L2-cmssm2020-polygons,2020,WEAK,0,0.0,0.0,UNLABELED,,,
ZJ_U51_5K_E066_N676,5000,ZJ-HZB,L3-hangzhou-mask-2015,2015,WEAK,0,0.0,0.0,UNLABELED,,,
ZJ_U51_5K_E066_N676,5000,ZJ-HZB,L4-cmsa-polygons-2019,2019,WEAK,0,0.0,0.0,UNLABELED,,,
ZJ_U51_5K_E066_N676,5000,ZJ-HZB,L5-cmsa-polygons-2020,2020,WEAK,0,0.0,0.0,UNLABELED,,,
ZJ_U51_5K_E066_N676,5000,ZJ-HZB,L6-cmsa-polygons-2021,2021,WEAK,0,0.0,0.0,UNLABELED,,,
ZJ_U51_5K_E067_N667,5000,ZJ-HZB,L1-china2015-raster30m,2015,SILVER,0,0.0,0.0,UNLABELED,,,
ZJ_U51_5K_E067_N667,5000,ZJ-HZB,L2-cmssm2020-polygons,2020,WEAK,0,0.0,0.0,UNLABELED,,,
ZJ_U51_5K_E067_N667,5000,ZJ-HZB,L3-hangzhou-mask-2015,2015,WEAK,0,0.0,0.0,UNLABELED,,,
ZJ_U51_5K_E067_N667,5000,ZJ-HZB,L4-cmsa-polygons-2019,2019,WEAK,0,0.0,0.0,UNLABELED,,,
ZJ_U51_5K_E067_N667,5000,ZJ-HZB,L5-cmsa-polygons-2020,2020,WEAK,0,0.0,0.0,UNLABELED,,,
ZJ_U51_5K_E067_N667,5000,ZJ-HZB,L6-cmsa-polygons-2021,2021,WEAK,0,0.0,0.0,UNLABELED,,,
ZJ_U51_5K_E067_N668,5000,ZJ-HZB,L1-china2015-raster30m,2015,SILVER,0,0.0,0.0,UNLABELED,,,
ZJ_U51_5K_E067_N668,5000,ZJ-HZB,L2-cmssm2020-polygons,2020,WEAK,0,0.0,0.0,UNLABELED,,,
ZJ_U51_5K_E067_N668,5000,ZJ-HZB,L3-hangzhou-mask-2015,2015,WEAK,0,0.0,0.0,UNLABELED,,,
ZJ_U51_5K_E067_N668,5000,ZJ-HZB,L4-cmsa-polygons-2019,2019,WEAK,0,0.0,0.0,UNLABELED,,,
ZJ_U51_5K_E067_N668,5000,ZJ-HZB,L5-cmsa-polygons-2020,2020,WEAK,0,0.0,0.0,UNLABELED,,,
ZJ_U51_5K_E067_N668,5000,ZJ-HZB,L6-cmsa-polygons-2021,2021,WEAK,0,0.0,0.0,UNLABELED,,,
ZJ_U51_5K_E067_N669,5000,ZJ-HZB,L1-china2015-raster30m,2015,SILVER,0,0.0,0.0,UNLABELED,,,
ZJ_U51_5K_E067_N669,5000,ZJ-HZB,L2-cmssm2020-polygons,2020,WEAK,0,0.0,0.0,UNLABELED,,,
ZJ_U51_5K_E067_N669,5000,ZJ-HZB,L3-hangzhou-mask-2015,2015,WEAK,0,0.0,0.0,UNLABELED,,,
ZJ_U51_5K_E067_N669,5000,ZJ-HZB,L4-cmsa-polygons-2019,2019,WEAK,0,0.0,0.0,UNLABELED,,,
ZJ_U51_5K_E067_N669,5000,ZJ-HZB,L5-cmsa-polygons-2020,2020,WEAK,0,0.0,0.0,UNLABELED,,,
ZJ_U51_5K_E067_N669,5000,ZJ-HZB,L6-cmsa-polygons-2021,2021,WEAK,0,0.0,0.0,UNLABELED,,,
ZJ_U51_5K_E067_N670,5000,ZJ-HZB,L1-china2015-raster30m,2015,SILVER,0,0.0,0.0,UNLABELED,,,
ZJ_U51_5K_E067_N670,5000,ZJ-HZB,L2-cmssm2020-polygons,2020,WEAK,0,0.0,0.0,UNLABELED,,,
ZJ_U51_5K_E067_N670,5000,ZJ-HZB,L3-hangzhou-mask-2015,2015,WEAK,0,0.0,0.0,UNLABELED,,,
ZJ_U51_5K_E067_N670,5000,ZJ-HZB,L4-cmsa-polygons-2019,2019,WEAK,0,0.0,0.0,UNLABELED,,,
ZJ_U51_5K_E067_N670,5000,ZJ-HZB,L5-cmsa-polygons-2020,2020,WEAK,0,0.0,0.0,UNLABELED,,,
ZJ_U51_5K_E067_N670,5000,ZJ-HZB,L6-cmsa-polygons-2021,2021,WEAK,0,0.0,0.0,UNLABELED,,,
ZJ_U51_5K_E067_N671,5000,ZJ-HZB,L1-china2015-raster30m,2015,SILVER,0,0.0,0.0,UNLABELED,,,
ZJ_U51_5K_E067_N671,5000,ZJ-HZB,L2-cmssm2020-polygons,2020,WEAK,0,0.0,0.0,UNLABELED,,,
ZJ_U51_5K_E067_N671,5000,ZJ-HZB,L3-hangzhou-mask-2015,2015,WEAK,0,0.0,0.0,UNLABELED,,,
ZJ_U51_5K_E067_N671,5000,ZJ-HZB,L4-cmsa-polygons-2019,2019,WEAK,0,0.0,0.0,UNLABELED,,,
ZJ_U51_5K_E067_N671,5000,ZJ-HZB,L5-cmsa-polygons-2020,2020,WEAK,0,0.0,0.0,UNLABELED,,,
ZJ_U51_5K_E067_N671,5000,ZJ-HZB,L6-cmsa-polygons-2021,2021,WEAK,0,0.0,0.0,UNLABELED,,,
ZJ_U51_5K_E067_N672,5000,ZJ-HZB,L1-china2015-raster30m,2015,SILVER,4304,3.8736,0.154944,SILVER+WEAK,,,
ZJ_U51_5K_E067_N672,5000,ZJ-HZB,L2-cmssm2020-polygons,2020,WEAK,0,0.0,0.0,SILVER+WEAK,,,
ZJ_U51_5K_E067_N672,5000,ZJ-HZB,L3-hangzhou-mask-2015,2015,WEAK,3525,3.1644,0.126576,SILVER+WEAK,,,
ZJ_U51_5K_E067_N672,5000,ZJ-HZB,L4-cmsa-polygons-2019,2019,WEAK,0,0.0,0.0,SILVER+WEAK,,,
ZJ_U51_5K_E067_N672,5000,ZJ-HZB,L5-cmsa-polygons-2020,2020,WEAK,0,0.0,0.0,SILVER+WEAK,,,
ZJ_U51_5K_E067_N672,5000,ZJ-HZB,L6-cmsa-polygons-2021,2021,WEAK,0,0.0,0.0,SILVER+WEAK,,,
ZJ_U51_5K_E067_N673,5000,ZJ-HZB,L1-china2015-raster30m,2015,SILVER,0,0.0,0.0,UNLABELED,,,
ZJ_U51_5K_E067_N673,5000,ZJ-HZB,L2-cmssm2020-polygons,2020,WEAK,0,0.0,0.0,UNLABELED,,,
ZJ_U51_5K_E067_N673,5000,ZJ-HZB,L3-hangzhou-mask-2015,2015,WEAK,0,0.0,0.0,UNLABELED,,,
ZJ_U51_5K_E067_N673,5000,ZJ-HZB,L4-cmsa-polygons-2019,2019,WEAK,0,0.0,0.0,UNLABELED,,,
ZJ_U51_5K_E067_N673,5000,ZJ-HZB,L5-cmsa-polygons-2020,2020,WEAK,0,0.0,0.0,UNLABELED,,,
ZJ_U51_5K_E067_N673,5000,ZJ-HZB,L6-cmsa-polygons-2021,2021,WEAK,0,0.0,0.0,UNLABELED,,,
ZJ_U51_5K_E067_N674,5000,ZJ-HZB,L1-china2015-raster30m,2015,SILVER,0,0.0,0.0,UNLABELED,,,
ZJ_U51_5K_E067_N674,5000,ZJ-HZB,L2-cmssm2020-polygons,2020,WEAK,0,0.0,0.0,UNLABELED,,,
ZJ_U51_5K_E067_N674,5000,ZJ-HZB,L3-hangzhou-mask-2015,2015,WEAK,0,0.0,0.0,UNLABELED,,,
ZJ_U51_5K_E067_N674,5000,ZJ-HZB,L4-cmsa-polygons-2019,2019,WEAK,0,0.0,0.0,UNLABELED,,,
ZJ_U51_5K_E067_N674,5000,ZJ-HZB,L5-cmsa-polygons-2020,2020,WEAK,0,0.0,0.0,UNLABELED,,,
ZJ_U51_5K_E067_N674,5000,ZJ-HZB,L6-cmsa-polygons-2021,2021,WEAK,0,0.0,0.0,UNLABELED,,,
ZJ_U51_5K_E067_N675,5000,ZJ-HZB,L1-china2015-raster30m,2015,SILVER,0,0.0,0.0,UNLABELED,,,
ZJ_U51_5K_E067_N675,5000,ZJ-HZB,L2-cmssm2020-polygons,2020,WEAK,0,0.0,0.0,UNLABELED,,,
ZJ_U51_5K_E067_N675,5000,ZJ-HZB,L3-hangzhou-mask-2015,2015,WEAK,0,0.0,0.0,UNLABELED,,,
ZJ_U51_5K_E067_N675,5000,ZJ-HZB,L4-cmsa-polygons-2019,2019,WEAK,0,0.0,0.0,UNLABELED,,,
ZJ_U51_5K_E067_N675,5000,ZJ-HZB,L5-cmsa-polygons-2020,2020,WEAK,0,0.0,0.0,UNLABELED,,,
ZJ_U51_5K_E067_N675,5000,ZJ-HZB,L6-cmsa-polygons-2021,2021,WEAK,0,0.0,0.0,UNLABELED,,,
ZJ_U51_5K_E067_N676,5000,ZJ-HZB,L1-china2015-raster30m,2015,SILVER,0,0.0,0.0,UNLABELED,,,
ZJ_U51_5K_E067_N676,5000,ZJ-HZB,L2-cmssm2020-polygons,2020,WEAK,0,0.0,0.0,UNLABELED,,,
ZJ_U51_5K_E067_N676,5000,ZJ-HZB,L3-hangzhou-mask-2015,2015,WEAK,0,0.0,0.0,UNLABELED,,,
ZJ_U51_5K_E067_N676,5000,ZJ-HZB,L4-cmsa-polygons-2019,2019,WEAK,0,0.0,0.0,UNLABELED,,,
ZJ_U51_5K_E067_N676,5000,ZJ-HZB,L5-cmsa-polygons-2020,2020,WEAK,0,0.0,0.0,UNLABELED,,,
ZJ_U51_5K_E067_N676,5000,ZJ-HZB,L6-cmsa-polygons-2021,2021,WEAK,0,0.0,0.0,UNLABELED,,,
ZJ_U51_5K_E067_N677,5000,ZJ-HZB,L1-china2015-raster30m,2015,SILVER,0,0.0,0.0,UNLABELED,,,
ZJ_U51_5K_E067_N677,5000,ZJ-HZB,L2-cmssm2020-polygons,2020,WEAK,0,0.0,0.0,UNLABELED,,,
ZJ_U51_5K_E067_N677,5000,ZJ-HZB,L3-hangzhou-mask-2015,2015,WEAK,0,0.0,0.0,UNLABELED,,,
ZJ_U51_5K_E067_N677,5000,ZJ-HZB,L4-cmsa-polygons-2019,2019,WEAK,0,0.0,0.0,UNLABELED,,,
ZJ_U51_5K_E067_N677,5000,ZJ-HZB,L5-cmsa-polygons-2020,2020,WEAK,0,0.0,0.0,UNLABELED,,,
ZJ_U51_5K_E067_N677,5000,ZJ-HZB,L6-cmsa-polygons-2021,2021,WEAK,0,0.0,0.0,UNLABELED,,,
ZJ_U51_5K_E068_N640,5000,ZJ-SMB,L1-china2015-raster30m,2015,SILVER,0,0.0,0.0,UNLABELED,,,
ZJ_U51_5K_E068_N640,5000,ZJ-SMB,L2-cmssm2020-polygons,2020,WEAK,0,0.0,0.0,UNLABELED,,,
ZJ_U51_5K_E068_N640,5000,ZJ-SMB,L3-hangzhou-mask-2015,2015,WEAK,0,0.0,0.0,UNLABELED,,,
ZJ_U51_5K_E068_N640,5000,ZJ-SMB,L4-cmsa-polygons-2019,2019,WEAK,0,0.0,0.0,UNLABELED,,,
ZJ_U51_5K_E068_N640,5000,ZJ-SMB,L5-cmsa-polygons-2020,2020,WEAK,0,0.0,0.0,UNLABELED,,,
ZJ_U51_5K_E068_N640,5000,ZJ-SMB,L6-cmsa-polygons-2021,2021,WEAK,0,0.0,0.0,UNLABELED,,,
ZJ_U51_5K_E068_N641,5000,ZJ-SMB,L1-china2015-raster30m,2015,SILVER,0,0.0,0.0,UNLABELED,,,
ZJ_U51_5K_E068_N641,5000,ZJ-SMB,L2-cmssm2020-polygons,2020,WEAK,0,0.0,0.0,UNLABELED,,,
ZJ_U51_5K_E068_N641,5000,ZJ-SMB,L3-hangzhou-mask-2015,2015,WEAK,0,0.0,0.0,UNLABELED,,,
ZJ_U51_5K_E068_N641,5000,ZJ-SMB,L4-cmsa-polygons-2019,2019,WEAK,0,0.0,0.0,UNLABELED,,,
ZJ_U51_5K_E068_N641,5000,ZJ-SMB,L5-cmsa-polygons-2020,2020,WEAK,0,0.0,0.0,UNLABELED,,,
ZJ_U51_5K_E068_N641,5000,ZJ-SMB,L6-cmsa-polygons-2021,2021,WEAK,0,0.0,0.0,UNLABELED,,,
ZJ_U51_5K_E068_N642,5000,ZJ-SMB,L1-china2015-raster30m,2015,SILVER,0,0.0,0.0,UNLABELED,,,
ZJ_U51_5K_E068_N642,5000,ZJ-SMB,L2-cmssm2020-polygons,2020,WEAK,0,0.0,0.0,UNLABELED,,,
ZJ_U51_5K_E068_N642,5000,ZJ-SMB,L3-hangzhou-mask-2015,2015,WEAK,0,0.0,0.0,UNLABELED,,,
ZJ_U51_5K_E068_N642,5000,ZJ-SMB,L4-cmsa-polygons-2019,2019,WEAK,0,0.0,0.0,UNLABELED,,,
ZJ_U51_5K_E068_N642,5000,ZJ-SMB,L5-cmsa-polygons-2020,2020,WEAK,0,0.0,0.0,UNLABELED,,,
ZJ_U51_5K_E068_N642,5000,ZJ-SMB,L6-cmsa-polygons-2021,2021,WEAK,0,0.0,0.0,UNLABELED,,,
ZJ_U51_5K_E068_N643,5000,ZJ-SMB,L1-china2015-raster30m,2015,SILVER,0,0.0,0.0,UNLABELED,,,
ZJ_U51_5K_E068_N643,5000,ZJ-SMB,L2-cmssm2020-polygons,2020,WEAK,0,0.0,0.0,UNLABELED,,,
ZJ_U51_5K_E068_N643,5000,ZJ-SMB,L3-hangzhou-mask-2015,2015,WEAK,0,0.0,0.0,UNLABELED,,,
ZJ_U51_5K_E068_N643,5000,ZJ-SMB,L4-cmsa-polygons-2019,2019,WEAK,0,0.0,0.0,UNLABELED,,,
ZJ_U51_5K_E068_N643,5000,ZJ-SMB,L5-cmsa-polygons-2020,2020,WEAK,0,0.0,0.0,UNLABELED,,,
ZJ_U51_5K_E068_N643,5000,ZJ-SMB,L6-cmsa-polygons-2021,2021,WEAK,0,0.0,0.0,UNLABELED,,,
ZJ_U51_5K_E068_N644,5000,ZJ-SMB,L1-china2015-raster30m,2015,SILVER,51,0.0459,0.001836,SILVER,,,
ZJ_U51_5K_E068_N644,5000,ZJ-SMB,L2-cmssm2020-polygons,2020,WEAK,0,0.0,0.0,SILVER,,,
ZJ_U51_5K_E068_N644,5000,ZJ-SMB,L3-hangzhou-mask-2015,2015,WEAK,0,0.0,0.0,SILVER,,,
ZJ_U51_5K_E068_N644,5000,ZJ-SMB,L4-cmsa-polygons-2019,2019,WEAK,0,0.0,0.0,SILVER,,,
ZJ_U51_5K_E068_N644,5000,ZJ-SMB,L5-cmsa-polygons-2020,2020,WEAK,0,0.0,0.0,SILVER,,,
ZJ_U51_5K_E068_N644,5000,ZJ-SMB,L6-cmsa-polygons-2021,2021,WEAK,0,0.0,0.0,SILVER,,,
ZJ_U51_5K_E068_N645,5000,ZJ-SMB,L1-china2015-raster30m,2015,SILVER,0,0.0,0.0,UNLABELED,,,
ZJ_U51_5K_E068_N645,5000,ZJ-SMB,L2-cmssm2020-polygons,2020,WEAK,0,0.0,0.0,UNLABELED,,,
ZJ_U51_5K_E068_N645,5000,ZJ-SMB,L3-hangzhou-mask-2015,2015,WEAK,0,0.0,0.0,UNLABELED,,,
ZJ_U51_5K_E068_N645,5000,ZJ-SMB,L4-cmsa-polygons-2019,2019,WEAK,0,0.0,0.0,UNLABELED,,,
ZJ_U51_5K_E068_N645,5000,ZJ-SMB,L5-cmsa-polygons-2020,2020,WEAK,0,0.0,0.0,UNLABELED,,,
ZJ_U51_5K_E068_N645,5000,ZJ-SMB,L6-cmsa-polygons-2021,2021,WEAK,0,0.0,0.0,UNLABELED,,,
ZJ_U51_5K_E068_N646,5000,ZJ-SMB,L1-china2015-raster30m,2015,SILVER,0,0.0,0.0,UNLABELED,,,
ZJ_U51_5K_E068_N646,5000,ZJ-SMB,L2-cmssm2020-polygons,2020,WEAK,0,0.0,0.0,UNLABELED,,,
ZJ_U51_5K_E068_N646,5000,ZJ-SMB,L3-hangzhou-mask-2015,2015,WEAK,0,0.0,0.0,UNLABELED,,,
ZJ_U51_5K_E068_N646,5000,ZJ-SMB,L4-cmsa-polygons-2019,2019,WEAK,0,0.0,0.0,UNLABELED,,,
ZJ_U51_5K_E068_N646,5000,ZJ-SMB,L5-cmsa-polygons-2020,2020,WEAK,0,0.0,0.0,UNLABELED,,,
ZJ_U51_5K_E068_N646,5000,ZJ-SMB,L6-cmsa-polygons-2021,2021,WEAK,0,0.0,0.0,UNLABELED,,,
ZJ_U51_5K_E068_N647,5000,ZJ-SMB,L1-china2015-raster30m,2015,SILVER,0,0.0,0.0,UNLABELED,,,
ZJ_U51_5K_E068_N647,5000,ZJ-SMB,L2-cmssm2020-polygons,2020,WEAK,0,0.0,0.0,UNLABELED,,,
ZJ_U51_5K_E068_N647,5000,ZJ-SMB,L3-hangzhou-mask-2015,2015,WEAK,0,0.0,0.0,UNLABELED,,,
ZJ_U51_5K_E068_N647,5000,ZJ-SMB,L4-cmsa-polygons-2019,2019,WEAK,0,0.0,0.0,UNLABELED,,,
ZJ_U51_5K_E068_N647,5000,ZJ-SMB,L5-cmsa-polygons-2020,2020,WEAK,0,0.0,0.0,UNLABELED,,,
ZJ_U51_5K_E068_N647,5000,ZJ-SMB,L6-cmsa-polygons-2021,2021,WEAK,0,0.0,0.0,UNLABELED,,,
ZJ_U51_5K_E068_N648,5000,ZJ-SMB,L1-china2015-raster30m,2015,SILVER,0,0.0,0.0,UNLABELED,,,
ZJ_U51_5K_E068_N648,5000,ZJ-SMB,L2-cmssm2020-polygons,2020,WEAK,0,0.0,0.0,UNLABELED,,,
ZJ_U51_5K_E068_N648,5000,ZJ-SMB,L3-hangzhou-mask-2015,2015,WEAK,0,0.0,0.0,UNLABELED,,,
ZJ_U51_5K_E068_N648,5000,ZJ-SMB,L4-cmsa-polygons-2019,2019,WEAK,0,0.0,0.0,UNLABELED,,,
ZJ_U51_5K_E068_N648,5000,ZJ-SMB,L5-cmsa-polygons-2020,2020,WEAK,0,0.0,0.0,UNLABELED,,,
ZJ_U51_5K_E068_N648,5000,ZJ-SMB,L6-cmsa-polygons-2021,2021,WEAK,0,0.0,0.0,UNLABELED,,,
ZJ_U51_5K_E068_N649,5000,ZJ-SMB,L1-china2015-raster30m,2015,SILVER,0,0.0,0.0,UNLABELED,,,
ZJ_U51_5K_E068_N649,5000,ZJ-SMB,L2-cmssm2020-polygons,2020,WEAK,0,0.0,0.0,UNLABELED,,,
ZJ_U51_5K_E068_N649,5000,ZJ-SMB,L3-hangzhou-mask-2015,2015,WEAK,0,0.0,0.0,UNLABELED,,,
ZJ_U51_5K_E068_N649,5000,ZJ-SMB,L4-cmsa-polygons-2019,2019,WEAK,0,0.0,0.0,UNLABELED,,,
ZJ_U51_5K_E068_N649,5000,ZJ-SMB,L5-cmsa-polygons-2020,2020,WEAK,0,0.0,0.0,UNLABELED,,,
ZJ_U51_5K_E068_N649,5000,ZJ-SMB,L6-cmsa-polygons-2021,2021,WEAK,0,0.0,0.0,UNLABELED,,,
ZJ_U51_5K_E068_N650,5000,ZJ-SMB,L1-china2015-raster30m,2015,SILVER,0,0.0,0.0,UNLABELED,,,
ZJ_U51_5K_E068_N650,5000,ZJ-SMB,L2-cmssm2020-polygons,2020,WEAK,0,0.0,0.0,UNLABELED,,,
ZJ_U51_5K_E068_N650,5000,ZJ-SMB,L3-hangzhou-mask-2015,2015,WEAK,0,0.0,0.0,UNLABELED,,,
ZJ_U51_5K_E068_N650,5000,ZJ-SMB,L4-cmsa-polygons-2019,2019,WEAK,0,0.0,0.0,UNLABELED,,,
ZJ_U51_5K_E068_N650,5000,ZJ-SMB,L5-cmsa-polygons-2020,2020,WEAK,0,0.0,0.0,UNLABELED,,,
ZJ_U51_5K_E068_N650,5000,ZJ-SMB,L6-cmsa-polygons-2021,2021,WEAK,0,0.0,0.0,UNLABELED,,,
ZJ_U51_5K_E068_N666,5000,ZJ-HZB,L1-china2015-raster30m,2015,SILVER,0,0.0,0.0,UNLABELED,,,
ZJ_U51_5K_E068_N666,5000,ZJ-HZB,L2-cmssm2020-polygons,2020,WEAK,0,0.0,0.0,UNLABELED,,,
ZJ_U51_5K_E068_N666,5000,ZJ-HZB,L3-hangzhou-mask-2015,2015,WEAK,0,0.0,0.0,UNLABELED,,,
ZJ_U51_5K_E068_N666,5000,ZJ-HZB,L4-cmsa-polygons-2019,2019,WEAK,0,0.0,0.0,UNLABELED,,,
ZJ_U51_5K_E068_N666,5000,ZJ-HZB,L5-cmsa-polygons-2020,2020,WEAK,0,0.0,0.0,UNLABELED,,,
ZJ_U51_5K_E068_N666,5000,ZJ-HZB,L6-cmsa-polygons-2021,2021,WEAK,0,0.0,0.0,UNLABELED,,,
ZJ_U51_5K_E068_N667,5000,ZJ-HZB,L1-china2015-raster30m,2015,SILVER,0,0.0,0.0,UNLABELED,,,
ZJ_U51_5K_E068_N667,5000,ZJ-HZB,L2-cmssm2020-polygons,2020,WEAK,0,0.0,0.0,UNLABELED,,,
ZJ_U51_5K_E068_N667,5000,ZJ-HZB,L3-hangzhou-mask-2015,2015,WEAK,0,0.0,0.0,UNLABELED,,,
ZJ_U51_5K_E068_N667,5000,ZJ-HZB,L4-cmsa-polygons-2019,2019,WEAK,0,0.0,0.0,UNLABELED,,,
ZJ_U51_5K_E068_N667,5000,ZJ-HZB,L5-cmsa-polygons-2020,2020,WEAK,0,0.0,0.0,UNLABELED,,,
ZJ_U51_5K_E068_N667,5000,ZJ-HZB,L6-cmsa-polygons-2021,2021,WEAK,0,0.0,0.0,UNLABELED,,,
ZJ_U51_5K_E068_N668,5000,ZJ-HZB,L1-china2015-raster30m,2015,SILVER,0,0.0,0.0,UNLABELED,,,
ZJ_U51_5K_E068_N668,5000,ZJ-HZB,L2-cmssm2020-polygons,2020,WEAK,0,0.0,0.0,UNLABELED,,,
ZJ_U51_5K_E068_N668,5000,ZJ-HZB,L3-hangzhou-mask-2015,2015,WEAK,0,0.0,0.0,UNLABELED,,,
ZJ_U51_5K_E068_N668,5000,ZJ-HZB,L4-cmsa-polygons-2019,2019,WEAK,0,0.0,0.0,UNLABELED,,,
ZJ_U51_5K_E068_N668,5000,ZJ-HZB,L5-cmsa-polygons-2020,2020,WEAK,0,0.0,0.0,UNLABELED,,,
ZJ_U51_5K_E068_N668,5000,ZJ-HZB,L6-cmsa-polygons-2021,2021,WEAK,0,0.0,0.0,UNLABELED,,,
ZJ_U51_5K_E068_N669,5000,ZJ-HZB,L1-china2015-raster30m,2015,SILVER,0,0.0,0.0,UNLABELED,,,
ZJ_U51_5K_E068_N669,5000,ZJ-HZB,L2-cmssm2020-polygons,2020,WEAK,0,0.0,0.0,UNLABELED,,,
ZJ_U51_5K_E068_N669,5000,ZJ-HZB,L3-hangzhou-mask-2015,2015,WEAK,0,0.0,0.0,UNLABELED,,,
ZJ_U51_5K_E068_N669,5000,ZJ-HZB,L4-cmsa-polygons-2019,2019,WEAK,0,0.0,0.0,UNLABELED,,,
ZJ_U51_5K_E068_N669,5000,ZJ-HZB,L5-cmsa-polygons-2020,2020,WEAK,0,0.0,0.0,UNLABELED,,,
ZJ_U51_5K_E068_N669,5000,ZJ-HZB,L6-cmsa-polygons-2021,2021,WEAK,0,0.0,0.0,UNLABELED,,,
ZJ_U51_5K_E068_N670,5000,ZJ-HZB,L1-china2015-raster30m,2015,SILVER,0,0.0,0.0,UNLABELED,,,
ZJ_U51_5K_E068_N670,5000,ZJ-HZB,L2-cmssm2020-polygons,2020,WEAK,0,0.0,0.0,UNLABELED,,,
ZJ_U51_5K_E068_N670,5000,ZJ-HZB,L3-hangzhou-mask-2015,2015,WEAK,0,0.0,0.0,UNLABELED,,,
ZJ_U51_5K_E068_N670,5000,ZJ-HZB,L4-cmsa-polygons-2019,2019,WEAK,0,0.0,0.0,UNLABELED,,,
ZJ_U51_5K_E068_N670,5000,ZJ-HZB,L5-cmsa-polygons-2020,2020,WEAK,0,0.0,0.0,UNLABELED,,,
ZJ_U51_5K_E068_N670,5000,ZJ-HZB,L6-cmsa-polygons-2021,2021,WEAK,0,0.0,0.0,UNLABELED,,,
ZJ_U51_5K_E068_N671,5000,ZJ-HZB,L1-china2015-raster30m,2015,SILVER,2645,2.3805,0.09522,SILVER+WEAK,,,
ZJ_U51_5K_E068_N671,5000,ZJ-HZB,L2-cmssm2020-polygons,2020,WEAK,0,0.0,0.0,SILVER+WEAK,,,
ZJ_U51_5K_E068_N671,5000,ZJ-HZB,L3-hangzhou-mask-2015,2015,WEAK,2008,1.8026,0.072104,SILVER+WEAK,,,
ZJ_U51_5K_E068_N671,5000,ZJ-HZB,L4-cmsa-polygons-2019,2019,WEAK,0,0.0,0.0,SILVER+WEAK,,,
ZJ_U51_5K_E068_N671,5000,ZJ-HZB,L5-cmsa-polygons-2020,2020,WEAK,0,0.0,0.0,SILVER+WEAK,,,
ZJ_U51_5K_E068_N671,5000,ZJ-HZB,L6-cmsa-polygons-2021,2021,WEAK,0,0.0,0.0,SILVER+WEAK,,,
ZJ_U51_5K_E068_N672,5000,ZJ-HZB,L1-china2015-raster30m,2015,SILVER,359,0.3231,0.012924,SILVER,,,
ZJ_U51_5K_E068_N672,5000,ZJ-HZB,L2-cmssm2020-polygons,2020,WEAK,0,0.0,0.0,SILVER,,,
ZJ_U51_5K_E068_N672,5000,ZJ-HZB,L3-hangzhou-mask-2015,2015,WEAK,0,0.0,0.0,SILVER,,,
ZJ_U51_5K_E068_N672,5000,ZJ-HZB,L4-cmsa-polygons-2019,2019,WEAK,0,0.0,0.0,SILVER,,,
ZJ_U51_5K_E068_N672,5000,ZJ-HZB,L5-cmsa-polygons-2020,2020,WEAK,0,0.0,0.0,SILVER,,,
ZJ_U51_5K_E068_N672,5000,ZJ-HZB,L6-cmsa-polygons-2021,2021,WEAK,0,0.0,0.0,SILVER,,,
ZJ_U51_5K_E068_N673,5000,ZJ-HZB,L1-china2015-raster30m,2015,SILVER,0,0.0,0.0,UNLABELED,,,
ZJ_U51_5K_E068_N673,5000,ZJ-HZB,L2-cmssm2020-polygons,2020,WEAK,0,0.0,0.0,UNLABELED,,,
ZJ_U51_5K_E068_N673,5000,ZJ-HZB,L3-hangzhou-mask-2015,2015,WEAK,0,0.0,0.0,UNLABELED,,,
ZJ_U51_5K_E068_N673,5000,ZJ-HZB,L4-cmsa-polygons-2019,2019,WEAK,0,0.0,0.0,UNLABELED,,,
ZJ_U51_5K_E068_N673,5000,ZJ-HZB,L5-cmsa-polygons-2020,2020,WEAK,0,0.0,0.0,UNLABELED,,,
ZJ_U51_5K_E068_N673,5000,ZJ-HZB,L6-cmsa-polygons-2021,2021,WEAK,0,0.0,0.0,UNLABELED,,,
ZJ_U51_5K_E068_N674,5000,ZJ-HZB,L1-china2015-raster30m,2015,SILVER,0,0.0,0.0,UNLABELED,,,
ZJ_U51_5K_E068_N674,5000,ZJ-HZB,L2-cmssm2020-polygons,2020,WEAK,0,0.0,0.0,UNLABELED,,,
ZJ_U51_5K_E068_N674,5000,ZJ-HZB,L3-hangzhou-mask-2015,2015,WEAK,0,0.0,0.0,UNLABELED,,,
ZJ_U51_5K_E068_N674,5000,ZJ-HZB,L4-cmsa-polygons-2019,2019,WEAK,0,0.0,0.0,UNLABELED,,,
ZJ_U51_5K_E068_N674,5000,ZJ-HZB,L5-cmsa-polygons-2020,2020,WEAK,0,0.0,0.0,UNLABELED,,,
ZJ_U51_5K_E068_N674,5000,ZJ-HZB,L6-cmsa-polygons-2021,2021,WEAK,0,0.0,0.0,UNLABELED,,,
ZJ_U51_5K_E068_N675,5000,ZJ-HZB,L1-china2015-raster30m,2015,SILVER,0,0.0,0.0,UNLABELED,,,
ZJ_U51_5K_E068_N675,5000,ZJ-HZB,L2-cmssm2020-polygons,2020,WEAK,0,0.0,0.0,UNLABELED,,,
ZJ_U51_5K_E068_N675,5000,ZJ-HZB,L3-hangzhou-mask-2015,2015,WEAK,0,0.0,0.0,UNLABELED,,,
ZJ_U51_5K_E068_N675,5000,ZJ-HZB,L4-cmsa-polygons-2019,2019,WEAK,0,0.0,0.0,UNLABELED,,,
ZJ_U51_5K_E068_N675,5000,ZJ-HZB,L5-cmsa-polygons-2020,2020,WEAK,0,0.0,0.0,UNLABELED,,,
ZJ_U51_5K_E068_N675,5000,ZJ-HZB,L6-cmsa-polygons-2021,2021,WEAK,0,0.0,0.0,UNLABELED,,,
ZJ_U51_5K_E068_N676,5000,ZJ-HZB,L1-china2015-raster30m,2015,SILVER,0,0.0,0.0,UNLABELED,,,
ZJ_U51_5K_E068_N676,5000,ZJ-HZB,L2-cmssm2020-polygons,2020,WEAK,0,0.0,0.0,UNLABELED,,,
ZJ_U51_5K_E068_N676,5000,ZJ-HZB,L3-hangzhou-mask-2015,2015,WEAK,0,0.0,0.0,UNLABELED,,,
ZJ_U51_5K_E068_N676,5000,ZJ-HZB,L4-cmsa-polygons-2019,2019,WEAK,0,0.0,0.0,UNLABELED,,,
ZJ_U51_5K_E068_N676,5000,ZJ-HZB,L5-cmsa-polygons-2020,2020,WEAK,0,0.0,0.0,UNLABELED,,,
ZJ_U51_5K_E068_N676,5000,ZJ-HZB,L6-cmsa-polygons-2021,2021,WEAK,0,0.0,0.0,UNLABELED,,,
ZJ_U51_5K_E068_N677,5000,ZJ-HZB,L1-china2015-raster30m,2015,SILVER,0,0.0,0.0,UNLABELED,,,
ZJ_U51_5K_E068_N677,5000,ZJ-HZB,L2-cmssm2020-polygons,2020,WEAK,0,0.0,0.0,UNLABELED,,,
ZJ_U51_5K_E068_N677,5000,ZJ-HZB,L3-hangzhou-mask-2015,2015,WEAK,0,0.0,0.0,UNLABELED,,,
ZJ_U51_5K_E068_N677,5000,ZJ-HZB,L4-cmsa-polygons-2019,2019,WEAK,0,0.0,0.0,UNLABELED,,,
ZJ_U51_5K_E068_N677,5000,ZJ-HZB,L5-cmsa-polygons-2020,2020,WEAK,0,0.0,0.0,UNLABELED,,,
ZJ_U51_5K_E068_N677,5000,ZJ-HZB,L6-cmsa-polygons-2021,2021,WEAK,0,0.0,0.0,UNLABELED,,,
ZJ_U51_5K_E068_N678,5000,ZJ-HZB,L1-china2015-raster30m,2015,SILVER,0,0.0,0.0,UNLABELED,,,
ZJ_U51_5K_E068_N678,5000,ZJ-HZB,L2-cmssm2020-polygons,2020,WEAK,0,0.0,0.0,UNLABELED,,,
ZJ_U51_5K_E068_N678,5000,ZJ-HZB,L3-hangzhou-mask-2015,2015,WEAK,0,0.0,0.0,UNLABELED,,,
ZJ_U51_5K_E068_N678,5000,ZJ-HZB,L4-cmsa-polygons-2019,2019,WEAK,0,0.0,0.0,UNLABELED,,,
ZJ_U51_5K_E068_N678,5000,ZJ-HZB,L5-cmsa-polygons-2020,2020,WEAK,0,0.0,0.0,UNLABELED,,,
ZJ_U51_5K_E068_N678,5000,ZJ-HZB,L6-cmsa-polygons-2021,2021,WEAK,0,0.0,0.0,UNLABELED,,,
ZJ_U51_5K_E069_N640,5000,ZJ-SMB,L1-china2015-raster30m,2015,SILVER,0,0.0,0.0,UNLABELED,,,
ZJ_U51_5K_E069_N640,5000,ZJ-SMB,L2-cmssm2020-polygons,2020,WEAK,0,0.0,0.0,UNLABELED,,,
ZJ_U51_5K_E069_N640,5000,ZJ-SMB,L3-hangzhou-mask-2015,2015,WEAK,0,0.0,0.0,UNLABELED,,,
ZJ_U51_5K_E069_N640,5000,ZJ-SMB,L4-cmsa-polygons-2019,2019,WEAK,0,0.0,0.0,UNLABELED,,,
ZJ_U51_5K_E069_N640,5000,ZJ-SMB,L5-cmsa-polygons-2020,2020,WEAK,0,0.0,0.0,UNLABELED,,,
ZJ_U51_5K_E069_N640,5000,ZJ-SMB,L6-cmsa-polygons-2021,2021,WEAK,0,0.0,0.0,UNLABELED,,,
ZJ_U51_5K_E069_N641,5000,ZJ-SMB,L1-china2015-raster30m,2015,SILVER,0,0.0,0.0,UNLABELED,,,
ZJ_U51_5K_E069_N641,5000,ZJ-SMB,L2-cmssm2020-polygons,2020,WEAK,0,0.0,0.0,UNLABELED,,,
ZJ_U51_5K_E069_N641,5000,ZJ-SMB,L3-hangzhou-mask-2015,2015,WEAK,0,0.0,0.0,UNLABELED,,,
ZJ_U51_5K_E069_N641,5000,ZJ-SMB,L4-cmsa-polygons-2019,2019,WEAK,0,0.0,0.0,UNLABELED,,,
ZJ_U51_5K_E069_N641,5000,ZJ-SMB,L5-cmsa-polygons-2020,2020,WEAK,0,0.0,0.0,UNLABELED,,,
ZJ_U51_5K_E069_N641,5000,ZJ-SMB,L6-cmsa-polygons-2021,2021,WEAK,0,0.0,0.0,UNLABELED,,,
ZJ_U51_5K_E069_N642,5000,ZJ-SMB,L1-china2015-raster30m,2015,SILVER,0,0.0,0.0,UNLABELED,,,
ZJ_U51_5K_E069_N642,5000,ZJ-SMB,L2-cmssm2020-polygons,2020,WEAK,0,0.0,0.0,UNLABELED,,,
ZJ_U51_5K_E069_N642,5000,ZJ-SMB,L3-hangzhou-mask-2015,2015,WEAK,0,0.0,0.0,UNLABELED,,,
ZJ_U51_5K_E069_N642,5000,ZJ-SMB,L4-cmsa-polygons-2019,2019,WEAK,0,0.0,0.0,UNLABELED,,,
ZJ_U51_5K_E069_N642,5000,ZJ-SMB,L5-cmsa-polygons-2020,2020,WEAK,0,0.0,0.0,UNLABELED,,,
ZJ_U51_5K_E069_N642,5000,ZJ-SMB,L6-cmsa-polygons-2021,2021,WEAK,0,0.0,0.0,UNLABELED,,,
ZJ_U51_5K_E069_N643,5000,ZJ-SMB,L1-china2015-raster30m,2015,SILVER,0,0.0,0.0,UNLABELED,,,
ZJ_U51_5K_E069_N643,5000,ZJ-SMB,L2-cmssm2020-polygons,2020,WEAK,0,0.0,0.0,UNLABELED,,,
ZJ_U51_5K_E069_N643,5000,ZJ-SMB,L3-hangzhou-mask-2015,2015,WEAK,0,0.0,0.0,UNLABELED,,,
ZJ_U51_5K_E069_N643,5000,ZJ-SMB,L4-cmsa-polygons-2019,2019,WEAK,0,0.0,0.0,UNLABELED,,,
ZJ_U51_5K_E069_N643,5000,ZJ-SMB,L5-cmsa-polygons-2020,2020,WEAK,0,0.0,0.0,UNLABELED,,,
ZJ_U51_5K_E069_N643,5000,ZJ-SMB,L6-cmsa-polygons-2021,2021,WEAK,0,0.0,0.0,UNLABELED,,,
ZJ_U51_5K_E069_N644,5000,ZJ-SMB,L1-china2015-raster30m,2015,SILVER,393,0.3537,0.014148,SILVER,,,
ZJ_U51_5K_E069_N644,5000,ZJ-SMB,L2-cmssm2020-polygons,2020,WEAK,0,0.0,0.0,SILVER,,,
ZJ_U51_5K_E069_N644,5000,ZJ-SMB,L3-hangzhou-mask-2015,2015,WEAK,0,0.0,0.0,SILVER,,,
ZJ_U51_5K_E069_N644,5000,ZJ-SMB,L4-cmsa-polygons-2019,2019,WEAK,0,0.0,0.0,SILVER,,,
ZJ_U51_5K_E069_N644,5000,ZJ-SMB,L5-cmsa-polygons-2020,2020,WEAK,0,0.0,0.0,SILVER,,,
ZJ_U51_5K_E069_N644,5000,ZJ-SMB,L6-cmsa-polygons-2021,2021,WEAK,0,0.0,0.0,SILVER,,,
ZJ_U51_5K_E069_N645,5000,ZJ-SMB,L1-china2015-raster30m,2015,SILVER,746,0.6714,0.026856,SILVER,,,
ZJ_U51_5K_E069_N645,5000,ZJ-SMB,L2-cmssm2020-polygons,2020,WEAK,0,0.0,0.0,SILVER,,,
ZJ_U51_5K_E069_N645,5000,ZJ-SMB,L3-hangzhou-mask-2015,2015,WEAK,0,0.0,0.0,SILVER,,,
ZJ_U51_5K_E069_N645,5000,ZJ-SMB,L4-cmsa-polygons-2019,2019,WEAK,0,0.0,0.0,SILVER,,,
ZJ_U51_5K_E069_N645,5000,ZJ-SMB,L5-cmsa-polygons-2020,2020,WEAK,0,0.0,0.0,SILVER,,,
ZJ_U51_5K_E069_N645,5000,ZJ-SMB,L6-cmsa-polygons-2021,2021,WEAK,0,0.0,0.0,SILVER,,,
ZJ_U51_5K_E069_N646,5000,ZJ-SMB,L1-china2015-raster30m,2015,SILVER,0,0.0,0.0,UNLABELED,,,
ZJ_U51_5K_E069_N646,5000,ZJ-SMB,L2-cmssm2020-polygons,2020,WEAK,0,0.0,0.0,UNLABELED,,,
ZJ_U51_5K_E069_N646,5000,ZJ-SMB,L3-hangzhou-mask-2015,2015,WEAK,0,0.0,0.0,UNLABELED,,,
ZJ_U51_5K_E069_N646,5000,ZJ-SMB,L4-cmsa-polygons-2019,2019,WEAK,0,0.0,0.0,UNLABELED,,,
ZJ_U51_5K_E069_N646,5000,ZJ-SMB,L5-cmsa-polygons-2020,2020,WEAK,0,0.0,0.0,UNLABELED,,,
ZJ_U51_5K_E069_N646,5000,ZJ-SMB,L6-cmsa-polygons-2021,2021,WEAK,0,0.0,0.0,UNLABELED,,,
ZJ_U51_5K_E069_N647,5000,ZJ-SMB,L1-china2015-raster30m,2015,SILVER,0,0.0,0.0,UNLABELED,,,
ZJ_U51_5K_E069_N647,5000,ZJ-SMB,L2-cmssm2020-polygons,2020,WEAK,0,0.0,0.0,UNLABELED,,,
ZJ_U51_5K_E069_N647,5000,ZJ-SMB,L3-hangzhou-mask-2015,2015,WEAK,0,0.0,0.0,UNLABELED,,,
ZJ_U51_5K_E069_N647,5000,ZJ-SMB,L4-cmsa-polygons-2019,2019,WEAK,0,0.0,0.0,UNLABELED,,,
ZJ_U51_5K_E069_N647,5000,ZJ-SMB,L5-cmsa-polygons-2020,2020,WEAK,0,0.0,0.0,UNLABELED,,,
ZJ_U51_5K_E069_N647,5000,ZJ-SMB,L6-cmsa-polygons-2021,2021,WEAK,0,0.0,0.0,UNLABELED,,,
ZJ_U51_5K_E069_N648,5000,ZJ-SMB,L1-china2015-raster30m,2015,SILVER,0,0.0,0.0,UNLABELED,,,
ZJ_U51_5K_E069_N648,5000,ZJ-SMB,L2-cmssm2020-polygons,2020,WEAK,0,0.0,0.0,UNLABELED,,,
ZJ_U51_5K_E069_N648,5000,ZJ-SMB,L3-hangzhou-mask-2015,2015,WEAK,0,0.0,0.0,UNLABELED,,,
ZJ_U51_5K_E069_N648,5000,ZJ-SMB,L4-cmsa-polygons-2019,2019,WEAK,0,0.0,0.0,UNLABELED,,,
ZJ_U51_5K_E069_N648,5000,ZJ-SMB,L5-cmsa-polygons-2020,2020,WEAK,0,0.0,0.0,UNLABELED,,,
ZJ_U51_5K_E069_N648,5000,ZJ-SMB,L6-cmsa-polygons-2021,2021,WEAK,0,0.0,0.0,UNLABELED,,,
ZJ_U51_5K_E069_N649,5000,ZJ-SMB,L1-china2015-raster30m,2015,SILVER,0,0.0,0.0,UNLABELED,,,
ZJ_U51_5K_E069_N649,5000,ZJ-SMB,L2-cmssm2020-polygons,2020,WEAK,0,0.0,0.0,UNLABELED,,,
ZJ_U51_5K_E069_N649,5000,ZJ-SMB,L3-hangzhou-mask-2015,2015,WEAK,0,0.0,0.0,UNLABELED,,,
ZJ_U51_5K_E069_N649,5000,ZJ-SMB,L4-cmsa-polygons-2019,2019,WEAK,0,0.0,0.0,UNLABELED,,,
ZJ_U51_5K_E069_N649,5000,ZJ-SMB,L5-cmsa-polygons-2020,2020,WEAK,0,0.0,0.0,UNLABELED,,,
ZJ_U51_5K_E069_N649,5000,ZJ-SMB,L6-cmsa-polygons-2021,2021,WEAK,0,0.0,0.0,UNLABELED,,,
ZJ_U51_5K_E069_N650,5000,ZJ-SMB,L1-china2015-raster30m,2015,SILVER,33,0.0297,0.001188,SILVER,,,
ZJ_U51_5K_E069_N650,5000,ZJ-SMB,L2-cmssm2020-polygons,2020,WEAK,0,0.0,0.0,SILVER,,,
ZJ_U51_5K_E069_N650,5000,ZJ-SMB,L3-hangzhou-mask-2015,2015,WEAK,0,0.0,0.0,SILVER,,,
ZJ_U51_5K_E069_N650,5000,ZJ-SMB,L4-cmsa-polygons-2019,2019,WEAK,0,0.0,0.0,SILVER,,,
ZJ_U51_5K_E069_N650,5000,ZJ-SMB,L5-cmsa-polygons-2020,2020,WEAK,0,0.0,0.0,SILVER,,,
ZJ_U51_5K_E069_N650,5000,ZJ-SMB,L6-cmsa-polygons-2021,2021,WEAK,0,0.0,0.0,SILVER,,,
ZJ_U51_5K_E069_N666,5000,ZJ-HZB,L1-china2015-raster30m,2015,SILVER,0,0.0,0.0,UNLABELED,,,
ZJ_U51_5K_E069_N666,5000,ZJ-HZB,L2-cmssm2020-polygons,2020,WEAK,0,0.0,0.0,UNLABELED,,,
ZJ_U51_5K_E069_N666,5000,ZJ-HZB,L3-hangzhou-mask-2015,2015,WEAK,0,0.0,0.0,UNLABELED,,,
ZJ_U51_5K_E069_N666,5000,ZJ-HZB,L4-cmsa-polygons-2019,2019,WEAK,0,0.0,0.0,UNLABELED,,,
ZJ_U51_5K_E069_N666,5000,ZJ-HZB,L5-cmsa-polygons-2020,2020,WEAK,0,0.0,0.0,UNLABELED,,,
ZJ_U51_5K_E069_N666,5000,ZJ-HZB,L6-cmsa-polygons-2021,2021,WEAK,0,0.0,0.0,UNLABELED,,,
ZJ_U51_5K_E069_N667,5000,ZJ-HZB,L1-china2015-raster30m,2015,SILVER,0,0.0,0.0,UNLABELED,,,
ZJ_U51_5K_E069_N667,5000,ZJ-HZB,L2-cmssm2020-polygons,2020,WEAK,0,0.0,0.0,UNLABELED,,,
ZJ_U51_5K_E069_N667,5000,ZJ-HZB,L3-hangzhou-mask-2015,2015,WEAK,0,0.0,0.0,UNLABELED,,,
ZJ_U51_5K_E069_N667,5000,ZJ-HZB,L4-cmsa-polygons-2019,2019,WEAK,0,0.0,0.0,UNLABELED,,,
ZJ_U51_5K_E069_N667,5000,ZJ-HZB,L5-cmsa-polygons-2020,2020,WEAK,0,0.0,0.0,UNLABELED,,,
ZJ_U51_5K_E069_N667,5000,ZJ-HZB,L6-cmsa-polygons-2021,2021,WEAK,0,0.0,0.0,UNLABELED,,,
ZJ_U51_5K_E069_N668,5000,ZJ-HZB,L1-china2015-raster30m,2015,SILVER,0,0.0,0.0,UNLABELED,,,
ZJ_U51_5K_E069_N668,5000,ZJ-HZB,L2-cmssm2020-polygons,2020,WEAK,0,0.0,0.0,UNLABELED,,,
ZJ_U51_5K_E069_N668,5000,ZJ-HZB,L3-hangzhou-mask-2015,2015,WEAK,0,0.0,0.0,UNLABELED,,,
ZJ_U51_5K_E069_N668,5000,ZJ-HZB,L4-cmsa-polygons-2019,2019,WEAK,0,0.0,0.0,UNLABELED,,,
ZJ_U51_5K_E069_N668,5000,ZJ-HZB,L5-cmsa-polygons-2020,2020,WEAK,0,0.0,0.0,UNLABELED,,,
ZJ_U51_5K_E069_N668,5000,ZJ-HZB,L6-cmsa-polygons-2021,2021,WEAK,0,0.0,0.0,UNLABELED,,,
ZJ_U51_5K_E069_N669,5000,ZJ-HZB,L1-china2015-raster30m,2015,SILVER,0,0.0,0.0,UNLABELED,,,
ZJ_U51_5K_E069_N669,5000,ZJ-HZB,L2-cmssm2020-polygons,2020,WEAK,0,0.0,0.0,UNLABELED,,,
ZJ_U51_5K_E069_N669,5000,ZJ-HZB,L3-hangzhou-mask-2015,2015,WEAK,0,0.0,0.0,UNLABELED,,,
ZJ_U51_5K_E069_N669,5000,ZJ-HZB,L4-cmsa-polygons-2019,2019,WEAK,0,0.0,0.0,UNLABELED,,,
ZJ_U51_5K_E069_N669,5000,ZJ-HZB,L5-cmsa-polygons-2020,2020,WEAK,0,0.0,0.0,UNLABELED,,,
ZJ_U51_5K_E069_N669,5000,ZJ-HZB,L6-cmsa-polygons-2021,2021,WEAK,0,0.0,0.0,UNLABELED,,,
ZJ_U51_5K_E069_N670,5000,ZJ-HZB,L1-china2015-raster30m,2015,SILVER,49,0.0441,0.001764,SILVER+WEAK,,,
ZJ_U51_5K_E069_N670,5000,ZJ-HZB,L2-cmssm2020-polygons,2020,WEAK,0,0.0,0.0,SILVER+WEAK,,,
ZJ_U51_5K_E069_N670,5000,ZJ-HZB,L3-hangzhou-mask-2015,2015,WEAK,75,0.0673,0.002692,SILVER+WEAK,,,
ZJ_U51_5K_E069_N670,5000,ZJ-HZB,L4-cmsa-polygons-2019,2019,WEAK,0,0.0,0.0,SILVER+WEAK,,,
ZJ_U51_5K_E069_N670,5000,ZJ-HZB,L5-cmsa-polygons-2020,2020,WEAK,0,0.0,0.0,SILVER+WEAK,,,
ZJ_U51_5K_E069_N670,5000,ZJ-HZB,L6-cmsa-polygons-2021,2021,WEAK,0,0.0,0.0,SILVER+WEAK,,,
ZJ_U51_5K_E069_N671,5000,ZJ-HZB,L1-china2015-raster30m,2015,SILVER,893,0.8037,0.032148,SILVER+WEAK,,,
ZJ_U51_5K_E069_N671,5000,ZJ-HZB,L2-cmssm2020-polygons,2020,WEAK,0,0.0,0.0,SILVER+WEAK,,,
ZJ_U51_5K_E069_N671,5000,ZJ-HZB,L3-hangzhou-mask-2015,2015,WEAK,632,0.5673,0.022692,SILVER+WEAK,,,
ZJ_U51_5K_E069_N671,5000,ZJ-HZB,L4-cmsa-polygons-2019,2019,WEAK,0,0.0,0.0,SILVER+WEAK,,,
ZJ_U51_5K_E069_N671,5000,ZJ-HZB,L5-cmsa-polygons-2020,2020,WEAK,0,0.0,0.0,SILVER+WEAK,,,
ZJ_U51_5K_E069_N671,5000,ZJ-HZB,L6-cmsa-polygons-2021,2021,WEAK,0,0.0,0.0,SILVER+WEAK,,,
ZJ_U51_5K_E069_N672,5000,ZJ-HZB,L1-china2015-raster30m,2015,SILVER,0,0.0,0.0,UNLABELED,,,
ZJ_U51_5K_E069_N672,5000,ZJ-HZB,L2-cmssm2020-polygons,2020,WEAK,0,0.0,0.0,UNLABELED,,,
ZJ_U51_5K_E069_N672,5000,ZJ-HZB,L3-hangzhou-mask-2015,2015,WEAK,0,0.0,0.0,UNLABELED,,,
ZJ_U51_5K_E069_N672,5000,ZJ-HZB,L4-cmsa-polygons-2019,2019,WEAK,0,0.0,0.0,UNLABELED,,,
ZJ_U51_5K_E069_N672,5000,ZJ-HZB,L5-cmsa-polygons-2020,2020,WEAK,0,0.0,0.0,UNLABELED,,,
ZJ_U51_5K_E069_N672,5000,ZJ-HZB,L6-cmsa-polygons-2021,2021,WEAK,0,0.0,0.0,UNLABELED,,,
ZJ_U51_5K_E069_N673,5000,ZJ-HZB,L1-china2015-raster30m,2015,SILVER,0,0.0,0.0,UNLABELED,,,
ZJ_U51_5K_E069_N673,5000,ZJ-HZB,L2-cmssm2020-polygons,2020,WEAK,0,0.0,0.0,UNLABELED,,,
ZJ_U51_5K_E069_N673,5000,ZJ-HZB,L3-hangzhou-mask-2015,2015,WEAK,0,0.0,0.0,UNLABELED,,,
ZJ_U51_5K_E069_N673,5000,ZJ-HZB,L4-cmsa-polygons-2019,2019,WEAK,0,0.0,0.0,UNLABELED,,,
ZJ_U51_5K_E069_N673,5000,ZJ-HZB,L5-cmsa-polygons-2020,2020,WEAK,0,0.0,0.0,UNLABELED,,,
ZJ_U51_5K_E069_N673,5000,ZJ-HZB,L6-cmsa-polygons-2021,2021,WEAK,0,0.0,0.0,UNLABELED,,,
ZJ_U51_5K_E069_N674,5000,ZJ-HZB,L1-china2015-raster30m,2015,SILVER,0,0.0,0.0,UNLABELED,,,
ZJ_U51_5K_E069_N674,5000,ZJ-HZB,L2-cmssm2020-polygons,2020,WEAK,0,0.0,0.0,UNLABELED,,,
ZJ_U51_5K_E069_N674,5000,ZJ-HZB,L3-hangzhou-mask-2015,2015,WEAK,0,0.0,0.0,UNLABELED,,,
ZJ_U51_5K_E069_N674,5000,ZJ-HZB,L4-cmsa-polygons-2019,2019,WEAK,0,0.0,0.0,UNLABELED,,,
ZJ_U51_5K_E069_N674,5000,ZJ-HZB,L5-cmsa-polygons-2020,2020,WEAK,0,0.0,0.0,UNLABELED,,,
ZJ_U51_5K_E069_N674,5000,ZJ-HZB,L6-cmsa-polygons-2021,2021,WEAK,0,0.0,0.0,UNLABELED,,,
ZJ_U51_5K_E069_N675,5000,ZJ-HZB,L1-china2015-raster30m,2015,SILVER,0,0.0,0.0,UNLABELED,,,
ZJ_U51_5K_E069_N675,5000,ZJ-HZB,L2-cmssm2020-polygons,2020,WEAK,0,0.0,0.0,UNLABELED,,,
ZJ_U51_5K_E069_N675,5000,ZJ-HZB,L3-hangzhou-mask-2015,2015,WEAK,0,0.0,0.0,UNLABELED,,,
ZJ_U51_5K_E069_N675,5000,ZJ-HZB,L4-cmsa-polygons-2019,2019,WEAK,0,0.0,0.0,UNLABELED,,,
ZJ_U51_5K_E069_N675,5000,ZJ-HZB,L5-cmsa-polygons-2020,2020,WEAK,0,0.0,0.0,UNLABELED,,,
ZJ_U51_5K_E069_N675,5000,ZJ-HZB,L6-cmsa-polygons-2021,2021,WEAK,0,0.0,0.0,UNLABELED,,,
ZJ_U51_5K_E069_N676,5000,ZJ-HZB,L1-china2015-raster30m,2015,SILVER,0,0.0,0.0,UNLABELED,,,
ZJ_U51_5K_E069_N676,5000,ZJ-HZB,L2-cmssm2020-polygons,2020,WEAK,0,0.0,0.0,UNLABELED,,,
ZJ_U51_5K_E069_N676,5000,ZJ-HZB,L3-hangzhou-mask-2015,2015,WEAK,0,0.0,0.0,UNLABELED,,,
ZJ_U51_5K_E069_N676,5000,ZJ-HZB,L4-cmsa-polygons-2019,2019,WEAK,0,0.0,0.0,UNLABELED,,,
ZJ_U51_5K_E069_N676,5000,ZJ-HZB,L5-cmsa-polygons-2020,2020,WEAK,0,0.0,0.0,UNLABELED,,,
ZJ_U51_5K_E069_N676,5000,ZJ-HZB,L6-cmsa-polygons-2021,2021,WEAK,0,0.0,0.0,UNLABELED,,,
ZJ_U51_5K_E069_N677,5000,ZJ-HZB,L1-china2015-raster30m,2015,SILVER,0,0.0,0.0,UNLABELED,,,
ZJ_U51_5K_E069_N677,5000,ZJ-HZB,L2-cmssm2020-polygons,2020,WEAK,0,0.0,0.0,UNLABELED,,,
ZJ_U51_5K_E069_N677,5000,ZJ-HZB,L3-hangzhou-mask-2015,2015,WEAK,0,0.0,0.0,UNLABELED,,,
ZJ_U51_5K_E069_N677,5000,ZJ-HZB,L4-cmsa-polygons-2019,2019,WEAK,0,0.0,0.0,UNLABELED,,,
ZJ_U51_5K_E069_N677,5000,ZJ-HZB,L5-cmsa-polygons-2020,2020,WEAK,0,0.0,0.0,UNLABELED,,,
ZJ_U51_5K_E069_N677,5000,ZJ-HZB,L6-cmsa-polygons-2021,2021,WEAK,0,0.0,0.0,UNLABELED,,,
ZJ_U51_5K_E069_N678,5000,ZJ-HZB,L1-china2015-raster30m,2015,SILVER,0,0.0,0.0,UNLABELED,,,
ZJ_U51_5K_E069_N678,5000,ZJ-HZB,L2-cmssm2020-polygons,2020,WEAK,0,0.0,0.0,UNLABELED,,,
ZJ_U51_5K_E069_N678,5000,ZJ-HZB,L3-hangzhou-mask-2015,2015,WEAK,0,0.0,0.0,UNLABELED,,,
ZJ_U51_5K_E069_N678,5000,ZJ-HZB,L4-cmsa-polygons-2019,2019,WEAK,0,0.0,0.0,UNLABELED,,,
ZJ_U51_5K_E069_N678,5000,ZJ-HZB,L5-cmsa-polygons-2020,2020,WEAK,0,0.0,0.0,UNLABELED,,,
ZJ_U51_5K_E069_N678,5000,ZJ-HZB,L6-cmsa-polygons-2021,2021,WEAK,0,0.0,0.0,UNLABELED,,,
ZJ_U51_5K_E070_N640,5000,ZJ-SMB,L1-china2015-raster30m,2015,SILVER,74,0.0666,0.002664,SILVER,,,
ZJ_U51_5K_E070_N640,5000,ZJ-SMB,L2-cmssm2020-polygons,2020,WEAK,0,0.0,0.0,SILVER,,,
ZJ_U51_5K_E070_N640,5000,ZJ-SMB,L3-hangzhou-mask-2015,2015,WEAK,0,0.0,0.0,SILVER,,,
ZJ_U51_5K_E070_N640,5000,ZJ-SMB,L4-cmsa-polygons-2019,2019,WEAK,0,0.0,0.0,SILVER,,,
ZJ_U51_5K_E070_N640,5000,ZJ-SMB,L5-cmsa-polygons-2020,2020,WEAK,0,0.0,0.0,SILVER,,,
ZJ_U51_5K_E070_N640,5000,ZJ-SMB,L6-cmsa-polygons-2021,2021,WEAK,0,0.0,0.0,SILVER,,,
ZJ_U51_5K_E070_N641,5000,ZJ-SMB,L1-china2015-raster30m,2015,SILVER,0,0.0,0.0,UNLABELED,,,
ZJ_U51_5K_E070_N641,5000,ZJ-SMB,L2-cmssm2020-polygons,2020,WEAK,0,0.0,0.0,UNLABELED,,,
ZJ_U51_5K_E070_N641,5000,ZJ-SMB,L3-hangzhou-mask-2015,2015,WEAK,0,0.0,0.0,UNLABELED,,,
ZJ_U51_5K_E070_N641,5000,ZJ-SMB,L4-cmsa-polygons-2019,2019,WEAK,0,0.0,0.0,UNLABELED,,,
ZJ_U51_5K_E070_N641,5000,ZJ-SMB,L5-cmsa-polygons-2020,2020,WEAK,0,0.0,0.0,UNLABELED,,,
ZJ_U51_5K_E070_N641,5000,ZJ-SMB,L6-cmsa-polygons-2021,2021,WEAK,0,0.0,0.0,UNLABELED,,,
ZJ_U51_5K_E070_N642,5000,ZJ-SMB,L1-china2015-raster30m,2015,SILVER,0,0.0,0.0,UNLABELED,,,
ZJ_U51_5K_E070_N642,5000,ZJ-SMB,L2-cmssm2020-polygons,2020,WEAK,0,0.0,0.0,UNLABELED,,,
ZJ_U51_5K_E070_N642,5000,ZJ-SMB,L3-hangzhou-mask-2015,2015,WEAK,0,0.0,0.0,UNLABELED,,,
ZJ_U51_5K_E070_N642,5000,ZJ-SMB,L4-cmsa-polygons-2019,2019,WEAK,0,0.0,0.0,UNLABELED,,,
ZJ_U51_5K_E070_N642,5000,ZJ-SMB,L5-cmsa-polygons-2020,2020,WEAK,0,0.0,0.0,UNLABELED,,,
ZJ_U51_5K_E070_N642,5000,ZJ-SMB,L6-cmsa-polygons-2021,2021,WEAK,0,0.0,0.0,UNLABELED,,,
ZJ_U51_5K_E070_N643,5000,ZJ-SMB,L1-china2015-raster30m,2015,SILVER,76,0.0684,0.002736,SILVER,,,
ZJ_U51_5K_E070_N643,5000,ZJ-SMB,L2-cmssm2020-polygons,2020,WEAK,0,0.0,0.0,SILVER,,,
ZJ_U51_5K_E070_N643,5000,ZJ-SMB,L3-hangzhou-mask-2015,2015,WEAK,0,0.0,0.0,SILVER,,,
ZJ_U51_5K_E070_N643,5000,ZJ-SMB,L4-cmsa-polygons-2019,2019,WEAK,0,0.0,0.0,SILVER,,,
ZJ_U51_5K_E070_N643,5000,ZJ-SMB,L5-cmsa-polygons-2020,2020,WEAK,0,0.0,0.0,SILVER,,,
ZJ_U51_5K_E070_N643,5000,ZJ-SMB,L6-cmsa-polygons-2021,2021,WEAK,0,0.0,0.0,SILVER,,,
ZJ_U51_5K_E070_N644,5000,ZJ-SMB,L1-china2015-raster30m,2015,SILVER,1865,1.6785,0.06714,SILVER,,,
ZJ_U51_5K_E070_N644,5000,ZJ-SMB,L2-cmssm2020-polygons,2020,WEAK,0,0.0,0.0,SILVER,,,
ZJ_U51_5K_E070_N644,5000,ZJ-SMB,L3-hangzhou-mask-2015,2015,WEAK,0,0.0,0.0,SILVER,,,
ZJ_U51_5K_E070_N644,5000,ZJ-SMB,L4-cmsa-polygons-2019,2019,WEAK,0,0.0,0.0,SILVER,,,
ZJ_U51_5K_E070_N644,5000,ZJ-SMB,L5-cmsa-polygons-2020,2020,WEAK,0,0.0,0.0,SILVER,,,
ZJ_U51_5K_E070_N644,5000,ZJ-SMB,L6-cmsa-polygons-2021,2021,WEAK,0,0.0,0.0,SILVER,,,
ZJ_U51_5K_E070_N645,5000,ZJ-SMB,L1-china2015-raster30m,2015,SILVER,3585,3.2265,0.12906,SILVER,,,
ZJ_U51_5K_E070_N645,5000,ZJ-SMB,L2-cmssm2020-polygons,2020,WEAK,0,0.0,0.0,SILVER,,,
ZJ_U51_5K_E070_N645,5000,ZJ-SMB,L3-hangzhou-mask-2015,2015,WEAK,0,0.0,0.0,SILVER,,,
ZJ_U51_5K_E070_N645,5000,ZJ-SMB,L4-cmsa-polygons-2019,2019,WEAK,0,0.0,0.0,SILVER,,,
ZJ_U51_5K_E070_N645,5000,ZJ-SMB,L5-cmsa-polygons-2020,2020,WEAK,0,0.0,0.0,SILVER,,,
ZJ_U51_5K_E070_N645,5000,ZJ-SMB,L6-cmsa-polygons-2021,2021,WEAK,0,0.0,0.0,SILVER,,,
ZJ_U51_5K_E070_N646,5000,ZJ-SMB,L1-china2015-raster30m,2015,SILVER,0,0.0,0.0,UNLABELED,,,
ZJ_U51_5K_E070_N646,5000,ZJ-SMB,L2-cmssm2020-polygons,2020,WEAK,0,0.0,0.0,UNLABELED,,,
ZJ_U51_5K_E070_N646,5000,ZJ-SMB,L3-hangzhou-mask-2015,2015,WEAK,0,0.0,0.0,UNLABELED,,,
ZJ_U51_5K_E070_N646,5000,ZJ-SMB,L4-cmsa-polygons-2019,2019,WEAK,0,0.0,0.0,UNLABELED,,,
ZJ_U51_5K_E070_N646,5000,ZJ-SMB,L5-cmsa-polygons-2020,2020,WEAK,0,0.0,0.0,UNLABELED,,,
ZJ_U51_5K_E070_N646,5000,ZJ-SMB,L6-cmsa-polygons-2021,2021,WEAK,0,0.0,0.0,UNLABELED,,,
ZJ_U51_5K_E070_N647,5000,ZJ-SMB,L1-china2015-raster30m,2015,SILVER,1,0.0009,3.6e-05,SILVER,,,
ZJ_U51_5K_E070_N647,5000,ZJ-SMB,L2-cmssm2020-polygons,2020,WEAK,0,0.0,0.0,SILVER,,,
ZJ_U51_5K_E070_N647,5000,ZJ-SMB,L3-hangzhou-mask-2015,2015,WEAK,0,0.0,0.0,SILVER,,,
ZJ_U51_5K_E070_N647,5000,ZJ-SMB,L4-cmsa-polygons-2019,2019,WEAK,0,0.0,0.0,SILVER,,,
ZJ_U51_5K_E070_N647,5000,ZJ-SMB,L5-cmsa-polygons-2020,2020,WEAK,0,0.0,0.0,SILVER,,,
ZJ_U51_5K_E070_N647,5000,ZJ-SMB,L6-cmsa-polygons-2021,2021,WEAK,0,0.0,0.0,SILVER,,,
ZJ_U51_5K_E070_N648,5000,ZJ-SMB,L1-china2015-raster30m,2015,SILVER,0,0.0,0.0,UNLABELED,,,
ZJ_U51_5K_E070_N648,5000,ZJ-SMB,L2-cmssm2020-polygons,2020,WEAK,0,0.0,0.0,UNLABELED,,,
ZJ_U51_5K_E070_N648,5000,ZJ-SMB,L3-hangzhou-mask-2015,2015,WEAK,0,0.0,0.0,UNLABELED,,,
ZJ_U51_5K_E070_N648,5000,ZJ-SMB,L4-cmsa-polygons-2019,2019,WEAK,0,0.0,0.0,UNLABELED,,,
ZJ_U51_5K_E070_N648,5000,ZJ-SMB,L5-cmsa-polygons-2020,2020,WEAK,0,0.0,0.0,UNLABELED,,,
ZJ_U51_5K_E070_N648,5000,ZJ-SMB,L6-cmsa-polygons-2021,2021,WEAK,0,0.0,0.0,UNLABELED,,,
ZJ_U51_5K_E070_N649,5000,ZJ-SMB,L1-china2015-raster30m,2015,SILVER,0,0.0,0.0,UNLABELED,,,
ZJ_U51_5K_E070_N649,5000,ZJ-SMB,L2-cmssm2020-polygons,2020,WEAK,0,0.0,0.0,UNLABELED,,,
ZJ_U51_5K_E070_N649,5000,ZJ-SMB,L3-hangzhou-mask-2015,2015,WEAK,0,0.0,0.0,UNLABELED,,,
ZJ_U51_5K_E070_N649,5000,ZJ-SMB,L4-cmsa-polygons-2019,2019,WEAK,0,0.0,0.0,UNLABELED,,,
ZJ_U51_5K_E070_N649,5000,ZJ-SMB,L5-cmsa-polygons-2020,2020,WEAK,0,0.0,0.0,UNLABELED,,,
ZJ_U51_5K_E070_N649,5000,ZJ-SMB,L6-cmsa-polygons-2021,2021,WEAK,0,0.0,0.0,UNLABELED,,,
ZJ_U51_5K_E070_N650,5000,ZJ-SMB,L1-china2015-raster30m,2015,SILVER,187,0.1683,0.006732,SILVER,,,
ZJ_U51_5K_E070_N650,5000,ZJ-SMB,L2-cmssm2020-polygons,2020,WEAK,0,0.0,0.0,SILVER,,,
ZJ_U51_5K_E070_N650,5000,ZJ-SMB,L3-hangzhou-mask-2015,2015,WEAK,0,0.0,0.0,SILVER,,,
ZJ_U51_5K_E070_N650,5000,ZJ-SMB,L4-cmsa-polygons-2019,2019,WEAK,0,0.0,0.0,SILVER,,,
ZJ_U51_5K_E070_N650,5000,ZJ-SMB,L5-cmsa-polygons-2020,2020,WEAK,0,0.0,0.0,SILVER,,,
ZJ_U51_5K_E070_N650,5000,ZJ-SMB,L6-cmsa-polygons-2021,2021,WEAK,0,0.0,0.0,SILVER,,,
ZJ_U51_5K_E070_N665,5000,ZJ-HZB,L1-china2015-raster30m,2015,SILVER,0,0.0,0.0,UNLABELED,,,
ZJ_U51_5K_E070_N665,5000,ZJ-HZB,L2-cmssm2020-polygons,2020,WEAK,0,0.0,0.0,UNLABELED,,,
ZJ_U51_5K_E070_N665,5000,ZJ-HZB,L3-hangzhou-mask-2015,2015,WEAK,0,0.0,0.0,UNLABELED,,,
ZJ_U51_5K_E070_N665,5000,ZJ-HZB,L4-cmsa-polygons-2019,2019,WEAK,0,0.0,0.0,UNLABELED,,,
ZJ_U51_5K_E070_N665,5000,ZJ-HZB,L5-cmsa-polygons-2020,2020,WEAK,0,0.0,0.0,UNLABELED,,,
ZJ_U51_5K_E070_N665,5000,ZJ-HZB,L6-cmsa-polygons-2021,2021,WEAK,0,0.0,0.0,UNLABELED,,,
ZJ_U51_5K_E070_N666,5000,ZJ-HZB,L1-china2015-raster30m,2015,SILVER,0,0.0,0.0,UNLABELED,,,
ZJ_U51_5K_E070_N666,5000,ZJ-HZB,L2-cmssm2020-polygons,2020,WEAK,0,0.0,0.0,UNLABELED,,,
ZJ_U51_5K_E070_N666,5000,ZJ-HZB,L3-hangzhou-mask-2015,2015,WEAK,0,0.0,0.0,UNLABELED,,,
ZJ_U51_5K_E070_N666,5000,ZJ-HZB,L4-cmsa-polygons-2019,2019,WEAK,0,0.0,0.0,UNLABELED,,,
ZJ_U51_5K_E070_N666,5000,ZJ-HZB,L5-cmsa-polygons-2020,2020,WEAK,0,0.0,0.0,UNLABELED,,,
ZJ_U51_5K_E070_N666,5000,ZJ-HZB,L6-cmsa-polygons-2021,2021,WEAK,0,0.0,0.0,UNLABELED,,,
ZJ_U51_5K_E070_N667,5000,ZJ-HZB,L1-china2015-raster30m,2015,SILVER,0,0.0,0.0,UNLABELED,,,
ZJ_U51_5K_E070_N667,5000,ZJ-HZB,L2-cmssm2020-polygons,2020,WEAK,0,0.0,0.0,UNLABELED,,,
ZJ_U51_5K_E070_N667,5000,ZJ-HZB,L3-hangzhou-mask-2015,2015,WEAK,0,0.0,0.0,UNLABELED,,,
ZJ_U51_5K_E070_N667,5000,ZJ-HZB,L4-cmsa-polygons-2019,2019,WEAK,0,0.0,0.0,UNLABELED,,,
ZJ_U51_5K_E070_N667,5000,ZJ-HZB,L5-cmsa-polygons-2020,2020,WEAK,0,0.0,0.0,UNLABELED,,,
ZJ_U51_5K_E070_N667,5000,ZJ-HZB,L6-cmsa-polygons-2021,2021,WEAK,0,0.0,0.0,UNLABELED,,,
ZJ_U51_5K_E070_N668,5000,ZJ-HZB,L1-china2015-raster30m,2015,SILVER,0,0.0,0.0,UNLABELED,,,
ZJ_U51_5K_E070_N668,5000,ZJ-HZB,L2-cmssm2020-polygons,2020,WEAK,0,0.0,0.0,UNLABELED,,,
ZJ_U51_5K_E070_N668,5000,ZJ-HZB,L3-hangzhou-mask-2015,2015,WEAK,0,0.0,0.0,UNLABELED,,,
ZJ_U51_5K_E070_N668,5000,ZJ-HZB,L4-cmsa-polygons-2019,2019,WEAK,0,0.0,0.0,UNLABELED,,,
ZJ_U51_5K_E070_N668,5000,ZJ-HZB,L5-cmsa-polygons-2020,2020,WEAK,0,0.0,0.0,UNLABELED,,,
ZJ_U51_5K_E070_N668,5000,ZJ-HZB,L6-cmsa-polygons-2021,2021,WEAK,0,0.0,0.0,UNLABELED,,,
ZJ_U51_5K_E070_N669,5000,ZJ-HZB,L1-china2015-raster30m,2015,SILVER,23,0.0207,0.000828,SILVER,,,
ZJ_U51_5K_E070_N669,5000,ZJ-HZB,L2-cmssm2020-polygons,2020,WEAK,0,0.0,0.0,SILVER,,,
ZJ_U51_5K_E070_N669,5000,ZJ-HZB,L3-hangzhou-mask-2015,2015,WEAK,0,0.0,0.0,SILVER,,,
ZJ_U51_5K_E070_N669,5000,ZJ-HZB,L4-cmsa-polygons-2019,2019,WEAK,0,0.0,0.0,SILVER,,,
ZJ_U51_5K_E070_N669,5000,ZJ-HZB,L5-cmsa-polygons-2020,2020,WEAK,0,0.0,0.0,SILVER,,,
ZJ_U51_5K_E070_N669,5000,ZJ-HZB,L6-cmsa-polygons-2021,2021,WEAK,0,0.0,0.0,SILVER,,,
ZJ_U51_5K_E070_N670,5000,ZJ-HZB,L1-china2015-raster30m,2015,SILVER,0,0.0,0.0,UNLABELED,,,
ZJ_U51_5K_E070_N670,5000,ZJ-HZB,L2-cmssm2020-polygons,2020,WEAK,0,0.0,0.0,UNLABELED,,,
ZJ_U51_5K_E070_N670,5000,ZJ-HZB,L3-hangzhou-mask-2015,2015,WEAK,0,0.0,0.0,UNLABELED,,,
ZJ_U51_5K_E070_N670,5000,ZJ-HZB,L4-cmsa-polygons-2019,2019,WEAK,0,0.0,0.0,UNLABELED,,,
ZJ_U51_5K_E070_N670,5000,ZJ-HZB,L5-cmsa-polygons-2020,2020,WEAK,0,0.0,0.0,UNLABELED,,,
ZJ_U51_5K_E070_N670,5000,ZJ-HZB,L6-cmsa-polygons-2021,2021,WEAK,0,0.0,0.0,UNLABELED,,,
ZJ_U51_5K_E070_N671,5000,ZJ-HZB,L1-china2015-raster30m,2015,SILVER,0,0.0,0.0,UNLABELED,,,
ZJ_U51_5K_E070_N671,5000,ZJ-HZB,L2-cmssm2020-polygons,2020,WEAK,0,0.0,0.0,UNLABELED,,,
ZJ_U51_5K_E070_N671,5000,ZJ-HZB,L3-hangzhou-mask-2015,2015,WEAK,0,0.0,0.0,UNLABELED,,,
ZJ_U51_5K_E070_N671,5000,ZJ-HZB,L4-cmsa-polygons-2019,2019,WEAK,0,0.0,0.0,UNLABELED,,,
ZJ_U51_5K_E070_N671,5000,ZJ-HZB,L5-cmsa-polygons-2020,2020,WEAK,0,0.0,0.0,UNLABELED,,,
ZJ_U51_5K_E070_N671,5000,ZJ-HZB,L6-cmsa-polygons-2021,2021,WEAK,0,0.0,0.0,UNLABELED,,,
ZJ_U51_5K_E070_N672,5000,ZJ-HZB,L1-china2015-raster30m,2015,SILVER,0,0.0,0.0,UNLABELED,,,
ZJ_U51_5K_E070_N672,5000,ZJ-HZB,L2-cmssm2020-polygons,2020,WEAK,0,0.0,0.0,UNLABELED,,,
ZJ_U51_5K_E070_N672,5000,ZJ-HZB,L3-hangzhou-mask-2015,2015,WEAK,0,0.0,0.0,UNLABELED,,,
ZJ_U51_5K_E070_N672,5000,ZJ-HZB,L4-cmsa-polygons-2019,2019,WEAK,0,0.0,0.0,UNLABELED,,,
ZJ_U51_5K_E070_N672,5000,ZJ-HZB,L5-cmsa-polygons-2020,2020,WEAK,0,0.0,0.0,UNLABELED,,,
ZJ_U51_5K_E070_N672,5000,ZJ-HZB,L6-cmsa-polygons-2021,2021,WEAK,0,0.0,0.0,UNLABELED,,,
ZJ_U51_5K_E070_N673,5000,ZJ-HZB,L1-china2015-raster30m,2015,SILVER,0,0.0,0.0,UNLABELED,,,
ZJ_U51_5K_E070_N673,5000,ZJ-HZB,L2-cmssm2020-polygons,2020,WEAK,0,0.0,0.0,UNLABELED,,,
ZJ_U51_5K_E070_N673,5000,ZJ-HZB,L3-hangzhou-mask-2015,2015,WEAK,0,0.0,0.0,UNLABELED,,,
ZJ_U51_5K_E070_N673,5000,ZJ-HZB,L4-cmsa-polygons-2019,2019,WEAK,0,0.0,0.0,UNLABELED,,,
ZJ_U51_5K_E070_N673,5000,ZJ-HZB,L5-cmsa-polygons-2020,2020,WEAK,0,0.0,0.0,UNLABELED,,,
ZJ_U51_5K_E070_N673,5000,ZJ-HZB,L6-cmsa-polygons-2021,2021,WEAK,0,0.0,0.0,UNLABELED,,,
ZJ_U51_5K_E070_N674,5000,ZJ-HZB,L1-china2015-raster30m,2015,SILVER,0,0.0,0.0,UNLABELED,,,
ZJ_U51_5K_E070_N674,5000,ZJ-HZB,L2-cmssm2020-polygons,2020,WEAK,0,0.0,0.0,UNLABELED,,,
ZJ_U51_5K_E070_N674,5000,ZJ-HZB,L3-hangzhou-mask-2015,2015,WEAK,0,0.0,0.0,UNLABELED,,,
ZJ_U51_5K_E070_N674,5000,ZJ-HZB,L4-cmsa-polygons-2019,2019,WEAK,0,0.0,0.0,UNLABELED,,,
ZJ_U51_5K_E070_N674,5000,ZJ-HZB,L5-cmsa-polygons-2020,2020,WEAK,0,0.0,0.0,UNLABELED,,,
ZJ_U51_5K_E070_N674,5000,ZJ-HZB,L6-cmsa-polygons-2021,2021,WEAK,0,0.0,0.0,UNLABELED,,,
ZJ_U51_5K_E070_N675,5000,ZJ-HZB,L1-china2015-raster30m,2015,SILVER,0,0.0,0.0,UNLABELED,,,
ZJ_U51_5K_E070_N675,5000,ZJ-HZB,L2-cmssm2020-polygons,2020,WEAK,0,0.0,0.0,UNLABELED,,,
ZJ_U51_5K_E070_N675,5000,ZJ-HZB,L3-hangzhou-mask-2015,2015,WEAK,0,0.0,0.0,UNLABELED,,,
ZJ_U51_5K_E070_N675,5000,ZJ-HZB,L4-cmsa-polygons-2019,2019,WEAK,0,0.0,0.0,UNLABELED,,,
ZJ_U51_5K_E070_N675,5000,ZJ-HZB,L5-cmsa-polygons-2020,2020,WEAK,0,0.0,0.0,UNLABELED,,,
ZJ_U51_5K_E070_N675,5000,ZJ-HZB,L6-cmsa-polygons-2021,2021,WEAK,0,0.0,0.0,UNLABELED,,,
ZJ_U51_5K_E070_N676,5000,ZJ-HZB,L1-china2015-raster30m,2015,SILVER,0,0.0,0.0,UNLABELED,,,
ZJ_U51_5K_E070_N676,5000,ZJ-HZB,L2-cmssm2020-polygons,2020,WEAK,0,0.0,0.0,UNLABELED,,,
ZJ_U51_5K_E070_N676,5000,ZJ-HZB,L3-hangzhou-mask-2015,2015,WEAK,0,0.0,0.0,UNLABELED,,,
ZJ_U51_5K_E070_N676,5000,ZJ-HZB,L4-cmsa-polygons-2019,2019,WEAK,0,0.0,0.0,UNLABELED,,,
ZJ_U51_5K_E070_N676,5000,ZJ-HZB,L5-cmsa-polygons-2020,2020,WEAK,0,0.0,0.0,UNLABELED,,,
ZJ_U51_5K_E070_N676,5000,ZJ-HZB,L6-cmsa-polygons-2021,2021,WEAK,0,0.0,0.0,UNLABELED,,,
ZJ_U51_5K_E070_N677,5000,ZJ-HZB,L1-china2015-raster30m,2015,SILVER,0,0.0,0.0,UNLABELED,,,
ZJ_U51_5K_E070_N677,5000,ZJ-HZB,L2-cmssm2020-polygons,2020,WEAK,0,0.0,0.0,UNLABELED,,,
ZJ_U51_5K_E070_N677,5000,ZJ-HZB,L3-hangzhou-mask-2015,2015,WEAK,0,0.0,0.0,UNLABELED,,,
ZJ_U51_5K_E070_N677,5000,ZJ-HZB,L4-cmsa-polygons-2019,2019,WEAK,0,0.0,0.0,UNLABELED,,,
ZJ_U51_5K_E070_N677,5000,ZJ-HZB,L5-cmsa-polygons-2020,2020,WEAK,0,0.0,0.0,UNLABELED,,,
ZJ_U51_5K_E070_N677,5000,ZJ-HZB,L6-cmsa-polygons-2021,2021,WEAK,0,0.0,0.0,UNLABELED,,,
ZJ_U51_5K_E070_N678,5000,ZJ-HZB,L1-china2015-raster30m,2015,SILVER,0,0.0,0.0,UNLABELED,,,
ZJ_U51_5K_E070_N678,5000,ZJ-HZB,L2-cmssm2020-polygons,2020,WEAK,0,0.0,0.0,UNLABELED,,,
ZJ_U51_5K_E070_N678,5000,ZJ-HZB,L3-hangzhou-mask-2015,2015,WEAK,0,0.0,0.0,UNLABELED,,,
ZJ_U51_5K_E070_N678,5000,ZJ-HZB,L4-cmsa-polygons-2019,2019,WEAK,0,0.0,0.0,UNLABELED,,,
ZJ_U51_5K_E070_N678,5000,ZJ-HZB,L5-cmsa-polygons-2020,2020,WEAK,0,0.0,0.0,UNLABELED,,,
ZJ_U51_5K_E070_N678,5000,ZJ-HZB,L6-cmsa-polygons-2021,2021,WEAK,0,0.0,0.0,UNLABELED,,,
ZJ_U51_5K_E070_N679,5000,ZJ-HZB,L1-china2015-raster30m,2015,SILVER,0,0.0,0.0,UNLABELED,,,
ZJ_U51_5K_E070_N679,5000,ZJ-HZB,L2-cmssm2020-polygons,2020,WEAK,0,0.0,0.0,UNLABELED,,,
ZJ_U51_5K_E070_N679,5000,ZJ-HZB,L3-hangzhou-mask-2015,2015,WEAK,0,0.0,0.0,UNLABELED,,,
ZJ_U51_5K_E070_N679,5000,ZJ-HZB,L4-cmsa-polygons-2019,2019,WEAK,0,0.0,0.0,UNLABELED,,,
ZJ_U51_5K_E070_N679,5000,ZJ-HZB,L5-cmsa-polygons-2020,2020,WEAK,0,0.0,0.0,UNLABELED,,,
ZJ_U51_5K_E070_N679,5000,ZJ-HZB,L6-cmsa-polygons-2021,2021,WEAK,0,0.0,0.0,UNLABELED,,,
ZJ_U51_5K_E071_N640,5000,ZJ-SMB,L1-china2015-raster30m,2015,SILVER,1446,1.3014,0.052056,SILVER,,,
ZJ_U51_5K_E071_N640,5000,ZJ-SMB,L2-cmssm2020-polygons,2020,WEAK,0,0.0,0.0,SILVER,,,
ZJ_U51_5K_E071_N640,5000,ZJ-SMB,L3-hangzhou-mask-2015,2015,WEAK,0,0.0,0.0,SILVER,,,
ZJ_U51_5K_E071_N640,5000,ZJ-SMB,L4-cmsa-polygons-2019,2019,WEAK,0,0.0,0.0,SILVER,,,
ZJ_U51_5K_E071_N640,5000,ZJ-SMB,L5-cmsa-polygons-2020,2020,WEAK,0,0.0,0.0,SILVER,,,
ZJ_U51_5K_E071_N640,5000,ZJ-SMB,L6-cmsa-polygons-2021,2021,WEAK,0,0.0,0.0,SILVER,,,
ZJ_U51_5K_E071_N641,5000,ZJ-SMB,L1-china2015-raster30m,2015,SILVER,155,0.1395,0.00558,SILVER,,,
ZJ_U51_5K_E071_N641,5000,ZJ-SMB,L2-cmssm2020-polygons,2020,WEAK,0,0.0,0.0,SILVER,,,
ZJ_U51_5K_E071_N641,5000,ZJ-SMB,L3-hangzhou-mask-2015,2015,WEAK,0,0.0,0.0,SILVER,,,
ZJ_U51_5K_E071_N641,5000,ZJ-SMB,L4-cmsa-polygons-2019,2019,WEAK,0,0.0,0.0,SILVER,,,
ZJ_U51_5K_E071_N641,5000,ZJ-SMB,L5-cmsa-polygons-2020,2020,WEAK,0,0.0,0.0,SILVER,,,
ZJ_U51_5K_E071_N641,5000,ZJ-SMB,L6-cmsa-polygons-2021,2021,WEAK,0,0.0,0.0,SILVER,,,
ZJ_U51_5K_E071_N642,5000,ZJ-SMB,L1-china2015-raster30m,2015,SILVER,1586,1.4274,0.057096,SILVER,,,
ZJ_U51_5K_E071_N642,5000,ZJ-SMB,L2-cmssm2020-polygons,2020,WEAK,0,0.0,0.0,SILVER,,,
ZJ_U51_5K_E071_N642,5000,ZJ-SMB,L3-hangzhou-mask-2015,2015,WEAK,0,0.0,0.0,SILVER,,,
ZJ_U51_5K_E071_N642,5000,ZJ-SMB,L4-cmsa-polygons-2019,2019,WEAK,0,0.0,0.0,SILVER,,,
ZJ_U51_5K_E071_N642,5000,ZJ-SMB,L5-cmsa-polygons-2020,2020,WEAK,0,0.0,0.0,SILVER,,,
ZJ_U51_5K_E071_N642,5000,ZJ-SMB,L6-cmsa-polygons-2021,2021,WEAK,0,0.0,0.0,SILVER,,,
ZJ_U51_5K_E071_N643,5000,ZJ-SMB,L1-china2015-raster30m,2015,SILVER,0,0.0,0.0,UNLABELED,,,
ZJ_U51_5K_E071_N643,5000,ZJ-SMB,L2-cmssm2020-polygons,2020,WEAK,0,0.0,0.0,UNLABELED,,,
ZJ_U51_5K_E071_N643,5000,ZJ-SMB,L3-hangzhou-mask-2015,2015,WEAK,0,0.0,0.0,UNLABELED,,,
ZJ_U51_5K_E071_N643,5000,ZJ-SMB,L4-cmsa-polygons-2019,2019,WEAK,0,0.0,0.0,UNLABELED,,,
ZJ_U51_5K_E071_N643,5000,ZJ-SMB,L5-cmsa-polygons-2020,2020,WEAK,0,0.0,0.0,UNLABELED,,,
ZJ_U51_5K_E071_N643,5000,ZJ-SMB,L6-cmsa-polygons-2021,2021,WEAK,0,0.0,0.0,UNLABELED,,,
ZJ_U51_5K_E071_N644,5000,ZJ-SMB,L1-china2015-raster30m,2015,SILVER,1935,1.7415,0.06966,SILVER,,,
ZJ_U51_5K_E071_N644,5000,ZJ-SMB,L2-cmssm2020-polygons,2020,WEAK,0,0.0,0.0,SILVER,,,
ZJ_U51_5K_E071_N644,5000,ZJ-SMB,L3-hangzhou-mask-2015,2015,WEAK,0,0.0,0.0,SILVER,,,
ZJ_U51_5K_E071_N644,5000,ZJ-SMB,L4-cmsa-polygons-2019,2019,WEAK,0,0.0,0.0,SILVER,,,
ZJ_U51_5K_E071_N644,5000,ZJ-SMB,L5-cmsa-polygons-2020,2020,WEAK,0,0.0,0.0,SILVER,,,
ZJ_U51_5K_E071_N644,5000,ZJ-SMB,L6-cmsa-polygons-2021,2021,WEAK,0,0.0,0.0,SILVER,,,
ZJ_U51_5K_E071_N645,5000,ZJ-SMB,L1-china2015-raster30m,2015,SILVER,1192,1.0728,0.042912,SILVER,,,
ZJ_U51_5K_E071_N645,5000,ZJ-SMB,L2-cmssm2020-polygons,2020,WEAK,0,0.0,0.0,SILVER,,,
ZJ_U51_5K_E071_N645,5000,ZJ-SMB,L3-hangzhou-mask-2015,2015,WEAK,0,0.0,0.0,SILVER,,,
ZJ_U51_5K_E071_N645,5000,ZJ-SMB,L4-cmsa-polygons-2019,2019,WEAK,0,0.0,0.0,SILVER,,,
ZJ_U51_5K_E071_N645,5000,ZJ-SMB,L5-cmsa-polygons-2020,2020,WEAK,0,0.0,0.0,SILVER,,,
ZJ_U51_5K_E071_N645,5000,ZJ-SMB,L6-cmsa-polygons-2021,2021,WEAK,0,0.0,0.0,SILVER,,,
ZJ_U51_5K_E071_N646,5000,ZJ-SMB,L1-china2015-raster30m,2015,SILVER,6695,6.0255,0.24102,SILVER,,,
ZJ_U51_5K_E071_N646,5000,ZJ-SMB,L2-cmssm2020-polygons,2020,WEAK,0,0.0,0.0,SILVER,,,
ZJ_U51_5K_E071_N646,5000,ZJ-SMB,L3-hangzhou-mask-2015,2015,WEAK,0,0.0,0.0,SILVER,,,
ZJ_U51_5K_E071_N646,5000,ZJ-SMB,L4-cmsa-polygons-2019,2019,WEAK,0,0.0,0.0,SILVER,,,
ZJ_U51_5K_E071_N646,5000,ZJ-SMB,L5-cmsa-polygons-2020,2020,WEAK,0,0.0,0.0,SILVER,,,
ZJ_U51_5K_E071_N646,5000,ZJ-SMB,L6-cmsa-polygons-2021,2021,WEAK,0,0.0,0.0,SILVER,,,
ZJ_U51_5K_E071_N647,5000,ZJ-SMB,L1-china2015-raster30m,2015,SILVER,1029,0.9261,0.037044,SILVER,,,
ZJ_U51_5K_E071_N647,5000,ZJ-SMB,L2-cmssm2020-polygons,2020,WEAK,0,0.0,0.0,SILVER,,,
ZJ_U51_5K_E071_N647,5000,ZJ-SMB,L3-hangzhou-mask-2015,2015,WEAK,0,0.0,0.0,SILVER,,,
ZJ_U51_5K_E071_N647,5000,ZJ-SMB,L4-cmsa-polygons-2019,2019,WEAK,0,0.0,0.0,SILVER,,,
ZJ_U51_5K_E071_N647,5000,ZJ-SMB,L5-cmsa-polygons-2020,2020,WEAK,0,0.0,0.0,SILVER,,,
ZJ_U51_5K_E071_N647,5000,ZJ-SMB,L6-cmsa-polygons-2021,2021,WEAK,0,0.0,0.0,SILVER,,,
ZJ_U51_5K_E071_N648,5000,ZJ-SMB,L1-china2015-raster30m,2015,SILVER,0,0.0,0.0,UNLABELED,,,
ZJ_U51_5K_E071_N648,5000,ZJ-SMB,L2-cmssm2020-polygons,2020,WEAK,0,0.0,0.0,UNLABELED,,,
ZJ_U51_5K_E071_N648,5000,ZJ-SMB,L3-hangzhou-mask-2015,2015,WEAK,0,0.0,0.0,UNLABELED,,,
ZJ_U51_5K_E071_N648,5000,ZJ-SMB,L4-cmsa-polygons-2019,2019,WEAK,0,0.0,0.0,UNLABELED,,,
ZJ_U51_5K_E071_N648,5000,ZJ-SMB,L5-cmsa-polygons-2020,2020,WEAK,0,0.0,0.0,UNLABELED,,,
ZJ_U51_5K_E071_N648,5000,ZJ-SMB,L6-cmsa-polygons-2021,2021,WEAK,0,0.0,0.0,UNLABELED,,,
ZJ_U51_5K_E071_N649,5000,ZJ-SMB,L1-china2015-raster30m,2015,SILVER,0,0.0,0.0,UNLABELED,,,
ZJ_U51_5K_E071_N649,5000,ZJ-SMB,L2-cmssm2020-polygons,2020,WEAK,0,0.0,0.0,UNLABELED,,,
ZJ_U51_5K_E071_N649,5000,ZJ-SMB,L3-hangzhou-mask-2015,2015,WEAK,0,0.0,0.0,UNLABELED,,,
ZJ_U51_5K_E071_N649,5000,ZJ-SMB,L4-cmsa-polygons-2019,2019,WEAK,0,0.0,0.0,UNLABELED,,,
ZJ_U51_5K_E071_N649,5000,ZJ-SMB,L5-cmsa-polygons-2020,2020,WEAK,0,0.0,0.0,UNLABELED,,,
ZJ_U51_5K_E071_N649,5000,ZJ-SMB,L6-cmsa-polygons-2021,2021,WEAK,0,0.0,0.0,UNLABELED,,,
ZJ_U51_5K_E071_N665,5000,ZJ-HZB,L1-china2015-raster30m,2015,SILVER,0,0.0,0.0,UNLABELED,,,
ZJ_U51_5K_E071_N665,5000,ZJ-HZB,L2-cmssm2020-polygons,2020,WEAK,0,0.0,0.0,UNLABELED,,,
ZJ_U51_5K_E071_N665,5000,ZJ-HZB,L3-hangzhou-mask-2015,2015,WEAK,0,0.0,0.0,UNLABELED,,,
ZJ_U51_5K_E071_N665,5000,ZJ-HZB,L4-cmsa-polygons-2019,2019,WEAK,0,0.0,0.0,UNLABELED,,,
ZJ_U51_5K_E071_N665,5000,ZJ-HZB,L5-cmsa-polygons-2020,2020,WEAK,0,0.0,0.0,UNLABELED,,,
ZJ_U51_5K_E071_N665,5000,ZJ-HZB,L6-cmsa-polygons-2021,2021,WEAK,0,0.0,0.0,UNLABELED,,,
ZJ_U51_5K_E071_N666,5000,ZJ-HZB,L1-china2015-raster30m,2015,SILVER,0,0.0,0.0,UNLABELED,,,
ZJ_U51_5K_E071_N666,5000,ZJ-HZB,L2-cmssm2020-polygons,2020,WEAK,0,0.0,0.0,UNLABELED,,,
ZJ_U51_5K_E071_N666,5000,ZJ-HZB,L3-hangzhou-mask-2015,2015,WEAK,0,0.0,0.0,UNLABELED,,,
ZJ_U51_5K_E071_N666,5000,ZJ-HZB,L4-cmsa-polygons-2019,2019,WEAK,0,0.0,0.0,UNLABELED,,,
ZJ_U51_5K_E071_N666,5000,ZJ-HZB,L5-cmsa-polygons-2020,2020,WEAK,0,0.0,0.0,UNLABELED,,,
ZJ_U51_5K_E071_N666,5000,ZJ-HZB,L6-cmsa-polygons-2021,2021,WEAK,0,0.0,0.0,UNLABELED,,,
ZJ_U51_5K_E071_N667,5000,ZJ-HZB,L1-china2015-raster30m,2015,SILVER,0,0.0,0.0,UNLABELED,,,
ZJ_U51_5K_E071_N667,5000,ZJ-HZB,L2-cmssm2020-polygons,2020,WEAK,0,0.0,0.0,UNLABELED,,,
ZJ_U51_5K_E071_N667,5000,ZJ-HZB,L3-hangzhou-mask-2015,2015,WEAK,0,0.0,0.0,UNLABELED,,,
ZJ_U51_5K_E071_N667,5000,ZJ-HZB,L4-cmsa-polygons-2019,2019,WEAK,0,0.0,0.0,UNLABELED,,,
ZJ_U51_5K_E071_N667,5000,ZJ-HZB,L5-cmsa-polygons-2020,2020,WEAK,0,0.0,0.0,UNLABELED,,,
ZJ_U51_5K_E071_N667,5000,ZJ-HZB,L6-cmsa-polygons-2021,2021,WEAK,0,0.0,0.0,UNLABELED,,,
ZJ_U51_5K_E071_N668,5000,ZJ-HZB,L1-china2015-raster30m,2015,SILVER,0,0.0,0.0,UNLABELED,,,
ZJ_U51_5K_E071_N668,5000,ZJ-HZB,L2-cmssm2020-polygons,2020,WEAK,0,0.0,0.0,UNLABELED,,,
ZJ_U51_5K_E071_N668,5000,ZJ-HZB,L3-hangzhou-mask-2015,2015,WEAK,0,0.0,0.0,UNLABELED,,,
ZJ_U51_5K_E071_N668,5000,ZJ-HZB,L4-cmsa-polygons-2019,2019,WEAK,0,0.0,0.0,UNLABELED,,,
ZJ_U51_5K_E071_N668,5000,ZJ-HZB,L5-cmsa-polygons-2020,2020,WEAK,0,0.0,0.0,UNLABELED,,,
ZJ_U51_5K_E071_N668,5000,ZJ-HZB,L6-cmsa-polygons-2021,2021,WEAK,0,0.0,0.0,UNLABELED,,,
ZJ_U51_5K_E071_N669,5000,ZJ-HZB,L1-china2015-raster30m,2015,SILVER,0,0.0,0.0,UNLABELED,,,
ZJ_U51_5K_E071_N669,5000,ZJ-HZB,L2-cmssm2020-polygons,2020,WEAK,0,0.0,0.0,UNLABELED,,,
ZJ_U51_5K_E071_N669,5000,ZJ-HZB,L3-hangzhou-mask-2015,2015,WEAK,0,0.0,0.0,UNLABELED,,,
ZJ_U51_5K_E071_N669,5000,ZJ-HZB,L4-cmsa-polygons-2019,2019,WEAK,0,0.0,0.0,UNLABELED,,,
ZJ_U51_5K_E071_N669,5000,ZJ-HZB,L5-cmsa-polygons-2020,2020,WEAK,0,0.0,0.0,UNLABELED,,,
ZJ_U51_5K_E071_N669,5000,ZJ-HZB,L6-cmsa-polygons-2021,2021,WEAK,0,0.0,0.0,UNLABELED,,,
ZJ_U51_5K_E071_N670,5000,ZJ-HZB,L1-china2015-raster30m,2015,SILVER,0,0.0,0.0,UNLABELED,,,
ZJ_U51_5K_E071_N670,5000,ZJ-HZB,L2-cmssm2020-polygons,2020,WEAK,0,0.0,0.0,UNLABELED,,,
ZJ_U51_5K_E071_N670,5000,ZJ-HZB,L3-hangzhou-mask-2015,2015,WEAK,0,0.0,0.0,UNLABELED,,,
ZJ_U51_5K_E071_N670,5000,ZJ-HZB,L4-cmsa-polygons-2019,2019,WEAK,0,0.0,0.0,UNLABELED,,,
ZJ_U51_5K_E071_N670,5000,ZJ-HZB,L5-cmsa-polygons-2020,2020,WEAK,0,0.0,0.0,UNLABELED,,,
ZJ_U51_5K_E071_N670,5000,ZJ-HZB,L6-cmsa-polygons-2021,2021,WEAK,0,0.0,0.0,UNLABELED,,,
ZJ_U51_5K_E071_N671,5000,ZJ-HZB,L1-china2015-raster30m,2015,SILVER,0,0.0,0.0,UNLABELED,,,
ZJ_U51_5K_E071_N671,5000,ZJ-HZB,L2-cmssm2020-polygons,2020,WEAK,0,0.0,0.0,UNLABELED,,,
ZJ_U51_5K_E071_N671,5000,ZJ-HZB,L3-hangzhou-mask-2015,2015,WEAK,0,0.0,0.0,UNLABELED,,,
ZJ_U51_5K_E071_N671,5000,ZJ-HZB,L4-cmsa-polygons-2019,2019,WEAK,0,0.0,0.0,UNLABELED,,,
ZJ_U51_5K_E071_N671,5000,ZJ-HZB,L5-cmsa-polygons-2020,2020,WEAK,0,0.0,0.0,UNLABELED,,,
ZJ_U51_5K_E071_N671,5000,ZJ-HZB,L6-cmsa-polygons-2021,2021,WEAK,0,0.0,0.0,UNLABELED,,,
ZJ_U51_5K_E071_N672,5000,ZJ-HZB,L1-china2015-raster30m,2015,SILVER,0,0.0,0.0,UNLABELED,,,
ZJ_U51_5K_E071_N672,5000,ZJ-HZB,L2-cmssm2020-polygons,2020,WEAK,0,0.0,0.0,UNLABELED,,,
ZJ_U51_5K_E071_N672,5000,ZJ-HZB,L3-hangzhou-mask-2015,2015,WEAK,0,0.0,0.0,UNLABELED,,,
ZJ_U51_5K_E071_N672,5000,ZJ-HZB,L4-cmsa-polygons-2019,2019,WEAK,0,0.0,0.0,UNLABELED,,,
ZJ_U51_5K_E071_N672,5000,ZJ-HZB,L5-cmsa-polygons-2020,2020,WEAK,0,0.0,0.0,UNLABELED,,,
ZJ_U51_5K_E071_N672,5000,ZJ-HZB,L6-cmsa-polygons-2021,2021,WEAK,0,0.0,0.0,UNLABELED,,,
ZJ_U51_5K_E071_N673,5000,ZJ-HZB,L1-china2015-raster30m,2015,SILVER,0,0.0,0.0,UNLABELED,,,
ZJ_U51_5K_E071_N673,5000,ZJ-HZB,L2-cmssm2020-polygons,2020,WEAK,0,0.0,0.0,UNLABELED,,,
ZJ_U51_5K_E071_N673,5000,ZJ-HZB,L3-hangzhou-mask-2015,2015,WEAK,0,0.0,0.0,UNLABELED,,,
ZJ_U51_5K_E071_N673,5000,ZJ-HZB,L4-cmsa-polygons-2019,2019,WEAK,0,0.0,0.0,UNLABELED,,,
ZJ_U51_5K_E071_N673,5000,ZJ-HZB,L5-cmsa-polygons-2020,2020,WEAK,0,0.0,0.0,UNLABELED,,,
ZJ_U51_5K_E071_N673,5000,ZJ-HZB,L6-cmsa-polygons-2021,2021,WEAK,0,0.0,0.0,UNLABELED,,,
ZJ_U51_5K_E071_N674,5000,ZJ-HZB,L1-china2015-raster30m,2015,SILVER,0,0.0,0.0,UNLABELED,,,
ZJ_U51_5K_E071_N674,5000,ZJ-HZB,L2-cmssm2020-polygons,2020,WEAK,0,0.0,0.0,UNLABELED,,,
ZJ_U51_5K_E071_N674,5000,ZJ-HZB,L3-hangzhou-mask-2015,2015,WEAK,0,0.0,0.0,UNLABELED,,,
ZJ_U51_5K_E071_N674,5000,ZJ-HZB,L4-cmsa-polygons-2019,2019,WEAK,0,0.0,0.0,UNLABELED,,,
ZJ_U51_5K_E071_N674,5000,ZJ-HZB,L5-cmsa-polygons-2020,2020,WEAK,0,0.0,0.0,UNLABELED,,,
ZJ_U51_5K_E071_N674,5000,ZJ-HZB,L6-cmsa-polygons-2021,2021,WEAK,0,0.0,0.0,UNLABELED,,,
ZJ_U51_5K_E071_N675,5000,ZJ-HZB,L1-china2015-raster30m,2015,SILVER,0,0.0,0.0,UNLABELED,,,
ZJ_U51_5K_E071_N675,5000,ZJ-HZB,L2-cmssm2020-polygons,2020,WEAK,0,0.0,0.0,UNLABELED,,,
ZJ_U51_5K_E071_N675,5000,ZJ-HZB,L3-hangzhou-mask-2015,2015,WEAK,0,0.0,0.0,UNLABELED,,,
ZJ_U51_5K_E071_N675,5000,ZJ-HZB,L4-cmsa-polygons-2019,2019,WEAK,0,0.0,0.0,UNLABELED,,,
ZJ_U51_5K_E071_N675,5000,ZJ-HZB,L5-cmsa-polygons-2020,2020,WEAK,0,0.0,0.0,UNLABELED,,,
ZJ_U51_5K_E071_N675,5000,ZJ-HZB,L6-cmsa-polygons-2021,2021,WEAK,0,0.0,0.0,UNLABELED,,,
ZJ_U51_5K_E071_N676,5000,ZJ-HZB,L1-china2015-raster30m,2015,SILVER,0,0.0,0.0,UNLABELED,,,
ZJ_U51_5K_E071_N676,5000,ZJ-HZB,L2-cmssm2020-polygons,2020,WEAK,0,0.0,0.0,UNLABELED,,,
ZJ_U51_5K_E071_N676,5000,ZJ-HZB,L3-hangzhou-mask-2015,2015,WEAK,0,0.0,0.0,UNLABELED,,,
ZJ_U51_5K_E071_N676,5000,ZJ-HZB,L4-cmsa-polygons-2019,2019,WEAK,0,0.0,0.0,UNLABELED,,,
ZJ_U51_5K_E071_N676,5000,ZJ-HZB,L5-cmsa-polygons-2020,2020,WEAK,0,0.0,0.0,UNLABELED,,,
ZJ_U51_5K_E071_N676,5000,ZJ-HZB,L6-cmsa-polygons-2021,2021,WEAK,0,0.0,0.0,UNLABELED,,,
ZJ_U51_5K_E071_N677,5000,ZJ-HZB,L1-china2015-raster30m,2015,SILVER,0,0.0,0.0,UNLABELED,,,
ZJ_U51_5K_E071_N677,5000,ZJ-HZB,L2-cmssm2020-polygons,2020,WEAK,0,0.0,0.0,UNLABELED,,,
ZJ_U51_5K_E071_N677,5000,ZJ-HZB,L3-hangzhou-mask-2015,2015,WEAK,0,0.0,0.0,UNLABELED,,,
ZJ_U51_5K_E071_N677,5000,ZJ-HZB,L4-cmsa-polygons-2019,2019,WEAK,0,0.0,0.0,UNLABELED,,,
ZJ_U51_5K_E071_N677,5000,ZJ-HZB,L5-cmsa-polygons-2020,2020,WEAK,0,0.0,0.0,UNLABELED,,,
ZJ_U51_5K_E071_N677,5000,ZJ-HZB,L6-cmsa-polygons-2021,2021,WEAK,0,0.0,0.0,UNLABELED,,,
ZJ_U51_5K_E071_N678,5000,ZJ-HZB,L1-china2015-raster30m,2015,SILVER,0,0.0,0.0,UNLABELED,,,
ZJ_U51_5K_E071_N678,5000,ZJ-HZB,L2-cmssm2020-polygons,2020,WEAK,0,0.0,0.0,UNLABELED,,,
ZJ_U51_5K_E071_N678,5000,ZJ-HZB,L3-hangzhou-mask-2015,2015,WEAK,0,0.0,0.0,UNLABELED,,,
ZJ_U51_5K_E071_N678,5000,ZJ-HZB,L4-cmsa-polygons-2019,2019,WEAK,0,0.0,0.0,UNLABELED,,,
ZJ_U51_5K_E071_N678,5000,ZJ-HZB,L5-cmsa-polygons-2020,2020,WEAK,0,0.0,0.0,UNLABELED,,,
ZJ_U51_5K_E071_N678,5000,ZJ-HZB,L6-cmsa-polygons-2021,2021,WEAK,0,0.0,0.0,UNLABELED,,,
ZJ_U51_5K_E071_N679,5000,ZJ-HZB,L1-china2015-raster30m,2015,SILVER,0,0.0,0.0,UNLABELED,,,
ZJ_U51_5K_E071_N679,5000,ZJ-HZB,L2-cmssm2020-polygons,2020,WEAK,0,0.0,0.0,UNLABELED,,,
ZJ_U51_5K_E071_N679,5000,ZJ-HZB,L3-hangzhou-mask-2015,2015,WEAK,0,0.0,0.0,UNLABELED,,,
ZJ_U51_5K_E071_N679,5000,ZJ-HZB,L4-cmsa-polygons-2019,2019,WEAK,0,0.0,0.0,UNLABELED,,,
ZJ_U51_5K_E071_N679,5000,ZJ-HZB,L5-cmsa-polygons-2020,2020,WEAK,0,0.0,0.0,UNLABELED,,,
ZJ_U51_5K_E071_N679,5000,ZJ-HZB,L6-cmsa-polygons-2021,2021,WEAK,0,0.0,0.0,UNLABELED,,,
ZJ_U51_5K_E072_N641,5000,ZJ-SMB,L1-china2015-raster30m,2015,SILVER,0,0.0,0.0,UNLABELED,,,
ZJ_U51_5K_E072_N641,5000,ZJ-SMB,L2-cmssm2020-polygons,2020,WEAK,0,0.0,0.0,UNLABELED,,,
ZJ_U51_5K_E072_N641,5000,ZJ-SMB,L3-hangzhou-mask-2015,2015,WEAK,0,0.0,0.0,UNLABELED,,,
ZJ_U51_5K_E072_N641,5000,ZJ-SMB,L4-cmsa-polygons-2019,2019,WEAK,0,0.0,0.0,UNLABELED,,,
ZJ_U51_5K_E072_N641,5000,ZJ-SMB,L5-cmsa-polygons-2020,2020,WEAK,0,0.0,0.0,UNLABELED,,,
ZJ_U51_5K_E072_N641,5000,ZJ-SMB,L6-cmsa-polygons-2021,2021,WEAK,0,0.0,0.0,UNLABELED,,,
ZJ_U51_5K_E072_N642,5000,ZJ-SMB,L1-china2015-raster30m,2015,SILVER,380,0.342,0.01368,SILVER,,,
ZJ_U51_5K_E072_N642,5000,ZJ-SMB,L2-cmssm2020-polygons,2020,WEAK,0,0.0,0.0,SILVER,,,
ZJ_U51_5K_E072_N642,5000,ZJ-SMB,L3-hangzhou-mask-2015,2015,WEAK,0,0.0,0.0,SILVER,,,
ZJ_U51_5K_E072_N642,5000,ZJ-SMB,L4-cmsa-polygons-2019,2019,WEAK,0,0.0,0.0,SILVER,,,
ZJ_U51_5K_E072_N642,5000,ZJ-SMB,L5-cmsa-polygons-2020,2020,WEAK,0,0.0,0.0,SILVER,,,
ZJ_U51_5K_E072_N642,5000,ZJ-SMB,L6-cmsa-polygons-2021,2021,WEAK,0,0.0,0.0,SILVER,,,
ZJ_U51_5K_E072_N643,5000,ZJ-SMB,L1-china2015-raster30m,2015,SILVER,0,0.0,0.0,UNLABELED,,,
ZJ_U51_5K_E072_N643,5000,ZJ-SMB,L2-cmssm2020-polygons,2020,WEAK,0,0.0,0.0,UNLABELED,,,
ZJ_U51_5K_E072_N643,5000,ZJ-SMB,L3-hangzhou-mask-2015,2015,WEAK,0,0.0,0.0,UNLABELED,,,
ZJ_U51_5K_E072_N643,5000,ZJ-SMB,L4-cmsa-polygons-2019,2019,WEAK,0,0.0,0.0,UNLABELED,,,
ZJ_U51_5K_E072_N643,5000,ZJ-SMB,L5-cmsa-polygons-2020,2020,WEAK,0,0.0,0.0,UNLABELED,,,
ZJ_U51_5K_E072_N643,5000,ZJ-SMB,L6-cmsa-polygons-2021,2021,WEAK,0,0.0,0.0,UNLABELED,,,
ZJ_U51_5K_E072_N644,5000,ZJ-SMB,L1-china2015-raster30m,2015,SILVER,776,0.6984,0.027936,SILVER,,,
ZJ_U51_5K_E072_N644,5000,ZJ-SMB,L2-cmssm2020-polygons,2020,WEAK,0,0.0,0.0,SILVER,,,
ZJ_U51_5K_E072_N644,5000,ZJ-SMB,L3-hangzhou-mask-2015,2015,WEAK,0,0.0,0.0,SILVER,,,
ZJ_U51_5K_E072_N644,5000,ZJ-SMB,L4-cmsa-polygons-2019,2019,WEAK,0,0.0,0.0,SILVER,,,
ZJ_U51_5K_E072_N644,5000,ZJ-SMB,L5-cmsa-polygons-2020,2020,WEAK,0,0.0,0.0,SILVER,,,
ZJ_U51_5K_E072_N644,5000,ZJ-SMB,L6-cmsa-polygons-2021,2021,WEAK,0,0.0,0.0,SILVER,,,
ZJ_U51_5K_E072_N645,5000,ZJ-SMB,L1-china2015-raster30m,2015,SILVER,4109,3.6981,0.147924,SILVER,,,
ZJ_U51_5K_E072_N645,5000,ZJ-SMB,L2-cmssm2020-polygons,2020,WEAK,0,0.0,0.0,SILVER,,,
ZJ_U51_5K_E072_N645,5000,ZJ-SMB,L3-hangzhou-mask-2015,2015,WEAK,0,0.0,0.0,SILVER,,,
ZJ_U51_5K_E072_N645,5000,ZJ-SMB,L4-cmsa-polygons-2019,2019,WEAK,0,0.0,0.0,SILVER,,,
ZJ_U51_5K_E072_N645,5000,ZJ-SMB,L5-cmsa-polygons-2020,2020,WEAK,0,0.0,0.0,SILVER,,,
ZJ_U51_5K_E072_N645,5000,ZJ-SMB,L6-cmsa-polygons-2021,2021,WEAK,0,0.0,0.0,SILVER,,,
ZJ_U51_5K_E072_N646,5000,ZJ-SMB,L1-china2015-raster30m,2015,SILVER,9061,8.1549,0.326196,SILVER,,,
ZJ_U51_5K_E072_N646,5000,ZJ-SMB,L2-cmssm2020-polygons,2020,WEAK,0,0.0,0.0,SILVER,,,
ZJ_U51_5K_E072_N646,5000,ZJ-SMB,L3-hangzhou-mask-2015,2015,WEAK,0,0.0,0.0,SILVER,,,
ZJ_U51_5K_E072_N646,5000,ZJ-SMB,L4-cmsa-polygons-2019,2019,WEAK,0,0.0,0.0,SILVER,,,
ZJ_U51_5K_E072_N646,5000,ZJ-SMB,L5-cmsa-polygons-2020,2020,WEAK,0,0.0,0.0,SILVER,,,
ZJ_U51_5K_E072_N646,5000,ZJ-SMB,L6-cmsa-polygons-2021,2021,WEAK,0,0.0,0.0,SILVER,,,
ZJ_U51_5K_E072_N647,5000,ZJ-SMB,L1-china2015-raster30m,2015,SILVER,2852,2.5668,0.102672,SILVER,,,
ZJ_U51_5K_E072_N647,5000,ZJ-SMB,L2-cmssm2020-polygons,2020,WEAK,0,0.0,0.0,SILVER,,,
ZJ_U51_5K_E072_N647,5000,ZJ-SMB,L3-hangzhou-mask-2015,2015,WEAK,0,0.0,0.0,SILVER,,,
ZJ_U51_5K_E072_N647,5000,ZJ-SMB,L4-cmsa-polygons-2019,2019,WEAK,0,0.0,0.0,SILVER,,,
ZJ_U51_5K_E072_N647,5000,ZJ-SMB,L5-cmsa-polygons-2020,2020,WEAK,0,0.0,0.0,SILVER,,,
ZJ_U51_5K_E072_N647,5000,ZJ-SMB,L6-cmsa-polygons-2021,2021,WEAK,0,0.0,0.0,SILVER,,,
ZJ_U51_5K_E072_N648,5000,ZJ-SMB,L1-china2015-raster30m,2015,SILVER,0,0.0,0.0,UNLABELED,,,
ZJ_U51_5K_E072_N648,5000,ZJ-SMB,L2-cmssm2020-polygons,2020,WEAK,0,0.0,0.0,UNLABELED,,,
ZJ_U51_5K_E072_N648,5000,ZJ-SMB,L3-hangzhou-mask-2015,2015,WEAK,0,0.0,0.0,UNLABELED,,,
ZJ_U51_5K_E072_N648,5000,ZJ-SMB,L4-cmsa-polygons-2019,2019,WEAK,0,0.0,0.0,UNLABELED,,,
ZJ_U51_5K_E072_N648,5000,ZJ-SMB,L5-cmsa-polygons-2020,2020,WEAK,0,0.0,0.0,UNLABELED,,,
ZJ_U51_5K_E072_N648,5000,ZJ-SMB,L6-cmsa-polygons-2021,2021,WEAK,0,0.0,0.0,UNLABELED,,,
ZJ_U51_5K_E072_N649,5000,ZJ-SMB,L1-china2015-raster30m,2015,SILVER,0,0.0,0.0,UNLABELED,,,
ZJ_U51_5K_E072_N649,5000,ZJ-SMB,L2-cmssm2020-polygons,2020,WEAK,0,0.0,0.0,UNLABELED,,,
ZJ_U51_5K_E072_N649,5000,ZJ-SMB,L3-hangzhou-mask-2015,2015,WEAK,0,0.0,0.0,UNLABELED,,,
ZJ_U51_5K_E072_N649,5000,ZJ-SMB,L4-cmsa-polygons-2019,2019,WEAK,0,0.0,0.0,UNLABELED,,,
ZJ_U51_5K_E072_N649,5000,ZJ-SMB,L5-cmsa-polygons-2020,2020,WEAK,0,0.0,0.0,UNLABELED,,,
ZJ_U51_5K_E072_N649,5000,ZJ-SMB,L6-cmsa-polygons-2021,2021,WEAK,0,0.0,0.0,UNLABELED,,,
ZJ_U51_5K_E072_N664,5000,ZJ-HZB,L1-china2015-raster30m,2015,SILVER,0,0.0,0.0,UNLABELED,,,
ZJ_U51_5K_E072_N664,5000,ZJ-HZB,L2-cmssm2020-polygons,2020,WEAK,0,0.0,0.0,UNLABELED,,,
ZJ_U51_5K_E072_N664,5000,ZJ-HZB,L3-hangzhou-mask-2015,2015,WEAK,0,0.0,0.0,UNLABELED,,,
ZJ_U51_5K_E072_N664,5000,ZJ-HZB,L4-cmsa-polygons-2019,2019,WEAK,0,0.0,0.0,UNLABELED,,,
ZJ_U51_5K_E072_N664,5000,ZJ-HZB,L5-cmsa-polygons-2020,2020,WEAK,0,0.0,0.0,UNLABELED,,,
ZJ_U51_5K_E072_N664,5000,ZJ-HZB,L6-cmsa-polygons-2021,2021,WEAK,0,0.0,0.0,UNLABELED,,,
ZJ_U51_5K_E072_N665,5000,ZJ-HZB,L1-china2015-raster30m,2015,SILVER,0,0.0,0.0,UNLABELED,,,
ZJ_U51_5K_E072_N665,5000,ZJ-HZB,L2-cmssm2020-polygons,2020,WEAK,0,0.0,0.0,UNLABELED,,,
ZJ_U51_5K_E072_N665,5000,ZJ-HZB,L3-hangzhou-mask-2015,2015,WEAK,0,0.0,0.0,UNLABELED,,,
ZJ_U51_5K_E072_N665,5000,ZJ-HZB,L4-cmsa-polygons-2019,2019,WEAK,0,0.0,0.0,UNLABELED,,,
ZJ_U51_5K_E072_N665,5000,ZJ-HZB,L5-cmsa-polygons-2020,2020,WEAK,0,0.0,0.0,UNLABELED,,,
ZJ_U51_5K_E072_N665,5000,ZJ-HZB,L6-cmsa-polygons-2021,2021,WEAK,0,0.0,0.0,UNLABELED,,,
ZJ_U51_5K_E072_N666,5000,ZJ-HZB,L1-china2015-raster30m,2015,SILVER,16,0.0144,0.000576,SILVER,,,
ZJ_U51_5K_E072_N666,5000,ZJ-HZB,L2-cmssm2020-polygons,2020,WEAK,0,0.0,0.0,SILVER,,,
ZJ_U51_5K_E072_N666,5000,ZJ-HZB,L3-hangzhou-mask-2015,2015,WEAK,0,0.0,0.0,SILVER,,,
ZJ_U51_5K_E072_N666,5000,ZJ-HZB,L4-cmsa-polygons-2019,2019,WEAK,0,0.0,0.0,SILVER,,,
ZJ_U51_5K_E072_N666,5000,ZJ-HZB,L5-cmsa-polygons-2020,2020,WEAK,0,0.0,0.0,SILVER,,,
ZJ_U51_5K_E072_N666,5000,ZJ-HZB,L6-cmsa-polygons-2021,2021,WEAK,0,0.0,0.0,SILVER,,,
ZJ_U51_5K_E072_N667,5000,ZJ-HZB,L1-china2015-raster30m,2015,SILVER,0,0.0,0.0,UNLABELED,,,
ZJ_U51_5K_E072_N667,5000,ZJ-HZB,L2-cmssm2020-polygons,2020,WEAK,0,0.0,0.0,UNLABELED,,,
ZJ_U51_5K_E072_N667,5000,ZJ-HZB,L3-hangzhou-mask-2015,2015,WEAK,0,0.0,0.0,UNLABELED,,,
ZJ_U51_5K_E072_N667,5000,ZJ-HZB,L4-cmsa-polygons-2019,2019,WEAK,0,0.0,0.0,UNLABELED,,,
ZJ_U51_5K_E072_N667,5000,ZJ-HZB,L5-cmsa-polygons-2020,2020,WEAK,0,0.0,0.0,UNLABELED,,,
ZJ_U51_5K_E072_N667,5000,ZJ-HZB,L6-cmsa-polygons-2021,2021,WEAK,0,0.0,0.0,UNLABELED,,,
ZJ_U51_5K_E072_N668,5000,ZJ-HZB,L1-china2015-raster30m,2015,SILVER,0,0.0,0.0,UNLABELED,,,
ZJ_U51_5K_E072_N668,5000,ZJ-HZB,L2-cmssm2020-polygons,2020,WEAK,0,0.0,0.0,UNLABELED,,,
ZJ_U51_5K_E072_N668,5000,ZJ-HZB,L3-hangzhou-mask-2015,2015,WEAK,0,0.0,0.0,UNLABELED,,,
ZJ_U51_5K_E072_N668,5000,ZJ-HZB,L4-cmsa-polygons-2019,2019,WEAK,0,0.0,0.0,UNLABELED,,,
ZJ_U51_5K_E072_N668,5000,ZJ-HZB,L5-cmsa-polygons-2020,2020,WEAK,0,0.0,0.0,UNLABELED,,,
ZJ_U51_5K_E072_N668,5000,ZJ-HZB,L6-cmsa-polygons-2021,2021,WEAK,0,0.0,0.0,UNLABELED,,,
ZJ_U51_5K_E072_N669,5000,ZJ-HZB,L1-china2015-raster30m,2015,SILVER,0,0.0,0.0,UNLABELED,,,
ZJ_U51_5K_E072_N669,5000,ZJ-HZB,L2-cmssm2020-polygons,2020,WEAK,0,0.0,0.0,UNLABELED,,,
ZJ_U51_5K_E072_N669,5000,ZJ-HZB,L3-hangzhou-mask-2015,2015,WEAK,0,0.0,0.0,UNLABELED,,,
ZJ_U51_5K_E072_N669,5000,ZJ-HZB,L4-cmsa-polygons-2019,2019,WEAK,0,0.0,0.0,UNLABELED,,,
ZJ_U51_5K_E072_N669,5000,ZJ-HZB,L5-cmsa-polygons-2020,2020,WEAK,0,0.0,0.0,UNLABELED,,,
ZJ_U51_5K_E072_N669,5000,ZJ-HZB,L6-cmsa-polygons-2021,2021,WEAK,0,0.0,0.0,UNLABELED,,,
ZJ_U51_5K_E072_N670,5000,ZJ-HZB,L1-china2015-raster30m,2015,SILVER,0,0.0,0.0,UNLABELED,,,
ZJ_U51_5K_E072_N670,5000,ZJ-HZB,L2-cmssm2020-polygons,2020,WEAK,0,0.0,0.0,UNLABELED,,,
ZJ_U51_5K_E072_N670,5000,ZJ-HZB,L3-hangzhou-mask-2015,2015,WEAK,0,0.0,0.0,UNLABELED,,,
ZJ_U51_5K_E072_N670,5000,ZJ-HZB,L4-cmsa-polygons-2019,2019,WEAK,0,0.0,0.0,UNLABELED,,,
ZJ_U51_5K_E072_N670,5000,ZJ-HZB,L5-cmsa-polygons-2020,2020,WEAK,0,0.0,0.0,UNLABELED,,,
ZJ_U51_5K_E072_N670,5000,ZJ-HZB,L6-cmsa-polygons-2021,2021,WEAK,0,0.0,0.0,UNLABELED,,,
ZJ_U51_5K_E072_N671,5000,ZJ-HZB,L1-china2015-raster30m,2015,SILVER,0,0.0,0.0,UNLABELED,,,
ZJ_U51_5K_E072_N671,5000,ZJ-HZB,L2-cmssm2020-polygons,2020,WEAK,0,0.0,0.0,UNLABELED,,,
ZJ_U51_5K_E072_N671,5000,ZJ-HZB,L3-hangzhou-mask-2015,2015,WEAK,0,0.0,0.0,UNLABELED,,,
ZJ_U51_5K_E072_N671,5000,ZJ-HZB,L4-cmsa-polygons-2019,2019,WEAK,0,0.0,0.0,UNLABELED,,,
ZJ_U51_5K_E072_N671,5000,ZJ-HZB,L5-cmsa-polygons-2020,2020,WEAK,0,0.0,0.0,UNLABELED,,,
ZJ_U51_5K_E072_N671,5000,ZJ-HZB,L6-cmsa-polygons-2021,2021,WEAK,0,0.0,0.0,UNLABELED,,,
ZJ_U51_5K_E072_N672,5000,ZJ-HZB,L1-china2015-raster30m,2015,SILVER,0,0.0,0.0,UNLABELED,,,
ZJ_U51_5K_E072_N672,5000,ZJ-HZB,L2-cmssm2020-polygons,2020,WEAK,0,0.0,0.0,UNLABELED,,,
ZJ_U51_5K_E072_N672,5000,ZJ-HZB,L3-hangzhou-mask-2015,2015,WEAK,0,0.0,0.0,UNLABELED,,,
ZJ_U51_5K_E072_N672,5000,ZJ-HZB,L4-cmsa-polygons-2019,2019,WEAK,0,0.0,0.0,UNLABELED,,,
ZJ_U51_5K_E072_N672,5000,ZJ-HZB,L5-cmsa-polygons-2020,2020,WEAK,0,0.0,0.0,UNLABELED,,,
ZJ_U51_5K_E072_N672,5000,ZJ-HZB,L6-cmsa-polygons-2021,2021,WEAK,0,0.0,0.0,UNLABELED,,,
ZJ_U51_5K_E072_N673,5000,ZJ-HZB,L1-china2015-raster30m,2015,SILVER,0,0.0,0.0,UNLABELED,,,
ZJ_U51_5K_E072_N673,5000,ZJ-HZB,L2-cmssm2020-polygons,2020,WEAK,0,0.0,0.0,UNLABELED,,,
ZJ_U51_5K_E072_N673,5000,ZJ-HZB,L3-hangzhou-mask-2015,2015,WEAK,0,0.0,0.0,UNLABELED,,,
ZJ_U51_5K_E072_N673,5000,ZJ-HZB,L4-cmsa-polygons-2019,2019,WEAK,0,0.0,0.0,UNLABELED,,,
ZJ_U51_5K_E072_N673,5000,ZJ-HZB,L5-cmsa-polygons-2020,2020,WEAK,0,0.0,0.0,UNLABELED,,,
ZJ_U51_5K_E072_N673,5000,ZJ-HZB,L6-cmsa-polygons-2021,2021,WEAK,0,0.0,0.0,UNLABELED,,,
ZJ_U51_5K_E072_N674,5000,ZJ-HZB,L1-china2015-raster30m,2015,SILVER,0,0.0,0.0,UNLABELED,,,
ZJ_U51_5K_E072_N674,5000,ZJ-HZB,L2-cmssm2020-polygons,2020,WEAK,0,0.0,0.0,UNLABELED,,,
ZJ_U51_5K_E072_N674,5000,ZJ-HZB,L3-hangzhou-mask-2015,2015,WEAK,0,0.0,0.0,UNLABELED,,,
ZJ_U51_5K_E072_N674,5000,ZJ-HZB,L4-cmsa-polygons-2019,2019,WEAK,0,0.0,0.0,UNLABELED,,,
ZJ_U51_5K_E072_N674,5000,ZJ-HZB,L5-cmsa-polygons-2020,2020,WEAK,0,0.0,0.0,UNLABELED,,,
ZJ_U51_5K_E072_N674,5000,ZJ-HZB,L6-cmsa-polygons-2021,2021,WEAK,0,0.0,0.0,UNLABELED,,,
ZJ_U51_5K_E072_N675,5000,ZJ-HZB,L1-china2015-raster30m,2015,SILVER,0,0.0,0.0,UNLABELED,,,
ZJ_U51_5K_E072_N675,5000,ZJ-HZB,L2-cmssm2020-polygons,2020,WEAK,0,0.0,0.0,UNLABELED,,,
ZJ_U51_5K_E072_N675,5000,ZJ-HZB,L3-hangzhou-mask-2015,2015,WEAK,0,0.0,0.0,UNLABELED,,,
ZJ_U51_5K_E072_N675,5000,ZJ-HZB,L4-cmsa-polygons-2019,2019,WEAK,0,0.0,0.0,UNLABELED,,,
ZJ_U51_5K_E072_N675,5000,ZJ-HZB,L5-cmsa-polygons-2020,2020,WEAK,0,0.0,0.0,UNLABELED,,,
ZJ_U51_5K_E072_N675,5000,ZJ-HZB,L6-cmsa-polygons-2021,2021,WEAK,0,0.0,0.0,UNLABELED,,,
ZJ_U51_5K_E072_N676,5000,ZJ-HZB,L1-china2015-raster30m,2015,SILVER,0,0.0,0.0,UNLABELED,,,
ZJ_U51_5K_E072_N676,5000,ZJ-HZB,L2-cmssm2020-polygons,2020,WEAK,0,0.0,0.0,UNLABELED,,,
ZJ_U51_5K_E072_N676,5000,ZJ-HZB,L3-hangzhou-mask-2015,2015,WEAK,0,0.0,0.0,UNLABELED,,,
ZJ_U51_5K_E072_N676,5000,ZJ-HZB,L4-cmsa-polygons-2019,2019,WEAK,0,0.0,0.0,UNLABELED,,,
ZJ_U51_5K_E072_N676,5000,ZJ-HZB,L5-cmsa-polygons-2020,2020,WEAK,0,0.0,0.0,UNLABELED,,,
ZJ_U51_5K_E072_N676,5000,ZJ-HZB,L6-cmsa-polygons-2021,2021,WEAK,0,0.0,0.0,UNLABELED,,,
ZJ_U51_5K_E072_N677,5000,ZJ-HZB,L1-china2015-raster30m,2015,SILVER,0,0.0,0.0,UNLABELED,,,
ZJ_U51_5K_E072_N677,5000,ZJ-HZB,L2-cmssm2020-polygons,2020,WEAK,0,0.0,0.0,UNLABELED,,,
ZJ_U51_5K_E072_N677,5000,ZJ-HZB,L3-hangzhou-mask-2015,2015,WEAK,0,0.0,0.0,UNLABELED,,,
ZJ_U51_5K_E072_N677,5000,ZJ-HZB,L4-cmsa-polygons-2019,2019,WEAK,0,0.0,0.0,UNLABELED,,,
ZJ_U51_5K_E072_N677,5000,ZJ-HZB,L5-cmsa-polygons-2020,2020,WEAK,0,0.0,0.0,UNLABELED,,,
ZJ_U51_5K_E072_N677,5000,ZJ-HZB,L6-cmsa-polygons-2021,2021,WEAK,0,0.0,0.0,UNLABELED,,,
ZJ_U51_5K_E072_N678,5000,ZJ-HZB,L1-china2015-raster30m,2015,SILVER,0,0.0,0.0,UNLABELED,,,
ZJ_U51_5K_E072_N678,5000,ZJ-HZB,L2-cmssm2020-polygons,2020,WEAK,0,0.0,0.0,UNLABELED,,,
ZJ_U51_5K_E072_N678,5000,ZJ-HZB,L3-hangzhou-mask-2015,2015,WEAK,0,0.0,0.0,UNLABELED,,,
ZJ_U51_5K_E072_N678,5000,ZJ-HZB,L4-cmsa-polygons-2019,2019,WEAK,0,0.0,0.0,UNLABELED,,,
ZJ_U51_5K_E072_N678,5000,ZJ-HZB,L5-cmsa-polygons-2020,2020,WEAK,0,0.0,0.0,UNLABELED,,,
ZJ_U51_5K_E072_N678,5000,ZJ-HZB,L6-cmsa-polygons-2021,2021,WEAK,0,0.0,0.0,UNLABELED,,,
ZJ_U51_5K_E072_N679,5000,ZJ-HZB,L1-china2015-raster30m,2015,SILVER,0,0.0,0.0,UNLABELED,,,
ZJ_U51_5K_E072_N679,5000,ZJ-HZB,L2-cmssm2020-polygons,2020,WEAK,0,0.0,0.0,UNLABELED,,,
ZJ_U51_5K_E072_N679,5000,ZJ-HZB,L3-hangzhou-mask-2015,2015,WEAK,0,0.0,0.0,UNLABELED,,,
ZJ_U51_5K_E072_N679,5000,ZJ-HZB,L4-cmsa-polygons-2019,2019,WEAK,0,0.0,0.0,UNLABELED,,,
ZJ_U51_5K_E072_N679,5000,ZJ-HZB,L5-cmsa-polygons-2020,2020,WEAK,0,0.0,0.0,UNLABELED,,,
ZJ_U51_5K_E072_N679,5000,ZJ-HZB,L6-cmsa-polygons-2021,2021,WEAK,0,0.0,0.0,UNLABELED,,,
ZJ_U51_5K_E072_N680,5000,ZJ-HZB,L1-china2015-raster30m,2015,SILVER,0,0.0,0.0,UNLABELED,,,
ZJ_U51_5K_E072_N680,5000,ZJ-HZB,L2-cmssm2020-polygons,2020,WEAK,0,0.0,0.0,UNLABELED,,,
ZJ_U51_5K_E072_N680,5000,ZJ-HZB,L3-hangzhou-mask-2015,2015,WEAK,0,0.0,0.0,UNLABELED,,,
ZJ_U51_5K_E072_N680,5000,ZJ-HZB,L4-cmsa-polygons-2019,2019,WEAK,0,0.0,0.0,UNLABELED,,,
ZJ_U51_5K_E072_N680,5000,ZJ-HZB,L5-cmsa-polygons-2020,2020,WEAK,0,0.0,0.0,UNLABELED,,,
ZJ_U51_5K_E072_N680,5000,ZJ-HZB,L6-cmsa-polygons-2021,2021,WEAK,0,0.0,0.0,UNLABELED,,,
ZJ_U51_5K_E073_N641,5000,ZJ-SMB,L1-china2015-raster30m,2015,SILVER,0,0.0,0.0,UNLABELED,,,
ZJ_U51_5K_E073_N641,5000,ZJ-SMB,L2-cmssm2020-polygons,2020,WEAK,0,0.0,0.0,UNLABELED,,,
ZJ_U51_5K_E073_N641,5000,ZJ-SMB,L3-hangzhou-mask-2015,2015,WEAK,0,0.0,0.0,UNLABELED,,,
ZJ_U51_5K_E073_N641,5000,ZJ-SMB,L4-cmsa-polygons-2019,2019,WEAK,0,0.0,0.0,UNLABELED,,,
ZJ_U51_5K_E073_N641,5000,ZJ-SMB,L5-cmsa-polygons-2020,2020,WEAK,0,0.0,0.0,UNLABELED,,,
ZJ_U51_5K_E073_N641,5000,ZJ-SMB,L6-cmsa-polygons-2021,2021,WEAK,0,0.0,0.0,UNLABELED,,,
ZJ_U51_5K_E073_N642,5000,ZJ-SMB,L1-china2015-raster30m,2015,SILVER,221,0.1989,0.007956,SILVER,,,
ZJ_U51_5K_E073_N642,5000,ZJ-SMB,L2-cmssm2020-polygons,2020,WEAK,0,0.0,0.0,SILVER,,,
ZJ_U51_5K_E073_N642,5000,ZJ-SMB,L3-hangzhou-mask-2015,2015,WEAK,0,0.0,0.0,SILVER,,,
ZJ_U51_5K_E073_N642,5000,ZJ-SMB,L4-cmsa-polygons-2019,2019,WEAK,0,0.0,0.0,SILVER,,,
ZJ_U51_5K_E073_N642,5000,ZJ-SMB,L5-cmsa-polygons-2020,2020,WEAK,0,0.0,0.0,SILVER,,,
ZJ_U51_5K_E073_N642,5000,ZJ-SMB,L6-cmsa-polygons-2021,2021,WEAK,0,0.0,0.0,SILVER,,,
ZJ_U51_5K_E073_N643,5000,ZJ-SMB,L1-china2015-raster30m,2015,SILVER,917,0.8253,0.033012,SILVER,,,
ZJ_U51_5K_E073_N643,5000,ZJ-SMB,L2-cmssm2020-polygons,2020,WEAK,0,0.0,0.0,SILVER,,,
ZJ_U51_5K_E073_N643,5000,ZJ-SMB,L3-hangzhou-mask-2015,2015,WEAK,0,0.0,0.0,SILVER,,,
ZJ_U51_5K_E073_N643,5000,ZJ-SMB,L4-cmsa-polygons-2019,2019,WEAK,0,0.0,0.0,SILVER,,,
ZJ_U51_5K_E073_N643,5000,ZJ-SMB,L5-cmsa-polygons-2020,2020,WEAK,0,0.0,0.0,SILVER,,,
ZJ_U51_5K_E073_N643,5000,ZJ-SMB,L6-cmsa-polygons-2021,2021,WEAK,0,0.0,0.0,SILVER,,,
ZJ_U51_5K_E073_N644,5000,ZJ-SMB,L1-china2015-raster30m,2015,SILVER,87,0.0783,0.003132,SILVER,,,
ZJ_U51_5K_E073_N644,5000,ZJ-SMB,L2-cmssm2020-polygons,2020,WEAK,0,0.0,0.0,SILVER,,,
ZJ_U51_5K_E073_N644,5000,ZJ-SMB,L3-hangzhou-mask-2015,2015,WEAK,0,0.0,0.0,SILVER,,,
ZJ_U51_5K_E073_N644,5000,ZJ-SMB,L4-cmsa-polygons-2019,2019,WEAK,0,0.0,0.0,SILVER,,,
ZJ_U51_5K_E073_N644,5000,ZJ-SMB,L5-cmsa-polygons-2020,2020,WEAK,0,0.0,0.0,SILVER,,,
ZJ_U51_5K_E073_N644,5000,ZJ-SMB,L6-cmsa-polygons-2021,2021,WEAK,0,0.0,0.0,SILVER,,,
ZJ_U51_5K_E073_N645,5000,ZJ-SMB,L1-china2015-raster30m,2015,SILVER,549,0.4941,0.019764,SILVER,,,
ZJ_U51_5K_E073_N645,5000,ZJ-SMB,L2-cmssm2020-polygons,2020,WEAK,0,0.0,0.0,SILVER,,,
ZJ_U51_5K_E073_N645,5000,ZJ-SMB,L3-hangzhou-mask-2015,2015,WEAK,0,0.0,0.0,SILVER,,,
ZJ_U51_5K_E073_N645,5000,ZJ-SMB,L4-cmsa-polygons-2019,2019,WEAK,0,0.0,0.0,SILVER,,,
ZJ_U51_5K_E073_N645,5000,ZJ-SMB,L5-cmsa-polygons-2020,2020,WEAK,0,0.0,0.0,SILVER,,,
ZJ_U51_5K_E073_N645,5000,ZJ-SMB,L6-cmsa-polygons-2021,2021,WEAK,0,0.0,0.0,SILVER,,,
ZJ_U51_5K_E073_N646,5000,ZJ-SMB,L1-china2015-raster30m,2015,SILVER,257,0.2313,0.009252,SILVER,,,
ZJ_U51_5K_E073_N646,5000,ZJ-SMB,L2-cmssm2020-polygons,2020,WEAK,0,0.0,0.0,SILVER,,,
ZJ_U51_5K_E073_N646,5000,ZJ-SMB,L3-hangzhou-mask-2015,2015,WEAK,0,0.0,0.0,SILVER,,,
ZJ_U51_5K_E073_N646,5000,ZJ-SMB,L4-cmsa-polygons-2019,2019,WEAK,0,0.0,0.0,SILVER,,,
ZJ_U51_5K_E073_N646,5000,ZJ-SMB,L5-cmsa-polygons-2020,2020,WEAK,0,0.0,0.0,SILVER,,,
ZJ_U51_5K_E073_N646,5000,ZJ-SMB,L6-cmsa-polygons-2021,2021,WEAK,0,0.0,0.0,SILVER,,,
ZJ_U51_5K_E073_N647,5000,ZJ-SMB,L1-china2015-raster30m,2015,SILVER,0,0.0,0.0,UNLABELED,,,
ZJ_U51_5K_E073_N647,5000,ZJ-SMB,L2-cmssm2020-polygons,2020,WEAK,0,0.0,0.0,UNLABELED,,,
ZJ_U51_5K_E073_N647,5000,ZJ-SMB,L3-hangzhou-mask-2015,2015,WEAK,0,0.0,0.0,UNLABELED,,,
ZJ_U51_5K_E073_N647,5000,ZJ-SMB,L4-cmsa-polygons-2019,2019,WEAK,0,0.0,0.0,UNLABELED,,,
ZJ_U51_5K_E073_N647,5000,ZJ-SMB,L5-cmsa-polygons-2020,2020,WEAK,0,0.0,0.0,UNLABELED,,,
ZJ_U51_5K_E073_N647,5000,ZJ-SMB,L6-cmsa-polygons-2021,2021,WEAK,0,0.0,0.0,UNLABELED,,,
ZJ_U51_5K_E073_N648,5000,ZJ-SMB,L1-china2015-raster30m,2015,SILVER,0,0.0,0.0,UNLABELED,,,
ZJ_U51_5K_E073_N648,5000,ZJ-SMB,L2-cmssm2020-polygons,2020,WEAK,0,0.0,0.0,UNLABELED,,,
ZJ_U51_5K_E073_N648,5000,ZJ-SMB,L3-hangzhou-mask-2015,2015,WEAK,0,0.0,0.0,UNLABELED,,,
ZJ_U51_5K_E073_N648,5000,ZJ-SMB,L4-cmsa-polygons-2019,2019,WEAK,0,0.0,0.0,UNLABELED,,,
ZJ_U51_5K_E073_N648,5000,ZJ-SMB,L5-cmsa-polygons-2020,2020,WEAK,0,0.0,0.0,UNLABELED,,,
ZJ_U51_5K_E073_N648,5000,ZJ-SMB,L6-cmsa-polygons-2021,2021,WEAK,0,0.0,0.0,UNLABELED,,,
ZJ_U51_5K_E073_N664,5000,ZJ-HZB,L1-china2015-raster30m,2015,SILVER,1908,1.7172,0.068688,SILVER,,,
ZJ_U51_5K_E073_N664,5000,ZJ-HZB,L2-cmssm2020-polygons,2020,WEAK,0,0.0,0.0,SILVER,,,
ZJ_U51_5K_E073_N664,5000,ZJ-HZB,L3-hangzhou-mask-2015,2015,WEAK,0,0.0,0.0,SILVER,,,
ZJ_U51_5K_E073_N664,5000,ZJ-HZB,L4-cmsa-polygons-2019,2019,WEAK,0,0.0,0.0,SILVER,,,
ZJ_U51_5K_E073_N664,5000,ZJ-HZB,L5-cmsa-polygons-2020,2020,WEAK,0,0.0,0.0,SILVER,,,
ZJ_U51_5K_E073_N664,5000,ZJ-HZB,L6-cmsa-polygons-2021,2021,WEAK,0,0.0,0.0,SILVER,,,
ZJ_U51_5K_E073_N665,5000,ZJ-HZB,L1-china2015-raster30m,2015,SILVER,1610,1.449,0.05796,SILVER,,,
ZJ_U51_5K_E073_N665,5000,ZJ-HZB,L2-cmssm2020-polygons,2020,WEAK,0,0.0,0.0,SILVER,,,
ZJ_U51_5K_E073_N665,5000,ZJ-HZB,L3-hangzhou-mask-2015,2015,WEAK,0,0.0,0.0,SILVER,,,
ZJ_U51_5K_E073_N665,5000,ZJ-HZB,L4-cmsa-polygons-2019,2019,WEAK,0,0.0,0.0,SILVER,,,
ZJ_U51_5K_E073_N665,5000,ZJ-HZB,L5-cmsa-polygons-2020,2020,WEAK,0,0.0,0.0,SILVER,,,
ZJ_U51_5K_E073_N665,5000,ZJ-HZB,L6-cmsa-polygons-2021,2021,WEAK,0,0.0,0.0,SILVER,,,
ZJ_U51_5K_E073_N666,5000,ZJ-HZB,L1-china2015-raster30m,2015,SILVER,0,0.0,0.0,UNLABELED,,,
ZJ_U51_5K_E073_N666,5000,ZJ-HZB,L2-cmssm2020-polygons,2020,WEAK,0,0.0,0.0,UNLABELED,,,
ZJ_U51_5K_E073_N666,5000,ZJ-HZB,L3-hangzhou-mask-2015,2015,WEAK,0,0.0,0.0,UNLABELED,,,
ZJ_U51_5K_E073_N666,5000,ZJ-HZB,L4-cmsa-polygons-2019,2019,WEAK,0,0.0,0.0,UNLABELED,,,
ZJ_U51_5K_E073_N666,5000,ZJ-HZB,L5-cmsa-polygons-2020,2020,WEAK,0,0.0,0.0,UNLABELED,,,
ZJ_U51_5K_E073_N666,5000,ZJ-HZB,L6-cmsa-polygons-2021,2021,WEAK,0,0.0,0.0,UNLABELED,,,
ZJ_U51_5K_E073_N667,5000,ZJ-HZB,L1-china2015-raster30m,2015,SILVER,0,0.0,0.0,UNLABELED,,,
ZJ_U51_5K_E073_N667,5000,ZJ-HZB,L2-cmssm2020-polygons,2020,WEAK,0,0.0,0.0,UNLABELED,,,
ZJ_U51_5K_E073_N667,5000,ZJ-HZB,L3-hangzhou-mask-2015,2015,WEAK,0,0.0,0.0,UNLABELED,,,
ZJ_U51_5K_E073_N667,5000,ZJ-HZB,L4-cmsa-polygons-2019,2019,WEAK,0,0.0,0.0,UNLABELED,,,
ZJ_U51_5K_E073_N667,5000,ZJ-HZB,L5-cmsa-polygons-2020,2020,WEAK,0,0.0,0.0,UNLABELED,,,
ZJ_U51_5K_E073_N667,5000,ZJ-HZB,L6-cmsa-polygons-2021,2021,WEAK,0,0.0,0.0,UNLABELED,,,
ZJ_U51_5K_E073_N668,5000,ZJ-HZB,L1-china2015-raster30m,2015,SILVER,0,0.0,0.0,UNLABELED,,,
ZJ_U51_5K_E073_N668,5000,ZJ-HZB,L2-cmssm2020-polygons,2020,WEAK,0,0.0,0.0,UNLABELED,,,
ZJ_U51_5K_E073_N668,5000,ZJ-HZB,L3-hangzhou-mask-2015,2015,WEAK,0,0.0,0.0,UNLABELED,,,
ZJ_U51_5K_E073_N668,5000,ZJ-HZB,L4-cmsa-polygons-2019,2019,WEAK,0,0.0,0.0,UNLABELED,,,
ZJ_U51_5K_E073_N668,5000,ZJ-HZB,L5-cmsa-polygons-2020,2020,WEAK,0,0.0,0.0,UNLABELED,,,
ZJ_U51_5K_E073_N668,5000,ZJ-HZB,L6-cmsa-polygons-2021,2021,WEAK,0,0.0,0.0,UNLABELED,,,
ZJ_U51_5K_E073_N669,5000,ZJ-HZB,L1-china2015-raster30m,2015,SILVER,0,0.0,0.0,UNLABELED,,,
ZJ_U51_5K_E073_N669,5000,ZJ-HZB,L2-cmssm2020-polygons,2020,WEAK,0,0.0,0.0,UNLABELED,,,
ZJ_U51_5K_E073_N669,5000,ZJ-HZB,L3-hangzhou-mask-2015,2015,WEAK,0,0.0,0.0,UNLABELED,,,
ZJ_U51_5K_E073_N669,5000,ZJ-HZB,L4-cmsa-polygons-2019,2019,WEAK,0,0.0,0.0,UNLABELED,,,
ZJ_U51_5K_E073_N669,5000,ZJ-HZB,L5-cmsa-polygons-2020,2020,WEAK,0,0.0,0.0,UNLABELED,,,
ZJ_U51_5K_E073_N669,5000,ZJ-HZB,L6-cmsa-polygons-2021,2021,WEAK,0,0.0,0.0,UNLABELED,,,
ZJ_U51_5K_E073_N670,5000,ZJ-HZB,L1-china2015-raster30m,2015,SILVER,0,0.0,0.0,UNLABELED,,,
ZJ_U51_5K_E073_N670,5000,ZJ-HZB,L2-cmssm2020-polygons,2020,WEAK,0,0.0,0.0,UNLABELED,,,
ZJ_U51_5K_E073_N670,5000,ZJ-HZB,L3-hangzhou-mask-2015,2015,WEAK,0,0.0,0.0,UNLABELED,,,
ZJ_U51_5K_E073_N670,5000,ZJ-HZB,L4-cmsa-polygons-2019,2019,WEAK,0,0.0,0.0,UNLABELED,,,
ZJ_U51_5K_E073_N670,5000,ZJ-HZB,L5-cmsa-polygons-2020,2020,WEAK,0,0.0,0.0,UNLABELED,,,
ZJ_U51_5K_E073_N670,5000,ZJ-HZB,L6-cmsa-polygons-2021,2021,WEAK,0,0.0,0.0,UNLABELED,,,
ZJ_U51_5K_E073_N671,5000,ZJ-HZB,L1-china2015-raster30m,2015,SILVER,0,0.0,0.0,UNLABELED,,,
ZJ_U51_5K_E073_N671,5000,ZJ-HZB,L2-cmssm2020-polygons,2020,WEAK,0,0.0,0.0,UNLABELED,,,
ZJ_U51_5K_E073_N671,5000,ZJ-HZB,L3-hangzhou-mask-2015,2015,WEAK,0,0.0,0.0,UNLABELED,,,
ZJ_U51_5K_E073_N671,5000,ZJ-HZB,L4-cmsa-polygons-2019,2019,WEAK,0,0.0,0.0,UNLABELED,,,
ZJ_U51_5K_E073_N671,5000,ZJ-HZB,L5-cmsa-polygons-2020,2020,WEAK,0,0.0,0.0,UNLABELED,,,
ZJ_U51_5K_E073_N671,5000,ZJ-HZB,L6-cmsa-polygons-2021,2021,WEAK,0,0.0,0.0,UNLABELED,,,
ZJ_U51_5K_E073_N672,5000,ZJ-HZB,L1-china2015-raster30m,2015,SILVER,0,0.0,0.0,UNLABELED,,,
ZJ_U51_5K_E073_N672,5000,ZJ-HZB,L2-cmssm2020-polygons,2020,WEAK,0,0.0,0.0,UNLABELED,,,
ZJ_U51_5K_E073_N672,5000,ZJ-HZB,L3-hangzhou-mask-2015,2015,WEAK,0,0.0,0.0,UNLABELED,,,
ZJ_U51_5K_E073_N672,5000,ZJ-HZB,L4-cmsa-polygons-2019,2019,WEAK,0,0.0,0.0,UNLABELED,,,
ZJ_U51_5K_E073_N672,5000,ZJ-HZB,L5-cmsa-polygons-2020,2020,WEAK,0,0.0,0.0,UNLABELED,,,
ZJ_U51_5K_E073_N672,5000,ZJ-HZB,L6-cmsa-polygons-2021,2021,WEAK,0,0.0,0.0,UNLABELED,,,
ZJ_U51_5K_E073_N673,5000,ZJ-HZB,L1-china2015-raster30m,2015,SILVER,0,0.0,0.0,UNLABELED,,,
ZJ_U51_5K_E073_N673,5000,ZJ-HZB,L2-cmssm2020-polygons,2020,WEAK,0,0.0,0.0,UNLABELED,,,
ZJ_U51_5K_E073_N673,5000,ZJ-HZB,L3-hangzhou-mask-2015,2015,WEAK,0,0.0,0.0,UNLABELED,,,
ZJ_U51_5K_E073_N673,5000,ZJ-HZB,L4-cmsa-polygons-2019,2019,WEAK,0,0.0,0.0,UNLABELED,,,
ZJ_U51_5K_E073_N673,5000,ZJ-HZB,L5-cmsa-polygons-2020,2020,WEAK,0,0.0,0.0,UNLABELED,,,
ZJ_U51_5K_E073_N673,5000,ZJ-HZB,L6-cmsa-polygons-2021,2021,WEAK,0,0.0,0.0,UNLABELED,,,
ZJ_U51_5K_E073_N674,5000,ZJ-HZB,L1-china2015-raster30m,2015,SILVER,0,0.0,0.0,UNLABELED,,,
ZJ_U51_5K_E073_N674,5000,ZJ-HZB,L2-cmssm2020-polygons,2020,WEAK,0,0.0,0.0,UNLABELED,,,
ZJ_U51_5K_E073_N674,5000,ZJ-HZB,L3-hangzhou-mask-2015,2015,WEAK,0,0.0,0.0,UNLABELED,,,
ZJ_U51_5K_E073_N674,5000,ZJ-HZB,L4-cmsa-polygons-2019,2019,WEAK,0,0.0,0.0,UNLABELED,,,
ZJ_U51_5K_E073_N674,5000,ZJ-HZB,L5-cmsa-polygons-2020,2020,WEAK,0,0.0,0.0,UNLABELED,,,
ZJ_U51_5K_E073_N674,5000,ZJ-HZB,L6-cmsa-polygons-2021,2021,WEAK,0,0.0,0.0,UNLABELED,,,
ZJ_U51_5K_E073_N675,5000,ZJ-HZB,L1-china2015-raster30m,2015,SILVER,0,0.0,0.0,UNLABELED,,,
ZJ_U51_5K_E073_N675,5000,ZJ-HZB,L2-cmssm2020-polygons,2020,WEAK,0,0.0,0.0,UNLABELED,,,
ZJ_U51_5K_E073_N675,5000,ZJ-HZB,L3-hangzhou-mask-2015,2015,WEAK,0,0.0,0.0,UNLABELED,,,
ZJ_U51_5K_E073_N675,5000,ZJ-HZB,L4-cmsa-polygons-2019,2019,WEAK,0,0.0,0.0,UNLABELED,,,
ZJ_U51_5K_E073_N675,5000,ZJ-HZB,L5-cmsa-polygons-2020,2020,WEAK,0,0.0,0.0,UNLABELED,,,
ZJ_U51_5K_E073_N675,5000,ZJ-HZB,L6-cmsa-polygons-2021,2021,WEAK,0,0.0,0.0,UNLABELED,,,
ZJ_U51_5K_E073_N676,5000,ZJ-HZB,L1-china2015-raster30m,2015,SILVER,0,0.0,0.0,UNLABELED,,,
ZJ_U51_5K_E073_N676,5000,ZJ-HZB,L2-cmssm2020-polygons,2020,WEAK,0,0.0,0.0,UNLABELED,,,
ZJ_U51_5K_E073_N676,5000,ZJ-HZB,L3-hangzhou-mask-2015,2015,WEAK,0,0.0,0.0,UNLABELED,,,
ZJ_U51_5K_E073_N676,5000,ZJ-HZB,L4-cmsa-polygons-2019,2019,WEAK,0,0.0,0.0,UNLABELED,,,
ZJ_U51_5K_E073_N676,5000,ZJ-HZB,L5-cmsa-polygons-2020,2020,WEAK,0,0.0,0.0,UNLABELED,,,
ZJ_U51_5K_E073_N676,5000,ZJ-HZB,L6-cmsa-polygons-2021,2021,WEAK,0,0.0,0.0,UNLABELED,,,
ZJ_U51_5K_E073_N677,5000,ZJ-HZB,L1-china2015-raster30m,2015,SILVER,0,0.0,0.0,UNLABELED,,,
ZJ_U51_5K_E073_N677,5000,ZJ-HZB,L2-cmssm2020-polygons,2020,WEAK,0,0.0,0.0,UNLABELED,,,
ZJ_U51_5K_E073_N677,5000,ZJ-HZB,L3-hangzhou-mask-2015,2015,WEAK,0,0.0,0.0,UNLABELED,,,
ZJ_U51_5K_E073_N677,5000,ZJ-HZB,L4-cmsa-polygons-2019,2019,WEAK,0,0.0,0.0,UNLABELED,,,
ZJ_U51_5K_E073_N677,5000,ZJ-HZB,L5-cmsa-polygons-2020,2020,WEAK,0,0.0,0.0,UNLABELED,,,
ZJ_U51_5K_E073_N677,5000,ZJ-HZB,L6-cmsa-polygons-2021,2021,WEAK,0,0.0,0.0,UNLABELED,,,
ZJ_U51_5K_E073_N678,5000,ZJ-HZB,L1-china2015-raster30m,2015,SILVER,0,0.0,0.0,UNLABELED,,,
ZJ_U51_5K_E073_N678,5000,ZJ-HZB,L2-cmssm2020-polygons,2020,WEAK,0,0.0,0.0,UNLABELED,,,
ZJ_U51_5K_E073_N678,5000,ZJ-HZB,L3-hangzhou-mask-2015,2015,WEAK,0,0.0,0.0,UNLABELED,,,
ZJ_U51_5K_E073_N678,5000,ZJ-HZB,L4-cmsa-polygons-2019,2019,WEAK,0,0.0,0.0,UNLABELED,,,
ZJ_U51_5K_E073_N678,5000,ZJ-HZB,L5-cmsa-polygons-2020,2020,WEAK,0,0.0,0.0,UNLABELED,,,
ZJ_U51_5K_E073_N678,5000,ZJ-HZB,L6-cmsa-polygons-2021,2021,WEAK,0,0.0,0.0,UNLABELED,,,
ZJ_U51_5K_E073_N679,5000,ZJ-HZB,L1-china2015-raster30m,2015,SILVER,0,0.0,0.0,UNLABELED,,,
ZJ_U51_5K_E073_N679,5000,ZJ-HZB,L2-cmssm2020-polygons,2020,WEAK,0,0.0,0.0,UNLABELED,,,
ZJ_U51_5K_E073_N679,5000,ZJ-HZB,L3-hangzhou-mask-2015,2015,WEAK,0,0.0,0.0,UNLABELED,,,
ZJ_U51_5K_E073_N679,5000,ZJ-HZB,L4-cmsa-polygons-2019,2019,WEAK,0,0.0,0.0,UNLABELED,,,
ZJ_U51_5K_E073_N679,5000,ZJ-HZB,L5-cmsa-polygons-2020,2020,WEAK,0,0.0,0.0,UNLABELED,,,
ZJ_U51_5K_E073_N679,5000,ZJ-HZB,L6-cmsa-polygons-2021,2021,WEAK,0,0.0,0.0,UNLABELED,,,
ZJ_U51_5K_E073_N680,5000,ZJ-HZB,L1-china2015-raster30m,2015,SILVER,0,0.0,0.0,UNLABELED,,,
ZJ_U51_5K_E073_N680,5000,ZJ-HZB,L2-cmssm2020-polygons,2020,WEAK,0,0.0,0.0,UNLABELED,,,
ZJ_U51_5K_E073_N680,5000,ZJ-HZB,L3-hangzhou-mask-2015,2015,WEAK,0,0.0,0.0,UNLABELED,,,
ZJ_U51_5K_E073_N680,5000,ZJ-HZB,L4-cmsa-polygons-2019,2019,WEAK,0,0.0,0.0,UNLABELED,,,
ZJ_U51_5K_E073_N680,5000,ZJ-HZB,L5-cmsa-polygons-2020,2020,WEAK,0,0.0,0.0,UNLABELED,,,
ZJ_U51_5K_E073_N680,5000,ZJ-HZB,L6-cmsa-polygons-2021,2021,WEAK,0,0.0,0.0,UNLABELED,,,
ZJ_U51_5K_E074_N641,5000,ZJ-SMB,L1-china2015-raster30m,2015,SILVER,263,0.2367,0.009468,SILVER,,,
ZJ_U51_5K_E074_N641,5000,ZJ-SMB,L2-cmssm2020-polygons,2020,WEAK,0,0.0,0.0,SILVER,,,
ZJ_U51_5K_E074_N641,5000,ZJ-SMB,L3-hangzhou-mask-2015,2015,WEAK,0,0.0,0.0,SILVER,,,
ZJ_U51_5K_E074_N641,5000,ZJ-SMB,L4-cmsa-polygons-2019,2019,WEAK,0,0.0,0.0,SILVER,,,
ZJ_U51_5K_E074_N641,5000,ZJ-SMB,L5-cmsa-polygons-2020,2020,WEAK,0,0.0,0.0,SILVER,,,
ZJ_U51_5K_E074_N641,5000,ZJ-SMB,L6-cmsa-polygons-2021,2021,WEAK,0,0.0,0.0,SILVER,,,
ZJ_U51_5K_E074_N642,5000,ZJ-SMB,L1-china2015-raster30m,2015,SILVER,65,0.0585,0.00234,SILVER,,,
ZJ_U51_5K_E074_N642,5000,ZJ-SMB,L2-cmssm2020-polygons,2020,WEAK,0,0.0,0.0,SILVER,,,
ZJ_U51_5K_E074_N642,5000,ZJ-SMB,L3-hangzhou-mask-2015,2015,WEAK,0,0.0,0.0,SILVER,,,
ZJ_U51_5K_E074_N642,5000,ZJ-SMB,L4-cmsa-polygons-2019,2019,WEAK,0,0.0,0.0,SILVER,,,
ZJ_U51_5K_E074_N642,5000,ZJ-SMB,L5-cmsa-polygons-2020,2020,WEAK,0,0.0,0.0,SILVER,,,
ZJ_U51_5K_E074_N642,5000,ZJ-SMB,L6-cmsa-polygons-2021,2021,WEAK,0,0.0,0.0,SILVER,,,
ZJ_U51_5K_E074_N643,5000,ZJ-SMB,L1-china2015-raster30m,2015,SILVER,239,0.2151,0.008604,SILVER,,,
ZJ_U51_5K_E074_N643,5000,ZJ-SMB,L2-cmssm2020-polygons,2020,WEAK,0,0.0,0.0,SILVER,,,
ZJ_U51_5K_E074_N643,5000,ZJ-SMB,L3-hangzhou-mask-2015,2015,WEAK,0,0.0,0.0,SILVER,,,
ZJ_U51_5K_E074_N643,5000,ZJ-SMB,L4-cmsa-polygons-2019,2019,WEAK,0,0.0,0.0,SILVER,,,
ZJ_U51_5K_E074_N643,5000,ZJ-SMB,L5-cmsa-polygons-2020,2020,WEAK,0,0.0,0.0,SILVER,,,
ZJ_U51_5K_E074_N643,5000,ZJ-SMB,L6-cmsa-polygons-2021,2021,WEAK,0,0.0,0.0,SILVER,,,
ZJ_U51_5K_E074_N644,5000,ZJ-SMB,L1-china2015-raster30m,2015,SILVER,528,0.4752,0.019008,SILVER,,,
ZJ_U51_5K_E074_N644,5000,ZJ-SMB,L2-cmssm2020-polygons,2020,WEAK,0,0.0,0.0,SILVER,,,
ZJ_U51_5K_E074_N644,5000,ZJ-SMB,L3-hangzhou-mask-2015,2015,WEAK,0,0.0,0.0,SILVER,,,
ZJ_U51_5K_E074_N644,5000,ZJ-SMB,L4-cmsa-polygons-2019,2019,WEAK,0,0.0,0.0,SILVER,,,
ZJ_U51_5K_E074_N644,5000,ZJ-SMB,L5-cmsa-polygons-2020,2020,WEAK,0,0.0,0.0,SILVER,,,
ZJ_U51_5K_E074_N644,5000,ZJ-SMB,L6-cmsa-polygons-2021,2021,WEAK,0,0.0,0.0,SILVER,,,
ZJ_U51_5K_E074_N645,5000,ZJ-SMB,L1-china2015-raster30m,2015,SILVER,218,0.1962,0.007848,SILVER,,,
ZJ_U51_5K_E074_N645,5000,ZJ-SMB,L2-cmssm2020-polygons,2020,WEAK,0,0.0,0.0,SILVER,,,
ZJ_U51_5K_E074_N645,5000,ZJ-SMB,L3-hangzhou-mask-2015,2015,WEAK,0,0.0,0.0,SILVER,,,
ZJ_U51_5K_E074_N645,5000,ZJ-SMB,L4-cmsa-polygons-2019,2019,WEAK,0,0.0,0.0,SILVER,,,
ZJ_U51_5K_E074_N645,5000,ZJ-SMB,L5-cmsa-polygons-2020,2020,WEAK,0,0.0,0.0,SILVER,,,
ZJ_U51_5K_E074_N645,5000,ZJ-SMB,L6-cmsa-polygons-2021,2021,WEAK,0,0.0,0.0,SILVER,,,
ZJ_U51_5K_E074_N646,5000,ZJ-SMB,L1-china2015-raster30m,2015,SILVER,0,0.0,0.0,UNLABELED,,,
ZJ_U51_5K_E074_N646,5000,ZJ-SMB,L2-cmssm2020-polygons,2020,WEAK,0,0.0,0.0,UNLABELED,,,
ZJ_U51_5K_E074_N646,5000,ZJ-SMB,L3-hangzhou-mask-2015,2015,WEAK,0,0.0,0.0,UNLABELED,,,
ZJ_U51_5K_E074_N646,5000,ZJ-SMB,L4-cmsa-polygons-2019,2019,WEAK,0,0.0,0.0,UNLABELED,,,
ZJ_U51_5K_E074_N646,5000,ZJ-SMB,L5-cmsa-polygons-2020,2020,WEAK,0,0.0,0.0,UNLABELED,,,
ZJ_U51_5K_E074_N646,5000,ZJ-SMB,L6-cmsa-polygons-2021,2021,WEAK,0,0.0,0.0,UNLABELED,,,
ZJ_U51_5K_E074_N647,5000,ZJ-SMB,L1-china2015-raster30m,2015,SILVER,0,0.0,0.0,UNLABELED,,,
ZJ_U51_5K_E074_N647,5000,ZJ-SMB,L2-cmssm2020-polygons,2020,WEAK,0,0.0,0.0,UNLABELED,,,
ZJ_U51_5K_E074_N647,5000,ZJ-SMB,L3-hangzhou-mask-2015,2015,WEAK,0,0.0,0.0,UNLABELED,,,
ZJ_U51_5K_E074_N647,5000,ZJ-SMB,L4-cmsa-polygons-2019,2019,WEAK,0,0.0,0.0,UNLABELED,,,
ZJ_U51_5K_E074_N647,5000,ZJ-SMB,L5-cmsa-polygons-2020,2020,WEAK,0,0.0,0.0,UNLABELED,,,
ZJ_U51_5K_E074_N647,5000,ZJ-SMB,L6-cmsa-polygons-2021,2021,WEAK,0,0.0,0.0,UNLABELED,,,
ZJ_U51_5K_E074_N648,5000,ZJ-SMB,L1-china2015-raster30m,2015,SILVER,0,0.0,0.0,UNLABELED,,,
ZJ_U51_5K_E074_N648,5000,ZJ-SMB,L2-cmssm2020-polygons,2020,WEAK,0,0.0,0.0,UNLABELED,,,
ZJ_U51_5K_E074_N648,5000,ZJ-SMB,L3-hangzhou-mask-2015,2015,WEAK,0,0.0,0.0,UNLABELED,,,
ZJ_U51_5K_E074_N648,5000,ZJ-SMB,L4-cmsa-polygons-2019,2019,WEAK,0,0.0,0.0,UNLABELED,,,
ZJ_U51_5K_E074_N648,5000,ZJ-SMB,L5-cmsa-polygons-2020,2020,WEAK,0,0.0,0.0,UNLABELED,,,
ZJ_U51_5K_E074_N648,5000,ZJ-SMB,L6-cmsa-polygons-2021,2021,WEAK,0,0.0,0.0,UNLABELED,,,
ZJ_U51_5K_E074_N663,5000,ZJ-HZB,L1-china2015-raster30m,2015,SILVER,0,0.0,0.0,UNLABELED,,,
ZJ_U51_5K_E074_N663,5000,ZJ-HZB,L2-cmssm2020-polygons,2020,WEAK,0,0.0,0.0,UNLABELED,,,
ZJ_U51_5K_E074_N663,5000,ZJ-HZB,L3-hangzhou-mask-2015,2015,WEAK,0,0.0,0.0,UNLABELED,,,
ZJ_U51_5K_E074_N663,5000,ZJ-HZB,L4-cmsa-polygons-2019,2019,WEAK,0,0.0,0.0,UNLABELED,,,
ZJ_U51_5K_E074_N663,5000,ZJ-HZB,L5-cmsa-polygons-2020,2020,WEAK,0,0.0,0.0,UNLABELED,,,
ZJ_U51_5K_E074_N663,5000,ZJ-HZB,L6-cmsa-polygons-2021,2021,WEAK,0,0.0,0.0,UNLABELED,,,
ZJ_U51_5K_E074_N664,5000,ZJ-HZB,L1-china2015-raster30m,2015,SILVER,977,0.8793,0.035172,SILVER,,,
ZJ_U51_5K_E074_N664,5000,ZJ-HZB,L2-cmssm2020-polygons,2020,WEAK,0,0.0,0.0,SILVER,,,
ZJ_U51_5K_E074_N664,5000,ZJ-HZB,L3-hangzhou-mask-2015,2015,WEAK,0,0.0,0.0,SILVER,,,
ZJ_U51_5K_E074_N664,5000,ZJ-HZB,L4-cmsa-polygons-2019,2019,WEAK,0,0.0,0.0,SILVER,,,
ZJ_U51_5K_E074_N664,5000,ZJ-HZB,L5-cmsa-polygons-2020,2020,WEAK,0,0.0,0.0,SILVER,,,
ZJ_U51_5K_E074_N664,5000,ZJ-HZB,L6-cmsa-polygons-2021,2021,WEAK,0,0.0,0.0,SILVER,,,
ZJ_U51_5K_E074_N665,5000,ZJ-HZB,L1-china2015-raster30m,2015,SILVER,0,0.0,0.0,UNLABELED,,,
ZJ_U51_5K_E074_N665,5000,ZJ-HZB,L2-cmssm2020-polygons,2020,WEAK,0,0.0,0.0,UNLABELED,,,
ZJ_U51_5K_E074_N665,5000,ZJ-HZB,L3-hangzhou-mask-2015,2015,WEAK,0,0.0,0.0,UNLABELED,,,
ZJ_U51_5K_E074_N665,5000,ZJ-HZB,L4-cmsa-polygons-2019,2019,WEAK,0,0.0,0.0,UNLABELED,,,
ZJ_U51_5K_E074_N665,5000,ZJ-HZB,L5-cmsa-polygons-2020,2020,WEAK,0,0.0,0.0,UNLABELED,,,
ZJ_U51_5K_E074_N665,5000,ZJ-HZB,L6-cmsa-polygons-2021,2021,WEAK,0,0.0,0.0,UNLABELED,,,
ZJ_U51_5K_E074_N666,5000,ZJ-HZB,L1-china2015-raster30m,2015,SILVER,0,0.0,0.0,UNLABELED,,,
ZJ_U51_5K_E074_N666,5000,ZJ-HZB,L2-cmssm2020-polygons,2020,WEAK,0,0.0,0.0,UNLABELED,,,
ZJ_U51_5K_E074_N666,5000,ZJ-HZB,L3-hangzhou-mask-2015,2015,WEAK,0,0.0,0.0,UNLABELED,,,
ZJ_U51_5K_E074_N666,5000,ZJ-HZB,L4-cmsa-polygons-2019,2019,WEAK,0,0.0,0.0,UNLABELED,,,
ZJ_U51_5K_E074_N666,5000,ZJ-HZB,L5-cmsa-polygons-2020,2020,WEAK,0,0.0,0.0,UNLABELED,,,
ZJ_U51_5K_E074_N666,5000,ZJ-HZB,L6-cmsa-polygons-2021,2021,WEAK,0,0.0,0.0,UNLABELED,,,
ZJ_U51_5K_E074_N667,5000,ZJ-HZB,L1-china2015-raster30m,2015,SILVER,0,0.0,0.0,UNLABELED,,,
ZJ_U51_5K_E074_N667,5000,ZJ-HZB,L2-cmssm2020-polygons,2020,WEAK,0,0.0,0.0,UNLABELED,,,
ZJ_U51_5K_E074_N667,5000,ZJ-HZB,L3-hangzhou-mask-2015,2015,WEAK,0,0.0,0.0,UNLABELED,,,
ZJ_U51_5K_E074_N667,5000,ZJ-HZB,L4-cmsa-polygons-2019,2019,WEAK,0,0.0,0.0,UNLABELED,,,
ZJ_U51_5K_E074_N667,5000,ZJ-HZB,L5-cmsa-polygons-2020,2020,WEAK,0,0.0,0.0,UNLABELED,,,
ZJ_U51_5K_E074_N667,5000,ZJ-HZB,L6-cmsa-polygons-2021,2021,WEAK,0,0.0,0.0,UNLABELED,,,
ZJ_U51_5K_E074_N668,5000,ZJ-HZB,L1-china2015-raster30m,2015,SILVER,0,0.0,0.0,UNLABELED,,,
ZJ_U51_5K_E074_N668,5000,ZJ-HZB,L2-cmssm2020-polygons,2020,WEAK,0,0.0,0.0,UNLABELED,,,
ZJ_U51_5K_E074_N668,5000,ZJ-HZB,L3-hangzhou-mask-2015,2015,WEAK,0,0.0,0.0,UNLABELED,,,
ZJ_U51_5K_E074_N668,5000,ZJ-HZB,L4-cmsa-polygons-2019,2019,WEAK,0,0.0,0.0,UNLABELED,,,
ZJ_U51_5K_E074_N668,5000,ZJ-HZB,L5-cmsa-polygons-2020,2020,WEAK,0,0.0,0.0,UNLABELED,,,
ZJ_U51_5K_E074_N668,5000,ZJ-HZB,L6-cmsa-polygons-2021,2021,WEAK,0,0.0,0.0,UNLABELED,,,
ZJ_U51_5K_E074_N669,5000,ZJ-HZB,L1-china2015-raster30m,2015,SILVER,0,0.0,0.0,UNLABELED,,,
ZJ_U51_5K_E074_N669,5000,ZJ-HZB,L2-cmssm2020-polygons,2020,WEAK,0,0.0,0.0,UNLABELED,,,
ZJ_U51_5K_E074_N669,5000,ZJ-HZB,L3-hangzhou-mask-2015,2015,WEAK,0,0.0,0.0,UNLABELED,,,
ZJ_U51_5K_E074_N669,5000,ZJ-HZB,L4-cmsa-polygons-2019,2019,WEAK,0,0.0,0.0,UNLABELED,,,
ZJ_U51_5K_E074_N669,5000,ZJ-HZB,L5-cmsa-polygons-2020,2020,WEAK,0,0.0,0.0,UNLABELED,,,
ZJ_U51_5K_E074_N669,5000,ZJ-HZB,L6-cmsa-polygons-2021,2021,WEAK,0,0.0,0.0,UNLABELED,,,
ZJ_U51_5K_E074_N670,5000,ZJ-HZB,L1-china2015-raster30m,2015,SILVER,0,0.0,0.0,UNLABELED,,,
ZJ_U51_5K_E074_N670,5000,ZJ-HZB,L2-cmssm2020-polygons,2020,WEAK,0,0.0,0.0,UNLABELED,,,
ZJ_U51_5K_E074_N670,5000,ZJ-HZB,L3-hangzhou-mask-2015,2015,WEAK,0,0.0,0.0,UNLABELED,,,
ZJ_U51_5K_E074_N670,5000,ZJ-HZB,L4-cmsa-polygons-2019,2019,WEAK,0,0.0,0.0,UNLABELED,,,
ZJ_U51_5K_E074_N670,5000,ZJ-HZB,L5-cmsa-polygons-2020,2020,WEAK,0,0.0,0.0,UNLABELED,,,
ZJ_U51_5K_E074_N670,5000,ZJ-HZB,L6-cmsa-polygons-2021,2021,WEAK,0,0.0,0.0,UNLABELED,,,
ZJ_U51_5K_E074_N671,5000,ZJ-HZB,L1-china2015-raster30m,2015,SILVER,0,0.0,0.0,UNLABELED,,,
ZJ_U51_5K_E074_N671,5000,ZJ-HZB,L2-cmssm2020-polygons,2020,WEAK,0,0.0,0.0,UNLABELED,,,
ZJ_U51_5K_E074_N671,5000,ZJ-HZB,L3-hangzhou-mask-2015,2015,WEAK,0,0.0,0.0,UNLABELED,,,
ZJ_U51_5K_E074_N671,5000,ZJ-HZB,L4-cmsa-polygons-2019,2019,WEAK,0,0.0,0.0,UNLABELED,,,
ZJ_U51_5K_E074_N671,5000,ZJ-HZB,L5-cmsa-polygons-2020,2020,WEAK,0,0.0,0.0,UNLABELED,,,
ZJ_U51_5K_E074_N671,5000,ZJ-HZB,L6-cmsa-polygons-2021,2021,WEAK,0,0.0,0.0,UNLABELED,,,
ZJ_U51_5K_E074_N672,5000,ZJ-HZB,L1-china2015-raster30m,2015,SILVER,0,0.0,0.0,UNLABELED,,,
ZJ_U51_5K_E074_N672,5000,ZJ-HZB,L2-cmssm2020-polygons,2020,WEAK,0,0.0,0.0,UNLABELED,,,
ZJ_U51_5K_E074_N672,5000,ZJ-HZB,L3-hangzhou-mask-2015,2015,WEAK,0,0.0,0.0,UNLABELED,,,
ZJ_U51_5K_E074_N672,5000,ZJ-HZB,L4-cmsa-polygons-2019,2019,WEAK,0,0.0,0.0,UNLABELED,,,
ZJ_U51_5K_E074_N672,5000,ZJ-HZB,L5-cmsa-polygons-2020,2020,WEAK,0,0.0,0.0,UNLABELED,,,
ZJ_U51_5K_E074_N672,5000,ZJ-HZB,L6-cmsa-polygons-2021,2021,WEAK,0,0.0,0.0,UNLABELED,,,
ZJ_U51_5K_E074_N673,5000,ZJ-HZB,L1-china2015-raster30m,2015,SILVER,0,0.0,0.0,UNLABELED,,,
ZJ_U51_5K_E074_N673,5000,ZJ-HZB,L2-cmssm2020-polygons,2020,WEAK,0,0.0,0.0,UNLABELED,,,
ZJ_U51_5K_E074_N673,5000,ZJ-HZB,L3-hangzhou-mask-2015,2015,WEAK,0,0.0,0.0,UNLABELED,,,
ZJ_U51_5K_E074_N673,5000,ZJ-HZB,L4-cmsa-polygons-2019,2019,WEAK,0,0.0,0.0,UNLABELED,,,
ZJ_U51_5K_E074_N673,5000,ZJ-HZB,L5-cmsa-polygons-2020,2020,WEAK,0,0.0,0.0,UNLABELED,,,
ZJ_U51_5K_E074_N673,5000,ZJ-HZB,L6-cmsa-polygons-2021,2021,WEAK,0,0.0,0.0,UNLABELED,,,
ZJ_U51_5K_E074_N674,5000,ZJ-HZB,L1-china2015-raster30m,2015,SILVER,0,0.0,0.0,UNLABELED,,,
ZJ_U51_5K_E074_N674,5000,ZJ-HZB,L2-cmssm2020-polygons,2020,WEAK,0,0.0,0.0,UNLABELED,,,
ZJ_U51_5K_E074_N674,5000,ZJ-HZB,L3-hangzhou-mask-2015,2015,WEAK,0,0.0,0.0,UNLABELED,,,
ZJ_U51_5K_E074_N674,5000,ZJ-HZB,L4-cmsa-polygons-2019,2019,WEAK,0,0.0,0.0,UNLABELED,,,
ZJ_U51_5K_E074_N674,5000,ZJ-HZB,L5-cmsa-polygons-2020,2020,WEAK,0,0.0,0.0,UNLABELED,,,
ZJ_U51_5K_E074_N674,5000,ZJ-HZB,L6-cmsa-polygons-2021,2021,WEAK,0,0.0,0.0,UNLABELED,,,
ZJ_U51_5K_E074_N675,5000,ZJ-HZB,L1-china2015-raster30m,2015,SILVER,0,0.0,0.0,UNLABELED,,,
ZJ_U51_5K_E074_N675,5000,ZJ-HZB,L2-cmssm2020-polygons,2020,WEAK,0,0.0,0.0,UNLABELED,,,
ZJ_U51_5K_E074_N675,5000,ZJ-HZB,L3-hangzhou-mask-2015,2015,WEAK,0,0.0,0.0,UNLABELED,,,
ZJ_U51_5K_E074_N675,5000,ZJ-HZB,L4-cmsa-polygons-2019,2019,WEAK,0,0.0,0.0,UNLABELED,,,
ZJ_U51_5K_E074_N675,5000,ZJ-HZB,L5-cmsa-polygons-2020,2020,WEAK,0,0.0,0.0,UNLABELED,,,
ZJ_U51_5K_E074_N675,5000,ZJ-HZB,L6-cmsa-polygons-2021,2021,WEAK,0,0.0,0.0,UNLABELED,,,
ZJ_U51_5K_E074_N676,5000,ZJ-HZB,L1-china2015-raster30m,2015,SILVER,0,0.0,0.0,UNLABELED,,,
ZJ_U51_5K_E074_N676,5000,ZJ-HZB,L2-cmssm2020-polygons,2020,WEAK,0,0.0,0.0,UNLABELED,,,
ZJ_U51_5K_E074_N676,5000,ZJ-HZB,L3-hangzhou-mask-2015,2015,WEAK,0,0.0,0.0,UNLABELED,,,
ZJ_U51_5K_E074_N676,5000,ZJ-HZB,L4-cmsa-polygons-2019,2019,WEAK,0,0.0,0.0,UNLABELED,,,
ZJ_U51_5K_E074_N676,5000,ZJ-HZB,L5-cmsa-polygons-2020,2020,WEAK,0,0.0,0.0,UNLABELED,,,
ZJ_U51_5K_E074_N676,5000,ZJ-HZB,L6-cmsa-polygons-2021,2021,WEAK,0,0.0,0.0,UNLABELED,,,
ZJ_U51_5K_E074_N677,5000,ZJ-HZB,L1-china2015-raster30m,2015,SILVER,0,0.0,0.0,UNLABELED,,,
ZJ_U51_5K_E074_N677,5000,ZJ-HZB,L2-cmssm2020-polygons,2020,WEAK,0,0.0,0.0,UNLABELED,,,
ZJ_U51_5K_E074_N677,5000,ZJ-HZB,L3-hangzhou-mask-2015,2015,WEAK,0,0.0,0.0,UNLABELED,,,
ZJ_U51_5K_E074_N677,5000,ZJ-HZB,L4-cmsa-polygons-2019,2019,WEAK,0,0.0,0.0,UNLABELED,,,
ZJ_U51_5K_E074_N677,5000,ZJ-HZB,L5-cmsa-polygons-2020,2020,WEAK,0,0.0,0.0,UNLABELED,,,
ZJ_U51_5K_E074_N677,5000,ZJ-HZB,L6-cmsa-polygons-2021,2021,WEAK,0,0.0,0.0,UNLABELED,,,
ZJ_U51_5K_E074_N678,5000,ZJ-HZB,L1-china2015-raster30m,2015,SILVER,0,0.0,0.0,UNLABELED,,,
ZJ_U51_5K_E074_N678,5000,ZJ-HZB,L2-cmssm2020-polygons,2020,WEAK,0,0.0,0.0,UNLABELED,,,
ZJ_U51_5K_E074_N678,5000,ZJ-HZB,L3-hangzhou-mask-2015,2015,WEAK,0,0.0,0.0,UNLABELED,,,
ZJ_U51_5K_E074_N678,5000,ZJ-HZB,L4-cmsa-polygons-2019,2019,WEAK,0,0.0,0.0,UNLABELED,,,
ZJ_U51_5K_E074_N678,5000,ZJ-HZB,L5-cmsa-polygons-2020,2020,WEAK,0,0.0,0.0,UNLABELED,,,
ZJ_U51_5K_E074_N678,5000,ZJ-HZB,L6-cmsa-polygons-2021,2021,WEAK,0,0.0,0.0,UNLABELED,,,
ZJ_U51_5K_E074_N679,5000,ZJ-HZB,L1-china2015-raster30m,2015,SILVER,0,0.0,0.0,UNLABELED,,,
ZJ_U51_5K_E074_N679,5000,ZJ-HZB,L2-cmssm2020-polygons,2020,WEAK,0,0.0,0.0,UNLABELED,,,
ZJ_U51_5K_E074_N679,5000,ZJ-HZB,L3-hangzhou-mask-2015,2015,WEAK,0,0.0,0.0,UNLABELED,,,
ZJ_U51_5K_E074_N679,5000,ZJ-HZB,L4-cmsa-polygons-2019,2019,WEAK,0,0.0,0.0,UNLABELED,,,
ZJ_U51_5K_E074_N679,5000,ZJ-HZB,L5-cmsa-polygons-2020,2020,WEAK,0,0.0,0.0,UNLABELED,,,
ZJ_U51_5K_E074_N679,5000,ZJ-HZB,L6-cmsa-polygons-2021,2021,WEAK,0,0.0,0.0,UNLABELED,,,
ZJ_U51_5K_E074_N680,5000,ZJ-HZB,L1-china2015-raster30m,2015,SILVER,0,0.0,0.0,UNLABELED,,,
ZJ_U51_5K_E074_N680,5000,ZJ-HZB,L2-cmssm2020-polygons,2020,WEAK,0,0.0,0.0,UNLABELED,,,
ZJ_U51_5K_E074_N680,5000,ZJ-HZB,L3-hangzhou-mask-2015,2015,WEAK,0,0.0,0.0,UNLABELED,,,
ZJ_U51_5K_E074_N680,5000,ZJ-HZB,L4-cmsa-polygons-2019,2019,WEAK,0,0.0,0.0,UNLABELED,,,
ZJ_U51_5K_E074_N680,5000,ZJ-HZB,L5-cmsa-polygons-2020,2020,WEAK,0,0.0,0.0,UNLABELED,,,
ZJ_U51_5K_E074_N680,5000,ZJ-HZB,L6-cmsa-polygons-2021,2021,WEAK,0,0.0,0.0,UNLABELED,,,
ZJ_U51_5K_E074_N681,5000,ZJ-HZB,L1-china2015-raster30m,2015,SILVER,0,0.0,0.0,UNLABELED,,,
ZJ_U51_5K_E074_N681,5000,ZJ-HZB,L2-cmssm2020-polygons,2020,WEAK,0,0.0,0.0,UNLABELED,,,
ZJ_U51_5K_E074_N681,5000,ZJ-HZB,L3-hangzhou-mask-2015,2015,WEAK,0,0.0,0.0,UNLABELED,,,
ZJ_U51_5K_E074_N681,5000,ZJ-HZB,L4-cmsa-polygons-2019,2019,WEAK,0,0.0,0.0,UNLABELED,,,
ZJ_U51_5K_E074_N681,5000,ZJ-HZB,L5-cmsa-polygons-2020,2020,WEAK,0,0.0,0.0,UNLABELED,,,
ZJ_U51_5K_E074_N681,5000,ZJ-HZB,L6-cmsa-polygons-2021,2021,WEAK,0,0.0,0.0,UNLABELED,,,
ZJ_U51_5K_E075_N641,5000,ZJ-SMB,L1-china2015-raster30m,2015,SILVER,0,0.0,0.0,UNLABELED,,,
ZJ_U51_5K_E075_N641,5000,ZJ-SMB,L2-cmssm2020-polygons,2020,WEAK,0,0.0,0.0,UNLABELED,,,
ZJ_U51_5K_E075_N641,5000,ZJ-SMB,L3-hangzhou-mask-2015,2015,WEAK,0,0.0,0.0,UNLABELED,,,
ZJ_U51_5K_E075_N641,5000,ZJ-SMB,L4-cmsa-polygons-2019,2019,WEAK,0,0.0,0.0,UNLABELED,,,
ZJ_U51_5K_E075_N641,5000,ZJ-SMB,L5-cmsa-polygons-2020,2020,WEAK,0,0.0,0.0,UNLABELED,,,
ZJ_U51_5K_E075_N641,5000,ZJ-SMB,L6-cmsa-polygons-2021,2021,WEAK,0,0.0,0.0,UNLABELED,,,
ZJ_U51_5K_E075_N642,5000,ZJ-SMB,L1-china2015-raster30m,2015,SILVER,0,0.0,0.0,UNLABELED,,,
ZJ_U51_5K_E075_N642,5000,ZJ-SMB,L2-cmssm2020-polygons,2020,WEAK,0,0.0,0.0,UNLABELED,,,
ZJ_U51_5K_E075_N642,5000,ZJ-SMB,L3-hangzhou-mask-2015,2015,WEAK,0,0.0,0.0,UNLABELED,,,
ZJ_U51_5K_E075_N642,5000,ZJ-SMB,L4-cmsa-polygons-2019,2019,WEAK,0,0.0,0.0,UNLABELED,,,
ZJ_U51_5K_E075_N642,5000,ZJ-SMB,L5-cmsa-polygons-2020,2020,WEAK,0,0.0,0.0,UNLABELED,,,
ZJ_U51_5K_E075_N642,5000,ZJ-SMB,L6-cmsa-polygons-2021,2021,WEAK,0,0.0,0.0,UNLABELED,,,
ZJ_U51_5K_E075_N643,5000,ZJ-SMB,L1-china2015-raster30m,2015,SILVER,26,0.0234,0.000936,SILVER,,,
ZJ_U51_5K_E075_N643,5000,ZJ-SMB,L2-cmssm2020-polygons,2020,WEAK,0,0.0,0.0,SILVER,,,
ZJ_U51_5K_E075_N643,5000,ZJ-SMB,L3-hangzhou-mask-2015,2015,WEAK,0,0.0,0.0,SILVER,,,
ZJ_U51_5K_E075_N643,5000,ZJ-SMB,L4-cmsa-polygons-2019,2019,WEAK,0,0.0,0.0,SILVER,,,
ZJ_U51_5K_E075_N643,5000,ZJ-SMB,L5-cmsa-polygons-2020,2020,WEAK,0,0.0,0.0,SILVER,,,
ZJ_U51_5K_E075_N643,5000,ZJ-SMB,L6-cmsa-polygons-2021,2021,WEAK,0,0.0,0.0,SILVER,,,
ZJ_U51_5K_E075_N644,5000,ZJ-SMB,L1-china2015-raster30m,2015,SILVER,23,0.0207,0.000828,SILVER,,,
ZJ_U51_5K_E075_N644,5000,ZJ-SMB,L2-cmssm2020-polygons,2020,WEAK,0,0.0,0.0,SILVER,,,
ZJ_U51_5K_E075_N644,5000,ZJ-SMB,L3-hangzhou-mask-2015,2015,WEAK,0,0.0,0.0,SILVER,,,
ZJ_U51_5K_E075_N644,5000,ZJ-SMB,L4-cmsa-polygons-2019,2019,WEAK,0,0.0,0.0,SILVER,,,
ZJ_U51_5K_E075_N644,5000,ZJ-SMB,L5-cmsa-polygons-2020,2020,WEAK,0,0.0,0.0,SILVER,,,
ZJ_U51_5K_E075_N644,5000,ZJ-SMB,L6-cmsa-polygons-2021,2021,WEAK,0,0.0,0.0,SILVER,,,
ZJ_U51_5K_E075_N645,5000,ZJ-SMB,L1-china2015-raster30m,2015,SILVER,279,0.2511,0.010044,SILVER,,,
ZJ_U51_5K_E075_N645,5000,ZJ-SMB,L2-cmssm2020-polygons,2020,WEAK,0,0.0,0.0,SILVER,,,
ZJ_U51_5K_E075_N645,5000,ZJ-SMB,L3-hangzhou-mask-2015,2015,WEAK,0,0.0,0.0,SILVER,,,
ZJ_U51_5K_E075_N645,5000,ZJ-SMB,L4-cmsa-polygons-2019,2019,WEAK,0,0.0,0.0,SILVER,,,
ZJ_U51_5K_E075_N645,5000,ZJ-SMB,L5-cmsa-polygons-2020,2020,WEAK,0,0.0,0.0,SILVER,,,
ZJ_U51_5K_E075_N645,5000,ZJ-SMB,L6-cmsa-polygons-2021,2021,WEAK,0,0.0,0.0,SILVER,,,
ZJ_U51_5K_E075_N646,5000,ZJ-SMB,L1-china2015-raster30m,2015,SILVER,216,0.1944,0.007776,SILVER,,,
ZJ_U51_5K_E075_N646,5000,ZJ-SMB,L2-cmssm2020-polygons,2020,WEAK,0,0.0,0.0,SILVER,,,
ZJ_U51_5K_E075_N646,5000,ZJ-SMB,L3-hangzhou-mask-2015,2015,WEAK,0,0.0,0.0,SILVER,,,
ZJ_U51_5K_E075_N646,5000,ZJ-SMB,L4-cmsa-polygons-2019,2019,WEAK,0,0.0,0.0,SILVER,,,
ZJ_U51_5K_E075_N646,5000,ZJ-SMB,L5-cmsa-polygons-2020,2020,WEAK,0,0.0,0.0,SILVER,,,
ZJ_U51_5K_E075_N646,5000,ZJ-SMB,L6-cmsa-polygons-2021,2021,WEAK,0,0.0,0.0,SILVER,,,
ZJ_U51_5K_E075_N647,5000,ZJ-SMB,L1-china2015-raster30m,2015,SILVER,0,0.0,0.0,UNLABELED,,,
ZJ_U51_5K_E075_N647,5000,ZJ-SMB,L2-cmssm2020-polygons,2020,WEAK,0,0.0,0.0,UNLABELED,,,
ZJ_U51_5K_E075_N647,5000,ZJ-SMB,L3-hangzhou-mask-2015,2015,WEAK,0,0.0,0.0,UNLABELED,,,
ZJ_U51_5K_E075_N647,5000,ZJ-SMB,L4-cmsa-polygons-2019,2019,WEAK,0,0.0,0.0,UNLABELED,,,
ZJ_U51_5K_E075_N647,5000,ZJ-SMB,L5-cmsa-polygons-2020,2020,WEAK,0,0.0,0.0,UNLABELED,,,
ZJ_U51_5K_E075_N647,5000,ZJ-SMB,L6-cmsa-polygons-2021,2021,WEAK,0,0.0,0.0,UNLABELED,,,
ZJ_U51_5K_E075_N663,5000,ZJ-HZB,L1-china2015-raster30m,2015,SILVER,402,0.3618,0.014472,SILVER,,,
ZJ_U51_5K_E075_N663,5000,ZJ-HZB,L2-cmssm2020-polygons,2020,WEAK,0,0.0,0.0,SILVER,,,
ZJ_U51_5K_E075_N663,5000,ZJ-HZB,L3-hangzhou-mask-2015,2015,WEAK,0,0.0,0.0,SILVER,,,
ZJ_U51_5K_E075_N663,5000,ZJ-HZB,L4-cmsa-polygons-2019,2019,WEAK,0,0.0,0.0,SILVER,,,
ZJ_U51_5K_E075_N663,5000,ZJ-HZB,L5-cmsa-polygons-2020,2020,WEAK,0,0.0,0.0,SILVER,,,
ZJ_U51_5K_E075_N663,5000,ZJ-HZB,L6-cmsa-polygons-2021,2021,WEAK,0,0.0,0.0,SILVER,,,
ZJ_U51_5K_E075_N664,5000,ZJ-HZB,L1-china2015-raster30m,2015,SILVER,0,0.0,0.0,UNLABELED,,,
ZJ_U51_5K_E075_N664,5000,ZJ-HZB,L2-cmssm2020-polygons,2020,WEAK,0,0.0,0.0,UNLABELED,,,
ZJ_U51_5K_E075_N664,5000,ZJ-HZB,L3-hangzhou-mask-2015,2015,WEAK,0,0.0,0.0,UNLABELED,,,
ZJ_U51_5K_E075_N664,5000,ZJ-HZB,L4-cmsa-polygons-2019,2019,WEAK,0,0.0,0.0,UNLABELED,,,
ZJ_U51_5K_E075_N664,5000,ZJ-HZB,L5-cmsa-polygons-2020,2020,WEAK,0,0.0,0.0,UNLABELED,,,
ZJ_U51_5K_E075_N664,5000,ZJ-HZB,L6-cmsa-polygons-2021,2021,WEAK,0,0.0,0.0,UNLABELED,,,
ZJ_U51_5K_E075_N665,5000,ZJ-HZB,L1-china2015-raster30m,2015,SILVER,0,0.0,0.0,UNLABELED,,,
ZJ_U51_5K_E075_N665,5000,ZJ-HZB,L2-cmssm2020-polygons,2020,WEAK,0,0.0,0.0,UNLABELED,,,
ZJ_U51_5K_E075_N665,5000,ZJ-HZB,L3-hangzhou-mask-2015,2015,WEAK,0,0.0,0.0,UNLABELED,,,
ZJ_U51_5K_E075_N665,5000,ZJ-HZB,L4-cmsa-polygons-2019,2019,WEAK,0,0.0,0.0,UNLABELED,,,
ZJ_U51_5K_E075_N665,5000,ZJ-HZB,L5-cmsa-polygons-2020,2020,WEAK,0,0.0,0.0,UNLABELED,,,
ZJ_U51_5K_E075_N665,5000,ZJ-HZB,L6-cmsa-polygons-2021,2021,WEAK,0,0.0,0.0,UNLABELED,,,
ZJ_U51_5K_E075_N666,5000,ZJ-HZB,L1-china2015-raster30m,2015,SILVER,0,0.0,0.0,UNLABELED,,,
ZJ_U51_5K_E075_N666,5000,ZJ-HZB,L2-cmssm2020-polygons,2020,WEAK,0,0.0,0.0,UNLABELED,,,
ZJ_U51_5K_E075_N666,5000,ZJ-HZB,L3-hangzhou-mask-2015,2015,WEAK,0,0.0,0.0,UNLABELED,,,
ZJ_U51_5K_E075_N666,5000,ZJ-HZB,L4-cmsa-polygons-2019,2019,WEAK,0,0.0,0.0,UNLABELED,,,
ZJ_U51_5K_E075_N666,5000,ZJ-HZB,L5-cmsa-polygons-2020,2020,WEAK,0,0.0,0.0,UNLABELED,,,
ZJ_U51_5K_E075_N666,5000,ZJ-HZB,L6-cmsa-polygons-2021,2021,WEAK,0,0.0,0.0,UNLABELED,,,
ZJ_U51_5K_E075_N667,5000,ZJ-HZB,L1-china2015-raster30m,2015,SILVER,0,0.0,0.0,UNLABELED,,,
ZJ_U51_5K_E075_N667,5000,ZJ-HZB,L2-cmssm2020-polygons,2020,WEAK,0,0.0,0.0,UNLABELED,,,
ZJ_U51_5K_E075_N667,5000,ZJ-HZB,L3-hangzhou-mask-2015,2015,WEAK,0,0.0,0.0,UNLABELED,,,
ZJ_U51_5K_E075_N667,5000,ZJ-HZB,L4-cmsa-polygons-2019,2019,WEAK,0,0.0,0.0,UNLABELED,,,
ZJ_U51_5K_E075_N667,5000,ZJ-HZB,L5-cmsa-polygons-2020,2020,WEAK,0,0.0,0.0,UNLABELED,,,
ZJ_U51_5K_E075_N667,5000,ZJ-HZB,L6-cmsa-polygons-2021,2021,WEAK,0,0.0,0.0,UNLABELED,,,
ZJ_U51_5K_E075_N668,5000,ZJ-HZB,L1-china2015-raster30m,2015,SILVER,0,0.0,0.0,UNLABELED,,,
ZJ_U51_5K_E075_N668,5000,ZJ-HZB,L2-cmssm2020-polygons,2020,WEAK,0,0.0,0.0,UNLABELED,,,
ZJ_U51_5K_E075_N668,5000,ZJ-HZB,L3-hangzhou-mask-2015,2015,WEAK,0,0.0,0.0,UNLABELED,,,
ZJ_U51_5K_E075_N668,5000,ZJ-HZB,L4-cmsa-polygons-2019,2019,WEAK,0,0.0,0.0,UNLABELED,,,
ZJ_U51_5K_E075_N668,5000,ZJ-HZB,L5-cmsa-polygons-2020,2020,WEAK,0,0.0,0.0,UNLABELED,,,
ZJ_U51_5K_E075_N668,5000,ZJ-HZB,L6-cmsa-polygons-2021,2021,WEAK,0,0.0,0.0,UNLABELED,,,
ZJ_U51_5K_E075_N669,5000,ZJ-HZB,L1-china2015-raster30m,2015,SILVER,0,0.0,0.0,UNLABELED,,,
ZJ_U51_5K_E075_N669,5000,ZJ-HZB,L2-cmssm2020-polygons,2020,WEAK,0,0.0,0.0,UNLABELED,,,
ZJ_U51_5K_E075_N669,5000,ZJ-HZB,L3-hangzhou-mask-2015,2015,WEAK,0,0.0,0.0,UNLABELED,,,
ZJ_U51_5K_E075_N669,5000,ZJ-HZB,L4-cmsa-polygons-2019,2019,WEAK,0,0.0,0.0,UNLABELED,,,
ZJ_U51_5K_E075_N669,5000,ZJ-HZB,L5-cmsa-polygons-2020,2020,WEAK,0,0.0,0.0,UNLABELED,,,
ZJ_U51_5K_E075_N669,5000,ZJ-HZB,L6-cmsa-polygons-2021,2021,WEAK,0,0.0,0.0,UNLABELED,,,
ZJ_U51_5K_E075_N670,5000,ZJ-HZB,L1-china2015-raster30m,2015,SILVER,0,0.0,0.0,UNLABELED,,,
ZJ_U51_5K_E075_N670,5000,ZJ-HZB,L2-cmssm2020-polygons,2020,WEAK,0,0.0,0.0,UNLABELED,,,
ZJ_U51_5K_E075_N670,5000,ZJ-HZB,L3-hangzhou-mask-2015,2015,WEAK,0,0.0,0.0,UNLABELED,,,
ZJ_U51_5K_E075_N670,5000,ZJ-HZB,L4-cmsa-polygons-2019,2019,WEAK,0,0.0,0.0,UNLABELED,,,
ZJ_U51_5K_E075_N670,5000,ZJ-HZB,L5-cmsa-polygons-2020,2020,WEAK,0,0.0,0.0,UNLABELED,,,
ZJ_U51_5K_E075_N670,5000,ZJ-HZB,L6-cmsa-polygons-2021,2021,WEAK,0,0.0,0.0,UNLABELED,,,
ZJ_U51_5K_E075_N671,5000,ZJ-HZB,L1-china2015-raster30m,2015,SILVER,0,0.0,0.0,UNLABELED,,,
ZJ_U51_5K_E075_N671,5000,ZJ-HZB,L2-cmssm2020-polygons,2020,WEAK,0,0.0,0.0,UNLABELED,,,
ZJ_U51_5K_E075_N671,5000,ZJ-HZB,L3-hangzhou-mask-2015,2015,WEAK,0,0.0,0.0,UNLABELED,,,
ZJ_U51_5K_E075_N671,5000,ZJ-HZB,L4-cmsa-polygons-2019,2019,WEAK,0,0.0,0.0,UNLABELED,,,
ZJ_U51_5K_E075_N671,5000,ZJ-HZB,L5-cmsa-polygons-2020,2020,WEAK,0,0.0,0.0,UNLABELED,,,
ZJ_U51_5K_E075_N671,5000,ZJ-HZB,L6-cmsa-polygons-2021,2021,WEAK,0,0.0,0.0,UNLABELED,,,
ZJ_U51_5K_E075_N672,5000,ZJ-HZB,L1-china2015-raster30m,2015,SILVER,0,0.0,0.0,UNLABELED,,,
ZJ_U51_5K_E075_N672,5000,ZJ-HZB,L2-cmssm2020-polygons,2020,WEAK,0,0.0,0.0,UNLABELED,,,
ZJ_U51_5K_E075_N672,5000,ZJ-HZB,L3-hangzhou-mask-2015,2015,WEAK,0,0.0,0.0,UNLABELED,,,
ZJ_U51_5K_E075_N672,5000,ZJ-HZB,L4-cmsa-polygons-2019,2019,WEAK,0,0.0,0.0,UNLABELED,,,
ZJ_U51_5K_E075_N672,5000,ZJ-HZB,L5-cmsa-polygons-2020,2020,WEAK,0,0.0,0.0,UNLABELED,,,
ZJ_U51_5K_E075_N672,5000,ZJ-HZB,L6-cmsa-polygons-2021,2021,WEAK,0,0.0,0.0,UNLABELED,,,
ZJ_U51_5K_E075_N673,5000,ZJ-HZB,L1-china2015-raster30m,2015,SILVER,0,0.0,0.0,UNLABELED,,,
ZJ_U51_5K_E075_N673,5000,ZJ-HZB,L2-cmssm2020-polygons,2020,WEAK,0,0.0,0.0,UNLABELED,,,
ZJ_U51_5K_E075_N673,5000,ZJ-HZB,L3-hangzhou-mask-2015,2015,WEAK,0,0.0,0.0,UNLABELED,,,
ZJ_U51_5K_E075_N673,5000,ZJ-HZB,L4-cmsa-polygons-2019,2019,WEAK,0,0.0,0.0,UNLABELED,,,
ZJ_U51_5K_E075_N673,5000,ZJ-HZB,L5-cmsa-polygons-2020,2020,WEAK,0,0.0,0.0,UNLABELED,,,
ZJ_U51_5K_E075_N673,5000,ZJ-HZB,L6-cmsa-polygons-2021,2021,WEAK,0,0.0,0.0,UNLABELED,,,
ZJ_U51_5K_E075_N674,5000,ZJ-HZB,L1-china2015-raster30m,2015,SILVER,0,0.0,0.0,UNLABELED,,,
ZJ_U51_5K_E075_N674,5000,ZJ-HZB,L2-cmssm2020-polygons,2020,WEAK,0,0.0,0.0,UNLABELED,,,
ZJ_U51_5K_E075_N674,5000,ZJ-HZB,L3-hangzhou-mask-2015,2015,WEAK,0,0.0,0.0,UNLABELED,,,
ZJ_U51_5K_E075_N674,5000,ZJ-HZB,L4-cmsa-polygons-2019,2019,WEAK,0,0.0,0.0,UNLABELED,,,
ZJ_U51_5K_E075_N674,5000,ZJ-HZB,L5-cmsa-polygons-2020,2020,WEAK,0,0.0,0.0,UNLABELED,,,
ZJ_U51_5K_E075_N674,5000,ZJ-HZB,L6-cmsa-polygons-2021,2021,WEAK,0,0.0,0.0,UNLABELED,,,
ZJ_U51_5K_E075_N675,5000,ZJ-HZB,L1-china2015-raster30m,2015,SILVER,0,0.0,0.0,UNLABELED,,,
ZJ_U51_5K_E075_N675,5000,ZJ-HZB,L2-cmssm2020-polygons,2020,WEAK,0,0.0,0.0,UNLABELED,,,
ZJ_U51_5K_E075_N675,5000,ZJ-HZB,L3-hangzhou-mask-2015,2015,WEAK,0,0.0,0.0,UNLABELED,,,
ZJ_U51_5K_E075_N675,5000,ZJ-HZB,L4-cmsa-polygons-2019,2019,WEAK,0,0.0,0.0,UNLABELED,,,
ZJ_U51_5K_E075_N675,5000,ZJ-HZB,L5-cmsa-polygons-2020,2020,WEAK,0,0.0,0.0,UNLABELED,,,
ZJ_U51_5K_E075_N675,5000,ZJ-HZB,L6-cmsa-polygons-2021,2021,WEAK,0,0.0,0.0,UNLABELED,,,
ZJ_U51_5K_E075_N676,5000,ZJ-HZB,L1-china2015-raster30m,2015,SILVER,0,0.0,0.0,UNLABELED,,,
ZJ_U51_5K_E075_N676,5000,ZJ-HZB,L2-cmssm2020-polygons,2020,WEAK,0,0.0,0.0,UNLABELED,,,
ZJ_U51_5K_E075_N676,5000,ZJ-HZB,L3-hangzhou-mask-2015,2015,WEAK,0,0.0,0.0,UNLABELED,,,
ZJ_U51_5K_E075_N676,5000,ZJ-HZB,L4-cmsa-polygons-2019,2019,WEAK,0,0.0,0.0,UNLABELED,,,
ZJ_U51_5K_E075_N676,5000,ZJ-HZB,L5-cmsa-polygons-2020,2020,WEAK,0,0.0,0.0,UNLABELED,,,
ZJ_U51_5K_E075_N676,5000,ZJ-HZB,L6-cmsa-polygons-2021,2021,WEAK,0,0.0,0.0,UNLABELED,,,
ZJ_U51_5K_E075_N677,5000,ZJ-HZB,L1-china2015-raster30m,2015,SILVER,0,0.0,0.0,UNLABELED,,,
ZJ_U51_5K_E075_N677,5000,ZJ-HZB,L2-cmssm2020-polygons,2020,WEAK,0,0.0,0.0,UNLABELED,,,
ZJ_U51_5K_E075_N677,5000,ZJ-HZB,L3-hangzhou-mask-2015,2015,WEAK,0,0.0,0.0,UNLABELED,,,
ZJ_U51_5K_E075_N677,5000,ZJ-HZB,L4-cmsa-polygons-2019,2019,WEAK,0,0.0,0.0,UNLABELED,,,
ZJ_U51_5K_E075_N677,5000,ZJ-HZB,L5-cmsa-polygons-2020,2020,WEAK,0,0.0,0.0,UNLABELED,,,
ZJ_U51_5K_E075_N677,5000,ZJ-HZB,L6-cmsa-polygons-2021,2021,WEAK,0,0.0,0.0,UNLABELED,,,
ZJ_U51_5K_E075_N678,5000,ZJ-HZB,L1-china2015-raster30m,2015,SILVER,0,0.0,0.0,UNLABELED,,,
ZJ_U51_5K_E075_N678,5000,ZJ-HZB,L2-cmssm2020-polygons,2020,WEAK,0,0.0,0.0,UNLABELED,,,
ZJ_U51_5K_E075_N678,5000,ZJ-HZB,L3-hangzhou-mask-2015,2015,WEAK,0,0.0,0.0,UNLABELED,,,
ZJ_U51_5K_E075_N678,5000,ZJ-HZB,L4-cmsa-polygons-2019,2019,WEAK,0,0.0,0.0,UNLABELED,,,
ZJ_U51_5K_E075_N678,5000,ZJ-HZB,L5-cmsa-polygons-2020,2020,WEAK,0,0.0,0.0,UNLABELED,,,
ZJ_U51_5K_E075_N678,5000,ZJ-HZB,L6-cmsa-polygons-2021,2021,WEAK,0,0.0,0.0,UNLABELED,,,
ZJ_U51_5K_E075_N679,5000,ZJ-HZB,L1-china2015-raster30m,2015,SILVER,0,0.0,0.0,UNLABELED,,,
ZJ_U51_5K_E075_N679,5000,ZJ-HZB,L2-cmssm2020-polygons,2020,WEAK,0,0.0,0.0,UNLABELED,,,
ZJ_U51_5K_E075_N679,5000,ZJ-HZB,L3-hangzhou-mask-2015,2015,WEAK,0,0.0,0.0,UNLABELED,,,
ZJ_U51_5K_E075_N679,5000,ZJ-HZB,L4-cmsa-polygons-2019,2019,WEAK,0,0.0,0.0,UNLABELED,,,
ZJ_U51_5K_E075_N679,5000,ZJ-HZB,L5-cmsa-polygons-2020,2020,WEAK,0,0.0,0.0,UNLABELED,,,
ZJ_U51_5K_E075_N679,5000,ZJ-HZB,L6-cmsa-polygons-2021,2021,WEAK,0,0.0,0.0,UNLABELED,,,
ZJ_U51_5K_E075_N680,5000,ZJ-HZB,L1-china2015-raster30m,2015,SILVER,0,0.0,0.0,UNLABELED,,,
ZJ_U51_5K_E075_N680,5000,ZJ-HZB,L2-cmssm2020-polygons,2020,WEAK,0,0.0,0.0,UNLABELED,,,
ZJ_U51_5K_E075_N680,5000,ZJ-HZB,L3-hangzhou-mask-2015,2015,WEAK,0,0.0,0.0,UNLABELED,,,
ZJ_U51_5K_E075_N680,5000,ZJ-HZB,L4-cmsa-polygons-2019,2019,WEAK,0,0.0,0.0,UNLABELED,,,
ZJ_U51_5K_E075_N680,5000,ZJ-HZB,L5-cmsa-polygons-2020,2020,WEAK,0,0.0,0.0,UNLABELED,,,
ZJ_U51_5K_E075_N680,5000,ZJ-HZB,L6-cmsa-polygons-2021,2021,WEAK,0,0.0,0.0,UNLABELED,,,
ZJ_U51_5K_E075_N681,5000,ZJ-HZB,L1-china2015-raster30m,2015,SILVER,0,0.0,0.0,UNLABELED,,,
ZJ_U51_5K_E075_N681,5000,ZJ-HZB,L2-cmssm2020-polygons,2020,WEAK,0,0.0,0.0,UNLABELED,,,
ZJ_U51_5K_E075_N681,5000,ZJ-HZB,L3-hangzhou-mask-2015,2015,WEAK,0,0.0,0.0,UNLABELED,,,
ZJ_U51_5K_E075_N681,5000,ZJ-HZB,L4-cmsa-polygons-2019,2019,WEAK,0,0.0,0.0,UNLABELED,,,
ZJ_U51_5K_E075_N681,5000,ZJ-HZB,L5-cmsa-polygons-2020,2020,WEAK,0,0.0,0.0,UNLABELED,,,
ZJ_U51_5K_E075_N681,5000,ZJ-HZB,L6-cmsa-polygons-2021,2021,WEAK,0,0.0,0.0,UNLABELED,,,
ZJ_U51_5K_E075_N682,5000,ZJ-HZB,L1-china2015-raster30m,2015,SILVER,464,0.4176,0.016704,SILVER,,,
ZJ_U51_5K_E075_N682,5000,ZJ-HZB,L2-cmssm2020-polygons,2020,WEAK,0,0.0,0.0,SILVER,,,
ZJ_U51_5K_E075_N682,5000,ZJ-HZB,L3-hangzhou-mask-2015,2015,WEAK,0,0.0,0.0,SILVER,,,
ZJ_U51_5K_E075_N682,5000,ZJ-HZB,L4-cmsa-polygons-2019,2019,WEAK,0,0.0,0.0,SILVER,,,
ZJ_U51_5K_E075_N682,5000,ZJ-HZB,L5-cmsa-polygons-2020,2020,WEAK,0,0.0,0.0,SILVER,,,
ZJ_U51_5K_E075_N682,5000,ZJ-HZB,L6-cmsa-polygons-2021,2021,WEAK,0,0.0,0.0,SILVER,,,
ZJ_U51_5K_E076_N641,5000,ZJ-SMB,L1-china2015-raster30m,2015,SILVER,0,0.0,0.0,UNLABELED,,,
ZJ_U51_5K_E076_N641,5000,ZJ-SMB,L2-cmssm2020-polygons,2020,WEAK,0,0.0,0.0,UNLABELED,,,
ZJ_U51_5K_E076_N641,5000,ZJ-SMB,L3-hangzhou-mask-2015,2015,WEAK,0,0.0,0.0,UNLABELED,,,
ZJ_U51_5K_E076_N641,5000,ZJ-SMB,L4-cmsa-polygons-2019,2019,WEAK,0,0.0,0.0,UNLABELED,,,
ZJ_U51_5K_E076_N641,5000,ZJ-SMB,L5-cmsa-polygons-2020,2020,WEAK,0,0.0,0.0,UNLABELED,,,
ZJ_U51_5K_E076_N641,5000,ZJ-SMB,L6-cmsa-polygons-2021,2021,WEAK,0,0.0,0.0,UNLABELED,,,
ZJ_U51_5K_E076_N642,5000,ZJ-SMB,L1-china2015-raster30m,2015,SILVER,0,0.0,0.0,UNLABELED,,,
ZJ_U51_5K_E076_N642,5000,ZJ-SMB,L2-cmssm2020-polygons,2020,WEAK,0,0.0,0.0,UNLABELED,,,
ZJ_U51_5K_E076_N642,5000,ZJ-SMB,L3-hangzhou-mask-2015,2015,WEAK,0,0.0,0.0,UNLABELED,,,
ZJ_U51_5K_E076_N642,5000,ZJ-SMB,L4-cmsa-polygons-2019,2019,WEAK,0,0.0,0.0,UNLABELED,,,
ZJ_U51_5K_E076_N642,5000,ZJ-SMB,L5-cmsa-polygons-2020,2020,WEAK,0,0.0,0.0,UNLABELED,,,
ZJ_U51_5K_E076_N642,5000,ZJ-SMB,L6-cmsa-polygons-2021,2021,WEAK,0,0.0,0.0,UNLABELED,,,
ZJ_U51_5K_E076_N643,5000,ZJ-SMB,L1-china2015-raster30m,2015,SILVER,1112,1.0008,0.040032,SILVER,,,
ZJ_U51_5K_E076_N643,5000,ZJ-SMB,L2-cmssm2020-polygons,2020,WEAK,0,0.0,0.0,SILVER,,,
ZJ_U51_5K_E076_N643,5000,ZJ-SMB,L3-hangzhou-mask-2015,2015,WEAK,0,0.0,0.0,SILVER,,,
ZJ_U51_5K_E076_N643,5000,ZJ-SMB,L4-cmsa-polygons-2019,2019,WEAK,0,0.0,0.0,SILVER,,,
ZJ_U51_5K_E076_N643,5000,ZJ-SMB,L5-cmsa-polygons-2020,2020,WEAK,0,0.0,0.0,SILVER,,,
ZJ_U51_5K_E076_N643,5000,ZJ-SMB,L6-cmsa-polygons-2021,2021,WEAK,0,0.0,0.0,SILVER,,,
ZJ_U51_5K_E076_N644,5000,ZJ-SMB,L1-china2015-raster30m,2015,SILVER,2634,2.3706,0.094824,SILVER,,,
ZJ_U51_5K_E076_N644,5000,ZJ-SMB,L2-cmssm2020-polygons,2020,WEAK,0,0.0,0.0,SILVER,,,
ZJ_U51_5K_E076_N644,5000,ZJ-SMB,L3-hangzhou-mask-2015,2015,WEAK,0,0.0,0.0,SILVER,,,
ZJ_U51_5K_E076_N644,5000,ZJ-SMB,L4-cmsa-polygons-2019,2019,WEAK,0,0.0,0.0,SILVER,,,
ZJ_U51_5K_E076_N644,5000,ZJ-SMB,L5-cmsa-polygons-2020,2020,WEAK,0,0.0,0.0,SILVER,,,
ZJ_U51_5K_E076_N644,5000,ZJ-SMB,L6-cmsa-polygons-2021,2021,WEAK,0,0.0,0.0,SILVER,,,
ZJ_U51_5K_E076_N645,5000,ZJ-SMB,L1-china2015-raster30m,2015,SILVER,477,0.4293,0.017172,SILVER,,,
ZJ_U51_5K_E076_N645,5000,ZJ-SMB,L2-cmssm2020-polygons,2020,WEAK,0,0.0,0.0,SILVER,,,
ZJ_U51_5K_E076_N645,5000,ZJ-SMB,L3-hangzhou-mask-2015,2015,WEAK,0,0.0,0.0,SILVER,,,
ZJ_U51_5K_E076_N645,5000,ZJ-SMB,L4-cmsa-polygons-2019,2019,WEAK,0,0.0,0.0,SILVER,,,
ZJ_U51_5K_E076_N645,5000,ZJ-SMB,L5-cmsa-polygons-2020,2020,WEAK,0,0.0,0.0,SILVER,,,
ZJ_U51_5K_E076_N645,5000,ZJ-SMB,L6-cmsa-polygons-2021,2021,WEAK,0,0.0,0.0,SILVER,,,
ZJ_U51_5K_E076_N646,5000,ZJ-SMB,L1-china2015-raster30m,2015,SILVER,747,0.6723,0.026892,SILVER,,,
ZJ_U51_5K_E076_N646,5000,ZJ-SMB,L2-cmssm2020-polygons,2020,WEAK,0,0.0,0.0,SILVER,,,
ZJ_U51_5K_E076_N646,5000,ZJ-SMB,L3-hangzhou-mask-2015,2015,WEAK,0,0.0,0.0,SILVER,,,
ZJ_U51_5K_E076_N646,5000,ZJ-SMB,L4-cmsa-polygons-2019,2019,WEAK,0,0.0,0.0,SILVER,,,
ZJ_U51_5K_E076_N646,5000,ZJ-SMB,L5-cmsa-polygons-2020,2020,WEAK,0,0.0,0.0,SILVER,,,
ZJ_U51_5K_E076_N646,5000,ZJ-SMB,L6-cmsa-polygons-2021,2021,WEAK,0,0.0,0.0,SILVER,,,
ZJ_U51_5K_E076_N647,5000,ZJ-SMB,L1-china2015-raster30m,2015,SILVER,728,0.6552,0.026208,SILVER,,,
ZJ_U51_5K_E076_N647,5000,ZJ-SMB,L2-cmssm2020-polygons,2020,WEAK,0,0.0,0.0,SILVER,,,
ZJ_U51_5K_E076_N647,5000,ZJ-SMB,L3-hangzhou-mask-2015,2015,WEAK,0,0.0,0.0,SILVER,,,
ZJ_U51_5K_E076_N647,5000,ZJ-SMB,L4-cmsa-polygons-2019,2019,WEAK,0,0.0,0.0,SILVER,,,
ZJ_U51_5K_E076_N647,5000,ZJ-SMB,L5-cmsa-polygons-2020,2020,WEAK,0,0.0,0.0,SILVER,,,
ZJ_U51_5K_E076_N647,5000,ZJ-SMB,L6-cmsa-polygons-2021,2021,WEAK,0,0.0,0.0,SILVER,,,
ZJ_U51_5K_E076_N665,5000,ZJ-HZB,L1-china2015-raster30m,2015,SILVER,0,0.0,0.0,UNLABELED,,,
ZJ_U51_5K_E076_N665,5000,ZJ-HZB,L2-cmssm2020-polygons,2020,WEAK,0,0.0,0.0,UNLABELED,,,
ZJ_U51_5K_E076_N665,5000,ZJ-HZB,L3-hangzhou-mask-2015,2015,WEAK,0,0.0,0.0,UNLABELED,,,
ZJ_U51_5K_E076_N665,5000,ZJ-HZB,L4-cmsa-polygons-2019,2019,WEAK,0,0.0,0.0,UNLABELED,,,
ZJ_U51_5K_E076_N665,5000,ZJ-HZB,L5-cmsa-polygons-2020,2020,WEAK,0,0.0,0.0,UNLABELED,,,
ZJ_U51_5K_E076_N665,5000,ZJ-HZB,L6-cmsa-polygons-2021,2021,WEAK,0,0.0,0.0,UNLABELED,,,
ZJ_U51_5K_E076_N666,5000,ZJ-HZB,L1-china2015-raster30m,2015,SILVER,0,0.0,0.0,UNLABELED,,,
ZJ_U51_5K_E076_N666,5000,ZJ-HZB,L2-cmssm2020-polygons,2020,WEAK,0,0.0,0.0,UNLABELED,,,
ZJ_U51_5K_E076_N666,5000,ZJ-HZB,L3-hangzhou-mask-2015,2015,WEAK,0,0.0,0.0,UNLABELED,,,
ZJ_U51_5K_E076_N666,5000,ZJ-HZB,L4-cmsa-polygons-2019,2019,WEAK,0,0.0,0.0,UNLABELED,,,
ZJ_U51_5K_E076_N666,5000,ZJ-HZB,L5-cmsa-polygons-2020,2020,WEAK,0,0.0,0.0,UNLABELED,,,
ZJ_U51_5K_E076_N666,5000,ZJ-HZB,L6-cmsa-polygons-2021,2021,WEAK,0,0.0,0.0,UNLABELED,,,
ZJ_U51_5K_E076_N667,5000,ZJ-HZB,L1-china2015-raster30m,2015,SILVER,0,0.0,0.0,UNLABELED,,,
ZJ_U51_5K_E076_N667,5000,ZJ-HZB,L2-cmssm2020-polygons,2020,WEAK,0,0.0,0.0,UNLABELED,,,
ZJ_U51_5K_E076_N667,5000,ZJ-HZB,L3-hangzhou-mask-2015,2015,WEAK,0,0.0,0.0,UNLABELED,,,
ZJ_U51_5K_E076_N667,5000,ZJ-HZB,L4-cmsa-polygons-2019,2019,WEAK,0,0.0,0.0,UNLABELED,,,
ZJ_U51_5K_E076_N667,5000,ZJ-HZB,L5-cmsa-polygons-2020,2020,WEAK,0,0.0,0.0,UNLABELED,,,
ZJ_U51_5K_E076_N667,5000,ZJ-HZB,L6-cmsa-polygons-2021,2021,WEAK,0,0.0,0.0,UNLABELED,,,
ZJ_U51_5K_E076_N668,5000,ZJ-HZB,L1-china2015-raster30m,2015,SILVER,0,0.0,0.0,UNLABELED,,,
ZJ_U51_5K_E076_N668,5000,ZJ-HZB,L2-cmssm2020-polygons,2020,WEAK,0,0.0,0.0,UNLABELED,,,
ZJ_U51_5K_E076_N668,5000,ZJ-HZB,L3-hangzhou-mask-2015,2015,WEAK,0,0.0,0.0,UNLABELED,,,
ZJ_U51_5K_E076_N668,5000,ZJ-HZB,L4-cmsa-polygons-2019,2019,WEAK,0,0.0,0.0,UNLABELED,,,
ZJ_U51_5K_E076_N668,5000,ZJ-HZB,L5-cmsa-polygons-2020,2020,WEAK,0,0.0,0.0,UNLABELED,,,
ZJ_U51_5K_E076_N668,5000,ZJ-HZB,L6-cmsa-polygons-2021,2021,WEAK,0,0.0,0.0,UNLABELED,,,
ZJ_U51_5K_E076_N669,5000,ZJ-HZB,L1-china2015-raster30m,2015,SILVER,0,0.0,0.0,UNLABELED,,,
ZJ_U51_5K_E076_N669,5000,ZJ-HZB,L2-cmssm2020-polygons,2020,WEAK,0,0.0,0.0,UNLABELED,,,
ZJ_U51_5K_E076_N669,5000,ZJ-HZB,L3-hangzhou-mask-2015,2015,WEAK,0,0.0,0.0,UNLABELED,,,
ZJ_U51_5K_E076_N669,5000,ZJ-HZB,L4-cmsa-polygons-2019,2019,WEAK,0,0.0,0.0,UNLABELED,,,
ZJ_U51_5K_E076_N669,5000,ZJ-HZB,L5-cmsa-polygons-2020,2020,WEAK,0,0.0,0.0,UNLABELED,,,
ZJ_U51_5K_E076_N669,5000,ZJ-HZB,L6-cmsa-polygons-2021,2021,WEAK,0,0.0,0.0,UNLABELED,,,
ZJ_U51_5K_E076_N670,5000,ZJ-HZB,L1-china2015-raster30m,2015,SILVER,0,0.0,0.0,UNLABELED,,,
ZJ_U51_5K_E076_N670,5000,ZJ-HZB,L2-cmssm2020-polygons,2020,WEAK,0,0.0,0.0,UNLABELED,,,
ZJ_U51_5K_E076_N670,5000,ZJ-HZB,L3-hangzhou-mask-2015,2015,WEAK,0,0.0,0.0,UNLABELED,,,
ZJ_U51_5K_E076_N670,5000,ZJ-HZB,L4-cmsa-polygons-2019,2019,WEAK,0,0.0,0.0,UNLABELED,,,
ZJ_U51_5K_E076_N670,5000,ZJ-HZB,L5-cmsa-polygons-2020,2020,WEAK,0,0.0,0.0,UNLABELED,,,
ZJ_U51_5K_E076_N670,5000,ZJ-HZB,L6-cmsa-polygons-2021,2021,WEAK,0,0.0,0.0,UNLABELED,,,
ZJ_U51_5K_E076_N671,5000,ZJ-HZB,L1-china2015-raster30m,2015,SILVER,0,0.0,0.0,UNLABELED,,,
ZJ_U51_5K_E076_N671,5000,ZJ-HZB,L2-cmssm2020-polygons,2020,WEAK,0,0.0,0.0,UNLABELED,,,
ZJ_U51_5K_E076_N671,5000,ZJ-HZB,L3-hangzhou-mask-2015,2015,WEAK,0,0.0,0.0,UNLABELED,,,
ZJ_U51_5K_E076_N671,5000,ZJ-HZB,L4-cmsa-polygons-2019,2019,WEAK,0,0.0,0.0,UNLABELED,,,
ZJ_U51_5K_E076_N671,5000,ZJ-HZB,L5-cmsa-polygons-2020,2020,WEAK,0,0.0,0.0,UNLABELED,,,
ZJ_U51_5K_E076_N671,5000,ZJ-HZB,L6-cmsa-polygons-2021,2021,WEAK,0,0.0,0.0,UNLABELED,,,
ZJ_U51_5K_E076_N672,5000,ZJ-HZB,L1-china2015-raster30m,2015,SILVER,0,0.0,0.0,UNLABELED,,,
ZJ_U51_5K_E076_N672,5000,ZJ-HZB,L2-cmssm2020-polygons,2020,WEAK,0,0.0,0.0,UNLABELED,,,
ZJ_U51_5K_E076_N672,5000,ZJ-HZB,L3-hangzhou-mask-2015,2015,WEAK,0,0.0,0.0,UNLABELED,,,
ZJ_U51_5K_E076_N672,5000,ZJ-HZB,L4-cmsa-polygons-2019,2019,WEAK,0,0.0,0.0,UNLABELED,,,
ZJ_U51_5K_E076_N672,5000,ZJ-HZB,L5-cmsa-polygons-2020,2020,WEAK,0,0.0,0.0,UNLABELED,,,
ZJ_U51_5K_E076_N672,5000,ZJ-HZB,L6-cmsa-polygons-2021,2021,WEAK,0,0.0,0.0,UNLABELED,,,
ZJ_U51_5K_E076_N673,5000,ZJ-HZB,L1-china2015-raster30m,2015,SILVER,0,0.0,0.0,UNLABELED,,,
ZJ_U51_5K_E076_N673,5000,ZJ-HZB,L2-cmssm2020-polygons,2020,WEAK,0,0.0,0.0,UNLABELED,,,
ZJ_U51_5K_E076_N673,5000,ZJ-HZB,L3-hangzhou-mask-2015,2015,WEAK,0,0.0,0.0,UNLABELED,,,
ZJ_U51_5K_E076_N673,5000,ZJ-HZB,L4-cmsa-polygons-2019,2019,WEAK,0,0.0,0.0,UNLABELED,,,
ZJ_U51_5K_E076_N673,5000,ZJ-HZB,L5-cmsa-polygons-2020,2020,WEAK,0,0.0,0.0,UNLABELED,,,
ZJ_U51_5K_E076_N673,5000,ZJ-HZB,L6-cmsa-polygons-2021,2021,WEAK,0,0.0,0.0,UNLABELED,,,
ZJ_U51_5K_E076_N674,5000,ZJ-HZB,L1-china2015-raster30m,2015,SILVER,0,0.0,0.0,UNLABELED,,,
ZJ_U51_5K_E076_N674,5000,ZJ-HZB,L2-cmssm2020-polygons,2020,WEAK,0,0.0,0.0,UNLABELED,,,
ZJ_U51_5K_E076_N674,5000,ZJ-HZB,L3-hangzhou-mask-2015,2015,WEAK,0,0.0,0.0,UNLABELED,,,
ZJ_U51_5K_E076_N674,5000,ZJ-HZB,L4-cmsa-polygons-2019,2019,WEAK,0,0.0,0.0,UNLABELED,,,
ZJ_U51_5K_E076_N674,5000,ZJ-HZB,L5-cmsa-polygons-2020,2020,WEAK,0,0.0,0.0,UNLABELED,,,
ZJ_U51_5K_E076_N674,5000,ZJ-HZB,L6-cmsa-polygons-2021,2021,WEAK,0,0.0,0.0,UNLABELED,,,
ZJ_U51_5K_E076_N675,5000,ZJ-HZB,L1-china2015-raster30m,2015,SILVER,0,0.0,0.0,UNLABELED,,,
ZJ_U51_5K_E076_N675,5000,ZJ-HZB,L2-cmssm2020-polygons,2020,WEAK,0,0.0,0.0,UNLABELED,,,
ZJ_U51_5K_E076_N675,5000,ZJ-HZB,L3-hangzhou-mask-2015,2015,WEAK,0,0.0,0.0,UNLABELED,,,
ZJ_U51_5K_E076_N675,5000,ZJ-HZB,L4-cmsa-polygons-2019,2019,WEAK,0,0.0,0.0,UNLABELED,,,
ZJ_U51_5K_E076_N675,5000,ZJ-HZB,L5-cmsa-polygons-2020,2020,WEAK,0,0.0,0.0,UNLABELED,,,
ZJ_U51_5K_E076_N675,5000,ZJ-HZB,L6-cmsa-polygons-2021,2021,WEAK,0,0.0,0.0,UNLABELED,,,
ZJ_U51_5K_E076_N676,5000,ZJ-HZB,L1-china2015-raster30m,2015,SILVER,0,0.0,0.0,UNLABELED,,,
ZJ_U51_5K_E076_N676,5000,ZJ-HZB,L2-cmssm2020-polygons,2020,WEAK,0,0.0,0.0,UNLABELED,,,
ZJ_U51_5K_E076_N676,5000,ZJ-HZB,L3-hangzhou-mask-2015,2015,WEAK,0,0.0,0.0,UNLABELED,,,
ZJ_U51_5K_E076_N676,5000,ZJ-HZB,L4-cmsa-polygons-2019,2019,WEAK,0,0.0,0.0,UNLABELED,,,
ZJ_U51_5K_E076_N676,5000,ZJ-HZB,L5-cmsa-polygons-2020,2020,WEAK,0,0.0,0.0,UNLABELED,,,
ZJ_U51_5K_E076_N676,5000,ZJ-HZB,L6-cmsa-polygons-2021,2021,WEAK,0,0.0,0.0,UNLABELED,,,
ZJ_U51_5K_E076_N677,5000,ZJ-HZB,L1-china2015-raster30m,2015,SILVER,0,0.0,0.0,UNLABELED,,,
ZJ_U51_5K_E076_N677,5000,ZJ-HZB,L2-cmssm2020-polygons,2020,WEAK,0,0.0,0.0,UNLABELED,,,
ZJ_U51_5K_E076_N677,5000,ZJ-HZB,L3-hangzhou-mask-2015,2015,WEAK,0,0.0,0.0,UNLABELED,,,
ZJ_U51_5K_E076_N677,5000,ZJ-HZB,L4-cmsa-polygons-2019,2019,WEAK,0,0.0,0.0,UNLABELED,,,
ZJ_U51_5K_E076_N677,5000,ZJ-HZB,L5-cmsa-polygons-2020,2020,WEAK,0,0.0,0.0,UNLABELED,,,
ZJ_U51_5K_E076_N677,5000,ZJ-HZB,L6-cmsa-polygons-2021,2021,WEAK,0,0.0,0.0,UNLABELED,,,
ZJ_U51_5K_E076_N678,5000,ZJ-HZB,L1-china2015-raster30m,2015,SILVER,0,0.0,0.0,UNLABELED,,,
ZJ_U51_5K_E076_N678,5000,ZJ-HZB,L2-cmssm2020-polygons,2020,WEAK,0,0.0,0.0,UNLABELED,,,
ZJ_U51_5K_E076_N678,5000,ZJ-HZB,L3-hangzhou-mask-2015,2015,WEAK,0,0.0,0.0,UNLABELED,,,
ZJ_U51_5K_E076_N678,5000,ZJ-HZB,L4-cmsa-polygons-2019,2019,WEAK,0,0.0,0.0,UNLABELED,,,
ZJ_U51_5K_E076_N678,5000,ZJ-HZB,L5-cmsa-polygons-2020,2020,WEAK,0,0.0,0.0,UNLABELED,,,
ZJ_U51_5K_E076_N678,5000,ZJ-HZB,L6-cmsa-polygons-2021,2021,WEAK,0,0.0,0.0,UNLABELED,,,
ZJ_U51_5K_E076_N679,5000,ZJ-HZB,L1-china2015-raster30m,2015,SILVER,0,0.0,0.0,UNLABELED,,,
ZJ_U51_5K_E076_N679,5000,ZJ-HZB,L2-cmssm2020-polygons,2020,WEAK,0,0.0,0.0,UNLABELED,,,
ZJ_U51_5K_E076_N679,5000,ZJ-HZB,L3-hangzhou-mask-2015,2015,WEAK,0,0.0,0.0,UNLABELED,,,
ZJ_U51_5K_E076_N679,5000,ZJ-HZB,L4-cmsa-polygons-2019,2019,WEAK,0,0.0,0.0,UNLABELED,,,
ZJ_U51_5K_E076_N679,5000,ZJ-HZB,L5-cmsa-polygons-2020,2020,WEAK,0,0.0,0.0,UNLABELED,,,
ZJ_U51_5K_E076_N679,5000,ZJ-HZB,L6-cmsa-polygons-2021,2021,WEAK,0,0.0,0.0,UNLABELED,,,
ZJ_U51_5K_E076_N680,5000,ZJ-HZB,L1-china2015-raster30m,2015,SILVER,0,0.0,0.0,UNLABELED,,,
ZJ_U51_5K_E076_N680,5000,ZJ-HZB,L2-cmssm2020-polygons,2020,WEAK,0,0.0,0.0,UNLABELED,,,
ZJ_U51_5K_E076_N680,5000,ZJ-HZB,L3-hangzhou-mask-2015,2015,WEAK,0,0.0,0.0,UNLABELED,,,
ZJ_U51_5K_E076_N680,5000,ZJ-HZB,L4-cmsa-polygons-2019,2019,WEAK,0,0.0,0.0,UNLABELED,,,
ZJ_U51_5K_E076_N680,5000,ZJ-HZB,L5-cmsa-polygons-2020,2020,WEAK,0,0.0,0.0,UNLABELED,,,
ZJ_U51_5K_E076_N680,5000,ZJ-HZB,L6-cmsa-polygons-2021,2021,WEAK,0,0.0,0.0,UNLABELED,,,
ZJ_U51_5K_E076_N681,5000,ZJ-HZB,L1-china2015-raster30m,2015,SILVER,0,0.0,0.0,UNLABELED,,,
ZJ_U51_5K_E076_N681,5000,ZJ-HZB,L2-cmssm2020-polygons,2020,WEAK,0,0.0,0.0,UNLABELED,,,
ZJ_U51_5K_E076_N681,5000,ZJ-HZB,L3-hangzhou-mask-2015,2015,WEAK,0,0.0,0.0,UNLABELED,,,
ZJ_U51_5K_E076_N681,5000,ZJ-HZB,L4-cmsa-polygons-2019,2019,WEAK,0,0.0,0.0,UNLABELED,,,
ZJ_U51_5K_E076_N681,5000,ZJ-HZB,L5-cmsa-polygons-2020,2020,WEAK,0,0.0,0.0,UNLABELED,,,
ZJ_U51_5K_E076_N681,5000,ZJ-HZB,L6-cmsa-polygons-2021,2021,WEAK,0,0.0,0.0,UNLABELED,,,
ZJ_U51_5K_E076_N682,5000,ZJ-HZB,L1-china2015-raster30m,2015,SILVER,530,0.477,0.01908,SILVER,,,
ZJ_U51_5K_E076_N682,5000,ZJ-HZB,L2-cmssm2020-polygons,2020,WEAK,0,0.0,0.0,SILVER,,,
ZJ_U51_5K_E076_N682,5000,ZJ-HZB,L3-hangzhou-mask-2015,2015,WEAK,0,0.0,0.0,SILVER,,,
ZJ_U51_5K_E076_N682,5000,ZJ-HZB,L4-cmsa-polygons-2019,2019,WEAK,0,0.0,0.0,SILVER,,,
ZJ_U51_5K_E076_N682,5000,ZJ-HZB,L5-cmsa-polygons-2020,2020,WEAK,0,0.0,0.0,SILVER,,,
ZJ_U51_5K_E076_N682,5000,ZJ-HZB,L6-cmsa-polygons-2021,2021,WEAK,0,0.0,0.0,SILVER,,,
ZJ_U51_5K_E077_N641,5000,ZJ-SMB,L1-china2015-raster30m,2015,SILVER,0,0.0,0.0,UNLABELED,,,
ZJ_U51_5K_E077_N641,5000,ZJ-SMB,L2-cmssm2020-polygons,2020,WEAK,0,0.0,0.0,UNLABELED,,,
ZJ_U51_5K_E077_N641,5000,ZJ-SMB,L3-hangzhou-mask-2015,2015,WEAK,0,0.0,0.0,UNLABELED,,,
ZJ_U51_5K_E077_N641,5000,ZJ-SMB,L4-cmsa-polygons-2019,2019,WEAK,0,0.0,0.0,UNLABELED,,,
ZJ_U51_5K_E077_N641,5000,ZJ-SMB,L5-cmsa-polygons-2020,2020,WEAK,0,0.0,0.0,UNLABELED,,,
ZJ_U51_5K_E077_N641,5000,ZJ-SMB,L6-cmsa-polygons-2021,2021,WEAK,0,0.0,0.0,UNLABELED,,,
ZJ_U51_5K_E077_N642,5000,ZJ-SMB,L1-china2015-raster30m,2015,SILVER,0,0.0,0.0,UNLABELED,,,
ZJ_U51_5K_E077_N642,5000,ZJ-SMB,L2-cmssm2020-polygons,2020,WEAK,0,0.0,0.0,UNLABELED,,,
ZJ_U51_5K_E077_N642,5000,ZJ-SMB,L3-hangzhou-mask-2015,2015,WEAK,0,0.0,0.0,UNLABELED,,,
ZJ_U51_5K_E077_N642,5000,ZJ-SMB,L4-cmsa-polygons-2019,2019,WEAK,0,0.0,0.0,UNLABELED,,,
ZJ_U51_5K_E077_N642,5000,ZJ-SMB,L5-cmsa-polygons-2020,2020,WEAK,0,0.0,0.0,UNLABELED,,,
ZJ_U51_5K_E077_N642,5000,ZJ-SMB,L6-cmsa-polygons-2021,2021,WEAK,0,0.0,0.0,UNLABELED,,,
ZJ_U51_5K_E077_N643,5000,ZJ-SMB,L1-china2015-raster30m,2015,SILVER,223,0.2007,0.008028,SILVER,,,
ZJ_U51_5K_E077_N643,5000,ZJ-SMB,L2-cmssm2020-polygons,2020,WEAK,0,0.0,0.0,SILVER,,,
ZJ_U51_5K_E077_N643,5000,ZJ-SMB,L3-hangzhou-mask-2015,2015,WEAK,0,0.0,0.0,SILVER,,,
ZJ_U51_5K_E077_N643,5000,ZJ-SMB,L4-cmsa-polygons-2019,2019,WEAK,0,0.0,0.0,SILVER,,,
ZJ_U51_5K_E077_N643,5000,ZJ-SMB,L5-cmsa-polygons-2020,2020,WEAK,0,0.0,0.0,SILVER,,,
ZJ_U51_5K_E077_N643,5000,ZJ-SMB,L6-cmsa-polygons-2021,2021,WEAK,0,0.0,0.0,SILVER,,,
ZJ_U51_5K_E077_N644,5000,ZJ-SMB,L1-china2015-raster30m,2015,SILVER,204,0.1836,0.007344,SILVER,,,
ZJ_U51_5K_E077_N644,5000,ZJ-SMB,L2-cmssm2020-polygons,2020,WEAK,0,0.0,0.0,SILVER,,,
ZJ_U51_5K_E077_N644,5000,ZJ-SMB,L3-hangzhou-mask-2015,2015,WEAK,0,0.0,0.0,SILVER,,,
ZJ_U51_5K_E077_N644,5000,ZJ-SMB,L4-cmsa-polygons-2019,2019,WEAK,0,0.0,0.0,SILVER,,,
ZJ_U51_5K_E077_N644,5000,ZJ-SMB,L5-cmsa-polygons-2020,2020,WEAK,0,0.0,0.0,SILVER,,,
ZJ_U51_5K_E077_N644,5000,ZJ-SMB,L6-cmsa-polygons-2021,2021,WEAK,0,0.0,0.0,SILVER,,,
ZJ_U51_5K_E077_N645,5000,ZJ-SMB,L1-china2015-raster30m,2015,SILVER,339,0.3051,0.012204,SILVER,,,
ZJ_U51_5K_E077_N645,5000,ZJ-SMB,L2-cmssm2020-polygons,2020,WEAK,0,0.0,0.0,SILVER,,,
ZJ_U51_5K_E077_N645,5000,ZJ-SMB,L3-hangzhou-mask-2015,2015,WEAK,0,0.0,0.0,SILVER,,,
ZJ_U51_5K_E077_N645,5000,ZJ-SMB,L4-cmsa-polygons-2019,2019,WEAK,0,0.0,0.0,SILVER,,,
ZJ_U51_5K_E077_N645,5000,ZJ-SMB,L5-cmsa-polygons-2020,2020,WEAK,0,0.0,0.0,SILVER,,,
ZJ_U51_5K_E077_N645,5000,ZJ-SMB,L6-cmsa-polygons-2021,2021,WEAK,0,0.0,0.0,SILVER,,,
ZJ_U51_5K_E077_N646,5000,ZJ-SMB,L1-china2015-raster30m,2015,SILVER,0,0.0,0.0,UNLABELED,,,
ZJ_U51_5K_E077_N646,5000,ZJ-SMB,L2-cmssm2020-polygons,2020,WEAK,0,0.0,0.0,UNLABELED,,,
ZJ_U51_5K_E077_N646,5000,ZJ-SMB,L3-hangzhou-mask-2015,2015,WEAK,0,0.0,0.0,UNLABELED,,,
ZJ_U51_5K_E077_N646,5000,ZJ-SMB,L4-cmsa-polygons-2019,2019,WEAK,0,0.0,0.0,UNLABELED,,,
ZJ_U51_5K_E077_N646,5000,ZJ-SMB,L5-cmsa-polygons-2020,2020,WEAK,0,0.0,0.0,UNLABELED,,,
ZJ_U51_5K_E077_N646,5000,ZJ-SMB,L6-cmsa-polygons-2021,2021,WEAK,0,0.0,0.0,UNLABELED,,,
ZJ_U51_5K_E077_N671,5000,ZJ-HZB,L1-china2015-raster30m,2015,SILVER,0,0.0,0.0,UNLABELED,,,
ZJ_U51_5K_E077_N671,5000,ZJ-HZB,L2-cmssm2020-polygons,2020,WEAK,0,0.0,0.0,UNLABELED,,,
ZJ_U51_5K_E077_N671,5000,ZJ-HZB,L3-hangzhou-mask-2015,2015,WEAK,0,0.0,0.0,UNLABELED,,,
ZJ_U51_5K_E077_N671,5000,ZJ-HZB,L4-cmsa-polygons-2019,2019,WEAK,0,0.0,0.0,UNLABELED,,,
ZJ_U51_5K_E077_N671,5000,ZJ-HZB,L5-cmsa-polygons-2020,2020,WEAK,0,0.0,0.0,UNLABELED,,,
ZJ_U51_5K_E077_N671,5000,ZJ-HZB,L6-cmsa-polygons-2021,2021,WEAK,0,0.0,0.0,UNLABELED,,,
ZJ_U51_5K_E077_N672,5000,ZJ-HZB,L1-china2015-raster30m,2015,SILVER,0,0.0,0.0,UNLABELED,,,
ZJ_U51_5K_E077_N672,5000,ZJ-HZB,L2-cmssm2020-polygons,2020,WEAK,0,0.0,0.0,UNLABELED,,,
ZJ_U51_5K_E077_N672,5000,ZJ-HZB,L3-hangzhou-mask-2015,2015,WEAK,0,0.0,0.0,UNLABELED,,,
ZJ_U51_5K_E077_N672,5000,ZJ-HZB,L4-cmsa-polygons-2019,2019,WEAK,0,0.0,0.0,UNLABELED,,,
ZJ_U51_5K_E077_N672,5000,ZJ-HZB,L5-cmsa-polygons-2020,2020,WEAK,0,0.0,0.0,UNLABELED,,,
ZJ_U51_5K_E077_N672,5000,ZJ-HZB,L6-cmsa-polygons-2021,2021,WEAK,0,0.0,0.0,UNLABELED,,,
ZJ_U51_5K_E077_N673,5000,ZJ-HZB,L1-china2015-raster30m,2015,SILVER,0,0.0,0.0,UNLABELED,,,
ZJ_U51_5K_E077_N673,5000,ZJ-HZB,L2-cmssm2020-polygons,2020,WEAK,0,0.0,0.0,UNLABELED,,,
ZJ_U51_5K_E077_N673,5000,ZJ-HZB,L3-hangzhou-mask-2015,2015,WEAK,0,0.0,0.0,UNLABELED,,,
ZJ_U51_5K_E077_N673,5000,ZJ-HZB,L4-cmsa-polygons-2019,2019,WEAK,0,0.0,0.0,UNLABELED,,,
ZJ_U51_5K_E077_N673,5000,ZJ-HZB,L5-cmsa-polygons-2020,2020,WEAK,0,0.0,0.0,UNLABELED,,,
ZJ_U51_5K_E077_N673,5000,ZJ-HZB,L6-cmsa-polygons-2021,2021,WEAK,0,0.0,0.0,UNLABELED,,,
ZJ_U51_5K_E077_N674,5000,ZJ-HZB,L1-china2015-raster30m,2015,SILVER,0,0.0,0.0,UNLABELED,,,
ZJ_U51_5K_E077_N674,5000,ZJ-HZB,L2-cmssm2020-polygons,2020,WEAK,0,0.0,0.0,UNLABELED,,,
ZJ_U51_5K_E077_N674,5000,ZJ-HZB,L3-hangzhou-mask-2015,2015,WEAK,0,0.0,0.0,UNLABELED,,,
ZJ_U51_5K_E077_N674,5000,ZJ-HZB,L4-cmsa-polygons-2019,2019,WEAK,0,0.0,0.0,UNLABELED,,,
ZJ_U51_5K_E077_N674,5000,ZJ-HZB,L5-cmsa-polygons-2020,2020,WEAK,0,0.0,0.0,UNLABELED,,,
ZJ_U51_5K_E077_N674,5000,ZJ-HZB,L6-cmsa-polygons-2021,2021,WEAK,0,0.0,0.0,UNLABELED,,,
ZJ_U51_5K_E077_N675,5000,ZJ-HZB,L1-china2015-raster30m,2015,SILVER,0,0.0,0.0,UNLABELED,,,
ZJ_U51_5K_E077_N675,5000,ZJ-HZB,L2-cmssm2020-polygons,2020,WEAK,0,0.0,0.0,UNLABELED,,,
ZJ_U51_5K_E077_N675,5000,ZJ-HZB,L3-hangzhou-mask-2015,2015,WEAK,0,0.0,0.0,UNLABELED,,,
ZJ_U51_5K_E077_N675,5000,ZJ-HZB,L4-cmsa-polygons-2019,2019,WEAK,0,0.0,0.0,UNLABELED,,,
ZJ_U51_5K_E077_N675,5000,ZJ-HZB,L5-cmsa-polygons-2020,2020,WEAK,0,0.0,0.0,UNLABELED,,,
ZJ_U51_5K_E077_N675,5000,ZJ-HZB,L6-cmsa-polygons-2021,2021,WEAK,0,0.0,0.0,UNLABELED,,,
ZJ_U51_5K_E077_N676,5000,ZJ-HZB,L1-china2015-raster30m,2015,SILVER,0,0.0,0.0,UNLABELED,,,
ZJ_U51_5K_E077_N676,5000,ZJ-HZB,L2-cmssm2020-polygons,2020,WEAK,0,0.0,0.0,UNLABELED,,,
ZJ_U51_5K_E077_N676,5000,ZJ-HZB,L3-hangzhou-mask-2015,2015,WEAK,0,0.0,0.0,UNLABELED,,,
ZJ_U51_5K_E077_N676,5000,ZJ-HZB,L4-cmsa-polygons-2019,2019,WEAK,0,0.0,0.0,UNLABELED,,,
ZJ_U51_5K_E077_N676,5000,ZJ-HZB,L5-cmsa-polygons-2020,2020,WEAK,0,0.0,0.0,UNLABELED,,,
ZJ_U51_5K_E077_N676,5000,ZJ-HZB,L6-cmsa-polygons-2021,2021,WEAK,0,0.0,0.0,UNLABELED,,,
ZJ_U51_5K_E077_N677,5000,ZJ-HZB,L1-china2015-raster30m,2015,SILVER,0,0.0,0.0,UNLABELED,,,
ZJ_U51_5K_E077_N677,5000,ZJ-HZB,L2-cmssm2020-polygons,2020,WEAK,0,0.0,0.0,UNLABELED,,,
ZJ_U51_5K_E077_N677,5000,ZJ-HZB,L3-hangzhou-mask-2015,2015,WEAK,0,0.0,0.0,UNLABELED,,,
ZJ_U51_5K_E077_N677,5000,ZJ-HZB,L4-cmsa-polygons-2019,2019,WEAK,0,0.0,0.0,UNLABELED,,,
ZJ_U51_5K_E077_N677,5000,ZJ-HZB,L5-cmsa-polygons-2020,2020,WEAK,0,0.0,0.0,UNLABELED,,,
ZJ_U51_5K_E077_N677,5000,ZJ-HZB,L6-cmsa-polygons-2021,2021,WEAK,0,0.0,0.0,UNLABELED,,,
ZJ_U51_5K_E077_N678,5000,ZJ-HZB,L1-china2015-raster30m,2015,SILVER,0,0.0,0.0,UNLABELED,,,
ZJ_U51_5K_E077_N678,5000,ZJ-HZB,L2-cmssm2020-polygons,2020,WEAK,0,0.0,0.0,UNLABELED,,,
ZJ_U51_5K_E077_N678,5000,ZJ-HZB,L3-hangzhou-mask-2015,2015,WEAK,0,0.0,0.0,UNLABELED,,,
ZJ_U51_5K_E077_N678,5000,ZJ-HZB,L4-cmsa-polygons-2019,2019,WEAK,0,0.0,0.0,UNLABELED,,,
ZJ_U51_5K_E077_N678,5000,ZJ-HZB,L5-cmsa-polygons-2020,2020,WEAK,0,0.0,0.0,UNLABELED,,,
ZJ_U51_5K_E077_N678,5000,ZJ-HZB,L6-cmsa-polygons-2021,2021,WEAK,0,0.0,0.0,UNLABELED,,,
ZJ_U51_5K_E077_N679,5000,ZJ-HZB,L1-china2015-raster30m,2015,SILVER,0,0.0,0.0,UNLABELED,,,
ZJ_U51_5K_E077_N679,5000,ZJ-HZB,L2-cmssm2020-polygons,2020,WEAK,0,0.0,0.0,UNLABELED,,,
ZJ_U51_5K_E077_N679,5000,ZJ-HZB,L3-hangzhou-mask-2015,2015,WEAK,0,0.0,0.0,UNLABELED,,,
ZJ_U51_5K_E077_N679,5000,ZJ-HZB,L4-cmsa-polygons-2019,2019,WEAK,0,0.0,0.0,UNLABELED,,,
ZJ_U51_5K_E077_N679,5000,ZJ-HZB,L5-cmsa-polygons-2020,2020,WEAK,0,0.0,0.0,UNLABELED,,,
ZJ_U51_5K_E077_N679,5000,ZJ-HZB,L6-cmsa-polygons-2021,2021,WEAK,0,0.0,0.0,UNLABELED,,,
ZJ_U51_5K_E077_N680,5000,ZJ-HZB,L1-china2015-raster30m,2015,SILVER,0,0.0,0.0,UNLABELED,,,
ZJ_U51_5K_E077_N680,5000,ZJ-HZB,L2-cmssm2020-polygons,2020,WEAK,0,0.0,0.0,UNLABELED,,,
ZJ_U51_5K_E077_N680,5000,ZJ-HZB,L3-hangzhou-mask-2015,2015,WEAK,0,0.0,0.0,UNLABELED,,,
ZJ_U51_5K_E077_N680,5000,ZJ-HZB,L4-cmsa-polygons-2019,2019,WEAK,0,0.0,0.0,UNLABELED,,,
ZJ_U51_5K_E077_N680,5000,ZJ-HZB,L5-cmsa-polygons-2020,2020,WEAK,0,0.0,0.0,UNLABELED,,,
ZJ_U51_5K_E077_N680,5000,ZJ-HZB,L6-cmsa-polygons-2021,2021,WEAK,0,0.0,0.0,UNLABELED,,,
ZJ_U51_5K_E077_N681,5000,ZJ-HZB,L1-china2015-raster30m,2015,SILVER,0,0.0,0.0,UNLABELED,,,
ZJ_U51_5K_E077_N681,5000,ZJ-HZB,L2-cmssm2020-polygons,2020,WEAK,0,0.0,0.0,UNLABELED,,,
ZJ_U51_5K_E077_N681,5000,ZJ-HZB,L3-hangzhou-mask-2015,2015,WEAK,0,0.0,0.0,UNLABELED,,,
ZJ_U51_5K_E077_N681,5000,ZJ-HZB,L4-cmsa-polygons-2019,2019,WEAK,0,0.0,0.0,UNLABELED,,,
ZJ_U51_5K_E077_N681,5000,ZJ-HZB,L5-cmsa-polygons-2020,2020,WEAK,0,0.0,0.0,UNLABELED,,,
ZJ_U51_5K_E077_N681,5000,ZJ-HZB,L6-cmsa-polygons-2021,2021,WEAK,0,0.0,0.0,UNLABELED,,,
ZJ_U51_5K_E077_N682,5000,ZJ-HZB,L1-china2015-raster30m,2015,SILVER,0,0.0,0.0,UNLABELED,,,
ZJ_U51_5K_E077_N682,5000,ZJ-HZB,L2-cmssm2020-polygons,2020,WEAK,0,0.0,0.0,UNLABELED,,,
ZJ_U51_5K_E077_N682,5000,ZJ-HZB,L3-hangzhou-mask-2015,2015,WEAK,0,0.0,0.0,UNLABELED,,,
ZJ_U51_5K_E077_N682,5000,ZJ-HZB,L4-cmsa-polygons-2019,2019,WEAK,0,0.0,0.0,UNLABELED,,,
ZJ_U51_5K_E077_N682,5000,ZJ-HZB,L5-cmsa-polygons-2020,2020,WEAK,0,0.0,0.0,UNLABELED,,,
ZJ_U51_5K_E077_N682,5000,ZJ-HZB,L6-cmsa-polygons-2021,2021,WEAK,0,0.0,0.0,UNLABELED,,,
ZJ_U51_5K_E077_N683,5000,ZJ-HZB,L1-china2015-raster30m,2015,SILVER,0,0.0,0.0,UNLABELED,,,
ZJ_U51_5K_E077_N683,5000,ZJ-HZB,L2-cmssm2020-polygons,2020,WEAK,0,0.0,0.0,UNLABELED,,,
ZJ_U51_5K_E077_N683,5000,ZJ-HZB,L3-hangzhou-mask-2015,2015,WEAK,0,0.0,0.0,UNLABELED,,,
ZJ_U51_5K_E077_N683,5000,ZJ-HZB,L4-cmsa-polygons-2019,2019,WEAK,0,0.0,0.0,UNLABELED,,,
ZJ_U51_5K_E077_N683,5000,ZJ-HZB,L5-cmsa-polygons-2020,2020,WEAK,0,0.0,0.0,UNLABELED,,,
ZJ_U51_5K_E077_N683,5000,ZJ-HZB,L6-cmsa-polygons-2021,2021,WEAK,0,0.0,0.0,UNLABELED,,,
ZJ_U51_5K_E078_N641,5000,ZJ-SMB,L1-china2015-raster30m,2015,SILVER,0,0.0,0.0,UNLABELED,,,
ZJ_U51_5K_E078_N641,5000,ZJ-SMB,L2-cmssm2020-polygons,2020,WEAK,0,0.0,0.0,UNLABELED,,,
ZJ_U51_5K_E078_N641,5000,ZJ-SMB,L3-hangzhou-mask-2015,2015,WEAK,0,0.0,0.0,UNLABELED,,,
ZJ_U51_5K_E078_N641,5000,ZJ-SMB,L4-cmsa-polygons-2019,2019,WEAK,0,0.0,0.0,UNLABELED,,,
ZJ_U51_5K_E078_N641,5000,ZJ-SMB,L5-cmsa-polygons-2020,2020,WEAK,0,0.0,0.0,UNLABELED,,,
ZJ_U51_5K_E078_N641,5000,ZJ-SMB,L6-cmsa-polygons-2021,2021,WEAK,0,0.0,0.0,UNLABELED,,,
ZJ_U51_5K_E078_N642,5000,ZJ-SMB,L1-china2015-raster30m,2015,SILVER,0,0.0,0.0,UNLABELED,,,
ZJ_U51_5K_E078_N642,5000,ZJ-SMB,L2-cmssm2020-polygons,2020,WEAK,0,0.0,0.0,UNLABELED,,,
ZJ_U51_5K_E078_N642,5000,ZJ-SMB,L3-hangzhou-mask-2015,2015,WEAK,0,0.0,0.0,UNLABELED,,,
ZJ_U51_5K_E078_N642,5000,ZJ-SMB,L4-cmsa-polygons-2019,2019,WEAK,0,0.0,0.0,UNLABELED,,,
ZJ_U51_5K_E078_N642,5000,ZJ-SMB,L5-cmsa-polygons-2020,2020,WEAK,0,0.0,0.0,UNLABELED,,,
ZJ_U51_5K_E078_N642,5000,ZJ-SMB,L6-cmsa-polygons-2021,2021,WEAK,0,0.0,0.0,UNLABELED,,,
ZJ_U51_5K_E078_N643,5000,ZJ-SMB,L1-china2015-raster30m,2015,SILVER,77,0.0693,0.002772,SILVER,,,
ZJ_U51_5K_E078_N643,5000,ZJ-SMB,L2-cmssm2020-polygons,2020,WEAK,0,0.0,0.0,SILVER,,,
ZJ_U51_5K_E078_N643,5000,ZJ-SMB,L3-hangzhou-mask-2015,2015,WEAK,0,0.0,0.0,SILVER,,,
ZJ_U51_5K_E078_N643,5000,ZJ-SMB,L4-cmsa-polygons-2019,2019,WEAK,0,0.0,0.0,SILVER,,,
ZJ_U51_5K_E078_N643,5000,ZJ-SMB,L5-cmsa-polygons-2020,2020,WEAK,0,0.0,0.0,SILVER,,,
ZJ_U51_5K_E078_N643,5000,ZJ-SMB,L6-cmsa-polygons-2021,2021,WEAK,0,0.0,0.0,SILVER,,,
ZJ_U51_5K_E078_N644,5000,ZJ-SMB,L1-china2015-raster30m,2015,SILVER,81,0.0729,0.002916,SILVER,,,
ZJ_U51_5K_E078_N644,5000,ZJ-SMB,L2-cmssm2020-polygons,2020,WEAK,0,0.0,0.0,SILVER,,,
ZJ_U51_5K_E078_N644,5000,ZJ-SMB,L3-hangzhou-mask-2015,2015,WEAK,0,0.0,0.0,SILVER,,,
ZJ_U51_5K_E078_N644,5000,ZJ-SMB,L4-cmsa-polygons-2019,2019,WEAK,0,0.0,0.0,SILVER,,,
ZJ_U51_5K_E078_N644,5000,ZJ-SMB,L5-cmsa-polygons-2020,2020,WEAK,0,0.0,0.0,SILVER,,,
ZJ_U51_5K_E078_N644,5000,ZJ-SMB,L6-cmsa-polygons-2021,2021,WEAK,0,0.0,0.0,SILVER,,,
ZJ_U51_5K_E078_N645,5000,ZJ-SMB,L1-china2015-raster30m,2015,SILVER,248,0.2232,0.008928,SILVER,,,
ZJ_U51_5K_E078_N645,5000,ZJ-SMB,L2-cmssm2020-polygons,2020,WEAK,0,0.0,0.0,SILVER,,,
ZJ_U51_5K_E078_N645,5000,ZJ-SMB,L3-hangzhou-mask-2015,2015,WEAK,0,0.0,0.0,SILVER,,,
ZJ_U51_5K_E078_N645,5000,ZJ-SMB,L4-cmsa-polygons-2019,2019,WEAK,0,0.0,0.0,SILVER,,,
ZJ_U51_5K_E078_N645,5000,ZJ-SMB,L5-cmsa-polygons-2020,2020,WEAK,0,0.0,0.0,SILVER,,,
ZJ_U51_5K_E078_N645,5000,ZJ-SMB,L6-cmsa-polygons-2021,2021,WEAK,0,0.0,0.0,SILVER,,,
ZJ_U51_5K_E078_N646,5000,ZJ-SMB,L1-china2015-raster30m,2015,SILVER,0,0.0,0.0,UNLABELED,,,
ZJ_U51_5K_E078_N646,5000,ZJ-SMB,L2-cmssm2020-polygons,2020,WEAK,0,0.0,0.0,UNLABELED,,,
ZJ_U51_5K_E078_N646,5000,ZJ-SMB,L3-hangzhou-mask-2015,2015,WEAK,0,0.0,0.0,UNLABELED,,,
ZJ_U51_5K_E078_N646,5000,ZJ-SMB,L4-cmsa-polygons-2019,2019,WEAK,0,0.0,0.0,UNLABELED,,,
ZJ_U51_5K_E078_N646,5000,ZJ-SMB,L5-cmsa-polygons-2020,2020,WEAK,0,0.0,0.0,UNLABELED,,,
ZJ_U51_5K_E078_N646,5000,ZJ-SMB,L6-cmsa-polygons-2021,2021,WEAK,0,0.0,0.0,UNLABELED,,,
ZJ_U51_5K_E078_N677,5000,ZJ-HZB,L1-china2015-raster30m,2015,SILVER,0,0.0,0.0,UNLABELED,,,
ZJ_U51_5K_E078_N677,5000,ZJ-HZB,L2-cmssm2020-polygons,2020,WEAK,0,0.0,0.0,UNLABELED,,,
ZJ_U51_5K_E078_N677,5000,ZJ-HZB,L3-hangzhou-mask-2015,2015,WEAK,0,0.0,0.0,UNLABELED,,,
ZJ_U51_5K_E078_N677,5000,ZJ-HZB,L4-cmsa-polygons-2019,2019,WEAK,0,0.0,0.0,UNLABELED,,,
ZJ_U51_5K_E078_N677,5000,ZJ-HZB,L5-cmsa-polygons-2020,2020,WEAK,0,0.0,0.0,UNLABELED,,,
ZJ_U51_5K_E078_N677,5000,ZJ-HZB,L6-cmsa-polygons-2021,2021,WEAK,0,0.0,0.0,UNLABELED,,,
ZJ_U51_5K_E078_N678,5000,ZJ-HZB,L1-china2015-raster30m,2015,SILVER,0,0.0,0.0,UNLABELED,,,
ZJ_U51_5K_E078_N678,5000,ZJ-HZB,L2-cmssm2020-polygons,2020,WEAK,0,0.0,0.0,UNLABELED,,,
ZJ_U51_5K_E078_N678,5000,ZJ-HZB,L3-hangzhou-mask-2015,2015,WEAK,0,0.0,0.0,UNLABELED,,,
ZJ_U51_5K_E078_N678,5000,ZJ-HZB,L4-cmsa-polygons-2019,2019,WEAK,0,0.0,0.0,UNLABELED,,,
ZJ_U51_5K_E078_N678,5000,ZJ-HZB,L5-cmsa-polygons-2020,2020,WEAK,0,0.0,0.0,UNLABELED,,,
ZJ_U51_5K_E078_N678,5000,ZJ-HZB,L6-cmsa-polygons-2021,2021,WEAK,0,0.0,0.0,UNLABELED,,,
ZJ_U51_5K_E078_N679,5000,ZJ-HZB,L1-china2015-raster30m,2015,SILVER,0,0.0,0.0,UNLABELED,,,
ZJ_U51_5K_E078_N679,5000,ZJ-HZB,L2-cmssm2020-polygons,2020,WEAK,0,0.0,0.0,UNLABELED,,,
ZJ_U51_5K_E078_N679,5000,ZJ-HZB,L3-hangzhou-mask-2015,2015,WEAK,0,0.0,0.0,UNLABELED,,,
ZJ_U51_5K_E078_N679,5000,ZJ-HZB,L4-cmsa-polygons-2019,2019,WEAK,0,0.0,0.0,UNLABELED,,,
ZJ_U51_5K_E078_N679,5000,ZJ-HZB,L5-cmsa-polygons-2020,2020,WEAK,0,0.0,0.0,UNLABELED,,,
ZJ_U51_5K_E078_N679,5000,ZJ-HZB,L6-cmsa-polygons-2021,2021,WEAK,0,0.0,0.0,UNLABELED,,,
ZJ_U51_5K_E078_N680,5000,ZJ-HZB,L1-china2015-raster30m,2015,SILVER,0,0.0,0.0,UNLABELED,,,
ZJ_U51_5K_E078_N680,5000,ZJ-HZB,L2-cmssm2020-polygons,2020,WEAK,0,0.0,0.0,UNLABELED,,,
ZJ_U51_5K_E078_N680,5000,ZJ-HZB,L3-hangzhou-mask-2015,2015,WEAK,0,0.0,0.0,UNLABELED,,,
ZJ_U51_5K_E078_N680,5000,ZJ-HZB,L4-cmsa-polygons-2019,2019,WEAK,0,0.0,0.0,UNLABELED,,,
ZJ_U51_5K_E078_N680,5000,ZJ-HZB,L5-cmsa-polygons-2020,2020,WEAK,0,0.0,0.0,UNLABELED,,,
ZJ_U51_5K_E078_N680,5000,ZJ-HZB,L6-cmsa-polygons-2021,2021,WEAK,0,0.0,0.0,UNLABELED,,,
ZJ_U51_5K_E078_N681,5000,ZJ-HZB,L1-china2015-raster30m,2015,SILVER,0,0.0,0.0,UNLABELED,,,
ZJ_U51_5K_E078_N681,5000,ZJ-HZB,L2-cmssm2020-polygons,2020,WEAK,0,0.0,0.0,UNLABELED,,,
ZJ_U51_5K_E078_N681,5000,ZJ-HZB,L3-hangzhou-mask-2015,2015,WEAK,0,0.0,0.0,UNLABELED,,,
ZJ_U51_5K_E078_N681,5000,ZJ-HZB,L4-cmsa-polygons-2019,2019,WEAK,0,0.0,0.0,UNLABELED,,,
ZJ_U51_5K_E078_N681,5000,ZJ-HZB,L5-cmsa-polygons-2020,2020,WEAK,0,0.0,0.0,UNLABELED,,,
ZJ_U51_5K_E078_N681,5000,ZJ-HZB,L6-cmsa-polygons-2021,2021,WEAK,0,0.0,0.0,UNLABELED,,,
ZJ_U51_5K_E078_N682,5000,ZJ-HZB,L1-china2015-raster30m,2015,SILVER,11,0.0099,0.000396,SILVER,,,
ZJ_U51_5K_E078_N682,5000,ZJ-HZB,L2-cmssm2020-polygons,2020,WEAK,0,0.0,0.0,SILVER,,,
ZJ_U51_5K_E078_N682,5000,ZJ-HZB,L3-hangzhou-mask-2015,2015,WEAK,0,0.0,0.0,SILVER,,,
ZJ_U51_5K_E078_N682,5000,ZJ-HZB,L4-cmsa-polygons-2019,2019,WEAK,0,0.0,0.0,SILVER,,,
ZJ_U51_5K_E078_N682,5000,ZJ-HZB,L5-cmsa-polygons-2020,2020,WEAK,0,0.0,0.0,SILVER,,,
ZJ_U51_5K_E078_N682,5000,ZJ-HZB,L6-cmsa-polygons-2021,2021,WEAK,0,0.0,0.0,SILVER,,,
ZJ_U51_5K_E078_N683,5000,ZJ-HZB,L1-china2015-raster30m,2015,SILVER,0,0.0,0.0,UNLABELED,,,
ZJ_U51_5K_E078_N683,5000,ZJ-HZB,L2-cmssm2020-polygons,2020,WEAK,0,0.0,0.0,UNLABELED,,,
ZJ_U51_5K_E078_N683,5000,ZJ-HZB,L3-hangzhou-mask-2015,2015,WEAK,0,0.0,0.0,UNLABELED,,,
ZJ_U51_5K_E078_N683,5000,ZJ-HZB,L4-cmsa-polygons-2019,2019,WEAK,0,0.0,0.0,UNLABELED,,,
ZJ_U51_5K_E078_N683,5000,ZJ-HZB,L5-cmsa-polygons-2020,2020,WEAK,0,0.0,0.0,UNLABELED,,,
ZJ_U51_5K_E078_N683,5000,ZJ-HZB,L6-cmsa-polygons-2021,2021,WEAK,0,0.0,0.0,UNLABELED,,,
ZJ_U51_5K_E079_N642,5000,ZJ-SMB,L1-china2015-raster30m,2015,SILVER,0,0.0,0.0,UNLABELED,,,
ZJ_U51_5K_E079_N642,5000,ZJ-SMB,L2-cmssm2020-polygons,2020,WEAK,0,0.0,0.0,UNLABELED,,,
ZJ_U51_5K_E079_N642,5000,ZJ-SMB,L3-hangzhou-mask-2015,2015,WEAK,0,0.0,0.0,UNLABELED,,,
ZJ_U51_5K_E079_N642,5000,ZJ-SMB,L4-cmsa-polygons-2019,2019,WEAK,0,0.0,0.0,UNLABELED,,,
ZJ_U51_5K_E079_N642,5000,ZJ-SMB,L5-cmsa-polygons-2020,2020,WEAK,0,0.0,0.0,UNLABELED,,,
ZJ_U51_5K_E079_N642,5000,ZJ-SMB,L6-cmsa-polygons-2021,2021,WEAK,0,0.0,0.0,UNLABELED,,,
ZJ_U51_5K_E079_N643,5000,ZJ-SMB,L1-china2015-raster30m,2015,SILVER,0,0.0,0.0,UNLABELED,,,
ZJ_U51_5K_E079_N643,5000,ZJ-SMB,L2-cmssm2020-polygons,2020,WEAK,0,0.0,0.0,UNLABELED,,,
ZJ_U51_5K_E079_N643,5000,ZJ-SMB,L3-hangzhou-mask-2015,2015,WEAK,0,0.0,0.0,UNLABELED,,,
ZJ_U51_5K_E079_N643,5000,ZJ-SMB,L4-cmsa-polygons-2019,2019,WEAK,0,0.0,0.0,UNLABELED,,,
ZJ_U51_5K_E079_N643,5000,ZJ-SMB,L5-cmsa-polygons-2020,2020,WEAK,0,0.0,0.0,UNLABELED,,,
ZJ_U51_5K_E079_N643,5000,ZJ-SMB,L6-cmsa-polygons-2021,2021,WEAK,0,0.0,0.0,UNLABELED,,,
ZJ_U51_5K_E079_N644,5000,ZJ-SMB,L1-china2015-raster30m,2015,SILVER,0,0.0,0.0,UNLABELED,,,
ZJ_U51_5K_E079_N644,5000,ZJ-SMB,L2-cmssm2020-polygons,2020,WEAK,0,0.0,0.0,UNLABELED,,,
ZJ_U51_5K_E079_N644,5000,ZJ-SMB,L3-hangzhou-mask-2015,2015,WEAK,0,0.0,0.0,UNLABELED,,,
ZJ_U51_5K_E079_N644,5000,ZJ-SMB,L4-cmsa-polygons-2019,2019,WEAK,0,0.0,0.0,UNLABELED,,,
ZJ_U51_5K_E079_N644,5000,ZJ-SMB,L5-cmsa-polygons-2020,2020,WEAK,0,0.0,0.0,UNLABELED,,,
ZJ_U51_5K_E079_N644,5000,ZJ-SMB,L6-cmsa-polygons-2021,2021,WEAK,0,0.0,0.0,UNLABELED,,,
ZJ_U51_5K_E079_N645,5000,ZJ-SMB,L1-china2015-raster30m,2015,SILVER,178,0.1602,0.006408,SILVER,,,
ZJ_U51_5K_E079_N645,5000,ZJ-SMB,L2-cmssm2020-polygons,2020,WEAK,0,0.0,0.0,SILVER,,,
ZJ_U51_5K_E079_N645,5000,ZJ-SMB,L3-hangzhou-mask-2015,2015,WEAK,0,0.0,0.0,SILVER,,,
ZJ_U51_5K_E079_N645,5000,ZJ-SMB,L4-cmsa-polygons-2019,2019,WEAK,0,0.0,0.0,SILVER,,,
ZJ_U51_5K_E079_N645,5000,ZJ-SMB,L5-cmsa-polygons-2020,2020,WEAK,0,0.0,0.0,SILVER,,,
ZJ_U51_5K_E079_N645,5000,ZJ-SMB,L6-cmsa-polygons-2021,2021,WEAK,0,0.0,0.0,SILVER,,,
ZJ_U51_5K_E079_N683,5000,ZJ-HZB,L1-china2015-raster30m,2015,SILVER,50,0.045,0.0018,SILVER,,,
ZJ_U51_5K_E079_N683,5000,ZJ-HZB,L2-cmssm2020-polygons,2020,WEAK,0,0.0,0.0,SILVER,,,
ZJ_U51_5K_E079_N683,5000,ZJ-HZB,L3-hangzhou-mask-2015,2015,WEAK,0,0.0,0.0,SILVER,,,
ZJ_U51_5K_E079_N683,5000,ZJ-HZB,L4-cmsa-polygons-2019,2019,WEAK,0,0.0,0.0,SILVER,,,
ZJ_U51_5K_E079_N683,5000,ZJ-HZB,L5-cmsa-polygons-2020,2020,WEAK,0,0.0,0.0,SILVER,,,
ZJ_U51_5K_E079_N683,5000,ZJ-HZB,L6-cmsa-polygons-2021,2021,WEAK,0,0.0,0.0,SILVER,,,
ZJ_U51_10K_E029_N309,10000,ZJ-YQB,L1-china2015-raster30m,2015,SILVER,811,0.7299,0.007299,SILVER,,,
ZJ_U51_10K_E029_N309,10000,ZJ-YQB,L2-cmssm2020-polygons,2020,WEAK,0,0.0,0.0,SILVER,,,
ZJ_U51_10K_E029_N309,10000,ZJ-YQB,L3-hangzhou-mask-2015,2015,WEAK,0,0.0,0.0,SILVER,,,
ZJ_U51_10K_E029_N309,10000,ZJ-YQB,L4-cmsa-polygons-2019,2019,WEAK,0,0.0,0.0,SILVER,,,
ZJ_U51_10K_E029_N309,10000,ZJ-YQB,L5-cmsa-polygons-2020,2020,WEAK,0,0.0,0.0,SILVER,,,
ZJ_U51_10K_E029_N309,10000,ZJ-YQB,L6-cmsa-polygons-2021,2021,WEAK,0,0.0,0.0,SILVER,,,
ZJ_U51_10K_E029_N310,10000,ZJ-YQB,L1-china2015-raster30m,2015,SILVER,0,0.0,0.0,UNLABELED,,,
ZJ_U51_10K_E029_N310,10000,ZJ-YQB,L2-cmssm2020-polygons,2020,WEAK,0,0.0,0.0,UNLABELED,,,
ZJ_U51_10K_E029_N310,10000,ZJ-YQB,L3-hangzhou-mask-2015,2015,WEAK,0,0.0,0.0,UNLABELED,,,
ZJ_U51_10K_E029_N310,10000,ZJ-YQB,L4-cmsa-polygons-2019,2019,WEAK,0,0.0,0.0,UNLABELED,,,
ZJ_U51_10K_E029_N310,10000,ZJ-YQB,L5-cmsa-polygons-2020,2020,WEAK,0,0.0,0.0,UNLABELED,,,
ZJ_U51_10K_E029_N310,10000,ZJ-YQB,L6-cmsa-polygons-2021,2021,WEAK,0,0.0,0.0,UNLABELED,,,
ZJ_U51_10K_E029_N335,10000,ZJ-HZB,L1-china2015-raster30m,2015,SILVER,42,0.0378,0.000378,SILVER,,,
ZJ_U51_10K_E029_N335,10000,ZJ-HZB,L2-cmssm2020-polygons,2020,WEAK,0,0.0,0.0,SILVER,,,
ZJ_U51_10K_E029_N335,10000,ZJ-HZB,L3-hangzhou-mask-2015,2015,WEAK,0,0.0,0.0,SILVER,,,
ZJ_U51_10K_E029_N335,10000,ZJ-HZB,L4-cmsa-polygons-2019,2019,WEAK,0,0.0,0.0,SILVER,,,
ZJ_U51_10K_E029_N335,10000,ZJ-HZB,L5-cmsa-polygons-2020,2020,WEAK,0,0.0,0.0,SILVER,,,
ZJ_U51_10K_E029_N335,10000,ZJ-HZB,L6-cmsa-polygons-2021,2021,WEAK,0,0.0,0.0,SILVER,,,
ZJ_U51_10K_E029_N336,10000,ZJ-HZB,L1-china2015-raster30m,2015,SILVER,687,0.6183,0.006183,SILVER,,,
ZJ_U51_10K_E029_N336,10000,ZJ-HZB,L2-cmssm2020-polygons,2020,WEAK,0,0.0,0.0,SILVER,,,
ZJ_U51_10K_E029_N336,10000,ZJ-HZB,L3-hangzhou-mask-2015,2015,WEAK,0,0.0,0.0,SILVER,,,
ZJ_U51_10K_E029_N336,10000,ZJ-HZB,L4-cmsa-polygons-2019,2019,WEAK,0,0.0,0.0,SILVER,,,
ZJ_U51_10K_E029_N336,10000,ZJ-HZB,L5-cmsa-polygons-2020,2020,WEAK,0,0.0,0.0,SILVER,,,
ZJ_U51_10K_E029_N336,10000,ZJ-HZB,L6-cmsa-polygons-2021,2021,WEAK,0,0.0,0.0,SILVER,,,
ZJ_U51_10K_E030_N309,10000,ZJ-YQB,L1-china2015-raster30m,2015,SILVER,1165,1.0485,0.010485,SILVER,,,
ZJ_U51_10K_E030_N309,10000,ZJ-YQB,L2-cmssm2020-polygons,2020,WEAK,0,0.0,0.0,SILVER,,,
ZJ_U51_10K_E030_N309,10000,ZJ-YQB,L3-hangzhou-mask-2015,2015,WEAK,0,0.0,0.0,SILVER,,,
ZJ_U51_10K_E030_N309,10000,ZJ-YQB,L4-cmsa-polygons-2019,2019,WEAK,0,0.0,0.0,SILVER,,,
ZJ_U51_10K_E030_N309,10000,ZJ-YQB,L5-cmsa-polygons-2020,2020,WEAK,0,0.0,0.0,SILVER,,,
ZJ_U51_10K_E030_N309,10000,ZJ-YQB,L6-cmsa-polygons-2021,2021,WEAK,0,0.0,0.0,SILVER,,,
ZJ_U51_10K_E030_N310,10000,ZJ-YQB,L1-china2015-raster30m,2015,SILVER,2066,1.8594,0.018594,SILVER,,,
ZJ_U51_10K_E030_N310,10000,ZJ-YQB,L2-cmssm2020-polygons,2020,WEAK,0,0.0,0.0,SILVER,,,
ZJ_U51_10K_E030_N310,10000,ZJ-YQB,L3-hangzhou-mask-2015,2015,WEAK,0,0.0,0.0,SILVER,,,
ZJ_U51_10K_E030_N310,10000,ZJ-YQB,L4-cmsa-polygons-2019,2019,WEAK,0,0.0,0.0,SILVER,,,
ZJ_U51_10K_E030_N310,10000,ZJ-YQB,L5-cmsa-polygons-2020,2020,WEAK,0,0.0,0.0,SILVER,,,
ZJ_U51_10K_E030_N310,10000,ZJ-YQB,L6-cmsa-polygons-2021,2021,WEAK,0,0.0,0.0,SILVER,,,
ZJ_U51_10K_E030_N311,10000,ZJ-YQB,L1-china2015-raster30m,2015,SILVER,985,0.8865,0.008865,SILVER,,,
ZJ_U51_10K_E030_N311,10000,ZJ-YQB,L2-cmssm2020-polygons,2020,WEAK,0,0.0,0.0,SILVER,,,
ZJ_U51_10K_E030_N311,10000,ZJ-YQB,L3-hangzhou-mask-2015,2015,WEAK,0,0.0,0.0,SILVER,,,
ZJ_U51_10K_E030_N311,10000,ZJ-YQB,L4-cmsa-polygons-2019,2019,WEAK,0,0.0,0.0,SILVER,,,
ZJ_U51_10K_E030_N311,10000,ZJ-YQB,L5-cmsa-polygons-2020,2020,WEAK,0,0.0,0.0,SILVER,,,
ZJ_U51_10K_E030_N311,10000,ZJ-YQB,L6-cmsa-polygons-2021,2021,WEAK,0,0.0,0.0,SILVER,,,
ZJ_U51_10K_E030_N312,10000,ZJ-YQB,L1-china2015-raster30m,2015,SILVER,0,0.0,0.0,UNLABELED,,,
ZJ_U51_10K_E030_N312,10000,ZJ-YQB,L2-cmssm2020-polygons,2020,WEAK,0,0.0,0.0,UNLABELED,,,
ZJ_U51_10K_E030_N312,10000,ZJ-YQB,L3-hangzhou-mask-2015,2015,WEAK,0,0.0,0.0,UNLABELED,,,
ZJ_U51_10K_E030_N312,10000,ZJ-YQB,L4-cmsa-polygons-2019,2019,WEAK,0,0.0,0.0,UNLABELED,,,
ZJ_U51_10K_E030_N312,10000,ZJ-YQB,L5-cmsa-polygons-2020,2020,WEAK,0,0.0,0.0,UNLABELED,,,
ZJ_U51_10K_E030_N312,10000,ZJ-YQB,L6-cmsa-polygons-2021,2021,WEAK,0,0.0,0.0,UNLABELED,,,
ZJ_U51_10K_E030_N335,10000,ZJ-HZB,L1-china2015-raster30m,2015,SILVER,0,0.0,0.0,UNLABELED,,,
ZJ_U51_10K_E030_N335,10000,ZJ-HZB,L2-cmssm2020-polygons,2020,WEAK,0,0.0,0.0,UNLABELED,,,
ZJ_U51_10K_E030_N335,10000,ZJ-HZB,L3-hangzhou-mask-2015,2015,WEAK,0,0.0,0.0,UNLABELED,,,
ZJ_U51_10K_E030_N335,10000,ZJ-HZB,L4-cmsa-polygons-2019,2019,WEAK,0,0.0,0.0,UNLABELED,,,
ZJ_U51_10K_E030_N335,10000,ZJ-HZB,L5-cmsa-polygons-2020,2020,WEAK,0,0.0,0.0,UNLABELED,,,
ZJ_U51_10K_E030_N335,10000,ZJ-HZB,L6-cmsa-polygons-2021,2021,WEAK,0,0.0,0.0,UNLABELED,,,
ZJ_U51_10K_E030_N336,10000,ZJ-HZB,L1-china2015-raster30m,2015,SILVER,263,0.2367,0.002367,SILVER,,,
ZJ_U51_10K_E030_N336,10000,ZJ-HZB,L2-cmssm2020-polygons,2020,WEAK,0,0.0,0.0,SILVER,,,
ZJ_U51_10K_E030_N336,10000,ZJ-HZB,L3-hangzhou-mask-2015,2015,WEAK,0,0.0,0.0,SILVER,,,
ZJ_U51_10K_E030_N336,10000,ZJ-HZB,L4-cmsa-polygons-2019,2019,WEAK,0,0.0,0.0,SILVER,,,
ZJ_U51_10K_E030_N336,10000,ZJ-HZB,L5-cmsa-polygons-2020,2020,WEAK,0,0.0,0.0,SILVER,,,
ZJ_U51_10K_E030_N336,10000,ZJ-HZB,L6-cmsa-polygons-2021,2021,WEAK,0,0.0,0.0,SILVER,,,
ZJ_U51_10K_E031_N309,10000,ZJ-YQB,L1-china2015-raster30m,2015,SILVER,65,0.0585,0.000585,SILVER,,,
ZJ_U51_10K_E031_N309,10000,ZJ-YQB,L2-cmssm2020-polygons,2020,WEAK,0,0.0,0.0,SILVER,,,
ZJ_U51_10K_E031_N309,10000,ZJ-YQB,L3-hangzhou-mask-2015,2015,WEAK,0,0.0,0.0,SILVER,,,
ZJ_U51_10K_E031_N309,10000,ZJ-YQB,L4-cmsa-polygons-2019,2019,WEAK,0,0.0,0.0,SILVER,,,
ZJ_U51_10K_E031_N309,10000,ZJ-YQB,L5-cmsa-polygons-2020,2020,WEAK,0,0.0,0.0,SILVER,,,
ZJ_U51_10K_E031_N309,10000,ZJ-YQB,L6-cmsa-polygons-2021,2021,WEAK,0,0.0,0.0,SILVER,,,
ZJ_U51_10K_E031_N310,10000,ZJ-YQB,L1-china2015-raster30m,2015,SILVER,719,0.6471,0.006471,SILVER,,,
ZJ_U51_10K_E031_N310,10000,ZJ-YQB,L2-cmssm2020-polygons,2020,WEAK,0,0.0,0.0,SILVER,,,
ZJ_U51_10K_E031_N310,10000,ZJ-YQB,L3-hangzhou-mask-2015,2015,WEAK,0,0.0,0.0,SILVER,,,
ZJ_U51_10K_E031_N310,10000,ZJ-YQB,L4-cmsa-polygons-2019,2019,WEAK,0,0.0,0.0,SILVER,,,
ZJ_U51_10K_E031_N310,10000,ZJ-YQB,L5-cmsa-polygons-2020,2020,WEAK,0,0.0,0.0,SILVER,,,
ZJ_U51_10K_E031_N310,10000,ZJ-YQB,L6-cmsa-polygons-2021,2021,WEAK,0,0.0,0.0,SILVER,,,
ZJ_U51_10K_E031_N311,10000,ZJ-YQB,L1-china2015-raster30m,2015,SILVER,1920,1.728,0.01728,SILVER,,,
ZJ_U51_10K_E031_N311,10000,ZJ-YQB,L2-cmssm2020-polygons,2020,WEAK,0,0.0,0.0,SILVER,,,
ZJ_U51_10K_E031_N311,10000,ZJ-YQB,L3-hangzhou-mask-2015,2015,WEAK,0,0.0,0.0,SILVER,,,
ZJ_U51_10K_E031_N311,10000,ZJ-YQB,L4-cmsa-polygons-2019,2019,WEAK,0,0.0,0.0,SILVER,,,
ZJ_U51_10K_E031_N311,10000,ZJ-YQB,L5-cmsa-polygons-2020,2020,WEAK,0,0.0,0.0,SILVER,,,
ZJ_U51_10K_E031_N311,10000,ZJ-YQB,L6-cmsa-polygons-2021,2021,WEAK,0,0.0,0.0,SILVER,,,
ZJ_U51_10K_E031_N312,10000,ZJ-YQB,L1-china2015-raster30m,2015,SILVER,4558,4.1022,0.041022,SILVER+WEAK,GOLD_EVIDENCE_TARGET,TEMPORAL_SILVER_2015_VS_WEAK_CMSA_2019_2021_YQB,
ZJ_U51_10K_E031_N312,10000,ZJ-YQB,L2-cmssm2020-polygons,2020,WEAK,0,0.0,0.0,SILVER+WEAK,GOLD_EVIDENCE_TARGET,TEMPORAL_SILVER_2015_VS_WEAK_CMSA_2019_2021_YQB,
ZJ_U51_10K_E031_N312,10000,ZJ-YQB,L3-hangzhou-mask-2015,2015,WEAK,0,0.0,0.0,SILVER+WEAK,GOLD_EVIDENCE_TARGET,TEMPORAL_SILVER_2015_VS_WEAK_CMSA_2019_2021_YQB,
ZJ_U51_10K_E031_N312,10000,ZJ-YQB,L4-cmsa-polygons-2019,2019,WEAK,1,1.0803,0.010803,SILVER+WEAK,GOLD_EVIDENCE_TARGET,TEMPORAL_SILVER_2015_VS_WEAK_CMSA_2019_2021_YQB,
ZJ_U51_10K_E031_N312,10000,ZJ-YQB,L5-cmsa-polygons-2020,2020,WEAK,0,0.0,0.0,SILVER+WEAK,GOLD_EVIDENCE_TARGET,TEMPORAL_SILVER_2015_VS_WEAK_CMSA_2019_2021_YQB,
ZJ_U51_10K_E031_N312,10000,ZJ-YQB,L6-cmsa-polygons-2021,2021,WEAK,1,1.0942,0.010942,SILVER+WEAK,GOLD_EVIDENCE_TARGET,TEMPORAL_SILVER_2015_VS_WEAK_CMSA_2019_2021_YQB,
ZJ_U51_10K_E031_N313,10000,ZJ-YQB,L1-china2015-raster30m,2015,SILVER,3186,2.8674,0.028674,SILVER+WEAK,GOLD_EVIDENCE_TARGET,TEMPORAL_SILVER_2015_VS_WEAK_CMSA_2019_2021_YQB,
ZJ_U51_10K_E031_N313,10000,ZJ-YQB,L2-cmssm2020-polygons,2020,WEAK,0,0.0,0.0,SILVER+WEAK,GOLD_EVIDENCE_TARGET,TEMPORAL_SILVER_2015_VS_WEAK_CMSA_2019_2021_YQB,
ZJ_U51_10K_E031_N313,10000,ZJ-YQB,L3-hangzhou-mask-2015,2015,WEAK,0,0.0,0.0,SILVER+WEAK,GOLD_EVIDENCE_TARGET,TEMPORAL_SILVER_2015_VS_WEAK_CMSA_2019_2021_YQB,
ZJ_U51_10K_E031_N313,10000,ZJ-YQB,L4-cmsa-polygons-2019,2019,WEAK,4,2.1778,0.021778,SILVER+WEAK,GOLD_EVIDENCE_TARGET,TEMPORAL_SILVER_2015_VS_WEAK_CMSA_2019_2021_YQB,
ZJ_U51_10K_E031_N313,10000,ZJ-YQB,L5-cmsa-polygons-2020,2020,WEAK,17,0.997,0.00997,SILVER+WEAK,GOLD_EVIDENCE_TARGET,TEMPORAL_SILVER_2015_VS_WEAK_CMSA_2019_2021_YQB,
ZJ_U51_10K_E031_N313,10000,ZJ-YQB,L6-cmsa-polygons-2021,2021,WEAK,8,2.0849,0.020849,SILVER+WEAK,GOLD_EVIDENCE_TARGET,TEMPORAL_SILVER_2015_VS_WEAK_CMSA_2019_2021_YQB,
ZJ_U51_10K_E031_N334,10000,ZJ-HZB,L1-china2015-raster30m,2015,SILVER,0,0.0,0.0,UNLABELED,,,
ZJ_U51_10K_E031_N334,10000,ZJ-HZB,L2-cmssm2020-polygons,2020,WEAK,0,0.0,0.0,UNLABELED,,,
ZJ_U51_10K_E031_N334,10000,ZJ-HZB,L3-hangzhou-mask-2015,2015,WEAK,0,0.0,0.0,UNLABELED,,,
ZJ_U51_10K_E031_N334,10000,ZJ-HZB,L4-cmsa-polygons-2019,2019,WEAK,0,0.0,0.0,UNLABELED,,,
ZJ_U51_10K_E031_N334,10000,ZJ-HZB,L5-cmsa-polygons-2020,2020,WEAK,0,0.0,0.0,UNLABELED,,,
ZJ_U51_10K_E031_N334,10000,ZJ-HZB,L6-cmsa-polygons-2021,2021,WEAK,0,0.0,0.0,UNLABELED,,,
ZJ_U51_10K_E031_N335,10000,ZJ-HZB,L1-china2015-raster30m,2015,SILVER,474,0.4266,0.004266,SILVER+WEAK,GOLD_EVIDENCE_TARGET,DISAGREEMENT_SILVER_2015_VS_WEAK_2015_HZB,
ZJ_U51_10K_E031_N335,10000,ZJ-HZB,L2-cmssm2020-polygons,2020,WEAK,0,0.0,0.0,SILVER+WEAK,GOLD_EVIDENCE_TARGET,DISAGREEMENT_SILVER_2015_VS_WEAK_2015_HZB,
ZJ_U51_10K_E031_N335,10000,ZJ-HZB,L3-hangzhou-mask-2015,2015,WEAK,4230,3.7972,0.037972,SILVER+WEAK,GOLD_EVIDENCE_TARGET,DISAGREEMENT_SILVER_2015_VS_WEAK_2015_HZB,
ZJ_U51_10K_E031_N335,10000,ZJ-HZB,L4-cmsa-polygons-2019,2019,WEAK,0,0.0,0.0,SILVER+WEAK,GOLD_EVIDENCE_TARGET,DISAGREEMENT_SILVER_2015_VS_WEAK_2015_HZB,
ZJ_U51_10K_E031_N335,10000,ZJ-HZB,L5-cmsa-polygons-2020,2020,WEAK,0,0.0,0.0,SILVER+WEAK,GOLD_EVIDENCE_TARGET,DISAGREEMENT_SILVER_2015_VS_WEAK_2015_HZB,
ZJ_U51_10K_E031_N335,10000,ZJ-HZB,L6-cmsa-polygons-2021,2021,WEAK,0,0.0,0.0,SILVER+WEAK,GOLD_EVIDENCE_TARGET,DISAGREEMENT_SILVER_2015_VS_WEAK_2015_HZB,
ZJ_U51_10K_E031_N336,10000,ZJ-HZB,L1-china2015-raster30m,2015,SILVER,0,0.0,0.0,UNLABELED,,,
ZJ_U51_10K_E031_N336,10000,ZJ-HZB,L2-cmssm2020-polygons,2020,WEAK,0,0.0,0.0,UNLABELED,,,
ZJ_U51_10K_E031_N336,10000,ZJ-HZB,L3-hangzhou-mask-2015,2015,WEAK,0,0.0,0.0,UNLABELED,,,
ZJ_U51_10K_E031_N336,10000,ZJ-HZB,L4-cmsa-polygons-2019,2019,WEAK,0,0.0,0.0,UNLABELED,,,
ZJ_U51_10K_E031_N336,10000,ZJ-HZB,L5-cmsa-polygons-2020,2020,WEAK,0,0.0,0.0,UNLABELED,,,
ZJ_U51_10K_E031_N336,10000,ZJ-HZB,L6-cmsa-polygons-2021,2021,WEAK,0,0.0,0.0,UNLABELED,,,
ZJ_U51_10K_E031_N337,10000,ZJ-HZB,L1-china2015-raster30m,2015,SILVER,0,0.0,0.0,UNLABELED,,,
ZJ_U51_10K_E031_N337,10000,ZJ-HZB,L2-cmssm2020-polygons,2020,WEAK,0,0.0,0.0,UNLABELED,,,
ZJ_U51_10K_E031_N337,10000,ZJ-HZB,L3-hangzhou-mask-2015,2015,WEAK,0,0.0,0.0,UNLABELED,,,
ZJ_U51_10K_E031_N337,10000,ZJ-HZB,L4-cmsa-polygons-2019,2019,WEAK,0,0.0,0.0,UNLABELED,,,
ZJ_U51_10K_E031_N337,10000,ZJ-HZB,L5-cmsa-polygons-2020,2020,WEAK,0,0.0,0.0,UNLABELED,,,
ZJ_U51_10K_E031_N337,10000,ZJ-HZB,L6-cmsa-polygons-2021,2021,WEAK,0,0.0,0.0,UNLABELED,,,
ZJ_U51_10K_E032_N310,10000,ZJ-YQB,L1-china2015-raster30m,2015,SILVER,0,0.0,0.0,UNLABELED,,,
ZJ_U51_10K_E032_N310,10000,ZJ-YQB,L2-cmssm2020-polygons,2020,WEAK,0,0.0,0.0,UNLABELED,,,
ZJ_U51_10K_E032_N310,10000,ZJ-YQB,L3-hangzhou-mask-2015,2015,WEAK,0,0.0,0.0,UNLABELED,,,
ZJ_U51_10K_E032_N310,10000,ZJ-YQB,L4-cmsa-polygons-2019,2019,WEAK,0,0.0,0.0,UNLABELED,,,
ZJ_U51_10K_E032_N310,10000,ZJ-YQB,L5-cmsa-polygons-2020,2020,WEAK,0,0.0,0.0,UNLABELED,,,
ZJ_U51_10K_E032_N310,10000,ZJ-YQB,L6-cmsa-polygons-2021,2021,WEAK,0,0.0,0.0,UNLABELED,,,
ZJ_U51_10K_E032_N311,10000,ZJ-YQB,L1-china2015-raster30m,2015,SILVER,2396,2.1564,0.021564,SILVER,,,
ZJ_U51_10K_E032_N311,10000,ZJ-YQB,L2-cmssm2020-polygons,2020,WEAK,0,0.0,0.0,SILVER,,,
ZJ_U51_10K_E032_N311,10000,ZJ-YQB,L3-hangzhou-mask-2015,2015,WEAK,0,0.0,0.0,SILVER,,,
ZJ_U51_10K_E032_N311,10000,ZJ-YQB,L4-cmsa-polygons-2019,2019,WEAK,0,0.0,0.0,SILVER,,,
ZJ_U51_10K_E032_N311,10000,ZJ-YQB,L5-cmsa-polygons-2020,2020,WEAK,0,0.0,0.0,SILVER,,,
ZJ_U51_10K_E032_N311,10000,ZJ-YQB,L6-cmsa-polygons-2021,2021,WEAK,0,0.0,0.0,SILVER,,,
ZJ_U51_10K_E032_N312,10000,ZJ-YQB,L1-china2015-raster30m,2015,SILVER,4431,3.9879,0.039879,SILVER+WEAK,GOLD_EVIDENCE_TARGET,TEMPORAL_SILVER_2015_VS_WEAK_CMSA_2019_2021_YQB,
ZJ_U51_10K_E032_N312,10000,ZJ-YQB,L2-cmssm2020-polygons,2020,WEAK,0,0.0,0.0,SILVER+WEAK,GOLD_EVIDENCE_TARGET,TEMPORAL_SILVER_2015_VS_WEAK_CMSA_2019_2021_YQB,
ZJ_U51_10K_E032_N312,10000,ZJ-YQB,L3-hangzhou-mask-2015,2015,WEAK,0,0.0,0.0,SILVER+WEAK,GOLD_EVIDENCE_TARGET,TEMPORAL_SILVER_2015_VS_WEAK_CMSA_2019_2021_YQB,
ZJ_U51_10K_E032_N312,10000,ZJ-YQB,L4-cmsa-polygons-2019,2019,WEAK,1,0.0586,0.000586,SILVER+WEAK,GOLD_EVIDENCE_TARGET,TEMPORAL_SILVER_2015_VS_WEAK_CMSA_2019_2021_YQB,
ZJ_U51_10K_E032_N312,10000,ZJ-YQB,L5-cmsa-polygons-2020,2020,WEAK,0,0.0,0.0,SILVER+WEAK,GOLD_EVIDENCE_TARGET,TEMPORAL_SILVER_2015_VS_WEAK_CMSA_2019_2021_YQB,
ZJ_U51_10K_E032_N312,10000,ZJ-YQB,L6-cmsa-polygons-2021,2021,WEAK,1,0.0836,0.000836,SILVER+WEAK,GOLD_EVIDENCE_TARGET,TEMPORAL_SILVER_2015_VS_WEAK_CMSA_2019_2021_YQB,
ZJ_U51_10K_E032_N313,10000,ZJ-YQB,L1-china2015-raster30m,2015,SILVER,7774,6.9966,0.069966,SILVER+WEAK,GOLD_EVIDENCE_TARGET,TEMPORAL_SILVER_2015_VS_WEAK_CMSA_2019_2021_YQB|PRE_REGISTERED_FIELD_UAV_TARGET_YQB_TEMPORAL,RESERVED_FOR_GOLDSET
ZJ_U51_10K_E032_N313,10000,ZJ-YQB,L2-cmssm2020-polygons,2020,WEAK,0,0.0,0.0,SILVER+WEAK,GOLD_EVIDENCE_TARGET,TEMPORAL_SILVER_2015_VS_WEAK_CMSA_2019_2021_YQB|PRE_REGISTERED_FIELD_UAV_TARGET_YQB_TEMPORAL,RESERVED_FOR_GOLDSET
ZJ_U51_10K_E032_N313,10000,ZJ-YQB,L3-hangzhou-mask-2015,2015,WEAK,0,0.0,0.0,SILVER+WEAK,GOLD_EVIDENCE_TARGET,TEMPORAL_SILVER_2015_VS_WEAK_CMSA_2019_2021_YQB|PRE_REGISTERED_FIELD_UAV_TARGET_YQB_TEMPORAL,RESERVED_FOR_GOLDSET
ZJ_U51_10K_E032_N313,10000,ZJ-YQB,L4-cmsa-polygons-2019,2019,WEAK,76,5.925,0.05925,SILVER+WEAK,GOLD_EVIDENCE_TARGET,TEMPORAL_SILVER_2015_VS_WEAK_CMSA_2019_2021_YQB|PRE_REGISTERED_FIELD_UAV_TARGET_YQB_TEMPORAL,RESERVED_FOR_GOLDSET
ZJ_U51_10K_E032_N313,10000,ZJ-YQB,L5-cmsa-polygons-2020,2020,WEAK,177,3.8325,0.038325,SILVER+WEAK,GOLD_EVIDENCE_TARGET,TEMPORAL_SILVER_2015_VS_WEAK_CMSA_2019_2021_YQB|PRE_REGISTERED_FIELD_UAV_TARGET_YQB_TEMPORAL,RESERVED_FOR_GOLDSET
ZJ_U51_10K_E032_N313,10000,ZJ-YQB,L6-cmsa-polygons-2021,2021,WEAK,100,6.1505,0.061505,SILVER+WEAK,GOLD_EVIDENCE_TARGET,TEMPORAL_SILVER_2015_VS_WEAK_CMSA_2019_2021_YQB|PRE_REGISTERED_FIELD_UAV_TARGET_YQB_TEMPORAL,RESERVED_FOR_GOLDSET
ZJ_U51_10K_E032_N314,10000,ZJ-YQB,L1-china2015-raster30m,2015,SILVER,293,0.2637,0.002637,SILVER+WEAK,GOLD_EVIDENCE_TARGET,TEMPORAL_SILVER_2015_VS_WEAK_CMSA_2019_2021_YQB,
ZJ_U51_10K_E032_N314,10000,ZJ-YQB,L2-cmssm2020-polygons,2020,WEAK,0,0.0,0.0,SILVER+WEAK,GOLD_EVIDENCE_TARGET,TEMPORAL_SILVER_2015_VS_WEAK_CMSA_2019_2021_YQB,
ZJ_U51_10K_E032_N314,10000,ZJ-YQB,L3-hangzhou-mask-2015,2015,WEAK,0,0.0,0.0,SILVER+WEAK,GOLD_EVIDENCE_TARGET,TEMPORAL_SILVER_2015_VS_WEAK_CMSA_2019_2021_YQB,
ZJ_U51_10K_E032_N314,10000,ZJ-YQB,L4-cmsa-polygons-2019,2019,WEAK,2,0.0162,0.000162,SILVER+WEAK,GOLD_EVIDENCE_TARGET,TEMPORAL_SILVER_2015_VS_WEAK_CMSA_2019_2021_YQB,
ZJ_U51_10K_E032_N314,10000,ZJ-YQB,L5-cmsa-polygons-2020,2020,WEAK,0,0.0,0.0,SILVER+WEAK,GOLD_EVIDENCE_TARGET,TEMPORAL_SILVER_2015_VS_WEAK_CMSA_2019_2021_YQB,
ZJ_U51_10K_E032_N314,10000,ZJ-YQB,L6-cmsa-polygons-2021,2021,WEAK,2,0.0474,0.000474,SILVER+WEAK,GOLD_EVIDENCE_TARGET,TEMPORAL_SILVER_2015_VS_WEAK_CMSA_2019_2021_YQB,
ZJ_U51_10K_E032_N334,10000,ZJ-HZB,L1-china2015-raster30m,2015,SILVER,0,0.0,0.0,UNLABELED,,,
ZJ_U51_10K_E032_N334,10000,ZJ-HZB,L2-cmssm2020-polygons,2020,WEAK,0,0.0,0.0,UNLABELED,,,
ZJ_U51_10K_E032_N334,10000,ZJ-HZB,L3-hangzhou-mask-2015,2015,WEAK,0,0.0,0.0,UNLABELED,,,
ZJ_U51_10K_E032_N334,10000,ZJ-HZB,L4-cmsa-polygons-2019,2019,WEAK,0,0.0,0.0,UNLABELED,,,
ZJ_U51_10K_E032_N334,10000,ZJ-HZB,L5-cmsa-polygons-2020,2020,WEAK,0,0.0,0.0,UNLABELED,,,
ZJ_U51_10K_E032_N334,10000,ZJ-HZB,L6-cmsa-polygons-2021,2021,WEAK,0,0.0,0.0,UNLABELED,,,
ZJ_U51_10K_E032_N335,10000,ZJ-HZB,L1-china2015-raster30m,2015,SILVER,0,0.0,0.0,WEAK,GOLD_EVIDENCE_TARGET,WEAK_ONLY_EVIDENCE_UPGRADE_TARGET,
ZJ_U51_10K_E032_N335,10000,ZJ-HZB,L2-cmssm2020-polygons,2020,WEAK,0,0.0,0.0,WEAK,GOLD_EVIDENCE_TARGET,WEAK_ONLY_EVIDENCE_UPGRADE_TARGET,
ZJ_U51_10K_E032_N335,10000,ZJ-HZB,L3-hangzhou-mask-2015,2015,WEAK,976,0.8761,0.008761,WEAK,GOLD_EVIDENCE_TARGET,WEAK_ONLY_EVIDENCE_UPGRADE_TARGET,
ZJ_U51_10K_E032_N335,10000,ZJ-HZB,L4-cmsa-polygons-2019,2019,WEAK,0,0.0,0.0,WEAK,GOLD_EVIDENCE_TARGET,WEAK_ONLY_EVIDENCE_UPGRADE_TARGET,
ZJ_U51_10K_E032_N335,10000,ZJ-HZB,L5-cmsa-polygons-2020,2020,WEAK,0,0.0,0.0,WEAK,GOLD_EVIDENCE_TARGET,WEAK_ONLY_EVIDENCE_UPGRADE_TARGET,
ZJ_U51_10K_E032_N335,10000,ZJ-HZB,L6-cmsa-polygons-2021,2021,WEAK,0,0.0,0.0,WEAK,GOLD_EVIDENCE_TARGET,WEAK_ONLY_EVIDENCE_UPGRADE_TARGET,
ZJ_U51_10K_E032_N336,10000,ZJ-HZB,L1-china2015-raster30m,2015,SILVER,1505,1.3545,0.013545,SILVER+WEAK,GOLD_EVIDENCE_TARGET,DISAGREEMENT_SILVER_2015_VS_WEAK_2015_HZB,
ZJ_U51_10K_E032_N336,10000,ZJ-HZB,L2-cmssm2020-polygons,2020,WEAK,0,0.0,0.0,SILVER+WEAK,GOLD_EVIDENCE_TARGET,DISAGREEMENT_SILVER_2015_VS_WEAK_2015_HZB,
ZJ_U51_10K_E032_N336,10000,ZJ-HZB,L3-hangzhou-mask-2015,2015,WEAK,1001,0.8986,0.008986,SILVER+WEAK,GOLD_EVIDENCE_TARGET,DISAGREEMENT_SILVER_2015_VS_WEAK_2015_HZB,
ZJ_U51_10K_E032_N336,10000,ZJ-HZB,L4-cmsa-polygons-2019,2019,WEAK,0,0.0,0.0,SILVER+WEAK,GOLD_EVIDENCE_TARGET,DISAGREEMENT_SILVER_2015_VS_WEAK_2015_HZB,
ZJ_U51_10K_E032_N336,10000,ZJ-HZB,L5-cmsa-polygons-2020,2020,WEAK,0,0.0,0.0,SILVER+WEAK,GOLD_EVIDENCE_TARGET,DISAGREEMENT_SILVER_2015_VS_WEAK_2015_HZB,
ZJ_U51_10K_E032_N336,10000,ZJ-HZB,L6-cmsa-polygons-2021,2021,WEAK,0,0.0,0.0,SILVER+WEAK,GOLD_EVIDENCE_TARGET,DISAGREEMENT_SILVER_2015_VS_WEAK_2015_HZB,
ZJ_U51_10K_E032_N337,10000,ZJ-HZB,L1-china2015-raster30m,2015,SILVER,0,0.0,0.0,UNLABELED,,,
ZJ_U51_10K_E032_N337,10000,ZJ-HZB,L2-cmssm2020-polygons,2020,WEAK,0,0.0,0.0,UNLABELED,,,
ZJ_U51_10K_E032_N337,10000,ZJ-HZB,L3-hangzhou-mask-2015,2015,WEAK,0,0.0,0.0,UNLABELED,,,
ZJ_U51_10K_E032_N337,10000,ZJ-HZB,L4-cmsa-polygons-2019,2019,WEAK,0,0.0,0.0,UNLABELED,,,
ZJ_U51_10K_E032_N337,10000,ZJ-HZB,L5-cmsa-polygons-2020,2020,WEAK,0,0.0,0.0,UNLABELED,,,
ZJ_U51_10K_E032_N337,10000,ZJ-HZB,L6-cmsa-polygons-2021,2021,WEAK,0,0.0,0.0,UNLABELED,,,
ZJ_U51_10K_E032_N338,10000,ZJ-HZB,L1-china2015-raster30m,2015,SILVER,0,0.0,0.0,UNLABELED,,,
ZJ_U51_10K_E032_N338,10000,ZJ-HZB,L2-cmssm2020-polygons,2020,WEAK,0,0.0,0.0,UNLABELED,,,
ZJ_U51_10K_E032_N338,10000,ZJ-HZB,L3-hangzhou-mask-2015,2015,WEAK,0,0.0,0.0,UNLABELED,,,
ZJ_U51_10K_E032_N338,10000,ZJ-HZB,L4-cmsa-polygons-2019,2019,WEAK,0,0.0,0.0,UNLABELED,,,
ZJ_U51_10K_E032_N338,10000,ZJ-HZB,L5-cmsa-polygons-2020,2020,WEAK,0,0.0,0.0,UNLABELED,,,
ZJ_U51_10K_E032_N338,10000,ZJ-HZB,L6-cmsa-polygons-2021,2021,WEAK,0,0.0,0.0,UNLABELED,,,
ZJ_U51_10K_E033_N333,10000,ZJ-HZB,L1-china2015-raster30m,2015,SILVER,0,0.0,0.0,UNLABELED,,,
ZJ_U51_10K_E033_N333,10000,ZJ-HZB,L2-cmssm2020-polygons,2020,WEAK,0,0.0,0.0,UNLABELED,,,
ZJ_U51_10K_E033_N333,10000,ZJ-HZB,L3-hangzhou-mask-2015,2015,WEAK,0,0.0,0.0,UNLABELED,,,
ZJ_U51_10K_E033_N333,10000,ZJ-HZB,L4-cmsa-polygons-2019,2019,WEAK,0,0.0,0.0,UNLABELED,,,
ZJ_U51_10K_E033_N333,10000,ZJ-HZB,L5-cmsa-polygons-2020,2020,WEAK,0,0.0,0.0,UNLABELED,,,
ZJ_U51_10K_E033_N333,10000,ZJ-HZB,L6-cmsa-polygons-2021,2021,WEAK,0,0.0,0.0,UNLABELED,,,
ZJ_U51_10K_E033_N334,10000,ZJ-HZB,L1-china2015-raster30m,2015,SILVER,0,0.0,0.0,UNLABELED,,,
ZJ_U51_10K_E033_N334,10000,ZJ-HZB,L2-cmssm2020-polygons,2020,WEAK,0,0.0,0.0,UNLABELED,,,
ZJ_U51_10K_E033_N334,10000,ZJ-HZB,L3-hangzhou-mask-2015,2015,WEAK,0,0.0,0.0,UNLABELED,,,
ZJ_U51_10K_E033_N334,10000,ZJ-HZB,L4-cmsa-polygons-2019,2019,WEAK,0,0.0,0.0,UNLABELED,,,
ZJ_U51_10K_E033_N334,10000,ZJ-HZB,L5-cmsa-polygons-2020,2020,WEAK,0,0.0,0.0,UNLABELED,,,
ZJ_U51_10K_E033_N334,10000,ZJ-HZB,L6-cmsa-polygons-2021,2021,WEAK,0,0.0,0.0,UNLABELED,,,
ZJ_U51_10K_E033_N335,10000,ZJ-HZB,L1-china2015-raster30m,2015,SILVER,0,0.0,0.0,UNLABELED,,,
ZJ_U51_10K_E033_N335,10000,ZJ-HZB,L2-cmssm2020-polygons,2020,WEAK,0,0.0,0.0,UNLABELED,,,
ZJ_U51_10K_E033_N335,10000,ZJ-HZB,L3-hangzhou-mask-2015,2015,WEAK,0,0.0,0.0,UNLABELED,,,
ZJ_U51_10K_E033_N335,10000,ZJ-HZB,L4-cmsa-polygons-2019,2019,WEAK,0,0.0,0.0,UNLABELED,,,
ZJ_U51_10K_E033_N335,10000,ZJ-HZB,L5-cmsa-polygons-2020,2020,WEAK,0,0.0,0.0,UNLABELED,,,
ZJ_U51_10K_E033_N335,10000,ZJ-HZB,L6-cmsa-polygons-2021,2021,WEAK,0,0.0,0.0,UNLABELED,,,
ZJ_U51_10K_E033_N336,10000,ZJ-HZB,L1-china2015-raster30m,2015,SILVER,8394,7.5546,0.075546,SILVER+WEAK,GOLD_EVIDENCE_TARGET,DISAGREEMENT_SILVER_2015_VS_WEAK_2015_HZB|PRE_REGISTERED_FIELD_UAV_TARGET_HZB_DISAGREEMENT,RESERVED_FOR_GOLDSET
ZJ_U51_10K_E033_N336,10000,ZJ-HZB,L2-cmssm2020-polygons,2020,WEAK,0,0.0,0.0,SILVER+WEAK,GOLD_EVIDENCE_TARGET,DISAGREEMENT_SILVER_2015_VS_WEAK_2015_HZB|PRE_REGISTERED_FIELD_UAV_TARGET_HZB_DISAGREEMENT,RESERVED_FOR_GOLDSET
ZJ_U51_10K_E033_N336,10000,ZJ-HZB,L3-hangzhou-mask-2015,2015,WEAK,6678,5.9948,0.059948,SILVER+WEAK,GOLD_EVIDENCE_TARGET,DISAGREEMENT_SILVER_2015_VS_WEAK_2015_HZB|PRE_REGISTERED_FIELD_UAV_TARGET_HZB_DISAGREEMENT,RESERVED_FOR_GOLDSET
ZJ_U51_10K_E033_N336,10000,ZJ-HZB,L4-cmsa-polygons-2019,2019,WEAK,0,0.0,0.0,SILVER+WEAK,GOLD_EVIDENCE_TARGET,DISAGREEMENT_SILVER_2015_VS_WEAK_2015_HZB|PRE_REGISTERED_FIELD_UAV_TARGET_HZB_DISAGREEMENT,RESERVED_FOR_GOLDSET
ZJ_U51_10K_E033_N336,10000,ZJ-HZB,L5-cmsa-polygons-2020,2020,WEAK,0,0.0,0.0,SILVER+WEAK,GOLD_EVIDENCE_TARGET,DISAGREEMENT_SILVER_2015_VS_WEAK_2015_HZB|PRE_REGISTERED_FIELD_UAV_TARGET_HZB_DISAGREEMENT,RESERVED_FOR_GOLDSET
ZJ_U51_10K_E033_N336,10000,ZJ-HZB,L6-cmsa-polygons-2021,2021,WEAK,0,0.0,0.0,SILVER+WEAK,GOLD_EVIDENCE_TARGET,DISAGREEMENT_SILVER_2015_VS_WEAK_2015_HZB|PRE_REGISTERED_FIELD_UAV_TARGET_HZB_DISAGREEMENT,RESERVED_FOR_GOLDSET
ZJ_U51_10K_E033_N337,10000,ZJ-HZB,L1-china2015-raster30m,2015,SILVER,0,0.0,0.0,UNLABELED,,,
ZJ_U51_10K_E033_N337,10000,ZJ-HZB,L2-cmssm2020-polygons,2020,WEAK,0,0.0,0.0,UNLABELED,,,
ZJ_U51_10K_E033_N337,10000,ZJ-HZB,L3-hangzhou-mask-2015,2015,WEAK,0,0.0,0.0,UNLABELED,,,
ZJ_U51_10K_E033_N337,10000,ZJ-HZB,L4-cmsa-polygons-2019,2019,WEAK,0,0.0,0.0,UNLABELED,,,
ZJ_U51_10K_E033_N337,10000,ZJ-HZB,L5-cmsa-polygons-2020,2020,WEAK,0,0.0,0.0,UNLABELED,,,
ZJ_U51_10K_E033_N337,10000,ZJ-HZB,L6-cmsa-polygons-2021,2021,WEAK,0,0.0,0.0,UNLABELED,,,
ZJ_U51_10K_E033_N338,10000,ZJ-HZB,L1-china2015-raster30m,2015,SILVER,0,0.0,0.0,UNLABELED,,,
ZJ_U51_10K_E033_N338,10000,ZJ-HZB,L2-cmssm2020-polygons,2020,WEAK,0,0.0,0.0,UNLABELED,,,
ZJ_U51_10K_E033_N338,10000,ZJ-HZB,L3-hangzhou-mask-2015,2015,WEAK,0,0.0,0.0,UNLABELED,,,
ZJ_U51_10K_E033_N338,10000,ZJ-HZB,L4-cmsa-polygons-2019,2019,WEAK,0,0.0,0.0,UNLABELED,,,
ZJ_U51_10K_E033_N338,10000,ZJ-HZB,L5-cmsa-polygons-2020,2020,WEAK,0,0.0,0.0,UNLABELED,,,
ZJ_U51_10K_E033_N338,10000,ZJ-HZB,L6-cmsa-polygons-2021,2021,WEAK,0,0.0,0.0,UNLABELED,,,
ZJ_U51_10K_E034_N320,10000,ZJ-SMB,L1-china2015-raster30m,2015,SILVER,0,0.0,0.0,UNLABELED,GOLD_EVIDENCE_TARGET,CROSS_BAY_LABEL_GAP_SMB_NO_LABEL_IN_CELL|PRE_REGISTERED_FIELD_UAV_TARGET_SMB_GAP,RESERVED_FOR_GOLDSET
ZJ_U51_10K_E034_N320,10000,ZJ-SMB,L2-cmssm2020-polygons,2020,WEAK,0,0.0,0.0,UNLABELED,GOLD_EVIDENCE_TARGET,CROSS_BAY_LABEL_GAP_SMB_NO_LABEL_IN_CELL|PRE_REGISTERED_FIELD_UAV_TARGET_SMB_GAP,RESERVED_FOR_GOLDSET
ZJ_U51_10K_E034_N320,10000,ZJ-SMB,L3-hangzhou-mask-2015,2015,WEAK,0,0.0,0.0,UNLABELED,GOLD_EVIDENCE_TARGET,CROSS_BAY_LABEL_GAP_SMB_NO_LABEL_IN_CELL|PRE_REGISTERED_FIELD_UAV_TARGET_SMB_GAP,RESERVED_FOR_GOLDSET
ZJ_U51_10K_E034_N320,10000,ZJ-SMB,L4-cmsa-polygons-2019,2019,WEAK,0,0.0,0.0,UNLABELED,GOLD_EVIDENCE_TARGET,CROSS_BAY_LABEL_GAP_SMB_NO_LABEL_IN_CELL|PRE_REGISTERED_FIELD_UAV_TARGET_SMB_GAP,RESERVED_FOR_GOLDSET
ZJ_U51_10K_E034_N320,10000,ZJ-SMB,L5-cmsa-polygons-2020,2020,WEAK,0,0.0,0.0,UNLABELED,GOLD_EVIDENCE_TARGET,CROSS_BAY_LABEL_GAP_SMB_NO_LABEL_IN_CELL|PRE_REGISTERED_FIELD_UAV_TARGET_SMB_GAP,RESERVED_FOR_GOLDSET
ZJ_U51_10K_E034_N320,10000,ZJ-SMB,L6-cmsa-polygons-2021,2021,WEAK,0,0.0,0.0,UNLABELED,GOLD_EVIDENCE_TARGET,CROSS_BAY_LABEL_GAP_SMB_NO_LABEL_IN_CELL|PRE_REGISTERED_FIELD_UAV_TARGET_SMB_GAP,RESERVED_FOR_GOLDSET
ZJ_U51_10K_E034_N321,10000,ZJ-SMB,L1-china2015-raster30m,2015,SILVER,0,0.0,0.0,UNLABELED,GOLD_EVIDENCE_TARGET,CROSS_BAY_LABEL_GAP_SMB_NO_LABEL_IN_CELL,
ZJ_U51_10K_E034_N321,10000,ZJ-SMB,L2-cmssm2020-polygons,2020,WEAK,0,0.0,0.0,UNLABELED,GOLD_EVIDENCE_TARGET,CROSS_BAY_LABEL_GAP_SMB_NO_LABEL_IN_CELL,
ZJ_U51_10K_E034_N321,10000,ZJ-SMB,L3-hangzhou-mask-2015,2015,WEAK,0,0.0,0.0,UNLABELED,GOLD_EVIDENCE_TARGET,CROSS_BAY_LABEL_GAP_SMB_NO_LABEL_IN_CELL,
ZJ_U51_10K_E034_N321,10000,ZJ-SMB,L4-cmsa-polygons-2019,2019,WEAK,0,0.0,0.0,UNLABELED,GOLD_EVIDENCE_TARGET,CROSS_BAY_LABEL_GAP_SMB_NO_LABEL_IN_CELL,
ZJ_U51_10K_E034_N321,10000,ZJ-SMB,L5-cmsa-polygons-2020,2020,WEAK,0,0.0,0.0,UNLABELED,GOLD_EVIDENCE_TARGET,CROSS_BAY_LABEL_GAP_SMB_NO_LABEL_IN_CELL,
ZJ_U51_10K_E034_N321,10000,ZJ-SMB,L6-cmsa-polygons-2021,2021,WEAK,0,0.0,0.0,UNLABELED,GOLD_EVIDENCE_TARGET,CROSS_BAY_LABEL_GAP_SMB_NO_LABEL_IN_CELL,
ZJ_U51_10K_E034_N322,10000,ZJ-SMB,L1-china2015-raster30m,2015,SILVER,1190,1.071,0.01071,SILVER,,,
ZJ_U51_10K_E034_N322,10000,ZJ-SMB,L2-cmssm2020-polygons,2020,WEAK,0,0.0,0.0,SILVER,,,
ZJ_U51_10K_E034_N322,10000,ZJ-SMB,L3-hangzhou-mask-2015,2015,WEAK,0,0.0,0.0,SILVER,,,
ZJ_U51_10K_E034_N322,10000,ZJ-SMB,L4-cmsa-polygons-2019,2019,WEAK,0,0.0,0.0,SILVER,,,
ZJ_U51_10K_E034_N322,10000,ZJ-SMB,L5-cmsa-polygons-2020,2020,WEAK,0,0.0,0.0,SILVER,,,
ZJ_U51_10K_E034_N322,10000,ZJ-SMB,L6-cmsa-polygons-2021,2021,WEAK,0,0.0,0.0,SILVER,,,
ZJ_U51_10K_E034_N323,10000,ZJ-SMB,L1-china2015-raster30m,2015,SILVER,0,0.0,0.0,UNLABELED,GOLD_EVIDENCE_TARGET,CROSS_BAY_LABEL_GAP_SMB_NO_LABEL_IN_CELL,
ZJ_U51_10K_E034_N323,10000,ZJ-SMB,L2-cmssm2020-polygons,2020,WEAK,0,0.0,0.0,UNLABELED,GOLD_EVIDENCE_TARGET,CROSS_BAY_LABEL_GAP_SMB_NO_LABEL_IN_CELL,
ZJ_U51_10K_E034_N323,10000,ZJ-SMB,L3-hangzhou-mask-2015,2015,WEAK,0,0.0,0.0,UNLABELED,GOLD_EVIDENCE_TARGET,CROSS_BAY_LABEL_GAP_SMB_NO_LABEL_IN_CELL,
ZJ_U51_10K_E034_N323,10000,ZJ-SMB,L4-cmsa-polygons-2019,2019,WEAK,0,0.0,0.0,UNLABELED,GOLD_EVIDENCE_TARGET,CROSS_BAY_LABEL_GAP_SMB_NO_LABEL_IN_CELL,
ZJ_U51_10K_E034_N323,10000,ZJ-SMB,L5-cmsa-polygons-2020,2020,WEAK,0,0.0,0.0,UNLABELED,GOLD_EVIDENCE_TARGET,CROSS_BAY_LABEL_GAP_SMB_NO_LABEL_IN_CELL,
ZJ_U51_10K_E034_N323,10000,ZJ-SMB,L6-cmsa-polygons-2021,2021,WEAK,0,0.0,0.0,UNLABELED,GOLD_EVIDENCE_TARGET,CROSS_BAY_LABEL_GAP_SMB_NO_LABEL_IN_CELL,
ZJ_U51_10K_E034_N324,10000,ZJ-SMB,L1-china2015-raster30m,2015,SILVER,0,0.0,0.0,UNLABELED,GOLD_EVIDENCE_TARGET,CROSS_BAY_LABEL_GAP_SMB_NO_LABEL_IN_CELL,
ZJ_U51_10K_E034_N324,10000,ZJ-SMB,L2-cmssm2020-polygons,2020,WEAK,0,0.0,0.0,UNLABELED,GOLD_EVIDENCE_TARGET,CROSS_BAY_LABEL_GAP_SMB_NO_LABEL_IN_CELL,
ZJ_U51_10K_E034_N324,10000,ZJ-SMB,L3-hangzhou-mask-2015,2015,WEAK,0,0.0,0.0,UNLABELED,GOLD_EVIDENCE_TARGET,CROSS_BAY_LABEL_GAP_SMB_NO_LABEL_IN_CELL,
ZJ_U51_10K_E034_N324,10000,ZJ-SMB,L4-cmsa-polygons-2019,2019,WEAK,0,0.0,0.0,UNLABELED,GOLD_EVIDENCE_TARGET,CROSS_BAY_LABEL_GAP_SMB_NO_LABEL_IN_CELL,
ZJ_U51_10K_E034_N324,10000,ZJ-SMB,L5-cmsa-polygons-2020,2020,WEAK,0,0.0,0.0,UNLABELED,GOLD_EVIDENCE_TARGET,CROSS_BAY_LABEL_GAP_SMB_NO_LABEL_IN_CELL,
ZJ_U51_10K_E034_N324,10000,ZJ-SMB,L6-cmsa-polygons-2021,2021,WEAK,0,0.0,0.0,UNLABELED,GOLD_EVIDENCE_TARGET,CROSS_BAY_LABEL_GAP_SMB_NO_LABEL_IN_CELL,
ZJ_U51_10K_E034_N325,10000,ZJ-SMB,L1-china2015-raster30m,2015,SILVER,866,0.7794,0.007794,SILVER,,,
ZJ_U51_10K_E034_N325,10000,ZJ-SMB,L2-cmssm2020-polygons,2020,WEAK,0,0.0,0.0,SILVER,,,
ZJ_U51_10K_E034_N325,10000,ZJ-SMB,L3-hangzhou-mask-2015,2015,WEAK,0,0.0,0.0,SILVER,,,
ZJ_U51_10K_E034_N325,10000,ZJ-SMB,L4-cmsa-polygons-2019,2019,WEAK,0,0.0,0.0,SILVER,,,
ZJ_U51_10K_E034_N325,10000,ZJ-SMB,L5-cmsa-polygons-2020,2020,WEAK,0,0.0,0.0,SILVER,,,
ZJ_U51_10K_E034_N325,10000,ZJ-SMB,L6-cmsa-polygons-2021,2021,WEAK,0,0.0,0.0,SILVER,,,
ZJ_U51_10K_E034_N333,10000,ZJ-HZB,L1-china2015-raster30m,2015,SILVER,0,0.0,0.0,UNLABELED,,,
ZJ_U51_10K_E034_N333,10000,ZJ-HZB,L2-cmssm2020-polygons,2020,WEAK,0,0.0,0.0,UNLABELED,,,
ZJ_U51_10K_E034_N333,10000,ZJ-HZB,L3-hangzhou-mask-2015,2015,WEAK,0,0.0,0.0,UNLABELED,,,
ZJ_U51_10K_E034_N333,10000,ZJ-HZB,L4-cmsa-polygons-2019,2019,WEAK,0,0.0,0.0,UNLABELED,,,
ZJ_U51_10K_E034_N333,10000,ZJ-HZB,L5-cmsa-polygons-2020,2020,WEAK,0,0.0,0.0,UNLABELED,,,
ZJ_U51_10K_E034_N333,10000,ZJ-HZB,L6-cmsa-polygons-2021,2021,WEAK,0,0.0,0.0,UNLABELED,,,
ZJ_U51_10K_E034_N334,10000,ZJ-HZB,L1-china2015-raster30m,2015,SILVER,0,0.0,0.0,UNLABELED,,,
ZJ_U51_10K_E034_N334,10000,ZJ-HZB,L2-cmssm2020-polygons,2020,WEAK,0,0.0,0.0,UNLABELED,,,
ZJ_U51_10K_E034_N334,10000,ZJ-HZB,L3-hangzhou-mask-2015,2015,WEAK,0,0.0,0.0,UNLABELED,,,
ZJ_U51_10K_E034_N334,10000,ZJ-HZB,L4-cmsa-polygons-2019,2019,WEAK,0,0.0,0.0,UNLABELED,,,
ZJ_U51_10K_E034_N334,10000,ZJ-HZB,L5-cmsa-polygons-2020,2020,WEAK,0,0.0,0.0,UNLABELED,,,
ZJ_U51_10K_E034_N334,10000,ZJ-HZB,L6-cmsa-polygons-2021,2021,WEAK,0,0.0,0.0,UNLABELED,,,
ZJ_U51_10K_E034_N335,10000,ZJ-HZB,L1-china2015-raster30m,2015,SILVER,3587,3.2283,0.032283,SILVER+WEAK,GOLD_EVIDENCE_TARGET,DISAGREEMENT_SILVER_2015_VS_WEAK_2015_HZB,
ZJ_U51_10K_E034_N335,10000,ZJ-HZB,L2-cmssm2020-polygons,2020,WEAK,0,0.0,0.0,SILVER+WEAK,GOLD_EVIDENCE_TARGET,DISAGREEMENT_SILVER_2015_VS_WEAK_2015_HZB,
ZJ_U51_10K_E034_N335,10000,ZJ-HZB,L3-hangzhou-mask-2015,2015,WEAK,2715,2.4372,0.024372,SILVER+WEAK,GOLD_EVIDENCE_TARGET,DISAGREEMENT_SILVER_2015_VS_WEAK_2015_HZB,
ZJ_U51_10K_E034_N335,10000,ZJ-HZB,L4-cmsa-polygons-2019,2019,WEAK,0,0.0,0.0,SILVER+WEAK,GOLD_EVIDENCE_TARGET,DISAGREEMENT_SILVER_2015_VS_WEAK_2015_HZB,
ZJ_U51_10K_E034_N335,10000,ZJ-HZB,L5-cmsa-polygons-2020,2020,WEAK,0,0.0,0.0,SILVER+WEAK,GOLD_EVIDENCE_TARGET,DISAGREEMENT_SILVER_2015_VS_WEAK_2015_HZB,
ZJ_U51_10K_E034_N335,10000,ZJ-HZB,L6-cmsa-polygons-2021,2021,WEAK,0,0.0,0.0,SILVER+WEAK,GOLD_EVIDENCE_TARGET,DISAGREEMENT_SILVER_2015_VS_WEAK_2015_HZB,
ZJ_U51_10K_E034_N336,10000,ZJ-HZB,L1-china2015-raster30m,2015,SILVER,359,0.3231,0.003231,SILVER,,,
ZJ_U51_10K_E034_N336,10000,ZJ-HZB,L2-cmssm2020-polygons,2020,WEAK,0,0.0,0.0,SILVER,,,
ZJ_U51_10K_E034_N336,10000,ZJ-HZB,L3-hangzhou-mask-2015,2015,WEAK,0,0.0,0.0,SILVER,,,
ZJ_U51_10K_E034_N336,10000,ZJ-HZB,L4-cmsa-polygons-2019,2019,WEAK,0,0.0,0.0,SILVER,,,
ZJ_U51_10K_E034_N336,10000,ZJ-HZB,L5-cmsa-polygons-2020,2020,WEAK,0,0.0,0.0,SILVER,,,
ZJ_U51_10K_E034_N336,10000,ZJ-HZB,L6-cmsa-polygons-2021,2021,WEAK,0,0.0,0.0,SILVER,,,
ZJ_U51_10K_E034_N337,10000,ZJ-HZB,L1-china2015-raster30m,2015,SILVER,0,0.0,0.0,UNLABELED,,,
ZJ_U51_10K_E034_N337,10000,ZJ-HZB,L2-cmssm2020-polygons,2020,WEAK,0,0.0,0.0,UNLABELED,,,
ZJ_U51_10K_E034_N337,10000,ZJ-HZB,L3-hangzhou-mask-2015,2015,WEAK,0,0.0,0.0,UNLABELED,,,
ZJ_U51_10K_E034_N337,10000,ZJ-HZB,L4-cmsa-polygons-2019,2019,WEAK,0,0.0,0.0,UNLABELED,,,
ZJ_U51_10K_E034_N337,10000,ZJ-HZB,L5-cmsa-polygons-2020,2020,WEAK,0,0.0,0.0,UNLABELED,,,
ZJ_U51_10K_E034_N337,10000,ZJ-HZB,L6-cmsa-polygons-2021,2021,WEAK,0,0.0,0.0,UNLABELED,,,
ZJ_U51_10K_E034_N338,10000,ZJ-HZB,L1-china2015-raster30m,2015,SILVER,0,0.0,0.0,UNLABELED,,,
ZJ_U51_10K_E034_N338,10000,ZJ-HZB,L2-cmssm2020-polygons,2020,WEAK,0,0.0,0.0,UNLABELED,,,
ZJ_U51_10K_E034_N338,10000,ZJ-HZB,L3-hangzhou-mask-2015,2015,WEAK,0,0.0,0.0,UNLABELED,,,
ZJ_U51_10K_E034_N338,10000,ZJ-HZB,L4-cmsa-polygons-2019,2019,WEAK,0,0.0,0.0,UNLABELED,,,
ZJ_U51_10K_E034_N338,10000,ZJ-HZB,L5-cmsa-polygons-2020,2020,WEAK,0,0.0,0.0,UNLABELED,,,
ZJ_U51_10K_E034_N338,10000,ZJ-HZB,L6-cmsa-polygons-2021,2021,WEAK,0,0.0,0.0,UNLABELED,,,
ZJ_U51_10K_E034_N339,10000,ZJ-HZB,L1-china2015-raster30m,2015,SILVER,60,0.054,0.00054,SILVER,,,
ZJ_U51_10K_E034_N339,10000,ZJ-HZB,L2-cmssm2020-polygons,2020,WEAK,0,0.0,0.0,SILVER,,,
ZJ_U51_10K_E034_N339,10000,ZJ-HZB,L3-hangzhou-mask-2015,2015,WEAK,0,0.0,0.0,SILVER,,,
ZJ_U51_10K_E034_N339,10000,ZJ-HZB,L4-cmsa-polygons-2019,2019,WEAK,0,0.0,0.0,SILVER,,,
ZJ_U51_10K_E034_N339,10000,ZJ-HZB,L5-cmsa-polygons-2020,2020,WEAK,0,0.0,0.0,SILVER,,,
ZJ_U51_10K_E034_N339,10000,ZJ-HZB,L6-cmsa-polygons-2021,2021,WEAK,0,0.0,0.0,SILVER,,,
ZJ_U51_10K_E035_N320,10000,ZJ-SMB,L1-china2015-raster30m,2015,SILVER,1675,1.5075,0.015075,SILVER,,,
ZJ_U51_10K_E035_N320,10000,ZJ-SMB,L2-cmssm2020-polygons,2020,WEAK,0,0.0,0.0,SILVER,,,
ZJ_U51_10K_E035_N320,10000,ZJ-SMB,L3-hangzhou-mask-2015,2015,WEAK,0,0.0,0.0,SILVER,,,
ZJ_U51_10K_E035_N320,10000,ZJ-SMB,L4-cmsa-polygons-2019,2019,WEAK,0,0.0,0.0,SILVER,,,
ZJ_U51_10K_E035_N320,10000,ZJ-SMB,L5-cmsa-polygons-2020,2020,WEAK,0,0.0,0.0,SILVER,,,
ZJ_U51_10K_E035_N320,10000,ZJ-SMB,L6-cmsa-polygons-2021,2021,WEAK,0,0.0,0.0,SILVER,,,
ZJ_U51_10K_E035_N321,10000,ZJ-SMB,L1-china2015-raster30m,2015,SILVER,1662,1.4958,0.014958,SILVER,,,
ZJ_U51_10K_E035_N321,10000,ZJ-SMB,L2-cmssm2020-polygons,2020,WEAK,0,0.0,0.0,SILVER,,,
ZJ_U51_10K_E035_N321,10000,ZJ-SMB,L3-hangzhou-mask-2015,2015,WEAK,0,0.0,0.0,SILVER,,,
ZJ_U51_10K_E035_N321,10000,ZJ-SMB,L4-cmsa-polygons-2019,2019,WEAK,0,0.0,0.0,SILVER,,,
ZJ_U51_10K_E035_N321,10000,ZJ-SMB,L5-cmsa-polygons-2020,2020,WEAK,0,0.0,0.0,SILVER,,,
ZJ_U51_10K_E035_N321,10000,ZJ-SMB,L6-cmsa-polygons-2021,2021,WEAK,0,0.0,0.0,SILVER,,,
ZJ_U51_10K_E035_N322,10000,ZJ-SMB,L1-china2015-raster30m,2015,SILVER,8577,7.7193,0.077193,SILVER,,,
ZJ_U51_10K_E035_N322,10000,ZJ-SMB,L2-cmssm2020-polygons,2020,WEAK,0,0.0,0.0,SILVER,,,
ZJ_U51_10K_E035_N322,10000,ZJ-SMB,L3-hangzhou-mask-2015,2015,WEAK,0,0.0,0.0,SILVER,,,
ZJ_U51_10K_E035_N322,10000,ZJ-SMB,L4-cmsa-polygons-2019,2019,WEAK,0,0.0,0.0,SILVER,,,
ZJ_U51_10K_E035_N322,10000,ZJ-SMB,L5-cmsa-polygons-2020,2020,WEAK,0,0.0,0.0,SILVER,,,
ZJ_U51_10K_E035_N322,10000,ZJ-SMB,L6-cmsa-polygons-2021,2021,WEAK,0,0.0,0.0,SILVER,,,
ZJ_U51_10K_E035_N323,10000,ZJ-SMB,L1-china2015-raster30m,2015,SILVER,7725,6.9525,0.069525,SILVER,,,
ZJ_U51_10K_E035_N323,10000,ZJ-SMB,L2-cmssm2020-polygons,2020,WEAK,0,0.0,0.0,SILVER,,,
ZJ_U51_10K_E035_N323,10000,ZJ-SMB,L3-hangzhou-mask-2015,2015,WEAK,0,0.0,0.0,SILVER,,,
ZJ_U51_10K_E035_N323,10000,ZJ-SMB,L4-cmsa-polygons-2019,2019,WEAK,0,0.0,0.0,SILVER,,,
ZJ_U51_10K_E035_N323,10000,ZJ-SMB,L5-cmsa-polygons-2020,2020,WEAK,0,0.0,0.0,SILVER,,,
ZJ_U51_10K_E035_N323,10000,ZJ-SMB,L6-cmsa-polygons-2021,2021,WEAK,0,0.0,0.0,SILVER,,,
ZJ_U51_10K_E035_N324,10000,ZJ-SMB,L1-china2015-raster30m,2015,SILVER,0,0.0,0.0,UNLABELED,GOLD_EVIDENCE_TARGET,CROSS_BAY_LABEL_GAP_SMB_NO_LABEL_IN_CELL,
ZJ_U51_10K_E035_N324,10000,ZJ-SMB,L2-cmssm2020-polygons,2020,WEAK,0,0.0,0.0,UNLABELED,GOLD_EVIDENCE_TARGET,CROSS_BAY_LABEL_GAP_SMB_NO_LABEL_IN_CELL,
ZJ_U51_10K_E035_N324,10000,ZJ-SMB,L3-hangzhou-mask-2015,2015,WEAK,0,0.0,0.0,UNLABELED,GOLD_EVIDENCE_TARGET,CROSS_BAY_LABEL_GAP_SMB_NO_LABEL_IN_CELL,
ZJ_U51_10K_E035_N324,10000,ZJ-SMB,L4-cmsa-polygons-2019,2019,WEAK,0,0.0,0.0,UNLABELED,GOLD_EVIDENCE_TARGET,CROSS_BAY_LABEL_GAP_SMB_NO_LABEL_IN_CELL,
ZJ_U51_10K_E035_N324,10000,ZJ-SMB,L5-cmsa-polygons-2020,2020,WEAK,0,0.0,0.0,UNLABELED,GOLD_EVIDENCE_TARGET,CROSS_BAY_LABEL_GAP_SMB_NO_LABEL_IN_CELL,
ZJ_U51_10K_E035_N324,10000,ZJ-SMB,L6-cmsa-polygons-2021,2021,WEAK,0,0.0,0.0,UNLABELED,GOLD_EVIDENCE_TARGET,CROSS_BAY_LABEL_GAP_SMB_NO_LABEL_IN_CELL,
ZJ_U51_10K_E035_N325,10000,ZJ-SMB,L1-china2015-raster30m,2015,SILVER,451,0.4059,0.004059,SILVER,,,
ZJ_U51_10K_E035_N325,10000,ZJ-SMB,L2-cmssm2020-polygons,2020,WEAK,0,0.0,0.0,SILVER,,,
ZJ_U51_10K_E035_N325,10000,ZJ-SMB,L3-hangzhou-mask-2015,2015,WEAK,0,0.0,0.0,SILVER,,,
ZJ_U51_10K_E035_N325,10000,ZJ-SMB,L4-cmsa-polygons-2019,2019,WEAK,0,0.0,0.0,SILVER,,,
ZJ_U51_10K_E035_N325,10000,ZJ-SMB,L5-cmsa-polygons-2020,2020,WEAK,0,0.0,0.0,SILVER,,,
ZJ_U51_10K_E035_N325,10000,ZJ-SMB,L6-cmsa-polygons-2021,2021,WEAK,0,0.0,0.0,SILVER,,,
ZJ_U51_10K_E035_N332,10000,ZJ-HZB,L1-china2015-raster30m,2015,SILVER,0,0.0,0.0,UNLABELED,,,
ZJ_U51_10K_E035_N332,10000,ZJ-HZB,L2-cmssm2020-polygons,2020,WEAK,0,0.0,0.0,UNLABELED,,,
ZJ_U51_10K_E035_N332,10000,ZJ-HZB,L3-hangzhou-mask-2015,2015,WEAK,0,0.0,0.0,UNLABELED,,,
ZJ_U51_10K_E035_N332,10000,ZJ-HZB,L4-cmsa-polygons-2019,2019,WEAK,0,0.0,0.0,UNLABELED,,,
ZJ_U51_10K_E035_N332,10000,ZJ-HZB,L5-cmsa-polygons-2020,2020,WEAK,0,0.0,0.0,UNLABELED,,,
ZJ_U51_10K_E035_N332,10000,ZJ-HZB,L6-cmsa-polygons-2021,2021,WEAK,0,0.0,0.0,UNLABELED,,,
ZJ_U51_10K_E035_N333,10000,ZJ-HZB,L1-china2015-raster30m,2015,SILVER,0,0.0,0.0,UNLABELED,,,
ZJ_U51_10K_E035_N333,10000,ZJ-HZB,L2-cmssm2020-polygons,2020,WEAK,0,0.0,0.0,UNLABELED,,,
ZJ_U51_10K_E035_N333,10000,ZJ-HZB,L3-hangzhou-mask-2015,2015,WEAK,0,0.0,0.0,UNLABELED,,,
ZJ_U51_10K_E035_N333,10000,ZJ-HZB,L4-cmsa-polygons-2019,2019,WEAK,0,0.0,0.0,UNLABELED,,,
ZJ_U51_10K_E035_N333,10000,ZJ-HZB,L5-cmsa-polygons-2020,2020,WEAK,0,0.0,0.0,UNLABELED,,,
ZJ_U51_10K_E035_N333,10000,ZJ-HZB,L6-cmsa-polygons-2021,2021,WEAK,0,0.0,0.0,UNLABELED,,,
ZJ_U51_10K_E035_N334,10000,ZJ-HZB,L1-china2015-raster30m,2015,SILVER,23,0.0207,0.000207,SILVER,,,
ZJ_U51_10K_E035_N334,10000,ZJ-HZB,L2-cmssm2020-polygons,2020,WEAK,0,0.0,0.0,SILVER,,,
ZJ_U51_10K_E035_N334,10000,ZJ-HZB,L3-hangzhou-mask-2015,2015,WEAK,0,0.0,0.0,SILVER,,,
ZJ_U51_10K_E035_N334,10000,ZJ-HZB,L4-cmsa-polygons-2019,2019,WEAK,0,0.0,0.0,SILVER,,,
ZJ_U51_10K_E035_N334,10000,ZJ-HZB,L5-cmsa-polygons-2020,2020,WEAK,0,0.0,0.0,SILVER,,,
ZJ_U51_10K_E035_N334,10000,ZJ-HZB,L6-cmsa-polygons-2021,2021,WEAK,0,0.0,0.0,SILVER,,,
ZJ_U51_10K_E035_N335,10000,ZJ-HZB,L1-china2015-raster30m,2015,SILVER,0,0.0,0.0,UNLABELED,,,
ZJ_U51_10K_E035_N335,10000,ZJ-HZB,L2-cmssm2020-polygons,2020,WEAK,0,0.0,0.0,UNLABELED,,,
ZJ_U51_10K_E035_N335,10000,ZJ-HZB,L3-hangzhou-mask-2015,2015,WEAK,0,0.0,0.0,UNLABELED,,,
ZJ_U51_10K_E035_N335,10000,ZJ-HZB,L4-cmsa-polygons-2019,2019,WEAK,0,0.0,0.0,UNLABELED,,,
ZJ_U51_10K_E035_N335,10000,ZJ-HZB,L5-cmsa-polygons-2020,2020,WEAK,0,0.0,0.0,UNLABELED,,,
ZJ_U51_10K_E035_N335,10000,ZJ-HZB,L6-cmsa-polygons-2021,2021,WEAK,0,0.0,0.0,UNLABELED,,,
ZJ_U51_10K_E035_N336,10000,ZJ-HZB,L1-china2015-raster30m,2015,SILVER,0,0.0,0.0,UNLABELED,,,
ZJ_U51_10K_E035_N336,10000,ZJ-HZB,L2-cmssm2020-polygons,2020,WEAK,0,0.0,0.0,UNLABELED,,,
ZJ_U51_10K_E035_N336,10000,ZJ-HZB,L3-hangzhou-mask-2015,2015,WEAK,0,0.0,0.0,UNLABELED,,,
ZJ_U51_10K_E035_N336,10000,ZJ-HZB,L4-cmsa-polygons-2019,2019,WEAK,0,0.0,0.0,UNLABELED,,,
ZJ_U51_10K_E035_N336,10000,ZJ-HZB,L5-cmsa-polygons-2020,2020,WEAK,0,0.0,0.0,UNLABELED,,,
ZJ_U51_10K_E035_N336,10000,ZJ-HZB,L6-cmsa-polygons-2021,2021,WEAK,0,0.0,0.0,UNLABELED,,,
ZJ_U51_10K_E035_N337,10000,ZJ-HZB,L1-china2015-raster30m,2015,SILVER,0,0.0,0.0,UNLABELED,,,
ZJ_U51_10K_E035_N337,10000,ZJ-HZB,L2-cmssm2020-polygons,2020,WEAK,0,0.0,0.0,UNLABELED,,,
ZJ_U51_10K_E035_N337,10000,ZJ-HZB,L3-hangzhou-mask-2015,2015,WEAK,0,0.0,0.0,UNLABELED,,,
ZJ_U51_10K_E035_N337,10000,ZJ-HZB,L4-cmsa-polygons-2019,2019,WEAK,0,0.0,0.0,UNLABELED,,,
ZJ_U51_10K_E035_N337,10000,ZJ-HZB,L5-cmsa-polygons-2020,2020,WEAK,0,0.0,0.0,UNLABELED,,,
ZJ_U51_10K_E035_N337,10000,ZJ-HZB,L6-cmsa-polygons-2021,2021,WEAK,0,0.0,0.0,UNLABELED,,,
ZJ_U51_10K_E035_N338,10000,ZJ-HZB,L1-china2015-raster30m,2015,SILVER,0,0.0,0.0,UNLABELED,,,
ZJ_U51_10K_E035_N338,10000,ZJ-HZB,L2-cmssm2020-polygons,2020,WEAK,0,0.0,0.0,UNLABELED,,,
ZJ_U51_10K_E035_N338,10000,ZJ-HZB,L3-hangzhou-mask-2015,2015,WEAK,0,0.0,0.0,UNLABELED,,,
ZJ_U51_10K_E035_N338,10000,ZJ-HZB,L4-cmsa-polygons-2019,2019,WEAK,0,0.0,0.0,UNLABELED,,,
ZJ_U51_10K_E035_N338,10000,ZJ-HZB,L5-cmsa-polygons-2020,2020,WEAK,0,0.0,0.0,UNLABELED,,,
ZJ_U51_10K_E035_N338,10000,ZJ-HZB,L6-cmsa-polygons-2021,2021,WEAK,0,0.0,0.0,UNLABELED,,,
ZJ_U51_10K_E035_N339,10000,ZJ-HZB,L1-china2015-raster30m,2015,SILVER,0,0.0,0.0,UNLABELED,,,
ZJ_U51_10K_E035_N339,10000,ZJ-HZB,L2-cmssm2020-polygons,2020,WEAK,0,0.0,0.0,UNLABELED,,,
ZJ_U51_10K_E035_N339,10000,ZJ-HZB,L3-hangzhou-mask-2015,2015,WEAK,0,0.0,0.0,UNLABELED,,,
ZJ_U51_10K_E035_N339,10000,ZJ-HZB,L4-cmsa-polygons-2019,2019,WEAK,0,0.0,0.0,UNLABELED,,,
ZJ_U51_10K_E035_N339,10000,ZJ-HZB,L5-cmsa-polygons-2020,2020,WEAK,0,0.0,0.0,UNLABELED,,,
ZJ_U51_10K_E035_N339,10000,ZJ-HZB,L6-cmsa-polygons-2021,2021,WEAK,0,0.0,0.0,UNLABELED,,,
ZJ_U51_10K_E036_N320,10000,ZJ-SMB,L1-china2015-raster30m,2015,SILVER,374,0.3366,0.003366,SILVER,,,
ZJ_U51_10K_E036_N320,10000,ZJ-SMB,L2-cmssm2020-polygons,2020,WEAK,0,0.0,0.0,SILVER,,,
ZJ_U51_10K_E036_N320,10000,ZJ-SMB,L3-hangzhou-mask-2015,2015,WEAK,0,0.0,0.0,SILVER,,,
ZJ_U51_10K_E036_N320,10000,ZJ-SMB,L4-cmsa-polygons-2019,2019,WEAK,0,0.0,0.0,SILVER,,,
ZJ_U51_10K_E036_N320,10000,ZJ-SMB,L5-cmsa-polygons-2020,2020,WEAK,0,0.0,0.0,SILVER,,,
ZJ_U51_10K_E036_N320,10000,ZJ-SMB,L6-cmsa-polygons-2021,2021,WEAK,0,0.0,0.0,SILVER,,,
ZJ_U51_10K_E036_N321,10000,ZJ-SMB,L1-china2015-raster30m,2015,SILVER,1518,1.3662,0.013662,SILVER,,,
ZJ_U51_10K_E036_N321,10000,ZJ-SMB,L2-cmssm2020-polygons,2020,WEAK,0,0.0,0.0,SILVER,,,
ZJ_U51_10K_E036_N321,10000,ZJ-SMB,L3-hangzhou-mask-2015,2015,WEAK,0,0.0,0.0,SILVER,,,
ZJ_U51_10K_E036_N321,10000,ZJ-SMB,L4-cmsa-polygons-2019,2019,WEAK,0,0.0,0.0,SILVER,,,
ZJ_U51_10K_E036_N321,10000,ZJ-SMB,L5-cmsa-polygons-2020,2020,WEAK,0,0.0,0.0,SILVER,,,
ZJ_U51_10K_E036_N321,10000,ZJ-SMB,L6-cmsa-polygons-2021,2021,WEAK,0,0.0,0.0,SILVER,,,
ZJ_U51_10K_E036_N322,10000,ZJ-SMB,L1-china2015-raster30m,2015,SILVER,5521,4.9689,0.049689,SILVER,,,
ZJ_U51_10K_E036_N322,10000,ZJ-SMB,L2-cmssm2020-polygons,2020,WEAK,0,0.0,0.0,SILVER,,,
ZJ_U51_10K_E036_N322,10000,ZJ-SMB,L3-hangzhou-mask-2015,2015,WEAK,0,0.0,0.0,SILVER,,,
ZJ_U51_10K_E036_N322,10000,ZJ-SMB,L4-cmsa-polygons-2019,2019,WEAK,0,0.0,0.0,SILVER,,,
ZJ_U51_10K_E036_N322,10000,ZJ-SMB,L5-cmsa-polygons-2020,2020,WEAK,0,0.0,0.0,SILVER,,,
ZJ_U51_10K_E036_N322,10000,ZJ-SMB,L6-cmsa-polygons-2021,2021,WEAK,0,0.0,0.0,SILVER,,,
ZJ_U51_10K_E036_N323,10000,ZJ-SMB,L1-china2015-raster30m,2015,SILVER,12170,10.953,0.10953,SILVER,,,
ZJ_U51_10K_E036_N323,10000,ZJ-SMB,L2-cmssm2020-polygons,2020,WEAK,0,0.0,0.0,SILVER,,,
ZJ_U51_10K_E036_N323,10000,ZJ-SMB,L3-hangzhou-mask-2015,2015,WEAK,0,0.0,0.0,SILVER,,,
ZJ_U51_10K_E036_N323,10000,ZJ-SMB,L4-cmsa-polygons-2019,2019,WEAK,0,0.0,0.0,SILVER,,,
ZJ_U51_10K_E036_N323,10000,ZJ-SMB,L5-cmsa-polygons-2020,2020,WEAK,0,0.0,0.0,SILVER,,,
ZJ_U51_10K_E036_N323,10000,ZJ-SMB,L6-cmsa-polygons-2021,2021,WEAK,0,0.0,0.0,SILVER,,,
ZJ_U51_10K_E036_N324,10000,ZJ-SMB,L1-china2015-raster30m,2015,SILVER,0,0.0,0.0,UNLABELED,GOLD_EVIDENCE_TARGET,CROSS_BAY_LABEL_GAP_SMB_NO_LABEL_IN_CELL,
ZJ_U51_10K_E036_N324,10000,ZJ-SMB,L2-cmssm2020-polygons,2020,WEAK,0,0.0,0.0,UNLABELED,GOLD_EVIDENCE_TARGET,CROSS_BAY_LABEL_GAP_SMB_NO_LABEL_IN_CELL,
ZJ_U51_10K_E036_N324,10000,ZJ-SMB,L3-hangzhou-mask-2015,2015,WEAK,0,0.0,0.0,UNLABELED,GOLD_EVIDENCE_TARGET,CROSS_BAY_LABEL_GAP_SMB_NO_LABEL_IN_CELL,
ZJ_U51_10K_E036_N324,10000,ZJ-SMB,L4-cmsa-polygons-2019,2019,WEAK,0,0.0,0.0,UNLABELED,GOLD_EVIDENCE_TARGET,CROSS_BAY_LABEL_GAP_SMB_NO_LABEL_IN_CELL,
ZJ_U51_10K_E036_N324,10000,ZJ-SMB,L5-cmsa-polygons-2020,2020,WEAK,0,0.0,0.0,UNLABELED,GOLD_EVIDENCE_TARGET,CROSS_BAY_LABEL_GAP_SMB_NO_LABEL_IN_CELL,
ZJ_U51_10K_E036_N324,10000,ZJ-SMB,L6-cmsa-polygons-2021,2021,WEAK,0,0.0,0.0,UNLABELED,GOLD_EVIDENCE_TARGET,CROSS_BAY_LABEL_GAP_SMB_NO_LABEL_IN_CELL,
ZJ_U51_10K_E036_N332,10000,ZJ-HZB,L1-china2015-raster30m,2015,SILVER,3518,3.1662,0.031662,SILVER,,,
ZJ_U51_10K_E036_N332,10000,ZJ-HZB,L2-cmssm2020-polygons,2020,WEAK,0,0.0,0.0,SILVER,,,
ZJ_U51_10K_E036_N332,10000,ZJ-HZB,L3-hangzhou-mask-2015,2015,WEAK,0,0.0,0.0,SILVER,,,
ZJ_U51_10K_E036_N332,10000,ZJ-HZB,L4-cmsa-polygons-2019,2019,WEAK,0,0.0,0.0,SILVER,,,
ZJ_U51_10K_E036_N332,10000,ZJ-HZB,L5-cmsa-polygons-2020,2020,WEAK,0,0.0,0.0,SILVER,,,
ZJ_U51_10K_E036_N332,10000,ZJ-HZB,L6-cmsa-polygons-2021,2021,WEAK,0,0.0,0.0,SILVER,,,
ZJ_U51_10K_E036_N333,10000,ZJ-HZB,L1-china2015-raster30m,2015,SILVER,16,0.0144,0.000144,SILVER,,,
ZJ_U51_10K_E036_N333,10000,ZJ-HZB,L2-cmssm2020-polygons,2020,WEAK,0,0.0,0.0,SILVER,,,
ZJ_U51_10K_E036_N333,10000,ZJ-HZB,L3-hangzhou-mask-2015,2015,WEAK,0,0.0,0.0,SILVER,,,
ZJ_U51_10K_E036_N333,10000,ZJ-HZB,L4-cmsa-polygons-2019,2019,WEAK,0,0.0,0.0,SILVER,,,
ZJ_U51_10K_E036_N333,10000,ZJ-HZB,L5-cmsa-polygons-2020,2020,WEAK,0,0.0,0.0,SILVER,,,
ZJ_U51_10K_E036_N333,10000,ZJ-HZB,L6-cmsa-polygons-2021,2021,WEAK,0,0.0,0.0,SILVER,,,
ZJ_U51_10K_E036_N334,10000,ZJ-HZB,L1-china2015-raster30m,2015,SILVER,0,0.0,0.0,UNLABELED,,,
ZJ_U51_10K_E036_N334,10000,ZJ-HZB,L2-cmssm2020-polygons,2020,WEAK,0,0.0,0.0,UNLABELED,,,
ZJ_U51_10K_E036_N334,10000,ZJ-HZB,L3-hangzhou-mask-2015,2015,WEAK,0,0.0,0.0,UNLABELED,,,
ZJ_U51_10K_E036_N334,10000,ZJ-HZB,L4-cmsa-polygons-2019,2019,WEAK,0,0.0,0.0,UNLABELED,,,
ZJ_U51_10K_E036_N334,10000,ZJ-HZB,L5-cmsa-polygons-2020,2020,WEAK,0,0.0,0.0,UNLABELED,,,
ZJ_U51_10K_E036_N334,10000,ZJ-HZB,L6-cmsa-polygons-2021,2021,WEAK,0,0.0,0.0,UNLABELED,,,
ZJ_U51_10K_E036_N335,10000,ZJ-HZB,L1-china2015-raster30m,2015,SILVER,0,0.0,0.0,UNLABELED,,,
ZJ_U51_10K_E036_N335,10000,ZJ-HZB,L2-cmssm2020-polygons,2020,WEAK,0,0.0,0.0,UNLABELED,,,
ZJ_U51_10K_E036_N335,10000,ZJ-HZB,L3-hangzhou-mask-2015,2015,WEAK,0,0.0,0.0,UNLABELED,,,
ZJ_U51_10K_E036_N335,10000,ZJ-HZB,L4-cmsa-polygons-2019,2019,WEAK,0,0.0,0.0,UNLABELED,,,
ZJ_U51_10K_E036_N335,10000,ZJ-HZB,L5-cmsa-polygons-2020,2020,WEAK,0,0.0,0.0,UNLABELED,,,
ZJ_U51_10K_E036_N335,10000,ZJ-HZB,L6-cmsa-polygons-2021,2021,WEAK,0,0.0,0.0,UNLABELED,,,
ZJ_U51_10K_E036_N336,10000,ZJ-HZB,L1-china2015-raster30m,2015,SILVER,0,0.0,0.0,UNLABELED,,,
ZJ_U51_10K_E036_N336,10000,ZJ-HZB,L2-cmssm2020-polygons,2020,WEAK,0,0.0,0.0,UNLABELED,,,
ZJ_U51_10K_E036_N336,10000,ZJ-HZB,L3-hangzhou-mask-2015,2015,WEAK,0,0.0,0.0,UNLABELED,,,
ZJ_U51_10K_E036_N336,10000,ZJ-HZB,L4-cmsa-polygons-2019,2019,WEAK,0,0.0,0.0,UNLABELED,,,
ZJ_U51_10K_E036_N336,10000,ZJ-HZB,L5-cmsa-polygons-2020,2020,WEAK,0,0.0,0.0,UNLABELED,,,
ZJ_U51_10K_E036_N336,10000,ZJ-HZB,L6-cmsa-polygons-2021,2021,WEAK,0,0.0,0.0,UNLABELED,,,
ZJ_U51_10K_E036_N337,10000,ZJ-HZB,L1-china2015-raster30m,2015,SILVER,0,0.0,0.0,UNLABELED,,,
ZJ_U51_10K_E036_N337,10000,ZJ-HZB,L2-cmssm2020-polygons,2020,WEAK,0,0.0,0.0,UNLABELED,,,
ZJ_U51_10K_E036_N337,10000,ZJ-HZB,L3-hangzhou-mask-2015,2015,WEAK,0,0.0,0.0,UNLABELED,,,
ZJ_U51_10K_E036_N337,10000,ZJ-HZB,L4-cmsa-polygons-2019,2019,WEAK,0,0.0,0.0,UNLABELED,,,
ZJ_U51_10K_E036_N337,10000,ZJ-HZB,L5-cmsa-polygons-2020,2020,WEAK,0,0.0,0.0,UNLABELED,,,
ZJ_U51_10K_E036_N337,10000,ZJ-HZB,L6-cmsa-polygons-2021,2021,WEAK,0,0.0,0.0,UNLABELED,,,
ZJ_U51_10K_E036_N338,10000,ZJ-HZB,L1-china2015-raster30m,2015,SILVER,0,0.0,0.0,UNLABELED,,,
ZJ_U51_10K_E036_N338,10000,ZJ-HZB,L2-cmssm2020-polygons,2020,WEAK,0,0.0,0.0,UNLABELED,,,
ZJ_U51_10K_E036_N338,10000,ZJ-HZB,L3-hangzhou-mask-2015,2015,WEAK,0,0.0,0.0,UNLABELED,,,
ZJ_U51_10K_E036_N338,10000,ZJ-HZB,L4-cmsa-polygons-2019,2019,WEAK,0,0.0,0.0,UNLABELED,,,
ZJ_U51_10K_E036_N338,10000,ZJ-HZB,L5-cmsa-polygons-2020,2020,WEAK,0,0.0,0.0,UNLABELED,,,
ZJ_U51_10K_E036_N338,10000,ZJ-HZB,L6-cmsa-polygons-2021,2021,WEAK,0,0.0,0.0,UNLABELED,,,
ZJ_U51_10K_E036_N339,10000,ZJ-HZB,L1-china2015-raster30m,2015,SILVER,0,0.0,0.0,UNLABELED,,,
ZJ_U51_10K_E036_N339,10000,ZJ-HZB,L2-cmssm2020-polygons,2020,WEAK,0,0.0,0.0,UNLABELED,,,
ZJ_U51_10K_E036_N339,10000,ZJ-HZB,L3-hangzhou-mask-2015,2015,WEAK,0,0.0,0.0,UNLABELED,,,
ZJ_U51_10K_E036_N339,10000,ZJ-HZB,L4-cmsa-polygons-2019,2019,WEAK,0,0.0,0.0,UNLABELED,,,
ZJ_U51_10K_E036_N339,10000,ZJ-HZB,L5-cmsa-polygons-2020,2020,WEAK,0,0.0,0.0,UNLABELED,,,
ZJ_U51_10K_E036_N339,10000,ZJ-HZB,L6-cmsa-polygons-2021,2021,WEAK,0,0.0,0.0,UNLABELED,,,
ZJ_U51_10K_E036_N340,10000,ZJ-HZB,L1-china2015-raster30m,2015,SILVER,0,0.0,0.0,UNLABELED,,,
ZJ_U51_10K_E036_N340,10000,ZJ-HZB,L2-cmssm2020-polygons,2020,WEAK,0,0.0,0.0,UNLABELED,,,
ZJ_U51_10K_E036_N340,10000,ZJ-HZB,L3-hangzhou-mask-2015,2015,WEAK,0,0.0,0.0,UNLABELED,,,
ZJ_U51_10K_E036_N340,10000,ZJ-HZB,L4-cmsa-polygons-2019,2019,WEAK,0,0.0,0.0,UNLABELED,,,
ZJ_U51_10K_E036_N340,10000,ZJ-HZB,L5-cmsa-polygons-2020,2020,WEAK,0,0.0,0.0,UNLABELED,,,
ZJ_U51_10K_E036_N340,10000,ZJ-HZB,L6-cmsa-polygons-2021,2021,WEAK,0,0.0,0.0,UNLABELED,,,
ZJ_U51_10K_E037_N320,10000,ZJ-SMB,L1-china2015-raster30m,2015,SILVER,263,0.2367,0.002367,SILVER,,,
ZJ_U51_10K_E037_N320,10000,ZJ-SMB,L2-cmssm2020-polygons,2020,WEAK,0,0.0,0.0,SILVER,,,
ZJ_U51_10K_E037_N320,10000,ZJ-SMB,L3-hangzhou-mask-2015,2015,WEAK,0,0.0,0.0,SILVER,,,
ZJ_U51_10K_E037_N320,10000,ZJ-SMB,L4-cmsa-polygons-2019,2019,WEAK,0,0.0,0.0,SILVER,,,
ZJ_U51_10K_E037_N320,10000,ZJ-SMB,L5-cmsa-polygons-2020,2020,WEAK,0,0.0,0.0,SILVER,,,
ZJ_U51_10K_E037_N320,10000,ZJ-SMB,L6-cmsa-polygons-2021,2021,WEAK,0,0.0,0.0,SILVER,,,
ZJ_U51_10K_E037_N321,10000,ZJ-SMB,L1-china2015-raster30m,2015,SILVER,330,0.297,0.00297,SILVER,,,
ZJ_U51_10K_E037_N321,10000,ZJ-SMB,L2-cmssm2020-polygons,2020,WEAK,0,0.0,0.0,SILVER,,,
ZJ_U51_10K_E037_N321,10000,ZJ-SMB,L3-hangzhou-mask-2015,2015,WEAK,0,0.0,0.0,SILVER,,,
ZJ_U51_10K_E037_N321,10000,ZJ-SMB,L4-cmsa-polygons-2019,2019,WEAK,0,0.0,0.0,SILVER,,,
ZJ_U51_10K_E037_N321,10000,ZJ-SMB,L5-cmsa-polygons-2020,2020,WEAK,0,0.0,0.0,SILVER,,,
ZJ_U51_10K_E037_N321,10000,ZJ-SMB,L6-cmsa-polygons-2021,2021,WEAK,0,0.0,0.0,SILVER,,,
ZJ_U51_10K_E037_N322,10000,ZJ-SMB,L1-china2015-raster30m,2015,SILVER,1048,0.9432,0.009432,SILVER,,,
ZJ_U51_10K_E037_N322,10000,ZJ-SMB,L2-cmssm2020-polygons,2020,WEAK,0,0.0,0.0,SILVER,,,
ZJ_U51_10K_E037_N322,10000,ZJ-SMB,L3-hangzhou-mask-2015,2015,WEAK,0,0.0,0.0,SILVER,,,
ZJ_U51_10K_E037_N322,10000,ZJ-SMB,L4-cmsa-polygons-2019,2019,WEAK,0,0.0,0.0,SILVER,,,
ZJ_U51_10K_E037_N322,10000,ZJ-SMB,L5-cmsa-polygons-2020,2020,WEAK,0,0.0,0.0,SILVER,,,
ZJ_U51_10K_E037_N322,10000,ZJ-SMB,L6-cmsa-polygons-2021,2021,WEAK,0,0.0,0.0,SILVER,,,
ZJ_U51_10K_E037_N323,10000,ZJ-SMB,L1-china2015-raster30m,2015,SILVER,216,0.1944,0.001944,SILVER,,,
ZJ_U51_10K_E037_N323,10000,ZJ-SMB,L2-cmssm2020-polygons,2020,WEAK,0,0.0,0.0,SILVER,,,
ZJ_U51_10K_E037_N323,10000,ZJ-SMB,L3-hangzhou-mask-2015,2015,WEAK,0,0.0,0.0,SILVER,,,
ZJ_U51_10K_E037_N323,10000,ZJ-SMB,L4-cmsa-polygons-2019,2019,WEAK,0,0.0,0.0,SILVER,,,
ZJ_U51_10K_E037_N323,10000,ZJ-SMB,L5-cmsa-polygons-2020,2020,WEAK,0,0.0,0.0,SILVER,,,
ZJ_U51_10K_E037_N323,10000,ZJ-SMB,L6-cmsa-polygons-2021,2021,WEAK,0,0.0,0.0,SILVER,,,
ZJ_U51_10K_E037_N324,10000,ZJ-SMB,L1-china2015-raster30m,2015,SILVER,0,0.0,0.0,UNLABELED,GOLD_EVIDENCE_TARGET,CROSS_BAY_LABEL_GAP_SMB_NO_LABEL_IN_CELL,
ZJ_U51_10K_E037_N324,10000,ZJ-SMB,L2-cmssm2020-polygons,2020,WEAK,0,0.0,0.0,UNLABELED,GOLD_EVIDENCE_TARGET,CROSS_BAY_LABEL_GAP_SMB_NO_LABEL_IN_CELL,
ZJ_U51_10K_E037_N324,10000,ZJ-SMB,L3-hangzhou-mask-2015,2015,WEAK,0,0.0,0.0,UNLABELED,GOLD_EVIDENCE_TARGET,CROSS_BAY_LABEL_GAP_SMB_NO_LABEL_IN_CELL,
ZJ_U51_10K_E037_N324,10000,ZJ-SMB,L4-cmsa-polygons-2019,2019,WEAK,0,0.0,0.0,UNLABELED,GOLD_EVIDENCE_TARGET,CROSS_BAY_LABEL_GAP_SMB_NO_LABEL_IN_CELL,
ZJ_U51_10K_E037_N324,10000,ZJ-SMB,L5-cmsa-polygons-2020,2020,WEAK,0,0.0,0.0,UNLABELED,GOLD_EVIDENCE_TARGET,CROSS_BAY_LABEL_GAP_SMB_NO_LABEL_IN_CELL,
ZJ_U51_10K_E037_N324,10000,ZJ-SMB,L6-cmsa-polygons-2021,2021,WEAK,0,0.0,0.0,UNLABELED,GOLD_EVIDENCE_TARGET,CROSS_BAY_LABEL_GAP_SMB_NO_LABEL_IN_CELL,
ZJ_U51_10K_E037_N331,10000,ZJ-HZB,L1-china2015-raster30m,2015,SILVER,402,0.3618,0.003618,SILVER,,,
ZJ_U51_10K_E037_N331,10000,ZJ-HZB,L2-cmssm2020-polygons,2020,WEAK,0,0.0,0.0,SILVER,,,
ZJ_U51_10K_E037_N331,10000,ZJ-HZB,L3-hangzhou-mask-2015,2015,WEAK,0,0.0,0.0,SILVER,,,
ZJ_U51_10K_E037_N331,10000,ZJ-HZB,L4-cmsa-polygons-2019,2019,WEAK,0,0.0,0.0,SILVER,,,
ZJ_U51_10K_E037_N331,10000,ZJ-HZB,L5-cmsa-polygons-2020,2020,WEAK,0,0.0,0.0,SILVER,,,
ZJ_U51_10K_E037_N331,10000,ZJ-HZB,L6-cmsa-polygons-2021,2021,WEAK,0,0.0,0.0,SILVER,,,
ZJ_U51_10K_E037_N332,10000,ZJ-HZB,L1-china2015-raster30m,2015,SILVER,977,0.8793,0.008793,SILVER,,,
ZJ_U51_10K_E037_N332,10000,ZJ-HZB,L2-cmssm2020-polygons,2020,WEAK,0,0.0,0.0,SILVER,,,
ZJ_U51_10K_E037_N332,10000,ZJ-HZB,L3-hangzhou-mask-2015,2015,WEAK,0,0.0,0.0,SILVER,,,
ZJ_U51_10K_E037_N332,10000,ZJ-HZB,L4-cmsa-polygons-2019,2019,WEAK,0,0.0,0.0,SILVER,,,
ZJ_U51_10K_E037_N332,10000,ZJ-HZB,L5-cmsa-polygons-2020,2020,WEAK,0,0.0,0.0,SILVER,,,
ZJ_U51_10K_E037_N332,10000,ZJ-HZB,L6-cmsa-polygons-2021,2021,WEAK,0,0.0,0.0,SILVER,,,
ZJ_U51_10K_E037_N333,10000,ZJ-HZB,L1-china2015-raster30m,2015,SILVER,0,0.0,0.0,UNLABELED,,,
ZJ_U51_10K_E037_N333,10000,ZJ-HZB,L2-cmssm2020-polygons,2020,WEAK,0,0.0,0.0,UNLABELED,,,
ZJ_U51_10K_E037_N333,10000,ZJ-HZB,L3-hangzhou-mask-2015,2015,WEAK,0,0.0,0.0,UNLABELED,,,
ZJ_U51_10K_E037_N333,10000,ZJ-HZB,L4-cmsa-polygons-2019,2019,WEAK,0,0.0,0.0,UNLABELED,,,
ZJ_U51_10K_E037_N333,10000,ZJ-HZB,L5-cmsa-polygons-2020,2020,WEAK,0,0.0,0.0,UNLABELED,,,
ZJ_U51_10K_E037_N333,10000,ZJ-HZB,L6-cmsa-polygons-2021,2021,WEAK,0,0.0,0.0,UNLABELED,,,
ZJ_U51_10K_E037_N334,10000,ZJ-HZB,L1-china2015-raster30m,2015,SILVER,0,0.0,0.0,UNLABELED,,,
ZJ_U51_10K_E037_N334,10000,ZJ-HZB,L2-cmssm2020-polygons,2020,WEAK,0,0.0,0.0,UNLABELED,,,
ZJ_U51_10K_E037_N334,10000,ZJ-HZB,L3-hangzhou-mask-2015,2015,WEAK,0,0.0,0.0,UNLABELED,,,
ZJ_U51_10K_E037_N334,10000,ZJ-HZB,L4-cmsa-polygons-2019,2019,WEAK,0,0.0,0.0,UNLABELED,,,
ZJ_U51_10K_E037_N334,10000,ZJ-HZB,L5-cmsa-polygons-2020,2020,WEAK,0,0.0,0.0,UNLABELED,,,
ZJ_U51_10K_E037_N334,10000,ZJ-HZB,L6-cmsa-polygons-2021,2021,WEAK,0,0.0,0.0,UNLABELED,,,
ZJ_U51_10K_E037_N335,10000,ZJ-HZB,L1-china2015-raster30m,2015,SILVER,0,0.0,0.0,UNLABELED,,,
ZJ_U51_10K_E037_N335,10000,ZJ-HZB,L2-cmssm2020-polygons,2020,WEAK,0,0.0,0.0,UNLABELED,,,
ZJ_U51_10K_E037_N335,10000,ZJ-HZB,L3-hangzhou-mask-2015,2015,WEAK,0,0.0,0.0,UNLABELED,,,
ZJ_U51_10K_E037_N335,10000,ZJ-HZB,L4-cmsa-polygons-2019,2019,WEAK,0,0.0,0.0,UNLABELED,,,
ZJ_U51_10K_E037_N335,10000,ZJ-HZB,L5-cmsa-polygons-2020,2020,WEAK,0,0.0,0.0,UNLABELED,,,
ZJ_U51_10K_E037_N335,10000,ZJ-HZB,L6-cmsa-polygons-2021,2021,WEAK,0,0.0,0.0,UNLABELED,,,
ZJ_U51_10K_E037_N336,10000,ZJ-HZB,L1-china2015-raster30m,2015,SILVER,0,0.0,0.0,UNLABELED,,,
ZJ_U51_10K_E037_N336,10000,ZJ-HZB,L2-cmssm2020-polygons,2020,WEAK,0,0.0,0.0,UNLABELED,,,
ZJ_U51_10K_E037_N336,10000,ZJ-HZB,L3-hangzhou-mask-2015,2015,WEAK,0,0.0,0.0,UNLABELED,,,
ZJ_U51_10K_E037_N336,10000,ZJ-HZB,L4-cmsa-polygons-2019,2019,WEAK,0,0.0,0.0,UNLABELED,,,
ZJ_U51_10K_E037_N336,10000,ZJ-HZB,L5-cmsa-polygons-2020,2020,WEAK,0,0.0,0.0,UNLABELED,,,
ZJ_U51_10K_E037_N336,10000,ZJ-HZB,L6-cmsa-polygons-2021,2021,WEAK,0,0.0,0.0,UNLABELED,,,
ZJ_U51_10K_E037_N337,10000,ZJ-HZB,L1-china2015-raster30m,2015,SILVER,0,0.0,0.0,UNLABELED,,,
ZJ_U51_10K_E037_N337,10000,ZJ-HZB,L2-cmssm2020-polygons,2020,WEAK,0,0.0,0.0,UNLABELED,,,
ZJ_U51_10K_E037_N337,10000,ZJ-HZB,L3-hangzhou-mask-2015,2015,WEAK,0,0.0,0.0,UNLABELED,,,
ZJ_U51_10K_E037_N337,10000,ZJ-HZB,L4-cmsa-polygons-2019,2019,WEAK,0,0.0,0.0,UNLABELED,,,
ZJ_U51_10K_E037_N337,10000,ZJ-HZB,L5-cmsa-polygons-2020,2020,WEAK,0,0.0,0.0,UNLABELED,,,
ZJ_U51_10K_E037_N337,10000,ZJ-HZB,L6-cmsa-polygons-2021,2021,WEAK,0,0.0,0.0,UNLABELED,,,
ZJ_U51_10K_E037_N338,10000,ZJ-HZB,L1-china2015-raster30m,2015,SILVER,0,0.0,0.0,UNLABELED,,,
ZJ_U51_10K_E037_N338,10000,ZJ-HZB,L2-cmssm2020-polygons,2020,WEAK,0,0.0,0.0,UNLABELED,,,
ZJ_U51_10K_E037_N338,10000,ZJ-HZB,L3-hangzhou-mask-2015,2015,WEAK,0,0.0,0.0,UNLABELED,,,
ZJ_U51_10K_E037_N338,10000,ZJ-HZB,L4-cmsa-polygons-2019,2019,WEAK,0,0.0,0.0,UNLABELED,,,
ZJ_U51_10K_E037_N338,10000,ZJ-HZB,L5-cmsa-polygons-2020,2020,WEAK,0,0.0,0.0,UNLABELED,,,
ZJ_U51_10K_E037_N338,10000,ZJ-HZB,L6-cmsa-polygons-2021,2021,WEAK,0,0.0,0.0,UNLABELED,,,
ZJ_U51_10K_E037_N339,10000,ZJ-HZB,L1-china2015-raster30m,2015,SILVER,0,0.0,0.0,UNLABELED,,,
ZJ_U51_10K_E037_N339,10000,ZJ-HZB,L2-cmssm2020-polygons,2020,WEAK,0,0.0,0.0,UNLABELED,,,
ZJ_U51_10K_E037_N339,10000,ZJ-HZB,L3-hangzhou-mask-2015,2015,WEAK,0,0.0,0.0,UNLABELED,,,
ZJ_U51_10K_E037_N339,10000,ZJ-HZB,L4-cmsa-polygons-2019,2019,WEAK,0,0.0,0.0,UNLABELED,,,
ZJ_U51_10K_E037_N339,10000,ZJ-HZB,L5-cmsa-polygons-2020,2020,WEAK,0,0.0,0.0,UNLABELED,,,
ZJ_U51_10K_E037_N339,10000,ZJ-HZB,L6-cmsa-polygons-2021,2021,WEAK,0,0.0,0.0,UNLABELED,,,
ZJ_U51_10K_E037_N340,10000,ZJ-HZB,L1-china2015-raster30m,2015,SILVER,0,0.0,0.0,UNLABELED,,,
ZJ_U51_10K_E037_N340,10000,ZJ-HZB,L2-cmssm2020-polygons,2020,WEAK,0,0.0,0.0,UNLABELED,,,
ZJ_U51_10K_E037_N340,10000,ZJ-HZB,L3-hangzhou-mask-2015,2015,WEAK,0,0.0,0.0,UNLABELED,,,
ZJ_U51_10K_E037_N340,10000,ZJ-HZB,L4-cmsa-polygons-2019,2019,WEAK,0,0.0,0.0,UNLABELED,,,
ZJ_U51_10K_E037_N340,10000,ZJ-HZB,L5-cmsa-polygons-2020,2020,WEAK,0,0.0,0.0,UNLABELED,,,
ZJ_U51_10K_E037_N340,10000,ZJ-HZB,L6-cmsa-polygons-2021,2021,WEAK,0,0.0,0.0,UNLABELED,,,
ZJ_U51_10K_E037_N341,10000,ZJ-HZB,L1-china2015-raster30m,2015,SILVER,692,0.6228,0.006228,SILVER,,,
ZJ_U51_10K_E037_N341,10000,ZJ-HZB,L2-cmssm2020-polygons,2020,WEAK,0,0.0,0.0,SILVER,,,
ZJ_U51_10K_E037_N341,10000,ZJ-HZB,L3-hangzhou-mask-2015,2015,WEAK,0,0.0,0.0,SILVER,,,
ZJ_U51_10K_E037_N341,10000,ZJ-HZB,L4-cmsa-polygons-2019,2019,WEAK,0,0.0,0.0,SILVER,,,
ZJ_U51_10K_E037_N341,10000,ZJ-HZB,L5-cmsa-polygons-2020,2020,WEAK,0,0.0,0.0,SILVER,,,
ZJ_U51_10K_E037_N341,10000,ZJ-HZB,L6-cmsa-polygons-2021,2021,WEAK,0,0.0,0.0,SILVER,,,
ZJ_U51_10K_E038_N320,10000,ZJ-SMB,L1-china2015-raster30m,2015,SILVER,0,0.0,0.0,UNLABELED,GOLD_EVIDENCE_TARGET,CROSS_BAY_LABEL_GAP_SMB_NO_LABEL_IN_CELL,
ZJ_U51_10K_E038_N320,10000,ZJ-SMB,L2-cmssm2020-polygons,2020,WEAK,0,0.0,0.0,UNLABELED,GOLD_EVIDENCE_TARGET,CROSS_BAY_LABEL_GAP_SMB_NO_LABEL_IN_CELL,
ZJ_U51_10K_E038_N320,10000,ZJ-SMB,L3-hangzhou-mask-2015,2015,WEAK,0,0.0,0.0,UNLABELED,GOLD_EVIDENCE_TARGET,CROSS_BAY_LABEL_GAP_SMB_NO_LABEL_IN_CELL,
ZJ_U51_10K_E038_N320,10000,ZJ-SMB,L4-cmsa-polygons-2019,2019,WEAK,0,0.0,0.0,UNLABELED,GOLD_EVIDENCE_TARGET,CROSS_BAY_LABEL_GAP_SMB_NO_LABEL_IN_CELL,
ZJ_U51_10K_E038_N320,10000,ZJ-SMB,L5-cmsa-polygons-2020,2020,WEAK,0,0.0,0.0,UNLABELED,GOLD_EVIDENCE_TARGET,CROSS_BAY_LABEL_GAP_SMB_NO_LABEL_IN_CELL,
ZJ_U51_10K_E038_N320,10000,ZJ-SMB,L6-cmsa-polygons-2021,2021,WEAK,0,0.0,0.0,UNLABELED,GOLD_EVIDENCE_TARGET,CROSS_BAY_LABEL_GAP_SMB_NO_LABEL_IN_CELL,
ZJ_U51_10K_E038_N321,10000,ZJ-SMB,L1-china2015-raster30m,2015,SILVER,1335,1.2015,0.012015,SILVER,,,
ZJ_U51_10K_E038_N321,10000,ZJ-SMB,L2-cmssm2020-polygons,2020,WEAK,0,0.0,0.0,SILVER,,,
ZJ_U51_10K_E038_N321,10000,ZJ-SMB,L3-hangzhou-mask-2015,2015,WEAK,0,0.0,0.0,SILVER,,,
ZJ_U51_10K_E038_N321,10000,ZJ-SMB,L4-cmsa-polygons-2019,2019,WEAK,0,0.0,0.0,SILVER,,,
ZJ_U51_10K_E038_N321,10000,ZJ-SMB,L5-cmsa-polygons-2020,2020,WEAK,0,0.0,0.0,SILVER,,,
ZJ_U51_10K_E038_N321,10000,ZJ-SMB,L6-cmsa-polygons-2021,2021,WEAK,0,0.0,0.0,SILVER,,,
ZJ_U51_10K_E038_N322,10000,ZJ-SMB,L1-china2015-raster30m,2015,SILVER,3654,3.2886,0.032886,SILVER,,,
ZJ_U51_10K_E038_N322,10000,ZJ-SMB,L2-cmssm2020-polygons,2020,WEAK,0,0.0,0.0,SILVER,,,
ZJ_U51_10K_E038_N322,10000,ZJ-SMB,L3-hangzhou-mask-2015,2015,WEAK,0,0.0,0.0,SILVER,,,
ZJ_U51_10K_E038_N322,10000,ZJ-SMB,L4-cmsa-polygons-2019,2019,WEAK,0,0.0,0.0,SILVER,,,
ZJ_U51_10K_E038_N322,10000,ZJ-SMB,L5-cmsa-polygons-2020,2020,WEAK,0,0.0,0.0,SILVER,,,
ZJ_U51_10K_E038_N322,10000,ZJ-SMB,L6-cmsa-polygons-2021,2021,WEAK,0,0.0,0.0,SILVER,,,
ZJ_U51_10K_E038_N323,10000,ZJ-SMB,L1-china2015-raster30m,2015,SILVER,1475,1.3275,0.013275,SILVER,,,
ZJ_U51_10K_E038_N323,10000,ZJ-SMB,L2-cmssm2020-polygons,2020,WEAK,0,0.0,0.0,SILVER,,,
ZJ_U51_10K_E038_N323,10000,ZJ-SMB,L3-hangzhou-mask-2015,2015,WEAK,0,0.0,0.0,SILVER,,,
ZJ_U51_10K_E038_N323,10000,ZJ-SMB,L4-cmsa-polygons-2019,2019,WEAK,0,0.0,0.0,SILVER,,,
ZJ_U51_10K_E038_N323,10000,ZJ-SMB,L5-cmsa-polygons-2020,2020,WEAK,0,0.0,0.0,SILVER,,,
ZJ_U51_10K_E038_N323,10000,ZJ-SMB,L6-cmsa-polygons-2021,2021,WEAK,0,0.0,0.0,SILVER,,,
ZJ_U51_10K_E038_N332,10000,ZJ-HZB,L1-china2015-raster30m,2015,SILVER,603,0.5427,0.005427,SILVER,,,
ZJ_U51_10K_E038_N332,10000,ZJ-HZB,L2-cmssm2020-polygons,2020,WEAK,0,0.0,0.0,SILVER,,,
ZJ_U51_10K_E038_N332,10000,ZJ-HZB,L3-hangzhou-mask-2015,2015,WEAK,0,0.0,0.0,SILVER,,,
ZJ_U51_10K_E038_N332,10000,ZJ-HZB,L4-cmsa-polygons-2019,2019,WEAK,0,0.0,0.0,SILVER,,,
ZJ_U51_10K_E038_N332,10000,ZJ-HZB,L5-cmsa-polygons-2020,2020,WEAK,0,0.0,0.0,SILVER,,,
ZJ_U51_10K_E038_N332,10000,ZJ-HZB,L6-cmsa-polygons-2021,2021,WEAK,0,0.0,0.0,SILVER,,,
ZJ_U51_10K_E038_N333,10000,ZJ-HZB,L1-china2015-raster30m,2015,SILVER,0,0.0,0.0,UNLABELED,,,
ZJ_U51_10K_E038_N333,10000,ZJ-HZB,L2-cmssm2020-polygons,2020,WEAK,0,0.0,0.0,UNLABELED,,,
ZJ_U51_10K_E038_N333,10000,ZJ-HZB,L3-hangzhou-mask-2015,2015,WEAK,0,0.0,0.0,UNLABELED,,,
ZJ_U51_10K_E038_N333,10000,ZJ-HZB,L4-cmsa-polygons-2019,2019,WEAK,0,0.0,0.0,UNLABELED,,,
ZJ_U51_10K_E038_N333,10000,ZJ-HZB,L5-cmsa-polygons-2020,2020,WEAK,0,0.0,0.0,UNLABELED,,,
ZJ_U51_10K_E038_N333,10000,ZJ-HZB,L6-cmsa-polygons-2021,2021,WEAK,0,0.0,0.0,UNLABELED,,,
ZJ_U51_10K_E038_N334,10000,ZJ-HZB,L1-china2015-raster30m,2015,SILVER,0,0.0,0.0,UNLABELED,,,
ZJ_U51_10K_E038_N334,10000,ZJ-HZB,L2-cmssm2020-polygons,2020,WEAK,0,0.0,0.0,UNLABELED,,,
ZJ_U51_10K_E038_N334,10000,ZJ-HZB,L3-hangzhou-mask-2015,2015,WEAK,0,0.0,0.0,UNLABELED,,,
ZJ_U51_10K_E038_N334,10000,ZJ-HZB,L4-cmsa-polygons-2019,2019,WEAK,0,0.0,0.0,UNLABELED,,,
ZJ_U51_10K_E038_N334,10000,ZJ-HZB,L5-cmsa-polygons-2020,2020,WEAK,0,0.0,0.0,UNLABELED,,,
ZJ_U51_10K_E038_N334,10000,ZJ-HZB,L6-cmsa-polygons-2021,2021,WEAK,0,0.0,0.0,UNLABELED,,,
ZJ_U51_10K_E038_N335,10000,ZJ-HZB,L1-china2015-raster30m,2015,SILVER,0,0.0,0.0,UNLABELED,,,
ZJ_U51_10K_E038_N335,10000,ZJ-HZB,L2-cmssm2020-polygons,2020,WEAK,0,0.0,0.0,UNLABELED,,,
ZJ_U51_10K_E038_N335,10000,ZJ-HZB,L3-hangzhou-mask-2015,2015,WEAK,0,0.0,0.0,UNLABELED,,,
ZJ_U51_10K_E038_N335,10000,ZJ-HZB,L4-cmsa-polygons-2019,2019,WEAK,0,0.0,0.0,UNLABELED,,,
ZJ_U51_10K_E038_N335,10000,ZJ-HZB,L5-cmsa-polygons-2020,2020,WEAK,0,0.0,0.0,UNLABELED,,,
ZJ_U51_10K_E038_N335,10000,ZJ-HZB,L6-cmsa-polygons-2021,2021,WEAK,0,0.0,0.0,UNLABELED,,,
ZJ_U51_10K_E038_N336,10000,ZJ-HZB,L1-china2015-raster30m,2015,SILVER,0,0.0,0.0,UNLABELED,,,
ZJ_U51_10K_E038_N336,10000,ZJ-HZB,L2-cmssm2020-polygons,2020,WEAK,0,0.0,0.0,UNLABELED,,,
ZJ_U51_10K_E038_N336,10000,ZJ-HZB,L3-hangzhou-mask-2015,2015,WEAK,0,0.0,0.0,UNLABELED,,,
ZJ_U51_10K_E038_N336,10000,ZJ-HZB,L4-cmsa-polygons-2019,2019,WEAK,0,0.0,0.0,UNLABELED,,,
ZJ_U51_10K_E038_N336,10000,ZJ-HZB,L5-cmsa-polygons-2020,2020,WEAK,0,0.0,0.0,UNLABELED,,,
ZJ_U51_10K_E038_N336,10000,ZJ-HZB,L6-cmsa-polygons-2021,2021,WEAK,0,0.0,0.0,UNLABELED,,,
ZJ_U51_10K_E038_N337,10000,ZJ-HZB,L1-china2015-raster30m,2015,SILVER,0,0.0,0.0,UNLABELED,,,
ZJ_U51_10K_E038_N337,10000,ZJ-HZB,L2-cmssm2020-polygons,2020,WEAK,0,0.0,0.0,UNLABELED,,,
ZJ_U51_10K_E038_N337,10000,ZJ-HZB,L3-hangzhou-mask-2015,2015,WEAK,0,0.0,0.0,UNLABELED,,,
ZJ_U51_10K_E038_N337,10000,ZJ-HZB,L4-cmsa-polygons-2019,2019,WEAK,0,0.0,0.0,UNLABELED,,,
ZJ_U51_10K_E038_N337,10000,ZJ-HZB,L5-cmsa-polygons-2020,2020,WEAK,0,0.0,0.0,UNLABELED,,,
ZJ_U51_10K_E038_N337,10000,ZJ-HZB,L6-cmsa-polygons-2021,2021,WEAK,0,0.0,0.0,UNLABELED,,,
ZJ_U51_10K_E038_N338,10000,ZJ-HZB,L1-china2015-raster30m,2015,SILVER,0,0.0,0.0,UNLABELED,,,
ZJ_U51_10K_E038_N338,10000,ZJ-HZB,L2-cmssm2020-polygons,2020,WEAK,0,0.0,0.0,UNLABELED,,,
ZJ_U51_10K_E038_N338,10000,ZJ-HZB,L3-hangzhou-mask-2015,2015,WEAK,0,0.0,0.0,UNLABELED,,,
ZJ_U51_10K_E038_N338,10000,ZJ-HZB,L4-cmsa-polygons-2019,2019,WEAK,0,0.0,0.0,UNLABELED,,,
ZJ_U51_10K_E038_N338,10000,ZJ-HZB,L5-cmsa-polygons-2020,2020,WEAK,0,0.0,0.0,UNLABELED,,,
ZJ_U51_10K_E038_N338,10000,ZJ-HZB,L6-cmsa-polygons-2021,2021,WEAK,0,0.0,0.0,UNLABELED,,,
ZJ_U51_10K_E038_N339,10000,ZJ-HZB,L1-china2015-raster30m,2015,SILVER,0,0.0,0.0,UNLABELED,,,
ZJ_U51_10K_E038_N339,10000,ZJ-HZB,L2-cmssm2020-polygons,2020,WEAK,0,0.0,0.0,UNLABELED,,,
ZJ_U51_10K_E038_N339,10000,ZJ-HZB,L3-hangzhou-mask-2015,2015,WEAK,0,0.0,0.0,UNLABELED,,,
ZJ_U51_10K_E038_N339,10000,ZJ-HZB,L4-cmsa-polygons-2019,2019,WEAK,0,0.0,0.0,UNLABELED,,,
ZJ_U51_10K_E038_N339,10000,ZJ-HZB,L5-cmsa-polygons-2020,2020,WEAK,0,0.0,0.0,UNLABELED,,,
ZJ_U51_10K_E038_N339,10000,ZJ-HZB,L6-cmsa-polygons-2021,2021,WEAK,0,0.0,0.0,UNLABELED,,,
ZJ_U51_10K_E038_N340,10000,ZJ-HZB,L1-china2015-raster30m,2015,SILVER,0,0.0,0.0,UNLABELED,,,
ZJ_U51_10K_E038_N340,10000,ZJ-HZB,L2-cmssm2020-polygons,2020,WEAK,0,0.0,0.0,UNLABELED,,,
ZJ_U51_10K_E038_N340,10000,ZJ-HZB,L3-hangzhou-mask-2015,2015,WEAK,0,0.0,0.0,UNLABELED,,,
ZJ_U51_10K_E038_N340,10000,ZJ-HZB,L4-cmsa-polygons-2019,2019,WEAK,0,0.0,0.0,UNLABELED,,,
ZJ_U51_10K_E038_N340,10000,ZJ-HZB,L5-cmsa-polygons-2020,2020,WEAK,0,0.0,0.0,UNLABELED,,,
ZJ_U51_10K_E038_N340,10000,ZJ-HZB,L6-cmsa-polygons-2021,2021,WEAK,0,0.0,0.0,UNLABELED,,,
ZJ_U51_10K_E038_N341,10000,ZJ-HZB,L1-china2015-raster30m,2015,SILVER,530,0.477,0.00477,SILVER,,,
ZJ_U51_10K_E038_N341,10000,ZJ-HZB,L2-cmssm2020-polygons,2020,WEAK,0,0.0,0.0,SILVER,,,
ZJ_U51_10K_E038_N341,10000,ZJ-HZB,L3-hangzhou-mask-2015,2015,WEAK,0,0.0,0.0,SILVER,,,
ZJ_U51_10K_E038_N341,10000,ZJ-HZB,L4-cmsa-polygons-2019,2019,WEAK,0,0.0,0.0,SILVER,,,
ZJ_U51_10K_E038_N341,10000,ZJ-HZB,L5-cmsa-polygons-2020,2020,WEAK,0,0.0,0.0,SILVER,,,
ZJ_U51_10K_E038_N341,10000,ZJ-HZB,L6-cmsa-polygons-2021,2021,WEAK,0,0.0,0.0,SILVER,,,
ZJ_U51_10K_E039_N320,10000,ZJ-SMB,L1-china2015-raster30m,2015,SILVER,0,0.0,0.0,UNLABELED,GOLD_EVIDENCE_TARGET,CROSS_BAY_LABEL_GAP_SMB_NO_LABEL_IN_CELL,
ZJ_U51_10K_E039_N320,10000,ZJ-SMB,L2-cmssm2020-polygons,2020,WEAK,0,0.0,0.0,UNLABELED,GOLD_EVIDENCE_TARGET,CROSS_BAY_LABEL_GAP_SMB_NO_LABEL_IN_CELL,
ZJ_U51_10K_E039_N320,10000,ZJ-SMB,L3-hangzhou-mask-2015,2015,WEAK,0,0.0,0.0,UNLABELED,GOLD_EVIDENCE_TARGET,CROSS_BAY_LABEL_GAP_SMB_NO_LABEL_IN_CELL,
ZJ_U51_10K_E039_N320,10000,ZJ-SMB,L4-cmsa-polygons-2019,2019,WEAK,0,0.0,0.0,UNLABELED,GOLD_EVIDENCE_TARGET,CROSS_BAY_LABEL_GAP_SMB_NO_LABEL_IN_CELL,
ZJ_U51_10K_E039_N320,10000,ZJ-SMB,L5-cmsa-polygons-2020,2020,WEAK,0,0.0,0.0,UNLABELED,GOLD_EVIDENCE_TARGET,CROSS_BAY_LABEL_GAP_SMB_NO_LABEL_IN_CELL,
ZJ_U51_10K_E039_N320,10000,ZJ-SMB,L6-cmsa-polygons-2021,2021,WEAK,0,0.0,0.0,UNLABELED,GOLD_EVIDENCE_TARGET,CROSS_BAY_LABEL_GAP_SMB_NO_LABEL_IN_CELL,
ZJ_U51_10K_E039_N321,10000,ZJ-SMB,L1-china2015-raster30m,2015,SILVER,77,0.0693,0.000693,SILVER,,,
ZJ_U51_10K_E039_N321,10000,ZJ-SMB,L2-cmssm2020-polygons,2020,WEAK,0,0.0,0.0,SILVER,,,
ZJ_U51_10K_E039_N321,10000,ZJ-SMB,L3-hangzhou-mask-2015,2015,WEAK,0,0.0,0.0,SILVER,,,
ZJ_U51_10K_E039_N321,10000,ZJ-SMB,L4-cmsa-polygons-2019,2019,WEAK,0,0.0,0.0,SILVER,,,
ZJ_U51_10K_E039_N321,10000,ZJ-SMB,L5-cmsa-polygons-2020,2020,WEAK,0,0.0,0.0,SILVER,,,
ZJ_U51_10K_E039_N321,10000,ZJ-SMB,L6-cmsa-polygons-2021,2021,WEAK,0,0.0,0.0,SILVER,,,
ZJ_U51_10K_E039_N322,10000,ZJ-SMB,L1-china2015-raster30m,2015,SILVER,507,0.4563,0.004563,SILVER,,,
ZJ_U51_10K_E039_N322,10000,ZJ-SMB,L2-cmssm2020-polygons,2020,WEAK,0,0.0,0.0,SILVER,,,
ZJ_U51_10K_E039_N322,10000,ZJ-SMB,L3-hangzhou-mask-2015,2015,WEAK,0,0.0,0.0,SILVER,,,
ZJ_U51_10K_E039_N322,10000,ZJ-SMB,L4-cmsa-polygons-2019,2019,WEAK,0,0.0,0.0,SILVER,,,
ZJ_U51_10K_E039_N322,10000,ZJ-SMB,L5-cmsa-polygons-2020,2020,WEAK,0,0.0,0.0,SILVER,,,
ZJ_U51_10K_E039_N322,10000,ZJ-SMB,L6-cmsa-polygons-2021,2021,WEAK,0,0.0,0.0,SILVER,,,
ZJ_U51_10K_E039_N323,10000,ZJ-SMB,L1-china2015-raster30m,2015,SILVER,15,0.0135,0.000135,SILVER,,,
ZJ_U51_10K_E039_N323,10000,ZJ-SMB,L2-cmssm2020-polygons,2020,WEAK,0,0.0,0.0,SILVER,,,
ZJ_U51_10K_E039_N323,10000,ZJ-SMB,L3-hangzhou-mask-2015,2015,WEAK,0,0.0,0.0,SILVER,,,
ZJ_U51_10K_E039_N323,10000,ZJ-SMB,L4-cmsa-polygons-2019,2019,WEAK,0,0.0,0.0,SILVER,,,
ZJ_U51_10K_E039_N323,10000,ZJ-SMB,L5-cmsa-polygons-2020,2020,WEAK,0,0.0,0.0,SILVER,,,
ZJ_U51_10K_E039_N323,10000,ZJ-SMB,L6-cmsa-polygons-2021,2021,WEAK,0,0.0,0.0,SILVER,,,
ZJ_U51_10K_E039_N338,10000,ZJ-HZB,L1-china2015-raster30m,2015,SILVER,0,0.0,0.0,UNLABELED,,,
ZJ_U51_10K_E039_N338,10000,ZJ-HZB,L2-cmssm2020-polygons,2020,WEAK,0,0.0,0.0,UNLABELED,,,
ZJ_U51_10K_E039_N338,10000,ZJ-HZB,L3-hangzhou-mask-2015,2015,WEAK,0,0.0,0.0,UNLABELED,,,
ZJ_U51_10K_E039_N338,10000,ZJ-HZB,L4-cmsa-polygons-2019,2019,WEAK,0,0.0,0.0,UNLABELED,,,
ZJ_U51_10K_E039_N338,10000,ZJ-HZB,L5-cmsa-polygons-2020,2020,WEAK,0,0.0,0.0,UNLABELED,,,
ZJ_U51_10K_E039_N338,10000,ZJ-HZB,L6-cmsa-polygons-2021,2021,WEAK,0,0.0,0.0,UNLABELED,,,
ZJ_U51_10K_E039_N339,10000,ZJ-HZB,L1-china2015-raster30m,2015,SILVER,0,0.0,0.0,UNLABELED,,,
ZJ_U51_10K_E039_N339,10000,ZJ-HZB,L2-cmssm2020-polygons,2020,WEAK,0,0.0,0.0,UNLABELED,,,
ZJ_U51_10K_E039_N339,10000,ZJ-HZB,L3-hangzhou-mask-2015,2015,WEAK,0,0.0,0.0,UNLABELED,,,
ZJ_U51_10K_E039_N339,10000,ZJ-HZB,L4-cmsa-polygons-2019,2019,WEAK,0,0.0,0.0,UNLABELED,,,
ZJ_U51_10K_E039_N339,10000,ZJ-HZB,L5-cmsa-polygons-2020,2020,WEAK,0,0.0,0.0,UNLABELED,,,
ZJ_U51_10K_E039_N339,10000,ZJ-HZB,L6-cmsa-polygons-2021,2021,WEAK,0,0.0,0.0,UNLABELED,,,
ZJ_U51_10K_E039_N340,10000,ZJ-HZB,L1-china2015-raster30m,2015,SILVER,0,0.0,0.0,UNLABELED,,,
ZJ_U51_10K_E039_N340,10000,ZJ-HZB,L2-cmssm2020-polygons,2020,WEAK,0,0.0,0.0,UNLABELED,,,
ZJ_U51_10K_E039_N340,10000,ZJ-HZB,L3-hangzhou-mask-2015,2015,WEAK,0,0.0,0.0,UNLABELED,,,
ZJ_U51_10K_E039_N340,10000,ZJ-HZB,L4-cmsa-polygons-2019,2019,WEAK,0,0.0,0.0,UNLABELED,,,
ZJ_U51_10K_E039_N340,10000,ZJ-HZB,L5-cmsa-polygons-2020,2020,WEAK,0,0.0,0.0,UNLABELED,,,
ZJ_U51_10K_E039_N340,10000,ZJ-HZB,L6-cmsa-polygons-2021,2021,WEAK,0,0.0,0.0,UNLABELED,,,
ZJ_U51_10K_E039_N341,10000,ZJ-HZB,L1-china2015-raster30m,2015,SILVER,61,0.0549,0.000549,SILVER,,,
ZJ_U51_10K_E039_N341,10000,ZJ-HZB,L2-cmssm2020-polygons,2020,WEAK,0,0.0,0.0,SILVER,,,
ZJ_U51_10K_E039_N341,10000,ZJ-HZB,L3-hangzhou-mask-2015,2015,WEAK,0,0.0,0.0,SILVER,,,
ZJ_U51_10K_E039_N341,10000,ZJ-HZB,L4-cmsa-polygons-2019,2019,WEAK,0,0.0,0.0,SILVER,,,
ZJ_U51_10K_E039_N341,10000,ZJ-HZB,L5-cmsa-polygons-2020,2020,WEAK,0,0.0,0.0,SILVER,,,
ZJ_U51_10K_E039_N341,10000,ZJ-HZB,L6-cmsa-polygons-2021,2021,WEAK,0,0.0,0.0,SILVER,,,
ZJ_U51_20K_E014_N154,20000,ZJ-YQB,L1-china2015-raster30m,2015,SILVER,2808,2.5272,0.006318,SILVER,,,
ZJ_U51_20K_E014_N154,20000,ZJ-YQB,L2-cmssm2020-polygons,2020,WEAK,0,0.0,0.0,SILVER,,,
ZJ_U51_20K_E014_N154,20000,ZJ-YQB,L3-hangzhou-mask-2015,2015,WEAK,0,0.0,0.0,SILVER,,,
ZJ_U51_20K_E014_N154,20000,ZJ-YQB,L4-cmsa-polygons-2019,2019,WEAK,0,0.0,0.0,SILVER,,,
ZJ_U51_20K_E014_N154,20000,ZJ-YQB,L5-cmsa-polygons-2020,2020,WEAK,0,0.0,0.0,SILVER,,,
ZJ_U51_20K_E014_N154,20000,ZJ-YQB,L6-cmsa-polygons-2021,2021,WEAK,0,0.0,0.0,SILVER,,,
ZJ_U51_20K_E014_N155,20000,ZJ-YQB,L1-china2015-raster30m,2015,SILVER,28,0.0252,6.3e-05,SILVER,,,
ZJ_U51_20K_E014_N155,20000,ZJ-YQB,L2-cmssm2020-polygons,2020,WEAK,0,0.0,0.0,SILVER,,,
ZJ_U51_20K_E014_N155,20000,ZJ-YQB,L3-hangzhou-mask-2015,2015,WEAK,0,0.0,0.0,SILVER,,,
ZJ_U51_20K_E014_N155,20000,ZJ-YQB,L4-cmsa-polygons-2019,2019,WEAK,0,0.0,0.0,SILVER,,,
ZJ_U51_20K_E014_N155,20000,ZJ-YQB,L5-cmsa-polygons-2020,2020,WEAK,0,0.0,0.0,SILVER,,,
ZJ_U51_20K_E014_N155,20000,ZJ-YQB,L6-cmsa-polygons-2021,2021,WEAK,0,0.0,0.0,SILVER,,,
ZJ_U51_20K_E014_N167,20000,ZJ-HZB,L1-china2015-raster30m,2015,SILVER,271,0.2439,0.00061,SILVER,,,
ZJ_U51_20K_E014_N167,20000,ZJ-HZB,L2-cmssm2020-polygons,2020,WEAK,0,0.0,0.0,SILVER,,,
ZJ_U51_20K_E014_N167,20000,ZJ-HZB,L3-hangzhou-mask-2015,2015,WEAK,0,0.0,0.0,SILVER,,,
ZJ_U51_20K_E014_N167,20000,ZJ-HZB,L4-cmsa-polygons-2019,2019,WEAK,0,0.0,0.0,SILVER,,,
ZJ_U51_20K_E014_N167,20000,ZJ-HZB,L5-cmsa-polygons-2020,2020,WEAK,0,0.0,0.0,SILVER,,,
ZJ_U51_20K_E014_N167,20000,ZJ-HZB,L6-cmsa-polygons-2021,2021,WEAK,0,0.0,0.0,SILVER,,,
ZJ_U51_20K_E014_N168,20000,ZJ-HZB,L1-china2015-raster30m,2015,SILVER,687,0.6183,0.001546,SILVER,,,
ZJ_U51_20K_E014_N168,20000,ZJ-HZB,L2-cmssm2020-polygons,2020,WEAK,0,0.0,0.0,SILVER,,,
ZJ_U51_20K_E014_N168,20000,ZJ-HZB,L3-hangzhou-mask-2015,2015,WEAK,0,0.0,0.0,SILVER,,,
ZJ_U51_20K_E014_N168,20000,ZJ-HZB,L4-cmsa-polygons-2019,2019,WEAK,0,0.0,0.0,SILVER,,,
ZJ_U51_20K_E014_N168,20000,ZJ-HZB,L5-cmsa-polygons-2020,2020,WEAK,0,0.0,0.0,SILVER,,,
ZJ_U51_20K_E014_N168,20000,ZJ-HZB,L6-cmsa-polygons-2021,2021,WEAK,0,0.0,0.0,SILVER,,,
ZJ_U51_20K_E015_N154,20000,ZJ-YQB,L1-china2015-raster30m,2015,SILVER,1485,1.3365,0.003341,SILVER,,,
ZJ_U51_20K_E015_N154,20000,ZJ-YQB,L2-cmssm2020-polygons,2020,WEAK,0,0.0,0.0,SILVER,,,
ZJ_U51_20K_E015_N154,20000,ZJ-YQB,L3-hangzhou-mask-2015,2015,WEAK,0,0.0,0.0,SILVER,,,
ZJ_U51_20K_E015_N154,20000,ZJ-YQB,L4-cmsa-polygons-2019,2019,WEAK,0,0.0,0.0,SILVER,,,
ZJ_U51_20K_E015_N154,20000,ZJ-YQB,L5-cmsa-polygons-2020,2020,WEAK,0,0.0,0.0,SILVER,,,
ZJ_U51_20K_E015_N154,20000,ZJ-YQB,L6-cmsa-polygons-2021,2021,WEAK,0,0.0,0.0,SILVER,,,
ZJ_U51_20K_E015_N155,20000,ZJ-YQB,L1-china2015-raster30m,2015,SILVER,5690,5.121,0.012803,SILVER,,,
ZJ_U51_20K_E015_N155,20000,ZJ-YQB,L2-cmssm2020-polygons,2020,WEAK,0,0.0,0.0,SILVER,,,
ZJ_U51_20K_E015_N155,20000,ZJ-YQB,L3-hangzhou-mask-2015,2015,WEAK,0,0.0,0.0,SILVER,,,
ZJ_U51_20K_E015_N155,20000,ZJ-YQB,L4-cmsa-polygons-2019,2019,WEAK,0,0.0,0.0,SILVER,,,
ZJ_U51_20K_E015_N155,20000,ZJ-YQB,L5-cmsa-polygons-2020,2020,WEAK,0,0.0,0.0,SILVER,,,
ZJ_U51_20K_E015_N155,20000,ZJ-YQB,L6-cmsa-polygons-2021,2021,WEAK,0,0.0,0.0,SILVER,,,
ZJ_U51_20K_E015_N156,20000,ZJ-YQB,L1-china2015-raster30m,2015,SILVER,7742,6.9678,0.01742,SILVER+WEAK,,,
ZJ_U51_20K_E015_N156,20000,ZJ-YQB,L2-cmssm2020-polygons,2020,WEAK,0,0.0,0.0,SILVER+WEAK,,,
ZJ_U51_20K_E015_N156,20000,ZJ-YQB,L3-hangzhou-mask-2015,2015,WEAK,0,0.0,0.0,SILVER+WEAK,,,
ZJ_U51_20K_E015_N156,20000,ZJ-YQB,L4-cmsa-polygons-2019,2019,WEAK,4,3.2571,0.008143,SILVER+WEAK,,,
ZJ_U51_20K_E015_N156,20000,ZJ-YQB,L5-cmsa-polygons-2020,2020,WEAK,17,0.9968,0.002492,SILVER+WEAK,,,
ZJ_U51_20K_E015_N156,20000,ZJ-YQB,L6-cmsa-polygons-2021,2021,WEAK,8,3.1781,0.007945,SILVER+WEAK,,,
ZJ_U51_20K_E015_N167,20000,ZJ-HZB,L1-china2015-raster30m,2015,SILVER,505,0.4545,0.001136,SILVER+WEAK,,,
ZJ_U51_20K_E015_N167,20000,ZJ-HZB,L2-cmssm2020-polygons,2020,WEAK,0,0.0,0.0,SILVER+WEAK,,,
ZJ_U51_20K_E015_N167,20000,ZJ-HZB,L3-hangzhou-mask-2015,2015,WEAK,4230,3.7972,0.009493,SILVER+WEAK,,,
ZJ_U51_20K_E015_N167,20000,ZJ-HZB,L4-cmsa-polygons-2019,2019,WEAK,0,0.0,0.0,SILVER+WEAK,,,
ZJ_U51_20K_E015_N167,20000,ZJ-HZB,L5-cmsa-polygons-2020,2020,WEAK,0,0.0,0.0,SILVER+WEAK,,,
ZJ_U51_20K_E015_N167,20000,ZJ-HZB,L6-cmsa-polygons-2021,2021,WEAK,0,0.0,0.0,SILVER+WEAK,,,
ZJ_U51_20K_E015_N168,20000,ZJ-HZB,L1-china2015-raster30m,2015,SILVER,263,0.2367,0.000592,SILVER,,,
ZJ_U51_20K_E015_N168,20000,ZJ-HZB,L2-cmssm2020-polygons,2020,WEAK,0,0.0,0.0,SILVER,,,
ZJ_U51_20K_E015_N168,20000,ZJ-HZB,L3-hangzhou-mask-2015,2015,WEAK,0,0.0,0.0,SILVER,,,
ZJ_U51_20K_E015_N168,20000,ZJ-HZB,L4-cmsa-polygons-2019,2019,WEAK,0,0.0,0.0,SILVER,,,
ZJ_U51_20K_E015_N168,20000,ZJ-HZB,L5-cmsa-polygons-2020,2020,WEAK,0,0.0,0.0,SILVER,,,
ZJ_U51_20K_E015_N168,20000,ZJ-HZB,L6-cmsa-polygons-2021,2021,WEAK,0,0.0,0.0,SILVER,,,
ZJ_U51_20K_E016_N155,20000,ZJ-YQB,L1-china2015-raster30m,2015,SILVER,3069,2.7621,0.006905,SILVER,,,
ZJ_U51_20K_E016_N155,20000,ZJ-YQB,L2-cmssm2020-polygons,2020,WEAK,0,0.0,0.0,SILVER,,,
ZJ_U51_20K_E016_N155,20000,ZJ-YQB,L3-hangzhou-mask-2015,2015,WEAK,0,0.0,0.0,SILVER,,,
ZJ_U51_20K_E016_N155,20000,ZJ-YQB,L4-cmsa-polygons-2019,2019,WEAK,0,0.0,0.0,SILVER,,,
ZJ_U51_20K_E016_N155,20000,ZJ-YQB,L5-cmsa-polygons-2020,2020,WEAK,0,0.0,0.0,SILVER,,,
ZJ_U51_20K_E016_N155,20000,ZJ-YQB,L6-cmsa-polygons-2021,2021,WEAK,0,0.0,0.0,SILVER,,,
ZJ_U51_20K_E016_N156,20000,ZJ-YQB,L1-china2015-raster30m,2015,SILVER,12207,10.9863,0.027466,SILVER+WEAK,,,
ZJ_U51_20K_E016_N156,20000,ZJ-YQB,L2-cmssm2020-polygons,2020,WEAK,0,0.0,0.0,SILVER+WEAK,,,
ZJ_U51_20K_E016_N156,20000,ZJ-YQB,L3-hangzhou-mask-2015,2015,WEAK,0,0.0,0.0,SILVER+WEAK,,,
ZJ_U51_20K_E016_N156,20000,ZJ-YQB,L4-cmsa-polygons-2019,2019,WEAK,76,5.9844,0.014961,SILVER+WEAK,,,
ZJ_U51_20K_E016_N156,20000,ZJ-YQB,L5-cmsa-polygons-2020,2020,WEAK,177,3.8326,0.009581,SILVER+WEAK,,,
ZJ_U51_20K_E016_N156,20000,ZJ-YQB,L6-cmsa-polygons-2021,2021,WEAK,100,6.2348,0.015587,SILVER+WEAK,,,
ZJ_U51_20K_E016_N157,20000,ZJ-YQB,L1-china2015-raster30m,2015,SILVER,293,0.2637,0.000659,SILVER+WEAK,,,
ZJ_U51_20K_E016_N157,20000,ZJ-YQB,L2-cmssm2020-polygons,2020,WEAK,0,0.0,0.0,SILVER+WEAK,,,
ZJ_U51_20K_E016_N157,20000,ZJ-YQB,L3-hangzhou-mask-2015,2015,WEAK,0,0.0,0.0,SILVER+WEAK,,,
ZJ_U51_20K_E016_N157,20000,ZJ-YQB,L4-cmsa-polygons-2019,2019,WEAK,2,0.0164,4.1e-05,SILVER+WEAK,,,
ZJ_U51_20K_E016_N157,20000,ZJ-YQB,L5-cmsa-polygons-2020,2020,WEAK,0,0.0,0.0,SILVER+WEAK,,,
ZJ_U51_20K_E016_N157,20000,ZJ-YQB,L6-cmsa-polygons-2021,2021,WEAK,2,0.0476,0.000119,SILVER+WEAK,,,
ZJ_U51_20K_E016_N166,20000,ZJ-HZB,L1-china2015-raster30m,2015,SILVER,0,0.0,0.0,UNLABELED,,,
ZJ_U51_20K_E016_N166,20000,ZJ-HZB,L2-cmssm2020-polygons,2020,WEAK,0,0.0,0.0,UNLABELED,,,
ZJ_U51_20K_E016_N166,20000,ZJ-HZB,L3-hangzhou-mask-2015,2015,WEAK,0,0.0,0.0,UNLABELED,,,
ZJ_U51_20K_E016_N166,20000,ZJ-HZB,L4-cmsa-polygons-2019,2019,WEAK,0,0.0,0.0,UNLABELED,,,
ZJ_U51_20K_E016_N166,20000,ZJ-HZB,L5-cmsa-polygons-2020,2020,WEAK,0,0.0,0.0,UNLABELED,,,
ZJ_U51_20K_E016_N166,20000,ZJ-HZB,L6-cmsa-polygons-2021,2021,WEAK,0,0.0,0.0,UNLABELED,,,
ZJ_U51_20K_E016_N167,20000,ZJ-HZB,L1-china2015-raster30m,2015,SILVER,0,0.0,0.0,WEAK,,,
ZJ_U51_20K_E016_N167,20000,ZJ-HZB,L2-cmssm2020-polygons,2020,WEAK,0,0.0,0.0,WEAK,,,
ZJ_U51_20K_E016_N167,20000,ZJ-HZB,L3-hangzhou-mask-2015,2015,WEAK,976,0.8761,0.00219,WEAK,,,
ZJ_U51_20K_E016_N167,20000,ZJ-HZB,L4-cmsa-polygons-2019,2019,WEAK,0,0.0,0.0,WEAK,,,
ZJ_U51_20K_E016_N167,20000,ZJ-HZB,L5-cmsa-polygons-2020,2020,WEAK,0,0.0,0.0,WEAK,,,
ZJ_U51_20K_E016_N167,20000,ZJ-HZB,L6-cmsa-polygons-2021,2021,WEAK,0,0.0,0.0,WEAK,,,
ZJ_U51_20K_E016_N168,20000,ZJ-HZB,L1-china2015-raster30m,2015,SILVER,9899,8.9091,0.022273,SILVER+WEAK,,,
ZJ_U51_20K_E016_N168,20000,ZJ-HZB,L2-cmssm2020-polygons,2020,WEAK,0,0.0,0.0,SILVER+WEAK,,,
ZJ_U51_20K_E016_N168,20000,ZJ-HZB,L3-hangzhou-mask-2015,2015,WEAK,7679,6.8934,0.017233,SILVER+WEAK,,,
ZJ_U51_20K_E016_N168,20000,ZJ-HZB,L4-cmsa-polygons-2019,2019,WEAK,0,0.0,0.0,SILVER+WEAK,,,
ZJ_U51_20K_E016_N168,20000,ZJ-HZB,L5-cmsa-polygons-2020,2020,WEAK,0,0.0,0.0,SILVER+WEAK,,,
ZJ_U51_20K_E016_N168,20000,ZJ-HZB,L6-cmsa-polygons-2021,2021,WEAK,0,0.0,0.0,SILVER+WEAK,,,
ZJ_U51_20K_E016_N169,20000,ZJ-HZB,L1-china2015-raster30m,2015,SILVER,441,0.3969,0.000992,SILVER,,,
ZJ_U51_20K_E016_N169,20000,ZJ-HZB,L2-cmssm2020-polygons,2020,WEAK,0,0.0,0.0,SILVER,,,
ZJ_U51_20K_E016_N169,20000,ZJ-HZB,L3-hangzhou-mask-2015,2015,WEAK,0,0.0,0.0,SILVER,,,
ZJ_U51_20K_E016_N169,20000,ZJ-HZB,L4-cmsa-polygons-2019,2019,WEAK,0,0.0,0.0,SILVER,,,
ZJ_U51_20K_E016_N169,20000,ZJ-HZB,L5-cmsa-polygons-2020,2020,WEAK,0,0.0,0.0,SILVER,,,
ZJ_U51_20K_E016_N169,20000,ZJ-HZB,L6-cmsa-polygons-2021,2021,WEAK,0,0.0,0.0,SILVER,,,
ZJ_U51_20K_E017_N160,20000,ZJ-SMB,L1-china2015-raster30m,2015,SILVER,3337,3.0033,0.007508,SILVER,,,
ZJ_U51_20K_E017_N160,20000,ZJ-SMB,L2-cmssm2020-polygons,2020,WEAK,0,0.0,0.0,SILVER,,,
ZJ_U51_20K_E017_N160,20000,ZJ-SMB,L3-hangzhou-mask-2015,2015,WEAK,0,0.0,0.0,SILVER,,,
ZJ_U51_20K_E017_N160,20000,ZJ-SMB,L4-cmsa-polygons-2019,2019,WEAK,0,0.0,0.0,SILVER,,,
ZJ_U51_20K_E017_N160,20000,ZJ-SMB,L5-cmsa-polygons-2020,2020,WEAK,0,0.0,0.0,SILVER,,,
ZJ_U51_20K_E017_N160,20000,ZJ-SMB,L6-cmsa-polygons-2021,2021,WEAK,0,0.0,0.0,SILVER,,,
ZJ_U51_20K_E017_N161,20000,ZJ-SMB,L1-china2015-raster30m,2015,SILVER,17492,15.7428,0.039357,SILVER,,,
ZJ_U51_20K_E017_N161,20000,ZJ-SMB,L2-cmssm2020-polygons,2020,WEAK,0,0.0,0.0,SILVER,,,
ZJ_U51_20K_E017_N161,20000,ZJ-SMB,L3-hangzhou-mask-2015,2015,WEAK,0,0.0,0.0,SILVER,,,
ZJ_U51_20K_E017_N161,20000,ZJ-SMB,L4-cmsa-polygons-2019,2019,WEAK,0,0.0,0.0,SILVER,,,
ZJ_U51_20K_E017_N161,20000,ZJ-SMB,L5-cmsa-polygons-2020,2020,WEAK,0,0.0,0.0,SILVER,,,
ZJ_U51_20K_E017_N161,20000,ZJ-SMB,L6-cmsa-polygons-2021,2021,WEAK,0,0.0,0.0,SILVER,,,
ZJ_U51_20K_E017_N162,20000,ZJ-SMB,L1-china2015-raster30m,2015,SILVER,1317,1.1853,0.002963,SILVER,,,
ZJ_U51_20K_E017_N162,20000,ZJ-SMB,L2-cmssm2020-polygons,2020,WEAK,0,0.0,0.0,SILVER,,,
ZJ_U51_20K_E017_N162,20000,ZJ-SMB,L3-hangzhou-mask-2015,2015,WEAK,0,0.0,0.0,SILVER,,,
ZJ_U51_20K_E017_N162,20000,ZJ-SMB,L4-cmsa-polygons-2019,2019,WEAK,0,0.0,0.0,SILVER,,,
ZJ_U51_20K_E017_N162,20000,ZJ-SMB,L5-cmsa-polygons-2020,2020,WEAK,0,0.0,0.0,SILVER,,,
ZJ_U51_20K_E017_N162,20000,ZJ-SMB,L6-cmsa-polygons-2021,2021,WEAK,0,0.0,0.0,SILVER,,,
ZJ_U51_20K_E017_N166,20000,ZJ-HZB,L1-china2015-raster30m,2015,SILVER,0,0.0,0.0,UNLABELED,,,
ZJ_U51_20K_E017_N166,20000,ZJ-HZB,L2-cmssm2020-polygons,2020,WEAK,0,0.0,0.0,UNLABELED,,,
ZJ_U51_20K_E017_N166,20000,ZJ-HZB,L3-hangzhou-mask-2015,2015,WEAK,0,0.0,0.0,UNLABELED,,,
ZJ_U51_20K_E017_N166,20000,ZJ-HZB,L4-cmsa-polygons-2019,2019,WEAK,0,0.0,0.0,UNLABELED,,,
ZJ_U51_20K_E017_N166,20000,ZJ-HZB,L5-cmsa-polygons-2020,2020,WEAK,0,0.0,0.0,UNLABELED,,,
ZJ_U51_20K_E017_N166,20000,ZJ-HZB,L6-cmsa-polygons-2021,2021,WEAK,0,0.0,0.0,UNLABELED,,,
ZJ_U51_20K_E017_N167,20000,ZJ-HZB,L1-china2015-raster30m,2015,SILVER,3610,3.249,0.008122,SILVER+WEAK,,,
ZJ_U51_20K_E017_N167,20000,ZJ-HZB,L2-cmssm2020-polygons,2020,WEAK,0,0.0,0.0,SILVER+WEAK,,,
ZJ_U51_20K_E017_N167,20000,ZJ-HZB,L3-hangzhou-mask-2015,2015,WEAK,2715,2.4372,0.006093,SILVER+WEAK,,,
ZJ_U51_20K_E017_N167,20000,ZJ-HZB,L4-cmsa-polygons-2019,2019,WEAK,0,0.0,0.0,SILVER+WEAK,,,
ZJ_U51_20K_E017_N167,20000,ZJ-HZB,L5-cmsa-polygons-2020,2020,WEAK,0,0.0,0.0,SILVER+WEAK,,,
ZJ_U51_20K_E017_N167,20000,ZJ-HZB,L6-cmsa-polygons-2021,2021,WEAK,0,0.0,0.0,SILVER+WEAK,,,
ZJ_U51_20K_E017_N168,20000,ZJ-HZB,L1-china2015-raster30m,2015,SILVER,359,0.3231,0.000808,SILVER,,,
ZJ_U51_20K_E017_N168,20000,ZJ-HZB,L2-cmssm2020-polygons,2020,WEAK,0,0.0,0.0,SILVER,,,
ZJ_U51_20K_E017_N168,20000,ZJ-HZB,L3-hangzhou-mask-2015,2015,WEAK,0,0.0,0.0,SILVER,,,
ZJ_U51_20K_E017_N168,20000,ZJ-HZB,L4-cmsa-polygons-2019,2019,WEAK,0,0.0,0.0,SILVER,,,
ZJ_U51_20K_E017_N168,20000,ZJ-HZB,L5-cmsa-polygons-2020,2020,WEAK,0,0.0,0.0,SILVER,,,
ZJ_U51_20K_E017_N168,20000,ZJ-HZB,L6-cmsa-polygons-2021,2021,WEAK,0,0.0,0.0,SILVER,,,
ZJ_U51_20K_E017_N169,20000,ZJ-HZB,L1-china2015-raster30m,2015,SILVER,60,0.054,0.000135,SILVER,,,
ZJ_U51_20K_E017_N169,20000,ZJ-HZB,L2-cmssm2020-polygons,2020,WEAK,0,0.0,0.0,SILVER,,,
ZJ_U51_20K_E017_N169,20000,ZJ-HZB,L3-hangzhou-mask-2015,2015,WEAK,0,0.0,0.0,SILVER,,,
ZJ_U51_20K_E017_N169,20000,ZJ-HZB,L4-cmsa-polygons-2019,2019,WEAK,0,0.0,0.0,SILVER,,,
ZJ_U51_20K_E017_N169,20000,ZJ-HZB,L5-cmsa-polygons-2020,2020,WEAK,0,0.0,0.0,SILVER,,,
ZJ_U51_20K_E017_N169,20000,ZJ-HZB,L6-cmsa-polygons-2021,2021,WEAK,0,0.0,0.0,SILVER,,,
ZJ_U51_20K_E018_N160,20000,ZJ-SMB,L1-china2015-raster30m,2015,SILVER,2485,2.2365,0.005591,SILVER,,,
ZJ_U51_20K_E018_N160,20000,ZJ-SMB,L2-cmssm2020-polygons,2020,WEAK,0,0.0,0.0,SILVER,,,
ZJ_U51_20K_E018_N160,20000,ZJ-SMB,L3-hangzhou-mask-2015,2015,WEAK,0,0.0,0.0,SILVER,,,
ZJ_U51_20K_E018_N160,20000,ZJ-SMB,L4-cmsa-polygons-2019,2019,WEAK,0,0.0,0.0,SILVER,,,
ZJ_U51_20K_E018_N160,20000,ZJ-SMB,L5-cmsa-polygons-2020,2020,WEAK,0,0.0,0.0,SILVER,,,
ZJ_U51_20K_E018_N160,20000,ZJ-SMB,L6-cmsa-polygons-2021,2021,WEAK,0,0.0,0.0,SILVER,,,
ZJ_U51_20K_E018_N161,20000,ZJ-SMB,L1-china2015-raster30m,2015,SILVER,18955,17.0595,0.042649,SILVER,,,
ZJ_U51_20K_E018_N161,20000,ZJ-SMB,L2-cmssm2020-polygons,2020,WEAK,0,0.0,0.0,SILVER,,,
ZJ_U51_20K_E018_N161,20000,ZJ-SMB,L3-hangzhou-mask-2015,2015,WEAK,0,0.0,0.0,SILVER,,,
ZJ_U51_20K_E018_N161,20000,ZJ-SMB,L4-cmsa-polygons-2019,2019,WEAK,0,0.0,0.0,SILVER,,,
ZJ_U51_20K_E018_N161,20000,ZJ-SMB,L5-cmsa-polygons-2020,2020,WEAK,0,0.0,0.0,SILVER,,,
ZJ_U51_20K_E018_N161,20000,ZJ-SMB,L6-cmsa-polygons-2021,2021,WEAK,0,0.0,0.0,SILVER,,,
ZJ_U51_20K_E018_N162,20000,ZJ-SMB,L1-china2015-raster30m,2015,SILVER,28,0.0252,6.3e-05,SILVER,,,
ZJ_U51_20K_E018_N162,20000,ZJ-SMB,L2-cmssm2020-polygons,2020,WEAK,0,0.0,0.0,SILVER,,,
ZJ_U51_20K_E018_N162,20000,ZJ-SMB,L3-hangzhou-mask-2015,2015,WEAK,0,0.0,0.0,SILVER,,,
ZJ_U51_20K_E018_N162,20000,ZJ-SMB,L4-cmsa-polygons-2019,2019,WEAK,0,0.0,0.0,SILVER,,,
ZJ_U51_20K_E018_N162,20000,ZJ-SMB,L5-cmsa-polygons-2020,2020,WEAK,0,0.0,0.0,SILVER,,,
ZJ_U51_20K_E018_N162,20000,ZJ-SMB,L6-cmsa-polygons-2021,2021,WEAK,0,0.0,0.0,SILVER,,,
ZJ_U51_20K_E018_N165,20000,ZJ-HZB,L1-china2015-raster30m,2015,SILVER,402,0.3618,0.000905,SILVER,,,
ZJ_U51_20K_E018_N165,20000,ZJ-HZB,L2-cmssm2020-polygons,2020,WEAK,0,0.0,0.0,SILVER,,,
ZJ_U51_20K_E018_N165,20000,ZJ-HZB,L3-hangzhou-mask-2015,2015,WEAK,0,0.0,0.0,SILVER,,,
ZJ_U51_20K_E018_N165,20000,ZJ-HZB,L4-cmsa-polygons-2019,2019,WEAK,0,0.0,0.0,SILVER,,,
ZJ_U51_20K_E018_N165,20000,ZJ-HZB,L5-cmsa-polygons-2020,2020,WEAK,0,0.0,0.0,SILVER,,,
ZJ_U51_20K_E018_N165,20000,ZJ-HZB,L6-cmsa-polygons-2021,2021,WEAK,0,0.0,0.0,SILVER,,,
ZJ_U51_20K_E018_N166,20000,ZJ-HZB,L1-china2015-raster30m,2015,SILVER,4511,4.0599,0.01015,SILVER,,,
ZJ_U51_20K_E018_N166,20000,ZJ-HZB,L2-cmssm2020-polygons,2020,WEAK,0,0.0,0.0,SILVER,,,
ZJ_U51_20K_E018_N166,20000,ZJ-HZB,L3-hangzhou-mask-2015,2015,WEAK,0,0.0,0.0,SILVER,,,
ZJ_U51_20K_E018_N166,20000,ZJ-HZB,L4-cmsa-polygons-2019,2019,WEAK,0,0.0,0.0,SILVER,,,
ZJ_U51_20K_E018_N166,20000,ZJ-HZB,L5-cmsa-polygons-2020,2020,WEAK,0,0.0,0.0,SILVER,,,
ZJ_U51_20K_E018_N166,20000,ZJ-HZB,L6-cmsa-polygons-2021,2021,WEAK,0,0.0,0.0,SILVER,,,
ZJ_U51_20K_E018_N167,20000,ZJ-HZB,L1-china2015-raster30m,2015,SILVER,0,0.0,0.0,UNLABELED,,,
ZJ_U51_20K_E018_N167,20000,ZJ-HZB,L2-cmssm2020-polygons,2020,WEAK,0,0.0,0.0,UNLABELED,,,
ZJ_U51_20K_E018_N167,20000,ZJ-HZB,L3-hangzhou-mask-2015,2015,WEAK,0,0.0,0.0,UNLABELED,,,
ZJ_U51_20K_E018_N167,20000,ZJ-HZB,L4-cmsa-polygons-2019,2019,WEAK,0,0.0,0.0,UNLABELED,,,
ZJ_U51_20K_E018_N167,20000,ZJ-HZB,L5-cmsa-polygons-2020,2020,WEAK,0,0.0,0.0,UNLABELED,,,
ZJ_U51_20K_E018_N167,20000,ZJ-HZB,L6-cmsa-polygons-2021,2021,WEAK,0,0.0,0.0,UNLABELED,,,
ZJ_U51_20K_E018_N168,20000,ZJ-HZB,L1-china2015-raster30m,2015,SILVER,0,0.0,0.0,UNLABELED,,,
ZJ_U51_20K_E018_N168,20000,ZJ-HZB,L2-cmssm2020-polygons,2020,WEAK,0,0.0,0.0,UNLABELED,,,
ZJ_U51_20K_E018_N168,20000,ZJ-HZB,L3-hangzhou-mask-2015,2015,WEAK,0,0.0,0.0,UNLABELED,,,
ZJ_U51_20K_E018_N168,20000,ZJ-HZB,L4-cmsa-polygons-2019,2019,WEAK,0,0.0,0.0,UNLABELED,,,
ZJ_U51_20K_E018_N168,20000,ZJ-HZB,L5-cmsa-polygons-2020,2020,WEAK,0,0.0,0.0,UNLABELED,,,
ZJ_U51_20K_E018_N168,20000,ZJ-HZB,L6-cmsa-polygons-2021,2021,WEAK,0,0.0,0.0,UNLABELED,,,
ZJ_U51_20K_E018_N169,20000,ZJ-HZB,L1-china2015-raster30m,2015,SILVER,0,0.0,0.0,UNLABELED,,,
ZJ_U51_20K_E018_N169,20000,ZJ-HZB,L2-cmssm2020-polygons,2020,WEAK,0,0.0,0.0,UNLABELED,,,
ZJ_U51_20K_E018_N169,20000,ZJ-HZB,L3-hangzhou-mask-2015,2015,WEAK,0,0.0,0.0,UNLABELED,,,
ZJ_U51_20K_E018_N169,20000,ZJ-HZB,L4-cmsa-polygons-2019,2019,WEAK,0,0.0,0.0,UNLABELED,,,
ZJ_U51_20K_E018_N169,20000,ZJ-HZB,L5-cmsa-polygons-2020,2020,WEAK,0,0.0,0.0,UNLABELED,,,
ZJ_U51_20K_E018_N169,20000,ZJ-HZB,L6-cmsa-polygons-2021,2021,WEAK,0,0.0,0.0,UNLABELED,,,
ZJ_U51_20K_E018_N170,20000,ZJ-HZB,L1-china2015-raster30m,2015,SILVER,841,0.7569,0.001892,SILVER,,,
ZJ_U51_20K_E018_N170,20000,ZJ-HZB,L2-cmssm2020-polygons,2020,WEAK,0,0.0,0.0,SILVER,,,
ZJ_U51_20K_E018_N170,20000,ZJ-HZB,L3-hangzhou-mask-2015,2015,WEAK,0,0.0,0.0,SILVER,,,
ZJ_U51_20K_E018_N170,20000,ZJ-HZB,L4-cmsa-polygons-2019,2019,WEAK,0,0.0,0.0,SILVER,,,
ZJ_U51_20K_E018_N170,20000,ZJ-HZB,L5-cmsa-polygons-2020,2020,WEAK,0,0.0,0.0,SILVER,,,
ZJ_U51_20K_E018_N170,20000,ZJ-HZB,L6-cmsa-polygons-2021,2021,WEAK,0,0.0,0.0,SILVER,,,
ZJ_U51_20K_E019_N160,20000,ZJ-SMB,L1-china2015-raster30m,2015,SILVER,1412,1.2708,0.003177,SILVER,,,
ZJ_U51_20K_E019_N160,20000,ZJ-SMB,L2-cmssm2020-polygons,2020,WEAK,0,0.0,0.0,SILVER,,,
ZJ_U51_20K_E019_N160,20000,ZJ-SMB,L3-hangzhou-mask-2015,2015,WEAK,0,0.0,0.0,SILVER,,,
ZJ_U51_20K_E019_N160,20000,ZJ-SMB,L4-cmsa-polygons-2019,2019,WEAK,0,0.0,0.0,SILVER,,,
ZJ_U51_20K_E019_N160,20000,ZJ-SMB,L5-cmsa-polygons-2020,2020,WEAK,0,0.0,0.0,SILVER,,,
ZJ_U51_20K_E019_N160,20000,ZJ-SMB,L6-cmsa-polygons-2021,2021,WEAK,0,0.0,0.0,SILVER,,,
ZJ_U51_20K_E019_N161,20000,ZJ-SMB,L1-china2015-raster30m,2015,SILVER,5651,5.0859,0.012715,SILVER,,,
ZJ_U51_20K_E019_N161,20000,ZJ-SMB,L2-cmssm2020-polygons,2020,WEAK,0,0.0,0.0,SILVER,,,
ZJ_U51_20K_E019_N161,20000,ZJ-SMB,L3-hangzhou-mask-2015,2015,WEAK,0,0.0,0.0,SILVER,,,
ZJ_U51_20K_E019_N161,20000,ZJ-SMB,L4-cmsa-polygons-2019,2019,WEAK,0,0.0,0.0,SILVER,,,
ZJ_U51_20K_E019_N161,20000,ZJ-SMB,L5-cmsa-polygons-2020,2020,WEAK,0,0.0,0.0,SILVER,,,
ZJ_U51_20K_E019_N161,20000,ZJ-SMB,L6-cmsa-polygons-2021,2021,WEAK,0,0.0,0.0,SILVER,,,
ZJ_U51_20K_E019_N166,20000,ZJ-HZB,L1-china2015-raster30m,2015,SILVER,673,0.6057,0.001514,SILVER,,,
ZJ_U51_20K_E019_N166,20000,ZJ-HZB,L2-cmssm2020-polygons,2020,WEAK,0,0.0,0.0,SILVER,,,
ZJ_U51_20K_E019_N166,20000,ZJ-HZB,L3-hangzhou-mask-2015,2015,WEAK,0,0.0,0.0,SILVER,,,
ZJ_U51_20K_E019_N166,20000,ZJ-HZB,L4-cmsa-polygons-2019,2019,WEAK,0,0.0,0.0,SILVER,,,
ZJ_U51_20K_E019_N166,20000,ZJ-HZB,L5-cmsa-polygons-2020,2020,WEAK,0,0.0,0.0,SILVER,,,
ZJ_U51_20K_E019_N166,20000,ZJ-HZB,L6-cmsa-polygons-2021,2021,WEAK,0,0.0,0.0,SILVER,,,
ZJ_U51_20K_E019_N167,20000,ZJ-HZB,L1-china2015-raster30m,2015,SILVER,0,0.0,0.0,UNLABELED,,,
ZJ_U51_20K_E019_N167,20000,ZJ-HZB,L2-cmssm2020-polygons,2020,WEAK,0,0.0,0.0,UNLABELED,,,
ZJ_U51_20K_E019_N167,20000,ZJ-HZB,L3-hangzhou-mask-2015,2015,WEAK,0,0.0,0.0,UNLABELED,,,
ZJ_U51_20K_E019_N167,20000,ZJ-HZB,L4-cmsa-polygons-2019,2019,WEAK,0,0.0,0.0,UNLABELED,,,
ZJ_U51_20K_E019_N167,20000,ZJ-HZB,L5-cmsa-polygons-2020,2020,WEAK,0,0.0,0.0,UNLABELED,,,
ZJ_U51_20K_E019_N167,20000,ZJ-HZB,L6-cmsa-polygons-2021,2021,WEAK,0,0.0,0.0,UNLABELED,,,
ZJ_U51_20K_E019_N168,20000,ZJ-HZB,L1-china2015-raster30m,2015,SILVER,0,0.0,0.0,UNLABELED,,,
ZJ_U51_20K_E019_N168,20000,ZJ-HZB,L2-cmssm2020-polygons,2020,WEAK,0,0.0,0.0,UNLABELED,,,
ZJ_U51_20K_E019_N168,20000,ZJ-HZB,L3-hangzhou-mask-2015,2015,WEAK,0,0.0,0.0,UNLABELED,,,
ZJ_U51_20K_E019_N168,20000,ZJ-HZB,L4-cmsa-polygons-2019,2019,WEAK,0,0.0,0.0,UNLABELED,,,
ZJ_U51_20K_E019_N168,20000,ZJ-HZB,L5-cmsa-polygons-2020,2020,WEAK,0,0.0,0.0,UNLABELED,,,
ZJ_U51_20K_E019_N168,20000,ZJ-HZB,L6-cmsa-polygons-2021,2021,WEAK,0,0.0,0.0,UNLABELED,,,
ZJ_U51_20K_E019_N169,20000,ZJ-HZB,L1-china2015-raster30m,2015,SILVER,0,0.0,0.0,UNLABELED,,,
ZJ_U51_20K_E019_N169,20000,ZJ-HZB,L2-cmssm2020-polygons,2020,WEAK,0,0.0,0.0,UNLABELED,,,
ZJ_U51_20K_E019_N169,20000,ZJ-HZB,L3-hangzhou-mask-2015,2015,WEAK,0,0.0,0.0,UNLABELED,,,
ZJ_U51_20K_E019_N169,20000,ZJ-HZB,L4-cmsa-polygons-2019,2019,WEAK,0,0.0,0.0,UNLABELED,,,
ZJ_U51_20K_E019_N169,20000,ZJ-HZB,L5-cmsa-polygons-2020,2020,WEAK,0,0.0,0.0,UNLABELED,,,
ZJ_U51_20K_E019_N169,20000,ZJ-HZB,L6-cmsa-polygons-2021,2021,WEAK,0,0.0,0.0,UNLABELED,,,
ZJ_U51_20K_E019_N170,20000,ZJ-HZB,L1-china2015-raster30m,2015,SILVER,591,0.5319,0.00133,SILVER,,,
ZJ_U51_20K_E019_N170,20000,ZJ-HZB,L2-cmssm2020-polygons,2020,WEAK,0,0.0,0.0,SILVER,,,
ZJ_U51_20K_E019_N170,20000,ZJ-HZB,L3-hangzhou-mask-2015,2015,WEAK,0,0.0,0.0,SILVER,,,
ZJ_U51_20K_E019_N170,20000,ZJ-HZB,L4-cmsa-polygons-2019,2019,WEAK,0,0.0,0.0,SILVER,,,
ZJ_U51_20K_E019_N170,20000,ZJ-HZB,L5-cmsa-polygons-2020,2020,WEAK,0,0.0,0.0,SILVER,,,
ZJ_U51_20K_E019_N170,20000,ZJ-HZB,L6-cmsa-polygons-2021,2021,WEAK,0,0.0,0.0,SILVER,,,
