cell_id,grid_id,cell_size_m,crs,index_east,index_north,westx_easting_m,southy_northing_m,eastx_easting_m,northy_northing_m,cell_area_km2,bay_id,envelope_intersect_fraction,land_fraction_gshhg,water_fraction_gshhg,min_coastline_distance_m,coastline_crossing,coastal_relevance,coastal_evidence,geometry_status,geometry_fingerprint,row_fingerprint
ZJ_U51_5K_E074_N663,ZJ_U51_FIXED_V0,5000,EPSG:32651,74,663,370000.0,3315000.0,375000.0,3320000.0,25.0,ZJ-HZB,0.152963,0.618368,0.381632,0.0,True,COASTAL_RELEVANT,GSHHG_v2.3.7_L1_MEAN_SHORELINE,FIXED_CELL_GRID_OVER_PROVISIONAL_ENVELOPE_V0,dc21eb968bf986fa238f2e0bffc3ab3a2b388bd8930351bbf0e1d3f5613b191c,eca27d81a1336bfffc5672ad984a8490051e8f631aa563e30e4820d376786779
ZJ_U51_5K_E075_N663,ZJ_U51_FIXED_V0,5000,EPSG:32651,75,663,375000.0,3315000.0,380000.0,3320000.0,25.0,ZJ-HZB,0.44696,0.171877,0.828123,0.0,True,COASTAL_RELEVANT,GSHHG_v2.3.7_L1_MEAN_SHORELINE,FIXED_CELL_GRID_OVER_PROVISIONAL_ENVELOPE_V0,5cddb06cba3d6ed0c55a650d04e8e856df3f3bce0817026098057028343979f3,a662f897314e00e72cad51c52054ab154f55ee3f887b97110d3a17ba44590f72
ZJ_U51_5K_E072_N664,ZJ_U51_FIXED_V0,5000,EPSG:32651,72,664,360000.0,3320000.0,365000.0,3325000.0,25.0,ZJ-HZB,0.146516,1.0,0.0,916.919,False,COASTAL_RELEVANT,GSHHG_v2.3.7_L1_MEAN_SHORELINE,FIXED_CELL_GRID_OVER_PROVISIONAL_ENVELOPE_V0,5e7b460bac9203aaa0d93b9c68f2aeb66f31e9049e5b5aa5260c1969b7b83f9c,250a99f7c64eb19b608767e078f0dae219ca6827fb7d365a7edd9f80b6677628
ZJ_U51_5K_E073_N664,ZJ_U51_FIXED_V0,5000,EPSG:32651,73,664,365000.0,3320000.0,370000.0,3325000.0,25.0,ZJ-HZB,0.636463,0.492331,0.507669,0.0,True,COASTAL_RELEVANT,GSHHG_v2.3.7_L1_MEAN_SHORELINE,FIXED_CELL_GRID_OVER_PROVISIONAL_ENVELOPE_V0,3e9aa6c863d3d5a351f217c0c0d5b0441380fdfb8e8e816c4d225c6a8a3c1c0f,0d8e738e53851fee1dda8dd11290e13ffe64e8131be7842db80cbf90f9805040
ZJ_U51_5K_E074_N664,ZJ_U51_FIXED_V0,5000,EPSG:32651,74,664,370000.0,3320000.0,375000.0,3325000.0,25.0,ZJ-HZB,0.987683,0.0,1.0,525.385,False,COASTAL_RELEVANT,GSHHG_v2.3.7_L1_MEAN_SHORELINE,FIXED_CELL_GRID_OVER_PROVISIONAL_ENVELOPE_V0,994bcfe9f17462369e0402f9343a415c4f5615b1a566d3c149581525fd32f5c0,4af66d7aea24296c9a1884a0d2d727530e098dc9d3a6b43e883e4fb9e03f2014
ZJ_U51_5K_E075_N664,ZJ_U51_FIXED_V0,5000,EPSG:32651,75,664,375000.0,3320000.0,380000.0,3325000.0,25.0,ZJ-HZB,0.909122,0.0,1.0,2587.813,False,COASTAL_RELEVANT,GSHHG_v2.3.7_L1_MEAN_SHORELINE,FIXED_CELL_GRID_OVER_PROVISIONAL_ENVELOPE_V0,41b70cf9ae1e1066fb78290422e19eadb3587cc6e1249df44bb1d4128ba53200,40348aaf970e197291988a1cf457d7f62b1622db57f7120fc0fa928024a9be1c
ZJ_U51_5K_E070_N665,ZJ_U51_FIXED_V0,5000,EPSG:32651,70,665,350000.0,3325000.0,355000.0,3330000.0,25.0,ZJ-HZB,0.140209,1.0,0.0,5964.924,False,NOT_RELEVANT_INLAND,GSHHG_v2.3.7_L1_MEAN_SHORELINE,FIXED_CELL_GRID_OVER_PROVISIONAL_ENVELOPE_V0,62feefe3212dc2ccb4b9f9d0f8a178e5dc5357c4fb196dabb73233d08be89a40,a0affd22f1a0bcdb981da0fc7ccc9358747987df3605367321dd5ae627f25505
ZJ_U51_5K_E071_N665,ZJ_U51_FIXED_V0,5000,EPSG:32651,71,665,355000.0,3325000.0,360000.0,3330000.0,25.0,ZJ-HZB,0.628099,1.0,0.0,2262.766,False,COASTAL_RELEVANT,GSHHG_v2.3.7_L1_MEAN_SHORELINE,FIXED_CELL_GRID_OVER_PROVISIONAL_ENVELOPE_V0,e9172ae0572dd3203cca0acead06c437338d6143ef5667b234194c49ad95e982,c0cac00968d4a9cd56d97e2b5d4cd7a1cf48724a3c6c4def29e5ec09de9cfee5
ZJ_U51_5K_E072_N665,ZJ_U51_FIXED_V0,5000,EPSG:32651,72,665,360000.0,3325000.0,365000.0,3330000.0,25.0,ZJ-HZB,0.985765,0.813231,0.186769,0.0,True,COASTAL_RELEVANT,GSHHG_v2.3.7_L1_MEAN_SHORELINE,FIXED_CELL_GRID_OVER_PROVISIONAL_ENVELOPE_V0,938853e658e5a9e0e35e294c8796120e473e3544765b760fb6de6169dd1ba93a,c530d230dbeb2a23d785e87117b3ed03f1efbf00bbd5a7e705ee4474d35e52cd
ZJ_U51_5K_E073_N665,ZJ_U51_FIXED_V0,5000,EPSG:32651,73,665,365000.0,3325000.0,370000.0,3330000.0,25.0,ZJ-HZB,1.0,0.036908,0.963092,0.0,True,COASTAL_RELEVANT,GSHHG_v2.3.7_L1_MEAN_SHORELINE,FIXED_CELL_GRID_OVER_PROVISIONAL_ENVELOPE_V0,57e096d2414ad547b3a8193a27f04585d88714570201761f6cfbfb13c555a8e8,1485a32a4ee15181c05908e481088e766c5a5df3653385d1c712b59846eb6b0e
ZJ_U51_5K_E074_N665,ZJ_U51_FIXED_V0,5000,EPSG:32651,74,665,370000.0,3325000.0,375000.0,3330000.0,25.0,ZJ-HZB,1.0,0.0,1.0,1700.817,False,COASTAL_RELEVANT,GSHHG_v2.3.7_L1_MEAN_SHORELINE,FIXED_CELL_GRID_OVER_PROVISIONAL_ENVELOPE_V0,de1268abe9912ae3ad0df4d23424dcb33ede4ad34024354f0ff1abe2dcaf0bfe,e00dda619d473b0f433178a6a79ffc370e1ffb498d52a2ee8bfc9bb9bbb4a1f4
ZJ_U51_5K_E075_N665,ZJ_U51_FIXED_V0,5000,EPSG:32651,75,665,375000.0,3325000.0,380000.0,3330000.0,25.0,ZJ-HZB,0.999788,0.0,1.0,6094.246,False,COASTAL_RELEVANT,GSHHG_v2.3.7_L1_MEAN_SHORELINE,FIXED_CELL_GRID_OVER_PROVISIONAL_ENVELOPE_V0,ebf75c065f6c74a0de0723522c464a7aed4556254a4a71bb49a076e251b44984,06d0c19c7fb8fe31f834fdb6a3fe560d9ee6a6e2e0354edc4d57478a05c81393
ZJ_U51_5K_E076_N665,ZJ_U51_FIXED_V0,5000,EPSG:32651,76,665,380000.0,3325000.0,385000.0,3330000.0,25.0,ZJ-HZB,0.074378,0.0,1.0,1094.246,False,COASTAL_RELEVANT,GSHHG_v2.3.7_L1_MEAN_SHORELINE,FIXED_CELL_GRID_OVER_PROVISIONAL_ENVELOPE_V0,c7c60350b44ca97340df0dffa916d99b2777554e47716239c80605a195319cce,9c5f7ab0c3ec4df4713353de4277027d6bc934cdb022ec1ae848227289e32d1d
ZJ_U51_5K_E068_N666,ZJ_U51_FIXED_V0,5000,EPSG:32651,68,666,340000.0,3330000.0,345000.0,3335000.0,25.0,ZJ-HZB,0.13404,1.0,0.0,11471.84,False,NOT_RELEVANT_INLAND,GSHHG_v2.3.7_L1_MEAN_SHORELINE,FIXED_CELL_GRID_OVER_PROVISIONAL_ENVELOPE_V0,111551478a8baa4ce97bdfeff078be5a59b6ff6f4a59727b18a376c2f613c0ad,73ea30c524d39e4db7d116d01b8d67b13bf588b8e9d090153d2d1e6f42954f40
ZJ_U51_5K_E069_N666,ZJ_U51_FIXED_V0,5000,EPSG:32651,69,666,345000.0,3330000.0,350000.0,3335000.0,25.0,ZJ-HZB,0.619734,1.0,0.0,7614.214,False,NOT_RELEVANT_INLAND,GSHHG_v2.3.7_L1_MEAN_SHORELINE,FIXED_CELL_GRID_OVER_PROVISIONAL_ENVELOPE_V0,4fdb7b8e2f35fa563bcfae146fe16ca4045ff0ad4adda2af169baeefb2945533,9d4120cf230cf3c18ecf9385d17417c23f047c373dd54e6cc30173c82bbacf09
ZJ_U51_5K_E070_N666,ZJ_U51_FIXED_V0,5000,EPSG:32651,70,666,350000.0,3330000.0,355000.0,3335000.0,25.0,ZJ-HZB,0.983707,1.0,0.0,3540.953,False,COASTAL_RELEVANT,GSHHG_v2.3.7_L1_MEAN_SHORELINE,FIXED_CELL_GRID_OVER_PROVISIONAL_ENVELOPE_V0,73f1b108fa35dfd1adfcf5ea47e1e796a06737fe4a4f5731e19c5a85c022d35d,8764ffdee22fef5df1144179c2f1c023d07c333efa8c566de62ff0747c27c341
ZJ_U51_5K_E071_N666,ZJ_U51_FIXED_V0,5000,EPSG:32651,71,666,355000.0,3330000.0,360000.0,3335000.0,25.0,ZJ-HZB,1.0,0.968071,0.031929,0.0,True,COASTAL_RELEVANT,GSHHG_v2.3.7_L1_MEAN_SHORELINE,FIXED_CELL_GRID_OVER_PROVISIONAL_ENVELOPE_V0,3935b613fd244855292c62d285121edae80c78adbc99861408117cc039b60aa0,e1111d759eaa2e0fd41671ec300ef42ad5afb5dd9b823957e61df01479bf421f
ZJ_U51_5K_E072_N666,ZJ_U51_FIXED_V0,5000,EPSG:32651,72,666,360000.0,3330000.0,365000.0,3335000.0,25.0,ZJ-HZB,1.0,0.212163,0.787837,0.0,True,COASTAL_RELEVANT,GSHHG_v2.3.7_L1_MEAN_SHORELINE,FIXED_CELL_GRID_OVER_PROVISIONAL_ENVELOPE_V0,9cb256c685a5f308c6d0c3dbacba4c227fa559e072bc9d74f3c25534f8139b95,3cccf00bc71d455f305dc19a764451b3c6ad7da7dff1f9f97b801b060472e1e6
ZJ_U51_5K_E073_N666,ZJ_U51_FIXED_V0,5000,EPSG:32651,73,666,365000.0,3330000.0,370000.0,3335000.0,25.0,ZJ-HZB,1.0,0.0,1.0,1773.061,False,COASTAL_RELEVANT,GSHHG_v2.3.7_L1_MEAN_SHORELINE,FIXED_CELL_GRID_OVER_PROVISIONAL_ENVELOPE_V0,9b92a0775d79dce0b2c9e871a73386f2ee8547b5352d3b33e356dd0867ccfc60,4205ca22a955c344a2e978b1770c9c222efb5f9003502a76e76ce66252b9a2af
ZJ_U51_5K_E074_N666,ZJ_U51_FIXED_V0,5000,EPSG:32651,74,666,370000.0,3330000.0,375000.0,3335000.0,25.0,ZJ-HZB,1.0,0.0,1.0,4316.457,False,COASTAL_RELEVANT,GSHHG_v2.3.7_L1_MEAN_SHORELINE,FIXED_CELL_GRID_OVER_PROVISIONAL_ENVELOPE_V0,bb039f4691e115e9c8db38a5573f7b8fd4c6ddc0c120d8a8810dd442fa691ce5,89903a0e85f3d93603983273fa5779674f92aa38c9fa8a3f575cacc34f10787e
ZJ_U51_5K_E075_N666,ZJ_U51_FIXED_V0,5000,EPSG:32651,75,666,375000.0,3330000.0,380000.0,3335000.0,25.0,ZJ-HZB,1.0,0.0,1.0,6112.665,False,COASTAL_RELEVANT,GSHHG_v2.3.7_L1_MEAN_SHORELINE,FIXED_CELL_GRID_OVER_PROVISIONAL_ENVELOPE_V0,d606d7f0707589bc162cd9732c5616561bfc8fcb0d1983333c29429baef276a9,c0763bb6c2d14bd992d35f4c7a6e3606ef1db805cce18a1cd4c665280fcfa9d9
ZJ_U51_5K_E076_N666,ZJ_U51_FIXED_V0,5000,EPSG:32651,76,666,380000.0,3330000.0,385000.0,3335000.0,25.0,ZJ-HZB,0.239212,0.0,1.0,1192.563,False,COASTAL_RELEVANT,GSHHG_v2.3.7_L1_MEAN_SHORELINE,FIXED_CELL_GRID_OVER_PROVISIONAL_ENVELOPE_V0,de75c861bd7dcc282f183ef076e46545ff15d7c5151a450c647b1eaf78e0314f,005fed4e34df00f03f24fd3418e6270562664ca12284205edc6e557caafebd02
ZJ_U51_5K_E066_N667,ZJ_U51_FIXED_V0,5000,EPSG:32651,66,667,330000.0,3335000.0,335000.0,3340000.0,25.0,ZJ-HZB,0.12801,1.0,0.0,14391.712,False,NOT_RELEVANT_INLAND,GSHHG_v2.3.7_L1_MEAN_SHORELINE,FIXED_CELL_GRID_OVER_PROVISIONAL_ENVELOPE_V0,d246c6a71607cab3826390a4db47a119cbbe5ad39e63cabe422d0dd21a3ff4d3,5f898e72f85e5df0b8c84c42752f7b75d57a4a5cbac02b39d3be270647e0923a
ZJ_U51_5K_E067_N667,ZJ_U51_FIXED_V0,5000,EPSG:32651,67,667,335000.0,3335000.0,340000.0,3340000.0,25.0,ZJ-HZB,0.611369,1.0,0.0,11772.832,False,NOT_RELEVANT_INLAND,GSHHG_v2.3.7_L1_MEAN_SHORELINE,FIXED_CELL_GRID_OVER_PROVISIONAL_ENVELOPE_V0,d48803d83aa7435dd40c9f738d525017f09fdba695d09fc29c7ba46d74bb9079,13c163711e99285a3b3a069e3acccce0a7a1f76c45c3793d3ec14614736355dd
ZJ_U51_5K_E068_N667,ZJ_U51_FIXED_V0,5000,EPSG:32651,68,667,340000.0,3335000.0,345000.0,3340000.0,25.0,ZJ-HZB,0.981512,1.0,0.0,8155.731,False,COASTAL_RELEVANT,GSHHG_v2.3.7_L1_MEAN_SHORELINE,FIXED_CELL_GRID_OVER_PROVISIONAL_ENVELOPE_V0,5ceb896b9ac1476f783648eed354f307bd9cab9b804ea7acda78b9f1bce5447e,65c2bd52193847cb11a949799d8f9ee7e98fb08bf919bf487941c0b3ee5ee8ac
ZJ_U51_5K_E069_N667,ZJ_U51_FIXED_V0,5000,EPSG:32651,69,667,345000.0,3335000.0,350000.0,3340000.0,25.0,ZJ-HZB,1.0,1.0,0.0,4413.616,False,COASTAL_RELEVANT,GSHHG_v2.3.7_L1_MEAN_SHORELINE,FIXED_CELL_GRID_OVER_PROVISIONAL_ENVELOPE_V0,4609f022d33a6b3b10f828e01d742d0ba5b1ad109c18df0689440ed1c9f0b3bd,6d8037ec3294390a9a76d3d167486af3df52dc73e489eb570105e507886cd9f4
ZJ_U51_5K_E070_N667,ZJ_U51_FIXED_V0,5000,EPSG:32651,70,667,350000.0,3335000.0,355000.0,3340000.0,25.0,ZJ-HZB,1.0,1.0,0.0,662.808,False,COASTAL_RELEVANT,GSHHG_v2.3.7_L1_MEAN_SHORELINE,FIXED_CELL_GRID_OVER_PROVISIONAL_ENVELOPE_V0,a316ea098e920e437d127734f789d116cff0784e9655ee0fea8980921b5baccf,67128e72afc08c8700c662282ba161d0e086f24a8ddf5261762563ef6be7175d
ZJ_U51_5K_E071_N667,ZJ_U51_FIXED_V0,5000,EPSG:32651,71,667,355000.0,3335000.0,360000.0,3340000.0,25.0,ZJ-HZB,1.0,0.503924,0.496076,0.0,True,COASTAL_RELEVANT,GSHHG_v2.3.7_L1_MEAN_SHORELINE,FIXED_CELL_GRID_OVER_PROVISIONAL_ENVELOPE_V0,c6e5e6da1cc060580a7406c57f8fe36be2d51b5ecf3ab11878e5dd4c196618b7,b50b2b1b7501d3ae2cba213afd41482b1a9bafee0e332225acbd86961cd3ad85
ZJ_U51_5K_E072_N667,ZJ_U51_FIXED_V0,5000,EPSG:32651,72,667,360000.0,3335000.0,365000.0,3340000.0,25.0,ZJ-HZB,1.0,0.0,1.0,819.356,False,COASTAL_RELEVANT,GSHHG_v2.3.7_L1_MEAN_SHORELINE,FIXED_CELL_GRID_OVER_PROVISIONAL_ENVELOPE_V0,f987da50581acd3960f3d521c136baadde81a6acb06d6e0325d011d13d6a9b5c,1e453b646cf776bb46ac3d5686e948fee42871705d7b6b6c2b6a9c09ad3ea368
ZJ_U51_5K_E073_N667,ZJ_U51_FIXED_V0,5000,EPSG:32651,73,667,365000.0,3335000.0,370000.0,3340000.0,25.0,ZJ-HZB,1.0,0.0,1.0,4445.803,False,COASTAL_RELEVANT,GSHHG_v2.3.7_L1_MEAN_SHORELINE,FIXED_CELL_GRID_OVER_PROVISIONAL_ENVELOPE_V0,38cebf3c9e86677b9620da58b396c303d56047f9bdd7e35d4afc3b16e1a250d9,2499fdc4cdbc48094ce7ea13ed7e007491b90da3be01d8cd375cbc4fec36be0c
ZJ_U51_5K_E074_N667,ZJ_U51_FIXED_V0,5000,EPSG:32651,74,667,370000.0,3335000.0,375000.0,3340000.0,25.0,ZJ-HZB,1.0,0.0,1.0,7319.707,False,COASTAL_RELEVANT,GSHHG_v2.3.7_L1_MEAN_SHORELINE,FIXED_CELL_GRID_OVER_PROVISIONAL_ENVELOPE_V0,c2e683a894ca62f6c1c243eb54fc48fac0070ff34dcf25a645a00cecbb1a3431,3047665dcdf8d59eb5db1f7a7b01455d00a9e383a5893085b46e403d85ad423a
ZJ_U51_5K_E075_N667,ZJ_U51_FIXED_V0,5000,EPSG:32651,75,667,375000.0,3335000.0,380000.0,3340000.0,25.0,ZJ-HZB,1.0,0.0,1.0,7182.855,False,COASTAL_RELEVANT,GSHHG_v2.3.7_L1_MEAN_SHORELINE,FIXED_CELL_GRID_OVER_PROVISIONAL_ENVELOPE_V0,7638a7a746448a4fa627364ec9f7bcb0fdef7ab922b1a939da1c9a5a0c09e4b2,9b0bd946e1b08c1e8ce182dd7abb580bf3de028a28bf0adc2867734407b8b0d6
ZJ_U51_5K_E076_N667,ZJ_U51_FIXED_V0,5000,EPSG:32651,76,667,380000.0,3335000.0,385000.0,3340000.0,25.0,ZJ-HZB,0.404257,0.0,1.0,4992.863,False,COASTAL_RELEVANT,GSHHG_v2.3.7_L1_MEAN_SHORELINE,FIXED_CELL_GRID_OVER_PROVISIONAL_ENVELOPE_V0,38f767ecc87b451f5b326fe00a11ee8952a1e05d1c5a1e6fb7985ea108f8d622,719ce23ba711fc77e6a0248f4957f9a83b9cb12e43928e3284d8c1424b613403
ZJ_U51_5K_E064_N668,ZJ_U51_FIXED_V0,5000,EPSG:32651,64,668,320000.0,3340000.0,325000.0,3345000.0,25.0,ZJ-HZB,0.122119,1.0,0.0,6025.896,False,COASTAL_RELEVANT,GSHHG_v2.3.7_L1_MEAN_SHORELINE,FIXED_CELL_GRID_OVER_PROVISIONAL_ENVELOPE_V0,29e1174ea87c5428d4425da207202d6998ed0905fdb68259b547c4fc2f560f4e,c07cda020e8eb91d4d439461aa4fa82fa9f2934f88453d14fb7b42b008335004
ZJ_U51_5K_E065_N668,ZJ_U51_FIXED_V0,5000,EPSG:32651,65,668,325000.0,3340000.0,330000.0,3345000.0,25.0,ZJ-HZB,0.603004,1.0,0.0,9262.957,False,COASTAL_RELEVANT,GSHHG_v2.3.7_L1_MEAN_SHORELINE,FIXED_CELL_GRID_OVER_PROVISIONAL_ENVELOPE_V0,b085fa84c3a4d1384c55093fe45b5f592fc09794a2534248feddab6173450cce,d4af704fb77cedcffaf3b177bd08e1219c3ab8c34616f505868d9df14b18593c
ZJ_U51_5K_E066_N668,ZJ_U51_FIXED_V0,5000,EPSG:32651,66,668,330000.0,3340000.0,335000.0,3345000.0,25.0,ZJ-HZB,0.979177,1.0,0.0,9724.317,False,COASTAL_RELEVANT,GSHHG_v2.3.7_L1_MEAN_SHORELINE,FIXED_CELL_GRID_OVER_PROVISIONAL_ENVELOPE_V0,03d2f79a32edb22c02a4f8306c174d00c92c3db73b1786c4398ce1d61b0369c3,e22be7e3a07eb5c39380dd61cb76fba5c10fbf8e043e6946289ca61c34ac137a
ZJ_U51_5K_E067_N668,ZJ_U51_FIXED_V0,5000,EPSG:32651,67,668,335000.0,3340000.0,340000.0,3345000.0,25.0,ZJ-HZB,1.0,1.0,0.0,7424.056,False,COASTAL_RELEVANT,GSHHG_v2.3.7_L1_MEAN_SHORELINE,FIXED_CELL_GRID_OVER_PROVISIONAL_ENVELOPE_V0,af60d711f84bd6a234d88b8e89bdbc2b82d581f9fd2990ff1dd1ffbae80ff0db,9d5cf26e740686e80ee7df67f552e8b82d84ff140effdc3a03187aff3e8937b8
ZJ_U51_5K_E068_N668,ZJ_U51_FIXED_V0,5000,EPSG:32651,68,668,340000.0,3340000.0,345000.0,3345000.0,25.0,ZJ-HZB,1.0,1.0,0.0,4734.648,False,COASTAL_RELEVANT,GSHHG_v2.3.7_L1_MEAN_SHORELINE,FIXED_CELL_GRID_OVER_PROVISIONAL_ENVELOPE_V0,2895f88cde693ef5363253d8e48b9c06cdc4708a4d18a9ba292751be3aee36c1,148c02204c0831b5fd37dce80c78f3ca60cb5f7c3bb80e9bf0ef9b63a0b76863
ZJ_U51_5K_E069_N668,ZJ_U51_FIXED_V0,5000,EPSG:32651,69,668,345000.0,3340000.0,350000.0,3345000.0,25.0,ZJ-HZB,1.0,1.0,0.0,1097.508,False,COASTAL_RELEVANT,GSHHG_v2.3.7_L1_MEAN_SHORELINE,FIXED_CELL_GRID_OVER_PROVISIONAL_ENVELOPE_V0,4b18ac024e8f948884b8a574cd21ac5eb6a223a9f2affd810992c2d3147b08e5,ab2d13dfa06a440e6332b64463393d5852c7df07b5973c5420a9a16c2bfcf63e
ZJ_U51_5K_E070_N668,ZJ_U51_FIXED_V0,5000,EPSG:32651,70,668,350000.0,3340000.0,355000.0,3345000.0,25.0,ZJ-HZB,1.0,0.741627,0.258373,0.0,True,COASTAL_RELEVANT,GSHHG_v2.3.7_L1_MEAN_SHORELINE,FIXED_CELL_GRID_OVER_PROVISIONAL_ENVELOPE_V0,c961a87692c282a407f227251884ac8c7d54b8613d7c2e8c2c9353dcf9ffd4cd,c6225f5ccd7a1f06dbc540724d9b6c0237f33d43f0feaf6d370f759cd71e7b06
ZJ_U51_5K_E071_N668,ZJ_U51_FIXED_V0,5000,EPSG:32651,71,668,355000.0,3340000.0,360000.0,3345000.0,25.0,ZJ-HZB,1.0,0.041292,0.958708,0.0,True,COASTAL_RELEVANT,GSHHG_v2.3.7_L1_MEAN_SHORELINE,FIXED_CELL_GRID_OVER_PROVISIONAL_ENVELOPE_V0,97e6fec265ff8d1c48bd18e08c17152cef0b82166c589be82de6cbe9e7235e1b,471b2fa1a2d4846a689d67ff4efacbf535d8b35ffc9859ef408abe3e92450427
ZJ_U51_5K_E072_N668,ZJ_U51_FIXED_V0,5000,EPSG:32651,72,668,360000.0,3340000.0,365000.0,3345000.0,25.0,ZJ-HZB,1.0,0.0,1.0,2140.744,False,COASTAL_RELEVANT,GSHHG_v2.3.7_L1_MEAN_SHORELINE,FIXED_CELL_GRID_OVER_PROVISIONAL_ENVELOPE_V0,a58b781bf709ebfa7cae3a470199f895857ba399a9a951398955212a4a93bc5f,bfd8bed83f24e17017f823dfe7017164be5ffe3efb862ff1548bb776670e1e08
ZJ_U51_5K_E073_N668,ZJ_U51_FIXED_V0,5000,EPSG:32651,73,668,365000.0,3340000.0,370000.0,3345000.0,25.0,ZJ-HZB,1.0,0.0,1.0,2174.713,False,COASTAL_RELEVANT,GSHHG_v2.3.7_L1_MEAN_SHORELINE,FIXED_CELL_GRID_OVER_PROVISIONAL_ENVELOPE_V0,bfc1fc85ab7d0e1d0ed5cdbab503ac19072c061167f3818a413164ba7d6b6e14,afa12124ce1eb64574cb07ff517069caef1ee6f7aa67e7990290dc3dc52970b3
ZJ_U51_5K_E074_N668,ZJ_U51_FIXED_V0,5000,EPSG:32651,74,668,370000.0,3340000.0,375000.0,3345000.0,25.0,ZJ-HZB,1.0,0.0,1.0,2597.992,False,COASTAL_RELEVANT,GSHHG_v2.3.7_L1_MEAN_SHORELINE,FIXED_CELL_GRID_OVER_PROVISIONAL_ENVELOPE_V0,7e1903e0ce0345f88a7b64a69ef5e6fe171d4f99210f1f4efbc9c34dcb625d99,64b7616263037e662ebdf67ce5e9a9a754a84a3c31db64bf3279eb6baa30c915
ZJ_U51_5K_E075_N668,ZJ_U51_FIXED_V0,5000,EPSG:32651,75,668,375000.0,3340000.0,380000.0,3345000.0,25.0,ZJ-HZB,1.0,0.0,1.0,2182.855,False,COASTAL_RELEVANT,GSHHG_v2.3.7_L1_MEAN_SHORELINE,FIXED_CELL_GRID_OVER_PROVISIONAL_ENVELOPE_V0,6c2b8aca118670e34d0a30cf596f337caf44e1d42cc87912dd1a06d83abe6a80,9971b65d118cb87b1db14d55b8a1caf1ea9637dde799fa76a93eeeda1d488564
ZJ_U51_5K_E076_N668,ZJ_U51_FIXED_V0,5000,EPSG:32651,76,668,380000.0,3340000.0,385000.0,3345000.0,25.0,ZJ-HZB,0.569303,0.0,1.0,3533.262,False,COASTAL_RELEVANT,GSHHG_v2.3.7_L1_MEAN_SHORELINE,FIXED_CELL_GRID_OVER_PROVISIONAL_ENVELOPE_V0,1eda1d09545822df9d2bba05e8670659f510d99856ae64ee7bc17b21b2aace3e,41c292dea0364ab8d766ea1ab707b86321590cf4ffeb8c32d233cee6c8c70aca
ZJ_U51_5K_E062_N669,ZJ_U51_FIXED_V0,5000,EPSG:32651,62,669,310000.0,3345000.0,315000.0,3350000.0,25.0,ZJ-HZB,0.116366,0.634866,0.365134,0.0,True,COASTAL_RELEVANT,GSHHG_v2.3.7_L1_MEAN_SHORELINE,FIXED_CELL_GRID_OVER_PROVISIONAL_ENVELOPE_V0,5e1de721c601a58c9ee3e07a3421a46a05563a4501a5a351dd86f444f1259c6a,766bda4d1284a013ac70b235981b4b7b8647846711101a2d88f00f4cb0fd0bf6
ZJ_U51_5K_E063_N669,ZJ_U51_FIXED_V0,5000,EPSG:32651,63,669,315000.0,3345000.0,320000.0,3350000.0,25.0,ZJ-HZB,0.59464,0.98641,0.01359,0.0,True,COASTAL_RELEVANT,GSHHG_v2.3.7_L1_MEAN_SHORELINE,FIXED_CELL_GRID_OVER_PROVISIONAL_ENVELOPE_V0,342698a16f3296ad9cd393edffbcd25cc48e5bef1d7528ab53091b6ffa6be0b9,cc95f50d95853793b4e35e37249ada69f9c31955c325c1c01273e8371fb23419
ZJ_U51_5K_E064_N669,ZJ_U51_FIXED_V0,5000,EPSG:32651,64,669,320000.0,3345000.0,325000.0,3350000.0,25.0,ZJ-HZB,0.976703,1.0,0.0,2757.059,False,COASTAL_RELEVANT,GSHHG_v2.3.7_L1_MEAN_SHORELINE,FIXED_CELL_GRID_OVER_PROVISIONAL_ENVELOPE_V0,ac1c25c3218597a06752d4f907019b936e42f5d46a35d2ba58cc45a3789ba4d1,4235dcdec0d9bb51363d739f7f3fd9665d66c1d7af07efe1e94afd1777b2193a
ZJ_U51_5K_E065_N669,ZJ_U51_FIXED_V0,5000,EPSG:32651,65,669,325000.0,3345000.0,330000.0,3350000.0,25.0,ZJ-HZB,1.0,1.0,0.0,4305.525,False,COASTAL_RELEVANT,GSHHG_v2.3.7_L1_MEAN_SHORELINE,FIXED_CELL_GRID_OVER_PROVISIONAL_ENVELOPE_V0,c8dd385c4ab7a9cd23f543cbaa3c22191b1f6d065cc3d9b04ebbed9840bec1bc,e73a5d82fc7e2e861e15f68d9c1d7d21d5c0385de4be7b8ddc41f03ca39f03a8
ZJ_U51_5K_E066_N669,ZJ_U51_FIXED_V0,5000,EPSG:32651,66,669,330000.0,3345000.0,335000.0,3350000.0,25.0,ZJ-HZB,1.0,1.0,0.0,4754.057,False,COASTAL_RELEVANT,GSHHG_v2.3.7_L1_MEAN_SHORELINE,FIXED_CELL_GRID_OVER_PROVISIONAL_ENVELOPE_V0,5a5ded0111a890cecc712c38f447dd36a28305414313380c1bb623711aae42fb,99adae1b725be21bf1682bcbf8aae180bbab76e009b0e8bfab6384b05f9624de
ZJ_U51_5K_E067_N669,ZJ_U51_FIXED_V0,5000,EPSG:32651,67,669,335000.0,3345000.0,340000.0,3350000.0,25.0,ZJ-HZB,1.0,1.0,0.0,3289.394,False,COASTAL_RELEVANT,GSHHG_v2.3.7_L1_MEAN_SHORELINE,FIXED_CELL_GRID_OVER_PROVISIONAL_ENVELOPE_V0,93b5254541b5318ba1234360130eae4f338ee7f9d55bbe1897340b4ae37a8abd,8ebcdd6e9b598319b6e739d7c5467e731a907f38bfca8ced98e569d0af20dc7c
ZJ_U51_5K_E068_N669,ZJ_U51_FIXED_V0,5000,EPSG:32651,68,669,340000.0,3345000.0,345000.0,3350000.0,25.0,ZJ-HZB,1.0,1.0,0.0,606.988,False,COASTAL_RELEVANT,GSHHG_v2.3.7_L1_MEAN_SHORELINE,FIXED_CELL_GRID_OVER_PROVISIONAL_ENVELOPE_V0,9c13205dd9f3b725f45ab2eceeef929f72ea400741e477f3de6c49b26c672d86,754e9a82ad8c14c3547786fba3aa45668053f420cf46fbf02d815d7d7e5592f0
ZJ_U51_5K_E069_N669,ZJ_U51_FIXED_V0,5000,EPSG:32651,69,669,345000.0,3345000.0,350000.0,3350000.0,25.0,ZJ-HZB,1.0,0.775794,0.224206,0.0,True,COASTAL_RELEVANT,GSHHG_v2.3.7_L1_MEAN_SHORELINE,FIXED_CELL_GRID_OVER_PROVISIONAL_ENVELOPE_V0,8d3f6af1b343c16d6ae8f3f2496b69b7de501778c83f4eddc312f0d536ea56ce,89fa1560a5407bc1d26ae34e29135d55331e87975e8d679ce079d8ff93688ecb
ZJ_U51_5K_E070_N669,ZJ_U51_FIXED_V0,5000,EPSG:32651,70,669,350000.0,3345000.0,355000.0,3350000.0,25.0,ZJ-HZB,1.0,0.048533,0.951467,0.0,True,COASTAL_RELEVANT,GSHHG_v2.3.7_L1_MEAN_SHORELINE,FIXED_CELL_GRID_OVER_PROVISIONAL_ENVELOPE_V0,f0b3fd78edede689381ab87ef0f5497c26be7bcaa6ff90ba261419a9eaa80d9e,4b4a558e718586ffdb83483ad22de8443466a4a7884abfe1cb969dd2e14f46cb
ZJ_U51_5K_E071_N669,ZJ_U51_FIXED_V0,5000,EPSG:32651,71,669,355000.0,3345000.0,360000.0,3350000.0,25.0,ZJ-HZB,1.0,0.0,1.0,2318.675,False,COASTAL_RELEVANT,GSHHG_v2.3.7_L1_MEAN_SHORELINE,FIXED_CELL_GRID_OVER_PROVISIONAL_ENVELOPE_V0,0e60dcd6eb7800350edd79884a62d5196423bf04a77a922d469b936e9b9b61ed,43f0fe25f2121323ce98ee141fb8ef57fc9cea28100e31842c73b5c985d7fb82
ZJ_U51_5K_E072_N669,ZJ_U51_FIXED_V0,5000,EPSG:32651,72,669,360000.0,3345000.0,365000.0,3350000.0,25.0,ZJ-HZB,1.0,0.001959,0.998041,0.0,True,COASTAL_RELEVANT,GSHHG_v2.3.7_L1_MEAN_SHORELINE,FIXED_CELL_GRID_OVER_PROVISIONAL_ENVELOPE_V0,b67be1799ce77cbec14c7c45669baa2203702501def8e7f6ff80bdde301b4bcd,9989e2bb1a7dbcd956f0e8eebc0dc76dd5f7eb27e6c528f325d11c25d649abdf
ZJ_U51_5K_E073_N669,ZJ_U51_FIXED_V0,5000,EPSG:32651,73,669,365000.0,3345000.0,370000.0,3350000.0,25.0,ZJ-HZB,1.0,0.00357,0.99643,0.0,True,COASTAL_RELEVANT,GSHHG_v2.3.7_L1_MEAN_SHORELINE,FIXED_CELL_GRID_OVER_PROVISIONAL_ENVELOPE_V0,51d552556bcbdf6828fe64ceefd8db559d42327c1f92e030b3d307e5b7036c7e,8c9f69d43e70dd86433a16f7c3f43871ebbc356f77ab7523a72a9637f8459871
ZJ_U51_5K_E074_N669,ZJ_U51_FIXED_V0,5000,EPSG:32651,74,669,370000.0,3345000.0,375000.0,3350000.0,25.0,ZJ-HZB,1.0,0.002176,0.997824,0.0,True,COASTAL_RELEVANT,GSHHG_v2.3.7_L1_MEAN_SHORELINE,FIXED_CELL_GRID_OVER_PROVISIONAL_ENVELOPE_V0,1f996763cc944b2f502382b134fd33573008f1a273110f9ddb2a5b4b15097084,0920f3146b6ce58191b4a4eaf0412c5ba80acba5fb2348d9022f8c7ab2f31f86
ZJ_U51_5K_E075_N669,ZJ_U51_FIXED_V0,5000,EPSG:32651,75,669,375000.0,3345000.0,380000.0,3350000.0,25.0,ZJ-HZB,1.0,0.010486,0.989514,0.0,True,COASTAL_RELEVANT,GSHHG_v2.3.7_L1_MEAN_SHORELINE,FIXED_CELL_GRID_OVER_PROVISIONAL_ENVELOPE_V0,f4eb1066dbfec5f193815e0903806684537f1b4995ab8f0016e9f73b65d420eb,83e246cecfdb8f827b146595cc719698343b0e26ed1c3b8f5aec16275ab45c2f
ZJ_U51_5K_E076_N669,ZJ_U51_FIXED_V0,5000,EPSG:32651,76,669,380000.0,3345000.0,385000.0,3350000.0,25.0,ZJ-HZB,0.734348,0.0,1.0,2632.35,False,COASTAL_RELEVANT,GSHHG_v2.3.7_L1_MEAN_SHORELINE,FIXED_CELL_GRID_OVER_PROVISIONAL_ENVELOPE_V0,a735d4368c5887cc4ac81ba3616f34a6e8cfb60359122102f0aaff92bc67f841,963f6c15d42ad5653e42b29465a40d3817acc19a2a4e68c22c3d330ca637fb6c
ZJ_U51_5K_E060_N670,ZJ_U51_FIXED_V0,5000,EPSG:32651,60,670,300000.0,3350000.0,305000.0,3355000.0,25.0,ZJ-HZB,0.110752,0.0,1.0,6073.655,False,NOT_RELEVANT_OPEN_WATER,GSHHG_v2.3.7_L1_MEAN_SHORELINE,FIXED_CELL_GRID_OVER_PROVISIONAL_ENVELOPE_V0,a3eadf80d8c77980667f225f58e008b081f1a65349a65feeddce5db38538a04f,12f0b5f9c38b5608e363b02e041ab5d42ad74f27eab5d73d2f635ae6a01f136f
ZJ_U51_5K_E061_N670,ZJ_U51_FIXED_V0,5000,EPSG:32651,61,670,305000.0,3350000.0,310000.0,3355000.0,25.0,ZJ-HZB,0.586275,0.0,1.0,2831.187,False,COASTAL_RELEVANT,GSHHG_v2.3.7_L1_MEAN_SHORELINE,FIXED_CELL_GRID_OVER_PROVISIONAL_ENVELOPE_V0,329c88f20aefcde028a7735b436c5d93915d65f46d51212b5a3df2df17f9a72e,8982ae1e3bc52db2258eb42bbc1c3ebee46483f372ccaba0aa87420da983ccbd
ZJ_U51_5K_E062_N670,ZJ_U51_FIXED_V0,5000,EPSG:32651,62,670,310000.0,3350000.0,315000.0,3355000.0,25.0,ZJ-HZB,0.974091,0.000202,0.999798,0.0,True,COASTAL_RELEVANT,GSHHG_v2.3.7_L1_MEAN_SHORELINE,FIXED_CELL_GRID_OVER_PROVISIONAL_ENVELOPE_V0,d16b43dba4bbe33a282153ed5ef63004b57a3a11f43badc27867caf5efee05fc,94f23420979ef43650c2b54b10a88d127c564baf8533590c9c4ee91c3c259a9e
ZJ_U51_5K_E063_N670,ZJ_U51_FIXED_V0,5000,EPSG:32651,63,670,315000.0,3350000.0,320000.0,3355000.0,25.0,ZJ-HZB,1.0,0.400769,0.599231,0.0,True,COASTAL_RELEVANT,GSHHG_v2.3.7_L1_MEAN_SHORELINE,FIXED_CELL_GRID_OVER_PROVISIONAL_ENVELOPE_V0,6460b4809ede2c52a41f1f69fe2d3e57d127782aa5eb19d12241ed9d21fec249,c2bb169c6a5e89329dbb8bcef83097cf1665e5023ccfd473069788d84eb94f7a
ZJ_U51_5K_E064_N670,ZJ_U51_FIXED_V0,5000,EPSG:32651,64,670,320000.0,3350000.0,325000.0,3355000.0,25.0,ZJ-HZB,1.0,0.864755,0.135245,0.0,True,COASTAL_RELEVANT,GSHHG_v2.3.7_L1_MEAN_SHORELINE,FIXED_CELL_GRID_OVER_PROVISIONAL_ENVELOPE_V0,6655042320c6aebc6f1d24fa7070d6bb7c25b48d8870c4f6a96d43f0ec0e2dc1,7849230eb679ea8881065dbe779ba72aa2b419739e2b7e3a247e8d49da7d72f5
ZJ_U51_5K_E065_N670,ZJ_U51_FIXED_V0,5000,EPSG:32651,65,670,325000.0,3350000.0,330000.0,3355000.0,25.0,ZJ-HZB,1.0,1.0,0.0,266.454,False,COASTAL_RELEVANT,GSHHG_v2.3.7_L1_MEAN_SHORELINE,FIXED_CELL_GRID_OVER_PROVISIONAL_ENVELOPE_V0,6312040a28ccd72607bf2c201fac2dc096d1265a5b516371a65905af7f279840,95b5c754c4320a026218abad521391ee8e26afbca5b38462b22ecbbeaaff7ee5
ZJ_U51_5K_E066_N670,ZJ_U51_FIXED_V0,5000,EPSG:32651,66,670,330000.0,3350000.0,335000.0,3355000.0,25.0,ZJ-HZB,1.0,0.999953,4.7e-05,0.0,True,COASTAL_RELEVANT,GSHHG_v2.3.7_L1_MEAN_SHORELINE,FIXED_CELL_GRID_OVER_PROVISIONAL_ENVELOPE_V0,45a3ccf16f4575a6b1835fc53f7244f3998b3628e144075741914ac5033f0ce0,cc80c285755f2a4efb25be57e17cae52c179fd7d4aac2dd1793ef977c8eaf216
ZJ_U51_5K_E067_N670,ZJ_U51_FIXED_V0,5000,EPSG:32651,67,670,335000.0,3350000.0,340000.0,3355000.0,25.0,ZJ-HZB,1.0,0.966342,0.033658,0.0,True,COASTAL_RELEVANT,GSHHG_v2.3.7_L1_MEAN_SHORELINE,FIXED_CELL_GRID_OVER_PROVISIONAL_ENVELOPE_V0,df031de3b3f945c9367121619fa69c32574034400deb949e31a4e5f0806a806c,b58921e627f80476d335b388c795c1935314c6dbbc2569a522460a47a926617b
ZJ_U51_5K_E068_N670,ZJ_U51_FIXED_V0,5000,EPSG:32651,68,670,340000.0,3350000.0,345000.0,3355000.0,25.0,ZJ-HZB,1.0,0.538854,0.461146,0.0,True,COASTAL_RELEVANT,GSHHG_v2.3.7_L1_MEAN_SHORELINE,FIXED_CELL_GRID_OVER_PROVISIONAL_ENVELOPE_V0,8e56cebefe92f49e412d0970f55de74db99145fff26d1bdd0f9af19946efbd31,b5366f7d7aaf64bddec69c942a8db41cde0694f4e324ce62b085744c9a848a53
ZJ_U51_5K_E069_N670,ZJ_U51_FIXED_V0,5000,EPSG:32651,69,670,345000.0,3350000.0,350000.0,3355000.0,25.0,ZJ-HZB,1.0,0.017199,0.982801,0.0,True,COASTAL_RELEVANT,GSHHG_v2.3.7_L1_MEAN_SHORELINE,FIXED_CELL_GRID_OVER_PROVISIONAL_ENVELOPE_V0,f1727765cc484102726f2bbc158dba1ba4faccaa85a173571cc2357c21e9efb2,2e459f3be48798fe31937bf9290bcb2578662dc91c4703385c2a9066c3adcc83
ZJ_U51_5K_E070_N670,ZJ_U51_FIXED_V0,5000,EPSG:32651,70,670,350000.0,3350000.0,355000.0,3355000.0,25.0,ZJ-HZB,1.0,0.0,1.0,2328.742,False,COASTAL_RELEVANT,GSHHG_v2.3.7_L1_MEAN_SHORELINE,FIXED_CELL_GRID_OVER_PROVISIONAL_ENVELOPE_V0,5de32e194f5ecb9baa54f36397386a057fb298c10e62f590e5f66c5e36a12582,2dd8b2fc9dbafc2a99b54765a52d97496683922a893dd0e0497c4a32bcbb979e
ZJ_U51_5K_E071_N670,ZJ_U51_FIXED_V0,5000,EPSG:32651,71,670,355000.0,3350000.0,360000.0,3355000.0,25.0,ZJ-HZB,1.0,0.0,1.0,3300.605,False,COASTAL_RELEVANT,GSHHG_v2.3.7_L1_MEAN_SHORELINE,FIXED_CELL_GRID_OVER_PROVISIONAL_ENVELOPE_V0,58dca40869630afbfcd2d9517b30f84798132a9073ee34f9cf594fbe36997f1e,4ff77fc9c530eedbbc2e37a5c3d757ccc619adf1a5ee31ff9b3984eceb0a5f0d
ZJ_U51_5K_E072_N670,ZJ_U51_FIXED_V0,5000,EPSG:32651,72,670,360000.0,3350000.0,365000.0,3355000.0,25.0,ZJ-HZB,1.0,0.000898,0.999102,0.0,True,COASTAL_RELEVANT,GSHHG_v2.3.7_L1_MEAN_SHORELINE,FIXED_CELL_GRID_OVER_PROVISIONAL_ENVELOPE_V0,b01505d3335871d4afda08f5c9303f1cd9a48d3b6ee6d658c2e9860f7d5b8b73,677207884d4dd64051c505fa11a5d94f5707175112ca8f8b05cc1254a5f45033
ZJ_U51_5K_E073_N670,ZJ_U51_FIXED_V0,5000,EPSG:32651,73,670,365000.0,3350000.0,370000.0,3355000.0,25.0,ZJ-HZB,1.0,0.000785,0.999215,0.0,True,COASTAL_RELEVANT,GSHHG_v2.3.7_L1_MEAN_SHORELINE,FIXED_CELL_GRID_OVER_PROVISIONAL_ENVELOPE_V0,f92e2829b5dbe31220a56846c4ea703fb000676bfddaa9373977fa87a4833383,f4d99ab1a90fdbabd5207e6fed4634195ff2bdc7e2882bb703cd80075a4ddbbd
ZJ_U51_5K_E074_N670,ZJ_U51_FIXED_V0,5000,EPSG:32651,74,670,370000.0,3350000.0,375000.0,3355000.0,25.0,ZJ-HZB,1.0,0.0,1.0,1540.0,False,COASTAL_RELEVANT,GSHHG_v2.3.7_L1_MEAN_SHORELINE,FIXED_CELL_GRID_OVER_PROVISIONAL_ENVELOPE_V0,ff69042f419fc8bf14b5ed88ae57880fa2ffce8a31e5a0d65c3127eda21e8104,cb4c678024f7cd3354d9f4043d393ddae5641fb25dc20a9d34c0c0b8db1c29d9
ZJ_U51_5K_E075_N670,ZJ_U51_FIXED_V0,5000,EPSG:32651,75,670,375000.0,3350000.0,380000.0,3355000.0,25.0,ZJ-HZB,1.0,0.0,1.0,791.948,False,COASTAL_RELEVANT,GSHHG_v2.3.7_L1_MEAN_SHORELINE,FIXED_CELL_GRID_OVER_PROVISIONAL_ENVELOPE_V0,2206c83fb39ba114c3acaf618dbd040c81ef64a7b55a1542fb21b4ba6dbdec6d,58fabb4208d4a087b122e355e6c77ebd2bfec2a844e75501b022f9af3ece24d8
ZJ_U51_5K_E076_N670,ZJ_U51_FIXED_V0,5000,EPSG:32651,76,670,380000.0,3350000.0,385000.0,3355000.0,25.0,ZJ-HZB,0.899393,0.0,1.0,3167.642,False,COASTAL_RELEVANT,GSHHG_v2.3.7_L1_MEAN_SHORELINE,FIXED_CELL_GRID_OVER_PROVISIONAL_ENVELOPE_V0,6a088f5e66b58fe1819828edc7d24245bd2bf7b54aa2392e2d92adbd28e22b85,2052b15352d79f78859fe2d8bcef9d0797d4411c935e16b358b76acdcf5008f7
ZJ_U51_5K_E058_N671,ZJ_U51_FIXED_V0,5000,EPSG:32651,58,671,290000.0,3355000.0,295000.0,3360000.0,25.0,ZJ-HZB,0.085197,0.046002,0.953998,0.0,True,COASTAL_RELEVANT,GSHHG_v2.3.7_L1_MEAN_SHORELINE,FIXED_CELL_GRID_OVER_PROVISIONAL_ENVELOPE_V0,040408dd829d5adc309e7b89066613f33dbde78f8169fc561ce7a9c7a43f2239,55e7784d7f57a929978b8006e2d6730583b4d3b35400fdc5bdf7842e0ee6b65d
ZJ_U51_5K_E059_N671,ZJ_U51_FIXED_V0,5000,EPSG:32651,59,671,295000.0,3355000.0,300000.0,3360000.0,25.0,ZJ-HZB,0.57791,0.0,1.0,1071.21,False,COASTAL_RELEVANT,GSHHG_v2.3.7_L1_MEAN_SHORELINE,FIXED_CELL_GRID_OVER_PROVISIONAL_ENVELOPE_V0,0e5f5632a588803535fe4430cffdf4cf04c4bc03e004072e040bd7c116e2139a,d07a90b5d15e3a0cd57e87e984417a3c71b8949b7dc1a5c3be26101999b87e9d
ZJ_U51_5K_E060_N671,ZJ_U51_FIXED_V0,5000,EPSG:32651,60,671,300000.0,3355000.0,305000.0,3360000.0,25.0,ZJ-HZB,0.97134,0.0,1.0,1084.981,False,COASTAL_RELEVANT,GSHHG_v2.3.7_L1_MEAN_SHORELINE,FIXED_CELL_GRID_OVER_PROVISIONAL_ENVELOPE_V0,5135df059eecc6a6b3996be2f8c3cabaeff93e371b2cf65aa36340a59615b420,69b296c2b89218c7c7b9f3bb3a849bbb678834bc26700bf8dde29be692b8acda
ZJ_U51_5K_E061_N671,ZJ_U51_FIXED_V0,5000,EPSG:32651,61,671,305000.0,3355000.0,310000.0,3360000.0,25.0,ZJ-HZB,1.0,0.0,1.0,5282.078,False,COASTAL_RELEVANT,GSHHG_v2.3.7_L1_MEAN_SHORELINE,FIXED_CELL_GRID_OVER_PROVISIONAL_ENVELOPE_V0,9be889ecd5271fe5c49eecb8e2dc41a982600193d53672d67cf7930931e5b2b2,458458e7c24a1f3eac12668ab48feaf3708222e01d102ae35ffc78362d6a1112
ZJ_U51_5K_E062_N671,ZJ_U51_FIXED_V0,5000,EPSG:32651,62,671,310000.0,3355000.0,315000.0,3360000.0,25.0,ZJ-HZB,1.0,0.0,1.0,3792.801,False,COASTAL_RELEVANT,GSHHG_v2.3.7_L1_MEAN_SHORELINE,FIXED_CELL_GRID_OVER_PROVISIONAL_ENVELOPE_V0,66c5dbb21377b5f396e6c86ffe92cf2aa9c8854d620c2b130e40f1a97ac23962,df69b81febe9bd1ffe9a7000f0871fe98ec954af9539f04b8ade203f4733ed64
ZJ_U51_5K_E063_N671,ZJ_U51_FIXED_V0,5000,EPSG:32651,63,671,315000.0,3355000.0,320000.0,3360000.0,25.0,ZJ-HZB,1.0,0.0,1.0,1450.114,False,COASTAL_RELEVANT,GSHHG_v2.3.7_L1_MEAN_SHORELINE,FIXED_CELL_GRID_OVER_PROVISIONAL_ENVELOPE_V0,fa043d691052ac7e44b2fe582498065465325437fb6d7d8271b8e083b9f55346,fe141ab7ed631c27caa4297b6e6344b93e112489ed309471dc297f90d73b9d8f
ZJ_U51_5K_E064_N671,ZJ_U51_FIXED_V0,5000,EPSG:32651,64,671,320000.0,3355000.0,325000.0,3360000.0,25.0,ZJ-HZB,1.0,0.007816,0.992184,0.0,True,COASTAL_RELEVANT,GSHHG_v2.3.7_L1_MEAN_SHORELINE,FIXED_CELL_GRID_OVER_PROVISIONAL_ENVELOPE_V0,1cad28f2fc803f42be6ba6e21a24af9e88e0e491339336ebbbb4ab63f6165a9e,3c0a889ca50e7efb40a5c1f309fb954930988b6eddad6a83c46640d3d90b333f
ZJ_U51_5K_E065_N671,ZJ_U51_FIXED_V0,5000,EPSG:32651,65,671,325000.0,3355000.0,330000.0,3360000.0,25.0,ZJ-HZB,1.0,0.144549,0.855451,0.0,True,COASTAL_RELEVANT,GSHHG_v2.3.7_L1_MEAN_SHORELINE,FIXED_CELL_GRID_OVER_PROVISIONAL_ENVELOPE_V0,b27a0703d4122908fa8eb316a171249fb495f63e6bb91b7e2ba300924615b50d,1cefe60bdcd06d437ffdd9644878ee9e6d9cdc6acdb7008adb76d7cb4d12ca31
ZJ_U51_5K_E066_N671,ZJ_U51_FIXED_V0,5000,EPSG:32651,66,671,330000.0,3355000.0,335000.0,3360000.0,25.0,ZJ-HZB,1.0,0.124743,0.875257,0.0,True,COASTAL_RELEVANT,GSHHG_v2.3.7_L1_MEAN_SHORELINE,FIXED_CELL_GRID_OVER_PROVISIONAL_ENVELOPE_V0,78d2073a72d1d7eb2db25e3b70119d593d3a79f7cea32234ea66b2751f21b043,1502d816ece86b24f2e4b83f5caac69b246ee18dc93de51141bdd6a74cc81700
ZJ_U51_5K_E067_N671,ZJ_U51_FIXED_V0,5000,EPSG:32651,67,671,335000.0,3355000.0,340000.0,3360000.0,25.0,ZJ-HZB,1.0,0.042309,0.957691,0.0,True,COASTAL_RELEVANT,GSHHG_v2.3.7_L1_MEAN_SHORELINE,FIXED_CELL_GRID_OVER_PROVISIONAL_ENVELOPE_V0,1b2d2e33d75feee2b1098069b6e6a4b828a79135f2cd76391f4c11fac87d9ef2,c0a33cef6bfc3ed007d6816e478a7738651c520a02a7b2c7b3dfdccb35fac912
ZJ_U51_5K_E068_N671,ZJ_U51_FIXED_V0,5000,EPSG:32651,68,671,340000.0,3355000.0,345000.0,3360000.0,25.0,ZJ-HZB,1.0,0.0,1.0,653.376,False,COASTAL_RELEVANT,GSHHG_v2.3.7_L1_MEAN_SHORELINE,FIXED_CELL_GRID_OVER_PROVISIONAL_ENVELOPE_V0,662c0f62836162ffda472c500cf35a5c5cc4eddcce9db1034dca73c4e9f7c7a8,c89c9f6ddb36f1e4f1ce20556c24bbe48a3e7bcc925c1913b47b3438f75afb22
ZJ_U51_5K_E069_N671,ZJ_U51_FIXED_V0,5000,EPSG:32651,69,671,345000.0,3355000.0,350000.0,3360000.0,25.0,ZJ-HZB,1.0,0.0,1.0,3071.974,False,COASTAL_RELEVANT,GSHHG_v2.3.7_L1_MEAN_SHORELINE,FIXED_CELL_GRID_OVER_PROVISIONAL_ENVELOPE_V0,8fcbcf8741299cd4724dc1300e5c90d2f8ef8f431000f308f2a400c031231494,0f23ff9294a35a3cb7f5ae563dada0c0b5654807cdb9ff4b9f89d70acc7472aa
ZJ_U51_5K_E070_N671,ZJ_U51_FIXED_V0,5000,EPSG:32651,70,671,350000.0,3355000.0,355000.0,3360000.0,25.0,ZJ-HZB,1.0,0.0,1.0,6206.349,False,NOT_RELEVANT_OPEN_WATER,GSHHG_v2.3.7_L1_MEAN_SHORELINE,FIXED_CELL_GRID_OVER_PROVISIONAL_ENVELOPE_V0,2fd41a223e44342888640b6505dd9e136b5ca3c3c7ee67e1b94f37778880f992,08bfe1bcefa03702eb2f06ce96165511fc12e8e804ce89b42abe4801cfb4cce7
ZJ_U51_5K_E071_N671,ZJ_U51_FIXED_V0,5000,EPSG:32651,71,671,355000.0,3355000.0,360000.0,3360000.0,25.0,ZJ-HZB,1.0,0.0,1.0,4819.343,False,COASTAL_RELEVANT,GSHHG_v2.3.7_L1_MEAN_SHORELINE,FIXED_CELL_GRID_OVER_PROVISIONAL_ENVELOPE_V0,ee54cbfb8b40cb2c0ccb1c88087e04284ccc3cc1cf57f9f54f78a1b5f329bd83,3b370623a71b73a3966692908e392d83303310ce1cebfafa87434db16c82387b
ZJ_U51_5K_E072_N671,ZJ_U51_FIXED_V0,5000,EPSG:32651,72,671,360000.0,3355000.0,365000.0,3360000.0,25.0,ZJ-HZB,1.0,0.0,1.0,3504.547,False,COASTAL_RELEVANT,GSHHG_v2.3.7_L1_MEAN_SHORELINE,FIXED_CELL_GRID_OVER_PROVISIONAL_ENVELOPE_V0,63fec93dc6bb2e9db713163b7d2fe7588d53874ee8111b0e5a9b1537739fcb63,a8ec68988f4ca240cd0d339d556597b05e1c5337f046918a889ef7613ab19a2d
ZJ_U51_5K_E073_N671,ZJ_U51_FIXED_V0,5000,EPSG:32651,73,671,365000.0,3355000.0,370000.0,3360000.0,25.0,ZJ-HZB,1.0,0.0,1.0,3891.531,False,COASTAL_RELEVANT,GSHHG_v2.3.7_L1_MEAN_SHORELINE,FIXED_CELL_GRID_OVER_PROVISIONAL_ENVELOPE_V0,41bf9095a819b2b49d66da0cc0608a2689e12e608163a3b11ad0606b8d104841,063e79c4f9713b69cfe30460bf663e6412a61b3777381650ec7b3d71d14a795b
ZJ_U51_5K_E074_N671,ZJ_U51_FIXED_V0,5000,EPSG:32651,74,671,370000.0,3355000.0,375000.0,3360000.0,25.0,ZJ-HZB,1.0,0.0,1.0,5983.911,False,COASTAL_RELEVANT,GSHHG_v2.3.7_L1_MEAN_SHORELINE,FIXED_CELL_GRID_OVER_PROVISIONAL_ENVELOPE_V0,e8db97d09cca23f692f9894d44047d7d62ca417feba3acc939ede569d21c6a45,3f8cd5eaac4584144fe6b73ad01cb5a97a06fbad1cf5a7bf836ceecf7295d8de
ZJ_U51_5K_E075_N671,ZJ_U51_FIXED_V0,5000,EPSG:32651,75,671,375000.0,3355000.0,380000.0,3360000.0,25.0,ZJ-HZB,1.0,0.0,1.0,5791.948,False,COASTAL_RELEVANT,GSHHG_v2.3.7_L1_MEAN_SHORELINE,FIXED_CELL_GRID_OVER_PROVISIONAL_ENVELOPE_V0,e05e76197951dc50a5d5a37e5363f8b23cef05172fd48c80cd4dda67151e0ec4,803c3dc3c464fd86c37d7ef7714f0f8732cd8d5dc94891f0e17c6f864b5eda36
ZJ_U51_5K_E076_N671,ZJ_U51_FIXED_V0,5000,EPSG:32651,76,671,380000.0,3355000.0,385000.0,3360000.0,25.0,ZJ-HZB,0.999009,0.0,1.0,5308.199,False,COASTAL_RELEVANT,GSHHG_v2.3.7_L1_MEAN_SHORELINE,FIXED_CELL_GRID_OVER_PROVISIONAL_ENVELOPE_V0,dce9881097f3e2c77423596a888d3d38c2e80529d480cf5d9844ecfbd1de630c,641bdcb86063dbbab7b161322d5aa4b5b923b24a26535dddae42d7265673daf5
ZJ_U51_5K_E077_N671,ZJ_U51_FIXED_V0,5000,EPSG:32651,77,671,385000.0,3355000.0,390000.0,3360000.0,25.0,ZJ-HZB,0.065429,0.0,1.0,308.199,False,COASTAL_RELEVANT,GSHHG_v2.3.7_L1_MEAN_SHORELINE,FIXED_CELL_GRID_OVER_PROVISIONAL_ENVELOPE_V0,6cc8af8d0bf845a6569258e9d875430a9fe0c8d087e0fccc48d4241fcd898312,d3e07e68d888ca4e16cd79b7311295abb2215db78a6bcaada8b3f3a3fd657391
ZJ_U51_5K_E058_N672,ZJ_U51_FIXED_V0,5000,EPSG:32651,58,672,290000.0,3360000.0,295000.0,3365000.0,25.0,ZJ-HZB,0.017666,0.9229,0.0771,0.0,True,COASTAL_RELEVANT,GSHHG_v2.3.7_L1_MEAN_SHORELINE,FIXED_CELL_GRID_OVER_PROVISIONAL_ENVELOPE_V0,c2db4839912a7a760f237255d094b3c8efc6df730d1699e544495bb951a27556,17d95da50579875362db2cd70ed9fa2dfc8c448cd47d24a7694c3546893fec1f
ZJ_U51_5K_E059_N672,ZJ_U51_FIXED_V0,5000,EPSG:32651,59,672,295000.0,3360000.0,300000.0,3365000.0,25.0,ZJ-HZB,0.413197,0.552129,0.447871,0.0,True,COASTAL_RELEVANT,GSHHG_v2.3.7_L1_MEAN_SHORELINE,FIXED_CELL_GRID_OVER_PROVISIONAL_ENVELOPE_V0,4e4ef058efd8b1861fa9ecb1bfcb6f63628308271ba91b4a4ba7c5d3291ce9a8,f95917cdc79c69812e01eff43a5feb89270f9b4c0102d1dc71f8a8ac468936f1
ZJ_U51_5K_E060_N672,ZJ_U51_FIXED_V0,5000,EPSG:32651,60,672,300000.0,3360000.0,305000.0,3365000.0,25.0,ZJ-HZB,0.922295,0.012246,0.987754,0.0,True,COASTAL_RELEVANT,GSHHG_v2.3.7_L1_MEAN_SHORELINE,FIXED_CELL_GRID_OVER_PROVISIONAL_ENVELOPE_V0,8235f1ca415b5a9db9d988a9026bf08c4d8e47af2770e0bcf403237c231356a0,a5ce63dec098a306b29802e0ba2a2fe7ed030af5f2fca66fef40a232e8133a69
ZJ_U51_5K_E061_N672,ZJ_U51_FIXED_V0,5000,EPSG:32651,61,672,305000.0,3360000.0,310000.0,3365000.0,25.0,ZJ-HZB,1.0,0.0,1.0,3004.977,False,COASTAL_RELEVANT,GSHHG_v2.3.7_L1_MEAN_SHORELINE,FIXED_CELL_GRID_OVER_PROVISIONAL_ENVELOPE_V0,9f9c64f2deabedb35d3a3006a2f112570cb5493fa30097ab3e0bcedc32f65677,25ce97049b9eeb76627e742a88271f81ca9089d123328b4a69d9265d72eabc36
ZJ_U51_5K_E062_N672,ZJ_U51_FIXED_V0,5000,EPSG:32651,62,672,310000.0,3360000.0,315000.0,3365000.0,25.0,ZJ-HZB,1.0,0.0,1.0,6391.771,False,COASTAL_RELEVANT,GSHHG_v2.3.7_L1_MEAN_SHORELINE,FIXED_CELL_GRID_OVER_PROVISIONAL_ENVELOPE_V0,0b8007811cb2521a03b9f832b445688eabac72ccebe2e5d1a449330c3f5ef034,fb1d986a5c89be00b8bbd7e647067f4bb6e2628551da3d27c2ca4a6cd17caab3
ZJ_U51_5K_E063_N672,ZJ_U51_FIXED_V0,5000,EPSG:32651,63,672,315000.0,3360000.0,320000.0,3365000.0,25.0,ZJ-HZB,1.0,0.0,1.0,6154.766,False,COASTAL_RELEVANT,GSHHG_v2.3.7_L1_MEAN_SHORELINE,FIXED_CELL_GRID_OVER_PROVISIONAL_ENVELOPE_V0,fc66e04691c3647b2e67467315b31a80b0997012116b0d1bcfec29b763d0be3c,678d27d81027a389460d779402f8cc6e216acc66eb000adc86f4dcca37c83500
ZJ_U51_5K_E064_N672,ZJ_U51_FIXED_V0,5000,EPSG:32651,64,672,320000.0,3360000.0,325000.0,3365000.0,25.0,ZJ-HZB,1.0,0.0,1.0,4378.971,False,COASTAL_RELEVANT,GSHHG_v2.3.7_L1_MEAN_SHORELINE,FIXED_CELL_GRID_OVER_PROVISIONAL_ENVELOPE_V0,b7cd68a0c382c45460f6e31efb328b114dfce2b7e256905ef98bd49524cbee55,3e6f9ad94b976dfb64f6a813960822b548df2a72f1ee155a2a478f2eae6cfa3b
ZJ_U51_5K_E065_N672,ZJ_U51_FIXED_V0,5000,EPSG:32651,65,672,325000.0,3360000.0,330000.0,3365000.0,25.0,ZJ-HZB,1.0,0.0,1.0,3804.295,False,COASTAL_RELEVANT,GSHHG_v2.3.7_L1_MEAN_SHORELINE,FIXED_CELL_GRID_OVER_PROVISIONAL_ENVELOPE_V0,43a37614c42af9882929960f87c1477382e1911774c986c7d4000d7179c32727,2f88d0a17c56692355b08e14e4c36266d8c4340ba12c24aaef8cbb8bbcf65b51
ZJ_U51_5K_E066_N672,ZJ_U51_FIXED_V0,5000,EPSG:32651,66,672,330000.0,3360000.0,335000.0,3365000.0,25.0,ZJ-HZB,1.0,0.0,1.0,3601.039,False,COASTAL_RELEVANT,GSHHG_v2.3.7_L1_MEAN_SHORELINE,FIXED_CELL_GRID_OVER_PROVISIONAL_ENVELOPE_V0,b039d36e2d872c007094a596c26e027ff00949ee5c08acb50a611a307da75753,773859d836560e9616909042c3545b93f516d1b2fc37f78556d75bc179fcfb59
ZJ_U51_5K_E067_N672,ZJ_U51_FIXED_V0,5000,EPSG:32651,67,672,335000.0,3360000.0,340000.0,3365000.0,25.0,ZJ-HZB,1.0,0.0,1.0,3950.112,False,COASTAL_RELEVANT,GSHHG_v2.3.7_L1_MEAN_SHORELINE,FIXED_CELL_GRID_OVER_PROVISIONAL_ENVELOPE_V0,7f176bef3c2ed8f76704e7b4ce476678fd2afbd5ef00218856f0e8cd7fbdf3df,8557272b271e51e75c2e232edf90d3e597b6fd3ae022dd73e411362fcf711699
ZJ_U51_5K_E068_N672,ZJ_U51_FIXED_V0,5000,EPSG:32651,68,672,340000.0,3360000.0,345000.0,3365000.0,25.0,ZJ-HZB,1.0,0.0,1.0,5209.564,False,COASTAL_RELEVANT,GSHHG_v2.3.7_L1_MEAN_SHORELINE,FIXED_CELL_GRID_OVER_PROVISIONAL_ENVELOPE_V0,d9dcf87fbc4ad7321b5c454bed1914abe8e9b85e42c22c39b4c6d82bb9d53ee2,526f458f168eeed3435cd5d2333476c0afbf036b1fc443aea5da9d92a6a8b864
ZJ_U51_5K_E069_N672,ZJ_U51_FIXED_V0,5000,EPSG:32651,69,672,345000.0,3360000.0,350000.0,3365000.0,25.0,ZJ-HZB,1.0,0.0,1.0,7018.578,False,NOT_RELEVANT_OPEN_WATER,GSHHG_v2.3.7_L1_MEAN_SHORELINE,FIXED_CELL_GRID_OVER_PROVISIONAL_ENVELOPE_V0,1de4343e978883e78adf9b4480ff0641405ac7ce044a9f6f7cab986263e45eb7,9742e37e2e381dd4a47b78f734dbaaeed05135f0382420c8bab0a2d713f9a42b
ZJ_U51_5K_E070_N672,ZJ_U51_FIXED_V0,5000,EPSG:32651,70,672,350000.0,3360000.0,355000.0,3365000.0,25.0,ZJ-HZB,1.0,0.0,1.0,9917.642,False,NOT_RELEVANT_OPEN_WATER,GSHHG_v2.3.7_L1_MEAN_SHORELINE,FIXED_CELL_GRID_OVER_PROVISIONAL_ENVELOPE_V0,10aee78033fda0bf17528ccb16cd561f2b4951c1a90e51d2a2045f3fcc5795e7,4ef9cec4bf6c218f7a93b0b2661d788fdfc279a7025f388d9e195e22bfd0675a
ZJ_U51_5K_E071_N672,ZJ_U51_FIXED_V0,5000,EPSG:32651,71,672,355000.0,3360000.0,360000.0,3365000.0,25.0,ZJ-HZB,1.0,0.0,1.0,9125.324,False,COASTAL_RELEVANT,GSHHG_v2.3.7_L1_MEAN_SHORELINE,FIXED_CELL_GRID_OVER_PROVISIONAL_ENVELOPE_V0,8ecd9789bce38638d96496f9e69acf76909248799bdde199fb21bbdd4282e053,72aa9cec0dccf81d013c49e7dc4f9f442bcd3ec8629fe41b6d96b353018fc6ab
ZJ_U51_5K_E072_N672,ZJ_U51_FIXED_V0,5000,EPSG:32651,72,672,360000.0,3360000.0,365000.0,3365000.0,25.0,ZJ-HZB,1.0,0.0,1.0,8504.547,False,COASTAL_RELEVANT,GSHHG_v2.3.7_L1_MEAN_SHORELINE,FIXED_CELL_GRID_OVER_PROVISIONAL_ENVELOPE_V0,22cc1c7878cd295b179df7a9e726160fa79851f78f87a79389b16306e0d1cc83,5d8cbac1e890186151fcb2f4b4a6ec135cc767bf910313048b75b7f5751952c6
ZJ_U51_5K_E073_N672,ZJ_U51_FIXED_V0,5000,EPSG:32651,73,672,365000.0,3360000.0,370000.0,3365000.0,25.0,ZJ-HZB,1.0,0.0,1.0,8671.187,False,NOT_RELEVANT_OPEN_WATER,GSHHG_v2.3.7_L1_MEAN_SHORELINE,FIXED_CELL_GRID_OVER_PROVISIONAL_ENVELOPE_V0,4321a24bd51971e201ad07a8c678b09a6dc716e9614dd46c78a47c00b9043b23,eed479705edbe1715049e579bb721001941b09be7f97206d69b4e196fc9035fb
ZJ_U51_5K_E074_N672,ZJ_U51_FIXED_V0,5000,EPSG:32651,74,672,370000.0,3360000.0,375000.0,3365000.0,25.0,ZJ-HZB,1.0,0.0,1.0,10037.331,False,COASTAL_RELEVANT,GSHHG_v2.3.7_L1_MEAN_SHORELINE,FIXED_CELL_GRID_OVER_PROVISIONAL_ENVELOPE_V0,c85302da64bf0be94881db5bf3922d6d32882373ade68adac1153730744d3b89,42f6324d4abc34bc71b66a27bf1d1e45b23914d3c086651a74518916b70a4ddc
ZJ_U51_5K_E075_N672,ZJ_U51_FIXED_V0,5000,EPSG:32651,75,672,375000.0,3360000.0,380000.0,3365000.0,25.0,ZJ-HZB,1.0,0.0,1.0,10479.782,False,COASTAL_RELEVANT,GSHHG_v2.3.7_L1_MEAN_SHORELINE,FIXED_CELL_GRID_OVER_PROVISIONAL_ENVELOPE_V0,44232f6d1c1770726f7659370af632108423f2dbd5764b5cb8fd397d0e6f34ab,085ca710c34a883813fb56955751da8750e8ea95cb7dba156ab2c4dd1dceff67
ZJ_U51_5K_E076_N672,ZJ_U51_FIXED_V0,5000,EPSG:32651,76,672,380000.0,3360000.0,385000.0,3365000.0,25.0,ZJ-HZB,1.0,0.0,1.0,5634.052,False,COASTAL_RELEVANT,GSHHG_v2.3.7_L1_MEAN_SHORELINE,FIXED_CELL_GRID_OVER_PROVISIONAL_ENVELOPE_V0,670db6696451b9b01d953a0fab14cd1f2c14f0f1905630110ca5193148d8330f,8c5c1819d05b0dd8402e4282737bfd5aca7b9dcb53882c9643fab44a8c110dd7
ZJ_U51_5K_E077_N672,ZJ_U51_FIXED_V0,5000,EPSG:32651,77,672,385000.0,3360000.0,390000.0,3365000.0,25.0,ZJ-HZB,0.229483,0.0,1.0,1912.921,False,COASTAL_RELEVANT,GSHHG_v2.3.7_L1_MEAN_SHORELINE,FIXED_CELL_GRID_OVER_PROVISIONAL_ENVELOPE_V0,3e92fd55fdf8b8d1c3c95aa96233cfb2e8eaab3eb259d8fd34baddc661dffd39,60a206fc3607ec65fd55e89fbd194e1e1f6383311814ab503eac9b0138922df8
ZJ_U51_5K_E060_N673,ZJ_U51_FIXED_V0,5000,EPSG:32651,60,673,300000.0,3365000.0,305000.0,3370000.0,25.0,ZJ-HZB,0.070018,0.413657,0.586343,0.0,True,COASTAL_RELEVANT,GSHHG_v2.3.7_L1_MEAN_SHORELINE,FIXED_CELL_GRID_OVER_PROVISIONAL_ENVELOPE_V0,6a5a81ca307600059966b507cc634ec45db132ac6591f53bb448f788f020d8c9,ea3f3aaffad569ea69b2c94a92572aa4a496a0ac9937eac4052a9fa939707652
ZJ_U51_5K_E061_N673,ZJ_U51_FIXED_V0,5000,EPSG:32651,61,673,305000.0,3365000.0,310000.0,3370000.0,25.0,ZJ-HZB,0.582806,0.000127,0.999873,0.0,True,COASTAL_RELEVANT,GSHHG_v2.3.7_L1_MEAN_SHORELINE,FIXED_CELL_GRID_OVER_PROVISIONAL_ENVELOPE_V0,66804c6f6e48a8401c599f2f7eec2937ba2285602ac3b6fd1bb399e9ff5fca46,7498e5b0d1356855c03fe4752384a43af4140cdc64391485dcf2b49266208206
ZJ_U51_5K_E062_N673,ZJ_U51_FIXED_V0,5000,EPSG:32651,62,673,310000.0,3365000.0,315000.0,3370000.0,25.0,ZJ-HZB,0.987408,0.0,1.0,4902.698,False,COASTAL_RELEVANT,GSHHG_v2.3.7_L1_MEAN_SHORELINE,FIXED_CELL_GRID_OVER_PROVISIONAL_ENVELOPE_V0,129a1c3398dac3c51352a1371a40d775de715d13786c6c0f1820ca78eba11781,8bcd76deabe51b2cca504efe3932579eb994afd992711634b0f3338882515554
ZJ_U51_5K_E063_N673,ZJ_U51_FIXED_V0,5000,EPSG:32651,63,673,315000.0,3365000.0,320000.0,3370000.0,25.0,ZJ-HZB,1.0,0.0,1.0,9839.946,False,COASTAL_RELEVANT,GSHHG_v2.3.7_L1_MEAN_SHORELINE,FIXED_CELL_GRID_OVER_PROVISIONAL_ENVELOPE_V0,83b02eb0a4118221c9619d9a6ac5f2619417dd0d40aaa8b83521eef82e084ae8,58a92cf5004130bf2c1e5b2d1a53f83a2db72a2727c9b653b3703c2b9b7673c2
ZJ_U51_5K_E064_N673,ZJ_U51_FIXED_V0,5000,EPSG:32651,64,673,320000.0,3365000.0,325000.0,3370000.0,25.0,ZJ-HZB,1.0,0.0,1.0,9209.388,False,COASTAL_RELEVANT,GSHHG_v2.3.7_L1_MEAN_SHORELINE,FIXED_CELL_GRID_OVER_PROVISIONAL_ENVELOPE_V0,b1170c9d90eefc7e6ab9f978d680907e7af53e5a2f8c0e40b2dc7b90afec9252,d4ddf1b7a51ff6b9b35f02fece4a7a645b309e8b76b71b3a1c5cf3455b4bbbcc
ZJ_U51_5K_E065_N673,ZJ_U51_FIXED_V0,5000,EPSG:32651,65,673,325000.0,3365000.0,330000.0,3370000.0,25.0,ZJ-HZB,1.0,0.0,1.0,8804.295,False,NOT_RELEVANT_OPEN_WATER,GSHHG_v2.3.7_L1_MEAN_SHORELINE,FIXED_CELL_GRID_OVER_PROVISIONAL_ENVELOPE_V0,f638d2295bae74689912efb4f80f2a94a83d6a57373ee2e49ba39a21d48961bb,974c18e8cad3ef6e79759e474710bad20009ae9af0c1d173dea30ea9e8a8fbc2
ZJ_U51_5K_E066_N673,ZJ_U51_FIXED_V0,5000,EPSG:32651,66,673,330000.0,3365000.0,335000.0,3370000.0,25.0,ZJ-HZB,1.0,0.0,1.0,6955.892,False,COASTAL_RELEVANT,GSHHG_v2.3.7_L1_MEAN_SHORELINE,FIXED_CELL_GRID_OVER_PROVISIONAL_ENVELOPE_V0,7b9476cd9d3addc9aaca7fef924dbb76e514a4dde2e275f728c742764c941501,19fb017cef8d2c4d6a677ed7cc10ea9d6b862b37d138a83dbab371791aa49f4a
ZJ_U51_5K_E067_N673,ZJ_U51_FIXED_V0,5000,EPSG:32651,67,673,335000.0,3365000.0,340000.0,3370000.0,25.0,ZJ-HZB,1.0,0.0,1.0,5833.783,False,COASTAL_RELEVANT,GSHHG_v2.3.7_L1_MEAN_SHORELINE,FIXED_CELL_GRID_OVER_PROVISIONAL_ENVELOPE_V0,56a06457fa233c9df57051a18bdb88cbd65cda2af416f7f1055293edb2842d29,a3601088de39200c490d9753ea9590b79b0f9fd186cd79f79d52ca8f1047b8d0
ZJ_U51_5K_E068_N673,ZJ_U51_FIXED_V0,5000,EPSG:32651,68,673,340000.0,3365000.0,345000.0,3370000.0,25.0,ZJ-HZB,1.0,0.0,1.0,5828.386,False,NOT_RELEVANT_OPEN_WATER,GSHHG_v2.3.7_L1_MEAN_SHORELINE,FIXED_CELL_GRID_OVER_PROVISIONAL_ENVELOPE_V0,490ec036a42c722980b2586e39b299b80d4a6401f5e09b1a48d70b2a23c9870f,dae2a9f4af8f0871e418897f6c5378332304bc44f8f96c6d6740f4ceab85456f
ZJ_U51_5K_E069_N673,ZJ_U51_FIXED_V0,5000,EPSG:32651,69,673,345000.0,3365000.0,350000.0,3370000.0,25.0,ZJ-HZB,1.0,0.0,1.0,7340.186,False,NOT_RELEVANT_OPEN_WATER,GSHHG_v2.3.7_L1_MEAN_SHORELINE,FIXED_CELL_GRID_OVER_PROVISIONAL_ENVELOPE_V0,d7b17a9724a981f6915c214843d8e196586acab16b4f01e68826bebce6e5bcf8,56a56c97511c4ad11734deb51c6f075228d5d54b18a91bba9be56d51064159e4
ZJ_U51_5K_E070_N673,ZJ_U51_FIXED_V0,5000,EPSG:32651,70,673,350000.0,3365000.0,355000.0,3370000.0,25.0,ZJ-HZB,1.0,0.0,1.0,11059.089,False,NOT_RELEVANT_OPEN_WATER,GSHHG_v2.3.7_L1_MEAN_SHORELINE,FIXED_CELL_GRID_OVER_PROVISIONAL_ENVELOPE_V0,96962dd7db85cb5c054a5fec975f24e59ad95657fbb663cfb697260d04859d2b,5a9637a10d4701ebb0972ac5557027f7d3925f581ae5db958931c33abf222976
ZJ_U51_5K_E071_N673,ZJ_U51_FIXED_V0,5000,EPSG:32651,71,673,355000.0,3365000.0,360000.0,3370000.0,25.0,ZJ-HZB,1.0,0.0,1.0,13903.849,False,NOT_RELEVANT_OPEN_WATER,GSHHG_v2.3.7_L1_MEAN_SHORELINE,FIXED_CELL_GRID_OVER_PROVISIONAL_ENVELOPE_V0,e68dbe1ef5115723515fc11807d801b10e69358f7b81a83465cb8916259fe86b,5c4415b079cf5d6f3b594f554f9b6e66c7804ccfb1a4dc882aadcd6653048dfd
ZJ_U51_5K_E072_N673,ZJ_U51_FIXED_V0,5000,EPSG:32651,72,673,360000.0,3365000.0,365000.0,3370000.0,25.0,ZJ-HZB,1.0,0.0,1.0,13504.547,False,NOT_RELEVANT_OPEN_WATER,GSHHG_v2.3.7_L1_MEAN_SHORELINE,FIXED_CELL_GRID_OVER_PROVISIONAL_ENVELOPE_V0,3f1bc2cdd78b33d532e3d2d64034f4a49e403c770a164957916f539df5e04220,038136ee1e80b29216a74bb1ad4b18b1969687fdbad1ed3a30519852bf7b5bf0
ZJ_U51_5K_E073_N673,ZJ_U51_FIXED_V0,5000,EPSG:32651,73,673,365000.0,3365000.0,370000.0,3370000.0,25.0,ZJ-HZB,1.0,0.0,1.0,12609.982,False,NOT_RELEVANT_OPEN_WATER,GSHHG_v2.3.7_L1_MEAN_SHORELINE,FIXED_CELL_GRID_OVER_PROVISIONAL_ENVELOPE_V0,bbaab059225238c04aee0c67260c5c56e71c0fc307ea852e8a1cec0285f4991b,f6dd0e52e5d3bdf32973badb5d8c09f924ee2471850d904d9d1acca545917949
ZJ_U51_5K_E074_N673,ZJ_U51_FIXED_V0,5000,EPSG:32651,74,673,370000.0,3365000.0,375000.0,3370000.0,25.0,ZJ-HZB,1.0,0.0,1.0,11187.072,False,NOT_RELEVANT_OPEN_WATER,GSHHG_v2.3.7_L1_MEAN_SHORELINE,FIXED_CELL_GRID_OVER_PROVISIONAL_ENVELOPE_V0,376b77d6eb5a22d342f02beb9ed1095154dbaf61c36e8dd625494ca90916ba3a,1efe615b6d8de628f371d853f698ba393925ecd4b4e42373412481a10efe7c25
ZJ_U51_5K_E075_N673,ZJ_U51_FIXED_V0,5000,EPSG:32651,75,673,375000.0,3365000.0,380000.0,3370000.0,25.0,ZJ-HZB,1.0,0.0,1.0,11131.944,False,NOT_RELEVANT_OPEN_WATER,GSHHG_v2.3.7_L1_MEAN_SHORELINE,FIXED_CELL_GRID_OVER_PROVISIONAL_ENVELOPE_V0,f5d1e3d7136b38dd53580fbddda08f383f0f0bd77a5b50341a153ef5c1074138,240f20f46a99c06c27a886f9316014fc1cdf596ff68c858655645311b786b3a7
ZJ_U51_5K_E076_N673,ZJ_U51_FIXED_V0,5000,EPSG:32651,76,673,380000.0,3365000.0,385000.0,3370000.0,25.0,ZJ-HZB,1.0,0.0,1.0,8696.07,False,NOT_RELEVANT_OPEN_WATER,GSHHG_v2.3.7_L1_MEAN_SHORELINE,FIXED_CELL_GRID_OVER_PROVISIONAL_ENVELOPE_V0,ba1602a9b161f422f1eb9a53f4eb7ad95473275b1df0c0354eea7abd9b2bc48a,3c82fb864bff3ce55ff4c9630267e85e40bf4879b389e1de23953bba2dde2483
ZJ_U51_5K_E077_N673,ZJ_U51_FIXED_V0,5000,EPSG:32651,77,673,385000.0,3365000.0,390000.0,3370000.0,25.0,ZJ-HZB,0.394529,0.0,1.0,6894.807,False,COASTAL_RELEVANT,GSHHG_v2.3.7_L1_MEAN_SHORELINE,FIXED_CELL_GRID_OVER_PROVISIONAL_ENVELOPE_V0,d160c4286569d8a3216a8a66190b0dd19df02aec3fa3395a77a02c7abd6b81d9,bd0033fcc502373e689f11b736b1ee41e75c87bcfff8666ac730f199bf36cfa7
ZJ_U51_5K_E062_N674,ZJ_U51_FIXED_V0,5000,EPSG:32651,62,674,310000.0,3370000.0,315000.0,3375000.0,25.0,ZJ-HZB,0.18589,0.0,1.0,4348.568,False,COASTAL_RELEVANT,GSHHG_v2.3.7_L1_MEAN_SHORELINE,FIXED_CELL_GRID_OVER_PROVISIONAL_ENVELOPE_V0,7d32cd5985b268a0dade301e77a9fedcd915dad8c5f1140f68685fc6fd5e4b60,47ad2f9a08a6140966c9a145d19552c3295bbe4ea7b56de9a6c82667e8ff82e9
ZJ_U51_5K_E063_N674,ZJ_U51_FIXED_V0,5000,EPSG:32651,63,674,315000.0,3370000.0,320000.0,3375000.0,25.0,ZJ-HZB,0.760838,0.0,1.0,9348.568,False,COASTAL_RELEVANT,GSHHG_v2.3.7_L1_MEAN_SHORELINE,FIXED_CELL_GRID_OVER_PROVISIONAL_ENVELOPE_V0,028781c554ddc5afeae7a088effbf231a77ebe03cc32b57fec2d14bcbfa67266,817ffb70853e9f96fd56d86905a33f4e1f288aedaa573b06c95b8a53fb59f3f2
ZJ_U51_5K_E064_N674,ZJ_U51_FIXED_V0,5000,EPSG:32651,64,674,320000.0,3370000.0,325000.0,3375000.0,25.0,ZJ-HZB,1.0,0.0,1.0,9730.995,False,COASTAL_RELEVANT,GSHHG_v2.3.7_L1_MEAN_SHORELINE,FIXED_CELL_GRID_OVER_PROVISIONAL_ENVELOPE_V0,40d84dd5cd36ecbbb56756a63018a705d82ff6cea86e59bd3a61c56ea3394958,9b20e169f43c15ead8b9c6462933e0ca362af4a3facd625afc8761f109b62e9f
ZJ_U51_5K_E065_N674,ZJ_U51_FIXED_V0,5000,EPSG:32651,65,674,325000.0,3370000.0,330000.0,3375000.0,25.0,ZJ-HZB,1.0,0.0,1.0,7326.015,False,NOT_RELEVANT_OPEN_WATER,GSHHG_v2.3.7_L1_MEAN_SHORELINE,FIXED_CELL_GRID_OVER_PROVISIONAL_ENVELOPE_V0,3657f468cead0f50b854b359f73f6e21b356b5473059a0da8491ecae367e4c7e,a3908c2896c1d5df143087cc130a8209156faedc0dfa9db746e2a5df8ee39fd6
ZJ_U51_5K_E066_N674,ZJ_U51_FIXED_V0,5000,EPSG:32651,66,674,330000.0,3370000.0,335000.0,3375000.0,25.0,ZJ-HZB,1.0,0.0,1.0,2686.382,False,COASTAL_RELEVANT,GSHHG_v2.3.7_L1_MEAN_SHORELINE,FIXED_CELL_GRID_OVER_PROVISIONAL_ENVELOPE_V0,cd4879cabef13b799d07964dce77364667c4187ae34ffd9f64855cc425fc4797,e869a77bbe2d0658e58d2fdde4e73cc31590bb0ac613b024c8a2e96927dbe475
ZJ_U51_5K_E067_N674,ZJ_U51_FIXED_V0,5000,EPSG:32651,67,674,335000.0,3370000.0,340000.0,3375000.0,25.0,ZJ-HZB,1.0,0.0,1.0,865.541,False,COASTAL_RELEVANT,GSHHG_v2.3.7_L1_MEAN_SHORELINE,FIXED_CELL_GRID_OVER_PROVISIONAL_ENVELOPE_V0,ded2ac4419fe156f3ad89cd48acf507509230179e38c36dab9309974828c60bb,6e333320fefa7db775e46f7178c1367fcc83ff60ac1c3533b4e809cbcf80f06b
ZJ_U51_5K_E068_N674,ZJ_U51_FIXED_V0,5000,EPSG:32651,68,674,340000.0,3370000.0,345000.0,3375000.0,25.0,ZJ-HZB,1.0,0.0,1.0,828.386,False,COASTAL_RELEVANT,GSHHG_v2.3.7_L1_MEAN_SHORELINE,FIXED_CELL_GRID_OVER_PROVISIONAL_ENVELOPE_V0,1c8f5961ae20ddfb11154b420b2c5cfdfe2d0cc8b5ac43f043c17b5094affd70,d4d56d2bbde3e75ead99cb014203093bf40935164ac427e07a0e157a74bb61cc
ZJ_U51_5K_E069_N674,ZJ_U51_FIXED_V0,5000,EPSG:32651,69,674,345000.0,3370000.0,350000.0,3375000.0,25.0,ZJ-HZB,1.0,0.0,1.0,4438.451,False,COASTAL_RELEVANT,GSHHG_v2.3.7_L1_MEAN_SHORELINE,FIXED_CELL_GRID_OVER_PROVISIONAL_ENVELOPE_V0,338fd3e0bedbddb556b42b7c1da3f94544c77b86769e81a06e79d51e82f224ca,b5090eea73e5bd07a0e9fe2f8e4b3ed346fc5c1ac4b87bcc4314e17ba3d098d0
ZJ_U51_5K_E070_N674,ZJ_U51_FIXED_V0,5000,EPSG:32651,70,674,350000.0,3370000.0,355000.0,3375000.0,25.0,ZJ-HZB,1.0,0.0,1.0,9387.489,False,COASTAL_RELEVANT,GSHHG_v2.3.7_L1_MEAN_SHORELINE,FIXED_CELL_GRID_OVER_PROVISIONAL_ENVELOPE_V0,bfd4d1bb11d838d305fea467b3ad94a5b42dea4dd0f2ba059852e3558ed615b8,5624fe66057a3c651529fcad322e7411c63fa9ca61590d708cbdcf573af41d0e
ZJ_U51_5K_E071_N674,ZJ_U51_FIXED_V0,5000,EPSG:32651,71,674,355000.0,3370000.0,360000.0,3375000.0,25.0,ZJ-HZB,1.0,0.0,1.0,9256.449,False,COASTAL_RELEVANT,GSHHG_v2.3.7_L1_MEAN_SHORELINE,FIXED_CELL_GRID_OVER_PROVISIONAL_ENVELOPE_V0,4487e823bbe8cccaa88c93c43430af8a9f746810c4734320d8df1f8f4d0c78af,06c87e1e49742d7f4fe75bfa1ee9bceca0270994ff057a52eecace26849dc88e
ZJ_U51_5K_E072_N674,ZJ_U51_FIXED_V0,5000,EPSG:32651,72,674,360000.0,3370000.0,365000.0,3375000.0,25.0,ZJ-HZB,1.0,0.0,1.0,8740.326,False,NOT_RELEVANT_OPEN_WATER,GSHHG_v2.3.7_L1_MEAN_SHORELINE,FIXED_CELL_GRID_OVER_PROVISIONAL_ENVELOPE_V0,e3bc853089956df3ce568119875eef1826df8a487996a89a90da8fe990cbf43b,06ccb1b90ee777aa582d7d66079ba13add4250466133825badf2349e0dc28696
ZJ_U51_5K_E073_N674,ZJ_U51_FIXED_V0,5000,EPSG:32651,73,674,365000.0,3370000.0,370000.0,3375000.0,25.0,ZJ-HZB,1.0,0.0,1.0,8496.936,False,NOT_RELEVANT_OPEN_WATER,GSHHG_v2.3.7_L1_MEAN_SHORELINE,FIXED_CELL_GRID_OVER_PROVISIONAL_ENVELOPE_V0,6ce6ed035eae01896e79c4108aca9512aa191ffd475aa4e8d1ee65f780ceeb49,b959524698c07b9321c517962b7fe033552143bc08f896286e2dcb807dcd1a68
ZJ_U51_5K_E074_N674,ZJ_U51_FIXED_V0,5000,EPSG:32651,74,674,370000.0,3370000.0,375000.0,3375000.0,25.0,ZJ-HZB,1.0,0.0,1.0,6231.419,False,COASTAL_RELEVANT,GSHHG_v2.3.7_L1_MEAN_SHORELINE,FIXED_CELL_GRID_OVER_PROVISIONAL_ENVELOPE_V0,9c3e338c9765967bc86592039ee6c24b57749aece96c33f83465c8091afe7a99,471b595d6cc8dc438428cf20fa4bfaee054fa69733ea934cbf9382487d1ff6f3
ZJ_U51_5K_E075_N674,ZJ_U51_FIXED_V0,5000,EPSG:32651,75,674,375000.0,3370000.0,380000.0,3375000.0,25.0,ZJ-HZB,1.0,0.0,1.0,6131.944,False,COASTAL_RELEVANT,GSHHG_v2.3.7_L1_MEAN_SHORELINE,FIXED_CELL_GRID_OVER_PROVISIONAL_ENVELOPE_V0,0a3bd864564d5998c9adc50fac54f53f81607508c2d64b96e914b7dbb1cdd470,91844a4c77a2217a3b9367bd5ea2d335c0e3b712022e2c746e5302fed2b99a89
ZJ_U51_5K_E076_N674,ZJ_U51_FIXED_V0,5000,EPSG:32651,76,674,380000.0,3370000.0,385000.0,3375000.0,25.0,ZJ-HZB,1.0,0.0,1.0,6607.196,False,COASTAL_RELEVANT,GSHHG_v2.3.7_L1_MEAN_SHORELINE,FIXED_CELL_GRID_OVER_PROVISIONAL_ENVELOPE_V0,41e630c5a2404d8240663c9a9cde6184095b22b534565cf065b74b1eff4a6a6b,262e52cbdd4061cac628aa9f505f1771f8fdf58527cba692904d28ecbc629980
ZJ_U51_5K_E077_N674,ZJ_U51_FIXED_V0,5000,EPSG:32651,77,674,385000.0,3370000.0,390000.0,3375000.0,25.0,ZJ-HZB,0.559574,0.0,1.0,9160.8,False,COASTAL_RELEVANT,GSHHG_v2.3.7_L1_MEAN_SHORELINE,FIXED_CELL_GRID_OVER_PROVISIONAL_ENVELOPE_V0,608792c0535c7c9cb4bc18da829a658bd1694e7263c8112d5e55b4d5be8554b9,7a37302fba0951873181c411c6a392dc7e8f2c1d5ba82cf142f923396841c92e
ZJ_U51_5K_E063_N675,ZJ_U51_FIXED_V0,5000,EPSG:32651,63,675,315000.0,3375000.0,320000.0,3380000.0,25.0,ZJ-HZB,0.002951,0.0,1.0,4755.611,False,COASTAL_RELEVANT,GSHHG_v2.3.7_L1_MEAN_SHORELINE,FIXED_CELL_GRID_OVER_PROVISIONAL_ENVELOPE_V0,8ca9a4f36336f7e6a224e230b3c126d0d217ca8c9a3a4d4c6643ba8098bf99b5,44f3c877c2e6483ac2848d53a27b38f7dbdbb7b944e247c1a2dafc74b8e9a4a8
ZJ_U51_5K_E064_N675,ZJ_U51_FIXED_V0,5000,EPSG:32651,64,675,320000.0,3375000.0,325000.0,3380000.0,25.0,ZJ-HZB,0.354281,0.0,1.0,4730.995,False,COASTAL_RELEVANT,GSHHG_v2.3.7_L1_MEAN_SHORELINE,FIXED_CELL_GRID_OVER_PROVISIONAL_ENVELOPE_V0,0c3f58cdf870d31c874121f9f7e27296f95112be369d3b33b803026124ddc38b,1b82f28b5a6b4ddf6033810a850cf6abd3abda9214cde8f225e5cba8cfcbba61
ZJ_U51_5K_E065_N675,ZJ_U51_FIXED_V0,5000,EPSG:32651,65,675,325000.0,3375000.0,330000.0,3380000.0,25.0,ZJ-HZB,0.895992,0.0,1.0,6540.9,False,COASTAL_RELEVANT,GSHHG_v2.3.7_L1_MEAN_SHORELINE,FIXED_CELL_GRID_OVER_PROVISIONAL_ENVELOPE_V0,98e4173ec84330610a4a13273463e13c996a323ab14a59b21d2a81e92c50eee2,a29a2bd2abb6dd462ef2fba24e81a6c098eb547932924e3d2e46b5f6f0dfe391
ZJ_U51_5K_E066_N675,ZJ_U51_FIXED_V0,5000,EPSG:32651,66,675,330000.0,3375000.0,335000.0,3380000.0,25.0,ZJ-HZB,1.0,0.0,1.0,2145.385,False,COASTAL_RELEVANT,GSHHG_v2.3.7_L1_MEAN_SHORELINE,FIXED_CELL_GRID_OVER_PROVISIONAL_ENVELOPE_V0,fc868e4f361b3be01670c8e86bddd91c2be8bc3a9f6cb421f75a2df9846137ff,3f92b96ae991b96dc019c2864077368b9acdf5fda283ee07d6a77103abde917e
ZJ_U51_5K_E067_N675,ZJ_U51_FIXED_V0,5000,EPSG:32651,67,675,335000.0,3375000.0,340000.0,3380000.0,25.0,ZJ-HZB,1.0,0.000616,0.999384,0.0,True,COASTAL_RELEVANT,GSHHG_v2.3.7_L1_MEAN_SHORELINE,FIXED_CELL_GRID_OVER_PROVISIONAL_ENVELOPE_V0,c13d503514888c38e1a82fef63c3a7baf4fc20055ce4707a8e44ba982aa11391,654d8c94b0293cc661ad7eff060143bc1e2caa41fcc5d32c2950b7c1cace2985
ZJ_U51_5K_E068_N675,ZJ_U51_FIXED_V0,5000,EPSG:32651,68,675,340000.0,3375000.0,345000.0,3380000.0,25.0,ZJ-HZB,1.0,0.001488,0.998512,0.0,True,COASTAL_RELEVANT,GSHHG_v2.3.7_L1_MEAN_SHORELINE,FIXED_CELL_GRID_OVER_PROVISIONAL_ENVELOPE_V0,149781b113c0e7983c39ea77ecb33698c49e7bbd3852ce5bb17a5f94581f5d52,683d3fcf681aa19f2e92279c7cd4cd47b55f36df360283dbce3ed461a96ef720
ZJ_U51_5K_E069_N675,ZJ_U51_FIXED_V0,5000,EPSG:32651,69,675,345000.0,3375000.0,350000.0,3380000.0,25.0,ZJ-HZB,1.0,0.0,1.0,4342.511,False,COASTAL_RELEVANT,GSHHG_v2.3.7_L1_MEAN_SHORELINE,FIXED_CELL_GRID_OVER_PROVISIONAL_ENVELOPE_V0,7ad97138d7b92a97f7c964c96fb7a7f65d526e10d935c73caf5744b5f1126b84,aa325d4ec1d1e7063291fb0cd0f0dd919ba0e202cb9d70d9464a3812b1f0be2b
ZJ_U51_5K_E070_N675,ZJ_U51_FIXED_V0,5000,EPSG:32651,70,675,350000.0,3375000.0,355000.0,3380000.0,25.0,ZJ-HZB,1.0,0.0,1.0,8652.712,False,COASTAL_RELEVANT,GSHHG_v2.3.7_L1_MEAN_SHORELINE,FIXED_CELL_GRID_OVER_PROVISIONAL_ENVELOPE_V0,a88215d329ccf7e49678dd94ce65d60ff894b6dfc0207d4497d10c21b18afc9b,61d1eaa6f984df45a00a95f51d318e184a34b22a5a431ae15bd2c3d965d96381
ZJ_U51_5K_E071_N675,ZJ_U51_FIXED_V0,5000,EPSG:32651,71,675,355000.0,3375000.0,360000.0,3380000.0,25.0,ZJ-HZB,1.0,0.0,1.0,4723.766,False,COASTAL_RELEVANT,GSHHG_v2.3.7_L1_MEAN_SHORELINE,FIXED_CELL_GRID_OVER_PROVISIONAL_ENVELOPE_V0,4f47d1ca96e603d5ee921c843b1f0c7250c14c6526567a3a6ed7ca24e7fea2ef,05c31c9c6f59de624c3259e60818570c69e91abf864a1b5e0c194f94e6f4f4ed
ZJ_U51_5K_E072_N675,ZJ_U51_FIXED_V0,5000,EPSG:32651,72,675,360000.0,3375000.0,365000.0,3380000.0,25.0,ZJ-HZB,1.0,0.0,1.0,3740.326,False,COASTAL_RELEVANT,GSHHG_v2.3.7_L1_MEAN_SHORELINE,FIXED_CELL_GRID_OVER_PROVISIONAL_ENVELOPE_V0,a4c387bc3ec08f5174a2801f5f255693282bd5e731fa78116bde193e3ed4fd0f,bfc749652d7e47a3146f0807ec874cc612b9e3b95b5489e3801c9bd8b592bf82
ZJ_U51_5K_E073_N675,ZJ_U51_FIXED_V0,5000,EPSG:32651,73,675,365000.0,3375000.0,370000.0,3380000.0,25.0,ZJ-HZB,1.0,0.0,1.0,4208.266,False,COASTAL_RELEVANT,GSHHG_v2.3.7_L1_MEAN_SHORELINE,FIXED_CELL_GRID_OVER_PROVISIONAL_ENVELOPE_V0,c26f62ada5ef26a2b5c22a5401294356cb5a6cd348075bf651088a6cf90019b4,b90a89f476846121dc4834979b752c0832e2e2499924c0e2211e1cebeab15556
ZJ_U51_5K_E074_N675,ZJ_U51_FIXED_V0,5000,EPSG:32651,74,675,370000.0,3375000.0,375000.0,3380000.0,25.0,ZJ-HZB,1.0,0.0,1.0,1443.777,False,COASTAL_RELEVANT,GSHHG_v2.3.7_L1_MEAN_SHORELINE,FIXED_CELL_GRID_OVER_PROVISIONAL_ENVELOPE_V0,124315654a87b69cf8d7c00799d0718e1353b1841635de30810cff577924f311,aa5000b726c5fd7ea5061469bb5e1a8ac802bb0a8168045977852fa8a4805b8e
ZJ_U51_5K_E075_N675,ZJ_U51_FIXED_V0,5000,EPSG:32651,75,675,375000.0,3375000.0,380000.0,3380000.0,25.0,ZJ-HZB,1.0,0.0,1.0,1131.944,False,COASTAL_RELEVANT,GSHHG_v2.3.7_L1_MEAN_SHORELINE,FIXED_CELL_GRID_OVER_PROVISIONAL_ENVELOPE_V0,47e208646448387c44611a2eecd2ccae3ca2da76078bb01888896956f78aba3e,374d2aebcf227841c1591c2e03607b68f173c024dfb59a4a41e4482d48ed668b
ZJ_U51_5K_E076_N675,ZJ_U51_FIXED_V0,5000,EPSG:32651,76,675,380000.0,3375000.0,385000.0,3380000.0,25.0,ZJ-HZB,1.0,0.0,1.0,2090.621,False,COASTAL_RELEVANT,GSHHG_v2.3.7_L1_MEAN_SHORELINE,FIXED_CELL_GRID_OVER_PROVISIONAL_ENVELOPE_V0,1b3170f207e11d629275394ad03ac36642f04806f8fd3b00a3f819270244c80d,5f86caf7ca843735eeb03c9259a4d63dae8a687e72ec892806fb35de48a2e716
ZJ_U51_5K_E077_N675,ZJ_U51_FIXED_V0,5000,EPSG:32651,77,675,385000.0,3375000.0,390000.0,3380000.0,25.0,ZJ-HZB,0.724619,0.0,1.0,6115.803,False,COASTAL_RELEVANT,GSHHG_v2.3.7_L1_MEAN_SHORELINE,FIXED_CELL_GRID_OVER_PROVISIONAL_ENVELOPE_V0,b495701df0b7105bc89583eda290286dc73604ad08c1338652b35aec4b9497af,dc84aa8385b4be6f2c402e121a38a533f5678b1a66bc6ffb66ab90a5fcdda928
ZJ_U51_5K_E065_N676,ZJ_U51_FIXED_V0,5000,EPSG:32651,65,676,325000.0,3380000.0,330000.0,3385000.0,25.0,ZJ-HZB,0.04878,0.0,1.0,3150.172,False,COASTAL_RELEVANT,GSHHG_v2.3.7_L1_MEAN_SHORELINE,FIXED_CELL_GRID_OVER_PROVISIONAL_ENVELOPE_V0,65c7f917664243e454e3efdc09bb436529c37cfe02851dfad6747d7ec88de37e,94e9dff69cf8342933bb8b5b1ed2ec9dd46e09c956800cc9882cf192ef251f60
ZJ_U51_5K_E066_N676,ZJ_U51_FIXED_V0,5000,EPSG:32651,66,676,330000.0,3380000.0,335000.0,3385000.0,25.0,ZJ-HZB,0.535264,0.0,1.0,3904.881,False,COASTAL_RELEVANT,GSHHG_v2.3.7_L1_MEAN_SHORELINE,FIXED_CELL_GRID_OVER_PROVISIONAL_ENVELOPE_V0,78cd8c19f4ccd0f57347ab262354989b98d4d07df38f1f83785ae6ae0c738ff2,922d4f493a536877eb127a30018795aa725860f1d42cf991749bd5ed0e5cb7ae
ZJ_U51_5K_E067_N676,ZJ_U51_FIXED_V0,5000,EPSG:32651,67,676,335000.0,3380000.0,340000.0,3385000.0,25.0,ZJ-HZB,0.975675,0.0,1.0,3021.631,False,COASTAL_RELEVANT,GSHHG_v2.3.7_L1_MEAN_SHORELINE,FIXED_CELL_GRID_OVER_PROVISIONAL_ENVELOPE_V0,2c3d5ce1a2dab2666804c8734978598eb6ee44227781fd563e790d38272f96f4,27a6f2c3e498bbc2ddbdc4648b642d1acff60bb3f992b6661b8489c9b6010dce
ZJ_U51_5K_E068_N676,ZJ_U51_FIXED_V0,5000,EPSG:32651,68,676,340000.0,3380000.0,345000.0,3385000.0,25.0,ZJ-HZB,1.0,0.0,1.0,3938.749,False,COASTAL_RELEVANT,GSHHG_v2.3.7_L1_MEAN_SHORELINE,FIXED_CELL_GRID_OVER_PROVISIONAL_ENVELOPE_V0,e538e59dfb8995f29c2ed3d36fb82dcbde23aee3e1a9ca01426e6f19d35bc740,571f0780b58aa14f98f0e4b6617fdffa4627d260188ad5323314fbbf3c61294e
ZJ_U51_5K_E069_N676,ZJ_U51_FIXED_V0,5000,EPSG:32651,69,676,345000.0,3380000.0,350000.0,3385000.0,25.0,ZJ-HZB,1.0,0.0,1.0,5959.979,False,COASTAL_RELEVANT,GSHHG_v2.3.7_L1_MEAN_SHORELINE,FIXED_CELL_GRID_OVER_PROVISIONAL_ENVELOPE_V0,256b7a82314b2e0ec4c05ddce03996492f268b39207bbc65f4bbb7da1248a641,16cacb9b7a95c4fa409389543b0bebf3b3001e92d8d806c7634e4992d7c7abd8
ZJ_U51_5K_E070_N676,ZJ_U51_FIXED_V0,5000,EPSG:32651,70,676,350000.0,3380000.0,355000.0,3385000.0,25.0,ZJ-HZB,1.0,0.0,1.0,7754.928,False,COASTAL_RELEVANT,GSHHG_v2.3.7_L1_MEAN_SHORELINE,FIXED_CELL_GRID_OVER_PROVISIONAL_ENVELOPE_V0,4666b9c47a0b940c1ca35d92a482effd0c7e94073a487975837d94f8897a2733,57a8bc856ec77b36f25a0e2e78145207e6c4fbc1bb5c28501770a904aed0e08f
ZJ_U51_5K_E071_N676,ZJ_U51_FIXED_V0,5000,EPSG:32651,71,676,355000.0,3380000.0,360000.0,3385000.0,25.0,ZJ-HZB,1.0,0.0,1.0,2754.928,False,COASTAL_RELEVANT,GSHHG_v2.3.7_L1_MEAN_SHORELINE,FIXED_CELL_GRID_OVER_PROVISIONAL_ENVELOPE_V0,c50f587a235f1b30532cee8ea9008bef0e79252c7d7a0dfdd443df4f2ab39bf5,13ca1dd72b539b0f7404b85914c993fc0867884cb2f21ebf5bc498e5f9e3e7d4
ZJ_U51_5K_E072_N676,ZJ_U51_FIXED_V0,5000,EPSG:32651,72,676,360000.0,3380000.0,365000.0,3385000.0,25.0,ZJ-HZB,1.0,0.009144,0.990856,0.0,True,COASTAL_RELEVANT,GSHHG_v2.3.7_L1_MEAN_SHORELINE,FIXED_CELL_GRID_OVER_PROVISIONAL_ENVELOPE_V0,6bb18f568b1222f35c1c70b634f44704dd284c66a62ca4a612c574ab19aa8c73,fc9f658ba959c21690638fbe1ff4ff4406624b1d92d3c75f69818e158e67f181
ZJ_U51_5K_E073_N676,ZJ_U51_FIXED_V0,5000,EPSG:32651,73,676,365000.0,3380000.0,370000.0,3385000.0,25.0,ZJ-HZB,1.0,0.0,1.0,1010.231,False,COASTAL_RELEVANT,GSHHG_v2.3.7_L1_MEAN_SHORELINE,FIXED_CELL_GRID_OVER_PROVISIONAL_ENVELOPE_V0,131cef0a8c3316aa58c075161fbdab1f8f2e43c71cc0515788f5388f248402bc,fa8c11f64ab6de055c4fec74dc3bba80319ce3f710da768925cb47436957e546
ZJ_U51_5K_E074_N676,ZJ_U51_FIXED_V0,5000,EPSG:32651,74,676,370000.0,3380000.0,375000.0,3385000.0,25.0,ZJ-HZB,1.0,0.0,1.0,361.12,False,COASTAL_RELEVANT,GSHHG_v2.3.7_L1_MEAN_SHORELINE,FIXED_CELL_GRID_OVER_PROVISIONAL_ENVELOPE_V0,359eb5a80c72d26859a93db7332512e238427c3d3086ff0beb9ef0e4201d7a6b,beaf9815e480390cdaa509cbb9a2d6b82429b4f8ef49e59d7e1988106e1b2b5f
ZJ_U51_5K_E075_N676,ZJ_U51_FIXED_V0,5000,EPSG:32651,75,676,375000.0,3380000.0,380000.0,3385000.0,25.0,ZJ-HZB,1.0,0.039672,0.960328,0.0,True,COASTAL_RELEVANT,GSHHG_v2.3.7_L1_MEAN_SHORELINE,FIXED_CELL_GRID_OVER_PROVISIONAL_ENVELOPE_V0,0e1e4586f59710afc593192e6e90f8a0b441a287661c02f3927732b627f82ce5,6ade6ef91579f7091a1037c8ee80f881bf1fddad875b9c3d6c0e7c5ce8cf415b
ZJ_U51_5K_E076_N676,ZJ_U51_FIXED_V0,5000,EPSG:32651,76,676,380000.0,3380000.0,385000.0,3385000.0,25.0,ZJ-HZB,1.0,0.0,1.0,182.097,False,COASTAL_RELEVANT,GSHHG_v2.3.7_L1_MEAN_SHORELINE,FIXED_CELL_GRID_OVER_PROVISIONAL_ENVELOPE_V0,2a2af04f6091812f5313406f59c4f3baec48ebe66fd81171ec693c1293e4963e,c3ed5f22ea6fdccbe4466d758cdcad4cc8f965403900addc7d194233f0c59708
ZJ_U51_5K_E077_N676,ZJ_U51_FIXED_V0,5000,EPSG:32651,77,676,385000.0,3380000.0,390000.0,3385000.0,25.0,ZJ-HZB,0.889664,0.0,1.0,5182.097,False,COASTAL_RELEVANT,GSHHG_v2.3.7_L1_MEAN_SHORELINE,FIXED_CELL_GRID_OVER_PROVISIONAL_ENVELOPE_V0,2a5ad030471cc20752ad20dfaf2f3af96c86a38d4b8e6f87239ad4e0aed95647,bc7d0cd608e829db4048d6f8cc6f8e3183ad1d6ffc91cba469d8a6623645e9ac
ZJ_U51_5K_E067_N677,ZJ_U51_FIXED_V0,5000,EPSG:32651,67,677,335000.0,3385000.0,340000.0,3390000.0,25.0,ZJ-HZB,0.15008,0.0,1.0,7235.424,False,COASTAL_RELEVANT,GSHHG_v2.3.7_L1_MEAN_SHORELINE,FIXED_CELL_GRID_OVER_PROVISIONAL_ENVELOPE_V0,b83ac614ffc3112ec5b5fb5af5a64020c47d20b006d39d583e32be64fb07152b,999ef53f9a6f2b165f273f672a058687bb64f9ee9389bfb88517101162485865
ZJ_U51_5K_E068_N677,ZJ_U51_FIXED_V0,5000,EPSG:32651,68,677,340000.0,3385000.0,345000.0,3390000.0,25.0,ZJ-HZB,0.716136,0.0,1.0,6906.72,False,COASTAL_RELEVANT,GSHHG_v2.3.7_L1_MEAN_SHORELINE,FIXED_CELL_GRID_OVER_PROVISIONAL_ENVELOPE_V0,3e22925efe90c24cb71b33abbe536df9d67a50d6eb296d04ca2b24719375fee2,9d5bdd353cc9198025d36e7e7d1c954a40368959ee45c0a11689be4c6b670eda
ZJ_U51_5K_E069_N677,ZJ_U51_FIXED_V0,5000,EPSG:32651,69,677,345000.0,3385000.0,350000.0,3390000.0,25.0,ZJ-HZB,1.0,0.0,1.0,5559.613,False,COASTAL_RELEVANT,GSHHG_v2.3.7_L1_MEAN_SHORELINE,FIXED_CELL_GRID_OVER_PROVISIONAL_ENVELOPE_V0,1af4d25cef837a921198a721c1ea1f87d3bfa8af4aa033f76748d413094a8863,563945a8ccf423a2864d0e07c37ba7f96778736769093930ff78e9972327f88f
ZJ_U51_5K_E070_N677,ZJ_U51_FIXED_V0,5000,EPSG:32651,70,677,350000.0,3385000.0,355000.0,3390000.0,25.0,ZJ-HZB,1.0,0.0,1.0,5590.983,False,COASTAL_RELEVANT,GSHHG_v2.3.7_L1_MEAN_SHORELINE,FIXED_CELL_GRID_OVER_PROVISIONAL_ENVELOPE_V0,a623ec1d9837d95d53c05a92c95a217b4f5b57b436ec2ee1c62fb5aa55d23783,ade710247d75e30751052250841f791a262c275b6c3655a4e2da96bce1754ee8
ZJ_U51_5K_E071_N677,ZJ_U51_FIXED_V0,5000,EPSG:32651,71,677,355000.0,3385000.0,360000.0,3390000.0,25.0,ZJ-HZB,1.0,0.0,1.0,2867.852,False,COASTAL_RELEVANT,GSHHG_v2.3.7_L1_MEAN_SHORELINE,FIXED_CELL_GRID_OVER_PROVISIONAL_ENVELOPE_V0,b3b5ecfd5fa210a278056053162ea52e4839ed3f907f3d11f98aad27ad5fdcc8,7bc81c0161a2a80e8e425244ac9d7dff13e02cac14e18dfb2daec16da3537d7b
ZJ_U51_5K_E072_N677,ZJ_U51_FIXED_V0,5000,EPSG:32651,72,677,360000.0,3385000.0,365000.0,3390000.0,25.0,ZJ-HZB,1.0,0.000921,0.999079,0.0,True,COASTAL_RELEVANT,GSHHG_v2.3.7_L1_MEAN_SHORELINE,FIXED_CELL_GRID_OVER_PROVISIONAL_ENVELOPE_V0,02bb01239504a941a4a703f00883acf79abcab1b8c3d1b51497fdf9020e7f6e1,e989f37902c2adeba933bd6738f658976c0540d046af19900ae3b73ddea448c5
ZJ_U51_5K_E073_N677,ZJ_U51_FIXED_V0,5000,EPSG:32651,73,677,365000.0,3385000.0,370000.0,3390000.0,25.0,ZJ-HZB,1.0,0.041875,0.958125,0.0,True,COASTAL_RELEVANT,GSHHG_v2.3.7_L1_MEAN_SHORELINE,FIXED_CELL_GRID_OVER_PROVISIONAL_ENVELOPE_V0,8a4adb60768fd7e3a4de749271e81b37ec031dbfae1cf0133a0b864bdb175e5b,dbfc8d4c0a268c13f6c50cd89d8660ba98843791fd8a42e1843092206f4e0bf8
ZJ_U51_5K_E074_N677,ZJ_U51_FIXED_V0,5000,EPSG:32651,74,677,370000.0,3385000.0,375000.0,3390000.0,25.0,ZJ-HZB,1.0,0.0,1.0,723.657,False,COASTAL_RELEVANT,GSHHG_v2.3.7_L1_MEAN_SHORELINE,FIXED_CELL_GRID_OVER_PROVISIONAL_ENVELOPE_V0,5338a1cdf39fa39f58a2f5908cfb089d8feae9b1b3f81977664fe45e66f738ac,7777464ff1339d8b50245bce384ae73bf2388ae1d7cb1ebeaad6b102d025a7e4
ZJ_U51_5K_E075_N677,ZJ_U51_FIXED_V0,5000,EPSG:32651,75,677,375000.0,3385000.0,380000.0,3390000.0,25.0,ZJ-HZB,1.0,0.0,1.0,199.909,False,COASTAL_RELEVANT,GSHHG_v2.3.7_L1_MEAN_SHORELINE,FIXED_CELL_GRID_OVER_PROVISIONAL_ENVELOPE_V0,d0e190a6f1d3ff90bc915a82c4577a053a751e538d3a08e5c7ef1a230002091e,b498942e283c6ee675dd0c584ef97a909a942bea6c5047ea5989d74c32f76589
ZJ_U51_5K_E076_N677,ZJ_U51_FIXED_V0,5000,EPSG:32651,76,677,380000.0,3385000.0,385000.0,3390000.0,25.0,ZJ-HZB,1.0,0.0,1.0,1059.159,False,COASTAL_RELEVANT,GSHHG_v2.3.7_L1_MEAN_SHORELINE,FIXED_CELL_GRID_OVER_PROVISIONAL_ENVELOPE_V0,b80de9579ac321e85e43eabb539f6109ae3dc495f08b9867ebb26f9bc93f7cd5,19b8a4da2d63d3c61d9f1916ab9a98eb15fdcbbd08c807d5072fc4343febe679
ZJ_U51_5K_E077_N677,ZJ_U51_FIXED_V0,5000,EPSG:32651,77,677,385000.0,3385000.0,390000.0,3390000.0,25.0,ZJ-HZB,0.997656,0.0,1.0,5286.094,False,COASTAL_RELEVANT,GSHHG_v2.3.7_L1_MEAN_SHORELINE,FIXED_CELL_GRID_OVER_PROVISIONAL_ENVELOPE_V0,62853c6f72e38be0e1c5a580683e1710a6ea83f6e4b58c5ce396f4fe3f62d6cb,301bfca52219f968673fd30230446b00c95881cbf3411e2ad38ec27a5c19b760
ZJ_U51_5K_E078_N677,ZJ_U51_FIXED_V0,5000,EPSG:32651,78,677,390000.0,3385000.0,395000.0,3390000.0,25.0,ZJ-HZB,0.057053,0.0,1.0,5969.153,False,COASTAL_RELEVANT,GSHHG_v2.3.7_L1_MEAN_SHORELINE,FIXED_CELL_GRID_OVER_PROVISIONAL_ENVELOPE_V0,9ee6f603cdaf17418a81c984d3b60025ad23969676dfd12e355518f28d23b83c,8aaefed70ec1c261e73bedf5999e62c9c959a647faa7f314e8e0ea36e0aebcdc
ZJ_U51_5K_E068_N678,ZJ_U51_FIXED_V0,5000,EPSG:32651,68,678,340000.0,3390000.0,345000.0,3395000.0,25.0,ZJ-HZB,0.000112,0.0,1.0,3009.598,False,COASTAL_RELEVANT,GSHHG_v2.3.7_L1_MEAN_SHORELINE,FIXED_CELL_GRID_OVER_PROVISIONAL_ENVELOPE_V0,aac81ac4b011762d178c2ef95e946858113909372790d0d97e9ee01970afbdb9,0205a493d5d8f20955b9722a3df1887484c1fb9ac2738dc22cf24b9ba2fa6737
ZJ_U51_5K_E069_N678,ZJ_U51_FIXED_V0,5000,EPSG:32651,69,678,345000.0,3390000.0,350000.0,3395000.0,25.0,ZJ-HZB,0.306739,0.0,1.0,559.613,False,COASTAL_RELEVANT,GSHHG_v2.3.7_L1_MEAN_SHORELINE,FIXED_CELL_GRID_OVER_PROVISIONAL_ENVELOPE_V0,ae9fc926ad04be03ab8e23a2366bcda0d208c2f05b0ef2df42b039197dffb1a7,d3693e9cf1b038412934fb99feba2bede14c9dc9ab0fd5c00cb2b8562a6f13fd
ZJ_U51_5K_E070_N678,ZJ_U51_FIXED_V0,5000,EPSG:32651,70,678,350000.0,3390000.0,355000.0,3395000.0,25.0,ZJ-HZB,0.865861,0.0,1.0,814.222,False,COASTAL_RELEVANT,GSHHG_v2.3.7_L1_MEAN_SHORELINE,FIXED_CELL_GRID_OVER_PROVISIONAL_ENVELOPE_V0,d9c78d4654c49d8b14044683e7773e50a1c67b579c6d69a6f9743bbcb7c67984,7117f3906f863f4b17334b847f1a30d6dd349a0f62505ce3389909dc50fb0108
ZJ_U51_5K_E071_N678,ZJ_U51_FIXED_V0,5000,EPSG:32651,71,678,355000.0,3390000.0,360000.0,3395000.0,25.0,ZJ-HZB,1.0,0.0,1.0,5619.366,False,COASTAL_RELEVANT,GSHHG_v2.3.7_L1_MEAN_SHORELINE,FIXED_CELL_GRID_OVER_PROVISIONAL_ENVELOPE_V0,33e8e5548400f8d28279d9cb29b41525f88e4097b18495918a5a7e38f9e9b271,751533506e6da9b86ddeb12ece3978e41961571f3a6587a1b23bd69e3bc3d4da
ZJ_U51_5K_E072_N678,ZJ_U51_FIXED_V0,5000,EPSG:32651,72,678,360000.0,3390000.0,365000.0,3395000.0,25.0,ZJ-HZB,1.0,0.0,1.0,2364.033,False,COASTAL_RELEVANT,GSHHG_v2.3.7_L1_MEAN_SHORELINE,FIXED_CELL_GRID_OVER_PROVISIONAL_ENVELOPE_V0,5c8338a655275e13b44f96bcc0a9f11499c8b735134f81cdb0b91342ee15b2c6,c0358c3073b904e4b9aa72f1ee60d14c7afc5f962f35341993ce6270943018c3
ZJ_U51_5K_E073_N678,ZJ_U51_FIXED_V0,5000,EPSG:32651,73,678,365000.0,3390000.0,370000.0,3395000.0,25.0,ZJ-HZB,1.0,0.0,1.0,1662.376,False,COASTAL_RELEVANT,GSHHG_v2.3.7_L1_MEAN_SHORELINE,FIXED_CELL_GRID_OVER_PROVISIONAL_ENVELOPE_V0,c24c2854dcaa97af2708ac3473da201c7d4bb46693eea7b6b62f156428373655,987e4d4e1940e8475536a1c7114889ec8d1f4da5ae23f890e89410ae8e68a5fc
ZJ_U51_5K_E074_N678,ZJ_U51_FIXED_V0,5000,EPSG:32651,74,678,370000.0,3390000.0,375000.0,3395000.0,25.0,ZJ-HZB,1.0,0.0,1.0,2162.646,False,COASTAL_RELEVANT,GSHHG_v2.3.7_L1_MEAN_SHORELINE,FIXED_CELL_GRID_OVER_PROVISIONAL_ENVELOPE_V0,fe586048960e19a4aceac6316c2d1632422056c20252f883860868a11122a250,e5b3825488ef4dccbc89cbbea7839ce8cffb7b3a240d01309d627caf5a35d522
ZJ_U51_5K_E075_N678,ZJ_U51_FIXED_V0,5000,EPSG:32651,75,678,375000.0,3390000.0,380000.0,3395000.0,25.0,ZJ-HZB,1.0,0.0,1.0,5199.909,False,COASTAL_RELEVANT,GSHHG_v2.3.7_L1_MEAN_SHORELINE,FIXED_CELL_GRID_OVER_PROVISIONAL_ENVELOPE_V0,70fb7086c3fd23be86c698547f2da91cb5f6e3a4d2aa98d7b621096445ff87ee,5547b81d50075c49ac7000deafd346966f55e6ee69700aa8f073b22e08d212ed
ZJ_U51_5K_E076_N678,ZJ_U51_FIXED_V0,5000,EPSG:32651,76,678,380000.0,3390000.0,385000.0,3395000.0,25.0,ZJ-HZB,1.0,0.0,1.0,5421.416,False,COASTAL_RELEVANT,GSHHG_v2.3.7_L1_MEAN_SHORELINE,FIXED_CELL_GRID_OVER_PROVISIONAL_ENVELOPE_V0,adf1af42ea7670013df73498d4cbea58a5229d70befcf6a844d3a7268f312dd4,63f9d96fb3fdbc2b426bf21a57d7640f214d97121dbe9c4ed681264e03029cfa
ZJ_U51_5K_E077_N678,ZJ_U51_FIXED_V0,5000,EPSG:32651,77,678,385000.0,3390000.0,390000.0,3395000.0,25.0,ZJ-HZB,1.0,0.0,1.0,7960.946,False,COASTAL_RELEVANT,GSHHG_v2.3.7_L1_MEAN_SHORELINE,FIXED_CELL_GRID_OVER_PROVISIONAL_ENVELOPE_V0,f7c40f94a1ea60b304bb45cc44a022ee19fe19e4797eed7c650fbb4b8f1aaa28,3e9197331cb007dca7733801a638a073f27efae800dab4f55f1f3f724fd8f7d9
ZJ_U51_5K_E078_N678,ZJ_U51_FIXED_V0,5000,EPSG:32651,78,678,390000.0,3390000.0,395000.0,3395000.0,25.0,ZJ-HZB,0.219755,0.0,1.0,7453.867,False,NOT_RELEVANT_OPEN_WATER,GSHHG_v2.3.7_L1_MEAN_SHORELINE,FIXED_CELL_GRID_OVER_PROVISIONAL_ENVELOPE_V0,25fab672076840e3c638d185cfd74d15641b1a33b8f1f21b58e6fc1deed2fcfb,ed9786ac966aa042b8287aac9b047c39f3aa754dccdd18f44a7ab9ce7e56c890
ZJ_U51_5K_E070_N679,ZJ_U51_FIXED_V0,5000,EPSG:32651,70,679,350000.0,3395000.0,355000.0,3400000.0,25.0,ZJ-HZB,0.03137,0.0,1.0,503.927,False,COASTAL_RELEVANT,GSHHG_v2.3.7_L1_MEAN_SHORELINE,FIXED_CELL_GRID_OVER_PROVISIONAL_ENVELOPE_V0,83830844fed0155284b917d976307b94a5ed568241578af95c2a2e4d1631c96e,f2ca8f9779d78fdaa6534c93937f963d4315fbe6ac7971c86ab1cf8c78d982e3
ZJ_U51_5K_E071_N679,ZJ_U51_FIXED_V0,5000,EPSG:32651,71,679,355000.0,3395000.0,360000.0,3400000.0,25.0,ZJ-HZB,0.487723,0.0,1.0,5503.927,False,COASTAL_RELEVANT,GSHHG_v2.3.7_L1_MEAN_SHORELINE,FIXED_CELL_GRID_OVER_PROVISIONAL_ENVELOPE_V0,1c6fcf1b0208bf3620115ee97e48930090b941ac69c00ba531b5928ac6817038,758352b771ec903af56c1baf89055e240c2fd80c9032aae3d57dc974792fd03a
ZJ_U51_5K_E072_N679,ZJ_U51_FIXED_V0,5000,EPSG:32651,72,679,360000.0,3395000.0,365000.0,3400000.0,25.0,ZJ-HZB,0.960116,0.0,1.0,7085.642,False,COASTAL_RELEVANT,GSHHG_v2.3.7_L1_MEAN_SHORELINE,FIXED_CELL_GRID_OVER_PROVISIONAL_ENVELOPE_V0,2a770160ae504a84fd916dc560c0bfec2e4b053490f1064408204ac0498e62ca,b8e4301cb428ce5afb13dcfc77f05f9783552ffdfcfe4fd44bc7ff75e6722a9f
ZJ_U51_5K_E073_N679,ZJ_U51_FIXED_V0,5000,EPSG:32651,73,679,365000.0,3395000.0,370000.0,3400000.0,25.0,ZJ-HZB,1.0,0.0,1.0,6662.376,False,COASTAL_RELEVANT,GSHHG_v2.3.7_L1_MEAN_SHORELINE,FIXED_CELL_GRID_OVER_PROVISIONAL_ENVELOPE_V0,7c065672cdcce2e3a7b22e4f2315e77339bafadbcf5f059a80a43fd4b19596c0,0e02b157ac27f5657ed2b9ac915fda8302c744f427ad4e7ea37735cf48b6eee7
ZJ_U51_5K_E074_N679,ZJ_U51_FIXED_V0,5000,EPSG:32651,74,679,370000.0,3395000.0,375000.0,3400000.0,25.0,ZJ-HZB,1.0,0.0,1.0,6824.823,False,COASTAL_RELEVANT,GSHHG_v2.3.7_L1_MEAN_SHORELINE,FIXED_CELL_GRID_OVER_PROVISIONAL_ENVELOPE_V0,5d5fa00bf2f122656b9ccd29c179b9a073feebc3eaac38fe9ad6a99de1ee94ba,b0d60d4604dd2a4834e973496840ad6ea043c4640daf9ffa57ac535622ecefd9
ZJ_U51_5K_E075_N679,ZJ_U51_FIXED_V0,5000,EPSG:32651,75,679,375000.0,3395000.0,380000.0,3400000.0,25.0,ZJ-HZB,1.0,0.0,1.0,9109.861,False,COASTAL_RELEVANT,GSHHG_v2.3.7_L1_MEAN_SHORELINE,FIXED_CELL_GRID_OVER_PROVISIONAL_ENVELOPE_V0,049b323bf3866b348ef8d6e78f2dc074510fc32c57d6d873fbb912e9800245e0,f6da4e10ec189868a60d7551ff36c4a97518b9d6cc8e30ac6a3527229226d123
ZJ_U51_5K_E076_N679,ZJ_U51_FIXED_V0,5000,EPSG:32651,76,679,380000.0,3395000.0,385000.0,3400000.0,25.0,ZJ-HZB,1.0,0.0,1.0,10314.594,False,COASTAL_RELEVANT,GSHHG_v2.3.7_L1_MEAN_SHORELINE,FIXED_CELL_GRID_OVER_PROVISIONAL_ENVELOPE_V0,a8ff2a8b0ea13a03479509f47ef7aeb8b9ddf2796c50c298dcf5cd29c475df26,1e8417084930847ee01f16b7668c77318f0a2aee4998bdf17534b4df9a961dfe
ZJ_U51_5K_E077_N679,ZJ_U51_FIXED_V0,5000,EPSG:32651,77,679,385000.0,3395000.0,390000.0,3400000.0,25.0,ZJ-HZB,1.0,0.0,1.0,12113.189,False,COASTAL_RELEVANT,GSHHG_v2.3.7_L1_MEAN_SHORELINE,FIXED_CELL_GRID_OVER_PROVISIONAL_ENVELOPE_V0,9135dd0ea85127a82c9baea634d64a2f3f49fad6db7f6e4c2fa5739cf03be060,723b7c74404e82f92fc732a7c1247a80ea0016ebf39f69cff57e9fa6dfe54421
ZJ_U51_5K_E078_N679,ZJ_U51_FIXED_V0,5000,EPSG:32651,78,679,390000.0,3395000.0,395000.0,3400000.0,25.0,ZJ-HZB,0.3848,0.0,1.0,10433.161,False,NOT_RELEVANT_OPEN_WATER,GSHHG_v2.3.7_L1_MEAN_SHORELINE,FIXED_CELL_GRID_OVER_PROVISIONAL_ENVELOPE_V0,ae40e52e16e12d998a249fee861224d41df449630620ec01465115c87b176af1,b568732e2c9765eff5a68559a0bc6f80565c261566df3e277c83de61c4a937ef
ZJ_U51_5K_E072_N680,ZJ_U51_FIXED_V0,5000,EPSG:32651,72,680,360000.0,3400000.0,365000.0,3405000.0,25.0,ZJ-HZB,0.118099,0.0,1.0,6766.083,False,NOT_RELEVANT_OPEN_WATER,GSHHG_v2.3.7_L1_MEAN_SHORELINE,FIXED_CELL_GRID_OVER_PROVISIONAL_ENVELOPE_V0,008c53ed92ea64e6ca9aa38ec041a1bcf88a3ccd881e4c4f7b688307cf281df4,a741310e9f759ce66d30690a5633bb2a2ea945082395dc72e04a1d9a71b73dc1
ZJ_U51_5K_E073_N680,ZJ_U51_FIXED_V0,5000,EPSG:32651,73,680,365000.0,3400000.0,370000.0,3405000.0,25.0,ZJ-HZB,0.668706,0.0,1.0,7609.37,False,NOT_RELEVANT_OPEN_WATER,GSHHG_v2.3.7_L1_MEAN_SHORELINE,FIXED_CELL_GRID_OVER_PROVISIONAL_ENVELOPE_V0,ff8a7c87fa5622a1539527cef53c8b692511e161f9f7af7683775136dd78c0ba,88e590786bf0631849138540bc05ea0e2ed79e5d9a8f0f72eb3cde40b33d2610
ZJ_U51_5K_E074_N680,ZJ_U51_FIXED_V0,5000,EPSG:32651,74,680,370000.0,3400000.0,375000.0,3405000.0,25.0,ZJ-HZB,0.9989,0.0,1.0,8677.149,False,NOT_RELEVANT_OPEN_WATER,GSHHG_v2.3.7_L1_MEAN_SHORELINE,FIXED_CELL_GRID_OVER_PROVISIONAL_ENVELOPE_V0,e484de3abebcf2f52312e90d435920fccfd328b56672ab2438ab096da913e827,77a50e23b4e28269d6ee5a0d86714ca49fad9a09407c61929ee4bdeb216ef495
ZJ_U51_5K_E075_N680,ZJ_U51_FIXED_V0,5000,EPSG:32651,75,680,375000.0,3400000.0,380000.0,3405000.0,25.0,ZJ-HZB,1.0,0.0,1.0,9011.345,False,NOT_RELEVANT_OPEN_WATER,GSHHG_v2.3.7_L1_MEAN_SHORELINE,FIXED_CELL_GRID_OVER_PROVISIONAL_ENVELOPE_V0,5a8b654a8b3ca3481ba0e4cad1d12c9e0c92ab601394048f5ea7b132ffebcf15,f49c975ccd0348f881bbf45fda937f1e6010c38a9db9eb0926cf6ceddac7ac81
ZJ_U51_5K_E076_N680,ZJ_U51_FIXED_V0,5000,EPSG:32651,76,680,380000.0,3400000.0,385000.0,3405000.0,25.0,ZJ-HZB,1.0,0.0,1.0,9267.348,False,COASTAL_RELEVANT,GSHHG_v2.3.7_L1_MEAN_SHORELINE,FIXED_CELL_GRID_OVER_PROVISIONAL_ENVELOPE_V0,3133306335fc5422c6fa3186317364e70784392feda89badc3330d76d27650a0,017950e0d8c35aff15f6b3b8e0fff71022f37286cb93a5eb2fc28748dcd73736
ZJ_U51_5K_E077_N680,ZJ_U51_FIXED_V0,5000,EPSG:32651,77,680,385000.0,3400000.0,390000.0,3405000.0,25.0,ZJ-HZB,1.0,0.0,1.0,9533.803,False,COASTAL_RELEVANT,GSHHG_v2.3.7_L1_MEAN_SHORELINE,FIXED_CELL_GRID_OVER_PROVISIONAL_ENVELOPE_V0,dacb8a07dbdc32545c748e797aa4238ffa5dde35bf935474f177196113dda857,7e81db5735fc068d32a3e10a80c15a471f688127be3794269623999dc2884f82
ZJ_U51_5K_E078_N680,ZJ_U51_FIXED_V0,5000,EPSG:32651,78,680,390000.0,3400000.0,395000.0,3405000.0,25.0,ZJ-HZB,0.549845,0.0,1.0,10064.178,False,NOT_RELEVANT_OPEN_WATER,GSHHG_v2.3.7_L1_MEAN_SHORELINE,FIXED_CELL_GRID_OVER_PROVISIONAL_ENVELOPE_V0,e882c54ae7cd522a7019e34a8756580630e48e2a72593f899326c64939cc17f5,5697b8d65ab3a5742060334e4ac40b3779d5862c52b17634ce082c2d37eda121
ZJ_U51_5K_E074_N681,ZJ_U51_FIXED_V0,5000,EPSG:32651,74,681,370000.0,3405000.0,375000.0,3410000.0,25.0,ZJ-HZB,0.260298,0.0,1.0,3761.9,False,COASTAL_RELEVANT,GSHHG_v2.3.7_L1_MEAN_SHORELINE,FIXED_CELL_GRID_OVER_PROVISIONAL_ENVELOPE_V0,23246caced73067862944d305f8a5e2d4026930601a730454988637e9af5725b,812aac11df346bea877dc743b5db6872726b6389ad90c2465c4b65f142832455
ZJ_U51_5K_E075_N681,ZJ_U51_FIXED_V0,5000,EPSG:32651,75,681,375000.0,3405000.0,380000.0,3410000.0,25.0,ZJ-HZB,0.831902,0.0,1.0,4017.903,False,COASTAL_RELEVANT,GSHHG_v2.3.7_L1_MEAN_SHORELINE,FIXED_CELL_GRID_OVER_PROVISIONAL_ENVELOPE_V0,c644c345f7fd169d90b76e8bc9c4d0df8f2445f7724770f015ea9982d8eba63b,9a724b426c09b9429c004b10c15019200f49dcbd31abc47ebcdf7f9badd392bb
ZJ_U51_5K_E076_N681,ZJ_U51_FIXED_V0,5000,EPSG:32651,76,681,380000.0,3405000.0,385000.0,3410000.0,25.0,ZJ-HZB,1.0,0.0,1.0,4273.906,False,COASTAL_RELEVANT,GSHHG_v2.3.7_L1_MEAN_SHORELINE,FIXED_CELL_GRID_OVER_PROVISIONAL_ENVELOPE_V0,2a555ef17f0bbb0600255690d1b62023a3afa83b5f8973e7ddaff3cb566d0858,529cc938c8c2c8f5b39f8cff01cfd8667504f322d7a2941c425a6725456f5273
ZJ_U51_5K_E077_N681,ZJ_U51_FIXED_V0,5000,EPSG:32651,77,681,385000.0,3405000.0,390000.0,3410000.0,25.0,ZJ-HZB,1.0,0.0,1.0,4584.028,False,COASTAL_RELEVANT,GSHHG_v2.3.7_L1_MEAN_SHORELINE,FIXED_CELL_GRID_OVER_PROVISIONAL_ENVELOPE_V0,976395f5580e3110c5202bacd32cd20916af584b4c835416d88f952a917e2340,cf0a7a0dad8c82be03d37e22aad215b02b3aaea87232b983d2ba0c21de39827b
ZJ_U51_5K_E078_N681,ZJ_U51_FIXED_V0,5000,EPSG:32651,78,681,390000.0,3405000.0,395000.0,3410000.0,25.0,ZJ-HZB,0.71489,0.0,1.0,5064.178,False,COASTAL_RELEVANT,GSHHG_v2.3.7_L1_MEAN_SHORELINE,FIXED_CELL_GRID_OVER_PROVISIONAL_ENVELOPE_V0,3cc43ede4e9cbdbbc45816f9756ae119add0f0050c42bc04faebd879d8138e3e,695fdf7d112c86ac5ef9c237fbb0ded430229cada12c7ba66f9ea3553a55818f
ZJ_U51_5K_E075_N682,ZJ_U51_FIXED_V0,5000,EPSG:32651,75,682,375000.0,3410000.0,380000.0,3415000.0,25.0,ZJ-HZB,0.017787,0.16973,0.83027,0.0,True,COASTAL_RELEVANT,GSHHG_v2.3.7_L1_MEAN_SHORELINE,FIXED_CELL_GRID_OVER_PROVISIONAL_ENVELOPE_V0,128910fde3ba4fe54476cfcf86fb393412e06c81ef6992c7ebb86c9eedc7256f,8ce97393abc7ad2d44183ec205b6a6b6fc228a6dda8da73639bc8c9370004db2
ZJ_U51_5K_E076_N682,ZJ_U51_FIXED_V0,5000,EPSG:32651,76,682,380000.0,3410000.0,385000.0,3415000.0,25.0,ZJ-HZB,0.440181,0.110511,0.889489,0.0,True,COASTAL_RELEVANT,GSHHG_v2.3.7_L1_MEAN_SHORELINE,FIXED_CELL_GRID_OVER_PROVISIONAL_ENVELOPE_V0,447475edde2a5e3a3cf51b878535a762707f80fe4da102643e270939b1d19945,1b31c57575766852566e7cf39d0f89828283fb8db7605378a2f809aec01099ca
ZJ_U51_5K_E077_N682,ZJ_U51_FIXED_V0,5000,EPSG:32651,77,682,385000.0,3410000.0,390000.0,3415000.0,25.0,ZJ-HZB,0.940728,0.01137,0.98863,0.0,True,COASTAL_RELEVANT,GSHHG_v2.3.7_L1_MEAN_SHORELINE,FIXED_CELL_GRID_OVER_PROVISIONAL_ENVELOPE_V0,993ff496ba6cf06f7956d26c8c3e887417093e42a028982681cf79de0d3b7191,f56232e3590fc934f7c5d63d1f7efaeae9ee634a407b16357a03a5473f4d071e
ZJ_U51_5K_E078_N682,ZJ_U51_FIXED_V0,5000,EPSG:32651,78,682,390000.0,3410000.0,395000.0,3415000.0,25.0,ZJ-HZB,0.879935,0.0,1.0,64.178,False,COASTAL_RELEVANT,GSHHG_v2.3.7_L1_MEAN_SHORELINE,FIXED_CELL_GRID_OVER_PROVISIONAL_ENVELOPE_V0,d84e1a2064a600234e7890465074e02e591e2c9c7171d04918bbb0c880ea6ffb,f05e77d2dcab56f637eeb6fc08c38503e65530ac80f4ce3dec923274a0a68dc0
ZJ_U51_5K_E077_N683,ZJ_U51_FIXED_V0,5000,EPSG:32651,77,683,385000.0,3415000.0,390000.0,3420000.0,25.0,ZJ-HZB,0.089945,0.973834,0.026166,0.0,True,COASTAL_RELEVANT,GSHHG_v2.3.7_L1_MEAN_SHORELINE,FIXED_CELL_GRID_OVER_PROVISIONAL_ENVELOPE_V0,85f8c9bff622a3cee51338b4540767565ebdf764dded01259c0da1b462f9366d,4d05620045db40aec6eedebea10802e7ae799a28fa3e650463f18589ba6ec4e1
ZJ_U51_5K_E078_N683,ZJ_U51_FIXED_V0,5000,EPSG:32651,78,683,390000.0,3415000.0,395000.0,3420000.0,25.0,ZJ-HZB,0.616895,0.743061,0.256939,0.0,True,COASTAL_RELEVANT,GSHHG_v2.3.7_L1_MEAN_SHORELINE,FIXED_CELL_GRID_OVER_PROVISIONAL_ENVELOPE_V0,509890b01012af08cb47673a55b33fa2090998cad08da30abd5e5159f2893c38,90323d657dfab9aeb6cabfb893575828e2eedbe9df2fb1f0662e0eb35566cc05
ZJ_U51_5K_E079_N683,ZJ_U51_FIXED_V0,5000,EPSG:32651,79,683,395000.0,3415000.0,400000.0,3420000.0,25.0,ZJ-HZB,0.043399,0.006553,0.993447,0.0,True,COASTAL_RELEVANT,GSHHG_v2.3.7_L1_MEAN_SHORELINE,FIXED_CELL_GRID_OVER_PROVISIONAL_ENVELOPE_V0,5cac70bb551999b9629e6cd1abb6d8df1eda85ec9955b12963e9440115cab687,14f21d3a5b19ed192f6bb6bc5776b30b69abdb6952f4e0786f903e3712c33cf7
ZJ_U51_5K_E068_N640,ZJ_U51_FIXED_V0,5000,EPSG:32651,68,640,340000.0,3200000.0,345000.0,3205000.0,25.0,ZJ-SMB,0.073271,1.0,0.0,9984.332,False,COASTAL_RELEVANT,GSHHG_v2.3.7_L1_MEAN_SHORELINE,FIXED_CELL_GRID_OVER_PROVISIONAL_ENVELOPE_V0,f54de9cc1c55108d21d258296f71eccc530cbf902d6f69ba6a877c8e74560a07,f142e7f736c9140b7bcab55c7104760a4ec5db264fa4251e9ac53d72c0be8f96
ZJ_U51_5K_E069_N640,ZJ_U51_FIXED_V0,5000,EPSG:32651,69,640,345000.0,3200000.0,350000.0,3205000.0,25.0,ZJ-SMB,0.322116,1.0,0.0,4984.332,False,COASTAL_RELEVANT,GSHHG_v2.3.7_L1_MEAN_SHORELINE,FIXED_CELL_GRID_OVER_PROVISIONAL_ENVELOPE_V0,5de2ad2aee411aed6fb6bec24c6e7551957bcb5ab5e52c1983082ff76a18eecb,3bce42c56b7f833857d195c2bc892d6e1f3d7651fcb4f3bfc71ef649d633f4d4
ZJ_U51_5K_E070_N640,ZJ_U51_FIXED_V0,5000,EPSG:32651,70,640,350000.0,3200000.0,355000.0,3205000.0,25.0,ZJ-SMB,0.19296,0.999995,5e-06,0.0,True,COASTAL_RELEVANT,GSHHG_v2.3.7_L1_MEAN_SHORELINE,FIXED_CELL_GRID_OVER_PROVISIONAL_ENVELOPE_V0,4253fc260b5beb0dac697346f7c07b818c7a44e81441b71de190d172e14d13c9,89127d79795a142f32a3ebe3a3cc2eb5a9aa151afda6f2d6946568994908dc59
ZJ_U51_5K_E071_N640,ZJ_U51_FIXED_V0,5000,EPSG:32651,71,640,355000.0,3200000.0,360000.0,3205000.0,25.0,ZJ-SMB,0.063807,0.462232,0.537768,0.0,True,COASTAL_RELEVANT,GSHHG_v2.3.7_L1_MEAN_SHORELINE,FIXED_CELL_GRID_OVER_PROVISIONAL_ENVELOPE_V0,8fec333134218d727dd7c6bb33201975bf5896e11b12933967f03e13d070e386,5682a3ef88ce82aba2e2283479284e3b81ed192158d5ad0b1e375414b85fe949
ZJ_U51_5K_E068_N641,ZJ_U51_FIXED_V0,5000,EPSG:32651,68,641,340000.0,3205000.0,345000.0,3210000.0,25.0,ZJ-SMB,0.174232,1.0,0.0,10308.745,False,NOT_RELEVANT_INLAND,GSHHG_v2.3.7_L1_MEAN_SHORELINE,FIXED_CELL_GRID_OVER_PROVISIONAL_ENVELOPE_V0,3a826e70783df29bd60ebd6d681e45f5268f156aaadf9e95d13ba33f5b1cbe4f,ef3fa7a10f3ba1bb3dfa68e304146763546faf61d93d2014324383d05225b1dc
ZJ_U51_5K_E069_N641,ZJ_U51_FIXED_V0,5000,EPSG:32651,69,641,345000.0,3205000.0,350000.0,3210000.0,25.0,ZJ-SMB,1.0,1.0,0.0,5605.972,False,COASTAL_RELEVANT,GSHHG_v2.3.7_L1_MEAN_SHORELINE,FIXED_CELL_GRID_OVER_PROVISIONAL_ENVELOPE_V0,053a06338efed7fd6bd5885305ebbefc8166b7374527294d0392bbdd0322c8ba,45e0e416339bea42ddf06c34494ede490873a3eaf844669dd530cea21fb72a35
ZJ_U51_5K_E070_N641,ZJ_U51_FIXED_V0,5000,EPSG:32651,70,641,350000.0,3205000.0,355000.0,3210000.0,25.0,ZJ-SMB,1.0,1.0,0.0,1371.823,False,COASTAL_RELEVANT,GSHHG_v2.3.7_L1_MEAN_SHORELINE,FIXED_CELL_GRID_OVER_PROVISIONAL_ENVELOPE_V0,f2c7c5b5b59455aebf31121ae7d6152f10f1ad3395385305f8778f5ad33a37d8,0f0df4908d0815db95eb101c7f234d46fe7c1adb4ef1c0e6a2f1027e4f0424ac
ZJ_U51_5K_E071_N641,ZJ_U51_FIXED_V0,5000,EPSG:32651,71,641,355000.0,3205000.0,360000.0,3210000.0,25.0,ZJ-SMB,0.999998,0.986414,0.013586,0.0,True,COASTAL_RELEVANT,GSHHG_v2.3.7_L1_MEAN_SHORELINE,FIXED_CELL_GRID_OVER_PROVISIONAL_ENVELOPE_V0,6fb737711ae3efbc8126fe5a164d2d04ed6ecf40d7bd0485071eaeaef8353597,8b56357e6295e2c84a5b507aec99d876d0289d2030b98e119e4dc91b24810b74
ZJ_U51_5K_E072_N641,ZJ_U51_FIXED_V0,5000,EPSG:32651,72,641,360000.0,3205000.0,365000.0,3210000.0,25.0,ZJ-SMB,0.934648,1.0,0.0,1117.342,False,COASTAL_RELEVANT,GSHHG_v2.3.7_L1_MEAN_SHORELINE,FIXED_CELL_GRID_OVER_PROVISIONAL_ENVELOPE_V0,20dfab1495c0ccd24d6c5e52a3b4b4ae7ba13adaa577c6c84911cb9c5dd69161,9045a2a91997a2a5f4d7436421ac437d68d289a2465c05224bc905995bc2f976
ZJ_U51_5K_E073_N641,ZJ_U51_FIXED_V0,5000,EPSG:32651,73,641,365000.0,3205000.0,370000.0,3210000.0,25.0,ZJ-SMB,0.805492,0.999866,0.000134,0.0,True,COASTAL_RELEVANT,GSHHG_v2.3.7_L1_MEAN_SHORELINE,FIXED_CELL_GRID_OVER_PROVISIONAL_ENVELOPE_V0,910f11aac219b583ba5d5f6f43bdf17838fb1586bebfe15ab33692dba927ee25,05d852bcd635c97342c41cc12a568af7bb05c39ad85a11ba62c12bca3d62687c
ZJ_U51_5K_E074_N641,ZJ_U51_FIXED_V0,5000,EPSG:32651,74,641,370000.0,3205000.0,375000.0,3210000.0,25.0,ZJ-SMB,0.676336,0.174711,0.825289,0.0,True,COASTAL_RELEVANT,GSHHG_v2.3.7_L1_MEAN_SHORELINE,FIXED_CELL_GRID_OVER_PROVISIONAL_ENVELOPE_V0,72925a4b19324d50c04aad3be9c2829a5780a334e5080729388dcaab0a27aee0,481aeb7aa7ee0925ca88f670d8192794ebe204d870ceb986ff7de61c424ce725
ZJ_U51_5K_E075_N641,ZJ_U51_FIXED_V0,5000,EPSG:32651,75,641,375000.0,3205000.0,380000.0,3210000.0,25.0,ZJ-SMB,0.54718,0.022097,0.977903,0.0,True,COASTAL_RELEVANT,GSHHG_v2.3.7_L1_MEAN_SHORELINE,FIXED_CELL_GRID_OVER_PROVISIONAL_ENVELOPE_V0,3ced9b772ef458fdf898091cdf743f0e17113e2020f88c8828505d60ed60166e,11e1c5087f0c22120c883f77400b8b2f93722b9f533df17d28a4a0926fdb8057
ZJ_U51_5K_E076_N641,ZJ_U51_FIXED_V0,5000,EPSG:32651,76,641,380000.0,3205000.0,385000.0,3210000.0,25.0,ZJ-SMB,0.418024,0.007696,0.992304,0.0,True,COASTAL_RELEVANT,GSHHG_v2.3.7_L1_MEAN_SHORELINE,FIXED_CELL_GRID_OVER_PROVISIONAL_ENVELOPE_V0,7bafe39759d6bbce785c2de353c537dd24a258a9e1cda6de693c647bb2be1106,3ccc6dce5de22345177d6611093ba2558ca88df5bbf4bd25d86a76a1bd1599fe
ZJ_U51_5K_E077_N641,ZJ_U51_FIXED_V0,5000,EPSG:32651,77,641,385000.0,3205000.0,390000.0,3210000.0,25.0,ZJ-SMB,0.288868,0.0,1.0,1555.839,False,COASTAL_RELEVANT,GSHHG_v2.3.7_L1_MEAN_SHORELINE,FIXED_CELL_GRID_OVER_PROVISIONAL_ENVELOPE_V0,0f7abca9bec34d04d9b58e4dd88eed98a2ea262ba39f6bc1b903975527e366dd,d353f859651c625e838293a7bd32d1bf6b872bc917e1cac1238b136b8b4100ca
ZJ_U51_5K_E078_N641,ZJ_U51_FIXED_V0,5000,EPSG:32651,78,641,390000.0,3205000.0,395000.0,3210000.0,25.0,ZJ-SMB,0.112493,0.001045,0.998955,0.0,True,COASTAL_RELEVANT,GSHHG_v2.3.7_L1_MEAN_SHORELINE,FIXED_CELL_GRID_OVER_PROVISIONAL_ENVELOPE_V0,fa779a949c4dea12350c97501289300ca8ed84ea8c8fbc8a0ddb12b20465a00c,a0449808e58e7abe8ffdf96f95170c0a235b1e4e72fe49c9d6d00a1c7c126851
ZJ_U51_5K_E068_N642,ZJ_U51_FIXED_V0,5000,EPSG:32651,68,642,340000.0,3210000.0,345000.0,3215000.0,25.0,ZJ-SMB,0.160615,1.0,0.0,7293.127,False,NOT_RELEVANT_INLAND,GSHHG_v2.3.7_L1_MEAN_SHORELINE,FIXED_CELL_GRID_OVER_PROVISIONAL_ENVELOPE_V0,d749f0f1b26bb31f8e41c5602a33f5962d83dae6ece986dd8186d6edea17ece5,86141cba5c6247a17814a7c11c9a195a309c8316ea5dc0db3cb7c7ff2ba64063
ZJ_U51_5K_E069_N642,ZJ_U51_FIXED_V0,5000,EPSG:32651,69,642,345000.0,3210000.0,350000.0,3215000.0,25.0,ZJ-SMB,1.0,1.0,0.0,5006.491,False,COASTAL_RELEVANT,GSHHG_v2.3.7_L1_MEAN_SHORELINE,FIXED_CELL_GRID_OVER_PROVISIONAL_ENVELOPE_V0,8879c523dda31c1716a951dae29e2366e5ea63e6dde2d1224abd9945b84d587c,b3b5b83b3fce7f2f77c052d702e8eb49e8cfd14da4b0816b235c28b8fd1f6af2
ZJ_U51_5K_E070_N642,ZJ_U51_FIXED_V0,5000,EPSG:32651,70,642,350000.0,3210000.0,355000.0,3215000.0,25.0,ZJ-SMB,1.0,1.0,0.0,1564.344,False,COASTAL_RELEVANT,GSHHG_v2.3.7_L1_MEAN_SHORELINE,FIXED_CELL_GRID_OVER_PROVISIONAL_ENVELOPE_V0,19dc39ac83642fdec7b1fad941276468c9f51bd06a1787c8ac66b6f1b20b07bc,c85029795025a23a53708cc0ec8a6ea98a9828fa9f08dfcafe591303a852598e
ZJ_U51_5K_E071_N642,ZJ_U51_FIXED_V0,5000,EPSG:32651,71,642,355000.0,3210000.0,360000.0,3215000.0,25.0,ZJ-SMB,1.0,0.777832,0.222168,0.0,True,COASTAL_RELEVANT,GSHHG_v2.3.7_L1_MEAN_SHORELINE,FIXED_CELL_GRID_OVER_PROVISIONAL_ENVELOPE_V0,a263d8df643b6703c9caea326111f90ba3401f9eca84fca85bf50f97e53d59db,6e262a787ea4f0e9b91b258c82750f847060f505aed276ba62766141f72b6f5c
ZJ_U51_5K_E072_N642,ZJ_U51_FIXED_V0,5000,EPSG:32651,72,642,360000.0,3210000.0,365000.0,3215000.0,25.0,ZJ-SMB,1.0,0.885957,0.114043,0.0,True,COASTAL_RELEVANT,GSHHG_v2.3.7_L1_MEAN_SHORELINE,FIXED_CELL_GRID_OVER_PROVISIONAL_ENVELOPE_V0,8dd1ca7771697bdb29ca911b4edbf9c14c2f90288974237d7325075f1f5552f2,82ff9bc4101c4aba7eff48590743101c983fad078536da432051e62dcc44e752
ZJ_U51_5K_E073_N642,ZJ_U51_FIXED_V0,5000,EPSG:32651,73,642,365000.0,3210000.0,370000.0,3215000.0,25.0,ZJ-SMB,1.0,0.846437,0.153563,0.0,True,COASTAL_RELEVANT,GSHHG_v2.3.7_L1_MEAN_SHORELINE,FIXED_CELL_GRID_OVER_PROVISIONAL_ENVELOPE_V0,f0aaa01d14f2ca3068b63c0936d8a2aa24b439a1a5a41c846b1ba67974b6fa98,3f73fa54da4e6c5553e5181370c908d246fbbdebd529170bda6a489fef82494b
ZJ_U51_5K_E074_N642,ZJ_U51_FIXED_V0,5000,EPSG:32651,74,642,370000.0,3210000.0,375000.0,3215000.0,25.0,ZJ-SMB,1.0,0.214306,0.785694,0.0,True,COASTAL_RELEVANT,GSHHG_v2.3.7_L1_MEAN_SHORELINE,FIXED_CELL_GRID_OVER_PROVISIONAL_ENVELOPE_V0,e2221bcb3b2849acc6e9671bfce22e47013e2226345ab8e3bdb5f4d57110ff42,01d20baf92fe4b14326e965178fa8f2a84a2a7b4e87229ce0362c2f575405173
ZJ_U51_5K_E075_N642,ZJ_U51_FIXED_V0,5000,EPSG:32651,75,642,375000.0,3210000.0,380000.0,3215000.0,25.0,ZJ-SMB,1.0,0.000929,0.999071,0.0,True,COASTAL_RELEVANT,GSHHG_v2.3.7_L1_MEAN_SHORELINE,FIXED_CELL_GRID_OVER_PROVISIONAL_ENVELOPE_V0,d7c5dfac76940c8dd7645e8167eb483a701be2fe597244cae75bef2da2f017db,c5beab85b1d5f13a4132eaa1834ff2083001e08ba6ec2cb263dd0b80f1db6c1a
ZJ_U51_5K_E076_N642,ZJ_U51_FIXED_V0,5000,EPSG:32651,76,642,380000.0,3210000.0,385000.0,3215000.0,25.0,ZJ-SMB,1.0,0.006073,0.993927,0.0,True,COASTAL_RELEVANT,GSHHG_v2.3.7_L1_MEAN_SHORELINE,FIXED_CELL_GRID_OVER_PROVISIONAL_ENVELOPE_V0,bbfc9fe7004a231eef02d80f4bc31a6cd4f4b5daec182e8587b246b73dd6551d,82293ffba0e53bdef19438bf88bdba7054240550d51c135968ac5b6a4f8df042
ZJ_U51_5K_E077_N642,ZJ_U51_FIXED_V0,5000,EPSG:32651,77,642,385000.0,3210000.0,390000.0,3215000.0,25.0,ZJ-SMB,1.0,0.005984,0.994016,0.0,True,COASTAL_RELEVANT,GSHHG_v2.3.7_L1_MEAN_SHORELINE,FIXED_CELL_GRID_OVER_PROVISIONAL_ENVELOPE_V0,79ed542337cfa745738741b0f6767750862face9f5f8476261f4fc6943f5a3d3,37a6b516f47327090015279b7657a01acaf3f0cea20edd34dfd47f67cdb41fb8
ZJ_U51_5K_E078_N642,ZJ_U51_FIXED_V0,5000,EPSG:32651,78,642,390000.0,3210000.0,395000.0,3215000.0,25.0,ZJ-SMB,0.946006,0.0,1.0,374.22,False,COASTAL_RELEVANT,GSHHG_v2.3.7_L1_MEAN_SHORELINE,FIXED_CELL_GRID_OVER_PROVISIONAL_ENVELOPE_V0,acdfbc6684283942e6128ee89fd773951509ff21fafadaf92b38d39a575c1fa9,4a2779f2fa53cd506d4be8c0af67f1ab1177c28ec73c59569f6a3e5cb849e8ce
ZJ_U51_5K_E079_N642,ZJ_U51_FIXED_V0,5000,EPSG:32651,79,642,395000.0,3210000.0,400000.0,3215000.0,25.0,ZJ-SMB,0.208996,0.079678,0.920322,0.0,True,COASTAL_RELEVANT,GSHHG_v2.3.7_L1_MEAN_SHORELINE,FIXED_CELL_GRID_OVER_PROVISIONAL_ENVELOPE_V0,049cd3f3dc994d1c2b5c7226c16cedb2f4b5045182ec8a4ce7ce6194cf2a101f,9d2feda0a7c1aaa589cdc1409296ab193d71e42cd39c7a22125d24e767cf271e
ZJ_U51_5K_E068_N643,ZJ_U51_FIXED_V0,5000,EPSG:32651,68,643,340000.0,3215000.0,345000.0,3220000.0,25.0,ZJ-SMB,0.146999,1.0,0.0,3429.702,False,COASTAL_RELEVANT,GSHHG_v2.3.7_L1_MEAN_SHORELINE,FIXED_CELL_GRID_OVER_PROVISIONAL_ENVELOPE_V0,2058705978ae075d15139b1ca5d9fae10bf3f715ab7ab5cb1c44b9093e3c74fb,0e09cb3020cc58ccac2798fd3d03091e8cf189391812e0e9fdf061542142b375
ZJ_U51_5K_E069_N643,ZJ_U51_FIXED_V0,5000,EPSG:32651,69,643,345000.0,3215000.0,350000.0,3220000.0,25.0,ZJ-SMB,1.0,1.0,0.0,377.871,False,COASTAL_RELEVANT,GSHHG_v2.3.7_L1_MEAN_SHORELINE,FIXED_CELL_GRID_OVER_PROVISIONAL_ENVELOPE_V0,162008be140b891aeff79cb8083316348834a627464485f72f07de2dbf5d9765,b7c456a14f878e66509a711e76f8f60c8a1f3c5fb9e2d163f9f17a6c80483b81
ZJ_U51_5K_E070_N643,ZJ_U51_FIXED_V0,5000,EPSG:32651,70,643,350000.0,3215000.0,355000.0,3220000.0,25.0,ZJ-SMB,1.0,0.999999,1e-06,0.0,True,COASTAL_RELEVANT,GSHHG_v2.3.7_L1_MEAN_SHORELINE,FIXED_CELL_GRID_OVER_PROVISIONAL_ENVELOPE_V0,06e09e64dcf1fefda9a4c19d509c5bfaa630ee884049f4527e65d169519ab6cd,5281358981455d22af28405ab7f9abce5349f0f38c2422dc5c881e1583086901
ZJ_U51_5K_E071_N643,ZJ_U51_FIXED_V0,5000,EPSG:32651,71,643,355000.0,3215000.0,360000.0,3220000.0,25.0,ZJ-SMB,1.0,0.976724,0.023276,0.0,True,COASTAL_RELEVANT,GSHHG_v2.3.7_L1_MEAN_SHORELINE,FIXED_CELL_GRID_OVER_PROVISIONAL_ENVELOPE_V0,2b7a9405420053a207117a94e930ff97b77d4f3869107f00020cd2eb4d591597,acaaa0204c3a3383e4edac7d34d50f3ea1aed2ab22a31629cf4aa183946be3f2
ZJ_U51_5K_E072_N643,ZJ_U51_FIXED_V0,5000,EPSG:32651,72,643,360000.0,3215000.0,365000.0,3220000.0,25.0,ZJ-SMB,1.0,0.997891,0.002109,0.0,True,COASTAL_RELEVANT,GSHHG_v2.3.7_L1_MEAN_SHORELINE,FIXED_CELL_GRID_OVER_PROVISIONAL_ENVELOPE_V0,01baeca9761443c459cf7d4b8c799c96926d71d373a9695e78538b508e27ae27,c8c13cba667197326debfa072bf52002f6ab6ebf58aea476436afd901ce77bf1
ZJ_U51_5K_E073_N643,ZJ_U51_FIXED_V0,5000,EPSG:32651,73,643,365000.0,3215000.0,370000.0,3220000.0,25.0,ZJ-SMB,1.0,0.381767,0.618233,0.0,True,COASTAL_RELEVANT,GSHHG_v2.3.7_L1_MEAN_SHORELINE,FIXED_CELL_GRID_OVER_PROVISIONAL_ENVELOPE_V0,d478f0e4efa9e9513af3c5f1e4145ca902344fbfa65444ddea4ee41b3944753b,9c721a07e794f755a8c88ef1c24e704109ccc975d774eaeceb5da7c6f418352a
ZJ_U51_5K_E074_N643,ZJ_U51_FIXED_V0,5000,EPSG:32651,74,643,370000.0,3215000.0,375000.0,3220000.0,25.0,ZJ-SMB,1.0,0.107905,0.892095,0.0,True,COASTAL_RELEVANT,GSHHG_v2.3.7_L1_MEAN_SHORELINE,FIXED_CELL_GRID_OVER_PROVISIONAL_ENVELOPE_V0,a350a1af1b058e37124ed036e41fa023b3b73b4c0d4f39e6dc983ea78c29e47a,dd1c5391ce0de108e3821b821ccd5b44a32a86e3ad9c661c93ed5af922cc6550
ZJ_U51_5K_E075_N643,ZJ_U51_FIXED_V0,5000,EPSG:32651,75,643,375000.0,3215000.0,380000.0,3220000.0,25.0,ZJ-SMB,1.0,0.016404,0.983596,0.0,True,COASTAL_RELEVANT,GSHHG_v2.3.7_L1_MEAN_SHORELINE,FIXED_CELL_GRID_OVER_PROVISIONAL_ENVELOPE_V0,1e6c95f699a025873e2fd1202edc5d368fa19387218d1a2f04f7d90f020618f1,1188b35dc5b217ce85470c8f66cab0b4ef261ddba7d86fd16a41cf3582c22e2e
ZJ_U51_5K_E076_N643,ZJ_U51_FIXED_V0,5000,EPSG:32651,76,643,380000.0,3215000.0,385000.0,3220000.0,25.0,ZJ-SMB,1.0,0.323253,0.676747,0.0,True,COASTAL_RELEVANT,GSHHG_v2.3.7_L1_MEAN_SHORELINE,FIXED_CELL_GRID_OVER_PROVISIONAL_ENVELOPE_V0,8df7d10485b4e01756c946ba543e39251935b4800c055f2997ae15323b191094,ab595d3e72a4d5bb91621d5fc9717f0284c8e9dc471abdace47b2bbbfb1e4a99
ZJ_U51_5K_E077_N643,ZJ_U51_FIXED_V0,5000,EPSG:32651,77,643,385000.0,3215000.0,390000.0,3220000.0,25.0,ZJ-SMB,1.0,0.329633,0.670367,0.0,True,COASTAL_RELEVANT,GSHHG_v2.3.7_L1_MEAN_SHORELINE,FIXED_CELL_GRID_OVER_PROVISIONAL_ENVELOPE_V0,3a1570e3a65c83649f94fcd97d5a0fe8cea308f4030b84e2596931fbdb9f4c47,ba2b0a2f7f8859bd20abd5ce044f018efa9e091aea031488bb772a00b26d92a5
ZJ_U51_5K_E078_N643,ZJ_U51_FIXED_V0,5000,EPSG:32651,78,643,390000.0,3215000.0,395000.0,3220000.0,25.0,ZJ-SMB,1.0,0.120581,0.879419,0.0,True,COASTAL_RELEVANT,GSHHG_v2.3.7_L1_MEAN_SHORELINE,FIXED_CELL_GRID_OVER_PROVISIONAL_ENVELOPE_V0,e510449a934d115c38f30e65a3b051b44f5f4982a42b5ee26fa68198e63646d7,7062a3a93482a30e014ef0afd06f582c8b8eabc28e96659792a8f9495de369e0
ZJ_U51_5K_E079_N643,ZJ_U51_FIXED_V0,5000,EPSG:32651,79,643,395000.0,3215000.0,400000.0,3220000.0,25.0,ZJ-SMB,0.714359,0.751523,0.248477,0.0,True,COASTAL_RELEVANT,GSHHG_v2.3.7_L1_MEAN_SHORELINE,FIXED_CELL_GRID_OVER_PROVISIONAL_ENVELOPE_V0,09da6180d606105dd459f5e2a220e673ccf4786e7aa3d817d690a03b863b5d2c,06bcf44bbe6cd923d20022a36740ae8caf08dbd1e5216cd2112b90160e0ca15d
ZJ_U51_5K_E068_N644,ZJ_U51_FIXED_V0,5000,EPSG:32651,68,644,340000.0,3220000.0,345000.0,3225000.0,25.0,ZJ-SMB,0.133382,1.0,0.0,1671.237,False,COASTAL_RELEVANT,GSHHG_v2.3.7_L1_MEAN_SHORELINE,FIXED_CELL_GRID_OVER_PROVISIONAL_ENVELOPE_V0,5947afdcc1ad097faff6c360f9fffe58cfc4bf2ca2102effa84e8275a62d4ef6,c1eac2ed4d4692de3a689f0b91d6583dbfb63e1ea31be1338dc5e68860a5da48
ZJ_U51_5K_E069_N644,ZJ_U51_FIXED_V0,5000,EPSG:32651,69,644,345000.0,3220000.0,350000.0,3225000.0,25.0,ZJ-SMB,1.0,0.927145,0.072855,0.0,True,COASTAL_RELEVANT,GSHHG_v2.3.7_L1_MEAN_SHORELINE,FIXED_CELL_GRID_OVER_PROVISIONAL_ENVELOPE_V0,065d5594f5ee0995767a77450e3cc2d663aeaad8f7865f6aff60ecb0e4070ce0,1c9ef47075d435a0c5429f96cfb80d6d52b62b7c8b0f61ff0f89df8221aa966e
ZJ_U51_5K_E070_N644,ZJ_U51_FIXED_V0,5000,EPSG:32651,70,644,350000.0,3220000.0,355000.0,3225000.0,25.0,ZJ-SMB,1.0,0.176322,0.823678,0.0,True,COASTAL_RELEVANT,GSHHG_v2.3.7_L1_MEAN_SHORELINE,FIXED_CELL_GRID_OVER_PROVISIONAL_ENVELOPE_V0,697706d7b3ce1b4ce087ef26ba92252db24bb95d510effe088c9525f8f6e29b9,0f4afefbb77e2391005f22d07c4d6c827fe5e25c98e9fe305c8a450af310083e
ZJ_U51_5K_E071_N644,ZJ_U51_FIXED_V0,5000,EPSG:32651,71,644,355000.0,3220000.0,360000.0,3225000.0,25.0,ZJ-SMB,1.0,0.375694,0.624306,0.0,True,COASTAL_RELEVANT,GSHHG_v2.3.7_L1_MEAN_SHORELINE,FIXED_CELL_GRID_OVER_PROVISIONAL_ENVELOPE_V0,1bc50f73d87d3f1566979859d9c1b5c4c46cb1971782e2c4a7be4eb9c362ad4b,98352dd0c814016db76425396ad1156970afab3a2a6bcb58567ee7e12facf5ff
ZJ_U51_5K_E072_N644,ZJ_U51_FIXED_V0,5000,EPSG:32651,72,644,360000.0,3220000.0,365000.0,3225000.0,25.0,ZJ-SMB,1.0,0.354089,0.645911,0.0,True,COASTAL_RELEVANT,GSHHG_v2.3.7_L1_MEAN_SHORELINE,FIXED_CELL_GRID_OVER_PROVISIONAL_ENVELOPE_V0,a915547c226f5eb4b70d970eb59b024f284b38a9453832444ff071ad546b2659,441540d43e796bdbf290a277d8aec6d656f771b94a8eb7fc1843f9bc197f6b26
ZJ_U51_5K_E073_N644,ZJ_U51_FIXED_V0,5000,EPSG:32651,73,644,365000.0,3220000.0,370000.0,3225000.0,25.0,ZJ-SMB,1.0,0.084807,0.915193,0.0,True,COASTAL_RELEVANT,GSHHG_v2.3.7_L1_MEAN_SHORELINE,FIXED_CELL_GRID_OVER_PROVISIONAL_ENVELOPE_V0,268a383ba3ffe1969928789a0eb773e264be5f0d0d15e9528b51e4a1c6bba752,8e5f162858b472c4d1e79ca01f85d3006f52db003624befc819924b1bf50ac33
ZJ_U51_5K_E074_N644,ZJ_U51_FIXED_V0,5000,EPSG:32651,74,644,370000.0,3220000.0,375000.0,3225000.0,25.0,ZJ-SMB,1.0,0.064963,0.935037,0.0,True,COASTAL_RELEVANT,GSHHG_v2.3.7_L1_MEAN_SHORELINE,FIXED_CELL_GRID_OVER_PROVISIONAL_ENVELOPE_V0,d3a73f8177f64bfdfc47a908212f93c532cd3a1bc09631fcb249263220e6fad7,314dcb703bf68365fe2740807a4f6866ed88ed6009566cafee457a80f18dad71
ZJ_U51_5K_E075_N644,ZJ_U51_FIXED_V0,5000,EPSG:32651,75,644,375000.0,3220000.0,380000.0,3225000.0,25.0,ZJ-SMB,1.0,0.0,1.0,147.483,False,COASTAL_RELEVANT,GSHHG_v2.3.7_L1_MEAN_SHORELINE,FIXED_CELL_GRID_OVER_PROVISIONAL_ENVELOPE_V0,1dc4709381677358d755fd41b9a84374d3e9ea019cce4364619eb96c81887a31,5171f2a0f07403b0dc76fd5a359afbd890e835002da250a235ae3f7d3c85efe9
ZJ_U51_5K_E076_N644,ZJ_U51_FIXED_V0,5000,EPSG:32651,76,644,380000.0,3220000.0,385000.0,3225000.0,25.0,ZJ-SMB,1.0,0.422444,0.577556,0.0,True,COASTAL_RELEVANT,GSHHG_v2.3.7_L1_MEAN_SHORELINE,FIXED_CELL_GRID_OVER_PROVISIONAL_ENVELOPE_V0,9f9e1b7cba9ca01f93870c81e88461c78852e468be8e1cc01295c6f9b939fa2f,b29fa7e908fe262bf931f30069cd07cb5d64760357eac0baab04ec695c480d7c
ZJ_U51_5K_E077_N644,ZJ_U51_FIXED_V0,5000,EPSG:32651,77,644,385000.0,3220000.0,390000.0,3225000.0,25.0,ZJ-SMB,1.0,0.823457,0.176543,0.0,True,COASTAL_RELEVANT,GSHHG_v2.3.7_L1_MEAN_SHORELINE,FIXED_CELL_GRID_OVER_PROVISIONAL_ENVELOPE_V0,eb901f668718836ca4b72fbe785c699fc80b535467ec065a1dcad7938c015d25,61469bc2de107cb04791d78475e81aadf45c852171cce17097d5783ecd7902b4
ZJ_U51_5K_E078_N644,ZJ_U51_FIXED_V0,5000,EPSG:32651,78,644,390000.0,3220000.0,395000.0,3225000.0,25.0,ZJ-SMB,1.0,0.755478,0.244522,0.0,True,COASTAL_RELEVANT,GSHHG_v2.3.7_L1_MEAN_SHORELINE,FIXED_CELL_GRID_OVER_PROVISIONAL_ENVELOPE_V0,bc3c542e059893fc66d69b3f133d7d4a657bd2deab07b91e3cdaeb4ca8823648,ab38bacbfea851677ca5c3b467d842a98161c9dd986149c3882228ab2d385d11
ZJ_U51_5K_E079_N644,ZJ_U51_FIXED_V0,5000,EPSG:32651,79,644,395000.0,3220000.0,400000.0,3225000.0,25.0,ZJ-SMB,0.870062,0.999785,0.000215,0.0,True,COASTAL_RELEVANT,GSHHG_v2.3.7_L1_MEAN_SHORELINE,FIXED_CELL_GRID_OVER_PROVISIONAL_ENVELOPE_V0,aeec773b6f8c0f8940229375a40bf8f340c6e3e0bd5342c6dad9d9ea3010f3bc,57bb30403340aab6e4d5934b04e685477c6d301e25a3d7ad817c91e27144986c
ZJ_U51_5K_E068_N645,ZJ_U51_FIXED_V0,5000,EPSG:32651,68,645,340000.0,3225000.0,345000.0,3230000.0,25.0,ZJ-SMB,0.119766,1.0,0.0,1218.775,False,COASTAL_RELEVANT,GSHHG_v2.3.7_L1_MEAN_SHORELINE,FIXED_CELL_GRID_OVER_PROVISIONAL_ENVELOPE_V0,e9c1fbe1f29e45addf1912126a37d9dcb666d0c9a2fee0046ee0a824a0b296d4,ef65826720f14cc3c8910dc58495ff6917d7db56a362958e2b01c83b067fc2e8
ZJ_U51_5K_E069_N645,ZJ_U51_FIXED_V0,5000,EPSG:32651,69,645,345000.0,3225000.0,350000.0,3230000.0,25.0,ZJ-SMB,1.0,0.767295,0.232705,0.0,True,COASTAL_RELEVANT,GSHHG_v2.3.7_L1_MEAN_SHORELINE,FIXED_CELL_GRID_OVER_PROVISIONAL_ENVELOPE_V0,514460eb3d6a55e704607e161c99ee71acc5621259a5122509720a960b3a4c07,54fd6cc0c97ca5129cf809910bc61748ffaadca444a6aff1523a95a0229743fd
ZJ_U51_5K_E070_N645,ZJ_U51_FIXED_V0,5000,EPSG:32651,70,645,350000.0,3225000.0,355000.0,3230000.0,25.0,ZJ-SMB,1.0,0.530949,0.469051,0.0,True,COASTAL_RELEVANT,GSHHG_v2.3.7_L1_MEAN_SHORELINE,FIXED_CELL_GRID_OVER_PROVISIONAL_ENVELOPE_V0,dcc26a5028f99f9b168355e7071bb1cf9c782c02aa1397bc4f099cc82d51260c,5d7544ed2c9f69737d8035c06eb5d2721489dbec9f099c88e68d6098a180510c
ZJ_U51_5K_E071_N645,ZJ_U51_FIXED_V0,5000,EPSG:32651,71,645,355000.0,3225000.0,360000.0,3230000.0,25.0,ZJ-SMB,1.0,0.1231,0.8769,0.0,True,COASTAL_RELEVANT,GSHHG_v2.3.7_L1_MEAN_SHORELINE,FIXED_CELL_GRID_OVER_PROVISIONAL_ENVELOPE_V0,0bae46a8b530ee2e6d3ff428c578948ad76a1cdf28ea9ddd86c583e0dabdb8cf,62310777f15309aa321476a8a47165868ce38a211aac9c11767867f726fb72ad
ZJ_U51_5K_E072_N645,ZJ_U51_FIXED_V0,5000,EPSG:32651,72,645,360000.0,3225000.0,365000.0,3230000.0,25.0,ZJ-SMB,1.0,0.139928,0.860072,0.0,True,COASTAL_RELEVANT,GSHHG_v2.3.7_L1_MEAN_SHORELINE,FIXED_CELL_GRID_OVER_PROVISIONAL_ENVELOPE_V0,27fc12384a9b38d4fdb615b8136cda0fc5e36be35a293c2236b6d219c527e458,edbf4a3a9c413af4c0808eadd32881328dbd9b944760b5ed66fea32da27f9131
ZJ_U51_5K_E073_N645,ZJ_U51_FIXED_V0,5000,EPSG:32651,73,645,365000.0,3225000.0,370000.0,3230000.0,25.0,ZJ-SMB,1.0,0.082992,0.917008,0.0,True,COASTAL_RELEVANT,GSHHG_v2.3.7_L1_MEAN_SHORELINE,FIXED_CELL_GRID_OVER_PROVISIONAL_ENVELOPE_V0,6bd48da4c4f74592596df76f03b702b1c3fb069094995ba032c36a9b5434b1f0,f9a7964b81ca7ee06c6ea9a0c7b20814b0be5d6e875edafcb234bfbdd299151b
ZJ_U51_5K_E074_N645,ZJ_U51_FIXED_V0,5000,EPSG:32651,74,645,370000.0,3225000.0,375000.0,3230000.0,25.0,ZJ-SMB,1.0,0.393258,0.606742,0.0,True,COASTAL_RELEVANT,GSHHG_v2.3.7_L1_MEAN_SHORELINE,FIXED_CELL_GRID_OVER_PROVISIONAL_ENVELOPE_V0,ffcc35be172105d50bb161f4609947a9c9ff45b9e61901c2c9659dea40a35f65,7dd64dddfbee0a600b2603cb4bcc06d57e9df40c2e1c23dcaedc9adad6272965
ZJ_U51_5K_E075_N645,ZJ_U51_FIXED_V0,5000,EPSG:32651,75,645,375000.0,3225000.0,380000.0,3230000.0,25.0,ZJ-SMB,1.0,0.046395,0.953605,0.0,True,COASTAL_RELEVANT,GSHHG_v2.3.7_L1_MEAN_SHORELINE,FIXED_CELL_GRID_OVER_PROVISIONAL_ENVELOPE_V0,5bad3e6ce013dfe6b3984f8344e2b1ce831c281c1bd551eda3fbe560322eb6e0,8f134bc864d022df93ef482555945526311f97c302954f1f1c8e0d1a64fc822d
ZJ_U51_5K_E076_N645,ZJ_U51_FIXED_V0,5000,EPSG:32651,76,645,380000.0,3225000.0,385000.0,3230000.0,25.0,ZJ-SMB,1.0,0.443864,0.556136,0.0,True,COASTAL_RELEVANT,GSHHG_v2.3.7_L1_MEAN_SHORELINE,FIXED_CELL_GRID_OVER_PROVISIONAL_ENVELOPE_V0,3d12f4a888e5b9579998617e699f8a1d03278f72481259d27bbb8001984d7506,e3daa3a45867ab1821120c60a024b54118a14f8030853be8cca43002190f4be4
ZJ_U51_5K_E077_N645,ZJ_U51_FIXED_V0,5000,EPSG:32651,77,645,385000.0,3225000.0,390000.0,3230000.0,25.0,ZJ-SMB,1.0,0.657921,0.342079,0.0,True,COASTAL_RELEVANT,GSHHG_v2.3.7_L1_MEAN_SHORELINE,FIXED_CELL_GRID_OVER_PROVISIONAL_ENVELOPE_V0,7c9a70cac721e539fa1401afd04a3ed7808cb2dbe3e6731a7d1a678b80a9d050,86c4b7e661a9a80d076cd3c1ae7d78850870e57ecd2e16bc603c32f34b873261
ZJ_U51_5K_E078_N645,ZJ_U51_FIXED_V0,5000,EPSG:32651,78,645,390000.0,3225000.0,395000.0,3230000.0,25.0,ZJ-SMB,0.968513,0.526359,0.473641,0.0,True,COASTAL_RELEVANT,GSHHG_v2.3.7_L1_MEAN_SHORELINE,FIXED_CELL_GRID_OVER_PROVISIONAL_ENVELOPE_V0,d8058dae957b8c2b115bce31cf7381bdcceb3dbfa7b7e69e5ee8769281a50312,073a633b636e6679c3d5c8bf30f866876f3fd7b1a250dfed8b2718577027f80a
ZJ_U51_5K_E079_N645,ZJ_U51_FIXED_V0,5000,EPSG:32651,79,645,395000.0,3225000.0,400000.0,3230000.0,25.0,ZJ-SMB,0.568104,0.775739,0.224261,0.0,True,COASTAL_RELEVANT,GSHHG_v2.3.7_L1_MEAN_SHORELINE,FIXED_CELL_GRID_OVER_PROVISIONAL_ENVELOPE_V0,ac45637ed914d3dbeba742f8076a9f72415358bed9e78dd78ccde663f7f227f9,f12b6d5b1b117d467754eb0ee2ed65ad4c79b8f9a1d3a5fe5dc8357525dfe39c
ZJ_U51_5K_E068_N646,ZJ_U51_FIXED_V0,5000,EPSG:32651,68,646,340000.0,3230000.0,345000.0,3235000.0,25.0,ZJ-SMB,0.106149,1.0,0.0,2538.241,False,COASTAL_RELEVANT,GSHHG_v2.3.7_L1_MEAN_SHORELINE,FIXED_CELL_GRID_OVER_PROVISIONAL_ENVELOPE_V0,ca71ab2391d446ac1ec6729a1d6db7e4aa3becc6b204af9bee796ca45debf706,93f34f0f60184b287175fc298246eeb22f5c23e7ef9d17366812c757e74ee3eb
ZJ_U51_5K_E069_N646,ZJ_U51_FIXED_V0,5000,EPSG:32651,69,646,345000.0,3230000.0,350000.0,3235000.0,25.0,ZJ-SMB,1.0,1.0,0.0,1829.044,False,COASTAL_RELEVANT,GSHHG_v2.3.7_L1_MEAN_SHORELINE,FIXED_CELL_GRID_OVER_PROVISIONAL_ENVELOPE_V0,494d2264d95811e2532aa2d2c5084c340ae5f3a2f8131f155c222e87d123d9c3,77017ec0da0c0ce08ba5e14de8a420064b07dd13cd02239df8856bce9b95f0fc
ZJ_U51_5K_E070_N646,ZJ_U51_FIXED_V0,5000,EPSG:32651,70,646,350000.0,3230000.0,355000.0,3235000.0,25.0,ZJ-SMB,1.0,0.972029,0.027971,0.0,True,COASTAL_RELEVANT,GSHHG_v2.3.7_L1_MEAN_SHORELINE,FIXED_CELL_GRID_OVER_PROVISIONAL_ENVELOPE_V0,41903522d6ef0dbd543e7603d00aac4cd03d691c7a7a02f298df06ad334f5bf4,c84af3a905947b37e092a805b8008c50d9686683fb65a8e96fdcc0743bbb9a8f
ZJ_U51_5K_E071_N646,ZJ_U51_FIXED_V0,5000,EPSG:32651,71,646,355000.0,3230000.0,360000.0,3235000.0,25.0,ZJ-SMB,1.0,0.399132,0.600868,0.0,True,COASTAL_RELEVANT,GSHHG_v2.3.7_L1_MEAN_SHORELINE,FIXED_CELL_GRID_OVER_PROVISIONAL_ENVELOPE_V0,3c7c79f3b44baf7a55e69e7de2b3bf06bedb776b41391ef04af782cf4432875a,2de2530a5bf95ccd48b16d15d154943c431f4f475e3943700bb402b580d3741e
ZJ_U51_5K_E072_N646,ZJ_U51_FIXED_V0,5000,EPSG:32651,72,646,360000.0,3230000.0,365000.0,3235000.0,25.0,ZJ-SMB,1.0,0.082134,0.917866,0.0,True,COASTAL_RELEVANT,GSHHG_v2.3.7_L1_MEAN_SHORELINE,FIXED_CELL_GRID_OVER_PROVISIONAL_ENVELOPE_V0,9dde0c627a922bc6b035e868f4618affd91e3818381eec1bb6e0ff6b3f90bdce,e2e928ed88810620a92a7de2e205c207b88088450ea91d02c161cb9a8e5ffb7d
ZJ_U51_5K_E073_N646,ZJ_U51_FIXED_V0,5000,EPSG:32651,73,646,365000.0,3230000.0,370000.0,3235000.0,25.0,ZJ-SMB,1.0,0.696204,0.303796,0.0,True,COASTAL_RELEVANT,GSHHG_v2.3.7_L1_MEAN_SHORELINE,FIXED_CELL_GRID_OVER_PROVISIONAL_ENVELOPE_V0,5fa1123a205ff226f1972422fb8eede2bf333d322b39984892dd8bc87d5cb98e,09db9e25c1e4ac1a4bd2609801f3c2ae86789c8c0edb0784056d99057e28cede
ZJ_U51_5K_E074_N646,ZJ_U51_FIXED_V0,5000,EPSG:32651,74,646,370000.0,3230000.0,375000.0,3235000.0,25.0,ZJ-SMB,1.0,1.0,0.0,760.217,False,COASTAL_RELEVANT,GSHHG_v2.3.7_L1_MEAN_SHORELINE,FIXED_CELL_GRID_OVER_PROVISIONAL_ENVELOPE_V0,465094bce9b34543bd2d043f47e3cf3c962b985608dc7d7ebf43afd0f28d6ecc,2b2647d9d9d6674c1332f531a29a067eda2b0c7f1596f8640fa664001b9baed5
ZJ_U51_5K_E075_N646,ZJ_U51_FIXED_V0,5000,EPSG:32651,75,646,375000.0,3230000.0,380000.0,3235000.0,25.0,ZJ-SMB,1.0,0.916307,0.083693,0.0,True,COASTAL_RELEVANT,GSHHG_v2.3.7_L1_MEAN_SHORELINE,FIXED_CELL_GRID_OVER_PROVISIONAL_ENVELOPE_V0,58cab07ef38067930d0da87a654507c81ec6b77b0b44e4ff0791b2ef23d054e9,b756d7e4b413d32183320ff1b93260aa111d3c68baa847dbc4281c89b1d59762
ZJ_U51_5K_E076_N646,ZJ_U51_FIXED_V0,5000,EPSG:32651,76,646,380000.0,3230000.0,385000.0,3235000.0,25.0,ZJ-SMB,0.96386,0.42994,0.57006,0.0,True,COASTAL_RELEVANT,GSHHG_v2.3.7_L1_MEAN_SHORELINE,FIXED_CELL_GRID_OVER_PROVISIONAL_ENVELOPE_V0,0b4285dab7883a29470a342dd97d781040c407fbe744d4838bc2ad70443406a4,e9ab64a1b45465744d455ff586dfdcc5cc78378219838f692397316930e71455
ZJ_U51_5K_E077_N646,ZJ_U51_FIXED_V0,5000,EPSG:32651,77,646,385000.0,3230000.0,390000.0,3235000.0,25.0,ZJ-SMB,0.56424,0.967011,0.032989,0.0,True,COASTAL_RELEVANT,GSHHG_v2.3.7_L1_MEAN_SHORELINE,FIXED_CELL_GRID_OVER_PROVISIONAL_ENVELOPE_V0,09ae2cd8bd41d44b7d60cda68525eef19257ddaab85a8f2c7ac098fdf323b316,1eac3cbdb3743732c7f86818b73ceff6d88d7c5a4fe95ec80ad91d864510989f
ZJ_U51_5K_E078_N646,ZJ_U51_FIXED_V0,5000,EPSG:32651,78,646,390000.0,3230000.0,395000.0,3235000.0,25.0,ZJ-SMB,0.102016,1.0,0.0,119.504,False,COASTAL_RELEVANT,GSHHG_v2.3.7_L1_MEAN_SHORELINE,FIXED_CELL_GRID_OVER_PROVISIONAL_ENVELOPE_V0,9886cbcf28a4d42563088c63efcbc82ec1acbbf1f53cb99145f89b2f38f384f7,8c3930ee2fc01ab691c0de646922a3a6c7ceaca0c9648d2ac4547ed132b8bcc3
ZJ_U51_5K_E068_N647,ZJ_U51_FIXED_V0,5000,EPSG:32651,68,647,340000.0,3235000.0,345000.0,3240000.0,25.0,ZJ-SMB,0.092533,1.0,0.0,7052.171,False,COASTAL_RELEVANT,GSHHG_v2.3.7_L1_MEAN_SHORELINE,FIXED_CELL_GRID_OVER_PROVISIONAL_ENVELOPE_V0,b1351af90dbfa6b6829d57f38968848f30b18332fccadf4ddd5a9fc1a404a458,b1ec6c46ef740b7a17a14f8a5d9bb11abd393440095840210f1034a987a6301b
ZJ_U51_5K_E069_N647,ZJ_U51_FIXED_V0,5000,EPSG:32651,69,647,345000.0,3235000.0,350000.0,3240000.0,25.0,ZJ-SMB,1.0,1.0,0.0,4316.745,False,COASTAL_RELEVANT,GSHHG_v2.3.7_L1_MEAN_SHORELINE,FIXED_CELL_GRID_OVER_PROVISIONAL_ENVELOPE_V0,c5bd6803c787e65fe56035dcd4063dca0d6750531b2f96edbcdaef614cf9ae2d,0064727f21601ed9452e76c5091c4ba5389058a1cbbd381af9fabb5dbb9360d5
ZJ_U51_5K_E070_N647,ZJ_U51_FIXED_V0,5000,EPSG:32651,70,647,350000.0,3235000.0,355000.0,3240000.0,25.0,ZJ-SMB,1.0,0.99845,0.00155,0.0,True,COASTAL_RELEVANT,GSHHG_v2.3.7_L1_MEAN_SHORELINE,FIXED_CELL_GRID_OVER_PROVISIONAL_ENVELOPE_V0,474f6d19a2d295c6dc1caaa9938059357c70ac948821d19f9d81d7d0fc451e8a,57fc8475a2a21e6c4983ce10e467bc995cf6ae4bd22f9b726b96c4e9cc0544b5
ZJ_U51_5K_E071_N647,ZJ_U51_FIXED_V0,5000,EPSG:32651,71,647,355000.0,3235000.0,360000.0,3240000.0,25.0,ZJ-SMB,1.0,0.712345,0.287655,0.0,True,COASTAL_RELEVANT,GSHHG_v2.3.7_L1_MEAN_SHORELINE,FIXED_CELL_GRID_OVER_PROVISIONAL_ENVELOPE_V0,7391ef0d69d155597693db52bcad11f128c26fbe7c951c34d8eca14fc874a696,66c6cd4077d4ff6fa761a9b8e64f6c18ca634e93b2523ca5b75b83a260d15835
ZJ_U51_5K_E072_N647,ZJ_U51_FIXED_V0,5000,EPSG:32651,72,647,360000.0,3235000.0,365000.0,3240000.0,25.0,ZJ-SMB,1.0,0.406888,0.593112,0.0,True,COASTAL_RELEVANT,GSHHG_v2.3.7_L1_MEAN_SHORELINE,FIXED_CELL_GRID_OVER_PROVISIONAL_ENVELOPE_V0,77fccc04eec8abe12ade1901dc6d0d98bd1dbbbe544339b1c7c64cae8c2a5315,0f6e522ceb4f0130a01806fdc7a053901163ad6467b95654d947d8c06ee16cb4
ZJ_U51_5K_E073_N647,ZJ_U51_FIXED_V0,5000,EPSG:32651,73,647,365000.0,3235000.0,370000.0,3240000.0,25.0,ZJ-SMB,1.0,0.847055,0.152945,0.0,True,COASTAL_RELEVANT,GSHHG_v2.3.7_L1_MEAN_SHORELINE,FIXED_CELL_GRID_OVER_PROVISIONAL_ENVELOPE_V0,a5240dbc5a3812c6d16d976dd4dbfdd94744bb99dd71b1ae26960e1888bb853a,f04a1de6f56219c9be44e81dada675b0f284e92bada8a47fd79e863f4f091445
ZJ_U51_5K_E074_N647,ZJ_U51_FIXED_V0,5000,EPSG:32651,74,647,370000.0,3235000.0,375000.0,3240000.0,25.0,ZJ-SMB,0.958886,1.0,0.0,357.333,False,COASTAL_RELEVANT,GSHHG_v2.3.7_L1_MEAN_SHORELINE,FIXED_CELL_GRID_OVER_PROVISIONAL_ENVELOPE_V0,caaa03eb91aec2991d2780c955da1d58841a1cce6a4a2bdeafc7771acae7706f,a1fcca721acd23c91fcd24cb8eb7ba3c4b5e9ec18f08913b2afc363f4951684b
ZJ_U51_5K_E075_N647,ZJ_U51_FIXED_V0,5000,EPSG:32651,75,647,375000.0,3235000.0,380000.0,3240000.0,25.0,ZJ-SMB,0.55166,1.0,0.0,725.238,False,COASTAL_RELEVANT,GSHHG_v2.3.7_L1_MEAN_SHORELINE,FIXED_CELL_GRID_OVER_PROVISIONAL_ENVELOPE_V0,aab9df8425bd1599ea53742f1ac99398f9a0c5dcbc089587af1085e8d91e731c,964f64727814e91301236f49f58ef26fb2e0091329609f0a8b7ef7ac68384cb3
ZJ_U51_5K_E076_N647,ZJ_U51_FIXED_V0,5000,EPSG:32651,76,647,380000.0,3235000.0,385000.0,3240000.0,25.0,ZJ-SMB,0.09409,0.579769,0.420231,0.0,True,COASTAL_RELEVANT,GSHHG_v2.3.7_L1_MEAN_SHORELINE,FIXED_CELL_GRID_OVER_PROVISIONAL_ENVELOPE_V0,f30f1911623718ebf2b6cab7e058394ee97b0f5e0983c14264a688a422ff54d8,20632b1010950e1af53c437974ce2393c0658ce26a0ad31136306a2bd4e5ed52
ZJ_U51_5K_E068_N648,ZJ_U51_FIXED_V0,5000,EPSG:32651,68,648,340000.0,3240000.0,345000.0,3245000.0,25.0,ZJ-SMB,0.078916,1.0,0.0,9358.937,False,COASTAL_RELEVANT,GSHHG_v2.3.7_L1_MEAN_SHORELINE,FIXED_CELL_GRID_OVER_PROVISIONAL_ENVELOPE_V0,84677d0c1d77f8c17035e34aaba006899c1f5e85842b0789cf0361c73f317ebd,3d31cf9b3d6120e77a5ab6868c189e65a8baccbc64002ba8728d3a17c0a0e0b5
ZJ_U51_5K_E069_N648,ZJ_U51_FIXED_V0,5000,EPSG:32651,69,648,345000.0,3240000.0,350000.0,3245000.0,25.0,ZJ-SMB,1.0,1.0,0.0,4407.069,False,COASTAL_RELEVANT,GSHHG_v2.3.7_L1_MEAN_SHORELINE,FIXED_CELL_GRID_OVER_PROVISIONAL_ENVELOPE_V0,720ca5b343cb0526bc4c6d2d150065d63f405faae92a87c870c9f32a92d15c48,dcfa3198ab41f40235f2ac0d4243f8d94107d133d2bcd5981b417aa6686a4c03
ZJ_U51_5K_E070_N648,ZJ_U51_FIXED_V0,5000,EPSG:32651,70,648,350000.0,3240000.0,355000.0,3245000.0,25.0,ZJ-SMB,1.0,1.0,0.0,603.904,False,COASTAL_RELEVANT,GSHHG_v2.3.7_L1_MEAN_SHORELINE,FIXED_CELL_GRID_OVER_PROVISIONAL_ENVELOPE_V0,82a04617b80097ae0e723825fdae190309eb1f5290f07a835d3c10a9d76e6b1a,90b16f4451935e5ab03ec839fe42770c05d75fee3f75683752b513b7efbe2e68
ZJ_U51_5K_E071_N648,ZJ_U51_FIXED_V0,5000,EPSG:32651,71,648,355000.0,3240000.0,360000.0,3245000.0,25.0,ZJ-SMB,1.0,1.0,0.0,158.532,False,COASTAL_RELEVANT,GSHHG_v2.3.7_L1_MEAN_SHORELINE,FIXED_CELL_GRID_OVER_PROVISIONAL_ENVELOPE_V0,765469afbd377911f6c4946386884537daaa79bcbb64d36b21539f23feddf015,29e0bba1a153066ae68789f66d675ccd599c9fc81e050331f70393c3392ae206
ZJ_U51_5K_E072_N648,ZJ_U51_FIXED_V0,5000,EPSG:32651,72,648,360000.0,3240000.0,365000.0,3245000.0,25.0,ZJ-SMB,0.953592,0.992018,0.007982,0.0,True,COASTAL_RELEVANT,GSHHG_v2.3.7_L1_MEAN_SHORELINE,FIXED_CELL_GRID_OVER_PROVISIONAL_ENVELOPE_V0,c190419d4ea9fea8a33e09816946a2e990bbf728aca7018d631fa09f9a3dde78,e6ef8c59a1fa4a770109f9473d4e88fa485d77a692806dcda5446a94289eb28a
ZJ_U51_5K_E073_N648,ZJ_U51_FIXED_V0,5000,EPSG:32651,73,648,365000.0,3240000.0,370000.0,3245000.0,25.0,ZJ-SMB,0.53908,0.715124,0.284876,0.0,True,COASTAL_RELEVANT,GSHHG_v2.3.7_L1_MEAN_SHORELINE,FIXED_CELL_GRID_OVER_PROVISIONAL_ENVELOPE_V0,747e1c6064341e935817dc6601046ccd05c702af8bd343a732f5240d43d778f5,d1b683366eedd25c2f892e4234c61d03b833d76f5dc6ce5dd17f6014465a96b1
ZJ_U51_5K_E074_N648,ZJ_U51_FIXED_V0,5000,EPSG:32651,74,648,370000.0,3240000.0,375000.0,3245000.0,25.0,ZJ-SMB,0.086483,0.950332,0.049668,0.0,True,COASTAL_RELEVANT,GSHHG_v2.3.7_L1_MEAN_SHORELINE,FIXED_CELL_GRID_OVER_PROVISIONAL_ENVELOPE_V0,b063d2264786a08ecbd2dfe01c6ee1d1b6517f1d86632f28d6a4b295319d08e5,d811bf3d3d11af52aa2231abdf79db9fd249264d60de755fd71fb62d853e2d20
ZJ_U51_5K_E068_N649,ZJ_U51_FIXED_V0,5000,EPSG:32651,68,649,340000.0,3245000.0,345000.0,3250000.0,25.0,ZJ-SMB,0.0653,1.0,0.0,6429.854,False,NOT_RELEVANT_INLAND,GSHHG_v2.3.7_L1_MEAN_SHORELINE,FIXED_CELL_GRID_OVER_PROVISIONAL_ENVELOPE_V0,65e31430164fed2543bf141dad62244082cc9aaa9c492891a08052b66fd1a314,6e6a0cc62357c499018f7447241d6bae6085ffe76b0a8b89646ef8b25ca00c2f
ZJ_U51_5K_E069_N649,ZJ_U51_FIXED_V0,5000,EPSG:32651,69,649,345000.0,3245000.0,350000.0,3250000.0,25.0,ZJ-SMB,1.0,1.0,0.0,3673.409,False,COASTAL_RELEVANT,GSHHG_v2.3.7_L1_MEAN_SHORELINE,FIXED_CELL_GRID_OVER_PROVISIONAL_ENVELOPE_V0,b26f3cf7ae58c565ae3f7a61c06c0237f9983218122db6720d47b302478c0262,9e6509b4aa21058946537ca3798b085d573801a2f84792f28ebe930672f77f88
ZJ_U51_5K_E070_N649,ZJ_U51_FIXED_V0,5000,EPSG:32651,70,649,350000.0,3245000.0,355000.0,3250000.0,25.0,ZJ-SMB,0.947978,1.0,0.0,1080.214,False,COASTAL_RELEVANT,GSHHG_v2.3.7_L1_MEAN_SHORELINE,FIXED_CELL_GRID_OVER_PROVISIONAL_ENVELOPE_V0,37d0abc181c6b974fab88fa4b7f7275f6900437a575874a38aa71ed8cdc44448,214a017cfe00e6f49e6ac5f9194213a31c6690d768d13a9cf89f3cea144db41d
ZJ_U51_5K_E071_N649,ZJ_U51_FIXED_V0,5000,EPSG:32651,71,649,355000.0,3245000.0,360000.0,3250000.0,25.0,ZJ-SMB,0.5265,1.0,0.0,1816.301,False,COASTAL_RELEVANT,GSHHG_v2.3.7_L1_MEAN_SHORELINE,FIXED_CELL_GRID_OVER_PROVISIONAL_ENVELOPE_V0,4f94cf78ec86b739e20c353efc13257b9cc4ec24cc84d7a6a970b13a98a8c56d,884c1f8326e0994b2c1efbd61826fb804c08998b091454c76c09b59fb7ff25d2
ZJ_U51_5K_E072_N649,ZJ_U51_FIXED_V0,5000,EPSG:32651,72,649,360000.0,3245000.0,365000.0,3250000.0,25.0,ZJ-SMB,0.079198,1.0,0.0,2746.454,False,COASTAL_RELEVANT,GSHHG_v2.3.7_L1_MEAN_SHORELINE,FIXED_CELL_GRID_OVER_PROVISIONAL_ENVELOPE_V0,8f1876d6cc1f4a2510f82180c301a3e9016d637ca1108ff844156c5984d6a690,765fe8ee38e2fc76bb4da2093eb8bab07740e6ab8789103911355f11075ac1ff
ZJ_U51_5K_E068_N650,ZJ_U51_FIXED_V0,5000,EPSG:32651,68,650,340000.0,3250000.0,345000.0,3255000.0,25.0,ZJ-SMB,0.041126,1.0,0.0,3770.009,False,COASTAL_RELEVANT,GSHHG_v2.3.7_L1_MEAN_SHORELINE,FIXED_CELL_GRID_OVER_PROVISIONAL_ENVELOPE_V0,8398d19370250a0bad53e8210e4998c4ff2991ab42e064ba3542c3d29e2612b4,a4b390e2a539421f0e1d08f00819d20c44d318eed03366318f274c45ed2f37f3
ZJ_U51_5K_E069_N650,ZJ_U51_FIXED_V0,5000,EPSG:32651,69,650,345000.0,3250000.0,350000.0,3255000.0,25.0,ZJ-SMB,0.51392,1.0,0.0,112.849,False,COASTAL_RELEVANT,GSHHG_v2.3.7_L1_MEAN_SHORELINE,FIXED_CELL_GRID_OVER_PROVISIONAL_ENVELOPE_V0,f694f163f6511e473146a640d2934dcb41255c7dfbc74dbe3c482aa5c2ecb9d2,f8d4cb67ba4ee4d84ef6a1a829481d357b2c93f34bb361e43927dc4b588398d5
ZJ_U51_5K_E070_N650,ZJ_U51_FIXED_V0,5000,EPSG:32651,70,650,350000.0,3250000.0,355000.0,3255000.0,25.0,ZJ-SMB,0.072232,0.843616,0.156384,0.0,True,COASTAL_RELEVANT,GSHHG_v2.3.7_L1_MEAN_SHORELINE,FIXED_CELL_GRID_OVER_PROVISIONAL_ENVELOPE_V0,227f58abf512db629d3c2c3fd6f1f6879c62260020f0252b6a74af618cd8db4f,60e8556e50c957020ddf800015a421a848c555bd529bf0e81efd81c4078a5fc6
ZJ_U51_5K_E062_N618,ZJ_U51_FIXED_V0,5000,EPSG:32651,62,618,310000.0,3090000.0,315000.0,3095000.0,25.0,ZJ-YQB,0.159733,0.364811,0.635189,0.0,True,COASTAL_RELEVANT,GSHHG_v2.3.7_L1_MEAN_SHORELINE,FIXED_CELL_GRID_OVER_PROVISIONAL_ENVELOPE_V0,69bb5927cfd7d6a04d5aae67faf5fac719de85af50085146f45d295153784613,5e94b938354d4e381a7570efaee1c66a4b7d67733016a838f46f9fa44ecf083f
ZJ_U51_5K_E063_N618,ZJ_U51_FIXED_V0,5000,EPSG:32651,63,618,315000.0,3090000.0,320000.0,3095000.0,25.0,ZJ-YQB,0.032757,0.144414,0.855586,0.0,True,COASTAL_RELEVANT,GSHHG_v2.3.7_L1_MEAN_SHORELINE,FIXED_CELL_GRID_OVER_PROVISIONAL_ENVELOPE_V0,74c7e617964b2d6ceed34648646841e30d66274b7b7cb71067b23e78a62d1b42,abbb464194e74db003bacaf5c5fa814b5fa14bf3af32eda9e4491c9286f9cb42
ZJ_U51_5K_E059_N619,ZJ_U51_FIXED_V0,5000,EPSG:32651,59,619,295000.0,3095000.0,300000.0,3100000.0,25.0,ZJ-YQB,0.110038,0.552585,0.447415,0.0,True,COASTAL_RELEVANT,GSHHG_v2.3.7_L1_MEAN_SHORELINE,FIXED_CELL_GRID_OVER_PROVISIONAL_ENVELOPE_V0,68c539e203c038c6e2eec0c3e258e12addec400f0583bd172ab1ef6eba971c2b,7d390651e5870fe4bca3275917fccffb50bea17af0d37520df7cdf5ee394cfcd
ZJ_U51_5K_E060_N619,ZJ_U51_FIXED_V0,5000,EPSG:32651,60,619,300000.0,3095000.0,305000.0,3100000.0,25.0,ZJ-YQB,0.311511,0.02176,0.97824,0.0,True,COASTAL_RELEVANT,GSHHG_v2.3.7_L1_MEAN_SHORELINE,FIXED_CELL_GRID_OVER_PROVISIONAL_ENVELOPE_V0,06616ac7e16a8d9d363acb43a24b9073eb32b7b792528a1a2450489af20ba277,60ca1457ab78f59e6baf25b1341cca8ae37a4fc5cf0e2a705310c286019ba50f
ZJ_U51_5K_E061_N619,ZJ_U51_FIXED_V0,5000,EPSG:32651,61,619,305000.0,3095000.0,310000.0,3100000.0,25.0,ZJ-YQB,0.422547,0.225994,0.774006,0.0,True,COASTAL_RELEVANT,GSHHG_v2.3.7_L1_MEAN_SHORELINE,FIXED_CELL_GRID_OVER_PROVISIONAL_ENVELOPE_V0,ae95184baa74a50316a226b7743300d7323e3aeda5cb5f294723241754dd711a,e2cee49d24ade3f1a455dc394b95502b4e484e6d13a2aff12f472be70a1a3d60
ZJ_U51_5K_E062_N619,ZJ_U51_FIXED_V0,5000,EPSG:32651,62,619,310000.0,3095000.0,315000.0,3100000.0,25.0,ZJ-YQB,0.92744,0.430979,0.569021,0.0,True,COASTAL_RELEVANT,GSHHG_v2.3.7_L1_MEAN_SHORELINE,FIXED_CELL_GRID_OVER_PROVISIONAL_ENVELOPE_V0,55046f644db752c120592957ade101e20209a7d9a188d1de515a899c18205d4d,bca0fbdff39d75260f9171ce3ebab59baf676e92661edf5433a53b78436749b7
ZJ_U51_5K_E063_N619,ZJ_U51_FIXED_V0,5000,EPSG:32651,63,619,315000.0,3095000.0,320000.0,3100000.0,25.0,ZJ-YQB,0.590224,0.076201,0.923799,0.0,True,COASTAL_RELEVANT,GSHHG_v2.3.7_L1_MEAN_SHORELINE,FIXED_CELL_GRID_OVER_PROVISIONAL_ENVELOPE_V0,7bb63ae0e585381b88381c221bf7ae8117c1f6853e8c90a45a896ea644de0d35,d23377f4cba763bcce4c7ac9f3b50c0b0d6878b8db25e49579b9775ec7611743
ZJ_U51_5K_E059_N620,ZJ_U51_FIXED_V0,5000,EPSG:32651,59,620,295000.0,3100000.0,300000.0,3105000.0,25.0,ZJ-YQB,0.125923,0.99979,0.00021,0.0,True,COASTAL_RELEVANT,GSHHG_v2.3.7_L1_MEAN_SHORELINE,FIXED_CELL_GRID_OVER_PROVISIONAL_ENVELOPE_V0,c91b8e17bcb115210552ac024bf5e0981c7277b612349952ec4946334bb48458,dbfac41ab96650e6816536108e6bba9d9726520ac2be953e27078840995e3502
ZJ_U51_5K_E060_N620,ZJ_U51_FIXED_V0,5000,EPSG:32651,60,620,300000.0,3100000.0,305000.0,3105000.0,25.0,ZJ-YQB,0.964552,0.319312,0.680688,0.0,True,COASTAL_RELEVANT,GSHHG_v2.3.7_L1_MEAN_SHORELINE,FIXED_CELL_GRID_OVER_PROVISIONAL_ENVELOPE_V0,0adfae5c4ecd9ec3eb7f6d82685563476d09fbb3d640637d713cd0bb35127e6d,5b082779329ecc3e116c625b4753ab02bdddcde3acf8ccaf15c5e26af42f48c6
ZJ_U51_5K_E061_N620,ZJ_U51_FIXED_V0,5000,EPSG:32651,61,620,305000.0,3100000.0,310000.0,3105000.0,25.0,ZJ-YQB,1.0,0.008727,0.991273,0.0,True,COASTAL_RELEVANT,GSHHG_v2.3.7_L1_MEAN_SHORELINE,FIXED_CELL_GRID_OVER_PROVISIONAL_ENVELOPE_V0,d55fab3cacf33ad5de36068f835e1b134c3de0acf1edaa78b3d638f08d90a76e,08a9f8c45d41c247802db4ef83feb348fe982ec077c9c6e81fe47aa3bbc672d9
ZJ_U51_5K_E062_N620,ZJ_U51_FIXED_V0,5000,EPSG:32651,62,620,310000.0,3100000.0,315000.0,3105000.0,25.0,ZJ-YQB,1.0,0.002591,0.997409,0.0,True,COASTAL_RELEVANT,GSHHG_v2.3.7_L1_MEAN_SHORELINE,FIXED_CELL_GRID_OVER_PROVISIONAL_ENVELOPE_V0,ae693505c203d6555c2bfe23b85ada95aac4fdc7f6abf8227234a485df917c09,51ede6483541a4d570d2091e680200e4b9b487c417473583e668bd78875c5eed
ZJ_U51_5K_E063_N620,ZJ_U51_FIXED_V0,5000,EPSG:32651,63,620,315000.0,3100000.0,320000.0,3105000.0,25.0,ZJ-YQB,0.998933,0.155691,0.844309,0.0,True,COASTAL_RELEVANT,GSHHG_v2.3.7_L1_MEAN_SHORELINE,FIXED_CELL_GRID_OVER_PROVISIONAL_ENVELOPE_V0,4f8604d23eb39b08567d505e87983a3d9b1170bd55d403874c37bdc7e694f227,b332f90891561d18cbc095f28b98270f35654837d9ca985dc32839af4d276382
ZJ_U51_5K_E064_N620,ZJ_U51_FIXED_V0,5000,EPSG:32651,64,620,320000.0,3100000.0,325000.0,3105000.0,25.0,ZJ-YQB,0.331357,0.166743,0.833257,0.0,True,COASTAL_RELEVANT,GSHHG_v2.3.7_L1_MEAN_SHORELINE,FIXED_CELL_GRID_OVER_PROVISIONAL_ENVELOPE_V0,5bf67af67b024594ba10e6cb3d623e22c6784b891a6f5919118df6f06b21d80f,59cc4017ac28d56915e91d6dc2ce8d3943cab62c50aca03c53ca497470b9b3dc
ZJ_U51_5K_E060_N621,ZJ_U51_FIXED_V0,5000,EPSG:32651,60,621,300000.0,3105000.0,305000.0,3110000.0,25.0,ZJ-YQB,0.500487,0.508117,0.491883,0.0,True,COASTAL_RELEVANT,GSHHG_v2.3.7_L1_MEAN_SHORELINE,FIXED_CELL_GRID_OVER_PROVISIONAL_ENVELOPE_V0,5f8b4573cd34a522ea59f7ecdd6b0131e3abcfffb3e282346c3073ada1da12c3,9610b7b645753e042b53fe68ca65cf78ff3538711661cdd2fa6510e3c8d580c2
ZJ_U51_5K_E061_N621,ZJ_U51_FIXED_V0,5000,EPSG:32651,61,621,305000.0,3105000.0,310000.0,3110000.0,25.0,ZJ-YQB,1.0,0.0,1.0,1705.897,False,COASTAL_RELEVANT,GSHHG_v2.3.7_L1_MEAN_SHORELINE,FIXED_CELL_GRID_OVER_PROVISIONAL_ENVELOPE_V0,81f281f60b0690d865ffee0fab6adc7812c86f9efffec1da29a62f4bbc5cbcd4,332ed749983c27212182b58f6f15e0edb50f774071ccab62b8429f1c8163f6e6
ZJ_U51_5K_E062_N621,ZJ_U51_FIXED_V0,5000,EPSG:32651,62,621,310000.0,3105000.0,315000.0,3110000.0,25.0,ZJ-YQB,1.0,0.0,1.0,1329.685,False,COASTAL_RELEVANT,GSHHG_v2.3.7_L1_MEAN_SHORELINE,FIXED_CELL_GRID_OVER_PROVISIONAL_ENVELOPE_V0,5e1a1fc0ec24d06db331066079cab41bfd72e837b0ea0407c9c6a927a1fcb2a8,fbca4892523d4d9d28c650cd02d0365b2817376153fb013ebf42f0bfce5c42fe
ZJ_U51_5K_E063_N621,ZJ_U51_FIXED_V0,5000,EPSG:32651,63,621,315000.0,3105000.0,320000.0,3110000.0,25.0,ZJ-YQB,1.0,0.39492,0.60508,0.0,True,COASTAL_RELEVANT,GSHHG_v2.3.7_L1_MEAN_SHORELINE,FIXED_CELL_GRID_OVER_PROVISIONAL_ENVELOPE_V0,c9d88a4c09b27192cbdfca7807cc247c12e8d82f98b269eef3df4d53beb889fb,ddcacf640adfaef15c9672f12c7a91a6013246de9f3f95d4ff650d90d3f54aba
ZJ_U51_5K_E064_N621,ZJ_U51_FIXED_V0,5000,EPSG:32651,64,621,320000.0,3105000.0,325000.0,3110000.0,25.0,ZJ-YQB,0.770254,0.984079,0.015921,0.0,True,COASTAL_RELEVANT,GSHHG_v2.3.7_L1_MEAN_SHORELINE,FIXED_CELL_GRID_OVER_PROVISIONAL_ENVELOPE_V0,c0f08ccaa32767a9c8695df62649a1fff542e6f5f407f0cc356b8a1c2ecf14de,162e87d85a927776a1e05ed602c8ec4fcfea37001d8a5cc6c9ae5b6a00adec2e
ZJ_U51_5K_E060_N622,ZJ_U51_FIXED_V0,5000,EPSG:32651,60,622,300000.0,3110000.0,305000.0,3115000.0,25.0,ZJ-YQB,0.035787,0.783381,0.216619,0.0,True,COASTAL_RELEVANT,GSHHG_v2.3.7_L1_MEAN_SHORELINE,FIXED_CELL_GRID_OVER_PROVISIONAL_ENVELOPE_V0,02e000dae938d00dd4fa5af62ec774697bfa911422568e741ce8ec18e3d00d89,388900cad6565f453ef32505d9e54a3e1fdc1282f2c69dc3e12f4f102eb13d76
ZJ_U51_5K_E061_N622,ZJ_U51_FIXED_V0,5000,EPSG:32651,61,622,305000.0,3110000.0,310000.0,3115000.0,25.0,ZJ-YQB,0.874712,0.017807,0.982193,0.0,True,COASTAL_RELEVANT,GSHHG_v2.3.7_L1_MEAN_SHORELINE,FIXED_CELL_GRID_OVER_PROVISIONAL_ENVELOPE_V0,b7f023755643db8f2c498c46615a1709cf8bea5bb0307f8b997c37a22df17ba3,08bc7ee86a38d94fa4f07cb394998bee93eafac74589b581eb8c8d2add447a75
ZJ_U51_5K_E062_N622,ZJ_U51_FIXED_V0,5000,EPSG:32651,62,622,310000.0,3110000.0,315000.0,3115000.0,25.0,ZJ-YQB,1.0,0.0,1.0,244.76,False,COASTAL_RELEVANT,GSHHG_v2.3.7_L1_MEAN_SHORELINE,FIXED_CELL_GRID_OVER_PROVISIONAL_ENVELOPE_V0,1360f24b33e73e676d8b113d758a9a916b6a4f485b2bc2aa40b7d2c52e91390d,8366220d79e1c5aa840093c258cadd70efba161d9d8e77e30ad705a987ae0a0e
ZJ_U51_5K_E063_N622,ZJ_U51_FIXED_V0,5000,EPSG:32651,63,622,315000.0,3110000.0,320000.0,3115000.0,25.0,ZJ-YQB,1.0,0.61031,0.38969,0.0,True,COASTAL_RELEVANT,GSHHG_v2.3.7_L1_MEAN_SHORELINE,FIXED_CELL_GRID_OVER_PROVISIONAL_ENVELOPE_V0,951e4a779a1b8004deca781a13079b5c6015fc822cbeb85af0c5a9fe290ca867,98b9b5d8872935d33eee692f4cffecf45985a43235b2d05d15f8947110d5fa1c
ZJ_U51_5K_E064_N622,ZJ_U51_FIXED_V0,5000,EPSG:32651,64,622,320000.0,3110000.0,325000.0,3115000.0,25.0,ZJ-YQB,0.768584,1.0,0.0,290.492,False,COASTAL_RELEVANT,GSHHG_v2.3.7_L1_MEAN_SHORELINE,FIXED_CELL_GRID_OVER_PROVISIONAL_ENVELOPE_V0,852631f40e14cff96aed28542ea0cbcd436dc28cfba006c869824ec3ee1c04ea,933af17c414b0afd41dc69bae9eb0455d8caf2debba107388380567ef6fc6c07
ZJ_U51_5K_E061_N623,ZJ_U51_FIXED_V0,5000,EPSG:32651,61,623,305000.0,3115000.0,310000.0,3120000.0,25.0,ZJ-YQB,0.320511,0.93045,0.06955,0.0,True,COASTAL_RELEVANT,GSHHG_v2.3.7_L1_MEAN_SHORELINE,FIXED_CELL_GRID_OVER_PROVISIONAL_ENVELOPE_V0,deb8a3d2a76ae9ed8c93ef5dd3abd36b2723d1d2e02a9bcd65f42e93afa73385,1e64d4f12a4342202d9707663aa208f4cb9c0015cf3e2593ba1b2033cc8c1c1f
ZJ_U51_5K_E062_N623,ZJ_U51_FIXED_V0,5000,EPSG:32651,62,623,310000.0,3115000.0,315000.0,3120000.0,25.0,ZJ-YQB,1.0,0.317373,0.682627,0.0,True,COASTAL_RELEVANT,GSHHG_v2.3.7_L1_MEAN_SHORELINE,FIXED_CELL_GRID_OVER_PROVISIONAL_ENVELOPE_V0,2c8c363ea0e11e74126a9b49ac5d687e45b7755d5ffb3c22f9682f1a811a3342,01ea19cb58fe5b24cec0de843b5702a6d3dff8b57b05bddab0c4974d5efc7fda
ZJ_U51_5K_E063_N623,ZJ_U51_FIXED_V0,5000,EPSG:32651,63,623,315000.0,3115000.0,320000.0,3120000.0,25.0,ZJ-YQB,1.0,0.064483,0.935517,0.0,True,COASTAL_RELEVANT,GSHHG_v2.3.7_L1_MEAN_SHORELINE,FIXED_CELL_GRID_OVER_PROVISIONAL_ENVELOPE_V0,66162df59334989e89287a47948e0d114ecf971adfd058a65b5b88b56ce092f8,8a34422bdbed1bb4bc0ab27f698bbdbcbe6f09ec45bdba56824bf5da0703016f
ZJ_U51_5K_E064_N623,ZJ_U51_FIXED_V0,5000,EPSG:32651,64,623,320000.0,3115000.0,325000.0,3120000.0,25.0,ZJ-YQB,0.762972,0.530722,0.469278,0.0,True,COASTAL_RELEVANT,GSHHG_v2.3.7_L1_MEAN_SHORELINE,FIXED_CELL_GRID_OVER_PROVISIONAL_ENVELOPE_V0,3b01e09477d0e79521952b5702d6a53d19aeb328dbe9c341fc09880dca435b22,00bded694ed5dcc5fe340a1b81157c70c6bc877bc7fca9d1452240074458a4aa
ZJ_U51_5K_E061_N624,ZJ_U51_FIXED_V0,5000,EPSG:32651,61,624,305000.0,3120000.0,310000.0,3125000.0,25.0,ZJ-YQB,0.000552,1.0,0.0,2474.332,False,COASTAL_RELEVANT,GSHHG_v2.3.7_L1_MEAN_SHORELINE,FIXED_CELL_GRID_OVER_PROVISIONAL_ENVELOPE_V0,88e4a84a2e8f8a932ac55d98d990e9d0abfd7b5b87af02f3612bc59e14fbf870,2b436208070061259c038884d1e62e442e688baaae769b54b0c9e485c16dedcf
ZJ_U51_5K_E062_N624,ZJ_U51_FIXED_V0,5000,EPSG:32651,62,624,310000.0,3120000.0,315000.0,3125000.0,25.0,ZJ-YQB,0.729971,0.874634,0.125366,0.0,True,COASTAL_RELEVANT,GSHHG_v2.3.7_L1_MEAN_SHORELINE,FIXED_CELL_GRID_OVER_PROVISIONAL_ENVELOPE_V0,0d99e3f7314074737ddd61627fba386a698b160a08edc1f9246ded874efb8183,1aa170d8f0fdc81a3a69f0f4f0e3405fffb576fe416182aec4e25b62c1c71464
ZJ_U51_5K_E063_N624,ZJ_U51_FIXED_V0,5000,EPSG:32651,63,624,315000.0,3120000.0,320000.0,3125000.0,25.0,ZJ-YQB,1.0,0.182548,0.817452,0.0,True,COASTAL_RELEVANT,GSHHG_v2.3.7_L1_MEAN_SHORELINE,FIXED_CELL_GRID_OVER_PROVISIONAL_ENVELOPE_V0,ad155242b55623f6532e07ea8c395f11a48a771e98b2075b6e82754be0e497e7,cd43b4d45467222ea4af7276afb14f360b6674a18511e2c26eea608075e460e2
ZJ_U51_5K_E064_N624,ZJ_U51_FIXED_V0,5000,EPSG:32651,64,624,320000.0,3120000.0,325000.0,3125000.0,25.0,ZJ-YQB,0.757359,0.128627,0.871373,0.0,True,COASTAL_RELEVANT,GSHHG_v2.3.7_L1_MEAN_SHORELINE,FIXED_CELL_GRID_OVER_PROVISIONAL_ENVELOPE_V0,f9d9ea84cad8bf01b8a0ab6017236c79ebf3682dd6d093f63ccbe1705408add2,ea4c0b3cae8fbd568503c23700f5cad4844d652c0edc743fc28996ae7fd3db37
ZJ_U51_5K_E062_N625,ZJ_U51_FIXED_V0,5000,EPSG:32651,62,625,310000.0,3125000.0,315000.0,3130000.0,25.0,ZJ-YQB,0.160754,0.934831,0.065169,0.0,True,COASTAL_RELEVANT,GSHHG_v2.3.7_L1_MEAN_SHORELINE,FIXED_CELL_GRID_OVER_PROVISIONAL_ENVELOPE_V0,b21c83df218e44ce1baeb2d92b63bd88942793a1acb10df0686a297a8906ccd3,5a41cc577ea87b356874cdeac82e417a9e1f0c942267cad0ea40cef0b2eeeef7
ZJ_U51_5K_E063_N625,ZJ_U51_FIXED_V0,5000,EPSG:32651,63,625,315000.0,3125000.0,320000.0,3130000.0,25.0,ZJ-YQB,0.979781,0.183612,0.816388,0.0,True,COASTAL_RELEVANT,GSHHG_v2.3.7_L1_MEAN_SHORELINE,FIXED_CELL_GRID_OVER_PROVISIONAL_ENVELOPE_V0,fee8c5ac6832d9943c1719d89cc995de4069b3dafec7908dd7adde065ed48318,b3339134220cdb1d343be7a06a69ef036c75196923ab5e331bd1aef71fe10602
ZJ_U51_5K_E064_N625,ZJ_U51_FIXED_V0,5000,EPSG:32651,64,625,320000.0,3125000.0,325000.0,3130000.0,25.0,ZJ-YQB,0.751746,0.020074,0.979926,0.0,True,COASTAL_RELEVANT,GSHHG_v2.3.7_L1_MEAN_SHORELINE,FIXED_CELL_GRID_OVER_PROVISIONAL_ENVELOPE_V0,d97f539e5e48c96d039dff8c001a6126fbc2f43d809834405844f611fc06c009,31255b0080b3f23e723b83d38bf1f7b3a6819ccb05ca10233c3a0505d6297823
ZJ_U51_5K_E063_N626,ZJ_U51_FIXED_V0,5000,EPSG:32651,63,626,315000.0,3130000.0,320000.0,3135000.0,25.0,ZJ-YQB,0.550548,0.321447,0.678553,0.0,True,COASTAL_RELEVANT,GSHHG_v2.3.7_L1_MEAN_SHORELINE,FIXED_CELL_GRID_OVER_PROVISIONAL_ENVELOPE_V0,b99ddf7d633bea80f3a773aedc48611181722be27fdd964c774ae5a51b4564c2,3b68e7b8cdc4fee99f16671e492dc92288d2add51bce5ed0ce2ca1db1e1ec246
ZJ_U51_5K_E064_N626,ZJ_U51_FIXED_V0,5000,EPSG:32651,64,626,320000.0,3130000.0,325000.0,3135000.0,25.0,ZJ-YQB,0.746133,0.039689,0.960311,0.0,True,COASTAL_RELEVANT,GSHHG_v2.3.7_L1_MEAN_SHORELINE,FIXED_CELL_GRID_OVER_PROVISIONAL_ENVELOPE_V0,49bff3dc25940e6c8bf3a05562b6d1031fcd8247c4429b47c4f9f667ff549a4b,993567d6146ad348f085ae56deebca7efb1906038d7195c97b755cae27684328
ZJ_U51_5K_E063_N627,ZJ_U51_FIXED_V0,5000,EPSG:32651,63,627,315000.0,3135000.0,320000.0,3140000.0,25.0,ZJ-YQB,0.055347,0.803067,0.196933,0.0,True,COASTAL_RELEVANT,GSHHG_v2.3.7_L1_MEAN_SHORELINE,FIXED_CELL_GRID_OVER_PROVISIONAL_ENVELOPE_V0,3622203cdec92fe80acbe8e686dd4d2b10b0576160a70d7d4fb6d9147310594d,715c79fc5ccc08b8270bdb787e25d7e538b55ee3053f4fcd2cecce61e7b7dd30
ZJ_U51_5K_E064_N627,ZJ_U51_FIXED_V0,5000,EPSG:32651,64,627,320000.0,3135000.0,325000.0,3140000.0,25.0,ZJ-YQB,0.645734,0.440489,0.559511,0.0,True,COASTAL_RELEVANT,GSHHG_v2.3.7_L1_MEAN_SHORELINE,FIXED_CELL_GRID_OVER_PROVISIONAL_ENVELOPE_V0,acd441a92dbc24c65ddac57a16896d879e81e23cbaa9dc08e21b9898cf5b12b1,60691773199ee11b2624d90267a3c477edd022c1197e1d8d2cc3da584d9bb5b8
ZJ_U51_5K_E064_N628,ZJ_U51_FIXED_V0,5000,EPSG:32651,64,628,320000.0,3140000.0,325000.0,3145000.0,25.0,ZJ-YQB,0.13653,0.774582,0.225418,0.0,True,COASTAL_RELEVANT,GSHHG_v2.3.7_L1_MEAN_SHORELINE,FIXED_CELL_GRID_OVER_PROVISIONAL_ENVELOPE_V0,8e3b15630c1db0c608db831298c0155036d73be52c3b2177e4b5df960f350178,3388800c23fcfa6a13d90b1356afcfd5c7e8bd3b9f6adf2e5c804194560c3b6b
ZJ_U51_10K_E037_N331,ZJ_U51_FIXED_V0,10000,EPSG:32651,37,331,370000.0,3310000.0,380000.0,3320000.0,100.0,ZJ-HZB,0.149981,0.692153,0.307847,0.0,True,COASTAL_RELEVANT,GSHHG_v2.3.7_L1_MEAN_SHORELINE,FIXED_CELL_GRID_OVER_PROVISIONAL_ENVELOPE_V0,99096835bd01cae79a82df91e45515d0fa5645838f5ee0986ad254b6fd4e54bc,1441014c7a6ae62f3f0a50331878f37c8c5cf9c2ab2e8344930df36ef5bfdc0e
ZJ_U51_10K_E035_N332,ZJ_U51_FIXED_V0,10000,EPSG:32651,35,332,350000.0,3320000.0,360000.0,3330000.0,100.0,ZJ-HZB,0.192077,1.0,0.0,2262.766,False,COASTAL_RELEVANT,GSHHG_v2.3.7_L1_MEAN_SHORELINE,FIXED_CELL_GRID_OVER_PROVISIONAL_ENVELOPE_V0,886852d0f4af91fa297827db5d9ca524a5a5ec4a24127dfa8fb52fe93dcc2e27,638e5e1b48a41b6619b303ee16f68ce81a9cf75c1ef594ad3cf7b6c9025a9b31
ZJ_U51_10K_E036_N332,ZJ_U51_FIXED_V0,10000,EPSG:32651,36,332,360000.0,3320000.0,370000.0,3330000.0,100.0,ZJ-HZB,0.692186,0.585618,0.414382,0.0,True,COASTAL_RELEVANT,GSHHG_v2.3.7_L1_MEAN_SHORELINE,FIXED_CELL_GRID_OVER_PROVISIONAL_ENVELOPE_V0,37bcde67793a97b2472d2fae0e3bbd1d34734b22fc4e612c3f88db0c70dc1466,b294a1190d8f98094b64f0e48359a1a1ff21dcb8336426bc69b1c42b396e3e13
ZJ_U51_10K_E037_N332,ZJ_U51_FIXED_V0,10000,EPSG:32651,37,332,370000.0,3320000.0,380000.0,3330000.0,100.0,ZJ-HZB,0.974148,0.0,1.0,525.385,False,COASTAL_RELEVANT,GSHHG_v2.3.7_L1_MEAN_SHORELINE,FIXED_CELL_GRID_OVER_PROVISIONAL_ENVELOPE_V0,c5ae45012653d048825e142f476ea0df3af382fc35fe6e6fae4b2a56495453a4,fa4448652e1f4f9b362481c5f82b79df811df4bee32af63ad12a281926fea804
ZJ_U51_10K_E038_N332,ZJ_U51_FIXED_V0,10000,EPSG:32651,38,332,380000.0,3320000.0,390000.0,3330000.0,100.0,ZJ-HZB,0.018595,0.161439,0.838561,0.0,True,COASTAL_RELEVANT,GSHHG_v2.3.7_L1_MEAN_SHORELINE,FIXED_CELL_GRID_OVER_PROVISIONAL_ENVELOPE_V0,37859178b4bcf8519a4490b4a294ee58b3e5c9bc3f14122eea485b8289542c19,3c77bdbdfc96d5c327880b6379e37599ca9a269733c9e0b13ba2484e511a074d
ZJ_U51_10K_E033_N333,ZJ_U51_FIXED_V0,10000,EPSG:32651,33,333,330000.0,3330000.0,340000.0,3340000.0,100.0,ZJ-HZB,0.184845,1.0,0.0,11772.832,False,NOT_RELEVANT_INLAND,GSHHG_v2.3.7_L1_MEAN_SHORELINE,FIXED_CELL_GRID_OVER_PROVISIONAL_ENVELOPE_V0,20780ddf231e553800b30e4b6ff4d27c85587bae38d10491a04aa00f91df8901,ad80a483369d2b14e1ddb9d117ffcd0281cfb564e8f9c6b691b064ecf0e7a960
ZJ_U51_10K_E034_N333,ZJ_U51_FIXED_V0,10000,EPSG:32651,34,333,340000.0,3330000.0,350000.0,3340000.0,100.0,ZJ-HZB,0.683821,1.0,0.0,4413.616,False,COASTAL_RELEVANT,GSHHG_v2.3.7_L1_MEAN_SHORELINE,FIXED_CELL_GRID_OVER_PROVISIONAL_ENVELOPE_V0,75f1cc039fb59d146b24da5355ffa2fdef801124a4755cd54318d05b3b22c290,8d93845d533155ea87e3c573e23e64eeb2cfc7fb946ea8e06281687689ea92d8
ZJ_U51_10K_E035_N333,ZJ_U51_FIXED_V0,10000,EPSG:32651,35,333,350000.0,3330000.0,360000.0,3340000.0,100.0,ZJ-HZB,0.995927,0.867999,0.132001,0.0,True,COASTAL_RELEVANT,GSHHG_v2.3.7_L1_MEAN_SHORELINE,FIXED_CELL_GRID_OVER_PROVISIONAL_ENVELOPE_V0,863584710591da22db1909fee05d5533d4f05f75f60cd67977237cb327391ea7,8adf93a5cdad978ac7ec8f70a008c2ca030bb1d6f12417ec27c9362650f88cae
ZJ_U51_10K_E036_N333,ZJ_U51_FIXED_V0,10000,EPSG:32651,36,333,360000.0,3330000.0,370000.0,3340000.0,100.0,ZJ-HZB,1.0,0.053041,0.946959,0.0,True,COASTAL_RELEVANT,GSHHG_v2.3.7_L1_MEAN_SHORELINE,FIXED_CELL_GRID_OVER_PROVISIONAL_ENVELOPE_V0,29139ef863ec015083a31350236d69e967e1aeeab6925b5905897ce0978fbbb5,718393a1c6e506cb76285b8e76e91d9d056117a149ffd70871b19fa852307f0b
ZJ_U51_10K_E037_N333,ZJ_U51_FIXED_V0,10000,EPSG:32651,37,333,370000.0,3330000.0,380000.0,3340000.0,100.0,ZJ-HZB,1.0,0.0,1.0,4316.457,False,COASTAL_RELEVANT,GSHHG_v2.3.7_L1_MEAN_SHORELINE,FIXED_CELL_GRID_OVER_PROVISIONAL_ENVELOPE_V0,cf85c0a948da01c03e9eb7ad92e41fea1e888999fcf349dcfd00b73460c7e9c6,3cf22aad8d9ff114e99fb2c6c98860a9d10e9e537f4593e29dd674490ef7ecd1
ZJ_U51_10K_E038_N333,ZJ_U51_FIXED_V0,10000,EPSG:32651,38,333,380000.0,3330000.0,390000.0,3340000.0,100.0,ZJ-HZB,0.160867,0.006007,0.993993,0.0,True,COASTAL_RELEVANT,GSHHG_v2.3.7_L1_MEAN_SHORELINE,FIXED_CELL_GRID_OVER_PROVISIONAL_ENVELOPE_V0,d4aa3e3ce3d72efe6db594631c1659a4767211e363adaef1eae3939d0e0e2df9,60435360a752aecc0d3775249d722ef4f78cda17136b237bba9b1b732469abd5
ZJ_U51_10K_E031_N334,ZJ_U51_FIXED_V0,10000,EPSG:32651,31,334,310000.0,3340000.0,320000.0,3350000.0,100.0,ZJ-HZB,0.177751,0.905319,0.094681,0.0,True,COASTAL_RELEVANT,GSHHG_v2.3.7_L1_MEAN_SHORELINE,FIXED_CELL_GRID_OVER_PROVISIONAL_ENVELOPE_V0,cc2d3b4d0c10fb2f838093c3ff922ad9f18140f2901463bee0f70e640c27b794,e691bfcada23c8834f5225149f521f3e9779bf3e31a5a7c6e92b8fdef43ab221
ZJ_U51_10K_E032_N334,ZJ_U51_FIXED_V0,10000,EPSG:32651,32,334,320000.0,3340000.0,330000.0,3350000.0,100.0,ZJ-HZB,0.675457,1.0,0.0,2757.059,False,COASTAL_RELEVANT,GSHHG_v2.3.7_L1_MEAN_SHORELINE,FIXED_CELL_GRID_OVER_PROVISIONAL_ENVELOPE_V0,316491cd8f359d5335b212d288273cf0b20166e38bf0bd60ca5253a5fcea4738,e0cd35a44eb8120ee088b8c86cdce344673664287f5672dbd118f8ae340b352c
ZJ_U51_10K_E033_N334,ZJ_U51_FIXED_V0,10000,EPSG:32651,33,334,330000.0,3340000.0,340000.0,3350000.0,100.0,ZJ-HZB,0.994794,1.0,0.0,3289.394,False,COASTAL_RELEVANT,GSHHG_v2.3.7_L1_MEAN_SHORELINE,FIXED_CELL_GRID_OVER_PROVISIONAL_ENVELOPE_V0,952405aee92341ac244ad873979e589571695b9a3dbd867f12ec1c9bba0c72b4,1a5c4dbdc8a00a001623080740837759038182c6358ddab6c685fe1a7a5a260d
ZJ_U51_10K_E034_N334,ZJ_U51_FIXED_V0,10000,EPSG:32651,34,334,340000.0,3340000.0,350000.0,3350000.0,100.0,ZJ-HZB,1.0,0.943948,0.056052,0.0,True,COASTAL_RELEVANT,GSHHG_v2.3.7_L1_MEAN_SHORELINE,FIXED_CELL_GRID_OVER_PROVISIONAL_ENVELOPE_V0,2ecf090cc9b0b7969811aa9de9ac5b38e03555f861a5876e6a623c1047b94aea,f0fcdf538c5e806cf22801825c5db3cad34fcf193b45cceb5b0744e0b1a08685
ZJ_U51_10K_E035_N334,ZJ_U51_FIXED_V0,10000,EPSG:32651,35,334,350000.0,3340000.0,360000.0,3350000.0,100.0,ZJ-HZB,1.0,0.207863,0.792137,0.0,True,COASTAL_RELEVANT,GSHHG_v2.3.7_L1_MEAN_SHORELINE,FIXED_CELL_GRID_OVER_PROVISIONAL_ENVELOPE_V0,dd76ea8938a3db987d15f5b07144f8ca1784e7e7c8a36879c9ce0f1ecc9c6fc8,1fb4d2bd357028f82c1aa8802fdfd4df3abde4311469f03e38514e32b24163a4
ZJ_U51_10K_E036_N334,ZJ_U51_FIXED_V0,10000,EPSG:32651,36,334,360000.0,3340000.0,370000.0,3350000.0,100.0,ZJ-HZB,1.0,0.001382,0.998618,0.0,True,COASTAL_RELEVANT,GSHHG_v2.3.7_L1_MEAN_SHORELINE,FIXED_CELL_GRID_OVER_PROVISIONAL_ENVELOPE_V0,1938a9260af02ba4055515c8ea836a6210213c8bca5b66b205d6d1d93add364f,9f1e13671c431502217a4d9b8a6a8ac4e938a27c7a4f8fc7fea93757ced95a2b
ZJ_U51_10K_E037_N334,ZJ_U51_FIXED_V0,10000,EPSG:32651,37,334,370000.0,3340000.0,380000.0,3350000.0,100.0,ZJ-HZB,1.0,0.003165,0.996835,0.0,True,COASTAL_RELEVANT,GSHHG_v2.3.7_L1_MEAN_SHORELINE,FIXED_CELL_GRID_OVER_PROVISIONAL_ENVELOPE_V0,cc214a9773e9cfbc133aba8f0516ba50987d8110c4ea6ca3821844b19e72305a,e8fecb0b5fd65a9fd161e2d8d850fa89ffeac71125bb46f4b734deb0a313718f
ZJ_U51_10K_E038_N334,ZJ_U51_FIXED_V0,10000,EPSG:32651,38,334,380000.0,3340000.0,390000.0,3350000.0,100.0,ZJ-HZB,0.325913,0.0,1.0,2632.35,False,COASTAL_RELEVANT,GSHHG_v2.3.7_L1_MEAN_SHORELINE,FIXED_CELL_GRID_OVER_PROVISIONAL_ENVELOPE_V0,c84e3213950febd29cbfe94065b51f94b10d2ddf7143978a790345304a89247e,8b94cc6ee04ea714f4344e2d32fdde07b3e858d0d354d5eded45c8d3fff3b5b4
ZJ_U51_10K_E029_N335,ZJ_U51_FIXED_V0,10000,EPSG:32651,29,335,290000.0,3350000.0,300000.0,3360000.0,100.0,ZJ-HZB,0.165777,0.0115,0.9885,0.0,True,COASTAL_RELEVANT,GSHHG_v2.3.7_L1_MEAN_SHORELINE,FIXED_CELL_GRID_OVER_PROVISIONAL_ENVELOPE_V0,85f11fe542e78d478855d3c6101a1b2681356597e7198411de8405582a3dafa1,1f08e7d7ed16dc2d12373ab2573f8a82d8ea46d569060fee59cd9b7a04b5de95
ZJ_U51_10K_E030_N335,ZJ_U51_FIXED_V0,10000,EPSG:32651,30,335,300000.0,3350000.0,310000.0,3360000.0,100.0,ZJ-HZB,0.667092,0.0,1.0,1084.981,False,COASTAL_RELEVANT,GSHHG_v2.3.7_L1_MEAN_SHORELINE,FIXED_CELL_GRID_OVER_PROVISIONAL_ENVELOPE_V0,5d3ea719525b317433a0a4cb5d111c7089318fe696e3a5cf175dbb9b651a484e,1f94569b9378433f8cb53a6658bbab5f805f76d5a76594850004149b5400198f
ZJ_U51_10K_E031_N335,ZJ_U51_FIXED_V0,10000,EPSG:32651,31,335,310000.0,3350000.0,320000.0,3360000.0,100.0,ZJ-HZB,0.993523,0.100243,0.899757,0.0,True,COASTAL_RELEVANT,GSHHG_v2.3.7_L1_MEAN_SHORELINE,FIXED_CELL_GRID_OVER_PROVISIONAL_ENVELOPE_V0,f98561e84fe28a44588363e8a0d984e205de85f3e1f49ba002d4384013bf0d39,18cd3a1e6d329ef800dd3fd7f8c19280ce20b96893638ff054b70ab02bad941c
ZJ_U51_10K_E032_N335,ZJ_U51_FIXED_V0,10000,EPSG:32651,32,335,320000.0,3350000.0,330000.0,3360000.0,100.0,ZJ-HZB,1.0,0.50428,0.49572,0.0,True,COASTAL_RELEVANT,GSHHG_v2.3.7_L1_MEAN_SHORELINE,FIXED_CELL_GRID_OVER_PROVISIONAL_ENVELOPE_V0,304400fe844604b6785a5de44c5e16d0c31ce24fda0e99aa7fe1666335f435ce,342ca965de3c0f44e3852d625139c695d7e03fabcc0e3ac9e9e293590ef79eb1
ZJ_U51_10K_E033_N335,ZJ_U51_FIXED_V0,10000,EPSG:32651,33,335,330000.0,3350000.0,340000.0,3360000.0,100.0,ZJ-HZB,1.0,0.533337,0.466663,0.0,True,COASTAL_RELEVANT,GSHHG_v2.3.7_L1_MEAN_SHORELINE,FIXED_CELL_GRID_OVER_PROVISIONAL_ENVELOPE_V0,5ea22c6c76d3a93f7f2bcd481e28f7a4d311824cdefe76ec82ca0cbdd8e50cfb,9600f111a1f5729d8c75432f50d266e5046a844e471ad2828634f1b76ef9fa2e
ZJ_U51_10K_E034_N335,ZJ_U51_FIXED_V0,10000,EPSG:32651,34,335,340000.0,3350000.0,350000.0,3360000.0,100.0,ZJ-HZB,1.0,0.139013,0.860987,0.0,True,COASTAL_RELEVANT,GSHHG_v2.3.7_L1_MEAN_SHORELINE,FIXED_CELL_GRID_OVER_PROVISIONAL_ENVELOPE_V0,839487b0214881492b5e84ef7a0939b2793c44e2ecd95b8c9ebba3add95e150c,cd9ad31786e35845d7658ed266899f555a71523bcfa5a6795593f437219ccdd9
ZJ_U51_10K_E035_N335,ZJ_U51_FIXED_V0,10000,EPSG:32651,35,335,350000.0,3350000.0,360000.0,3360000.0,100.0,ZJ-HZB,1.0,0.0,1.0,2328.742,False,COASTAL_RELEVANT,GSHHG_v2.3.7_L1_MEAN_SHORELINE,FIXED_CELL_GRID_OVER_PROVISIONAL_ENVELOPE_V0,f96917fc0149a4de3859c3d28b67b358af7964fbfafa1c8eaa22af69239948b1,07d1e6f1fb4099ca0d62a51ea7daab94c187f8f86db64f92d88773afe997249a
ZJ_U51_10K_E036_N335,ZJ_U51_FIXED_V0,10000,EPSG:32651,36,335,360000.0,3350000.0,370000.0,3360000.0,100.0,ZJ-HZB,1.0,0.000421,0.999579,0.0,True,COASTAL_RELEVANT,GSHHG_v2.3.7_L1_MEAN_SHORELINE,FIXED_CELL_GRID_OVER_PROVISIONAL_ENVELOPE_V0,e134d3bf2ce754b6891cedb66617f52eb1dc6dd8b3a6101ba9ae1fa495dfbe3b,64cc2cbb04954903fd81d060fd0cb4b694d75260bc76c02bf3e6901390432390
ZJ_U51_10K_E037_N335,ZJ_U51_FIXED_V0,10000,EPSG:32651,37,335,370000.0,3350000.0,380000.0,3360000.0,100.0,ZJ-HZB,1.0,0.0,1.0,791.948,False,COASTAL_RELEVANT,GSHHG_v2.3.7_L1_MEAN_SHORELINE,FIXED_CELL_GRID_OVER_PROVISIONAL_ENVELOPE_V0,736f9675fb2a0e4415430fcfe85a22cbf527a14022dcecbf9f9464736e47ae28,94318fdd45e49a199cf1ecd84d4ff053178def41e9213797560b3a39fce37ae1
ZJ_U51_10K_E038_N335,ZJ_U51_FIXED_V0,10000,EPSG:32651,38,335,380000.0,3350000.0,390000.0,3360000.0,100.0,ZJ-HZB,0.490958,0.0,1.0,308.199,False,COASTAL_RELEVANT,GSHHG_v2.3.7_L1_MEAN_SHORELINE,FIXED_CELL_GRID_OVER_PROVISIONAL_ENVELOPE_V0,c85269b26e04a734a5d1fe73173695e6cdf13102f40ab31c8e651585398853c8,2eddb071ca7f7995a329a15dfa5ea243013ee489b1d44cb6e32c6d757b0f4f14
ZJ_U51_10K_E029_N336,ZJ_U51_FIXED_V0,10000,EPSG:32651,29,336,290000.0,3360000.0,300000.0,3370000.0,100.0,ZJ-HZB,0.107716,0.849731,0.150269,0.0,True,COASTAL_RELEVANT,GSHHG_v2.3.7_L1_MEAN_SHORELINE,FIXED_CELL_GRID_OVER_PROVISIONAL_ENVELOPE_V0,8e0663b4eed7a1622ee7b960784f21d0908a938c50c0c511e6d2c859c68b4d7f,bbe850099fc28cf4514fb710367847ab276be5bc7c9a988137f8bec01e16bb53
ZJ_U51_10K_E030_N336,ZJ_U51_FIXED_V0,10000,EPSG:32651,30,336,300000.0,3360000.0,310000.0,3370000.0,100.0,ZJ-HZB,0.64378,0.106507,0.893493,0.0,True,COASTAL_RELEVANT,GSHHG_v2.3.7_L1_MEAN_SHORELINE,FIXED_CELL_GRID_OVER_PROVISIONAL_ENVELOPE_V0,1caa8f41e45b9f8bdc76fd38809792efa98b75ffb31542a96295f2f91ba1b559,78b1f57b1a3720e7372f2fecbcb9e2909b5bd70b0bd0df712a580ee9f7622563
ZJ_U51_10K_E031_N336,ZJ_U51_FIXED_V0,10000,EPSG:32651,31,336,310000.0,3360000.0,320000.0,3370000.0,100.0,ZJ-HZB,0.996852,0.0,1.0,4902.698,False,COASTAL_RELEVANT,GSHHG_v2.3.7_L1_MEAN_SHORELINE,FIXED_CELL_GRID_OVER_PROVISIONAL_ENVELOPE_V0,952dfe9f859828e909d74de60dbdd92ceeb529f42defdefdeab4678d2f9c7467,a06b9b44c79744d5c5edd789c1d17c7157a0912756d2f09198dd061a3d64de6e
ZJ_U51_10K_E032_N336,ZJ_U51_FIXED_V0,10000,EPSG:32651,32,336,320000.0,3360000.0,330000.0,3370000.0,100.0,ZJ-HZB,1.0,0.0,1.0,3804.295,False,COASTAL_RELEVANT,GSHHG_v2.3.7_L1_MEAN_SHORELINE,FIXED_CELL_GRID_OVER_PROVISIONAL_ENVELOPE_V0,db5059c0f134ceccda55541126f7aa2e4df5f20f77579c5331f5db87bd344392,c160075c22730f7b3f647223a57ac4f8b52c2bfeed59d1740be477a352e2dc7d
ZJ_U51_10K_E033_N336,ZJ_U51_FIXED_V0,10000,EPSG:32651,33,336,330000.0,3360000.0,340000.0,3370000.0,100.0,ZJ-HZB,1.0,0.0,1.0,3601.039,False,COASTAL_RELEVANT,GSHHG_v2.3.7_L1_MEAN_SHORELINE,FIXED_CELL_GRID_OVER_PROVISIONAL_ENVELOPE_V0,dfb9c5e64e9f31a74e6aae8f431c011712c5b13eb2ff6240710a78fd09148d2b,1f97ef8206c4748b0521aa5f8f083b2c827262493daa8f59d2e697b2fcfea694
ZJ_U51_10K_E034_N336,ZJ_U51_FIXED_V0,10000,EPSG:32651,34,336,340000.0,3360000.0,350000.0,3370000.0,100.0,ZJ-HZB,1.0,0.0,1.0,5209.564,False,COASTAL_RELEVANT,GSHHG_v2.3.7_L1_MEAN_SHORELINE,FIXED_CELL_GRID_OVER_PROVISIONAL_ENVELOPE_V0,58b7f24391cae0fcabf3859b61d910694ae9f206613924b2f278d384883bfc83,25ec6e9b180d540eae54da9b94cf542b1b7361722f8b24d69c0688e7e45ef6f1
ZJ_U51_10K_E035_N336,ZJ_U51_FIXED_V0,10000,EPSG:32651,35,336,350000.0,3360000.0,360000.0,3370000.0,100.0,ZJ-HZB,1.0,0.0,1.0,9125.324,False,COASTAL_RELEVANT,GSHHG_v2.3.7_L1_MEAN_SHORELINE,FIXED_CELL_GRID_OVER_PROVISIONAL_ENVELOPE_V0,15bad425bd4351342c201433406f39e738a2f2cf0e9d9ef03b75a9ee794bebb4,75ff3b540cdb98b2a6faebb6c8e4e53b20bb6266730322a90abab13ff959028b
ZJ_U51_10K_E036_N336,ZJ_U51_FIXED_V0,10000,EPSG:32651,36,336,360000.0,3360000.0,370000.0,3370000.0,100.0,ZJ-HZB,1.0,0.0,1.0,8504.547,False,COASTAL_RELEVANT,GSHHG_v2.3.7_L1_MEAN_SHORELINE,FIXED_CELL_GRID_OVER_PROVISIONAL_ENVELOPE_V0,9c16b705b5d994df301a8186623b2ff6901ff6531b478a6e54770afa7b531c27,756d5866a7d8ae8a3747c0b278407c26ca7ad1c49a03c3ac26a19ccb7cc084a1
ZJ_U51_10K_E037_N336,ZJ_U51_FIXED_V0,10000,EPSG:32651,37,336,370000.0,3360000.0,380000.0,3370000.0,100.0,ZJ-HZB,1.0,0.0,1.0,10037.331,False,COASTAL_RELEVANT,GSHHG_v2.3.7_L1_MEAN_SHORELINE,FIXED_CELL_GRID_OVER_PROVISIONAL_ENVELOPE_V0,8e7d61b3600b969d3098b8a1bbe2d141cae3eb472e27ff3bf83692756538e479,064e9970f134be2611fad07d3d4575b956ddcf8071af4bcbd949bda4fc6b01d7
ZJ_U51_10K_E038_N336,ZJ_U51_FIXED_V0,10000,EPSG:32651,38,336,380000.0,3360000.0,390000.0,3370000.0,100.0,ZJ-HZB,0.656003,0.0,1.0,1912.921,False,COASTAL_RELEVANT,GSHHG_v2.3.7_L1_MEAN_SHORELINE,FIXED_CELL_GRID_OVER_PROVISIONAL_ENVELOPE_V0,76d6b14259ce2db461843c8d9b95d39284ad3279a5ec9f863f61983ec4aa9329,ed3a24db00b143104acec199a2c03ffc852d79ed30975373c92725207faa5286
ZJ_U51_10K_E031_N337,ZJ_U51_FIXED_V0,10000,EPSG:32651,31,337,310000.0,3370000.0,320000.0,3380000.0,100.0,ZJ-HZB,0.23742,0.0,1.0,3219.311,False,COASTAL_RELEVANT,GSHHG_v2.3.7_L1_MEAN_SHORELINE,FIXED_CELL_GRID_OVER_PROVISIONAL_ENVELOPE_V0,7bdba487f5da5437a4737e9d034cec9acb2eabb9c1638e446c09a8997e16545e,f0d61ab25c00be98b3b124962cd42dc178fc62224bf4da46dc1c4e3bc940bbd7
ZJ_U51_10K_E032_N337,ZJ_U51_FIXED_V0,10000,EPSG:32651,32,337,320000.0,3370000.0,330000.0,3380000.0,100.0,ZJ-HZB,0.812568,0.0,1.0,4730.995,False,COASTAL_RELEVANT,GSHHG_v2.3.7_L1_MEAN_SHORELINE,FIXED_CELL_GRID_OVER_PROVISIONAL_ENVELOPE_V0,60c96d4bb1bc2ce45523db20575527708fc8cce722fc02583aea7475e3d0b625,53e2948249b5de34c4a0ffedc72b619e8ddfc585e830cdcdd918901e22691cab
ZJ_U51_10K_E033_N337,ZJ_U51_FIXED_V0,10000,EPSG:32651,33,337,330000.0,3370000.0,340000.0,3380000.0,100.0,ZJ-HZB,1.0,0.000154,0.999846,0.0,True,COASTAL_RELEVANT,GSHHG_v2.3.7_L1_MEAN_SHORELINE,FIXED_CELL_GRID_OVER_PROVISIONAL_ENVELOPE_V0,6871588925a36e72f0b1d0e3c74caa9832d739628f8f0570b79c69a8873b9129,ce1710d6f68e96913ba1e70ab788de38eb123643e467723a3bcc7c49f4d09d0a
ZJ_U51_10K_E034_N337,ZJ_U51_FIXED_V0,10000,EPSG:32651,34,337,340000.0,3370000.0,350000.0,3380000.0,100.0,ZJ-HZB,1.0,0.000372,0.999628,0.0,True,COASTAL_RELEVANT,GSHHG_v2.3.7_L1_MEAN_SHORELINE,FIXED_CELL_GRID_OVER_PROVISIONAL_ENVELOPE_V0,bdacc0ac9200a39da17300e9d1ff107decccc5af4bc91cd7dff220fc7ffdcdc1,758aebd9c744cacf858b6bc7d0b995a1b70e1b93d1196ef4ecdc4b91f898ec29
ZJ_U51_10K_E035_N337,ZJ_U51_FIXED_V0,10000,EPSG:32651,35,337,350000.0,3370000.0,360000.0,3380000.0,100.0,ZJ-HZB,1.0,0.0,1.0,4723.766,False,COASTAL_RELEVANT,GSHHG_v2.3.7_L1_MEAN_SHORELINE,FIXED_CELL_GRID_OVER_PROVISIONAL_ENVELOPE_V0,93850ab4e6e459145f0ee268aea15cd2c67cb8c7c643469261160342de502a3e,0f8bc175063e2cf22b06e0631f3ad05f7f7676fef3d9f2000147844aff0c33bc
ZJ_U51_10K_E036_N337,ZJ_U51_FIXED_V0,10000,EPSG:32651,36,337,360000.0,3370000.0,370000.0,3380000.0,100.0,ZJ-HZB,1.0,0.0,1.0,3740.326,False,COASTAL_RELEVANT,GSHHG_v2.3.7_L1_MEAN_SHORELINE,FIXED_CELL_GRID_OVER_PROVISIONAL_ENVELOPE_V0,b0b86a5a5e5ac17f6445f05a9a213ca4ebc3f27c801ea8196e5e57ef50148345,1dc9283ddd5672d0287511f5d6cbe4041a3c75b732b3a0713944a3427435f6a6
ZJ_U51_10K_E037_N337,ZJ_U51_FIXED_V0,10000,EPSG:32651,37,337,370000.0,3370000.0,380000.0,3380000.0,100.0,ZJ-HZB,1.0,0.0,1.0,1131.944,False,COASTAL_RELEVANT,GSHHG_v2.3.7_L1_MEAN_SHORELINE,FIXED_CELL_GRID_OVER_PROVISIONAL_ENVELOPE_V0,23b69928aa61a7dd01f2f61148f364771d6d6366d0f80f1eb58cca3aa84a4ac8,dbbb29a29cfd6ab67ae703cdd12563e83afdaa3b1686c707ec10fd75d89eb874
ZJ_U51_10K_E038_N337,ZJ_U51_FIXED_V0,10000,EPSG:32651,38,337,380000.0,3370000.0,390000.0,3380000.0,100.0,ZJ-HZB,0.821048,0.0,1.0,2090.621,False,COASTAL_RELEVANT,GSHHG_v2.3.7_L1_MEAN_SHORELINE,FIXED_CELL_GRID_OVER_PROVISIONAL_ENVELOPE_V0,8d6a6690611ce7994b15d6a3b6bad74e56aee9a9fb52e8cf3543061c78382599,af653fc5c78f20e5ecf22f35793a6972fdaadb7d79978213d13cbdeb4eac604b
ZJ_U51_10K_E032_N338,ZJ_U51_FIXED_V0,10000,EPSG:32651,32,338,320000.0,3380000.0,330000.0,3390000.0,100.0,ZJ-HZB,0.012195,0.077333,0.922667,0.0,True,COASTAL_RELEVANT,GSHHG_v2.3.7_L1_MEAN_SHORELINE,FIXED_CELL_GRID_OVER_PROVISIONAL_ENVELOPE_V0,272cf3b7b92808ef33c645a1bf1681d3c77bca53b09729cb3f30176de54b45c1,1e893281afd0af113225d4f000f1d68014f3645bf2382bc04cf1f0a90d012676
ZJ_U51_10K_E033_N338,ZJ_U51_FIXED_V0,10000,EPSG:32651,33,338,330000.0,3380000.0,340000.0,3390000.0,100.0,ZJ-HZB,0.415255,0.0,1.0,3021.631,False,COASTAL_RELEVANT,GSHHG_v2.3.7_L1_MEAN_SHORELINE,FIXED_CELL_GRID_OVER_PROVISIONAL_ENVELOPE_V0,7b352f699580f868740cc17a938eced8f7b8236e9dbdb18effb62e7aad884537,b2963aac2f0007de7c924567c0d14cf258d2b21c3411126ee8b3e0d9b5cd8679
ZJ_U51_10K_E034_N338,ZJ_U51_FIXED_V0,10000,EPSG:32651,34,338,340000.0,3380000.0,350000.0,3390000.0,100.0,ZJ-HZB,0.929034,0.0,1.0,3938.749,False,COASTAL_RELEVANT,GSHHG_v2.3.7_L1_MEAN_SHORELINE,FIXED_CELL_GRID_OVER_PROVISIONAL_ENVELOPE_V0,196a6b57e0f8567e10134b9dbc7b0388ee8d7d6a41409193dd0c5e3eb4d75b8c,a526be4d5df1cef18841f984e1994589cf11e00caaa69eb64a6a44a34c46fe3f
ZJ_U51_10K_E035_N338,ZJ_U51_FIXED_V0,10000,EPSG:32651,35,338,350000.0,3380000.0,360000.0,3390000.0,100.0,ZJ-HZB,1.0,0.0,1.0,2754.928,False,COASTAL_RELEVANT,GSHHG_v2.3.7_L1_MEAN_SHORELINE,FIXED_CELL_GRID_OVER_PROVISIONAL_ENVELOPE_V0,659b8b1c9c5de519fef9d75df3070146326d0f8c77d587edb6172b6e27f7ee80,1a34e2cea64cafd3b19b9b168f8381ccc8a33edf2764adaea99cbc3c36dd5524
ZJ_U51_10K_E036_N338,ZJ_U51_FIXED_V0,10000,EPSG:32651,36,338,360000.0,3380000.0,370000.0,3390000.0,100.0,ZJ-HZB,1.0,0.012985,0.987015,0.0,True,COASTAL_RELEVANT,GSHHG_v2.3.7_L1_MEAN_SHORELINE,FIXED_CELL_GRID_OVER_PROVISIONAL_ENVELOPE_V0,33ffbd0f429645367532fd6b05f034ea4996f7b8e7ccf403ed6f2030504437d9,3bb8958cc6625f9333ca410becb25166d6def935af793a808125864dab7f1305
ZJ_U51_10K_E037_N338,ZJ_U51_FIXED_V0,10000,EPSG:32651,37,338,370000.0,3380000.0,380000.0,3390000.0,100.0,ZJ-HZB,1.0,0.009918,0.990082,0.0,True,COASTAL_RELEVANT,GSHHG_v2.3.7_L1_MEAN_SHORELINE,FIXED_CELL_GRID_OVER_PROVISIONAL_ENVELOPE_V0,47462952ba9c9e70e5c708a170c952b359d0bda50779c28e4214ff80db18d98c,b46d875b133e3e0b8d06dbe3448521a890a63e93a6a501c1dd96819dca362410
ZJ_U51_10K_E038_N338,ZJ_U51_FIXED_V0,10000,EPSG:32651,38,338,380000.0,3380000.0,390000.0,3390000.0,100.0,ZJ-HZB,0.97183,0.0,1.0,182.097,False,COASTAL_RELEVANT,GSHHG_v2.3.7_L1_MEAN_SHORELINE,FIXED_CELL_GRID_OVER_PROVISIONAL_ENVELOPE_V0,ef2a393cd7a75b354e6eba02798cc7026c1d11af98b580207b46f285856f5f16,84e0706e89ee52672657b8b85e4bb5238f664dcbe36a04513d5c39a447d7d4a1
ZJ_U51_10K_E039_N338,ZJ_U51_FIXED_V0,10000,EPSG:32651,39,338,390000.0,3380000.0,400000.0,3390000.0,100.0,ZJ-HZB,0.014263,0.0,1.0,969.153,False,COASTAL_RELEVANT,GSHHG_v2.3.7_L1_MEAN_SHORELINE,FIXED_CELL_GRID_OVER_PROVISIONAL_ENVELOPE_V0,d432413dd09c7e51b3ca4e8be97d5d7dfa7f9987989f2212facb8a5a7061eb71,b4956c47ecb2632e470756c9ce5307e529322a80052f140f7b1853f765fa6787
ZJ_U51_10K_E034_N339,ZJ_U51_FIXED_V0,10000,EPSG:32651,34,339,340000.0,3390000.0,350000.0,3400000.0,100.0,ZJ-HZB,0.076713,0.031519,0.968481,0.0,True,COASTAL_RELEVANT,GSHHG_v2.3.7_L1_MEAN_SHORELINE,FIXED_CELL_GRID_OVER_PROVISIONAL_ENVELOPE_V0,22827d3ef6f3546c288adcd58744df5993237101b3f2ede1ebdd0fc6e9d1323a,98e1a91879e28157b6b20f486d2249350c159ba5be89710f4a73768b8f50ed72
ZJ_U51_10K_E035_N339,ZJ_U51_FIXED_V0,10000,EPSG:32651,35,339,350000.0,3390000.0,360000.0,3400000.0,100.0,ZJ-HZB,0.596238,0.0,1.0,503.927,False,COASTAL_RELEVANT,GSHHG_v2.3.7_L1_MEAN_SHORELINE,FIXED_CELL_GRID_OVER_PROVISIONAL_ENVELOPE_V0,d295ca7410b1a6e55bacca866bf94169fc3049e23fb9e4383fd1e59ea863a7d0,baa6fc20fa6f70364be149022638798a5cec05add023205c28e93142d3242c6b
ZJ_U51_10K_E036_N339,ZJ_U51_FIXED_V0,10000,EPSG:32651,36,339,360000.0,3390000.0,370000.0,3400000.0,100.0,ZJ-HZB,0.990029,0.0,1.0,1662.376,False,COASTAL_RELEVANT,GSHHG_v2.3.7_L1_MEAN_SHORELINE,FIXED_CELL_GRID_OVER_PROVISIONAL_ENVELOPE_V0,96b1344500e0196e28be83d7c3e6bd15eb6ec30ec6aa35b9d7f46aba68127f2e,99499a50fb84fb1185696461c8079086fcf1338f09bcea4e428b5da8615b37ac
ZJ_U51_10K_E037_N339,ZJ_U51_FIXED_V0,10000,EPSG:32651,37,339,370000.0,3390000.0,380000.0,3400000.0,100.0,ZJ-HZB,1.0,0.0,1.0,2162.646,False,COASTAL_RELEVANT,GSHHG_v2.3.7_L1_MEAN_SHORELINE,FIXED_CELL_GRID_OVER_PROVISIONAL_ENVELOPE_V0,ec3f2c7d96d9725a2834a7e64c5de0a59bb61ed5048fe730df8d39bd2e98a5ba,dcf1c72c9d9fe7ee70f2e889692e4a7f9c78112b8429fe9864711fe32901d371
ZJ_U51_10K_E038_N339,ZJ_U51_FIXED_V0,10000,EPSG:32651,38,339,380000.0,3390000.0,390000.0,3400000.0,100.0,ZJ-HZB,1.0,0.0,1.0,5421.416,False,COASTAL_RELEVANT,GSHHG_v2.3.7_L1_MEAN_SHORELINE,FIXED_CELL_GRID_OVER_PROVISIONAL_ENVELOPE_V0,ec47914a649642c7ad323bf91fde8fc9f68b23b6eeb60bcd04b6f6fe70782150,bd6aa121c1144280f9fe3ed2298c4c961a09c6ecf396eb956dc3d06b7b0d07ee
ZJ_U51_10K_E039_N339,ZJ_U51_FIXED_V0,10000,EPSG:32651,39,339,390000.0,3390000.0,400000.0,3400000.0,100.0,ZJ-HZB,0.151139,0.0,1.0,4567.319,False,COASTAL_RELEVANT,GSHHG_v2.3.7_L1_MEAN_SHORELINE,FIXED_CELL_GRID_OVER_PROVISIONAL_ENVELOPE_V0,fbaa2c1ed2c95fa725147cf3243c2b2f7fca30302daec5bf25bdfdf7cd888e31,698fa837f6b3c1aa8d53b3f7f3143f279703a91434715e495d27201270c86331
ZJ_U51_10K_E036_N340,ZJ_U51_FIXED_V0,10000,EPSG:32651,36,340,360000.0,3400000.0,370000.0,3410000.0,100.0,ZJ-HZB,0.196701,0.0,1.0,1792.613,False,COASTAL_RELEVANT,GSHHG_v2.3.7_L1_MEAN_SHORELINE,FIXED_CELL_GRID_OVER_PROVISIONAL_ENVELOPE_V0,0236eff04d56d3908febce23cc14fe5850f961e8b62f3db9d3b08584bad84bd5,65399aaec8b1bacc0f51946b6f6dbb27058d007d469971d57ddcf1ee2483515c
ZJ_U51_10K_E037_N340,ZJ_U51_FIXED_V0,10000,EPSG:32651,37,340,370000.0,3400000.0,380000.0,3410000.0,100.0,ZJ-HZB,0.772775,0.0,1.0,3761.9,False,COASTAL_RELEVANT,GSHHG_v2.3.7_L1_MEAN_SHORELINE,FIXED_CELL_GRID_OVER_PROVISIONAL_ENVELOPE_V0,004d14fa8a7066ec2f9007047e91c3fbfe62992bb3d7ac93af8e6034e652bcbc,2e63364b4e1c0a5efa90c360c9a66dbac4aef30dc975158a6a3b68137b4588be
ZJ_U51_10K_E038_N340,ZJ_U51_FIXED_V0,10000,EPSG:32651,38,340,380000.0,3400000.0,390000.0,3410000.0,100.0,ZJ-HZB,1.0,0.0,1.0,4273.906,False,COASTAL_RELEVANT,GSHHG_v2.3.7_L1_MEAN_SHORELINE,FIXED_CELL_GRID_OVER_PROVISIONAL_ENVELOPE_V0,fa0b3b96cdd8d8d55a8be04f602e1179f69e38b700c432e7196a63f1709d9109,6b492fd0b41d2298595928bff8c6b2da37b1838947a34560975f5e49b0433f9e
ZJ_U51_10K_E039_N340,ZJ_U51_FIXED_V0,10000,EPSG:32651,39,340,390000.0,3400000.0,400000.0,3410000.0,100.0,ZJ-HZB,0.316184,0.0,1.0,5064.178,False,COASTAL_RELEVANT,GSHHG_v2.3.7_L1_MEAN_SHORELINE,FIXED_CELL_GRID_OVER_PROVISIONAL_ENVELOPE_V0,b30f2f94ff039431aeeadcd65e0f74440ef0fb23bd0a3c66c2451817ebef8e9e,74bec178c9114f97b8fb3310736d63aac7f5cfa326f3d388f736eb0d3df81b18
ZJ_U51_10K_E037_N341,ZJ_U51_FIXED_V0,10000,EPSG:32651,37,341,370000.0,3410000.0,380000.0,3420000.0,100.0,ZJ-HZB,0.004447,0.597682,0.402318,0.0,True,COASTAL_RELEVANT,GSHHG_v2.3.7_L1_MEAN_SHORELINE,FIXED_CELL_GRID_OVER_PROVISIONAL_ENVELOPE_V0,d3c7cec6252b782677220eb536d34b99fe34bfb0e284459a92cbebedaf387f07,697cb9da028f04cf31a507037f8417f14b6c0c38ecd6ee34553a4b87a2d5353d
ZJ_U51_10K_E038_N341,ZJ_U51_FIXED_V0,10000,EPSG:32651,38,341,380000.0,3410000.0,390000.0,3420000.0,100.0,ZJ-HZB,0.367713,0.523929,0.476071,0.0,True,COASTAL_RELEVANT,GSHHG_v2.3.7_L1_MEAN_SHORELINE,FIXED_CELL_GRID_OVER_PROVISIONAL_ENVELOPE_V0,a3658493dc4b2ec81e92c945f171c69d916e0a948942d95ea08336797217e9d7,d9e38c6dd1088348d331e48154584adfa3664dc378b1a7bcd445b35297598b43
ZJ_U51_10K_E039_N341,ZJ_U51_FIXED_V0,10000,EPSG:32651,39,341,390000.0,3410000.0,400000.0,3420000.0,100.0,ZJ-HZB,0.385057,0.187403,0.812597,0.0,True,COASTAL_RELEVANT,GSHHG_v2.3.7_L1_MEAN_SHORELINE,FIXED_CELL_GRID_OVER_PROVISIONAL_ENVELOPE_V0,3af06bd63b86a0c5b4cbe0368629391af20c573d4ea3606b08516a212e527d62,f28a3bcb6020d714daf51b22d1f1a22ae475fe7bb2f2fd9338e134384d0ca582
ZJ_U51_10K_E034_N320,ZJ_U51_FIXED_V0,10000,EPSG:32651,34,320,340000.0,3200000.0,350000.0,3210000.0,100.0,ZJ-SMB,0.392405,1.0,0.0,4984.332,False,COASTAL_RELEVANT,GSHHG_v2.3.7_L1_MEAN_SHORELINE,FIXED_CELL_GRID_OVER_PROVISIONAL_ENVELOPE_V0,6f82a80d6e95908dcbeef7e29a4c4fe0682d526831ab202ee0b99c8f3252ffd1,5552d339296ad46fc11bdb103d7cff60b867064039769584224b714bab15178c
ZJ_U51_10K_E035_N320,ZJ_U51_FIXED_V0,10000,EPSG:32651,35,320,350000.0,3200000.0,360000.0,3210000.0,100.0,ZJ-SMB,0.564191,0.86216,0.13784,0.0,True,COASTAL_RELEVANT,GSHHG_v2.3.7_L1_MEAN_SHORELINE,FIXED_CELL_GRID_OVER_PROVISIONAL_ENVELOPE_V0,3eeef245672d5512b681d000fa7025a6e57d0dce44326d316660348480b795e3,3f073d68f69359036ed15ba47a4da2a1f99c3f75a185825eed570fa344abcd98
ZJ_U51_10K_E036_N320,ZJ_U51_FIXED_V0,10000,EPSG:32651,36,320,360000.0,3200000.0,370000.0,3210000.0,100.0,ZJ-SMB,0.435035,0.971908,0.028092,0.0,True,COASTAL_RELEVANT,GSHHG_v2.3.7_L1_MEAN_SHORELINE,FIXED_CELL_GRID_OVER_PROVISIONAL_ENVELOPE_V0,f683511a47a0cbfecb77af0a4b2b85830f4549b0091e37e73176d2e08e7f0d3f,527bfe5d9411ff420b23ac271651aacab394555f51574fc9da7f7980db913b7c
ZJ_U51_10K_E037_N320,ZJ_U51_FIXED_V0,10000,EPSG:32651,37,320,370000.0,3200000.0,380000.0,3210000.0,100.0,ZJ-SMB,0.305879,0.253554,0.746446,0.0,True,COASTAL_RELEVANT,GSHHG_v2.3.7_L1_MEAN_SHORELINE,FIXED_CELL_GRID_OVER_PROVISIONAL_ENVELOPE_V0,448f1935629f50673da737fde61a575b157ea53770af63967480163869b0d2b0,231e64eb7c36c82bb700dcb128ebaf78bfa138fd663a1a9589fe9a4e06c6739d
ZJ_U51_10K_E038_N320,ZJ_U51_FIXED_V0,10000,EPSG:32651,38,320,380000.0,3200000.0,390000.0,3210000.0,100.0,ZJ-SMB,0.176723,0.006627,0.993373,0.0,True,COASTAL_RELEVANT,GSHHG_v2.3.7_L1_MEAN_SHORELINE,FIXED_CELL_GRID_OVER_PROVISIONAL_ENVELOPE_V0,c9902c1c749c52313343aed7ebb1fa6b0a5e30a1d7300a1e003451b0c0f475d0,b5a18160c00c0221326d12bc4aeb2ab2d190ca71b00899e5853ce667fe635f71
ZJ_U51_10K_E039_N320,ZJ_U51_FIXED_V0,10000,EPSG:32651,39,320,390000.0,3200000.0,400000.0,3210000.0,100.0,ZJ-SMB,0.028123,0.000261,0.999739,0.0,True,COASTAL_RELEVANT,GSHHG_v2.3.7_L1_MEAN_SHORELINE,FIXED_CELL_GRID_OVER_PROVISIONAL_ENVELOPE_V0,92f92a8b0a58a0c0c7f943655f889ed950b8de6f0f7512c2785a8b3d08fc31a1,2c614886cdd0cd7f3c4a33ff157b2c9474241a05339dd6cc3bb0d89b5cacde9e
ZJ_U51_10K_E034_N321,ZJ_U51_FIXED_V0,10000,EPSG:32651,34,321,340000.0,3210000.0,350000.0,3220000.0,100.0,ZJ-SMB,0.576904,1.0,0.0,377.871,False,COASTAL_RELEVANT,GSHHG_v2.3.7_L1_MEAN_SHORELINE,FIXED_CELL_GRID_OVER_PROVISIONAL_ENVELOPE_V0,a2f3e6b7d7bcabfb3aff5978c99570d30976377e17b5a2ffde3efb1030bad199,ae81ff267a3c0c8b88df77d0af4dd2c88c7784656f8ec9c2ecb8bba4cc6d0922
ZJ_U51_10K_E035_N321,ZJ_U51_FIXED_V0,10000,EPSG:32651,35,321,350000.0,3210000.0,360000.0,3220000.0,100.0,ZJ-SMB,1.0,0.938639,0.061361,0.0,True,COASTAL_RELEVANT,GSHHG_v2.3.7_L1_MEAN_SHORELINE,FIXED_CELL_GRID_OVER_PROVISIONAL_ENVELOPE_V0,ffce64b108306e7988a444e89b7a54dbc3d0b9118b6a4c6b23de59cac0e725f9,aa7b2a61f8e583e56440f835e017b7907598679526995109c3a9f1e6c0404161
ZJ_U51_10K_E036_N321,ZJ_U51_FIXED_V0,10000,EPSG:32651,36,321,360000.0,3210000.0,370000.0,3220000.0,100.0,ZJ-SMB,1.0,0.778013,0.221987,0.0,True,COASTAL_RELEVANT,GSHHG_v2.3.7_L1_MEAN_SHORELINE,FIXED_CELL_GRID_OVER_PROVISIONAL_ENVELOPE_V0,7f3dc9f6dec68259c02b8e22bebc449b31db3634e33a40db047976de3b710280,6b70e6e7412840dbebf6831cf9c6492a93abd0155d934b06729f70a0e98d7e9a
ZJ_U51_10K_E037_N321,ZJ_U51_FIXED_V0,10000,EPSG:32651,37,321,370000.0,3210000.0,380000.0,3220000.0,100.0,ZJ-SMB,1.0,0.084886,0.915114,0.0,True,COASTAL_RELEVANT,GSHHG_v2.3.7_L1_MEAN_SHORELINE,FIXED_CELL_GRID_OVER_PROVISIONAL_ENVELOPE_V0,20722feadc0e44a5ffac0a6a3049b0b2706d3d54fa1ff6daec50dc026c96fe20,33a89909e3fec2aa38cea1d45dcd2769921a8bd53d8fd830bd8a32f1830517b6
ZJ_U51_10K_E038_N321,ZJ_U51_FIXED_V0,10000,EPSG:32651,38,321,380000.0,3210000.0,390000.0,3220000.0,100.0,ZJ-SMB,1.0,0.166236,0.833764,0.0,True,COASTAL_RELEVANT,GSHHG_v2.3.7_L1_MEAN_SHORELINE,FIXED_CELL_GRID_OVER_PROVISIONAL_ENVELOPE_V0,936c0055186d58690d941a4b1b5e3dee68616f7010cde1592f51c9ee11415e3e,ead18acd9dc542282653c7e444f7973ce710308f7c416e8dc16b890c57f5674b
ZJ_U51_10K_E039_N321,ZJ_U51_FIXED_V0,10000,EPSG:32651,39,321,390000.0,3210000.0,400000.0,3220000.0,100.0,ZJ-SMB,0.71734,0.237945,0.762055,0.0,True,COASTAL_RELEVANT,GSHHG_v2.3.7_L1_MEAN_SHORELINE,FIXED_CELL_GRID_OVER_PROVISIONAL_ENVELOPE_V0,6d670f699176ad92372cb04db2b5ed2853e162724174f18d216eb4ef68b97e81,bbeb4baa87996854d5d7ee3d3263cdc135e425b5f8de5215ac19c1351a9775cc
ZJ_U51_10K_E034_N322,ZJ_U51_FIXED_V0,10000,EPSG:32651,34,322,340000.0,3220000.0,350000.0,3230000.0,100.0,ZJ-SMB,0.563287,0.92361,0.07639,0.0,True,COASTAL_RELEVANT,GSHHG_v2.3.7_L1_MEAN_SHORELINE,FIXED_CELL_GRID_OVER_PROVISIONAL_ENVELOPE_V0,0aa20c1d5d3d160032df223eaf4bb3b1919fea70b216bea61072519dd0a18d04,1ea0b34477b8958db1e9fe6c3066715b3290e91f4fc23a69a5a373334c159040
ZJ_U51_10K_E035_N322,ZJ_U51_FIXED_V0,10000,EPSG:32651,35,322,350000.0,3220000.0,360000.0,3230000.0,100.0,ZJ-SMB,1.0,0.301516,0.698484,0.0,True,COASTAL_RELEVANT,GSHHG_v2.3.7_L1_MEAN_SHORELINE,FIXED_CELL_GRID_OVER_PROVISIONAL_ENVELOPE_V0,ca427e7d2023ee5f045712da2ac30ea259f97b6ed795c24b1e1e827852d2abe1,15671b86239ac7776c79faac7133e0f1b5bc3d8857c39796e68494db8b3cc818
ZJ_U51_10K_E036_N322,ZJ_U51_FIXED_V0,10000,EPSG:32651,36,322,360000.0,3220000.0,370000.0,3230000.0,100.0,ZJ-SMB,1.0,0.165454,0.834546,0.0,True,COASTAL_RELEVANT,GSHHG_v2.3.7_L1_MEAN_SHORELINE,FIXED_CELL_GRID_OVER_PROVISIONAL_ENVELOPE_V0,5760dafdf0c85a04958281f08660b856a83d66bad40730fd022fe818a37460e3,c4235274bdf379a9b8f8bdaab6e154c7abab596c776f7febd1903d33d4890613
ZJ_U51_10K_E037_N322,ZJ_U51_FIXED_V0,10000,EPSG:32651,37,322,370000.0,3220000.0,380000.0,3230000.0,100.0,ZJ-SMB,1.0,0.126154,0.873846,0.0,True,COASTAL_RELEVANT,GSHHG_v2.3.7_L1_MEAN_SHORELINE,FIXED_CELL_GRID_OVER_PROVISIONAL_ENVELOPE_V0,262f42f3fea79c0b586ac2fe8af2cbd28d7ce44904aec816ddf8233fed9eabd1,120f39bb4662d7ea5b14df6bd861d9b9d9ab53bd12c7457477c25b2db6287b1a
ZJ_U51_10K_E038_N322,ZJ_U51_FIXED_V0,10000,EPSG:32651,38,322,380000.0,3220000.0,390000.0,3230000.0,100.0,ZJ-SMB,1.0,0.586922,0.413078,0.0,True,COASTAL_RELEVANT,GSHHG_v2.3.7_L1_MEAN_SHORELINE,FIXED_CELL_GRID_OVER_PROVISIONAL_ENVELOPE_V0,73ee3fa29f2ec2cec9b99f0cfcc3265dd76c3d16e8170bfdcd3c7682b45346d2,d4da490b2248d30c622a405c582e369d22dbf8016492c5711cddd67c9712b9c7
ZJ_U51_10K_E039_N322,ZJ_U51_FIXED_V0,10000,EPSG:32651,39,322,390000.0,3220000.0,400000.0,3230000.0,100.0,ZJ-SMB,0.85167,0.76434,0.23566,0.0,True,COASTAL_RELEVANT,GSHHG_v2.3.7_L1_MEAN_SHORELINE,FIXED_CELL_GRID_OVER_PROVISIONAL_ENVELOPE_V0,b1c76d06423a9b5d4f405f8b22dab0a32f63a4507cf58a97e3c7118674f54624,749845d9153c01a779c6886771aee55977a8150c160443f545c153aa1cda21ac
ZJ_U51_10K_E034_N323,ZJ_U51_FIXED_V0,10000,EPSG:32651,34,323,340000.0,3230000.0,350000.0,3240000.0,100.0,ZJ-SMB,0.549671,1.0,0.0,1829.044,False,COASTAL_RELEVANT,GSHHG_v2.3.7_L1_MEAN_SHORELINE,FIXED_CELL_GRID_OVER_PROVISIONAL_ENVELOPE_V0,bfbbe98acce703523077275a46bbcaef5d12a6a6a123339e68f041a028ae2eda,82fcbe4c53b19d239535e8b4154d80eacc38cca762f1b96368343ec204357298
ZJ_U51_10K_E035_N323,ZJ_U51_FIXED_V0,10000,EPSG:32651,35,323,350000.0,3230000.0,360000.0,3240000.0,100.0,ZJ-SMB,1.0,0.770489,0.229511,0.0,True,COASTAL_RELEVANT,GSHHG_v2.3.7_L1_MEAN_SHORELINE,FIXED_CELL_GRID_OVER_PROVISIONAL_ENVELOPE_V0,70790755f4c07750f8f58973a6988bffef4e3337cd6a7d93178e600c4a10348b,0af477f7a67ed54f4adc0ab18b6cede1f72decc9537c4600e202120e5cb9d3f2
ZJ_U51_10K_E036_N323,ZJ_U51_FIXED_V0,10000,EPSG:32651,36,323,360000.0,3230000.0,370000.0,3240000.0,100.0,ZJ-SMB,1.0,0.50807,0.49193,0.0,True,COASTAL_RELEVANT,GSHHG_v2.3.7_L1_MEAN_SHORELINE,FIXED_CELL_GRID_OVER_PROVISIONAL_ENVELOPE_V0,64ccfa105b6dc6a5ac812aebaaddffdc76329228368e15806871a23f60a97054,f36b373ed09d1609d597c6e423e786d5dadbc5a3bab339f4c4073a3525cf702d
ZJ_U51_10K_E037_N323,ZJ_U51_FIXED_V0,10000,EPSG:32651,37,323,370000.0,3230000.0,380000.0,3240000.0,100.0,ZJ-SMB,0.877637,0.979077,0.020923,0.0,True,COASTAL_RELEVANT,GSHHG_v2.3.7_L1_MEAN_SHORELINE,FIXED_CELL_GRID_OVER_PROVISIONAL_ENVELOPE_V0,9ae34579725f29acf031652d2ca7af0d71b37f628972106e52e5b93ce79c318e,3f69de7b43d3de0814c10ed3d9ee75369e01c5744e49a055ec6c5831d9da3aa2
ZJ_U51_10K_E038_N323,ZJ_U51_FIXED_V0,10000,EPSG:32651,38,323,380000.0,3230000.0,390000.0,3240000.0,100.0,ZJ-SMB,0.405547,0.734944,0.265056,0.0,True,COASTAL_RELEVANT,GSHHG_v2.3.7_L1_MEAN_SHORELINE,FIXED_CELL_GRID_OVER_PROVISIONAL_ENVELOPE_V0,acb22575ea1f1e260edc17ffc2c6e7606a4a3bcbb058346d80c0ace541acf1d1,64e95adbf85c754ba680244996c126bdea4c283bd0635dfa04050339a034fbb1
ZJ_U51_10K_E039_N323,ZJ_U51_FIXED_V0,10000,EPSG:32651,39,323,390000.0,3230000.0,400000.0,3240000.0,100.0,ZJ-SMB,0.025504,0.871489,0.128511,0.0,True,COASTAL_RELEVANT,GSHHG_v2.3.7_L1_MEAN_SHORELINE,FIXED_CELL_GRID_OVER_PROVISIONAL_ENVELOPE_V0,b7a32d33e5f02333e7ba8966a148f2e94c66b6ae3c763cd5bf8b1d7687cf4da7,41786c337dc74ba6538e66266c74cbb66145b57867924529a2eaaf7f32845c43
ZJ_U51_10K_E034_N324,ZJ_U51_FIXED_V0,10000,EPSG:32651,34,324,340000.0,3240000.0,350000.0,3250000.0,100.0,ZJ-SMB,0.536054,1.0,0.0,3673.409,False,COASTAL_RELEVANT,GSHHG_v2.3.7_L1_MEAN_SHORELINE,FIXED_CELL_GRID_OVER_PROVISIONAL_ENVELOPE_V0,8b6d1c6c9201ff8d68faa8fac9a30e5cc021e0365ad5420c1ac4218d2628b02e,19c505740a0261b8b74692f80b4a020904dccda12de46eedbb771d90cc43ef5d
ZJ_U51_10K_E035_N324,ZJ_U51_FIXED_V0,10000,EPSG:32651,35,324,350000.0,3240000.0,360000.0,3250000.0,100.0,ZJ-SMB,0.868619,1.0,0.0,158.532,False,COASTAL_RELEVANT,GSHHG_v2.3.7_L1_MEAN_SHORELINE,FIXED_CELL_GRID_OVER_PROVISIONAL_ENVELOPE_V0,c213284a2d20bedbf3872090102dc7f6d9203eb55beb0ffffb4a419e96488530,b1ce37193253b0604fc72502335342574a084c4e8206568e19b34d698c069db4
ZJ_U51_10K_E036_N324,ZJ_U51_FIXED_V0,10000,EPSG:32651,36,324,360000.0,3240000.0,370000.0,3250000.0,100.0,ZJ-SMB,0.392967,0.926786,0.073214,0.0,True,COASTAL_RELEVANT,GSHHG_v2.3.7_L1_MEAN_SHORELINE,FIXED_CELL_GRID_OVER_PROVISIONAL_ENVELOPE_V0,b0ba5db6d2de9d14b68cffd0c93d82f2770b9df2d3dae517475ba4a1ef52b08f,fab977828fe25782c890987baa0222604780823a18a5e50d317f056e470f7bd5
ZJ_U51_10K_E037_N324,ZJ_U51_FIXED_V0,10000,EPSG:32651,37,324,370000.0,3240000.0,380000.0,3250000.0,100.0,ZJ-SMB,0.021621,0.987583,0.012417,0.0,True,COASTAL_RELEVANT,GSHHG_v2.3.7_L1_MEAN_SHORELINE,FIXED_CELL_GRID_OVER_PROVISIONAL_ENVELOPE_V0,f3618e379cfa1be1a77482fa97ce336f283160915cf8e2e3d89dedcbf8a08aac,3eaad6508cf972df9f901e65222190cbf02852bac9607f597e7787330addbcf6
ZJ_U51_10K_E034_N325,ZJ_U51_FIXED_V0,10000,EPSG:32651,34,325,340000.0,3250000.0,350000.0,3260000.0,100.0,ZJ-SMB,0.138762,0.941498,0.058502,0.0,True,COASTAL_RELEVANT,GSHHG_v2.3.7_L1_MEAN_SHORELINE,FIXED_CELL_GRID_OVER_PROVISIONAL_ENVELOPE_V0,263e1308aa6aea8f76bba3789217a513fb25fdb67204452fb5e62a5feaec876e,0af9ddada3f770a3a49b7e962006deec9891264e855f5355cfd2d2e3973304d2
ZJ_U51_10K_E035_N325,ZJ_U51_FIXED_V0,10000,EPSG:32651,35,325,350000.0,3250000.0,360000.0,3260000.0,100.0,ZJ-SMB,0.018058,0.736833,0.263167,0.0,True,COASTAL_RELEVANT,GSHHG_v2.3.7_L1_MEAN_SHORELINE,FIXED_CELL_GRID_OVER_PROVISIONAL_ENVELOPE_V0,cdd4d97c8863fcd19270f5d77bdfe0551f640d4562fd9d50d0898a825f4cf963,f08e574181ae7d52030d63010df713339c3ea8341fcb1eb5931fea44fb112c23
ZJ_U51_10K_E029_N309,ZJ_U51_FIXED_V0,10000,EPSG:32651,29,309,290000.0,3090000.0,300000.0,3100000.0,100.0,ZJ-YQB,0.027509,0.368048,0.631952,0.0,True,COASTAL_RELEVANT,GSHHG_v2.3.7_L1_MEAN_SHORELINE,FIXED_CELL_GRID_OVER_PROVISIONAL_ENVELOPE_V0,0f80cd6d49eb2a7dbbc3025d23ee72f255502903c5d3b602909ef97782ef904c,125789dac8aa81785a8bff794bd5cf1e1d57cab767275af6ec0f565988fdd373
ZJ_U51_10K_E030_N309,ZJ_U51_FIXED_V0,10000,EPSG:32651,30,309,300000.0,3090000.0,310000.0,3100000.0,100.0,ZJ-YQB,0.183514,0.104233,0.895767,0.0,True,COASTAL_RELEVANT,GSHHG_v2.3.7_L1_MEAN_SHORELINE,FIXED_CELL_GRID_OVER_PROVISIONAL_ENVELOPE_V0,17e4918bc2d2c0c1a150150ac211f89c15b093e807d170104549cb3536ae8e6a,d68773e0dbd7822feec49f5ef5f5e77af451b35289ff1c65e575ed200625637f
ZJ_U51_10K_E031_N309,ZJ_U51_FIXED_V0,10000,EPSG:32651,31,309,310000.0,3090000.0,320000.0,3100000.0,100.0,ZJ-YQB,0.427539,0.254101,0.745899,0.0,True,COASTAL_RELEVANT,GSHHG_v2.3.7_L1_MEAN_SHORELINE,FIXED_CELL_GRID_OVER_PROVISIONAL_ENVELOPE_V0,f57685a56cffd4a7c5c79c9506c1e97518ad110bedeee8bca5fe4e4949b610f9,d456dd68a5726a169979615e7cab87094d48e4ec53c3f5b7a42cc965c2fb22c3
ZJ_U51_10K_E029_N310,ZJ_U51_FIXED_V0,10000,EPSG:32651,29,310,290000.0,3100000.0,300000.0,3110000.0,100.0,ZJ-YQB,0.031481,0.999947,5.3e-05,0.0,True,COASTAL_RELEVANT,GSHHG_v2.3.7_L1_MEAN_SHORELINE,FIXED_CELL_GRID_OVER_PROVISIONAL_ENVELOPE_V0,bc21c72a0779ffc329bd187606f56bcc51fdcf6faa306b406a0cbb0f54b48db2,30f25252f1ee62deede6a3d24d10a18436ea1aaddad247838552ced3f22f2f41
ZJ_U51_10K_E030_N310,ZJ_U51_FIXED_V0,10000,EPSG:32651,30,310,300000.0,3100000.0,310000.0,3110000.0,100.0,ZJ-YQB,0.86626,0.209039,0.790961,0.0,True,COASTAL_RELEVANT,GSHHG_v2.3.7_L1_MEAN_SHORELINE,FIXED_CELL_GRID_OVER_PROVISIONAL_ENVELOPE_V0,c6bbb794391ec74a3fef6548eb05ff6c7917d746fec705e437001ab79b3ac8d0,15c807146d118c83b589b7a1f163ac2566b1be3ed3fccc597e9c441e68d0b5a1
ZJ_U51_10K_E031_N310,ZJ_U51_FIXED_V0,10000,EPSG:32651,31,310,310000.0,3100000.0,320000.0,3110000.0,100.0,ZJ-YQB,0.999733,0.1383,0.8617,0.0,True,COASTAL_RELEVANT,GSHHG_v2.3.7_L1_MEAN_SHORELINE,FIXED_CELL_GRID_OVER_PROVISIONAL_ENVELOPE_V0,cfb43ced20adc218c120b074a973091c1d3e28c40fb4462c4e91387a6ba5171b,bb47f06c430646a101f25d0648d5c22b087a01c5877598bff4a01aeb91ec556f
ZJ_U51_10K_E032_N310,ZJ_U51_FIXED_V0,10000,EPSG:32651,32,310,320000.0,3100000.0,330000.0,3110000.0,100.0,ZJ-YQB,0.275403,0.448597,0.551403,0.0,True,COASTAL_RELEVANT,GSHHG_v2.3.7_L1_MEAN_SHORELINE,FIXED_CELL_GRID_OVER_PROVISIONAL_ENVELOPE_V0,50d6db7a19dfb9a55e4cef151424b6d98a5e781a81f168ded34191528bd60f10,2dd38a099bd65543d727bfd269957fc8400a0c766115a232df415d586ae40771
ZJ_U51_10K_E030_N311,ZJ_U51_FIXED_V0,10000,EPSG:32651,30,311,300000.0,3110000.0,310000.0,3120000.0,100.0,ZJ-YQB,0.307752,0.682909,0.317091,0.0,True,COASTAL_RELEVANT,GSHHG_v2.3.7_L1_MEAN_SHORELINE,FIXED_CELL_GRID_OVER_PROVISIONAL_ENVELOPE_V0,1fe7634e5e0714d640d2fda38025e1233e1f5d22cb1a2e7c089e5170af7d068f,3f30eec15a4a2a751125c4e458d7dc55060c2aeedb3eb1f5341284aa97d6b6cd
ZJ_U51_10K_E031_N311,ZJ_U51_FIXED_V0,10000,EPSG:32651,31,311,310000.0,3110000.0,320000.0,3120000.0,100.0,ZJ-YQB,1.0,0.248042,0.751958,0.0,True,COASTAL_RELEVANT,GSHHG_v2.3.7_L1_MEAN_SHORELINE,FIXED_CELL_GRID_OVER_PROVISIONAL_ENVELOPE_V0,f8598ca198cecea4a8c83ff1b0ffc6d625cb8133344b4785b42828f7d7258d8c,b272747e9c38f9e6c4e54c00fe08d95d6e255626f2dc7ab03c51fb36c2271bac
ZJ_U51_10K_E032_N311,ZJ_U51_FIXED_V0,10000,EPSG:32651,32,311,320000.0,3110000.0,330000.0,3120000.0,100.0,ZJ-YQB,0.382889,0.777811,0.222189,0.0,True,COASTAL_RELEVANT,GSHHG_v2.3.7_L1_MEAN_SHORELINE,FIXED_CELL_GRID_OVER_PROVISIONAL_ENVELOPE_V0,ba53a17367d34a81757e9589e4ecba2bb959167a00c45a3612567ec77acf7e2f,bdd54e1b6d541bd661c644ad12be5fc2a5162e43e96a8f891fbfab25ddb83208
ZJ_U51_10K_E030_N312,ZJ_U51_FIXED_V0,10000,EPSG:32651,30,312,300000.0,3120000.0,310000.0,3130000.0,100.0,ZJ-YQB,0.000138,1.0,0.0,354.352,False,COASTAL_RELEVANT,GSHHG_v2.3.7_L1_MEAN_SHORELINE,FIXED_CELL_GRID_OVER_PROVISIONAL_ENVELOPE_V0,0a3ef58d063f7d084010932c1703c6d30c6efb3c2ac901e22815b3030272e765,5711410c7dbcbe384b72f8d353afe28f46d51c2128a6bb5b98dd11345d8aa569
ZJ_U51_10K_E031_N312,ZJ_U51_FIXED_V0,10000,EPSG:32651,31,312,310000.0,3120000.0,320000.0,3130000.0,100.0,ZJ-YQB,0.717627,0.543906,0.456094,0.0,True,COASTAL_RELEVANT,GSHHG_v2.3.7_L1_MEAN_SHORELINE,FIXED_CELL_GRID_OVER_PROVISIONAL_ENVELOPE_V0,99d0e6a98e14450ea40d71ce46a68c43c98de77cb47860c4f077ac18a18d2590,def7dbc238ac2727d713dfc5277cb5450e68415ba6421f6efe2ec4bab77f86f5
ZJ_U51_10K_E032_N312,ZJ_U51_FIXED_V0,10000,EPSG:32651,32,312,320000.0,3120000.0,330000.0,3130000.0,100.0,ZJ-YQB,0.377276,0.177226,0.822774,0.0,True,COASTAL_RELEVANT,GSHHG_v2.3.7_L1_MEAN_SHORELINE,FIXED_CELL_GRID_OVER_PROVISIONAL_ENVELOPE_V0,1fd763de23459fd8931adc575ff79c8ac311545b498fd7948d7e1b4f8c39d7b6,c40a2cae6cc27ed13b02fe872d10ad4bcfbc9e34dfdfb8ced0973b6d40349228
ZJ_U51_10K_E031_N313,ZJ_U51_FIXED_V0,10000,EPSG:32651,31,313,310000.0,3130000.0,320000.0,3140000.0,100.0,ZJ-YQB,0.151474,0.740158,0.259842,0.0,True,COASTAL_RELEVANT,GSHHG_v2.3.7_L1_MEAN_SHORELINE,FIXED_CELL_GRID_OVER_PROVISIONAL_ENVELOPE_V0,356a03dcc5f281e1a3ac7ce03977faadb47b0dd2bc4d4005554f8b8ebc658ab0,ce206a0e215e291b34ef1b85e9c247b31f7484995280577371658c4eaf6bba6e
ZJ_U51_10K_E032_N313,ZJ_U51_FIXED_V0,10000,EPSG:32651,32,313,320000.0,3130000.0,330000.0,3140000.0,100.0,ZJ-YQB,0.347967,0.46031,0.53969,0.0,True,COASTAL_RELEVANT,GSHHG_v2.3.7_L1_MEAN_SHORELINE,FIXED_CELL_GRID_OVER_PROVISIONAL_ENVELOPE_V0,89e82299d046faa03542de10bee4512f5390f1665cc6ab8d7f70c4ff2f078af8,2bf53e404efb4efe253448aeb8d1745f7184838186201c5a86dbbf99d04dd1e4
ZJ_U51_10K_E032_N314,ZJ_U51_FIXED_V0,10000,EPSG:32651,32,314,320000.0,3140000.0,330000.0,3150000.0,100.0,ZJ-YQB,0.034133,0.942269,0.057731,0.0,True,COASTAL_RELEVANT,GSHHG_v2.3.7_L1_MEAN_SHORELINE,FIXED_CELL_GRID_OVER_PROVISIONAL_ENVELOPE_V0,f33230e008bae1363439ad1aad9469f2293f8a3527c2d17117884e8cec434b1c,243cf99b1fc41d789f010dc2e30406c5277bad57882c0df633264faff0aa24fa
ZJ_U51_20K_E018_N165,ZJ_U51_FIXED_V0,20000,EPSG:32651,18,165,360000.0,3300000.0,380000.0,3320000.0,400.0,ZJ-HZB,0.037495,0.922013,0.077987,0.0,True,COASTAL_RELEVANT,GSHHG_v2.3.7_L1_MEAN_SHORELINE,FIXED_CELL_GRID_OVER_PROVISIONAL_ENVELOPE_V0,bd8b789cbd302a6ee76cbe489eaaf4d79bfbcb963dcc05769745b8d464e9f02b,9d061ec38f5d803b7c5345979e5d16ef600e4f354155419f032b26f576e06249
ZJ_U51_20K_E016_N166,ZJ_U51_FIXED_V0,20000,EPSG:32651,16,166,320000.0,3320000.0,340000.0,3340000.0,400.0,ZJ-HZB,0.046211,1.0,0.0,9935.57,False,COASTAL_RELEVANT,GSHHG_v2.3.7_L1_MEAN_SHORELINE,FIXED_CELL_GRID_OVER_PROVISIONAL_ENVELOPE_V0,dffbabca83db2a3d3490c789c3fdb4432109e49100db39cd066a8b76c17ccaa8,512dbb041de946ba0c31448601c5e2f1eaca009e626fb2d977dd522445763578
ZJ_U51_20K_E017_N166,ZJ_U51_FIXED_V0,20000,EPSG:32651,17,166,340000.0,3320000.0,360000.0,3340000.0,400.0,ZJ-HZB,0.467956,0.967,0.033,0.0,True,COASTAL_RELEVANT,GSHHG_v2.3.7_L1_MEAN_SHORELINE,FIXED_CELL_GRID_OVER_PROVISIONAL_ENVELOPE_V0,e3eb6b3f5dd04ee29c293f35fc0309c727b31a719289f26c7d757108f21445fe,76879c7c8b2488c392dbb44d53e700ca87e3707dbea7d1cbc4b31403a8f8c6d9
ZJ_U51_20K_E018_N166,ZJ_U51_FIXED_V0,20000,EPSG:32651,18,166,360000.0,3320000.0,380000.0,3340000.0,400.0,ZJ-HZB,0.916584,0.159665,0.840335,0.0,True,COASTAL_RELEVANT,GSHHG_v2.3.7_L1_MEAN_SHORELINE,FIXED_CELL_GRID_OVER_PROVISIONAL_ENVELOPE_V0,311c8b01ff648f6376cf3af82784f20c5082fda4bd19171f8f81ee2133d5c660,2a459d0ee0b430e5742b521b2ca64c0f538a3b5530554fda37810af023985c15
ZJ_U51_20K_E019_N166,ZJ_U51_FIXED_V0,20000,EPSG:32651,19,166,380000.0,3320000.0,400000.0,3340000.0,400.0,ZJ-HZB,0.044865,0.210772,0.789228,0.0,True,COASTAL_RELEVANT,GSHHG_v2.3.7_L1_MEAN_SHORELINE,FIXED_CELL_GRID_OVER_PROVISIONAL_ENVELOPE_V0,1b6180e44351941e5913f7c9db17bc9cc28627e31f95690f72cb0bb79efc3f21,4d079d99447cfe7cd333c5dd1c358fadce6e4d43ab6105e879cc270cac2c8844
ZJ_U51_20K_E014_N167,ZJ_U51_FIXED_V0,20000,EPSG:32651,14,167,280000.0,3340000.0,300000.0,3360000.0,400.0,ZJ-HZB,0.041444,0.013755,0.986245,0.0,True,COASTAL_RELEVANT,GSHHG_v2.3.7_L1_MEAN_SHORELINE,FIXED_CELL_GRID_OVER_PROVISIONAL_ENVELOPE_V0,763b3d1ca0ad2989fe89ec14541b056a68981c99d8c0fa8cd6cae61b8f71312a,3bb336e7cdfcd1854a822bd3e72fa1c404721de91a3eac165168feb0095cec93
ZJ_U51_20K_E015_N167,ZJ_U51_FIXED_V0,20000,EPSG:32651,15,167,300000.0,3340000.0,320000.0,3360000.0,400.0,ZJ-HZB,0.459592,0.307564,0.692436,0.0,True,COASTAL_RELEVANT,GSHHG_v2.3.7_L1_MEAN_SHORELINE,FIXED_CELL_GRID_OVER_PROVISIONAL_ENVELOPE_V0,544eceea76220a98e54ad174f78bb449bdc22bf410827c8ce599450841f4239a,ce076ab64c9bf9054a0f0b7dad94c1736179221d14a156253a08e639c83fa677
ZJ_U51_20K_E016_N167,ZJ_U51_FIXED_V0,20000,EPSG:32651,16,167,320000.0,3340000.0,340000.0,3360000.0,400.0,ZJ-HZB,0.917563,0.759404,0.240596,0.0,True,COASTAL_RELEVANT,GSHHG_v2.3.7_L1_MEAN_SHORELINE,FIXED_CELL_GRID_OVER_PROVISIONAL_ENVELOPE_V0,7bcf89bea3a8b6d3bc817632f02a2a801a8a48c065c9547fbe675bd7c4139edb,126db5bdc0335ddd0a5b530aab537fcd58770c94c41f5a13c58ec2964590d509
ZJ_U51_20K_E017_N167,ZJ_U51_FIXED_V0,20000,EPSG:32651,17,167,340000.0,3340000.0,360000.0,3360000.0,400.0,ZJ-HZB,1.0,0.322706,0.677294,0.0,True,COASTAL_RELEVANT,GSHHG_v2.3.7_L1_MEAN_SHORELINE,FIXED_CELL_GRID_OVER_PROVISIONAL_ENVELOPE_V0,ba938ddc1da4eabc24b6ac659eb1e45926a17491b6202dcd76f9142319d50b10,ae756603990b8c272b8b1abc4aa32b7b6647ff8ae432e33de8d40aa6b49eb25a
ZJ_U51_20K_E018_N167,ZJ_U51_FIXED_V0,20000,EPSG:32651,18,167,360000.0,3340000.0,380000.0,3360000.0,400.0,ZJ-HZB,1.0,0.001242,0.998758,0.0,True,COASTAL_RELEVANT,GSHHG_v2.3.7_L1_MEAN_SHORELINE,FIXED_CELL_GRID_OVER_PROVISIONAL_ENVELOPE_V0,bbecc5a99208663239a89e97ff7ebaa9ada6cf6306d318b671ea57d18451757b,2b90ea0cb680e2092512f87c6225861b9d9b653489a74a5870762bceda102035
ZJ_U51_20K_E019_N167,ZJ_U51_FIXED_V0,20000,EPSG:32651,19,167,380000.0,3340000.0,400000.0,3360000.0,400.0,ZJ-HZB,0.204218,0.00755,0.99245,0.0,True,COASTAL_RELEVANT,GSHHG_v2.3.7_L1_MEAN_SHORELINE,FIXED_CELL_GRID_OVER_PROVISIONAL_ENVELOPE_V0,0290f9f30f77572dcd832dc8d83bf05225c6616f576d75cfb53f1499d05c9d28,feab61972fb965a8e11601ebe49fe9de7b4881b9e14f8e466c85374336bfb17d
ZJ_U51_20K_E014_N168,ZJ_U51_FIXED_V0,20000,EPSG:32651,14,168,280000.0,3360000.0,300000.0,3380000.0,400.0,ZJ-HZB,0.026929,0.93397,0.06603,0.0,True,COASTAL_RELEVANT,GSHHG_v2.3.7_L1_MEAN_SHORELINE,FIXED_CELL_GRID_OVER_PROVISIONAL_ENVELOPE_V0,ba97dbd99454f6b82e48f8b3815f924500da00c5e2bf7526924b95ab64a0f174,c2a0f3a79c36bd30eb91fd67b1ca7894f556a9f6bbaaa63a5435782efaabc268
ZJ_U51_20K_E015_N168,ZJ_U51_FIXED_V0,20000,EPSG:32651,15,168,300000.0,3360000.0,320000.0,3380000.0,400.0,ZJ-HZB,0.469513,0.105552,0.894448,0.0,True,COASTAL_RELEVANT,GSHHG_v2.3.7_L1_MEAN_SHORELINE,FIXED_CELL_GRID_OVER_PROVISIONAL_ENVELOPE_V0,bf4e7854e93f18c7accf904fe852b14de22e444f60b622908b0bc70176ec7203,3839f06b181c3ca399ebe66ed8163dd1fb5c2409e900231ebe92a0372a8b4063
ZJ_U51_20K_E016_N168,ZJ_U51_FIXED_V0,20000,EPSG:32651,16,168,320000.0,3360000.0,340000.0,3380000.0,400.0,ZJ-HZB,0.953142,3.8e-05,0.999962,0.0,True,COASTAL_RELEVANT,GSHHG_v2.3.7_L1_MEAN_SHORELINE,FIXED_CELL_GRID_OVER_PROVISIONAL_ENVELOPE_V0,0560af66b5c8f8337c0b6c05982eb03f5206e0233edb45e64268af4e4c532288,915119a5f51dff31d32559d3fb7a7cff833439d416b530620a9cc088328b8c8d
ZJ_U51_20K_E017_N168,ZJ_U51_FIXED_V0,20000,EPSG:32651,17,168,340000.0,3360000.0,360000.0,3380000.0,400.0,ZJ-HZB,1.0,9.3e-05,0.999907,0.0,True,COASTAL_RELEVANT,GSHHG_v2.3.7_L1_MEAN_SHORELINE,FIXED_CELL_GRID_OVER_PROVISIONAL_ENVELOPE_V0,605b2440121693782f6d1a1e97706002ef8493efb8f39e904bcf49a82b85090f,757f3e942653a08bf757fc903931d75ca03417e9f6eb3d02ca2507c86eec6b91
ZJ_U51_20K_E018_N168,ZJ_U51_FIXED_V0,20000,EPSG:32651,18,168,360000.0,3360000.0,380000.0,3380000.0,400.0,ZJ-HZB,1.0,0.0,1.0,1131.944,False,COASTAL_RELEVANT,GSHHG_v2.3.7_L1_MEAN_SHORELINE,FIXED_CELL_GRID_OVER_PROVISIONAL_ENVELOPE_V0,16975f57639e1cffe1ac53f8c745ba075f888fa4547b1f0b2ec46c543e9c0eb9,d9ccff1ed1f2af12282ba9df0bf7c4cb48baf7079f3c0f98f587d2a49925304d
ZJ_U51_20K_E019_N168,ZJ_U51_FIXED_V0,20000,EPSG:32651,19,168,380000.0,3360000.0,400000.0,3380000.0,400.0,ZJ-HZB,0.369263,0.0,1.0,1488.033,False,COASTAL_RELEVANT,GSHHG_v2.3.7_L1_MEAN_SHORELINE,FIXED_CELL_GRID_OVER_PROVISIONAL_ENVELOPE_V0,3f9fdff2f252b83780d3edaf6fc3e9e610a776e32d1f7b77b7ef9cf7a3ffc728,6bea17fefd45239ac4d0f30a47d6b004013224c513694dfd54b4d6314334f140
ZJ_U51_20K_E016_N169,ZJ_U51_FIXED_V0,20000,EPSG:32651,16,169,320000.0,3380000.0,340000.0,3400000.0,400.0,ZJ-HZB,0.106863,0.28108,0.71892,0.0,True,COASTAL_RELEVANT,GSHHG_v2.3.7_L1_MEAN_SHORELINE,FIXED_CELL_GRID_OVER_PROVISIONAL_ENVELOPE_V0,2bd9cc263e6371d76632081d9247fc9d27837d5a4f04aa6b43cecaa2f4881cd7,0b82e065ff2afdc283692086e9c0c7cbf94b693b287d69f453cd9f41ac0011c1
ZJ_U51_20K_E017_N169,ZJ_U51_FIXED_V0,20000,EPSG:32651,17,169,340000.0,3380000.0,360000.0,3400000.0,400.0,ZJ-HZB,0.650496,0.00788,0.99212,0.0,True,COASTAL_RELEVANT,GSHHG_v2.3.7_L1_MEAN_SHORELINE,FIXED_CELL_GRID_OVER_PROVISIONAL_ENVELOPE_V0,f60a19e16e013cc1fdc9a2b399743aecffdaaf2c1224de5ffec256b3a49a6342,9e21d0b26a62a76ff8b725fbb06d9d3d468ef7414f7dbbf1e941ecae9041e1c2
ZJ_U51_20K_E018_N169,ZJ_U51_FIXED_V0,20000,EPSG:32651,18,169,360000.0,3380000.0,380000.0,3400000.0,400.0,ZJ-HZB,0.997507,0.005726,0.994274,0.0,True,COASTAL_RELEVANT,GSHHG_v2.3.7_L1_MEAN_SHORELINE,FIXED_CELL_GRID_OVER_PROVISIONAL_ENVELOPE_V0,9edd408c1ff7b7178b8c9ecb65872a975f53da5a2f49766281c2a1355dbe0e3c,fcd775d0b7e39372d4af54de55489baefa6da904869911c7cc547910a9eef0c0
ZJ_U51_20K_E019_N169,ZJ_U51_FIXED_V0,20000,EPSG:32651,19,169,380000.0,3380000.0,400000.0,3400000.0,400.0,ZJ-HZB,0.534308,0.0,1.0,182.097,False,COASTAL_RELEVANT,GSHHG_v2.3.7_L1_MEAN_SHORELINE,FIXED_CELL_GRID_OVER_PROVISIONAL_ENVELOPE_V0,0c203a46dc0f74de70dd0763d0a567c88af7126596da11239f57e141693b7067,5b532351e00e3acc0073fbc6247e4e6a03a8774569a9b8f249251b0b003afb29
ZJ_U51_20K_E018_N170,ZJ_U51_FIXED_V0,20000,EPSG:32651,18,170,360000.0,3400000.0,380000.0,3420000.0,400.0,ZJ-HZB,0.243481,0.329671,0.670329,0.0,True,COASTAL_RELEVANT,GSHHG_v2.3.7_L1_MEAN_SHORELINE,FIXED_CELL_GRID_OVER_PROVISIONAL_ENVELOPE_V0,212d4ce52a1baf0256267042fa7ed6cd941036baf9cb6b5f233b5f1cb889fe66,f770813567376454c853e1d6ca99747a399f38ea8b48edf3825b254bbefe258b
ZJ_U51_20K_E019_N170,ZJ_U51_FIXED_V0,20000,EPSG:32651,19,170,380000.0,3400000.0,400000.0,3420000.0,400.0,ZJ-HZB,0.517239,0.177833,0.822167,0.0,True,COASTAL_RELEVANT,GSHHG_v2.3.7_L1_MEAN_SHORELINE,FIXED_CELL_GRID_OVER_PROVISIONAL_ENVELOPE_V0,2641569e7798af26473714237db5e952476070de920115b7e247542115d865b5,598bf69158ea515462c65eeac00c9021571211ff142457d15693e55ce1c6bce9
ZJ_U51_20K_E017_N160,ZJ_U51_FIXED_V0,20000,EPSG:32651,17,160,340000.0,3200000.0,360000.0,3220000.0,400.0,ZJ-SMB,0.633375,0.9502,0.0498,0.0,True,COASTAL_RELEVANT,GSHHG_v2.3.7_L1_MEAN_SHORELINE,FIXED_CELL_GRID_OVER_PROVISIONAL_ENVELOPE_V0,7a2a5457927f18f22c879e46e0fe3645a924d6d43bd94a606e46d037e3eb9f3e,b407222883fcabcf02d07211cd162f29593097b3c0e0bb7773c1f5afb4273927
ZJ_U51_20K_E018_N160,ZJ_U51_FIXED_V0,20000,EPSG:32651,18,160,360000.0,3200000.0,380000.0,3220000.0,400.0,ZJ-SMB,0.685229,0.52209,0.47791,0.0,True,COASTAL_RELEVANT,GSHHG_v2.3.7_L1_MEAN_SHORELINE,FIXED_CELL_GRID_OVER_PROVISIONAL_ENVELOPE_V0,d2d73d208b2da81edef9ec6e34453f4e19de2d6ea358964e145f6447b3f1d1a0,0919ee9a3ec2b0fac17f240c7dc21b2bd7b2c276a937a42b5688a59c399d64b5
ZJ_U51_20K_E019_N160,ZJ_U51_FIXED_V0,20000,EPSG:32651,19,160,380000.0,3200000.0,400000.0,3220000.0,400.0,ZJ-SMB,0.480547,0.102767,0.897233,0.0,True,COASTAL_RELEVANT,GSHHG_v2.3.7_L1_MEAN_SHORELINE,FIXED_CELL_GRID_OVER_PROVISIONAL_ENVELOPE_V0,e9d2d3fb20ed063df3ad20056cf4d7ca87bacf47fe9a23930d2050bf1d9b63fd,b18345a9ce8d3fa9a288a95f93e34afc117389fd90df2dd247612b0ef314578c
ZJ_U51_20K_E017_N161,ZJ_U51_FIXED_V0,20000,EPSG:32651,17,161,340000.0,3220000.0,360000.0,3240000.0,400.0,ZJ-SMB,0.778239,0.748904,0.251096,0.0,True,COASTAL_RELEVANT,GSHHG_v2.3.7_L1_MEAN_SHORELINE,FIXED_CELL_GRID_OVER_PROVISIONAL_ENVELOPE_V0,88545591e4fbde80c9a31d76b389cde5a09e1bd0ff2d4ba61372de48a89dc3d8,dd6300be9c9cc3ac35ba53b15cfce1dd92716f3c92e90bc6fff21764c26a423b
ZJ_U51_20K_E018_N161,ZJ_U51_FIXED_V0,20000,EPSG:32651,18,161,360000.0,3220000.0,380000.0,3240000.0,400.0,ZJ-SMB,0.969409,0.444689,0.555311,0.0,True,COASTAL_RELEVANT,GSHHG_v2.3.7_L1_MEAN_SHORELINE,FIXED_CELL_GRID_OVER_PROVISIONAL_ENVELOPE_V0,68e93d164e5fdf45df5fbf079ec7ee490e2dee268bb8bd79a48bb4ff23d3f649,764000b16ff0f9c11977551d0e2db6c688adb0976923b8f679e8dbe87b2feb99
ZJ_U51_20K_E019_N161,ZJ_U51_FIXED_V0,20000,EPSG:32651,19,161,380000.0,3220000.0,400000.0,3240000.0,400.0,ZJ-SMB,0.57068,0.739424,0.260576,0.0,True,COASTAL_RELEVANT,GSHHG_v2.3.7_L1_MEAN_SHORELINE,FIXED_CELL_GRID_OVER_PROVISIONAL_ENVELOPE_V0,de2e6d4ce23643848b00bfe17b53aefe625a27226f573ae4e10303000e5c1946,7974245abb59b2ac869dbe65a24936cab228a60d2c9f6122b1f840f9c6c6aee7
ZJ_U51_20K_E017_N162,ZJ_U51_FIXED_V0,20000,EPSG:32651,17,162,340000.0,3240000.0,360000.0,3260000.0,400.0,ZJ-SMB,0.390373,0.919583,0.080417,0.0,True,COASTAL_RELEVANT,GSHHG_v2.3.7_L1_MEAN_SHORELINE,FIXED_CELL_GRID_OVER_PROVISIONAL_ENVELOPE_V0,b39d36b3eb14aea55ef5ba96db8eb0c0c0681db78bb6047fb24b44eed5e9f4f4,b8cef9c87aea9917e43287b8bd0b6969fb3b4d3b774ec122156370b236268fc8
ZJ_U51_20K_E018_N162,ZJ_U51_FIXED_V0,20000,EPSG:32651,18,162,360000.0,3240000.0,380000.0,3260000.0,400.0,ZJ-SMB,0.103647,0.978592,0.021408,0.0,True,COASTAL_RELEVANT,GSHHG_v2.3.7_L1_MEAN_SHORELINE,FIXED_CELL_GRID_OVER_PROVISIONAL_ENVELOPE_V0,86144b4229c55284774ad58bb6151f57c63e7f7f1b22ba6fe0858551b6d3bd47,4229ea37114f8459e95f5e235cf4c0815faf1835a64d562fd0538a2470798bd4
ZJ_U51_20K_E014_N154,ZJ_U51_FIXED_V0,20000,EPSG:32651,14,154,280000.0,3080000.0,300000.0,3100000.0,400.0,ZJ-YQB,0.006877,0.448591,0.551409,0.0,True,COASTAL_RELEVANT,GSHHG_v2.3.7_L1_MEAN_SHORELINE,FIXED_CELL_GRID_OVER_PROVISIONAL_ENVELOPE_V0,7e7e71ff6f3fd1b5d4d870c555c4ea5e232bd0d4f8eeb9f5d8eda0140ae24d6e,23f509c9ca6bba21e84ed98a312137c87b1068e00d5c09c9dd46e8aed387a4b7
ZJ_U51_20K_E015_N154,ZJ_U51_FIXED_V0,20000,EPSG:32651,15,154,300000.0,3080000.0,320000.0,3100000.0,400.0,ZJ-YQB,0.152763,0.1829,0.8171,0.0,True,COASTAL_RELEVANT,GSHHG_v2.3.7_L1_MEAN_SHORELINE,FIXED_CELL_GRID_OVER_PROVISIONAL_ENVELOPE_V0,09ec7c8ae8dc1d774288d213c08c91fa0f71dd29f6de4dbdf6064b638b44ae5d,ba3bc673594591e39c73c13aca56fdacb40529cab68872279a48251567fb315d
ZJ_U51_20K_E014_N155,ZJ_U51_FIXED_V0,20000,EPSG:32651,14,155,280000.0,3100000.0,300000.0,3120000.0,400.0,ZJ-YQB,0.00787,0.994798,0.005202,0.0,True,COASTAL_RELEVANT,GSHHG_v2.3.7_L1_MEAN_SHORELINE,FIXED_CELL_GRID_OVER_PROVISIONAL_ENVELOPE_V0,b3f54e126ac2d1ca1168629a2de53a8374858e99c3a5d2fcbff62baafa4c0770,84e132907eae64904aded24ad3f2edd0920d975cc03d3098dfb3a943fa6c11d1
ZJ_U51_20K_E015_N155,ZJ_U51_FIXED_V0,20000,EPSG:32651,15,155,300000.0,3100000.0,320000.0,3120000.0,400.0,ZJ-YQB,0.793436,0.319573,0.680427,0.0,True,COASTAL_RELEVANT,GSHHG_v2.3.7_L1_MEAN_SHORELINE,FIXED_CELL_GRID_OVER_PROVISIONAL_ENVELOPE_V0,8ba8e21702c37fcb6154a1b588277978e5053d066fb08dc0d20f6895c3a64dbe,b42817473500bbdac0d34d208f38ada2264cd425a3adafa96a1b6d383bfd5044
ZJ_U51_20K_E016_N155,ZJ_U51_FIXED_V0,20000,EPSG:32651,16,155,320000.0,3100000.0,340000.0,3120000.0,400.0,ZJ-YQB,0.164573,0.403031,0.596969,0.0,True,COASTAL_RELEVANT,GSHHG_v2.3.7_L1_MEAN_SHORELINE,FIXED_CELL_GRID_OVER_PROVISIONAL_ENVELOPE_V0,c5ca44110ec19ca1d680a0c884a440f4ba1414ce95059db908312eca21f35adb,706118712e886f37a4ed0fabbae5f040fcf9bc5ec25863df3e3b0d17db02693f
ZJ_U51_20K_E015_N156,ZJ_U51_FIXED_V0,20000,EPSG:32651,15,156,300000.0,3120000.0,320000.0,3140000.0,400.0,ZJ-YQB,0.21731,0.806856,0.193144,0.0,True,COASTAL_RELEVANT,GSHHG_v2.3.7_L1_MEAN_SHORELINE,FIXED_CELL_GRID_OVER_PROVISIONAL_ENVELOPE_V0,ba19ae5c14662bb9f752e4270976630ff0fc0015195b74fc7680e9fa72a3525d,014cf92f2229c50953c738844e5dd11ee5a68683f7d994a91c81e5080e802b55
ZJ_U51_20K_E016_N156,ZJ_U51_FIXED_V0,20000,EPSG:32651,16,156,320000.0,3120000.0,340000.0,3140000.0,400.0,ZJ-YQB,0.181311,0.650718,0.349282,0.0,True,COASTAL_RELEVANT,GSHHG_v2.3.7_L1_MEAN_SHORELINE,FIXED_CELL_GRID_OVER_PROVISIONAL_ENVELOPE_V0,5fa07d85449fb71c9b53f568575666d36b451f49824ac718c508987ed6821a89,21a83ac7d9991f9d0bd566c02f6dc2487c0dc11659a5971b0f90fa30bfbb9818
ZJ_U51_20K_E016_N157,ZJ_U51_FIXED_V0,20000,EPSG:32651,16,157,320000.0,3140000.0,340000.0,3160000.0,400.0,ZJ-YQB,0.008533,0.985567,0.014433,0.0,True,COASTAL_RELEVANT,GSHHG_v2.3.7_L1_MEAN_SHORELINE,FIXED_CELL_GRID_OVER_PROVISIONAL_ENVELOPE_V0,57c43e071729f0985dec8ffdd909747bf9a3c6250e2b8c1b357bb6b34b041f27,297c84435c31f29dc96a29c26f4456a56482beea375545c3f8fffe8b47031262
