scene_id,bay_id,year,orbit_direction,relative_orbit_number,cell_id,coverage_actual,coverage_approx_representative,abs_error,eligible_actual_ge_0.99,eligible_approx_ge_0.99,false_eligible_approx_only,false_rejected_actual_only,actual_geometry_present
S1A_IW_GRDH_1SSV_20150408T100227_20150408T100252_005391_006D9D_B798,ZJ-HZB,2015,ASCENDING,69,ZJ_U51_10K_E031_N334,1.0,0.0,1.0,True,False,False,True,True
S1A_IW_GRDH_1SSV_20150408T100227_20150408T100252_005391_006D9D_B798,ZJ-HZB,2015,ASCENDING,69,ZJ_U51_10K_E032_N334,0.999176,0.0,0.999176,True,False,False,True,True
S1A_IW_GRDH_1SSV_20150408T100227_20150408T100252_005391_006D9D_B798,ZJ-HZB,2015,ASCENDING,69,ZJ_U51_10K_E033_N334,0.062186,0.0,0.062186,False,False,False,False,True
S1A_IW_GRDH_1SSV_20150408T100227_20150408T100252_005391_006D9D_B798,ZJ-HZB,2015,ASCENDING,69,ZJ_U51_10K_E029_N335,1.0,0.0,1.0,True,False,False,True,True
S1A_IW_GRDH_1SSV_20150408T100227_20150408T100252_005391_006D9D_B798,ZJ-HZB,2015,ASCENDING,69,ZJ_U51_10K_E030_N335,1.0,0.0,1.0,True,False,False,True,True
S1A_IW_GRDH_1SSV_20150408T100227_20150408T100252_005391_006D9D_B798,ZJ-HZB,2015,ASCENDING,69,ZJ_U51_10K_E031_N335,1.0,0.0,1.0,True,False,False,True,True
S1A_IW_GRDH_1SSV_20150408T100227_20150408T100252_005391_006D9D_B798,ZJ-HZB,2015,ASCENDING,69,ZJ_U51_10K_E032_N335,0.906701,0.0,0.906701,False,False,False,False,True
S1A_IW_GRDH_1SSV_20150408T100227_20150408T100252_005391_006D9D_B798,ZJ-HZB,2015,ASCENDING,69,ZJ_U51_10K_E029_N336,1.0,0.0,1.0,True,False,False,True,True
S1A_IW_GRDH_1SSV_20150408T100227_20150408T100252_005391_006D9D_B798,ZJ-HZB,2015,ASCENDING,69,ZJ_U51_10K_E030_N336,1.0,0.0,1.0,True,False,False,True,True
S1A_IW_GRDH_1SSV_20150408T100227_20150408T100252_005391_006D9D_B798,ZJ-HZB,2015,ASCENDING,69,ZJ_U51_10K_E031_N336,1.0,0.0,1.0,True,False,False,True,True
S1A_IW_GRDH_1SSV_20150408T100227_20150408T100252_005391_006D9D_B798,ZJ-HZB,2015,ASCENDING,69,ZJ_U51_10K_E032_N336,0.75204,0.0,0.75204,False,False,False,False,True
S1A_IW_GRDH_1SSV_20150408T100227_20150408T100252_005391_006D9D_B798,ZJ-HZB,2015,ASCENDING,69,ZJ_U51_10K_E031_N337,1.0,0.0,1.0,True,False,False,True,True
S1A_IW_GRDH_1SSV_20150408T100227_20150408T100252_005391_006D9D_B798,ZJ-HZB,2015,ASCENDING,69,ZJ_U51_10K_E032_N337,0.597634,0.0,0.597634,False,False,False,False,True
S1A_IW_GRDH_1SSV_20150408T100227_20150408T100252_005391_006D9D_B798,ZJ-HZB,2015,ASCENDING,69,ZJ_U51_10K_E032_N338,0.443561,0.0,0.443561,False,False,False,False,True
S1A_IW_GRDH_1SSV_20150226T095347_20150226T095416_004793_005F4B_CE73,ZJ-HZB,2015,ASCENDING,171,ZJ_U51_10K_E037_N331,1.0,0.0,1.0,True,False,False,True,True
S1A_IW_GRDH_1SSV_20150226T095347_20150226T095416_004793_005F4B_CE73,ZJ-HZB,2015,ASCENDING,171,ZJ_U51_10K_E035_N332,0.122658,0.0,0.122658,False,False,False,False,True
S1A_IW_GRDH_1SSV_20150226T095347_20150226T095416_004793_005F4B_CE73,ZJ-HZB,2015,ASCENDING,171,ZJ_U51_10K_E036_N332,0.294405,0.0,0.294405,False,False,False,False,True
S1A_IW_GRDH_1SSV_20150226T095347_20150226T095416_004793_005F4B_CE73,ZJ-HZB,2015,ASCENDING,171,ZJ_U51_10K_E037_N332,0.466131,0.0,0.466131,False,False,False,False,True
S1A_IW_GRDH_1SSV_20150226T095347_20150226T095416_004793_005F4B_CE73,ZJ-HZB,2015,ASCENDING,171,ZJ_U51_10K_E038_N332,0.637855,0.0,0.637855,False,False,False,False,True
S1A_IW_GRDH_1SDV_20150521T215815_20150521T215840_006025_007C5F_07EA,ZJ-HZB,2015,DESCENDING,3,ZJ_U51_10K_E034_N333,0.323659,0.323659,0.0,False,False,False,False,True
S1A_IW_GRDH_1SDV_20150521T215815_20150521T215840_006025_007C5F_07EA,ZJ-HZB,2015,DESCENDING,3,ZJ_U51_10K_E031_N334,1.0,1.0,0.0,True,True,False,False,True
S1A_IW_GRDH_1SDV_20150521T215815_20150521T215840_006025_007C5F_07EA,ZJ-HZB,2015,DESCENDING,3,ZJ_U51_10K_E032_N334,1.0,1.0,0.0,True,True,False,False,True
S1A_IW_GRDH_1SDV_20150521T215815_20150521T215840_006025_007C5F_07EA,ZJ-HZB,2015,DESCENDING,3,ZJ_U51_10K_E033_N334,1.0,1.0,0.0,True,True,False,False,True
S1A_IW_GRDH_1SDV_20150521T215815_20150521T215840_006025_007C5F_07EA,ZJ-HZB,2015,DESCENDING,3,ZJ_U51_10K_E034_N334,0.553967,0.553967,0.0,False,False,False,False,True
S1A_IW_GRDH_1SDV_20150521T215815_20150521T215840_006025_007C5F_07EA,ZJ-HZB,2015,DESCENDING,3,ZJ_U51_10K_E029_N335,1.0,1.0,0.0,True,True,False,False,True
S1A_IW_GRDH_1SDV_20150521T215815_20150521T215840_006025_007C5F_07EA,ZJ-HZB,2015,DESCENDING,3,ZJ_U51_10K_E030_N335,1.0,1.0,0.0,True,True,False,False,True
S1A_IW_GRDH_1SDV_20150521T215815_20150521T215840_006025_007C5F_07EA,ZJ-HZB,2015,DESCENDING,3,ZJ_U51_10K_E031_N335,1.0,1.0,0.0,True,True,False,False,True
S1A_IW_GRDH_1SDV_20150521T215815_20150521T215840_006025_007C5F_07EA,ZJ-HZB,2015,DESCENDING,3,ZJ_U51_10K_E032_N335,1.0,1.0,0.0,True,True,False,False,True
S1A_IW_GRDH_1SDV_20150521T215815_20150521T215840_006025_007C5F_07EA,ZJ-HZB,2015,DESCENDING,3,ZJ_U51_10K_E033_N335,1.0,1.0,0.0,True,True,False,False,True
S1A_IW_GRDH_1SDV_20150521T215815_20150521T215840_006025_007C5F_07EA,ZJ-HZB,2015,DESCENDING,3,ZJ_U51_10K_E034_N335,0.765604,0.765604,0.0,False,False,False,False,True
S1A_IW_GRDH_1SDV_20150521T215815_20150521T215840_006025_007C5F_07EA,ZJ-HZB,2015,DESCENDING,3,ZJ_U51_10K_E029_N336,1.0,1.0,0.0,True,True,False,False,True
S1A_IW_GRDH_1SDV_20150521T215815_20150521T215840_006025_007C5F_07EA,ZJ-HZB,2015,DESCENDING,3,ZJ_U51_10K_E030_N336,1.0,1.0,0.0,True,True,False,False,True
S1A_IW_GRDH_1SDV_20150521T215815_20150521T215840_006025_007C5F_07EA,ZJ-HZB,2015,DESCENDING,3,ZJ_U51_10K_E031_N336,1.0,1.0,0.0,True,True,False,False,True
S1A_IW_GRDH_1SDV_20150521T215815_20150521T215840_006025_007C5F_07EA,ZJ-HZB,2015,DESCENDING,3,ZJ_U51_10K_E032_N336,1.0,1.0,0.0,True,True,False,False,True
S1A_IW_GRDH_1SDV_20150521T215815_20150521T215840_006025_007C5F_07EA,ZJ-HZB,2015,DESCENDING,3,ZJ_U51_10K_E033_N336,1.0,1.0,0.0,True,True,False,False,True
S1A_IW_GRDH_1SDV_20150521T215815_20150521T215840_006025_007C5F_07EA,ZJ-HZB,2015,DESCENDING,3,ZJ_U51_10K_E034_N336,0.960942,0.960942,0.0,False,False,False,False,True
S1A_IW_GRDH_1SDV_20150521T215815_20150521T215840_006025_007C5F_07EA,ZJ-HZB,2015,DESCENDING,3,ZJ_U51_10K_E035_N336,0.016298,0.016298,0.0,False,False,False,False,True
S1A_IW_GRDH_1SDV_20150521T215815_20150521T215840_006025_007C5F_07EA,ZJ-HZB,2015,DESCENDING,3,ZJ_U51_10K_E031_N337,1.0,1.0,0.0,True,True,False,False,True
S1A_IW_GRDH_1SDV_20150521T215815_20150521T215840_006025_007C5F_07EA,ZJ-HZB,2015,DESCENDING,3,ZJ_U51_10K_E032_N337,1.0,1.0,0.0,True,True,False,False,True
S1A_IW_GRDH_1SDV_20150521T215815_20150521T215840_006025_007C5F_07EA,ZJ-HZB,2015,DESCENDING,3,ZJ_U51_10K_E033_N337,1.0,1.0,0.0,True,True,False,False,True
S1A_IW_GRDH_1SDV_20150521T215815_20150521T215840_006025_007C5F_07EA,ZJ-HZB,2015,DESCENDING,3,ZJ_U51_10K_E034_N337,1.0,1.0,0.0,True,True,False,False,True
S1A_IW_GRDH_1SDV_20150521T215815_20150521T215840_006025_007C5F_07EA,ZJ-HZB,2015,DESCENDING,3,ZJ_U51_10K_E035_N337,0.188876,0.188876,0.0,False,False,False,False,True
S1A_IW_GRDH_1SDV_20150521T215815_20150521T215840_006025_007C5F_07EA,ZJ-HZB,2015,DESCENDING,3,ZJ_U51_10K_E032_N338,1.0,1.0,0.0,True,True,False,False,True
S1A_IW_GRDH_1SDV_20150521T215815_20150521T215840_006025_007C5F_07EA,ZJ-HZB,2015,DESCENDING,3,ZJ_U51_10K_E033_N338,1.0,1.0,0.0,True,True,False,False,True
S1A_IW_GRDH_1SDV_20150521T215815_20150521T215840_006025_007C5F_07EA,ZJ-HZB,2015,DESCENDING,3,ZJ_U51_10K_E034_N338,1.0,1.0,0.0,True,True,False,False,True
S1A_IW_GRDH_1SDV_20150521T215815_20150521T215840_006025_007C5F_07EA,ZJ-HZB,2015,DESCENDING,3,ZJ_U51_10K_E035_N338,0.400513,0.400513,0.0,False,False,False,False,True
S1A_IW_GRDH_1SDV_20150521T215815_20150521T215840_006025_007C5F_07EA,ZJ-HZB,2015,DESCENDING,3,ZJ_U51_10K_E034_N339,1.0,1.0,0.0,True,True,False,False,True
S1A_IW_GRDH_1SDV_20150521T215815_20150521T215840_006025_007C5F_07EA,ZJ-HZB,2015,DESCENDING,3,ZJ_U51_10K_E035_N339,0.612149,0.612149,0.0,False,False,False,False,True
S1A_IW_GRDH_1SDV_20150209T214950_20150209T215018_004552_005983_A7D3,ZJ-HZB,2015,DESCENDING,105,ZJ_U51_10K_E037_N331,0.0,1.0,1.0,False,True,True,False,True
S1A_IW_GRDH_1SDV_20150209T214950_20150209T215018_004552_005983_A7D3,ZJ-HZB,2015,DESCENDING,105,ZJ_U51_10K_E035_N332,0.0,1.0,1.0,False,True,True,False,True
S1A_IW_GRDH_1SDV_20150209T214950_20150209T215018_004552_005983_A7D3,ZJ-HZB,2015,DESCENDING,105,ZJ_U51_10K_E036_N332,0.0,1.0,1.0,False,True,True,False,True
S1A_IW_GRDH_1SDV_20150209T214950_20150209T215018_004552_005983_A7D3,ZJ-HZB,2015,DESCENDING,105,ZJ_U51_10K_E037_N332,0.0,1.0,1.0,False,True,True,False,True
S1A_IW_GRDH_1SDV_20150209T214950_20150209T215018_004552_005983_A7D3,ZJ-HZB,2015,DESCENDING,105,ZJ_U51_10K_E038_N332,0.0,1.0,1.0,False,True,True,False,True
S1A_IW_GRDH_1SDV_20150209T214950_20150209T215018_004552_005983_A7D3,ZJ-HZB,2015,DESCENDING,105,ZJ_U51_10K_E034_N333,0.0,1.0,1.0,False,True,True,False,True
S1A_IW_GRDH_1SDV_20150209T214950_20150209T215018_004552_005983_A7D3,ZJ-HZB,2015,DESCENDING,105,ZJ_U51_10K_E035_N333,0.0,1.0,1.0,False,True,True,False,True
S1A_IW_GRDH_1SDV_20150209T214950_20150209T215018_004552_005983_A7D3,ZJ-HZB,2015,DESCENDING,105,ZJ_U51_10K_E036_N333,0.0,1.0,1.0,False,True,True,False,True
S1A_IW_GRDH_1SDV_20150209T214950_20150209T215018_004552_005983_A7D3,ZJ-HZB,2015,DESCENDING,105,ZJ_U51_10K_E037_N333,0.0,1.0,1.0,False,True,True,False,True
S1A_IW_GRDH_1SDV_20150209T214950_20150209T215018_004552_005983_A7D3,ZJ-HZB,2015,DESCENDING,105,ZJ_U51_10K_E038_N333,0.0,1.0,1.0,False,True,True,False,True
S1A_IW_GRDH_1SDV_20150209T214950_20150209T215018_004552_005983_A7D3,ZJ-HZB,2015,DESCENDING,105,ZJ_U51_10K_E031_N334,0.0,1.0,1.0,False,True,True,False,True
S1A_IW_GRDH_1SDV_20150209T214950_20150209T215018_004552_005983_A7D3,ZJ-HZB,2015,DESCENDING,105,ZJ_U51_10K_E032_N334,0.0,1.0,1.0,False,True,True,False,True
S1A_IW_GRDH_1SDV_20150209T214950_20150209T215018_004552_005983_A7D3,ZJ-HZB,2015,DESCENDING,105,ZJ_U51_10K_E033_N334,0.0,1.0,1.0,False,True,True,False,True
S1A_IW_GRDH_1SDV_20150209T214950_20150209T215018_004552_005983_A7D3,ZJ-HZB,2015,DESCENDING,105,ZJ_U51_10K_E034_N334,0.0,1.0,1.0,False,True,True,False,True
S1A_IW_GRDH_1SDV_20150209T214950_20150209T215018_004552_005983_A7D3,ZJ-HZB,2015,DESCENDING,105,ZJ_U51_10K_E035_N334,0.0,1.0,1.0,False,True,True,False,True
S1A_IW_GRDH_1SDV_20150209T214950_20150209T215018_004552_005983_A7D3,ZJ-HZB,2015,DESCENDING,105,ZJ_U51_10K_E036_N334,0.0,1.0,1.0,False,True,True,False,True
S1A_IW_GRDH_1SDV_20150209T214950_20150209T215018_004552_005983_A7D3,ZJ-HZB,2015,DESCENDING,105,ZJ_U51_10K_E037_N334,0.0,1.0,1.0,False,True,True,False,True
S1A_IW_GRDH_1SDV_20150209T214950_20150209T215018_004552_005983_A7D3,ZJ-HZB,2015,DESCENDING,105,ZJ_U51_10K_E038_N334,0.0,1.0,1.0,False,True,True,False,True
S1A_IW_GRDH_1SDV_20150209T214950_20150209T215018_004552_005983_A7D3,ZJ-HZB,2015,DESCENDING,105,ZJ_U51_10K_E029_N335,0.0,1.0,1.0,False,True,True,False,True
S1A_IW_GRDH_1SDV_20150209T214950_20150209T215018_004552_005983_A7D3,ZJ-HZB,2015,DESCENDING,105,ZJ_U51_10K_E030_N335,0.0,1.0,1.0,False,True,True,False,True
S1A_IW_GRDH_1SDV_20150209T214950_20150209T215018_004552_005983_A7D3,ZJ-HZB,2015,DESCENDING,105,ZJ_U51_10K_E031_N335,0.0,1.0,1.0,False,True,True,False,True
S1A_IW_GRDH_1SDV_20150209T214950_20150209T215018_004552_005983_A7D3,ZJ-HZB,2015,DESCENDING,105,ZJ_U51_10K_E032_N335,0.0,1.0,1.0,False,True,True,False,True
S1A_IW_GRDH_1SDV_20150209T214950_20150209T215018_004552_005983_A7D3,ZJ-HZB,2015,DESCENDING,105,ZJ_U51_10K_E033_N335,0.0,1.0,1.0,False,True,True,False,True
S1A_IW_GRDH_1SDV_20150209T214950_20150209T215018_004552_005983_A7D3,ZJ-HZB,2015,DESCENDING,105,ZJ_U51_10K_E034_N335,0.0,1.0,1.0,False,True,True,False,True
S1A_IW_GRDH_1SDV_20150209T214950_20150209T215018_004552_005983_A7D3,ZJ-HZB,2015,DESCENDING,105,ZJ_U51_10K_E035_N335,0.0,1.0,1.0,False,True,True,False,True
S1A_IW_GRDH_1SDV_20150209T214950_20150209T215018_004552_005983_A7D3,ZJ-HZB,2015,DESCENDING,105,ZJ_U51_10K_E036_N335,0.0,1.0,1.0,False,True,True,False,True
S1A_IW_GRDH_1SDV_20150209T214950_20150209T215018_004552_005983_A7D3,ZJ-HZB,2015,DESCENDING,105,ZJ_U51_10K_E037_N335,0.0,1.0,1.0,False,True,True,False,True
S1A_IW_GRDH_1SDV_20150209T214950_20150209T215018_004552_005983_A7D3,ZJ-HZB,2015,DESCENDING,105,ZJ_U51_10K_E038_N335,0.0,1.0,1.0,False,True,True,False,True
S1A_IW_GRDH_1SDV_20150209T214950_20150209T215018_004552_005983_A7D3,ZJ-HZB,2015,DESCENDING,105,ZJ_U51_10K_E029_N336,0.0,1.0,1.0,False,True,True,False,True
S1A_IW_GRDH_1SDV_20150209T214950_20150209T215018_004552_005983_A7D3,ZJ-HZB,2015,DESCENDING,105,ZJ_U51_10K_E030_N336,0.0,1.0,1.0,False,True,True,False,True
S1A_IW_GRDH_1SDV_20150209T214950_20150209T215018_004552_005983_A7D3,ZJ-HZB,2015,DESCENDING,105,ZJ_U51_10K_E031_N336,0.0,1.0,1.0,False,True,True,False,True
S1A_IW_GRDH_1SDV_20150209T214950_20150209T215018_004552_005983_A7D3,ZJ-HZB,2015,DESCENDING,105,ZJ_U51_10K_E032_N336,0.0,1.0,1.0,False,True,True,False,True
S1A_IW_GRDH_1SDV_20150209T214950_20150209T215018_004552_005983_A7D3,ZJ-HZB,2015,DESCENDING,105,ZJ_U51_10K_E033_N336,0.0,1.0,1.0,False,True,True,False,True
S1A_IW_GRDH_1SDV_20150209T214950_20150209T215018_004552_005983_A7D3,ZJ-HZB,2015,DESCENDING,105,ZJ_U51_10K_E034_N336,0.0,1.0,1.0,False,True,True,False,True
S1A_IW_GRDH_1SDV_20150209T214950_20150209T215018_004552_005983_A7D3,ZJ-HZB,2015,DESCENDING,105,ZJ_U51_10K_E035_N336,0.0,1.0,1.0,False,True,True,False,True
S1A_IW_GRDH_1SDV_20150209T214950_20150209T215018_004552_005983_A7D3,ZJ-HZB,2015,DESCENDING,105,ZJ_U51_10K_E036_N336,0.0,1.0,1.0,False,True,True,False,True
S1A_IW_GRDH_1SDV_20150209T214950_20150209T215018_004552_005983_A7D3,ZJ-HZB,2015,DESCENDING,105,ZJ_U51_10K_E037_N336,0.0,1.0,1.0,False,True,True,False,True
S1A_IW_GRDH_1SDV_20150209T214950_20150209T215018_004552_005983_A7D3,ZJ-HZB,2015,DESCENDING,105,ZJ_U51_10K_E038_N336,0.0,1.0,1.0,False,True,True,False,True
S1A_IW_GRDH_1SDV_20150209T214950_20150209T215018_004552_005983_A7D3,ZJ-HZB,2015,DESCENDING,105,ZJ_U51_10K_E031_N337,0.0,1.0,1.0,False,True,True,False,True
S1A_IW_GRDH_1SDV_20150209T214950_20150209T215018_004552_005983_A7D3,ZJ-HZB,2015,DESCENDING,105,ZJ_U51_10K_E032_N337,0.0,1.0,1.0,False,True,True,False,True
S1A_IW_GRDH_1SDV_20150209T214950_20150209T215018_004552_005983_A7D3,ZJ-HZB,2015,DESCENDING,105,ZJ_U51_10K_E033_N337,0.0,1.0,1.0,False,True,True,False,True
S1A_IW_GRDH_1SDV_20150209T214950_20150209T215018_004552_005983_A7D3,ZJ-HZB,2015,DESCENDING,105,ZJ_U51_10K_E034_N337,0.0,1.0,1.0,False,True,True,False,True
S1A_IW_GRDH_1SDV_20150209T214950_20150209T215018_004552_005983_A7D3,ZJ-HZB,2015,DESCENDING,105,ZJ_U51_10K_E035_N337,0.0,1.0,1.0,False,True,True,False,True
S1A_IW_GRDH_1SDV_20150209T214950_20150209T215018_004552_005983_A7D3,ZJ-HZB,2015,DESCENDING,105,ZJ_U51_10K_E036_N337,0.0,1.0,1.0,False,True,True,False,True
S1A_IW_GRDH_1SDV_20150209T214950_20150209T215018_004552_005983_A7D3,ZJ-HZB,2015,DESCENDING,105,ZJ_U51_10K_E037_N337,0.0,1.0,1.0,False,True,True,False,True
S1A_IW_GRDH_1SDV_20150209T214950_20150209T215018_004552_005983_A7D3,ZJ-HZB,2015,DESCENDING,105,ZJ_U51_10K_E038_N337,0.0,1.0,1.0,False,True,True,False,True
S1A_IW_GRDH_1SDV_20150209T214950_20150209T215018_004552_005983_A7D3,ZJ-HZB,2015,DESCENDING,105,ZJ_U51_10K_E032_N338,0.0,1.0,1.0,False,True,True,False,True
S1A_IW_GRDH_1SDV_20150209T214950_20150209T215018_004552_005983_A7D3,ZJ-HZB,2015,DESCENDING,105,ZJ_U51_10K_E033_N338,0.0,1.0,1.0,False,True,True,False,True
S1A_IW_GRDH_1SDV_20150209T214950_20150209T215018_004552_005983_A7D3,ZJ-HZB,2015,DESCENDING,105,ZJ_U51_10K_E034_N338,0.0,1.0,1.0,False,True,True,False,True
S1A_IW_GRDH_1SDV_20150209T214950_20150209T215018_004552_005983_A7D3,ZJ-HZB,2015,DESCENDING,105,ZJ_U51_10K_E035_N338,0.0,1.0,1.0,False,True,True,False,True
S1A_IW_GRDH_1SDV_20150209T214950_20150209T215018_004552_005983_A7D3,ZJ-HZB,2015,DESCENDING,105,ZJ_U51_10K_E036_N338,0.0,1.0,1.0,False,True,True,False,True
S1A_IW_GRDH_1SDV_20150209T214950_20150209T215018_004552_005983_A7D3,ZJ-HZB,2015,DESCENDING,105,ZJ_U51_10K_E037_N338,0.002094,1.0,0.997906,False,True,True,False,True
S1A_IW_GRDH_1SDV_20150209T214950_20150209T215018_004552_005983_A7D3,ZJ-HZB,2015,DESCENDING,105,ZJ_U51_10K_E038_N338,0.122016,1.0,0.877984,False,True,True,False,True
S1A_IW_GRDH_1SDV_20150209T214950_20150209T215018_004552_005983_A7D3,ZJ-HZB,2015,DESCENDING,105,ZJ_U51_10K_E039_N338,0.309937,1.0,0.690063,False,True,True,False,True
S1A_IW_GRDH_1SDV_20150209T214950_20150209T215018_004552_005983_A7D3,ZJ-HZB,2015,DESCENDING,105,ZJ_U51_10K_E034_N339,0.370335,1.0,0.629665,False,True,True,False,True
S1A_IW_GRDH_1SDV_20150209T214950_20150209T215018_004552_005983_A7D3,ZJ-HZB,2015,DESCENDING,105,ZJ_U51_10K_E035_N339,0.558256,1.0,0.441744,False,True,True,False,True
S1A_IW_GRDH_1SDV_20150209T214950_20150209T215018_004552_005983_A7D3,ZJ-HZB,2015,DESCENDING,105,ZJ_U51_10K_E036_N339,0.746176,1.0,0.253824,False,True,True,False,True
S1A_IW_GRDH_1SDV_20150209T214950_20150209T215018_004552_005983_A7D3,ZJ-HZB,2015,DESCENDING,105,ZJ_U51_10K_E037_N339,0.932002,1.0,0.067998,False,True,True,False,True
S1A_IW_GRDH_1SDV_20150209T214950_20150209T215018_004552_005983_A7D3,ZJ-HZB,2015,DESCENDING,105,ZJ_U51_10K_E038_N339,1.0,1.0,0.0,True,True,False,False,True
S1A_IW_GRDH_1SDV_20150209T214950_20150209T215018_004552_005983_A7D3,ZJ-HZB,2015,DESCENDING,105,ZJ_U51_10K_E039_N339,1.0,1.0,0.0,True,True,False,False,True
S1A_IW_GRDH_1SDV_20150209T214950_20150209T215018_004552_005983_A7D3,ZJ-HZB,2015,DESCENDING,105,ZJ_U51_10K_E036_N340,1.0,1.0,0.0,True,True,False,False,True
S1A_IW_GRDH_1SDV_20150209T214950_20150209T215018_004552_005983_A7D3,ZJ-HZB,2015,DESCENDING,105,ZJ_U51_10K_E037_N340,1.0,1.0,0.0,True,True,False,False,True
S1A_IW_GRDH_1SDV_20150209T214950_20150209T215018_004552_005983_A7D3,ZJ-HZB,2015,DESCENDING,105,ZJ_U51_10K_E038_N340,1.0,1.0,0.0,True,True,False,False,True
S1A_IW_GRDH_1SDV_20150209T214950_20150209T215018_004552_005983_A7D3,ZJ-HZB,2015,DESCENDING,105,ZJ_U51_10K_E039_N340,1.0,1.0,0.0,True,True,False,False,True
S1A_IW_GRDH_1SDV_20150209T214950_20150209T215018_004552_005983_A7D3,ZJ-HZB,2015,DESCENDING,105,ZJ_U51_10K_E037_N341,1.0,1.0,0.0,True,True,False,False,True
S1A_IW_GRDH_1SDV_20150209T214950_20150209T215018_004552_005983_A7D3,ZJ-HZB,2015,DESCENDING,105,ZJ_U51_10K_E038_N341,1.0,1.0,0.0,True,True,False,False,True
S1A_IW_GRDH_1SDV_20150209T214950_20150209T215018_004552_005983_A7D3,ZJ-HZB,2015,DESCENDING,105,ZJ_U51_10K_E039_N341,1.0,1.0,0.0,True,True,False,False,True
S1A_IW_GRDH_1SSV_20150408T100158_20150408T100227_005391_006D9D_CF92,ZJ-SMB,2015,ASCENDING,69,ZJ_U51_10K_E034_N320,1.0,0.0,1.0,True,False,False,True,True
S1A_IW_GRDH_1SSV_20150408T100158_20150408T100227_005391_006D9D_CF92,ZJ-SMB,2015,ASCENDING,69,ZJ_U51_10K_E035_N320,0.241498,0.0,0.241498,False,False,False,False,True
S1A_IW_GRDH_1SSV_20150408T100158_20150408T100227_005391_006D9D_CF92,ZJ-SMB,2015,ASCENDING,69,ZJ_U51_10K_E034_N321,1.0,0.0,1.0,True,False,False,True,True
S1A_IW_GRDH_1SSV_20150408T100158_20150408T100227_005391_006D9D_CF92,ZJ-SMB,2015,ASCENDING,69,ZJ_U51_10K_E035_N321,0.084689,0.0,0.084689,False,False,False,False,True
S1A_IW_GRDH_1SSV_20150408T100158_20150408T100227_005391_006D9D_CF92,ZJ-SMB,2015,ASCENDING,69,ZJ_U51_10K_E034_N322,0.927754,0.0,0.927754,False,False,False,False,True
S1A_IW_GRDH_1SSV_20150408T100158_20150408T100227_005391_006D9D_CF92,ZJ-SMB,2015,ASCENDING,69,ZJ_U51_10K_E035_N322,0.000126,0.0,0.000126,False,False,False,False,True
S1A_IW_GRDH_1SSV_20150408T100158_20150408T100227_005391_006D9D_CF92,ZJ-SMB,2015,ASCENDING,69,ZJ_U51_10K_E034_N323,0.771071,0.0,0.771071,False,False,False,False,True
S1A_IW_GRDH_1SSV_20150408T100158_20150408T100227_005391_006D9D_CF92,ZJ-SMB,2015,ASCENDING,69,ZJ_U51_10K_E034_N324,0.614262,0.0,0.614262,False,False,False,False,True
S1A_IW_GRDH_1SSV_20150408T100158_20150408T100227_005391_006D9D_CF92,ZJ-SMB,2015,ASCENDING,69,ZJ_U51_10K_E034_N325,0.457454,0.0,0.457454,False,False,False,False,True
S1A_IW_GRDH_1SDV_20160116T095356_20160116T095421_009518_00DD1D_17DA,ZJ-SMB,2016,ASCENDING,171,ZJ_U51_10K_E034_N320,1.0,0.0,1.0,True,False,False,True,True
S1A_IW_GRDH_1SDV_20160116T095356_20160116T095421_009518_00DD1D_17DA,ZJ-SMB,2016,ASCENDING,171,ZJ_U51_10K_E035_N320,1.0,0.0,1.0,True,False,False,True,True
S1A_IW_GRDH_1SDV_20160116T095356_20160116T095421_009518_00DD1D_17DA,ZJ-SMB,2016,ASCENDING,171,ZJ_U51_10K_E036_N320,1.0,0.0,1.0,True,False,False,True,True
S1A_IW_GRDH_1SDV_20160116T095356_20160116T095421_009518_00DD1D_17DA,ZJ-SMB,2016,ASCENDING,171,ZJ_U51_10K_E037_N320,1.0,0.0,1.0,True,False,False,True,True
S1A_IW_GRDH_1SDV_20160116T095356_20160116T095421_009518_00DD1D_17DA,ZJ-SMB,2016,ASCENDING,171,ZJ_U51_10K_E038_N320,1.0,0.0,1.0,True,False,False,True,True
S1A_IW_GRDH_1SDV_20160116T095356_20160116T095421_009518_00DD1D_17DA,ZJ-SMB,2016,ASCENDING,171,ZJ_U51_10K_E039_N320,1.0,0.0,1.0,True,False,False,True,True
S1A_IW_GRDH_1SDV_20160116T095356_20160116T095421_009518_00DD1D_17DA,ZJ-SMB,2016,ASCENDING,171,ZJ_U51_10K_E034_N321,1.0,0.0,1.0,True,False,False,True,True
S1A_IW_GRDH_1SDV_20160116T095356_20160116T095421_009518_00DD1D_17DA,ZJ-SMB,2016,ASCENDING,171,ZJ_U51_10K_E035_N321,1.0,0.0,1.0,True,False,False,True,True
S1A_IW_GRDH_1SDV_20160116T095356_20160116T095421_009518_00DD1D_17DA,ZJ-SMB,2016,ASCENDING,171,ZJ_U51_10K_E036_N321,1.0,0.0,1.0,True,False,False,True,True
S1A_IW_GRDH_1SDV_20160116T095356_20160116T095421_009518_00DD1D_17DA,ZJ-SMB,2016,ASCENDING,171,ZJ_U51_10K_E037_N321,1.0,0.0,1.0,True,False,False,True,True
S1A_IW_GRDH_1SDV_20160116T095356_20160116T095421_009518_00DD1D_17DA,ZJ-SMB,2016,ASCENDING,171,ZJ_U51_10K_E038_N321,1.0,0.0,1.0,True,False,False,True,True
S1A_IW_GRDH_1SDV_20160116T095356_20160116T095421_009518_00DD1D_17DA,ZJ-SMB,2016,ASCENDING,171,ZJ_U51_10K_E039_N321,1.0,0.0,1.0,True,False,False,True,True
S1A_IW_GRDH_1SDV_20160116T095356_20160116T095421_009518_00DD1D_17DA,ZJ-SMB,2016,ASCENDING,171,ZJ_U51_10K_E034_N322,1.0,0.0,1.0,True,False,False,True,True
S1A_IW_GRDH_1SDV_20160116T095356_20160116T095421_009518_00DD1D_17DA,ZJ-SMB,2016,ASCENDING,171,ZJ_U51_10K_E035_N322,1.0,0.0,1.0,True,False,False,True,True
S1A_IW_GRDH_1SDV_20160116T095356_20160116T095421_009518_00DD1D_17DA,ZJ-SMB,2016,ASCENDING,171,ZJ_U51_10K_E036_N322,1.0,0.0,1.0,True,False,False,True,True
S1A_IW_GRDH_1SDV_20160116T095356_20160116T095421_009518_00DD1D_17DA,ZJ-SMB,2016,ASCENDING,171,ZJ_U51_10K_E037_N322,1.0,0.0,1.0,True,False,False,True,True
S1A_IW_GRDH_1SDV_20160116T095356_20160116T095421_009518_00DD1D_17DA,ZJ-SMB,2016,ASCENDING,171,ZJ_U51_10K_E038_N322,1.0,0.0,1.0,True,False,False,True,True
S1A_IW_GRDH_1SDV_20160116T095356_20160116T095421_009518_00DD1D_17DA,ZJ-SMB,2016,ASCENDING,171,ZJ_U51_10K_E039_N322,1.0,0.0,1.0,True,False,False,True,True
S1A_IW_GRDH_1SDV_20160116T095356_20160116T095421_009518_00DD1D_17DA,ZJ-SMB,2016,ASCENDING,171,ZJ_U51_10K_E034_N323,1.0,0.0,1.0,True,False,False,True,True
S1A_IW_GRDH_1SDV_20160116T095356_20160116T095421_009518_00DD1D_17DA,ZJ-SMB,2016,ASCENDING,171,ZJ_U51_10K_E035_N323,1.0,0.0,1.0,True,False,False,True,True
S1A_IW_GRDH_1SDV_20160116T095356_20160116T095421_009518_00DD1D_17DA,ZJ-SMB,2016,ASCENDING,171,ZJ_U51_10K_E036_N323,1.0,0.0,1.0,True,False,False,True,True
S1A_IW_GRDH_1SDV_20160116T095356_20160116T095421_009518_00DD1D_17DA,ZJ-SMB,2016,ASCENDING,171,ZJ_U51_10K_E037_N323,1.0,0.0,1.0,True,False,False,True,True
S1A_IW_GRDH_1SDV_20160116T095356_20160116T095421_009518_00DD1D_17DA,ZJ-SMB,2016,ASCENDING,171,ZJ_U51_10K_E038_N323,1.0,0.0,1.0,True,False,False,True,True
S1A_IW_GRDH_1SDV_20160116T095356_20160116T095421_009518_00DD1D_17DA,ZJ-SMB,2016,ASCENDING,171,ZJ_U51_10K_E039_N323,1.0,0.0,1.0,True,False,False,True,True
S1A_IW_GRDH_1SDV_20160116T095356_20160116T095421_009518_00DD1D_17DA,ZJ-SMB,2016,ASCENDING,171,ZJ_U51_10K_E034_N324,1.0,0.0,1.0,True,False,False,True,True
S1A_IW_GRDH_1SDV_20160116T095356_20160116T095421_009518_00DD1D_17DA,ZJ-SMB,2016,ASCENDING,171,ZJ_U51_10K_E035_N324,1.0,0.0,1.0,True,False,False,True,True
S1A_IW_GRDH_1SDV_20160116T095356_20160116T095421_009518_00DD1D_17DA,ZJ-SMB,2016,ASCENDING,171,ZJ_U51_10K_E036_N324,1.0,0.0,1.0,True,False,False,True,True
S1A_IW_GRDH_1SDV_20160116T095356_20160116T095421_009518_00DD1D_17DA,ZJ-SMB,2016,ASCENDING,171,ZJ_U51_10K_E037_N324,1.0,0.0,1.0,True,False,False,True,True
S1A_IW_GRDH_1SDV_20160116T095356_20160116T095421_009518_00DD1D_17DA,ZJ-SMB,2016,ASCENDING,171,ZJ_U51_10K_E034_N325,1.0,0.0,1.0,True,False,False,True,True
S1A_IW_GRDH_1SDV_20160116T095356_20160116T095421_009518_00DD1D_17DA,ZJ-SMB,2016,ASCENDING,171,ZJ_U51_10K_E035_N325,1.0,0.0,1.0,True,False,False,True,True
S1A_IW_GRDH_1SDV_20150209T215018_20150209T215043_004552_005983_0DC0,ZJ-SMB,2015,DESCENDING,105,ZJ_U51_10K_E034_N320,0.0,1.0,1.0,False,True,True,False,True
S1A_IW_GRDH_1SDV_20150209T215018_20150209T215043_004552_005983_0DC0,ZJ-SMB,2015,DESCENDING,105,ZJ_U51_10K_E035_N320,0.0,1.0,1.0,False,True,True,False,True
S1A_IW_GRDH_1SDV_20150209T215018_20150209T215043_004552_005983_0DC0,ZJ-SMB,2015,DESCENDING,105,ZJ_U51_10K_E036_N320,0.0,1.0,1.0,False,True,True,False,True
S1A_IW_GRDH_1SDV_20150209T215018_20150209T215043_004552_005983_0DC0,ZJ-SMB,2015,DESCENDING,105,ZJ_U51_10K_E037_N320,0.0,1.0,1.0,False,True,True,False,True
S1A_IW_GRDH_1SDV_20150209T215018_20150209T215043_004552_005983_0DC0,ZJ-SMB,2015,DESCENDING,105,ZJ_U51_10K_E038_N320,0.0,1.0,1.0,False,True,True,False,True
S1A_IW_GRDH_1SDV_20150209T215018_20150209T215043_004552_005983_0DC0,ZJ-SMB,2015,DESCENDING,105,ZJ_U51_10K_E039_N320,0.0,1.0,1.0,False,True,True,False,True
S1A_IW_GRDH_1SDV_20150209T215018_20150209T215043_004552_005983_0DC0,ZJ-SMB,2015,DESCENDING,105,ZJ_U51_10K_E034_N321,0.0,1.0,1.0,False,True,True,False,True
S1A_IW_GRDH_1SDV_20150209T215018_20150209T215043_004552_005983_0DC0,ZJ-SMB,2015,DESCENDING,105,ZJ_U51_10K_E035_N321,0.0,1.0,1.0,False,True,True,False,True
S1A_IW_GRDH_1SDV_20150209T215018_20150209T215043_004552_005983_0DC0,ZJ-SMB,2015,DESCENDING,105,ZJ_U51_10K_E036_N321,0.026221,1.0,0.973779,False,True,True,False,True
S1A_IW_GRDH_1SDV_20150209T215018_20150209T215043_004552_005983_0DC0,ZJ-SMB,2015,DESCENDING,105,ZJ_U51_10K_E037_N321,0.195975,1.0,0.804025,False,True,True,False,True
S1A_IW_GRDH_1SDV_20150209T215018_20150209T215043_004552_005983_0DC0,ZJ-SMB,2015,DESCENDING,105,ZJ_U51_10K_E038_N321,0.387479,1.0,0.612521,False,True,True,False,True
S1A_IW_GRDH_1SDV_20150209T215018_20150209T215043_004552_005983_0DC0,ZJ-SMB,2015,DESCENDING,105,ZJ_U51_10K_E039_N321,0.578916,1.0,0.421084,False,True,True,False,True
S1A_IW_GRDH_1SDV_20150209T215018_20150209T215043_004552_005983_0DC0,ZJ-SMB,2015,DESCENDING,105,ZJ_U51_10K_E034_N322,0.62143,1.0,0.37857,False,True,True,False,True
S1A_IW_GRDH_1SDV_20150209T215018_20150209T215043_004552_005983_0DC0,ZJ-SMB,2015,DESCENDING,105,ZJ_U51_10K_E035_N322,0.812945,1.0,0.187055,False,True,True,False,True
S1A_IW_GRDH_1SDV_20150209T215018_20150209T215043_004552_005983_0DC0,ZJ-SMB,2015,DESCENDING,105,ZJ_U51_10K_E036_N322,0.978239,1.0,0.021761,False,True,True,False,True
S1A_IW_GRDH_1SDV_20150209T215018_20150209T215043_004552_005983_0DC0,ZJ-SMB,2015,DESCENDING,105,ZJ_U51_10K_E037_N322,1.0,1.0,0.0,True,True,False,False,True
S1A_IW_GRDH_1SDV_20150209T215018_20150209T215043_004552_005983_0DC0,ZJ-SMB,2015,DESCENDING,105,ZJ_U51_10K_E038_N322,1.0,1.0,0.0,True,True,False,False,True
S1A_IW_GRDH_1SDV_20150209T215018_20150209T215043_004552_005983_0DC0,ZJ-SMB,2015,DESCENDING,105,ZJ_U51_10K_E039_N322,1.0,1.0,0.0,True,True,False,False,True
S1A_IW_GRDH_1SDV_20150209T215018_20150209T215043_004552_005983_0DC0,ZJ-SMB,2015,DESCENDING,105,ZJ_U51_10K_E034_N323,1.0,1.0,0.0,True,True,False,False,True
S1A_IW_GRDH_1SDV_20150209T215018_20150209T215043_004552_005983_0DC0,ZJ-SMB,2015,DESCENDING,105,ZJ_U51_10K_E035_N323,1.0,1.0,0.0,True,True,False,False,True
S1A_IW_GRDH_1SDV_20150209T215018_20150209T215043_004552_005983_0DC0,ZJ-SMB,2015,DESCENDING,105,ZJ_U51_10K_E036_N323,1.0,1.0,0.0,True,True,False,False,True
S1A_IW_GRDH_1SDV_20150209T215018_20150209T215043_004552_005983_0DC0,ZJ-SMB,2015,DESCENDING,105,ZJ_U51_10K_E037_N323,1.0,1.0,0.0,True,True,False,False,True
S1A_IW_GRDH_1SDV_20150209T215018_20150209T215043_004552_005983_0DC0,ZJ-SMB,2015,DESCENDING,105,ZJ_U51_10K_E038_N323,1.0,1.0,0.0,True,True,False,False,True
S1A_IW_GRDH_1SDV_20150209T215018_20150209T215043_004552_005983_0DC0,ZJ-SMB,2015,DESCENDING,105,ZJ_U51_10K_E039_N323,1.0,1.0,0.0,True,True,False,False,True
S1A_IW_GRDH_1SDV_20150209T215018_20150209T215043_004552_005983_0DC0,ZJ-SMB,2015,DESCENDING,105,ZJ_U51_10K_E034_N324,1.0,1.0,0.0,True,True,False,False,True
S1A_IW_GRDH_1SDV_20150209T215018_20150209T215043_004552_005983_0DC0,ZJ-SMB,2015,DESCENDING,105,ZJ_U51_10K_E035_N324,1.0,1.0,0.0,True,True,False,False,True
S1A_IW_GRDH_1SDV_20150209T215018_20150209T215043_004552_005983_0DC0,ZJ-SMB,2015,DESCENDING,105,ZJ_U51_10K_E036_N324,1.0,1.0,0.0,True,True,False,False,True
S1A_IW_GRDH_1SDV_20150209T215018_20150209T215043_004552_005983_0DC0,ZJ-SMB,2015,DESCENDING,105,ZJ_U51_10K_E037_N324,1.0,1.0,0.0,True,True,False,False,True
S1A_IW_GRDH_1SDV_20150209T215018_20150209T215043_004552_005983_0DC0,ZJ-SMB,2015,DESCENDING,105,ZJ_U51_10K_E034_N325,1.0,1.0,0.0,True,True,False,False,True
S1A_IW_GRDH_1SDV_20150209T215018_20150209T215043_004552_005983_0DC0,ZJ-SMB,2015,DESCENDING,105,ZJ_U51_10K_E035_N325,1.0,1.0,0.0,True,True,False,False,True
S1A_IW_GRDH_1SDV_20160109T100139_20160109T100204_009416_00DA43_D3DC,ZJ-YQB,2016,ASCENDING,69,ZJ_U51_10K_E029_N309,1.0,1.0,0.0,True,True,False,False,True
S1A_IW_GRDH_1SDV_20160109T100139_20160109T100204_009416_00DA43_D3DC,ZJ-YQB,2016,ASCENDING,69,ZJ_U51_10K_E030_N309,1.0,1.0,0.0,True,True,False,False,True
S1A_IW_GRDH_1SDV_20160109T100139_20160109T100204_009416_00DA43_D3DC,ZJ-YQB,2016,ASCENDING,69,ZJ_U51_10K_E031_N309,1.0,1.0,0.0,True,True,False,False,True
S1A_IW_GRDH_1SDV_20160109T100139_20160109T100204_009416_00DA43_D3DC,ZJ-YQB,2016,ASCENDING,69,ZJ_U51_10K_E029_N310,1.0,0.106686,0.893314,True,False,False,True,True
S1A_IW_GRDH_1SDV_20160109T100139_20160109T100204_009416_00DA43_D3DC,ZJ-YQB,2016,ASCENDING,69,ZJ_U51_10K_E030_N310,1.0,0.267078,0.732922,True,False,False,True,True
S1A_IW_GRDH_1SDV_20160109T100139_20160109T100204_009416_00DA43_D3DC,ZJ-YQB,2016,ASCENDING,69,ZJ_U51_10K_E031_N310,1.0,0.427455,0.572545,True,False,False,True,True
S1A_IW_GRDH_1SDV_20160109T100139_20160109T100204_009416_00DA43_D3DC,ZJ-YQB,2016,ASCENDING,69,ZJ_U51_10K_E032_N310,1.0,0.587832,0.412168,True,False,False,True,True
S1A_IW_GRDH_1SDV_20160109T100139_20160109T100204_009416_00DA43_D3DC,ZJ-YQB,2016,ASCENDING,69,ZJ_U51_10K_E030_N311,0.963563,0.0,0.963563,False,False,False,False,True
S1A_IW_GRDH_1SDV_20160109T100139_20160109T100204_009416_00DA43_D3DC,ZJ-YQB,2016,ASCENDING,69,ZJ_U51_10K_E031_N311,1.0,0.0,1.0,True,False,False,True,True
S1A_IW_GRDH_1SDV_20160109T100139_20160109T100204_009416_00DA43_D3DC,ZJ-YQB,2016,ASCENDING,69,ZJ_U51_10K_E032_N311,1.0,0.0,1.0,True,False,False,True,True
S1A_IW_GRDH_1SDV_20160109T100139_20160109T100204_009416_00DA43_D3DC,ZJ-YQB,2016,ASCENDING,69,ZJ_U51_10K_E030_N312,0.00844,0.0,0.00844,False,False,False,False,True
S1A_IW_GRDH_1SDV_20160109T100139_20160109T100204_009416_00DA43_D3DC,ZJ-YQB,2016,ASCENDING,69,ZJ_U51_10K_E031_N312,0.131886,0.0,0.131886,False,False,False,False,True
S1A_IW_GRDH_1SDV_20160109T100139_20160109T100204_009416_00DA43_D3DC,ZJ-YQB,2016,ASCENDING,69,ZJ_U51_10K_E032_N312,0.291757,0.0,0.291757,False,False,False,False,True
S1A_IW_GRDH_1SDV_20160116T095327_20160116T095356_009518_00DD1D_ED21,ZJ-YQB,2016,ASCENDING,171,ZJ_U51_10K_E031_N309,0.459693,0.424274,0.035419,False,False,False,False,True
S1A_IW_GRDH_1SDV_20160116T095327_20160116T095356_009518_00DD1D_ED21,ZJ-YQB,2016,ASCENDING,171,ZJ_U51_10K_E031_N310,0.638421,0.603381,0.03504,False,False,False,False,True
S1A_IW_GRDH_1SDV_20160116T095327_20160116T095356_009518_00DD1D_ED21,ZJ-YQB,2016,ASCENDING,171,ZJ_U51_10K_E032_N310,1.0,1.0,0.0,True,True,False,False,True
S1A_IW_GRDH_1SDV_20160116T095327_20160116T095356_009518_00DD1D_ED21,ZJ-YQB,2016,ASCENDING,171,ZJ_U51_10K_E031_N311,0.81622,0.782228,0.033992,False,False,False,False,True
S1A_IW_GRDH_1SDV_20160116T095327_20160116T095356_009518_00DD1D_ED21,ZJ-YQB,2016,ASCENDING,171,ZJ_U51_10K_E032_N311,1.0,1.0,0.0,True,True,False,False,True
S1A_IW_GRDH_1SDV_20160116T095327_20160116T095356_009518_00DD1D_ED21,ZJ-YQB,2016,ASCENDING,171,ZJ_U51_10K_E030_N312,0.0,0.006608,0.006608,False,False,False,False,True
S1A_IW_GRDH_1SDV_20160116T095327_20160116T095356_009518_00DD1D_ED21,ZJ-YQB,2016,ASCENDING,171,ZJ_U51_10K_E031_N312,0.516704,0.953191,0.436487,False,False,False,False,True
S1A_IW_GRDH_1SDV_20160116T095327_20160116T095356_009518_00DD1D_ED21,ZJ-YQB,2016,ASCENDING,171,ZJ_U51_10K_E032_N312,0.720205,1.0,0.279795,False,True,True,False,True
S1A_IW_GRDH_1SDV_20160116T095327_20160116T095356_009518_00DD1D_ED21,ZJ-YQB,2016,ASCENDING,171,ZJ_U51_10K_E031_N313,0.0,1.0,1.0,False,True,True,False,True
S1A_IW_GRDH_1SDV_20160116T095327_20160116T095356_009518_00DD1D_ED21,ZJ-YQB,2016,ASCENDING,171,ZJ_U51_10K_E032_N313,0.0,1.0,1.0,False,True,True,False,True
S1A_IW_GRDH_1SDV_20160116T095327_20160116T095356_009518_00DD1D_ED21,ZJ-YQB,2016,ASCENDING,171,ZJ_U51_10K_E032_N314,0.0,1.0,1.0,False,True,True,False,True
S1A_IW_GRDH_1SDV_20150209T215043_20150209T215108_004552_005983_41AD,ZJ-YQB,2015,DESCENDING,105,ZJ_U51_10K_E029_N309,1.0,0.0,1.0,True,False,False,True,True
S1A_IW_GRDH_1SDV_20150209T215043_20150209T215108_004552_005983_41AD,ZJ-YQB,2015,DESCENDING,105,ZJ_U51_10K_E030_N309,1.0,0.0,1.0,True,False,False,True,True
S1A_IW_GRDH_1SDV_20150209T215043_20150209T215108_004552_005983_41AD,ZJ-YQB,2015,DESCENDING,105,ZJ_U51_10K_E031_N309,1.0,0.0,1.0,True,False,False,True,True
S1A_IW_GRDH_1SDV_20150209T215043_20150209T215108_004552_005983_41AD,ZJ-YQB,2015,DESCENDING,105,ZJ_U51_10K_E029_N310,1.0,0.0,1.0,True,False,False,True,True
S1A_IW_GRDH_1SDV_20150209T215043_20150209T215108_004552_005983_41AD,ZJ-YQB,2015,DESCENDING,105,ZJ_U51_10K_E030_N310,1.0,0.0,1.0,True,False,False,True,True
S1A_IW_GRDH_1SDV_20150209T215043_20150209T215108_004552_005983_41AD,ZJ-YQB,2015,DESCENDING,105,ZJ_U51_10K_E031_N310,1.0,0.0,1.0,True,False,False,True,True
S1A_IW_GRDH_1SDV_20150209T215043_20150209T215108_004552_005983_41AD,ZJ-YQB,2015,DESCENDING,105,ZJ_U51_10K_E032_N310,1.0,0.0,1.0,True,False,False,True,True
S1A_IW_GRDH_1SDV_20150209T215043_20150209T215108_004552_005983_41AD,ZJ-YQB,2015,DESCENDING,105,ZJ_U51_10K_E030_N311,1.0,0.0,1.0,True,False,False,True,True
S1A_IW_GRDH_1SDV_20150209T215043_20150209T215108_004552_005983_41AD,ZJ-YQB,2015,DESCENDING,105,ZJ_U51_10K_E031_N311,1.0,0.0,1.0,True,False,False,True,True
S1A_IW_GRDH_1SDV_20150209T215043_20150209T215108_004552_005983_41AD,ZJ-YQB,2015,DESCENDING,105,ZJ_U51_10K_E032_N311,1.0,0.0,1.0,True,False,False,True,True
S1A_IW_GRDH_1SDV_20150209T215043_20150209T215108_004552_005983_41AD,ZJ-YQB,2015,DESCENDING,105,ZJ_U51_10K_E030_N312,1.0,0.0,1.0,True,False,False,True,True
S1A_IW_GRDH_1SDV_20150209T215043_20150209T215108_004552_005983_41AD,ZJ-YQB,2015,DESCENDING,105,ZJ_U51_10K_E031_N312,1.0,0.0,1.0,True,False,False,True,True
S1A_IW_GRDH_1SDV_20150209T215043_20150209T215108_004552_005983_41AD,ZJ-YQB,2015,DESCENDING,105,ZJ_U51_10K_E032_N312,1.0,0.0,1.0,True,False,False,True,True
S1A_IW_GRDH_1SDV_20150209T215043_20150209T215108_004552_005983_41AD,ZJ-YQB,2015,DESCENDING,105,ZJ_U51_10K_E031_N313,1.0,0.042989,0.957011,True,False,False,True,True
S1A_IW_GRDH_1SDV_20150209T215043_20150209T215108_004552_005983_41AD,ZJ-YQB,2015,DESCENDING,105,ZJ_U51_10K_E032_N313,1.0,0.225514,0.774486,True,False,False,True,True
S1A_IW_GRDH_1SDV_20150209T215043_20150209T215108_004552_005983_41AD,ZJ-YQB,2015,DESCENDING,105,ZJ_U51_10K_E032_N314,1.0,1.0,0.0,True,True,False,False,True
S1A_IW_GRDH_1SDV_20160109T100229_20160109T100254_009416_00DA43_2830,ZJ-HZB,2016,ASCENDING,69,ZJ_U51_10K_E031_N334,1.0,0.0,1.0,True,False,False,True,True
S1A_IW_GRDH_1SDV_20160109T100229_20160109T100254_009416_00DA43_2830,ZJ-HZB,2016,ASCENDING,69,ZJ_U51_10K_E032_N334,1.0,0.0,1.0,True,False,False,True,True
S1A_IW_GRDH_1SDV_20160109T100229_20160109T100254_009416_00DA43_2830,ZJ-HZB,2016,ASCENDING,69,ZJ_U51_10K_E033_N334,0.136303,0.0,0.136303,False,False,False,False,True
S1A_IW_GRDH_1SDV_20160109T100229_20160109T100254_009416_00DA43_2830,ZJ-HZB,2016,ASCENDING,69,ZJ_U51_10K_E029_N335,1.0,0.0,1.0,True,False,False,True,True
S1A_IW_GRDH_1SDV_20160109T100229_20160109T100254_009416_00DA43_2830,ZJ-HZB,2016,ASCENDING,69,ZJ_U51_10K_E030_N335,1.0,0.0,1.0,True,False,False,True,True
S1A_IW_GRDH_1SDV_20160109T100229_20160109T100254_009416_00DA43_2830,ZJ-HZB,2016,ASCENDING,69,ZJ_U51_10K_E031_N335,1.0,0.0,1.0,True,False,False,True,True
S1A_IW_GRDH_1SDV_20160109T100229_20160109T100254_009416_00DA43_2830,ZJ-HZB,2016,ASCENDING,69,ZJ_U51_10K_E032_N335,0.975876,0.0,0.975876,False,False,False,False,True
S1A_IW_GRDH_1SDV_20160109T100229_20160109T100254_009416_00DA43_2830,ZJ-HZB,2016,ASCENDING,69,ZJ_U51_10K_E033_N335,0.013411,0.0,0.013411,False,False,False,False,True
S1A_IW_GRDH_1SDV_20160109T100229_20160109T100254_009416_00DA43_2830,ZJ-HZB,2016,ASCENDING,69,ZJ_U51_10K_E029_N336,1.0,0.0,1.0,True,False,False,True,True
S1A_IW_GRDH_1SDV_20160109T100229_20160109T100254_009416_00DA43_2830,ZJ-HZB,2016,ASCENDING,69,ZJ_U51_10K_E030_N336,1.0,0.0,1.0,True,False,False,True,True
S1A_IW_GRDH_1SDV_20160109T100229_20160109T100254_009416_00DA43_2830,ZJ-HZB,2016,ASCENDING,69,ZJ_U51_10K_E031_N336,1.0,0.0,1.0,True,False,False,True,True
S1A_IW_GRDH_1SDV_20160109T100229_20160109T100254_009416_00DA43_2830,ZJ-HZB,2016,ASCENDING,69,ZJ_U51_10K_E032_N336,0.842269,0.0,0.842269,False,False,False,False,True
S1A_IW_GRDH_1SDV_20160109T100229_20160109T100254_009416_00DA43_2830,ZJ-HZB,2016,ASCENDING,69,ZJ_U51_10K_E031_N337,1.0,0.0,1.0,True,False,False,True,True
S1A_IW_GRDH_1SDV_20160109T100229_20160109T100254_009416_00DA43_2830,ZJ-HZB,2016,ASCENDING,69,ZJ_U51_10K_E032_N337,0.695485,0.0,0.695485,False,False,False,False,True
S1A_IW_GRDH_1SDV_20160109T100229_20160109T100254_009416_00DA43_2830,ZJ-HZB,2016,ASCENDING,69,ZJ_U51_10K_E032_N338,0.548907,0.0,0.548907,False,False,False,False,True
S1A_IW_GRDH_1SDV_20160116T095421_20160116T095446_009518_00DD1D_3A0D,ZJ-HZB,2016,ASCENDING,171,ZJ_U51_10K_E037_N331,1.0,0.0,1.0,True,False,False,True,True
S1A_IW_GRDH_1SDV_20160116T095421_20160116T095446_009518_00DD1D_3A0D,ZJ-HZB,2016,ASCENDING,171,ZJ_U51_10K_E035_N332,1.0,0.0,1.0,True,False,False,True,True
S1A_IW_GRDH_1SDV_20160116T095421_20160116T095446_009518_00DD1D_3A0D,ZJ-HZB,2016,ASCENDING,171,ZJ_U51_10K_E036_N332,1.0,0.0,1.0,True,False,False,True,True
S1A_IW_GRDH_1SDV_20160116T095421_20160116T095446_009518_00DD1D_3A0D,ZJ-HZB,2016,ASCENDING,171,ZJ_U51_10K_E037_N332,1.0,0.0,1.0,True,False,False,True,True
S1A_IW_GRDH_1SDV_20160116T095421_20160116T095446_009518_00DD1D_3A0D,ZJ-HZB,2016,ASCENDING,171,ZJ_U51_10K_E038_N332,1.0,0.0,1.0,True,False,False,True,True
S1A_IW_GRDH_1SDV_20160116T095421_20160116T095446_009518_00DD1D_3A0D,ZJ-HZB,2016,ASCENDING,171,ZJ_U51_10K_E034_N333,1.0,0.0,1.0,True,False,False,True,True
S1A_IW_GRDH_1SDV_20160116T095421_20160116T095446_009518_00DD1D_3A0D,ZJ-HZB,2016,ASCENDING,171,ZJ_U51_10K_E035_N333,1.0,0.0,1.0,True,False,False,True,True
S1A_IW_GRDH_1SDV_20160116T095421_20160116T095446_009518_00DD1D_3A0D,ZJ-HZB,2016,ASCENDING,171,ZJ_U51_10K_E036_N333,1.0,0.0,1.0,True,False,False,True,True
S1A_IW_GRDH_1SDV_20160116T095421_20160116T095446_009518_00DD1D_3A0D,ZJ-HZB,2016,ASCENDING,171,ZJ_U51_10K_E037_N333,1.0,0.0,1.0,True,False,False,True,True
S1A_IW_GRDH_1SDV_20160116T095421_20160116T095446_009518_00DD1D_3A0D,ZJ-HZB,2016,ASCENDING,171,ZJ_U51_10K_E038_N333,1.0,0.0,1.0,True,False,False,True,True
S1A_IW_GRDH_1SDV_20160116T095421_20160116T095446_009518_00DD1D_3A0D,ZJ-HZB,2016,ASCENDING,171,ZJ_U51_10K_E031_N334,1.0,0.0,1.0,True,False,False,True,True
S1A_IW_GRDH_1SDV_20160116T095421_20160116T095446_009518_00DD1D_3A0D,ZJ-HZB,2016,ASCENDING,171,ZJ_U51_10K_E032_N334,1.0,0.0,1.0,True,False,False,True,True
S1A_IW_GRDH_1SDV_20160116T095421_20160116T095446_009518_00DD1D_3A0D,ZJ-HZB,2016,ASCENDING,171,ZJ_U51_10K_E033_N334,1.0,0.0,1.0,True,False,False,True,True
S1A_IW_GRDH_1SDV_20160116T095421_20160116T095446_009518_00DD1D_3A0D,ZJ-HZB,2016,ASCENDING,171,ZJ_U51_10K_E034_N334,1.0,0.0,1.0,True,False,False,True,True
S1A_IW_GRDH_1SDV_20160116T095421_20160116T095446_009518_00DD1D_3A0D,ZJ-HZB,2016,ASCENDING,171,ZJ_U51_10K_E035_N334,1.0,0.0,1.0,True,False,False,True,True
S1A_IW_GRDH_1SDV_20160116T095421_20160116T095446_009518_00DD1D_3A0D,ZJ-HZB,2016,ASCENDING,171,ZJ_U51_10K_E036_N334,1.0,0.0,1.0,True,False,False,True,True
S1A_IW_GRDH_1SDV_20160116T095421_20160116T095446_009518_00DD1D_3A0D,ZJ-HZB,2016,ASCENDING,171,ZJ_U51_10K_E037_N334,1.0,0.0,1.0,True,False,False,True,True
S1A_IW_GRDH_1SDV_20160116T095421_20160116T095446_009518_00DD1D_3A0D,ZJ-HZB,2016,ASCENDING,171,ZJ_U51_10K_E038_N334,1.0,0.0,1.0,True,False,False,True,True
S1A_IW_GRDH_1SDV_20160116T095421_20160116T095446_009518_00DD1D_3A0D,ZJ-HZB,2016,ASCENDING,171,ZJ_U51_10K_E029_N335,1.0,0.0,1.0,True,False,False,True,True
S1A_IW_GRDH_1SDV_20160116T095421_20160116T095446_009518_00DD1D_3A0D,ZJ-HZB,2016,ASCENDING,171,ZJ_U51_10K_E030_N335,1.0,0.0,1.0,True,False,False,True,True
S1A_IW_GRDH_1SDV_20160116T095421_20160116T095446_009518_00DD1D_3A0D,ZJ-HZB,2016,ASCENDING,171,ZJ_U51_10K_E031_N335,1.0,0.0,1.0,True,False,False,True,True
S1A_IW_GRDH_1SDV_20160116T095421_20160116T095446_009518_00DD1D_3A0D,ZJ-HZB,2016,ASCENDING,171,ZJ_U51_10K_E032_N335,1.0,0.0,1.0,True,False,False,True,True
S1A_IW_GRDH_1SDV_20160116T095421_20160116T095446_009518_00DD1D_3A0D,ZJ-HZB,2016,ASCENDING,171,ZJ_U51_10K_E033_N335,1.0,0.0,1.0,True,False,False,True,True
S1A_IW_GRDH_1SDV_20160116T095421_20160116T095446_009518_00DD1D_3A0D,ZJ-HZB,2016,ASCENDING,171,ZJ_U51_10K_E034_N335,1.0,0.0,1.0,True,False,False,True,True
S1A_IW_GRDH_1SDV_20160116T095421_20160116T095446_009518_00DD1D_3A0D,ZJ-HZB,2016,ASCENDING,171,ZJ_U51_10K_E035_N335,1.0,0.0,1.0,True,False,False,True,True
S1A_IW_GRDH_1SDV_20160116T095421_20160116T095446_009518_00DD1D_3A0D,ZJ-HZB,2016,ASCENDING,171,ZJ_U51_10K_E036_N335,1.0,0.0,1.0,True,False,False,True,True
S1A_IW_GRDH_1SDV_20160116T095421_20160116T095446_009518_00DD1D_3A0D,ZJ-HZB,2016,ASCENDING,171,ZJ_U51_10K_E037_N335,1.0,0.0,1.0,True,False,False,True,True
S1A_IW_GRDH_1SDV_20160116T095421_20160116T095446_009518_00DD1D_3A0D,ZJ-HZB,2016,ASCENDING,171,ZJ_U51_10K_E038_N335,1.0,0.0,1.0,True,False,False,True,True
S1A_IW_GRDH_1SDV_20160116T095421_20160116T095446_009518_00DD1D_3A0D,ZJ-HZB,2016,ASCENDING,171,ZJ_U51_10K_E029_N336,1.0,0.0,1.0,True,False,False,True,True
S1A_IW_GRDH_1SDV_20160116T095421_20160116T095446_009518_00DD1D_3A0D,ZJ-HZB,2016,ASCENDING,171,ZJ_U51_10K_E030_N336,1.0,0.0,1.0,True,False,False,True,True
S1A_IW_GRDH_1SDV_20160116T095421_20160116T095446_009518_00DD1D_3A0D,ZJ-HZB,2016,ASCENDING,171,ZJ_U51_10K_E031_N336,1.0,0.0,1.0,True,False,False,True,True
S1A_IW_GRDH_1SDV_20160116T095421_20160116T095446_009518_00DD1D_3A0D,ZJ-HZB,2016,ASCENDING,171,ZJ_U51_10K_E032_N336,1.0,0.0,1.0,True,False,False,True,True
S1A_IW_GRDH_1SDV_20160116T095421_20160116T095446_009518_00DD1D_3A0D,ZJ-HZB,2016,ASCENDING,171,ZJ_U51_10K_E033_N336,1.0,0.0,1.0,True,False,False,True,True
S1A_IW_GRDH_1SDV_20160116T095421_20160116T095446_009518_00DD1D_3A0D,ZJ-HZB,2016,ASCENDING,171,ZJ_U51_10K_E034_N336,1.0,0.0,1.0,True,False,False,True,True
S1A_IW_GRDH_1SDV_20160116T095421_20160116T095446_009518_00DD1D_3A0D,ZJ-HZB,2016,ASCENDING,171,ZJ_U51_10K_E035_N336,1.0,0.0,1.0,True,False,False,True,True
S1A_IW_GRDH_1SDV_20160116T095421_20160116T095446_009518_00DD1D_3A0D,ZJ-HZB,2016,ASCENDING,171,ZJ_U51_10K_E036_N336,1.0,0.0,1.0,True,False,False,True,True
S1A_IW_GRDH_1SDV_20160116T095421_20160116T095446_009518_00DD1D_3A0D,ZJ-HZB,2016,ASCENDING,171,ZJ_U51_10K_E037_N336,1.0,0.0,1.0,True,False,False,True,True
S1A_IW_GRDH_1SDV_20160116T095421_20160116T095446_009518_00DD1D_3A0D,ZJ-HZB,2016,ASCENDING,171,ZJ_U51_10K_E038_N336,1.0,0.0,1.0,True,False,False,True,True
S1A_IW_GRDH_1SDV_20160116T095421_20160116T095446_009518_00DD1D_3A0D,ZJ-HZB,2016,ASCENDING,171,ZJ_U51_10K_E031_N337,1.0,0.0,1.0,True,False,False,True,True
S1A_IW_GRDH_1SDV_20160116T095421_20160116T095446_009518_00DD1D_3A0D,ZJ-HZB,2016,ASCENDING,171,ZJ_U51_10K_E032_N337,1.0,0.0,1.0,True,False,False,True,True
S1A_IW_GRDH_1SDV_20160116T095421_20160116T095446_009518_00DD1D_3A0D,ZJ-HZB,2016,ASCENDING,171,ZJ_U51_10K_E033_N337,1.0,0.0,1.0,True,False,False,True,True
S1A_IW_GRDH_1SDV_20160116T095421_20160116T095446_009518_00DD1D_3A0D,ZJ-HZB,2016,ASCENDING,171,ZJ_U51_10K_E034_N337,1.0,0.0,1.0,True,False,False,True,True
S1A_IW_GRDH_1SDV_20160116T095421_20160116T095446_009518_00DD1D_3A0D,ZJ-HZB,2016,ASCENDING,171,ZJ_U51_10K_E035_N337,1.0,0.0,1.0,True,False,False,True,True
S1A_IW_GRDH_1SDV_20160116T095421_20160116T095446_009518_00DD1D_3A0D,ZJ-HZB,2016,ASCENDING,171,ZJ_U51_10K_E036_N337,1.0,0.0,1.0,True,False,False,True,True
S1A_IW_GRDH_1SDV_20160116T095421_20160116T095446_009518_00DD1D_3A0D,ZJ-HZB,2016,ASCENDING,171,ZJ_U51_10K_E037_N337,1.0,0.0,1.0,True,False,False,True,True
S1A_IW_GRDH_1SDV_20160116T095421_20160116T095446_009518_00DD1D_3A0D,ZJ-HZB,2016,ASCENDING,171,ZJ_U51_10K_E038_N337,1.0,0.0,1.0,True,False,False,True,True
S1A_IW_GRDH_1SDV_20160116T095421_20160116T095446_009518_00DD1D_3A0D,ZJ-HZB,2016,ASCENDING,171,ZJ_U51_10K_E032_N338,1.0,0.0,1.0,True,False,False,True,True
S1A_IW_GRDH_1SDV_20160116T095421_20160116T095446_009518_00DD1D_3A0D,ZJ-HZB,2016,ASCENDING,171,ZJ_U51_10K_E033_N338,1.0,0.0,1.0,True,False,False,True,True
S1A_IW_GRDH_1SDV_20160116T095421_20160116T095446_009518_00DD1D_3A0D,ZJ-HZB,2016,ASCENDING,171,ZJ_U51_10K_E034_N338,1.0,0.0,1.0,True,False,False,True,True
S1A_IW_GRDH_1SDV_20160116T095421_20160116T095446_009518_00DD1D_3A0D,ZJ-HZB,2016,ASCENDING,171,ZJ_U51_10K_E035_N338,1.0,0.0,1.0,True,False,False,True,True
S1A_IW_GRDH_1SDV_20160116T095421_20160116T095446_009518_00DD1D_3A0D,ZJ-HZB,2016,ASCENDING,171,ZJ_U51_10K_E036_N338,1.0,0.0,1.0,True,False,False,True,True
S1A_IW_GRDH_1SDV_20160116T095421_20160116T095446_009518_00DD1D_3A0D,ZJ-HZB,2016,ASCENDING,171,ZJ_U51_10K_E037_N338,1.0,0.0,1.0,True,False,False,True,True
S1A_IW_GRDH_1SDV_20160116T095421_20160116T095446_009518_00DD1D_3A0D,ZJ-HZB,2016,ASCENDING,171,ZJ_U51_10K_E038_N338,1.0,0.0,1.0,True,False,False,True,True
S1A_IW_GRDH_1SDV_20160116T095421_20160116T095446_009518_00DD1D_3A0D,ZJ-HZB,2016,ASCENDING,171,ZJ_U51_10K_E039_N338,1.0,0.0,1.0,True,False,False,True,True
S1A_IW_GRDH_1SDV_20160116T095421_20160116T095446_009518_00DD1D_3A0D,ZJ-HZB,2016,ASCENDING,171,ZJ_U51_10K_E034_N339,1.0,0.0,1.0,True,False,False,True,True
S1A_IW_GRDH_1SDV_20160116T095421_20160116T095446_009518_00DD1D_3A0D,ZJ-HZB,2016,ASCENDING,171,ZJ_U51_10K_E035_N339,1.0,0.0,1.0,True,False,False,True,True
S1A_IW_GRDH_1SDV_20160116T095421_20160116T095446_009518_00DD1D_3A0D,ZJ-HZB,2016,ASCENDING,171,ZJ_U51_10K_E036_N339,1.0,0.0,1.0,True,False,False,True,True
S1A_IW_GRDH_1SDV_20160116T095421_20160116T095446_009518_00DD1D_3A0D,ZJ-HZB,2016,ASCENDING,171,ZJ_U51_10K_E037_N339,1.0,0.0,1.0,True,False,False,True,True
S1A_IW_GRDH_1SDV_20160116T095421_20160116T095446_009518_00DD1D_3A0D,ZJ-HZB,2016,ASCENDING,171,ZJ_U51_10K_E038_N339,1.0,0.0,1.0,True,False,False,True,True
S1A_IW_GRDH_1SDV_20160116T095421_20160116T095446_009518_00DD1D_3A0D,ZJ-HZB,2016,ASCENDING,171,ZJ_U51_10K_E039_N339,1.0,0.0,1.0,True,False,False,True,True
S1A_IW_GRDH_1SDV_20160116T095421_20160116T095446_009518_00DD1D_3A0D,ZJ-HZB,2016,ASCENDING,171,ZJ_U51_10K_E036_N340,1.0,0.0,1.0,True,False,False,True,True
S1A_IW_GRDH_1SDV_20160116T095421_20160116T095446_009518_00DD1D_3A0D,ZJ-HZB,2016,ASCENDING,171,ZJ_U51_10K_E037_N340,1.0,0.0,1.0,True,False,False,True,True
S1A_IW_GRDH_1SDV_20160116T095421_20160116T095446_009518_00DD1D_3A0D,ZJ-HZB,2016,ASCENDING,171,ZJ_U51_10K_E038_N340,1.0,0.0,1.0,True,False,False,True,True
S1A_IW_GRDH_1SDV_20160116T095421_20160116T095446_009518_00DD1D_3A0D,ZJ-HZB,2016,ASCENDING,171,ZJ_U51_10K_E039_N340,1.0,0.0,1.0,True,False,False,True,True
S1A_IW_GRDH_1SDV_20160116T095421_20160116T095446_009518_00DD1D_3A0D,ZJ-HZB,2016,ASCENDING,171,ZJ_U51_10K_E037_N341,1.0,0.0,1.0,True,False,False,True,True
S1A_IW_GRDH_1SDV_20160116T095421_20160116T095446_009518_00DD1D_3A0D,ZJ-HZB,2016,ASCENDING,171,ZJ_U51_10K_E038_N341,1.0,0.0,1.0,True,False,False,True,True
S1A_IW_GRDH_1SDV_20160116T095421_20160116T095446_009518_00DD1D_3A0D,ZJ-HZB,2016,ASCENDING,171,ZJ_U51_10K_E039_N341,1.0,0.0,1.0,True,False,False,True,True
S1A_IW_GRDH_1SDV_20160608T215816_20160608T215851_011625_011C70_833B,ZJ-HZB,2016,DESCENDING,3,ZJ_U51_10K_E034_N333,0.311117,0.323659,0.012542,False,False,False,False,True
S1A_IW_GRDH_1SDV_20160608T215816_20160608T215851_011625_011C70_833B,ZJ-HZB,2016,DESCENDING,3,ZJ_U51_10K_E031_N334,1.0,1.0,0.0,True,True,False,False,True
S1A_IW_GRDH_1SDV_20160608T215816_20160608T215851_011625_011C70_833B,ZJ-HZB,2016,DESCENDING,3,ZJ_U51_10K_E032_N334,1.0,1.0,0.0,True,True,False,False,True
S1A_IW_GRDH_1SDV_20160608T215816_20160608T215851_011625_011C70_833B,ZJ-HZB,2016,DESCENDING,3,ZJ_U51_10K_E033_N334,1.0,1.0,0.0,True,True,False,False,True
S1A_IW_GRDH_1SDV_20160608T215816_20160608T215851_011625_011C70_833B,ZJ-HZB,2016,DESCENDING,3,ZJ_U51_10K_E034_N334,0.520326,0.553967,0.033642,False,False,False,False,True
S1A_IW_GRDH_1SDV_20160608T215816_20160608T215851_011625_011C70_833B,ZJ-HZB,2016,DESCENDING,3,ZJ_U51_10K_E029_N335,1.0,1.0,0.0,True,True,False,False,True
S1A_IW_GRDH_1SDV_20160608T215816_20160608T215851_011625_011C70_833B,ZJ-HZB,2016,DESCENDING,3,ZJ_U51_10K_E030_N335,1.0,1.0,0.0,True,True,False,False,True
S1A_IW_GRDH_1SDV_20160608T215816_20160608T215851_011625_011C70_833B,ZJ-HZB,2016,DESCENDING,3,ZJ_U51_10K_E031_N335,1.0,1.0,0.0,True,True,False,False,True
S1A_IW_GRDH_1SDV_20160608T215816_20160608T215851_011625_011C70_833B,ZJ-HZB,2016,DESCENDING,3,ZJ_U51_10K_E032_N335,1.0,1.0,0.0,True,True,False,False,True
S1A_IW_GRDH_1SDV_20160608T215816_20160608T215851_011625_011C70_833B,ZJ-HZB,2016,DESCENDING,3,ZJ_U51_10K_E033_N335,1.0,1.0,0.0,True,True,False,False,True
S1A_IW_GRDH_1SDV_20160608T215816_20160608T215851_011625_011C70_833B,ZJ-HZB,2016,DESCENDING,3,ZJ_U51_10K_E034_N335,0.729137,0.765604,0.036466,False,False,False,False,True
S1A_IW_GRDH_1SDV_20160608T215816_20160608T215851_011625_011C70_833B,ZJ-HZB,2016,DESCENDING,3,ZJ_U51_10K_E029_N336,1.0,1.0,0.0,True,True,False,False,True
S1A_IW_GRDH_1SDV_20160608T215816_20160608T215851_011625_011C70_833B,ZJ-HZB,2016,DESCENDING,3,ZJ_U51_10K_E030_N336,1.0,1.0,0.0,True,True,False,False,True
S1A_IW_GRDH_1SDV_20160608T215816_20160608T215851_011625_011C70_833B,ZJ-HZB,2016,DESCENDING,3,ZJ_U51_10K_E031_N336,1.0,1.0,0.0,True,True,False,False,True
S1A_IW_GRDH_1SDV_20160608T215816_20160608T215851_011625_011C70_833B,ZJ-HZB,2016,DESCENDING,3,ZJ_U51_10K_E032_N336,1.0,1.0,0.0,True,True,False,False,True
S1A_IW_GRDH_1SDV_20160608T215816_20160608T215851_011625_011C70_833B,ZJ-HZB,2016,DESCENDING,3,ZJ_U51_10K_E033_N336,1.0,1.0,0.0,True,True,False,False,True
S1A_IW_GRDH_1SDV_20160608T215816_20160608T215851_011625_011C70_833B,ZJ-HZB,2016,DESCENDING,3,ZJ_U51_10K_E034_N336,0.933645,0.960942,0.027296,False,False,False,False,True
S1A_IW_GRDH_1SDV_20160608T215816_20160608T215851_011625_011C70_833B,ZJ-HZB,2016,DESCENDING,3,ZJ_U51_10K_E035_N336,0.004292,0.016298,0.012006,False,False,False,False,True
S1A_IW_GRDH_1SDV_20160608T215816_20160608T215851_011625_011C70_833B,ZJ-HZB,2016,DESCENDING,3,ZJ_U51_10K_E031_N337,1.0,1.0,0.0,True,True,False,False,True
S1A_IW_GRDH_1SDV_20160608T215816_20160608T215851_011625_011C70_833B,ZJ-HZB,2016,DESCENDING,3,ZJ_U51_10K_E032_N337,1.0,1.0,0.0,True,True,False,False,True
S1A_IW_GRDH_1SDV_20160608T215816_20160608T215851_011625_011C70_833B,ZJ-HZB,2016,DESCENDING,3,ZJ_U51_10K_E033_N337,1.0,1.0,0.0,True,True,False,False,True
S1A_IW_GRDH_1SDV_20160608T215816_20160608T215851_011625_011C70_833B,ZJ-HZB,2016,DESCENDING,3,ZJ_U51_10K_E034_N337,1.0,1.0,0.0,True,True,False,False,True
S1A_IW_GRDH_1SDV_20160608T215816_20160608T215851_011625_011C70_833B,ZJ-HZB,2016,DESCENDING,3,ZJ_U51_10K_E035_N337,0.146738,0.188876,0.042138,False,False,False,False,True
S1A_IW_GRDH_1SDV_20160608T215816_20160608T215851_011625_011C70_833B,ZJ-HZB,2016,DESCENDING,3,ZJ_U51_10K_E032_N338,1.0,1.0,0.0,True,True,False,False,True
S1A_IW_GRDH_1SDV_20160608T215816_20160608T215851_011625_011C70_833B,ZJ-HZB,2016,DESCENDING,3,ZJ_U51_10K_E033_N338,1.0,1.0,0.0,True,True,False,False,True
S1A_IW_GRDH_1SDV_20160608T215816_20160608T215851_011625_011C70_833B,ZJ-HZB,2016,DESCENDING,3,ZJ_U51_10K_E034_N338,1.0,1.0,0.0,True,True,False,False,True
S1A_IW_GRDH_1SDV_20160608T215816_20160608T215851_011625_011C70_833B,ZJ-HZB,2016,DESCENDING,3,ZJ_U51_10K_E035_N338,0.355538,0.400513,0.044974,False,False,False,False,True
S1A_IW_GRDH_1SDV_20160608T215816_20160608T215851_011625_011C70_833B,ZJ-HZB,2016,DESCENDING,3,ZJ_U51_10K_E034_N339,1.0,1.0,0.0,True,True,False,False,True
S1A_IW_GRDH_1SDV_20160608T215816_20160608T215851_011625_011C70_833B,ZJ-HZB,2016,DESCENDING,3,ZJ_U51_10K_E035_N339,0.564339,0.612149,0.04781,False,False,False,False,True
S1B_IW_GRDH_1SDV_20210725T214953_20210725T215018_027956_0355E9_CEC0,ZJ-HZB,2021,DESCENDING,105,ZJ_U51_10K_E037_N331,0.0,1.0,1.0,False,True,True,False,True
S1B_IW_GRDH_1SDV_20210725T214953_20210725T215018_027956_0355E9_CEC0,ZJ-HZB,2021,DESCENDING,105,ZJ_U51_10K_E035_N332,0.0,1.0,1.0,False,True,True,False,True
S1B_IW_GRDH_1SDV_20210725T214953_20210725T215018_027956_0355E9_CEC0,ZJ-HZB,2021,DESCENDING,105,ZJ_U51_10K_E036_N332,0.0,1.0,1.0,False,True,True,False,True
S1B_IW_GRDH_1SDV_20210725T214953_20210725T215018_027956_0355E9_CEC0,ZJ-HZB,2021,DESCENDING,105,ZJ_U51_10K_E037_N332,0.0,1.0,1.0,False,True,True,False,True
S1B_IW_GRDH_1SDV_20210725T214953_20210725T215018_027956_0355E9_CEC0,ZJ-HZB,2021,DESCENDING,105,ZJ_U51_10K_E038_N332,0.0,1.0,1.0,False,True,True,False,True
S1B_IW_GRDH_1SDV_20210725T214953_20210725T215018_027956_0355E9_CEC0,ZJ-HZB,2021,DESCENDING,105,ZJ_U51_10K_E034_N333,0.0,1.0,1.0,False,True,True,False,True
S1B_IW_GRDH_1SDV_20210725T214953_20210725T215018_027956_0355E9_CEC0,ZJ-HZB,2021,DESCENDING,105,ZJ_U51_10K_E035_N333,0.0,1.0,1.0,False,True,True,False,True
S1B_IW_GRDH_1SDV_20210725T214953_20210725T215018_027956_0355E9_CEC0,ZJ-HZB,2021,DESCENDING,105,ZJ_U51_10K_E036_N333,0.0,1.0,1.0,False,True,True,False,True
S1B_IW_GRDH_1SDV_20210725T214953_20210725T215018_027956_0355E9_CEC0,ZJ-HZB,2021,DESCENDING,105,ZJ_U51_10K_E037_N333,0.0,1.0,1.0,False,True,True,False,True
S1B_IW_GRDH_1SDV_20210725T214953_20210725T215018_027956_0355E9_CEC0,ZJ-HZB,2021,DESCENDING,105,ZJ_U51_10K_E038_N333,0.0,1.0,1.0,False,True,True,False,True
S1B_IW_GRDH_1SDV_20210725T214953_20210725T215018_027956_0355E9_CEC0,ZJ-HZB,2021,DESCENDING,105,ZJ_U51_10K_E031_N334,0.0,1.0,1.0,False,True,True,False,True
S1B_IW_GRDH_1SDV_20210725T214953_20210725T215018_027956_0355E9_CEC0,ZJ-HZB,2021,DESCENDING,105,ZJ_U51_10K_E032_N334,0.0,1.0,1.0,False,True,True,False,True
S1B_IW_GRDH_1SDV_20210725T214953_20210725T215018_027956_0355E9_CEC0,ZJ-HZB,2021,DESCENDING,105,ZJ_U51_10K_E033_N334,0.0,1.0,1.0,False,True,True,False,True
S1B_IW_GRDH_1SDV_20210725T214953_20210725T215018_027956_0355E9_CEC0,ZJ-HZB,2021,DESCENDING,105,ZJ_U51_10K_E034_N334,0.0,1.0,1.0,False,True,True,False,True
S1B_IW_GRDH_1SDV_20210725T214953_20210725T215018_027956_0355E9_CEC0,ZJ-HZB,2021,DESCENDING,105,ZJ_U51_10K_E035_N334,0.0,1.0,1.0,False,True,True,False,True
S1B_IW_GRDH_1SDV_20210725T214953_20210725T215018_027956_0355E9_CEC0,ZJ-HZB,2021,DESCENDING,105,ZJ_U51_10K_E036_N334,0.0,1.0,1.0,False,True,True,False,True
S1B_IW_GRDH_1SDV_20210725T214953_20210725T215018_027956_0355E9_CEC0,ZJ-HZB,2021,DESCENDING,105,ZJ_U51_10K_E037_N334,0.0,1.0,1.0,False,True,True,False,True
S1B_IW_GRDH_1SDV_20210725T214953_20210725T215018_027956_0355E9_CEC0,ZJ-HZB,2021,DESCENDING,105,ZJ_U51_10K_E038_N334,0.0,1.0,1.0,False,True,True,False,True
S1B_IW_GRDH_1SDV_20210725T214953_20210725T215018_027956_0355E9_CEC0,ZJ-HZB,2021,DESCENDING,105,ZJ_U51_10K_E029_N335,0.0,1.0,1.0,False,True,True,False,True
S1B_IW_GRDH_1SDV_20210725T214953_20210725T215018_027956_0355E9_CEC0,ZJ-HZB,2021,DESCENDING,105,ZJ_U51_10K_E030_N335,0.0,1.0,1.0,False,True,True,False,True
S1B_IW_GRDH_1SDV_20210725T214953_20210725T215018_027956_0355E9_CEC0,ZJ-HZB,2021,DESCENDING,105,ZJ_U51_10K_E031_N335,0.0,1.0,1.0,False,True,True,False,True
S1B_IW_GRDH_1SDV_20210725T214953_20210725T215018_027956_0355E9_CEC0,ZJ-HZB,2021,DESCENDING,105,ZJ_U51_10K_E032_N335,0.0,1.0,1.0,False,True,True,False,True
S1B_IW_GRDH_1SDV_20210725T214953_20210725T215018_027956_0355E9_CEC0,ZJ-HZB,2021,DESCENDING,105,ZJ_U51_10K_E033_N335,0.0,1.0,1.0,False,True,True,False,True
S1B_IW_GRDH_1SDV_20210725T214953_20210725T215018_027956_0355E9_CEC0,ZJ-HZB,2021,DESCENDING,105,ZJ_U51_10K_E034_N335,0.0,1.0,1.0,False,True,True,False,True
S1B_IW_GRDH_1SDV_20210725T214953_20210725T215018_027956_0355E9_CEC0,ZJ-HZB,2021,DESCENDING,105,ZJ_U51_10K_E035_N335,0.0,1.0,1.0,False,True,True,False,True
S1B_IW_GRDH_1SDV_20210725T214953_20210725T215018_027956_0355E9_CEC0,ZJ-HZB,2021,DESCENDING,105,ZJ_U51_10K_E036_N335,0.0,1.0,1.0,False,True,True,False,True
S1B_IW_GRDH_1SDV_20210725T214953_20210725T215018_027956_0355E9_CEC0,ZJ-HZB,2021,DESCENDING,105,ZJ_U51_10K_E037_N335,0.0,1.0,1.0,False,True,True,False,True
S1B_IW_GRDH_1SDV_20210725T214953_20210725T215018_027956_0355E9_CEC0,ZJ-HZB,2021,DESCENDING,105,ZJ_U51_10K_E038_N335,0.0,1.0,1.0,False,True,True,False,True
S1B_IW_GRDH_1SDV_20210725T214953_20210725T215018_027956_0355E9_CEC0,ZJ-HZB,2021,DESCENDING,105,ZJ_U51_10K_E029_N336,0.0,1.0,1.0,False,True,True,False,True
S1B_IW_GRDH_1SDV_20210725T214953_20210725T215018_027956_0355E9_CEC0,ZJ-HZB,2021,DESCENDING,105,ZJ_U51_10K_E030_N336,0.0,1.0,1.0,False,True,True,False,True
S1B_IW_GRDH_1SDV_20210725T214953_20210725T215018_027956_0355E9_CEC0,ZJ-HZB,2021,DESCENDING,105,ZJ_U51_10K_E031_N336,0.0,1.0,1.0,False,True,True,False,True
S1B_IW_GRDH_1SDV_20210725T214953_20210725T215018_027956_0355E9_CEC0,ZJ-HZB,2021,DESCENDING,105,ZJ_U51_10K_E032_N336,0.0,1.0,1.0,False,True,True,False,True
S1B_IW_GRDH_1SDV_20210725T214953_20210725T215018_027956_0355E9_CEC0,ZJ-HZB,2021,DESCENDING,105,ZJ_U51_10K_E033_N336,0.0,1.0,1.0,False,True,True,False,True
S1B_IW_GRDH_1SDV_20210725T214953_20210725T215018_027956_0355E9_CEC0,ZJ-HZB,2021,DESCENDING,105,ZJ_U51_10K_E034_N336,0.0,1.0,1.0,False,True,True,False,True
S1B_IW_GRDH_1SDV_20210725T214953_20210725T215018_027956_0355E9_CEC0,ZJ-HZB,2021,DESCENDING,105,ZJ_U51_10K_E035_N336,0.0,1.0,1.0,False,True,True,False,True
S1B_IW_GRDH_1SDV_20210725T214953_20210725T215018_027956_0355E9_CEC0,ZJ-HZB,2021,DESCENDING,105,ZJ_U51_10K_E036_N336,0.0,1.0,1.0,False,True,True,False,True
S1B_IW_GRDH_1SDV_20210725T214953_20210725T215018_027956_0355E9_CEC0,ZJ-HZB,2021,DESCENDING,105,ZJ_U51_10K_E037_N336,0.0,1.0,1.0,False,True,True,False,True
S1B_IW_GRDH_1SDV_20210725T214953_20210725T215018_027956_0355E9_CEC0,ZJ-HZB,2021,DESCENDING,105,ZJ_U51_10K_E038_N336,0.0,1.0,1.0,False,True,True,False,True
S1B_IW_GRDH_1SDV_20210725T214953_20210725T215018_027956_0355E9_CEC0,ZJ-HZB,2021,DESCENDING,105,ZJ_U51_10K_E031_N337,0.0,1.0,1.0,False,True,True,False,True
S1B_IW_GRDH_1SDV_20210725T214953_20210725T215018_027956_0355E9_CEC0,ZJ-HZB,2021,DESCENDING,105,ZJ_U51_10K_E032_N337,0.0,1.0,1.0,False,True,True,False,True
S1B_IW_GRDH_1SDV_20210725T214953_20210725T215018_027956_0355E9_CEC0,ZJ-HZB,2021,DESCENDING,105,ZJ_U51_10K_E033_N337,0.0,1.0,1.0,False,True,True,False,True
S1B_IW_GRDH_1SDV_20210725T214953_20210725T215018_027956_0355E9_CEC0,ZJ-HZB,2021,DESCENDING,105,ZJ_U51_10K_E034_N337,0.0,1.0,1.0,False,True,True,False,True
S1B_IW_GRDH_1SDV_20210725T214953_20210725T215018_027956_0355E9_CEC0,ZJ-HZB,2021,DESCENDING,105,ZJ_U51_10K_E035_N337,0.0,1.0,1.0,False,True,True,False,True
S1B_IW_GRDH_1SDV_20210725T214953_20210725T215018_027956_0355E9_CEC0,ZJ-HZB,2021,DESCENDING,105,ZJ_U51_10K_E036_N337,0.0,1.0,1.0,False,True,True,False,True
S1B_IW_GRDH_1SDV_20210725T214953_20210725T215018_027956_0355E9_CEC0,ZJ-HZB,2021,DESCENDING,105,ZJ_U51_10K_E037_N337,0.0,1.0,1.0,False,True,True,False,True
S1B_IW_GRDH_1SDV_20210725T214953_20210725T215018_027956_0355E9_CEC0,ZJ-HZB,2021,DESCENDING,105,ZJ_U51_10K_E038_N337,0.0,1.0,1.0,False,True,True,False,True
S1B_IW_GRDH_1SDV_20210725T214953_20210725T215018_027956_0355E9_CEC0,ZJ-HZB,2021,DESCENDING,105,ZJ_U51_10K_E032_N338,0.0,1.0,1.0,False,True,True,False,True
S1B_IW_GRDH_1SDV_20210725T214953_20210725T215018_027956_0355E9_CEC0,ZJ-HZB,2021,DESCENDING,105,ZJ_U51_10K_E033_N338,0.0,1.0,1.0,False,True,True,False,True
S1B_IW_GRDH_1SDV_20210725T214953_20210725T215018_027956_0355E9_CEC0,ZJ-HZB,2021,DESCENDING,105,ZJ_U51_10K_E034_N338,0.0,1.0,1.0,False,True,True,False,True
S1B_IW_GRDH_1SDV_20210725T214953_20210725T215018_027956_0355E9_CEC0,ZJ-HZB,2021,DESCENDING,105,ZJ_U51_10K_E035_N338,0.0,1.0,1.0,False,True,True,False,True
S1B_IW_GRDH_1SDV_20210725T214953_20210725T215018_027956_0355E9_CEC0,ZJ-HZB,2021,DESCENDING,105,ZJ_U51_10K_E036_N338,0.0,1.0,1.0,False,True,True,False,True
S1B_IW_GRDH_1SDV_20210725T214953_20210725T215018_027956_0355E9_CEC0,ZJ-HZB,2021,DESCENDING,105,ZJ_U51_10K_E037_N338,0.0,1.0,1.0,False,True,True,False,True
S1B_IW_GRDH_1SDV_20210725T214953_20210725T215018_027956_0355E9_CEC0,ZJ-HZB,2021,DESCENDING,105,ZJ_U51_10K_E038_N338,0.0,1.0,1.0,False,True,True,False,True
S1B_IW_GRDH_1SDV_20210725T214953_20210725T215018_027956_0355E9_CEC0,ZJ-HZB,2021,DESCENDING,105,ZJ_U51_10K_E039_N338,0.0,1.0,1.0,False,True,True,False,True
S1B_IW_GRDH_1SDV_20210725T214953_20210725T215018_027956_0355E9_CEC0,ZJ-HZB,2021,DESCENDING,105,ZJ_U51_10K_E034_N339,0.0,1.0,1.0,False,True,True,False,True
S1B_IW_GRDH_1SDV_20210725T214953_20210725T215018_027956_0355E9_CEC0,ZJ-HZB,2021,DESCENDING,105,ZJ_U51_10K_E035_N339,0.0,1.0,1.0,False,True,True,False,True
S1B_IW_GRDH_1SDV_20210725T214953_20210725T215018_027956_0355E9_CEC0,ZJ-HZB,2021,DESCENDING,105,ZJ_U51_10K_E036_N339,0.0,1.0,1.0,False,True,True,False,True
S1B_IW_GRDH_1SDV_20210725T214953_20210725T215018_027956_0355E9_CEC0,ZJ-HZB,2021,DESCENDING,105,ZJ_U51_10K_E037_N339,0.0,1.0,1.0,False,True,True,False,True
S1B_IW_GRDH_1SDV_20210725T214953_20210725T215018_027956_0355E9_CEC0,ZJ-HZB,2021,DESCENDING,105,ZJ_U51_10K_E038_N339,0.0,1.0,1.0,False,True,True,False,True
S1B_IW_GRDH_1SDV_20210725T214953_20210725T215018_027956_0355E9_CEC0,ZJ-HZB,2021,DESCENDING,105,ZJ_U51_10K_E039_N339,0.0,1.0,1.0,False,True,True,False,True
S1B_IW_GRDH_1SDV_20210725T214953_20210725T215018_027956_0355E9_CEC0,ZJ-HZB,2021,DESCENDING,105,ZJ_U51_10K_E036_N340,0.249752,1.0,0.750248,False,True,True,False,True
S1B_IW_GRDH_1SDV_20210725T214953_20210725T215018_027956_0355E9_CEC0,ZJ-HZB,2021,DESCENDING,105,ZJ_U51_10K_E037_N340,0.437375,1.0,0.562625,False,True,True,False,True
S1B_IW_GRDH_1SDV_20210725T214953_20210725T215018_027956_0355E9_CEC0,ZJ-HZB,2021,DESCENDING,105,ZJ_U51_10K_E038_N340,0.624949,1.0,0.375051,False,True,True,False,True
S1B_IW_GRDH_1SDV_20210725T214953_20210725T215018_027956_0355E9_CEC0,ZJ-HZB,2021,DESCENDING,105,ZJ_U51_10K_E039_N340,0.81251,1.0,0.18749,False,True,True,False,True
S1B_IW_GRDH_1SDV_20210725T214953_20210725T215018_027956_0355E9_CEC0,ZJ-HZB,2021,DESCENDING,105,ZJ_U51_10K_E037_N341,1.0,1.0,0.0,True,True,False,False,True
S1B_IW_GRDH_1SDV_20210725T214953_20210725T215018_027956_0355E9_CEC0,ZJ-HZB,2021,DESCENDING,105,ZJ_U51_10K_E038_N341,1.0,1.0,0.0,True,True,False,False,True
S1B_IW_GRDH_1SDV_20210725T214953_20210725T215018_027956_0355E9_CEC0,ZJ-HZB,2021,DESCENDING,105,ZJ_U51_10K_E039_N341,1.0,1.0,0.0,True,True,False,False,True
S1A_IW_GRDH_1SDV_20160109T100204_20160109T100229_009416_00DA43_61FB,ZJ-SMB,2016,ASCENDING,69,ZJ_U51_10K_E034_N320,1.0,0.0,1.0,True,False,False,True,True
S1A_IW_GRDH_1SDV_20160109T100204_20160109T100229_009416_00DA43_61FB,ZJ-SMB,2016,ASCENDING,69,ZJ_U51_10K_E035_N320,0.277023,0.0,0.277023,False,False,False,False,True
S1A_IW_GRDH_1SDV_20160109T100204_20160109T100229_009416_00DA43_61FB,ZJ-SMB,2016,ASCENDING,69,ZJ_U51_10K_E034_N321,1.0,0.0,1.0,True,False,False,True,True
S1A_IW_GRDH_1SDV_20160109T100204_20160109T100229_009416_00DA43_61FB,ZJ-SMB,2016,ASCENDING,69,ZJ_U51_10K_E035_N321,0.112469,0.0,0.112469,False,False,False,False,True
S1A_IW_GRDH_1SDV_20160109T100204_20160109T100229_009416_00DA43_61FB,ZJ-SMB,2016,ASCENDING,69,ZJ_U51_10K_E034_N322,0.945146,0.0,0.945146,False,False,False,False,True
S1A_IW_GRDH_1SDV_20160109T100204_20160109T100229_009416_00DA43_61FB,ZJ-SMB,2016,ASCENDING,69,ZJ_U51_10K_E035_N322,0.00277,0.0,0.00277,False,False,False,False,True
S1A_IW_GRDH_1SDV_20160109T100204_20160109T100229_009416_00DA43_61FB,ZJ-SMB,2016,ASCENDING,69,ZJ_U51_10K_E034_N323,0.783362,0.0,0.783362,False,False,False,False,True
S1A_IW_GRDH_1SDV_20160109T100204_20160109T100229_009416_00DA43_61FB,ZJ-SMB,2016,ASCENDING,69,ZJ_U51_10K_E034_N324,0.618809,0.0,0.618809,False,False,False,False,True
S1A_IW_GRDH_1SDV_20160109T100204_20160109T100229_009416_00DA43_61FB,ZJ-SMB,2016,ASCENDING,69,ZJ_U51_10K_E034_N325,0.454255,0.0,0.454255,False,False,False,False,True
S1A_IW_GRDH_1SDV_20170122T095404_20170122T095429_014943_01863B_EA44,ZJ-SMB,2017,ASCENDING,171,ZJ_U51_10K_E034_N320,1.0,0.0,1.0,True,False,False,True,True
S1A_IW_GRDH_1SDV_20170122T095404_20170122T095429_014943_01863B_EA44,ZJ-SMB,2017,ASCENDING,171,ZJ_U51_10K_E035_N320,1.0,0.0,1.0,True,False,False,True,True
S1A_IW_GRDH_1SDV_20170122T095404_20170122T095429_014943_01863B_EA44,ZJ-SMB,2017,ASCENDING,171,ZJ_U51_10K_E036_N320,1.0,0.0,1.0,True,False,False,True,True
S1A_IW_GRDH_1SDV_20170122T095404_20170122T095429_014943_01863B_EA44,ZJ-SMB,2017,ASCENDING,171,ZJ_U51_10K_E037_N320,1.0,0.0,1.0,True,False,False,True,True
S1A_IW_GRDH_1SDV_20170122T095404_20170122T095429_014943_01863B_EA44,ZJ-SMB,2017,ASCENDING,171,ZJ_U51_10K_E038_N320,1.0,0.0,1.0,True,False,False,True,True
S1A_IW_GRDH_1SDV_20170122T095404_20170122T095429_014943_01863B_EA44,ZJ-SMB,2017,ASCENDING,171,ZJ_U51_10K_E039_N320,1.0,0.0,1.0,True,False,False,True,True
S1A_IW_GRDH_1SDV_20170122T095404_20170122T095429_014943_01863B_EA44,ZJ-SMB,2017,ASCENDING,171,ZJ_U51_10K_E034_N321,1.0,0.0,1.0,True,False,False,True,True
S1A_IW_GRDH_1SDV_20170122T095404_20170122T095429_014943_01863B_EA44,ZJ-SMB,2017,ASCENDING,171,ZJ_U51_10K_E035_N321,1.0,0.0,1.0,True,False,False,True,True
S1A_IW_GRDH_1SDV_20170122T095404_20170122T095429_014943_01863B_EA44,ZJ-SMB,2017,ASCENDING,171,ZJ_U51_10K_E036_N321,1.0,0.0,1.0,True,False,False,True,True
S1A_IW_GRDH_1SDV_20170122T095404_20170122T095429_014943_01863B_EA44,ZJ-SMB,2017,ASCENDING,171,ZJ_U51_10K_E037_N321,1.0,0.0,1.0,True,False,False,True,True
S1A_IW_GRDH_1SDV_20170122T095404_20170122T095429_014943_01863B_EA44,ZJ-SMB,2017,ASCENDING,171,ZJ_U51_10K_E038_N321,1.0,0.0,1.0,True,False,False,True,True
S1A_IW_GRDH_1SDV_20170122T095404_20170122T095429_014943_01863B_EA44,ZJ-SMB,2017,ASCENDING,171,ZJ_U51_10K_E039_N321,1.0,0.0,1.0,True,False,False,True,True
S1A_IW_GRDH_1SDV_20170122T095404_20170122T095429_014943_01863B_EA44,ZJ-SMB,2017,ASCENDING,171,ZJ_U51_10K_E034_N322,1.0,0.0,1.0,True,False,False,True,True
S1A_IW_GRDH_1SDV_20170122T095404_20170122T095429_014943_01863B_EA44,ZJ-SMB,2017,ASCENDING,171,ZJ_U51_10K_E035_N322,1.0,0.0,1.0,True,False,False,True,True
S1A_IW_GRDH_1SDV_20170122T095404_20170122T095429_014943_01863B_EA44,ZJ-SMB,2017,ASCENDING,171,ZJ_U51_10K_E036_N322,1.0,0.0,1.0,True,False,False,True,True
S1A_IW_GRDH_1SDV_20170122T095404_20170122T095429_014943_01863B_EA44,ZJ-SMB,2017,ASCENDING,171,ZJ_U51_10K_E037_N322,1.0,0.0,1.0,True,False,False,True,True
S1A_IW_GRDH_1SDV_20170122T095404_20170122T095429_014943_01863B_EA44,ZJ-SMB,2017,ASCENDING,171,ZJ_U51_10K_E038_N322,1.0,0.0,1.0,True,False,False,True,True
S1A_IW_GRDH_1SDV_20170122T095404_20170122T095429_014943_01863B_EA44,ZJ-SMB,2017,ASCENDING,171,ZJ_U51_10K_E039_N322,1.0,0.0,1.0,True,False,False,True,True
S1A_IW_GRDH_1SDV_20170122T095404_20170122T095429_014943_01863B_EA44,ZJ-SMB,2017,ASCENDING,171,ZJ_U51_10K_E034_N323,1.0,0.0,1.0,True,False,False,True,True
S1A_IW_GRDH_1SDV_20170122T095404_20170122T095429_014943_01863B_EA44,ZJ-SMB,2017,ASCENDING,171,ZJ_U51_10K_E035_N323,1.0,0.0,1.0,True,False,False,True,True
S1A_IW_GRDH_1SDV_20170122T095404_20170122T095429_014943_01863B_EA44,ZJ-SMB,2017,ASCENDING,171,ZJ_U51_10K_E036_N323,1.0,0.0,1.0,True,False,False,True,True
S1A_IW_GRDH_1SDV_20170122T095404_20170122T095429_014943_01863B_EA44,ZJ-SMB,2017,ASCENDING,171,ZJ_U51_10K_E037_N323,1.0,0.0,1.0,True,False,False,True,True
S1A_IW_GRDH_1SDV_20170122T095404_20170122T095429_014943_01863B_EA44,ZJ-SMB,2017,ASCENDING,171,ZJ_U51_10K_E038_N323,1.0,0.0,1.0,True,False,False,True,True
S1A_IW_GRDH_1SDV_20170122T095404_20170122T095429_014943_01863B_EA44,ZJ-SMB,2017,ASCENDING,171,ZJ_U51_10K_E039_N323,1.0,0.0,1.0,True,False,False,True,True
S1A_IW_GRDH_1SDV_20170122T095404_20170122T095429_014943_01863B_EA44,ZJ-SMB,2017,ASCENDING,171,ZJ_U51_10K_E034_N324,1.0,0.0,1.0,True,False,False,True,True
S1A_IW_GRDH_1SDV_20170122T095404_20170122T095429_014943_01863B_EA44,ZJ-SMB,2017,ASCENDING,171,ZJ_U51_10K_E035_N324,1.0,0.0,1.0,True,False,False,True,True
S1A_IW_GRDH_1SDV_20170122T095404_20170122T095429_014943_01863B_EA44,ZJ-SMB,2017,ASCENDING,171,ZJ_U51_10K_E036_N324,1.0,0.0,1.0,True,False,False,True,True
S1A_IW_GRDH_1SDV_20170122T095404_20170122T095429_014943_01863B_EA44,ZJ-SMB,2017,ASCENDING,171,ZJ_U51_10K_E037_N324,1.0,0.0,1.0,True,False,False,True,True
S1A_IW_GRDH_1SDV_20170122T095404_20170122T095429_014943_01863B_EA44,ZJ-SMB,2017,ASCENDING,171,ZJ_U51_10K_E034_N325,1.0,0.0,1.0,True,False,False,True,True
S1A_IW_GRDH_1SDV_20170122T095404_20170122T095429_014943_01863B_EA44,ZJ-SMB,2017,ASCENDING,171,ZJ_U51_10K_E035_N325,1.0,0.0,1.0,True,False,False,True,True
S1B_IW_GRDH_1SDV_20210725T215018_20210725T215043_027956_0355E9_6F8D,ZJ-SMB,2021,DESCENDING,105,ZJ_U51_10K_E034_N320,0.0,1.0,1.0,False,True,True,False,True
S1B_IW_GRDH_1SDV_20210725T215018_20210725T215043_027956_0355E9_6F8D,ZJ-SMB,2021,DESCENDING,105,ZJ_U51_10K_E035_N320,0.0,1.0,1.0,False,True,True,False,True
S1B_IW_GRDH_1SDV_20210725T215018_20210725T215043_027956_0355E9_6F8D,ZJ-SMB,2021,DESCENDING,105,ZJ_U51_10K_E036_N320,0.0,1.0,1.0,False,True,True,False,True
S1B_IW_GRDH_1SDV_20210725T215018_20210725T215043_027956_0355E9_6F8D,ZJ-SMB,2021,DESCENDING,105,ZJ_U51_10K_E037_N320,0.0,1.0,1.0,False,True,True,False,True
S1B_IW_GRDH_1SDV_20210725T215018_20210725T215043_027956_0355E9_6F8D,ZJ-SMB,2021,DESCENDING,105,ZJ_U51_10K_E038_N320,0.0,1.0,1.0,False,True,True,False,True
S1B_IW_GRDH_1SDV_20210725T215018_20210725T215043_027956_0355E9_6F8D,ZJ-SMB,2021,DESCENDING,105,ZJ_U51_10K_E039_N320,0.0,1.0,1.0,False,True,True,False,True
S1B_IW_GRDH_1SDV_20210725T215018_20210725T215043_027956_0355E9_6F8D,ZJ-SMB,2021,DESCENDING,105,ZJ_U51_10K_E034_N321,0.0,1.0,1.0,False,True,True,False,True
S1B_IW_GRDH_1SDV_20210725T215018_20210725T215043_027956_0355E9_6F8D,ZJ-SMB,2021,DESCENDING,105,ZJ_U51_10K_E035_N321,0.0,1.0,1.0,False,True,True,False,True
S1B_IW_GRDH_1SDV_20210725T215018_20210725T215043_027956_0355E9_6F8D,ZJ-SMB,2021,DESCENDING,105,ZJ_U51_10K_E036_N321,0.0,1.0,1.0,False,True,True,False,True
S1B_IW_GRDH_1SDV_20210725T215018_20210725T215043_027956_0355E9_6F8D,ZJ-SMB,2021,DESCENDING,105,ZJ_U51_10K_E037_N321,0.0,1.0,1.0,False,True,True,False,True
S1B_IW_GRDH_1SDV_20210725T215018_20210725T215043_027956_0355E9_6F8D,ZJ-SMB,2021,DESCENDING,105,ZJ_U51_10K_E038_N321,0.0,1.0,1.0,False,True,True,False,True
S1B_IW_GRDH_1SDV_20210725T215018_20210725T215043_027956_0355E9_6F8D,ZJ-SMB,2021,DESCENDING,105,ZJ_U51_10K_E039_N321,0.0,1.0,1.0,False,True,True,False,True
S1B_IW_GRDH_1SDV_20210725T215018_20210725T215043_027956_0355E9_6F8D,ZJ-SMB,2021,DESCENDING,105,ZJ_U51_10K_E034_N322,0.0,1.0,1.0,False,True,True,False,True
S1B_IW_GRDH_1SDV_20210725T215018_20210725T215043_027956_0355E9_6F8D,ZJ-SMB,2021,DESCENDING,105,ZJ_U51_10K_E035_N322,0.0,1.0,1.0,False,True,True,False,True
S1B_IW_GRDH_1SDV_20210725T215018_20210725T215043_027956_0355E9_6F8D,ZJ-SMB,2021,DESCENDING,105,ZJ_U51_10K_E036_N322,0.0,1.0,1.0,False,True,True,False,True
S1B_IW_GRDH_1SDV_20210725T215018_20210725T215043_027956_0355E9_6F8D,ZJ-SMB,2021,DESCENDING,105,ZJ_U51_10K_E037_N322,0.0,1.0,1.0,False,True,True,False,True
S1B_IW_GRDH_1SDV_20210725T215018_20210725T215043_027956_0355E9_6F8D,ZJ-SMB,2021,DESCENDING,105,ZJ_U51_10K_E038_N322,0.0,1.0,1.0,False,True,True,False,True
S1B_IW_GRDH_1SDV_20210725T215018_20210725T215043_027956_0355E9_6F8D,ZJ-SMB,2021,DESCENDING,105,ZJ_U51_10K_E039_N322,0.080288,1.0,0.919712,False,True,True,False,True
S1B_IW_GRDH_1SDV_20210725T215018_20210725T215043_027956_0355E9_6F8D,ZJ-SMB,2021,DESCENDING,105,ZJ_U51_10K_E034_N323,0.123834,1.0,0.876166,False,True,True,False,True
S1B_IW_GRDH_1SDV_20210725T215018_20210725T215043_027956_0355E9_6F8D,ZJ-SMB,2021,DESCENDING,105,ZJ_U51_10K_E035_N323,0.314996,1.0,0.685004,False,True,True,False,True
S1B_IW_GRDH_1SDV_20210725T215018_20210725T215043_027956_0355E9_6F8D,ZJ-SMB,2021,DESCENDING,105,ZJ_U51_10K_E036_N323,0.506159,1.0,0.493841,False,True,True,False,True
S1B_IW_GRDH_1SDV_20210725T215018_20210725T215043_027956_0355E9_6F8D,ZJ-SMB,2021,DESCENDING,105,ZJ_U51_10K_E037_N323,0.697322,1.0,0.302678,False,True,True,False,True
S1B_IW_GRDH_1SDV_20210725T215018_20210725T215043_027956_0355E9_6F8D,ZJ-SMB,2021,DESCENDING,105,ZJ_U51_10K_E038_N323,0.888485,1.0,0.111515,False,True,True,False,True
S1B_IW_GRDH_1SDV_20210725T215018_20210725T215043_027956_0355E9_6F8D,ZJ-SMB,2021,DESCENDING,105,ZJ_U51_10K_E039_N323,0.999336,1.0,0.000664,True,True,False,False,True
S1B_IW_GRDH_1SDV_20210725T215018_20210725T215043_027956_0355E9_6F8D,ZJ-SMB,2021,DESCENDING,105,ZJ_U51_10K_E034_N324,1.0,1.0,0.0,True,True,False,False,True
S1B_IW_GRDH_1SDV_20210725T215018_20210725T215043_027956_0355E9_6F8D,ZJ-SMB,2021,DESCENDING,105,ZJ_U51_10K_E035_N324,1.0,1.0,0.0,True,True,False,False,True
S1B_IW_GRDH_1SDV_20210725T215018_20210725T215043_027956_0355E9_6F8D,ZJ-SMB,2021,DESCENDING,105,ZJ_U51_10K_E036_N324,1.0,1.0,0.0,True,True,False,False,True
S1B_IW_GRDH_1SDV_20210725T215018_20210725T215043_027956_0355E9_6F8D,ZJ-SMB,2021,DESCENDING,105,ZJ_U51_10K_E037_N324,1.0,1.0,0.0,True,True,False,False,True
S1B_IW_GRDH_1SDV_20210725T215018_20210725T215043_027956_0355E9_6F8D,ZJ-SMB,2021,DESCENDING,105,ZJ_U51_10K_E034_N325,1.0,1.0,0.0,True,True,False,False,True
S1B_IW_GRDH_1SDV_20210725T215018_20210725T215043_027956_0355E9_6F8D,ZJ-SMB,2021,DESCENDING,105,ZJ_U51_10K_E035_N325,1.0,1.0,0.0,True,True,False,False,True
S1A_IW_GRDH_1SDV_20170103T100145_20170103T100210_014666_017DB4_AE12,ZJ-YQB,2017,ASCENDING,69,ZJ_U51_10K_E029_N309,1.0,1.0,0.0,True,True,False,False,True
S1A_IW_GRDH_1SDV_20170103T100145_20170103T100210_014666_017DB4_AE12,ZJ-YQB,2017,ASCENDING,69,ZJ_U51_10K_E030_N309,1.0,1.0,0.0,True,True,False,False,True
S1A_IW_GRDH_1SDV_20170103T100145_20170103T100210_014666_017DB4_AE12,ZJ-YQB,2017,ASCENDING,69,ZJ_U51_10K_E031_N309,1.0,1.0,0.0,True,True,False,False,True
S1A_IW_GRDH_1SDV_20170103T100145_20170103T100210_014666_017DB4_AE12,ZJ-YQB,2017,ASCENDING,69,ZJ_U51_10K_E029_N310,1.0,0.106686,0.893314,True,False,False,True,True
S1A_IW_GRDH_1SDV_20170103T100145_20170103T100210_014666_017DB4_AE12,ZJ-YQB,2017,ASCENDING,69,ZJ_U51_10K_E030_N310,1.0,0.267078,0.732922,True,False,False,True,True
S1A_IW_GRDH_1SDV_20170103T100145_20170103T100210_014666_017DB4_AE12,ZJ-YQB,2017,ASCENDING,69,ZJ_U51_10K_E031_N310,1.0,0.427455,0.572545,True,False,False,True,True
S1A_IW_GRDH_1SDV_20170103T100145_20170103T100210_014666_017DB4_AE12,ZJ-YQB,2017,ASCENDING,69,ZJ_U51_10K_E032_N310,1.0,0.587832,0.412168,True,False,False,True,True
S1A_IW_GRDH_1SDV_20170103T100145_20170103T100210_014666_017DB4_AE12,ZJ-YQB,2017,ASCENDING,69,ZJ_U51_10K_E030_N311,0.964655,0.0,0.964655,False,False,False,False,True
S1A_IW_GRDH_1SDV_20170103T100145_20170103T100210_014666_017DB4_AE12,ZJ-YQB,2017,ASCENDING,69,ZJ_U51_10K_E031_N311,1.0,0.0,1.0,True,False,False,True,True
S1A_IW_GRDH_1SDV_20170103T100145_20170103T100210_014666_017DB4_AE12,ZJ-YQB,2017,ASCENDING,69,ZJ_U51_10K_E032_N311,1.0,0.0,1.0,True,False,False,True,True
S1A_IW_GRDH_1SDV_20170103T100145_20170103T100210_014666_017DB4_AE12,ZJ-YQB,2017,ASCENDING,69,ZJ_U51_10K_E030_N312,0.008982,0.0,0.008982,False,False,False,False,True
S1A_IW_GRDH_1SDV_20170103T100145_20170103T100210_014666_017DB4_AE12,ZJ-YQB,2017,ASCENDING,69,ZJ_U51_10K_E031_N312,0.133563,0.0,0.133563,False,False,False,False,True
S1A_IW_GRDH_1SDV_20170103T100145_20170103T100210_014666_017DB4_AE12,ZJ-YQB,2017,ASCENDING,69,ZJ_U51_10K_E032_N312,0.293472,0.0,0.293472,False,False,False,False,True
S1A_IW_GRDH_1SDV_20170122T095335_20170122T095404_014943_01863B_AB79,ZJ-YQB,2017,ASCENDING,171,ZJ_U51_10K_E031_N309,0.433609,0.424274,0.009335,False,False,False,False,True
S1A_IW_GRDH_1SDV_20170122T095335_20170122T095404_014943_01863B_AB79,ZJ-YQB,2017,ASCENDING,171,ZJ_U51_10K_E031_N310,0.61264,0.603381,0.009259,False,False,False,False,True
S1A_IW_GRDH_1SDV_20170122T095335_20170122T095404_014943_01863B_AB79,ZJ-YQB,2017,ASCENDING,171,ZJ_U51_10K_E032_N310,1.0,1.0,0.0,True,True,False,False,True
S1A_IW_GRDH_1SDV_20170122T095335_20170122T095404_014943_01863B_AB79,ZJ-YQB,2017,ASCENDING,171,ZJ_U51_10K_E031_N311,0.791357,0.782228,0.009129,False,False,False,False,True
S1A_IW_GRDH_1SDV_20170122T095335_20170122T095404_014943_01863B_AB79,ZJ-YQB,2017,ASCENDING,171,ZJ_U51_10K_E032_N311,1.0,1.0,0.0,True,True,False,False,True
S1A_IW_GRDH_1SDV_20170122T095335_20170122T095404_014943_01863B_AB79,ZJ-YQB,2017,ASCENDING,171,ZJ_U51_10K_E030_N312,0.008531,0.006608,0.001923,False,False,False,False,True
S1A_IW_GRDH_1SDV_20170122T095335_20170122T095404_014943_01863B_AB79,ZJ-YQB,2017,ASCENDING,171,ZJ_U51_10K_E031_N312,0.958596,0.953191,0.005405,False,False,False,False,True
S1A_IW_GRDH_1SDV_20170122T095335_20170122T095404_014943_01863B_AB79,ZJ-YQB,2017,ASCENDING,171,ZJ_U51_10K_E032_N312,1.0,1.0,0.0,True,True,False,False,True
S1A_IW_GRDH_1SDV_20170122T095335_20170122T095404_014943_01863B_AB79,ZJ-YQB,2017,ASCENDING,171,ZJ_U51_10K_E031_N313,1.0,1.0,0.0,True,True,False,False,True
S1A_IW_GRDH_1SDV_20170122T095335_20170122T095404_014943_01863B_AB79,ZJ-YQB,2017,ASCENDING,171,ZJ_U51_10K_E032_N313,1.0,1.0,0.0,True,True,False,False,True
S1A_IW_GRDH_1SDV_20170122T095335_20170122T095404_014943_01863B_AB79,ZJ-YQB,2017,ASCENDING,171,ZJ_U51_10K_E032_N314,0.62639,1.0,0.37361,False,True,True,False,True
S1B_IW_GRDH_1SDV_20210725T215043_20210725T215108_027956_0355E9_BC15,ZJ-YQB,2021,DESCENDING,105,ZJ_U51_10K_E029_N309,1.0,0.0,1.0,True,False,False,True,True
S1B_IW_GRDH_1SDV_20210725T215043_20210725T215108_027956_0355E9_BC15,ZJ-YQB,2021,DESCENDING,105,ZJ_U51_10K_E030_N309,1.0,0.0,1.0,True,False,False,True,True
S1B_IW_GRDH_1SDV_20210725T215043_20210725T215108_027956_0355E9_BC15,ZJ-YQB,2021,DESCENDING,105,ZJ_U51_10K_E031_N309,1.0,0.0,1.0,True,False,False,True,True
S1B_IW_GRDH_1SDV_20210725T215043_20210725T215108_027956_0355E9_BC15,ZJ-YQB,2021,DESCENDING,105,ZJ_U51_10K_E029_N310,1.0,0.0,1.0,True,False,False,True,True
S1B_IW_GRDH_1SDV_20210725T215043_20210725T215108_027956_0355E9_BC15,ZJ-YQB,2021,DESCENDING,105,ZJ_U51_10K_E030_N310,1.0,0.0,1.0,True,False,False,True,True
S1B_IW_GRDH_1SDV_20210725T215043_20210725T215108_027956_0355E9_BC15,ZJ-YQB,2021,DESCENDING,105,ZJ_U51_10K_E031_N310,1.0,0.0,1.0,True,False,False,True,True
S1B_IW_GRDH_1SDV_20210725T215043_20210725T215108_027956_0355E9_BC15,ZJ-YQB,2021,DESCENDING,105,ZJ_U51_10K_E032_N310,1.0,0.0,1.0,True,False,False,True,True
S1B_IW_GRDH_1SDV_20210725T215043_20210725T215108_027956_0355E9_BC15,ZJ-YQB,2021,DESCENDING,105,ZJ_U51_10K_E030_N311,1.0,0.0,1.0,True,False,False,True,True
S1B_IW_GRDH_1SDV_20210725T215043_20210725T215108_027956_0355E9_BC15,ZJ-YQB,2021,DESCENDING,105,ZJ_U51_10K_E031_N311,1.0,0.0,1.0,True,False,False,True,True
S1B_IW_GRDH_1SDV_20210725T215043_20210725T215108_027956_0355E9_BC15,ZJ-YQB,2021,DESCENDING,105,ZJ_U51_10K_E032_N311,1.0,0.0,1.0,True,False,False,True,True
S1B_IW_GRDH_1SDV_20210725T215043_20210725T215108_027956_0355E9_BC15,ZJ-YQB,2021,DESCENDING,105,ZJ_U51_10K_E030_N312,1.0,0.0,1.0,True,False,False,True,True
S1B_IW_GRDH_1SDV_20210725T215043_20210725T215108_027956_0355E9_BC15,ZJ-YQB,2021,DESCENDING,105,ZJ_U51_10K_E031_N312,1.0,0.0,1.0,True,False,False,True,True
S1B_IW_GRDH_1SDV_20210725T215043_20210725T215108_027956_0355E9_BC15,ZJ-YQB,2021,DESCENDING,105,ZJ_U51_10K_E032_N312,1.0,0.0,1.0,True,False,False,True,True
S1B_IW_GRDH_1SDV_20210725T215043_20210725T215108_027956_0355E9_BC15,ZJ-YQB,2021,DESCENDING,105,ZJ_U51_10K_E031_N313,1.0,0.042989,0.957011,True,False,False,True,True
S1B_IW_GRDH_1SDV_20210725T215043_20210725T215108_027956_0355E9_BC15,ZJ-YQB,2021,DESCENDING,105,ZJ_U51_10K_E032_N313,1.0,0.225514,0.774486,True,False,False,True,True
S1B_IW_GRDH_1SDV_20210725T215043_20210725T215108_027956_0355E9_BC15,ZJ-YQB,2021,DESCENDING,105,ZJ_U51_10K_E032_N314,1.0,1.0,0.0,True,True,False,False,True
S1A_IW_GRDH_1SDV_20170103T100235_20170103T100300_014666_017DB4_5CE4,ZJ-HZB,2017,ASCENDING,69,ZJ_U51_10K_E031_N334,1.0,0.0,1.0,True,False,False,True,True
S1A_IW_GRDH_1SDV_20170103T100235_20170103T100300_014666_017DB4_5CE4,ZJ-HZB,2017,ASCENDING,69,ZJ_U51_10K_E032_N334,1.0,0.0,1.0,True,False,False,True,True
S1A_IW_GRDH_1SDV_20170103T100235_20170103T100300_014666_017DB4_5CE4,ZJ-HZB,2017,ASCENDING,69,ZJ_U51_10K_E033_N334,0.179048,0.0,0.179048,False,False,False,False,True
S1A_IW_GRDH_1SDV_20170103T100235_20170103T100300_014666_017DB4_5CE4,ZJ-HZB,2017,ASCENDING,69,ZJ_U51_10K_E029_N335,1.0,0.0,1.0,True,False,False,True,True
S1A_IW_GRDH_1SDV_20170103T100235_20170103T100300_014666_017DB4_5CE4,ZJ-HZB,2017,ASCENDING,69,ZJ_U51_10K_E030_N335,1.0,0.0,1.0,True,False,False,True,True
S1A_IW_GRDH_1SDV_20170103T100235_20170103T100300_014666_017DB4_5CE4,ZJ-HZB,2017,ASCENDING,69,ZJ_U51_10K_E031_N335,1.0,0.0,1.0,True,False,False,True,True
S1A_IW_GRDH_1SDV_20170103T100235_20170103T100300_014666_017DB4_5CE4,ZJ-HZB,2017,ASCENDING,69,ZJ_U51_10K_E032_N335,0.992254,0.0,0.992254,True,False,False,True,True
S1A_IW_GRDH_1SDV_20170103T100235_20170103T100300_014666_017DB4_5CE4,ZJ-HZB,2017,ASCENDING,69,ZJ_U51_10K_E033_N335,0.035112,0.0,0.035112,False,False,False,False,True
S1A_IW_GRDH_1SDV_20170103T100235_20170103T100300_014666_017DB4_5CE4,ZJ-HZB,2017,ASCENDING,69,ZJ_U51_10K_E029_N336,1.0,0.0,1.0,True,False,False,True,True
S1A_IW_GRDH_1SDV_20170103T100235_20170103T100300_014666_017DB4_5CE4,ZJ-HZB,2017,ASCENDING,69,ZJ_U51_10K_E030_N336,1.0,0.0,1.0,True,False,False,True,True
S1A_IW_GRDH_1SDV_20170103T100235_20170103T100300_014666_017DB4_5CE4,ZJ-HZB,2017,ASCENDING,69,ZJ_U51_10K_E031_N336,1.0,0.0,1.0,True,False,False,True,True
S1A_IW_GRDH_1SDV_20170103T100235_20170103T100300_014666_017DB4_5CE4,ZJ-HZB,2017,ASCENDING,69,ZJ_U51_10K_E032_N336,0.875684,0.0,0.875684,False,False,False,False,True
S1A_IW_GRDH_1SDV_20170103T100235_20170103T100300_014666_017DB4_5CE4,ZJ-HZB,2017,ASCENDING,69,ZJ_U51_10K_E031_N337,1.0,0.0,1.0,True,False,False,True,True
S1A_IW_GRDH_1SDV_20170103T100235_20170103T100300_014666_017DB4_5CE4,ZJ-HZB,2017,ASCENDING,69,ZJ_U51_10K_E032_N337,0.724002,0.0,0.724002,False,False,False,False,True
S1A_IW_GRDH_1SDV_20170103T100235_20170103T100300_014666_017DB4_5CE4,ZJ-HZB,2017,ASCENDING,69,ZJ_U51_10K_E032_N338,0.57232,0.0,0.57232,False,False,False,False,True
S1A_IW_GRDH_1SDV_20180117T095411_20180117T095436_020193_022732_B76C,ZJ-HZB,2018,ASCENDING,171,ZJ_U51_10K_E037_N331,1.0,0.0,1.0,True,False,False,True,True
S1A_IW_GRDH_1SDV_20180117T095411_20180117T095436_020193_022732_B76C,ZJ-HZB,2018,ASCENDING,171,ZJ_U51_10K_E035_N332,0.405,0.0,0.405,False,False,False,False,True
S1A_IW_GRDH_1SDV_20180117T095411_20180117T095436_020193_022732_B76C,ZJ-HZB,2018,ASCENDING,171,ZJ_U51_10K_E036_N332,0.576626,0.0,0.576626,False,False,False,False,True
S1A_IW_GRDH_1SDV_20180117T095411_20180117T095436_020193_022732_B76C,ZJ-HZB,2018,ASCENDING,171,ZJ_U51_10K_E037_N332,0.748252,0.0,0.748252,False,False,False,False,True
S1A_IW_GRDH_1SDV_20180117T095411_20180117T095436_020193_022732_B76C,ZJ-HZB,2018,ASCENDING,171,ZJ_U51_10K_E038_N332,0.919784,0.0,0.919784,False,False,False,False,True
S1A_IW_GRDH_1SDV_20180117T095411_20180117T095436_020193_022732_B76C,ZJ-HZB,2018,ASCENDING,171,ZJ_U51_10K_E038_N333,9.4e-05,0.0,9.4e-05,False,False,False,False,True
S1B_IW_GRDH_1SDV_20200828T215815_20200828T215840_023129_02BEA7_D90D,ZJ-HZB,2020,DESCENDING,3,ZJ_U51_10K_E034_N333,0.316173,0.323659,0.007486,False,False,False,False,True
S1B_IW_GRDH_1SDV_20200828T215815_20200828T215840_023129_02BEA7_D90D,ZJ-HZB,2020,DESCENDING,3,ZJ_U51_10K_E031_N334,1.0,1.0,0.0,True,True,False,False,True
S1B_IW_GRDH_1SDV_20200828T215815_20200828T215840_023129_02BEA7_D90D,ZJ-HZB,2020,DESCENDING,3,ZJ_U51_10K_E032_N334,1.0,1.0,0.0,True,True,False,False,True
S1B_IW_GRDH_1SDV_20200828T215815_20200828T215840_023129_02BEA7_D90D,ZJ-HZB,2020,DESCENDING,3,ZJ_U51_10K_E033_N334,1.0,1.0,0.0,True,True,False,False,True
S1B_IW_GRDH_1SDV_20200828T215815_20200828T215840_023129_02BEA7_D90D,ZJ-HZB,2020,DESCENDING,3,ZJ_U51_10K_E034_N334,0.522901,0.553967,0.031066,False,False,False,False,True
S1B_IW_GRDH_1SDV_20200828T215815_20200828T215840_023129_02BEA7_D90D,ZJ-HZB,2020,DESCENDING,3,ZJ_U51_10K_E029_N335,1.0,1.0,0.0,True,True,False,False,True
S1B_IW_GRDH_1SDV_20200828T215815_20200828T215840_023129_02BEA7_D90D,ZJ-HZB,2020,DESCENDING,3,ZJ_U51_10K_E030_N335,1.0,1.0,0.0,True,True,False,False,True
S1B_IW_GRDH_1SDV_20200828T215815_20200828T215840_023129_02BEA7_D90D,ZJ-HZB,2020,DESCENDING,3,ZJ_U51_10K_E031_N335,1.0,1.0,0.0,True,True,False,False,True
S1B_IW_GRDH_1SDV_20200828T215815_20200828T215840_023129_02BEA7_D90D,ZJ-HZB,2020,DESCENDING,3,ZJ_U51_10K_E032_N335,1.0,1.0,0.0,True,True,False,False,True
S1B_IW_GRDH_1SDV_20200828T215815_20200828T215840_023129_02BEA7_D90D,ZJ-HZB,2020,DESCENDING,3,ZJ_U51_10K_E033_N335,1.0,1.0,0.0,True,True,False,False,True
S1B_IW_GRDH_1SDV_20200828T215815_20200828T215840_023129_02BEA7_D90D,ZJ-HZB,2020,DESCENDING,3,ZJ_U51_10K_E034_N335,0.72901,0.765604,0.036594,False,False,False,False,True
S1B_IW_GRDH_1SDV_20200828T215815_20200828T215840_023129_02BEA7_D90D,ZJ-HZB,2020,DESCENDING,3,ZJ_U51_10K_E029_N336,1.0,1.0,0.0,True,True,False,False,True
S1B_IW_GRDH_1SDV_20200828T215815_20200828T215840_023129_02BEA7_D90D,ZJ-HZB,2020,DESCENDING,3,ZJ_U51_10K_E030_N336,1.0,1.0,0.0,True,True,False,False,True
S1B_IW_GRDH_1SDV_20200828T215815_20200828T215840_023129_02BEA7_D90D,ZJ-HZB,2020,DESCENDING,3,ZJ_U51_10K_E031_N336,1.0,1.0,0.0,True,True,False,False,True
S1B_IW_GRDH_1SDV_20200828T215815_20200828T215840_023129_02BEA7_D90D,ZJ-HZB,2020,DESCENDING,3,ZJ_U51_10K_E032_N336,1.0,1.0,0.0,True,True,False,False,True
S1B_IW_GRDH_1SDV_20200828T215815_20200828T215840_023129_02BEA7_D90D,ZJ-HZB,2020,DESCENDING,3,ZJ_U51_10K_E033_N336,1.0,1.0,0.0,True,True,False,False,True
S1B_IW_GRDH_1SDV_20200828T215815_20200828T215840_023129_02BEA7_D90D,ZJ-HZB,2020,DESCENDING,3,ZJ_U51_10K_E034_N336,0.931584,0.960942,0.029358,False,False,False,False,True
S1B_IW_GRDH_1SDV_20200828T215815_20200828T215840_023129_02BEA7_D90D,ZJ-HZB,2020,DESCENDING,3,ZJ_U51_10K_E035_N336,0.003535,0.016298,0.012763,False,False,False,False,True
S1B_IW_GRDH_1SDV_20200828T215815_20200828T215840_023129_02BEA7_D90D,ZJ-HZB,2020,DESCENDING,3,ZJ_U51_10K_E031_N337,1.0,1.0,0.0,True,True,False,False,True
S1B_IW_GRDH_1SDV_20200828T215815_20200828T215840_023129_02BEA7_D90D,ZJ-HZB,2020,DESCENDING,3,ZJ_U51_10K_E032_N337,1.0,1.0,0.0,True,True,False,False,True
S1B_IW_GRDH_1SDV_20200828T215815_20200828T215840_023129_02BEA7_D90D,ZJ-HZB,2020,DESCENDING,3,ZJ_U51_10K_E033_N337,1.0,1.0,0.0,True,True,False,False,True
S1B_IW_GRDH_1SDV_20200828T215815_20200828T215840_023129_02BEA7_D90D,ZJ-HZB,2020,DESCENDING,3,ZJ_U51_10K_E034_N337,1.0,1.0,0.0,True,True,False,False,True
S1B_IW_GRDH_1SDV_20200828T215815_20200828T215840_023129_02BEA7_D90D,ZJ-HZB,2020,DESCENDING,3,ZJ_U51_10K_E035_N337,0.141227,0.188876,0.047649,False,False,False,False,True
S1B_IW_GRDH_1SDV_20200828T215815_20200828T215840_023129_02BEA7_D90D,ZJ-HZB,2020,DESCENDING,3,ZJ_U51_10K_E032_N338,1.0,1.0,0.0,True,True,False,False,True
S1B_IW_GRDH_1SDV_20200828T215815_20200828T215840_023129_02BEA7_D90D,ZJ-HZB,2020,DESCENDING,3,ZJ_U51_10K_E033_N338,1.0,1.0,0.0,True,True,False,False,True
S1B_IW_GRDH_1SDV_20200828T215815_20200828T215840_023129_02BEA7_D90D,ZJ-HZB,2020,DESCENDING,3,ZJ_U51_10K_E034_N338,1.0,1.0,0.0,True,True,False,False,True
S1B_IW_GRDH_1SDV_20200828T215815_20200828T215840_023129_02BEA7_D90D,ZJ-HZB,2020,DESCENDING,3,ZJ_U51_10K_E035_N338,0.347336,0.400513,0.053177,False,False,False,False,True
S1B_IW_GRDH_1SDV_20200828T215815_20200828T215840_023129_02BEA7_D90D,ZJ-HZB,2020,DESCENDING,3,ZJ_U51_10K_E034_N339,1.0,1.0,0.0,True,True,False,False,True
S1B_IW_GRDH_1SDV_20200828T215815_20200828T215840_023129_02BEA7_D90D,ZJ-HZB,2020,DESCENDING,3,ZJ_U51_10K_E035_N339,0.553444,0.612149,0.058705,False,False,False,False,True
S1A_IW_GRDH_1SDV_20150528T215017_20150528T215042_006127_007F2E_D2AD,ZJ-HZB,2015,DESCENDING,105,ZJ_U51_10K_E037_N331,1.0,1.0,0.0,True,True,False,False,True
S1A_IW_GRDH_1SDV_20150528T215017_20150528T215042_006127_007F2E_D2AD,ZJ-HZB,2015,DESCENDING,105,ZJ_U51_10K_E035_N332,1.0,1.0,0.0,True,True,False,False,True
S1A_IW_GRDH_1SDV_20150528T215017_20150528T215042_006127_007F2E_D2AD,ZJ-HZB,2015,DESCENDING,105,ZJ_U51_10K_E036_N332,1.0,1.0,0.0,True,True,False,False,True
S1A_IW_GRDH_1SDV_20150528T215017_20150528T215042_006127_007F2E_D2AD,ZJ-HZB,2015,DESCENDING,105,ZJ_U51_10K_E037_N332,1.0,1.0,0.0,True,True,False,False,True
S1A_IW_GRDH_1SDV_20150528T215017_20150528T215042_006127_007F2E_D2AD,ZJ-HZB,2015,DESCENDING,105,ZJ_U51_10K_E038_N332,1.0,1.0,0.0,True,True,False,False,True
S1A_IW_GRDH_1SDV_20150528T215017_20150528T215042_006127_007F2E_D2AD,ZJ-HZB,2015,DESCENDING,105,ZJ_U51_10K_E034_N333,1.0,1.0,0.0,True,True,False,False,True
S1A_IW_GRDH_1SDV_20150528T215017_20150528T215042_006127_007F2E_D2AD,ZJ-HZB,2015,DESCENDING,105,ZJ_U51_10K_E035_N333,1.0,1.0,0.0,True,True,False,False,True
S1A_IW_GRDH_1SDV_20150528T215017_20150528T215042_006127_007F2E_D2AD,ZJ-HZB,2015,DESCENDING,105,ZJ_U51_10K_E036_N333,1.0,1.0,0.0,True,True,False,False,True
S1A_IW_GRDH_1SDV_20150528T215017_20150528T215042_006127_007F2E_D2AD,ZJ-HZB,2015,DESCENDING,105,ZJ_U51_10K_E037_N333,1.0,1.0,0.0,True,True,False,False,True
S1A_IW_GRDH_1SDV_20150528T215017_20150528T215042_006127_007F2E_D2AD,ZJ-HZB,2015,DESCENDING,105,ZJ_U51_10K_E038_N333,1.0,1.0,0.0,True,True,False,False,True
S1A_IW_GRDH_1SDV_20150528T215017_20150528T215042_006127_007F2E_D2AD,ZJ-HZB,2015,DESCENDING,105,ZJ_U51_10K_E031_N334,1.0,1.0,0.0,True,True,False,False,True
S1A_IW_GRDH_1SDV_20150528T215017_20150528T215042_006127_007F2E_D2AD,ZJ-HZB,2015,DESCENDING,105,ZJ_U51_10K_E032_N334,1.0,1.0,0.0,True,True,False,False,True
S1A_IW_GRDH_1SDV_20150528T215017_20150528T215042_006127_007F2E_D2AD,ZJ-HZB,2015,DESCENDING,105,ZJ_U51_10K_E033_N334,1.0,1.0,0.0,True,True,False,False,True
S1A_IW_GRDH_1SDV_20150528T215017_20150528T215042_006127_007F2E_D2AD,ZJ-HZB,2015,DESCENDING,105,ZJ_U51_10K_E034_N334,1.0,1.0,0.0,True,True,False,False,True
S1A_IW_GRDH_1SDV_20150528T215017_20150528T215042_006127_007F2E_D2AD,ZJ-HZB,2015,DESCENDING,105,ZJ_U51_10K_E035_N334,1.0,1.0,0.0,True,True,False,False,True
S1A_IW_GRDH_1SDV_20150528T215017_20150528T215042_006127_007F2E_D2AD,ZJ-HZB,2015,DESCENDING,105,ZJ_U51_10K_E036_N334,1.0,1.0,0.0,True,True,False,False,True
S1A_IW_GRDH_1SDV_20150528T215017_20150528T215042_006127_007F2E_D2AD,ZJ-HZB,2015,DESCENDING,105,ZJ_U51_10K_E037_N334,1.0,1.0,0.0,True,True,False,False,True
S1A_IW_GRDH_1SDV_20150528T215017_20150528T215042_006127_007F2E_D2AD,ZJ-HZB,2015,DESCENDING,105,ZJ_U51_10K_E038_N334,1.0,1.0,0.0,True,True,False,False,True
S1A_IW_GRDH_1SDV_20150528T215017_20150528T215042_006127_007F2E_D2AD,ZJ-HZB,2015,DESCENDING,105,ZJ_U51_10K_E029_N335,1.0,1.0,0.0,True,True,False,False,True
S1A_IW_GRDH_1SDV_20150528T215017_20150528T215042_006127_007F2E_D2AD,ZJ-HZB,2015,DESCENDING,105,ZJ_U51_10K_E030_N335,1.0,1.0,0.0,True,True,False,False,True
S1A_IW_GRDH_1SDV_20150528T215017_20150528T215042_006127_007F2E_D2AD,ZJ-HZB,2015,DESCENDING,105,ZJ_U51_10K_E031_N335,1.0,1.0,0.0,True,True,False,False,True
S1A_IW_GRDH_1SDV_20150528T215017_20150528T215042_006127_007F2E_D2AD,ZJ-HZB,2015,DESCENDING,105,ZJ_U51_10K_E032_N335,1.0,1.0,0.0,True,True,False,False,True
S1A_IW_GRDH_1SDV_20150528T215017_20150528T215042_006127_007F2E_D2AD,ZJ-HZB,2015,DESCENDING,105,ZJ_U51_10K_E033_N335,1.0,1.0,0.0,True,True,False,False,True
S1A_IW_GRDH_1SDV_20150528T215017_20150528T215042_006127_007F2E_D2AD,ZJ-HZB,2015,DESCENDING,105,ZJ_U51_10K_E034_N335,1.0,1.0,0.0,True,True,False,False,True
S1A_IW_GRDH_1SDV_20150528T215017_20150528T215042_006127_007F2E_D2AD,ZJ-HZB,2015,DESCENDING,105,ZJ_U51_10K_E035_N335,1.0,1.0,0.0,True,True,False,False,True
S1A_IW_GRDH_1SDV_20150528T215017_20150528T215042_006127_007F2E_D2AD,ZJ-HZB,2015,DESCENDING,105,ZJ_U51_10K_E036_N335,1.0,1.0,0.0,True,True,False,False,True
S1A_IW_GRDH_1SDV_20150528T215017_20150528T215042_006127_007F2E_D2AD,ZJ-HZB,2015,DESCENDING,105,ZJ_U51_10K_E037_N335,1.0,1.0,0.0,True,True,False,False,True
S1A_IW_GRDH_1SDV_20150528T215017_20150528T215042_006127_007F2E_D2AD,ZJ-HZB,2015,DESCENDING,105,ZJ_U51_10K_E038_N335,1.0,1.0,0.0,True,True,False,False,True
S1A_IW_GRDH_1SDV_20150528T215017_20150528T215042_006127_007F2E_D2AD,ZJ-HZB,2015,DESCENDING,105,ZJ_U51_10K_E029_N336,0.945402,1.0,0.054598,False,True,True,False,True
S1A_IW_GRDH_1SDV_20150528T215017_20150528T215042_006127_007F2E_D2AD,ZJ-HZB,2015,DESCENDING,105,ZJ_U51_10K_E030_N336,1.0,1.0,0.0,True,True,False,False,True
S1A_IW_GRDH_1SDV_20150528T215017_20150528T215042_006127_007F2E_D2AD,ZJ-HZB,2015,DESCENDING,105,ZJ_U51_10K_E031_N336,1.0,1.0,0.0,True,True,False,False,True
S1A_IW_GRDH_1SDV_20150528T215017_20150528T215042_006127_007F2E_D2AD,ZJ-HZB,2015,DESCENDING,105,ZJ_U51_10K_E032_N336,1.0,1.0,0.0,True,True,False,False,True
S1A_IW_GRDH_1SDV_20150528T215017_20150528T215042_006127_007F2E_D2AD,ZJ-HZB,2015,DESCENDING,105,ZJ_U51_10K_E033_N336,1.0,1.0,0.0,True,True,False,False,True
S1A_IW_GRDH_1SDV_20150528T215017_20150528T215042_006127_007F2E_D2AD,ZJ-HZB,2015,DESCENDING,105,ZJ_U51_10K_E034_N336,1.0,1.0,0.0,True,True,False,False,True
S1A_IW_GRDH_1SDV_20150528T215017_20150528T215042_006127_007F2E_D2AD,ZJ-HZB,2015,DESCENDING,105,ZJ_U51_10K_E035_N336,1.0,1.0,0.0,True,True,False,False,True
S1A_IW_GRDH_1SDV_20150528T215017_20150528T215042_006127_007F2E_D2AD,ZJ-HZB,2015,DESCENDING,105,ZJ_U51_10K_E036_N336,1.0,1.0,0.0,True,True,False,False,True
S1A_IW_GRDH_1SDV_20150528T215017_20150528T215042_006127_007F2E_D2AD,ZJ-HZB,2015,DESCENDING,105,ZJ_U51_10K_E037_N336,1.0,1.0,0.0,True,True,False,False,True
S1A_IW_GRDH_1SDV_20150528T215017_20150528T215042_006127_007F2E_D2AD,ZJ-HZB,2015,DESCENDING,105,ZJ_U51_10K_E038_N336,1.0,1.0,0.0,True,True,False,False,True
S1A_IW_GRDH_1SDV_20150528T215017_20150528T215042_006127_007F2E_D2AD,ZJ-HZB,2015,DESCENDING,105,ZJ_U51_10K_E031_N337,1.0,1.0,0.0,True,True,False,False,True
S1A_IW_GRDH_1SDV_20150528T215017_20150528T215042_006127_007F2E_D2AD,ZJ-HZB,2015,DESCENDING,105,ZJ_U51_10K_E032_N337,1.0,1.0,0.0,True,True,False,False,True
S1A_IW_GRDH_1SDV_20150528T215017_20150528T215042_006127_007F2E_D2AD,ZJ-HZB,2015,DESCENDING,105,ZJ_U51_10K_E033_N337,1.0,1.0,0.0,True,True,False,False,True
S1A_IW_GRDH_1SDV_20150528T215017_20150528T215042_006127_007F2E_D2AD,ZJ-HZB,2015,DESCENDING,105,ZJ_U51_10K_E034_N337,1.0,1.0,0.0,True,True,False,False,True
S1A_IW_GRDH_1SDV_20150528T215017_20150528T215042_006127_007F2E_D2AD,ZJ-HZB,2015,DESCENDING,105,ZJ_U51_10K_E035_N337,1.0,1.0,0.0,True,True,False,False,True
S1A_IW_GRDH_1SDV_20150528T215017_20150528T215042_006127_007F2E_D2AD,ZJ-HZB,2015,DESCENDING,105,ZJ_U51_10K_E036_N337,1.0,1.0,0.0,True,True,False,False,True
S1A_IW_GRDH_1SDV_20150528T215017_20150528T215042_006127_007F2E_D2AD,ZJ-HZB,2015,DESCENDING,105,ZJ_U51_10K_E037_N337,1.0,1.0,0.0,True,True,False,False,True
S1A_IW_GRDH_1SDV_20150528T215017_20150528T215042_006127_007F2E_D2AD,ZJ-HZB,2015,DESCENDING,105,ZJ_U51_10K_E038_N337,1.0,1.0,0.0,True,True,False,False,True
S1A_IW_GRDH_1SDV_20150528T215017_20150528T215042_006127_007F2E_D2AD,ZJ-HZB,2015,DESCENDING,105,ZJ_U51_10K_E032_N338,1.0,1.0,0.0,True,True,False,False,True
S1A_IW_GRDH_1SDV_20150528T215017_20150528T215042_006127_007F2E_D2AD,ZJ-HZB,2015,DESCENDING,105,ZJ_U51_10K_E033_N338,1.0,1.0,0.0,True,True,False,False,True
S1A_IW_GRDH_1SDV_20150528T215017_20150528T215042_006127_007F2E_D2AD,ZJ-HZB,2015,DESCENDING,105,ZJ_U51_10K_E034_N338,1.0,1.0,0.0,True,True,False,False,True
S1A_IW_GRDH_1SDV_20150528T215017_20150528T215042_006127_007F2E_D2AD,ZJ-HZB,2015,DESCENDING,105,ZJ_U51_10K_E035_N338,1.0,1.0,0.0,True,True,False,False,True
S1A_IW_GRDH_1SDV_20150528T215017_20150528T215042_006127_007F2E_D2AD,ZJ-HZB,2015,DESCENDING,105,ZJ_U51_10K_E036_N338,1.0,1.0,0.0,True,True,False,False,True
S1A_IW_GRDH_1SDV_20150528T215017_20150528T215042_006127_007F2E_D2AD,ZJ-HZB,2015,DESCENDING,105,ZJ_U51_10K_E037_N338,1.0,1.0,0.0,True,True,False,False,True
S1A_IW_GRDH_1SDV_20150528T215017_20150528T215042_006127_007F2E_D2AD,ZJ-HZB,2015,DESCENDING,105,ZJ_U51_10K_E038_N338,1.0,1.0,0.0,True,True,False,False,True
S1A_IW_GRDH_1SDV_20150528T215017_20150528T215042_006127_007F2E_D2AD,ZJ-HZB,2015,DESCENDING,105,ZJ_U51_10K_E039_N338,1.0,1.0,0.0,True,True,False,False,True
S1A_IW_GRDH_1SDV_20150528T215017_20150528T215042_006127_007F2E_D2AD,ZJ-HZB,2015,DESCENDING,105,ZJ_U51_10K_E034_N339,1.0,1.0,0.0,True,True,False,False,True
S1A_IW_GRDH_1SDV_20150528T215017_20150528T215042_006127_007F2E_D2AD,ZJ-HZB,2015,DESCENDING,105,ZJ_U51_10K_E035_N339,1.0,1.0,0.0,True,True,False,False,True
S1A_IW_GRDH_1SDV_20150528T215017_20150528T215042_006127_007F2E_D2AD,ZJ-HZB,2015,DESCENDING,105,ZJ_U51_10K_E036_N339,1.0,1.0,0.0,True,True,False,False,True
S1A_IW_GRDH_1SDV_20150528T215017_20150528T215042_006127_007F2E_D2AD,ZJ-HZB,2015,DESCENDING,105,ZJ_U51_10K_E037_N339,1.0,1.0,0.0,True,True,False,False,True
S1A_IW_GRDH_1SDV_20150528T215017_20150528T215042_006127_007F2E_D2AD,ZJ-HZB,2015,DESCENDING,105,ZJ_U51_10K_E038_N339,1.0,1.0,0.0,True,True,False,False,True
S1A_IW_GRDH_1SDV_20150528T215017_20150528T215042_006127_007F2E_D2AD,ZJ-HZB,2015,DESCENDING,105,ZJ_U51_10K_E039_N339,1.0,1.0,0.0,True,True,False,False,True
S1A_IW_GRDH_1SDV_20150528T215017_20150528T215042_006127_007F2E_D2AD,ZJ-HZB,2015,DESCENDING,105,ZJ_U51_10K_E036_N340,1.0,1.0,0.0,True,True,False,False,True
S1A_IW_GRDH_1SDV_20150528T215017_20150528T215042_006127_007F2E_D2AD,ZJ-HZB,2015,DESCENDING,105,ZJ_U51_10K_E037_N340,1.0,1.0,0.0,True,True,False,False,True
S1A_IW_GRDH_1SDV_20150528T215017_20150528T215042_006127_007F2E_D2AD,ZJ-HZB,2015,DESCENDING,105,ZJ_U51_10K_E038_N340,1.0,1.0,0.0,True,True,False,False,True
S1A_IW_GRDH_1SDV_20150528T215017_20150528T215042_006127_007F2E_D2AD,ZJ-HZB,2015,DESCENDING,105,ZJ_U51_10K_E039_N340,1.0,1.0,0.0,True,True,False,False,True
S1A_IW_GRDH_1SDV_20150528T215017_20150528T215042_006127_007F2E_D2AD,ZJ-HZB,2015,DESCENDING,105,ZJ_U51_10K_E037_N341,1.0,1.0,0.0,True,True,False,False,True
S1A_IW_GRDH_1SDV_20150528T215017_20150528T215042_006127_007F2E_D2AD,ZJ-HZB,2015,DESCENDING,105,ZJ_U51_10K_E038_N341,1.0,1.0,0.0,True,True,False,False,True
S1A_IW_GRDH_1SDV_20150528T215017_20150528T215042_006127_007F2E_D2AD,ZJ-HZB,2015,DESCENDING,105,ZJ_U51_10K_E039_N341,1.0,1.0,0.0,True,True,False,False,True
S1A_IW_GRDH_1SDV_20170103T100210_20170103T100235_014666_017DB4_6DDF,ZJ-SMB,2017,ASCENDING,69,ZJ_U51_10K_E034_N320,1.0,0.0,1.0,True,False,False,True,True
S1A_IW_GRDH_1SDV_20170103T100210_20170103T100235_014666_017DB4_6DDF,ZJ-SMB,2017,ASCENDING,69,ZJ_U51_10K_E035_N320,0.226536,0.0,0.226536,False,False,False,False,True
S1A_IW_GRDH_1SDV_20170103T100210_20170103T100235_014666_017DB4_6DDF,ZJ-SMB,2017,ASCENDING,69,ZJ_U51_10K_E034_N321,0.999806,0.0,0.999806,True,False,False,True,True
S1A_IW_GRDH_1SDV_20170103T100210_20170103T100235_014666_017DB4_6DDF,ZJ-SMB,2017,ASCENDING,69,ZJ_U51_10K_E035_N321,0.07051,0.0,0.07051,False,False,False,False,True
S1A_IW_GRDH_1SDV_20170103T100210_20170103T100235_014666_017DB4_6DDF,ZJ-SMB,2017,ASCENDING,69,ZJ_U51_10K_E034_N322,0.914096,0.0,0.914096,False,False,False,False,True
S1A_IW_GRDH_1SDV_20170103T100210_20170103T100235_014666_017DB4_6DDF,ZJ-SMB,2017,ASCENDING,69,ZJ_U51_10K_E034_N323,0.757876,0.0,0.757876,False,False,False,False,True
S1A_IW_GRDH_1SDV_20170103T100210_20170103T100235_014666_017DB4_6DDF,ZJ-SMB,2017,ASCENDING,69,ZJ_U51_10K_E034_N324,0.601656,0.0,0.601656,False,False,False,False,True
S1A_IW_GRDH_1SDV_20170103T100210_20170103T100235_014666_017DB4_6DDF,ZJ-SMB,2017,ASCENDING,69,ZJ_U51_10K_E034_N325,0.445436,0.0,0.445436,False,False,False,False,True
S1A_IW_GRDH_1SDV_20190112T095418_20190112T095443_025443_02D1A2_0A40,ZJ-SMB,2019,ASCENDING,171,ZJ_U51_10K_E034_N320,1.0,0.0,1.0,True,False,False,True,True
S1A_IW_GRDH_1SDV_20190112T095418_20190112T095443_025443_02D1A2_0A40,ZJ-SMB,2019,ASCENDING,171,ZJ_U51_10K_E035_N320,1.0,0.0,1.0,True,False,False,True,True
S1A_IW_GRDH_1SDV_20190112T095418_20190112T095443_025443_02D1A2_0A40,ZJ-SMB,2019,ASCENDING,171,ZJ_U51_10K_E036_N320,1.0,0.0,1.0,True,False,False,True,True
S1A_IW_GRDH_1SDV_20190112T095418_20190112T095443_025443_02D1A2_0A40,ZJ-SMB,2019,ASCENDING,171,ZJ_U51_10K_E037_N320,1.0,0.0,1.0,True,False,False,True,True
S1A_IW_GRDH_1SDV_20190112T095418_20190112T095443_025443_02D1A2_0A40,ZJ-SMB,2019,ASCENDING,171,ZJ_U51_10K_E038_N320,1.0,0.0,1.0,True,False,False,True,True
S1A_IW_GRDH_1SDV_20190112T095418_20190112T095443_025443_02D1A2_0A40,ZJ-SMB,2019,ASCENDING,171,ZJ_U51_10K_E039_N320,1.0,0.0,1.0,True,False,False,True,True
S1A_IW_GRDH_1SDV_20190112T095418_20190112T095443_025443_02D1A2_0A40,ZJ-SMB,2019,ASCENDING,171,ZJ_U51_10K_E034_N321,1.0,0.0,1.0,True,False,False,True,True
S1A_IW_GRDH_1SDV_20190112T095418_20190112T095443_025443_02D1A2_0A40,ZJ-SMB,2019,ASCENDING,171,ZJ_U51_10K_E035_N321,1.0,0.0,1.0,True,False,False,True,True
S1A_IW_GRDH_1SDV_20190112T095418_20190112T095443_025443_02D1A2_0A40,ZJ-SMB,2019,ASCENDING,171,ZJ_U51_10K_E036_N321,1.0,0.0,1.0,True,False,False,True,True
S1A_IW_GRDH_1SDV_20190112T095418_20190112T095443_025443_02D1A2_0A40,ZJ-SMB,2019,ASCENDING,171,ZJ_U51_10K_E037_N321,1.0,0.0,1.0,True,False,False,True,True
S1A_IW_GRDH_1SDV_20190112T095418_20190112T095443_025443_02D1A2_0A40,ZJ-SMB,2019,ASCENDING,171,ZJ_U51_10K_E038_N321,1.0,0.0,1.0,True,False,False,True,True
S1A_IW_GRDH_1SDV_20190112T095418_20190112T095443_025443_02D1A2_0A40,ZJ-SMB,2019,ASCENDING,171,ZJ_U51_10K_E039_N321,1.0,0.0,1.0,True,False,False,True,True
S1A_IW_GRDH_1SDV_20190112T095418_20190112T095443_025443_02D1A2_0A40,ZJ-SMB,2019,ASCENDING,171,ZJ_U51_10K_E034_N322,1.0,0.0,1.0,True,False,False,True,True
S1A_IW_GRDH_1SDV_20190112T095418_20190112T095443_025443_02D1A2_0A40,ZJ-SMB,2019,ASCENDING,171,ZJ_U51_10K_E035_N322,1.0,0.0,1.0,True,False,False,True,True
S1A_IW_GRDH_1SDV_20190112T095418_20190112T095443_025443_02D1A2_0A40,ZJ-SMB,2019,ASCENDING,171,ZJ_U51_10K_E036_N322,1.0,0.0,1.0,True,False,False,True,True
S1A_IW_GRDH_1SDV_20190112T095418_20190112T095443_025443_02D1A2_0A40,ZJ-SMB,2019,ASCENDING,171,ZJ_U51_10K_E037_N322,1.0,0.0,1.0,True,False,False,True,True
S1A_IW_GRDH_1SDV_20190112T095418_20190112T095443_025443_02D1A2_0A40,ZJ-SMB,2019,ASCENDING,171,ZJ_U51_10K_E038_N322,1.0,0.0,1.0,True,False,False,True,True
S1A_IW_GRDH_1SDV_20190112T095418_20190112T095443_025443_02D1A2_0A40,ZJ-SMB,2019,ASCENDING,171,ZJ_U51_10K_E039_N322,1.0,0.0,1.0,True,False,False,True,True
S1A_IW_GRDH_1SDV_20190112T095418_20190112T095443_025443_02D1A2_0A40,ZJ-SMB,2019,ASCENDING,171,ZJ_U51_10K_E034_N323,1.0,0.0,1.0,True,False,False,True,True
S1A_IW_GRDH_1SDV_20190112T095418_20190112T095443_025443_02D1A2_0A40,ZJ-SMB,2019,ASCENDING,171,ZJ_U51_10K_E035_N323,1.0,0.0,1.0,True,False,False,True,True
S1A_IW_GRDH_1SDV_20190112T095418_20190112T095443_025443_02D1A2_0A40,ZJ-SMB,2019,ASCENDING,171,ZJ_U51_10K_E036_N323,1.0,0.0,1.0,True,False,False,True,True
S1A_IW_GRDH_1SDV_20190112T095418_20190112T095443_025443_02D1A2_0A40,ZJ-SMB,2019,ASCENDING,171,ZJ_U51_10K_E037_N323,1.0,0.0,1.0,True,False,False,True,True
S1A_IW_GRDH_1SDV_20190112T095418_20190112T095443_025443_02D1A2_0A40,ZJ-SMB,2019,ASCENDING,171,ZJ_U51_10K_E038_N323,1.0,0.0,1.0,True,False,False,True,True
S1A_IW_GRDH_1SDV_20190112T095418_20190112T095443_025443_02D1A2_0A40,ZJ-SMB,2019,ASCENDING,171,ZJ_U51_10K_E039_N323,1.0,0.0,1.0,True,False,False,True,True
S1A_IW_GRDH_1SDV_20190112T095418_20190112T095443_025443_02D1A2_0A40,ZJ-SMB,2019,ASCENDING,171,ZJ_U51_10K_E034_N324,1.0,0.0,1.0,True,False,False,True,True
S1A_IW_GRDH_1SDV_20190112T095418_20190112T095443_025443_02D1A2_0A40,ZJ-SMB,2019,ASCENDING,171,ZJ_U51_10K_E035_N324,1.0,0.0,1.0,True,False,False,True,True
S1A_IW_GRDH_1SDV_20190112T095418_20190112T095443_025443_02D1A2_0A40,ZJ-SMB,2019,ASCENDING,171,ZJ_U51_10K_E036_N324,1.0,0.0,1.0,True,False,False,True,True
S1A_IW_GRDH_1SDV_20190112T095418_20190112T095443_025443_02D1A2_0A40,ZJ-SMB,2019,ASCENDING,171,ZJ_U51_10K_E037_N324,1.0,0.0,1.0,True,False,False,True,True
S1A_IW_GRDH_1SDV_20190112T095418_20190112T095443_025443_02D1A2_0A40,ZJ-SMB,2019,ASCENDING,171,ZJ_U51_10K_E034_N325,1.0,0.0,1.0,True,False,False,True,True
S1A_IW_GRDH_1SDV_20190112T095418_20190112T095443_025443_02D1A2_0A40,ZJ-SMB,2019,ASCENDING,171,ZJ_U51_10K_E035_N325,1.0,0.0,1.0,True,False,False,True,True
S1A_IW_GRDH_1SDV_20150528T215042_20150528T215107_006127_007F2E_2970,ZJ-SMB,2015,DESCENDING,105,ZJ_U51_10K_E034_N320,1.0,1.0,0.0,True,True,False,False,True
S1A_IW_GRDH_1SDV_20150528T215042_20150528T215107_006127_007F2E_2970,ZJ-SMB,2015,DESCENDING,105,ZJ_U51_10K_E035_N320,1.0,1.0,0.0,True,True,False,False,True
S1A_IW_GRDH_1SDV_20150528T215042_20150528T215107_006127_007F2E_2970,ZJ-SMB,2015,DESCENDING,105,ZJ_U51_10K_E036_N320,1.0,1.0,0.0,True,True,False,False,True
S1A_IW_GRDH_1SDV_20150528T215042_20150528T215107_006127_007F2E_2970,ZJ-SMB,2015,DESCENDING,105,ZJ_U51_10K_E037_N320,1.0,1.0,0.0,True,True,False,False,True
S1A_IW_GRDH_1SDV_20150528T215042_20150528T215107_006127_007F2E_2970,ZJ-SMB,2015,DESCENDING,105,ZJ_U51_10K_E038_N320,1.0,1.0,0.0,True,True,False,False,True
S1A_IW_GRDH_1SDV_20150528T215042_20150528T215107_006127_007F2E_2970,ZJ-SMB,2015,DESCENDING,105,ZJ_U51_10K_E039_N320,1.0,1.0,0.0,True,True,False,False,True
S1A_IW_GRDH_1SDV_20150528T215042_20150528T215107_006127_007F2E_2970,ZJ-SMB,2015,DESCENDING,105,ZJ_U51_10K_E034_N321,1.0,1.0,0.0,True,True,False,False,True
S1A_IW_GRDH_1SDV_20150528T215042_20150528T215107_006127_007F2E_2970,ZJ-SMB,2015,DESCENDING,105,ZJ_U51_10K_E035_N321,1.0,1.0,0.0,True,True,False,False,True
S1A_IW_GRDH_1SDV_20150528T215042_20150528T215107_006127_007F2E_2970,ZJ-SMB,2015,DESCENDING,105,ZJ_U51_10K_E036_N321,1.0,1.0,0.0,True,True,False,False,True
S1A_IW_GRDH_1SDV_20150528T215042_20150528T215107_006127_007F2E_2970,ZJ-SMB,2015,DESCENDING,105,ZJ_U51_10K_E037_N321,1.0,1.0,0.0,True,True,False,False,True
S1A_IW_GRDH_1SDV_20150528T215042_20150528T215107_006127_007F2E_2970,ZJ-SMB,2015,DESCENDING,105,ZJ_U51_10K_E038_N321,1.0,1.0,0.0,True,True,False,False,True
S1A_IW_GRDH_1SDV_20150528T215042_20150528T215107_006127_007F2E_2970,ZJ-SMB,2015,DESCENDING,105,ZJ_U51_10K_E039_N321,1.0,1.0,0.0,True,True,False,False,True
S1A_IW_GRDH_1SDV_20150528T215042_20150528T215107_006127_007F2E_2970,ZJ-SMB,2015,DESCENDING,105,ZJ_U51_10K_E034_N322,1.0,1.0,0.0,True,True,False,False,True
S1A_IW_GRDH_1SDV_20150528T215042_20150528T215107_006127_007F2E_2970,ZJ-SMB,2015,DESCENDING,105,ZJ_U51_10K_E035_N322,1.0,1.0,0.0,True,True,False,False,True
S1A_IW_GRDH_1SDV_20150528T215042_20150528T215107_006127_007F2E_2970,ZJ-SMB,2015,DESCENDING,105,ZJ_U51_10K_E036_N322,1.0,1.0,0.0,True,True,False,False,True
S1A_IW_GRDH_1SDV_20150528T215042_20150528T215107_006127_007F2E_2970,ZJ-SMB,2015,DESCENDING,105,ZJ_U51_10K_E037_N322,1.0,1.0,0.0,True,True,False,False,True
S1A_IW_GRDH_1SDV_20150528T215042_20150528T215107_006127_007F2E_2970,ZJ-SMB,2015,DESCENDING,105,ZJ_U51_10K_E038_N322,1.0,1.0,0.0,True,True,False,False,True
S1A_IW_GRDH_1SDV_20150528T215042_20150528T215107_006127_007F2E_2970,ZJ-SMB,2015,DESCENDING,105,ZJ_U51_10K_E039_N322,1.0,1.0,0.0,True,True,False,False,True
S1A_IW_GRDH_1SDV_20150528T215042_20150528T215107_006127_007F2E_2970,ZJ-SMB,2015,DESCENDING,105,ZJ_U51_10K_E034_N323,1.0,1.0,0.0,True,True,False,False,True
S1A_IW_GRDH_1SDV_20150528T215042_20150528T215107_006127_007F2E_2970,ZJ-SMB,2015,DESCENDING,105,ZJ_U51_10K_E035_N323,1.0,1.0,0.0,True,True,False,False,True
S1A_IW_GRDH_1SDV_20150528T215042_20150528T215107_006127_007F2E_2970,ZJ-SMB,2015,DESCENDING,105,ZJ_U51_10K_E036_N323,1.0,1.0,0.0,True,True,False,False,True
S1A_IW_GRDH_1SDV_20150528T215042_20150528T215107_006127_007F2E_2970,ZJ-SMB,2015,DESCENDING,105,ZJ_U51_10K_E037_N323,1.0,1.0,0.0,True,True,False,False,True
S1A_IW_GRDH_1SDV_20150528T215042_20150528T215107_006127_007F2E_2970,ZJ-SMB,2015,DESCENDING,105,ZJ_U51_10K_E038_N323,1.0,1.0,0.0,True,True,False,False,True
S1A_IW_GRDH_1SDV_20150528T215042_20150528T215107_006127_007F2E_2970,ZJ-SMB,2015,DESCENDING,105,ZJ_U51_10K_E039_N323,1.0,1.0,0.0,True,True,False,False,True
S1A_IW_GRDH_1SDV_20150528T215042_20150528T215107_006127_007F2E_2970,ZJ-SMB,2015,DESCENDING,105,ZJ_U51_10K_E034_N324,1.0,1.0,0.0,True,True,False,False,True
S1A_IW_GRDH_1SDV_20150528T215042_20150528T215107_006127_007F2E_2970,ZJ-SMB,2015,DESCENDING,105,ZJ_U51_10K_E035_N324,1.0,1.0,0.0,True,True,False,False,True
S1A_IW_GRDH_1SDV_20150528T215042_20150528T215107_006127_007F2E_2970,ZJ-SMB,2015,DESCENDING,105,ZJ_U51_10K_E036_N324,1.0,1.0,0.0,True,True,False,False,True
S1A_IW_GRDH_1SDV_20150528T215042_20150528T215107_006127_007F2E_2970,ZJ-SMB,2015,DESCENDING,105,ZJ_U51_10K_E037_N324,1.0,1.0,0.0,True,True,False,False,True
S1A_IW_GRDH_1SDV_20150528T215042_20150528T215107_006127_007F2E_2970,ZJ-SMB,2015,DESCENDING,105,ZJ_U51_10K_E034_N325,1.0,1.0,0.0,True,True,False,False,True
S1A_IW_GRDH_1SDV_20150528T215042_20150528T215107_006127_007F2E_2970,ZJ-SMB,2015,DESCENDING,105,ZJ_U51_10K_E035_N325,0.918514,1.0,0.081486,False,True,True,False,True
S1A_IW_GRDH_1SDV_20180110T100148_20180110T100213_020091_022400_8A49,ZJ-YQB,2018,ASCENDING,69,ZJ_U51_10K_E029_N309,0.917146,1.0,0.082854,False,True,True,False,True
S1A_IW_GRDH_1SDV_20180110T100148_20180110T100213_020091_022400_8A49,ZJ-YQB,2018,ASCENDING,69,ZJ_U51_10K_E030_N309,0.999979,1.0,2.1e-05,True,True,False,False,True
S1A_IW_GRDH_1SDV_20180110T100148_20180110T100213_020091_022400_8A49,ZJ-YQB,2018,ASCENDING,69,ZJ_U51_10K_E031_N309,1.0,1.0,0.0,True,True,False,False,True
S1A_IW_GRDH_1SDV_20180110T100148_20180110T100213_020091_022400_8A49,ZJ-YQB,2018,ASCENDING,69,ZJ_U51_10K_E029_N310,0.0,0.106686,0.106686,False,False,False,False,True
S1A_IW_GRDH_1SDV_20180110T100148_20180110T100213_020091_022400_8A49,ZJ-YQB,2018,ASCENDING,69,ZJ_U51_10K_E030_N310,0.077646,0.267078,0.189432,False,False,False,False,True
S1A_IW_GRDH_1SDV_20180110T100148_20180110T100213_020091_022400_8A49,ZJ-YQB,2018,ASCENDING,69,ZJ_U51_10K_E031_N310,0.238068,0.427455,0.189387,False,False,False,False,True
S1A_IW_GRDH_1SDV_20180110T100148_20180110T100213_020091_022400_8A49,ZJ-YQB,2018,ASCENDING,69,ZJ_U51_10K_E032_N310,0.39851,0.587832,0.189323,False,False,False,False,True
S1A_IW_GRDH_1SDV_20180117T095342_20180117T095411_020193_022732_E5B5,ZJ-YQB,2018,ASCENDING,171,ZJ_U51_10K_E031_N309,0.428515,0.424274,0.004241,False,False,False,False,True
S1A_IW_GRDH_1SDV_20180117T095342_20180117T095411_020193_022732_E5B5,ZJ-YQB,2018,ASCENDING,171,ZJ_U51_10K_E031_N310,0.607745,0.603381,0.004364,False,False,False,False,True
S1A_IW_GRDH_1SDV_20180117T095342_20180117T095411_020193_022732_E5B5,ZJ-YQB,2018,ASCENDING,171,ZJ_U51_10K_E032_N310,1.0,1.0,0.0,True,True,False,False,True
S1A_IW_GRDH_1SDV_20180117T095342_20180117T095411_020193_022732_E5B5,ZJ-YQB,2018,ASCENDING,171,ZJ_U51_10K_E031_N311,0.786524,0.782228,0.004295,False,False,False,False,True
S1A_IW_GRDH_1SDV_20180117T095342_20180117T095411_020193_022732_E5B5,ZJ-YQB,2018,ASCENDING,171,ZJ_U51_10K_E032_N311,1.0,1.0,0.0,True,True,False,False,True
S1A_IW_GRDH_1SDV_20180117T095342_20180117T095411_020193_022732_E5B5,ZJ-YQB,2018,ASCENDING,171,ZJ_U51_10K_E030_N312,0.008284,0.006608,0.001676,False,False,False,False,True
S1A_IW_GRDH_1SDV_20180117T095342_20180117T095411_020193_022732_E5B5,ZJ-YQB,2018,ASCENDING,171,ZJ_U51_10K_E031_N312,0.95682,0.953191,0.003629,False,False,False,False,True
S1A_IW_GRDH_1SDV_20180117T095342_20180117T095411_020193_022732_E5B5,ZJ-YQB,2018,ASCENDING,171,ZJ_U51_10K_E032_N312,1.0,1.0,0.0,True,True,False,False,True
S1A_IW_GRDH_1SDV_20180117T095342_20180117T095411_020193_022732_E5B5,ZJ-YQB,2018,ASCENDING,171,ZJ_U51_10K_E031_N313,1.0,1.0,0.0,True,True,False,False,True
S1A_IW_GRDH_1SDV_20180117T095342_20180117T095411_020193_022732_E5B5,ZJ-YQB,2018,ASCENDING,171,ZJ_U51_10K_E032_N313,1.0,1.0,0.0,True,True,False,False,True
S1A_IW_GRDH_1SDV_20180117T095342_20180117T095411_020193_022732_E5B5,ZJ-YQB,2018,ASCENDING,171,ZJ_U51_10K_E032_N314,0.625746,1.0,0.374254,False,True,True,False,True
S1A_IW_GRDH_1SDV_20241031T215153_20241031T215222_056352_06E739_851D,ZJ-YQB,2024,DESCENDING,105,ZJ_U51_10K_E029_N309,1.0,0.0,1.0,True,False,False,True,True
S1A_IW_GRDH_1SDV_20241031T215153_20241031T215222_056352_06E739_851D,ZJ-YQB,2024,DESCENDING,105,ZJ_U51_10K_E030_N309,1.0,0.0,1.0,True,False,False,True,True
S1A_IW_GRDH_1SDV_20241031T215153_20241031T215222_056352_06E739_851D,ZJ-YQB,2024,DESCENDING,105,ZJ_U51_10K_E031_N309,1.0,0.0,1.0,True,False,False,True,True
S1A_IW_GRDH_1SDV_20241031T215153_20241031T215222_056352_06E739_851D,ZJ-YQB,2024,DESCENDING,105,ZJ_U51_10K_E029_N310,1.0,0.0,1.0,True,False,False,True,True
S1A_IW_GRDH_1SDV_20241031T215153_20241031T215222_056352_06E739_851D,ZJ-YQB,2024,DESCENDING,105,ZJ_U51_10K_E030_N310,1.0,0.0,1.0,True,False,False,True,True
S1A_IW_GRDH_1SDV_20241031T215153_20241031T215222_056352_06E739_851D,ZJ-YQB,2024,DESCENDING,105,ZJ_U51_10K_E031_N310,1.0,0.0,1.0,True,False,False,True,True
S1A_IW_GRDH_1SDV_20241031T215153_20241031T215222_056352_06E739_851D,ZJ-YQB,2024,DESCENDING,105,ZJ_U51_10K_E032_N310,1.0,0.0,1.0,True,False,False,True,True
S1A_IW_GRDH_1SDV_20241031T215153_20241031T215222_056352_06E739_851D,ZJ-YQB,2024,DESCENDING,105,ZJ_U51_10K_E030_N311,0.78195,0.0,0.78195,False,False,False,False,True
S1A_IW_GRDH_1SDV_20241031T215153_20241031T215222_056352_06E739_851D,ZJ-YQB,2024,DESCENDING,105,ZJ_U51_10K_E031_N311,0.674669,0.0,0.674669,False,False,False,False,True
S1A_IW_GRDH_1SDV_20241031T215153_20241031T215222_056352_06E739_851D,ZJ-YQB,2024,DESCENDING,105,ZJ_U51_10K_E032_N311,0.566195,0.0,0.566195,False,False,False,False,True
S1A_IW_GRDH_1SDV_20241031T215153_20241031T215222_056352_06E739_851D,ZJ-YQB,2024,DESCENDING,105,ZJ_U51_10K_E031_N313,0.0,0.042989,0.042989,False,False,False,False,True
S1A_IW_GRDH_1SDV_20241031T215153_20241031T215222_056352_06E739_851D,ZJ-YQB,2024,DESCENDING,105,ZJ_U51_10K_E032_N313,0.0,0.225514,0.225514,False,False,False,False,True
S1A_IW_GRDH_1SDV_20241031T215153_20241031T215222_056352_06E739_851D,ZJ-YQB,2024,DESCENDING,105,ZJ_U51_10K_E032_N314,0.0,1.0,1.0,False,True,True,False,True
S1A_IW_GRDH_1SDV_20180110T100238_20180110T100303_020091_022400_B4F7,ZJ-HZB,2018,ASCENDING,69,ZJ_U51_10K_E031_N334,1.0,0.0,1.0,True,False,False,True,True
S1A_IW_GRDH_1SDV_20180110T100238_20180110T100303_020091_022400_B4F7,ZJ-HZB,2018,ASCENDING,69,ZJ_U51_10K_E032_N334,1.0,0.0,1.0,True,False,False,True,True
S1A_IW_GRDH_1SDV_20180110T100238_20180110T100303_020091_022400_B4F7,ZJ-HZB,2018,ASCENDING,69,ZJ_U51_10K_E033_N334,0.203873,0.0,0.203873,False,False,False,False,True
S1A_IW_GRDH_1SDV_20180110T100238_20180110T100303_020091_022400_B4F7,ZJ-HZB,2018,ASCENDING,69,ZJ_U51_10K_E029_N335,1.0,0.0,1.0,True,False,False,True,True
S1A_IW_GRDH_1SDV_20180110T100238_20180110T100303_020091_022400_B4F7,ZJ-HZB,2018,ASCENDING,69,ZJ_U51_10K_E030_N335,1.0,0.0,1.0,True,False,False,True,True
S1A_IW_GRDH_1SDV_20180110T100238_20180110T100303_020091_022400_B4F7,ZJ-HZB,2018,ASCENDING,69,ZJ_U51_10K_E031_N335,1.0,0.0,1.0,True,False,False,True,True
S1A_IW_GRDH_1SDV_20180110T100238_20180110T100303_020091_022400_B4F7,ZJ-HZB,2018,ASCENDING,69,ZJ_U51_10K_E032_N335,0.995636,0.0,0.995636,True,False,False,True,True
S1A_IW_GRDH_1SDV_20180110T100238_20180110T100303_020091_022400_B4F7,ZJ-HZB,2018,ASCENDING,69,ZJ_U51_10K_E033_N335,0.047338,0.0,0.047338,False,False,False,False,True
S1A_IW_GRDH_1SDV_20180110T100238_20180110T100303_020091_022400_B4F7,ZJ-HZB,2018,ASCENDING,69,ZJ_U51_10K_E029_N336,1.0,0.0,1.0,True,False,False,True,True
S1A_IW_GRDH_1SDV_20180110T100238_20180110T100303_020091_022400_B4F7,ZJ-HZB,2018,ASCENDING,69,ZJ_U51_10K_E030_N336,1.0,0.0,1.0,True,False,False,True,True
S1A_IW_GRDH_1SDV_20180110T100238_20180110T100303_020091_022400_B4F7,ZJ-HZB,2018,ASCENDING,69,ZJ_U51_10K_E031_N336,1.0,0.0,1.0,True,False,False,True,True
S1A_IW_GRDH_1SDV_20180110T100238_20180110T100303_020091_022400_B4F7,ZJ-HZB,2018,ASCENDING,69,ZJ_U51_10K_E032_N336,0.882122,0.0,0.882122,False,False,False,False,True
S1A_IW_GRDH_1SDV_20180110T100238_20180110T100303_020091_022400_B4F7,ZJ-HZB,2018,ASCENDING,69,ZJ_U51_10K_E031_N337,1.0,0.0,1.0,True,False,False,True,True
S1A_IW_GRDH_1SDV_20180110T100238_20180110T100303_020091_022400_B4F7,ZJ-HZB,2018,ASCENDING,69,ZJ_U51_10K_E032_N337,0.721548,0.0,0.721548,False,False,False,False,True
S1A_IW_GRDH_1SDV_20180110T100238_20180110T100303_020091_022400_B4F7,ZJ-HZB,2018,ASCENDING,69,ZJ_U51_10K_E032_N338,0.561021,0.0,0.561021,False,False,False,False,True
S1B_IW_GRDH_1SDV_20200101T095402_20200101T095427_019622_02515C_CBF1,ZJ-HZB,2020,ASCENDING,171,ZJ_U51_10K_E037_N331,1.0,0.0,1.0,True,False,False,True,True
S1B_IW_GRDH_1SDV_20200101T095402_20200101T095427_019622_02515C_CBF1,ZJ-HZB,2020,ASCENDING,171,ZJ_U51_10K_E035_N332,1.0,0.0,1.0,True,False,False,True,True
S1B_IW_GRDH_1SDV_20200101T095402_20200101T095427_019622_02515C_CBF1,ZJ-HZB,2020,ASCENDING,171,ZJ_U51_10K_E036_N332,1.0,0.0,1.0,True,False,False,True,True
S1B_IW_GRDH_1SDV_20200101T095402_20200101T095427_019622_02515C_CBF1,ZJ-HZB,2020,ASCENDING,171,ZJ_U51_10K_E037_N332,1.0,0.0,1.0,True,False,False,True,True
S1B_IW_GRDH_1SDV_20200101T095402_20200101T095427_019622_02515C_CBF1,ZJ-HZB,2020,ASCENDING,171,ZJ_U51_10K_E038_N332,1.0,0.0,1.0,True,False,False,True,True
S1B_IW_GRDH_1SDV_20200101T095402_20200101T095427_019622_02515C_CBF1,ZJ-HZB,2020,ASCENDING,171,ZJ_U51_10K_E034_N333,1.0,0.0,1.0,True,False,False,True,True
S1B_IW_GRDH_1SDV_20200101T095402_20200101T095427_019622_02515C_CBF1,ZJ-HZB,2020,ASCENDING,171,ZJ_U51_10K_E035_N333,1.0,0.0,1.0,True,False,False,True,True
S1B_IW_GRDH_1SDV_20200101T095402_20200101T095427_019622_02515C_CBF1,ZJ-HZB,2020,ASCENDING,171,ZJ_U51_10K_E036_N333,1.0,0.0,1.0,True,False,False,True,True
S1B_IW_GRDH_1SDV_20200101T095402_20200101T095427_019622_02515C_CBF1,ZJ-HZB,2020,ASCENDING,171,ZJ_U51_10K_E037_N333,1.0,0.0,1.0,True,False,False,True,True
S1B_IW_GRDH_1SDV_20200101T095402_20200101T095427_019622_02515C_CBF1,ZJ-HZB,2020,ASCENDING,171,ZJ_U51_10K_E038_N333,1.0,0.0,1.0,True,False,False,True,True
S1B_IW_GRDH_1SDV_20200101T095402_20200101T095427_019622_02515C_CBF1,ZJ-HZB,2020,ASCENDING,171,ZJ_U51_10K_E031_N334,1.0,0.0,1.0,True,False,False,True,True
S1B_IW_GRDH_1SDV_20200101T095402_20200101T095427_019622_02515C_CBF1,ZJ-HZB,2020,ASCENDING,171,ZJ_U51_10K_E032_N334,1.0,0.0,1.0,True,False,False,True,True
S1B_IW_GRDH_1SDV_20200101T095402_20200101T095427_019622_02515C_CBF1,ZJ-HZB,2020,ASCENDING,171,ZJ_U51_10K_E033_N334,1.0,0.0,1.0,True,False,False,True,True
S1B_IW_GRDH_1SDV_20200101T095402_20200101T095427_019622_02515C_CBF1,ZJ-HZB,2020,ASCENDING,171,ZJ_U51_10K_E034_N334,1.0,0.0,1.0,True,False,False,True,True
S1B_IW_GRDH_1SDV_20200101T095402_20200101T095427_019622_02515C_CBF1,ZJ-HZB,2020,ASCENDING,171,ZJ_U51_10K_E035_N334,1.0,0.0,1.0,True,False,False,True,True
S1B_IW_GRDH_1SDV_20200101T095402_20200101T095427_019622_02515C_CBF1,ZJ-HZB,2020,ASCENDING,171,ZJ_U51_10K_E036_N334,1.0,0.0,1.0,True,False,False,True,True
S1B_IW_GRDH_1SDV_20200101T095402_20200101T095427_019622_02515C_CBF1,ZJ-HZB,2020,ASCENDING,171,ZJ_U51_10K_E037_N334,1.0,0.0,1.0,True,False,False,True,True
S1B_IW_GRDH_1SDV_20200101T095402_20200101T095427_019622_02515C_CBF1,ZJ-HZB,2020,ASCENDING,171,ZJ_U51_10K_E038_N334,1.0,0.0,1.0,True,False,False,True,True
S1B_IW_GRDH_1SDV_20200101T095402_20200101T095427_019622_02515C_CBF1,ZJ-HZB,2020,ASCENDING,171,ZJ_U51_10K_E029_N335,1.0,0.0,1.0,True,False,False,True,True
S1B_IW_GRDH_1SDV_20200101T095402_20200101T095427_019622_02515C_CBF1,ZJ-HZB,2020,ASCENDING,171,ZJ_U51_10K_E030_N335,1.0,0.0,1.0,True,False,False,True,True
S1B_IW_GRDH_1SDV_20200101T095402_20200101T095427_019622_02515C_CBF1,ZJ-HZB,2020,ASCENDING,171,ZJ_U51_10K_E031_N335,1.0,0.0,1.0,True,False,False,True,True
S1B_IW_GRDH_1SDV_20200101T095402_20200101T095427_019622_02515C_CBF1,ZJ-HZB,2020,ASCENDING,171,ZJ_U51_10K_E032_N335,1.0,0.0,1.0,True,False,False,True,True
S1B_IW_GRDH_1SDV_20200101T095402_20200101T095427_019622_02515C_CBF1,ZJ-HZB,2020,ASCENDING,171,ZJ_U51_10K_E033_N335,1.0,0.0,1.0,True,False,False,True,True
S1B_IW_GRDH_1SDV_20200101T095402_20200101T095427_019622_02515C_CBF1,ZJ-HZB,2020,ASCENDING,171,ZJ_U51_10K_E034_N335,1.0,0.0,1.0,True,False,False,True,True
S1B_IW_GRDH_1SDV_20200101T095402_20200101T095427_019622_02515C_CBF1,ZJ-HZB,2020,ASCENDING,171,ZJ_U51_10K_E035_N335,1.0,0.0,1.0,True,False,False,True,True
S1B_IW_GRDH_1SDV_20200101T095402_20200101T095427_019622_02515C_CBF1,ZJ-HZB,2020,ASCENDING,171,ZJ_U51_10K_E036_N335,1.0,0.0,1.0,True,False,False,True,True
S1B_IW_GRDH_1SDV_20200101T095402_20200101T095427_019622_02515C_CBF1,ZJ-HZB,2020,ASCENDING,171,ZJ_U51_10K_E037_N335,1.0,0.0,1.0,True,False,False,True,True
S1B_IW_GRDH_1SDV_20200101T095402_20200101T095427_019622_02515C_CBF1,ZJ-HZB,2020,ASCENDING,171,ZJ_U51_10K_E038_N335,1.0,0.0,1.0,True,False,False,True,True
S1B_IW_GRDH_1SDV_20200101T095402_20200101T095427_019622_02515C_CBF1,ZJ-HZB,2020,ASCENDING,171,ZJ_U51_10K_E029_N336,1.0,0.0,1.0,True,False,False,True,True
S1B_IW_GRDH_1SDV_20200101T095402_20200101T095427_019622_02515C_CBF1,ZJ-HZB,2020,ASCENDING,171,ZJ_U51_10K_E030_N336,1.0,0.0,1.0,True,False,False,True,True
S1B_IW_GRDH_1SDV_20200101T095402_20200101T095427_019622_02515C_CBF1,ZJ-HZB,2020,ASCENDING,171,ZJ_U51_10K_E031_N336,1.0,0.0,1.0,True,False,False,True,True
S1B_IW_GRDH_1SDV_20200101T095402_20200101T095427_019622_02515C_CBF1,ZJ-HZB,2020,ASCENDING,171,ZJ_U51_10K_E032_N336,1.0,0.0,1.0,True,False,False,True,True
S1B_IW_GRDH_1SDV_20200101T095402_20200101T095427_019622_02515C_CBF1,ZJ-HZB,2020,ASCENDING,171,ZJ_U51_10K_E033_N336,1.0,0.0,1.0,True,False,False,True,True
S1B_IW_GRDH_1SDV_20200101T095402_20200101T095427_019622_02515C_CBF1,ZJ-HZB,2020,ASCENDING,171,ZJ_U51_10K_E034_N336,1.0,0.0,1.0,True,False,False,True,True
S1B_IW_GRDH_1SDV_20200101T095402_20200101T095427_019622_02515C_CBF1,ZJ-HZB,2020,ASCENDING,171,ZJ_U51_10K_E035_N336,1.0,0.0,1.0,True,False,False,True,True
S1B_IW_GRDH_1SDV_20200101T095402_20200101T095427_019622_02515C_CBF1,ZJ-HZB,2020,ASCENDING,171,ZJ_U51_10K_E036_N336,1.0,0.0,1.0,True,False,False,True,True
S1B_IW_GRDH_1SDV_20200101T095402_20200101T095427_019622_02515C_CBF1,ZJ-HZB,2020,ASCENDING,171,ZJ_U51_10K_E037_N336,1.0,0.0,1.0,True,False,False,True,True
S1B_IW_GRDH_1SDV_20200101T095402_20200101T095427_019622_02515C_CBF1,ZJ-HZB,2020,ASCENDING,171,ZJ_U51_10K_E038_N336,1.0,0.0,1.0,True,False,False,True,True
S1B_IW_GRDH_1SDV_20200101T095402_20200101T095427_019622_02515C_CBF1,ZJ-HZB,2020,ASCENDING,171,ZJ_U51_10K_E031_N337,1.0,0.0,1.0,True,False,False,True,True
S1B_IW_GRDH_1SDV_20200101T095402_20200101T095427_019622_02515C_CBF1,ZJ-HZB,2020,ASCENDING,171,ZJ_U51_10K_E032_N337,1.0,0.0,1.0,True,False,False,True,True
S1B_IW_GRDH_1SDV_20200101T095402_20200101T095427_019622_02515C_CBF1,ZJ-HZB,2020,ASCENDING,171,ZJ_U51_10K_E033_N337,1.0,0.0,1.0,True,False,False,True,True
S1B_IW_GRDH_1SDV_20200101T095402_20200101T095427_019622_02515C_CBF1,ZJ-HZB,2020,ASCENDING,171,ZJ_U51_10K_E034_N337,1.0,0.0,1.0,True,False,False,True,True
S1B_IW_GRDH_1SDV_20200101T095402_20200101T095427_019622_02515C_CBF1,ZJ-HZB,2020,ASCENDING,171,ZJ_U51_10K_E035_N337,1.0,0.0,1.0,True,False,False,True,True
S1B_IW_GRDH_1SDV_20200101T095402_20200101T095427_019622_02515C_CBF1,ZJ-HZB,2020,ASCENDING,171,ZJ_U51_10K_E036_N337,1.0,0.0,1.0,True,False,False,True,True
S1B_IW_GRDH_1SDV_20200101T095402_20200101T095427_019622_02515C_CBF1,ZJ-HZB,2020,ASCENDING,171,ZJ_U51_10K_E037_N337,1.0,0.0,1.0,True,False,False,True,True
S1B_IW_GRDH_1SDV_20200101T095402_20200101T095427_019622_02515C_CBF1,ZJ-HZB,2020,ASCENDING,171,ZJ_U51_10K_E038_N337,1.0,0.0,1.0,True,False,False,True,True
S1B_IW_GRDH_1SDV_20200101T095402_20200101T095427_019622_02515C_CBF1,ZJ-HZB,2020,ASCENDING,171,ZJ_U51_10K_E032_N338,1.0,0.0,1.0,True,False,False,True,True
S1B_IW_GRDH_1SDV_20200101T095402_20200101T095427_019622_02515C_CBF1,ZJ-HZB,2020,ASCENDING,171,ZJ_U51_10K_E033_N338,1.0,0.0,1.0,True,False,False,True,True
S1B_IW_GRDH_1SDV_20200101T095402_20200101T095427_019622_02515C_CBF1,ZJ-HZB,2020,ASCENDING,171,ZJ_U51_10K_E034_N338,1.0,0.0,1.0,True,False,False,True,True
S1B_IW_GRDH_1SDV_20200101T095402_20200101T095427_019622_02515C_CBF1,ZJ-HZB,2020,ASCENDING,171,ZJ_U51_10K_E035_N338,1.0,0.0,1.0,True,False,False,True,True
S1B_IW_GRDH_1SDV_20200101T095402_20200101T095427_019622_02515C_CBF1,ZJ-HZB,2020,ASCENDING,171,ZJ_U51_10K_E036_N338,1.0,0.0,1.0,True,False,False,True,True
S1B_IW_GRDH_1SDV_20200101T095402_20200101T095427_019622_02515C_CBF1,ZJ-HZB,2020,ASCENDING,171,ZJ_U51_10K_E037_N338,1.0,0.0,1.0,True,False,False,True,True
S1B_IW_GRDH_1SDV_20200101T095402_20200101T095427_019622_02515C_CBF1,ZJ-HZB,2020,ASCENDING,171,ZJ_U51_10K_E038_N338,1.0,0.0,1.0,True,False,False,True,True
S1B_IW_GRDH_1SDV_20200101T095402_20200101T095427_019622_02515C_CBF1,ZJ-HZB,2020,ASCENDING,171,ZJ_U51_10K_E039_N338,1.0,0.0,1.0,True,False,False,True,True
S1B_IW_GRDH_1SDV_20200101T095402_20200101T095427_019622_02515C_CBF1,ZJ-HZB,2020,ASCENDING,171,ZJ_U51_10K_E034_N339,1.0,0.0,1.0,True,False,False,True,True
S1B_IW_GRDH_1SDV_20200101T095402_20200101T095427_019622_02515C_CBF1,ZJ-HZB,2020,ASCENDING,171,ZJ_U51_10K_E035_N339,1.0,0.0,1.0,True,False,False,True,True
S1B_IW_GRDH_1SDV_20200101T095402_20200101T095427_019622_02515C_CBF1,ZJ-HZB,2020,ASCENDING,171,ZJ_U51_10K_E036_N339,1.0,0.0,1.0,True,False,False,True,True
S1B_IW_GRDH_1SDV_20200101T095402_20200101T095427_019622_02515C_CBF1,ZJ-HZB,2020,ASCENDING,171,ZJ_U51_10K_E037_N339,1.0,0.0,1.0,True,False,False,True,True
S1B_IW_GRDH_1SDV_20200101T095402_20200101T095427_019622_02515C_CBF1,ZJ-HZB,2020,ASCENDING,171,ZJ_U51_10K_E038_N339,1.0,0.0,1.0,True,False,False,True,True
S1B_IW_GRDH_1SDV_20200101T095402_20200101T095427_019622_02515C_CBF1,ZJ-HZB,2020,ASCENDING,171,ZJ_U51_10K_E039_N339,1.0,0.0,1.0,True,False,False,True,True
S1B_IW_GRDH_1SDV_20200101T095402_20200101T095427_019622_02515C_CBF1,ZJ-HZB,2020,ASCENDING,171,ZJ_U51_10K_E036_N340,1.0,0.0,1.0,True,False,False,True,True
S1B_IW_GRDH_1SDV_20200101T095402_20200101T095427_019622_02515C_CBF1,ZJ-HZB,2020,ASCENDING,171,ZJ_U51_10K_E037_N340,1.0,0.0,1.0,True,False,False,True,True
S1B_IW_GRDH_1SDV_20200101T095402_20200101T095427_019622_02515C_CBF1,ZJ-HZB,2020,ASCENDING,171,ZJ_U51_10K_E038_N340,1.0,0.0,1.0,True,False,False,True,True
S1B_IW_GRDH_1SDV_20200101T095402_20200101T095427_019622_02515C_CBF1,ZJ-HZB,2020,ASCENDING,171,ZJ_U51_10K_E039_N340,1.0,0.0,1.0,True,False,False,True,True
S1B_IW_GRDH_1SDV_20200101T095402_20200101T095427_019622_02515C_CBF1,ZJ-HZB,2020,ASCENDING,171,ZJ_U51_10K_E037_N341,1.0,0.0,1.0,True,False,False,True,True
S1B_IW_GRDH_1SDV_20200101T095402_20200101T095427_019622_02515C_CBF1,ZJ-HZB,2020,ASCENDING,171,ZJ_U51_10K_E038_N341,1.0,0.0,1.0,True,False,False,True,True
S1B_IW_GRDH_1SDV_20200101T095402_20200101T095427_019622_02515C_CBF1,ZJ-HZB,2020,ASCENDING,171,ZJ_U51_10K_E039_N341,1.0,0.0,1.0,True,False,False,True,True
S1A_IW_GRDH_1SDV_20210724T215848_20210724T215913_038925_0497CE_08BB,ZJ-HZB,2021,DESCENDING,3,ZJ_U51_10K_E034_N333,0.0,0.323659,0.323659,False,False,False,False,True
S1A_IW_GRDH_1SDV_20210724T215848_20210724T215913_038925_0497CE_08BB,ZJ-HZB,2021,DESCENDING,3,ZJ_U51_10K_E031_N334,0.0,1.0,1.0,False,True,True,False,True
S1A_IW_GRDH_1SDV_20210724T215848_20210724T215913_038925_0497CE_08BB,ZJ-HZB,2021,DESCENDING,3,ZJ_U51_10K_E032_N334,0.0,1.0,1.0,False,True,True,False,True
S1A_IW_GRDH_1SDV_20210724T215848_20210724T215913_038925_0497CE_08BB,ZJ-HZB,2021,DESCENDING,3,ZJ_U51_10K_E033_N334,0.0,1.0,1.0,False,True,True,False,True
S1A_IW_GRDH_1SDV_20210724T215848_20210724T215913_038925_0497CE_08BB,ZJ-HZB,2021,DESCENDING,3,ZJ_U51_10K_E034_N334,0.0,0.553967,0.553967,False,False,False,False,True
S1A_IW_GRDH_1SDV_20210724T215848_20210724T215913_038925_0497CE_08BB,ZJ-HZB,2021,DESCENDING,3,ZJ_U51_10K_E029_N335,0.0,1.0,1.0,False,True,True,False,True
S1A_IW_GRDH_1SDV_20210724T215848_20210724T215913_038925_0497CE_08BB,ZJ-HZB,2021,DESCENDING,3,ZJ_U51_10K_E030_N335,0.0,1.0,1.0,False,True,True,False,True
S1A_IW_GRDH_1SDV_20210724T215848_20210724T215913_038925_0497CE_08BB,ZJ-HZB,2021,DESCENDING,3,ZJ_U51_10K_E031_N335,0.0,1.0,1.0,False,True,True,False,True
S1A_IW_GRDH_1SDV_20210724T215848_20210724T215913_038925_0497CE_08BB,ZJ-HZB,2021,DESCENDING,3,ZJ_U51_10K_E032_N335,0.0,1.0,1.0,False,True,True,False,True
S1A_IW_GRDH_1SDV_20210724T215848_20210724T215913_038925_0497CE_08BB,ZJ-HZB,2021,DESCENDING,3,ZJ_U51_10K_E033_N335,0.0,1.0,1.0,False,True,True,False,True
S1A_IW_GRDH_1SDV_20210724T215848_20210724T215913_038925_0497CE_08BB,ZJ-HZB,2021,DESCENDING,3,ZJ_U51_10K_E034_N335,0.0,0.765604,0.765604,False,False,False,False,True
S1A_IW_GRDH_1SDV_20210724T215848_20210724T215913_038925_0497CE_08BB,ZJ-HZB,2021,DESCENDING,3,ZJ_U51_10K_E029_N336,0.0,1.0,1.0,False,True,True,False,True
S1A_IW_GRDH_1SDV_20210724T215848_20210724T215913_038925_0497CE_08BB,ZJ-HZB,2021,DESCENDING,3,ZJ_U51_10K_E030_N336,0.0,1.0,1.0,False,True,True,False,True
S1A_IW_GRDH_1SDV_20210724T215848_20210724T215913_038925_0497CE_08BB,ZJ-HZB,2021,DESCENDING,3,ZJ_U51_10K_E031_N336,0.0,1.0,1.0,False,True,True,False,True
S1A_IW_GRDH_1SDV_20210724T215848_20210724T215913_038925_0497CE_08BB,ZJ-HZB,2021,DESCENDING,3,ZJ_U51_10K_E032_N336,0.0,1.0,1.0,False,True,True,False,True
S1A_IW_GRDH_1SDV_20210724T215848_20210724T215913_038925_0497CE_08BB,ZJ-HZB,2021,DESCENDING,3,ZJ_U51_10K_E033_N336,0.0,1.0,1.0,False,True,True,False,True
S1A_IW_GRDH_1SDV_20210724T215848_20210724T215913_038925_0497CE_08BB,ZJ-HZB,2021,DESCENDING,3,ZJ_U51_10K_E034_N336,0.0,0.960942,0.960942,False,False,False,False,True
S1A_IW_GRDH_1SDV_20210724T215848_20210724T215913_038925_0497CE_08BB,ZJ-HZB,2021,DESCENDING,3,ZJ_U51_10K_E035_N336,0.0,0.016298,0.016298,False,False,False,False,True
S1A_IW_GRDH_1SDV_20210724T215848_20210724T215913_038925_0497CE_08BB,ZJ-HZB,2021,DESCENDING,3,ZJ_U51_10K_E031_N337,0.0,1.0,1.0,False,True,True,False,True
S1A_IW_GRDH_1SDV_20210724T215848_20210724T215913_038925_0497CE_08BB,ZJ-HZB,2021,DESCENDING,3,ZJ_U51_10K_E032_N337,0.0,1.0,1.0,False,True,True,False,True
S1A_IW_GRDH_1SDV_20210724T215848_20210724T215913_038925_0497CE_08BB,ZJ-HZB,2021,DESCENDING,3,ZJ_U51_10K_E033_N337,0.0,1.0,1.0,False,True,True,False,True
S1A_IW_GRDH_1SDV_20210724T215848_20210724T215913_038925_0497CE_08BB,ZJ-HZB,2021,DESCENDING,3,ZJ_U51_10K_E034_N337,0.0,1.0,1.0,False,True,True,False,True
S1A_IW_GRDH_1SDV_20210724T215848_20210724T215913_038925_0497CE_08BB,ZJ-HZB,2021,DESCENDING,3,ZJ_U51_10K_E035_N337,0.0,0.188876,0.188876,False,False,False,False,True
S1A_IW_GRDH_1SDV_20210724T215848_20210724T215913_038925_0497CE_08BB,ZJ-HZB,2021,DESCENDING,3,ZJ_U51_10K_E032_N338,0.25308,1.0,0.74692,False,True,True,False,True
S1A_IW_GRDH_1SDV_20210724T215848_20210724T215913_038925_0497CE_08BB,ZJ-HZB,2021,DESCENDING,3,ZJ_U51_10K_E033_N338,0.45948,1.0,0.54052,False,True,True,False,True
S1A_IW_GRDH_1SDV_20210724T215848_20210724T215913_038925_0497CE_08BB,ZJ-HZB,2021,DESCENDING,3,ZJ_U51_10K_E034_N338,0.665879,1.0,0.334121,False,True,True,False,True
S1A_IW_GRDH_1SDV_20210724T215848_20210724T215913_038925_0497CE_08BB,ZJ-HZB,2021,DESCENDING,3,ZJ_U51_10K_E035_N338,0.288576,0.400513,0.111936,False,False,False,False,True
S1A_IW_GRDH_1SDV_20210724T215848_20210724T215913_038925_0497CE_08BB,ZJ-HZB,2021,DESCENDING,3,ZJ_U51_10K_E034_N339,1.0,1.0,0.0,True,True,False,False,True
S1A_IW_GRDH_1SDV_20210724T215848_20210724T215913_038925_0497CE_08BB,ZJ-HZB,2021,DESCENDING,3,ZJ_U51_10K_E035_N339,0.549229,0.612149,0.06292,False,False,False,False,True
S1A_IW_GRDH_1SDV_20150609T215018_20150609T215043_006302_008458_F19A,ZJ-HZB,2015,DESCENDING,105,ZJ_U51_10K_E037_N331,1.0,1.0,0.0,True,True,False,False,True
S1A_IW_GRDH_1SDV_20150609T215018_20150609T215043_006302_008458_F19A,ZJ-HZB,2015,DESCENDING,105,ZJ_U51_10K_E035_N332,1.0,1.0,0.0,True,True,False,False,True
S1A_IW_GRDH_1SDV_20150609T215018_20150609T215043_006302_008458_F19A,ZJ-HZB,2015,DESCENDING,105,ZJ_U51_10K_E036_N332,1.0,1.0,0.0,True,True,False,False,True
S1A_IW_GRDH_1SDV_20150609T215018_20150609T215043_006302_008458_F19A,ZJ-HZB,2015,DESCENDING,105,ZJ_U51_10K_E037_N332,1.0,1.0,0.0,True,True,False,False,True
S1A_IW_GRDH_1SDV_20150609T215018_20150609T215043_006302_008458_F19A,ZJ-HZB,2015,DESCENDING,105,ZJ_U51_10K_E038_N332,1.0,1.0,0.0,True,True,False,False,True
S1A_IW_GRDH_1SDV_20150609T215018_20150609T215043_006302_008458_F19A,ZJ-HZB,2015,DESCENDING,105,ZJ_U51_10K_E034_N333,1.0,1.0,0.0,True,True,False,False,True
S1A_IW_GRDH_1SDV_20150609T215018_20150609T215043_006302_008458_F19A,ZJ-HZB,2015,DESCENDING,105,ZJ_U51_10K_E035_N333,1.0,1.0,0.0,True,True,False,False,True
S1A_IW_GRDH_1SDV_20150609T215018_20150609T215043_006302_008458_F19A,ZJ-HZB,2015,DESCENDING,105,ZJ_U51_10K_E036_N333,1.0,1.0,0.0,True,True,False,False,True
S1A_IW_GRDH_1SDV_20150609T215018_20150609T215043_006302_008458_F19A,ZJ-HZB,2015,DESCENDING,105,ZJ_U51_10K_E037_N333,1.0,1.0,0.0,True,True,False,False,True
S1A_IW_GRDH_1SDV_20150609T215018_20150609T215043_006302_008458_F19A,ZJ-HZB,2015,DESCENDING,105,ZJ_U51_10K_E038_N333,1.0,1.0,0.0,True,True,False,False,True
S1A_IW_GRDH_1SDV_20150609T215018_20150609T215043_006302_008458_F19A,ZJ-HZB,2015,DESCENDING,105,ZJ_U51_10K_E031_N334,1.0,1.0,0.0,True,True,False,False,True
S1A_IW_GRDH_1SDV_20150609T215018_20150609T215043_006302_008458_F19A,ZJ-HZB,2015,DESCENDING,105,ZJ_U51_10K_E032_N334,1.0,1.0,0.0,True,True,False,False,True
S1A_IW_GRDH_1SDV_20150609T215018_20150609T215043_006302_008458_F19A,ZJ-HZB,2015,DESCENDING,105,ZJ_U51_10K_E033_N334,1.0,1.0,0.0,True,True,False,False,True
S1A_IW_GRDH_1SDV_20150609T215018_20150609T215043_006302_008458_F19A,ZJ-HZB,2015,DESCENDING,105,ZJ_U51_10K_E034_N334,1.0,1.0,0.0,True,True,False,False,True
S1A_IW_GRDH_1SDV_20150609T215018_20150609T215043_006302_008458_F19A,ZJ-HZB,2015,DESCENDING,105,ZJ_U51_10K_E035_N334,1.0,1.0,0.0,True,True,False,False,True
S1A_IW_GRDH_1SDV_20150609T215018_20150609T215043_006302_008458_F19A,ZJ-HZB,2015,DESCENDING,105,ZJ_U51_10K_E036_N334,1.0,1.0,0.0,True,True,False,False,True
S1A_IW_GRDH_1SDV_20150609T215018_20150609T215043_006302_008458_F19A,ZJ-HZB,2015,DESCENDING,105,ZJ_U51_10K_E037_N334,1.0,1.0,0.0,True,True,False,False,True
S1A_IW_GRDH_1SDV_20150609T215018_20150609T215043_006302_008458_F19A,ZJ-HZB,2015,DESCENDING,105,ZJ_U51_10K_E038_N334,1.0,1.0,0.0,True,True,False,False,True
S1A_IW_GRDH_1SDV_20150609T215018_20150609T215043_006302_008458_F19A,ZJ-HZB,2015,DESCENDING,105,ZJ_U51_10K_E029_N335,1.0,1.0,0.0,True,True,False,False,True
S1A_IW_GRDH_1SDV_20150609T215018_20150609T215043_006302_008458_F19A,ZJ-HZB,2015,DESCENDING,105,ZJ_U51_10K_E030_N335,1.0,1.0,0.0,True,True,False,False,True
S1A_IW_GRDH_1SDV_20150609T215018_20150609T215043_006302_008458_F19A,ZJ-HZB,2015,DESCENDING,105,ZJ_U51_10K_E031_N335,1.0,1.0,0.0,True,True,False,False,True
S1A_IW_GRDH_1SDV_20150609T215018_20150609T215043_006302_008458_F19A,ZJ-HZB,2015,DESCENDING,105,ZJ_U51_10K_E032_N335,1.0,1.0,0.0,True,True,False,False,True
S1A_IW_GRDH_1SDV_20150609T215018_20150609T215043_006302_008458_F19A,ZJ-HZB,2015,DESCENDING,105,ZJ_U51_10K_E033_N335,1.0,1.0,0.0,True,True,False,False,True
S1A_IW_GRDH_1SDV_20150609T215018_20150609T215043_006302_008458_F19A,ZJ-HZB,2015,DESCENDING,105,ZJ_U51_10K_E034_N335,1.0,1.0,0.0,True,True,False,False,True
S1A_IW_GRDH_1SDV_20150609T215018_20150609T215043_006302_008458_F19A,ZJ-HZB,2015,DESCENDING,105,ZJ_U51_10K_E035_N335,1.0,1.0,0.0,True,True,False,False,True
S1A_IW_GRDH_1SDV_20150609T215018_20150609T215043_006302_008458_F19A,ZJ-HZB,2015,DESCENDING,105,ZJ_U51_10K_E036_N335,1.0,1.0,0.0,True,True,False,False,True
S1A_IW_GRDH_1SDV_20150609T215018_20150609T215043_006302_008458_F19A,ZJ-HZB,2015,DESCENDING,105,ZJ_U51_10K_E037_N335,1.0,1.0,0.0,True,True,False,False,True
S1A_IW_GRDH_1SDV_20150609T215018_20150609T215043_006302_008458_F19A,ZJ-HZB,2015,DESCENDING,105,ZJ_U51_10K_E038_N335,1.0,1.0,0.0,True,True,False,False,True
S1A_IW_GRDH_1SDV_20150609T215018_20150609T215043_006302_008458_F19A,ZJ-HZB,2015,DESCENDING,105,ZJ_U51_10K_E029_N336,0.942918,1.0,0.057082,False,True,True,False,True
S1A_IW_GRDH_1SDV_20150609T215018_20150609T215043_006302_008458_F19A,ZJ-HZB,2015,DESCENDING,105,ZJ_U51_10K_E030_N336,1.0,1.0,0.0,True,True,False,False,True
S1A_IW_GRDH_1SDV_20150609T215018_20150609T215043_006302_008458_F19A,ZJ-HZB,2015,DESCENDING,105,ZJ_U51_10K_E031_N336,1.0,1.0,0.0,True,True,False,False,True
S1A_IW_GRDH_1SDV_20150609T215018_20150609T215043_006302_008458_F19A,ZJ-HZB,2015,DESCENDING,105,ZJ_U51_10K_E032_N336,1.0,1.0,0.0,True,True,False,False,True
S1A_IW_GRDH_1SDV_20150609T215018_20150609T215043_006302_008458_F19A,ZJ-HZB,2015,DESCENDING,105,ZJ_U51_10K_E033_N336,1.0,1.0,0.0,True,True,False,False,True
S1A_IW_GRDH_1SDV_20150609T215018_20150609T215043_006302_008458_F19A,ZJ-HZB,2015,DESCENDING,105,ZJ_U51_10K_E034_N336,1.0,1.0,0.0,True,True,False,False,True
S1A_IW_GRDH_1SDV_20150609T215018_20150609T215043_006302_008458_F19A,ZJ-HZB,2015,DESCENDING,105,ZJ_U51_10K_E035_N336,1.0,1.0,0.0,True,True,False,False,True
S1A_IW_GRDH_1SDV_20150609T215018_20150609T215043_006302_008458_F19A,ZJ-HZB,2015,DESCENDING,105,ZJ_U51_10K_E036_N336,1.0,1.0,0.0,True,True,False,False,True
S1A_IW_GRDH_1SDV_20150609T215018_20150609T215043_006302_008458_F19A,ZJ-HZB,2015,DESCENDING,105,ZJ_U51_10K_E037_N336,1.0,1.0,0.0,True,True,False,False,True
S1A_IW_GRDH_1SDV_20150609T215018_20150609T215043_006302_008458_F19A,ZJ-HZB,2015,DESCENDING,105,ZJ_U51_10K_E038_N336,1.0,1.0,0.0,True,True,False,False,True
S1A_IW_GRDH_1SDV_20150609T215018_20150609T215043_006302_008458_F19A,ZJ-HZB,2015,DESCENDING,105,ZJ_U51_10K_E031_N337,1.0,1.0,0.0,True,True,False,False,True
S1A_IW_GRDH_1SDV_20150609T215018_20150609T215043_006302_008458_F19A,ZJ-HZB,2015,DESCENDING,105,ZJ_U51_10K_E032_N337,1.0,1.0,0.0,True,True,False,False,True
S1A_IW_GRDH_1SDV_20150609T215018_20150609T215043_006302_008458_F19A,ZJ-HZB,2015,DESCENDING,105,ZJ_U51_10K_E033_N337,1.0,1.0,0.0,True,True,False,False,True
S1A_IW_GRDH_1SDV_20150609T215018_20150609T215043_006302_008458_F19A,ZJ-HZB,2015,DESCENDING,105,ZJ_U51_10K_E034_N337,1.0,1.0,0.0,True,True,False,False,True
S1A_IW_GRDH_1SDV_20150609T215018_20150609T215043_006302_008458_F19A,ZJ-HZB,2015,DESCENDING,105,ZJ_U51_10K_E035_N337,1.0,1.0,0.0,True,True,False,False,True
S1A_IW_GRDH_1SDV_20150609T215018_20150609T215043_006302_008458_F19A,ZJ-HZB,2015,DESCENDING,105,ZJ_U51_10K_E036_N337,1.0,1.0,0.0,True,True,False,False,True
S1A_IW_GRDH_1SDV_20150609T215018_20150609T215043_006302_008458_F19A,ZJ-HZB,2015,DESCENDING,105,ZJ_U51_10K_E037_N337,1.0,1.0,0.0,True,True,False,False,True
S1A_IW_GRDH_1SDV_20150609T215018_20150609T215043_006302_008458_F19A,ZJ-HZB,2015,DESCENDING,105,ZJ_U51_10K_E038_N337,1.0,1.0,0.0,True,True,False,False,True
S1A_IW_GRDH_1SDV_20150609T215018_20150609T215043_006302_008458_F19A,ZJ-HZB,2015,DESCENDING,105,ZJ_U51_10K_E032_N338,1.0,1.0,0.0,True,True,False,False,True
S1A_IW_GRDH_1SDV_20150609T215018_20150609T215043_006302_008458_F19A,ZJ-HZB,2015,DESCENDING,105,ZJ_U51_10K_E033_N338,1.0,1.0,0.0,True,True,False,False,True
S1A_IW_GRDH_1SDV_20150609T215018_20150609T215043_006302_008458_F19A,ZJ-HZB,2015,DESCENDING,105,ZJ_U51_10K_E034_N338,1.0,1.0,0.0,True,True,False,False,True
S1A_IW_GRDH_1SDV_20150609T215018_20150609T215043_006302_008458_F19A,ZJ-HZB,2015,DESCENDING,105,ZJ_U51_10K_E035_N338,1.0,1.0,0.0,True,True,False,False,True
S1A_IW_GRDH_1SDV_20150609T215018_20150609T215043_006302_008458_F19A,ZJ-HZB,2015,DESCENDING,105,ZJ_U51_10K_E036_N338,1.0,1.0,0.0,True,True,False,False,True
S1A_IW_GRDH_1SDV_20150609T215018_20150609T215043_006302_008458_F19A,ZJ-HZB,2015,DESCENDING,105,ZJ_U51_10K_E037_N338,1.0,1.0,0.0,True,True,False,False,True
S1A_IW_GRDH_1SDV_20150609T215018_20150609T215043_006302_008458_F19A,ZJ-HZB,2015,DESCENDING,105,ZJ_U51_10K_E038_N338,1.0,1.0,0.0,True,True,False,False,True
S1A_IW_GRDH_1SDV_20150609T215018_20150609T215043_006302_008458_F19A,ZJ-HZB,2015,DESCENDING,105,ZJ_U51_10K_E039_N338,1.0,1.0,0.0,True,True,False,False,True
S1A_IW_GRDH_1SDV_20150609T215018_20150609T215043_006302_008458_F19A,ZJ-HZB,2015,DESCENDING,105,ZJ_U51_10K_E034_N339,1.0,1.0,0.0,True,True,False,False,True
S1A_IW_GRDH_1SDV_20150609T215018_20150609T215043_006302_008458_F19A,ZJ-HZB,2015,DESCENDING,105,ZJ_U51_10K_E035_N339,1.0,1.0,0.0,True,True,False,False,True
S1A_IW_GRDH_1SDV_20150609T215018_20150609T215043_006302_008458_F19A,ZJ-HZB,2015,DESCENDING,105,ZJ_U51_10K_E036_N339,1.0,1.0,0.0,True,True,False,False,True
S1A_IW_GRDH_1SDV_20150609T215018_20150609T215043_006302_008458_F19A,ZJ-HZB,2015,DESCENDING,105,ZJ_U51_10K_E037_N339,1.0,1.0,0.0,True,True,False,False,True
S1A_IW_GRDH_1SDV_20150609T215018_20150609T215043_006302_008458_F19A,ZJ-HZB,2015,DESCENDING,105,ZJ_U51_10K_E038_N339,1.0,1.0,0.0,True,True,False,False,True
S1A_IW_GRDH_1SDV_20150609T215018_20150609T215043_006302_008458_F19A,ZJ-HZB,2015,DESCENDING,105,ZJ_U51_10K_E039_N339,1.0,1.0,0.0,True,True,False,False,True
S1A_IW_GRDH_1SDV_20150609T215018_20150609T215043_006302_008458_F19A,ZJ-HZB,2015,DESCENDING,105,ZJ_U51_10K_E036_N340,1.0,1.0,0.0,True,True,False,False,True
S1A_IW_GRDH_1SDV_20150609T215018_20150609T215043_006302_008458_F19A,ZJ-HZB,2015,DESCENDING,105,ZJ_U51_10K_E037_N340,1.0,1.0,0.0,True,True,False,False,True
S1A_IW_GRDH_1SDV_20150609T215018_20150609T215043_006302_008458_F19A,ZJ-HZB,2015,DESCENDING,105,ZJ_U51_10K_E038_N340,1.0,1.0,0.0,True,True,False,False,True
S1A_IW_GRDH_1SDV_20150609T215018_20150609T215043_006302_008458_F19A,ZJ-HZB,2015,DESCENDING,105,ZJ_U51_10K_E039_N340,1.0,1.0,0.0,True,True,False,False,True
S1A_IW_GRDH_1SDV_20150609T215018_20150609T215043_006302_008458_F19A,ZJ-HZB,2015,DESCENDING,105,ZJ_U51_10K_E037_N341,1.0,1.0,0.0,True,True,False,False,True
S1A_IW_GRDH_1SDV_20150609T215018_20150609T215043_006302_008458_F19A,ZJ-HZB,2015,DESCENDING,105,ZJ_U51_10K_E038_N341,1.0,1.0,0.0,True,True,False,False,True
S1A_IW_GRDH_1SDV_20150609T215018_20150609T215043_006302_008458_F19A,ZJ-HZB,2015,DESCENDING,105,ZJ_U51_10K_E039_N341,1.0,1.0,0.0,True,True,False,False,True
S1A_IW_GRDH_1SDV_20180110T100213_20180110T100238_020091_022400_F411,ZJ-SMB,2018,ASCENDING,69,ZJ_U51_10K_E034_N320,1.0,0.0,1.0,True,False,False,True,True
S1A_IW_GRDH_1SDV_20180110T100213_20180110T100238_020091_022400_F411,ZJ-SMB,2018,ASCENDING,69,ZJ_U51_10K_E035_N320,0.254781,0.0,0.254781,False,False,False,False,True
S1A_IW_GRDH_1SDV_20180110T100213_20180110T100238_020091_022400_F411,ZJ-SMB,2018,ASCENDING,69,ZJ_U51_10K_E034_N321,1.0,0.0,1.0,True,False,False,True,True
S1A_IW_GRDH_1SDV_20180110T100213_20180110T100238_020091_022400_F411,ZJ-SMB,2018,ASCENDING,69,ZJ_U51_10K_E035_N321,0.093536,0.0,0.093536,False,False,False,False,True
S1A_IW_GRDH_1SDV_20180110T100213_20180110T100238_020091_022400_F411,ZJ-SMB,2018,ASCENDING,69,ZJ_U51_10K_E034_N322,0.931773,0.0,0.931773,False,False,False,False,True
S1A_IW_GRDH_1SDV_20180110T100213_20180110T100238_020091_022400_F411,ZJ-SMB,2018,ASCENDING,69,ZJ_U51_10K_E035_N322,0.000517,0.0,0.000517,False,False,False,False,True
S1A_IW_GRDH_1SDV_20180110T100213_20180110T100238_020091_022400_F411,ZJ-SMB,2018,ASCENDING,69,ZJ_U51_10K_E034_N323,0.771044,0.0,0.771044,False,False,False,False,True
S1A_IW_GRDH_1SDV_20180110T100213_20180110T100238_020091_022400_F411,ZJ-SMB,2018,ASCENDING,69,ZJ_U51_10K_E034_N324,0.609799,0.0,0.609799,False,False,False,False,True
S1A_IW_GRDH_1SDV_20180110T100213_20180110T100238_020091_022400_F411,ZJ-SMB,2018,ASCENDING,69,ZJ_U51_10K_E034_N325,0.448532,0.0,0.448532,False,False,False,False,True
S1B_IW_GRDH_1SDV_20200101T095337_20200101T095402_019622_02515C_8093,ZJ-SMB,2020,ASCENDING,171,ZJ_U51_10K_E034_N320,1.0,0.0,1.0,True,False,False,True,True
S1B_IW_GRDH_1SDV_20200101T095337_20200101T095402_019622_02515C_8093,ZJ-SMB,2020,ASCENDING,171,ZJ_U51_10K_E035_N320,1.0,0.0,1.0,True,False,False,True,True
S1B_IW_GRDH_1SDV_20200101T095337_20200101T095402_019622_02515C_8093,ZJ-SMB,2020,ASCENDING,171,ZJ_U51_10K_E036_N320,1.0,0.0,1.0,True,False,False,True,True
S1B_IW_GRDH_1SDV_20200101T095337_20200101T095402_019622_02515C_8093,ZJ-SMB,2020,ASCENDING,171,ZJ_U51_10K_E037_N320,1.0,0.0,1.0,True,False,False,True,True
S1B_IW_GRDH_1SDV_20200101T095337_20200101T095402_019622_02515C_8093,ZJ-SMB,2020,ASCENDING,171,ZJ_U51_10K_E038_N320,1.0,0.0,1.0,True,False,False,True,True
S1B_IW_GRDH_1SDV_20200101T095337_20200101T095402_019622_02515C_8093,ZJ-SMB,2020,ASCENDING,171,ZJ_U51_10K_E039_N320,1.0,0.0,1.0,True,False,False,True,True
S1B_IW_GRDH_1SDV_20200101T095337_20200101T095402_019622_02515C_8093,ZJ-SMB,2020,ASCENDING,171,ZJ_U51_10K_E034_N321,1.0,0.0,1.0,True,False,False,True,True
S1B_IW_GRDH_1SDV_20200101T095337_20200101T095402_019622_02515C_8093,ZJ-SMB,2020,ASCENDING,171,ZJ_U51_10K_E035_N321,1.0,0.0,1.0,True,False,False,True,True
S1B_IW_GRDH_1SDV_20200101T095337_20200101T095402_019622_02515C_8093,ZJ-SMB,2020,ASCENDING,171,ZJ_U51_10K_E036_N321,1.0,0.0,1.0,True,False,False,True,True
S1B_IW_GRDH_1SDV_20200101T095337_20200101T095402_019622_02515C_8093,ZJ-SMB,2020,ASCENDING,171,ZJ_U51_10K_E037_N321,1.0,0.0,1.0,True,False,False,True,True
S1B_IW_GRDH_1SDV_20200101T095337_20200101T095402_019622_02515C_8093,ZJ-SMB,2020,ASCENDING,171,ZJ_U51_10K_E038_N321,1.0,0.0,1.0,True,False,False,True,True
S1B_IW_GRDH_1SDV_20200101T095337_20200101T095402_019622_02515C_8093,ZJ-SMB,2020,ASCENDING,171,ZJ_U51_10K_E039_N321,1.0,0.0,1.0,True,False,False,True,True
S1B_IW_GRDH_1SDV_20200101T095337_20200101T095402_019622_02515C_8093,ZJ-SMB,2020,ASCENDING,171,ZJ_U51_10K_E034_N322,1.0,0.0,1.0,True,False,False,True,True
S1B_IW_GRDH_1SDV_20200101T095337_20200101T095402_019622_02515C_8093,ZJ-SMB,2020,ASCENDING,171,ZJ_U51_10K_E035_N322,1.0,0.0,1.0,True,False,False,True,True
S1B_IW_GRDH_1SDV_20200101T095337_20200101T095402_019622_02515C_8093,ZJ-SMB,2020,ASCENDING,171,ZJ_U51_10K_E036_N322,1.0,0.0,1.0,True,False,False,True,True
S1B_IW_GRDH_1SDV_20200101T095337_20200101T095402_019622_02515C_8093,ZJ-SMB,2020,ASCENDING,171,ZJ_U51_10K_E037_N322,1.0,0.0,1.0,True,False,False,True,True
S1B_IW_GRDH_1SDV_20200101T095337_20200101T095402_019622_02515C_8093,ZJ-SMB,2020,ASCENDING,171,ZJ_U51_10K_E038_N322,1.0,0.0,1.0,True,False,False,True,True
S1B_IW_GRDH_1SDV_20200101T095337_20200101T095402_019622_02515C_8093,ZJ-SMB,2020,ASCENDING,171,ZJ_U51_10K_E039_N322,1.0,0.0,1.0,True,False,False,True,True
S1B_IW_GRDH_1SDV_20200101T095337_20200101T095402_019622_02515C_8093,ZJ-SMB,2020,ASCENDING,171,ZJ_U51_10K_E034_N323,1.0,0.0,1.0,True,False,False,True,True
S1B_IW_GRDH_1SDV_20200101T095337_20200101T095402_019622_02515C_8093,ZJ-SMB,2020,ASCENDING,171,ZJ_U51_10K_E035_N323,1.0,0.0,1.0,True,False,False,True,True
S1B_IW_GRDH_1SDV_20200101T095337_20200101T095402_019622_02515C_8093,ZJ-SMB,2020,ASCENDING,171,ZJ_U51_10K_E036_N323,1.0,0.0,1.0,True,False,False,True,True
S1B_IW_GRDH_1SDV_20200101T095337_20200101T095402_019622_02515C_8093,ZJ-SMB,2020,ASCENDING,171,ZJ_U51_10K_E037_N323,1.0,0.0,1.0,True,False,False,True,True
S1B_IW_GRDH_1SDV_20200101T095337_20200101T095402_019622_02515C_8093,ZJ-SMB,2020,ASCENDING,171,ZJ_U51_10K_E038_N323,1.0,0.0,1.0,True,False,False,True,True
S1B_IW_GRDH_1SDV_20200101T095337_20200101T095402_019622_02515C_8093,ZJ-SMB,2020,ASCENDING,171,ZJ_U51_10K_E039_N323,1.0,0.0,1.0,True,False,False,True,True
S1B_IW_GRDH_1SDV_20200101T095337_20200101T095402_019622_02515C_8093,ZJ-SMB,2020,ASCENDING,171,ZJ_U51_10K_E034_N324,1.0,0.0,1.0,True,False,False,True,True
S1B_IW_GRDH_1SDV_20200101T095337_20200101T095402_019622_02515C_8093,ZJ-SMB,2020,ASCENDING,171,ZJ_U51_10K_E035_N324,1.0,0.0,1.0,True,False,False,True,True
S1B_IW_GRDH_1SDV_20200101T095337_20200101T095402_019622_02515C_8093,ZJ-SMB,2020,ASCENDING,171,ZJ_U51_10K_E036_N324,1.0,0.0,1.0,True,False,False,True,True
S1B_IW_GRDH_1SDV_20200101T095337_20200101T095402_019622_02515C_8093,ZJ-SMB,2020,ASCENDING,171,ZJ_U51_10K_E037_N324,1.0,0.0,1.0,True,False,False,True,True
S1B_IW_GRDH_1SDV_20200101T095337_20200101T095402_019622_02515C_8093,ZJ-SMB,2020,ASCENDING,171,ZJ_U51_10K_E034_N325,1.0,0.0,1.0,True,False,False,True,True
S1B_IW_GRDH_1SDV_20200101T095337_20200101T095402_019622_02515C_8093,ZJ-SMB,2020,ASCENDING,171,ZJ_U51_10K_E035_N325,1.0,0.0,1.0,True,False,False,True,True
S1A_IW_GRDH_1SDV_20150609T215043_20150609T215108_006302_008458_7047,ZJ-SMB,2015,DESCENDING,105,ZJ_U51_10K_E034_N320,1.0,1.0,0.0,True,True,False,False,True
S1A_IW_GRDH_1SDV_20150609T215043_20150609T215108_006302_008458_7047,ZJ-SMB,2015,DESCENDING,105,ZJ_U51_10K_E035_N320,1.0,1.0,0.0,True,True,False,False,True
S1A_IW_GRDH_1SDV_20150609T215043_20150609T215108_006302_008458_7047,ZJ-SMB,2015,DESCENDING,105,ZJ_U51_10K_E036_N320,1.0,1.0,0.0,True,True,False,False,True
S1A_IW_GRDH_1SDV_20150609T215043_20150609T215108_006302_008458_7047,ZJ-SMB,2015,DESCENDING,105,ZJ_U51_10K_E037_N320,1.0,1.0,0.0,True,True,False,False,True
S1A_IW_GRDH_1SDV_20150609T215043_20150609T215108_006302_008458_7047,ZJ-SMB,2015,DESCENDING,105,ZJ_U51_10K_E038_N320,1.0,1.0,0.0,True,True,False,False,True
S1A_IW_GRDH_1SDV_20150609T215043_20150609T215108_006302_008458_7047,ZJ-SMB,2015,DESCENDING,105,ZJ_U51_10K_E039_N320,1.0,1.0,0.0,True,True,False,False,True
S1A_IW_GRDH_1SDV_20150609T215043_20150609T215108_006302_008458_7047,ZJ-SMB,2015,DESCENDING,105,ZJ_U51_10K_E034_N321,1.0,1.0,0.0,True,True,False,False,True
S1A_IW_GRDH_1SDV_20150609T215043_20150609T215108_006302_008458_7047,ZJ-SMB,2015,DESCENDING,105,ZJ_U51_10K_E035_N321,1.0,1.0,0.0,True,True,False,False,True
S1A_IW_GRDH_1SDV_20150609T215043_20150609T215108_006302_008458_7047,ZJ-SMB,2015,DESCENDING,105,ZJ_U51_10K_E036_N321,1.0,1.0,0.0,True,True,False,False,True
S1A_IW_GRDH_1SDV_20150609T215043_20150609T215108_006302_008458_7047,ZJ-SMB,2015,DESCENDING,105,ZJ_U51_10K_E037_N321,1.0,1.0,0.0,True,True,False,False,True
S1A_IW_GRDH_1SDV_20150609T215043_20150609T215108_006302_008458_7047,ZJ-SMB,2015,DESCENDING,105,ZJ_U51_10K_E038_N321,1.0,1.0,0.0,True,True,False,False,True
S1A_IW_GRDH_1SDV_20150609T215043_20150609T215108_006302_008458_7047,ZJ-SMB,2015,DESCENDING,105,ZJ_U51_10K_E039_N321,1.0,1.0,0.0,True,True,False,False,True
S1A_IW_GRDH_1SDV_20150609T215043_20150609T215108_006302_008458_7047,ZJ-SMB,2015,DESCENDING,105,ZJ_U51_10K_E034_N322,1.0,1.0,0.0,True,True,False,False,True
S1A_IW_GRDH_1SDV_20150609T215043_20150609T215108_006302_008458_7047,ZJ-SMB,2015,DESCENDING,105,ZJ_U51_10K_E035_N322,1.0,1.0,0.0,True,True,False,False,True
S1A_IW_GRDH_1SDV_20150609T215043_20150609T215108_006302_008458_7047,ZJ-SMB,2015,DESCENDING,105,ZJ_U51_10K_E036_N322,1.0,1.0,0.0,True,True,False,False,True
S1A_IW_GRDH_1SDV_20150609T215043_20150609T215108_006302_008458_7047,ZJ-SMB,2015,DESCENDING,105,ZJ_U51_10K_E037_N322,1.0,1.0,0.0,True,True,False,False,True
S1A_IW_GRDH_1SDV_20150609T215043_20150609T215108_006302_008458_7047,ZJ-SMB,2015,DESCENDING,105,ZJ_U51_10K_E038_N322,1.0,1.0,0.0,True,True,False,False,True
S1A_IW_GRDH_1SDV_20150609T215043_20150609T215108_006302_008458_7047,ZJ-SMB,2015,DESCENDING,105,ZJ_U51_10K_E039_N322,1.0,1.0,0.0,True,True,False,False,True
S1A_IW_GRDH_1SDV_20150609T215043_20150609T215108_006302_008458_7047,ZJ-SMB,2015,DESCENDING,105,ZJ_U51_10K_E034_N323,1.0,1.0,0.0,True,True,False,False,True
S1A_IW_GRDH_1SDV_20150609T215043_20150609T215108_006302_008458_7047,ZJ-SMB,2015,DESCENDING,105,ZJ_U51_10K_E035_N323,1.0,1.0,0.0,True,True,False,False,True
S1A_IW_GRDH_1SDV_20150609T215043_20150609T215108_006302_008458_7047,ZJ-SMB,2015,DESCENDING,105,ZJ_U51_10K_E036_N323,1.0,1.0,0.0,True,True,False,False,True
S1A_IW_GRDH_1SDV_20150609T215043_20150609T215108_006302_008458_7047,ZJ-SMB,2015,DESCENDING,105,ZJ_U51_10K_E037_N323,1.0,1.0,0.0,True,True,False,False,True
S1A_IW_GRDH_1SDV_20150609T215043_20150609T215108_006302_008458_7047,ZJ-SMB,2015,DESCENDING,105,ZJ_U51_10K_E038_N323,1.0,1.0,0.0,True,True,False,False,True
S1A_IW_GRDH_1SDV_20150609T215043_20150609T215108_006302_008458_7047,ZJ-SMB,2015,DESCENDING,105,ZJ_U51_10K_E039_N323,1.0,1.0,0.0,True,True,False,False,True
S1A_IW_GRDH_1SDV_20150609T215043_20150609T215108_006302_008458_7047,ZJ-SMB,2015,DESCENDING,105,ZJ_U51_10K_E034_N324,1.0,1.0,0.0,True,True,False,False,True
S1A_IW_GRDH_1SDV_20150609T215043_20150609T215108_006302_008458_7047,ZJ-SMB,2015,DESCENDING,105,ZJ_U51_10K_E035_N324,1.0,1.0,0.0,True,True,False,False,True
S1A_IW_GRDH_1SDV_20150609T215043_20150609T215108_006302_008458_7047,ZJ-SMB,2015,DESCENDING,105,ZJ_U51_10K_E036_N324,1.0,1.0,0.0,True,True,False,False,True
S1A_IW_GRDH_1SDV_20150609T215043_20150609T215108_006302_008458_7047,ZJ-SMB,2015,DESCENDING,105,ZJ_U51_10K_E037_N324,1.0,1.0,0.0,True,True,False,False,True
S1A_IW_GRDH_1SDV_20150609T215043_20150609T215108_006302_008458_7047,ZJ-SMB,2015,DESCENDING,105,ZJ_U51_10K_E034_N325,1.0,1.0,0.0,True,True,False,False,True
S1A_IW_GRDH_1SDV_20150609T215043_20150609T215108_006302_008458_7047,ZJ-SMB,2015,DESCENDING,105,ZJ_U51_10K_E035_N325,0.91924,1.0,0.08076,False,True,True,False,True
S1A_IW_GRDH_1SDV_20190105T100155_20190105T100220_025341_02CE02_8E5A,ZJ-YQB,2019,ASCENDING,69,ZJ_U51_10K_E029_N309,0.915376,1.0,0.084624,False,True,True,False,True
S1A_IW_GRDH_1SDV_20190105T100155_20190105T100220_025341_02CE02_8E5A,ZJ-YQB,2019,ASCENDING,69,ZJ_U51_10K_E030_N309,0.99994,1.0,6e-05,True,True,False,False,True
S1A_IW_GRDH_1SDV_20190105T100155_20190105T100220_025341_02CE02_8E5A,ZJ-YQB,2019,ASCENDING,69,ZJ_U51_10K_E031_N309,1.0,1.0,0.0,True,True,False,False,True
S1A_IW_GRDH_1SDV_20190105T100155_20190105T100220_025341_02CE02_8E5A,ZJ-YQB,2019,ASCENDING,69,ZJ_U51_10K_E029_N310,0.0,0.106686,0.106686,False,False,False,False,True
S1A_IW_GRDH_1SDV_20190105T100155_20190105T100220_025341_02CE02_8E5A,ZJ-YQB,2019,ASCENDING,69,ZJ_U51_10K_E030_N310,0.075875,0.267078,0.191203,False,False,False,False,True
S1A_IW_GRDH_1SDV_20190105T100155_20190105T100220_025341_02CE02_8E5A,ZJ-YQB,2019,ASCENDING,69,ZJ_U51_10K_E031_N310,0.236253,0.427455,0.191202,False,False,False,False,True
S1A_IW_GRDH_1SDV_20190105T100155_20190105T100220_025341_02CE02_8E5A,ZJ-YQB,2019,ASCENDING,69,ZJ_U51_10K_E032_N310,0.396691,0.587832,0.191141,False,False,False,False,True
S1A_IW_GRDH_1SDV_20190112T095349_20190112T095418_025443_02D1A2_44A0,ZJ-YQB,2019,ASCENDING,171,ZJ_U51_10K_E031_N309,0.435859,0.424274,0.011584,False,False,False,False,True
S1A_IW_GRDH_1SDV_20190112T095349_20190112T095418_025443_02D1A2_44A0,ZJ-YQB,2019,ASCENDING,171,ZJ_U51_10K_E031_N310,0.614965,0.603381,0.011584,False,False,False,False,True
S1A_IW_GRDH_1SDV_20190112T095349_20190112T095418_025443_02D1A2_44A0,ZJ-YQB,2019,ASCENDING,171,ZJ_U51_10K_E032_N310,1.0,1.0,0.0,True,True,False,False,True
S1A_IW_GRDH_1SDV_20190112T095349_20190112T095418_025443_02D1A2_44A0,ZJ-YQB,2019,ASCENDING,171,ZJ_U51_10K_E031_N311,0.793196,0.782228,0.010968,False,False,False,False,True
S1A_IW_GRDH_1SDV_20190112T095349_20190112T095418_025443_02D1A2_44A0,ZJ-YQB,2019,ASCENDING,171,ZJ_U51_10K_E032_N311,1.0,1.0,0.0,True,True,False,False,True
S1A_IW_GRDH_1SDV_20190112T095349_20190112T095418_025443_02D1A2_44A0,ZJ-YQB,2019,ASCENDING,171,ZJ_U51_10K_E030_N312,0.006844,0.006608,0.000236,False,False,False,False,True
S1A_IW_GRDH_1SDV_20190112T095349_20190112T095418_025443_02D1A2_44A0,ZJ-YQB,2019,ASCENDING,171,ZJ_U51_10K_E031_N312,0.95686,0.953191,0.003669,False,False,False,False,True
S1A_IW_GRDH_1SDV_20190112T095349_20190112T095418_025443_02D1A2_44A0,ZJ-YQB,2019,ASCENDING,171,ZJ_U51_10K_E032_N312,1.0,1.0,0.0,True,True,False,False,True
S1A_IW_GRDH_1SDV_20190112T095349_20190112T095418_025443_02D1A2_44A0,ZJ-YQB,2019,ASCENDING,171,ZJ_U51_10K_E031_N313,1.0,1.0,0.0,True,True,False,False,True
S1A_IW_GRDH_1SDV_20190112T095349_20190112T095418_025443_02D1A2_44A0,ZJ-YQB,2019,ASCENDING,171,ZJ_U51_10K_E032_N313,1.0,1.0,0.0,True,True,False,False,True
S1A_IW_GRDH_1SDV_20190112T095349_20190112T095418_025443_02D1A2_44A0,ZJ-YQB,2019,ASCENDING,171,ZJ_U51_10K_E032_N314,0.627515,1.0,0.372485,False,True,True,False,True
S1A_IW_GRDH_1SDV_20150528T215107_20150528T215135_006127_007F2E_04A2,ZJ-YQB,2015,DESCENDING,105,ZJ_U51_10K_E029_N309,0.805775,0.0,0.805775,False,False,False,False,True
S1A_IW_GRDH_1SDV_20150528T215107_20150528T215135_006127_007F2E_04A2,ZJ-YQB,2015,DESCENDING,105,ZJ_U51_10K_E030_N309,0.611647,0.0,0.611647,False,False,False,False,True
S1A_IW_GRDH_1SDV_20150528T215107_20150528T215135_006127_007F2E_04A2,ZJ-YQB,2015,DESCENDING,105,ZJ_U51_10K_E031_N309,0.41752,0.0,0.41752,False,False,False,False,True
S1A_IW_GRDH_1SDV_20150528T215107_20150528T215135_006127_007F2E_04A2,ZJ-YQB,2015,DESCENDING,105,ZJ_U51_10K_E031_N313,0.0,0.042989,0.042989,False,False,False,False,True
S1A_IW_GRDH_1SDV_20150528T215107_20150528T215135_006127_007F2E_04A2,ZJ-YQB,2015,DESCENDING,105,ZJ_U51_10K_E032_N313,0.0,0.225514,0.225514,False,False,False,False,True
S1A_IW_GRDH_1SDV_20150528T215107_20150528T215135_006127_007F2E_04A2,ZJ-YQB,2015,DESCENDING,105,ZJ_U51_10K_E032_N314,0.0,1.0,1.0,False,True,True,False,True
S1A_IW_GRDH_1SDV_20190105T100245_20190105T100310_025341_02CE02_9AEF,ZJ-HZB,2019,ASCENDING,69,ZJ_U51_10K_E031_N334,1.0,0.0,1.0,True,False,False,True,True
S1A_IW_GRDH_1SDV_20190105T100245_20190105T100310_025341_02CE02_9AEF,ZJ-HZB,2019,ASCENDING,69,ZJ_U51_10K_E032_N334,0.9849,0.0,0.9849,False,False,False,False,True
S1A_IW_GRDH_1SDV_20190105T100245_20190105T100310_025341_02CE02_9AEF,ZJ-HZB,2019,ASCENDING,69,ZJ_U51_10K_E033_N334,0.024508,0.0,0.024508,False,False,False,False,True
S1A_IW_GRDH_1SDV_20190105T100245_20190105T100310_025341_02CE02_9AEF,ZJ-HZB,2019,ASCENDING,69,ZJ_U51_10K_E029_N335,1.0,0.0,1.0,True,False,False,True,True
S1A_IW_GRDH_1SDV_20190105T100245_20190105T100310_025341_02CE02_9AEF,ZJ-HZB,2019,ASCENDING,69,ZJ_U51_10K_E030_N335,1.0,0.0,1.0,True,False,False,True,True
S1A_IW_GRDH_1SDV_20190105T100245_20190105T100310_025341_02CE02_9AEF,ZJ-HZB,2019,ASCENDING,69,ZJ_U51_10K_E031_N335,1.0,0.0,1.0,True,False,False,True,True
S1A_IW_GRDH_1SDV_20190105T100245_20190105T100310_025341_02CE02_9AEF,ZJ-HZB,2019,ASCENDING,69,ZJ_U51_10K_E032_N335,0.853258,0.0,0.853258,False,False,False,False,True
S1A_IW_GRDH_1SDV_20190105T100245_20190105T100310_025341_02CE02_9AEF,ZJ-HZB,2019,ASCENDING,69,ZJ_U51_10K_E029_N336,1.0,0.0,1.0,True,False,False,True,True
S1A_IW_GRDH_1SDV_20190105T100245_20190105T100310_025341_02CE02_9AEF,ZJ-HZB,2019,ASCENDING,69,ZJ_U51_10K_E030_N336,1.0,0.0,1.0,True,False,False,True,True
S1A_IW_GRDH_1SDV_20190105T100245_20190105T100310_025341_02CE02_9AEF,ZJ-HZB,2019,ASCENDING,69,ZJ_U51_10K_E031_N336,1.0,0.0,1.0,True,False,False,True,True
S1A_IW_GRDH_1SDV_20190105T100245_20190105T100310_025341_02CE02_9AEF,ZJ-HZB,2019,ASCENDING,69,ZJ_U51_10K_E032_N336,0.697111,0.0,0.697111,False,False,False,False,True
S1A_IW_GRDH_1SDV_20190105T100245_20190105T100310_025341_02CE02_9AEF,ZJ-HZB,2019,ASCENDING,69,ZJ_U51_10K_E031_N337,1.0,0.0,1.0,True,False,False,True,True
S1A_IW_GRDH_1SDV_20190105T100245_20190105T100310_025341_02CE02_9AEF,ZJ-HZB,2019,ASCENDING,69,ZJ_U51_10K_E032_N337,0.541018,0.0,0.541018,False,False,False,False,True
S1A_IW_GRDH_1SDV_20190105T100245_20190105T100310_025341_02CE02_9AEF,ZJ-HZB,2019,ASCENDING,69,ZJ_U51_10K_E032_N338,0.385292,0.0,0.385292,False,False,False,False,True
S1A_IW_GRDH_1SDV_20210101T095431_20210101T095456_035943_0435C1_3411,ZJ-HZB,2021,ASCENDING,171,ZJ_U51_10K_E037_N331,1.0,0.0,1.0,True,False,False,True,True
S1A_IW_GRDH_1SDV_20210101T095431_20210101T095456_035943_0435C1_3411,ZJ-HZB,2021,ASCENDING,171,ZJ_U51_10K_E035_N332,0.405115,0.0,0.405115,False,False,False,False,True
S1A_IW_GRDH_1SDV_20210101T095431_20210101T095456_035943_0435C1_3411,ZJ-HZB,2021,ASCENDING,171,ZJ_U51_10K_E036_N332,0.576744,0.0,0.576744,False,False,False,False,True
S1A_IW_GRDH_1SDV_20210101T095431_20210101T095456_035943_0435C1_3411,ZJ-HZB,2021,ASCENDING,171,ZJ_U51_10K_E037_N332,0.748371,0.0,0.748371,False,False,False,False,True
S1A_IW_GRDH_1SDV_20210101T095431_20210101T095456_035943_0435C1_3411,ZJ-HZB,2021,ASCENDING,171,ZJ_U51_10K_E038_N332,0.919891,0.0,0.919891,False,False,False,False,True
S1A_IW_GRDH_1SDV_20210101T095431_20210101T095456_035943_0435C1_3411,ZJ-HZB,2021,ASCENDING,171,ZJ_U51_10K_E038_N333,9.8e-05,0.0,9.8e-05,False,False,False,False,True
S1A_IW_GRDH_1SDV_20250128T215856_20250128T215925_057650_071AB4_77BB,ZJ-HZB,2025,DESCENDING,3,ZJ_U51_10K_E034_N333,0.119891,0.323659,0.203768,False,False,False,False,True
S1A_IW_GRDH_1SDV_20250128T215856_20250128T215925_057650_071AB4_77BB,ZJ-HZB,2025,DESCENDING,3,ZJ_U51_10K_E031_N334,0.993019,1.0,0.006981,True,True,False,False,True
S1A_IW_GRDH_1SDV_20250128T215856_20250128T215925_057650_071AB4_77BB,ZJ-HZB,2025,DESCENDING,3,ZJ_U51_10K_E032_N334,1.0,1.0,0.0,True,True,False,False,True
S1A_IW_GRDH_1SDV_20250128T215856_20250128T215925_057650_071AB4_77BB,ZJ-HZB,2025,DESCENDING,3,ZJ_U51_10K_E033_N334,1.0,1.0,0.0,True,True,False,False,True
S1A_IW_GRDH_1SDV_20250128T215856_20250128T215925_057650_071AB4_77BB,ZJ-HZB,2025,DESCENDING,3,ZJ_U51_10K_E034_N334,0.480014,0.553967,0.073953,False,False,False,False,True
S1A_IW_GRDH_1SDV_20250128T215856_20250128T215925_057650_071AB4_77BB,ZJ-HZB,2025,DESCENDING,3,ZJ_U51_10K_E029_N335,1.0,1.0,0.0,True,True,False,False,True
S1A_IW_GRDH_1SDV_20250128T215856_20250128T215925_057650_071AB4_77BB,ZJ-HZB,2025,DESCENDING,3,ZJ_U51_10K_E030_N335,1.0,1.0,0.0,True,True,False,False,True
S1A_IW_GRDH_1SDV_20250128T215856_20250128T215925_057650_071AB4_77BB,ZJ-HZB,2025,DESCENDING,3,ZJ_U51_10K_E031_N335,1.0,1.0,0.0,True,True,False,False,True
S1A_IW_GRDH_1SDV_20250128T215856_20250128T215925_057650_071AB4_77BB,ZJ-HZB,2025,DESCENDING,3,ZJ_U51_10K_E032_N335,1.0,1.0,0.0,True,True,False,False,True
S1A_IW_GRDH_1SDV_20250128T215856_20250128T215925_057650_071AB4_77BB,ZJ-HZB,2025,DESCENDING,3,ZJ_U51_10K_E033_N335,1.0,1.0,0.0,True,True,False,False,True
S1A_IW_GRDH_1SDV_20250128T215856_20250128T215925_057650_071AB4_77BB,ZJ-HZB,2025,DESCENDING,3,ZJ_U51_10K_E034_N335,0.689645,0.765604,0.075959,False,False,False,False,True
S1A_IW_GRDH_1SDV_20250128T215856_20250128T215925_057650_071AB4_77BB,ZJ-HZB,2025,DESCENDING,3,ZJ_U51_10K_E029_N336,1.0,1.0,0.0,True,True,False,False,True
S1A_IW_GRDH_1SDV_20250128T215856_20250128T215925_057650_071AB4_77BB,ZJ-HZB,2025,DESCENDING,3,ZJ_U51_10K_E030_N336,1.0,1.0,0.0,True,True,False,False,True
S1A_IW_GRDH_1SDV_20250128T215856_20250128T215925_057650_071AB4_77BB,ZJ-HZB,2025,DESCENDING,3,ZJ_U51_10K_E031_N336,1.0,1.0,0.0,True,True,False,False,True
S1A_IW_GRDH_1SDV_20250128T215856_20250128T215925_057650_071AB4_77BB,ZJ-HZB,2025,DESCENDING,3,ZJ_U51_10K_E032_N336,1.0,1.0,0.0,True,True,False,False,True
S1A_IW_GRDH_1SDV_20250128T215856_20250128T215925_057650_071AB4_77BB,ZJ-HZB,2025,DESCENDING,3,ZJ_U51_10K_E033_N336,1.0,1.0,0.0,True,True,False,False,True
S1A_IW_GRDH_1SDV_20250128T215856_20250128T215925_057650_071AB4_77BB,ZJ-HZB,2025,DESCENDING,3,ZJ_U51_10K_E034_N336,0.898735,0.960942,0.062206,False,False,False,False,True
S1A_IW_GRDH_1SDV_20250128T215856_20250128T215925_057650_071AB4_77BB,ZJ-HZB,2025,DESCENDING,3,ZJ_U51_10K_E035_N336,2.5e-05,0.016298,0.016273,False,False,False,False,True
S1A_IW_GRDH_1SDV_20250128T215856_20250128T215925_057650_071AB4_77BB,ZJ-HZB,2025,DESCENDING,3,ZJ_U51_10K_E031_N337,1.0,1.0,0.0,True,True,False,False,True
S1A_IW_GRDH_1SDV_20250128T215856_20250128T215925_057650_071AB4_77BB,ZJ-HZB,2025,DESCENDING,3,ZJ_U51_10K_E032_N337,1.0,1.0,0.0,True,True,False,False,True
S1A_IW_GRDH_1SDV_20250128T215856_20250128T215925_057650_071AB4_77BB,ZJ-HZB,2025,DESCENDING,3,ZJ_U51_10K_E033_N337,1.0,1.0,0.0,True,True,False,False,True
S1A_IW_GRDH_1SDV_20250128T215856_20250128T215925_057650_071AB4_77BB,ZJ-HZB,2025,DESCENDING,3,ZJ_U51_10K_E034_N337,1.0,1.0,0.0,True,True,False,False,True
S1A_IW_GRDH_1SDV_20250128T215856_20250128T215925_057650_071AB4_77BB,ZJ-HZB,2025,DESCENDING,3,ZJ_U51_10K_E035_N337,0.107631,0.188876,0.081245,False,False,False,False,True
S1A_IW_GRDH_1SDV_20250128T215856_20250128T215925_057650_071AB4_77BB,ZJ-HZB,2025,DESCENDING,3,ZJ_U51_10K_E032_N338,1.0,1.0,0.0,True,True,False,False,True
S1A_IW_GRDH_1SDV_20250128T215856_20250128T215925_057650_071AB4_77BB,ZJ-HZB,2025,DESCENDING,3,ZJ_U51_10K_E033_N338,1.0,1.0,0.0,True,True,False,False,True
S1A_IW_GRDH_1SDV_20250128T215856_20250128T215925_057650_071AB4_77BB,ZJ-HZB,2025,DESCENDING,3,ZJ_U51_10K_E034_N338,1.0,1.0,0.0,True,True,False,False,True
S1A_IW_GRDH_1SDV_20250128T215856_20250128T215925_057650_071AB4_77BB,ZJ-HZB,2025,DESCENDING,3,ZJ_U51_10K_E035_N338,0.316391,0.400513,0.084122,False,False,False,False,True
S1A_IW_GRDH_1SDV_20250128T215856_20250128T215925_057650_071AB4_77BB,ZJ-HZB,2025,DESCENDING,3,ZJ_U51_10K_E034_N339,1.0,1.0,0.0,True,True,False,False,True
S1A_IW_GRDH_1SDV_20250128T215856_20250128T215925_057650_071AB4_77BB,ZJ-HZB,2025,DESCENDING,3,ZJ_U51_10K_E035_N339,0.524946,0.612149,0.087203,False,False,False,False,True
S1A_IW_GRDH_1SDV_20190105T100220_20190105T100245_025341_02CE02_6054,ZJ-SMB,2019,ASCENDING,69,ZJ_U51_10K_E034_N320,1.0,0.0,1.0,True,False,False,True,True
S1A_IW_GRDH_1SDV_20190105T100220_20190105T100245_025341_02CE02_6054,ZJ-SMB,2019,ASCENDING,69,ZJ_U51_10K_E035_N320,0.21522,0.0,0.21522,False,False,False,False,True
S1A_IW_GRDH_1SDV_20190105T100220_20190105T100245_025341_02CE02_6054,ZJ-SMB,2019,ASCENDING,69,ZJ_U51_10K_E034_N321,0.999254,0.0,0.999254,True,False,False,True,True
S1A_IW_GRDH_1SDV_20190105T100220_20190105T100245_025341_02CE02_6054,ZJ-SMB,2019,ASCENDING,69,ZJ_U51_10K_E035_N321,0.062741,0.0,0.062741,False,False,False,False,True
S1A_IW_GRDH_1SDV_20190105T100220_20190105T100245_025341_02CE02_6054,ZJ-SMB,2019,ASCENDING,69,ZJ_U51_10K_E034_N322,0.90726,0.0,0.90726,False,False,False,False,True
S1A_IW_GRDH_1SDV_20190105T100220_20190105T100245_025341_02CE02_6054,ZJ-SMB,2019,ASCENDING,69,ZJ_U51_10K_E034_N323,0.752206,0.0,0.752206,False,False,False,False,True
S1A_IW_GRDH_1SDV_20190105T100220_20190105T100245_025341_02CE02_6054,ZJ-SMB,2019,ASCENDING,69,ZJ_U51_10K_E034_N324,0.597151,0.0,0.597151,False,False,False,False,True
S1A_IW_GRDH_1SDV_20190105T100220_20190105T100245_025341_02CE02_6054,ZJ-SMB,2019,ASCENDING,69,ZJ_U51_10K_E034_N325,0.44207,0.0,0.44207,False,False,False,False,True
S1A_IW_GRDH_1SDV_20220108T095436_20220108T095501_041368_04EB17_9568,ZJ-SMB,2022,ASCENDING,171,ZJ_U51_10K_E034_N320,1.0,0.0,1.0,True,False,False,True,True
S1A_IW_GRDH_1SDV_20220108T095436_20220108T095501_041368_04EB17_9568,ZJ-SMB,2022,ASCENDING,171,ZJ_U51_10K_E035_N320,1.0,0.0,1.0,True,False,False,True,True
S1A_IW_GRDH_1SDV_20220108T095436_20220108T095501_041368_04EB17_9568,ZJ-SMB,2022,ASCENDING,171,ZJ_U51_10K_E036_N320,1.0,0.0,1.0,True,False,False,True,True
S1A_IW_GRDH_1SDV_20220108T095436_20220108T095501_041368_04EB17_9568,ZJ-SMB,2022,ASCENDING,171,ZJ_U51_10K_E037_N320,1.0,0.0,1.0,True,False,False,True,True
S1A_IW_GRDH_1SDV_20220108T095436_20220108T095501_041368_04EB17_9568,ZJ-SMB,2022,ASCENDING,171,ZJ_U51_10K_E038_N320,1.0,0.0,1.0,True,False,False,True,True
S1A_IW_GRDH_1SDV_20220108T095436_20220108T095501_041368_04EB17_9568,ZJ-SMB,2022,ASCENDING,171,ZJ_U51_10K_E039_N320,1.0,0.0,1.0,True,False,False,True,True
S1A_IW_GRDH_1SDV_20220108T095436_20220108T095501_041368_04EB17_9568,ZJ-SMB,2022,ASCENDING,171,ZJ_U51_10K_E034_N321,1.0,0.0,1.0,True,False,False,True,True
S1A_IW_GRDH_1SDV_20220108T095436_20220108T095501_041368_04EB17_9568,ZJ-SMB,2022,ASCENDING,171,ZJ_U51_10K_E035_N321,1.0,0.0,1.0,True,False,False,True,True
S1A_IW_GRDH_1SDV_20220108T095436_20220108T095501_041368_04EB17_9568,ZJ-SMB,2022,ASCENDING,171,ZJ_U51_10K_E036_N321,1.0,0.0,1.0,True,False,False,True,True
S1A_IW_GRDH_1SDV_20220108T095436_20220108T095501_041368_04EB17_9568,ZJ-SMB,2022,ASCENDING,171,ZJ_U51_10K_E037_N321,1.0,0.0,1.0,True,False,False,True,True
S1A_IW_GRDH_1SDV_20220108T095436_20220108T095501_041368_04EB17_9568,ZJ-SMB,2022,ASCENDING,171,ZJ_U51_10K_E038_N321,1.0,0.0,1.0,True,False,False,True,True
S1A_IW_GRDH_1SDV_20220108T095436_20220108T095501_041368_04EB17_9568,ZJ-SMB,2022,ASCENDING,171,ZJ_U51_10K_E039_N321,1.0,0.0,1.0,True,False,False,True,True
S1A_IW_GRDH_1SDV_20220108T095436_20220108T095501_041368_04EB17_9568,ZJ-SMB,2022,ASCENDING,171,ZJ_U51_10K_E034_N322,1.0,0.0,1.0,True,False,False,True,True
S1A_IW_GRDH_1SDV_20220108T095436_20220108T095501_041368_04EB17_9568,ZJ-SMB,2022,ASCENDING,171,ZJ_U51_10K_E035_N322,1.0,0.0,1.0,True,False,False,True,True
S1A_IW_GRDH_1SDV_20220108T095436_20220108T095501_041368_04EB17_9568,ZJ-SMB,2022,ASCENDING,171,ZJ_U51_10K_E036_N322,1.0,0.0,1.0,True,False,False,True,True
S1A_IW_GRDH_1SDV_20220108T095436_20220108T095501_041368_04EB17_9568,ZJ-SMB,2022,ASCENDING,171,ZJ_U51_10K_E037_N322,1.0,0.0,1.0,True,False,False,True,True
S1A_IW_GRDH_1SDV_20220108T095436_20220108T095501_041368_04EB17_9568,ZJ-SMB,2022,ASCENDING,171,ZJ_U51_10K_E038_N322,1.0,0.0,1.0,True,False,False,True,True
S1A_IW_GRDH_1SDV_20220108T095436_20220108T095501_041368_04EB17_9568,ZJ-SMB,2022,ASCENDING,171,ZJ_U51_10K_E039_N322,1.0,0.0,1.0,True,False,False,True,True
S1A_IW_GRDH_1SDV_20220108T095436_20220108T095501_041368_04EB17_9568,ZJ-SMB,2022,ASCENDING,171,ZJ_U51_10K_E034_N323,1.0,0.0,1.0,True,False,False,True,True
S1A_IW_GRDH_1SDV_20220108T095436_20220108T095501_041368_04EB17_9568,ZJ-SMB,2022,ASCENDING,171,ZJ_U51_10K_E035_N323,1.0,0.0,1.0,True,False,False,True,True
S1A_IW_GRDH_1SDV_20220108T095436_20220108T095501_041368_04EB17_9568,ZJ-SMB,2022,ASCENDING,171,ZJ_U51_10K_E036_N323,1.0,0.0,1.0,True,False,False,True,True
S1A_IW_GRDH_1SDV_20220108T095436_20220108T095501_041368_04EB17_9568,ZJ-SMB,2022,ASCENDING,171,ZJ_U51_10K_E037_N323,1.0,0.0,1.0,True,False,False,True,True
S1A_IW_GRDH_1SDV_20220108T095436_20220108T095501_041368_04EB17_9568,ZJ-SMB,2022,ASCENDING,171,ZJ_U51_10K_E038_N323,1.0,0.0,1.0,True,False,False,True,True
S1A_IW_GRDH_1SDV_20220108T095436_20220108T095501_041368_04EB17_9568,ZJ-SMB,2022,ASCENDING,171,ZJ_U51_10K_E039_N323,1.0,0.0,1.0,True,False,False,True,True
S1A_IW_GRDH_1SDV_20220108T095436_20220108T095501_041368_04EB17_9568,ZJ-SMB,2022,ASCENDING,171,ZJ_U51_10K_E034_N324,1.0,0.0,1.0,True,False,False,True,True
S1A_IW_GRDH_1SDV_20220108T095436_20220108T095501_041368_04EB17_9568,ZJ-SMB,2022,ASCENDING,171,ZJ_U51_10K_E035_N324,1.0,0.0,1.0,True,False,False,True,True
S1A_IW_GRDH_1SDV_20220108T095436_20220108T095501_041368_04EB17_9568,ZJ-SMB,2022,ASCENDING,171,ZJ_U51_10K_E036_N324,1.0,0.0,1.0,True,False,False,True,True
S1A_IW_GRDH_1SDV_20220108T095436_20220108T095501_041368_04EB17_9568,ZJ-SMB,2022,ASCENDING,171,ZJ_U51_10K_E037_N324,1.0,0.0,1.0,True,False,False,True,True
S1A_IW_GRDH_1SDV_20220108T095436_20220108T095501_041368_04EB17_9568,ZJ-SMB,2022,ASCENDING,171,ZJ_U51_10K_E034_N325,1.0,0.0,1.0,True,False,False,True,True
S1A_IW_GRDH_1SDV_20220108T095436_20220108T095501_041368_04EB17_9568,ZJ-SMB,2022,ASCENDING,171,ZJ_U51_10K_E035_N325,1.0,0.0,1.0,True,False,False,True,True
S1B_IW_GRDH_1SDV_20200106T100115_20200106T100144_019695_0253B4_9CE5,ZJ-YQB,2020,ASCENDING,69,ZJ_U51_10K_E029_N309,0.555848,1.0,0.444152,False,True,True,False,True
S1B_IW_GRDH_1SDV_20200106T100115_20200106T100144_019695_0253B4_9CE5,ZJ-YQB,2020,ASCENDING,69,ZJ_U51_10K_E030_N309,0.716401,1.0,0.283599,False,True,True,False,True
S1B_IW_GRDH_1SDV_20200106T100115_20200106T100144_019695_0253B4_9CE5,ZJ-YQB,2020,ASCENDING,69,ZJ_U51_10K_E031_N309,0.876954,1.0,0.123046,False,True,True,False,True
S1B_IW_GRDH_1SDV_20200106T100115_20200106T100144_019695_0253B4_9CE5,ZJ-YQB,2020,ASCENDING,69,ZJ_U51_10K_E029_N310,0.0,0.106686,0.106686,False,False,False,False,True
S1B_IW_GRDH_1SDV_20200106T100115_20200106T100144_019695_0253B4_9CE5,ZJ-YQB,2020,ASCENDING,69,ZJ_U51_10K_E030_N310,0.0,0.267078,0.267078,False,False,False,False,True
S1B_IW_GRDH_1SDV_20200106T100115_20200106T100144_019695_0253B4_9CE5,ZJ-YQB,2020,ASCENDING,69,ZJ_U51_10K_E031_N310,0.0,0.427455,0.427455,False,False,False,False,True
S1B_IW_GRDH_1SDV_20200106T100115_20200106T100144_019695_0253B4_9CE5,ZJ-YQB,2020,ASCENDING,69,ZJ_U51_10K_E032_N310,0.043204,0.587832,0.544629,False,False,False,False,True
S1B_IW_GRDH_1SDV_20200101T095308_20200101T095337_019622_02515C_B79E,ZJ-YQB,2020,ASCENDING,171,ZJ_U51_10K_E031_N309,0.446789,0.424274,0.022515,False,False,False,False,True
S1B_IW_GRDH_1SDV_20200101T095308_20200101T095337_019622_02515C_B79E,ZJ-YQB,2020,ASCENDING,171,ZJ_U51_10K_E031_N310,0.398216,0.603381,0.205165,False,False,False,False,True
S1B_IW_GRDH_1SDV_20200101T095308_20200101T095337_019622_02515C_B79E,ZJ-YQB,2020,ASCENDING,171,ZJ_U51_10K_E032_N310,0.813869,1.0,0.186131,False,True,True,False,True
S1B_IW_GRDH_1SDV_20200101T095308_20200101T095337_019622_02515C_B79E,ZJ-YQB,2020,ASCENDING,171,ZJ_U51_10K_E031_N311,0.0,0.782228,0.782228,False,False,False,False,True
S1B_IW_GRDH_1SDV_20200101T095308_20200101T095337_019622_02515C_B79E,ZJ-YQB,2020,ASCENDING,171,ZJ_U51_10K_E032_N311,0.0,1.0,1.0,False,True,True,False,True
S1B_IW_GRDH_1SDV_20200101T095308_20200101T095337_019622_02515C_B79E,ZJ-YQB,2020,ASCENDING,171,ZJ_U51_10K_E030_N312,0.0,0.006608,0.006608,False,False,False,False,True
S1B_IW_GRDH_1SDV_20200101T095308_20200101T095337_019622_02515C_B79E,ZJ-YQB,2020,ASCENDING,171,ZJ_U51_10K_E031_N312,0.0,0.953191,0.953191,False,False,False,False,True
S1B_IW_GRDH_1SDV_20200101T095308_20200101T095337_019622_02515C_B79E,ZJ-YQB,2020,ASCENDING,171,ZJ_U51_10K_E032_N312,0.0,1.0,1.0,False,True,True,False,True
S1B_IW_GRDH_1SDV_20200101T095308_20200101T095337_019622_02515C_B79E,ZJ-YQB,2020,ASCENDING,171,ZJ_U51_10K_E031_N313,0.0,1.0,1.0,False,True,True,False,True
S1B_IW_GRDH_1SDV_20200101T095308_20200101T095337_019622_02515C_B79E,ZJ-YQB,2020,ASCENDING,171,ZJ_U51_10K_E032_N313,0.0,1.0,1.0,False,True,True,False,True
S1B_IW_GRDH_1SDV_20200101T095308_20200101T095337_019622_02515C_B79E,ZJ-YQB,2020,ASCENDING,171,ZJ_U51_10K_E032_N314,0.0,1.0,1.0,False,True,True,False,True
S1A_IW_GRDH_1SDV_20150609T215108_20150609T215136_006302_008458_5885,ZJ-YQB,2015,DESCENDING,105,ZJ_U51_10K_E029_N309,0.806579,0.0,0.806579,False,False,False,False,True
S1A_IW_GRDH_1SDV_20150609T215108_20150609T215136_006302_008458_5885,ZJ-YQB,2015,DESCENDING,105,ZJ_U51_10K_E030_N309,0.61245,0.0,0.61245,False,False,False,False,True
S1A_IW_GRDH_1SDV_20150609T215108_20150609T215136_006302_008458_5885,ZJ-YQB,2015,DESCENDING,105,ZJ_U51_10K_E031_N309,0.418322,0.0,0.418322,False,False,False,False,True
S1A_IW_GRDH_1SDV_20150609T215108_20150609T215136_006302_008458_5885,ZJ-YQB,2015,DESCENDING,105,ZJ_U51_10K_E031_N313,0.0,0.042989,0.042989,False,False,False,False,True
S1A_IW_GRDH_1SDV_20150609T215108_20150609T215136_006302_008458_5885,ZJ-YQB,2015,DESCENDING,105,ZJ_U51_10K_E032_N313,0.0,0.225514,0.225514,False,False,False,False,True
S1A_IW_GRDH_1SDV_20150609T215108_20150609T215136_006302_008458_5885,ZJ-YQB,2015,DESCENDING,105,ZJ_U51_10K_E032_N314,0.0,1.0,1.0,False,True,True,False,True
S1B_IW_GRDH_1SDV_20200106T100209_20200106T100234_019695_0253B4_D709,ZJ-HZB,2020,ASCENDING,69,ZJ_U51_10K_E031_N334,1.0,0.0,1.0,True,False,False,True,True
S1B_IW_GRDH_1SDV_20200106T100209_20200106T100234_019695_0253B4_D709,ZJ-HZB,2020,ASCENDING,69,ZJ_U51_10K_E032_N334,0.98231,0.0,0.98231,False,False,False,False,True
S1B_IW_GRDH_1SDV_20200106T100209_20200106T100234_019695_0253B4_D709,ZJ-HZB,2020,ASCENDING,69,ZJ_U51_10K_E033_N334,0.021516,0.0,0.021516,False,False,False,False,True
S1B_IW_GRDH_1SDV_20200106T100209_20200106T100234_019695_0253B4_D709,ZJ-HZB,2020,ASCENDING,69,ZJ_U51_10K_E029_N335,1.0,0.0,1.0,True,False,False,True,True
S1B_IW_GRDH_1SDV_20200106T100209_20200106T100234_019695_0253B4_D709,ZJ-HZB,2020,ASCENDING,69,ZJ_U51_10K_E030_N335,1.0,0.0,1.0,True,False,False,True,True
S1B_IW_GRDH_1SDV_20200106T100209_20200106T100234_019695_0253B4_D709,ZJ-HZB,2020,ASCENDING,69,ZJ_U51_10K_E031_N335,1.0,0.0,1.0,True,False,False,True,True
S1B_IW_GRDH_1SDV_20200106T100209_20200106T100234_019695_0253B4_D709,ZJ-HZB,2020,ASCENDING,69,ZJ_U51_10K_E032_N335,0.847394,0.0,0.847394,False,False,False,False,True
S1B_IW_GRDH_1SDV_20200106T100209_20200106T100234_019695_0253B4_D709,ZJ-HZB,2020,ASCENDING,69,ZJ_U51_10K_E029_N336,1.0,0.0,1.0,True,False,False,True,True
S1B_IW_GRDH_1SDV_20200106T100209_20200106T100234_019695_0253B4_D709,ZJ-HZB,2020,ASCENDING,69,ZJ_U51_10K_E030_N336,1.0,0.0,1.0,True,False,False,True,True
S1B_IW_GRDH_1SDV_20200106T100209_20200106T100234_019695_0253B4_D709,ZJ-HZB,2020,ASCENDING,69,ZJ_U51_10K_E031_N336,1.0,0.0,1.0,True,False,False,True,True
S1B_IW_GRDH_1SDV_20200106T100209_20200106T100234_019695_0253B4_D709,ZJ-HZB,2020,ASCENDING,69,ZJ_U51_10K_E032_N336,0.690967,0.0,0.690967,False,False,False,False,True
S1B_IW_GRDH_1SDV_20200106T100209_20200106T100234_019695_0253B4_D709,ZJ-HZB,2020,ASCENDING,69,ZJ_U51_10K_E031_N337,1.0,0.0,1.0,True,False,False,True,True
S1B_IW_GRDH_1SDV_20200106T100209_20200106T100234_019695_0253B4_D709,ZJ-HZB,2020,ASCENDING,69,ZJ_U51_10K_E032_N337,0.534604,0.0,0.534604,False,False,False,False,True
S1B_IW_GRDH_1SDV_20200106T100209_20200106T100234_019695_0253B4_D709,ZJ-HZB,2020,ASCENDING,69,ZJ_U51_10K_E032_N338,0.378603,0.0,0.378603,False,False,False,False,True
S1A_IW_GRDH_1SDV_20230103T095442_20230103T095507_046618_059653_5B8C,ZJ-HZB,2023,ASCENDING,171,ZJ_U51_10K_E037_N331,1.0,0.0,1.0,True,False,False,True,True
S1A_IW_GRDH_1SDV_20230103T095442_20230103T095507_046618_059653_5B8C,ZJ-HZB,2023,ASCENDING,171,ZJ_U51_10K_E035_N332,0.403467,0.0,0.403467,False,False,False,False,True
S1A_IW_GRDH_1SDV_20230103T095442_20230103T095507_046618_059653_5B8C,ZJ-HZB,2023,ASCENDING,171,ZJ_U51_10K_E036_N332,0.575108,0.0,0.575108,False,False,False,False,True
S1A_IW_GRDH_1SDV_20230103T095442_20230103T095507_046618_059653_5B8C,ZJ-HZB,2023,ASCENDING,171,ZJ_U51_10K_E037_N332,0.746749,0.0,0.746749,False,False,False,False,True
S1A_IW_GRDH_1SDV_20230103T095442_20230103T095507_046618_059653_5B8C,ZJ-HZB,2023,ASCENDING,171,ZJ_U51_10K_E038_N332,0.918337,0.0,0.918337,False,False,False,False,True
S1A_IW_GRDH_1SDV_20230103T095442_20230103T095507_046618_059653_5B8C,ZJ-HZB,2023,ASCENDING,171,ZJ_U51_10K_E038_N333,5.1e-05,0.0,5.1e-05,False,False,False,False,True
S1A_IW_GRDH_1SDV_20150602T215816_20150602T215841_006200_008158_888C,ZJ-HZB,2015,DESCENDING,3,ZJ_U51_10K_E034_N333,0.307762,0.323659,0.015897,False,False,False,False,True
S1A_IW_GRDH_1SDV_20150602T215816_20150602T215841_006200_008158_888C,ZJ-HZB,2015,DESCENDING,3,ZJ_U51_10K_E031_N334,1.0,1.0,0.0,True,True,False,False,True
S1A_IW_GRDH_1SDV_20150602T215816_20150602T215841_006200_008158_888C,ZJ-HZB,2015,DESCENDING,3,ZJ_U51_10K_E032_N334,1.0,1.0,0.0,True,True,False,False,True
S1A_IW_GRDH_1SDV_20150602T215816_20150602T215841_006200_008158_888C,ZJ-HZB,2015,DESCENDING,3,ZJ_U51_10K_E033_N334,1.0,1.0,0.0,True,True,False,False,True
S1A_IW_GRDH_1SDV_20150602T215816_20150602T215841_006200_008158_888C,ZJ-HZB,2015,DESCENDING,3,ZJ_U51_10K_E034_N334,0.544118,0.553967,0.00985,False,False,False,False,True
S1A_IW_GRDH_1SDV_20150602T215816_20150602T215841_006200_008158_888C,ZJ-HZB,2015,DESCENDING,3,ZJ_U51_10K_E029_N335,1.0,1.0,0.0,True,True,False,False,True
S1A_IW_GRDH_1SDV_20150602T215816_20150602T215841_006200_008158_888C,ZJ-HZB,2015,DESCENDING,3,ZJ_U51_10K_E030_N335,1.0,1.0,0.0,True,True,False,False,True
S1A_IW_GRDH_1SDV_20150602T215816_20150602T215841_006200_008158_888C,ZJ-HZB,2015,DESCENDING,3,ZJ_U51_10K_E031_N335,1.0,1.0,0.0,True,True,False,False,True
S1A_IW_GRDH_1SDV_20150602T215816_20150602T215841_006200_008158_888C,ZJ-HZB,2015,DESCENDING,3,ZJ_U51_10K_E032_N335,1.0,1.0,0.0,True,True,False,False,True
S1A_IW_GRDH_1SDV_20150602T215816_20150602T215841_006200_008158_888C,ZJ-HZB,2015,DESCENDING,3,ZJ_U51_10K_E033_N335,1.0,1.0,0.0,True,True,False,False,True
S1A_IW_GRDH_1SDV_20150602T215816_20150602T215841_006200_008158_888C,ZJ-HZB,2015,DESCENDING,3,ZJ_U51_10K_E034_N335,0.758958,0.765604,0.006646,False,False,False,False,True
S1A_IW_GRDH_1SDV_20150602T215816_20150602T215841_006200_008158_888C,ZJ-HZB,2015,DESCENDING,3,ZJ_U51_10K_E029_N336,1.0,1.0,0.0,True,True,False,False,True
S1A_IW_GRDH_1SDV_20150602T215816_20150602T215841_006200_008158_888C,ZJ-HZB,2015,DESCENDING,3,ZJ_U51_10K_E030_N336,1.0,1.0,0.0,True,True,False,False,True
S1A_IW_GRDH_1SDV_20150602T215816_20150602T215841_006200_008158_888C,ZJ-HZB,2015,DESCENDING,3,ZJ_U51_10K_E031_N336,1.0,1.0,0.0,True,True,False,False,True
S1A_IW_GRDH_1SDV_20150602T215816_20150602T215841_006200_008158_888C,ZJ-HZB,2015,DESCENDING,3,ZJ_U51_10K_E032_N336,1.0,1.0,0.0,True,True,False,False,True
S1A_IW_GRDH_1SDV_20150602T215816_20150602T215841_006200_008158_888C,ZJ-HZB,2015,DESCENDING,3,ZJ_U51_10K_E033_N336,1.0,1.0,0.0,True,True,False,False,True
S1A_IW_GRDH_1SDV_20150602T215816_20150602T215841_006200_008158_888C,ZJ-HZB,2015,DESCENDING,3,ZJ_U51_10K_E034_N336,0.958446,0.960942,0.002495,False,False,False,False,True
S1A_IW_GRDH_1SDV_20150602T215816_20150602T215841_006200_008158_888C,ZJ-HZB,2015,DESCENDING,3,ZJ_U51_10K_E035_N336,0.015352,0.016298,0.000946,False,False,False,False,True
S1A_IW_GRDH_1SDV_20150602T215816_20150602T215841_006200_008158_888C,ZJ-HZB,2015,DESCENDING,3,ZJ_U51_10K_E031_N337,1.0,1.0,0.0,True,True,False,False,True
S1A_IW_GRDH_1SDV_20150602T215816_20150602T215841_006200_008158_888C,ZJ-HZB,2015,DESCENDING,3,ZJ_U51_10K_E032_N337,1.0,1.0,0.0,True,True,False,False,True
S1A_IW_GRDH_1SDV_20150602T215816_20150602T215841_006200_008158_888C,ZJ-HZB,2015,DESCENDING,3,ZJ_U51_10K_E033_N337,1.0,1.0,0.0,True,True,False,False,True
S1A_IW_GRDH_1SDV_20150602T215816_20150602T215841_006200_008158_888C,ZJ-HZB,2015,DESCENDING,3,ZJ_U51_10K_E034_N337,1.0,1.0,0.0,True,True,False,False,True
S1A_IW_GRDH_1SDV_20150602T215816_20150602T215841_006200_008158_888C,ZJ-HZB,2015,DESCENDING,3,ZJ_U51_10K_E035_N337,0.188639,0.188876,0.000238,False,False,False,False,True
S1A_IW_GRDH_1SDV_20150602T215816_20150602T215841_006200_008158_888C,ZJ-HZB,2015,DESCENDING,3,ZJ_U51_10K_E032_N338,1.0,1.0,0.0,True,True,False,False,True
S1A_IW_GRDH_1SDV_20150602T215816_20150602T215841_006200_008158_888C,ZJ-HZB,2015,DESCENDING,3,ZJ_U51_10K_E033_N338,1.0,1.0,0.0,True,True,False,False,True
S1A_IW_GRDH_1SDV_20150602T215816_20150602T215841_006200_008158_888C,ZJ-HZB,2015,DESCENDING,3,ZJ_U51_10K_E034_N338,1.0,1.0,0.0,True,True,False,False,True
S1A_IW_GRDH_1SDV_20150602T215816_20150602T215841_006200_008158_888C,ZJ-HZB,2015,DESCENDING,3,ZJ_U51_10K_E035_N338,0.403479,0.400513,0.002966,False,False,False,False,True
S1A_IW_GRDH_1SDV_20150602T215816_20150602T215841_006200_008158_888C,ZJ-HZB,2015,DESCENDING,3,ZJ_U51_10K_E034_N339,1.0,1.0,0.0,True,True,False,False,True
S1A_IW_GRDH_1SDV_20150602T215816_20150602T215841_006200_008158_888C,ZJ-HZB,2015,DESCENDING,3,ZJ_U51_10K_E035_N339,0.618319,0.612149,0.00617,False,False,False,False,True
S1B_IW_GRDH_1SDV_20200106T100144_20200106T100209_019695_0253B4_57BB,ZJ-SMB,2020,ASCENDING,69,ZJ_U51_10K_E034_N320,1.0,0.0,1.0,True,False,False,True,True
S1B_IW_GRDH_1SDV_20200106T100144_20200106T100209_019695_0253B4_57BB,ZJ-SMB,2020,ASCENDING,69,ZJ_U51_10K_E035_N320,0.209801,0.0,0.209801,False,False,False,False,True
S1B_IW_GRDH_1SDV_20200106T100144_20200106T100209_019695_0253B4_57BB,ZJ-SMB,2020,ASCENDING,69,ZJ_U51_10K_E034_N321,0.998583,0.0,0.998583,True,False,False,True,True
S1B_IW_GRDH_1SDV_20200106T100144_20200106T100209_019695_0253B4_57BB,ZJ-SMB,2020,ASCENDING,69,ZJ_U51_10K_E035_N321,0.057768,0.0,0.057768,False,False,False,False,True
S1B_IW_GRDH_1SDV_20200106T100144_20200106T100209_019695_0253B4_57BB,ZJ-SMB,2020,ASCENDING,69,ZJ_U51_10K_E034_N322,0.901362,0.0,0.901362,False,False,False,False,True
S1B_IW_GRDH_1SDV_20200106T100144_20200106T100209_019695_0253B4_57BB,ZJ-SMB,2020,ASCENDING,69,ZJ_U51_10K_E034_N323,0.746049,0.0,0.746049,False,False,False,False,True
S1B_IW_GRDH_1SDV_20200106T100144_20200106T100209_019695_0253B4_57BB,ZJ-SMB,2020,ASCENDING,69,ZJ_U51_10K_E034_N324,0.590735,0.0,0.590735,False,False,False,False,True
S1B_IW_GRDH_1SDV_20200106T100144_20200106T100209_019695_0253B4_57BB,ZJ-SMB,2020,ASCENDING,69,ZJ_U51_10K_E034_N325,0.435407,0.0,0.435407,False,False,False,False,True
S1A_IW_GRDH_1SDV_20240110T095446_20240110T095511_052043_064A1D_3551,ZJ-SMB,2024,ASCENDING,171,ZJ_U51_10K_E034_N320,1.0,0.0,1.0,True,False,False,True,True
S1A_IW_GRDH_1SDV_20240110T095446_20240110T095511_052043_064A1D_3551,ZJ-SMB,2024,ASCENDING,171,ZJ_U51_10K_E035_N320,1.0,0.0,1.0,True,False,False,True,True
S1A_IW_GRDH_1SDV_20240110T095446_20240110T095511_052043_064A1D_3551,ZJ-SMB,2024,ASCENDING,171,ZJ_U51_10K_E036_N320,1.0,0.0,1.0,True,False,False,True,True
S1A_IW_GRDH_1SDV_20240110T095446_20240110T095511_052043_064A1D_3551,ZJ-SMB,2024,ASCENDING,171,ZJ_U51_10K_E037_N320,1.0,0.0,1.0,True,False,False,True,True
S1A_IW_GRDH_1SDV_20240110T095446_20240110T095511_052043_064A1D_3551,ZJ-SMB,2024,ASCENDING,171,ZJ_U51_10K_E038_N320,1.0,0.0,1.0,True,False,False,True,True
S1A_IW_GRDH_1SDV_20240110T095446_20240110T095511_052043_064A1D_3551,ZJ-SMB,2024,ASCENDING,171,ZJ_U51_10K_E039_N320,1.0,0.0,1.0,True,False,False,True,True
S1A_IW_GRDH_1SDV_20240110T095446_20240110T095511_052043_064A1D_3551,ZJ-SMB,2024,ASCENDING,171,ZJ_U51_10K_E034_N321,1.0,0.0,1.0,True,False,False,True,True
S1A_IW_GRDH_1SDV_20240110T095446_20240110T095511_052043_064A1D_3551,ZJ-SMB,2024,ASCENDING,171,ZJ_U51_10K_E035_N321,1.0,0.0,1.0,True,False,False,True,True
S1A_IW_GRDH_1SDV_20240110T095446_20240110T095511_052043_064A1D_3551,ZJ-SMB,2024,ASCENDING,171,ZJ_U51_10K_E036_N321,1.0,0.0,1.0,True,False,False,True,True
S1A_IW_GRDH_1SDV_20240110T095446_20240110T095511_052043_064A1D_3551,ZJ-SMB,2024,ASCENDING,171,ZJ_U51_10K_E037_N321,1.0,0.0,1.0,True,False,False,True,True
S1A_IW_GRDH_1SDV_20240110T095446_20240110T095511_052043_064A1D_3551,ZJ-SMB,2024,ASCENDING,171,ZJ_U51_10K_E038_N321,1.0,0.0,1.0,True,False,False,True,True
S1A_IW_GRDH_1SDV_20240110T095446_20240110T095511_052043_064A1D_3551,ZJ-SMB,2024,ASCENDING,171,ZJ_U51_10K_E039_N321,1.0,0.0,1.0,True,False,False,True,True
S1A_IW_GRDH_1SDV_20240110T095446_20240110T095511_052043_064A1D_3551,ZJ-SMB,2024,ASCENDING,171,ZJ_U51_10K_E034_N322,1.0,0.0,1.0,True,False,False,True,True
S1A_IW_GRDH_1SDV_20240110T095446_20240110T095511_052043_064A1D_3551,ZJ-SMB,2024,ASCENDING,171,ZJ_U51_10K_E035_N322,1.0,0.0,1.0,True,False,False,True,True
S1A_IW_GRDH_1SDV_20240110T095446_20240110T095511_052043_064A1D_3551,ZJ-SMB,2024,ASCENDING,171,ZJ_U51_10K_E036_N322,1.0,0.0,1.0,True,False,False,True,True
S1A_IW_GRDH_1SDV_20240110T095446_20240110T095511_052043_064A1D_3551,ZJ-SMB,2024,ASCENDING,171,ZJ_U51_10K_E037_N322,1.0,0.0,1.0,True,False,False,True,True
S1A_IW_GRDH_1SDV_20240110T095446_20240110T095511_052043_064A1D_3551,ZJ-SMB,2024,ASCENDING,171,ZJ_U51_10K_E038_N322,1.0,0.0,1.0,True,False,False,True,True
S1A_IW_GRDH_1SDV_20240110T095446_20240110T095511_052043_064A1D_3551,ZJ-SMB,2024,ASCENDING,171,ZJ_U51_10K_E039_N322,1.0,0.0,1.0,True,False,False,True,True
S1A_IW_GRDH_1SDV_20240110T095446_20240110T095511_052043_064A1D_3551,ZJ-SMB,2024,ASCENDING,171,ZJ_U51_10K_E034_N323,1.0,0.0,1.0,True,False,False,True,True
S1A_IW_GRDH_1SDV_20240110T095446_20240110T095511_052043_064A1D_3551,ZJ-SMB,2024,ASCENDING,171,ZJ_U51_10K_E035_N323,1.0,0.0,1.0,True,False,False,True,True
S1A_IW_GRDH_1SDV_20240110T095446_20240110T095511_052043_064A1D_3551,ZJ-SMB,2024,ASCENDING,171,ZJ_U51_10K_E036_N323,1.0,0.0,1.0,True,False,False,True,True
S1A_IW_GRDH_1SDV_20240110T095446_20240110T095511_052043_064A1D_3551,ZJ-SMB,2024,ASCENDING,171,ZJ_U51_10K_E037_N323,1.0,0.0,1.0,True,False,False,True,True
S1A_IW_GRDH_1SDV_20240110T095446_20240110T095511_052043_064A1D_3551,ZJ-SMB,2024,ASCENDING,171,ZJ_U51_10K_E038_N323,1.0,0.0,1.0,True,False,False,True,True
S1A_IW_GRDH_1SDV_20240110T095446_20240110T095511_052043_064A1D_3551,ZJ-SMB,2024,ASCENDING,171,ZJ_U51_10K_E039_N323,1.0,0.0,1.0,True,False,False,True,True
S1A_IW_GRDH_1SDV_20240110T095446_20240110T095511_052043_064A1D_3551,ZJ-SMB,2024,ASCENDING,171,ZJ_U51_10K_E034_N324,1.0,0.0,1.0,True,False,False,True,True
S1A_IW_GRDH_1SDV_20240110T095446_20240110T095511_052043_064A1D_3551,ZJ-SMB,2024,ASCENDING,171,ZJ_U51_10K_E035_N324,1.0,0.0,1.0,True,False,False,True,True
S1A_IW_GRDH_1SDV_20240110T095446_20240110T095511_052043_064A1D_3551,ZJ-SMB,2024,ASCENDING,171,ZJ_U51_10K_E036_N324,1.0,0.0,1.0,True,False,False,True,True
S1A_IW_GRDH_1SDV_20240110T095446_20240110T095511_052043_064A1D_3551,ZJ-SMB,2024,ASCENDING,171,ZJ_U51_10K_E037_N324,1.0,0.0,1.0,True,False,False,True,True
S1A_IW_GRDH_1SDV_20240110T095446_20240110T095511_052043_064A1D_3551,ZJ-SMB,2024,ASCENDING,171,ZJ_U51_10K_E034_N325,1.0,0.0,1.0,True,False,False,True,True
S1A_IW_GRDH_1SDV_20240110T095446_20240110T095511_052043_064A1D_3551,ZJ-SMB,2024,ASCENDING,171,ZJ_U51_10K_E035_N325,1.0,0.0,1.0,True,False,False,True,True
S1A_IW_GRDH_1SDV_20210106T100207_20210106T100232_036016_043851_D44E,ZJ-YQB,2021,ASCENDING,69,ZJ_U51_10K_E029_N309,0.915559,1.0,0.084441,False,True,True,False,True
S1A_IW_GRDH_1SDV_20210106T100207_20210106T100232_036016_043851_D44E,ZJ-YQB,2021,ASCENDING,69,ZJ_U51_10K_E030_N309,0.999945,1.0,5.5e-05,True,True,False,False,True
S1A_IW_GRDH_1SDV_20210106T100207_20210106T100232_036016_043851_D44E,ZJ-YQB,2021,ASCENDING,69,ZJ_U51_10K_E031_N309,1.0,1.0,0.0,True,True,False,False,True
S1A_IW_GRDH_1SDV_20210106T100207_20210106T100232_036016_043851_D44E,ZJ-YQB,2021,ASCENDING,69,ZJ_U51_10K_E029_N310,0.0,0.106686,0.106686,False,False,False,False,True
S1A_IW_GRDH_1SDV_20210106T100207_20210106T100232_036016_043851_D44E,ZJ-YQB,2021,ASCENDING,69,ZJ_U51_10K_E030_N310,0.076089,0.267078,0.190989,False,False,False,False,True
S1A_IW_GRDH_1SDV_20210106T100207_20210106T100232_036016_043851_D44E,ZJ-YQB,2021,ASCENDING,69,ZJ_U51_10K_E031_N310,0.236509,0.427455,0.190947,False,False,False,False,True
S1A_IW_GRDH_1SDV_20210106T100207_20210106T100232_036016_043851_D44E,ZJ-YQB,2021,ASCENDING,69,ZJ_U51_10K_E032_N310,0.396983,0.587832,0.190849,False,False,False,False,True
S1A_IW_GRDH_1SDV_20210101T095402_20210101T095431_035943_0435C1_6EF4,ZJ-YQB,2021,ASCENDING,171,ZJ_U51_10K_E031_N309,0.4339,0.424274,0.009626,False,False,False,False,True
S1A_IW_GRDH_1SDV_20210101T095402_20210101T095431_035943_0435C1_6EF4,ZJ-YQB,2021,ASCENDING,171,ZJ_U51_10K_E031_N310,0.612954,0.603381,0.009573,False,False,False,False,True
S1A_IW_GRDH_1SDV_20210101T095402_20210101T095431_035943_0435C1_6EF4,ZJ-YQB,2021,ASCENDING,171,ZJ_U51_10K_E032_N310,1.0,1.0,0.0,True,True,False,False,True
S1A_IW_GRDH_1SDV_20210101T095402_20210101T095431_035943_0435C1_6EF4,ZJ-YQB,2021,ASCENDING,171,ZJ_U51_10K_E031_N311,0.790899,0.782228,0.008671,False,False,False,False,True
S1A_IW_GRDH_1SDV_20210101T095402_20210101T095431_035943_0435C1_6EF4,ZJ-YQB,2021,ASCENDING,171,ZJ_U51_10K_E032_N311,1.0,1.0,0.0,True,True,False,False,True
S1A_IW_GRDH_1SDV_20210101T095402_20210101T095431_035943_0435C1_6EF4,ZJ-YQB,2021,ASCENDING,171,ZJ_U51_10K_E030_N312,0.006219,0.006608,0.000389,False,False,False,False,True
S1A_IW_GRDH_1SDV_20210101T095402_20210101T095431_035943_0435C1_6EF4,ZJ-YQB,2021,ASCENDING,171,ZJ_U51_10K_E031_N312,0.955149,0.953191,0.001958,False,False,False,False,True
S1A_IW_GRDH_1SDV_20210101T095402_20210101T095431_035943_0435C1_6EF4,ZJ-YQB,2021,ASCENDING,171,ZJ_U51_10K_E032_N312,1.0,1.0,0.0,True,True,False,False,True
S1A_IW_GRDH_1SDV_20210101T095402_20210101T095431_035943_0435C1_6EF4,ZJ-YQB,2021,ASCENDING,171,ZJ_U51_10K_E031_N313,1.0,1.0,0.0,True,True,False,False,True
S1A_IW_GRDH_1SDV_20210101T095402_20210101T095431_035943_0435C1_6EF4,ZJ-YQB,2021,ASCENDING,171,ZJ_U51_10K_E032_N313,1.0,1.0,0.0,True,True,False,False,True
S1A_IW_GRDH_1SDV_20210101T095402_20210101T095431_035943_0435C1_6EF4,ZJ-YQB,2021,ASCENDING,171,ZJ_U51_10K_E032_N314,0.625332,1.0,0.374668,False,True,True,False,True
S1A_IW_GRDH_1SDV_20210106T100257_20210106T100322_036016_043851_63A6,ZJ-HZB,2021,ASCENDING,69,ZJ_U51_10K_E031_N334,1.0,0.0,1.0,True,False,False,True,True
S1A_IW_GRDH_1SDV_20210106T100257_20210106T100322_036016_043851_63A6,ZJ-HZB,2021,ASCENDING,69,ZJ_U51_10K_E032_N334,0.981281,0.0,0.981281,False,False,False,False,True
S1A_IW_GRDH_1SDV_20210106T100257_20210106T100322_036016_043851_63A6,ZJ-HZB,2021,ASCENDING,69,ZJ_U51_10K_E033_N334,0.020377,0.0,0.020377,False,False,False,False,True
S1A_IW_GRDH_1SDV_20210106T100257_20210106T100322_036016_043851_63A6,ZJ-HZB,2021,ASCENDING,69,ZJ_U51_10K_E029_N335,1.0,0.0,1.0,True,False,False,True,True
S1A_IW_GRDH_1SDV_20210106T100257_20210106T100322_036016_043851_63A6,ZJ-HZB,2021,ASCENDING,69,ZJ_U51_10K_E030_N335,1.0,0.0,1.0,True,False,False,True,True
S1A_IW_GRDH_1SDV_20210106T100257_20210106T100322_036016_043851_63A6,ZJ-HZB,2021,ASCENDING,69,ZJ_U51_10K_E031_N335,1.0,0.0,1.0,True,False,False,True,True
S1A_IW_GRDH_1SDV_20210106T100257_20210106T100322_036016_043851_63A6,ZJ-HZB,2021,ASCENDING,69,ZJ_U51_10K_E032_N335,0.84539,0.0,0.84539,False,False,False,False,True
S1A_IW_GRDH_1SDV_20210106T100257_20210106T100322_036016_043851_63A6,ZJ-HZB,2021,ASCENDING,69,ZJ_U51_10K_E029_N336,1.0,0.0,1.0,True,False,False,True,True
S1A_IW_GRDH_1SDV_20210106T100257_20210106T100322_036016_043851_63A6,ZJ-HZB,2021,ASCENDING,69,ZJ_U51_10K_E030_N336,1.0,0.0,1.0,True,False,False,True,True
S1A_IW_GRDH_1SDV_20210106T100257_20210106T100322_036016_043851_63A6,ZJ-HZB,2021,ASCENDING,69,ZJ_U51_10K_E031_N336,1.0,0.0,1.0,True,False,False,True,True
S1A_IW_GRDH_1SDV_20210106T100257_20210106T100322_036016_043851_63A6,ZJ-HZB,2021,ASCENDING,69,ZJ_U51_10K_E032_N336,0.689138,0.0,0.689138,False,False,False,False,True
S1A_IW_GRDH_1SDV_20210106T100257_20210106T100322_036016_043851_63A6,ZJ-HZB,2021,ASCENDING,69,ZJ_U51_10K_E031_N337,1.0,0.0,1.0,True,False,False,True,True
S1A_IW_GRDH_1SDV_20210106T100257_20210106T100322_036016_043851_63A6,ZJ-HZB,2021,ASCENDING,69,ZJ_U51_10K_E032_N337,0.532912,0.0,0.532912,False,False,False,False,True
S1A_IW_GRDH_1SDV_20210106T100257_20210106T100322_036016_043851_63A6,ZJ-HZB,2021,ASCENDING,69,ZJ_U51_10K_E032_N338,0.377043,0.0,0.377043,False,False,False,False,True
S1A_IW_GRDH_1SDV_20250104T095441_20250104T095506_057293_070C89_A4EF,ZJ-HZB,2025,ASCENDING,171,ZJ_U51_10K_E037_N331,1.0,0.0,1.0,True,False,False,True,True
S1A_IW_GRDH_1SDV_20250104T095441_20250104T095506_057293_070C89_A4EF,ZJ-HZB,2025,ASCENDING,171,ZJ_U51_10K_E035_N332,0.401981,0.0,0.401981,False,False,False,False,True
S1A_IW_GRDH_1SDV_20250104T095441_20250104T095506_057293_070C89_A4EF,ZJ-HZB,2025,ASCENDING,171,ZJ_U51_10K_E036_N332,0.573621,0.0,0.573621,False,False,False,False,True
S1A_IW_GRDH_1SDV_20250104T095441_20250104T095506_057293_070C89_A4EF,ZJ-HZB,2025,ASCENDING,171,ZJ_U51_10K_E037_N332,0.745251,0.0,0.745251,False,False,False,False,True
S1A_IW_GRDH_1SDV_20250104T095441_20250104T095506_057293_070C89_A4EF,ZJ-HZB,2025,ASCENDING,171,ZJ_U51_10K_E038_N332,0.916847,0.0,0.916847,False,False,False,False,True
S1A_IW_GRDH_1SDV_20250104T095441_20250104T095506_057293_070C89_A4EF,ZJ-HZB,2025,ASCENDING,171,ZJ_U51_10K_E038_N333,2.1e-05,0.0,2.1e-05,False,False,False,False,True
S1A_IW_GRDH_1SDV_20160702T215817_20160702T215852_011975_012784_C010,ZJ-HZB,2016,DESCENDING,3,ZJ_U51_10K_E034_N333,0.304841,0.323659,0.018818,False,False,False,False,True
S1A_IW_GRDH_1SDV_20160702T215817_20160702T215852_011975_012784_C010,ZJ-HZB,2016,DESCENDING,3,ZJ_U51_10K_E031_N334,1.0,1.0,0.0,True,True,False,False,True
S1A_IW_GRDH_1SDV_20160702T215817_20160702T215852_011975_012784_C010,ZJ-HZB,2016,DESCENDING,3,ZJ_U51_10K_E032_N334,1.0,1.0,0.0,True,True,False,False,True
S1A_IW_GRDH_1SDV_20160702T215817_20160702T215852_011975_012784_C010,ZJ-HZB,2016,DESCENDING,3,ZJ_U51_10K_E033_N334,1.0,1.0,0.0,True,True,False,False,True
S1A_IW_GRDH_1SDV_20160702T215817_20160702T215852_011975_012784_C010,ZJ-HZB,2016,DESCENDING,3,ZJ_U51_10K_E034_N334,0.513969,0.553967,0.039998,False,False,False,False,True
S1A_IW_GRDH_1SDV_20160702T215817_20160702T215852_011975_012784_C010,ZJ-HZB,2016,DESCENDING,3,ZJ_U51_10K_E029_N335,1.0,1.0,0.0,True,True,False,False,True
S1A_IW_GRDH_1SDV_20160702T215817_20160702T215852_011975_012784_C010,ZJ-HZB,2016,DESCENDING,3,ZJ_U51_10K_E030_N335,1.0,1.0,0.0,True,True,False,False,True
S1A_IW_GRDH_1SDV_20160702T215817_20160702T215852_011975_012784_C010,ZJ-HZB,2016,DESCENDING,3,ZJ_U51_10K_E031_N335,1.0,1.0,0.0,True,True,False,False,True
S1A_IW_GRDH_1SDV_20160702T215817_20160702T215852_011975_012784_C010,ZJ-HZB,2016,DESCENDING,3,ZJ_U51_10K_E032_N335,1.0,1.0,0.0,True,True,False,False,True
S1A_IW_GRDH_1SDV_20160702T215817_20160702T215852_011975_012784_C010,ZJ-HZB,2016,DESCENDING,3,ZJ_U51_10K_E033_N335,1.0,1.0,0.0,True,True,False,False,True
S1A_IW_GRDH_1SDV_20160702T215817_20160702T215852_011975_012784_C010,ZJ-HZB,2016,DESCENDING,3,ZJ_U51_10K_E034_N335,0.72267,0.765604,0.042934,False,False,False,False,True
S1A_IW_GRDH_1SDV_20160702T215817_20160702T215852_011975_012784_C010,ZJ-HZB,2016,DESCENDING,3,ZJ_U51_10K_E029_N336,1.0,1.0,0.0,True,True,False,False,True
S1A_IW_GRDH_1SDV_20160702T215817_20160702T215852_011975_012784_C010,ZJ-HZB,2016,DESCENDING,3,ZJ_U51_10K_E030_N336,1.0,1.0,0.0,True,True,False,False,True
S1A_IW_GRDH_1SDV_20160702T215817_20160702T215852_011975_012784_C010,ZJ-HZB,2016,DESCENDING,3,ZJ_U51_10K_E031_N336,1.0,1.0,0.0,True,True,False,False,True
S1A_IW_GRDH_1SDV_20160702T215817_20160702T215852_011975_012784_C010,ZJ-HZB,2016,DESCENDING,3,ZJ_U51_10K_E032_N336,1.0,1.0,0.0,True,True,False,False,True
S1A_IW_GRDH_1SDV_20160702T215817_20160702T215852_011975_012784_C010,ZJ-HZB,2016,DESCENDING,3,ZJ_U51_10K_E033_N336,1.0,1.0,0.0,True,True,False,False,True
S1A_IW_GRDH_1SDV_20160702T215817_20160702T215852_011975_012784_C010,ZJ-HZB,2016,DESCENDING,3,ZJ_U51_10K_E034_N336,0.928304,0.960942,0.032637,False,False,False,False,True
S1A_IW_GRDH_1SDV_20160702T215817_20160702T215852_011975_012784_C010,ZJ-HZB,2016,DESCENDING,3,ZJ_U51_10K_E035_N336,0.003054,0.016298,0.013244,False,False,False,False,True
S1A_IW_GRDH_1SDV_20160702T215817_20160702T215852_011975_012784_C010,ZJ-HZB,2016,DESCENDING,3,ZJ_U51_10K_E031_N337,1.0,1.0,0.0,True,True,False,False,True
S1A_IW_GRDH_1SDV_20160702T215817_20160702T215852_011975_012784_C010,ZJ-HZB,2016,DESCENDING,3,ZJ_U51_10K_E032_N337,1.0,1.0,0.0,True,True,False,False,True
S1A_IW_GRDH_1SDV_20160702T215817_20160702T215852_011975_012784_C010,ZJ-HZB,2016,DESCENDING,3,ZJ_U51_10K_E033_N337,1.0,1.0,0.0,True,True,False,False,True
S1A_IW_GRDH_1SDV_20160702T215817_20160702T215852_011975_012784_C010,ZJ-HZB,2016,DESCENDING,3,ZJ_U51_10K_E034_N337,1.0,1.0,0.0,True,True,False,False,True
S1A_IW_GRDH_1SDV_20160702T215817_20160702T215852_011975_012784_C010,ZJ-HZB,2016,DESCENDING,3,ZJ_U51_10K_E035_N337,0.140047,0.188876,0.04883,False,False,False,False,True
S1A_IW_GRDH_1SDV_20160702T215817_20160702T215852_011975_012784_C010,ZJ-HZB,2016,DESCENDING,3,ZJ_U51_10K_E032_N338,1.0,1.0,0.0,True,True,False,False,True
S1A_IW_GRDH_1SDV_20160702T215817_20160702T215852_011975_012784_C010,ZJ-HZB,2016,DESCENDING,3,ZJ_U51_10K_E033_N338,1.0,1.0,0.0,True,True,False,False,True
S1A_IW_GRDH_1SDV_20160702T215817_20160702T215852_011975_012784_C010,ZJ-HZB,2016,DESCENDING,3,ZJ_U51_10K_E034_N338,1.0,1.0,0.0,True,True,False,False,True
S1A_IW_GRDH_1SDV_20160702T215817_20160702T215852_011975_012784_C010,ZJ-HZB,2016,DESCENDING,3,ZJ_U51_10K_E035_N338,0.348735,0.400513,0.051778,False,False,False,False,True
S1A_IW_GRDH_1SDV_20160702T215817_20160702T215852_011975_012784_C010,ZJ-HZB,2016,DESCENDING,3,ZJ_U51_10K_E034_N339,1.0,1.0,0.0,True,True,False,False,True
S1A_IW_GRDH_1SDV_20160702T215817_20160702T215852_011975_012784_C010,ZJ-HZB,2016,DESCENDING,3,ZJ_U51_10K_E035_N339,0.557423,0.612149,0.054726,False,False,False,False,True
S1A_IW_GRDH_1SDV_20210106T100232_20210106T100257_036016_043851_DECC,ZJ-SMB,2021,ASCENDING,69,ZJ_U51_10K_E034_N320,1.0,0.0,1.0,True,False,False,True,True
S1A_IW_GRDH_1SDV_20210106T100232_20210106T100257_036016_043851_DECC,ZJ-SMB,2021,ASCENDING,69,ZJ_U51_10K_E035_N320,0.207864,0.0,0.207864,False,False,False,False,True
S1A_IW_GRDH_1SDV_20210106T100232_20210106T100257_036016_043851_DECC,ZJ-SMB,2021,ASCENDING,69,ZJ_U51_10K_E034_N321,0.998351,0.0,0.998351,True,False,False,True,True
S1A_IW_GRDH_1SDV_20210106T100232_20210106T100257_036016_043851_DECC,ZJ-SMB,2021,ASCENDING,69,ZJ_U51_10K_E035_N321,0.05633,0.0,0.05633,False,False,False,False,True
S1A_IW_GRDH_1SDV_20210106T100232_20210106T100257_036016_043851_DECC,ZJ-SMB,2021,ASCENDING,69,ZJ_U51_10K_E034_N322,0.899653,0.0,0.899653,False,False,False,False,True
S1A_IW_GRDH_1SDV_20210106T100232_20210106T100257_036016_043851_DECC,ZJ-SMB,2021,ASCENDING,69,ZJ_U51_10K_E034_N323,0.744233,0.0,0.744233,False,False,False,False,True
S1A_IW_GRDH_1SDV_20210106T100232_20210106T100257_036016_043851_DECC,ZJ-SMB,2021,ASCENDING,69,ZJ_U51_10K_E034_N324,0.588814,0.0,0.588814,False,False,False,False,True
S1A_IW_GRDH_1SDV_20210106T100232_20210106T100257_036016_043851_DECC,ZJ-SMB,2021,ASCENDING,69,ZJ_U51_10K_E034_N325,0.433378,0.0,0.433378,False,False,False,False,True
S1A_IW_GRDH_1SDV_20260111T095430_20260111T095455_062718_07DD3C_9FAD,ZJ-SMB,2026,ASCENDING,171,ZJ_U51_10K_E034_N320,1.0,0.0,1.0,True,False,False,True,True
S1A_IW_GRDH_1SDV_20260111T095430_20260111T095455_062718_07DD3C_9FAD,ZJ-SMB,2026,ASCENDING,171,ZJ_U51_10K_E035_N320,1.0,0.0,1.0,True,False,False,True,True
S1A_IW_GRDH_1SDV_20260111T095430_20260111T095455_062718_07DD3C_9FAD,ZJ-SMB,2026,ASCENDING,171,ZJ_U51_10K_E036_N320,1.0,0.0,1.0,True,False,False,True,True
S1A_IW_GRDH_1SDV_20260111T095430_20260111T095455_062718_07DD3C_9FAD,ZJ-SMB,2026,ASCENDING,171,ZJ_U51_10K_E037_N320,1.0,0.0,1.0,True,False,False,True,True
S1A_IW_GRDH_1SDV_20260111T095430_20260111T095455_062718_07DD3C_9FAD,ZJ-SMB,2026,ASCENDING,171,ZJ_U51_10K_E038_N320,1.0,0.0,1.0,True,False,False,True,True
S1A_IW_GRDH_1SDV_20260111T095430_20260111T095455_062718_07DD3C_9FAD,ZJ-SMB,2026,ASCENDING,171,ZJ_U51_10K_E039_N320,1.0,0.0,1.0,True,False,False,True,True
S1A_IW_GRDH_1SDV_20260111T095430_20260111T095455_062718_07DD3C_9FAD,ZJ-SMB,2026,ASCENDING,171,ZJ_U51_10K_E034_N321,1.0,0.0,1.0,True,False,False,True,True
S1A_IW_GRDH_1SDV_20260111T095430_20260111T095455_062718_07DD3C_9FAD,ZJ-SMB,2026,ASCENDING,171,ZJ_U51_10K_E035_N321,1.0,0.0,1.0,True,False,False,True,True
S1A_IW_GRDH_1SDV_20260111T095430_20260111T095455_062718_07DD3C_9FAD,ZJ-SMB,2026,ASCENDING,171,ZJ_U51_10K_E036_N321,1.0,0.0,1.0,True,False,False,True,True
S1A_IW_GRDH_1SDV_20260111T095430_20260111T095455_062718_07DD3C_9FAD,ZJ-SMB,2026,ASCENDING,171,ZJ_U51_10K_E037_N321,1.0,0.0,1.0,True,False,False,True,True
S1A_IW_GRDH_1SDV_20260111T095430_20260111T095455_062718_07DD3C_9FAD,ZJ-SMB,2026,ASCENDING,171,ZJ_U51_10K_E038_N321,1.0,0.0,1.0,True,False,False,True,True
S1A_IW_GRDH_1SDV_20260111T095430_20260111T095455_062718_07DD3C_9FAD,ZJ-SMB,2026,ASCENDING,171,ZJ_U51_10K_E039_N321,1.0,0.0,1.0,True,False,False,True,True
S1A_IW_GRDH_1SDV_20260111T095430_20260111T095455_062718_07DD3C_9FAD,ZJ-SMB,2026,ASCENDING,171,ZJ_U51_10K_E034_N322,1.0,0.0,1.0,True,False,False,True,True
S1A_IW_GRDH_1SDV_20260111T095430_20260111T095455_062718_07DD3C_9FAD,ZJ-SMB,2026,ASCENDING,171,ZJ_U51_10K_E035_N322,1.0,0.0,1.0,True,False,False,True,True
S1A_IW_GRDH_1SDV_20260111T095430_20260111T095455_062718_07DD3C_9FAD,ZJ-SMB,2026,ASCENDING,171,ZJ_U51_10K_E036_N322,1.0,0.0,1.0,True,False,False,True,True
S1A_IW_GRDH_1SDV_20260111T095430_20260111T095455_062718_07DD3C_9FAD,ZJ-SMB,2026,ASCENDING,171,ZJ_U51_10K_E037_N322,1.0,0.0,1.0,True,False,False,True,True
S1A_IW_GRDH_1SDV_20260111T095430_20260111T095455_062718_07DD3C_9FAD,ZJ-SMB,2026,ASCENDING,171,ZJ_U51_10K_E038_N322,1.0,0.0,1.0,True,False,False,True,True
S1A_IW_GRDH_1SDV_20260111T095430_20260111T095455_062718_07DD3C_9FAD,ZJ-SMB,2026,ASCENDING,171,ZJ_U51_10K_E039_N322,1.0,0.0,1.0,True,False,False,True,True
S1A_IW_GRDH_1SDV_20260111T095430_20260111T095455_062718_07DD3C_9FAD,ZJ-SMB,2026,ASCENDING,171,ZJ_U51_10K_E034_N323,1.0,0.0,1.0,True,False,False,True,True
S1A_IW_GRDH_1SDV_20260111T095430_20260111T095455_062718_07DD3C_9FAD,ZJ-SMB,2026,ASCENDING,171,ZJ_U51_10K_E035_N323,1.0,0.0,1.0,True,False,False,True,True
S1A_IW_GRDH_1SDV_20260111T095430_20260111T095455_062718_07DD3C_9FAD,ZJ-SMB,2026,ASCENDING,171,ZJ_U51_10K_E036_N323,1.0,0.0,1.0,True,False,False,True,True
S1A_IW_GRDH_1SDV_20260111T095430_20260111T095455_062718_07DD3C_9FAD,ZJ-SMB,2026,ASCENDING,171,ZJ_U51_10K_E037_N323,1.0,0.0,1.0,True,False,False,True,True
S1A_IW_GRDH_1SDV_20260111T095430_20260111T095455_062718_07DD3C_9FAD,ZJ-SMB,2026,ASCENDING,171,ZJ_U51_10K_E038_N323,1.0,0.0,1.0,True,False,False,True,True
S1A_IW_GRDH_1SDV_20260111T095430_20260111T095455_062718_07DD3C_9FAD,ZJ-SMB,2026,ASCENDING,171,ZJ_U51_10K_E039_N323,1.0,0.0,1.0,True,False,False,True,True
S1A_IW_GRDH_1SDV_20260111T095430_20260111T095455_062718_07DD3C_9FAD,ZJ-SMB,2026,ASCENDING,171,ZJ_U51_10K_E034_N324,1.0,0.0,1.0,True,False,False,True,True
S1A_IW_GRDH_1SDV_20260111T095430_20260111T095455_062718_07DD3C_9FAD,ZJ-SMB,2026,ASCENDING,171,ZJ_U51_10K_E035_N324,1.0,0.0,1.0,True,False,False,True,True
S1A_IW_GRDH_1SDV_20260111T095430_20260111T095455_062718_07DD3C_9FAD,ZJ-SMB,2026,ASCENDING,171,ZJ_U51_10K_E036_N324,1.0,0.0,1.0,True,False,False,True,True
S1A_IW_GRDH_1SDV_20260111T095430_20260111T095455_062718_07DD3C_9FAD,ZJ-SMB,2026,ASCENDING,171,ZJ_U51_10K_E037_N324,1.0,0.0,1.0,True,False,False,True,True
S1A_IW_GRDH_1SDV_20260111T095430_20260111T095455_062718_07DD3C_9FAD,ZJ-SMB,2026,ASCENDING,171,ZJ_U51_10K_E034_N325,1.0,0.0,1.0,True,False,False,True,True
S1A_IW_GRDH_1SDV_20260111T095430_20260111T095455_062718_07DD3C_9FAD,ZJ-SMB,2026,ASCENDING,171,ZJ_U51_10K_E035_N325,1.0,0.0,1.0,True,False,False,True,True
