roi_id,year,sensor,collection_id,operational,slc_status,qa_level,total_scenes,distinct_acquisition_dates,scenes_ascending,scenes_descending,tile_refs,spacecraft_names,processing_baselines,scene_cloud_eligible_scenes,footprint_coverage_eligible_scenes,season_candidate_scenes,season_candidate_window_ids,quality_candidate_scenes,best_footprint_coverage,gap_status,query_status,metadata_retrieval_timestamp,summary_fingerprint
ZJ-HZB,1985,landsat5,LANDSAT/LT05/C02/T1_L2,True,NOT_APPLICABLE,SCENE_METADATA,14,14,0,0,118/039|119/039,LANDSAT_5,,7.0,7,1,summer_v0,,1.0,NONE,QUERIED,2026-10-01T16:50:49Z,805970f40f7d10fe844c2cf5fb55ae0eb07ba9af225d1d9328537bef6a7e13bd
ZJ-HZB,1985,landsat7,LANDSAT/LE07/C02/T1_L2,False,PRE_SLC_FAILURE,SCENE_METADATA,0,0,0,0,,,,,0,0,,,,SENSOR_NOT_OPERATIONAL,NOT_QUERIED_OUTSIDE_OPERATIONAL_YEARS,2026-10-01T16:50:49Z,2280cb02688f1dc6605475b104e86e72b0231db35b6f3b49fe903da54db86318
ZJ-HZB,1985,landsat8,LANDSAT/LC08/C02/T1_L2,False,NOT_APPLICABLE,SCENE_METADATA,0,0,0,0,,,,,0,0,,,,SENSOR_NOT_OPERATIONAL,NOT_QUERIED_OUTSIDE_OPERATIONAL_YEARS,2026-10-01T16:50:49Z,817f6fd0b6975a0a14eea516e30b9a5a313602d02d3e3b83d4b7733a338d3fc8
ZJ-HZB,1985,landsat9,LANDSAT/LC09/C02/T1_L2,False,NOT_APPLICABLE,SCENE_METADATA,0,0,0,0,,,,,0,0,,,,SENSOR_NOT_OPERATIONAL,NOT_QUERIED_OUTSIDE_OPERATIONAL_YEARS,2026-10-01T16:50:49Z,2f9ba413f5e512e9c1b6d9ca70c4215675d4690103a6bc5ad9d3f5b856426686
ZJ-HZB,1985,sentinel1,COPERNICUS/S1_GRD,False,NOT_APPLICABLE,SCENE_METADATA,0,0,0,0,,,,,0,0,,,,SENSOR_NOT_OPERATIONAL,NOT_QUERIED_OUTSIDE_OPERATIONAL_YEARS,2026-10-01T16:50:49Z,4691232492c9d8166fa8ebbcd749f986fdc25c10f29d76f67dababf965e37d04
ZJ-HZB,1985,sentinel2,COPERNICUS/S2_SR_HARMONIZED,False,NOT_APPLICABLE,SCENE_METADATA,0,0,0,0,,,,,0,0,,,,SENSOR_NOT_OPERATIONAL,NOT_QUERIED_OUTSIDE_OPERATIONAL_YEARS,2026-10-01T16:50:49Z,eb83bd2ca804d4d07607712f0a6d69484504d7ebb1c7995e4aba876d0e88d4f3
ZJ-HZB,1986,landsat5,LANDSAT/LT05/C02/T1_L2,True,NOT_APPLICABLE,SCENE_METADATA,13,13,0,0,118/039|119/039,LANDSAT_5,,8.0,8,0,,,1.0,NONE,QUERIED,2026-10-01T16:50:49Z,0e514f484c661357fad1a3fd07f2ac1f7bed618d3433db97b314ba3d3c2c4508
ZJ-HZB,1986,landsat7,LANDSAT/LE07/C02/T1_L2,False,PRE_SLC_FAILURE,SCENE_METADATA,0,0,0,0,,,,,0,0,,,,SENSOR_NOT_OPERATIONAL,NOT_QUERIED_OUTSIDE_OPERATIONAL_YEARS,2026-10-01T16:50:49Z,1fea6a4d27f34a7653661e6ca5294ce1958c1f1a1b433f0fca414f14bb2c5a2c
ZJ-HZB,1986,landsat8,LANDSAT/LC08/C02/T1_L2,False,NOT_APPLICABLE,SCENE_METADATA,0,0,0,0,,,,,0,0,,,,SENSOR_NOT_OPERATIONAL,NOT_QUERIED_OUTSIDE_OPERATIONAL_YEARS,2026-10-01T16:50:49Z,77d766a82e69c05b5bf1d913f4032eedddcf0ff52aecc59b096705a9acdacb46
ZJ-HZB,1986,landsat9,LANDSAT/LC09/C02/T1_L2,False,NOT_APPLICABLE,SCENE_METADATA,0,0,0,0,,,,,0,0,,,,SENSOR_NOT_OPERATIONAL,NOT_QUERIED_OUTSIDE_OPERATIONAL_YEARS,2026-10-01T16:50:49Z,781a5c0344b45caafe0182912bf9e8c7d1e87eb3f3c9cf4fb86a9d0714abc3aa
ZJ-HZB,1986,sentinel1,COPERNICUS/S1_GRD,False,NOT_APPLICABLE,SCENE_METADATA,0,0,0,0,,,,,0,0,,,,SENSOR_NOT_OPERATIONAL,NOT_QUERIED_OUTSIDE_OPERATIONAL_YEARS,2026-10-01T16:50:49Z,36354583464b1de3df7adf4f1b1619fbae417fc50e9ae92b941c0b4e5b446329
ZJ-HZB,1986,sentinel2,COPERNICUS/S2_SR_HARMONIZED,False,NOT_APPLICABLE,SCENE_METADATA,0,0,0,0,,,,,0,0,,,,SENSOR_NOT_OPERATIONAL,NOT_QUERIED_OUTSIDE_OPERATIONAL_YEARS,2026-10-01T16:50:49Z,79914958182d6c90407ee9c4dbee1597a1d5911436250d0e0a6b015d844fc0f0
ZJ-HZB,1987,landsat5,LANDSAT/LT05/C02/T1_L2,True,NOT_APPLICABLE,SCENE_METADATA,27,27,0,0,118/039|119/039,LANDSAT_5,,11.0,15,2,autumn_v0,,1.0,NONE,QUERIED,2026-10-01T16:50:49Z,dc2ab5c95d955b6a0f5aa4d66446905ca845b6ac9aa8026c71cedc3d00be102f
ZJ-HZB,1987,landsat7,LANDSAT/LE07/C02/T1_L2,False,PRE_SLC_FAILURE,SCENE_METADATA,0,0,0,0,,,,,0,0,,,,SENSOR_NOT_OPERATIONAL,NOT_QUERIED_OUTSIDE_OPERATIONAL_YEARS,2026-10-01T16:50:49Z,58a322e1a3107508e8059eff132613f65b80f7994bb9cd440c68a28746c7c7db
ZJ-HZB,1987,landsat8,LANDSAT/LC08/C02/T1_L2,False,NOT_APPLICABLE,SCENE_METADATA,0,0,0,0,,,,,0,0,,,,SENSOR_NOT_OPERATIONAL,NOT_QUERIED_OUTSIDE_OPERATIONAL_YEARS,2026-10-01T16:50:49Z,3e8568863927badbc63fbb9484d3c1baa20ce4c7c323dc8eb4630bb906e45965
ZJ-HZB,1987,landsat9,LANDSAT/LC09/C02/T1_L2,False,NOT_APPLICABLE,SCENE_METADATA,0,0,0,0,,,,,0,0,,,,SENSOR_NOT_OPERATIONAL,NOT_QUERIED_OUTSIDE_OPERATIONAL_YEARS,2026-10-01T16:50:49Z,e617f664e86f6457a9f896ba1741b22744ff384f0abca71a076934e061d16a9e
ZJ-HZB,1987,sentinel1,COPERNICUS/S1_GRD,False,NOT_APPLICABLE,SCENE_METADATA,0,0,0,0,,,,,0,0,,,,SENSOR_NOT_OPERATIONAL,NOT_QUERIED_OUTSIDE_OPERATIONAL_YEARS,2026-10-01T16:50:49Z,ee6042145d779dec3165cc0581812240096b9d2cb21b12918db7ed9b27b36783
ZJ-HZB,1987,sentinel2,COPERNICUS/S2_SR_HARMONIZED,False,NOT_APPLICABLE,SCENE_METADATA,0,0,0,0,,,,,0,0,,,,SENSOR_NOT_OPERATIONAL,NOT_QUERIED_OUTSIDE_OPERATIONAL_YEARS,2026-10-01T16:50:49Z,56fa64de4d0856fe52dfde10d5d3f4c1278d4d1a73a218aaf4b955d2e4680b59
ZJ-HZB,1988,landsat5,LANDSAT/LT05/C02/T1_L2,True,NOT_APPLICABLE,SCENE_METADATA,27,27,0,0,118/039|119/039,LANDSAT_5,,10.0,14,2,summer_v0,,1.0,NONE,QUERIED,2026-10-01T16:50:49Z,f2c5a69659aaf4def4646a62ff7fdb3b8042d99b73d94c472b5e580e2331d691
ZJ-HZB,1988,landsat7,LANDSAT/LE07/C02/T1_L2,False,PRE_SLC_FAILURE,SCENE_METADATA,0,0,0,0,,,,,0,0,,,,SENSOR_NOT_OPERATIONAL,NOT_QUERIED_OUTSIDE_OPERATIONAL_YEARS,2026-10-01T16:50:49Z,74c30b4a94e3982a859a4cbac151c6599551bddf185c5ea67c5aa2d058d0f694
ZJ-HZB,1988,landsat8,LANDSAT/LC08/C02/T1_L2,False,NOT_APPLICABLE,SCENE_METADATA,0,0,0,0,,,,,0,0,,,,SENSOR_NOT_OPERATIONAL,NOT_QUERIED_OUTSIDE_OPERATIONAL_YEARS,2026-10-01T16:50:49Z,124da306de97be35f77c38e8e0270239a8295e9df6a74c5231987ffc5f28cf57
ZJ-HZB,1988,landsat9,LANDSAT/LC09/C02/T1_L2,False,NOT_APPLICABLE,SCENE_METADATA,0,0,0,0,,,,,0,0,,,,SENSOR_NOT_OPERATIONAL,NOT_QUERIED_OUTSIDE_OPERATIONAL_YEARS,2026-10-01T16:50:49Z,eaed68e476821b4d7047998db4123a8b131a3222a6ddf2359a386f5979568bda
ZJ-HZB,1988,sentinel1,COPERNICUS/S1_GRD,False,NOT_APPLICABLE,SCENE_METADATA,0,0,0,0,,,,,0,0,,,,SENSOR_NOT_OPERATIONAL,NOT_QUERIED_OUTSIDE_OPERATIONAL_YEARS,2026-10-01T16:50:49Z,e11efa2cf8afb8d8c69de95be7599e38d4e08730ea700317deae27adb47f4caf
ZJ-HZB,1988,sentinel2,COPERNICUS/S2_SR_HARMONIZED,False,NOT_APPLICABLE,SCENE_METADATA,0,0,0,0,,,,,0,0,,,,SENSOR_NOT_OPERATIONAL,NOT_QUERIED_OUTSIDE_OPERATIONAL_YEARS,2026-10-01T16:50:49Z,47faf1256330638e47f6c25bcd9b00a3c7651dd7b5b128fc4c55ac66830cbf8c
ZJ-HZB,1989,landsat5,LANDSAT/LT05/C02/T1_L2,True,NOT_APPLICABLE,SCENE_METADATA,24,23,0,0,118/038|118/039|119/039,LANDSAT_5,,10.0,12,2,autumn_v0,,1.0,NONE,QUERIED,2026-10-01T16:50:49Z,98350cbc56924d6473c52dfc9897a97702456b920dac0b3826ac2075502955b3
ZJ-HZB,1989,landsat7,LANDSAT/LE07/C02/T1_L2,False,PRE_SLC_FAILURE,SCENE_METADATA,0,0,0,0,,,,,0,0,,,,SENSOR_NOT_OPERATIONAL,NOT_QUERIED_OUTSIDE_OPERATIONAL_YEARS,2026-10-01T16:50:49Z,1ffaf0dc5b154914f2448ef9e1a3b13a4a3bf60d4f58dc2d00f3caf72c99a684
ZJ-HZB,1989,landsat8,LANDSAT/LC08/C02/T1_L2,False,NOT_APPLICABLE,SCENE_METADATA,0,0,0,0,,,,,0,0,,,,SENSOR_NOT_OPERATIONAL,NOT_QUERIED_OUTSIDE_OPERATIONAL_YEARS,2026-10-01T16:50:49Z,167e14b9d8c519d62b48f81716968e763836c759003d203455edb4259689a311
ZJ-HZB,1989,landsat9,LANDSAT/LC09/C02/T1_L2,False,NOT_APPLICABLE,SCENE_METADATA,0,0,0,0,,,,,0,0,,,,SENSOR_NOT_OPERATIONAL,NOT_QUERIED_OUTSIDE_OPERATIONAL_YEARS,2026-10-01T16:50:49Z,8f518a72e8753539d1c17fb06b69a7a5825336662cc2e0f51101f40352705897
ZJ-HZB,1989,sentinel1,COPERNICUS/S1_GRD,False,NOT_APPLICABLE,SCENE_METADATA,0,0,0,0,,,,,0,0,,,,SENSOR_NOT_OPERATIONAL,NOT_QUERIED_OUTSIDE_OPERATIONAL_YEARS,2026-10-01T16:50:49Z,36e978844aebc712f191201da4c3a018e93ca6d45466b0a549280aa73ba373a3
ZJ-HZB,1989,sentinel2,COPERNICUS/S2_SR_HARMONIZED,False,NOT_APPLICABLE,SCENE_METADATA,0,0,0,0,,,,,0,0,,,,SENSOR_NOT_OPERATIONAL,NOT_QUERIED_OUTSIDE_OPERATIONAL_YEARS,2026-10-01T16:50:49Z,b42677da4c8695f022373dd6264ea258dff87c0d8e93640dd4779d8117044635
ZJ-HZB,1990,landsat5,LANDSAT/LT05/C02/T1_L2,True,NOT_APPLICABLE,SCENE_METADATA,26,26,0,0,118/039|119/039,LANDSAT_5,,12.0,14,1,summer_v0,,1.0,NONE,QUERIED,2026-10-01T16:50:49Z,3049aeab56607167e8d469e6d1c93120985a28790298f9485fc22cab614db4f5
ZJ-HZB,1990,landsat7,LANDSAT/LE07/C02/T1_L2,False,PRE_SLC_FAILURE,SCENE_METADATA,0,0,0,0,,,,,0,0,,,,SENSOR_NOT_OPERATIONAL,NOT_QUERIED_OUTSIDE_OPERATIONAL_YEARS,2026-10-01T16:50:49Z,f696dbacb99b3cdf86771f8f241f604263cebb268f2af97ba8483a851a61b62c
ZJ-HZB,1990,landsat8,LANDSAT/LC08/C02/T1_L2,False,NOT_APPLICABLE,SCENE_METADATA,0,0,0,0,,,,,0,0,,,,SENSOR_NOT_OPERATIONAL,NOT_QUERIED_OUTSIDE_OPERATIONAL_YEARS,2026-10-01T16:50:49Z,e57abfba0258e558bf25da577b2432811d9a2fa4ca37d3cef56f41c24e04108d
ZJ-HZB,1990,landsat9,LANDSAT/LC09/C02/T1_L2,False,NOT_APPLICABLE,SCENE_METADATA,0,0,0,0,,,,,0,0,,,,SENSOR_NOT_OPERATIONAL,NOT_QUERIED_OUTSIDE_OPERATIONAL_YEARS,2026-10-01T16:50:49Z,85b2966c350de9b379ad2dde429ef86b76f3201a8033d08e900e1b51957fe88d
ZJ-HZB,1990,sentinel1,COPERNICUS/S1_GRD,False,NOT_APPLICABLE,SCENE_METADATA,0,0,0,0,,,,,0,0,,,,SENSOR_NOT_OPERATIONAL,NOT_QUERIED_OUTSIDE_OPERATIONAL_YEARS,2026-10-01T16:50:49Z,955f30dcf348a144f7e62a57467af2e029098e8666259f0b4f386f4905de7c10
ZJ-HZB,1990,sentinel2,COPERNICUS/S2_SR_HARMONIZED,False,NOT_APPLICABLE,SCENE_METADATA,0,0,0,0,,,,,0,0,,,,SENSOR_NOT_OPERATIONAL,NOT_QUERIED_OUTSIDE_OPERATIONAL_YEARS,2026-10-01T16:50:49Z,ccdead7e7002b7d3997e0a300c6ef8c8022ebe2ec81f1af7457daa5cab89e035
ZJ-HZB,1991,landsat5,LANDSAT/LT05/C02/T1_L2,True,NOT_APPLICABLE,SCENE_METADATA,26,26,0,0,118/039|119/039,LANDSAT_5,,14.0,12,2,autumn_v0|summer_v0,,1.0,NONE,QUERIED,2026-10-01T16:50:49Z,26c28ae282d00ed399338a1e379987eb5e023f0746eaf2f38429b94af9e9fa38
ZJ-HZB,1991,landsat7,LANDSAT/LE07/C02/T1_L2,False,PRE_SLC_FAILURE,SCENE_METADATA,0,0,0,0,,,,,0,0,,,,SENSOR_NOT_OPERATIONAL,NOT_QUERIED_OUTSIDE_OPERATIONAL_YEARS,2026-10-01T16:50:49Z,f326ca5d7c3e9265c9f5cf582e74738500ae9bc678112e8e56bcb8fdcfd37084
ZJ-HZB,1991,landsat8,LANDSAT/LC08/C02/T1_L2,False,NOT_APPLICABLE,SCENE_METADATA,0,0,0,0,,,,,0,0,,,,SENSOR_NOT_OPERATIONAL,NOT_QUERIED_OUTSIDE_OPERATIONAL_YEARS,2026-10-01T16:50:49Z,7ae09c1f87be5a497a22447e23afac24b62115114f2a08fde95e39ef2bc1c0c8
ZJ-HZB,1991,landsat9,LANDSAT/LC09/C02/T1_L2,False,NOT_APPLICABLE,SCENE_METADATA,0,0,0,0,,,,,0,0,,,,SENSOR_NOT_OPERATIONAL,NOT_QUERIED_OUTSIDE_OPERATIONAL_YEARS,2026-10-01T16:50:49Z,c086849029e0bef097cba6a3ac2de698f95a486f4516078c902a6ac8c3e4f242
ZJ-HZB,1991,sentinel1,COPERNICUS/S1_GRD,False,NOT_APPLICABLE,SCENE_METADATA,0,0,0,0,,,,,0,0,,,,SENSOR_NOT_OPERATIONAL,NOT_QUERIED_OUTSIDE_OPERATIONAL_YEARS,2026-10-01T16:50:49Z,eec14b24d5bb2839a6fac8c5eb186ab0f6d58fe2ce97aad12a2dcf792ba50da4
ZJ-HZB,1991,sentinel2,COPERNICUS/S2_SR_HARMONIZED,False,NOT_APPLICABLE,SCENE_METADATA,0,0,0,0,,,,,0,0,,,,SENSOR_NOT_OPERATIONAL,NOT_QUERIED_OUTSIDE_OPERATIONAL_YEARS,2026-10-01T16:50:49Z,ef8073d10a6eddd7457202a44d1256fe07d86a4f01f1a4b579fb39f0ad75ea69
ZJ-HZB,1992,landsat5,LANDSAT/LT05/C02/T1_L2,True,NOT_APPLICABLE,SCENE_METADATA,31,31,0,0,118/039|119/039,LANDSAT_5,,17.0,13,3,autumn_v0|summer_v0,,1.0,NONE,QUERIED,2026-10-01T16:50:49Z,8642acea2bad791342227a03fb28cb60faccb80b62e2628932a9fdfff1c57b4d
ZJ-HZB,1992,landsat7,LANDSAT/LE07/C02/T1_L2,False,PRE_SLC_FAILURE,SCENE_METADATA,0,0,0,0,,,,,0,0,,,,SENSOR_NOT_OPERATIONAL,NOT_QUERIED_OUTSIDE_OPERATIONAL_YEARS,2026-10-01T16:50:49Z,9013e748ad5f21bf1facfd858341d60896900478ea6d15b496304c51c9d1bbe3
ZJ-HZB,1992,landsat8,LANDSAT/LC08/C02/T1_L2,False,NOT_APPLICABLE,SCENE_METADATA,0,0,0,0,,,,,0,0,,,,SENSOR_NOT_OPERATIONAL,NOT_QUERIED_OUTSIDE_OPERATIONAL_YEARS,2026-10-01T16:50:49Z,44ee117dfc80257a09b99a9020ad65f5147a22ca0ead6c82570f889e70858bd4
ZJ-HZB,1992,landsat9,LANDSAT/LC09/C02/T1_L2,False,NOT_APPLICABLE,SCENE_METADATA,0,0,0,0,,,,,0,0,,,,SENSOR_NOT_OPERATIONAL,NOT_QUERIED_OUTSIDE_OPERATIONAL_YEARS,2026-10-01T16:50:49Z,cad3b86ba437c2322c20818d7364c7242743faea2b693264a4c71105425f9019
ZJ-HZB,1992,sentinel1,COPERNICUS/S1_GRD,False,NOT_APPLICABLE,SCENE_METADATA,0,0,0,0,,,,,0,0,,,,SENSOR_NOT_OPERATIONAL,NOT_QUERIED_OUTSIDE_OPERATIONAL_YEARS,2026-10-01T16:50:49Z,e504f23dbf4acbe850f79d0f0ee54bb8ccdfbac12ab1412818586df6407f443f
ZJ-HZB,1992,sentinel2,COPERNICUS/S2_SR_HARMONIZED,False,NOT_APPLICABLE,SCENE_METADATA,0,0,0,0,,,,,0,0,,,,SENSOR_NOT_OPERATIONAL,NOT_QUERIED_OUTSIDE_OPERATIONAL_YEARS,2026-10-01T16:50:49Z,6ca923fedc7ced0ce4c56e1817790a6bbb0372cf5eb34fcca81b77dcc892bddb
ZJ-HZB,1993,landsat5,LANDSAT/LT05/C02/T1_L2,True,NOT_APPLICABLE,SCENE_METADATA,23,23,0,0,118/039|119/039,LANDSAT_5,,11.0,10,1,summer_v0,,1.0,NONE,QUERIED,2026-10-01T16:50:49Z,ba24bbc070c527365e14451f88f10bb5c28f4c31b9d0dfa586e26dc305007f69
ZJ-HZB,1993,landsat7,LANDSAT/LE07/C02/T1_L2,False,PRE_SLC_FAILURE,SCENE_METADATA,0,0,0,0,,,,,0,0,,,,SENSOR_NOT_OPERATIONAL,NOT_QUERIED_OUTSIDE_OPERATIONAL_YEARS,2026-10-01T16:50:49Z,4c8fb3874c86420ede7840b694ef4da8665c3292f8f89ec435e30428fcd09809
ZJ-HZB,1993,landsat8,LANDSAT/LC08/C02/T1_L2,False,NOT_APPLICABLE,SCENE_METADATA,0,0,0,0,,,,,0,0,,,,SENSOR_NOT_OPERATIONAL,NOT_QUERIED_OUTSIDE_OPERATIONAL_YEARS,2026-10-01T16:50:49Z,65e300c9d0b90be90acc2620e9d88551a8552a31ef3a70834527e943194e4da8
ZJ-HZB,1993,landsat9,LANDSAT/LC09/C02/T1_L2,False,NOT_APPLICABLE,SCENE_METADATA,0,0,0,0,,,,,0,0,,,,SENSOR_NOT_OPERATIONAL,NOT_QUERIED_OUTSIDE_OPERATIONAL_YEARS,2026-10-01T16:50:49Z,d13690bb25c4df8e2b5ea6f85725d743517a7f3e3cb6ba1daf2eef0ba2cb5d18
ZJ-HZB,1993,sentinel1,COPERNICUS/S1_GRD,False,NOT_APPLICABLE,SCENE_METADATA,0,0,0,0,,,,,0,0,,,,SENSOR_NOT_OPERATIONAL,NOT_QUERIED_OUTSIDE_OPERATIONAL_YEARS,2026-10-01T16:50:49Z,c8fbc6f4d240b82d9ea10e664b09ca11d9e913ae0b7d4d9d43b9cf6b8e972a60
ZJ-HZB,1993,sentinel2,COPERNICUS/S2_SR_HARMONIZED,False,NOT_APPLICABLE,SCENE_METADATA,0,0,0,0,,,,,0,0,,,,SENSOR_NOT_OPERATIONAL,NOT_QUERIED_OUTSIDE_OPERATIONAL_YEARS,2026-10-01T16:50:49Z,d93e17197e08b0b4be7be9ff645bbbd85a9f087a8f45ca2d2b952550ce8dc371
ZJ-HZB,1994,landsat5,LANDSAT/LT05/C02/T1_L2,True,NOT_APPLICABLE,SCENE_METADATA,20,20,0,0,118/039|119/039,LANDSAT_5,,9.0,10,2,autumn_v0|summer_v0,,1.0,NONE,QUERIED,2026-10-01T16:50:49Z,7014e855c429fbfa2dd1d38d6efff85ea6673b70aa40f831cc2cf6dcaf53c968
ZJ-HZB,1994,landsat7,LANDSAT/LE07/C02/T1_L2,False,PRE_SLC_FAILURE,SCENE_METADATA,0,0,0,0,,,,,0,0,,,,SENSOR_NOT_OPERATIONAL,NOT_QUERIED_OUTSIDE_OPERATIONAL_YEARS,2026-10-01T16:50:49Z,4f9050e5be7bda057d3260af62631d37c965319cb70d995026d85f85881b59fd
ZJ-HZB,1994,landsat8,LANDSAT/LC08/C02/T1_L2,False,NOT_APPLICABLE,SCENE_METADATA,0,0,0,0,,,,,0,0,,,,SENSOR_NOT_OPERATIONAL,NOT_QUERIED_OUTSIDE_OPERATIONAL_YEARS,2026-10-01T16:50:49Z,a6386815f6967ca3ad1b6343a6bace35e2513f0a3faf7c335c5526e91e5d503d
ZJ-HZB,1994,landsat9,LANDSAT/LC09/C02/T1_L2,False,NOT_APPLICABLE,SCENE_METADATA,0,0,0,0,,,,,0,0,,,,SENSOR_NOT_OPERATIONAL,NOT_QUERIED_OUTSIDE_OPERATIONAL_YEARS,2026-10-01T16:50:49Z,533e5a9d135c4af92f74c31ea30494d45db031c5af3cdaf9d808a8f004f2394f
ZJ-HZB,1994,sentinel1,COPERNICUS/S1_GRD,False,NOT_APPLICABLE,SCENE_METADATA,0,0,0,0,,,,,0,0,,,,SENSOR_NOT_OPERATIONAL,NOT_QUERIED_OUTSIDE_OPERATIONAL_YEARS,2026-10-01T16:50:49Z,09c9e849b1f00c30ef7e08cf6a95bab7477bd5b79aa6cd985643cbfe500cb1c9
ZJ-HZB,1994,sentinel2,COPERNICUS/S2_SR_HARMONIZED,False,NOT_APPLICABLE,SCENE_METADATA,0,0,0,0,,,,,0,0,,,,SENSOR_NOT_OPERATIONAL,NOT_QUERIED_OUTSIDE_OPERATIONAL_YEARS,2026-10-01T16:50:49Z,1935d6d7c67fb59b1d677487e34097ac20d74c1981a5e5a144b733e7beb22979
ZJ-HZB,1995,landsat5,LANDSAT/LT05/C02/T1_L2,True,NOT_APPLICABLE,SCENE_METADATA,28,27,0,0,118/038|118/039|119/039,LANDSAT_5,,16.0,14,1,summer_v0,,1.0,NONE,QUERIED,2026-10-01T16:50:49Z,f67a46b4b0ab1a057721c48d3b6ed6641739692c0ea4595ae876d7849c7b8c34
ZJ-HZB,1995,landsat7,LANDSAT/LE07/C02/T1_L2,False,PRE_SLC_FAILURE,SCENE_METADATA,0,0,0,0,,,,,0,0,,,,SENSOR_NOT_OPERATIONAL,NOT_QUERIED_OUTSIDE_OPERATIONAL_YEARS,2026-10-01T16:50:49Z,ca3b4e4a817ed1f9a0860e6927a676edb2859f91cbcb253f9ae25556d3a28270
ZJ-HZB,1995,landsat8,LANDSAT/LC08/C02/T1_L2,False,NOT_APPLICABLE,SCENE_METADATA,0,0,0,0,,,,,0,0,,,,SENSOR_NOT_OPERATIONAL,NOT_QUERIED_OUTSIDE_OPERATIONAL_YEARS,2026-10-01T16:50:49Z,64f3a30b3b5ed1d4fccaac90e3fc100bf7ce61e475028e81b1f83fa519f9777d
ZJ-HZB,1995,landsat9,LANDSAT/LC09/C02/T1_L2,False,NOT_APPLICABLE,SCENE_METADATA,0,0,0,0,,,,,0,0,,,,SENSOR_NOT_OPERATIONAL,NOT_QUERIED_OUTSIDE_OPERATIONAL_YEARS,2026-10-01T16:50:49Z,08499b269115a2ed92107325cb9b8a8e8b0283b8ebf5f21a1dd05bcbe8a4a168
ZJ-HZB,1995,sentinel1,COPERNICUS/S1_GRD,False,NOT_APPLICABLE,SCENE_METADATA,0,0,0,0,,,,,0,0,,,,SENSOR_NOT_OPERATIONAL,NOT_QUERIED_OUTSIDE_OPERATIONAL_YEARS,2026-10-01T16:50:49Z,115729bf37bbc9434c02835444066c26e0bd0ce82b7833b3d787d53fbb0a781b
ZJ-HZB,1995,sentinel2,COPERNICUS/S2_SR_HARMONIZED,False,NOT_APPLICABLE,SCENE_METADATA,0,0,0,0,,,,,0,0,,,,SENSOR_NOT_OPERATIONAL,NOT_QUERIED_OUTSIDE_OPERATIONAL_YEARS,2026-10-01T16:50:49Z,e355f1bcae14d397daaa66a41648f7b249a22d07b6f03468121def9c27bae61c
ZJ-HZB,1996,landsat5,LANDSAT/LT05/C02/T1_L2,True,NOT_APPLICABLE,SCENE_METADATA,44,33,0,0,118/038|118/039|119/039,LANDSAT_5,,16.0,15,2,autumn_v0,,1.0,NONE,QUERIED,2026-10-01T16:50:49Z,cdcce88d9965c9548d2f3929250a44589649230f06ecc1e2c05c38b68a9b25fe
ZJ-HZB,1996,landsat7,LANDSAT/LE07/C02/T1_L2,False,PRE_SLC_FAILURE,SCENE_METADATA,0,0,0,0,,,,,0,0,,,,SENSOR_NOT_OPERATIONAL,NOT_QUERIED_OUTSIDE_OPERATIONAL_YEARS,2026-10-01T16:50:49Z,c6563b74b773fda9305af0caed1c81cd1210dd1bb78c1d1493043c1febdd4bd7
ZJ-HZB,1996,landsat8,LANDSAT/LC08/C02/T1_L2,False,NOT_APPLICABLE,SCENE_METADATA,0,0,0,0,,,,,0,0,,,,SENSOR_NOT_OPERATIONAL,NOT_QUERIED_OUTSIDE_OPERATIONAL_YEARS,2026-10-01T16:50:49Z,ad2cde6981c96e6028eea5dc188ea7614ebd7c0ca88758fe57eb0776040952b2
ZJ-HZB,1996,landsat9,LANDSAT/LC09/C02/T1_L2,False,NOT_APPLICABLE,SCENE_METADATA,0,0,0,0,,,,,0,0,,,,SENSOR_NOT_OPERATIONAL,NOT_QUERIED_OUTSIDE_OPERATIONAL_YEARS,2026-10-01T16:50:49Z,075f273f7f05dccd9a2cd7d3eb2361cf799cc1146ca5bd0e7a9dc50019e3b026
ZJ-HZB,1996,sentinel1,COPERNICUS/S1_GRD,False,NOT_APPLICABLE,SCENE_METADATA,0,0,0,0,,,,,0,0,,,,SENSOR_NOT_OPERATIONAL,NOT_QUERIED_OUTSIDE_OPERATIONAL_YEARS,2026-10-01T16:50:49Z,452f945d2da0b7cc4272fb852be15dc0401022aa14b914840a1541ee12de487f
ZJ-HZB,1996,sentinel2,COPERNICUS/S2_SR_HARMONIZED,False,NOT_APPLICABLE,SCENE_METADATA,0,0,0,0,,,,,0,0,,,,SENSOR_NOT_OPERATIONAL,NOT_QUERIED_OUTSIDE_OPERATIONAL_YEARS,2026-10-01T16:50:49Z,f62c56e9815a4bd77b4eb75e95c00e4baa3e71ed7f3c3c200adede52fdab5db9
ZJ-HZB,1997,landsat5,LANDSAT/LT05/C02/T1_L2,True,NOT_APPLICABLE,SCENE_METADATA,39,30,0,0,118/038|118/039|119/039,LANDSAT_5,,18.0,16,2,autumn_v0,,1.0,NONE,QUERIED,2026-10-01T16:50:49Z,58d8ce46ebfbaf169e2902e5f5110f530ee5aaa833d3b6d77e423fdf43134dc8
ZJ-HZB,1997,landsat7,LANDSAT/LE07/C02/T1_L2,False,PRE_SLC_FAILURE,SCENE_METADATA,0,0,0,0,,,,,0,0,,,,SENSOR_NOT_OPERATIONAL,NOT_QUERIED_OUTSIDE_OPERATIONAL_YEARS,2026-10-01T16:50:49Z,0c94371dff58a8284a21ed62ee2be530a20c36f68ac3b3de0e29ea8638741a7e
ZJ-HZB,1997,landsat8,LANDSAT/LC08/C02/T1_L2,False,NOT_APPLICABLE,SCENE_METADATA,0,0,0,0,,,,,0,0,,,,SENSOR_NOT_OPERATIONAL,NOT_QUERIED_OUTSIDE_OPERATIONAL_YEARS,2026-10-01T16:50:49Z,d3dab95d4cc8b42a13670350e2a6928342027e6bda3fc22286c618161afc2930
ZJ-HZB,1997,landsat9,LANDSAT/LC09/C02/T1_L2,False,NOT_APPLICABLE,SCENE_METADATA,0,0,0,0,,,,,0,0,,,,SENSOR_NOT_OPERATIONAL,NOT_QUERIED_OUTSIDE_OPERATIONAL_YEARS,2026-10-01T16:50:49Z,8fde14f24049bc065c49c735a7d9b91a150d8f4850895881ee826162585b437d
ZJ-HZB,1997,sentinel1,COPERNICUS/S1_GRD,False,NOT_APPLICABLE,SCENE_METADATA,0,0,0,0,,,,,0,0,,,,SENSOR_NOT_OPERATIONAL,NOT_QUERIED_OUTSIDE_OPERATIONAL_YEARS,2026-10-01T16:50:49Z,ef3a4a80a516724653be1c864e6c222ced948081499182cfcaf775ee21d9d49f
ZJ-HZB,1997,sentinel2,COPERNICUS/S2_SR_HARMONIZED,False,NOT_APPLICABLE,SCENE_METADATA,0,0,0,0,,,,,0,0,,,,SENSOR_NOT_OPERATIONAL,NOT_QUERIED_OUTSIDE_OPERATIONAL_YEARS,2026-10-01T16:50:49Z,84695c68793355baf68800f215fab0c11909cf06a903c72634bf1a56e8d4ff22
ZJ-HZB,1998,landsat5,LANDSAT/LT05/C02/T1_L2,True,NOT_APPLICABLE,SCENE_METADATA,36,27,0,0,118/038|118/039|119/039,LANDSAT_5,,21.0,12,2,summer_v0,,1.0,NONE,QUERIED,2026-10-01T16:50:49Z,d8050a340576bb64379882d680e64a97292418c50f1e4a97c415249acac5ff77
ZJ-HZB,1998,landsat7,LANDSAT/LE07/C02/T1_L2,False,PRE_SLC_FAILURE,SCENE_METADATA,0,0,0,0,,,,,0,0,,,,SENSOR_NOT_OPERATIONAL,NOT_QUERIED_OUTSIDE_OPERATIONAL_YEARS,2026-10-01T16:50:49Z,de8e6cb156192dabff40cfcc8f421de9dd7dda5b290f6d555838d79ca00b10c2
ZJ-HZB,1998,landsat8,LANDSAT/LC08/C02/T1_L2,False,NOT_APPLICABLE,SCENE_METADATA,0,0,0,0,,,,,0,0,,,,SENSOR_NOT_OPERATIONAL,NOT_QUERIED_OUTSIDE_OPERATIONAL_YEARS,2026-10-01T16:50:49Z,e381ce00ebef6d210827d0f322e02d692db94176d66b4e5f03b9249c872a5695
ZJ-HZB,1998,landsat9,LANDSAT/LC09/C02/T1_L2,False,NOT_APPLICABLE,SCENE_METADATA,0,0,0,0,,,,,0,0,,,,SENSOR_NOT_OPERATIONAL,NOT_QUERIED_OUTSIDE_OPERATIONAL_YEARS,2026-10-01T16:50:49Z,7fd3e438bcba1815fe858f588af4dfe0f0255cd0677559f9f998aa94b42b4d16
ZJ-HZB,1998,sentinel1,COPERNICUS/S1_GRD,False,NOT_APPLICABLE,SCENE_METADATA,0,0,0,0,,,,,0,0,,,,SENSOR_NOT_OPERATIONAL,NOT_QUERIED_OUTSIDE_OPERATIONAL_YEARS,2026-10-01T16:50:49Z,310c667ffacafa69fd44c217d8eca9182b93f3d78a7ec9df6b04b082bf3c7a05
ZJ-HZB,1998,sentinel2,COPERNICUS/S2_SR_HARMONIZED,False,NOT_APPLICABLE,SCENE_METADATA,0,0,0,0,,,,,0,0,,,,SENSOR_NOT_OPERATIONAL,NOT_QUERIED_OUTSIDE_OPERATIONAL_YEARS,2026-10-01T16:50:49Z,7248c9682daad1f8136706f18dc1c1a3aa7b19289a1e91c939fb5ed319a1b17e
ZJ-HZB,1999,landsat5,LANDSAT/LT05/C02/T1_L2,True,NOT_APPLICABLE,SCENE_METADATA,29,23,0,0,118/038|118/039|119/039,LANDSAT_5,,16.0,10,2,autumn_v0|summer_v0,,1.0,NONE,QUERIED,2026-10-01T16:50:49Z,431ccd8d188a0ff1c4fc1182a7c8499c6518db445840bbf44defd36b721608b8
ZJ-HZB,1999,landsat7,LANDSAT/LE07/C02/T1_L2,True,PRE_SLC_FAILURE,SCENE_METADATA,12,9,0,0,118/038|118/039|119/039,LANDSAT_7,,9.0,5,0,,,1.0,NONE,QUERIED,2026-10-01T16:50:49Z,ff2d8c0cdbb25a5dfc8274ee62d45645a85dba05db47f7cd079d46d04ba9da32
ZJ-HZB,1999,landsat8,LANDSAT/LC08/C02/T1_L2,False,NOT_APPLICABLE,SCENE_METADATA,0,0,0,0,,,,,0,0,,,,SENSOR_NOT_OPERATIONAL,NOT_QUERIED_OUTSIDE_OPERATIONAL_YEARS,2026-10-01T16:50:49Z,d588664e3e6ab29422f228c75ee7b0e97b204a8e5c0f60afd336de2f1a5573a6
ZJ-HZB,1999,landsat9,LANDSAT/LC09/C02/T1_L2,False,NOT_APPLICABLE,SCENE_METADATA,0,0,0,0,,,,,0,0,,,,SENSOR_NOT_OPERATIONAL,NOT_QUERIED_OUTSIDE_OPERATIONAL_YEARS,2026-10-01T16:50:49Z,bac719e47004255522064fa989de957e563deb3b29987a201cbbf8cc6d31b73e
ZJ-HZB,1999,sentinel1,COPERNICUS/S1_GRD,False,NOT_APPLICABLE,SCENE_METADATA,0,0,0,0,,,,,0,0,,,,SENSOR_NOT_OPERATIONAL,NOT_QUERIED_OUTSIDE_OPERATIONAL_YEARS,2026-10-01T16:50:49Z,6c60207195db46e90ff8224d8c27b187d5bdbb0718b1c8edddb54cc93b448683
ZJ-HZB,1999,sentinel2,COPERNICUS/S2_SR_HARMONIZED,False,NOT_APPLICABLE,SCENE_METADATA,0,0,0,0,,,,,0,0,,,,SENSOR_NOT_OPERATIONAL,NOT_QUERIED_OUTSIDE_OPERATIONAL_YEARS,2026-10-01T16:50:49Z,a94d9169b31c10a164e2466df18df0a0edfc594f416fd1e4339fb8a77c344f20
ZJ-HZB,2000,landsat5,LANDSAT/LT05/C02/T1_L2,True,NOT_APPLICABLE,SCENE_METADATA,47,38,0,0,118/038|118/039|119/039,LANDSAT_5,,18.0,16,1,summer_v0,,1.0,NONE,QUERIED,2026-10-01T16:50:49Z,5edb9875083167627273944f0a5f0f41f490cb2ec93423ac3159a14a246948dd
ZJ-HZB,2000,landsat7,LANDSAT/LE07/C02/T1_L2,True,PRE_SLC_FAILURE,SCENE_METADATA,48,32,0,0,118/038|118/039|119/039,LANDSAT_7,,29.0,16,4,autumn_v0|summer_v0,,1.0,NONE,QUERIED,2026-10-01T16:50:49Z,fce7624400c809a60181e7179334ffa870836065648cc23e14fd093328d581f4
ZJ-HZB,2000,landsat8,LANDSAT/LC08/C02/T1_L2,False,NOT_APPLICABLE,SCENE_METADATA,0,0,0,0,,,,,0,0,,,,SENSOR_NOT_OPERATIONAL,NOT_QUERIED_OUTSIDE_OPERATIONAL_YEARS,2026-10-01T16:50:49Z,ddb9dd25398503f488e2a99f0c04776a3fc360c9cf339513afd4f8ac58fa5979
ZJ-HZB,2000,landsat9,LANDSAT/LC09/C02/T1_L2,False,NOT_APPLICABLE,SCENE_METADATA,0,0,0,0,,,,,0,0,,,,SENSOR_NOT_OPERATIONAL,NOT_QUERIED_OUTSIDE_OPERATIONAL_YEARS,2026-10-01T16:50:49Z,043a3859440200719a9bf25d55a323db2b58927a8534fdde0095a48493a6e315
ZJ-HZB,2000,sentinel1,COPERNICUS/S1_GRD,False,NOT_APPLICABLE,SCENE_METADATA,0,0,0,0,,,,,0,0,,,,SENSOR_NOT_OPERATIONAL,NOT_QUERIED_OUTSIDE_OPERATIONAL_YEARS,2026-10-01T16:50:49Z,b7647b0c7f560baf73a0d6cca305b3cc288fd4b08551a81da55ca622b70b0f3f
ZJ-HZB,2000,sentinel2,COPERNICUS/S2_SR_HARMONIZED,False,NOT_APPLICABLE,SCENE_METADATA,0,0,0,0,,,,,0,0,,,,SENSOR_NOT_OPERATIONAL,NOT_QUERIED_OUTSIDE_OPERATIONAL_YEARS,2026-10-01T16:50:49Z,4a8f3e9fe9fd9515476dc11a8d2e70bf2a755fd9289ad57535008d4344725e47
ZJ-HZB,2001,landsat5,LANDSAT/LT05/C02/T1_L2,True,NOT_APPLICABLE,SCENE_METADATA,42,33,0,0,118/038|118/039|119/039,LANDSAT_5,,22.0,16,2,autumn_v0|summer_v0,,1.0,NONE,QUERIED,2026-10-01T16:50:49Z,d819fb6cd69df2e99b480e5042143f4adcda003b9c95b4cdf56aecfccbc9a0ec
ZJ-HZB,2001,landsat7,LANDSAT/LE07/C02/T1_L2,True,PRE_SLC_FAILURE,SCENE_METADATA,48,33,0,0,118/038|118/039|119/039,LANDSAT_7,,23.0,18,2,summer_v0,,1.0,NONE,QUERIED,2026-10-01T16:50:49Z,ed111715837c474c938d369fed399a1c89380bc5049e49622b01f838d598fc8e
ZJ-HZB,2001,landsat8,LANDSAT/LC08/C02/T1_L2,False,NOT_APPLICABLE,SCENE_METADATA,0,0,0,0,,,,,0,0,,,,SENSOR_NOT_OPERATIONAL,NOT_QUERIED_OUTSIDE_OPERATIONAL_YEARS,2026-10-01T16:50:49Z,2e31d6906739339d5228618cfdd97bf873b743de77b158d020bd85d35be27981
ZJ-HZB,2001,landsat9,LANDSAT/LC09/C02/T1_L2,False,NOT_APPLICABLE,SCENE_METADATA,0,0,0,0,,,,,0,0,,,,SENSOR_NOT_OPERATIONAL,NOT_QUERIED_OUTSIDE_OPERATIONAL_YEARS,2026-10-01T16:50:49Z,a379bcdf570aeb71d91188c1210ec3024afa3ec249794577970c0c98839693ee
ZJ-HZB,2001,sentinel1,COPERNICUS/S1_GRD,False,NOT_APPLICABLE,SCENE_METADATA,0,0,0,0,,,,,0,0,,,,SENSOR_NOT_OPERATIONAL,NOT_QUERIED_OUTSIDE_OPERATIONAL_YEARS,2026-10-01T16:50:49Z,9f1201723739816169b13e40f2c5aeb28453a1606c56244e6befc73c6b044069
ZJ-HZB,2001,sentinel2,COPERNICUS/S2_SR_HARMONIZED,False,NOT_APPLICABLE,SCENE_METADATA,0,0,0,0,,,,,0,0,,,,SENSOR_NOT_OPERATIONAL,NOT_QUERIED_OUTSIDE_OPERATIONAL_YEARS,2026-10-01T16:50:49Z,b6fca458cc70e584fea1fa94655c92a7bbd1ffb5c526e19433131b1e09a053b6
ZJ-HZB,2002,landsat5,LANDSAT/LT05/C02/T1_L2,True,NOT_APPLICABLE,SCENE_METADATA,25,21,0,0,118/038|118/039|119/039,LANDSAT_5,,14.0,10,3,autumn_v0|summer_v0,,1.0,NONE,QUERIED,2026-10-01T16:50:49Z,2a5c1313b840a8ffa2f2bc1dbb6a2472caed37b0afaf62e103f2fe53517daf5d
ZJ-HZB,2002,landsat7,LANDSAT/LE07/C02/T1_L2,True,PRE_SLC_FAILURE,SCENE_METADATA,44,33,0,0,118/038|118/039|119/039,LANDSAT_7,,27.0,16,2,autumn_v0|summer_v0,,1.0,NONE,QUERIED,2026-10-01T16:50:49Z,dbffd7ad0c1a3e6072d030657add2516b1a7e76e82c8abc669104f0f774c8354
ZJ-HZB,2002,landsat8,LANDSAT/LC08/C02/T1_L2,False,NOT_APPLICABLE,SCENE_METADATA,0,0,0,0,,,,,0,0,,,,SENSOR_NOT_OPERATIONAL,NOT_QUERIED_OUTSIDE_OPERATIONAL_YEARS,2026-10-01T16:50:49Z,ed4b96482593497a7c1e0eb5c5fedd8779e9ae43624125f17ae6b5aa0512c439
ZJ-HZB,2002,landsat9,LANDSAT/LC09/C02/T1_L2,False,NOT_APPLICABLE,SCENE_METADATA,0,0,0,0,,,,,0,0,,,,SENSOR_NOT_OPERATIONAL,NOT_QUERIED_OUTSIDE_OPERATIONAL_YEARS,2026-10-01T16:50:49Z,dfbaeda741b81315b2eb495bd44c98284838034efe8e1714d4630110c7cbfb2b
ZJ-HZB,2002,sentinel1,COPERNICUS/S1_GRD,False,NOT_APPLICABLE,SCENE_METADATA,0,0,0,0,,,,,0,0,,,,SENSOR_NOT_OPERATIONAL,NOT_QUERIED_OUTSIDE_OPERATIONAL_YEARS,2026-10-01T16:50:49Z,2b646cd8ccd547396d15d4cd909ffb61cef09695a84aed188587bed213477a6f
ZJ-HZB,2002,sentinel2,COPERNICUS/S2_SR_HARMONIZED,False,NOT_APPLICABLE,SCENE_METADATA,0,0,0,0,,,,,0,0,,,,SENSOR_NOT_OPERATIONAL,NOT_QUERIED_OUTSIDE_OPERATIONAL_YEARS,2026-10-01T16:50:49Z,ee449acd1d6495395d1b078b2a8d43cc644d4736383ab055969c05d058f96e75
ZJ-HZB,2003,landsat5,LANDSAT/LT05/C02/T1_L2,True,NOT_APPLICABLE,SCENE_METADATA,30,27,0,0,118/038|118/039|119/039,LANDSAT_5,,13.0,13,1,autumn_v0,,1.0,NONE,QUERIED,2026-10-01T16:50:49Z,9d8d0e9476b2825474cb328cd276ec5614046300b55487f056c85a0fa537ab64
ZJ-HZB,2003,landsat7,LANDSAT/LE07/C02/T1_L2,True,POST_SLC_FAILURE|PRE_SLC_FAILURE,SCENE_METADATA,31,25,0,0,118/038|118/039|119/039,LANDSAT_7,,21.0,10,3,autumn_v0|summer_v0,,1.0,NONE,QUERIED,2026-10-01T16:50:49Z,80d117a841bc596fd3ba1609d65d58a55d09b5382b8ea9a09c38837733287398
ZJ-HZB,2003,landsat8,LANDSAT/LC08/C02/T1_L2,False,NOT_APPLICABLE,SCENE_METADATA,0,0,0,0,,,,,0,0,,,,SENSOR_NOT_OPERATIONAL,NOT_QUERIED_OUTSIDE_OPERATIONAL_YEARS,2026-10-01T16:50:49Z,152cf1fc9d4e11c9161d453e75283a38f967ffe941de494ab855e496ee4e150f
ZJ-HZB,2003,landsat9,LANDSAT/LC09/C02/T1_L2,False,NOT_APPLICABLE,SCENE_METADATA,0,0,0,0,,,,,0,0,,,,SENSOR_NOT_OPERATIONAL,NOT_QUERIED_OUTSIDE_OPERATIONAL_YEARS,2026-10-01T16:50:49Z,388c22540b54acf1ab90674889d3cb2fad077dd7ba6d8157ac1e448a526d00d2
ZJ-HZB,2003,sentinel1,COPERNICUS/S1_GRD,False,NOT_APPLICABLE,SCENE_METADATA,0,0,0,0,,,,,0,0,,,,SENSOR_NOT_OPERATIONAL,NOT_QUERIED_OUTSIDE_OPERATIONAL_YEARS,2026-10-01T16:50:49Z,028bf36880dcb2b75416e8563486bc8e491eeb904f6b83a8524da494f223b278
ZJ-HZB,2003,sentinel2,COPERNICUS/S2_SR_HARMONIZED,False,NOT_APPLICABLE,SCENE_METADATA,0,0,0,0,,,,,0,0,,,,SENSOR_NOT_OPERATIONAL,NOT_QUERIED_OUTSIDE_OPERATIONAL_YEARS,2026-10-01T16:50:49Z,a6ca3566cd9fa50a7bd40c6fc7fe01a4388b48d76c03a255829a7936b92cfec8
ZJ-HZB,2004,landsat5,LANDSAT/LT05/C02/T1_L2,True,NOT_APPLICABLE,SCENE_METADATA,29,29,0,0,118/039|119/039,LANDSAT_5,,15.0,14,1,summer_v0,,1.0,NONE,QUERIED,2026-10-01T16:50:49Z,d55348803424ba52d806126dd9afe6d42570842eec297f7576121117490a15dd
ZJ-HZB,2004,landsat7,LANDSAT/LE07/C02/T1_L2,True,POST_SLC_FAILURE,SCENE_METADATA,48,33,0,0,118/038|118/039|119/039,LANDSAT_7,,22.0,17,2,autumn_v0,,1.0,NONE,QUERIED,2026-10-01T16:50:49Z,bb4639cbf7e109944e74e0a0116e736c9feb187c73daf3cc40a7f0e29ef1a4e6
ZJ-HZB,2004,landsat8,LANDSAT/LC08/C02/T1_L2,False,NOT_APPLICABLE,SCENE_METADATA,0,0,0,0,,,,,0,0,,,,SENSOR_NOT_OPERATIONAL,NOT_QUERIED_OUTSIDE_OPERATIONAL_YEARS,2026-10-01T16:50:49Z,69a39f12efc1cee833f7b1a62a520555979f6f4189e85c7c9f0f3065ad4796ea
ZJ-HZB,2004,landsat9,LANDSAT/LC09/C02/T1_L2,False,NOT_APPLICABLE,SCENE_METADATA,0,0,0,0,,,,,0,0,,,,SENSOR_NOT_OPERATIONAL,NOT_QUERIED_OUTSIDE_OPERATIONAL_YEARS,2026-10-01T16:50:49Z,c70931f5aa5309b7daec07ae5695f09e24cb80e78e59b61697021ba16c64a136
ZJ-HZB,2004,sentinel1,COPERNICUS/S1_GRD,False,NOT_APPLICABLE,SCENE_METADATA,0,0,0,0,,,,,0,0,,,,SENSOR_NOT_OPERATIONAL,NOT_QUERIED_OUTSIDE_OPERATIONAL_YEARS,2026-10-01T16:50:49Z,63c320534fd553c4d72505a6364b89c7132d348adf4f0b5e5d62dd685b74362a
ZJ-HZB,2004,sentinel2,COPERNICUS/S2_SR_HARMONIZED,False,NOT_APPLICABLE,SCENE_METADATA,0,0,0,0,,,,,0,0,,,,SENSOR_NOT_OPERATIONAL,NOT_QUERIED_OUTSIDE_OPERATIONAL_YEARS,2026-10-01T16:50:49Z,79af5d7973863193942c6e3b23aed3b29831bb224a301404abe5f9f4b0356b5d
ZJ-HZB,2005,landsat5,LANDSAT/LT05/C02/T1_L2,True,NOT_APPLICABLE,SCENE_METADATA,28,28,0,0,118/039|119/039,LANDSAT_5,,10.0,11,3,autumn_v0|summer_v0,,1.0,NONE,QUERIED,2026-10-01T16:50:49Z,67622934d1b1bda8f9bf3d28eb7c2f692a16cd5706164ede8373f85f632bd355
ZJ-HZB,2005,landsat7,LANDSAT/LE07/C02/T1_L2,True,POST_SLC_FAILURE,SCENE_METADATA,48,33,0,0,118/038|118/039|119/039,LANDSAT_7,,24.0,17,3,autumn_v0|summer_v0,,1.0,NONE,QUERIED,2026-10-01T16:50:49Z,3c65f36749933d3a852576b19246cbf5e83084c1efdceec8d7560ae11f36a5b9
ZJ-HZB,2005,landsat8,LANDSAT/LC08/C02/T1_L2,False,NOT_APPLICABLE,SCENE_METADATA,0,0,0,0,,,,,0,0,,,,SENSOR_NOT_OPERATIONAL,NOT_QUERIED_OUTSIDE_OPERATIONAL_YEARS,2026-10-01T16:50:49Z,54b1c228b3c71fa70092607f0ba4b8430c0ed047aa16465bcc9377ca02efc02a
ZJ-HZB,2005,landsat9,LANDSAT/LC09/C02/T1_L2,False,NOT_APPLICABLE,SCENE_METADATA,0,0,0,0,,,,,0,0,,,,SENSOR_NOT_OPERATIONAL,NOT_QUERIED_OUTSIDE_OPERATIONAL_YEARS,2026-10-01T16:50:49Z,92c8e4d5ea21746550a1c9d48c6035167fbc133275c4b1442686020181d809ba
ZJ-HZB,2005,sentinel1,COPERNICUS/S1_GRD,False,NOT_APPLICABLE,SCENE_METADATA,0,0,0,0,,,,,0,0,,,,SENSOR_NOT_OPERATIONAL,NOT_QUERIED_OUTSIDE_OPERATIONAL_YEARS,2026-10-01T16:50:49Z,04206fe7ca5c7d00197f143a29537d7f26eac004d41d7a07dad999147d658c21
ZJ-HZB,2005,sentinel2,COPERNICUS/S2_SR_HARMONIZED,False,NOT_APPLICABLE,SCENE_METADATA,0,0,0,0,,,,,0,0,,,,SENSOR_NOT_OPERATIONAL,NOT_QUERIED_OUTSIDE_OPERATIONAL_YEARS,2026-10-01T16:50:49Z,23f3b6f2d56dea8923cf466b927ab7b9d07f64b914995f34516aace6a56d3710
ZJ-HZB,2006,landsat5,LANDSAT/LT05/C02/T1_L2,True,NOT_APPLICABLE,SCENE_METADATA,28,28,0,0,118/039|119/039,LANDSAT_5,,13.0,14,2,autumn_v0,,1.0,NONE,QUERIED,2026-10-01T16:50:49Z,6c369154fae260977f9df0c31e25f286458ed5e02e24f47b7aee3f0755c7b635
ZJ-HZB,2006,landsat7,LANDSAT/LE07/C02/T1_L2,True,POST_SLC_FAILURE,SCENE_METADATA,46,33,0,0,118/038|118/039|119/039,LANDSAT_7,,19.0,16,1,autumn_v0,,1.0,NONE,QUERIED,2026-10-01T16:50:49Z,d5eb6943382fc7f95dbace28bcc48426de495995b80ba91c49c78e4df9d2ec09
ZJ-HZB,2006,landsat8,LANDSAT/LC08/C02/T1_L2,False,NOT_APPLICABLE,SCENE_METADATA,0,0,0,0,,,,,0,0,,,,SENSOR_NOT_OPERATIONAL,NOT_QUERIED_OUTSIDE_OPERATIONAL_YEARS,2026-10-01T16:50:49Z,9c62d9dd0f7d0d82522d26b88fc295ad527eeddbbed4ec521f996752738d186d
ZJ-HZB,2006,landsat9,LANDSAT/LC09/C02/T1_L2,False,NOT_APPLICABLE,SCENE_METADATA,0,0,0,0,,,,,0,0,,,,SENSOR_NOT_OPERATIONAL,NOT_QUERIED_OUTSIDE_OPERATIONAL_YEARS,2026-10-01T16:50:49Z,953f9793301e375e19542b0faf616f39c07dcc38b45414d4a0419f79bc54079a
ZJ-HZB,2006,sentinel1,COPERNICUS/S1_GRD,False,NOT_APPLICABLE,SCENE_METADATA,0,0,0,0,,,,,0,0,,,,SENSOR_NOT_OPERATIONAL,NOT_QUERIED_OUTSIDE_OPERATIONAL_YEARS,2026-10-01T16:50:49Z,408d662fde01d0d174a09987ee8f4c4e7f789ca39b4ae86383feb5492afa2b0c
ZJ-HZB,2006,sentinel2,COPERNICUS/S2_SR_HARMONIZED,False,NOT_APPLICABLE,SCENE_METADATA,0,0,0,0,,,,,0,0,,,,SENSOR_NOT_OPERATIONAL,NOT_QUERIED_OUTSIDE_OPERATIONAL_YEARS,2026-10-01T16:50:49Z,489ef1e75d378a00d38f44f56366efc59419a11d4071966bb84eae40aaa2d836
ZJ-HZB,2007,landsat5,LANDSAT/LT05/C02/T1_L2,True,NOT_APPLICABLE,SCENE_METADATA,24,24,0,0,118/039|119/039,LANDSAT_5,,9.0,13,2,autumn_v0|summer_v0,,1.0,NONE,QUERIED,2026-10-01T16:50:49Z,1cdeb9f19439ef044b489c11b9a6fd37bc27638201367a0fd90c12b38dcfd64c
ZJ-HZB,2007,landsat7,LANDSAT/LE07/C02/T1_L2,True,POST_SLC_FAILURE,SCENE_METADATA,33,25,0,0,118/038|118/039|119/039,LANDSAT_7,,16.0,15,0,,,1.0,NONE,QUERIED,2026-10-01T16:50:49Z,cf5de2aee0d5a4e237b3a5d27bbeba8e5ecb995d2f4bc491e57eb47feaeb3d99
ZJ-HZB,2007,landsat8,LANDSAT/LC08/C02/T1_L2,False,NOT_APPLICABLE,SCENE_METADATA,0,0,0,0,,,,,0,0,,,,SENSOR_NOT_OPERATIONAL,NOT_QUERIED_OUTSIDE_OPERATIONAL_YEARS,2026-10-01T16:50:49Z,99214a881f6e4458d729c481fbcc26f296a1ea0dfadd20b6ae732ce37bfbe02b
ZJ-HZB,2007,landsat9,LANDSAT/LC09/C02/T1_L2,False,NOT_APPLICABLE,SCENE_METADATA,0,0,0,0,,,,,0,0,,,,SENSOR_NOT_OPERATIONAL,NOT_QUERIED_OUTSIDE_OPERATIONAL_YEARS,2026-10-01T16:50:49Z,9418c585c2b068db9f60827fbf3f3337c70c632fc4dac2ae017d574dedb867af
ZJ-HZB,2007,sentinel1,COPERNICUS/S1_GRD,False,NOT_APPLICABLE,SCENE_METADATA,0,0,0,0,,,,,0,0,,,,SENSOR_NOT_OPERATIONAL,NOT_QUERIED_OUTSIDE_OPERATIONAL_YEARS,2026-10-01T16:50:49Z,b17e90f2e36149e9b640125c8bf75b2bc0ce6db14f4e346d4e65292018acf282
ZJ-HZB,2007,sentinel2,COPERNICUS/S2_SR_HARMONIZED,False,NOT_APPLICABLE,SCENE_METADATA,0,0,0,0,,,,,0,0,,,,SENSOR_NOT_OPERATIONAL,NOT_QUERIED_OUTSIDE_OPERATIONAL_YEARS,2026-10-01T16:50:49Z,a5dd941710bf241caeace95cfaf4e4536a0455299b327740bbe08fde53086900
ZJ-HZB,2008,landsat5,LANDSAT/LT05/C02/T1_L2,True,NOT_APPLICABLE,SCENE_METADATA,26,26,0,0,118/039|119/039,LANDSAT_5,,12.0,13,2,autumn_v0|summer_v0,,1.0,NONE,QUERIED,2026-10-01T16:50:49Z,378d00804fe2af34bda2e1a414a11bc3f4343c84d7be1a65e60afbe52cd1e641
ZJ-HZB,2008,landsat7,LANDSAT/LE07/C02/T1_L2,True,POST_SLC_FAILURE,SCENE_METADATA,33,32,0,0,118/038|118/039|119/039,LANDSAT_7,,12.0,18,2,summer_v0,,1.0,NONE,QUERIED,2026-10-01T16:50:49Z,eb424d44769fbf9adea25a8400da18b63a467c4be546734dcb335491abd62d87
ZJ-HZB,2008,landsat8,LANDSAT/LC08/C02/T1_L2,False,NOT_APPLICABLE,SCENE_METADATA,0,0,0,0,,,,,0,0,,,,SENSOR_NOT_OPERATIONAL,NOT_QUERIED_OUTSIDE_OPERATIONAL_YEARS,2026-10-01T16:50:49Z,170e67c78f9d7da4f0086c32f8c86ba9a279c5650a98f6ed00f766917226770b
ZJ-HZB,2008,landsat9,LANDSAT/LC09/C02/T1_L2,False,NOT_APPLICABLE,SCENE_METADATA,0,0,0,0,,,,,0,0,,,,SENSOR_NOT_OPERATIONAL,NOT_QUERIED_OUTSIDE_OPERATIONAL_YEARS,2026-10-01T16:50:49Z,39128c9d8a321448431436532280fefa22f04f4dd095ac1560681ac7517e208a
ZJ-HZB,2008,sentinel1,COPERNICUS/S1_GRD,False,NOT_APPLICABLE,SCENE_METADATA,0,0,0,0,,,,,0,0,,,,SENSOR_NOT_OPERATIONAL,NOT_QUERIED_OUTSIDE_OPERATIONAL_YEARS,2026-10-01T16:50:49Z,0293428b833d07bbb0d53fbfea2eae52461353e54141c5729b053442807e365b
ZJ-HZB,2008,sentinel2,COPERNICUS/S2_SR_HARMONIZED,False,NOT_APPLICABLE,SCENE_METADATA,0,0,0,0,,,,,0,0,,,,SENSOR_NOT_OPERATIONAL,NOT_QUERIED_OUTSIDE_OPERATIONAL_YEARS,2026-10-01T16:50:49Z,1116183f461d433e38e52e4448a2e23f363bb0b3c5405c399bf508a9e9a351e9
ZJ-HZB,2009,landsat5,LANDSAT/LT05/C02/T1_L2,True,NOT_APPLICABLE,SCENE_METADATA,24,24,0,0,118/039|119/039,LANDSAT_5,,11.0,14,3,autumn_v0|summer_v0,,1.0,NONE,QUERIED,2026-10-01T16:50:49Z,5f6c9461dc841a3899bc2a4bb7fa0289f26cf8186a72fa3a2112bf7e921a337b
ZJ-HZB,2009,landsat7,LANDSAT/LE07/C02/T1_L2,True,POST_SLC_FAILURE,SCENE_METADATA,32,28,0,0,118/038|118/039|119/039,LANDSAT_7,,17.0,12,1,autumn_v0,,1.0,NONE,QUERIED,2026-10-01T16:50:49Z,9a098af2de8c4aa62a839cd56ed7cf34fe9b09ec40a55304a1971008d85165b7
ZJ-HZB,2009,landsat8,LANDSAT/LC08/C02/T1_L2,False,NOT_APPLICABLE,SCENE_METADATA,0,0,0,0,,,,,0,0,,,,SENSOR_NOT_OPERATIONAL,NOT_QUERIED_OUTSIDE_OPERATIONAL_YEARS,2026-10-01T16:50:49Z,c8d97ebcf03b49518d0361d976422460ac286708c73ceb38eb8e8656dcd504ae
ZJ-HZB,2009,landsat9,LANDSAT/LC09/C02/T1_L2,False,NOT_APPLICABLE,SCENE_METADATA,0,0,0,0,,,,,0,0,,,,SENSOR_NOT_OPERATIONAL,NOT_QUERIED_OUTSIDE_OPERATIONAL_YEARS,2026-10-01T16:50:49Z,41da56501150e8cf77142cdea33803367dbe97b1e550bdbbd5bdfa9a9ad17448
ZJ-HZB,2009,sentinel1,COPERNICUS/S1_GRD,False,NOT_APPLICABLE,SCENE_METADATA,0,0,0,0,,,,,0,0,,,,SENSOR_NOT_OPERATIONAL,NOT_QUERIED_OUTSIDE_OPERATIONAL_YEARS,2026-10-01T16:50:49Z,215049faa13ee5ba1ded0ea393fb87958dc526427c4df9184d19a1c646b5a85c
ZJ-HZB,2009,sentinel2,COPERNICUS/S2_SR_HARMONIZED,False,NOT_APPLICABLE,SCENE_METADATA,0,0,0,0,,,,,0,0,,,,SENSOR_NOT_OPERATIONAL,NOT_QUERIED_OUTSIDE_OPERATIONAL_YEARS,2026-10-01T16:50:49Z,9cb11f5d2cc2f520db6d3c65b8f6e4bd256f23d6982d409bbc5bae44c6229d64
ZJ-HZB,2010,landsat5,LANDSAT/LT05/C02/T1_L2,True,NOT_APPLICABLE,SCENE_METADATA,22,21,0,0,118/038|118/039|119/039,LANDSAT_5,,12.0,13,1,summer_v0,,1.0,NONE,QUERIED,2026-10-01T16:50:49Z,cfd3e965468f0df11104da72da954c62bb862f9375aa7c2e4c291b1a1d8e00e3
ZJ-HZB,2010,landsat7,LANDSAT/LE07/C02/T1_L2,True,POST_SLC_FAILURE,SCENE_METADATA,31,29,0,0,118/038|118/039|119/039,LANDSAT_7,,22.0,14,2,autumn_v0|summer_v0,,1.0,NONE,QUERIED,2026-10-01T16:50:49Z,ad3e00d44a58a1956033b0f18f082ec2bc729be04cef578b3a1047cc5934cee7
ZJ-HZB,2010,landsat8,LANDSAT/LC08/C02/T1_L2,False,NOT_APPLICABLE,SCENE_METADATA,0,0,0,0,,,,,0,0,,,,SENSOR_NOT_OPERATIONAL,NOT_QUERIED_OUTSIDE_OPERATIONAL_YEARS,2026-10-01T16:50:49Z,a1e10500eb12be88a492334404e510b695973fca5bb203e9f172c75de2d18421
ZJ-HZB,2010,landsat9,LANDSAT/LC09/C02/T1_L2,False,NOT_APPLICABLE,SCENE_METADATA,0,0,0,0,,,,,0,0,,,,SENSOR_NOT_OPERATIONAL,NOT_QUERIED_OUTSIDE_OPERATIONAL_YEARS,2026-10-01T16:50:49Z,9f53a1f3242b0d7e4047c46dc74860cb9c8ae48ebb0144d4b6264262c7735494
ZJ-HZB,2010,sentinel1,COPERNICUS/S1_GRD,False,NOT_APPLICABLE,SCENE_METADATA,0,0,0,0,,,,,0,0,,,,SENSOR_NOT_OPERATIONAL,NOT_QUERIED_OUTSIDE_OPERATIONAL_YEARS,2026-10-01T16:50:49Z,8ba19e6328a18770a30b1d5e79f871849d4c4ee7ca01fff8b6977b77e4d816bd
ZJ-HZB,2010,sentinel2,COPERNICUS/S2_SR_HARMONIZED,False,NOT_APPLICABLE,SCENE_METADATA,0,0,0,0,,,,,0,0,,,,SENSOR_NOT_OPERATIONAL,NOT_QUERIED_OUTSIDE_OPERATIONAL_YEARS,2026-10-01T16:50:49Z,269d894a519deaa3f9efa7960f74490579a50ecf4f4b022a73fee11b36c6725f
ZJ-HZB,2011,landsat5,LANDSAT/LT05/C02/T1_L2,True,NOT_APPLICABLE,SCENE_METADATA,22,22,0,0,118/039|119/039,LANDSAT_5,,9.0,11,2,autumn_v0|summer_v0,,1.0,NONE,QUERIED,2026-10-01T16:50:49Z,7333c87817c117d8b4186f8a6f475dd03d05ecd2c0d647c9275c5980e405e90b
ZJ-HZB,2011,landsat7,LANDSAT/LE07/C02/T1_L2,True,POST_SLC_FAILURE,SCENE_METADATA,27,27,0,0,118/039|119/039,LANDSAT_7,,14.0,12,1,autumn_v0,,1.0,NONE,QUERIED,2026-10-01T16:50:49Z,02432a5c67a998ece36c5d2c20ed7e51b508ab3f785c3d14cdb8f744383521c6
ZJ-HZB,2011,landsat8,LANDSAT/LC08/C02/T1_L2,False,NOT_APPLICABLE,SCENE_METADATA,0,0,0,0,,,,,0,0,,,,SENSOR_NOT_OPERATIONAL,NOT_QUERIED_OUTSIDE_OPERATIONAL_YEARS,2026-10-01T16:50:49Z,3c611e0e8c2c351877811746eb161eb074984816334d08e556bdb8f3c1965859
ZJ-HZB,2011,landsat9,LANDSAT/LC09/C02/T1_L2,False,NOT_APPLICABLE,SCENE_METADATA,0,0,0,0,,,,,0,0,,,,SENSOR_NOT_OPERATIONAL,NOT_QUERIED_OUTSIDE_OPERATIONAL_YEARS,2026-10-01T16:50:49Z,2f6ab3d30bd3fefe552aea72c97e06851d97c13462bb7ace8fcf413efcc7b687
ZJ-HZB,2011,sentinel1,COPERNICUS/S1_GRD,False,NOT_APPLICABLE,SCENE_METADATA,0,0,0,0,,,,,0,0,,,,SENSOR_NOT_OPERATIONAL,NOT_QUERIED_OUTSIDE_OPERATIONAL_YEARS,2026-10-01T16:50:49Z,33198097e86863056ddac85de5c7c8587958d9a0376d3c1c6e4d9e95aa39a5fb
ZJ-HZB,2011,sentinel2,COPERNICUS/S2_SR_HARMONIZED,False,NOT_APPLICABLE,SCENE_METADATA,0,0,0,0,,,,,0,0,,,,SENSOR_NOT_OPERATIONAL,NOT_QUERIED_OUTSIDE_OPERATIONAL_YEARS,2026-10-01T16:50:49Z,44aa9fa50f4269ea2b2f8ac1c94e3aa1f2e2e261fba5182ab40238f0f0a28cb5
ZJ-HZB,2012,landsat5,LANDSAT/LT05/C02/T1_L2,True,NOT_APPLICABLE,SCENE_METADATA,0,0,0,0,,,,0.0,0,0,,,,NO_SCENES_FOUND,QUERIED,2026-10-01T16:50:49Z,d24cb0eb10632ee9ea60e617ad8f2f746cfdd5290f249d81d47183c8d0e99cdd
ZJ-HZB,2012,landsat7,LANDSAT/LE07/C02/T1_L2,True,POST_SLC_FAILURE,SCENE_METADATA,29,28,0,0,118/038|118/039|119/039,LANDSAT_7,,14.0,17,2,autumn_v0,,1.0,NONE,QUERIED,2026-10-01T16:50:49Z,4f72ce4981a4480c8504a80dea587914812bc23d883f34eac2f5558dca8dc456
ZJ-HZB,2012,landsat8,LANDSAT/LC08/C02/T1_L2,False,NOT_APPLICABLE,SCENE_METADATA,0,0,0,0,,,,,0,0,,,,SENSOR_NOT_OPERATIONAL,NOT_QUERIED_OUTSIDE_OPERATIONAL_YEARS,2026-10-01T16:50:49Z,cb736f39e7ccf90336bad86f75444b6a770382ac78f62fe48258d1a290a67a5c
ZJ-HZB,2012,landsat9,LANDSAT/LC09/C02/T1_L2,False,NOT_APPLICABLE,SCENE_METADATA,0,0,0,0,,,,,0,0,,,,SENSOR_NOT_OPERATIONAL,NOT_QUERIED_OUTSIDE_OPERATIONAL_YEARS,2026-10-01T16:50:49Z,236757255a1d8e6313ded5463391b1ed3a74a51b9f0b338465a0d94470ecd46f
ZJ-HZB,2012,sentinel1,COPERNICUS/S1_GRD,False,NOT_APPLICABLE,SCENE_METADATA,0,0,0,0,,,,,0,0,,,,SENSOR_NOT_OPERATIONAL,NOT_QUERIED_OUTSIDE_OPERATIONAL_YEARS,2026-10-01T16:50:49Z,e7b56e8c233f3b13147fb1aaf03a1fc01c6a907c5178860edcb1f7a088f0edf4
ZJ-HZB,2012,sentinel2,COPERNICUS/S2_SR_HARMONIZED,False,NOT_APPLICABLE,SCENE_METADATA,0,0,0,0,,,,,0,0,,,,SENSOR_NOT_OPERATIONAL,NOT_QUERIED_OUTSIDE_OPERATIONAL_YEARS,2026-10-01T16:50:49Z,80f993370dac3da937787f781676baeb4fc2b51b49b4abc044948a4dbd0d7582
ZJ-HZB,2013,landsat5,LANDSAT/LT05/C02/T1_L2,False,NOT_APPLICABLE,SCENE_METADATA,0,0,0,0,,,,,0,0,,,,SENSOR_NOT_OPERATIONAL,NOT_QUERIED_OUTSIDE_OPERATIONAL_YEARS,2026-10-01T16:50:49Z,edb622fec7d32f170e6f81641f077cd9826a8fbbc1e3e161ac273b4049d827ca
ZJ-HZB,2013,landsat7,LANDSAT/LE07/C02/T1_L2,True,POST_SLC_FAILURE,SCENE_METADATA,27,27,0,0,118/039|119/039,LANDSAT_7,,14.0,14,1,summer_v0,,1.0,NONE,QUERIED,2026-10-01T16:50:49Z,ebab9ec398000b929fcbb79280de23a5da1b202f3300deb5b4a5e039448f941a
ZJ-HZB,2013,landsat8,LANDSAT/LC08/C02/T1_L2,True,NOT_APPLICABLE,SCENE_METADATA,37,25,0,0,118/038|118/039|119/039,LANDSAT_8,,18.0,13,1,summer_v0,,1.0,NONE,QUERIED,2026-10-01T16:50:49Z,c965eecfbc221b04b5f056afae197ae49ab8ab8431802607663aa95345367550
ZJ-HZB,2013,landsat9,LANDSAT/LC09/C02/T1_L2,False,NOT_APPLICABLE,SCENE_METADATA,0,0,0,0,,,,,0,0,,,,SENSOR_NOT_OPERATIONAL,NOT_QUERIED_OUTSIDE_OPERATIONAL_YEARS,2026-10-01T16:50:49Z,f75fd3a3b7420170bc27961a311f3df90947273cb602abd5dff8e8377bc721f5
ZJ-HZB,2013,sentinel1,COPERNICUS/S1_GRD,False,NOT_APPLICABLE,SCENE_METADATA,0,0,0,0,,,,,0,0,,,,SENSOR_NOT_OPERATIONAL,NOT_QUERIED_OUTSIDE_OPERATIONAL_YEARS,2026-10-01T16:50:49Z,0a697c8e9bd9e742e8224d71652cb7efca0f72b781c9d2f33f39046c13cde5d9
ZJ-HZB,2013,sentinel2,COPERNICUS/S2_SR_HARMONIZED,False,NOT_APPLICABLE,SCENE_METADATA,0,0,0,0,,,,,0,0,,,,SENSOR_NOT_OPERATIONAL,NOT_QUERIED_OUTSIDE_OPERATIONAL_YEARS,2026-10-01T16:50:49Z,002e565c0fe6abfb4cdca42ec315326dc7cd9a894857a7846a34e01b3d2866e2
ZJ-HZB,2014,landsat5,LANDSAT/LT05/C02/T1_L2,False,NOT_APPLICABLE,SCENE_METADATA,0,0,0,0,,,,,0,0,,,,SENSOR_NOT_OPERATIONAL,NOT_QUERIED_OUTSIDE_OPERATIONAL_YEARS,2026-10-01T16:50:49Z,14fa120ffc50dbe937f1dac51ff45e64d5d6c40f00b52b0a73242f4169c27be5
ZJ-HZB,2014,landsat7,LANDSAT/LE07/C02/T1_L2,True,POST_SLC_FAILURE,SCENE_METADATA,36,34,0,0,118/038|118/039|119/039,LANDSAT_7,,14.0,17,1,summer_v0,,1.0,NONE,QUERIED,2026-10-01T16:50:49Z,f3a77b696d8e871bec61a8c871f04243ae9f2a35cc5c122b1fa7e44b140f05b4
ZJ-HZB,2014,landsat8,LANDSAT/LC08/C02/T1_L2,True,NOT_APPLICABLE,SCENE_METADATA,51,35,0,0,118/038|118/039|119/039,LANDSAT_8,,25.0,19,3,autumn_v0|summer_v0,,1.0,NONE,QUERIED,2026-10-01T16:50:49Z,8e22ce13255592e83e1fd3a36f62ff97720333e7f6fdac9d2b8481bd3346ba92
ZJ-HZB,2014,landsat9,LANDSAT/LC09/C02/T1_L2,False,NOT_APPLICABLE,SCENE_METADATA,0,0,0,0,,,,,0,0,,,,SENSOR_NOT_OPERATIONAL,NOT_QUERIED_OUTSIDE_OPERATIONAL_YEARS,2026-10-01T16:50:49Z,695c363df2cd78c7f660cb12f06ba52aba38e81e23fec4b808255678205acaf4
ZJ-HZB,2014,sentinel1,COPERNICUS/S1_GRD,True,NOT_APPLICABLE,SCENE_METADATA,0,0,0,0,,,,,0,0,,,,NO_SCENES_FOUND,QUERIED,2026-10-01T16:50:49Z,991919ee542d9d4d5a1a66811ef5230357cbdad6702cb1946a66a688f3a06536
ZJ-HZB,2014,sentinel2,COPERNICUS/S2_SR_HARMONIZED,False,NOT_APPLICABLE,SCENE_METADATA,0,0,0,0,,,,,0,0,,,,SENSOR_NOT_OPERATIONAL,NOT_QUERIED_OUTSIDE_OPERATIONAL_YEARS,2026-10-01T16:50:49Z,b04f984a7aff2c731767848599f9e0a48c3c64ab256ba5a33e805d01d8d9f9d6
ZJ-HZB,2015,landsat5,LANDSAT/LT05/C02/T1_L2,False,NOT_APPLICABLE,SCENE_METADATA,0,0,0,0,,,,,0,0,,,,SENSOR_NOT_OPERATIONAL,NOT_QUERIED_OUTSIDE_OPERATIONAL_YEARS,2026-10-01T16:50:49Z,9ae99a86b586ccaa1e2650a8ba8dcd5b5b17318f913118db7ba0e56a13816fc4
ZJ-HZB,2015,landsat7,LANDSAT/LE07/C02/T1_L2,True,POST_SLC_FAILURE,SCENE_METADATA,27,27,0,0,118/039|119/039,LANDSAT_7,,13.0,13,1,summer_v0,,1.0,NONE,QUERIED,2026-10-01T16:50:49Z,2d4829f072837e13a947a168b71b65af7fbab47e8b2f1e00a20bf99483792a27
ZJ-HZB,2015,landsat8,LANDSAT/LC08/C02/T1_L2,True,NOT_APPLICABLE,SCENE_METADATA,49,33,0,0,118/038|118/039|119/039,LANDSAT_8,,20.0,18,1,autumn_v0,,1.0,NONE,QUERIED,2026-10-01T16:50:49Z,74b26db904e0fe2d40aedde8ac4e4630f4d9db50667ec0b134ca4006ffb3dc9e
ZJ-HZB,2015,landsat9,LANDSAT/LC09/C02/T1_L2,False,NOT_APPLICABLE,SCENE_METADATA,0,0,0,0,,,,,0,0,,,,SENSOR_NOT_OPERATIONAL,NOT_QUERIED_OUTSIDE_OPERATIONAL_YEARS,2026-10-01T16:50:49Z,311bf1de3ce40d71364a66ef76d0dd3fe6398fc00ee1d71b0c0a4b4fe76cfbc6
ZJ-HZB,2015,sentinel1,COPERNICUS/S1_GRD,True,NOT_APPLICABLE,SCENE_METADATA,35,26,29,6,,A,,,4,1,summer_v0,,1.0,NONE,QUERIED,2026-10-01T16:50:49Z,6e6ffc9086137a7d5e9737fc7411efab9faacbd5f5b36706b1819d687e103431
ZJ-HZB,2015,sentinel2,COPERNICUS/S2_SR_HARMONIZED,False,NOT_APPLICABLE,SCENE_METADATA,0,0,0,0,,,,,0,0,,,,SENSOR_NOT_OPERATIONAL,NOT_QUERIED_OUTSIDE_OPERATIONAL_YEARS,2026-10-01T16:50:49Z,028a45066311345c9574f1389296666fd60f50372e8ed2e58687ac921b711f7d
ZJ-HZB,2016,landsat5,LANDSAT/LT05/C02/T1_L2,False,NOT_APPLICABLE,SCENE_METADATA,0,0,0,0,,,,,0,0,,,,SENSOR_NOT_OPERATIONAL,NOT_QUERIED_OUTSIDE_OPERATIONAL_YEARS,2026-10-01T16:50:49Z,588cc0d4a783bb7de76e5e93fb9cb881a780f3fd25aa1c6b6aa6d3b34cd6568f
ZJ-HZB,2016,landsat7,LANDSAT/LE07/C02/T1_L2,True,POST_SLC_FAILURE,SCENE_METADATA,26,26,0,0,118/039|119/039,LANDSAT_7,,10.0,11,1,summer_v0,,1.0,NONE,QUERIED,2026-10-01T16:50:49Z,e9acf64c7b01ba05c59dc8c986b634af4350aefba637671763d4f574babe9c1c
ZJ-HZB,2016,landsat8,LANDSAT/LC08/C02/T1_L2,True,NOT_APPLICABLE,SCENE_METADATA,50,34,0,0,118/038|118/039|119/039,LANDSAT_8,,21.0,16,2,autumn_v0|summer_v0,,1.0,NONE,QUERIED,2026-10-01T16:50:49Z,8e8f6f4330ae4ead4f07ab410391699d08ef162fd30294d2b289bffc69c82f47
ZJ-HZB,2016,landsat9,LANDSAT/LC09/C02/T1_L2,False,NOT_APPLICABLE,SCENE_METADATA,0,0,0,0,,,,,0,0,,,,SENSOR_NOT_OPERATIONAL,NOT_QUERIED_OUTSIDE_OPERATIONAL_YEARS,2026-10-01T16:50:49Z,c8e8eb68168538b05b622649c3b87ae206908750a6933aca834ffdcb4e72bb10
ZJ-HZB,2016,sentinel1,COPERNICUS/S1_GRD,True,NOT_APPLICABLE,SCENE_METADATA,61,40,53,8,,A|B,,,5,0,,,1.0,NONE,QUERIED,2026-10-01T16:50:49Z,e26d13c78be63d33c1db614078214c6dee6bc3c5000183ba98d356a1054b943c
ZJ-HZB,2016,sentinel2,COPERNICUS/S2_SR_HARMONIZED,False,NOT_APPLICABLE,SCENE_METADATA,0,0,0,0,,,,,0,0,,,,SENSOR_NOT_OPERATIONAL,NOT_QUERIED_OUTSIDE_OPERATIONAL_YEARS,2026-10-01T16:50:49Z,5fc8d8e8656e817fad867752b13e7d6d4ff3634ced121e9d53712d9d1a10bb60
ZJ-HZB,2017,landsat5,LANDSAT/LT05/C02/T1_L2,False,NOT_APPLICABLE,SCENE_METADATA,0,0,0,0,,,,,0,0,,,,SENSOR_NOT_OPERATIONAL,NOT_QUERIED_OUTSIDE_OPERATIONAL_YEARS,2026-10-01T16:50:49Z,f511f93cbdf6e2bac86eeb8bd5efdf1b1caa8888c471d8145a5dd0e736fa0f62
ZJ-HZB,2017,landsat7,LANDSAT/LE07/C02/T1_L2,True,POST_SLC_FAILURE,SCENE_METADATA,32,30,0,0,118/038|118/039|119/039,LANDSAT_7,,12.0,15,2,autumn_v0|summer_v0,,1.0,NONE,QUERIED,2026-10-01T16:50:49Z,cd9f1a9ef200abb89c593c287a916317269c6d17906d9ae0dff6fc7d3fca5d32
ZJ-HZB,2017,landsat8,LANDSAT/LC08/C02/T1_L2,True,NOT_APPLICABLE,SCENE_METADATA,46,32,0,0,118/038|118/039|119/039,LANDSAT_8,,20.0,16,2,autumn_v0|summer_v0,,1.0,NONE,QUERIED,2026-10-01T16:50:49Z,fa3b49d25ac7a621c035ca2615ee1faff159e3d73ddcaf789f99970d7e7d6220
ZJ-HZB,2017,landsat9,LANDSAT/LC09/C02/T1_L2,False,NOT_APPLICABLE,SCENE_METADATA,0,0,0,0,,,,,0,0,,,,SENSOR_NOT_OPERATIONAL,NOT_QUERIED_OUTSIDE_OPERATIONAL_YEARS,2026-10-01T16:50:49Z,c00e3fd27d5a67fde9d87c8bb5287a1f3ff4e1133483cc4c3042866618f693e6
ZJ-HZB,2017,sentinel1,COPERNICUS/S1_GRD,True,NOT_APPLICABLE,SCENE_METADATA,84,57,84,0,,A,,,0,0,,,0.974184,NO_QUALITY_SCENES,QUERIED,2026-10-01T16:50:49Z,83340ed81241f9f2d84c9cd768141868a9885ca70fc878f258fb734c2226a08f
ZJ-HZB,2017,sentinel2,COPERNICUS/S2_SR_HARMONIZED,True,NOT_APPLICABLE,SCENE_METADATA,35,20,0,0,51RTP|51RUP|51RUQ,Sentinel-2A|Sentinel-2B,05.00,35.0,0,0,,,0.906673,NO_QUALITY_SCENES,QUERIED,2026-10-01T16:50:49Z,4d0627c2a0a9867195257f82d92e9d77df29574861a2e02559f4ce27c2db3329
ZJ-HZB,2018,landsat5,LANDSAT/LT05/C02/T1_L2,False,NOT_APPLICABLE,SCENE_METADATA,0,0,0,0,,,,,0,0,,,,SENSOR_NOT_OPERATIONAL,NOT_QUERIED_OUTSIDE_OPERATIONAL_YEARS,2026-10-01T16:50:49Z,d07e7a4307d24a3f04c384f51ec46755d059f19e0d8136dde37443d92608f2a7
ZJ-HZB,2018,landsat7,LANDSAT/LE07/C02/T1_L2,True,POST_SLC_FAILURE,SCENE_METADATA,29,29,0,0,118/039|119/039,LANDSAT_7,,12.0,15,2,autumn_v0|summer_v0,,1.0,NONE,QUERIED,2026-10-01T16:50:49Z,408e03acfcf37c250709bd2e575a689f12e8a14b79b036bafba322cf924eef39
ZJ-HZB,2018,landsat8,LANDSAT/LC08/C02/T1_L2,True,NOT_APPLICABLE,SCENE_METADATA,44,32,0,0,118/038|118/039|119/039,LANDSAT_8,,24.0,13,4,autumn_v0|summer_v0,,1.0,NONE,QUERIED,2026-10-01T16:50:49Z,e7cdb183c37363fc626bff6b662a8b1c471855f0a108e0ff12b2b565f3d50a4c
ZJ-HZB,2018,landsat9,LANDSAT/LC09/C02/T1_L2,False,NOT_APPLICABLE,SCENE_METADATA,0,0,0,0,,,,,0,0,,,,SENSOR_NOT_OPERATIONAL,NOT_QUERIED_OUTSIDE_OPERATIONAL_YEARS,2026-10-01T16:50:49Z,56acc75ffd1db3e4e649361a71061ec3a08aed726828445e7b804272ff732fb8
ZJ-HZB,2018,sentinel1,COPERNICUS/S1_GRD,True,NOT_APPLICABLE,SCENE_METADATA,92,61,91,1,,A,,,1,0,,,1.0,NONE,QUERIED,2026-10-01T16:50:49Z,aa08eb31eb48045bbd85ef6cf930ea755e111f03841a5d2f1c32a5fc65871715
ZJ-HZB,2018,sentinel2,COPERNICUS/S2_SR_HARMONIZED,True,NOT_APPLICABLE,SCENE_METADATA,46,23,0,0,51RTP|51RUP|51RUQ,Sentinel-2A|Sentinel-2B,02.11|05.00,32.0,0,0,,,0.906495,NO_QUALITY_SCENES,QUERIED,2026-10-01T16:50:49Z,e17bccbc60367accf4cfdfe3e86354b438c7ba15f137e9fddc1f4d5549d4fbde
ZJ-HZB,2019,landsat5,LANDSAT/LT05/C02/T1_L2,False,NOT_APPLICABLE,SCENE_METADATA,0,0,0,0,,,,,0,0,,,,SENSOR_NOT_OPERATIONAL,NOT_QUERIED_OUTSIDE_OPERATIONAL_YEARS,2026-10-01T16:50:49Z,3d9f16f57704f4525e67d6cb3852003a7bac0211f93118a2b578e7a5f5411b0a
ZJ-HZB,2019,landsat7,LANDSAT/LE07/C02/T1_L2,True,POST_SLC_FAILURE,SCENE_METADATA,30,30,0,0,118/039|119/039,LANDSAT_7,,13.0,16,1,autumn_v0,,1.0,NONE,QUERIED,2026-10-01T16:50:49Z,8a4b69d1d0a5f1b591af5ade12f5c707f757c5efc8500c040ceb2ce6dfb63380
ZJ-HZB,2019,landsat8,LANDSAT/LC08/C02/T1_L2,True,NOT_APPLICABLE,SCENE_METADATA,47,33,0,0,118/038|118/039|119/039,LANDSAT_8,,21.0,17,1,summer_v0,,1.0,NONE,QUERIED,2026-10-01T16:50:49Z,02c412100b24ec71454f8ea67e40101eda58bfb072f7ac7d38d06d13fc6563e0
ZJ-HZB,2019,landsat9,LANDSAT/LC09/C02/T1_L2,False,NOT_APPLICABLE,SCENE_METADATA,0,0,0,0,,,,,0,0,,,,SENSOR_NOT_OPERATIONAL,NOT_QUERIED_OUTSIDE_OPERATIONAL_YEARS,2026-10-01T16:50:49Z,1b96906d10b6661785726173cef71ada936272f0184d2e27d35b11767c81f0e8
ZJ-HZB,2019,sentinel1,COPERNICUS/S1_GRD,True,NOT_APPLICABLE,SCENE_METADATA,138,109,136,2,,A|B,,,28,8,autumn_v0|summer_v0,,1.0,NONE,QUERIED,2026-10-01T16:50:49Z,f51ef1437123e0d6428ddf827ee90055d25a776fa436b5230b7db85a804252a5
ZJ-HZB,2019,sentinel2,COPERNICUS/S2_SR_HARMONIZED,True,NOT_APPLICABLE,SCENE_METADATA,376,145,0,0,51RTP|51RUP|51RUQ,Sentinel-2A|Sentinel-2B,02.11|02.12|02.13|05.00,93.0,0,0,,,0.899733,NO_QUALITY_SCENES,QUERIED,2026-10-01T16:50:49Z,d0552147135bd11b66bf4f957405d906a408c739a53b47dd1d9bab866cda4491
ZJ-HZB,2020,landsat5,LANDSAT/LT05/C02/T1_L2,False,NOT_APPLICABLE,SCENE_METADATA,0,0,0,0,,,,,0,0,,,,SENSOR_NOT_OPERATIONAL,NOT_QUERIED_OUTSIDE_OPERATIONAL_YEARS,2026-10-01T16:50:49Z,26f3a67c3f96512f9b37c16b80ad425e5e42f5407ca393342ddf9199adf38c6a
ZJ-HZB,2020,landsat7,LANDSAT/LE07/C02/T1_L2,True,POST_SLC_FAILURE,SCENE_METADATA,37,37,0,0,118/039|119/039,LANDSAT_7,,14.0,18,1,autumn_v0,,1.0,NONE,QUERIED,2026-10-01T16:50:49Z,a39c24accbfefd6763c727acacd050627a45893e2aa6fd2ed625a07be72e75fa
ZJ-HZB,2020,landsat8,LANDSAT/LC08/C02/T1_L2,True,NOT_APPLICABLE,SCENE_METADATA,46,33,0,0,118/038|118/039|119/039,LANDSAT_8,,18.0,15,0,,,1.0,NONE,QUERIED,2026-10-01T16:50:49Z,28191891579c78729f27ef3a02d14c9a2eb7ccaea0dc55b13ce58e4a76901482
ZJ-HZB,2020,landsat9,LANDSAT/LC09/C02/T1_L2,False,NOT_APPLICABLE,SCENE_METADATA,0,0,0,0,,,,,0,0,,,,SENSOR_NOT_OPERATIONAL,NOT_QUERIED_OUTSIDE_OPERATIONAL_YEARS,2026-10-01T16:50:49Z,7c86ac70019995a26ef11ab12cc9f2d23ea408954fb7547c555fa4cdac478c2d
ZJ-HZB,2020,sentinel1,COPERNICUS/S1_GRD,True,NOT_APPLICABLE,SCENE_METADATA,138,88,137,1,,A|B,,,6,0,,,1.0,NONE,QUERIED,2026-10-01T16:50:49Z,402aa13365008962901c4f5b9eec97f8c9faec3197eef830f801be417c41a6c5
ZJ-HZB,2020,sentinel2,COPERNICUS/S2_SR_HARMONIZED,True,NOT_APPLICABLE,SCENE_METADATA,373,146,0,0,51RTP|51RUP|51RUQ,Sentinel-2A|Sentinel-2B,02.13|02.14|05.00|05.10,110.0,0,0,,,0.909384,NO_QUALITY_SCENES,QUERIED,2026-10-01T16:50:49Z,20a6e0858d96dfd45ffcd611652e33f6e90e5c1e04940642d13e776cd02f7d54
ZJ-HZB,2021,landsat5,LANDSAT/LT05/C02/T1_L2,False,NOT_APPLICABLE,SCENE_METADATA,0,0,0,0,,,,,0,0,,,,SENSOR_NOT_OPERATIONAL,NOT_QUERIED_OUTSIDE_OPERATIONAL_YEARS,2026-10-01T16:50:49Z,63e0c854c51b28c40f7c0e60eeedca428089c2c7be71a8109537af38342db569
ZJ-HZB,2021,landsat7,LANDSAT/LE07/C02/T1_L2,True,POST_SLC_FAILURE,SCENE_METADATA,28,28,0,0,118/039|119/039,LANDSAT_7,,10.0,16,2,autumn_v0,,1.0,NONE,QUERIED,2026-10-01T16:50:49Z,0d5de3b3dabcd5f037c3d767cfe691398860c346a4f246cb7625f1e643455775
ZJ-HZB,2021,landsat8,LANDSAT/LC08/C02/T1_L2,True,NOT_APPLICABLE,SCENE_METADATA,49,35,0,0,118/038|118/039|119/039,LANDSAT_8,,15.0,16,1,autumn_v0,,1.0,NONE,QUERIED,2026-10-01T16:50:49Z,2926f42cd59eb46fe1df2c919f836cb0b18abf714a29a0361d0e370196d0c7b6
ZJ-HZB,2021,landsat9,LANDSAT/LC09/C02/T1_L2,False,NOT_APPLICABLE,SCENE_METADATA,0,0,0,0,,,,,0,0,,,,SENSOR_NOT_OPERATIONAL,NOT_QUERIED_OUTSIDE_OPERATIONAL_YEARS,2026-10-01T16:50:49Z,5fc6295edf0c587cb6a13ad5e7e73ac5e4b0832a4ae4ed45daa646aaa93b6f7c
ZJ-HZB,2021,sentinel1,COPERNICUS/S1_GRD,True,NOT_APPLICABLE,SCENE_METADATA,144,86,140,4,,A|B,,,0,0,,,0.974229,NO_QUALITY_SCENES,QUERIED,2026-10-01T16:50:49Z,9f06a5d21aa85ac3e4ab65145374b0e895e74855fef0534040883604f8741758
ZJ-HZB,2021,sentinel2,COPERNICUS/S2_SR_HARMONIZED,True,NOT_APPLICABLE,SCENE_METADATA,368,146,0,0,51RTP|51RUP|51RUQ,Sentinel-2A|Sentinel-2B,02.14|03.00|03.01|05.00|05.10,103.0,0,0,,,0.900071,NO_QUALITY_SCENES,QUERIED,2026-10-01T16:50:49Z,a9b50ee857c1bcccdaad1de2469ba0c6b6ef9a05728990d5e76a3c57ea292524
ZJ-HZB,2022,landsat5,LANDSAT/LT05/C02/T1_L2,False,NOT_APPLICABLE,SCENE_METADATA,0,0,0,0,,,,,0,0,,,,SENSOR_NOT_OPERATIONAL,NOT_QUERIED_OUTSIDE_OPERATIONAL_YEARS,2026-10-01T16:50:49Z,2091839d66a53c2e91aeb1e4e85137b79070607bcc9a41cf61e8dfe6baa0e354
ZJ-HZB,2022,landsat7,LANDSAT/LE07/C02/T1_L2,True,POST_SLC_FAILURE,SCENE_METADATA,30,22,0,0,117/039|118/038|118/039|119/039,LANDSAT_7,,15.0,14,3,autumn_v0|summer_v0,,1.0,NONE,QUERIED,2026-10-01T16:50:49Z,6e629c429d1159fab76a9647ee824f7b4fc9cfae0456b80861f14a0eb015ef6d
ZJ-HZB,2022,landsat8,LANDSAT/LC08/C02/T1_L2,True,NOT_APPLICABLE,SCENE_METADATA,47,31,0,0,118/038|118/039|119/039,LANDSAT_8,,25.0,17,1,summer_v0,,1.0,NONE,QUERIED,2026-10-01T16:50:49Z,ed163c563d32ae0072ece9e9c449966186bcee81ca54399797d44c59f962fdad
ZJ-HZB,2022,landsat9,LANDSAT/LC09/C02/T1_L2,True,NOT_APPLICABLE,SCENE_METADATA,53,35,0,0,118/038|118/039|119/039,LANDSAT_9,,21.0,18,1,autumn_v0,,1.0,NONE,QUERIED,2026-10-01T16:50:49Z,140bb8878ca6bd8aec162f3c3fa032de9c7a022ee22bb2b7544b69c1a8f63302
ZJ-HZB,2022,sentinel1,COPERNICUS/S1_GRD,True,NOT_APPLICABLE,SCENE_METADATA,87,57,87,0,,A,,,0,0,,,0.974198,NO_QUALITY_SCENES,QUERIED,2026-10-01T16:50:49Z,2bf9451b366cec7fb81af93e9e24cbefb5760538435ac20a33ef9395ea8c0503
ZJ-HZB,2022,sentinel2,COPERNICUS/S2_SR_HARMONIZED,True,NOT_APPLICABLE,SCENE_METADATA,373,146,0,0,51RTP|51RUP|51RUQ,Sentinel-2A|Sentinel-2B,03.01|04.00|05.09,91.0,0,0,,,0.898854,NO_QUALITY_SCENES,QUERIED,2026-10-01T16:50:49Z,1a1b9d5192443967bf9007b14faeca2720513c4559e1bf334107d777e516f899
ZJ-HZB,2023,landsat5,LANDSAT/LT05/C02/T1_L2,False,NOT_APPLICABLE,SCENE_METADATA,0,0,0,0,,,,,0,0,,,,SENSOR_NOT_OPERATIONAL,NOT_QUERIED_OUTSIDE_OPERATIONAL_YEARS,2026-10-01T16:50:49Z,ab0846aa026d8e02ec119ff19e6fa1b933cf5f681314b0512b5192d561202eb2
ZJ-HZB,2023,landsat7,LANDSAT/LE07/C02/T1_L2,True,POST_SLC_FAILURE,SCENE_METADATA,32,26,0,0,117/039|118/038|118/039|119/039,LANDSAT_7,,13.0,11,0,,,1.0,NONE,QUERIED,2026-10-01T16:50:49Z,c40ee99832fe315deee17cd327c3d7ee824f4564efa70b1b047aa1cdc919e202
ZJ-HZB,2023,landsat8,LANDSAT/LC08/C02/T1_L2,True,NOT_APPLICABLE,SCENE_METADATA,56,39,0,0,118/038|118/039|119/039,LANDSAT_8,,22.0,18,0,,,1.0,NONE,QUERIED,2026-10-01T16:50:49Z,4114883c1cab24d06bfc3ec928ae50b2dd2147d0fce24b7c0cd29ae4ea103461
ZJ-HZB,2023,landsat9,LANDSAT/LC09/C02/T1_L2,True,NOT_APPLICABLE,SCENE_METADATA,60,41,0,0,118/038|118/039|119/039,LANDSAT_9,,25.0,20,1,autumn_v0,,1.0,NONE,QUERIED,2026-10-01T16:50:49Z,18562c2ca73e0e84f30c3dd1b087bbe1b5db3d5f096b6b268358090f407a558b
ZJ-HZB,2023,sentinel1,COPERNICUS/S1_GRD,True,NOT_APPLICABLE,SCENE_METADATA,89,59,89,0,,A,,,1,0,,,1.0,NONE,QUERIED,2026-10-01T16:50:49Z,7de09a819c2e3b030ebf272a5bb56c16c2679d00eaac0e7c393aa7284261d9f9
ZJ-HZB,2023,sentinel2,COPERNICUS/S2_SR_HARMONIZED,True,NOT_APPLICABLE,SCENE_METADATA,367,146,0,0,51RTP|51RUP|51RUQ,Sentinel-2A|Sentinel-2B,05.09|05.10,98.0,0,0,,,0.899895,NO_QUALITY_SCENES,QUERIED,2026-10-01T16:50:49Z,54e441b2f575cf671e9d40e8a114bf3a6aa6f46c184ecb370f9bfc398fe82adb
ZJ-HZB,2024,landsat5,LANDSAT/LT05/C02/T1_L2,False,NOT_APPLICABLE,SCENE_METADATA,0,0,0,0,,,,,0,0,,,,SENSOR_NOT_OPERATIONAL,NOT_QUERIED_OUTSIDE_OPERATIONAL_YEARS,2026-10-01T16:50:49Z,25d889cc3ce3e6b464c2d99f5fca7fca901a26a6baea63b3352a9e06a1ecd3ce
ZJ-HZB,2024,landsat7,LANDSAT/LE07/C02/T1_L2,True,NOT_APPLICABLE,SCENE_METADATA,0,0,0,0,,,,0.0,0,0,,,,NO_SCENES_FOUND,QUERIED,2026-10-01T16:50:49Z,61078b2d89b6eb68156906577bd3ea6b569c06852f466a3b9977053698fdaa75
ZJ-HZB,2024,landsat8,LANDSAT/LC08/C02/T1_L2,True,NOT_APPLICABLE,SCENE_METADATA,47,33,0,0,118/038|118/039|119/039,LANDSAT_8,,17.0,17,1,autumn_v0,,1.0,NONE,QUERIED,2026-10-01T16:50:49Z,feca436f2a71293dcfb183b72e58d6f1add077288613ccc48a1673423f524c9c
ZJ-HZB,2024,landsat9,LANDSAT/LC09/C02/T1_L2,True,NOT_APPLICABLE,SCENE_METADATA,46,33,0,0,118/038|118/039|119/039,LANDSAT_9,,19.0,18,0,,,1.0,NONE,QUERIED,2026-10-01T16:50:49Z,a31f77ad7f77f5e94bda8d3ec944d223f8ff1015160e4360fb38eb1d6177e040
ZJ-HZB,2024,sentinel1,COPERNICUS/S1_GRD,True,NOT_APPLICABLE,SCENE_METADATA,90,60,90,0,,A,,,0,0,,,0.974354,NO_QUALITY_SCENES,QUERIED,2026-10-01T16:50:49Z,be2a2089589f9404151a72b6d1e3516d6960d8f03b4b6a4f0520794e1b4e1603
ZJ-HZB,2024,sentinel2,COPERNICUS/S2_SR_HARMONIZED,True,NOT_APPLICABLE,SCENE_METADATA,367,145,0,0,51RTP|51RUP|51RUQ,Sentinel-2A|Sentinel-2B|Sentinel-2C,05.10|05.11|99.05,93.0,0,0,,,0.900234,NO_QUALITY_SCENES,QUERIED,2026-10-01T16:50:49Z,f30c66748bdbf6ac7a00aff316adc3b251e54b1deb4408079fae26699dd5a3ab
ZJ-HZB,2025,landsat5,LANDSAT/LT05/C02/T1_L2,False,NOT_APPLICABLE,SCENE_METADATA,0,0,0,0,,,,,0,0,,,,SENSOR_NOT_OPERATIONAL,NOT_QUERIED_OUTSIDE_OPERATIONAL_YEARS,2026-10-01T16:50:49Z,f41c6d1ba4a56a496c3bb1c5e268b50c8fa3333d7f1ff4ce2901565df8a16cdb
ZJ-HZB,2025,landsat7,LANDSAT/LE07/C02/T1_L2,True,NOT_APPLICABLE,SCENE_METADATA,0,0,0,0,,,,0.0,0,0,,,,NO_SCENES_FOUND,QUERIED,2026-10-01T16:50:49Z,843aa822d88f2660220fba32d89a77fe36077c431ffb31d55363c1b554b7e963
ZJ-HZB,2025,landsat8,LANDSAT/LC08/C02/T1_L2,True,NOT_APPLICABLE,SCENE_METADATA,59,40,0,0,118/038|118/039|119/039,LANDSAT_8,,34.0,19,1,summer_v0,,1.0,NONE,QUERIED,2026-10-01T16:50:49Z,e8ad8beeabeef13e3c441e7b7f2aa3a594ae74899c9f52ba94acd7d8c5df780f
ZJ-HZB,2025,landsat9,LANDSAT/LC09/C02/T1_L2,True,NOT_APPLICABLE,SCENE_METADATA,55,38,0,0,118/038|118/039|119/039,LANDSAT_9,,26.0,18,1,summer_v0,,1.0,NONE,QUERIED,2026-10-01T16:50:49Z,a44734afac1caa124760264b7ecf68d38955cdcd21bab1999682a330ec0841f5
ZJ-HZB,2025,sentinel1,COPERNICUS/S1_GRD,True,NOT_APPLICABLE,SCENE_METADATA,99,63,92,7,,A|C,,,0,0,,,0.974306,NO_QUALITY_SCENES,QUERIED,2026-10-01T16:50:49Z,ed90f229ec26837576d26a47cd6b4912ddc46a09ad26fe89f1153ca732c195c7
ZJ-HZB,2025,sentinel2,COPERNICUS/S2_SR_HARMONIZED,True,NOT_APPLICABLE,SCENE_METADATA,425,155,0,0,51RTP|51RUP|51RUQ,Sentinel-2A|Sentinel-2B|Sentinel-2C,05.11,154.0,0,0,,,0.897504,NO_QUALITY_SCENES,QUERIED,2026-10-01T16:50:49Z,0cc4e5002115b1875395e545258d67e4028d9fe31a487d0f0440caf8719eeb9a
ZJ-HZB,2026,landsat5,LANDSAT/LT05/C02/T1_L2,False,NOT_APPLICABLE,SCENE_METADATA,0,0,0,0,,,,,0,0,,,,SENSOR_NOT_OPERATIONAL,NOT_QUERIED_OUTSIDE_OPERATIONAL_YEARS,2026-10-01T16:50:49Z,45e53f99548f6f61e38671e48f5d15edb9c44913d5ada18303185bbc09d27c8d
ZJ-HZB,2026,landsat7,LANDSAT/LE07/C02/T1_L2,True,NOT_APPLICABLE,SCENE_METADATA,0,0,0,0,,,,0.0,0,0,,,,NO_SCENES_FOUND,QUERIED,2026-10-01T16:50:49Z,ab58e970a3fdef2c77e295b7d14a9b50bcedbd584924c505006e39339f83fccb
ZJ-HZB,2026,landsat8,LANDSAT/LC08/C02/T1_L2,True,NOT_APPLICABLE,SCENE_METADATA,33,23,0,0,118/038|118/039|119/039,LANDSAT_8,,12.0,10,1,summer_v0,,1.0,NONE,QUERIED,2026-10-01T16:50:49Z,862005e5ceb56d964e341b03192f98367b0c75abe16461a9fdaf20ef111befda
ZJ-HZB,2026,landsat9,LANDSAT/LC09/C02/T1_L2,True,NOT_APPLICABLE,SCENE_METADATA,37,26,0,0,118/038|118/039|119/039,LANDSAT_9,,16.0,12,2,autumn_v0|summer_v0,,1.0,NONE,QUERIED,2026-10-01T16:50:49Z,60bb891d5554dc80ae46c205a100208886c5725a1555c4d6d73c558b377019ea
ZJ-HZB,2026,sentinel1,COPERNICUS/S1_GRD,True,NOT_APPLICABLE,SCENE_METADATA,57,40,57,0,,A|D,,,5,1,autumn_v0,,1.0,NONE,QUERIED,2026-10-01T16:50:49Z,8377d8c9cf6d7467014077eb18011110c38ccc1bf6ba2772729555010233c582
ZJ-HZB,2026,sentinel2,COPERNICUS/S2_SR_HARMONIZED,True,NOT_APPLICABLE,SCENE_METADATA,342,120,0,0,51RTP|51RUP|51RUQ,Sentinel-2A|Sentinel-2B|Sentinel-2C,05.11|05.12|05.13,87.0,0,0,,,0.905699,NO_QUALITY_SCENES,QUERIED,2026-10-01T16:50:49Z,60b801899f9c3f4b32d03e86f1eb392ef70a87b3d761c84b90c25cc478a4297d
ZJ-SMB,1985,landsat5,LANDSAT/LT05/C02/T1_L2,True,NOT_APPLICABLE,SCENE_METADATA,14,14,0,0,117/040|118/040,LANDSAT_5,,6.0,5,1,summer_v0,,1.0,NONE,QUERIED,2026-10-01T16:50:49Z,4d62c8313658c9ec9894f9d72d08d97ff10e68cb4748cea1dcea3a8858530993
ZJ-SMB,1985,landsat7,LANDSAT/LE07/C02/T1_L2,False,PRE_SLC_FAILURE,SCENE_METADATA,0,0,0,0,,,,,0,0,,,,SENSOR_NOT_OPERATIONAL,NOT_QUERIED_OUTSIDE_OPERATIONAL_YEARS,2026-10-01T16:50:49Z,1fb587f8de2757f412f33c260e76c726e432ac962c86188c320eb309ea1333c9
ZJ-SMB,1985,landsat8,LANDSAT/LC08/C02/T1_L2,False,NOT_APPLICABLE,SCENE_METADATA,0,0,0,0,,,,,0,0,,,,SENSOR_NOT_OPERATIONAL,NOT_QUERIED_OUTSIDE_OPERATIONAL_YEARS,2026-10-01T16:50:49Z,a28c8c6cebc4126bc1dc2f900ccd1a9294b3655aed6a568f2217d93e3aa817e8
ZJ-SMB,1985,landsat9,LANDSAT/LC09/C02/T1_L2,False,NOT_APPLICABLE,SCENE_METADATA,0,0,0,0,,,,,0,0,,,,SENSOR_NOT_OPERATIONAL,NOT_QUERIED_OUTSIDE_OPERATIONAL_YEARS,2026-10-01T16:50:49Z,41bf6ad6d226694ab97580bd13f0b4223364d0962f2cff3b4a0b2cf3193fedb5
ZJ-SMB,1985,sentinel1,COPERNICUS/S1_GRD,False,NOT_APPLICABLE,SCENE_METADATA,0,0,0,0,,,,,0,0,,,,SENSOR_NOT_OPERATIONAL,NOT_QUERIED_OUTSIDE_OPERATIONAL_YEARS,2026-10-01T16:50:49Z,82af2580543351e064a4af5cb9b938bb9aa1b19f3f48c930f92ee0f81a73e080
ZJ-SMB,1985,sentinel2,COPERNICUS/S2_SR_HARMONIZED,False,NOT_APPLICABLE,SCENE_METADATA,0,0,0,0,,,,,0,0,,,,SENSOR_NOT_OPERATIONAL,NOT_QUERIED_OUTSIDE_OPERATIONAL_YEARS,2026-10-01T16:50:49Z,721b55a4657ccccfeeb1e9869b759e927ee12676a7351a6afa4085baf839f79e
ZJ-SMB,1986,landsat5,LANDSAT/LT05/C02/T1_L2,True,NOT_APPLICABLE,SCENE_METADATA,21,21,0,0,117/040|118/040,LANDSAT_5,,10.0,11,1,summer_v0,,1.0,NONE,QUERIED,2026-10-01T16:50:49Z,1e6687932e3da5f3905b8ad6f25734ac81235508ef706f3ca5a480080d95b532
ZJ-SMB,1986,landsat7,LANDSAT/LE07/C02/T1_L2,False,PRE_SLC_FAILURE,SCENE_METADATA,0,0,0,0,,,,,0,0,,,,SENSOR_NOT_OPERATIONAL,NOT_QUERIED_OUTSIDE_OPERATIONAL_YEARS,2026-10-01T16:50:49Z,2153a0acc9f73f9c6b9ed6d2f5d79fcd336699d7c9b1fbc8a1dee6dade80b460
ZJ-SMB,1986,landsat8,LANDSAT/LC08/C02/T1_L2,False,NOT_APPLICABLE,SCENE_METADATA,0,0,0,0,,,,,0,0,,,,SENSOR_NOT_OPERATIONAL,NOT_QUERIED_OUTSIDE_OPERATIONAL_YEARS,2026-10-01T16:50:49Z,3b145d124cd037e91c5715d2845bba229a3f907696a9c96eb7c87b1e8d7bac6c
ZJ-SMB,1986,landsat9,LANDSAT/LC09/C02/T1_L2,False,NOT_APPLICABLE,SCENE_METADATA,0,0,0,0,,,,,0,0,,,,SENSOR_NOT_OPERATIONAL,NOT_QUERIED_OUTSIDE_OPERATIONAL_YEARS,2026-10-01T16:50:49Z,0fed13d986eeb64399353e66bf5afa81bbb7a89e27994ecbd9ab6ffcdfdb07ec
ZJ-SMB,1986,sentinel1,COPERNICUS/S1_GRD,False,NOT_APPLICABLE,SCENE_METADATA,0,0,0,0,,,,,0,0,,,,SENSOR_NOT_OPERATIONAL,NOT_QUERIED_OUTSIDE_OPERATIONAL_YEARS,2026-10-01T16:50:49Z,8dd0e310fc1b31c278439a54a973a818e8e372b491bc3d135fd9e142f1a8a9ba
ZJ-SMB,1986,sentinel2,COPERNICUS/S2_SR_HARMONIZED,False,NOT_APPLICABLE,SCENE_METADATA,0,0,0,0,,,,,0,0,,,,SENSOR_NOT_OPERATIONAL,NOT_QUERIED_OUTSIDE_OPERATIONAL_YEARS,2026-10-01T16:50:49Z,71f1871cf2ae849ba15f1cdfb24c626b4b7391eeac0dbc2f8e15d728ea0292cf
ZJ-SMB,1987,landsat5,LANDSAT/LT05/C02/T1_L2,True,NOT_APPLICABLE,SCENE_METADATA,27,27,0,0,117/040|118/040,LANDSAT_5,,14.0,16,2,autumn_v0|summer_v0,,1.0,NONE,QUERIED,2026-10-01T16:50:49Z,fe7975a0a70685ee8961ad1bcd722e6d07d10eb02e482a70b6ef301abd989bde
ZJ-SMB,1987,landsat7,LANDSAT/LE07/C02/T1_L2,False,PRE_SLC_FAILURE,SCENE_METADATA,0,0,0,0,,,,,0,0,,,,SENSOR_NOT_OPERATIONAL,NOT_QUERIED_OUTSIDE_OPERATIONAL_YEARS,2026-10-01T16:50:49Z,76efb2768fca4d27c8501c8210effaa8debc8a52bfe042e720b7610230f2ae57
ZJ-SMB,1987,landsat8,LANDSAT/LC08/C02/T1_L2,False,NOT_APPLICABLE,SCENE_METADATA,0,0,0,0,,,,,0,0,,,,SENSOR_NOT_OPERATIONAL,NOT_QUERIED_OUTSIDE_OPERATIONAL_YEARS,2026-10-01T16:50:49Z,4eec6956d5ca14b8b8f1dc67ec4e27eb43d6365af74b552bb0eb41e546c59f1a
ZJ-SMB,1987,landsat9,LANDSAT/LC09/C02/T1_L2,False,NOT_APPLICABLE,SCENE_METADATA,0,0,0,0,,,,,0,0,,,,SENSOR_NOT_OPERATIONAL,NOT_QUERIED_OUTSIDE_OPERATIONAL_YEARS,2026-10-01T16:50:49Z,5f41d7ab2e4a6eb49160ce44dedd45ac0128935196801e8092c310369202332f
ZJ-SMB,1987,sentinel1,COPERNICUS/S1_GRD,False,NOT_APPLICABLE,SCENE_METADATA,0,0,0,0,,,,,0,0,,,,SENSOR_NOT_OPERATIONAL,NOT_QUERIED_OUTSIDE_OPERATIONAL_YEARS,2026-10-01T16:50:49Z,48415e945e3a81d56c421e795b825c5028834aeded4bcfec639ed5b07c9b6bc9
ZJ-SMB,1987,sentinel2,COPERNICUS/S2_SR_HARMONIZED,False,NOT_APPLICABLE,SCENE_METADATA,0,0,0,0,,,,,0,0,,,,SENSOR_NOT_OPERATIONAL,NOT_QUERIED_OUTSIDE_OPERATIONAL_YEARS,2026-10-01T16:50:49Z,05ef1f9b4ac0507a1c733e73f3db36dc0005fe2ff1f1e75b4c7ec302898f55ac
ZJ-SMB,1988,landsat5,LANDSAT/LT05/C02/T1_L2,True,NOT_APPLICABLE,SCENE_METADATA,27,27,0,0,117/040|118/040,LANDSAT_5,,15.0,14,4,summer_v0,,1.0,NONE,QUERIED,2026-10-01T16:50:49Z,7c960bac1d14450321806cb37cda1d44e26674e2867caf9aa25f71aa2d2d9c17
ZJ-SMB,1988,landsat7,LANDSAT/LE07/C02/T1_L2,False,PRE_SLC_FAILURE,SCENE_METADATA,0,0,0,0,,,,,0,0,,,,SENSOR_NOT_OPERATIONAL,NOT_QUERIED_OUTSIDE_OPERATIONAL_YEARS,2026-10-01T16:50:49Z,4d7e65583b1f7405576c14419bafbb1652b7860ed10c234c1952eaef1a30adf9
ZJ-SMB,1988,landsat8,LANDSAT/LC08/C02/T1_L2,False,NOT_APPLICABLE,SCENE_METADATA,0,0,0,0,,,,,0,0,,,,SENSOR_NOT_OPERATIONAL,NOT_QUERIED_OUTSIDE_OPERATIONAL_YEARS,2026-10-01T16:50:49Z,5567932185a85bc18f6da71ceb542adf0266c45cc4e27613a477aff42892f7d9
ZJ-SMB,1988,landsat9,LANDSAT/LC09/C02/T1_L2,False,NOT_APPLICABLE,SCENE_METADATA,0,0,0,0,,,,,0,0,,,,SENSOR_NOT_OPERATIONAL,NOT_QUERIED_OUTSIDE_OPERATIONAL_YEARS,2026-10-01T16:50:49Z,327c4fc94f6088506a48a8ad3e0a2f1286d7d77c17089e3cae395a1f8a9ea65e
ZJ-SMB,1988,sentinel1,COPERNICUS/S1_GRD,False,NOT_APPLICABLE,SCENE_METADATA,0,0,0,0,,,,,0,0,,,,SENSOR_NOT_OPERATIONAL,NOT_QUERIED_OUTSIDE_OPERATIONAL_YEARS,2026-10-01T16:50:49Z,d9073115e6e21ef0d2451cee9bbea603bc149c7e84b9663e5d9dab1b6d3503b1
ZJ-SMB,1988,sentinel2,COPERNICUS/S2_SR_HARMONIZED,False,NOT_APPLICABLE,SCENE_METADATA,0,0,0,0,,,,,0,0,,,,SENSOR_NOT_OPERATIONAL,NOT_QUERIED_OUTSIDE_OPERATIONAL_YEARS,2026-10-01T16:50:49Z,0d5e86bf7a0752f696e11c3c0574d16ba5e36a0d6f2ca7cb1cffed401bb1ecee
ZJ-SMB,1989,landsat5,LANDSAT/LT05/C02/T1_L2,True,NOT_APPLICABLE,SCENE_METADATA,23,23,0,0,117/040|118/040,LANDSAT_5,,8.0,13,2,autumn_v0,,1.0,NONE,QUERIED,2026-10-01T16:50:49Z,a993c10266cfa0f790e12b3abc06177b86c34a628a47e15d48ec186e321034e0
ZJ-SMB,1989,landsat7,LANDSAT/LE07/C02/T1_L2,False,PRE_SLC_FAILURE,SCENE_METADATA,0,0,0,0,,,,,0,0,,,,SENSOR_NOT_OPERATIONAL,NOT_QUERIED_OUTSIDE_OPERATIONAL_YEARS,2026-10-01T16:50:49Z,8a28902a040c9278c870d314b0e34c2e4d48dc197215c182f64ef7e6a25d1333
ZJ-SMB,1989,landsat8,LANDSAT/LC08/C02/T1_L2,False,NOT_APPLICABLE,SCENE_METADATA,0,0,0,0,,,,,0,0,,,,SENSOR_NOT_OPERATIONAL,NOT_QUERIED_OUTSIDE_OPERATIONAL_YEARS,2026-10-01T16:50:49Z,573250ab1a5b8e404c04a235dd5641e6e22b27dafa08ee1588c56e25b1f4350d
ZJ-SMB,1989,landsat9,LANDSAT/LC09/C02/T1_L2,False,NOT_APPLICABLE,SCENE_METADATA,0,0,0,0,,,,,0,0,,,,SENSOR_NOT_OPERATIONAL,NOT_QUERIED_OUTSIDE_OPERATIONAL_YEARS,2026-10-01T16:50:49Z,d8673ac5bd7d78a3d6e38ad40f8aca224e8aae56f30893e8d7422654045436e5
ZJ-SMB,1989,sentinel1,COPERNICUS/S1_GRD,False,NOT_APPLICABLE,SCENE_METADATA,0,0,0,0,,,,,0,0,,,,SENSOR_NOT_OPERATIONAL,NOT_QUERIED_OUTSIDE_OPERATIONAL_YEARS,2026-10-01T16:50:49Z,c4d2868e66a8ef722c35433fa67af86662bb8c6d0e71909b2b175ebe506f14b5
ZJ-SMB,1989,sentinel2,COPERNICUS/S2_SR_HARMONIZED,False,NOT_APPLICABLE,SCENE_METADATA,0,0,0,0,,,,,0,0,,,,SENSOR_NOT_OPERATIONAL,NOT_QUERIED_OUTSIDE_OPERATIONAL_YEARS,2026-10-01T16:50:49Z,f9087008e447d52824b261a7111b0d337377ae69b0f941c333ed4f10780c4384
ZJ-SMB,1990,landsat5,LANDSAT/LT05/C02/T1_L2,True,NOT_APPLICABLE,SCENE_METADATA,24,24,0,0,117/040|118/040,LANDSAT_5,,11.0,12,2,summer_v0,,1.0,NONE,QUERIED,2026-10-01T16:50:49Z,aa0c7bca9794c15129523567ce3dfec41d8b28e83f50261be1a0d0d707d404b0
ZJ-SMB,1990,landsat7,LANDSAT/LE07/C02/T1_L2,False,PRE_SLC_FAILURE,SCENE_METADATA,0,0,0,0,,,,,0,0,,,,SENSOR_NOT_OPERATIONAL,NOT_QUERIED_OUTSIDE_OPERATIONAL_YEARS,2026-10-01T16:50:49Z,ec68b9073cdc04785c4cd56025af472c06602342035bed2e89a59e74286cb375
ZJ-SMB,1990,landsat8,LANDSAT/LC08/C02/T1_L2,False,NOT_APPLICABLE,SCENE_METADATA,0,0,0,0,,,,,0,0,,,,SENSOR_NOT_OPERATIONAL,NOT_QUERIED_OUTSIDE_OPERATIONAL_YEARS,2026-10-01T16:50:49Z,1c1ddc4c73363c31c28b5de681b26844c34829fa8badfbb0c0b72c9768ee3cf3
ZJ-SMB,1990,landsat9,LANDSAT/LC09/C02/T1_L2,False,NOT_APPLICABLE,SCENE_METADATA,0,0,0,0,,,,,0,0,,,,SENSOR_NOT_OPERATIONAL,NOT_QUERIED_OUTSIDE_OPERATIONAL_YEARS,2026-10-01T16:50:49Z,0785e7de332bc9e202840e2b35781327aba39a6433d50d2ad3deb7c1535a8e95
ZJ-SMB,1990,sentinel1,COPERNICUS/S1_GRD,False,NOT_APPLICABLE,SCENE_METADATA,0,0,0,0,,,,,0,0,,,,SENSOR_NOT_OPERATIONAL,NOT_QUERIED_OUTSIDE_OPERATIONAL_YEARS,2026-10-01T16:50:49Z,d2a8a7bca207f25bd5b50f665f02c7afb01821a95a79efef89920199f73af6e6
ZJ-SMB,1990,sentinel2,COPERNICUS/S2_SR_HARMONIZED,False,NOT_APPLICABLE,SCENE_METADATA,0,0,0,0,,,,,0,0,,,,SENSOR_NOT_OPERATIONAL,NOT_QUERIED_OUTSIDE_OPERATIONAL_YEARS,2026-10-01T16:50:49Z,321e447ecf5b2a626e26ffa784e43b66e1d874ab1160730f03a846144334c8de
ZJ-SMB,1991,landsat5,LANDSAT/LT05/C02/T1_L2,True,NOT_APPLICABLE,SCENE_METADATA,29,29,0,0,117/040|118/040,LANDSAT_5,,14.0,13,1,summer_v0,,1.0,NONE,QUERIED,2026-10-01T16:50:49Z,192dff53b495f166811f494d4b3c968cf19fdf1f8a91e8f6375343f3add94b97
ZJ-SMB,1991,landsat7,LANDSAT/LE07/C02/T1_L2,False,PRE_SLC_FAILURE,SCENE_METADATA,0,0,0,0,,,,,0,0,,,,SENSOR_NOT_OPERATIONAL,NOT_QUERIED_OUTSIDE_OPERATIONAL_YEARS,2026-10-01T16:50:49Z,e92fd78d65df630917b91098a5a144849dc435f3d99cbb19e667cad9f8617094
ZJ-SMB,1991,landsat8,LANDSAT/LC08/C02/T1_L2,False,NOT_APPLICABLE,SCENE_METADATA,0,0,0,0,,,,,0,0,,,,SENSOR_NOT_OPERATIONAL,NOT_QUERIED_OUTSIDE_OPERATIONAL_YEARS,2026-10-01T16:50:49Z,9988b0cae48cd1898e69c94ac9c78691eabfc4aea5cfa2a5fbf69dac6059cabf
ZJ-SMB,1991,landsat9,LANDSAT/LC09/C02/T1_L2,False,NOT_APPLICABLE,SCENE_METADATA,0,0,0,0,,,,,0,0,,,,SENSOR_NOT_OPERATIONAL,NOT_QUERIED_OUTSIDE_OPERATIONAL_YEARS,2026-10-01T16:50:49Z,da176834eabcc450d003b2eeebc236177f4d6bfefbafc22577c480ef4ad388a8
ZJ-SMB,1991,sentinel1,COPERNICUS/S1_GRD,False,NOT_APPLICABLE,SCENE_METADATA,0,0,0,0,,,,,0,0,,,,SENSOR_NOT_OPERATIONAL,NOT_QUERIED_OUTSIDE_OPERATIONAL_YEARS,2026-10-01T16:50:49Z,67665b50ca3b79dc9dd9df42d30f1064414074456a2615a139343327a464823a
ZJ-SMB,1991,sentinel2,COPERNICUS/S2_SR_HARMONIZED,False,NOT_APPLICABLE,SCENE_METADATA,0,0,0,0,,,,,0,0,,,,SENSOR_NOT_OPERATIONAL,NOT_QUERIED_OUTSIDE_OPERATIONAL_YEARS,2026-10-01T16:50:49Z,f98f00236d051b8aa5e265f3b2d1fcf319313d16dd3e85ea75836b5f89cd8040
ZJ-SMB,1992,landsat5,LANDSAT/LT05/C02/T1_L2,True,NOT_APPLICABLE,SCENE_METADATA,28,28,0,0,117/040|118/040,LANDSAT_5,,17.0,14,2,autumn_v0|summer_v0,,1.0,NONE,QUERIED,2026-10-01T16:50:49Z,73d2ac19129de0addaba08a4ed4f422d952517010db34928ac4c6251c4d0f235
ZJ-SMB,1992,landsat7,LANDSAT/LE07/C02/T1_L2,False,PRE_SLC_FAILURE,SCENE_METADATA,0,0,0,0,,,,,0,0,,,,SENSOR_NOT_OPERATIONAL,NOT_QUERIED_OUTSIDE_OPERATIONAL_YEARS,2026-10-01T16:50:49Z,b3a3cc378da46dce81d0968dcc8fa73467e1267832d009a46574180ef944534f
ZJ-SMB,1992,landsat8,LANDSAT/LC08/C02/T1_L2,False,NOT_APPLICABLE,SCENE_METADATA,0,0,0,0,,,,,0,0,,,,SENSOR_NOT_OPERATIONAL,NOT_QUERIED_OUTSIDE_OPERATIONAL_YEARS,2026-10-01T16:50:49Z,d21ecbf768f0a01aa09b721e41c35a7839cc865684dd4076c993a940081f07ff
ZJ-SMB,1992,landsat9,LANDSAT/LC09/C02/T1_L2,False,NOT_APPLICABLE,SCENE_METADATA,0,0,0,0,,,,,0,0,,,,SENSOR_NOT_OPERATIONAL,NOT_QUERIED_OUTSIDE_OPERATIONAL_YEARS,2026-10-01T16:50:49Z,ec54129b5a418c9e296f632c0bff7121221703de3f400a7c15c50e82e7013826
ZJ-SMB,1992,sentinel1,COPERNICUS/S1_GRD,False,NOT_APPLICABLE,SCENE_METADATA,0,0,0,0,,,,,0,0,,,,SENSOR_NOT_OPERATIONAL,NOT_QUERIED_OUTSIDE_OPERATIONAL_YEARS,2026-10-01T16:50:49Z,e9a7f790a936f18b72cad211480ee2a9576b32a0b06bdbec6e467a1fd4aa6aae
ZJ-SMB,1992,sentinel2,COPERNICUS/S2_SR_HARMONIZED,False,NOT_APPLICABLE,SCENE_METADATA,0,0,0,0,,,,,0,0,,,,SENSOR_NOT_OPERATIONAL,NOT_QUERIED_OUTSIDE_OPERATIONAL_YEARS,2026-10-01T16:50:49Z,280d4caf813e19ce43b60b9e28b44e77f91992f37d5b5bc312f2fbf3790138b0
ZJ-SMB,1993,landsat5,LANDSAT/LT05/C02/T1_L2,True,NOT_APPLICABLE,SCENE_METADATA,24,24,0,0,117/040|118/040,LANDSAT_5,,11.0,12,1,summer_v0,,1.0,NONE,QUERIED,2026-10-01T16:50:49Z,52ff68426bebbe7cc1f6903e2d047425643dd07900c9104b70e4f1a51909aef1
ZJ-SMB,1993,landsat7,LANDSAT/LE07/C02/T1_L2,False,PRE_SLC_FAILURE,SCENE_METADATA,0,0,0,0,,,,,0,0,,,,SENSOR_NOT_OPERATIONAL,NOT_QUERIED_OUTSIDE_OPERATIONAL_YEARS,2026-10-01T16:50:49Z,bd9b091c5d348648718b58a79ed1b131170fc7c1f8433f7f430eed21fb85144a
ZJ-SMB,1993,landsat8,LANDSAT/LC08/C02/T1_L2,False,NOT_APPLICABLE,SCENE_METADATA,0,0,0,0,,,,,0,0,,,,SENSOR_NOT_OPERATIONAL,NOT_QUERIED_OUTSIDE_OPERATIONAL_YEARS,2026-10-01T16:50:49Z,278e49c35318daafe6bec8f973ecace373d0047314038746d91110c95b47807a
ZJ-SMB,1993,landsat9,LANDSAT/LC09/C02/T1_L2,False,NOT_APPLICABLE,SCENE_METADATA,0,0,0,0,,,,,0,0,,,,SENSOR_NOT_OPERATIONAL,NOT_QUERIED_OUTSIDE_OPERATIONAL_YEARS,2026-10-01T16:50:49Z,c0ed4df306664226dda0a2fa73ea07c7bf659676953230a29a15c6217359e3e6
ZJ-SMB,1993,sentinel1,COPERNICUS/S1_GRD,False,NOT_APPLICABLE,SCENE_METADATA,0,0,0,0,,,,,0,0,,,,SENSOR_NOT_OPERATIONAL,NOT_QUERIED_OUTSIDE_OPERATIONAL_YEARS,2026-10-01T16:50:49Z,068699323c6b03b0b5f394200771a5ea10cb32516b22323e60c045383773a6e2
ZJ-SMB,1993,sentinel2,COPERNICUS/S2_SR_HARMONIZED,False,NOT_APPLICABLE,SCENE_METADATA,0,0,0,0,,,,,0,0,,,,SENSOR_NOT_OPERATIONAL,NOT_QUERIED_OUTSIDE_OPERATIONAL_YEARS,2026-10-01T16:50:49Z,0ec27310165cdbde852e223649c1d70144fd44105a97902897b7c85e4d6dc9b9
ZJ-SMB,1994,landsat5,LANDSAT/LT05/C02/T1_L2,True,NOT_APPLICABLE,SCENE_METADATA,25,25,0,0,117/040|118/040,LANDSAT_5,,11.0,15,2,autumn_v0|summer_v0,,1.0,NONE,QUERIED,2026-10-01T16:50:49Z,eb213ae9a44277bae3a801d4179d8e09955180ce6a6733d819cb37668d67b621
ZJ-SMB,1994,landsat7,LANDSAT/LE07/C02/T1_L2,False,PRE_SLC_FAILURE,SCENE_METADATA,0,0,0,0,,,,,0,0,,,,SENSOR_NOT_OPERATIONAL,NOT_QUERIED_OUTSIDE_OPERATIONAL_YEARS,2026-10-01T16:50:49Z,8ed7b26097ab8da7d3c8b80c660f44b17eb4acecd2a4f1e93a682354f35621fc
ZJ-SMB,1994,landsat8,LANDSAT/LC08/C02/T1_L2,False,NOT_APPLICABLE,SCENE_METADATA,0,0,0,0,,,,,0,0,,,,SENSOR_NOT_OPERATIONAL,NOT_QUERIED_OUTSIDE_OPERATIONAL_YEARS,2026-10-01T16:50:49Z,80f2754836247e08e72a30f1d36c26e8fb46602085e3cf0dbd6726f5d39e5a83
ZJ-SMB,1994,landsat9,LANDSAT/LC09/C02/T1_L2,False,NOT_APPLICABLE,SCENE_METADATA,0,0,0,0,,,,,0,0,,,,SENSOR_NOT_OPERATIONAL,NOT_QUERIED_OUTSIDE_OPERATIONAL_YEARS,2026-10-01T16:50:49Z,d618046531589863c1da12f4196daf62cd4132edfafcde39e5c298ea4b044f6f
ZJ-SMB,1994,sentinel1,COPERNICUS/S1_GRD,False,NOT_APPLICABLE,SCENE_METADATA,0,0,0,0,,,,,0,0,,,,SENSOR_NOT_OPERATIONAL,NOT_QUERIED_OUTSIDE_OPERATIONAL_YEARS,2026-10-01T16:50:49Z,5bcdeacf01912eec993d51b784dedeb60f2b97c8aba4301eed37f5b17435987c
ZJ-SMB,1994,sentinel2,COPERNICUS/S2_SR_HARMONIZED,False,NOT_APPLICABLE,SCENE_METADATA,0,0,0,0,,,,,0,0,,,,SENSOR_NOT_OPERATIONAL,NOT_QUERIED_OUTSIDE_OPERATIONAL_YEARS,2026-10-01T16:50:49Z,5081cc305f5a7613b98df6f3a113c9a0fe956f6059e1455d8afe383f34aac742
ZJ-SMB,1995,landsat5,LANDSAT/LT05/C02/T1_L2,True,NOT_APPLICABLE,SCENE_METADATA,27,27,0,0,117/040|118/040,LANDSAT_5,,13.0,14,1,summer_v0,,1.0,NONE,QUERIED,2026-10-01T16:50:49Z,08f2518cb82da8fb7762dfef6eeb80d83c2c9cd203cb2455255b559de6c6ef8a
ZJ-SMB,1995,landsat7,LANDSAT/LE07/C02/T1_L2,False,PRE_SLC_FAILURE,SCENE_METADATA,0,0,0,0,,,,,0,0,,,,SENSOR_NOT_OPERATIONAL,NOT_QUERIED_OUTSIDE_OPERATIONAL_YEARS,2026-10-01T16:50:49Z,9e1f2126077552b340152d059cdcd5f67e05e22ace0904a37a7f94164f826cef
ZJ-SMB,1995,landsat8,LANDSAT/LC08/C02/T1_L2,False,NOT_APPLICABLE,SCENE_METADATA,0,0,0,0,,,,,0,0,,,,SENSOR_NOT_OPERATIONAL,NOT_QUERIED_OUTSIDE_OPERATIONAL_YEARS,2026-10-01T16:50:49Z,6836b75766152c72566a9c76a561aeb7b12b59eadd302901f78814fb9ef154db
ZJ-SMB,1995,landsat9,LANDSAT/LC09/C02/T1_L2,False,NOT_APPLICABLE,SCENE_METADATA,0,0,0,0,,,,,0,0,,,,SENSOR_NOT_OPERATIONAL,NOT_QUERIED_OUTSIDE_OPERATIONAL_YEARS,2026-10-01T16:50:49Z,f2471f3ef3b4747ec0c5fca82129670d4bd511e5a758e90cdaf5417543f028b9
ZJ-SMB,1995,sentinel1,COPERNICUS/S1_GRD,False,NOT_APPLICABLE,SCENE_METADATA,0,0,0,0,,,,,0,0,,,,SENSOR_NOT_OPERATIONAL,NOT_QUERIED_OUTSIDE_OPERATIONAL_YEARS,2026-10-01T16:50:49Z,6909e141b4565c83a8f1592fd64fc08bf967c32a1f8853f80c605eb2113abd8a
ZJ-SMB,1995,sentinel2,COPERNICUS/S2_SR_HARMONIZED,False,NOT_APPLICABLE,SCENE_METADATA,0,0,0,0,,,,,0,0,,,,SENSOR_NOT_OPERATIONAL,NOT_QUERIED_OUTSIDE_OPERATIONAL_YEARS,2026-10-01T16:50:49Z,da37eeecd962fdc4efa1446435e632720181b8c3ffc5182a16f8b293a5c05f30
ZJ-SMB,1996,landsat5,LANDSAT/LT05/C02/T1_L2,True,NOT_APPLICABLE,SCENE_METADATA,21,21,0,0,117/040|118/040,LANDSAT_5,,10.0,13,3,autumn_v0|summer_v0,,1.0,NONE,QUERIED,2026-10-01T16:50:49Z,8b0fa0e3bea3b4ee752d32619af150504ce6fb4a429887f61a2221e734e3a723
ZJ-SMB,1996,landsat7,LANDSAT/LE07/C02/T1_L2,False,PRE_SLC_FAILURE,SCENE_METADATA,0,0,0,0,,,,,0,0,,,,SENSOR_NOT_OPERATIONAL,NOT_QUERIED_OUTSIDE_OPERATIONAL_YEARS,2026-10-01T16:50:49Z,85d6094a5977119fadf00c591e9d8d26c3362f35364bbe5e8d3dcae2e7aedf05
ZJ-SMB,1996,landsat8,LANDSAT/LC08/C02/T1_L2,False,NOT_APPLICABLE,SCENE_METADATA,0,0,0,0,,,,,0,0,,,,SENSOR_NOT_OPERATIONAL,NOT_QUERIED_OUTSIDE_OPERATIONAL_YEARS,2026-10-01T16:50:49Z,66e3d4c8a90a296199269a203fc7296bd0ec7cf21f3d17edc646f2744767eb80
ZJ-SMB,1996,landsat9,LANDSAT/LC09/C02/T1_L2,False,NOT_APPLICABLE,SCENE_METADATA,0,0,0,0,,,,,0,0,,,,SENSOR_NOT_OPERATIONAL,NOT_QUERIED_OUTSIDE_OPERATIONAL_YEARS,2026-10-01T16:50:49Z,b466bc8d92858b981a59446b31d51fdc4d5639fd1370638bcbaa1691ae28d89b
ZJ-SMB,1996,sentinel1,COPERNICUS/S1_GRD,False,NOT_APPLICABLE,SCENE_METADATA,0,0,0,0,,,,,0,0,,,,SENSOR_NOT_OPERATIONAL,NOT_QUERIED_OUTSIDE_OPERATIONAL_YEARS,2026-10-01T16:50:49Z,6244c61ee79c5a6a9ed57d722c3b9b18392dda9979f3f129bf53e4de789383ae
ZJ-SMB,1996,sentinel2,COPERNICUS/S2_SR_HARMONIZED,False,NOT_APPLICABLE,SCENE_METADATA,0,0,0,0,,,,,0,0,,,,SENSOR_NOT_OPERATIONAL,NOT_QUERIED_OUTSIDE_OPERATIONAL_YEARS,2026-10-01T16:50:49Z,0aae87ef77ab438811468605a35a4bf22137c5c3de16f6d1895adffb61401ce7
ZJ-SMB,1997,landsat5,LANDSAT/LT05/C02/T1_L2,True,NOT_APPLICABLE,SCENE_METADATA,21,21,0,0,117/040|118/040,LANDSAT_5,,7.0,15,2,autumn_v0,,1.0,NONE,QUERIED,2026-10-01T16:50:49Z,2195da215007edbb6cd4342be8057e1c4aa385389d88184329baad82dbf70c26
ZJ-SMB,1997,landsat7,LANDSAT/LE07/C02/T1_L2,False,PRE_SLC_FAILURE,SCENE_METADATA,0,0,0,0,,,,,0,0,,,,SENSOR_NOT_OPERATIONAL,NOT_QUERIED_OUTSIDE_OPERATIONAL_YEARS,2026-10-01T16:50:49Z,b772f2996fa87f1e4b487b6bf323af8e296b8931cd77771e6f736ea5ad3be26e
ZJ-SMB,1997,landsat8,LANDSAT/LC08/C02/T1_L2,False,NOT_APPLICABLE,SCENE_METADATA,0,0,0,0,,,,,0,0,,,,SENSOR_NOT_OPERATIONAL,NOT_QUERIED_OUTSIDE_OPERATIONAL_YEARS,2026-10-01T16:50:49Z,6fe77a19d6bf520ed55269ecc02d64b4c565119306ef89b944cb9425f9ec2e06
ZJ-SMB,1997,landsat9,LANDSAT/LC09/C02/T1_L2,False,NOT_APPLICABLE,SCENE_METADATA,0,0,0,0,,,,,0,0,,,,SENSOR_NOT_OPERATIONAL,NOT_QUERIED_OUTSIDE_OPERATIONAL_YEARS,2026-10-01T16:50:49Z,31db0f9b069e39ea366e64fb70c7d6c4228c5c8be717545e8a04a087d75b29a4
ZJ-SMB,1997,sentinel1,COPERNICUS/S1_GRD,False,NOT_APPLICABLE,SCENE_METADATA,0,0,0,0,,,,,0,0,,,,SENSOR_NOT_OPERATIONAL,NOT_QUERIED_OUTSIDE_OPERATIONAL_YEARS,2026-10-01T16:50:49Z,aff7115ec2a5d5a1358df154db90825ff7c1d85603f3f0dc82575d77e6a9b95f
ZJ-SMB,1997,sentinel2,COPERNICUS/S2_SR_HARMONIZED,False,NOT_APPLICABLE,SCENE_METADATA,0,0,0,0,,,,,0,0,,,,SENSOR_NOT_OPERATIONAL,NOT_QUERIED_OUTSIDE_OPERATIONAL_YEARS,2026-10-01T16:50:49Z,554b10a1534c677d3d6da30a6a10c5c6a719c989e7830f1055738b0e25c25fb3
ZJ-SMB,1998,landsat5,LANDSAT/LT05/C02/T1_L2,True,NOT_APPLICABLE,SCENE_METADATA,20,20,0,0,117/040|118/040,LANDSAT_5,,8.0,14,2,summer_v0,,1.0,NONE,QUERIED,2026-10-01T16:50:49Z,664cb7977ddc76fd9de2e50efaed72c1a66f2fcf293a8a066e726e556ea1c228
ZJ-SMB,1998,landsat7,LANDSAT/LE07/C02/T1_L2,False,PRE_SLC_FAILURE,SCENE_METADATA,0,0,0,0,,,,,0,0,,,,SENSOR_NOT_OPERATIONAL,NOT_QUERIED_OUTSIDE_OPERATIONAL_YEARS,2026-10-01T16:50:49Z,d03917de2e6346c41df639c5645e0e19b3ce277b001c2218a4183fe16993e1bd
ZJ-SMB,1998,landsat8,LANDSAT/LC08/C02/T1_L2,False,NOT_APPLICABLE,SCENE_METADATA,0,0,0,0,,,,,0,0,,,,SENSOR_NOT_OPERATIONAL,NOT_QUERIED_OUTSIDE_OPERATIONAL_YEARS,2026-10-01T16:50:49Z,ad8a35b1c5115aa0d0a9087f3dbd8f1dad433a1d2040416660ac69ba763488ea
ZJ-SMB,1998,landsat9,LANDSAT/LC09/C02/T1_L2,False,NOT_APPLICABLE,SCENE_METADATA,0,0,0,0,,,,,0,0,,,,SENSOR_NOT_OPERATIONAL,NOT_QUERIED_OUTSIDE_OPERATIONAL_YEARS,2026-10-01T16:50:49Z,711651f58ec9f1f0f45fec0630bea1b5a8324238bca88e8ac8b716402574f30d
ZJ-SMB,1998,sentinel1,COPERNICUS/S1_GRD,False,NOT_APPLICABLE,SCENE_METADATA,0,0,0,0,,,,,0,0,,,,SENSOR_NOT_OPERATIONAL,NOT_QUERIED_OUTSIDE_OPERATIONAL_YEARS,2026-10-01T16:50:49Z,ddb7aae07bf6254f009c57ead788e7e8810ac09454c21223b5378862df250972
ZJ-SMB,1998,sentinel2,COPERNICUS/S2_SR_HARMONIZED,False,NOT_APPLICABLE,SCENE_METADATA,0,0,0,0,,,,,0,0,,,,SENSOR_NOT_OPERATIONAL,NOT_QUERIED_OUTSIDE_OPERATIONAL_YEARS,2026-10-01T16:50:49Z,36d038dc6100cb1272524a63d60ea1b69b68150b1e080391aecec633e72092a3
ZJ-SMB,1999,landsat5,LANDSAT/LT05/C02/T1_L2,True,NOT_APPLICABLE,SCENE_METADATA,23,23,0,0,117/040|118/040,LANDSAT_5,,10.0,13,2,autumn_v0|summer_v0,,1.0,NONE,QUERIED,2026-10-01T16:50:49Z,1979c7568ae42b04ae36cb4e7facd82b6b9221f71d7def9def6d335f73b4874c
ZJ-SMB,1999,landsat7,LANDSAT/LE07/C02/T1_L2,True,PRE_SLC_FAILURE,SCENE_METADATA,6,6,0,0,117/040|118/040,LANDSAT_7,,3.0,3,1,autumn_v0,,1.0,NONE,QUERIED,2026-10-01T16:50:49Z,64d7651e9a65fd837e005e5763530357ec540f8ecd8492cdfab0500c0b270a7a
ZJ-SMB,1999,landsat8,LANDSAT/LC08/C02/T1_L2,False,NOT_APPLICABLE,SCENE_METADATA,0,0,0,0,,,,,0,0,,,,SENSOR_NOT_OPERATIONAL,NOT_QUERIED_OUTSIDE_OPERATIONAL_YEARS,2026-10-01T16:50:49Z,2367a60f8c76ace0f96db2beaa4a565049fa916d6d270d364f8a887bf092d55d
ZJ-SMB,1999,landsat9,LANDSAT/LC09/C02/T1_L2,False,NOT_APPLICABLE,SCENE_METADATA,0,0,0,0,,,,,0,0,,,,SENSOR_NOT_OPERATIONAL,NOT_QUERIED_OUTSIDE_OPERATIONAL_YEARS,2026-10-01T16:50:49Z,acaa8e6e14acb2d49454750a8721d20a097eadb2a685d986d825df65a61ca701
ZJ-SMB,1999,sentinel1,COPERNICUS/S1_GRD,False,NOT_APPLICABLE,SCENE_METADATA,0,0,0,0,,,,,0,0,,,,SENSOR_NOT_OPERATIONAL,NOT_QUERIED_OUTSIDE_OPERATIONAL_YEARS,2026-10-01T16:50:49Z,06a13f6909afd0b79a7b0c40a0ee3f4b2d9358d2c9c064e3fad5192ad8f164f6
ZJ-SMB,1999,sentinel2,COPERNICUS/S2_SR_HARMONIZED,False,NOT_APPLICABLE,SCENE_METADATA,0,0,0,0,,,,,0,0,,,,SENSOR_NOT_OPERATIONAL,NOT_QUERIED_OUTSIDE_OPERATIONAL_YEARS,2026-10-01T16:50:49Z,f140c754e59b03ca1c1c0c2c3a1bce96d25b64fc68088cd7710f74e9421ab417
ZJ-SMB,2000,landsat5,LANDSAT/LT05/C02/T1_L2,True,NOT_APPLICABLE,SCENE_METADATA,32,32,0,0,117/040|118/040,LANDSAT_5,,9.0,17,1,summer_v0,,1.0,NONE,QUERIED,2026-10-01T16:50:49Z,386c12573c37f139a0e9326c883f72a339e4c6d59a531087147af39186408bdf
ZJ-SMB,2000,landsat7,LANDSAT/LE07/C02/T1_L2,True,PRE_SLC_FAILURE,SCENE_METADATA,25,25,0,0,117/040|118/040,LANDSAT_7,,12.0,17,2,autumn_v0|summer_v0,,1.0,NONE,QUERIED,2026-10-01T16:50:49Z,dcfd7efb45b24dfaf1d8c9b183e4b290ff0e1eac46591e70b9110a2537448664
ZJ-SMB,2000,landsat8,LANDSAT/LC08/C02/T1_L2,False,NOT_APPLICABLE,SCENE_METADATA,0,0,0,0,,,,,0,0,,,,SENSOR_NOT_OPERATIONAL,NOT_QUERIED_OUTSIDE_OPERATIONAL_YEARS,2026-10-01T16:50:49Z,8b594d86dd61299812b03602c47fe88674169ea7d21eaa856d4d3ee99f82ffc2
ZJ-SMB,2000,landsat9,LANDSAT/LC09/C02/T1_L2,False,NOT_APPLICABLE,SCENE_METADATA,0,0,0,0,,,,,0,0,,,,SENSOR_NOT_OPERATIONAL,NOT_QUERIED_OUTSIDE_OPERATIONAL_YEARS,2026-10-01T16:50:49Z,07c28de3b85c04fc8b3da3f16a6b11a2b45ab7caea48273c7d9e2e1834fb0ea6
ZJ-SMB,2000,sentinel1,COPERNICUS/S1_GRD,False,NOT_APPLICABLE,SCENE_METADATA,0,0,0,0,,,,,0,0,,,,SENSOR_NOT_OPERATIONAL,NOT_QUERIED_OUTSIDE_OPERATIONAL_YEARS,2026-10-01T16:50:49Z,ec52233e852a50044314e26416d1d20a3b8456b22956cb8174d1306a68c2a523
ZJ-SMB,2000,sentinel2,COPERNICUS/S2_SR_HARMONIZED,False,NOT_APPLICABLE,SCENE_METADATA,0,0,0,0,,,,,0,0,,,,SENSOR_NOT_OPERATIONAL,NOT_QUERIED_OUTSIDE_OPERATIONAL_YEARS,2026-10-01T16:50:49Z,c9e2afbb2097d0ebb1d93762a9a1d84f678daa63181eb136018fd084f9e16412
ZJ-SMB,2001,landsat5,LANDSAT/LT05/C02/T1_L2,True,NOT_APPLICABLE,SCENE_METADATA,27,27,0,0,117/040|118/040,LANDSAT_5,,14.0,15,2,autumn_v0|summer_v0,,1.0,NONE,QUERIED,2026-10-01T16:50:49Z,a2afc697d23c9f907cf5f3a1ecd2ad6d9e3c66e7936163b6e2f8c84f419d459f
ZJ-SMB,2001,landsat7,LANDSAT/LE07/C02/T1_L2,True,PRE_SLC_FAILURE,SCENE_METADATA,34,34,0,0,117/040|118/040,LANDSAT_7,,12.0,20,1,summer_v0,,1.0,NONE,QUERIED,2026-10-01T16:50:49Z,4ff8376784533540e1c0312f3999a6e9366f2269247886d1cb2fc9ba7920b9be
ZJ-SMB,2001,landsat8,LANDSAT/LC08/C02/T1_L2,False,NOT_APPLICABLE,SCENE_METADATA,0,0,0,0,,,,,0,0,,,,SENSOR_NOT_OPERATIONAL,NOT_QUERIED_OUTSIDE_OPERATIONAL_YEARS,2026-10-01T16:50:49Z,02de63f6d5505992aa6a912d18aef7ed59f79df7f5b83c2dac253a8332e2ddf8
ZJ-SMB,2001,landsat9,LANDSAT/LC09/C02/T1_L2,False,NOT_APPLICABLE,SCENE_METADATA,0,0,0,0,,,,,0,0,,,,SENSOR_NOT_OPERATIONAL,NOT_QUERIED_OUTSIDE_OPERATIONAL_YEARS,2026-10-01T16:50:49Z,13c2daa430558807002c62eba8616747795bd2c1e56391a99ed2428999d82c68
ZJ-SMB,2001,sentinel1,COPERNICUS/S1_GRD,False,NOT_APPLICABLE,SCENE_METADATA,0,0,0,0,,,,,0,0,,,,SENSOR_NOT_OPERATIONAL,NOT_QUERIED_OUTSIDE_OPERATIONAL_YEARS,2026-10-01T16:50:49Z,35797049db90ca7cf87e5432eed3ecb9bdef218a34bc08b56a4948a805170ee0
ZJ-SMB,2001,sentinel2,COPERNICUS/S2_SR_HARMONIZED,False,NOT_APPLICABLE,SCENE_METADATA,0,0,0,0,,,,,0,0,,,,SENSOR_NOT_OPERATIONAL,NOT_QUERIED_OUTSIDE_OPERATIONAL_YEARS,2026-10-01T16:50:49Z,2d55aff31835ce19034fd9862f698d23f37ee91be8be1fadcd764007f93cd7c1
ZJ-SMB,2002,landsat5,LANDSAT/LT05/C02/T1_L2,True,NOT_APPLICABLE,SCENE_METADATA,19,19,0,0,117/040|118/040,LANDSAT_5,,11.0,9,3,autumn_v0|summer_v0,,1.0,NONE,QUERIED,2026-10-01T16:50:49Z,450cec19359e065adecfe596a5fcf6f15fb718ce07cc2e6f97f9df7bbe80a952
ZJ-SMB,2002,landsat7,LANDSAT/LE07/C02/T1_L2,True,PRE_SLC_FAILURE,SCENE_METADATA,29,29,0,0,117/040|118/040,LANDSAT_7,,14.0,15,1,autumn_v0,,1.0,NONE,QUERIED,2026-10-01T16:50:49Z,d709aaddd1af12b3c72a24e4765d1c2eab24cb958996dd5000f07250250c05fb
ZJ-SMB,2002,landsat8,LANDSAT/LC08/C02/T1_L2,False,NOT_APPLICABLE,SCENE_METADATA,0,0,0,0,,,,,0,0,,,,SENSOR_NOT_OPERATIONAL,NOT_QUERIED_OUTSIDE_OPERATIONAL_YEARS,2026-10-01T16:50:49Z,6ec7e607d9be7fd4ecca3b4008bb1a71f43fdc96310a155927927eac1d1b2077
ZJ-SMB,2002,landsat9,LANDSAT/LC09/C02/T1_L2,False,NOT_APPLICABLE,SCENE_METADATA,0,0,0,0,,,,,0,0,,,,SENSOR_NOT_OPERATIONAL,NOT_QUERIED_OUTSIDE_OPERATIONAL_YEARS,2026-10-01T16:50:49Z,b37d3803c60c1c245741f19af6b20517937355a2ba89441b500081db689a135d
ZJ-SMB,2002,sentinel1,COPERNICUS/S1_GRD,False,NOT_APPLICABLE,SCENE_METADATA,0,0,0,0,,,,,0,0,,,,SENSOR_NOT_OPERATIONAL,NOT_QUERIED_OUTSIDE_OPERATIONAL_YEARS,2026-10-01T16:50:49Z,9b697ee50e89116d7d6ea9a2df385546c466b980e3a30e3ae44a39a6c629f9d6
ZJ-SMB,2002,sentinel2,COPERNICUS/S2_SR_HARMONIZED,False,NOT_APPLICABLE,SCENE_METADATA,0,0,0,0,,,,,0,0,,,,SENSOR_NOT_OPERATIONAL,NOT_QUERIED_OUTSIDE_OPERATIONAL_YEARS,2026-10-01T16:50:49Z,843346b45f68d8f9ffc48e41977feb4853bcc91cc19048f9aed420b67778460b
ZJ-SMB,2003,landsat5,LANDSAT/LT05/C02/T1_L2,True,NOT_APPLICABLE,SCENE_METADATA,25,25,0,0,117/040|118/040,LANDSAT_5,,11.0,14,1,autumn_v0,,1.0,NONE,QUERIED,2026-10-01T16:50:49Z,81e9f8fae8bb5ced17cc6849be62a5c69c96fd6ca3e0f236c01948f27f47bab5
ZJ-SMB,2003,landsat7,LANDSAT/LE07/C02/T1_L2,True,POST_SLC_FAILURE|PRE_SLC_FAILURE,SCENE_METADATA,23,23,0,0,117/040|118/040,LANDSAT_7,,13.0,10,3,autumn_v0|summer_v0,,1.0,NONE,QUERIED,2026-10-01T16:50:49Z,dcac4723a9acd8683e806ad0cb45a277df62f4a54c920a0965c097cb5398f3ba
ZJ-SMB,2003,landsat8,LANDSAT/LC08/C02/T1_L2,False,NOT_APPLICABLE,SCENE_METADATA,0,0,0,0,,,,,0,0,,,,SENSOR_NOT_OPERATIONAL,NOT_QUERIED_OUTSIDE_OPERATIONAL_YEARS,2026-10-01T16:50:49Z,4e0a7abae87f6bb7529b81bca094f9399d088681e7390515ea9cd6253f18a370
ZJ-SMB,2003,landsat9,LANDSAT/LC09/C02/T1_L2,False,NOT_APPLICABLE,SCENE_METADATA,0,0,0,0,,,,,0,0,,,,SENSOR_NOT_OPERATIONAL,NOT_QUERIED_OUTSIDE_OPERATIONAL_YEARS,2026-10-01T16:50:49Z,9241e0e3d8a6398f8a5a2ba7e1947198f1c5d97c84791e6be14e68f7c4fa3e98
ZJ-SMB,2003,sentinel1,COPERNICUS/S1_GRD,False,NOT_APPLICABLE,SCENE_METADATA,0,0,0,0,,,,,0,0,,,,SENSOR_NOT_OPERATIONAL,NOT_QUERIED_OUTSIDE_OPERATIONAL_YEARS,2026-10-01T16:50:49Z,0e9b5afa52aa76683a36284da5ebea6f84238d6d8e2ca939c2615fd5f02a954c
ZJ-SMB,2003,sentinel2,COPERNICUS/S2_SR_HARMONIZED,False,NOT_APPLICABLE,SCENE_METADATA,0,0,0,0,,,,,0,0,,,,SENSOR_NOT_OPERATIONAL,NOT_QUERIED_OUTSIDE_OPERATIONAL_YEARS,2026-10-01T16:50:49Z,08525c9045730a038c61ef15198b064202b7c67b5b6ae893e80c952eaa24b74e
ZJ-SMB,2004,landsat5,LANDSAT/LT05/C02/T1_L2,True,NOT_APPLICABLE,SCENE_METADATA,29,29,0,0,117/040|118/040,LANDSAT_5,,11.0,13,0,,,1.0,NONE,QUERIED,2026-10-01T16:50:49Z,dea129bc90d2661c68efc743ab788b621c3ff494682b1e2eea31340a5c608df8
ZJ-SMB,2004,landsat7,LANDSAT/LE07/C02/T1_L2,True,POST_SLC_FAILURE,SCENE_METADATA,26,26,0,0,117/040|118/040,LANDSAT_7,,12.0,15,4,autumn_v0|summer_v0,,1.0,NONE,QUERIED,2026-10-01T16:50:49Z,2da19164a72ac7a86568dc402ebf3e906c17eaa391079b636e5259d8bbe4634a
ZJ-SMB,2004,landsat8,LANDSAT/LC08/C02/T1_L2,False,NOT_APPLICABLE,SCENE_METADATA,0,0,0,0,,,,,0,0,,,,SENSOR_NOT_OPERATIONAL,NOT_QUERIED_OUTSIDE_OPERATIONAL_YEARS,2026-10-01T16:50:49Z,37e6e0eae5c376f3eef496636092236c482ff84d925a79d553d54c4d17bd7a24
ZJ-SMB,2004,landsat9,LANDSAT/LC09/C02/T1_L2,False,NOT_APPLICABLE,SCENE_METADATA,0,0,0,0,,,,,0,0,,,,SENSOR_NOT_OPERATIONAL,NOT_QUERIED_OUTSIDE_OPERATIONAL_YEARS,2026-10-01T16:50:49Z,d2e2ac612bf57d1d753410e432687a0ff98636de1621dcd282a4d197af932b7c
ZJ-SMB,2004,sentinel1,COPERNICUS/S1_GRD,False,NOT_APPLICABLE,SCENE_METADATA,0,0,0,0,,,,,0,0,,,,SENSOR_NOT_OPERATIONAL,NOT_QUERIED_OUTSIDE_OPERATIONAL_YEARS,2026-10-01T16:50:49Z,e058e698259dbdc066c4b128c8aabdc06098bfd665bdfe5c02e02eb5a7368666
ZJ-SMB,2004,sentinel2,COPERNICUS/S2_SR_HARMONIZED,False,NOT_APPLICABLE,SCENE_METADATA,0,0,0,0,,,,,0,0,,,,SENSOR_NOT_OPERATIONAL,NOT_QUERIED_OUTSIDE_OPERATIONAL_YEARS,2026-10-01T16:50:49Z,6a963b250e642ae4c9d22539332bdeb7f146fd99c5ce8b50abdda080cc9e3477
ZJ-SMB,2005,landsat5,LANDSAT/LT05/C02/T1_L2,True,NOT_APPLICABLE,SCENE_METADATA,28,28,0,0,117/040|118/040,LANDSAT_5,,8.0,12,1,summer_v0,,1.0,NONE,QUERIED,2026-10-01T16:50:49Z,a550125a8b73c3e3ed857f9a0420d5baef77a3f5258829b4224cb8eb2cb49f43
ZJ-SMB,2005,landsat7,LANDSAT/LE07/C02/T1_L2,True,POST_SLC_FAILURE,SCENE_METADATA,30,30,0,0,117/040|118/040,LANDSAT_7,,13.0,15,2,autumn_v0|summer_v0,,1.0,NONE,QUERIED,2026-10-01T16:50:49Z,236e0c13dc82ce225d23e5cd469bd26bcd2e98f744364692a3abfec02c71f524
ZJ-SMB,2005,landsat8,LANDSAT/LC08/C02/T1_L2,False,NOT_APPLICABLE,SCENE_METADATA,0,0,0,0,,,,,0,0,,,,SENSOR_NOT_OPERATIONAL,NOT_QUERIED_OUTSIDE_OPERATIONAL_YEARS,2026-10-01T16:50:49Z,5c9e512e532449a7b0d951081a1ea5001f983357e1ded62e57a2bac3b6d23cec
ZJ-SMB,2005,landsat9,LANDSAT/LC09/C02/T1_L2,False,NOT_APPLICABLE,SCENE_METADATA,0,0,0,0,,,,,0,0,,,,SENSOR_NOT_OPERATIONAL,NOT_QUERIED_OUTSIDE_OPERATIONAL_YEARS,2026-10-01T16:50:49Z,d0c44b07f46c79d0d28d76d52b17aebb0febb3b45f5935c76cbede9a90762ec7
ZJ-SMB,2005,sentinel1,COPERNICUS/S1_GRD,False,NOT_APPLICABLE,SCENE_METADATA,0,0,0,0,,,,,0,0,,,,SENSOR_NOT_OPERATIONAL,NOT_QUERIED_OUTSIDE_OPERATIONAL_YEARS,2026-10-01T16:50:49Z,8f69ac52977dd926ce8ae27623abb94e2fc09e872cbca2b0c0b06a3e415efd09
ZJ-SMB,2005,sentinel2,COPERNICUS/S2_SR_HARMONIZED,False,NOT_APPLICABLE,SCENE_METADATA,0,0,0,0,,,,,0,0,,,,SENSOR_NOT_OPERATIONAL,NOT_QUERIED_OUTSIDE_OPERATIONAL_YEARS,2026-10-01T16:50:49Z,7278b3a56ed80db4a5283648853bc3333ade8314a7824306b1f155260890d24e
ZJ-SMB,2006,landsat5,LANDSAT/LT05/C02/T1_L2,True,NOT_APPLICABLE,SCENE_METADATA,28,28,0,0,117/040|118/040,LANDSAT_5,,13.0,14,3,autumn_v0|summer_v0,,1.0,NONE,QUERIED,2026-10-01T16:50:49Z,cd8ca02ae819dc67121070d07f816d6d002d11846fdb1acdee1ffb96a29a02c6
ZJ-SMB,2006,landsat7,LANDSAT/LE07/C02/T1_L2,True,POST_SLC_FAILURE,SCENE_METADATA,26,26,0,0,117/040|118/040,LANDSAT_7,,10.0,13,2,autumn_v0,,1.0,NONE,QUERIED,2026-10-01T16:50:49Z,a160895fd3262b92bad1a0979af58892acf53fe960c018e1c7c6aaf172855d60
ZJ-SMB,2006,landsat8,LANDSAT/LC08/C02/T1_L2,False,NOT_APPLICABLE,SCENE_METADATA,0,0,0,0,,,,,0,0,,,,SENSOR_NOT_OPERATIONAL,NOT_QUERIED_OUTSIDE_OPERATIONAL_YEARS,2026-10-01T16:50:49Z,debd24083c8b7f6866d29a1893cbe37371432b5fc493aaa47a64dfdf4f533b4c
ZJ-SMB,2006,landsat9,LANDSAT/LC09/C02/T1_L2,False,NOT_APPLICABLE,SCENE_METADATA,0,0,0,0,,,,,0,0,,,,SENSOR_NOT_OPERATIONAL,NOT_QUERIED_OUTSIDE_OPERATIONAL_YEARS,2026-10-01T16:50:49Z,8b90ca0ac9f3d1bbda3529eb5be1900c87adfed8736dc1e621bc58ee0089c22e
ZJ-SMB,2006,sentinel1,COPERNICUS/S1_GRD,False,NOT_APPLICABLE,SCENE_METADATA,0,0,0,0,,,,,0,0,,,,SENSOR_NOT_OPERATIONAL,NOT_QUERIED_OUTSIDE_OPERATIONAL_YEARS,2026-10-01T16:50:49Z,c8ad5027f58961d7bec3d7ed1c914e6e49c3c3d56bfeaa520fa77c35cb2436e7
ZJ-SMB,2006,sentinel2,COPERNICUS/S2_SR_HARMONIZED,False,NOT_APPLICABLE,SCENE_METADATA,0,0,0,0,,,,,0,0,,,,SENSOR_NOT_OPERATIONAL,NOT_QUERIED_OUTSIDE_OPERATIONAL_YEARS,2026-10-01T16:50:49Z,203574c1d0e70fcc9cd312b7a0d3878247d4da62de740ea3bc0c5dfbe7391c51
ZJ-SMB,2007,landsat5,LANDSAT/LT05/C02/T1_L2,True,NOT_APPLICABLE,SCENE_METADATA,29,29,0,0,117/040|118/040,LANDSAT_5,,14.0,14,1,summer_v0,,1.0,NONE,QUERIED,2026-10-01T16:50:49Z,941418e8b11cd05e2908bd7bd4007193ba253ff4e8e20f0945a02f1d6a419750
ZJ-SMB,2007,landsat7,LANDSAT/LE07/C02/T1_L2,True,POST_SLC_FAILURE,SCENE_METADATA,31,31,0,0,117/040|118/040,LANDSAT_7,,12.0,14,0,,,1.0,NONE,QUERIED,2026-10-01T16:50:49Z,84a90935598a5c550b0fef554f238a4a96d359d988b51e9f0ab708258b375a0c
ZJ-SMB,2007,landsat8,LANDSAT/LC08/C02/T1_L2,False,NOT_APPLICABLE,SCENE_METADATA,0,0,0,0,,,,,0,0,,,,SENSOR_NOT_OPERATIONAL,NOT_QUERIED_OUTSIDE_OPERATIONAL_YEARS,2026-10-01T16:50:49Z,7954aedf68acead14b519d67c5bb39b9e659ad6669ea018dffcee7df1f427a25
ZJ-SMB,2007,landsat9,LANDSAT/LC09/C02/T1_L2,False,NOT_APPLICABLE,SCENE_METADATA,0,0,0,0,,,,,0,0,,,,SENSOR_NOT_OPERATIONAL,NOT_QUERIED_OUTSIDE_OPERATIONAL_YEARS,2026-10-01T16:50:49Z,75bd38b2150bde5445305f565f80ca72834d8e0742b7839434d2f0a61f3c444a
ZJ-SMB,2007,sentinel1,COPERNICUS/S1_GRD,False,NOT_APPLICABLE,SCENE_METADATA,0,0,0,0,,,,,0,0,,,,SENSOR_NOT_OPERATIONAL,NOT_QUERIED_OUTSIDE_OPERATIONAL_YEARS,2026-10-01T16:50:49Z,fc7dd162b609cdac2c65851611e9610b6bf4675862d2708c94f01dfc78979ce7
ZJ-SMB,2007,sentinel2,COPERNICUS/S2_SR_HARMONIZED,False,NOT_APPLICABLE,SCENE_METADATA,0,0,0,0,,,,,0,0,,,,SENSOR_NOT_OPERATIONAL,NOT_QUERIED_OUTSIDE_OPERATIONAL_YEARS,2026-10-01T16:50:49Z,5610ad981108a12f9795feaf2772a24ea562ebda19604a14013cc11a6ae895b3
ZJ-SMB,2008,landsat5,LANDSAT/LT05/C02/T1_L2,True,NOT_APPLICABLE,SCENE_METADATA,29,29,0,0,117/040|118/040,LANDSAT_5,,15.0,14,2,autumn_v0|summer_v0,,1.0,NONE,QUERIED,2026-10-01T16:50:49Z,a524defc3ec3a3e5c649374d5038a09766b1b5312e90ec839a730774b3c2d56b
ZJ-SMB,2008,landsat7,LANDSAT/LE07/C02/T1_L2,True,POST_SLC_FAILURE,SCENE_METADATA,32,32,0,0,117/040|118/040,LANDSAT_7,,17.0,17,4,autumn_v0|summer_v0,,1.0,NONE,QUERIED,2026-10-01T16:50:49Z,2df82e462b9ed3f27b136eebc9ee051d281c40d6d89e806c1c90b9519ce2548a
ZJ-SMB,2008,landsat8,LANDSAT/LC08/C02/T1_L2,False,NOT_APPLICABLE,SCENE_METADATA,0,0,0,0,,,,,0,0,,,,SENSOR_NOT_OPERATIONAL,NOT_QUERIED_OUTSIDE_OPERATIONAL_YEARS,2026-10-01T16:50:49Z,6586073fa368540fc8e3bc0a37254b52f5d64a2c8c74140c9938d76723a4de79
ZJ-SMB,2008,landsat9,LANDSAT/LC09/C02/T1_L2,False,NOT_APPLICABLE,SCENE_METADATA,0,0,0,0,,,,,0,0,,,,SENSOR_NOT_OPERATIONAL,NOT_QUERIED_OUTSIDE_OPERATIONAL_YEARS,2026-10-01T16:50:49Z,c44f7fb0ef04437a8443f071937337805047c75a6229e5354c221042a12d66e8
ZJ-SMB,2008,sentinel1,COPERNICUS/S1_GRD,False,NOT_APPLICABLE,SCENE_METADATA,0,0,0,0,,,,,0,0,,,,SENSOR_NOT_OPERATIONAL,NOT_QUERIED_OUTSIDE_OPERATIONAL_YEARS,2026-10-01T16:50:49Z,9077e0744514c35ce67d73f608f9cb00323e488c9c934aeb8f8979b88c8e0a1e
ZJ-SMB,2008,sentinel2,COPERNICUS/S2_SR_HARMONIZED,False,NOT_APPLICABLE,SCENE_METADATA,0,0,0,0,,,,,0,0,,,,SENSOR_NOT_OPERATIONAL,NOT_QUERIED_OUTSIDE_OPERATIONAL_YEARS,2026-10-01T16:50:49Z,5aef3b1efd38ac25a923d98e06bb7d4e29a4947a09fb2aa0bc042760b31616e0
ZJ-SMB,2009,landsat5,LANDSAT/LT05/C02/T1_L2,True,NOT_APPLICABLE,SCENE_METADATA,26,26,0,0,117/040|118/040,LANDSAT_5,,13.0,13,3,autumn_v0|summer_v0,,1.0,NONE,QUERIED,2026-10-01T16:50:49Z,21bb69f3c3e474d4d642e097d9ca0f68d75cdc47aa419d3bb705b7cb0663b249
ZJ-SMB,2009,landsat7,LANDSAT/LE07/C02/T1_L2,True,POST_SLC_FAILURE,SCENE_METADATA,25,25,0,0,117/040|118/040,LANDSAT_7,,14.0,10,1,autumn_v0,,1.0,NONE,QUERIED,2026-10-01T16:50:49Z,b5cb644bb5cabafde428ad6881bb8be82530ede6f73435bd32cabed34da98634
ZJ-SMB,2009,landsat8,LANDSAT/LC08/C02/T1_L2,False,NOT_APPLICABLE,SCENE_METADATA,0,0,0,0,,,,,0,0,,,,SENSOR_NOT_OPERATIONAL,NOT_QUERIED_OUTSIDE_OPERATIONAL_YEARS,2026-10-01T16:50:49Z,3f41fc8f1a70a455a81b750fcf6cebe4335e155ce5f2d4dbd5772ca6356b15e2
ZJ-SMB,2009,landsat9,LANDSAT/LC09/C02/T1_L2,False,NOT_APPLICABLE,SCENE_METADATA,0,0,0,0,,,,,0,0,,,,SENSOR_NOT_OPERATIONAL,NOT_QUERIED_OUTSIDE_OPERATIONAL_YEARS,2026-10-01T16:50:49Z,5cf38f0ddcd2d8185faf560e0bd2a81955303f7945027e0f3c8073c3f82105f5
ZJ-SMB,2009,sentinel1,COPERNICUS/S1_GRD,False,NOT_APPLICABLE,SCENE_METADATA,0,0,0,0,,,,,0,0,,,,SENSOR_NOT_OPERATIONAL,NOT_QUERIED_OUTSIDE_OPERATIONAL_YEARS,2026-10-01T16:50:49Z,43eff2fa66f004832c33dc365b057cafc3d7c7756f5c565bc78855633546394e
ZJ-SMB,2009,sentinel2,COPERNICUS/S2_SR_HARMONIZED,False,NOT_APPLICABLE,SCENE_METADATA,0,0,0,0,,,,,0,0,,,,SENSOR_NOT_OPERATIONAL,NOT_QUERIED_OUTSIDE_OPERATIONAL_YEARS,2026-10-01T16:50:49Z,055ec7576ef35588bc6c5dbd4eec4dde124087e48d62a58a4422b4275ff9d3a9
ZJ-SMB,2010,landsat5,LANDSAT/LT05/C02/T1_L2,True,NOT_APPLICABLE,SCENE_METADATA,23,23,0,0,117/040|118/040,LANDSAT_5,,12.0,13,2,autumn_v0|summer_v0,,1.0,NONE,QUERIED,2026-10-01T16:50:49Z,b7e5e40607cf507d021002b378b04e691d6895ef2c1c5cd5bd31858184d50700
ZJ-SMB,2010,landsat7,LANDSAT/LE07/C02/T1_L2,True,POST_SLC_FAILURE,SCENE_METADATA,23,23,0,0,117/040|118/040,LANDSAT_7,,13.0,15,2,autumn_v0|summer_v0,,1.0,NONE,QUERIED,2026-10-01T16:50:49Z,8a7db532cff6e1eaef273c0fb312756e18723744fa7ddb6389bcfd4a29689c87
ZJ-SMB,2010,landsat8,LANDSAT/LC08/C02/T1_L2,False,NOT_APPLICABLE,SCENE_METADATA,0,0,0,0,,,,,0,0,,,,SENSOR_NOT_OPERATIONAL,NOT_QUERIED_OUTSIDE_OPERATIONAL_YEARS,2026-10-01T16:50:49Z,621ba650f162513654b8e32724371a046ba10eed55ff17ac61614208dd6d2962
ZJ-SMB,2010,landsat9,LANDSAT/LC09/C02/T1_L2,False,NOT_APPLICABLE,SCENE_METADATA,0,0,0,0,,,,,0,0,,,,SENSOR_NOT_OPERATIONAL,NOT_QUERIED_OUTSIDE_OPERATIONAL_YEARS,2026-10-01T16:50:49Z,e022d34a43453dbdfa60fc5737a96658b04746aff4c2b5c02e05ecdf94dab573
ZJ-SMB,2010,sentinel1,COPERNICUS/S1_GRD,False,NOT_APPLICABLE,SCENE_METADATA,0,0,0,0,,,,,0,0,,,,SENSOR_NOT_OPERATIONAL,NOT_QUERIED_OUTSIDE_OPERATIONAL_YEARS,2026-10-01T16:50:49Z,e0b6b77c9a0c298c831caabcbf756379b33e78bddbf5c8e3edcd0662a38ef669
ZJ-SMB,2010,sentinel2,COPERNICUS/S2_SR_HARMONIZED,False,NOT_APPLICABLE,SCENE_METADATA,0,0,0,0,,,,,0,0,,,,SENSOR_NOT_OPERATIONAL,NOT_QUERIED_OUTSIDE_OPERATIONAL_YEARS,2026-10-01T16:50:49Z,9e630a864e9a7bc7a50c48b0f40ba10d2f67ce0952acfbbe156b7ea3ed1ccbc2
ZJ-SMB,2011,landsat5,LANDSAT/LT05/C02/T1_L2,True,NOT_APPLICABLE,SCENE_METADATA,16,16,0,0,117/040|118/040,LANDSAT_5,,8.0,10,1,summer_v0,,1.0,NONE,QUERIED,2026-10-01T16:50:49Z,0caab2588a14d4a45f86fb883c411ed5089cd8cc9549b71c3385754725e95956
ZJ-SMB,2011,landsat7,LANDSAT/LE07/C02/T1_L2,True,POST_SLC_FAILURE,SCENE_METADATA,26,26,0,0,117/040|118/040,LANDSAT_7,,11.0,11,1,autumn_v0,,1.0,NONE,QUERIED,2026-10-01T16:50:49Z,ec2709cbcf97054bc48fdd38c463da77ba3d3190e531c52a5c4a5cd7e3ec6eb5
ZJ-SMB,2011,landsat8,LANDSAT/LC08/C02/T1_L2,False,NOT_APPLICABLE,SCENE_METADATA,0,0,0,0,,,,,0,0,,,,SENSOR_NOT_OPERATIONAL,NOT_QUERIED_OUTSIDE_OPERATIONAL_YEARS,2026-10-01T16:50:49Z,43e07aac7642fa6f45b5206a71c5678ee8819407993821bbd375cbc6b5c91b02
ZJ-SMB,2011,landsat9,LANDSAT/LC09/C02/T1_L2,False,NOT_APPLICABLE,SCENE_METADATA,0,0,0,0,,,,,0,0,,,,SENSOR_NOT_OPERATIONAL,NOT_QUERIED_OUTSIDE_OPERATIONAL_YEARS,2026-10-01T16:50:49Z,320c19dda7bb031a086cf54ab0caf3292df6f06c8d87be36106de725c9012ebc
ZJ-SMB,2011,sentinel1,COPERNICUS/S1_GRD,False,NOT_APPLICABLE,SCENE_METADATA,0,0,0,0,,,,,0,0,,,,SENSOR_NOT_OPERATIONAL,NOT_QUERIED_OUTSIDE_OPERATIONAL_YEARS,2026-10-01T16:50:49Z,89a0e6d72ded261cb7c4a585428c29a54f2152aa4fb5d767ab38eb3eafded37e
ZJ-SMB,2011,sentinel2,COPERNICUS/S2_SR_HARMONIZED,False,NOT_APPLICABLE,SCENE_METADATA,0,0,0,0,,,,,0,0,,,,SENSOR_NOT_OPERATIONAL,NOT_QUERIED_OUTSIDE_OPERATIONAL_YEARS,2026-10-01T16:50:49Z,a9c834e7d16d8ab55828e05f671107a72894238fd2258397b932edff6fb38f43
ZJ-SMB,2012,landsat5,LANDSAT/LT05/C02/T1_L2,True,NOT_APPLICABLE,SCENE_METADATA,0,0,0,0,,,,0.0,0,0,,,,NO_SCENES_FOUND,QUERIED,2026-10-01T16:50:49Z,18dda357096e41921fbc4d0f34b77219f86fd10635046c6735292b73704d6d41
ZJ-SMB,2012,landsat7,LANDSAT/LE07/C02/T1_L2,True,POST_SLC_FAILURE,SCENE_METADATA,23,23,0,0,117/040|118/040,LANDSAT_7,,11.0,15,3,autumn_v0,,1.0,NONE,QUERIED,2026-10-01T16:50:49Z,3a5b84f7e6fcabccc48779ca510a49ec32a5c44fdfe74dbb87cf4a0dc8309ebc
ZJ-SMB,2012,landsat8,LANDSAT/LC08/C02/T1_L2,False,NOT_APPLICABLE,SCENE_METADATA,0,0,0,0,,,,,0,0,,,,SENSOR_NOT_OPERATIONAL,NOT_QUERIED_OUTSIDE_OPERATIONAL_YEARS,2026-10-01T16:50:49Z,37e151e7c9945cd177b4334da3f23d0298db676f802a034e2d951b8639885e71
ZJ-SMB,2012,landsat9,LANDSAT/LC09/C02/T1_L2,False,NOT_APPLICABLE,SCENE_METADATA,0,0,0,0,,,,,0,0,,,,SENSOR_NOT_OPERATIONAL,NOT_QUERIED_OUTSIDE_OPERATIONAL_YEARS,2026-10-01T16:50:49Z,35b7ba0b37f365c2fe746e560a0b7ddb29a8fca0d9c534bd97c1020c8a4d7cc3
ZJ-SMB,2012,sentinel1,COPERNICUS/S1_GRD,False,NOT_APPLICABLE,SCENE_METADATA,0,0,0,0,,,,,0,0,,,,SENSOR_NOT_OPERATIONAL,NOT_QUERIED_OUTSIDE_OPERATIONAL_YEARS,2026-10-01T16:50:49Z,0414c137f8eca0a6b912028cbd1906711c6faa223c355bcd28c22ea4debc1e65
ZJ-SMB,2012,sentinel2,COPERNICUS/S2_SR_HARMONIZED,False,NOT_APPLICABLE,SCENE_METADATA,0,0,0,0,,,,,0,0,,,,SENSOR_NOT_OPERATIONAL,NOT_QUERIED_OUTSIDE_OPERATIONAL_YEARS,2026-10-01T16:50:49Z,ac7d717c389b8b362ec73b6df45b1bb7b20156f2a1e5b84d9296a89904f24379
ZJ-SMB,2013,landsat5,LANDSAT/LT05/C02/T1_L2,False,NOT_APPLICABLE,SCENE_METADATA,0,0,0,0,,,,,0,0,,,,SENSOR_NOT_OPERATIONAL,NOT_QUERIED_OUTSIDE_OPERATIONAL_YEARS,2026-10-01T16:50:49Z,5659edc1caf69a7513621e26257b1e2cf8b8392a5cff0921480e86bbe42327fd
ZJ-SMB,2013,landsat7,LANDSAT/LE07/C02/T1_L2,True,POST_SLC_FAILURE,SCENE_METADATA,26,26,0,0,117/040|118/040,LANDSAT_7,,13.0,14,1,autumn_v0,,1.0,NONE,QUERIED,2026-10-01T16:50:49Z,dc731912d4363d72857c42667ea5205ea8012a9bd68b7296dd31524ba87d7eab
ZJ-SMB,2013,landsat8,LANDSAT/LC08/C02/T1_L2,True,NOT_APPLICABLE,SCENE_METADATA,25,25,0,0,117/040|118/040,LANDSAT_8,,10.0,13,2,autumn_v0|summer_v0,,1.0,NONE,QUERIED,2026-10-01T16:50:49Z,f1566909df964ad606f6dbded171fa8bbc940d8f64d4b9debfb3c102d3f85a2a
ZJ-SMB,2013,landsat9,LANDSAT/LC09/C02/T1_L2,False,NOT_APPLICABLE,SCENE_METADATA,0,0,0,0,,,,,0,0,,,,SENSOR_NOT_OPERATIONAL,NOT_QUERIED_OUTSIDE_OPERATIONAL_YEARS,2026-10-01T16:50:49Z,97c879fdf6cfd9baec568188993f708eb642a6dca6acc532145ae2f105f618ee
ZJ-SMB,2013,sentinel1,COPERNICUS/S1_GRD,False,NOT_APPLICABLE,SCENE_METADATA,0,0,0,0,,,,,0,0,,,,SENSOR_NOT_OPERATIONAL,NOT_QUERIED_OUTSIDE_OPERATIONAL_YEARS,2026-10-01T16:50:49Z,d405b1f827022d00d0280ed5922ed451c374db3c189a53175b0e6d5c0e3231ad
ZJ-SMB,2013,sentinel2,COPERNICUS/S2_SR_HARMONIZED,False,NOT_APPLICABLE,SCENE_METADATA,0,0,0,0,,,,,0,0,,,,SENSOR_NOT_OPERATIONAL,NOT_QUERIED_OUTSIDE_OPERATIONAL_YEARS,2026-10-01T16:50:49Z,19659dcb6acbca22f44dac64c8117dc4096d1f8ae3cc51fbe9505537f137b572
ZJ-SMB,2014,landsat5,LANDSAT/LT05/C02/T1_L2,False,NOT_APPLICABLE,SCENE_METADATA,0,0,0,0,,,,,0,0,,,,SENSOR_NOT_OPERATIONAL,NOT_QUERIED_OUTSIDE_OPERATIONAL_YEARS,2026-10-01T16:50:49Z,4127be0b3e09520494ad43f10bd36e3b2f5ff32fd34ee1b05198b185dee90b2a
ZJ-SMB,2014,landsat7,LANDSAT/LE07/C02/T1_L2,True,POST_SLC_FAILURE,SCENE_METADATA,33,33,0,0,117/040|118/040,LANDSAT_7,,12.0,18,1,autumn_v0,,1.0,NONE,QUERIED,2026-10-01T16:50:49Z,e56e4f90345d7b9229c2f058261b3fd11c24556cbcb5a4642b0cbb867e6b0062
ZJ-SMB,2014,landsat8,LANDSAT/LC08/C02/T1_L2,True,NOT_APPLICABLE,SCENE_METADATA,34,34,0,0,117/040|118/040,LANDSAT_8,,15.0,18,3,autumn_v0|summer_v0,,1.0,NONE,QUERIED,2026-10-01T16:50:49Z,324b518e560a2acbe2c60bb5fd2a3677f806a1e7075d1ad32045108c84947e99
ZJ-SMB,2014,landsat9,LANDSAT/LC09/C02/T1_L2,False,NOT_APPLICABLE,SCENE_METADATA,0,0,0,0,,,,,0,0,,,,SENSOR_NOT_OPERATIONAL,NOT_QUERIED_OUTSIDE_OPERATIONAL_YEARS,2026-10-01T16:50:49Z,526af2ce0262503d502296b9f0893f8664d5492c026f13fcebd7247729848c3a
ZJ-SMB,2014,sentinel1,COPERNICUS/S1_GRD,True,NOT_APPLICABLE,SCENE_METADATA,0,0,0,0,,,,,0,0,,,,NO_SCENES_FOUND,QUERIED,2026-10-01T16:50:49Z,f66de53879fcfa94f28d6f5d9c122114ab84a45fc821538eea24f9ce7316d35d
ZJ-SMB,2014,sentinel2,COPERNICUS/S2_SR_HARMONIZED,False,NOT_APPLICABLE,SCENE_METADATA,0,0,0,0,,,,,0,0,,,,SENSOR_NOT_OPERATIONAL,NOT_QUERIED_OUTSIDE_OPERATIONAL_YEARS,2026-10-01T16:50:49Z,4d39ea4a7896344bddb8b7db6c7d22e607331d4fce313c38f631acd28fcc52ef
ZJ-SMB,2015,landsat5,LANDSAT/LT05/C02/T1_L2,False,NOT_APPLICABLE,SCENE_METADATA,0,0,0,0,,,,,0,0,,,,SENSOR_NOT_OPERATIONAL,NOT_QUERIED_OUTSIDE_OPERATIONAL_YEARS,2026-10-01T16:50:49Z,2a0ab9a955c5a5de44063e33f1d084774cf592f79b8683712634bb32a4f7bdef
ZJ-SMB,2015,landsat7,LANDSAT/LE07/C02/T1_L2,True,POST_SLC_FAILURE,SCENE_METADATA,28,28,0,0,117/040|118/040,LANDSAT_7,,10.0,13,1,summer_v0,,1.0,NONE,QUERIED,2026-10-01T16:50:49Z,3e4e5a6351722a8256ad22c0475873462c5cf9e7ec03fa2252bd7ee64127c3ed
ZJ-SMB,2015,landsat8,LANDSAT/LC08/C02/T1_L2,True,NOT_APPLICABLE,SCENE_METADATA,26,26,0,0,117/040|118/040,LANDSAT_8,,8.0,17,0,,,1.0,NONE,QUERIED,2026-10-01T16:50:49Z,434872d84b8f9754a39facfec16bedd278c0d5528a55820be9809c70afa6ef15
ZJ-SMB,2015,landsat9,LANDSAT/LC09/C02/T1_L2,False,NOT_APPLICABLE,SCENE_METADATA,0,0,0,0,,,,,0,0,,,,SENSOR_NOT_OPERATIONAL,NOT_QUERIED_OUTSIDE_OPERATIONAL_YEARS,2026-10-01T16:50:49Z,54be9faa7a7b67325638c51a93a8c471e3408f649800ec92112c0409d00533cd
ZJ-SMB,2015,sentinel1,COPERNICUS/S1_GRD,True,NOT_APPLICABLE,SCENE_METADATA,25,24,21,4,,A,,,14,4,autumn_v0|summer_v0,,1.0,NONE,QUERIED,2026-10-01T16:50:49Z,ee88d81443029c8bb26279e0a6f21e85e5f20f2b8dab5e0d977f9a715881b3ef
ZJ-SMB,2015,sentinel2,COPERNICUS/S2_SR_HARMONIZED,False,NOT_APPLICABLE,SCENE_METADATA,0,0,0,0,,,,,0,0,,,,SENSOR_NOT_OPERATIONAL,NOT_QUERIED_OUTSIDE_OPERATIONAL_YEARS,2026-10-01T16:50:49Z,6c1c6f8e7723fe727ddb519d3fea90f11dbf6b51f3963f173a617b1ee82431fb
ZJ-SMB,2016,landsat5,LANDSAT/LT05/C02/T1_L2,False,NOT_APPLICABLE,SCENE_METADATA,0,0,0,0,,,,,0,0,,,,SENSOR_NOT_OPERATIONAL,NOT_QUERIED_OUTSIDE_OPERATIONAL_YEARS,2026-10-01T16:50:49Z,d2a5592285a1439a2c2fe210f110dce5eaf7554443bf7321dbc1a0568d9cf1d9
ZJ-SMB,2016,landsat7,LANDSAT/LE07/C02/T1_L2,True,POST_SLC_FAILURE,SCENE_METADATA,25,25,0,0,117/040|118/040,LANDSAT_7,,9.0,14,1,summer_v0,,1.0,NONE,QUERIED,2026-10-01T16:50:49Z,b6e0db9b1f72c5b9d15a05897b6563f35abb7f21f16e69ec14bc0d18629825fa
ZJ-SMB,2016,landsat8,LANDSAT/LC08/C02/T1_L2,True,NOT_APPLICABLE,SCENE_METADATA,29,29,0,0,117/040|118/040,LANDSAT_8,,12.0,15,1,summer_v0,,1.0,NONE,QUERIED,2026-10-01T16:50:49Z,7ddcb89f5d5bf96e6d259e96d918118e60f1b8c3da65cf3adf28ef041007f8bb
ZJ-SMB,2016,landsat9,LANDSAT/LC09/C02/T1_L2,False,NOT_APPLICABLE,SCENE_METADATA,0,0,0,0,,,,,0,0,,,,SENSOR_NOT_OPERATIONAL,NOT_QUERIED_OUTSIDE_OPERATIONAL_YEARS,2026-10-01T16:50:49Z,20a70730b0cf66cfe967ff22ff9f79c820c288dbb3d27f141e138ea6966305d3
ZJ-SMB,2016,sentinel1,COPERNICUS/S1_GRD,True,NOT_APPLICABLE,SCENE_METADATA,40,37,40,0,,A|B,,,18,5,autumn_v0|summer_v0,,1.0,NONE,QUERIED,2026-10-01T16:50:49Z,7fd1c9773e39494fb1835911327d80edf6852375a947b34162fb887bd7031f4d
ZJ-SMB,2016,sentinel2,COPERNICUS/S2_SR_HARMONIZED,False,NOT_APPLICABLE,SCENE_METADATA,0,0,0,0,,,,,0,0,,,,SENSOR_NOT_OPERATIONAL,NOT_QUERIED_OUTSIDE_OPERATIONAL_YEARS,2026-10-01T16:50:49Z,e1786ec99b0d5397cf52491a3d6b83a74680c1e475dd741de7fc2f219c444fd8
ZJ-SMB,2017,landsat5,LANDSAT/LT05/C02/T1_L2,False,NOT_APPLICABLE,SCENE_METADATA,0,0,0,0,,,,,0,0,,,,SENSOR_NOT_OPERATIONAL,NOT_QUERIED_OUTSIDE_OPERATIONAL_YEARS,2026-10-01T16:50:49Z,1da43b69fd036e87eba619300340479b24da092d702ea32cc7c45d3de0a754d5
ZJ-SMB,2017,landsat7,LANDSAT/LE07/C02/T1_L2,True,POST_SLC_FAILURE,SCENE_METADATA,33,33,0,0,117/040|118/040,LANDSAT_7,,13.0,15,1,autumn_v0,,1.0,NONE,QUERIED,2026-10-01T16:50:49Z,5030fc1dd741666f53eba04f5b3028f87f05c0d28c323a1727bd9d3cfaa7e2c3
ZJ-SMB,2017,landsat8,LANDSAT/LC08/C02/T1_L2,True,NOT_APPLICABLE,SCENE_METADATA,29,29,0,0,117/040|118/040,LANDSAT_8,,15.0,15,3,autumn_v0|summer_v0,,1.0,NONE,QUERIED,2026-10-01T16:50:49Z,090331cf9e1622e1e4be9a623824b75db47d83f15e3445ae677dc8a14e95a1f6
ZJ-SMB,2017,landsat9,LANDSAT/LC09/C02/T1_L2,False,NOT_APPLICABLE,SCENE_METADATA,0,0,0,0,,,,,0,0,,,,SENSOR_NOT_OPERATIONAL,NOT_QUERIED_OUTSIDE_OPERATIONAL_YEARS,2026-10-01T16:50:49Z,ebcb67910a9753bc2a0cbaf327c1c6a29281fcf72e939417ec2d3ade0ef10295
ZJ-SMB,2017,sentinel1,COPERNICUS/S1_GRD,True,NOT_APPLICABLE,SCENE_METADATA,57,57,57,0,,A,,,27,8,autumn_v0|summer_v0,,1.0,NONE,QUERIED,2026-10-01T16:50:49Z,f059c626c9a9cc31c0be460582cca3c4ffa7b676141b20b32e825376f3d25a90
ZJ-SMB,2017,sentinel2,COPERNICUS/S2_SR_HARMONIZED,True,NOT_APPLICABLE,SCENE_METADATA,13,13,0,0,51RUN,Sentinel-2A|Sentinel-2B,05.00,13.0,7,1,autumn_v0,,1.0,NONE,QUERIED,2026-10-01T16:50:49Z,acae241d3ee10cf5c21cbbfd18cbc1ca580fb8ce5cd30fb487f7140266c5b286
ZJ-SMB,2018,landsat5,LANDSAT/LT05/C02/T1_L2,False,NOT_APPLICABLE,SCENE_METADATA,0,0,0,0,,,,,0,0,,,,SENSOR_NOT_OPERATIONAL,NOT_QUERIED_OUTSIDE_OPERATIONAL_YEARS,2026-10-01T16:50:49Z,cb3906a2516d9bb9b2f0433e1e83ed1aa83089a1964336ade610cb8abfb41856
ZJ-SMB,2018,landsat7,LANDSAT/LE07/C02/T1_L2,True,POST_SLC_FAILURE,SCENE_METADATA,28,28,0,0,117/040|118/040,LANDSAT_7,,8.0,14,1,autumn_v0,,1.0,NONE,QUERIED,2026-10-01T16:50:49Z,aaa3a65473f6ff9a111239524d2f2f11fbc51dcb0a3f464d49e2f64f63c0ea84
ZJ-SMB,2018,landsat8,LANDSAT/LC08/C02/T1_L2,True,NOT_APPLICABLE,SCENE_METADATA,30,30,0,0,117/040|118/040,LANDSAT_8,,14.0,15,2,autumn_v0|summer_v0,,1.0,NONE,QUERIED,2026-10-01T16:50:49Z,9bfb6e7895eba2ea04b8f99e796033fed31922c4c2bc51214b64f077b4f0f67b
ZJ-SMB,2018,landsat9,LANDSAT/LC09/C02/T1_L2,False,NOT_APPLICABLE,SCENE_METADATA,0,0,0,0,,,,,0,0,,,,SENSOR_NOT_OPERATIONAL,NOT_QUERIED_OUTSIDE_OPERATIONAL_YEARS,2026-10-01T16:50:49Z,f932c45bb727177d94ceb44b411e448954618a42c8076e2ed31c3d150314aedb
ZJ-SMB,2018,sentinel1,COPERNICUS/S1_GRD,True,NOT_APPLICABLE,SCENE_METADATA,62,61,61,1,,A,,,31,9,autumn_v0|summer_v0,,1.0,NONE,QUERIED,2026-10-01T16:50:49Z,06cb1d9cf6c99a214ef42c58054cbdccbbf0ca44833f32b79a20b3e7b775589b
ZJ-SMB,2018,sentinel2,COPERNICUS/S2_SR_HARMONIZED,True,NOT_APPLICABLE,SCENE_METADATA,15,15,0,0,51RUN,Sentinel-2A|Sentinel-2B,02.11|05.00,10.0,6,1,summer_v0,,1.0,NONE,QUERIED,2026-10-01T16:50:49Z,9a69a129f621cbdfb31248c8b1bb6b9f0dd5d9c08306738cfd60b846379b0534
ZJ-SMB,2019,landsat5,LANDSAT/LT05/C02/T1_L2,False,NOT_APPLICABLE,SCENE_METADATA,0,0,0,0,,,,,0,0,,,,SENSOR_NOT_OPERATIONAL,NOT_QUERIED_OUTSIDE_OPERATIONAL_YEARS,2026-10-01T16:50:49Z,bce162ecd892ebd3ab5330b64761b9021ad98b971c4edb67a6a8138bcf7918f5
ZJ-SMB,2019,landsat7,LANDSAT/LE07/C02/T1_L2,True,POST_SLC_FAILURE,SCENE_METADATA,25,25,0,0,117/040|118/040,LANDSAT_7,,15.0,13,2,autumn_v0,,1.0,NONE,QUERIED,2026-10-01T16:50:49Z,90934632425e1a516a37fe03cb239a4c8cb8b53ded02c2a5db54782111b89260
ZJ-SMB,2019,landsat8,LANDSAT/LC08/C02/T1_L2,True,NOT_APPLICABLE,SCENE_METADATA,37,37,0,0,117/040|118/040,LANDSAT_8,,18.0,19,1,summer_v0,,1.0,NONE,QUERIED,2026-10-01T16:50:49Z,7829654cd50f7e7d1bfcf07b15b3fa41d3803dbcbc9a2e5d2886dac37a5854dc
ZJ-SMB,2019,landsat9,LANDSAT/LC09/C02/T1_L2,False,NOT_APPLICABLE,SCENE_METADATA,0,0,0,0,,,,,0,0,,,,SENSOR_NOT_OPERATIONAL,NOT_QUERIED_OUTSIDE_OPERATIONAL_YEARS,2026-10-01T16:50:49Z,ab81d6492d5b4072eb0f5e9b906360b3c997725d58410f524a6b9bd396a4651e
ZJ-SMB,2019,sentinel1,COPERNICUS/S1_GRD,True,NOT_APPLICABLE,SCENE_METADATA,110,109,109,1,,A|B,,,54,15,autumn_v0|summer_v0,,1.0,NONE,QUERIED,2026-10-01T16:50:49Z,3c7bb893f68e6077d10be59427b969733d250d9fd901d8325cab96572d91d9c9
ZJ-SMB,2019,sentinel2,COPERNICUS/S2_SR_HARMONIZED,True,NOT_APPLICABLE,SCENE_METADATA,148,145,0,0,51RUN,Sentinel-2A|Sentinel-2B,02.11|02.12|02.13|05.00,40.0,71,5,autumn_v0|summer_v0,,1.0,NONE,QUERIED,2026-10-01T16:50:49Z,099d20044df0bc8777f7ee471d8bbdab42c23d6bedcd03d14f9a677af9628f6d
ZJ-SMB,2020,landsat5,LANDSAT/LT05/C02/T1_L2,False,NOT_APPLICABLE,SCENE_METADATA,0,0,0,0,,,,,0,0,,,,SENSOR_NOT_OPERATIONAL,NOT_QUERIED_OUTSIDE_OPERATIONAL_YEARS,2026-10-01T16:50:49Z,3d970061bdc1c5381a71d8cac957dfab5cb94534dffe8707ac71723bd08a68bd
ZJ-SMB,2020,landsat7,LANDSAT/LE07/C02/T1_L2,True,POST_SLC_FAILURE,SCENE_METADATA,28,28,0,0,117/040|118/040,LANDSAT_7,,14.0,16,2,autumn_v0,,1.0,NONE,QUERIED,2026-10-01T16:50:49Z,1cfd1fea9fffc4c9fcb9f0d526ef61d62f1eada48cbbf97253d41fc8261f0f3c
ZJ-SMB,2020,landsat8,LANDSAT/LC08/C02/T1_L2,True,NOT_APPLICABLE,SCENE_METADATA,28,28,0,0,117/040|118/040,LANDSAT_8,,7.0,15,0,,,1.0,NONE,QUERIED,2026-10-01T16:50:49Z,30bdfc66ddd20f71b97edee94cc8bba35c1e6a798365d02facf4b8eb7b7af2dc
ZJ-SMB,2020,landsat9,LANDSAT/LC09/C02/T1_L2,False,NOT_APPLICABLE,SCENE_METADATA,0,0,0,0,,,,,0,0,,,,SENSOR_NOT_OPERATIONAL,NOT_QUERIED_OUTSIDE_OPERATIONAL_YEARS,2026-10-01T16:50:49Z,e81635338da8cd559f8a2423c35e717e7f2634798cb67b383e8cf80fb7e45344
ZJ-SMB,2020,sentinel1,COPERNICUS/S1_GRD,True,NOT_APPLICABLE,SCENE_METADATA,94,93,94,0,,A|B,,,60,17,autumn_v0|summer_v0,,1.0,NONE,QUERIED,2026-10-01T16:50:49Z,d91ce08540c8548765e99879c287b743181a601449625c98a267ff2f30e131fe
ZJ-SMB,2020,sentinel2,COPERNICUS/S2_SR_HARMONIZED,True,NOT_APPLICABLE,SCENE_METADATA,147,146,0,0,51RUN,Sentinel-2A|Sentinel-2B,02.13|02.14|05.00|05.10,38.0,73,1,summer_v0,,1.0,NONE,QUERIED,2026-10-01T16:50:49Z,ae821159b5e8ff5d3873bc02a84192b6af0103667f3ce09eac0af40dbb0e318e
ZJ-SMB,2021,landsat5,LANDSAT/LT05/C02/T1_L2,False,NOT_APPLICABLE,SCENE_METADATA,0,0,0,0,,,,,0,0,,,,SENSOR_NOT_OPERATIONAL,NOT_QUERIED_OUTSIDE_OPERATIONAL_YEARS,2026-10-01T16:50:49Z,8cf14ec992301ed2a64a3527b8ca82fb2ca2e06b5cf5fd8c29f0d2d07d5242dc
ZJ-SMB,2021,landsat7,LANDSAT/LE07/C02/T1_L2,True,POST_SLC_FAILURE,SCENE_METADATA,23,23,0,0,117/040|118/040,LANDSAT_7,,9.0,11,1,autumn_v0,,1.0,NONE,QUERIED,2026-10-01T16:50:49Z,6dcb43da84305ec04f0bb7789ac200cb65041222f22d68e494422221924fd2a8
ZJ-SMB,2021,landsat8,LANDSAT/LC08/C02/T1_L2,True,NOT_APPLICABLE,SCENE_METADATA,29,29,0,0,117/040|118/040,LANDSAT_8,,7.0,17,1,autumn_v0,,1.0,NONE,QUERIED,2026-10-01T16:50:49Z,b8aa42b6afc45265dcf09896d7b93b26d8f6194063aa7f87943060ce553769fa
ZJ-SMB,2021,landsat9,LANDSAT/LC09/C02/T1_L2,False,NOT_APPLICABLE,SCENE_METADATA,0,0,0,0,,,,,0,0,,,,SENSOR_NOT_OPERATIONAL,NOT_QUERIED_OUTSIDE_OPERATIONAL_YEARS,2026-10-01T16:50:49Z,78cea5c8075fde0b9a7ff7bb980490dfda25d7751b96bb0d2c6fb666766d4f75
ZJ-SMB,2021,sentinel1,COPERNICUS/S1_GRD,True,NOT_APPLICABLE,SCENE_METADATA,92,90,90,2,,A|B,,,58,16,autumn_v0|summer_v0,,1.0,NONE,QUERIED,2026-10-01T16:50:49Z,8c3bef457d63fea2e581302a6bb54d7c333e5fce96de12e06cd13fc5259d12e3
ZJ-SMB,2021,sentinel2,COPERNICUS/S2_SR_HARMONIZED,True,NOT_APPLICABLE,SCENE_METADATA,149,145,0,0,51RUN,Sentinel-2A|Sentinel-2B,02.14|03.00|03.01|05.00|05.10,43.0,72,5,autumn_v0|summer_v0,,1.0,NONE,QUERIED,2026-10-01T16:50:49Z,f1a1e785e4ad2408c09b5bebbabcd6f1a3baab626af65a814cf37342be1535b2
ZJ-SMB,2022,landsat5,LANDSAT/LT05/C02/T1_L2,False,NOT_APPLICABLE,SCENE_METADATA,0,0,0,0,,,,,0,0,,,,SENSOR_NOT_OPERATIONAL,NOT_QUERIED_OUTSIDE_OPERATIONAL_YEARS,2026-10-01T16:50:49Z,96395146dfb6e94f36730ee2ac4074897241ba522e0313a003e4a4d8a6e459db
ZJ-SMB,2022,landsat7,LANDSAT/LE07/C02/T1_L2,True,POST_SLC_FAILURE,SCENE_METADATA,21,21,0,0,117/040|118/040,LANDSAT_7,,11.0,8,2,summer_v0,,1.0,NONE,QUERIED,2026-10-01T16:50:49Z,93fd7a94609d453c7ef56827f63f48c3649c35414654cd4c9b97dfa8fa506992
ZJ-SMB,2022,landsat8,LANDSAT/LC08/C02/T1_L2,True,NOT_APPLICABLE,SCENE_METADATA,30,30,0,0,117/040|118/040,LANDSAT_8,,12.0,15,1,summer_v0,,1.0,NONE,QUERIED,2026-10-01T16:50:49Z,263a0bd41ae3c4f89aba36e90c6406f8e3d24e2a0059837c50bc5cc62b5cec03
ZJ-SMB,2022,landsat9,LANDSAT/LC09/C02/T1_L2,True,NOT_APPLICABLE,SCENE_METADATA,25,25,0,0,117/040|118/040,LANDSAT_9,,17.0,13,3,autumn_v0|summer_v0,,1.0,NONE,QUERIED,2026-10-01T16:50:49Z,501a8c2f91b57c2485a74357c130c846f8c8ad2073c14a876588f629bb391680
ZJ-SMB,2022,sentinel1,COPERNICUS/S1_GRD,True,NOT_APPLICABLE,SCENE_METADATA,57,57,57,0,,A,,,30,10,autumn_v0|summer_v0,,1.0,NONE,QUERIED,2026-10-01T16:50:49Z,8767ec91781dc63bc33603465234f7ddaa1ee616bdd117d75108176acf6ce85c
ZJ-SMB,2022,sentinel2,COPERNICUS/S2_SR_HARMONIZED,True,NOT_APPLICABLE,SCENE_METADATA,147,146,0,0,51RUN,Sentinel-2A|Sentinel-2B,03.01|04.00|05.09|05.10,35.0,73,4,autumn_v0|summer_v0,,1.0,NONE,QUERIED,2026-10-01T16:50:49Z,53fe8c91d885381aef8d191afcffb3111a37c7219ff9d034aa5e76bf8e1ff5e8
ZJ-SMB,2023,landsat5,LANDSAT/LT05/C02/T1_L2,False,NOT_APPLICABLE,SCENE_METADATA,0,0,0,0,,,,,0,0,,,,SENSOR_NOT_OPERATIONAL,NOT_QUERIED_OUTSIDE_OPERATIONAL_YEARS,2026-10-01T16:50:49Z,638ac86eacfb9df0036a0dd04734859f0889ec21c6dafd9ff5f43b0ac6476858
ZJ-SMB,2023,landsat7,LANDSAT/LE07/C02/T1_L2,True,POST_SLC_FAILURE,SCENE_METADATA,24,24,0,0,117/040|118/040,LANDSAT_7,,12.0,14,1,autumn_v0,,1.0,NONE,QUERIED,2026-10-01T16:50:49Z,36db33eb2d73aca74c8ec89716950d5ff22f057b04fc5a0b00ce7e6d3500b967
ZJ-SMB,2023,landsat8,LANDSAT/LC08/C02/T1_L2,True,NOT_APPLICABLE,SCENE_METADATA,34,34,0,0,117/040|118/040,LANDSAT_8,,14.0,15,1,summer_v0,,1.0,NONE,QUERIED,2026-10-01T16:50:49Z,8a127d2c4e67d03a687be7c6c011933443323280e76393d4d612dcd1c36a0633
ZJ-SMB,2023,landsat9,LANDSAT/LC09/C02/T1_L2,True,NOT_APPLICABLE,SCENE_METADATA,31,31,0,0,117/040|118/040,LANDSAT_9,,17.0,19,1,autumn_v0,,1.0,NONE,QUERIED,2026-10-01T16:50:49Z,42630214eac15ad07c9ab853046e93f26049814ebb35481119c6da0aa8a242c1
ZJ-SMB,2023,sentinel1,COPERNICUS/S1_GRD,True,NOT_APPLICABLE,SCENE_METADATA,61,61,61,0,,A,,,31,9,autumn_v0|summer_v0,,1.0,NONE,QUERIED,2026-10-01T16:50:49Z,84ca9dbee93ab8cd1352c40b2e2144fd930d144dc1fbb90b4f38f75239d4c69e
ZJ-SMB,2023,sentinel2,COPERNICUS/S2_SR_HARMONIZED,True,NOT_APPLICABLE,SCENE_METADATA,150,146,0,0,51RUN,Sentinel-2A|Sentinel-2B,05.09|05.10,45.0,73,6,autumn_v0,,1.0,NONE,QUERIED,2026-10-01T16:50:49Z,c9adc6994fc1e6a82f39266ee43c000ebab81ad9178d74e4b93fb3ec07e5821e
ZJ-SMB,2024,landsat5,LANDSAT/LT05/C02/T1_L2,False,NOT_APPLICABLE,SCENE_METADATA,0,0,0,0,,,,,0,0,,,,SENSOR_NOT_OPERATIONAL,NOT_QUERIED_OUTSIDE_OPERATIONAL_YEARS,2026-10-01T16:50:49Z,c1a7ba0aad5cf7a45efb5abee5ad4b0e57964b40bc71ef11f20e2478589c34a6
ZJ-SMB,2024,landsat7,LANDSAT/LE07/C02/T1_L2,True,NOT_APPLICABLE,SCENE_METADATA,0,0,0,0,,,,0.0,0,0,,,,NO_SCENES_FOUND,QUERIED,2026-10-01T16:50:49Z,2c3f9db5a624f7117283956c3792513eb11356bb71e090c9bedbd88bff8bf0f3
ZJ-SMB,2024,landsat8,LANDSAT/LC08/C02/T1_L2,True,NOT_APPLICABLE,SCENE_METADATA,32,32,0,0,117/040|118/040,LANDSAT_8,,14.0,16,1,autumn_v0,,1.0,NONE,QUERIED,2026-10-01T16:50:49Z,dee3881ae7191a726e91b514e7ccfc660f0ce397a35ca1d896d2849709d7b942
ZJ-SMB,2024,landsat9,LANDSAT/LC09/C02/T1_L2,True,NOT_APPLICABLE,SCENE_METADATA,34,34,0,0,117/040|118/040,LANDSAT_9,,18.0,18,1,summer_v0,,1.0,NONE,QUERIED,2026-10-01T16:50:49Z,6bf084e5a2e1001badf456c055fe45ad136be827d51aa5dffc2ac772b486b853
ZJ-SMB,2024,sentinel1,COPERNICUS/S1_GRD,True,NOT_APPLICABLE,SCENE_METADATA,60,60,60,0,,A,,,30,9,autumn_v0|summer_v0,,1.0,NONE,QUERIED,2026-10-01T16:50:49Z,af981d972d10f09fc2a8fb579844f8ea51e11102cdb3a19b373d29e1b642443e
ZJ-SMB,2024,sentinel2,COPERNICUS/S2_SR_HARMONIZED,True,NOT_APPLICABLE,SCENE_METADATA,151,145,0,0,51RUN,Sentinel-2A|Sentinel-2B|Sentinel-2C,05.10|05.11|99.05,36.0,73,3,autumn_v0|summer_v0,,1.0,NONE,QUERIED,2026-10-01T16:50:49Z,904868b89d04ab0725290b248ed4fddd61224a3e6df6a3d4ffb9191b748f6139
ZJ-SMB,2025,landsat5,LANDSAT/LT05/C02/T1_L2,False,NOT_APPLICABLE,SCENE_METADATA,0,0,0,0,,,,,0,0,,,,SENSOR_NOT_OPERATIONAL,NOT_QUERIED_OUTSIDE_OPERATIONAL_YEARS,2026-10-01T16:50:49Z,931c32ac42ec6a14e1cb74f510b362ba360acbb7ddbd3683c81ce595e90621a9
ZJ-SMB,2025,landsat7,LANDSAT/LE07/C02/T1_L2,True,NOT_APPLICABLE,SCENE_METADATA,0,0,0,0,,,,0.0,0,0,,,,NO_SCENES_FOUND,QUERIED,2026-10-01T16:50:49Z,290c3c56f378e4f73b0c5bd3624c52c2b565d1f6aa8d3b294ba4eba0e31ccee7
ZJ-SMB,2025,landsat8,LANDSAT/LC08/C02/T1_L2,True,NOT_APPLICABLE,SCENE_METADATA,38,38,0,0,117/040|118/040,LANDSAT_8,,17.0,19,0,,,1.0,NONE,QUERIED,2026-10-01T16:50:49Z,2279a6f713474b12cb2a78c63b43abc379be7265a9945092463e004997c97d92
ZJ-SMB,2025,landsat9,LANDSAT/LC09/C02/T1_L2,True,NOT_APPLICABLE,SCENE_METADATA,33,33,0,0,117/040|118/040,LANDSAT_9,,18.0,17,1,autumn_v0,,1.0,NONE,QUERIED,2026-10-01T16:50:49Z,16f12e0e5c6ba0832e1795028d31a5ba06241034047188397594c0003b3b5437
ZJ-SMB,2025,sentinel1,COPERNICUS/S1_GRD,True,NOT_APPLICABLE,SCENE_METADATA,60,60,60,0,,A|C,,,31,9,autumn_v0|summer_v0,,1.0,NONE,QUERIED,2026-10-01T16:50:49Z,f8df7795455302aa076509817737b29c7d974925f9a7f535bb9e4528f4160ddd
ZJ-SMB,2025,sentinel2,COPERNICUS/S2_SR_HARMONIZED,True,NOT_APPLICABLE,SCENE_METADATA,168,155,0,0,51RUN,Sentinel-2A|Sentinel-2B|Sentinel-2C,05.11,61.0,82,5,autumn_v0|summer_v0,,1.0,NONE,QUERIED,2026-10-01T16:50:49Z,118aa766d72bf4f846b6deceac3a10b5dd961a6231ef4f17c64d1f41229134c2
ZJ-SMB,2026,landsat5,LANDSAT/LT05/C02/T1_L2,False,NOT_APPLICABLE,SCENE_METADATA,0,0,0,0,,,,,0,0,,,,SENSOR_NOT_OPERATIONAL,NOT_QUERIED_OUTSIDE_OPERATIONAL_YEARS,2026-10-01T16:50:49Z,4fea647e1001ae1e5cf77ae0a33a00bdbb699d5e9d2bdc65b148184205ec40a8
ZJ-SMB,2026,landsat7,LANDSAT/LE07/C02/T1_L2,True,NOT_APPLICABLE,SCENE_METADATA,0,0,0,0,,,,0.0,0,0,,,,NO_SCENES_FOUND,QUERIED,2026-10-01T16:50:49Z,f80cc0fc03f4079cd71d5d998b34a8fc8a0acc114957fcec3226a75edd66b3c3
ZJ-SMB,2026,landsat8,LANDSAT/LC08/C02/T1_L2,True,NOT_APPLICABLE,SCENE_METADATA,21,21,0,0,117/040|118/040,LANDSAT_8,,9.0,11,2,autumn_v0|summer_v0,,1.0,NONE,QUERIED,2026-10-01T16:50:49Z,559a4bfcdc7f9bf29a5ba9780311338a9f9df0dae3dfd828689b18ae0694840b
ZJ-SMB,2026,landsat9,LANDSAT/LC09/C02/T1_L2,True,NOT_APPLICABLE,SCENE_METADATA,23,23,0,0,117/040|118/040,LANDSAT_9,,10.0,11,2,autumn_v0|summer_v0,,1.0,NONE,QUERIED,2026-10-01T16:50:49Z,23b699aa3d7e6afcf0e9dcfce8f6c2beda9f476b5fb7842149ba5537b4913058
ZJ-SMB,2026,sentinel1,COPERNICUS/S1_GRD,True,NOT_APPLICABLE,SCENE_METADATA,46,45,46,0,,A|C|D,,,22,7,autumn_v0|summer_v0,,1.0,NONE,QUERIED,2026-10-01T16:50:49Z,e0824a58a423647f93c78329f0526d9bb7af4a2812f0e7e701fd7bdc0bfa6f9a
ZJ-SMB,2026,sentinel2,COPERNICUS/S2_SR_HARMONIZED,True,NOT_APPLICABLE,SCENE_METADATA,132,120,0,0,51RUN,Sentinel-2A|Sentinel-2B|Sentinel-2C,05.11|05.12|05.13,39.0,65,6,autumn_v0|summer_v0,,1.0,NONE,QUERIED,2026-10-01T16:50:49Z,27d67dae3fa634cf24e3b23af019036006b780eebc79dc098920dcc30719b538
ZJ-YQB,1985,landsat5,LANDSAT/LT05/C02/T1_L2,True,NOT_APPLICABLE,SCENE_METADATA,7,6,0,0,118/040|118/041,LANDSAT_5,,4.0,0,0,,,0.770751,NO_QUALITY_SCENES,QUERIED,2026-10-01T16:50:49Z,4dc567acc106a479b0ddacb36693318fb9bdc1979853c30872459903886ff356
ZJ-YQB,1985,landsat7,LANDSAT/LE07/C02/T1_L2,False,PRE_SLC_FAILURE,SCENE_METADATA,0,0,0,0,,,,,0,0,,,,SENSOR_NOT_OPERATIONAL,NOT_QUERIED_OUTSIDE_OPERATIONAL_YEARS,2026-10-01T16:50:49Z,7c23dab42e7242727e1d59c505dc858fd76677bb04de074a7f8ed29e301fa0d9
ZJ-YQB,1985,landsat8,LANDSAT/LC08/C02/T1_L2,False,NOT_APPLICABLE,SCENE_METADATA,0,0,0,0,,,,,0,0,,,,SENSOR_NOT_OPERATIONAL,NOT_QUERIED_OUTSIDE_OPERATIONAL_YEARS,2026-10-01T16:50:49Z,edc4778d8b17c7219de23bfa66955e4668935e6916eece0cd8737532f5956869
ZJ-YQB,1985,landsat9,LANDSAT/LC09/C02/T1_L2,False,NOT_APPLICABLE,SCENE_METADATA,0,0,0,0,,,,,0,0,,,,SENSOR_NOT_OPERATIONAL,NOT_QUERIED_OUTSIDE_OPERATIONAL_YEARS,2026-10-01T16:50:49Z,b8d816f5a126077306d16c15ac1d7554f28e502463c8578be4e0987272186462
ZJ-YQB,1985,sentinel1,COPERNICUS/S1_GRD,False,NOT_APPLICABLE,SCENE_METADATA,0,0,0,0,,,,,0,0,,,,SENSOR_NOT_OPERATIONAL,NOT_QUERIED_OUTSIDE_OPERATIONAL_YEARS,2026-10-01T16:50:49Z,852f3db3b53d976592070b41a40afc15cfb5e1b3a3b7dd71ad37edfffe96adbe
ZJ-YQB,1985,sentinel2,COPERNICUS/S2_SR_HARMONIZED,False,NOT_APPLICABLE,SCENE_METADATA,0,0,0,0,,,,,0,0,,,,SENSOR_NOT_OPERATIONAL,NOT_QUERIED_OUTSIDE_OPERATIONAL_YEARS,2026-10-01T16:50:49Z,3a2795dea9aadf2452206b6a3d0fe2688b7468dab6389fc1d4bff1e223ee2d8e
ZJ-YQB,1986,landsat5,LANDSAT/LT05/C02/T1_L2,True,NOT_APPLICABLE,SCENE_METADATA,18,12,0,0,118/040|118/041,LANDSAT_5,,10.0,0,0,,,0.789601,NO_QUALITY_SCENES,QUERIED,2026-10-01T16:50:49Z,c2d2d1ca90bfea7e2256ffb7869b375e3a1a0e582f3bce417b0f1cec149d9d48
ZJ-YQB,1986,landsat7,LANDSAT/LE07/C02/T1_L2,False,PRE_SLC_FAILURE,SCENE_METADATA,0,0,0,0,,,,,0,0,,,,SENSOR_NOT_OPERATIONAL,NOT_QUERIED_OUTSIDE_OPERATIONAL_YEARS,2026-10-01T16:50:49Z,1a363edfb7eff6a784c2ea38339ec27ce730db53d230ddf359b45a924e2e056c
ZJ-YQB,1986,landsat8,LANDSAT/LC08/C02/T1_L2,False,NOT_APPLICABLE,SCENE_METADATA,0,0,0,0,,,,,0,0,,,,SENSOR_NOT_OPERATIONAL,NOT_QUERIED_OUTSIDE_OPERATIONAL_YEARS,2026-10-01T16:50:49Z,1eb1e0fa4b7749a62da58bd58ed258fffa559c0d9c2f9c1f5bdb924a5a5468e4
ZJ-YQB,1986,landsat9,LANDSAT/LC09/C02/T1_L2,False,NOT_APPLICABLE,SCENE_METADATA,0,0,0,0,,,,,0,0,,,,SENSOR_NOT_OPERATIONAL,NOT_QUERIED_OUTSIDE_OPERATIONAL_YEARS,2026-10-01T16:50:49Z,ea532e9f5ef69abb203ef87f82cfdc8fbd17b5efe40d5260271c8be61b9c9243
ZJ-YQB,1986,sentinel1,COPERNICUS/S1_GRD,False,NOT_APPLICABLE,SCENE_METADATA,0,0,0,0,,,,,0,0,,,,SENSOR_NOT_OPERATIONAL,NOT_QUERIED_OUTSIDE_OPERATIONAL_YEARS,2026-10-01T16:50:49Z,fa975cd271cfd1613a17911bb316e31a2ba4a5062c5c7e460becbb26f640e7cf
ZJ-YQB,1986,sentinel2,COPERNICUS/S2_SR_HARMONIZED,False,NOT_APPLICABLE,SCENE_METADATA,0,0,0,0,,,,,0,0,,,,SENSOR_NOT_OPERATIONAL,NOT_QUERIED_OUTSIDE_OPERATIONAL_YEARS,2026-10-01T16:50:49Z,48b783e40c8e20ed03677fd1d3ebd84f839a7e5f569d42cabc4c9becd9501289
ZJ-YQB,1987,landsat5,LANDSAT/LT05/C02/T1_L2,True,NOT_APPLICABLE,SCENE_METADATA,30,17,0,0,118/040|118/041,LANDSAT_5,,13.0,0,0,,,0.782127,NO_QUALITY_SCENES,QUERIED,2026-10-01T16:50:49Z,721a2f1e1b85de8925e74d122cd7098cd68f6483dc6aa16d703cdcf8887aaada
ZJ-YQB,1987,landsat7,LANDSAT/LE07/C02/T1_L2,False,PRE_SLC_FAILURE,SCENE_METADATA,0,0,0,0,,,,,0,0,,,,SENSOR_NOT_OPERATIONAL,NOT_QUERIED_OUTSIDE_OPERATIONAL_YEARS,2026-10-01T16:50:49Z,a703428d1befe5a95c4ad376fad42c21471ba7dd9fdc30d31472bc7256e619d6
ZJ-YQB,1987,landsat8,LANDSAT/LC08/C02/T1_L2,False,NOT_APPLICABLE,SCENE_METADATA,0,0,0,0,,,,,0,0,,,,SENSOR_NOT_OPERATIONAL,NOT_QUERIED_OUTSIDE_OPERATIONAL_YEARS,2026-10-01T16:50:49Z,787780d5f37e14459080bf094c9ac1971aa69910d6c25ca0c8574770bbb4bcb6
ZJ-YQB,1987,landsat9,LANDSAT/LC09/C02/T1_L2,False,NOT_APPLICABLE,SCENE_METADATA,0,0,0,0,,,,,0,0,,,,SENSOR_NOT_OPERATIONAL,NOT_QUERIED_OUTSIDE_OPERATIONAL_YEARS,2026-10-01T16:50:49Z,4cbc0258a12ea2b5cd696c46ff6316ea925c0f215c9209ff3deb83ab32e3b0e2
ZJ-YQB,1987,sentinel1,COPERNICUS/S1_GRD,False,NOT_APPLICABLE,SCENE_METADATA,0,0,0,0,,,,,0,0,,,,SENSOR_NOT_OPERATIONAL,NOT_QUERIED_OUTSIDE_OPERATIONAL_YEARS,2026-10-01T16:50:49Z,e576e34865ffb245b809d731389fd1c499406b4d3d1334de5571eb1a6afa4323
ZJ-YQB,1987,sentinel2,COPERNICUS/S2_SR_HARMONIZED,False,NOT_APPLICABLE,SCENE_METADATA,0,0,0,0,,,,,0,0,,,,SENSOR_NOT_OPERATIONAL,NOT_QUERIED_OUTSIDE_OPERATIONAL_YEARS,2026-10-01T16:50:49Z,f443a880425a7f13394936bddb2401f8f59e49012f214e55689c6544846d02fd
ZJ-YQB,1988,landsat5,LANDSAT/LT05/C02/T1_L2,True,NOT_APPLICABLE,SCENE_METADATA,26,15,0,0,118/040|118/041,LANDSAT_5,,15.0,0,0,,,0.794224,NO_QUALITY_SCENES,QUERIED,2026-10-01T16:50:49Z,4de7b214da4f6c76d03911e7a11655f08114769fae9a652f2241cf48a7d5281c
ZJ-YQB,1988,landsat7,LANDSAT/LE07/C02/T1_L2,False,PRE_SLC_FAILURE,SCENE_METADATA,0,0,0,0,,,,,0,0,,,,SENSOR_NOT_OPERATIONAL,NOT_QUERIED_OUTSIDE_OPERATIONAL_YEARS,2026-10-01T16:50:49Z,35b64f08e9dd9dbd3f01eca550cce806cc4b45a330f42a6e599da54535cfa124
ZJ-YQB,1988,landsat8,LANDSAT/LC08/C02/T1_L2,False,NOT_APPLICABLE,SCENE_METADATA,0,0,0,0,,,,,0,0,,,,SENSOR_NOT_OPERATIONAL,NOT_QUERIED_OUTSIDE_OPERATIONAL_YEARS,2026-10-01T16:50:49Z,547ee456afa57f81f492c4d8f89b985db22dfc54354419dffb46f28d6983f863
ZJ-YQB,1988,landsat9,LANDSAT/LC09/C02/T1_L2,False,NOT_APPLICABLE,SCENE_METADATA,0,0,0,0,,,,,0,0,,,,SENSOR_NOT_OPERATIONAL,NOT_QUERIED_OUTSIDE_OPERATIONAL_YEARS,2026-10-01T16:50:49Z,4a0d715e8d472a28260717f309d936bac005b2b0674b3b516da01935330afb34
ZJ-YQB,1988,sentinel1,COPERNICUS/S1_GRD,False,NOT_APPLICABLE,SCENE_METADATA,0,0,0,0,,,,,0,0,,,,SENSOR_NOT_OPERATIONAL,NOT_QUERIED_OUTSIDE_OPERATIONAL_YEARS,2026-10-01T16:50:49Z,4eeed2f10a8502ee4f0a12cd1e187f9874a792db91ee67681a22402ed4cd7367
ZJ-YQB,1988,sentinel2,COPERNICUS/S2_SR_HARMONIZED,False,NOT_APPLICABLE,SCENE_METADATA,0,0,0,0,,,,,0,0,,,,SENSOR_NOT_OPERATIONAL,NOT_QUERIED_OUTSIDE_OPERATIONAL_YEARS,2026-10-01T16:50:49Z,e2f9eda2191e3559ca434dd802f2c751c7eeb0922aed12ccd0782ab83ea30b74
ZJ-YQB,1989,landsat5,LANDSAT/LT05/C02/T1_L2,True,NOT_APPLICABLE,SCENE_METADATA,26,14,0,0,118/040|118/041,LANDSAT_5,,9.0,0,0,,,0.80678,NO_QUALITY_SCENES,QUERIED,2026-10-01T16:50:49Z,86fb671b90dbbd5396eaf0d7425cbaf353785d80aafaa3b6852f46d1ab003dda
ZJ-YQB,1989,landsat7,LANDSAT/LE07/C02/T1_L2,False,PRE_SLC_FAILURE,SCENE_METADATA,0,0,0,0,,,,,0,0,,,,SENSOR_NOT_OPERATIONAL,NOT_QUERIED_OUTSIDE_OPERATIONAL_YEARS,2026-10-01T16:50:49Z,8db3e08c42ed1227b398d79babf90fec2d3a70158b9c8c0cd1527bdd71e72568
ZJ-YQB,1989,landsat8,LANDSAT/LC08/C02/T1_L2,False,NOT_APPLICABLE,SCENE_METADATA,0,0,0,0,,,,,0,0,,,,SENSOR_NOT_OPERATIONAL,NOT_QUERIED_OUTSIDE_OPERATIONAL_YEARS,2026-10-01T16:50:49Z,a1160e8d8ba3bb244d523f28f2bcc46b21a90a3a3bd9fc7178362610fcbe6456
ZJ-YQB,1989,landsat9,LANDSAT/LC09/C02/T1_L2,False,NOT_APPLICABLE,SCENE_METADATA,0,0,0,0,,,,,0,0,,,,SENSOR_NOT_OPERATIONAL,NOT_QUERIED_OUTSIDE_OPERATIONAL_YEARS,2026-10-01T16:50:49Z,f8595a8dd719dcdc24066639e7db1fbe52a17d4ce327acfdb926937d333b6eeb
ZJ-YQB,1989,sentinel1,COPERNICUS/S1_GRD,False,NOT_APPLICABLE,SCENE_METADATA,0,0,0,0,,,,,0,0,,,,SENSOR_NOT_OPERATIONAL,NOT_QUERIED_OUTSIDE_OPERATIONAL_YEARS,2026-10-01T16:50:49Z,cbdebdd57e8064581daa02619b391e204281b803c055fa73259abc6be2baa97e
ZJ-YQB,1989,sentinel2,COPERNICUS/S2_SR_HARMONIZED,False,NOT_APPLICABLE,SCENE_METADATA,0,0,0,0,,,,,0,0,,,,SENSOR_NOT_OPERATIONAL,NOT_QUERIED_OUTSIDE_OPERATIONAL_YEARS,2026-10-01T16:50:49Z,1e77f47c11d40da30f32bd943900653d4c232213ab50c0d61b6dc780ff4e1340
ZJ-YQB,1990,landsat5,LANDSAT/LT05/C02/T1_L2,True,NOT_APPLICABLE,SCENE_METADATA,24,14,0,0,118/040|118/041,LANDSAT_5,,12.0,0,0,,,0.803263,NO_QUALITY_SCENES,QUERIED,2026-10-01T16:50:49Z,c956356fd37381186d227e4ce8b43346bd6da2d93134b649be8e8714b1bdafcf
ZJ-YQB,1990,landsat7,LANDSAT/LE07/C02/T1_L2,False,PRE_SLC_FAILURE,SCENE_METADATA,0,0,0,0,,,,,0,0,,,,SENSOR_NOT_OPERATIONAL,NOT_QUERIED_OUTSIDE_OPERATIONAL_YEARS,2026-10-01T16:50:49Z,67062e537377a8452c3c8e02ea28863c7f71039491ab6c08edcbe3bf99140425
ZJ-YQB,1990,landsat8,LANDSAT/LC08/C02/T1_L2,False,NOT_APPLICABLE,SCENE_METADATA,0,0,0,0,,,,,0,0,,,,SENSOR_NOT_OPERATIONAL,NOT_QUERIED_OUTSIDE_OPERATIONAL_YEARS,2026-10-01T16:50:49Z,804e60dfab97b61406ad880a0ef63df858684e2374ee4c296a9479cf5c003140
ZJ-YQB,1990,landsat9,LANDSAT/LC09/C02/T1_L2,False,NOT_APPLICABLE,SCENE_METADATA,0,0,0,0,,,,,0,0,,,,SENSOR_NOT_OPERATIONAL,NOT_QUERIED_OUTSIDE_OPERATIONAL_YEARS,2026-10-01T16:50:49Z,d986569f0c92b01ce2b6390775df39a768531a9ae205da4ad158a72739136dad
ZJ-YQB,1990,sentinel1,COPERNICUS/S1_GRD,False,NOT_APPLICABLE,SCENE_METADATA,0,0,0,0,,,,,0,0,,,,SENSOR_NOT_OPERATIONAL,NOT_QUERIED_OUTSIDE_OPERATIONAL_YEARS,2026-10-01T16:50:49Z,942d28ef4f3727965fbc5fa08a30bf5080ab22dce41b90b3433b56d67dc05e54
ZJ-YQB,1990,sentinel2,COPERNICUS/S2_SR_HARMONIZED,False,NOT_APPLICABLE,SCENE_METADATA,0,0,0,0,,,,,0,0,,,,SENSOR_NOT_OPERATIONAL,NOT_QUERIED_OUTSIDE_OPERATIONAL_YEARS,2026-10-01T16:50:49Z,affc522fb6f08bdb780446a0b39ba5e6743a313b5a25ddbf788e2ee8708c2c47
ZJ-YQB,1991,landsat5,LANDSAT/LT05/C02/T1_L2,True,NOT_APPLICABLE,SCENE_METADATA,27,16,0,0,118/040|118/041,LANDSAT_5,,12.0,0,0,,,0.868821,NO_QUALITY_SCENES,QUERIED,2026-10-01T16:50:49Z,be414845d2ac732f8851ac4daae7cb22e9dfa983e98812bd0a09e7e582eebaa4
ZJ-YQB,1991,landsat7,LANDSAT/LE07/C02/T1_L2,False,PRE_SLC_FAILURE,SCENE_METADATA,0,0,0,0,,,,,0,0,,,,SENSOR_NOT_OPERATIONAL,NOT_QUERIED_OUTSIDE_OPERATIONAL_YEARS,2026-10-01T16:50:49Z,00cdae9da4708c2db41d28d0551dafd03a0bb8fac037e1c19a09fbcbc236551d
ZJ-YQB,1991,landsat8,LANDSAT/LC08/C02/T1_L2,False,NOT_APPLICABLE,SCENE_METADATA,0,0,0,0,,,,,0,0,,,,SENSOR_NOT_OPERATIONAL,NOT_QUERIED_OUTSIDE_OPERATIONAL_YEARS,2026-10-01T16:50:49Z,dc51ccb6ca2a9a75c9108bf9e5e7c886196a51daffb399ddc71198df16b5619c
ZJ-YQB,1991,landsat9,LANDSAT/LC09/C02/T1_L2,False,NOT_APPLICABLE,SCENE_METADATA,0,0,0,0,,,,,0,0,,,,SENSOR_NOT_OPERATIONAL,NOT_QUERIED_OUTSIDE_OPERATIONAL_YEARS,2026-10-01T16:50:49Z,8e9e7e9ea37210cdff4bed15e7a9ef3d4e0de09fc7b14bed013342d2d583970b
ZJ-YQB,1991,sentinel1,COPERNICUS/S1_GRD,False,NOT_APPLICABLE,SCENE_METADATA,0,0,0,0,,,,,0,0,,,,SENSOR_NOT_OPERATIONAL,NOT_QUERIED_OUTSIDE_OPERATIONAL_YEARS,2026-10-01T16:50:49Z,ab7a5e5898f8cdeb954f852b4849dec78b3b47a9cd629002010d424b2c279b74
ZJ-YQB,1991,sentinel2,COPERNICUS/S2_SR_HARMONIZED,False,NOT_APPLICABLE,SCENE_METADATA,0,0,0,0,,,,,0,0,,,,SENSOR_NOT_OPERATIONAL,NOT_QUERIED_OUTSIDE_OPERATIONAL_YEARS,2026-10-01T16:50:49Z,8920944f52aa7a866b3d602a19e23c90891e7b7141d27fefa4f92ff9fe2c4443
ZJ-YQB,1992,landsat5,LANDSAT/LT05/C02/T1_L2,True,NOT_APPLICABLE,SCENE_METADATA,25,15,0,0,118/040|118/041,LANDSAT_5,,17.0,0,0,,,0.798292,NO_QUALITY_SCENES,QUERIED,2026-10-01T16:50:49Z,218c180878b8c57407af07f5ba2166874c9b11637e19a5c36e430d87e1ec1813
ZJ-YQB,1992,landsat7,LANDSAT/LE07/C02/T1_L2,False,PRE_SLC_FAILURE,SCENE_METADATA,0,0,0,0,,,,,0,0,,,,SENSOR_NOT_OPERATIONAL,NOT_QUERIED_OUTSIDE_OPERATIONAL_YEARS,2026-10-01T16:50:49Z,d0b9f8ea5702626e595c0f1d5f922ef199f673c10f2949a79c5afbcfa39682c9
ZJ-YQB,1992,landsat8,LANDSAT/LC08/C02/T1_L2,False,NOT_APPLICABLE,SCENE_METADATA,0,0,0,0,,,,,0,0,,,,SENSOR_NOT_OPERATIONAL,NOT_QUERIED_OUTSIDE_OPERATIONAL_YEARS,2026-10-01T16:50:49Z,38d29fb59af530f71e87a9183e2289f265f6ec7424362f34dd5d8a383bc8e353
ZJ-YQB,1992,landsat9,LANDSAT/LC09/C02/T1_L2,False,NOT_APPLICABLE,SCENE_METADATA,0,0,0,0,,,,,0,0,,,,SENSOR_NOT_OPERATIONAL,NOT_QUERIED_OUTSIDE_OPERATIONAL_YEARS,2026-10-01T16:50:49Z,b5914c282bf315ca489c64bf7e7a7263e7dbebd0ae12ef35dfc1f27305fce6c3
ZJ-YQB,1992,sentinel1,COPERNICUS/S1_GRD,False,NOT_APPLICABLE,SCENE_METADATA,0,0,0,0,,,,,0,0,,,,SENSOR_NOT_OPERATIONAL,NOT_QUERIED_OUTSIDE_OPERATIONAL_YEARS,2026-10-01T16:50:49Z,da324dfc58d7ae8bfac4d37bb5b50111d31003afb11b79e1380786f9a28f1fa7
ZJ-YQB,1992,sentinel2,COPERNICUS/S2_SR_HARMONIZED,False,NOT_APPLICABLE,SCENE_METADATA,0,0,0,0,,,,,0,0,,,,SENSOR_NOT_OPERATIONAL,NOT_QUERIED_OUTSIDE_OPERATIONAL_YEARS,2026-10-01T16:50:49Z,51bafa92cfdd2fcd6fb6636a94c721a89915ed2b1ed08949d3d267b06f1323ef
ZJ-YQB,1993,landsat5,LANDSAT/LT05/C02/T1_L2,True,NOT_APPLICABLE,SCENE_METADATA,23,14,0,0,118/040|118/041,LANDSAT_5,,10.0,0,0,,,0.804035,NO_QUALITY_SCENES,QUERIED,2026-10-01T16:50:49Z,3bb05c73a94209e7fe6f62ba916be6188e9860689cf1996e9028acdd151adfe9
ZJ-YQB,1993,landsat7,LANDSAT/LE07/C02/T1_L2,False,PRE_SLC_FAILURE,SCENE_METADATA,0,0,0,0,,,,,0,0,,,,SENSOR_NOT_OPERATIONAL,NOT_QUERIED_OUTSIDE_OPERATIONAL_YEARS,2026-10-01T16:50:49Z,992c6638ff603768a1fe3c89d9d6901a7029fa832ba9d6b4e79b8d7bf77ea0ca
ZJ-YQB,1993,landsat8,LANDSAT/LC08/C02/T1_L2,False,NOT_APPLICABLE,SCENE_METADATA,0,0,0,0,,,,,0,0,,,,SENSOR_NOT_OPERATIONAL,NOT_QUERIED_OUTSIDE_OPERATIONAL_YEARS,2026-10-01T16:50:49Z,0a38442980e22e96eacdfd6c5a1ca55d3c526a38327eb89a25248da93ae9c568
ZJ-YQB,1993,landsat9,LANDSAT/LC09/C02/T1_L2,False,NOT_APPLICABLE,SCENE_METADATA,0,0,0,0,,,,,0,0,,,,SENSOR_NOT_OPERATIONAL,NOT_QUERIED_OUTSIDE_OPERATIONAL_YEARS,2026-10-01T16:50:49Z,11e51b9be92a60be16985d6aa0b68606ade1bc45e90eae8da6a8d8952cf5f72a
ZJ-YQB,1993,sentinel1,COPERNICUS/S1_GRD,False,NOT_APPLICABLE,SCENE_METADATA,0,0,0,0,,,,,0,0,,,,SENSOR_NOT_OPERATIONAL,NOT_QUERIED_OUTSIDE_OPERATIONAL_YEARS,2026-10-01T16:50:49Z,9e36852cba9f00234ffc6212f6f42428e59b1abe5e481b46e8747362f74b5ffd
ZJ-YQB,1993,sentinel2,COPERNICUS/S2_SR_HARMONIZED,False,NOT_APPLICABLE,SCENE_METADATA,0,0,0,0,,,,,0,0,,,,SENSOR_NOT_OPERATIONAL,NOT_QUERIED_OUTSIDE_OPERATIONAL_YEARS,2026-10-01T16:50:49Z,32a120d5a366194b2cbf20c557d207128df2a1e14796f317afb177a5f13a7d96
ZJ-YQB,1994,landsat5,LANDSAT/LT05/C02/T1_L2,True,NOT_APPLICABLE,SCENE_METADATA,28,16,0,0,118/040|118/041,LANDSAT_5,,12.0,0,0,,,0.804876,NO_QUALITY_SCENES,QUERIED,2026-10-01T16:50:49Z,38d6fc8632e6593bdc6a4b5ac265d379d26978fb3f0cd22488dbcd4552aea2a2
ZJ-YQB,1994,landsat7,LANDSAT/LE07/C02/T1_L2,False,PRE_SLC_FAILURE,SCENE_METADATA,0,0,0,0,,,,,0,0,,,,SENSOR_NOT_OPERATIONAL,NOT_QUERIED_OUTSIDE_OPERATIONAL_YEARS,2026-10-01T16:50:49Z,22cce25f56856ef404e15c8ee69893f226dfe32cebf274c1f805f5fbf8eda57d
ZJ-YQB,1994,landsat8,LANDSAT/LC08/C02/T1_L2,False,NOT_APPLICABLE,SCENE_METADATA,0,0,0,0,,,,,0,0,,,,SENSOR_NOT_OPERATIONAL,NOT_QUERIED_OUTSIDE_OPERATIONAL_YEARS,2026-10-01T16:50:49Z,cf02a4d912a5f52ceffcc65ed07e9ea8e9600075e612af60c49d6184ebe253c0
ZJ-YQB,1994,landsat9,LANDSAT/LC09/C02/T1_L2,False,NOT_APPLICABLE,SCENE_METADATA,0,0,0,0,,,,,0,0,,,,SENSOR_NOT_OPERATIONAL,NOT_QUERIED_OUTSIDE_OPERATIONAL_YEARS,2026-10-01T16:50:49Z,a72dd1f66bd542d0b1f07aef42d075899bb7679def9af0b154bfc4a7be013c81
ZJ-YQB,1994,sentinel1,COPERNICUS/S1_GRD,False,NOT_APPLICABLE,SCENE_METADATA,0,0,0,0,,,,,0,0,,,,SENSOR_NOT_OPERATIONAL,NOT_QUERIED_OUTSIDE_OPERATIONAL_YEARS,2026-10-01T16:50:49Z,8bb029856a724ded956d2e3307b67fadd3180d2c2250ff2d249808e4fdb416f9
ZJ-YQB,1994,sentinel2,COPERNICUS/S2_SR_HARMONIZED,False,NOT_APPLICABLE,SCENE_METADATA,0,0,0,0,,,,,0,0,,,,SENSOR_NOT_OPERATIONAL,NOT_QUERIED_OUTSIDE_OPERATIONAL_YEARS,2026-10-01T16:50:49Z,0ed497c989b33287ae664cdc4f149804fd97556fa3f804f3f64805d5ccbab262
ZJ-YQB,1995,landsat5,LANDSAT/LT05/C02/T1_L2,True,NOT_APPLICABLE,SCENE_METADATA,27,14,0,0,118/040|118/041,LANDSAT_5,,14.0,1,0,,,1.0,NONE,QUERIED,2026-10-01T16:50:49Z,57a296b54e6c484df7be4ad5d83fdf6017ea9b980293f7baf4e9ef3ae689ae5c
ZJ-YQB,1995,landsat7,LANDSAT/LE07/C02/T1_L2,False,PRE_SLC_FAILURE,SCENE_METADATA,0,0,0,0,,,,,0,0,,,,SENSOR_NOT_OPERATIONAL,NOT_QUERIED_OUTSIDE_OPERATIONAL_YEARS,2026-10-01T16:50:49Z,bd0f0ceb3c9615c106d6d2b222bfb2c92d9ff0bd1754d3ddfc50ed689a94dfb0
ZJ-YQB,1995,landsat8,LANDSAT/LC08/C02/T1_L2,False,NOT_APPLICABLE,SCENE_METADATA,0,0,0,0,,,,,0,0,,,,SENSOR_NOT_OPERATIONAL,NOT_QUERIED_OUTSIDE_OPERATIONAL_YEARS,2026-10-01T16:50:49Z,a8a24acf279db006b0dd8307445fb2e36a21b3f80d040bf21bf4bd9a27a77b6c
ZJ-YQB,1995,landsat9,LANDSAT/LC09/C02/T1_L2,False,NOT_APPLICABLE,SCENE_METADATA,0,0,0,0,,,,,0,0,,,,SENSOR_NOT_OPERATIONAL,NOT_QUERIED_OUTSIDE_OPERATIONAL_YEARS,2026-10-01T16:50:49Z,d4154d62f7d6b3a60bbb31eb95857189fc4756827fd9f45a71716d9d400cf981
ZJ-YQB,1995,sentinel1,COPERNICUS/S1_GRD,False,NOT_APPLICABLE,SCENE_METADATA,0,0,0,0,,,,,0,0,,,,SENSOR_NOT_OPERATIONAL,NOT_QUERIED_OUTSIDE_OPERATIONAL_YEARS,2026-10-01T16:50:49Z,9616da9d50bb28c32653b88fd8dade422874d98c6c96c6df8eb83750178ed901
ZJ-YQB,1995,sentinel2,COPERNICUS/S2_SR_HARMONIZED,False,NOT_APPLICABLE,SCENE_METADATA,0,0,0,0,,,,,0,0,,,,SENSOR_NOT_OPERATIONAL,NOT_QUERIED_OUTSIDE_OPERATIONAL_YEARS,2026-10-01T16:50:49Z,b500e6bfb1c3e12a891f68e10aa92cc1d302f51f366326c85513d1db987a5b13
ZJ-YQB,1996,landsat5,LANDSAT/LT05/C02/T1_L2,True,NOT_APPLICABLE,SCENE_METADATA,28,15,0,0,118/040|118/041,LANDSAT_5,,10.0,0,0,,,0.813784,NO_QUALITY_SCENES,QUERIED,2026-10-01T16:50:49Z,a545b9c9a5a8b0b996fdfedde427edcfdc3538bf300e6b7ac1bad25efce59a49
ZJ-YQB,1996,landsat7,LANDSAT/LE07/C02/T1_L2,False,PRE_SLC_FAILURE,SCENE_METADATA,0,0,0,0,,,,,0,0,,,,SENSOR_NOT_OPERATIONAL,NOT_QUERIED_OUTSIDE_OPERATIONAL_YEARS,2026-10-01T16:50:49Z,5b1f2aca009547bdd5c33acca47b09c585a84ca74711b89136f998078c9a68f4
ZJ-YQB,1996,landsat8,LANDSAT/LC08/C02/T1_L2,False,NOT_APPLICABLE,SCENE_METADATA,0,0,0,0,,,,,0,0,,,,SENSOR_NOT_OPERATIONAL,NOT_QUERIED_OUTSIDE_OPERATIONAL_YEARS,2026-10-01T16:50:49Z,619e23571aa442846f1e026c24dc0acf0af9d9af059f1f3ae058e7ff5757f94a
ZJ-YQB,1996,landsat9,LANDSAT/LC09/C02/T1_L2,False,NOT_APPLICABLE,SCENE_METADATA,0,0,0,0,,,,,0,0,,,,SENSOR_NOT_OPERATIONAL,NOT_QUERIED_OUTSIDE_OPERATIONAL_YEARS,2026-10-01T16:50:49Z,13e58abd6d0ff89db9ecda27c7cd956e70fb5c1d7484a1d72c42836bf9498145
ZJ-YQB,1996,sentinel1,COPERNICUS/S1_GRD,False,NOT_APPLICABLE,SCENE_METADATA,0,0,0,0,,,,,0,0,,,,SENSOR_NOT_OPERATIONAL,NOT_QUERIED_OUTSIDE_OPERATIONAL_YEARS,2026-10-01T16:50:49Z,c360b5ae532e129cf6520d94f5851c15cf10951e7550dd25e32eb1e65c175309
ZJ-YQB,1996,sentinel2,COPERNICUS/S2_SR_HARMONIZED,False,NOT_APPLICABLE,SCENE_METADATA,0,0,0,0,,,,,0,0,,,,SENSOR_NOT_OPERATIONAL,NOT_QUERIED_OUTSIDE_OPERATIONAL_YEARS,2026-10-01T16:50:49Z,552d5d6b6883d1dccc9d356d4cefc934312b755e91cfa37b53065eaee3268290
ZJ-YQB,1997,landsat5,LANDSAT/LT05/C02/T1_L2,True,NOT_APPLICABLE,SCENE_METADATA,29,17,0,0,118/040|118/041,LANDSAT_5,,10.0,0,0,,,0.81393,NO_QUALITY_SCENES,QUERIED,2026-10-01T16:50:49Z,6f44dae001b45e71daa47d1845bae037f1215e1dcc64d8fbc16c69e394a25604
ZJ-YQB,1997,landsat7,LANDSAT/LE07/C02/T1_L2,False,PRE_SLC_FAILURE,SCENE_METADATA,0,0,0,0,,,,,0,0,,,,SENSOR_NOT_OPERATIONAL,NOT_QUERIED_OUTSIDE_OPERATIONAL_YEARS,2026-10-01T16:50:49Z,3decbe85e34b82dc2eaccc71ff6df2ffb32c61576f7498e285086243e8fe76ae
ZJ-YQB,1997,landsat8,LANDSAT/LC08/C02/T1_L2,False,NOT_APPLICABLE,SCENE_METADATA,0,0,0,0,,,,,0,0,,,,SENSOR_NOT_OPERATIONAL,NOT_QUERIED_OUTSIDE_OPERATIONAL_YEARS,2026-10-01T16:50:49Z,076eb4d8ac4c1abf748afa14a9ecf686d8482a760ebf6257a50a01d4d1f738a9
ZJ-YQB,1997,landsat9,LANDSAT/LC09/C02/T1_L2,False,NOT_APPLICABLE,SCENE_METADATA,0,0,0,0,,,,,0,0,,,,SENSOR_NOT_OPERATIONAL,NOT_QUERIED_OUTSIDE_OPERATIONAL_YEARS,2026-10-01T16:50:49Z,525f89c57713b1b44e521d53085d574d8792bb2fa6acdd59e4de5773352f2545
ZJ-YQB,1997,sentinel1,COPERNICUS/S1_GRD,False,NOT_APPLICABLE,SCENE_METADATA,0,0,0,0,,,,,0,0,,,,SENSOR_NOT_OPERATIONAL,NOT_QUERIED_OUTSIDE_OPERATIONAL_YEARS,2026-10-01T16:50:49Z,ff965a9ce0975c2a1e53d61ecda31167caaf82198626a7c6e8f0af717122635c
ZJ-YQB,1997,sentinel2,COPERNICUS/S2_SR_HARMONIZED,False,NOT_APPLICABLE,SCENE_METADATA,0,0,0,0,,,,,0,0,,,,SENSOR_NOT_OPERATIONAL,NOT_QUERIED_OUTSIDE_OPERATIONAL_YEARS,2026-10-01T16:50:49Z,4d1313972ca5a98eee32ff78e9c973df44e08a613374dfcb372f23093f8033e7
ZJ-YQB,1998,landsat5,LANDSAT/LT05/C02/T1_L2,True,NOT_APPLICABLE,SCENE_METADATA,27,15,0,0,118/040|118/041,LANDSAT_5,,12.0,0,0,,,0.84109,NO_QUALITY_SCENES,QUERIED,2026-10-01T16:50:49Z,1b1a0f5a205efb68864dd64485633333e063a4221d5c2e055d2c967c7e8922da
ZJ-YQB,1998,landsat7,LANDSAT/LE07/C02/T1_L2,False,PRE_SLC_FAILURE,SCENE_METADATA,0,0,0,0,,,,,0,0,,,,SENSOR_NOT_OPERATIONAL,NOT_QUERIED_OUTSIDE_OPERATIONAL_YEARS,2026-10-01T16:50:49Z,a86eeefc04487cacd4fe8874124a53f3cf40824c0faf7772fed728f7261a10ab
ZJ-YQB,1998,landsat8,LANDSAT/LC08/C02/T1_L2,False,NOT_APPLICABLE,SCENE_METADATA,0,0,0,0,,,,,0,0,,,,SENSOR_NOT_OPERATIONAL,NOT_QUERIED_OUTSIDE_OPERATIONAL_YEARS,2026-10-01T16:50:49Z,bebb6a974eb1a3ee03b410efed6c68f92fac2efbd9c0716888fcaaeae08658fc
ZJ-YQB,1998,landsat9,LANDSAT/LC09/C02/T1_L2,False,NOT_APPLICABLE,SCENE_METADATA,0,0,0,0,,,,,0,0,,,,SENSOR_NOT_OPERATIONAL,NOT_QUERIED_OUTSIDE_OPERATIONAL_YEARS,2026-10-01T16:50:49Z,0cfc84e529eba419755917b254ea2bf9a7af82c5a3838a3f94e63d2146ed5e3c
ZJ-YQB,1998,sentinel1,COPERNICUS/S1_GRD,False,NOT_APPLICABLE,SCENE_METADATA,0,0,0,0,,,,,0,0,,,,SENSOR_NOT_OPERATIONAL,NOT_QUERIED_OUTSIDE_OPERATIONAL_YEARS,2026-10-01T16:50:49Z,9c7b73692c14dbf545d164b5b6a6061e8b36fd816a6b32e9f89aded0438599f5
ZJ-YQB,1998,sentinel2,COPERNICUS/S2_SR_HARMONIZED,False,NOT_APPLICABLE,SCENE_METADATA,0,0,0,0,,,,,0,0,,,,SENSOR_NOT_OPERATIONAL,NOT_QUERIED_OUTSIDE_OPERATIONAL_YEARS,2026-10-01T16:50:49Z,659b1110082976b4ad1d2e8889efed42b94fe61940909ffdf9d23ebce79737ad
ZJ-YQB,1999,landsat5,LANDSAT/LT05/C02/T1_L2,True,NOT_APPLICABLE,SCENE_METADATA,27,16,0,0,118/040|118/041,LANDSAT_5,,11.0,0,0,,,0.821714,NO_QUALITY_SCENES,QUERIED,2026-10-01T16:50:49Z,e1c0ac926352c60568da240bee734028c1486c8aee50eb4e9c270a4a1c4c41de
ZJ-YQB,1999,landsat7,LANDSAT/LE07/C02/T1_L2,True,PRE_SLC_FAILURE,SCENE_METADATA,5,3,0,0,118/040|118/041,LANDSAT_7,,4.0,0,0,,,0.798509,NO_QUALITY_SCENES,QUERIED,2026-10-01T16:50:49Z,c19c2b99bc873ac8a7ace569341a6f3c149b5c044f2813e6b4636ae8c4b181d5
ZJ-YQB,1999,landsat8,LANDSAT/LC08/C02/T1_L2,False,NOT_APPLICABLE,SCENE_METADATA,0,0,0,0,,,,,0,0,,,,SENSOR_NOT_OPERATIONAL,NOT_QUERIED_OUTSIDE_OPERATIONAL_YEARS,2026-10-01T16:50:49Z,ab917545d8725cb0b517049da5c555c4ccec30753bdb6a4437386d7decdc9649
ZJ-YQB,1999,landsat9,LANDSAT/LC09/C02/T1_L2,False,NOT_APPLICABLE,SCENE_METADATA,0,0,0,0,,,,,0,0,,,,SENSOR_NOT_OPERATIONAL,NOT_QUERIED_OUTSIDE_OPERATIONAL_YEARS,2026-10-01T16:50:49Z,0b20d58e9597d879269a966dc2543d75e389a6836b0317d8f9a325699e6cdf24
ZJ-YQB,1999,sentinel1,COPERNICUS/S1_GRD,False,NOT_APPLICABLE,SCENE_METADATA,0,0,0,0,,,,,0,0,,,,SENSOR_NOT_OPERATIONAL,NOT_QUERIED_OUTSIDE_OPERATIONAL_YEARS,2026-10-01T16:50:49Z,da5de871050f2845c09b3017d3475403c0cf1633c35a04505fbc5fe0bbd4b748
ZJ-YQB,1999,sentinel2,COPERNICUS/S2_SR_HARMONIZED,False,NOT_APPLICABLE,SCENE_METADATA,0,0,0,0,,,,,0,0,,,,SENSOR_NOT_OPERATIONAL,NOT_QUERIED_OUTSIDE_OPERATIONAL_YEARS,2026-10-01T16:50:49Z,d4830af54e9cc424050f404617099a4ee05bf59b8f7d428eb74c2f50912f7269
ZJ-YQB,2000,landsat5,LANDSAT/LT05/C02/T1_L2,True,NOT_APPLICABLE,SCENE_METADATA,32,17,0,0,118/040|118/041,LANDSAT_5,,7.0,0,0,,,0.920713,NO_QUALITY_SCENES,QUERIED,2026-10-01T16:50:49Z,9557db928604ee9e1f41c3dbee29ea0754f5598833bfd1c4ec0e7b510ef65499
ZJ-YQB,2000,landsat7,LANDSAT/LE07/C02/T1_L2,True,PRE_SLC_FAILURE,SCENE_METADATA,32,18,0,0,118/040|118/041,LANDSAT_7,,17.0,0,0,,,0.804534,NO_QUALITY_SCENES,QUERIED,2026-10-01T16:50:49Z,80629a4a580a10dd59f4a55647418cbfa6bd8ab8cbe27d432466975c40c8b685
ZJ-YQB,2000,landsat8,LANDSAT/LC08/C02/T1_L2,False,NOT_APPLICABLE,SCENE_METADATA,0,0,0,0,,,,,0,0,,,,SENSOR_NOT_OPERATIONAL,NOT_QUERIED_OUTSIDE_OPERATIONAL_YEARS,2026-10-01T16:50:49Z,fd0ed5b47dc7bf986db943a7e95191c2ea555f9790d186b75afbe8b9fd651030
ZJ-YQB,2000,landsat9,LANDSAT/LC09/C02/T1_L2,False,NOT_APPLICABLE,SCENE_METADATA,0,0,0,0,,,,,0,0,,,,SENSOR_NOT_OPERATIONAL,NOT_QUERIED_OUTSIDE_OPERATIONAL_YEARS,2026-10-01T16:50:49Z,71beed02bb584202a6940b057ed7dcf91818b2544702275f9dce24e44979e131
ZJ-YQB,2000,sentinel1,COPERNICUS/S1_GRD,False,NOT_APPLICABLE,SCENE_METADATA,0,0,0,0,,,,,0,0,,,,SENSOR_NOT_OPERATIONAL,NOT_QUERIED_OUTSIDE_OPERATIONAL_YEARS,2026-10-01T16:50:49Z,c1ceff1c35cb613b11dd055a9195ec7eb4d4fda64bcdacae51759362ba5ab504
ZJ-YQB,2000,sentinel2,COPERNICUS/S2_SR_HARMONIZED,False,NOT_APPLICABLE,SCENE_METADATA,0,0,0,0,,,,,0,0,,,,SENSOR_NOT_OPERATIONAL,NOT_QUERIED_OUTSIDE_OPERATIONAL_YEARS,2026-10-01T16:50:49Z,659a1bb44f5f04ad7d03a47beb62bce27a48ebb62780fe8e066ef1fc76ce34ea
ZJ-YQB,2001,landsat5,LANDSAT/LT05/C02/T1_L2,True,NOT_APPLICABLE,SCENE_METADATA,26,16,0,0,118/040|118/041,LANDSAT_5,,16.0,0,0,,,0.934066,NO_QUALITY_SCENES,QUERIED,2026-10-01T16:50:49Z,35a703d7229c4cf383a2f6795d4299e17600aba6e6975446b538c254300a1211
ZJ-YQB,2001,landsat7,LANDSAT/LE07/C02/T1_L2,True,PRE_SLC_FAILURE,SCENE_METADATA,39,20,0,0,118/040|118/041,LANDSAT_7,,14.0,0,0,,,0.822657,NO_QUALITY_SCENES,QUERIED,2026-10-01T16:50:49Z,ad17c4a3a35bd96ef88a93f6abfc869839bc06ee76f27343a4915e552668cc8e
ZJ-YQB,2001,landsat8,LANDSAT/LC08/C02/T1_L2,False,NOT_APPLICABLE,SCENE_METADATA,0,0,0,0,,,,,0,0,,,,SENSOR_NOT_OPERATIONAL,NOT_QUERIED_OUTSIDE_OPERATIONAL_YEARS,2026-10-01T16:50:49Z,ee4a96319c8b87ff0497d0a9dc679c3907a686a399c528cdc6f8a5534ede6ccd
ZJ-YQB,2001,landsat9,LANDSAT/LC09/C02/T1_L2,False,NOT_APPLICABLE,SCENE_METADATA,0,0,0,0,,,,,0,0,,,,SENSOR_NOT_OPERATIONAL,NOT_QUERIED_OUTSIDE_OPERATIONAL_YEARS,2026-10-01T16:50:49Z,86ca4aba4954a3a58c6620754d8f164547da4621c309ec358ae0b200e879c594
ZJ-YQB,2001,sentinel1,COPERNICUS/S1_GRD,False,NOT_APPLICABLE,SCENE_METADATA,0,0,0,0,,,,,0,0,,,,SENSOR_NOT_OPERATIONAL,NOT_QUERIED_OUTSIDE_OPERATIONAL_YEARS,2026-10-01T16:50:49Z,5f744b5da04da8bec31ac8df1855364fa870cb40acac8c052cb35d8146bf9676
ZJ-YQB,2001,sentinel2,COPERNICUS/S2_SR_HARMONIZED,False,NOT_APPLICABLE,SCENE_METADATA,0,0,0,0,,,,,0,0,,,,SENSOR_NOT_OPERATIONAL,NOT_QUERIED_OUTSIDE_OPERATIONAL_YEARS,2026-10-01T16:50:49Z,83db1b45996c822be1623b4476ebfecd0d0ac5234e971164356f8d02b746460e
ZJ-YQB,2002,landsat5,LANDSAT/LT05/C02/T1_L2,True,NOT_APPLICABLE,SCENE_METADATA,19,10,0,0,118/040|118/041,LANDSAT_5,,12.0,0,0,,,0.933551,NO_QUALITY_SCENES,QUERIED,2026-10-01T16:50:49Z,cb41d84b54c257a5c388d1b330cba162b00fdbb919cf2e7f2416151a93913724
ZJ-YQB,2002,landsat7,LANDSAT/LE07/C02/T1_L2,True,PRE_SLC_FAILURE,SCENE_METADATA,29,17,0,0,118/040|118/041,LANDSAT_7,,12.0,0,0,,,0.813587,NO_QUALITY_SCENES,QUERIED,2026-10-01T16:50:49Z,92a7e61fa8cc4072d684de9a00d385012b1816ef349d82424a5941024f494dfc
ZJ-YQB,2002,landsat8,LANDSAT/LC08/C02/T1_L2,False,NOT_APPLICABLE,SCENE_METADATA,0,0,0,0,,,,,0,0,,,,SENSOR_NOT_OPERATIONAL,NOT_QUERIED_OUTSIDE_OPERATIONAL_YEARS,2026-10-01T16:50:49Z,c7f8115fc5eaebbe5f10cfd2439b9ad1bef45fd5281d0f4e9f2f71098768beb5
ZJ-YQB,2002,landsat9,LANDSAT/LC09/C02/T1_L2,False,NOT_APPLICABLE,SCENE_METADATA,0,0,0,0,,,,,0,0,,,,SENSOR_NOT_OPERATIONAL,NOT_QUERIED_OUTSIDE_OPERATIONAL_YEARS,2026-10-01T16:50:49Z,8aa01298733e45eaa49491daac244ea20ba7efd4033142bbf13693bbf8d85af2
ZJ-YQB,2002,sentinel1,COPERNICUS/S1_GRD,False,NOT_APPLICABLE,SCENE_METADATA,0,0,0,0,,,,,0,0,,,,SENSOR_NOT_OPERATIONAL,NOT_QUERIED_OUTSIDE_OPERATIONAL_YEARS,2026-10-01T16:50:49Z,dbabf481732bf2b2911bb8dc106c7ddba8f3fd5a535e60083fb3329cd65ed873
ZJ-YQB,2002,sentinel2,COPERNICUS/S2_SR_HARMONIZED,False,NOT_APPLICABLE,SCENE_METADATA,0,0,0,0,,,,,0,0,,,,SENSOR_NOT_OPERATIONAL,NOT_QUERIED_OUTSIDE_OPERATIONAL_YEARS,2026-10-01T16:50:49Z,e8f5f6f530825c7bae7cc32d7b4e615043df81177de2e9b9c90367019eaf05a6
ZJ-YQB,2003,landsat5,LANDSAT/LT05/C02/T1_L2,True,NOT_APPLICABLE,SCENE_METADATA,27,14,0,0,118/040|118/041,LANDSAT_5,,10.0,0,0,,,0.914708,NO_QUALITY_SCENES,QUERIED,2026-10-01T16:50:49Z,f9ac817238fcd131b1aeec2c96f1e3a777905607eeae58158f2f3b361e6b57d9
ZJ-YQB,2003,landsat7,LANDSAT/LE07/C02/T1_L2,True,POST_SLC_FAILURE|PRE_SLC_FAILURE,SCENE_METADATA,20,11,0,0,118/040|118/041,LANDSAT_7,,15.0,0,0,,,0.814111,NO_QUALITY_SCENES,QUERIED,2026-10-01T16:50:49Z,8a65f172dacc8a591bf629e40bb6c3eda8ffdcc332c9621f1ea2135b4fbbcd0a
ZJ-YQB,2003,landsat8,LANDSAT/LC08/C02/T1_L2,False,NOT_APPLICABLE,SCENE_METADATA,0,0,0,0,,,,,0,0,,,,SENSOR_NOT_OPERATIONAL,NOT_QUERIED_OUTSIDE_OPERATIONAL_YEARS,2026-10-01T16:50:49Z,8b945155677d319a5e28e51fe7df4637490c3d601c494b964baa7eb4cd3f32e5
ZJ-YQB,2003,landsat9,LANDSAT/LC09/C02/T1_L2,False,NOT_APPLICABLE,SCENE_METADATA,0,0,0,0,,,,,0,0,,,,SENSOR_NOT_OPERATIONAL,NOT_QUERIED_OUTSIDE_OPERATIONAL_YEARS,2026-10-01T16:50:49Z,e1a8a969267aad2193fea4a7d60888cbbf404a11a4b176f672b61581cbdfc384
ZJ-YQB,2003,sentinel1,COPERNICUS/S1_GRD,False,NOT_APPLICABLE,SCENE_METADATA,0,0,0,0,,,,,0,0,,,,SENSOR_NOT_OPERATIONAL,NOT_QUERIED_OUTSIDE_OPERATIONAL_YEARS,2026-10-01T16:50:49Z,6f78d835dbc3e136e6e32010d08119ce0f958698e41e4dfcb1b40715c3f8930b
ZJ-YQB,2003,sentinel2,COPERNICUS/S2_SR_HARMONIZED,False,NOT_APPLICABLE,SCENE_METADATA,0,0,0,0,,,,,0,0,,,,SENSOR_NOT_OPERATIONAL,NOT_QUERIED_OUTSIDE_OPERATIONAL_YEARS,2026-10-01T16:50:49Z,98147cde498168b6e315634dd4297fb5396cfa63c44c4a240db7a5038a19fc92
ZJ-YQB,2004,landsat5,LANDSAT/LT05/C02/T1_L2,True,NOT_APPLICABLE,SCENE_METADATA,29,16,0,0,118/040|118/041,LANDSAT_5,,9.0,0,0,,,0.775778,NO_QUALITY_SCENES,QUERIED,2026-10-01T16:50:49Z,4e3391ca06775056a86ce7cc5b7be87b79cc565c50a219d88969626f12d5355a
ZJ-YQB,2004,landsat7,LANDSAT/LE07/C02/T1_L2,True,POST_SLC_FAILURE,SCENE_METADATA,30,16,0,0,118/040|118/041,LANDSAT_7,,15.0,0,0,,,0.813813,NO_QUALITY_SCENES,QUERIED,2026-10-01T16:50:49Z,bad54398be558007f9b43bc2816f7a679f84160ad4a6800c0b8d58fe4cd5e2e7
ZJ-YQB,2004,landsat8,LANDSAT/LC08/C02/T1_L2,False,NOT_APPLICABLE,SCENE_METADATA,0,0,0,0,,,,,0,0,,,,SENSOR_NOT_OPERATIONAL,NOT_QUERIED_OUTSIDE_OPERATIONAL_YEARS,2026-10-01T16:50:49Z,ee7c4aa19875efc4cb2b61bc48c2a302a91e8981e447a2ea3201f2b2462c885f
ZJ-YQB,2004,landsat9,LANDSAT/LC09/C02/T1_L2,False,NOT_APPLICABLE,SCENE_METADATA,0,0,0,0,,,,,0,0,,,,SENSOR_NOT_OPERATIONAL,NOT_QUERIED_OUTSIDE_OPERATIONAL_YEARS,2026-10-01T16:50:49Z,68611babe902b707e13d4edd163b68c2c56291bc6f445a007758857240efc843
ZJ-YQB,2004,sentinel1,COPERNICUS/S1_GRD,False,NOT_APPLICABLE,SCENE_METADATA,0,0,0,0,,,,,0,0,,,,SENSOR_NOT_OPERATIONAL,NOT_QUERIED_OUTSIDE_OPERATIONAL_YEARS,2026-10-01T16:50:49Z,6bb396b416883aad3b53e1dbedd923fcf296e7dce7f5b5ac8008e60206e2c8df
ZJ-YQB,2004,sentinel2,COPERNICUS/S2_SR_HARMONIZED,False,NOT_APPLICABLE,SCENE_METADATA,0,0,0,0,,,,,0,0,,,,SENSOR_NOT_OPERATIONAL,NOT_QUERIED_OUTSIDE_OPERATIONAL_YEARS,2026-10-01T16:50:49Z,e186086881558f951627e26ec3d8c2082c77153550e1cc699445aabb603e3989
ZJ-YQB,2005,landsat5,LANDSAT/LT05/C02/T1_L2,True,NOT_APPLICABLE,SCENE_METADATA,21,13,0,0,118/040|118/041,LANDSAT_5,,6.0,0,0,,,0.781246,NO_QUALITY_SCENES,QUERIED,2026-10-01T16:50:49Z,22e00562eb6a3fc04da8c2dd68ea3668c3c690df5ef691bbb5379b734698e7c9
ZJ-YQB,2005,landsat7,LANDSAT/LE07/C02/T1_L2,True,POST_SLC_FAILURE,SCENE_METADATA,28,17,0,0,118/040|118/041,LANDSAT_7,,11.0,0,0,,,0.82313,NO_QUALITY_SCENES,QUERIED,2026-10-01T16:50:49Z,6b64d2fe4a5edc19192320ee59d08c2889c2aa1406b114f0494b8602c2fe7d6f
ZJ-YQB,2005,landsat8,LANDSAT/LC08/C02/T1_L2,False,NOT_APPLICABLE,SCENE_METADATA,0,0,0,0,,,,,0,0,,,,SENSOR_NOT_OPERATIONAL,NOT_QUERIED_OUTSIDE_OPERATIONAL_YEARS,2026-10-01T16:50:49Z,99fee9e6370bfbd584e1a2b4efd597a5edcf06daf84aa64c464485d539be09e1
ZJ-YQB,2005,landsat9,LANDSAT/LC09/C02/T1_L2,False,NOT_APPLICABLE,SCENE_METADATA,0,0,0,0,,,,,0,0,,,,SENSOR_NOT_OPERATIONAL,NOT_QUERIED_OUTSIDE_OPERATIONAL_YEARS,2026-10-01T16:50:49Z,6d6327bc1fa166bbfaaab4ef2a0d00a752a649a5a8740fbae39721147045f782
ZJ-YQB,2005,sentinel1,COPERNICUS/S1_GRD,False,NOT_APPLICABLE,SCENE_METADATA,0,0,0,0,,,,,0,0,,,,SENSOR_NOT_OPERATIONAL,NOT_QUERIED_OUTSIDE_OPERATIONAL_YEARS,2026-10-01T16:50:49Z,483eae4f0021bde0a41a83bf9b4b5f7b5d35eab69ebc1d6811b8997e198cea09
ZJ-YQB,2005,sentinel2,COPERNICUS/S2_SR_HARMONIZED,False,NOT_APPLICABLE,SCENE_METADATA,0,0,0,0,,,,,0,0,,,,SENSOR_NOT_OPERATIONAL,NOT_QUERIED_OUTSIDE_OPERATIONAL_YEARS,2026-10-01T16:50:49Z,ae03bd1464998ca25aaeba768248eab9fff78576f657a7a3b24971f8edb61b2c
ZJ-YQB,2006,landsat5,LANDSAT/LT05/C02/T1_L2,True,NOT_APPLICABLE,SCENE_METADATA,28,15,0,0,118/040|118/041,LANDSAT_5,,12.0,0,0,,,0.776904,NO_QUALITY_SCENES,QUERIED,2026-10-01T16:50:49Z,980fb1a9de0731d6de3acaf05659f44a8022504aeb6b48e3fdc68f66ad7606fd
ZJ-YQB,2006,landsat7,LANDSAT/LE07/C02/T1_L2,True,POST_SLC_FAILURE,SCENE_METADATA,23,14,0,0,118/040|118/041,LANDSAT_7,,11.0,0,0,,,0.818754,NO_QUALITY_SCENES,QUERIED,2026-10-01T16:50:49Z,3738d571585d74eeb45f37c4d28ef4911729747c818f7a4827003d36b78950aa
ZJ-YQB,2006,landsat8,LANDSAT/LC08/C02/T1_L2,False,NOT_APPLICABLE,SCENE_METADATA,0,0,0,0,,,,,0,0,,,,SENSOR_NOT_OPERATIONAL,NOT_QUERIED_OUTSIDE_OPERATIONAL_YEARS,2026-10-01T16:50:49Z,5219e8af068e22c6524ea4914dc18b7f7af225fe850d8f90ec960997d00b1087
ZJ-YQB,2006,landsat9,LANDSAT/LC09/C02/T1_L2,False,NOT_APPLICABLE,SCENE_METADATA,0,0,0,0,,,,,0,0,,,,SENSOR_NOT_OPERATIONAL,NOT_QUERIED_OUTSIDE_OPERATIONAL_YEARS,2026-10-01T16:50:49Z,732458e256cad161a9ac469ce04aa7ad3c78a2b07875a9c39eaa0a35d62547ec
ZJ-YQB,2006,sentinel1,COPERNICUS/S1_GRD,False,NOT_APPLICABLE,SCENE_METADATA,0,0,0,0,,,,,0,0,,,,SENSOR_NOT_OPERATIONAL,NOT_QUERIED_OUTSIDE_OPERATIONAL_YEARS,2026-10-01T16:50:49Z,159bab38f60774ccf08534066ce0eab84c77cf5db4bfa357a5e504f0eddb507b
ZJ-YQB,2006,sentinel2,COPERNICUS/S2_SR_HARMONIZED,False,NOT_APPLICABLE,SCENE_METADATA,0,0,0,0,,,,,0,0,,,,SENSOR_NOT_OPERATIONAL,NOT_QUERIED_OUTSIDE_OPERATIONAL_YEARS,2026-10-01T16:50:49Z,561e34c479cd53a1f518d7daa3f3cbcf6bf543d8eaa9651df90e7a162f8e32c0
ZJ-YQB,2007,landsat5,LANDSAT/LT05/C02/T1_L2,True,NOT_APPLICABLE,SCENE_METADATA,27,15,0,0,118/040|118/041,LANDSAT_5,,10.0,0,0,,,0.785406,NO_QUALITY_SCENES,QUERIED,2026-10-01T16:50:49Z,1d5aa4f6f03e039022a5ad7fb17b94d905d6c5dae5f174b22af0113991cb7b19
ZJ-YQB,2007,landsat7,LANDSAT/LE07/C02/T1_L2,True,POST_SLC_FAILURE,SCENE_METADATA,25,15,0,0,118/040|118/041,LANDSAT_7,,13.0,0,0,,,0.818441,NO_QUALITY_SCENES,QUERIED,2026-10-01T16:50:49Z,34d5d105ba12542196d7b51e6e6f67089965164831354d151b23e3fb4b2325b0
ZJ-YQB,2007,landsat8,LANDSAT/LC08/C02/T1_L2,False,NOT_APPLICABLE,SCENE_METADATA,0,0,0,0,,,,,0,0,,,,SENSOR_NOT_OPERATIONAL,NOT_QUERIED_OUTSIDE_OPERATIONAL_YEARS,2026-10-01T16:50:49Z,ed155d33f78e25b235290a350453df5b46c78bc9a78a7733ef7eeca832f431cb
ZJ-YQB,2007,landsat9,LANDSAT/LC09/C02/T1_L2,False,NOT_APPLICABLE,SCENE_METADATA,0,0,0,0,,,,,0,0,,,,SENSOR_NOT_OPERATIONAL,NOT_QUERIED_OUTSIDE_OPERATIONAL_YEARS,2026-10-01T16:50:49Z,534915880a5e77ca68e05396d6db9550a656e5f8d73b934d6356cff2a9707d0f
ZJ-YQB,2007,sentinel1,COPERNICUS/S1_GRD,False,NOT_APPLICABLE,SCENE_METADATA,0,0,0,0,,,,,0,0,,,,SENSOR_NOT_OPERATIONAL,NOT_QUERIED_OUTSIDE_OPERATIONAL_YEARS,2026-10-01T16:50:49Z,910a9c7f81b8489bf8c5f9636cf08a2bfa39da839228a554c7767e9eea4e16ff
ZJ-YQB,2007,sentinel2,COPERNICUS/S2_SR_HARMONIZED,False,NOT_APPLICABLE,SCENE_METADATA,0,0,0,0,,,,,0,0,,,,SENSOR_NOT_OPERATIONAL,NOT_QUERIED_OUTSIDE_OPERATIONAL_YEARS,2026-10-01T16:50:49Z,a0b10a638d49d12d8a7c03a0d52da11fe9d1eb1e18e80a843e59704e34da8e13
ZJ-YQB,2008,landsat5,LANDSAT/LT05/C02/T1_L2,True,NOT_APPLICABLE,SCENE_METADATA,28,14,0,0,118/040|118/041,LANDSAT_5,,14.0,0,0,,,0.83293,NO_QUALITY_SCENES,QUERIED,2026-10-01T16:50:49Z,6cee267bb79573da204c6a495be9ead86d53e4f58fce410fe2b186bbdff8dddb
ZJ-YQB,2008,landsat7,LANDSAT/LE07/C02/T1_L2,True,POST_SLC_FAILURE,SCENE_METADATA,33,18,0,0,118/040|118/041,LANDSAT_7,,15.0,0,0,,,0.786189,NO_QUALITY_SCENES,QUERIED,2026-10-01T16:50:49Z,4200cc6c40694426f48516049f2f686bf66407e936d2964c77903e8f8f56caa3
ZJ-YQB,2008,landsat8,LANDSAT/LC08/C02/T1_L2,False,NOT_APPLICABLE,SCENE_METADATA,0,0,0,0,,,,,0,0,,,,SENSOR_NOT_OPERATIONAL,NOT_QUERIED_OUTSIDE_OPERATIONAL_YEARS,2026-10-01T16:50:49Z,f47a4871a3a5e4b9e86bec5a91d52f2730665f45cff8fcfcd091a017116c8abf
ZJ-YQB,2008,landsat9,LANDSAT/LC09/C02/T1_L2,False,NOT_APPLICABLE,SCENE_METADATA,0,0,0,0,,,,,0,0,,,,SENSOR_NOT_OPERATIONAL,NOT_QUERIED_OUTSIDE_OPERATIONAL_YEARS,2026-10-01T16:50:49Z,a31ac0155835a63963acaac7ac152a9894c7393b430348d7f9e7b1fa550a3685
ZJ-YQB,2008,sentinel1,COPERNICUS/S1_GRD,False,NOT_APPLICABLE,SCENE_METADATA,0,0,0,0,,,,,0,0,,,,SENSOR_NOT_OPERATIONAL,NOT_QUERIED_OUTSIDE_OPERATIONAL_YEARS,2026-10-01T16:50:49Z,8c035c8d7d1f16a2d3c37327ec5d015391dd7bb7b91feda4fbfac6f705f261b0
ZJ-YQB,2008,sentinel2,COPERNICUS/S2_SR_HARMONIZED,False,NOT_APPLICABLE,SCENE_METADATA,0,0,0,0,,,,,0,0,,,,SENSOR_NOT_OPERATIONAL,NOT_QUERIED_OUTSIDE_OPERATIONAL_YEARS,2026-10-01T16:50:49Z,57832fcc63cf2c5dfd06a547bb6a298b64d21d1e650a002ae07f10d374ac80f9
ZJ-YQB,2009,landsat5,LANDSAT/LT05/C02/T1_L2,True,NOT_APPLICABLE,SCENE_METADATA,26,15,0,0,118/040|118/041,LANDSAT_5,,14.0,0,0,,,0.785381,NO_QUALITY_SCENES,QUERIED,2026-10-01T16:50:49Z,444cb154576adf070a01c881f3e78f753df8c301576af468096e985e4cc7a707
ZJ-YQB,2009,landsat7,LANDSAT/LE07/C02/T1_L2,True,POST_SLC_FAILURE,SCENE_METADATA,23,14,0,0,118/040|118/041,LANDSAT_7,,11.0,0,0,,,0.792982,NO_QUALITY_SCENES,QUERIED,2026-10-01T16:50:49Z,559de380b9bab198261735af0ff08f01412bb09e8b9645e9eaf506b7910f9abc
ZJ-YQB,2009,landsat8,LANDSAT/LC08/C02/T1_L2,False,NOT_APPLICABLE,SCENE_METADATA,0,0,0,0,,,,,0,0,,,,SENSOR_NOT_OPERATIONAL,NOT_QUERIED_OUTSIDE_OPERATIONAL_YEARS,2026-10-01T16:50:49Z,25a92080cd927a646c3c3b200880ff2fc99aea0a0d7550fa661280c126f34cf4
ZJ-YQB,2009,landsat9,LANDSAT/LC09/C02/T1_L2,False,NOT_APPLICABLE,SCENE_METADATA,0,0,0,0,,,,,0,0,,,,SENSOR_NOT_OPERATIONAL,NOT_QUERIED_OUTSIDE_OPERATIONAL_YEARS,2026-10-01T16:50:49Z,a390f250151f886be04a68c37f577c2f9745f9ecb4390cdd2deebbbbb3065676
ZJ-YQB,2009,sentinel1,COPERNICUS/S1_GRD,False,NOT_APPLICABLE,SCENE_METADATA,0,0,0,0,,,,,0,0,,,,SENSOR_NOT_OPERATIONAL,NOT_QUERIED_OUTSIDE_OPERATIONAL_YEARS,2026-10-01T16:50:49Z,bf6378804f524ed1154ddc490aed66733a22b7d6b8bff490d70f284acd0c5b44
ZJ-YQB,2009,sentinel2,COPERNICUS/S2_SR_HARMONIZED,False,NOT_APPLICABLE,SCENE_METADATA,0,0,0,0,,,,,0,0,,,,SENSOR_NOT_OPERATIONAL,NOT_QUERIED_OUTSIDE_OPERATIONAL_YEARS,2026-10-01T16:50:49Z,31f5d9c27755e0a330f3a3e5cb96607690ab0b8b2e2f4765632367f47268fdfb
ZJ-YQB,2010,landsat5,LANDSAT/LT05/C02/T1_L2,True,NOT_APPLICABLE,SCENE_METADATA,24,13,0,0,118/040|118/041,LANDSAT_5,,15.0,0,0,,,0.810471,NO_QUALITY_SCENES,QUERIED,2026-10-01T16:50:49Z,04a1a06f059597f175be758bc82e7c80e771b8278bb7cf9ec62dbbbc18f240d2
ZJ-YQB,2010,landsat7,LANDSAT/LE07/C02/T1_L2,True,POST_SLC_FAILURE,SCENE_METADATA,27,16,0,0,118/040|118/041,LANDSAT_7,,15.0,0,0,,,0.793117,NO_QUALITY_SCENES,QUERIED,2026-10-01T16:50:49Z,02b4555cd5eaf843786a9f864ab5930bf2db199d736647a37388bae0606a4e20
ZJ-YQB,2010,landsat8,LANDSAT/LC08/C02/T1_L2,False,NOT_APPLICABLE,SCENE_METADATA,0,0,0,0,,,,,0,0,,,,SENSOR_NOT_OPERATIONAL,NOT_QUERIED_OUTSIDE_OPERATIONAL_YEARS,2026-10-01T16:50:49Z,7e4a81eff593008ba6c2fe370e1acde205fb7b19957b03ce496865c520478108
ZJ-YQB,2010,landsat9,LANDSAT/LC09/C02/T1_L2,False,NOT_APPLICABLE,SCENE_METADATA,0,0,0,0,,,,,0,0,,,,SENSOR_NOT_OPERATIONAL,NOT_QUERIED_OUTSIDE_OPERATIONAL_YEARS,2026-10-01T16:50:49Z,7c69163f1bf3d7f91cec3264da866719a862d66498d7e86630d7d83950e02400
ZJ-YQB,2010,sentinel1,COPERNICUS/S1_GRD,False,NOT_APPLICABLE,SCENE_METADATA,0,0,0,0,,,,,0,0,,,,SENSOR_NOT_OPERATIONAL,NOT_QUERIED_OUTSIDE_OPERATIONAL_YEARS,2026-10-01T16:50:49Z,213343a21081c022a1a2a8b9eb89350d07e8fab00301b35cc89bb7377e647aee
ZJ-YQB,2010,sentinel2,COPERNICUS/S2_SR_HARMONIZED,False,NOT_APPLICABLE,SCENE_METADATA,0,0,0,0,,,,,0,0,,,,SENSOR_NOT_OPERATIONAL,NOT_QUERIED_OUTSIDE_OPERATIONAL_YEARS,2026-10-01T16:50:49Z,cca3089e9302015cca772c4993cc0594c3c6e4b83cd48d021b72a67017870f2b
ZJ-YQB,2011,landsat5,LANDSAT/LT05/C02/T1_L2,True,NOT_APPLICABLE,SCENE_METADATA,20,11,0,0,118/040|118/041,LANDSAT_5,,8.0,0,0,,,0.77265,NO_QUALITY_SCENES,QUERIED,2026-10-01T16:50:49Z,c8c11cb0e1a5dfe5f07c1d650cee12d3877ad81561da5c34bebd964c7b3fa78b
ZJ-YQB,2011,landsat7,LANDSAT/LE07/C02/T1_L2,True,POST_SLC_FAILURE,SCENE_METADATA,24,13,0,0,118/040|118/041,LANDSAT_7,,17.0,0,0,,,0.795712,NO_QUALITY_SCENES,QUERIED,2026-10-01T16:50:49Z,dee130714d8455bbb5f4152b9e2a360300730632038cef02230bca02bb45ee09
ZJ-YQB,2011,landsat8,LANDSAT/LC08/C02/T1_L2,False,NOT_APPLICABLE,SCENE_METADATA,0,0,0,0,,,,,0,0,,,,SENSOR_NOT_OPERATIONAL,NOT_QUERIED_OUTSIDE_OPERATIONAL_YEARS,2026-10-01T16:50:49Z,c35bbc85e25b6fece516f800bbe62e7894bb649b183d760e1cd44c2e5ebbe295
ZJ-YQB,2011,landsat9,LANDSAT/LC09/C02/T1_L2,False,NOT_APPLICABLE,SCENE_METADATA,0,0,0,0,,,,,0,0,,,,SENSOR_NOT_OPERATIONAL,NOT_QUERIED_OUTSIDE_OPERATIONAL_YEARS,2026-10-01T16:50:49Z,9fcdb34d0cc9e0a9a6e298c9dfeec05ffe718fd46037741129e8fbc32f485509
ZJ-YQB,2011,sentinel1,COPERNICUS/S1_GRD,False,NOT_APPLICABLE,SCENE_METADATA,0,0,0,0,,,,,0,0,,,,SENSOR_NOT_OPERATIONAL,NOT_QUERIED_OUTSIDE_OPERATIONAL_YEARS,2026-10-01T16:50:49Z,175cc08b4e0433131780966871153483f9f2f161116feb968570a28b7172afd5
ZJ-YQB,2011,sentinel2,COPERNICUS/S2_SR_HARMONIZED,False,NOT_APPLICABLE,SCENE_METADATA,0,0,0,0,,,,,0,0,,,,SENSOR_NOT_OPERATIONAL,NOT_QUERIED_OUTSIDE_OPERATIONAL_YEARS,2026-10-01T16:50:49Z,334b3c84060485b5f345acb09668e899ed487ae74849fb6419e660287f66d857
ZJ-YQB,2012,landsat5,LANDSAT/LT05/C02/T1_L2,True,NOT_APPLICABLE,SCENE_METADATA,0,0,0,0,,,,0.0,0,0,,,,NO_SCENES_FOUND,QUERIED,2026-10-01T16:50:49Z,313571cc83f7c0ff8e6c918f9d550520e67390aa3029686af9d3165cb8004c20
ZJ-YQB,2012,landsat7,LANDSAT/LE07/C02/T1_L2,True,POST_SLC_FAILURE,SCENE_METADATA,28,16,0,0,118/040|118/041,LANDSAT_7,,13.0,0,0,,,0.817875,NO_QUALITY_SCENES,QUERIED,2026-10-01T16:50:49Z,cff2a1d748cd5be9aab3a6b87c845a1ea090d452c272d169c28360e0a1737122
ZJ-YQB,2012,landsat8,LANDSAT/LC08/C02/T1_L2,False,NOT_APPLICABLE,SCENE_METADATA,0,0,0,0,,,,,0,0,,,,SENSOR_NOT_OPERATIONAL,NOT_QUERIED_OUTSIDE_OPERATIONAL_YEARS,2026-10-01T16:50:49Z,19a0d398fcc1fc6bc9cc9374cae78d5afc963f89136a2fba9f019cb4319dbdad
ZJ-YQB,2012,landsat9,LANDSAT/LC09/C02/T1_L2,False,NOT_APPLICABLE,SCENE_METADATA,0,0,0,0,,,,,0,0,,,,SENSOR_NOT_OPERATIONAL,NOT_QUERIED_OUTSIDE_OPERATIONAL_YEARS,2026-10-01T16:50:49Z,0b1444054ebcaf56204401a483c72cbf8aecb9bcc4dacc3c385b7e64cd5d3615
ZJ-YQB,2012,sentinel1,COPERNICUS/S1_GRD,False,NOT_APPLICABLE,SCENE_METADATA,0,0,0,0,,,,,0,0,,,,SENSOR_NOT_OPERATIONAL,NOT_QUERIED_OUTSIDE_OPERATIONAL_YEARS,2026-10-01T16:50:49Z,c90b2d77069cd930964a72ceba67cb7c5cd2eb8fad12dfd246c3f4ff463ad3a9
ZJ-YQB,2012,sentinel2,COPERNICUS/S2_SR_HARMONIZED,False,NOT_APPLICABLE,SCENE_METADATA,0,0,0,0,,,,,0,0,,,,SENSOR_NOT_OPERATIONAL,NOT_QUERIED_OUTSIDE_OPERATIONAL_YEARS,2026-10-01T16:50:49Z,1670507d31bc33fa119448d39ef960c71797717676d3bf5f719d7bbfce1532d7
ZJ-YQB,2013,landsat5,LANDSAT/LT05/C02/T1_L2,False,NOT_APPLICABLE,SCENE_METADATA,0,0,0,0,,,,,0,0,,,,SENSOR_NOT_OPERATIONAL,NOT_QUERIED_OUTSIDE_OPERATIONAL_YEARS,2026-10-01T16:50:49Z,bc107fe854756ff82ad1dfcc75dc217ec822ae1f75e332fde69342caebdbd030
ZJ-YQB,2013,landsat7,LANDSAT/LE07/C02/T1_L2,True,POST_SLC_FAILURE,SCENE_METADATA,27,15,0,0,118/040|118/041,LANDSAT_7,,15.0,0,0,,,0.797014,NO_QUALITY_SCENES,QUERIED,2026-10-01T16:50:49Z,ebaaf4ecc8cfb16e276abefcbaab4980f4503720270c076a21e7f32f5b248a21
ZJ-YQB,2013,landsat8,LANDSAT/LC08/C02/T1_L2,True,NOT_APPLICABLE,SCENE_METADATA,27,14,0,0,118/040|118/041,LANDSAT_8,,12.0,3,0,,,0.991613,NONE,QUERIED,2026-10-01T16:50:49Z,8b3a054ae34b2369c35c6655380253b914ddb5bcb38db7a5dfd014ea5315795d
ZJ-YQB,2013,landsat9,LANDSAT/LC09/C02/T1_L2,False,NOT_APPLICABLE,SCENE_METADATA,0,0,0,0,,,,,0,0,,,,SENSOR_NOT_OPERATIONAL,NOT_QUERIED_OUTSIDE_OPERATIONAL_YEARS,2026-10-01T16:50:49Z,ba4869cf6c7f1e46e075ae238f933efe972c0918d4d31c844867f80fe05a87c6
ZJ-YQB,2013,sentinel1,COPERNICUS/S1_GRD,False,NOT_APPLICABLE,SCENE_METADATA,0,0,0,0,,,,,0,0,,,,SENSOR_NOT_OPERATIONAL,NOT_QUERIED_OUTSIDE_OPERATIONAL_YEARS,2026-10-01T16:50:49Z,386b4a66b8de9c2a9a3e9e591c67bd0ce8c31fd6c3f918df5fcb3463dde6fc97
ZJ-YQB,2013,sentinel2,COPERNICUS/S2_SR_HARMONIZED,False,NOT_APPLICABLE,SCENE_METADATA,0,0,0,0,,,,,0,0,,,,SENSOR_NOT_OPERATIONAL,NOT_QUERIED_OUTSIDE_OPERATIONAL_YEARS,2026-10-01T16:50:49Z,c13e3e09c5d8b2abb5f6dff65cef5d24367274a9e06ba7eb0ef855d24db5ef63
ZJ-YQB,2014,landsat5,LANDSAT/LT05/C02/T1_L2,False,NOT_APPLICABLE,SCENE_METADATA,0,0,0,0,,,,,0,0,,,,SENSOR_NOT_OPERATIONAL,NOT_QUERIED_OUTSIDE_OPERATIONAL_YEARS,2026-10-01T16:50:49Z,13ba3e9b2c2a44e0225597b3f22e6a5cee904a14be480257946733124cc94e8a
ZJ-YQB,2014,landsat7,LANDSAT/LE07/C02/T1_L2,True,POST_SLC_FAILURE,SCENE_METADATA,33,18,0,0,118/040|118/041,LANDSAT_7,,11.0,0,0,,,0.797069,NO_QUALITY_SCENES,QUERIED,2026-10-01T16:50:49Z,4c22d1fd0676688bbd2c5d7630c5e442726fbfc41c26a20688ffab99ac9de68b
ZJ-YQB,2014,landsat8,LANDSAT/LC08/C02/T1_L2,True,NOT_APPLICABLE,SCENE_METADATA,36,19,0,0,118/040|118/041,LANDSAT_8,,19.0,4,0,,,0.992137,NONE,QUERIED,2026-10-01T16:50:49Z,a30f50660e880323171c8e777be0774653e35a8ef349d78d7a4b861f7960e8e3
ZJ-YQB,2014,landsat9,LANDSAT/LC09/C02/T1_L2,False,NOT_APPLICABLE,SCENE_METADATA,0,0,0,0,,,,,0,0,,,,SENSOR_NOT_OPERATIONAL,NOT_QUERIED_OUTSIDE_OPERATIONAL_YEARS,2026-10-01T16:50:49Z,d4a055c23e6ab21eb84e807a3f0ef587cd76ccc58b10fa05edc63b5041846923
ZJ-YQB,2014,sentinel1,COPERNICUS/S1_GRD,True,NOT_APPLICABLE,SCENE_METADATA,0,0,0,0,,,,,0,0,,,,NO_SCENES_FOUND,QUERIED,2026-10-01T16:50:49Z,b829eeaa6de43988231dad8ee1f3768d8b2c358245bb904d1d7c31cd3694abbd
ZJ-YQB,2014,sentinel2,COPERNICUS/S2_SR_HARMONIZED,False,NOT_APPLICABLE,SCENE_METADATA,0,0,0,0,,,,,0,0,,,,SENSOR_NOT_OPERATIONAL,NOT_QUERIED_OUTSIDE_OPERATIONAL_YEARS,2026-10-01T16:50:49Z,4ceb37253023e89ddc26eceff637ca0a43e880af80b049cdbed8502640961581
ZJ-YQB,2015,landsat5,LANDSAT/LT05/C02/T1_L2,False,NOT_APPLICABLE,SCENE_METADATA,0,0,0,0,,,,,0,0,,,,SENSOR_NOT_OPERATIONAL,NOT_QUERIED_OUTSIDE_OPERATIONAL_YEARS,2026-10-01T16:50:49Z,20d1be01795efa3cfe6b46095062c54cabc3ccab5c5dcf9f488dd8d8e4e00a2b
ZJ-YQB,2015,landsat7,LANDSAT/LE07/C02/T1_L2,True,POST_SLC_FAILURE,SCENE_METADATA,27,18,0,0,118/040|118/041,LANDSAT_7,,8.0,0,0,,,0.797139,NO_QUALITY_SCENES,QUERIED,2026-10-01T16:50:49Z,fe1549900bd8ea82cb1447d55d75e4e38817b08e351224d9397d4613139a7655
ZJ-YQB,2015,landsat8,LANDSAT/LC08/C02/T1_L2,True,NOT_APPLICABLE,SCENE_METADATA,34,18,0,0,118/040|118/041,LANDSAT_8,,11.0,2,0,,,0.995821,NONE,QUERIED,2026-10-01T16:50:49Z,4e078c224cb1cd3e4ece550e1fc6c3a1a8494172ccca3dc5254c4ceaed55ad36
ZJ-YQB,2015,landsat9,LANDSAT/LC09/C02/T1_L2,False,NOT_APPLICABLE,SCENE_METADATA,0,0,0,0,,,,,0,0,,,,SENSOR_NOT_OPERATIONAL,NOT_QUERIED_OUTSIDE_OPERATIONAL_YEARS,2026-10-01T16:50:49Z,3697c91275b3aa9922ebeff598f68ee52e7f86184f3e386bb830dd322e4161e5
ZJ-YQB,2015,sentinel1,COPERNICUS/S1_GRD,True,NOT_APPLICABLE,SCENE_METADATA,38,32,33,5,,A,,,8,4,autumn_v0|summer_v0,,1.0,NONE,QUERIED,2026-10-01T16:50:49Z,6a94ebd0db14f92cab0dd01806e3aae16396b67691c1192eb018ec5108846317
ZJ-YQB,2015,sentinel2,COPERNICUS/S2_SR_HARMONIZED,False,NOT_APPLICABLE,SCENE_METADATA,0,0,0,0,,,,,0,0,,,,SENSOR_NOT_OPERATIONAL,NOT_QUERIED_OUTSIDE_OPERATIONAL_YEARS,2026-10-01T16:50:49Z,3338438ebfe42269aa86281dbdf9fa8420fbcf5882cdf387ba66a34dd6dcc2a5
ZJ-YQB,2016,landsat5,LANDSAT/LT05/C02/T1_L2,False,NOT_APPLICABLE,SCENE_METADATA,0,0,0,0,,,,,0,0,,,,SENSOR_NOT_OPERATIONAL,NOT_QUERIED_OUTSIDE_OPERATIONAL_YEARS,2026-10-01T16:50:49Z,256f8e2a0f39de07a35de269fe5a611b24f0c0a84b96fe241a699d559a28e7ab
ZJ-YQB,2016,landsat7,LANDSAT/LE07/C02/T1_L2,True,POST_SLC_FAILURE,SCENE_METADATA,23,15,0,0,118/040|118/041,LANDSAT_7,,6.0,0,0,,,0.799212,NO_QUALITY_SCENES,QUERIED,2026-10-01T16:50:49Z,bd56258c44e07d2d725c074f972214d0d4fa99ccb267b0834e4af62f16f7be8b
ZJ-YQB,2016,landsat8,LANDSAT/LC08/C02/T1_L2,True,NOT_APPLICABLE,SCENE_METADATA,29,16,0,0,118/040|118/041,LANDSAT_8,,10.0,1,0,,,0.997278,NO_QUALITY_SCENES,QUERIED,2026-10-01T16:50:49Z,742eed4dcacbaf1034ab53677fce8fe01fe27d43b050457f04539a86fa9a82e7
ZJ-YQB,2016,landsat9,LANDSAT/LC09/C02/T1_L2,False,NOT_APPLICABLE,SCENE_METADATA,0,0,0,0,,,,,0,0,,,,SENSOR_NOT_OPERATIONAL,NOT_QUERIED_OUTSIDE_OPERATIONAL_YEARS,2026-10-01T16:50:49Z,d397ecab7dfbdd520a9a6c0b6038ba2f58beefdb11974d22095bba270a2a1a51
ZJ-YQB,2016,sentinel1,COPERNICUS/S1_GRD,True,NOT_APPLICABLE,SCENE_METADATA,67,43,67,0,,A|B,,,1,1,autumn_v0,,1.0,NONE,QUERIED,2026-10-01T16:50:49Z,e438749e59db641c29000f7457420689fabaf0dbba6696dfc272c6d45a3974c4
ZJ-YQB,2016,sentinel2,COPERNICUS/S2_SR_HARMONIZED,False,NOT_APPLICABLE,SCENE_METADATA,0,0,0,0,,,,,0,0,,,,SENSOR_NOT_OPERATIONAL,NOT_QUERIED_OUTSIDE_OPERATIONAL_YEARS,2026-10-01T16:50:49Z,8f401146a67cdcd9c48bccb36f88361d94a7783046a5a7657dae0ec9bcb098a1
ZJ-YQB,2017,landsat5,LANDSAT/LT05/C02/T1_L2,False,NOT_APPLICABLE,SCENE_METADATA,0,0,0,0,,,,,0,0,,,,SENSOR_NOT_OPERATIONAL,NOT_QUERIED_OUTSIDE_OPERATIONAL_YEARS,2026-10-01T16:50:49Z,d9d77bcc93228e596740091c6112468952999c18475c4e0da93dc9a64b55957c
ZJ-YQB,2017,landsat7,LANDSAT/LE07/C02/T1_L2,True,POST_SLC_FAILURE,SCENE_METADATA,28,15,0,0,118/040|118/041,LANDSAT_7,,13.0,0,0,,,0.796397,NO_QUALITY_SCENES,QUERIED,2026-10-01T16:50:49Z,7c663b43a166c0f2f6939283fb075bc3bdfd41883b82704d14eece9c50f6c687
ZJ-YQB,2017,landsat8,LANDSAT/LC08/C02/T1_L2,True,NOT_APPLICABLE,SCENE_METADATA,29,17,0,0,118/040|118/041,LANDSAT_8,,16.0,2,1,autumn_v0,,0.991166,NONE,QUERIED,2026-10-01T16:50:49Z,3ef33369d23e5c4eddb9122971ecb56ef0e9b917579998a618a0d71e75548848
ZJ-YQB,2017,landsat9,LANDSAT/LC09/C02/T1_L2,False,NOT_APPLICABLE,SCENE_METADATA,0,0,0,0,,,,,0,0,,,,SENSOR_NOT_OPERATIONAL,NOT_QUERIED_OUTSIDE_OPERATIONAL_YEARS,2026-10-01T16:50:49Z,d9484a08333ca6141c9dd32fabc0558c3bdc7f48249b7dcf5b4d78c05575a663
ZJ-YQB,2017,sentinel1,COPERNICUS/S1_GRD,True,NOT_APPLICABLE,SCENE_METADATA,86,56,86,0,,A,,,0,0,,,0.833694,NO_QUALITY_SCENES,QUERIED,2026-10-01T16:50:49Z,4625c2fa3e7877b7b9a636c519465a3216d8d6e36fa4d2da00464ba82de21e6f
ZJ-YQB,2017,sentinel2,COPERNICUS/S2_SR_HARMONIZED,True,NOT_APPLICABLE,SCENE_METADATA,44,18,0,0,51RTL|51RTM|51RUL|51RUM,Sentinel-2A|Sentinel-2B,05.00,44.0,0,0,,,0.989941,NO_QUALITY_SCENES,QUERIED,2026-10-01T16:50:49Z,68e00d63c815edf9e8fe2a889d28bcc4c4894cf2c0d6fd0e5a2bf98bea120fd7
ZJ-YQB,2018,landsat5,LANDSAT/LT05/C02/T1_L2,False,NOT_APPLICABLE,SCENE_METADATA,0,0,0,0,,,,,0,0,,,,SENSOR_NOT_OPERATIONAL,NOT_QUERIED_OUTSIDE_OPERATIONAL_YEARS,2026-10-01T16:50:49Z,f71a1766ebd286bb34e947a7d365e3b020beb139636b45711e555693dba443c1
ZJ-YQB,2018,landsat7,LANDSAT/LE07/C02/T1_L2,True,POST_SLC_FAILURE,SCENE_METADATA,28,15,0,0,118/040|118/041,LANDSAT_7,,11.0,0,0,,,0.800615,NO_QUALITY_SCENES,QUERIED,2026-10-01T16:50:49Z,55f7c4b87460ca49b6ceb62a7d36385b9b0f82be144f09a66ea0a7f3e3231013
ZJ-YQB,2018,landsat8,LANDSAT/LC08/C02/T1_L2,True,NOT_APPLICABLE,SCENE_METADATA,30,15,0,0,118/040|118/041,LANDSAT_8,,13.0,1,0,,,0.991301,NO_QUALITY_SCENES,QUERIED,2026-10-01T16:50:49Z,4163d7d4c53a3753900a9cfca4d82370a9e52f9eb251ac8af5b6ca8cd3823e20
ZJ-YQB,2018,landsat9,LANDSAT/LC09/C02/T1_L2,False,NOT_APPLICABLE,SCENE_METADATA,0,0,0,0,,,,,0,0,,,,SENSOR_NOT_OPERATIONAL,NOT_QUERIED_OUTSIDE_OPERATIONAL_YEARS,2026-10-01T16:50:49Z,76a4c6d5b2d08bc2e7b4a62812fb60e336389a76da4e23d1d179ab0155498c3c
ZJ-YQB,2018,sentinel1,COPERNICUS/S1_GRD,True,NOT_APPLICABLE,SCENE_METADATA,92,61,90,2,,A,,,0,0,,,0.987492,NO_QUALITY_SCENES,QUERIED,2026-10-01T16:50:49Z,e47f30270704d8014f42282a4631d89615509ced34af9f4bf779ed17c4c281d9
ZJ-YQB,2018,sentinel2,COPERNICUS/S2_SR_HARMONIZED,True,NOT_APPLICABLE,SCENE_METADATA,60,21,0,0,51RTL|51RTM|51RUL|51RUM,Sentinel-2A|Sentinel-2B,02.11|05.00,41.0,0,0,,,0.989941,NO_QUALITY_SCENES,QUERIED,2026-10-01T16:50:49Z,92ed86cfdbad8c5f8f28e94fe1f5c5ec8db40be841eb6805c1ffabc2c0b87e03
ZJ-YQB,2019,landsat5,LANDSAT/LT05/C02/T1_L2,False,NOT_APPLICABLE,SCENE_METADATA,0,0,0,0,,,,,0,0,,,,SENSOR_NOT_OPERATIONAL,NOT_QUERIED_OUTSIDE_OPERATIONAL_YEARS,2026-10-01T16:50:49Z,b473a840d335acc16d4e920a9045b7a30484aef42351d786b54d5e14d1b58c00
ZJ-YQB,2019,landsat7,LANDSAT/LE07/C02/T1_L2,True,POST_SLC_FAILURE,SCENE_METADATA,27,16,0,0,118/040|118/041,LANDSAT_7,,16.0,0,0,,,0.796079,NO_QUALITY_SCENES,QUERIED,2026-10-01T16:50:49Z,8d2c7e2455f77c23fc88a319de1607893727f87db6bd00714234cbe301bc91d2
ZJ-YQB,2019,landsat8,LANDSAT/LC08/C02/T1_L2,True,NOT_APPLICABLE,SCENE_METADATA,36,20,0,0,118/040|118/041,LANDSAT_8,,14.0,1,0,,,0.990191,NO_QUALITY_SCENES,QUERIED,2026-10-01T16:50:49Z,abcb470f06c24e6d73d5134b8bfbf668d705a52a25afa2e872a80eb2d050cffd
ZJ-YQB,2019,landsat9,LANDSAT/LC09/C02/T1_L2,False,NOT_APPLICABLE,SCENE_METADATA,0,0,0,0,,,,,0,0,,,,SENSOR_NOT_OPERATIONAL,NOT_QUERIED_OUTSIDE_OPERATIONAL_YEARS,2026-10-01T16:50:49Z,95ad7da4d0a676931f79ef4fd088fe93184ad92a013602f6bb494de68553b4e5
ZJ-YQB,2019,sentinel1,COPERNICUS/S1_GRD,True,NOT_APPLICABLE,SCENE_METADATA,190,108,189,1,,A|B,,,1,0,,,1.0,NONE,QUERIED,2026-10-01T16:50:49Z,67c85a04406ca0bcb9b804423c11e2407e2567fb6e43017bced11532fdc843e5
ZJ-YQB,2019,sentinel2,COPERNICUS/S2_SR_HARMONIZED,True,NOT_APPLICABLE,SCENE_METADATA,588,145,0,0,51RTL|51RTM|51RUL|51RUM,Sentinel-2A|Sentinel-2B,02.11|02.12|02.13|05.00,145.0,0,0,,,0.989941,NO_QUALITY_SCENES,QUERIED,2026-10-01T16:50:49Z,655703c20eb1e4e3e386af9746574e6289961cf68d6577be8f4851f5d0b48531
ZJ-YQB,2020,landsat5,LANDSAT/LT05/C02/T1_L2,False,NOT_APPLICABLE,SCENE_METADATA,0,0,0,0,,,,,0,0,,,,SENSOR_NOT_OPERATIONAL,NOT_QUERIED_OUTSIDE_OPERATIONAL_YEARS,2026-10-01T16:50:49Z,a96e1ae6e1ad3f043ed1af1811129ba7f3fd3c90444d6c3c8c13de14cbb419aa
ZJ-YQB,2020,landsat7,LANDSAT/LE07/C02/T1_L2,True,POST_SLC_FAILURE,SCENE_METADATA,32,18,0,0,118/040|118/041,LANDSAT_7,,13.0,0,0,,,0.79763,NO_QUALITY_SCENES,QUERIED,2026-10-01T16:50:49Z,ce4949b8e92175b1f7f2391e94eb0c39ae70410f692c3c14af2d5fa8634a4315
ZJ-YQB,2020,landsat8,LANDSAT/LC08/C02/T1_L2,True,NOT_APPLICABLE,SCENE_METADATA,29,16,0,0,118/040|118/041,LANDSAT_8,,8.0,1,0,,,0.992615,NO_QUALITY_SCENES,QUERIED,2026-10-01T16:50:49Z,3be0936b37aa6c3f1791729d87eadc9afa52fc0e33b1db8206739ffe4bd77114
ZJ-YQB,2020,landsat9,LANDSAT/LC09/C02/T1_L2,False,NOT_APPLICABLE,SCENE_METADATA,0,0,0,0,,,,,0,0,,,,SENSOR_NOT_OPERATIONAL,NOT_QUERIED_OUTSIDE_OPERATIONAL_YEARS,2026-10-01T16:50:49Z,8a0cea0dcda44d43d725bb81403262dc6cd4c13c1ef6c18c9461e6b66dd58664
ZJ-YQB,2020,sentinel1,COPERNICUS/S1_GRD,True,NOT_APPLICABLE,SCENE_METADATA,106,68,106,0,,A|B,,,1,0,,,1.0,NONE,QUERIED,2026-10-01T16:50:49Z,e0b03f35dbec1ce69baf06b4f53fa2feadc6da3451d308bfd47a03d05506281e
ZJ-YQB,2020,sentinel2,COPERNICUS/S2_SR_HARMONIZED,True,NOT_APPLICABLE,SCENE_METADATA,588,147,0,0,51RTL|51RTM|51RUL|51RUM,Sentinel-2A|Sentinel-2B,02.13|02.14|05.00|05.10,143.0,0,0,,,0.989941,NO_QUALITY_SCENES,QUERIED,2026-10-01T16:50:49Z,433b6d801c9e3afbda59aebfff857dfc200748c649e113ceca799b49f3a4caf6
ZJ-YQB,2021,landsat5,LANDSAT/LT05/C02/T1_L2,False,NOT_APPLICABLE,SCENE_METADATA,0,0,0,0,,,,,0,0,,,,SENSOR_NOT_OPERATIONAL,NOT_QUERIED_OUTSIDE_OPERATIONAL_YEARS,2026-10-01T16:50:49Z,9f67034d24ab87e09f81ebe4eb54a781922d930dd2988e55794316a579b36b0b
ZJ-YQB,2021,landsat7,LANDSAT/LE07/C02/T1_L2,True,POST_SLC_FAILURE,SCENE_METADATA,22,12,0,0,118/040|118/041,LANDSAT_7,,9.0,0,0,,,0.797767,NO_QUALITY_SCENES,QUERIED,2026-10-01T16:50:49Z,4b9ce174b3f5db2cea5e17ced0edf85dd68ba15308ed5c8d2d2072090dcab8ae
ZJ-YQB,2021,landsat8,LANDSAT/LC08/C02/T1_L2,True,NOT_APPLICABLE,SCENE_METADATA,33,18,0,0,118/040|118/041,LANDSAT_8,,8.0,2,0,,,0.992384,NO_QUALITY_SCENES,QUERIED,2026-10-01T16:50:49Z,b1ef97b215784694966255c91917950e0f993930ad64caa6b4f721311551fa90
ZJ-YQB,2021,landsat9,LANDSAT/LC09/C02/T1_L2,False,NOT_APPLICABLE,SCENE_METADATA,0,0,0,0,,,,,0,0,,,,SENSOR_NOT_OPERATIONAL,NOT_QUERIED_OUTSIDE_OPERATIONAL_YEARS,2026-10-01T16:50:49Z,b938230b68cf89be029fd28dcb0d304c0d137a2e5c09d2a43aac74b6ff8217d6
ZJ-YQB,2021,sentinel1,COPERNICUS/S1_GRD,True,NOT_APPLICABLE,SCENE_METADATA,89,61,88,1,,A|B,,,3,1,summer_v0,,1.0,NONE,QUERIED,2026-10-01T16:50:49Z,b327c7d2a994dc7de16e33a22c10b1135df9b076033f89fd4b9fde6dd81860bd
ZJ-YQB,2021,sentinel2,COPERNICUS/S2_SR_HARMONIZED,True,NOT_APPLICABLE,SCENE_METADATA,594,146,0,0,51RTL|51RTM|51RUL|51RUM,Sentinel-2A|Sentinel-2B,02.14|03.00|03.01|05.00|05.10,161.0,0,0,,,0.989941,NO_QUALITY_SCENES,QUERIED,2026-10-01T16:50:49Z,94d78cc8603a2a2109c18f76dff1b5ea6be146c5a3e44ae2cdf2faff1c6825e1
ZJ-YQB,2022,landsat5,LANDSAT/LT05/C02/T1_L2,False,NOT_APPLICABLE,SCENE_METADATA,0,0,0,0,,,,,0,0,,,,SENSOR_NOT_OPERATIONAL,NOT_QUERIED_OUTSIDE_OPERATIONAL_YEARS,2026-10-01T16:50:49Z,3735b5e53d38e00a415305f2544ad52ec19fe164f55769afe3a04e5264417219
ZJ-YQB,2022,landsat7,LANDSAT/LE07/C02/T1_L2,True,POST_SLC_FAILURE,SCENE_METADATA,32,18,0,0,117/040|117/041|118/040|118/041,LANDSAT_7,,18.0,1,1,summer_v0,,0.993171,NONE,QUERIED,2026-10-01T16:50:49Z,d2416ee17e72a6ffad61282e4b00ea7880197436d6ccd1d3972fcc61ff96e3ea
ZJ-YQB,2022,landsat8,LANDSAT/LC08/C02/T1_L2,True,NOT_APPLICABLE,SCENE_METADATA,29,16,0,0,118/040|118/041,LANDSAT_8,,11.0,6,0,,,0.993284,NONE,QUERIED,2026-10-01T16:50:49Z,55e1f06506bf81c9defcdb17d81b5e80598d246681102fa57d55e658297177c3
ZJ-YQB,2022,landsat9,LANDSAT/LC09/C02/T1_L2,True,NOT_APPLICABLE,SCENE_METADATA,24,13,0,0,118/040|118/041,LANDSAT_9,,17.0,7,1,summer_v0,,0.995716,NONE,QUERIED,2026-10-01T16:50:49Z,1ff8c1171a93e5786d8636974300c38fd948f25e4f39d24ad9b3059d5675bb06
ZJ-YQB,2022,sentinel1,COPERNICUS/S1_GRD,True,NOT_APPLICABLE,SCENE_METADATA,84,57,84,0,,A,,,0,0,,,0.834856,NO_QUALITY_SCENES,QUERIED,2026-10-01T16:50:49Z,5b0bbb74ce5fd951a43f556e246910a3cd6f0148e4da160b6eefdfb6c3499de9
ZJ-YQB,2022,sentinel2,COPERNICUS/S2_SR_HARMONIZED,True,NOT_APPLICABLE,SCENE_METADATA,584,146,0,0,51RTL|51RTM|51RUL|51RUM,Sentinel-2A|Sentinel-2B,03.01|04.00|05.09|05.10,145.0,0,0,,,0.989941,NO_QUALITY_SCENES,QUERIED,2026-10-01T16:50:49Z,24ca8f7c16841c008ea773878125dfb72e22438b2bd122720cc02fd800f925aa
ZJ-YQB,2023,landsat5,LANDSAT/LT05/C02/T1_L2,False,NOT_APPLICABLE,SCENE_METADATA,0,0,0,0,,,,,0,0,,,,SENSOR_NOT_OPERATIONAL,NOT_QUERIED_OUTSIDE_OPERATIONAL_YEARS,2026-10-01T16:50:49Z,ef1dcc086a9ec8f411ba5a0f1bafa6fa5c426c8c8876cc3da686899e19cb0f09
ZJ-YQB,2023,landsat7,LANDSAT/LE07/C02/T1_L2,True,POST_SLC_FAILURE,SCENE_METADATA,38,23,0,0,117/040|117/041|118/040|118/041,LANDSAT_7,,16.0,2,0,,,0.993722,NONE,QUERIED,2026-10-01T16:50:49Z,c3ccc71ff22f01250e026c6e5c83aec244e8377261d388e8624995449c46ec56
ZJ-YQB,2023,landsat8,LANDSAT/LC08/C02/T1_L2,True,NOT_APPLICABLE,SCENE_METADATA,28,16,0,0,118/040|118/041,LANDSAT_8,,15.0,4,0,,,0.994171,NONE,QUERIED,2026-10-01T16:50:49Z,ed463e1215a6090f35d6d7e90e16f7bb8a2eda0d1cafb3a84b1462ff66237af6
ZJ-YQB,2023,landsat9,LANDSAT/LC09/C02/T1_L2,True,NOT_APPLICABLE,SCENE_METADATA,38,20,0,0,118/040|118/041,LANDSAT_9,,13.0,14,1,autumn_v0,,0.997213,NONE,QUERIED,2026-10-01T16:50:49Z,4fd91197a14c382236f42e689374d2fc7468ac5e2ac54df80a575f69ad81a6ed
ZJ-YQB,2023,sentinel1,COPERNICUS/S1_GRD,True,NOT_APPLICABLE,SCENE_METADATA,92,61,92,0,,A,,,0,0,,,0.834281,NO_QUALITY_SCENES,QUERIED,2026-10-01T16:50:49Z,31aef0029e366460d9170cfaa6a5455d1746c9cdaee9dba3fee6772fed1b2e51
ZJ-YQB,2023,sentinel2,COPERNICUS/S2_SR_HARMONIZED,True,NOT_APPLICABLE,SCENE_METADATA,591,146,0,0,51RTL|51RTM|51RUL|51RUM,Sentinel-2A|Sentinel-2B,05.09|05.10,158.0,0,0,,,0.989941,NO_QUALITY_SCENES,QUERIED,2026-10-01T16:50:49Z,8ab84b6658e1fe5950f0fa3ed4ef05a735e665f2d10c87bd31d85b191cceb951
ZJ-YQB,2024,landsat5,LANDSAT/LT05/C02/T1_L2,False,NOT_APPLICABLE,SCENE_METADATA,0,0,0,0,,,,,0,0,,,,SENSOR_NOT_OPERATIONAL,NOT_QUERIED_OUTSIDE_OPERATIONAL_YEARS,2026-10-01T16:50:49Z,4ca32dbc42e33bb1ec0ae61a25c532fe3dfa4dc3a94ef66adbe734c4b69b5746
ZJ-YQB,2024,landsat7,LANDSAT/LE07/C02/T1_L2,True,NOT_APPLICABLE,SCENE_METADATA,0,0,0,0,,,,0.0,0,0,,,,NO_SCENES_FOUND,QUERIED,2026-10-01T16:50:49Z,da8e72f635d062ec01a7263efafb3a8eb040759fd59bfbb12a1be4d6b8804e51
ZJ-YQB,2024,landsat8,LANDSAT/LC08/C02/T1_L2,True,NOT_APPLICABLE,SCENE_METADATA,31,17,0,0,118/040|118/041,LANDSAT_8,,11.0,8,0,,,0.994962,NONE,QUERIED,2026-10-01T16:50:49Z,d7be574883272bb2aea74a2066f587c8fdcc2c8d11a7f977c53b04c365e26b67
ZJ-YQB,2024,landsat9,LANDSAT/LC09/C02/T1_L2,True,NOT_APPLICABLE,SCENE_METADATA,34,18,0,0,118/040|118/041,LANDSAT_9,,17.0,12,1,summer_v0,,0.996728,NONE,QUERIED,2026-10-01T16:50:49Z,4ef3918e6a649acc88e9745a32d6ff0af156603e1e159e26155fc6bebd1de6f9
ZJ-YQB,2024,sentinel1,COPERNICUS/S1_GRD,True,NOT_APPLICABLE,SCENE_METADATA,90,61,89,1,,A,,,1,1,autumn_v0,,1.0,NONE,QUERIED,2026-10-01T16:50:49Z,2ae801f3ca3a7dad681a88d26044b0f1d021bdbf6f26c9fd03895415233bb0be
ZJ-YQB,2024,sentinel2,COPERNICUS/S2_SR_HARMONIZED,True,NOT_APPLICABLE,SCENE_METADATA,594,145,0,0,51RTL|51RTM|51RUL|51RUM,Sentinel-2A|Sentinel-2B|Sentinel-2C,05.10|05.11|99.05,155.0,0,0,,,0.989941,NO_QUALITY_SCENES,QUERIED,2026-10-01T16:50:49Z,36f463354248ae9ddc4f99ab7456152931098fb8ae5557b9ba989bcb689e67bf
ZJ-YQB,2025,landsat5,LANDSAT/LT05/C02/T1_L2,False,NOT_APPLICABLE,SCENE_METADATA,0,0,0,0,,,,,0,0,,,,SENSOR_NOT_OPERATIONAL,NOT_QUERIED_OUTSIDE_OPERATIONAL_YEARS,2026-10-01T16:50:49Z,eede3a7279cf0f25db893a6b297a6210a1e1e4002a2cfef499a773dd7f6edb96
ZJ-YQB,2025,landsat7,LANDSAT/LE07/C02/T1_L2,True,NOT_APPLICABLE,SCENE_METADATA,0,0,0,0,,,,0.0,0,0,,,,NO_SCENES_FOUND,QUERIED,2026-10-01T16:50:49Z,b60d1f97fa395e7306781f59a287b763ff4a43da8c376026d97cf267810b1b29
ZJ-YQB,2025,landsat8,LANDSAT/LC08/C02/T1_L2,True,NOT_APPLICABLE,SCENE_METADATA,36,19,0,0,118/040|118/041,LANDSAT_8,,20.0,7,0,,,0.992387,NONE,QUERIED,2026-10-01T16:50:49Z,6964473ac9903619671bb0a84724574b9c76aee15fc4b464451c6b98c3ea1731
ZJ-YQB,2025,landsat9,LANDSAT/LC09/C02/T1_L2,True,NOT_APPLICABLE,SCENE_METADATA,31,17,0,0,118/040|118/041,LANDSAT_9,,14.0,9,1,autumn_v0,,0.995944,NONE,QUERIED,2026-10-01T16:50:49Z,8707817f82cd852d154a6fe4926ef0d19afd38e5e2131b153456255cb4be1c69
ZJ-YQB,2025,sentinel1,COPERNICUS/S1_GRD,True,NOT_APPLICABLE,SCENE_METADATA,85,59,85,0,,A,,,2,0,,,1.0,NONE,QUERIED,2026-10-01T16:50:49Z,40c7bf619596418f9f877046674ca2673bc2bb24675e4b46c0cb088940112ba8
ZJ-YQB,2025,sentinel2,COPERNICUS/S2_SR_HARMONIZED,True,NOT_APPLICABLE,SCENE_METADATA,679,155,0,0,51RTL|51RTM|51RUL|51RUM,Sentinel-2A|Sentinel-2B|Sentinel-2C,05.11,222.0,0,0,,,0.989941,NO_QUALITY_SCENES,QUERIED,2026-10-01T16:50:49Z,e536d06b960d2240e609b5ddb2028f21735154f470ddbfa84d34073759ad3a10
ZJ-YQB,2026,landsat5,LANDSAT/LT05/C02/T1_L2,False,NOT_APPLICABLE,SCENE_METADATA,0,0,0,0,,,,,0,0,,,,SENSOR_NOT_OPERATIONAL,NOT_QUERIED_OUTSIDE_OPERATIONAL_YEARS,2026-10-01T16:50:49Z,debba660b199c8190e8069f5425303b3532d3e396d688ec4cda9bf7ae9ae59fe
ZJ-YQB,2026,landsat7,LANDSAT/LE07/C02/T1_L2,True,NOT_APPLICABLE,SCENE_METADATA,0,0,0,0,,,,0.0,0,0,,,,NO_SCENES_FOUND,QUERIED,2026-10-01T16:50:49Z,54921cea958fe4b4edb95ff871295ea875a3455e0d9c9bd2fd35bc89167954c3
ZJ-YQB,2026,landsat8,LANDSAT/LC08/C02/T1_L2,True,NOT_APPLICABLE,SCENE_METADATA,21,12,0,0,118/040|118/041,LANDSAT_8,,11.0,5,0,,,0.999073,NONE,QUERIED,2026-10-01T16:50:49Z,5c74619675e8fc0140b03fa3c0bc7a8b4989f7f041c4cfdb4b9330b13396399a
ZJ-YQB,2026,landsat9,LANDSAT/LC09/C02/T1_L2,True,NOT_APPLICABLE,SCENE_METADATA,22,11,0,0,118/040|118/041,LANDSAT_9,,10.0,7,2,autumn_v0|summer_v0,,0.997263,NONE,QUERIED,2026-10-01T16:50:49Z,c97b5d8018b4f956adad2c1e2c9e3ec64236133ed1a65b788d08d279bd9bc55a
ZJ-YQB,2026,sentinel1,COPERNICUS/S1_GRD,True,NOT_APPLICABLE,SCENE_METADATA,65,46,65,0,,A|C|D,,,7,2,autumn_v0|summer_v0,,1.0,NONE,QUERIED,2026-10-01T16:50:49Z,03afa1af0d6ad78e7e04ef39a7d40307c6c2f42d2eda793b13ecafc67eb45ba7
ZJ-YQB,2026,sentinel2,COPERNICUS/S2_SR_HARMONIZED,True,NOT_APPLICABLE,SCENE_METADATA,524,120,0,0,51RTL|51RTM|51RUL|51RUM,Sentinel-2A|Sentinel-2B|Sentinel-2C,05.11|05.12|05.13,141.0,0,0,,,0.989941,NO_QUALITY_SCENES,QUERIED,2026-10-01T16:50:49Z,346d8d670d62a237f6e58b42a9a0dd79797786d441337066cbc5b6008743772b
