cell_size_m,bay_id,year,sensor,window_id,window_layer,n_coastal_cells,n_cells_any_coverage,n_cells_with_quality_event,n_quality_pairs,n_pairs,coverage_p50,coverage_p90,coverage_max,single_frame_coverage_p90,single_frame_coverage_max
5000,ZJ-HZB,1985,landsat5,autumn_v0,v0_predeclared,201,201,0,0,201,1.0,1.0,1.0,1.0,1.0
5000,ZJ-HZB,1985,landsat5,summer_v0,v0_predeclared,201,201,201,282,590,1.0,1.0,1.0,1.0,1.0
5000,ZJ-HZB,1985,landsat5,autumn_primary_v1,biological_target_phase,201,201,0,0,201,1.0,1.0,1.0,1.0,1.0
5000,ZJ-HZB,1985,landsat5,early_season_v1,biological_target_phase,201,201,0,0,0,1.0,1.0,1.0,1.0,1.0
5000,ZJ-HZB,1985,landsat5,__ALL_YEAR__,year,201,201,201,927,2065,1.0,1.0,1.0,1.0,1.0
5000,ZJ-HZB,1986,landsat5,autumn_v0,v0_predeclared,201,201,0,0,94,1.0,1.0,1.0,1.0,1.0
5000,ZJ-HZB,1986,landsat5,summer_v0,v0_predeclared,201,201,81,81,590,1.0,1.0,1.0,1.0,1.0
5000,ZJ-HZB,1986,landsat5,autumn_primary_v1,biological_target_phase,201,201,0,0,94,1.0,1.0,1.0,1.0,1.0
5000,ZJ-HZB,1986,landsat5,early_season_v1,biological_target_phase,201,201,0,0,0,1.0,1.0,1.0,1.0,1.0
5000,ZJ-HZB,1986,landsat5,__ALL_YEAR__,year,201,201,201,1368,2078,1.0,1.0,1.0,1.0,1.0
5000,ZJ-HZB,1987,landsat5,autumn_v0,v0_predeclared,201,201,201,483,590,1.0,1.0,1.0,1.0,1.0
5000,ZJ-HZB,1987,landsat5,summer_v0,v0_predeclared,201,201,81,81,885,1.0,1.0,1.0,1.0,1.0
5000,ZJ-HZB,1987,landsat5,autumn_primary_v1,biological_target_phase,201,201,201,684,791,1.0,1.0,1.0,1.0,1.0
5000,ZJ-HZB,1987,landsat5,early_season_v1,biological_target_phase,201,201,201,201,389,1.0,1.0,1.0,1.0,1.0
5000,ZJ-HZB,1987,landsat5,__ALL_YEAR__,year,201,201,201,1731,4143,1.0,1.0,1.0,1.0,1.0
5000,ZJ-HZB,1988,landsat5,autumn_v0,v0_predeclared,201,201,0,0,389,1.0,1.0,1.0,1.0,1.0
5000,ZJ-HZB,1988,landsat5,summer_v0,v0_predeclared,201,201,201,402,697,1.0,1.0,1.0,1.0,1.0
5000,ZJ-HZB,1988,landsat5,autumn_primary_v1,biological_target_phase,201,201,201,282,684,1.0,1.0,1.0,1.0,1.0
5000,ZJ-HZB,1988,landsat5,early_season_v1,biological_target_phase,201,201,81,81,295,1.0,1.0,1.0,1.0,1.0
5000,ZJ-HZB,1988,landsat5,__ALL_YEAR__,year,201,201,201,1530,4036,1.0,1.0,1.0,1.0,1.0
5000,ZJ-HZB,1989,landsat5,autumn_v0,v0_predeclared,201,201,201,483,684,1.0,1.0,1.0,1.0,1.0
5000,ZJ-HZB,1989,landsat5,summer_v0,v0_predeclared,201,201,81,81,590,1.0,1.0,1.0,1.0,1.0
5000,ZJ-HZB,1989,landsat5,autumn_primary_v1,biological_target_phase,201,201,201,483,885,1.0,1.0,1.0,1.0,1.0
5000,ZJ-HZB,1989,landsat5,early_season_v1,biological_target_phase,201,201,81,81,389,1.0,1.0,1.0,1.0,1.0
5000,ZJ-HZB,1989,landsat5,__ALL_YEAR__,year,201,201,201,1410,3446,1.0,1.0,1.0,1.0,1.0
5000,ZJ-HZB,1990,landsat5,autumn_v0,v0_predeclared,201,201,81,81,94,1.0,1.0,1.0,1.0,1.0
5000,ZJ-HZB,1990,landsat5,summer_v0,v0_predeclared,201,201,201,363,979,1.0,1.0,1.0,1.0,1.0
5000,ZJ-HZB,1990,landsat5,autumn_primary_v1,biological_target_phase,201,201,81,81,295,1.0,1.0,1.0,1.0,1.0
5000,ZJ-HZB,1990,landsat5,early_season_v1,biological_target_phase,201,201,201,603,697,1.0,1.0,1.0,1.0,1.0
5000,ZJ-HZB,1990,landsat5,__ALL_YEAR__,year,201,201,201,2052,3942,1.0,1.0,1.0,1.0,1.0
5000,ZJ-HZB,1991,landsat5,autumn_v0,v0_predeclared,201,201,201,363,590,1.0,1.0,1.0,1.0,1.0
5000,ZJ-HZB,1991,landsat5,summer_v0,v0_predeclared,201,201,201,282,590,1.0,1.0,1.0,1.0,1.0
5000,ZJ-HZB,1991,landsat5,autumn_primary_v1,biological_target_phase,201,201,201,444,684,1.0,1.0,1.0,1.0,1.0
5000,ZJ-HZB,1991,landsat5,early_season_v1,biological_target_phase,201,201,81,81,496,1.0,1.0,1.0,1.0,1.0
5000,ZJ-HZB,1991,landsat5,__ALL_YEAR__,year,201,201,201,1734,3728,1.0,1.0,1.0,1.0,1.0
5000,ZJ-HZB,1992,landsat5,autumn_v0,v0_predeclared,201,201,201,282,885,1.0,1.0,1.0,1.0,1.0
5000,ZJ-HZB,1992,landsat5,summer_v0,v0_predeclared,201,201,201,564,684,1.0,1.0,1.0,1.0,1.0
5000,ZJ-HZB,1992,landsat5,autumn_primary_v1,biological_target_phase,201,201,201,282,979,1.0,1.0,1.0,1.0,1.0
5000,ZJ-HZB,1992,landsat5,early_season_v1,biological_target_phase,201,201,81,162,282,1.0,1.0,1.0,1.0,1.0
5000,ZJ-HZB,1992,landsat5,__ALL_YEAR__,year,201,201,201,2217,4305,1.0,1.0,1.0,1.0,1.0
5000,ZJ-HZB,1993,landsat5,autumn_v0,v0_predeclared,201,201,81,162,188,1.0,1.0,1.0,1.0,1.0
5000,ZJ-HZB,1993,landsat5,summer_v0,v0_predeclared,201,201,201,282,979,1.0,1.0,1.0,1.0,1.0
5000,ZJ-HZB,1993,landsat5,autumn_primary_v1,biological_target_phase,201,201,81,162,389,1.0,1.0,1.0,1.0,1.0
5000,ZJ-HZB,1993,landsat5,early_season_v1,biological_target_phase,201,201,81,81,188,1.0,1.0,1.0,1.0,1.0
5000,ZJ-HZB,1993,landsat5,__ALL_YEAR__,year,201,201,201,1371,3232,1.0,1.0,1.0,1.0,1.0
5000,ZJ-HZB,1994,landsat5,autumn_v0,v0_predeclared,201,201,201,201,402,1.0,1.0,1.0,1.0,1.0
5000,ZJ-HZB,1994,landsat5,summer_v0,v0_predeclared,201,201,201,201,496,1.0,1.0,1.0,1.0,1.0
5000,ZJ-HZB,1994,landsat5,autumn_primary_v1,biological_target_phase,201,201,201,201,402,1.0,1.0,1.0,1.0,1.0
5000,ZJ-HZB,1994,landsat5,early_season_v1,biological_target_phase,201,201,201,282,389,1.0,1.0,1.0,1.0,1.0
5000,ZJ-HZB,1994,landsat5,__ALL_YEAR__,year,201,201,201,1449,2950,1.0,1.0,1.0,1.0,1.0
5000,ZJ-HZB,1995,landsat5,autumn_v0,v0_predeclared,201,201,81,81,295,1.0,1.0,1.0,1.0,1.0
5000,ZJ-HZB,1995,landsat5,summer_v0,v0_predeclared,201,201,201,282,496,1.0,1.0,1.0,1.0,1.0
5000,ZJ-HZB,1995,landsat5,autumn_primary_v1,biological_target_phase,201,201,201,282,590,1.0,1.0,1.0,1.0,1.0
5000,ZJ-HZB,1995,landsat5,early_season_v1,biological_target_phase,201,201,201,201,496,1.0,1.0,1.0,1.0,1.0
5000,ZJ-HZB,1995,landsat5,__ALL_YEAR__,year,201,201,201,2175,4036,1.0,1.0,1.0,1.0,1.0
5000,ZJ-HZB,1996,landsat5,autumn_v0,v0_predeclared,201,201,201,402,496,1.0,1.0,1.0,1.0,1.0
5000,ZJ-HZB,1996,landsat5,summer_v0,v0_predeclared,201,201,81,81,1180,1.0,1.0,1.0,1.0,1.0
5000,ZJ-HZB,1996,landsat5,autumn_primary_v1,biological_target_phase,201,201,201,402,496,1.0,1.0,1.0,1.0,1.0
5000,ZJ-HZB,1996,landsat5,early_season_v1,biological_target_phase,201,201,201,201,590,1.0,1.0,1.0,1.0,1.0
5000,ZJ-HZB,1996,landsat5,__ALL_YEAR__,year,201,201,201,1410,4616,1.0,1.0,1.0,1.0,1.0
5000,ZJ-HZB,1997,landsat5,autumn_v0,v0_predeclared,201,201,201,483,496,1.0,1.0,1.0,1.0,1.0
5000,ZJ-HZB,1997,landsat5,summer_v0,v0_predeclared,201,201,81,81,791,1.0,1.0,1.0,1.0,1.0
5000,ZJ-HZB,1997,landsat5,autumn_primary_v1,biological_target_phase,201,201,201,483,496,1.0,1.0,1.0,1.0,1.0
5000,ZJ-HZB,1997,landsat5,early_season_v1,biological_target_phase,201,201,81,162,590,1.0,1.0,1.0,1.0,1.0
5000,ZJ-HZB,1997,landsat5,__ALL_YEAR__,year,201,201,201,1731,4441,1.0,1.0,1.0,1.0,1.0
5000,ZJ-HZB,1998,landsat5,autumn_v0,v0_predeclared,201,201,0,0,100,1.0,1.0,1.0,1.0,1.0
5000,ZJ-HZB,1998,landsat5,summer_v0,v0_predeclared,201,201,201,480,499,1.0,1.0,1.0,1.0,1.0
5000,ZJ-HZB,1998,landsat5,autumn_primary_v1,biological_target_phase,201,201,201,282,395,1.0,1.0,1.0,1.0,1.0
5000,ZJ-HZB,1998,landsat5,early_season_v1,biological_target_phase,201,201,0,0,684,1.0,1.0,1.0,1.0,1.0
5000,ZJ-HZB,1998,landsat5,__ALL_YEAR__,year,201,201,201,1806,3458,1.0,1.0,1.0,1.0,1.0
5000,ZJ-HZB,1999,landsat5,autumn_v0,v0_predeclared,201,201,201,363,389,1.0,1.0,1.0,1.0,1.0
5000,ZJ-HZB,1999,landsat5,summer_v0,v0_predeclared,201,201,198,198,402,1.0,1.0,1.0,1.0,1.0
5000,ZJ-HZB,1999,landsat5,autumn_primary_v1,biological_target_phase,201,201,201,363,483,1.0,1.0,1.0,1.0,1.0
5000,ZJ-HZB,1999,landsat5,early_season_v1,biological_target_phase,201,201,0,0,97,1.0,1.0,1.0,1.0,1.0
5000,ZJ-HZB,1999,landsat5,__ALL_YEAR__,year,201,201,201,1488,3050,1.0,1.0,1.0,1.0,1.0
5000,ZJ-HZB,1999,landsat7,autumn_v0,v0_predeclared,201,201,81,162,389,1.0,1.0,1.0,1.0,1.0
5000,ZJ-HZB,1999,landsat7,summer_v0,v0_predeclared,201,201,0,0,0,1.0,1.0,1.0,1.0,1.0
5000,ZJ-HZB,1999,landsat7,autumn_primary_v1,biological_target_phase,201,201,201,363,590,1.0,1.0,1.0,1.0,1.0
5000,ZJ-HZB,1999,landsat7,early_season_v1,biological_target_phase,201,201,0,0,0,1.0,1.0,1.0,1.0,1.0
5000,ZJ-HZB,1999,landsat7,__ALL_YEAR__,year,201,201,201,726,1381,1.0,1.0,1.0,1.0,1.0
5000,ZJ-HZB,2000,landsat5,autumn_v0,v0_predeclared,201,201,81,81,684,1.0,1.0,1.0,1.0,1.0
5000,ZJ-HZB,2000,landsat5,summer_v0,v0_predeclared,201,201,201,363,885,1.0,1.0,1.0,1.0,1.0
5000,ZJ-HZB,2000,landsat5,autumn_primary_v1,biological_target_phase,201,201,81,162,781,1.0,1.0,1.0,1.0,1.0
5000,ZJ-HZB,2000,landsat5,early_season_v1,biological_target_phase,201,201,81,162,885,1.0,1.0,1.0,1.0,1.0
5000,ZJ-HZB,2000,landsat5,__ALL_YEAR__,year,201,201,201,1332,5193,1.0,1.0,1.0,1.0,1.0
5000,ZJ-HZB,2000,landsat7,autumn_v0,v0_predeclared,201,201,201,483,684,1.0,1.0,1.0,1.0,1.0
5000,ZJ-HZB,2000,landsat7,summer_v0,v0_predeclared,201,201,201,483,885,1.0,1.0,1.0,1.0,1.0
5000,ZJ-HZB,2000,landsat7,autumn_primary_v1,biological_target_phase,201,201,201,684,885,1.0,1.0,1.0,1.0,1.0
5000,ZJ-HZB,2000,landsat7,early_season_v1,biological_target_phase,201,201,201,561,593,1.0,1.0,1.0,1.0,1.0
5000,ZJ-HZB,2000,landsat7,__ALL_YEAR__,year,201,201,201,2892,4629,1.0,1.0,1.0,1.0,1.0
5000,ZJ-HZB,2001,landsat5,autumn_v0,v0_predeclared,201,201,201,201,496,1.0,1.0,1.0,1.0,1.0
5000,ZJ-HZB,2001,landsat5,summer_v0,v0_predeclared,201,201,198,360,885,1.0,1.0,1.0,1.0,1.0
5000,ZJ-HZB,2001,landsat5,autumn_primary_v1,biological_target_phase,201,201,201,402,791,1.0,1.0,1.0,1.0,1.0
5000,ZJ-HZB,2001,landsat5,early_season_v1,biological_target_phase,201,201,201,201,499,1.0,1.0,1.0,1.0,1.0
5000,ZJ-HZB,2001,landsat5,__ALL_YEAR__,year,201,201,201,2211,4723,1.0,1.0,1.0,1.0,1.0
5000,ZJ-HZB,2001,landsat7,autumn_v0,v0_predeclared,201,201,81,162,684,1.0,1.0,1.0,1.0,1.0
5000,ZJ-HZB,2001,landsat7,summer_v0,v0_predeclared,201,201,201,483,1086,1.0,1.0,1.0,1.0,1.0
5000,ZJ-HZB,2001,landsat7,autumn_primary_v1,biological_target_phase,201,201,201,444,979,1.0,1.0,1.0,1.0,1.0
5000,ZJ-HZB,2001,landsat7,early_season_v1,biological_target_phase,201,201,81,81,496,1.0,1.0,1.0,1.0,1.0
5000,ZJ-HZB,2001,landsat7,__ALL_YEAR__,year,201,201,201,1854,5028,1.0,1.0,1.0,1.0,1.0
5000,ZJ-HZB,2002,landsat5,autumn_v0,v0_predeclared,201,201,201,444,684,1.0,1.0,1.0,1.0,1.0
5000,ZJ-HZB,2002,landsat5,summer_v0,v0_predeclared,201,201,201,402,402,1.0,1.0,1.0,1.0,1.0
5000,ZJ-HZB,2002,landsat5,autumn_primary_v1,biological_target_phase,201,201,201,444,778,1.0,1.0,1.0,1.0,1.0
5000,ZJ-HZB,2002,landsat5,early_season_v1,biological_target_phase,201,201,0,0,94,1.0,1.0,1.0,1.0,1.0
5000,ZJ-HZB,2002,landsat5,__ALL_YEAR__,year,201,201,201,1611,3044,1.0,1.0,1.0,1.0,1.0
5000,ZJ-HZB,2002,landsat7,autumn_v0,v0_predeclared,201,201,201,201,590,1.0,1.0,1.0,1.0,1.0
5000,ZJ-HZB,2002,landsat7,summer_v0,v0_predeclared,201,201,201,363,885,1.0,1.0,1.0,1.0,1.0
5000,ZJ-HZB,2002,landsat7,autumn_primary_v1,biological_target_phase,201,201,201,483,885,1.0,1.0,1.0,1.0,1.0
5000,ZJ-HZB,2002,landsat7,early_season_v1,biological_target_phase,201,201,81,81,295,1.0,1.0,1.0,1.0,1.0
5000,ZJ-HZB,2002,landsat7,__ALL_YEAR__,year,201,201,201,2658,4723,1.0,1.0,1.0,1.0,1.0
5000,ZJ-HZB,2003,landsat5,autumn_v0,v0_predeclared,201,201,201,363,590,1.0,1.0,1.0,1.0,1.0
5000,ZJ-HZB,2003,landsat5,summer_v0,v0_predeclared,201,201,81,81,885,1.0,1.0,1.0,1.0,1.0
5000,ZJ-HZB,2003,landsat5,autumn_primary_v1,biological_target_phase,201,201,201,444,684,1.0,1.0,1.0,1.0,1.0
5000,ZJ-HZB,2003,landsat5,early_season_v1,biological_target_phase,201,201,0,0,0,1.0,1.0,1.0,1.0,1.0
5000,ZJ-HZB,2003,landsat5,__ALL_YEAR__,year,201,201,201,1569,3929,1.0,1.0,1.0,1.0,1.0
5000,ZJ-HZB,2003,landsat7,autumn_v0,v0_predeclared,201,201,201,402,590,1.0,1.0,1.0,1.0,1.0
5000,ZJ-HZB,2003,landsat7,summer_v0,v0_predeclared,201,201,201,201,201,1.0,1.0,1.0,1.0,1.0
5000,ZJ-HZB,2003,landsat7,autumn_primary_v1,biological_target_phase,201,201,201,483,885,1.0,1.0,1.0,1.0,1.0
5000,ZJ-HZB,2003,landsat7,early_season_v1,biological_target_phase,201,201,201,201,389,1.0,1.0,1.0,1.0,1.0
5000,ZJ-HZB,2003,landsat7,__ALL_YEAR__,year,201,201,201,2016,3420,1.0,1.0,1.0,1.0,1.0
5000,ZJ-HZB,2004,landsat5,autumn_v0,v0_predeclared,201,201,81,243,483,1.0,1.0,1.0,1.0,1.0
5000,ZJ-HZB,2004,landsat5,summer_v0,v0_predeclared,201,201,201,363,885,1.0,1.0,1.0,1.0,1.0
5000,ZJ-HZB,2004,landsat5,autumn_primary_v1,biological_target_phase,201,201,81,243,577,1.0,1.0,1.0,1.0,1.0
5000,ZJ-HZB,2004,landsat5,early_season_v1,biological_target_phase,201,201,0,0,94,1.0,1.0,1.0,1.0,1.0
5000,ZJ-HZB,2004,landsat5,__ALL_YEAR__,year,201,201,201,2055,4224,1.0,1.0,1.0,1.0,1.0
5000,ZJ-HZB,2004,landsat7,autumn_v0,v0_predeclared,201,201,201,483,791,1.0,1.0,1.0,1.0,1.0
5000,ZJ-HZB,2004,landsat7,summer_v0,v0_predeclared,201,201,81,81,992,1.0,1.0,1.0,1.0,1.0
5000,ZJ-HZB,2004,landsat7,autumn_primary_v1,biological_target_phase,201,201,201,483,885,1.0,1.0,1.0,1.0,1.0
5000,ZJ-HZB,2004,landsat7,early_season_v1,biological_target_phase,201,201,0,0,496,1.0,1.0,1.0,1.0,1.0
5000,ZJ-HZB,2004,landsat7,__ALL_YEAR__,year,201,201,201,1731,4830,1.0,1.0,1.0,1.0,1.0
5000,ZJ-HZB,2005,landsat5,autumn_v0,v0_predeclared,201,201,201,363,590,1.0,1.0,1.0,1.0,1.0
5000,ZJ-HZB,2005,landsat5,summer_v0,v0_predeclared,201,201,201,402,1086,1.0,1.0,1.0,1.0,1.0
5000,ZJ-HZB,2005,landsat5,autumn_primary_v1,biological_target_phase,201,201,201,363,684,1.0,1.0,1.0,1.0,1.0
5000,ZJ-HZB,2005,landsat5,early_season_v1,biological_target_phase,201,201,0,0,590,1.0,1.0,1.0,1.0,1.0
5000,ZJ-HZB,2005,landsat5,__ALL_YEAR__,year,201,201,201,1410,3809,1.0,1.0,1.0,1.0,1.0
5000,ZJ-HZB,2005,landsat7,autumn_v0,v0_predeclared,201,201,201,201,295,1.0,1.0,1.0,1.0,1.0
5000,ZJ-HZB,2005,landsat7,summer_v0,v0_predeclared,201,201,201,561,1086,1.0,1.0,1.0,1.0,1.0
5000,ZJ-HZB,2005,landsat7,autumn_primary_v1,biological_target_phase,201,201,201,201,298,1.0,1.0,1.0,1.0,1.0
5000,ZJ-HZB,2005,landsat7,early_season_v1,biological_target_phase,201,201,201,201,392,1.0,1.0,1.0,1.0,1.0
5000,ZJ-HZB,2005,landsat7,__ALL_YEAR__,year,201,201,201,2250,4739,1.0,1.0,1.0,1.0,1.0
5000,ZJ-HZB,2006,landsat5,autumn_v0,v0_predeclared,201,201,201,564,885,1.0,1.0,1.0,1.0,1.0
5000,ZJ-HZB,2006,landsat5,summer_v0,v0_predeclared,201,201,0,0,697,1.0,1.0,1.0,1.0,1.0
5000,ZJ-HZB,2006,landsat5,autumn_primary_v1,biological_target_phase,201,201,201,564,979,1.0,1.0,1.0,1.0,1.0
5000,ZJ-HZB,2006,landsat5,early_season_v1,biological_target_phase,201,201,201,363,389,1.0,1.0,1.0,1.0,1.0
5000,ZJ-HZB,2006,landsat5,__ALL_YEAR__,year,201,201,201,1773,4130,1.0,1.0,1.0,1.0,1.0
5000,ZJ-HZB,2006,landsat7,autumn_v0,v0_predeclared,201,201,201,282,496,1.0,1.0,1.0,1.0,1.0
5000,ZJ-HZB,2006,landsat7,summer_v0,v0_predeclared,201,201,0,0,392,1.0,1.0,1.0,1.0,1.0
5000,ZJ-HZB,2006,landsat7,autumn_primary_v1,biological_target_phase,201,201,201,483,697,1.0,1.0,1.0,1.0,1.0
5000,ZJ-HZB,2006,landsat7,early_season_v1,biological_target_phase,201,201,0,0,593,1.0,1.0,1.0,1.0,1.0
5000,ZJ-HZB,2006,landsat7,__ALL_YEAR__,year,201,201,201,1569,4632,1.0,1.0,1.0,1.0,1.0
5000,ZJ-HZB,2007,landsat5,autumn_v0,v0_predeclared,201,201,201,201,201,1.0,1.0,1.0,1.0,1.0
5000,ZJ-HZB,2007,landsat5,summer_v0,v0_predeclared,201,201,201,201,1086,1.0,1.0,1.0,1.0,1.0
5000,ZJ-HZB,2007,landsat5,autumn_primary_v1,biological_target_phase,201,201,201,201,201,1.0,1.0,1.0,1.0,1.0
5000,ZJ-HZB,2007,landsat5,early_season_v1,biological_target_phase,201,201,0,0,402,1.0,1.0,1.0,1.0,1.0
5000,ZJ-HZB,2007,landsat5,__ALL_YEAR__,year,201,201,201,1329,3647,1.0,1.0,1.0,1.0,1.0
5000,ZJ-HZB,2007,landsat7,autumn_v0,v0_predeclared,201,201,0,0,483,1.0,1.0,1.0,1.0,1.0
5000,ZJ-HZB,2007,landsat7,summer_v0,v0_predeclared,201,201,0,0,295,1.0,1.0,1.0,1.0,1.0
5000,ZJ-HZB,2007,landsat7,autumn_primary_v1,biological_target_phase,201,201,201,201,684,1.0,1.0,1.0,1.0,1.0
5000,ZJ-HZB,2007,landsat7,early_season_v1,biological_target_phase,201,201,201,483,590,1.0,1.0,1.0,1.0,1.0
5000,ZJ-HZB,2007,landsat7,__ALL_YEAR__,year,201,201,201,1608,3955,1.0,1.0,1.0,1.0,1.0
5000,ZJ-HZB,2008,landsat5,autumn_v0,v0_predeclared,201,201,201,282,697,1.0,1.0,1.0,1.0,1.0
5000,ZJ-HZB,2008,landsat5,summer_v0,v0_predeclared,201,201,201,363,684,1.0,1.0,1.0,1.0,1.0
5000,ZJ-HZB,2008,landsat5,autumn_primary_v1,biological_target_phase,201,201,201,282,697,1.0,1.0,1.0,1.0,1.0
5000,ZJ-HZB,2008,landsat5,early_season_v1,biological_target_phase,201,201,201,483,791,1.0,1.0,1.0,1.0,1.0
5000,ZJ-HZB,2008,landsat5,__ALL_YEAR__,year,201,201,201,1692,3835,1.0,1.0,1.0,1.0,1.0
5000,ZJ-HZB,2008,landsat7,autumn_v0,v0_predeclared,201,201,0,0,590,1.0,1.0,1.0,1.0,1.0
5000,ZJ-HZB,2008,landsat7,summer_v0,v0_predeclared,201,201,201,402,804,1.0,1.0,1.0,1.0,1.0
5000,ZJ-HZB,2008,landsat7,autumn_primary_v1,biological_target_phase,201,201,0,0,791,1.0,1.0,1.0,1.0,1.0
5000,ZJ-HZB,2008,landsat7,early_season_v1,biological_target_phase,201,201,201,363,684,1.0,1.0,1.0,1.0,1.0
5000,ZJ-HZB,2008,landsat7,__ALL_YEAR__,year,201,201,201,1491,4934,1.0,1.0,1.0,1.0,1.0
5000,ZJ-HZB,2009,landsat5,autumn_v0,v0_predeclared,201,201,201,402,791,1.0,1.0,1.0,1.0,1.0
5000,ZJ-HZB,2009,landsat5,summer_v0,v0_predeclared,201,201,201,282,885,1.0,1.0,1.0,1.0,1.0
5000,ZJ-HZB,2009,landsat5,autumn_primary_v1,biological_target_phase,201,201,201,603,992,1.0,1.0,1.0,1.0,1.0
5000,ZJ-HZB,2009,landsat5,early_season_v1,biological_target_phase,201,201,201,201,697,1.0,1.0,1.0,1.0,1.0
5000,ZJ-HZB,2009,landsat5,__ALL_YEAR__,year,201,201,201,1731,3754,1.0,1.0,1.0,1.0,1.0
5000,ZJ-HZB,2009,landsat7,autumn_v0,v0_predeclared,201,201,201,363,590,1.0,1.0,1.0,1.0,1.0
5000,ZJ-HZB,2009,landsat7,summer_v0,v0_predeclared,201,201,0,0,590,1.0,1.0,1.0,1.0,1.0
5000,ZJ-HZB,2009,landsat7,autumn_primary_v1,biological_target_phase,201,201,201,444,885,1.0,1.0,1.0,1.0,1.0
5000,ZJ-HZB,2009,landsat7,early_season_v1,biological_target_phase,201,201,201,402,590,1.0,1.0,1.0,1.0,1.0
5000,ZJ-HZB,2009,landsat7,__ALL_YEAR__,year,201,201,201,1935,3916,1.0,1.0,1.0,1.0,1.0
5000,ZJ-HZB,2010,landsat5,autumn_v0,v0_predeclared,201,201,0,0,295,1.0,1.0,1.0,1.0,1.0
5000,ZJ-HZB,2010,landsat5,summer_v0,v0_predeclared,201,201,201,201,402,1.0,1.0,1.0,1.0,1.0
5000,ZJ-HZB,2010,landsat5,autumn_primary_v1,biological_target_phase,201,201,201,201,496,1.0,1.0,1.0,1.0,1.0
5000,ZJ-HZB,2010,landsat5,early_season_v1,biological_target_phase,201,201,201,282,496,1.0,1.0,1.0,1.0,1.0
5000,ZJ-HZB,2010,landsat5,__ALL_YEAR__,year,201,201,201,1731,3365,1.0,1.0,1.0,1.0,1.0
5000,ZJ-HZB,2010,landsat7,autumn_v0,v0_predeclared,201,201,201,282,590,1.0,1.0,1.0,1.0,1.0
5000,ZJ-HZB,2010,landsat7,summer_v0,v0_predeclared,201,201,201,282,389,1.0,1.0,1.0,1.0,1.0
5000,ZJ-HZB,2010,landsat7,autumn_primary_v1,biological_target_phase,201,201,201,282,590,1.0,1.0,1.0,1.0,1.0
5000,ZJ-HZB,2010,landsat7,early_season_v1,biological_target_phase,201,201,201,483,496,1.0,1.0,1.0,1.0,1.0
5000,ZJ-HZB,2010,landsat7,__ALL_YEAR__,year,201,201,201,2820,4224,1.0,1.0,1.0,1.0,1.0
5000,ZJ-HZB,2011,landsat5,autumn_v0,v0_predeclared,201,201,201,201,201,1.0,1.0,1.0,1.0,1.0
5000,ZJ-HZB,2011,landsat5,summer_v0,v0_predeclared,201,201,201,282,590,1.0,1.0,1.0,1.0,1.0
5000,ZJ-HZB,2011,landsat5,autumn_primary_v1,biological_target_phase,201,201,201,201,201,1.0,1.0,1.0,1.0,1.0
5000,ZJ-HZB,2011,landsat5,early_season_v1,biological_target_phase,201,201,201,282,389,1.0,1.0,1.0,1.0,1.0
5000,ZJ-HZB,2011,landsat5,__ALL_YEAR__,year,201,201,201,1209,3245,1.0,1.0,1.0,1.0,1.0
5000,ZJ-HZB,2011,landsat7,autumn_v0,v0_predeclared,201,201,201,282,684,1.0,1.0,1.0,1.0,1.0
5000,ZJ-HZB,2011,landsat7,summer_v0,v0_predeclared,201,201,81,81,94,1.0,1.0,1.0,1.0,1.0
5000,ZJ-HZB,2011,landsat7,autumn_primary_v1,biological_target_phase,201,201,201,363,778,1.0,1.0,1.0,1.0,1.0
5000,ZJ-HZB,2011,landsat7,early_season_v1,biological_target_phase,201,201,81,81,94,1.0,1.0,1.0,1.0,1.0
5000,ZJ-HZB,2011,landsat7,__ALL_YEAR__,year,201,201,201,1974,3822,1.0,1.0,1.0,1.0,1.0
5000,ZJ-HZB,2012,landsat7,autumn_v0,v0_predeclared,201,201,201,564,885,1.0,1.0,1.0,1.0,1.0
5000,ZJ-HZB,2012,landsat7,summer_v0,v0_predeclared,201,201,0,0,201,1.0,1.0,1.0,1.0,1.0
5000,ZJ-HZB,2012,landsat7,autumn_primary_v1,biological_target_phase,201,201,201,846,1180,1.0,1.0,1.0,1.0,1.0
5000,ZJ-HZB,2012,landsat7,early_season_v1,biological_target_phase,201,201,201,282,684,1.0,1.0,1.0,1.0,1.0
5000,ZJ-HZB,2012,landsat7,__ALL_YEAR__,year,201,201,201,2013,4451,1.0,1.0,1.0,1.0,1.0
5000,ZJ-HZB,2013,landsat7,autumn_v0,v0_predeclared,201,201,0,0,402,1.0,1.0,1.0,1.0,1.0
5000,ZJ-HZB,2013,landsat7,summer_v0,v0_predeclared,201,201,201,363,389,1.0,1.0,1.0,1.0,1.0
5000,ZJ-HZB,2013,landsat7,autumn_primary_v1,biological_target_phase,201,201,201,282,697,1.0,1.0,1.0,1.0,1.0
5000,ZJ-HZB,2013,landsat7,early_season_v1,biological_target_phase,201,201,201,282,389,1.0,1.0,1.0,1.0,1.0
5000,ZJ-HZB,2013,landsat7,__ALL_YEAR__,year,201,201,201,1974,4036,1.0,1.0,1.0,1.0,1.0
5000,ZJ-HZB,2013,landsat8,autumn_v0,v0_predeclared,201,201,81,81,697,1.0,1.0,1.0,1.0,1.0
5000,ZJ-HZB,2013,landsat8,summer_v0,v0_predeclared,201,201,198,360,885,1.0,1.0,1.0,1.0,1.0
5000,ZJ-HZB,2013,landsat8,autumn_primary_v1,biological_target_phase,201,201,81,162,791,1.0,1.0,1.0,1.0,1.0
5000,ZJ-HZB,2013,landsat8,early_season_v1,biological_target_phase,201,201,198,198,201,1.0,1.0,1.0,1.0,1.0
5000,ZJ-HZB,2013,landsat8,__ALL_YEAR__,year,201,201,201,1686,3741,1.0,1.0,1.0,1.0,1.0
5000,ZJ-HZB,2014,landsat7,autumn_v0,v0_predeclared,201,201,0,0,791,1.0,1.0,1.0,1.0,1.0
5000,ZJ-HZB,2014,landsat7,summer_v0,v0_predeclared,201,201,201,282,885,1.0,1.0,1.0,1.0,1.0
5000,ZJ-HZB,2014,landsat7,autumn_primary_v1,biological_target_phase,201,201,81,81,1086,1.0,1.0,1.0,1.0,1.0
5000,ZJ-HZB,2014,landsat7,early_season_v1,biological_target_phase,201,201,81,81,496,1.0,1.0,1.0,1.0,1.0
5000,ZJ-HZB,2014,landsat7,__ALL_YEAR__,year,201,201,201,1653,5015,1.0,1.0,1.0,1.0,1.0
5000,ZJ-HZB,2014,landsat8,autumn_v0,v0_predeclared,201,201,201,483,791,1.0,1.0,1.0,1.0,1.0
5000,ZJ-HZB,2014,landsat8,summer_v0,v0_predeclared,201,201,198,279,791,1.0,1.0,1.0,1.0,1.0
5000,ZJ-HZB,2014,landsat8,autumn_primary_v1,biological_target_phase,201,201,201,684,1086,1.0,1.0,1.0,1.0,1.0
5000,ZJ-HZB,2014,landsat8,early_season_v1,biological_target_phase,201,201,0,0,496,1.0,1.0,1.0,1.0,1.0
5000,ZJ-HZB,2014,landsat8,__ALL_YEAR__,year,201,201,201,2169,5232,1.0,1.0,1.0,1.0,1.0
5000,ZJ-HZB,2015,landsat7,autumn_v0,v0_predeclared,201,201,0,0,295,1.0,1.0,1.0,1.0,1.0
5000,ZJ-HZB,2015,landsat7,summer_v0,v0_predeclared,201,201,201,201,791,1.0,1.0,1.0,1.0,1.0
5000,ZJ-HZB,2015,landsat7,autumn_primary_v1,biological_target_phase,201,201,81,81,590,1.0,1.0,1.0,1.0,1.0
5000,ZJ-HZB,2015,landsat7,early_season_v1,biological_target_phase,201,201,201,483,590,1.0,1.0,1.0,1.0,1.0
5000,ZJ-HZB,2015,landsat7,__ALL_YEAR__,year,201,201,201,1653,3929,1.0,1.0,1.0,1.0,1.0
5000,ZJ-HZB,2015,landsat8,autumn_v0,v0_predeclared,201,201,201,363,392,1.0,1.0,1.0,1.0,1.0
5000,ZJ-HZB,2015,landsat8,summer_v0,v0_predeclared,201,201,0,0,885,1.0,1.0,1.0,1.0,1.0
5000,ZJ-HZB,2015,landsat8,autumn_primary_v1,biological_target_phase,201,201,201,363,687,1.0,1.0,1.0,1.0,1.0
5000,ZJ-HZB,2015,landsat8,early_season_v1,biological_target_phase,201,201,81,81,590,1.0,1.0,1.0,1.0,1.0
5000,ZJ-HZB,2015,landsat8,__ALL_YEAR__,year,201,201,201,1608,4937,1.0,1.0,1.0,1.0,1.0
5000,ZJ-HZB,2015,sentinel1,autumn_v0,v0_predeclared,201,201,0,0,0,1.0,1.0,1.0,1.0,1.0
5000,ZJ-HZB,2015,sentinel1,summer_v0,v0_predeclared,201,201,201,275,288,1.0,1.0,1.0,1.0,1.0
5000,ZJ-HZB,2015,sentinel1,autumn_primary_v1,biological_target_phase,201,201,0,0,0,1.0,1.0,1.0,1.0,1.0
5000,ZJ-HZB,2015,sentinel1,early_season_v1,biological_target_phase,201,201,201,275,288,1.0,1.0,1.0,1.0,1.0
5000,ZJ-HZB,2015,sentinel1,__ALL_YEAR__,year,201,201,201,751,777,1.0,1.0,1.0,1.0,1.0
5000,ZJ-HZB,2016,landsat7,autumn_v0,v0_predeclared,201,201,0,0,496,1.0,1.0,1.0,1.0,1.0
5000,ZJ-HZB,2016,landsat7,summer_v0,v0_predeclared,201,201,201,282,590,1.0,1.0,1.0,1.0,1.0
5000,ZJ-HZB,2016,landsat7,autumn_primary_v1,biological_target_phase,201,201,0,0,496,1.0,1.0,1.0,1.0,1.0
5000,ZJ-HZB,2016,landsat7,early_season_v1,biological_target_phase,201,201,201,363,389,1.0,1.0,1.0,1.0,1.0
5000,ZJ-HZB,2016,landsat7,__ALL_YEAR__,year,201,201,201,1290,3621,1.0,1.0,1.0,1.0,1.0
5000,ZJ-HZB,2016,landsat8,autumn_v0,v0_predeclared,201,201,201,201,402,1.0,1.0,1.0,1.0,1.0
5000,ZJ-HZB,2016,landsat8,summer_v0,v0_predeclared,201,201,201,282,992,1.0,1.0,1.0,1.0,1.0
5000,ZJ-HZB,2016,landsat8,autumn_primary_v1,biological_target_phase,201,201,201,201,402,1.0,1.0,1.0,1.0,1.0
5000,ZJ-HZB,2016,landsat8,early_season_v1,biological_target_phase,201,201,201,399,496,1.0,1.0,1.0,1.0,1.0
5000,ZJ-HZB,2016,landsat8,__ALL_YEAR__,year,201,201,201,1890,4635,1.0,1.0,1.0,1.0,1.0
5000,ZJ-HZB,2016,sentinel1,autumn_v0,v0_predeclared,201,87,74,74,87,1.0,1.0,1.0,1.0,1.0
5000,ZJ-HZB,2016,sentinel1,summer_v0,v0_predeclared,201,87,74,296,348,1.0,1.0,1.0,1.0,1.0
5000,ZJ-HZB,2016,sentinel1,autumn_primary_v1,biological_target_phase,201,87,74,74,87,1.0,1.0,1.0,1.0,1.0
5000,ZJ-HZB,2016,sentinel1,early_season_v1,biological_target_phase,201,87,0,0,0,1.0,1.0,1.0,1.0,1.0
5000,ZJ-HZB,2016,sentinel1,__ALL_YEAR__,year,201,87,74,518,609,1.0,1.0,1.0,1.0,1.0
5000,ZJ-HZB,2017,landsat7,autumn_v0,v0_predeclared,201,201,201,201,590,1.0,1.0,1.0,1.0,1.0
5000,ZJ-HZB,2017,landsat7,summer_v0,v0_predeclared,201,201,201,282,885,1.0,1.0,1.0,1.0,1.0
5000,ZJ-HZB,2017,landsat7,autumn_primary_v1,biological_target_phase,201,201,201,282,885,1.0,1.0,1.0,1.0,1.0
5000,ZJ-HZB,2017,landsat7,early_season_v1,biological_target_phase,201,201,0,0,295,1.0,1.0,1.0,1.0,1.0
5000,ZJ-HZB,2017,landsat7,__ALL_YEAR__,year,201,201,201,1611,4334,1.0,1.0,1.0,1.0,1.0
5000,ZJ-HZB,2017,landsat8,autumn_v0,v0_predeclared,201,201,201,201,697,1.0,1.0,1.0,1.0,1.0
5000,ZJ-HZB,2017,landsat8,summer_v0,v0_predeclared,201,201,201,282,590,1.0,1.0,1.0,1.0,1.0
5000,ZJ-HZB,2017,landsat8,autumn_primary_v1,biological_target_phase,201,201,201,282,992,1.0,1.0,1.0,1.0,1.0
5000,ZJ-HZB,2017,landsat8,early_season_v1,biological_target_phase,201,201,198,360,483,1.0,1.0,1.0,1.0,1.0
5000,ZJ-HZB,2017,landsat8,__ALL_YEAR__,year,201,201,201,1968,4629,1.0,1.0,1.0,1.0,1.0
5000,ZJ-HZB,2017,sentinel2,autumn_v0,v0_predeclared,201,64,48,75,105,1.0,1.0,1.0,1.0,1.0
5000,ZJ-HZB,2017,sentinel2,summer_v0,v0_predeclared,201,64,0,0,0,1.0,1.0,1.0,1.0,1.0
5000,ZJ-HZB,2017,sentinel2,autumn_primary_v1,biological_target_phase,201,64,48,102,146,1.0,1.0,1.0,1.0,1.0
5000,ZJ-HZB,2017,sentinel2,early_season_v1,biological_target_phase,201,64,29,29,43,1.0,1.0,1.0,1.0,1.0
5000,ZJ-HZB,2017,sentinel2,__ALL_YEAR__,year,201,64,48,669,901,1.0,1.0,1.0,1.0,1.0
5000,ZJ-HZB,2018,landsat7,autumn_v0,v0_predeclared,201,201,201,363,684,1.0,1.0,1.0,1.0,1.0
5000,ZJ-HZB,2018,landsat7,summer_v0,v0_predeclared,201,201,201,282,885,1.0,1.0,1.0,1.0,1.0
5000,ZJ-HZB,2018,landsat7,autumn_primary_v1,biological_target_phase,201,201,201,363,778,1.0,1.0,1.0,1.0,1.0
5000,ZJ-HZB,2018,landsat7,early_season_v1,biological_target_phase,201,201,81,81,496,1.0,1.0,1.0,1.0,1.0
5000,ZJ-HZB,2018,landsat7,__ALL_YEAR__,year,201,201,201,1692,4331,1.0,1.0,1.0,1.0,1.0
5000,ZJ-HZB,2018,landsat8,autumn_v0,v0_predeclared,201,201,201,402,590,1.0,1.0,1.0,1.0,1.0
5000,ZJ-HZB,2018,landsat8,summer_v0,v0_predeclared,201,201,201,480,596,1.0,1.0,1.0,1.0,1.0
5000,ZJ-HZB,2018,landsat8,autumn_primary_v1,biological_target_phase,201,201,201,402,590,1.0,1.0,1.0,1.0,1.0
5000,ZJ-HZB,2018,landsat8,early_season_v1,biological_target_phase,201,201,81,162,791,1.0,1.0,1.0,1.0,1.0
5000,ZJ-HZB,2018,landsat8,__ALL_YEAR__,year,201,201,201,2169,4217,1.0,1.0,1.0,1.0,1.0
5000,ZJ-HZB,2018,sentinel1,autumn_v0,v0_predeclared,201,201,0,0,0,1.0,1.0,1.0,1.0,1.0
5000,ZJ-HZB,2018,sentinel1,summer_v0,v0_predeclared,201,201,0,0,0,1.0,1.0,1.0,1.0,1.0
5000,ZJ-HZB,2018,sentinel1,autumn_primary_v1,biological_target_phase,201,201,0,0,0,1.0,1.0,1.0,1.0,1.0
5000,ZJ-HZB,2018,sentinel1,early_season_v1,biological_target_phase,201,201,0,0,0,1.0,1.0,1.0,1.0,1.0
5000,ZJ-HZB,2018,sentinel1,__ALL_YEAR__,year,201,201,201,373,381,1.0,1.0,1.0,1.0,1.0
5000,ZJ-HZB,2018,sentinel2,autumn_v0,v0_predeclared,201,64,29,29,43,1.0,1.0,1.0,1.0,1.0
5000,ZJ-HZB,2018,sentinel2,summer_v0,v0_predeclared,201,64,41,41,53,1.0,1.0,1.0,1.0,1.0
5000,ZJ-HZB,2018,sentinel2,autumn_primary_v1,biological_target_phase,201,64,48,63,95,1.0,1.0,1.0,1.0,1.0
5000,ZJ-HZB,2018,sentinel2,early_season_v1,biological_target_phase,201,64,22,22,32,1.0,1.0,1.0,1.0,1.0
5000,ZJ-HZB,2018,sentinel2,__ALL_YEAR__,year,201,64,48,570,1125,1.0,1.0,1.0,1.0,1.0
5000,ZJ-HZB,2019,landsat7,autumn_v0,v0_predeclared,201,201,201,282,885,1.0,1.0,1.0,1.0,1.0
5000,ZJ-HZB,2019,landsat7,summer_v0,v0_predeclared,201,201,0,0,590,1.0,1.0,1.0,1.0,1.0
5000,ZJ-HZB,2019,landsat7,autumn_primary_v1,biological_target_phase,201,201,201,483,1086,1.0,1.0,1.0,1.0,1.0
5000,ZJ-HZB,2019,landsat7,early_season_v1,biological_target_phase,201,201,81,81,496,1.0,1.0,1.0,1.0,1.0
5000,ZJ-HZB,2019,landsat7,__ALL_YEAR__,year,201,201,201,1893,4532,1.0,1.0,1.0,1.0,1.0
5000,ZJ-HZB,2019,landsat8,autumn_v0,v0_predeclared,201,201,81,81,295,1.0,1.0,1.0,1.0,1.0
5000,ZJ-HZB,2019,landsat8,summer_v0,v0_predeclared,201,201,201,201,885,1.0,1.0,1.0,1.0,1.0
5000,ZJ-HZB,2019,landsat8,autumn_primary_v1,biological_target_phase,201,201,201,363,590,1.0,1.0,1.0,1.0,1.0
5000,ZJ-HZB,2019,landsat8,early_season_v1,biological_target_phase,201,201,0,0,496,1.0,1.0,1.0,1.0,1.0
5000,ZJ-HZB,2019,landsat8,__ALL_YEAR__,year,201,201,201,1890,4830,1.0,1.0,1.0,1.0,1.0
5000,ZJ-HZB,2019,sentinel1,autumn_v0,v0_predeclared,201,201,0,0,0,1.0,1.0,1.0,1.0,1.0
5000,ZJ-HZB,2019,sentinel1,summer_v0,v0_predeclared,201,201,0,0,0,1.0,1.0,1.0,1.0,1.0
5000,ZJ-HZB,2019,sentinel1,autumn_primary_v1,biological_target_phase,201,201,0,0,0,1.0,1.0,1.0,1.0,1.0
5000,ZJ-HZB,2019,sentinel1,early_season_v1,biological_target_phase,201,201,0,0,0,1.0,1.0,1.0,1.0,1.0
5000,ZJ-HZB,2019,sentinel1,__ALL_YEAR__,year,201,201,201,447,468,1.0,1.0,1.0,1.0,1.0
5000,ZJ-HZB,2019,sentinel2,autumn_v0,v0_predeclared,201,64,48,247,1093,1.0,1.0,1.0,1.0,1.0
5000,ZJ-HZB,2019,sentinel2,summer_v0,v0_predeclared,201,64,48,106,1404,1.0,1.0,1.0,1.0,1.0
5000,ZJ-HZB,2019,sentinel2,autumn_primary_v1,biological_target_phase,201,64,48,397,1484,1.0,1.0,1.0,1.0,1.0
5000,ZJ-HZB,2019,sentinel2,early_season_v1,biological_target_phase,201,64,48,87,903,1.0,1.0,1.0,1.0,1.0
5000,ZJ-HZB,2019,sentinel2,__ALL_YEAR__,year,201,64,48,1439,8628,1.0,1.0,1.0,1.0,1.0
5000,ZJ-HZB,2020,landsat7,autumn_v0,v0_predeclared,201,201,201,282,791,1.0,1.0,1.0,1.0,1.0
5000,ZJ-HZB,2020,landsat7,summer_v0,v0_predeclared,201,201,0,0,684,1.0,1.0,1.0,1.0,1.0
5000,ZJ-HZB,2020,landsat7,autumn_primary_v1,biological_target_phase,201,201,201,564,1086,1.0,1.0,1.0,1.0,1.0
5000,ZJ-HZB,2020,landsat7,early_season_v1,biological_target_phase,201,201,201,282,684,1.0,1.0,1.0,1.0,1.0
5000,ZJ-HZB,2020,landsat7,__ALL_YEAR__,year,201,201,201,1734,5404,1.0,1.0,1.0,1.0,1.0
5000,ZJ-HZB,2020,landsat8,autumn_v0,v0_predeclared,201,201,0,0,687,1.0,1.0,1.0,1.0,1.0
5000,ZJ-HZB,2020,landsat8,summer_v0,v0_predeclared,201,201,81,81,389,1.0,1.0,1.0,1.0,1.0
5000,ZJ-HZB,2020,landsat8,autumn_primary_v1,biological_target_phase,201,201,81,81,781,1.0,1.0,1.0,1.0,1.0
5000,ZJ-HZB,2020,landsat8,early_season_v1,biological_target_phase,201,201,201,363,791,1.0,1.0,1.0,1.0,1.0
5000,ZJ-HZB,2020,landsat8,__ALL_YEAR__,year,201,201,201,1770,4616,1.0,1.0,1.0,1.0,1.0
5000,ZJ-HZB,2020,sentinel1,autumn_v0,v0_predeclared,201,87,0,0,0,1.0,1.0,1.0,1.0,1.0
5000,ZJ-HZB,2020,sentinel1,summer_v0,v0_predeclared,201,87,0,0,0,1.0,1.0,1.0,1.0,1.0
5000,ZJ-HZB,2020,sentinel1,autumn_primary_v1,biological_target_phase,201,87,0,0,0,1.0,1.0,1.0,1.0,1.0
5000,ZJ-HZB,2020,sentinel1,early_season_v1,biological_target_phase,201,87,0,0,0,1.0,1.0,1.0,1.0,1.0
5000,ZJ-HZB,2020,sentinel1,__ALL_YEAR__,year,201,87,74,74,87,1.0,1.0,1.0,1.0,1.0
5000,ZJ-HZB,2020,sentinel2,autumn_v0,v0_predeclared,201,64,48,249,1093,1.0,1.0,1.0,1.0,1.0
5000,ZJ-HZB,2020,sentinel2,summer_v0,v0_predeclared,201,64,7,7,1404,1.0,1.0,1.0,1.0,1.0
5000,ZJ-HZB,2020,sentinel2,autumn_primary_v1,biological_target_phase,201,64,48,396,1444,1.0,1.0,1.0,1.0,1.0
5000,ZJ-HZB,2020,sentinel2,early_season_v1,biological_target_phase,201,64,48,110,936,1.0,1.0,1.0,1.0,1.0
5000,ZJ-HZB,2020,sentinel2,__ALL_YEAR__,year,201,64,48,1793,8792,1.0,1.0,1.0,1.0,1.0
5000,ZJ-HZB,2021,landsat7,autumn_v0,v0_predeclared,201,201,201,564,791,1.0,1.0,1.0,1.0,1.0
5000,ZJ-HZB,2021,landsat7,summer_v0,v0_predeclared,201,201,0,0,697,1.0,1.0,1.0,1.0,1.0
5000,ZJ-HZB,2021,landsat7,autumn_primary_v1,biological_target_phase,201,201,201,765,992,1.0,1.0,1.0,1.0,1.0
5000,ZJ-HZB,2021,landsat7,early_season_v1,biological_target_phase,201,201,0,0,496,1.0,1.0,1.0,1.0,1.0
5000,ZJ-HZB,2021,landsat7,__ALL_YEAR__,year,201,201,201,1650,4344,1.0,1.0,1.0,1.0,1.0
5000,ZJ-HZB,2021,landsat8,autumn_v0,v0_predeclared,201,201,198,279,791,1.0,1.0,1.0,1.0,1.0
5000,ZJ-HZB,2021,landsat8,summer_v0,v0_predeclared,201,201,81,81,483,1.0,1.0,1.0,1.0,1.0
5000,ZJ-HZB,2021,landsat8,autumn_primary_v1,biological_target_phase,201,201,198,360,1086,1.0,1.0,1.0,1.0,1.0
5000,ZJ-HZB,2021,landsat8,early_season_v1,biological_target_phase,201,201,201,201,684,1.0,1.0,1.0,1.0,1.0
5000,ZJ-HZB,2021,landsat8,__ALL_YEAR__,year,201,201,201,1203,4729,1.0,1.0,1.0,1.0,1.0
5000,ZJ-HZB,2021,sentinel1,autumn_v0,v0_predeclared,201,201,0,0,0,1.0,1.0,1.0,1.0,1.0
5000,ZJ-HZB,2021,sentinel1,summer_v0,v0_predeclared,201,201,201,275,288,1.0,1.0,1.0,1.0,1.0
5000,ZJ-HZB,2021,sentinel1,autumn_primary_v1,biological_target_phase,201,201,0,0,0,1.0,1.0,1.0,1.0,1.0
5000,ZJ-HZB,2021,sentinel1,early_season_v1,biological_target_phase,201,201,0,0,0,1.0,1.0,1.0,1.0,1.0
5000,ZJ-HZB,2021,sentinel1,__ALL_YEAR__,year,201,201,201,275,288,1.0,1.0,1.0,1.0,1.0
5000,ZJ-HZB,2021,sentinel2,autumn_v0,v0_predeclared,201,64,48,302,1146,1.0,1.0,1.0,1.0,1.0
5000,ZJ-HZB,2021,sentinel2,summer_v0,v0_predeclared,201,64,48,70,1404,1.0,1.0,1.0,1.0,1.0
5000,ZJ-HZB,2021,sentinel2,autumn_primary_v1,biological_target_phase,201,64,48,447,1517,1.0,1.0,1.0,1.0,1.0
5000,ZJ-HZB,2021,sentinel2,early_season_v1,biological_target_phase,201,64,48,142,989,1.0,1.0,1.0,1.0,1.0
5000,ZJ-HZB,2021,sentinel2,__ALL_YEAR__,year,201,64,48,1815,8740,1.0,1.0,1.0,1.0,1.0
5000,ZJ-HZB,2022,landsat7,autumn_v0,v0_predeclared,201,201,201,399,402,1.0,1.0,1.0,1.0,1.0
5000,ZJ-HZB,2022,landsat7,summer_v0,v0_predeclared,201,201,201,393,1028,1.0,1.0,1.0,1.0,1.0
5000,ZJ-HZB,2022,landsat7,autumn_primary_v1,biological_target_phase,201,201,201,600,715,1.0,1.0,1.0,1.0,1.0
5000,ZJ-HZB,2022,landsat7,early_season_v1,biological_target_phase,201,201,0,0,295,1.0,1.0,1.0,1.0,1.0
5000,ZJ-HZB,2022,landsat7,__ALL_YEAR__,year,201,201,201,1653,3656,1.0,1.0,1.0,1.0,1.0
5000,ZJ-HZB,2022,landsat8,autumn_v0,v0_predeclared,201,201,81,162,885,1.0,1.0,1.0,1.0,1.0
5000,ZJ-HZB,2022,landsat8,summer_v0,v0_predeclared,201,201,198,360,781,1.0,1.0,1.0,1.0,1.0
5000,ZJ-HZB,2022,landsat8,autumn_primary_v1,biological_target_phase,201,201,198,360,1086,1.0,1.0,1.0,1.0,1.0
5000,ZJ-HZB,2022,landsat8,early_season_v1,biological_target_phase,201,201,201,201,496,1.0,1.0,1.0,1.0,1.0
5000,ZJ-HZB,2022,landsat8,__ALL_YEAR__,year,201,201,201,2169,4551,1.0,1.0,1.0,1.0,1.0
5000,ZJ-HZB,2022,landsat9,autumn_v0,v0_predeclared,201,201,198,279,590,1.0,1.0,1.0,1.0,1.0
5000,ZJ-HZB,2022,landsat9,summer_v0,v0_predeclared,201,201,0,0,1180,1.0,1.0,1.0,1.0,1.0
5000,ZJ-HZB,2022,landsat9,autumn_primary_v1,biological_target_phase,201,201,198,279,885,1.0,1.0,1.0,1.0,1.0
5000,ZJ-HZB,2022,landsat9,early_season_v1,biological_target_phase,201,201,81,81,590,1.0,1.0,1.0,1.0,1.0
5000,ZJ-HZB,2022,landsat9,__ALL_YEAR__,year,201,201,201,1887,5216,1.0,1.0,1.0,1.0,1.0
5000,ZJ-HZB,2022,sentinel2,autumn_v0,v0_predeclared,201,64,48,154,1106,1.0,1.0,1.0,1.0,1.0
5000,ZJ-HZB,2022,sentinel2,summer_v0,v0_predeclared,201,64,48,92,1404,1.0,1.0,1.0,1.0,1.0
5000,ZJ-HZB,2022,sentinel2,autumn_primary_v1,biological_target_phase,201,64,48,166,1457,1.0,1.0,1.0,1.0,1.0
5000,ZJ-HZB,2022,sentinel2,early_season_v1,biological_target_phase,201,64,48,89,989,1.0,1.0,1.0,1.0,1.0
5000,ZJ-HZB,2022,sentinel2,__ALL_YEAR__,year,201,64,48,1370,8541,1.0,1.0,1.0,1.0,1.0
5000,ZJ-HZB,2023,landsat7,autumn_v0,v0_predeclared,201,201,177,258,501,1.0,1.0,1.0,1.0,1.0
5000,ZJ-HZB,2023,landsat7,summer_v0,v0_predeclared,201,201,0,0,809,1.0,1.0,1.0,1.0,1.0
5000,ZJ-HZB,2023,landsat7,autumn_primary_v1,biological_target_phase,201,201,177,258,501,1.0,1.0,1.0,1.0,1.0
5000,ZJ-HZB,2023,landsat7,early_season_v1,biological_target_phase,201,201,0,0,201,1.0,1.0,1.0,1.0,1.0
5000,ZJ-HZB,2023,landsat7,__ALL_YEAR__,year,201,201,201,1521,3870,1.0,1.0,1.0,1.0,1.0
5000,ZJ-HZB,2023,landsat8,autumn_v0,v0_predeclared,201,201,81,81,885,1.0,1.0,1.0,1.0,1.0
5000,ZJ-HZB,2023,landsat8,summer_v0,v0_predeclared,201,201,0,0,979,1.0,1.0,1.0,1.0,1.0
5000,ZJ-HZB,2023,landsat8,autumn_primary_v1,biological_target_phase,201,201,198,279,1180,1.0,1.0,1.0,1.0,1.0
5000,ZJ-HZB,2023,landsat8,early_season_v1,biological_target_phase,201,201,81,81,389,1.0,1.0,1.0,1.0,1.0
5000,ZJ-HZB,2023,landsat8,__ALL_YEAR__,year,201,201,201,2205,5501,1.0,1.0,1.0,1.0,1.0
5000,ZJ-HZB,2023,landsat9,autumn_v0,v0_predeclared,201,201,201,201,687,1.0,1.0,1.0,1.0,1.0
5000,ZJ-HZB,2023,landsat9,summer_v0,v0_predeclared,201,201,0,0,979,1.0,1.0,1.0,1.0,1.0
5000,ZJ-HZB,2023,landsat9,autumn_primary_v1,biological_target_phase,201,201,201,201,888,1.0,1.0,1.0,1.0,1.0
5000,ZJ-HZB,2023,landsat9,early_season_v1,biological_target_phase,201,201,201,402,791,1.0,1.0,1.0,1.0,1.0
5000,ZJ-HZB,2023,landsat9,__ALL_YEAR__,year,201,201,201,1971,5903,1.0,1.0,1.0,1.0,1.0
5000,ZJ-HZB,2023,sentinel2,autumn_v0,v0_predeclared,201,64,48,208,1106,1.0,1.0,1.0,1.0,1.0
5000,ZJ-HZB,2023,sentinel2,summer_v0,v0_predeclared,201,64,48,55,1404,1.0,1.0,1.0,1.0,1.0
5000,ZJ-HZB,2023,sentinel2,autumn_primary_v1,biological_target_phase,201,64,48,227,1457,1.0,1.0,1.0,1.0,1.0
5000,ZJ-HZB,2023,sentinel2,early_season_v1,biological_target_phase,201,64,48,142,989,1.0,1.0,1.0,1.0,1.0
5000,ZJ-HZB,2023,sentinel2,__ALL_YEAR__,year,201,64,48,1509,8541,1.0,1.0,1.0,1.0,1.0
5000,ZJ-HZB,2024,landsat8,autumn_v0,v0_predeclared,201,201,201,201,603,1.0,1.0,1.0,1.0,1.0
5000,ZJ-HZB,2024,landsat8,summer_v0,v0_predeclared,201,201,81,81,593,1.0,1.0,1.0,1.0,1.0
5000,ZJ-HZB,2024,landsat8,autumn_primary_v1,biological_target_phase,201,201,201,282,697,1.0,1.0,1.0,1.0,1.0
5000,ZJ-HZB,2024,landsat8,early_season_v1,biological_target_phase,201,201,81,81,697,1.0,1.0,1.0,1.0,1.0
5000,ZJ-HZB,2024,landsat8,__ALL_YEAR__,year,201,201,201,1491,4830,1.0,1.0,1.0,1.0,1.0
5000,ZJ-HZB,2024,landsat9,autumn_v0,v0_predeclared,201,201,0,0,295,1.0,1.0,1.0,1.0,1.0
5000,ZJ-HZB,2024,landsat9,summer_v0,v0_predeclared,201,201,0,0,791,1.0,1.0,1.0,1.0,1.0
5000,ZJ-HZB,2024,landsat9,autumn_primary_v1,biological_target_phase,201,201,0,0,496,1.0,1.0,1.0,1.0,1.0
5000,ZJ-HZB,2024,landsat9,early_season_v1,biological_target_phase,201,201,198,198,590,1.0,1.0,1.0,1.0,1.0
5000,ZJ-HZB,2024,landsat9,__ALL_YEAR__,year,201,201,201,1965,4937,1.0,1.0,1.0,1.0,1.0
5000,ZJ-HZB,2024,sentinel1,autumn_v0,v0_predeclared,201,201,201,201,201,1.0,1.0,1.0,1.0,1.0
5000,ZJ-HZB,2024,sentinel1,summer_v0,v0_predeclared,201,201,0,0,0,1.0,1.0,1.0,1.0,1.0
5000,ZJ-HZB,2024,sentinel1,autumn_primary_v1,biological_target_phase,201,201,201,201,201,1.0,1.0,1.0,1.0,1.0
5000,ZJ-HZB,2024,sentinel1,early_season_v1,biological_target_phase,201,201,0,0,0,1.0,1.0,1.0,1.0,1.0
5000,ZJ-HZB,2024,sentinel1,__ALL_YEAR__,year,201,201,201,201,201,1.0,1.0,1.0,1.0,1.0
5000,ZJ-HZB,2024,sentinel2,autumn_v0,v0_predeclared,201,64,41,41,1106,1.0,1.0,1.0,1.0,1.0
5000,ZJ-HZB,2024,sentinel2,summer_v0,v0_predeclared,201,64,48,120,1404,1.0,1.0,1.0,1.0,1.0
5000,ZJ-HZB,2024,sentinel2,autumn_primary_v1,biological_target_phase,201,64,48,96,1457,1.0,1.0,1.0,1.0,1.0
5000,ZJ-HZB,2024,sentinel2,early_season_v1,biological_target_phase,201,64,48,60,989,1.0,1.0,1.0,1.0,1.0
5000,ZJ-HZB,2024,sentinel2,__ALL_YEAR__,year,201,64,48,1490,8530,1.0,1.0,1.0,1.0,1.0
5000,ZJ-HZB,2025,landsat8,autumn_v0,v0_predeclared,201,201,0,0,684,1.0,1.0,1.0,1.0,1.0
5000,ZJ-HZB,2025,landsat8,summer_v0,v0_predeclared,201,201,201,363,888,1.0,1.0,1.0,1.0,1.0
5000,ZJ-HZB,2025,landsat8,autumn_primary_v1,biological_target_phase,201,201,201,201,885,1.0,1.0,1.0,1.0,1.0
5000,ZJ-HZB,2025,landsat8,early_season_v1,biological_target_phase,201,201,201,201,593,1.0,1.0,1.0,1.0,1.0
5000,ZJ-HZB,2025,landsat8,__ALL_YEAR__,year,201,201,201,3057,5520,1.0,1.0,1.0,1.0,1.0
5000,ZJ-HZB,2025,landsat9,autumn_v0,v0_predeclared,201,201,0,0,791,1.0,1.0,1.0,1.0,1.0
5000,ZJ-HZB,2025,landsat9,summer_v0,v0_predeclared,201,201,201,282,1086,1.0,1.0,1.0,1.0,1.0
5000,ZJ-HZB,2025,landsat9,autumn_primary_v1,biological_target_phase,201,201,0,0,992,1.0,1.0,1.0,1.0,1.0
5000,ZJ-HZB,2025,landsat9,early_season_v1,biological_target_phase,201,201,201,201,486,1.0,1.0,1.0,1.0,1.0
5000,ZJ-HZB,2025,landsat9,__ALL_YEAR__,year,201,201,201,2451,5407,1.0,1.0,1.0,1.0,1.0
5000,ZJ-HZB,2025,sentinel1,autumn_v0,v0_predeclared,201,201,0,0,0,1.0,1.0,1.0,1.0,1.0
5000,ZJ-HZB,2025,sentinel1,summer_v0,v0_predeclared,201,201,0,0,0,1.0,1.0,1.0,1.0,1.0
5000,ZJ-HZB,2025,sentinel1,autumn_primary_v1,biological_target_phase,201,201,0,0,0,1.0,1.0,1.0,1.0,1.0
5000,ZJ-HZB,2025,sentinel1,early_season_v1,biological_target_phase,201,201,74,74,87,1.0,1.0,1.0,1.0,1.0
5000,ZJ-HZB,2025,sentinel1,__ALL_YEAR__,year,201,201,201,690,789,1.0,1.0,1.0,1.0,1.0
5000,ZJ-HZB,2025,sentinel2,autumn_v0,v0_predeclared,201,64,48,212,1170,1.0,1.0,1.0,1.0,1.0
5000,ZJ-HZB,2025,sentinel2,summer_v0,v0_predeclared,201,64,48,206,1702,1.0,1.0,1.0,1.0,1.0
5000,ZJ-HZB,2025,sentinel2,autumn_primary_v1,biological_target_phase,201,64,48,284,1585,1.0,1.0,1.0,1.0,1.0
5000,ZJ-HZB,2025,sentinel2,early_season_v1,biological_target_phase,201,64,29,72,1170,1.0,1.0,1.0,1.0,1.0
5000,ZJ-HZB,2025,sentinel2,__ALL_YEAR__,year,201,64,48,2445,9765,1.0,1.0,1.0,1.0,1.0
5000,ZJ-HZB,2026,landsat8,autumn_v0,v0_predeclared,201,201,0,0,201,1.0,1.0,1.0,1.0,1.0
5000,ZJ-HZB,2026,landsat8,summer_v0,v0_predeclared,201,201,198,279,483,1.0,1.0,1.0,1.0,1.0
5000,ZJ-HZB,2026,landsat8,autumn_primary_v1,biological_target_phase,201,201,0,0,201,1.0,1.0,1.0,1.0,1.0
5000,ZJ-HZB,2026,landsat8,early_season_v1,biological_target_phase,201,201,0,0,697,1.0,1.0,1.0,1.0,1.0
5000,ZJ-HZB,2026,landsat8,__ALL_YEAR__,year,201,201,201,1245,3141,1.0,1.0,1.0,1.0,1.0
5000,ZJ-HZB,2026,landsat9,autumn_v0,v0_predeclared,201,201,198,279,295,1.0,1.0,1.0,1.0,1.0
5000,ZJ-HZB,2026,landsat9,summer_v0,v0_predeclared,201,201,201,363,1086,1.0,1.0,1.0,1.0,1.0
5000,ZJ-HZB,2026,landsat9,autumn_primary_v1,biological_target_phase,201,201,198,279,295,1.0,1.0,1.0,1.0,1.0
5000,ZJ-HZB,2026,landsat9,early_season_v1,biological_target_phase,201,201,201,282,684,1.0,1.0,1.0,1.0,1.0
5000,ZJ-HZB,2026,landsat9,__ALL_YEAR__,year,201,201,201,1485,3728,1.0,1.0,1.0,1.0,1.0
5000,ZJ-HZB,2026,sentinel2,autumn_v0,v0_predeclared,201,64,10,10,468,1.0,1.0,1.0,1.0,1.0
5000,ZJ-HZB,2026,sentinel2,summer_v0,v0_predeclared,201,64,48,146,1819,1.0,1.0,1.0,1.0,1.0
5000,ZJ-HZB,2026,sentinel2,autumn_primary_v1,biological_target_phase,201,64,10,10,468,1.0,1.0,1.0,1.0,1.0
5000,ZJ-HZB,2026,sentinel2,early_season_v1,biological_target_phase,201,64,48,178,1170,1.0,1.0,1.0,1.0,1.0
5000,ZJ-HZB,2026,sentinel2,__ALL_YEAR__,year,201,64,48,1389,7934,1.0,1.0,1.0,1.0,1.0
5000,ZJ-SMB,1985,landsat5,autumn_v0,v0_predeclared,95,95,0,0,124,1.0,1.0,1.0,1.0,1.0
5000,ZJ-SMB,1985,landsat5,summer_v0,v0_predeclared,95,95,95,115,219,1.0,1.0,1.0,1.0,1.0
5000,ZJ-SMB,1985,landsat5,autumn_primary_v1,biological_target_phase,95,95,0,0,124,1.0,1.0,1.0,1.0,1.0
5000,ZJ-SMB,1985,landsat5,early_season_v1,biological_target_phase,95,95,0,0,29,1.0,1.0,1.0,1.0,1.0
5000,ZJ-SMB,1985,landsat5,__ALL_YEAR__,year,95,95,95,345,736,1.0,1.0,1.0,1.0,1.0
5000,ZJ-SMB,1986,landsat5,autumn_v0,v0_predeclared,95,95,20,20,58,1.0,1.0,1.0,1.0,1.0
5000,ZJ-SMB,1986,landsat5,summer_v0,v0_predeclared,95,95,95,95,277,1.0,1.0,1.0,1.0,1.0
5000,ZJ-SMB,1986,landsat5,autumn_primary_v1,biological_target_phase,95,95,20,20,58,1.0,1.0,1.0,1.0,1.0
5000,ZJ-SMB,1986,landsat5,early_season_v1,biological_target_phase,95,95,0,0,0,1.0,1.0,1.0,1.0,1.0
5000,ZJ-SMB,1986,landsat5,__ALL_YEAR__,year,95,95,95,725,1335,1.0,1.0,1.0,1.0,1.0
5000,ZJ-SMB,1987,landsat5,autumn_v0,v0_predeclared,95,95,95,115,219,1.0,1.0,1.0,1.0,1.0
5000,ZJ-SMB,1987,landsat5,summer_v0,v0_predeclared,95,95,95,135,372,1.0,1.0,1.0,1.0,1.0
5000,ZJ-SMB,1987,landsat5,autumn_primary_v1,biological_target_phase,95,95,95,210,314,1.0,1.0,1.0,1.0,1.0
5000,ZJ-SMB,1987,landsat5,early_season_v1,biological_target_phase,95,95,95,95,124,1.0,1.0,1.0,1.0,1.0
5000,ZJ-SMB,1987,landsat5,__ALL_YEAR__,year,95,95,95,880,1839,1.0,1.0,1.0,1.0,1.0
5000,ZJ-SMB,1988,landsat5,autumn_v0,v0_predeclared,95,95,20,40,182,1.0,1.0,1.0,1.0,1.0
5000,ZJ-SMB,1988,landsat5,summer_v0,v0_predeclared,95,95,95,400,409,1.0,1.0,1.0,1.0,1.0
5000,ZJ-SMB,1988,landsat5,autumn_primary_v1,biological_target_phase,95,95,95,155,306,1.0,1.0,1.0,1.0,1.0
5000,ZJ-SMB,1988,landsat5,early_season_v1,biological_target_phase,95,95,0,0,190,1.0,1.0,1.0,1.0,1.0
5000,ZJ-SMB,1988,landsat5,__ALL_YEAR__,year,95,95,95,900,1707,1.0,1.0,1.0,1.0,1.0
5000,ZJ-SMB,1989,landsat5,autumn_v0,v0_predeclared,95,95,95,210,248,1.0,1.0,1.0,1.0,1.0
5000,ZJ-SMB,1989,landsat5,summer_v0,v0_predeclared,95,95,0,0,248,1.0,1.0,1.0,1.0,1.0
5000,ZJ-SMB,1989,landsat5,autumn_primary_v1,biological_target_phase,95,95,95,230,372,1.0,1.0,1.0,1.0,1.0
5000,ZJ-SMB,1989,landsat5,early_season_v1,biological_target_phase,95,95,0,0,219,1.0,1.0,1.0,1.0,1.0
5000,ZJ-SMB,1989,landsat5,__ALL_YEAR__,year,95,95,95,535,1525,1.0,1.0,1.0,1.0,1.0
5000,ZJ-SMB,1990,landsat5,autumn_v0,v0_predeclared,95,95,20,20,58,1.0,1.0,1.0,1.0,1.0
5000,ZJ-SMB,1990,landsat5,summer_v0,v0_predeclared,95,95,95,210,372,1.0,1.0,1.0,1.0,1.0
5000,ZJ-SMB,1990,landsat5,autumn_primary_v1,biological_target_phase,95,95,20,20,58,1.0,1.0,1.0,1.0,1.0
5000,ZJ-SMB,1990,landsat5,early_season_v1,biological_target_phase,95,95,95,95,314,1.0,1.0,1.0,1.0,1.0
5000,ZJ-SMB,1990,landsat5,__ALL_YEAR__,year,95,95,95,745,1488,1.0,1.0,1.0,1.0,1.0
5000,ZJ-SMB,1991,landsat5,autumn_v0,v0_predeclared,95,95,0,0,124,1.0,1.0,1.0,1.0,1.0
5000,ZJ-SMB,1991,landsat5,summer_v0,v0_predeclared,95,95,95,155,306,1.0,1.0,1.0,1.0,1.0
5000,ZJ-SMB,1991,landsat5,autumn_primary_v1,biological_target_phase,95,95,20,20,248,1.0,1.0,1.0,1.0,1.0
5000,ZJ-SMB,1991,landsat5,early_season_v1,biological_target_phase,95,95,20,20,58,1.0,1.0,1.0,1.0,1.0
5000,ZJ-SMB,1991,landsat5,__ALL_YEAR__,year,95,95,95,655,1699,1.0,1.0,1.0,1.0,1.0
5000,ZJ-SMB,1992,landsat5,autumn_v0,v0_predeclared,95,95,95,115,372,1.0,1.0,1.0,1.0,1.0
5000,ZJ-SMB,1992,landsat5,summer_v0,v0_predeclared,95,95,95,135,277,1.0,1.0,1.0,1.0,1.0
5000,ZJ-SMB,1992,landsat5,autumn_primary_v1,biological_target_phase,95,95,95,115,372,1.0,1.0,1.0,1.0,1.0
5000,ZJ-SMB,1992,landsat5,early_season_v1,biological_target_phase,95,95,95,115,124,1.0,1.0,1.0,1.0,1.0
5000,ZJ-SMB,1992,landsat5,__ALL_YEAR__,year,95,95,95,940,1736,1.0,1.0,1.0,1.0,1.0
5000,ZJ-SMB,1993,landsat5,autumn_v0,v0_predeclared,95,95,0,0,29,1.0,1.0,1.0,1.0,1.0
5000,ZJ-SMB,1993,landsat5,summer_v0,v0_predeclared,95,95,95,115,372,1.0,1.0,1.0,1.0,1.0
5000,ZJ-SMB,1993,landsat5,autumn_primary_v1,biological_target_phase,95,95,0,0,124,1.0,1.0,1.0,1.0,1.0
5000,ZJ-SMB,1993,landsat5,early_season_v1,biological_target_phase,95,95,20,20,58,1.0,1.0,1.0,1.0,1.0
5000,ZJ-SMB,1993,landsat5,__ALL_YEAR__,year,95,95,95,595,1488,1.0,1.0,1.0,1.0,1.0
5000,ZJ-SMB,1994,landsat5,autumn_v0,v0_predeclared,95,95,95,95,314,1.0,1.0,1.0,1.0,1.0
5000,ZJ-SMB,1994,landsat5,summer_v0,v0_predeclared,95,95,95,95,409,1.0,1.0,1.0,1.0,1.0
5000,ZJ-SMB,1994,landsat5,autumn_primary_v1,biological_target_phase,95,95,95,115,438,1.0,1.0,1.0,1.0,1.0
5000,ZJ-SMB,1994,landsat5,early_season_v1,biological_target_phase,95,95,95,115,124,1.0,1.0,1.0,1.0,1.0
5000,ZJ-SMB,1994,landsat5,__ALL_YEAR__,year,95,95,95,670,1715,1.0,1.0,1.0,1.0,1.0
5000,ZJ-SMB,1995,landsat5,autumn_v0,v0_predeclared,95,95,0,0,0,1.0,1.0,1.0,1.0,1.0
5000,ZJ-SMB,1995,landsat5,summer_v0,v0_predeclared,95,95,95,95,343,1.0,1.0,1.0,1.0,1.0
5000,ZJ-SMB,1995,landsat5,autumn_primary_v1,biological_target_phase,95,95,95,115,124,1.0,1.0,1.0,1.0,1.0
5000,ZJ-SMB,1995,landsat5,early_season_v1,biological_target_phase,95,95,95,95,248,1.0,1.0,1.0,1.0,1.0
5000,ZJ-SMB,1995,landsat5,__ALL_YEAR__,year,95,95,95,860,1707,1.0,1.0,1.0,1.0,1.0
5000,ZJ-SMB,1996,landsat5,autumn_v0,v0_predeclared,95,95,95,190,190,1.0,1.0,1.0,1.0,1.0
5000,ZJ-SMB,1996,landsat5,summer_v0,v0_predeclared,95,95,95,95,438,1.0,1.0,1.0,1.0,1.0
5000,ZJ-SMB,1996,landsat5,autumn_primary_v1,biological_target_phase,95,95,95,190,190,1.0,1.0,1.0,1.0,1.0
5000,ZJ-SMB,1996,landsat5,early_season_v1,biological_target_phase,95,95,95,95,95,1.0,1.0,1.0,1.0,1.0
5000,ZJ-SMB,1996,landsat5,__ALL_YEAR__,year,95,95,95,650,1467,1.0,1.0,1.0,1.0,1.0
5000,ZJ-SMB,1997,landsat5,autumn_v0,v0_predeclared,95,95,95,190,219,1.0,1.0,1.0,1.0,1.0
5000,ZJ-SMB,1997,landsat5,summer_v0,v0_predeclared,95,95,20,20,277,1.0,1.0,1.0,1.0,1.0
5000,ZJ-SMB,1997,landsat5,autumn_primary_v1,biological_target_phase,95,95,95,285,314,1.0,1.0,1.0,1.0,1.0
5000,ZJ-SMB,1997,landsat5,early_season_v1,biological_target_phase,95,95,0,0,190,1.0,1.0,1.0,1.0,1.0
5000,ZJ-SMB,1997,landsat5,__ALL_YEAR__,year,95,95,95,515,1599,1.0,1.0,1.0,1.0,1.0
5000,ZJ-SMB,1998,landsat5,autumn_v0,v0_predeclared,95,95,0,0,248,1.0,1.0,1.0,1.0,1.0
5000,ZJ-SMB,1998,landsat5,summer_v0,v0_predeclared,95,95,95,210,219,1.0,1.0,1.0,1.0,1.0
5000,ZJ-SMB,1998,landsat5,autumn_primary_v1,biological_target_phase,95,95,95,95,343,1.0,1.0,1.0,1.0,1.0
5000,ZJ-SMB,1998,landsat5,early_season_v1,biological_target_phase,95,95,0,0,124,1.0,1.0,1.0,1.0,1.0
5000,ZJ-SMB,1998,landsat5,__ALL_YEAR__,year,95,95,95,610,1504,1.0,1.0,1.0,1.0,1.0
5000,ZJ-SMB,1999,landsat5,autumn_v0,v0_predeclared,95,95,95,95,248,1.0,1.0,1.0,1.0,1.0
5000,ZJ-SMB,1999,landsat5,summer_v0,v0_predeclared,95,95,95,95,219,1.0,1.0,1.0,1.0,1.0
5000,ZJ-SMB,1999,landsat5,autumn_primary_v1,biological_target_phase,95,95,95,95,277,1.0,1.0,1.0,1.0,1.0
5000,ZJ-SMB,1999,landsat5,early_season_v1,biological_target_phase,95,95,20,20,124,1.0,1.0,1.0,1.0,1.0
5000,ZJ-SMB,1999,landsat5,__ALL_YEAR__,year,95,95,95,650,1525,1.0,1.0,1.0,1.0,1.0
5000,ZJ-SMB,1999,landsat7,autumn_v0,v0_predeclared,95,95,95,95,95,1.0,1.0,1.0,1.0,1.0
5000,ZJ-SMB,1999,landsat7,summer_v0,v0_predeclared,95,95,0,0,0,1.0,1.0,1.0,1.0,1.0
5000,ZJ-SMB,1999,landsat7,autumn_primary_v1,biological_target_phase,95,95,95,95,95,1.0,1.0,1.0,1.0,1.0
5000,ZJ-SMB,1999,landsat7,early_season_v1,biological_target_phase,95,95,0,0,0,1.0,1.0,1.0,1.0,1.0
5000,ZJ-SMB,1999,landsat7,__ALL_YEAR__,year,95,95,95,210,372,1.0,1.0,1.0,1.0,1.0
5000,ZJ-SMB,2000,landsat5,autumn_v0,v0_predeclared,95,95,0,0,314,1.0,1.0,1.0,1.0,1.0
5000,ZJ-SMB,2000,landsat5,summer_v0,v0_predeclared,95,95,95,95,467,1.0,1.0,1.0,1.0,1.0
5000,ZJ-SMB,2000,landsat5,autumn_primary_v1,biological_target_phase,95,95,0,0,343,1.0,1.0,1.0,1.0,1.0
5000,ZJ-SMB,2000,landsat5,early_season_v1,biological_target_phase,95,95,0,0,314,1.0,1.0,1.0,1.0,1.0
5000,ZJ-SMB,2000,landsat5,__ALL_YEAR__,year,95,95,95,480,2050,1.0,1.0,1.0,1.0,1.0
5000,ZJ-SMB,2000,landsat7,autumn_v0,v0_predeclared,95,95,95,95,248,1.0,1.0,1.0,1.0,1.0
5000,ZJ-SMB,2000,landsat7,summer_v0,v0_predeclared,95,95,95,115,343,1.0,1.0,1.0,1.0,1.0
5000,ZJ-SMB,2000,landsat7,autumn_primary_v1,biological_target_phase,95,95,95,95,343,1.0,1.0,1.0,1.0,1.0
5000,ZJ-SMB,2000,landsat7,early_season_v1,biological_target_phase,95,95,95,230,248,1.0,1.0,1.0,1.0,1.0
5000,ZJ-SMB,2000,landsat7,__ALL_YEAR__,year,95,95,95,915,1847,1.0,1.0,1.0,1.0,1.0
5000,ZJ-SMB,2001,landsat5,autumn_v0,v0_predeclared,95,95,95,115,219,1.0,1.0,1.0,1.0,1.0
5000,ZJ-SMB,2001,landsat5,summer_v0,v0_predeclared,95,95,95,135,372,1.0,1.0,1.0,1.0,1.0
5000,ZJ-SMB,2001,landsat5,autumn_primary_v1,biological_target_phase,95,95,95,210,314,1.0,1.0,1.0,1.0,1.0
5000,ZJ-SMB,2001,landsat5,early_season_v1,biological_target_phase,95,95,95,95,190,1.0,1.0,1.0,1.0,1.0
5000,ZJ-SMB,2001,landsat5,__ALL_YEAR__,year,95,95,95,880,1773,1.0,1.0,1.0,1.0,1.0
5000,ZJ-SMB,2001,landsat7,autumn_v0,v0_predeclared,95,95,0,0,314,1.0,1.0,1.0,1.0,1.0
5000,ZJ-SMB,2001,landsat7,summer_v0,v0_predeclared,95,95,95,115,438,1.0,1.0,1.0,1.0,1.0
5000,ZJ-SMB,2001,landsat7,autumn_primary_v1,biological_target_phase,95,95,0,0,409,1.0,1.0,1.0,1.0,1.0
5000,ZJ-SMB,2001,landsat7,early_season_v1,biological_target_phase,95,95,20,20,219,1.0,1.0,1.0,1.0,1.0
5000,ZJ-SMB,2001,landsat7,__ALL_YEAR__,year,95,95,95,690,2306,1.0,1.0,1.0,1.0,1.0
5000,ZJ-SMB,2002,landsat5,autumn_v0,v0_predeclared,95,95,95,115,219,1.0,1.0,1.0,1.0,1.0
5000,ZJ-SMB,2002,landsat5,summer_v0,v0_predeclared,95,95,95,210,277,1.0,1.0,1.0,1.0,1.0
5000,ZJ-SMB,2002,landsat5,autumn_primary_v1,biological_target_phase,95,95,95,115,219,1.0,1.0,1.0,1.0,1.0
5000,ZJ-SMB,2002,landsat5,early_season_v1,biological_target_phase,95,95,0,0,0,1.0,1.0,1.0,1.0,1.0
5000,ZJ-SMB,2002,landsat5,__ALL_YEAR__,year,95,95,95,670,1145,1.0,1.0,1.0,1.0,1.0
5000,ZJ-SMB,2002,landsat7,autumn_v0,v0_predeclared,95,95,95,115,248,1.0,1.0,1.0,1.0,1.0
5000,ZJ-SMB,2002,landsat7,summer_v0,v0_predeclared,95,95,0,0,248,1.0,1.0,1.0,1.0,1.0
5000,ZJ-SMB,2002,landsat7,autumn_primary_v1,biological_target_phase,95,95,95,230,372,1.0,1.0,1.0,1.0,1.0
5000,ZJ-SMB,2002,landsat7,early_season_v1,biological_target_phase,95,95,20,20,248,1.0,1.0,1.0,1.0,1.0
5000,ZJ-SMB,2002,landsat7,__ALL_YEAR__,year,95,95,95,805,1831,1.0,1.0,1.0,1.0,1.0
5000,ZJ-SMB,2003,landsat5,autumn_v0,v0_predeclared,95,95,95,115,219,1.0,1.0,1.0,1.0,1.0
5000,ZJ-SMB,2003,landsat5,summer_v0,v0_predeclared,95,95,20,20,372,1.0,1.0,1.0,1.0,1.0
5000,ZJ-SMB,2003,landsat5,autumn_primary_v1,biological_target_phase,95,95,95,135,248,1.0,1.0,1.0,1.0,1.0
5000,ZJ-SMB,2003,landsat5,early_season_v1,biological_target_phase,95,95,95,95,95,1.0,1.0,1.0,1.0,1.0
5000,ZJ-SMB,2003,landsat5,__ALL_YEAR__,year,95,95,95,595,1649,1.0,1.0,1.0,1.0,1.0
5000,ZJ-SMB,2003,landsat7,autumn_v0,v0_predeclared,95,95,95,210,248,1.0,1.0,1.0,1.0,1.0
5000,ZJ-SMB,2003,landsat7,summer_v0,v0_predeclared,95,95,95,115,124,1.0,1.0,1.0,1.0,1.0
5000,ZJ-SMB,2003,landsat7,autumn_primary_v1,biological_target_phase,95,95,95,305,372,1.0,1.0,1.0,1.0,1.0
5000,ZJ-SMB,2003,landsat7,early_season_v1,biological_target_phase,95,95,95,115,219,1.0,1.0,1.0,1.0,1.0
5000,ZJ-SMB,2003,landsat7,__ALL_YEAR__,year,95,95,95,860,1327,1.0,1.0,1.0,1.0,1.0
5000,ZJ-SMB,2004,landsat5,autumn_v0,v0_predeclared,95,95,20,20,153,1.0,1.0,1.0,1.0,1.0
5000,ZJ-SMB,2004,landsat5,summer_v0,v0_predeclared,95,95,20,40,211,1.0,1.0,1.0,1.0,1.0
5000,ZJ-SMB,2004,landsat5,autumn_primary_v1,biological_target_phase,95,95,20,20,153,1.0,1.0,1.0,1.0,1.0
5000,ZJ-SMB,2004,landsat5,early_season_v1,biological_target_phase,95,95,20,20,182,1.0,1.0,1.0,1.0,1.0
5000,ZJ-SMB,2004,landsat5,__ALL_YEAR__,year,95,95,95,520,1699,1.0,1.0,1.0,1.0,1.0
5000,ZJ-SMB,2004,landsat7,autumn_v0,v0_predeclared,95,95,95,285,343,1.0,1.0,1.0,1.0,1.0
5000,ZJ-SMB,2004,landsat7,summer_v0,v0_predeclared,95,95,95,155,467,1.0,1.0,1.0,1.0,1.0
5000,ZJ-SMB,2004,landsat7,autumn_primary_v1,biological_target_phase,95,95,95,285,372,1.0,1.0,1.0,1.0,1.0
5000,ZJ-SMB,2004,landsat7,early_season_v1,biological_target_phase,95,95,0,0,95,1.0,1.0,1.0,1.0,1.0
5000,ZJ-SMB,2004,landsat7,__ALL_YEAR__,year,95,95,95,690,1744,1.0,1.0,1.0,1.0,1.0
5000,ZJ-SMB,2005,landsat5,autumn_v0,v0_predeclared,95,95,20,20,248,1.0,1.0,1.0,1.0,1.0
5000,ZJ-SMB,2005,landsat5,summer_v0,v0_predeclared,95,95,95,135,372,1.0,1.0,1.0,1.0,1.0
5000,ZJ-SMB,2005,landsat5,autumn_primary_v1,biological_target_phase,95,95,20,20,343,1.0,1.0,1.0,1.0,1.0
5000,ZJ-SMB,2005,landsat5,early_season_v1,biological_target_phase,95,95,20,20,182,1.0,1.0,1.0,1.0,1.0
5000,ZJ-SMB,2005,landsat5,__ALL_YEAR__,year,95,95,95,385,1604,1.0,1.0,1.0,1.0,1.0
5000,ZJ-SMB,2005,landsat7,autumn_v0,v0_predeclared,95,95,95,115,277,1.0,1.0,1.0,1.0,1.0
5000,ZJ-SMB,2005,landsat7,summer_v0,v0_predeclared,95,95,95,135,277,1.0,1.0,1.0,1.0,1.0
5000,ZJ-SMB,2005,landsat7,autumn_primary_v1,biological_target_phase,95,95,95,115,277,1.0,1.0,1.0,1.0,1.0
5000,ZJ-SMB,2005,landsat7,early_season_v1,biological_target_phase,95,95,95,95,124,1.0,1.0,1.0,1.0,1.0
5000,ZJ-SMB,2005,landsat7,__ALL_YEAR__,year,95,95,95,785,1860,1.0,1.0,1.0,1.0,1.0
5000,ZJ-SMB,2006,landsat5,autumn_v0,v0_predeclared,95,95,95,230,372,1.0,1.0,1.0,1.0,1.0
5000,ZJ-SMB,2006,landsat5,summer_v0,v0_predeclared,95,95,95,115,343,1.0,1.0,1.0,1.0,1.0
5000,ZJ-SMB,2006,landsat5,autumn_primary_v1,biological_target_phase,95,95,95,250,401,1.0,1.0,1.0,1.0,1.0
5000,ZJ-SMB,2006,landsat5,early_season_v1,biological_target_phase,95,95,0,0,124,1.0,1.0,1.0,1.0,1.0
5000,ZJ-SMB,2006,landsat5,__ALL_YEAR__,year,95,95,95,710,1736,1.0,1.0,1.0,1.0,1.0
5000,ZJ-SMB,2006,landsat7,autumn_v0,v0_predeclared,95,95,95,250,372,1.0,1.0,1.0,1.0,1.0
5000,ZJ-SMB,2006,landsat7,summer_v0,v0_predeclared,95,95,0,0,58,1.0,1.0,1.0,1.0,1.0
5000,ZJ-SMB,2006,landsat7,autumn_primary_v1,biological_target_phase,95,95,95,250,496,1.0,1.0,1.0,1.0,1.0
5000,ZJ-SMB,2006,landsat7,early_season_v1,biological_target_phase,95,95,20,20,182,1.0,1.0,1.0,1.0,1.0
5000,ZJ-SMB,2006,landsat7,__ALL_YEAR__,year,95,95,95,500,1612,1.0,1.0,1.0,1.0,1.0
5000,ZJ-SMB,2007,landsat5,autumn_v0,v0_predeclared,95,95,20,20,124,1.0,1.0,1.0,1.0,1.0
5000,ZJ-SMB,2007,landsat5,summer_v0,v0_predeclared,95,95,95,135,467,1.0,1.0,1.0,1.0,1.0
5000,ZJ-SMB,2007,landsat5,autumn_primary_v1,biological_target_phase,95,95,20,20,124,1.0,1.0,1.0,1.0,1.0
5000,ZJ-SMB,2007,landsat5,early_season_v1,biological_target_phase,95,95,20,20,153,1.0,1.0,1.0,1.0,1.0
5000,ZJ-SMB,2007,landsat5,__ALL_YEAR__,year,95,95,95,505,1765,1.0,1.0,1.0,1.0,1.0
5000,ZJ-SMB,2007,landsat7,autumn_v0,v0_predeclared,95,95,20,20,153,1.0,1.0,1.0,1.0,1.0
5000,ZJ-SMB,2007,landsat7,summer_v0,v0_predeclared,95,95,20,40,87,1.0,1.0,1.0,1.0,1.0
5000,ZJ-SMB,2007,landsat7,autumn_primary_v1,biological_target_phase,95,95,95,115,277,1.0,1.0,1.0,1.0,1.0
5000,ZJ-SMB,2007,landsat7,early_season_v1,biological_target_phase,95,95,95,190,219,1.0,1.0,1.0,1.0,1.0
5000,ZJ-SMB,2007,landsat7,__ALL_YEAR__,year,95,95,95,765,1823,1.0,1.0,1.0,1.0,1.0
5000,ZJ-SMB,2008,landsat5,autumn_v0,v0_predeclared,95,95,95,115,277,1.0,1.0,1.0,1.0,1.0
5000,ZJ-SMB,2008,landsat5,summer_v0,v0_predeclared,95,95,95,115,277,1.0,1.0,1.0,1.0,1.0
5000,ZJ-SMB,2008,landsat5,autumn_primary_v1,biological_target_phase,95,95,95,135,306,1.0,1.0,1.0,1.0,1.0
5000,ZJ-SMB,2008,landsat5,early_season_v1,biological_target_phase,95,95,95,210,314,1.0,1.0,1.0,1.0,1.0
5000,ZJ-SMB,2008,landsat5,__ALL_YEAR__,year,95,95,95,750,1765,1.0,1.0,1.0,1.0,1.0
5000,ZJ-SMB,2008,landsat7,autumn_v0,v0_predeclared,95,95,95,115,277,1.0,1.0,1.0,1.0,1.0
5000,ZJ-SMB,2008,landsat7,summer_v0,v0_predeclared,95,95,95,285,409,1.0,1.0,1.0,1.0,1.0
5000,ZJ-SMB,2008,landsat7,autumn_primary_v1,biological_target_phase,95,95,95,210,401,1.0,1.0,1.0,1.0,1.0
5000,ZJ-SMB,2008,landsat7,early_season_v1,biological_target_phase,95,95,20,40,248,1.0,1.0,1.0,1.0,1.0
5000,ZJ-SMB,2008,landsat7,__ALL_YEAR__,year,95,95,95,940,2050,1.0,1.0,1.0,1.0,1.0
5000,ZJ-SMB,2009,landsat5,autumn_v0,v0_predeclared,95,95,95,115,343,1.0,1.0,1.0,1.0,1.0
5000,ZJ-SMB,2009,landsat5,summer_v0,v0_predeclared,95,95,95,230,248,1.0,1.0,1.0,1.0,1.0
5000,ZJ-SMB,2009,landsat5,autumn_primary_v1,biological_target_phase,95,95,95,210,438,1.0,1.0,1.0,1.0,1.0
5000,ZJ-SMB,2009,landsat5,early_season_v1,biological_target_phase,95,95,95,135,343,1.0,1.0,1.0,1.0,1.0
5000,ZJ-SMB,2009,landsat5,__ALL_YEAR__,year,95,95,95,785,1612,1.0,1.0,1.0,1.0,1.0
5000,ZJ-SMB,2009,landsat7,autumn_v0,v0_predeclared,95,95,95,135,277,1.0,1.0,1.0,1.0,1.0
5000,ZJ-SMB,2009,landsat7,summer_v0,v0_predeclared,95,95,20,20,153,1.0,1.0,1.0,1.0,1.0
5000,ZJ-SMB,2009,landsat7,autumn_primary_v1,biological_target_phase,95,95,95,135,372,1.0,1.0,1.0,1.0,1.0
5000,ZJ-SMB,2009,landsat7,early_season_v1,biological_target_phase,95,95,95,115,248,1.0,1.0,1.0,1.0,1.0
5000,ZJ-SMB,2009,landsat7,__ALL_YEAR__,year,95,95,95,655,1385,1.0,1.0,1.0,1.0,1.0
5000,ZJ-SMB,2010,landsat5,autumn_v0,v0_predeclared,95,95,95,115,153,1.0,1.0,1.0,1.0,1.0
5000,ZJ-SMB,2010,landsat5,summer_v0,v0_predeclared,95,95,95,115,219,1.0,1.0,1.0,1.0,1.0
5000,ZJ-SMB,2010,landsat5,autumn_primary_v1,biological_target_phase,95,95,95,210,277,1.0,1.0,1.0,1.0,1.0
5000,ZJ-SMB,2010,landsat5,early_season_v1,biological_target_phase,95,95,95,95,219,1.0,1.0,1.0,1.0,1.0
5000,ZJ-SMB,2010,landsat5,__ALL_YEAR__,year,95,95,95,765,1525,1.0,1.0,1.0,1.0,1.0
5000,ZJ-SMB,2010,landsat7,autumn_v0,v0_predeclared,95,95,95,95,190,1.0,1.0,1.0,1.0,1.0
5000,ZJ-SMB,2010,landsat7,summer_v0,v0_predeclared,95,95,95,115,124,1.0,1.0,1.0,1.0,1.0
5000,ZJ-SMB,2010,landsat7,autumn_primary_v1,biological_target_phase,95,95,95,115,219,1.0,1.0,1.0,1.0,1.0
5000,ZJ-SMB,2010,landsat7,early_season_v1,biological_target_phase,95,95,95,95,219,1.0,1.0,1.0,1.0,1.0
5000,ZJ-SMB,2010,landsat7,__ALL_YEAR__,year,95,95,95,860,1657,1.0,1.0,1.0,1.0,1.0
5000,ZJ-SMB,2011,landsat5,autumn_v0,v0_predeclared,95,95,0,0,95,1.0,1.0,1.0,1.0,1.0
5000,ZJ-SMB,2011,landsat5,summer_v0,v0_predeclared,95,95,95,95,95,1.0,1.0,1.0,1.0,1.0
5000,ZJ-SMB,2011,landsat5,autumn_primary_v1,biological_target_phase,95,95,95,95,190,1.0,1.0,1.0,1.0,1.0
5000,ZJ-SMB,2011,landsat5,early_season_v1,biological_target_phase,95,95,95,95,153,1.0,1.0,1.0,1.0,1.0
5000,ZJ-SMB,2011,landsat5,__ALL_YEAR__,year,95,95,95,535,1124,1.0,1.0,1.0,1.0,1.0
5000,ZJ-SMB,2011,landsat7,autumn_v0,v0_predeclared,95,95,95,115,248,1.0,1.0,1.0,1.0,1.0
5000,ZJ-SMB,2011,landsat7,summer_v0,v0_predeclared,95,95,0,0,0,1.0,1.0,1.0,1.0,1.0
5000,ZJ-SMB,2011,landsat7,autumn_primary_v1,biological_target_phase,95,95,95,115,277,1.0,1.0,1.0,1.0,1.0
5000,ZJ-SMB,2011,landsat7,early_season_v1,biological_target_phase,95,95,0,0,58,1.0,1.0,1.0,1.0,1.0
5000,ZJ-SMB,2011,landsat7,__ALL_YEAR__,year,95,95,95,820,1480,1.0,1.0,1.0,1.0,1.0
5000,ZJ-SMB,2012,landsat7,autumn_v0,v0_predeclared,95,95,95,285,343,1.0,1.0,1.0,1.0,1.0
5000,ZJ-SMB,2012,landsat7,summer_v0,v0_predeclared,95,95,0,0,29,1.0,1.0,1.0,1.0,1.0
5000,ZJ-SMB,2012,landsat7,autumn_primary_v1,biological_target_phase,95,95,95,380,467,1.0,1.0,1.0,1.0,1.0
5000,ZJ-SMB,2012,landsat7,early_season_v1,biological_target_phase,95,95,95,115,219,1.0,1.0,1.0,1.0,1.0
5000,ZJ-SMB,2012,landsat7,__ALL_YEAR__,year,95,95,95,895,1657,1.0,1.0,1.0,1.0,1.0
5000,ZJ-SMB,2013,landsat7,autumn_v0,v0_predeclared,95,95,95,115,343,1.0,1.0,1.0,1.0,1.0
5000,ZJ-SMB,2013,landsat7,summer_v0,v0_predeclared,95,95,20,20,153,1.0,1.0,1.0,1.0,1.0
5000,ZJ-SMB,2013,landsat7,autumn_primary_v1,biological_target_phase,95,95,95,115,438,1.0,1.0,1.0,1.0,1.0
5000,ZJ-SMB,2013,landsat7,early_season_v1,biological_target_phase,95,95,95,95,95,1.0,1.0,1.0,1.0,1.0
5000,ZJ-SMB,2013,landsat7,__ALL_YEAR__,year,95,95,95,785,1678,1.0,1.0,1.0,1.0,1.0
5000,ZJ-SMB,2013,landsat8,autumn_v0,v0_predeclared,95,95,95,115,248,1.0,1.0,1.0,1.0,1.0
5000,ZJ-SMB,2013,landsat8,summer_v0,v0_predeclared,95,95,95,95,372,1.0,1.0,1.0,1.0,1.0
5000,ZJ-SMB,2013,landsat8,autumn_primary_v1,biological_target_phase,95,95,95,115,277,1.0,1.0,1.0,1.0,1.0
5000,ZJ-SMB,2013,landsat8,early_season_v1,biological_target_phase,95,95,0,0,219,1.0,1.0,1.0,1.0,1.0
5000,ZJ-SMB,2013,landsat8,__ALL_YEAR__,year,95,95,95,575,1583,1.0,1.0,1.0,1.0,1.0
5000,ZJ-SMB,2014,landsat7,autumn_v0,v0_predeclared,95,95,95,115,248,1.0,1.0,1.0,1.0,1.0
5000,ZJ-SMB,2014,landsat7,summer_v0,v0_predeclared,95,95,20,20,343,1.0,1.0,1.0,1.0,1.0
5000,ZJ-SMB,2014,landsat7,autumn_primary_v1,biological_target_phase,95,95,95,135,372,1.0,1.0,1.0,1.0,1.0
5000,ZJ-SMB,2014,landsat7,early_season_v1,biological_target_phase,95,95,0,0,248,1.0,1.0,1.0,1.0,1.0
5000,ZJ-SMB,2014,landsat7,__ALL_YEAR__,year,95,95,95,615,2145,1.0,1.0,1.0,1.0,1.0
5000,ZJ-SMB,2014,landsat8,autumn_v0,v0_predeclared,95,95,95,210,343,1.0,1.0,1.0,1.0,1.0
5000,ZJ-SMB,2014,landsat8,summer_v0,v0_predeclared,95,95,95,115,343,1.0,1.0,1.0,1.0,1.0
5000,ZJ-SMB,2014,landsat8,autumn_primary_v1,biological_target_phase,95,95,95,305,467,1.0,1.0,1.0,1.0,1.0
5000,ZJ-SMB,2014,landsat8,early_season_v1,biological_target_phase,95,95,20,20,124,1.0,1.0,1.0,1.0,1.0
5000,ZJ-SMB,2014,landsat8,__ALL_YEAR__,year,95,95,95,975,2174,1.0,1.0,1.0,1.0,1.0
5000,ZJ-SMB,2015,landsat7,autumn_v0,v0_predeclared,95,95,0,0,124,1.0,1.0,1.0,1.0,1.0
5000,ZJ-SMB,2015,landsat7,summer_v0,v0_predeclared,95,95,95,115,277,1.0,1.0,1.0,1.0,1.0
5000,ZJ-SMB,2015,landsat7,autumn_primary_v1,biological_target_phase,95,95,0,0,219,1.0,1.0,1.0,1.0,1.0
5000,ZJ-SMB,2015,landsat7,early_season_v1,biological_target_phase,95,95,95,115,219,1.0,1.0,1.0,1.0,1.0
5000,ZJ-SMB,2015,landsat7,__ALL_YEAR__,year,95,95,95,425,1670,1.0,1.0,1.0,1.0,1.0
5000,ZJ-SMB,2015,landsat8,autumn_v0,v0_predeclared,95,95,20,20,124,1.0,1.0,1.0,1.0,1.0
5000,ZJ-SMB,2015,landsat8,summer_v0,v0_predeclared,95,95,20,20,248,1.0,1.0,1.0,1.0,1.0
5000,ZJ-SMB,2015,landsat8,autumn_primary_v1,biological_target_phase,95,95,20,20,219,1.0,1.0,1.0,1.0,1.0
5000,ZJ-SMB,2015,landsat8,early_season_v1,biological_target_phase,95,95,20,20,219,1.0,1.0,1.0,1.0,1.0
5000,ZJ-SMB,2015,landsat8,__ALL_YEAR__,year,95,95,95,460,1876,1.0,1.0,1.0,1.0,1.0
5000,ZJ-SMB,2015,sentinel1,autumn_v0,v0_predeclared,95,95,0,0,0,1.0,1.0,1.0,1.0,1.0
5000,ZJ-SMB,2015,sentinel1,summer_v0,v0_predeclared,95,95,95,95,95,1.0,1.0,1.0,1.0,1.0
5000,ZJ-SMB,2015,sentinel1,autumn_primary_v1,biological_target_phase,95,95,0,0,0,1.0,1.0,1.0,1.0,1.0
5000,ZJ-SMB,2015,sentinel1,early_season_v1,biological_target_phase,95,95,95,95,95,1.0,1.0,1.0,1.0,1.0
5000,ZJ-SMB,2015,sentinel1,__ALL_YEAR__,year,95,95,95,285,285,1.0,1.0,1.0,1.0,1.0
5000,ZJ-SMB,2016,landsat7,autumn_v0,v0_predeclared,95,95,20,20,248,1.0,1.0,1.0,1.0,1.0
5000,ZJ-SMB,2016,landsat7,summer_v0,v0_predeclared,95,95,95,135,248,1.0,1.0,1.0,1.0,1.0
5000,ZJ-SMB,2016,landsat7,autumn_primary_v1,biological_target_phase,95,95,20,20,277,1.0,1.0,1.0,1.0,1.0
5000,ZJ-SMB,2016,landsat7,early_season_v1,biological_target_phase,95,95,0,0,95,1.0,1.0,1.0,1.0,1.0
5000,ZJ-SMB,2016,landsat7,__ALL_YEAR__,year,95,95,95,405,1649,1.0,1.0,1.0,1.0,1.0
5000,ZJ-SMB,2016,landsat8,autumn_v0,v0_predeclared,95,95,20,20,248,1.0,1.0,1.0,1.0,1.0
5000,ZJ-SMB,2016,landsat8,summer_v0,v0_predeclared,95,95,95,135,401,1.0,1.0,1.0,1.0,1.0
5000,ZJ-SMB,2016,landsat8,autumn_primary_v1,biological_target_phase,95,95,20,20,277,1.0,1.0,1.0,1.0,1.0
5000,ZJ-SMB,2016,landsat8,early_season_v1,biological_target_phase,95,95,95,95,190,1.0,1.0,1.0,1.0,1.0
5000,ZJ-SMB,2016,landsat8,__ALL_YEAR__,year,95,95,95,690,1831,1.0,1.0,1.0,1.0,1.0
5000,ZJ-SMB,2017,landsat7,autumn_v0,v0_predeclared,95,95,95,115,343,1.0,1.0,1.0,1.0,1.0
5000,ZJ-SMB,2017,landsat7,summer_v0,v0_predeclared,95,95,20,20,372,1.0,1.0,1.0,1.0,1.0
5000,ZJ-SMB,2017,landsat7,autumn_primary_v1,biological_target_phase,95,95,95,210,467,1.0,1.0,1.0,1.0,1.0
5000,ZJ-SMB,2017,landsat7,early_season_v1,biological_target_phase,95,95,20,20,153,1.0,1.0,1.0,1.0,1.0
5000,ZJ-SMB,2017,landsat7,__ALL_YEAR__,year,95,95,95,785,1947,1.0,1.0,1.0,1.0,1.0
5000,ZJ-SMB,2017,landsat8,autumn_v0,v0_predeclared,95,95,95,115,314,1.0,1.0,1.0,1.0,1.0
5000,ZJ-SMB,2017,landsat8,summer_v0,v0_predeclared,95,95,95,230,248,1.0,1.0,1.0,1.0,1.0
5000,ZJ-SMB,2017,landsat8,autumn_primary_v1,biological_target_phase,95,95,95,115,314,1.0,1.0,1.0,1.0,1.0
5000,ZJ-SMB,2017,landsat8,early_season_v1,biological_target_phase,95,95,20,20,182,1.0,1.0,1.0,1.0,1.0
5000,ZJ-SMB,2017,landsat8,__ALL_YEAR__,year,95,95,95,900,1831,1.0,1.0,1.0,1.0,1.0
5000,ZJ-SMB,2017,sentinel2,autumn_v0,v0_predeclared,95,95,95,95,99,1.0,1.0,1.0,1.0,1.0
5000,ZJ-SMB,2017,sentinel2,summer_v0,v0_predeclared,95,95,95,95,95,1.0,1.0,1.0,1.0,1.0
5000,ZJ-SMB,2017,sentinel2,autumn_primary_v1,biological_target_phase,95,95,95,95,99,1.0,1.0,1.0,1.0,1.0
5000,ZJ-SMB,2017,sentinel2,early_season_v1,biological_target_phase,95,95,95,95,95,1.0,1.0,1.0,1.0,1.0
5000,ZJ-SMB,2017,sentinel2,__ALL_YEAR__,year,95,95,95,1235,1239,1.0,1.0,1.0,1.0,1.0
5000,ZJ-SMB,2018,landsat7,autumn_v0,v0_predeclared,95,95,95,95,248,1.0,1.0,1.0,1.0,1.0
5000,ZJ-SMB,2018,landsat7,summer_v0,v0_predeclared,95,95,20,20,401,1.0,1.0,1.0,1.0,1.0
5000,ZJ-SMB,2018,landsat7,autumn_primary_v1,biological_target_phase,95,95,95,95,248,1.0,1.0,1.0,1.0,1.0
5000,ZJ-SMB,2018,landsat7,early_season_v1,biological_target_phase,95,95,0,0,153,1.0,1.0,1.0,1.0,1.0
5000,ZJ-SMB,2018,landsat7,__ALL_YEAR__,year,95,95,95,460,1736,1.0,1.0,1.0,1.0,1.0
5000,ZJ-SMB,2018,landsat8,autumn_v0,v0_predeclared,95,95,95,135,248,1.0,1.0,1.0,1.0,1.0
5000,ZJ-SMB,2018,landsat8,summer_v0,v0_predeclared,95,95,95,135,496,1.0,1.0,1.0,1.0,1.0
5000,ZJ-SMB,2018,landsat8,autumn_primary_v1,biological_target_phase,95,95,95,135,248,1.0,1.0,1.0,1.0,1.0
5000,ZJ-SMB,2018,landsat8,early_season_v1,biological_target_phase,95,95,0,0,248,1.0,1.0,1.0,1.0,1.0
5000,ZJ-SMB,2018,landsat8,__ALL_YEAR__,year,95,95,95,730,1860,1.0,1.0,1.0,1.0,1.0
5000,ZJ-SMB,2018,sentinel1,autumn_v0,v0_predeclared,95,95,0,0,0,1.0,1.0,1.0,1.0,1.0
5000,ZJ-SMB,2018,sentinel1,summer_v0,v0_predeclared,95,95,0,0,0,1.0,1.0,1.0,1.0,1.0
5000,ZJ-SMB,2018,sentinel1,autumn_primary_v1,biological_target_phase,95,95,0,0,0,1.0,1.0,1.0,1.0,1.0
5000,ZJ-SMB,2018,sentinel1,early_season_v1,biological_target_phase,95,95,0,0,0,1.0,1.0,1.0,1.0,1.0
5000,ZJ-SMB,2018,sentinel1,__ALL_YEAR__,year,95,95,95,173,184,1.0,1.0,1.0,1.0,1.0
5000,ZJ-SMB,2018,sentinel2,autumn_v0,v0_predeclared,95,95,0,0,8,1.0,1.0,1.0,1.0,1.0
5000,ZJ-SMB,2018,sentinel2,summer_v0,v0_predeclared,95,95,95,95,95,1.0,1.0,1.0,1.0,1.0
5000,ZJ-SMB,2018,sentinel2,autumn_primary_v1,biological_target_phase,95,95,0,0,8,1.0,1.0,1.0,1.0,1.0
5000,ZJ-SMB,2018,sentinel2,early_season_v1,biological_target_phase,95,95,0,0,0,1.0,1.0,1.0,1.0,1.0
5000,ZJ-SMB,2018,sentinel2,__ALL_YEAR__,year,95,95,95,950,1433,1.0,1.0,1.0,1.0,1.0
5000,ZJ-SMB,2019,landsat7,autumn_v0,v0_predeclared,95,95,95,190,343,1.0,1.0,1.0,1.0,1.0
5000,ZJ-SMB,2019,landsat7,summer_v0,v0_predeclared,95,95,20,20,124,1.0,1.0,1.0,1.0,1.0
5000,ZJ-SMB,2019,landsat7,autumn_primary_v1,biological_target_phase,95,95,95,285,438,1.0,1.0,1.0,1.0,1.0
5000,ZJ-SMB,2019,landsat7,early_season_v1,biological_target_phase,95,95,95,115,124,1.0,1.0,1.0,1.0,1.0
5000,ZJ-SMB,2019,landsat7,__ALL_YEAR__,year,95,95,95,975,1583,1.0,1.0,1.0,1.0,1.0
5000,ZJ-SMB,2019,landsat8,autumn_v0,v0_predeclared,95,95,20,40,182,1.0,1.0,1.0,1.0,1.0
5000,ZJ-SMB,2019,landsat8,summer_v0,v0_predeclared,95,95,95,115,467,1.0,1.0,1.0,1.0,1.0
5000,ZJ-SMB,2019,landsat8,autumn_primary_v1,biological_target_phase,95,95,95,155,306,1.0,1.0,1.0,1.0,1.0
5000,ZJ-SMB,2019,landsat8,early_season_v1,biological_target_phase,95,95,95,115,219,1.0,1.0,1.0,1.0,1.0
5000,ZJ-SMB,2019,landsat8,__ALL_YEAR__,year,95,95,95,885,2327,1.0,1.0,1.0,1.0,1.0
5000,ZJ-SMB,2019,sentinel1,autumn_v0,v0_predeclared,95,95,0,0,0,1.0,1.0,1.0,1.0,1.0
5000,ZJ-SMB,2019,sentinel1,summer_v0,v0_predeclared,95,95,0,0,0,1.0,1.0,1.0,1.0,1.0
5000,ZJ-SMB,2019,sentinel1,autumn_primary_v1,biological_target_phase,95,95,0,0,0,1.0,1.0,1.0,1.0,1.0
5000,ZJ-SMB,2019,sentinel1,early_season_v1,biological_target_phase,95,95,0,0,0,1.0,1.0,1.0,1.0,1.0
5000,ZJ-SMB,2019,sentinel1,__ALL_YEAR__,year,95,95,95,173,184,1.0,1.0,1.0,1.0,1.0
5000,ZJ-SMB,2019,sentinel2,autumn_v0,v0_predeclared,95,95,95,665,1730,1.0,1.0,1.0,1.0,1.0
5000,ZJ-SMB,2019,sentinel2,summer_v0,v0_predeclared,95,95,95,372,2284,1.0,1.0,1.0,1.0,1.0
5000,ZJ-SMB,2019,sentinel2,autumn_primary_v1,biological_target_phase,95,95,95,950,2300,1.0,1.0,1.0,1.0,1.0
5000,ZJ-SMB,2019,sentinel2,early_season_v1,biological_target_phase,95,95,95,471,1425,1.0,1.0,1.0,1.0,1.0
5000,ZJ-SMB,2019,sentinel2,__ALL_YEAR__,year,95,95,95,3776,13823,1.0,1.0,1.0,1.0,1.0
5000,ZJ-SMB,2020,landsat7,autumn_v0,v0_predeclared,95,95,95,210,343,1.0,1.0,1.0,1.0,1.0
5000,ZJ-SMB,2020,landsat7,summer_v0,v0_predeclared,95,95,0,0,124,1.0,1.0,1.0,1.0,1.0
5000,ZJ-SMB,2020,landsat7,autumn_primary_v1,biological_target_phase,95,95,95,325,467,1.0,1.0,1.0,1.0,1.0
5000,ZJ-SMB,2020,landsat7,early_season_v1,biological_target_phase,95,95,95,230,277,1.0,1.0,1.0,1.0,1.0
5000,ZJ-SMB,2020,landsat7,__ALL_YEAR__,year,95,95,95,805,1868,1.0,1.0,1.0,1.0,1.0
5000,ZJ-SMB,2020,landsat8,autumn_v0,v0_predeclared,95,95,20,40,248,1.0,1.0,1.0,1.0,1.0
5000,ZJ-SMB,2020,landsat8,summer_v0,v0_predeclared,95,95,0,0,248,1.0,1.0,1.0,1.0,1.0
5000,ZJ-SMB,2020,landsat8,autumn_primary_v1,biological_target_phase,95,95,20,40,248,1.0,1.0,1.0,1.0,1.0
5000,ZJ-SMB,2020,landsat8,early_season_v1,biological_target_phase,95,95,0,0,190,1.0,1.0,1.0,1.0,1.0
5000,ZJ-SMB,2020,landsat8,__ALL_YEAR__,year,95,95,95,365,1802,1.0,1.0,1.0,1.0,1.0
5000,ZJ-SMB,2020,sentinel2,autumn_v0,v0_predeclared,95,95,95,190,1722,1.0,1.0,1.0,1.0,1.0
5000,ZJ-SMB,2020,sentinel2,summer_v0,v0_predeclared,95,95,95,186,2280,1.0,1.0,1.0,1.0,1.0
5000,ZJ-SMB,2020,sentinel2,autumn_primary_v1,biological_target_phase,95,95,95,467,2292,1.0,1.0,1.0,1.0,1.0
5000,ZJ-SMB,2020,sentinel2,early_season_v1,biological_target_phase,95,95,95,463,1524,1.0,1.0,1.0,1.0,1.0
5000,ZJ-SMB,2020,sentinel2,__ALL_YEAR__,year,95,95,95,3574,13906,1.0,1.0,1.0,1.0,1.0
5000,ZJ-SMB,2021,landsat7,autumn_v0,v0_predeclared,95,95,95,95,248,1.0,1.0,1.0,1.0,1.0
5000,ZJ-SMB,2021,landsat7,summer_v0,v0_predeclared,95,95,0,0,29,1.0,1.0,1.0,1.0,1.0
5000,ZJ-SMB,2021,landsat7,autumn_primary_v1,biological_target_phase,95,95,95,190,372,1.0,1.0,1.0,1.0,1.0
5000,ZJ-SMB,2021,landsat7,early_season_v1,biological_target_phase,95,95,20,20,153,1.0,1.0,1.0,1.0,1.0
5000,ZJ-SMB,2021,landsat7,__ALL_YEAR__,year,95,95,95,555,1393,1.0,1.0,1.0,1.0,1.0
5000,ZJ-SMB,2021,landsat8,autumn_v0,v0_predeclared,95,95,95,115,372,1.0,1.0,1.0,1.0,1.0
5000,ZJ-SMB,2021,landsat8,summer_v0,v0_predeclared,95,95,0,0,248,1.0,1.0,1.0,1.0,1.0
5000,ZJ-SMB,2021,landsat8,autumn_primary_v1,biological_target_phase,95,95,95,115,467,1.0,1.0,1.0,1.0,1.0
5000,ZJ-SMB,2021,landsat8,early_season_v1,biological_target_phase,95,95,0,0,219,1.0,1.0,1.0,1.0,1.0
5000,ZJ-SMB,2021,landsat8,__ALL_YEAR__,year,95,95,95,440,1963,1.0,1.0,1.0,1.0,1.0
5000,ZJ-SMB,2021,sentinel1,autumn_v0,v0_predeclared,95,95,0,0,0,1.0,1.0,1.0,1.0,1.0
5000,ZJ-SMB,2021,sentinel1,summer_v0,v0_predeclared,95,95,95,95,95,1.0,1.0,1.0,1.0,1.0
5000,ZJ-SMB,2021,sentinel1,autumn_primary_v1,biological_target_phase,95,95,0,0,0,1.0,1.0,1.0,1.0,1.0
5000,ZJ-SMB,2021,sentinel1,early_season_v1,biological_target_phase,95,95,0,0,0,1.0,1.0,1.0,1.0,1.0
5000,ZJ-SMB,2021,sentinel1,__ALL_YEAR__,year,95,95,95,95,95,1.0,1.0,1.0,1.0,1.0
5000,ZJ-SMB,2021,sentinel2,autumn_v0,v0_predeclared,95,95,95,760,1809,1.0,1.0,1.0,1.0,1.0
5000,ZJ-SMB,2021,sentinel2,summer_v0,v0_predeclared,95,95,95,281,2280,1.0,1.0,1.0,1.0,1.0
5000,ZJ-SMB,2021,sentinel2,autumn_primary_v1,biological_target_phase,95,95,95,1045,2383,1.0,1.0,1.0,1.0,1.0
5000,ZJ-SMB,2021,sentinel2,early_season_v1,biological_target_phase,95,95,95,376,1619,1.0,1.0,1.0,1.0,1.0
5000,ZJ-SMB,2021,sentinel2,__ALL_YEAR__,year,95,95,95,3962,13815,1.0,1.0,1.0,1.0,1.0
5000,ZJ-SMB,2022,landsat7,autumn_v0,v0_predeclared,95,95,95,285,285,1.0,1.0,1.0,1.0,1.0
5000,ZJ-SMB,2022,landsat7,summer_v0,v0_predeclared,95,95,20,40,438,1.0,1.0,1.0,1.0,1.0
5000,ZJ-SMB,2022,landsat7,autumn_primary_v1,biological_target_phase,95,95,95,380,380,1.0,1.0,1.0,1.0,1.0
5000,ZJ-SMB,2022,landsat7,early_season_v1,biological_target_phase,95,95,0,0,0,1.0,1.0,1.0,1.0,1.0
5000,ZJ-SMB,2022,landsat7,__ALL_YEAR__,year,95,95,95,670,1401,1.0,1.0,1.0,1.0,1.0
5000,ZJ-SMB,2022,landsat8,autumn_v0,v0_predeclared,95,95,20,20,248,1.0,1.0,1.0,1.0,1.0
5000,ZJ-SMB,2022,landsat8,summer_v0,v0_predeclared,95,95,95,95,277,1.0,1.0,1.0,1.0,1.0
5000,ZJ-SMB,2022,landsat8,autumn_primary_v1,biological_target_phase,95,95,20,20,343,1.0,1.0,1.0,1.0,1.0
5000,ZJ-SMB,2022,landsat8,early_season_v1,biological_target_phase,95,95,20,20,248,1.0,1.0,1.0,1.0,1.0
5000,ZJ-SMB,2022,landsat8,__ALL_YEAR__,year,95,95,95,615,1860,1.0,1.0,1.0,1.0,1.0
5000,ZJ-SMB,2022,landsat9,autumn_v0,v0_predeclared,95,95,95,115,153,1.0,1.0,1.0,1.0,1.0
5000,ZJ-SMB,2022,landsat9,summer_v0,v0_predeclared,95,95,95,230,343,1.0,1.0,1.0,1.0,1.0
5000,ZJ-SMB,2022,landsat9,autumn_primary_v1,biological_target_phase,95,95,95,135,182,1.0,1.0,1.0,1.0,1.0
5000,ZJ-SMB,2022,landsat9,early_season_v1,biological_target_phase,95,95,0,0,124,1.0,1.0,1.0,1.0,1.0
5000,ZJ-SMB,2022,landsat9,__ALL_YEAR__,year,95,95,95,940,1583,1.0,1.0,1.0,1.0,1.0
5000,ZJ-SMB,2022,sentinel2,autumn_v0,v0_predeclared,95,95,95,475,1805,1.0,1.0,1.0,1.0,1.0
5000,ZJ-SMB,2022,sentinel2,summer_v0,v0_predeclared,95,95,95,471,2280,1.0,1.0,1.0,1.0,1.0
5000,ZJ-SMB,2022,sentinel2,autumn_primary_v1,biological_target_phase,95,95,95,475,2375,1.0,1.0,1.0,1.0,1.0
5000,ZJ-SMB,2022,sentinel2,early_season_v1,biological_target_phase,95,95,91,91,1615,1.0,1.0,1.0,1.0,1.0
5000,ZJ-SMB,2022,sentinel2,__ALL_YEAR__,year,95,95,95,3301,13870,1.0,1.0,1.0,1.0,1.0
5000,ZJ-SMB,2023,landsat7,autumn_v0,v0_predeclared,95,95,20,40,153,1.0,1.0,1.0,1.0,1.0
5000,ZJ-SMB,2023,landsat7,summer_v0,v0_predeclared,95,95,20,20,504,1.0,1.0,1.0,1.0,1.0
5000,ZJ-SMB,2023,landsat7,autumn_primary_v1,biological_target_phase,95,95,20,40,153,1.0,1.0,1.0,1.0,1.0
5000,ZJ-SMB,2023,landsat7,early_season_v1,biological_target_phase,95,95,0,0,95,1.0,1.0,1.0,1.0,1.0
5000,ZJ-SMB,2023,landsat7,__ALL_YEAR__,year,95,95,95,540,1649,1.0,1.0,1.0,1.0,1.0
5000,ZJ-SMB,2023,landsat8,autumn_v0,v0_predeclared,95,95,20,40,343,1.0,1.0,1.0,1.0,1.0
5000,ZJ-SMB,2023,landsat8,summer_v0,v0_predeclared,95,95,95,95,182,1.0,1.0,1.0,1.0,1.0
5000,ZJ-SMB,2023,landsat8,autumn_primary_v1,biological_target_phase,95,95,95,155,467,1.0,1.0,1.0,1.0,1.0
5000,ZJ-SMB,2023,landsat8,early_season_v1,biological_target_phase,95,95,0,0,87,1.0,1.0,1.0,1.0,1.0
5000,ZJ-SMB,2023,landsat8,__ALL_YEAR__,year,95,95,95,805,1976,1.0,1.0,1.0,1.0,1.0
5000,ZJ-SMB,2023,landsat9,autumn_v0,v0_predeclared,95,95,95,135,248,1.0,1.0,1.0,1.0,1.0
5000,ZJ-SMB,2023,landsat9,summer_v0,v0_predeclared,95,95,20,40,343,1.0,1.0,1.0,1.0,1.0
5000,ZJ-SMB,2023,landsat9,autumn_primary_v1,biological_target_phase,95,95,95,135,343,1.0,1.0,1.0,1.0,1.0
5000,ZJ-SMB,2023,landsat9,early_season_v1,biological_target_phase,95,95,95,95,314,1.0,1.0,1.0,1.0,1.0
5000,ZJ-SMB,2023,landsat9,__ALL_YEAR__,year,95,95,95,940,2153,1.0,1.0,1.0,1.0,1.0
5000,ZJ-SMB,2023,sentinel2,autumn_v0,v0_predeclared,95,95,95,752,1805,1.0,1.0,1.0,1.0,1.0
5000,ZJ-SMB,2023,sentinel2,summer_v0,v0_predeclared,95,95,95,281,2280,1.0,1.0,1.0,1.0,1.0
5000,ZJ-SMB,2023,sentinel2,autumn_primary_v1,biological_target_phase,95,95,95,752,2375,1.0,1.0,1.0,1.0,1.0
5000,ZJ-SMB,2023,sentinel2,early_season_v1,biological_target_phase,95,95,95,471,1615,1.0,1.0,1.0,1.0,1.0
5000,ZJ-SMB,2023,sentinel2,__ALL_YEAR__,year,95,95,95,4144,13874,1.0,1.0,1.0,1.0,1.0
5000,ZJ-SMB,2024,landsat8,autumn_v0,v0_predeclared,95,95,95,95,248,1.0,1.0,1.0,1.0,1.0
5000,ZJ-SMB,2024,landsat8,summer_v0,v0_predeclared,95,95,20,20,343,1.0,1.0,1.0,1.0,1.0
5000,ZJ-SMB,2024,landsat8,autumn_primary_v1,biological_target_phase,95,95,95,95,277,1.0,1.0,1.0,1.0,1.0
5000,ZJ-SMB,2024,landsat8,early_season_v1,biological_target_phase,95,95,20,20,219,1.0,1.0,1.0,1.0,1.0
5000,ZJ-SMB,2024,landsat8,__ALL_YEAR__,year,95,95,95,730,1984,1.0,1.0,1.0,1.0,1.0
5000,ZJ-SMB,2024,landsat9,autumn_v0,v0_predeclared,95,95,20,40,343,1.0,1.0,1.0,1.0,1.0
5000,ZJ-SMB,2024,landsat9,summer_v0,v0_predeclared,95,95,95,95,343,1.0,1.0,1.0,1.0,1.0
5000,ZJ-SMB,2024,landsat9,autumn_primary_v1,biological_target_phase,95,95,20,40,438,1.0,1.0,1.0,1.0,1.0
5000,ZJ-SMB,2024,landsat9,early_season_v1,biological_target_phase,95,95,95,115,248,1.0,1.0,1.0,1.0,1.0
5000,ZJ-SMB,2024,landsat9,__ALL_YEAR__,year,95,95,95,960,2174,1.0,1.0,1.0,1.0,1.0
5000,ZJ-SMB,2024,sentinel1,autumn_v0,v0_predeclared,95,95,95,95,95,1.0,1.0,1.0,1.0,1.0
5000,ZJ-SMB,2024,sentinel1,summer_v0,v0_predeclared,95,95,0,0,0,1.0,1.0,1.0,1.0,1.0
5000,ZJ-SMB,2024,sentinel1,autumn_primary_v1,biological_target_phase,95,95,95,95,95,1.0,1.0,1.0,1.0,1.0
5000,ZJ-SMB,2024,sentinel1,early_season_v1,biological_target_phase,95,95,0,0,0,1.0,1.0,1.0,1.0,1.0
5000,ZJ-SMB,2024,sentinel1,__ALL_YEAR__,year,95,95,95,95,95,1.0,1.0,1.0,1.0,1.0
5000,ZJ-SMB,2024,sentinel2,autumn_v0,v0_predeclared,95,95,95,95,1805,1.0,1.0,1.0,1.0,1.0
5000,ZJ-SMB,2024,sentinel2,summer_v0,v0_predeclared,95,95,95,190,2280,1.0,1.0,1.0,1.0,1.0
5000,ZJ-SMB,2024,sentinel2,autumn_primary_v1,biological_target_phase,95,95,95,190,2375,1.0,1.0,1.0,1.0,1.0
5000,ZJ-SMB,2024,sentinel2,early_season_v1,biological_target_phase,95,95,91,182,1615,1.0,1.0,1.0,1.0,1.0
5000,ZJ-SMB,2024,sentinel2,__ALL_YEAR__,year,95,95,95,3202,13870,1.0,1.0,1.0,1.0,1.0
5000,ZJ-SMB,2025,landsat8,autumn_v0,v0_predeclared,95,95,20,20,277,1.0,1.0,1.0,1.0,1.0
5000,ZJ-SMB,2025,landsat8,summer_v0,v0_predeclared,95,95,20,20,401,1.0,1.0,1.0,1.0,1.0
5000,ZJ-SMB,2025,landsat8,autumn_primary_v1,biological_target_phase,95,95,20,20,372,1.0,1.0,1.0,1.0,1.0
5000,ZJ-SMB,2025,landsat8,early_season_v1,biological_target_phase,95,95,95,95,219,1.0,1.0,1.0,1.0,1.0
5000,ZJ-SMB,2025,landsat8,__ALL_YEAR__,year,95,95,95,940,2356,1.0,1.0,1.0,1.0,1.0
5000,ZJ-SMB,2025,landsat9,autumn_v0,v0_predeclared,95,95,95,115,314,1.0,1.0,1.0,1.0,1.0
5000,ZJ-SMB,2025,landsat9,summer_v0,v0_predeclared,95,95,20,20,343,1.0,1.0,1.0,1.0,1.0
5000,ZJ-SMB,2025,landsat9,autumn_primary_v1,biological_target_phase,95,95,95,115,409,1.0,1.0,1.0,1.0,1.0
5000,ZJ-SMB,2025,landsat9,early_season_v1,biological_target_phase,95,95,95,95,153,1.0,1.0,1.0,1.0,1.0
5000,ZJ-SMB,2025,landsat9,__ALL_YEAR__,year,95,95,95,960,2079,1.0,1.0,1.0,1.0,1.0
5000,ZJ-SMB,2025,sentinel1,autumn_v0,v0_predeclared,95,89,0,0,0,1.0,1.0,1.0,1.0,1.0
5000,ZJ-SMB,2025,sentinel1,summer_v0,v0_predeclared,95,89,0,0,0,1.0,1.0,1.0,1.0,1.0
5000,ZJ-SMB,2025,sentinel1,autumn_primary_v1,biological_target_phase,95,89,0,0,0,1.0,1.0,1.0,1.0,1.0
5000,ZJ-SMB,2025,sentinel1,early_season_v1,biological_target_phase,95,89,0,0,0,1.0,1.0,1.0,1.0,1.0
5000,ZJ-SMB,2025,sentinel1,__ALL_YEAR__,year,95,89,78,78,89,1.0,1.0,1.0,1.0,1.0
5000,ZJ-SMB,2025,sentinel2,autumn_v0,v0_predeclared,95,95,95,380,1900,1.0,1.0,1.0,1.0,1.0
5000,ZJ-SMB,2025,sentinel2,summer_v0,v0_predeclared,95,95,95,566,2755,1.0,1.0,1.0,1.0,1.0
5000,ZJ-SMB,2025,sentinel2,autumn_primary_v1,biological_target_phase,95,95,95,475,2565,1.0,1.0,1.0,1.0,1.0
5000,ZJ-SMB,2025,sentinel2,early_season_v1,biological_target_phase,95,95,95,475,1900,1.0,1.0,1.0,1.0,1.0
5000,ZJ-SMB,2025,sentinel2,__ALL_YEAR__,year,95,95,95,5779,15865,1.0,1.0,1.0,1.0,1.0
5000,ZJ-SMB,2026,landsat8,autumn_v0,v0_predeclared,95,95,95,95,95,1.0,1.0,1.0,1.0,1.0
5000,ZJ-SMB,2026,landsat8,summer_v0,v0_predeclared,95,95,95,95,248,1.0,1.0,1.0,1.0,1.0
5000,ZJ-SMB,2026,landsat8,autumn_primary_v1,biological_target_phase,95,95,95,95,95,1.0,1.0,1.0,1.0,1.0
5000,ZJ-SMB,2026,landsat8,early_season_v1,biological_target_phase,95,95,95,115,343,1.0,1.0,1.0,1.0,1.0
5000,ZJ-SMB,2026,landsat8,__ALL_YEAR__,year,95,95,95,630,1335,1.0,1.0,1.0,1.0,1.0
5000,ZJ-SMB,2026,landsat9,autumn_v0,v0_predeclared,95,95,95,115,124,1.0,1.0,1.0,1.0,1.0
5000,ZJ-SMB,2026,landsat9,summer_v0,v0_predeclared,95,95,95,115,372,1.0,1.0,1.0,1.0,1.0
5000,ZJ-SMB,2026,landsat9,autumn_primary_v1,biological_target_phase,95,95,95,115,124,1.0,1.0,1.0,1.0,1.0
5000,ZJ-SMB,2026,landsat9,early_season_v1,biological_target_phase,95,95,20,20,153,1.0,1.0,1.0,1.0,1.0
5000,ZJ-SMB,2026,landsat9,__ALL_YEAR__,year,95,95,95,500,1393,1.0,1.0,1.0,1.0,1.0
5000,ZJ-SMB,2026,sentinel2,autumn_v0,v0_predeclared,95,95,95,190,760,1.0,1.0,1.0,1.0,1.0
5000,ZJ-SMB,2026,sentinel2,summer_v0,v0_predeclared,95,95,95,665,2945,1.0,1.0,1.0,1.0,1.0
5000,ZJ-SMB,2026,sentinel2,autumn_primary_v1,biological_target_phase,95,95,95,190,760,1.0,1.0,1.0,1.0,1.0
5000,ZJ-SMB,2026,sentinel2,early_season_v1,biological_target_phase,95,95,91,364,1900,1.0,1.0,1.0,1.0,1.0
5000,ZJ-SMB,2026,sentinel2,__ALL_YEAR__,year,95,95,95,3570,12445,1.0,1.0,1.0,1.0,1.0
5000,ZJ-YQB,1985,landsat5,autumn_v0,v0_predeclared,39,39,0,0,30,1.0,1.0,1.0,1.0,1.0
5000,ZJ-YQB,1985,landsat5,summer_v0,v0_predeclared,39,39,25,25,91,1.0,1.0,1.0,1.0,1.0
5000,ZJ-YQB,1985,landsat5,autumn_primary_v1,biological_target_phase,39,39,0,0,30,1.0,1.0,1.0,1.0,1.0
5000,ZJ-YQB,1985,landsat5,early_season_v1,biological_target_phase,39,39,0,0,0,1.0,1.0,1.0,1.0,1.0
5000,ZJ-YQB,1985,landsat5,__ALL_YEAR__,year,39,39,39,89,190,1.0,1.0,1.0,1.0,1.0
5000,ZJ-YQB,1986,landsat5,autumn_v0,v0_predeclared,39,39,0,0,0,1.0,1.0,1.0,1.0,1.0
5000,ZJ-YQB,1986,landsat5,summer_v0,v0_predeclared,39,39,39,39,109,1.0,1.0,1.0,1.0,1.0
5000,ZJ-YQB,1986,landsat5,autumn_primary_v1,biological_target_phase,39,39,0,0,0,1.0,1.0,1.0,1.0,1.0
5000,ZJ-YQB,1986,landsat5,early_season_v1,biological_target_phase,39,39,0,0,0,1.0,1.0,1.0,1.0,1.0
5000,ZJ-YQB,1986,landsat5,__ALL_YEAR__,year,39,39,39,212,415,1.0,1.0,1.0,1.0,1.0
5000,ZJ-YQB,1987,landsat5,autumn_v0,v0_predeclared,39,39,39,39,69,1.0,1.0,1.0,1.0,1.0
5000,ZJ-YQB,1987,landsat5,summer_v0,v0_predeclared,39,39,39,48,117,1.0,1.0,1.0,1.0,1.0
5000,ZJ-YQB,1987,landsat5,autumn_primary_v1,biological_target_phase,39,39,39,47,108,1.0,1.0,1.0,1.0,1.0
5000,ZJ-YQB,1987,landsat5,early_season_v1,biological_target_phase,39,39,39,39,70,1.0,1.0,1.0,1.0,1.0
5000,ZJ-YQB,1987,landsat5,__ALL_YEAR__,year,39,39,39,214,628,1.0,1.0,1.0,1.0,1.0
5000,ZJ-YQB,1988,landsat5,autumn_v0,v0_predeclared,39,39,0,0,61,1.0,1.0,1.0,1.0,1.0
5000,ZJ-YQB,1988,landsat5,summer_v0,v0_predeclared,39,39,39,142,147,1.0,1.0,1.0,1.0,1.0
5000,ZJ-YQB,1988,landsat5,autumn_primary_v1,biological_target_phase,39,39,8,8,100,1.0,1.0,1.0,1.0,1.0
5000,ZJ-YQB,1988,landsat5,early_season_v1,biological_target_phase,39,39,0,0,78,1.0,1.0,1.0,1.0,1.0
5000,ZJ-YQB,1988,landsat5,__ALL_YEAR__,year,39,39,39,276,550,1.0,1.0,1.0,1.0,1.0
5000,ZJ-YQB,1989,landsat5,autumn_v0,v0_predeclared,39,39,8,16,109,1.0,1.0,1.0,1.0,1.0
5000,ZJ-YQB,1989,landsat5,summer_v0,v0_predeclared,39,39,0,0,78,1.0,1.0,1.0,1.0,1.0
5000,ZJ-YQB,1989,landsat5,autumn_primary_v1,biological_target_phase,39,39,8,16,148,1.0,1.0,1.0,1.0,1.0
5000,ZJ-YQB,1989,landsat5,early_season_v1,biological_target_phase,39,39,0,0,78,1.0,1.0,1.0,1.0,1.0
5000,ZJ-YQB,1989,landsat5,__ALL_YEAR__,year,39,39,39,142,529,1.0,1.0,1.0,1.0,1.0
5000,ZJ-YQB,1990,landsat5,autumn_v0,v0_predeclared,39,39,27,27,31,1.0,1.0,1.0,1.0,1.0
5000,ZJ-YQB,1990,landsat5,summer_v0,v0_predeclared,39,39,8,16,117,1.0,1.0,1.0,1.0,1.0
5000,ZJ-YQB,1990,landsat5,autumn_primary_v1,biological_target_phase,39,39,27,27,62,1.0,1.0,1.0,1.0,1.0
5000,ZJ-YQB,1990,landsat5,early_season_v1,biological_target_phase,39,39,39,39,99,1.0,1.0,1.0,1.0,1.0
5000,ZJ-YQB,1990,landsat5,__ALL_YEAR__,year,39,39,39,207,512,1.0,1.0,1.0,1.0,1.0
5000,ZJ-YQB,1991,landsat5,autumn_v0,v0_predeclared,39,39,27,27,70,1.0,1.0,1.0,1.0,1.0
5000,ZJ-YQB,1991,landsat5,summer_v0,v0_predeclared,39,39,39,48,109,1.0,1.0,1.0,1.0,1.0
5000,ZJ-YQB,1991,landsat5,autumn_primary_v1,biological_target_phase,39,39,27,27,100,1.0,1.0,1.0,1.0,1.0
5000,ZJ-YQB,1991,landsat5,early_season_v1,biological_target_phase,39,39,0,0,0,1.0,1.0,1.0,1.0,1.0
5000,ZJ-YQB,1991,landsat5,__ALL_YEAR__,year,39,39,39,209,582,1.0,1.0,1.0,1.0,1.0
5000,ZJ-YQB,1992,landsat5,autumn_v0,v0_predeclared,39,39,39,48,117,1.0,1.0,1.0,1.0,1.0
5000,ZJ-YQB,1992,landsat5,summer_v0,v0_predeclared,39,39,39,66,100,1.0,1.0,1.0,1.0,1.0
5000,ZJ-YQB,1992,landsat5,autumn_primary_v1,biological_target_phase,39,39,39,48,117,1.0,1.0,1.0,1.0,1.0
5000,ZJ-YQB,1992,landsat5,early_season_v1,biological_target_phase,39,39,39,39,39,1.0,1.0,1.0,1.0,1.0
5000,ZJ-YQB,1992,landsat5,__ALL_YEAR__,year,39,39,39,312,541,1.0,1.0,1.0,1.0,1.0
5000,ZJ-YQB,1993,landsat5,autumn_v0,v0_predeclared,39,39,0,0,0,1.0,1.0,1.0,1.0,1.0
5000,ZJ-YQB,1993,landsat5,summer_v0,v0_predeclared,39,39,39,39,130,1.0,1.0,1.0,1.0,1.0
5000,ZJ-YQB,1993,landsat5,autumn_primary_v1,biological_target_phase,39,39,0,0,39,1.0,1.0,1.0,1.0,1.0
5000,ZJ-YQB,1993,landsat5,early_season_v1,biological_target_phase,39,39,0,0,0,1.0,1.0,1.0,1.0,1.0
5000,ZJ-YQB,1993,landsat5,__ALL_YEAR__,year,39,39,39,173,503,1.0,1.0,1.0,1.0,1.0
5000,ZJ-YQB,1994,landsat5,autumn_v0,v0_predeclared,39,39,39,57,117,1.0,1.0,1.0,1.0,1.0
5000,ZJ-YQB,1994,landsat5,summer_v0,v0_predeclared,39,39,39,39,147,1.0,1.0,1.0,1.0,1.0
5000,ZJ-YQB,1994,landsat5,autumn_primary_v1,biological_target_phase,39,39,39,57,147,1.0,1.0,1.0,1.0,1.0
5000,ZJ-YQB,1994,landsat5,early_season_v1,biological_target_phase,39,39,39,39,39,1.0,1.0,1.0,1.0,1.0
5000,ZJ-YQB,1994,landsat5,__ALL_YEAR__,year,39,39,39,190,589,1.0,1.0,1.0,1.0,1.0
5000,ZJ-YQB,1995,landsat5,autumn_v0,v0_predeclared,39,39,0,0,0,1.0,1.0,1.0,1.0,1.0
5000,ZJ-YQB,1995,landsat5,summer_v0,v0_predeclared,39,39,8,8,108,1.0,1.0,1.0,1.0,1.0
5000,ZJ-YQB,1995,landsat5,autumn_primary_v1,biological_target_phase,39,39,39,39,39,1.0,1.0,1.0,1.0,1.0
5000,ZJ-YQB,1995,landsat5,early_season_v1,biological_target_phase,39,39,8,8,78,1.0,1.0,1.0,1.0,1.0
5000,ZJ-YQB,1995,landsat5,__ALL_YEAR__,year,39,39,39,228,537,1.0,1.0,1.0,1.0,1.0
5000,ZJ-YQB,1996,landsat5,autumn_v0,v0_predeclared,39,39,39,47,78,1.0,1.0,1.0,1.0,1.0
5000,ZJ-YQB,1996,landsat5,summer_v0,v0_predeclared,39,39,39,39,156,1.0,1.0,1.0,1.0,1.0
5000,ZJ-YQB,1996,landsat5,autumn_primary_v1,biological_target_phase,39,39,39,47,78,1.0,1.0,1.0,1.0,1.0
5000,ZJ-YQB,1996,landsat5,early_season_v1,biological_target_phase,39,39,8,8,39,1.0,1.0,1.0,1.0,1.0
5000,ZJ-YQB,1996,landsat5,__ALL_YEAR__,year,39,39,39,150,569,1.0,1.0,1.0,1.0,1.0
5000,ZJ-YQB,1997,landsat5,autumn_v0,v0_predeclared,39,39,39,78,78,1.0,1.0,1.0,1.0,1.0
5000,ZJ-YQB,1997,landsat5,summer_v0,v0_predeclared,39,39,9,9,78,1.0,1.0,1.0,1.0,1.0
5000,ZJ-YQB,1997,landsat5,autumn_primary_v1,biological_target_phase,39,39,39,103,108,1.0,1.0,1.0,1.0,1.0
5000,ZJ-YQB,1997,landsat5,early_season_v1,biological_target_phase,39,39,0,0,78,1.0,1.0,1.0,1.0,1.0
5000,ZJ-YQB,1997,landsat5,__ALL_YEAR__,year,39,39,39,186,620,1.0,1.0,1.0,1.0,1.0
5000,ZJ-YQB,1998,landsat5,autumn_v0,v0_predeclared,39,39,9,9,78,1.0,1.0,1.0,1.0,1.0
5000,ZJ-YQB,1998,landsat5,summer_v0,v0_predeclared,39,39,39,47,109,1.0,1.0,1.0,1.0,1.0
5000,ZJ-YQB,1998,landsat5,autumn_primary_v1,biological_target_phase,39,39,39,48,117,1.0,1.0,1.0,1.0,1.0
5000,ZJ-YQB,1998,landsat5,early_season_v1,biological_target_phase,39,39,0,0,39,1.0,1.0,1.0,1.0,1.0
5000,ZJ-YQB,1998,landsat5,__ALL_YEAR__,year,39,39,39,202,559,1.0,1.0,1.0,1.0,1.0
5000,ZJ-YQB,1999,landsat5,autumn_v0,v0_predeclared,39,39,39,39,69,1.0,1.0,1.0,1.0,1.0
5000,ZJ-YQB,1999,landsat5,summer_v0,v0_predeclared,39,39,8,8,109,1.0,1.0,1.0,1.0,1.0
5000,ZJ-YQB,1999,landsat5,autumn_primary_v1,biological_target_phase,39,39,39,39,69,1.0,1.0,1.0,1.0,1.0
5000,ZJ-YQB,1999,landsat5,early_season_v1,biological_target_phase,39,39,0,0,39,1.0,1.0,1.0,1.0,1.0
5000,ZJ-YQB,1999,landsat5,__ALL_YEAR__,year,39,39,39,172,582,1.0,1.0,1.0,1.0,1.0
5000,ZJ-YQB,1999,landsat7,autumn_v0,v0_predeclared,39,39,39,39,39,1.0,1.0,1.0,1.0,1.0
5000,ZJ-YQB,1999,landsat7,summer_v0,v0_predeclared,39,39,0,0,0,1.0,1.0,1.0,1.0,1.0
5000,ZJ-YQB,1999,landsat7,autumn_primary_v1,biological_target_phase,39,39,39,39,39,1.0,1.0,1.0,1.0,1.0
5000,ZJ-YQB,1999,landsat7,early_season_v1,biological_target_phase,39,39,0,0,0,1.0,1.0,1.0,1.0,1.0
5000,ZJ-YQB,1999,landsat7,__ALL_YEAR__,year,39,39,39,78,108,1.0,1.0,1.0,1.0,1.0
5000,ZJ-YQB,2000,landsat5,autumn_v0,v0_predeclared,39,39,0,0,117,1.0,1.0,1.0,1.0,1.0
5000,ZJ-YQB,2000,landsat5,summer_v0,v0_predeclared,39,39,8,8,147,1.0,1.0,1.0,1.0,1.0
5000,ZJ-YQB,2000,landsat5,autumn_primary_v1,biological_target_phase,39,39,0,0,117,1.0,1.0,1.0,1.0,1.0
5000,ZJ-YQB,2000,landsat5,early_season_v1,biological_target_phase,39,39,0,0,117,1.0,1.0,1.0,1.0,1.0
5000,ZJ-YQB,2000,landsat5,__ALL_YEAR__,year,39,39,39,103,645,1.0,1.0,1.0,1.0,1.0
5000,ZJ-YQB,2000,landsat7,autumn_v0,v0_predeclared,39,39,39,39,100,1.0,1.0,1.0,1.0,1.0
5000,ZJ-YQB,2000,landsat7,summer_v0,v0_predeclared,39,39,39,48,117,1.0,1.0,1.0,1.0,1.0
5000,ZJ-YQB,2000,landsat7,autumn_primary_v1,biological_target_phase,39,39,39,39,130,1.0,1.0,1.0,1.0,1.0
5000,ZJ-YQB,2000,landsat7,early_season_v1,biological_target_phase,39,39,39,47,78,1.0,1.0,1.0,1.0,1.0
5000,ZJ-YQB,2000,landsat7,__ALL_YEAR__,year,39,39,39,276,667,1.0,1.0,1.0,1.0,1.0
5000,ZJ-YQB,2001,landsat5,autumn_v0,v0_predeclared,39,39,39,39,69,1.0,1.0,1.0,1.0,1.0
5000,ZJ-YQB,2001,landsat5,summer_v0,v0_predeclared,39,39,39,39,117,1.0,1.0,1.0,1.0,1.0
5000,ZJ-YQB,2001,landsat5,autumn_primary_v1,biological_target_phase,39,39,39,78,108,1.0,1.0,1.0,1.0,1.0
5000,ZJ-YQB,2001,landsat5,early_season_v1,biological_target_phase,39,39,39,39,69,1.0,1.0,1.0,1.0,1.0
5000,ZJ-YQB,2001,landsat5,__ALL_YEAR__,year,39,39,39,312,571,1.0,1.0,1.0,1.0,1.0
5000,ZJ-YQB,2001,landsat7,autumn_v0,v0_predeclared,39,39,0,0,117,1.0,1.0,1.0,1.0,1.0
5000,ZJ-YQB,2001,landsat7,summer_v0,v0_predeclared,39,39,39,48,156,1.0,1.0,1.0,1.0,1.0
5000,ZJ-YQB,2001,landsat7,autumn_primary_v1,biological_target_phase,39,39,0,0,156,1.0,1.0,1.0,1.0,1.0
5000,ZJ-YQB,2001,landsat7,early_season_v1,biological_target_phase,39,39,0,0,78,1.0,1.0,1.0,1.0,1.0
5000,ZJ-YQB,2001,landsat7,__ALL_YEAR__,year,39,39,39,252,771,1.0,1.0,1.0,1.0,1.0
5000,ZJ-YQB,2002,landsat5,autumn_v0,v0_predeclared,39,39,39,39,78,1.0,1.0,1.0,1.0,1.0
5000,ZJ-YQB,2002,landsat5,summer_v0,v0_predeclared,39,39,39,78,78,1.0,1.0,1.0,1.0,1.0
5000,ZJ-YQB,2002,landsat5,autumn_primary_v1,biological_target_phase,39,39,39,39,78,1.0,1.0,1.0,1.0,1.0
5000,ZJ-YQB,2002,landsat5,early_season_v1,biological_target_phase,39,39,0,0,0,1.0,1.0,1.0,1.0,1.0
5000,ZJ-YQB,2002,landsat5,__ALL_YEAR__,year,39,39,39,234,382,1.0,1.0,1.0,1.0,1.0
5000,ZJ-YQB,2002,landsat7,autumn_v0,v0_predeclared,39,39,8,8,69,1.0,1.0,1.0,1.0,1.0
5000,ZJ-YQB,2002,landsat7,summer_v0,v0_predeclared,39,39,0,0,78,1.0,1.0,1.0,1.0,1.0
5000,ZJ-YQB,2002,landsat7,autumn_primary_v1,biological_target_phase,39,39,39,47,108,1.0,1.0,1.0,1.0,1.0
5000,ZJ-YQB,2002,landsat7,early_season_v1,biological_target_phase,39,39,0,0,69,1.0,1.0,1.0,1.0,1.0
5000,ZJ-YQB,2002,landsat7,__ALL_YEAR__,year,39,39,39,211,620,1.0,1.0,1.0,1.0,1.0
5000,ZJ-YQB,2003,landsat5,autumn_v0,v0_predeclared,39,39,39,39,78,1.0,1.0,1.0,1.0,1.0
5000,ZJ-YQB,2003,landsat5,summer_v0,v0_predeclared,39,39,0,0,117,1.0,1.0,1.0,1.0,1.0
5000,ZJ-YQB,2003,landsat5,autumn_primary_v1,biological_target_phase,39,39,39,39,78,1.0,1.0,1.0,1.0,1.0
5000,ZJ-YQB,2003,landsat5,early_season_v1,biological_target_phase,39,39,39,39,39,1.0,1.0,1.0,1.0,1.0
5000,ZJ-YQB,2003,landsat5,__ALL_YEAR__,year,39,39,39,195,537,1.0,1.0,1.0,1.0,1.0
5000,ZJ-YQB,2003,landsat7,autumn_v0,v0_predeclared,39,39,39,78,78,1.0,1.0,1.0,1.0,1.0
5000,ZJ-YQB,2003,landsat7,summer_v0,v0_predeclared,39,39,39,39,39,1.0,1.0,1.0,1.0,1.0
5000,ZJ-YQB,2003,landsat7,autumn_primary_v1,biological_target_phase,39,39,39,86,117,1.0,1.0,1.0,1.0,1.0
5000,ZJ-YQB,2003,landsat7,early_season_v1,biological_target_phase,39,39,39,39,78,1.0,1.0,1.0,1.0,1.0
5000,ZJ-YQB,2003,landsat7,__ALL_YEAR__,year,39,39,39,281,412,1.0,1.0,1.0,1.0,1.0
5000,ZJ-YQB,2004,landsat5,autumn_v0,v0_predeclared,39,39,0,0,70,1.0,1.0,1.0,1.0,1.0
5000,ZJ-YQB,2004,landsat5,summer_v0,v0_predeclared,39,39,0,0,70,1.0,1.0,1.0,1.0,1.0
5000,ZJ-YQB,2004,landsat5,autumn_primary_v1,biological_target_phase,39,39,27,27,101,1.0,1.0,1.0,1.0,1.0
5000,ZJ-YQB,2004,landsat5,early_season_v1,biological_target_phase,39,39,0,0,39,1.0,1.0,1.0,1.0,1.0
5000,ZJ-YQB,2004,landsat5,__ALL_YEAR__,year,39,39,39,183,600,1.0,1.0,1.0,1.0,1.0
5000,ZJ-YQB,2004,landsat7,autumn_v0,v0_predeclared,39,39,39,117,117,1.0,1.0,1.0,1.0,1.0
5000,ZJ-YQB,2004,landsat7,summer_v0,v0_predeclared,39,39,39,57,147,1.0,1.0,1.0,1.0,1.0
5000,ZJ-YQB,2004,landsat7,autumn_primary_v1,biological_target_phase,39,39,39,117,117,1.0,1.0,1.0,1.0,1.0
5000,ZJ-YQB,2004,landsat7,early_season_v1,biological_target_phase,39,39,0,0,70,1.0,1.0,1.0,1.0,1.0
5000,ZJ-YQB,2004,landsat7,__ALL_YEAR__,year,39,39,39,261,607,1.0,1.0,1.0,1.0,1.0
5000,ZJ-YQB,2005,landsat5,autumn_v0,v0_predeclared,39,39,0,0,69,1.0,1.0,1.0,1.0,1.0
5000,ZJ-YQB,2005,landsat5,summer_v0,v0_predeclared,39,39,39,39,108,1.0,1.0,1.0,1.0,1.0
5000,ZJ-YQB,2005,landsat5,autumn_primary_v1,biological_target_phase,39,39,9,9,108,1.0,1.0,1.0,1.0,1.0
5000,ZJ-YQB,2005,landsat5,early_season_v1,biological_target_phase,39,39,0,0,30,1.0,1.0,1.0,1.0,1.0
5000,ZJ-YQB,2005,landsat5,__ALL_YEAR__,year,39,39,39,95,463,1.0,1.0,1.0,1.0,1.0
5000,ZJ-YQB,2005,landsat7,autumn_v0,v0_predeclared,39,39,39,39,69,1.0,1.0,1.0,1.0,1.0
5000,ZJ-YQB,2005,landsat7,summer_v0,v0_predeclared,39,39,39,39,78,1.0,1.0,1.0,1.0,1.0
5000,ZJ-YQB,2005,landsat7,autumn_primary_v1,biological_target_phase,39,39,39,39,69,1.0,1.0,1.0,1.0,1.0
5000,ZJ-YQB,2005,landsat7,early_season_v1,biological_target_phase,39,39,8,8,70,1.0,1.0,1.0,1.0,1.0
5000,ZJ-YQB,2005,landsat7,__ALL_YEAR__,year,39,39,39,192,611,1.0,1.0,1.0,1.0,1.0
5000,ZJ-YQB,2006,landsat5,autumn_v0,v0_predeclared,39,39,39,56,117,1.0,1.0,1.0,1.0,1.0
5000,ZJ-YQB,2006,landsat5,summer_v0,v0_predeclared,39,39,17,17,117,1.0,1.0,1.0,1.0,1.0
5000,ZJ-YQB,2006,landsat5,autumn_primary_v1,biological_target_phase,39,39,39,56,148,1.0,1.0,1.0,1.0,1.0
5000,ZJ-YQB,2006,landsat5,early_season_v1,biological_target_phase,39,39,0,0,39,1.0,1.0,1.0,1.0,1.0
5000,ZJ-YQB,2006,landsat5,__ALL_YEAR__,year,39,39,39,190,568,1.0,1.0,1.0,1.0,1.0
5000,ZJ-YQB,2006,landsat7,autumn_v0,v0_predeclared,39,39,39,78,117,1.0,1.0,1.0,1.0,1.0
5000,ZJ-YQB,2006,landsat7,summer_v0,v0_predeclared,39,39,0,0,0,1.0,1.0,1.0,1.0,1.0
5000,ZJ-YQB,2006,landsat7,autumn_primary_v1,biological_target_phase,39,39,39,87,156,1.0,1.0,1.0,1.0,1.0
5000,ZJ-YQB,2006,landsat7,early_season_v1,biological_target_phase,39,39,0,0,30,1.0,1.0,1.0,1.0,1.0
5000,ZJ-YQB,2006,landsat7,__ALL_YEAR__,year,39,39,39,183,502,1.0,1.0,1.0,1.0,1.0
5000,ZJ-YQB,2007,landsat5,autumn_v0,v0_predeclared,39,39,0,0,39,1.0,1.0,1.0,1.0,1.0
5000,ZJ-YQB,2007,landsat5,summer_v0,v0_predeclared,39,39,39,48,147,1.0,1.0,1.0,1.0,1.0
5000,ZJ-YQB,2007,landsat5,autumn_primary_v1,biological_target_phase,39,39,0,0,39,1.0,1.0,1.0,1.0,1.0
5000,ZJ-YQB,2007,landsat5,early_season_v1,biological_target_phase,39,39,27,36,70,1.0,1.0,1.0,1.0,1.0
5000,ZJ-YQB,2007,landsat5,__ALL_YEAR__,year,39,39,39,171,559,1.0,1.0,1.0,1.0,1.0
5000,ZJ-YQB,2007,landsat7,autumn_v0,v0_predeclared,39,39,0,0,39,1.0,1.0,1.0,1.0,1.0
5000,ZJ-YQB,2007,landsat7,summer_v0,v0_predeclared,39,39,0,0,0,1.0,1.0,1.0,1.0,1.0
5000,ZJ-YQB,2007,landsat7,autumn_primary_v1,biological_target_phase,39,39,8,8,78,1.0,1.0,1.0,1.0,1.0
5000,ZJ-YQB,2007,landsat7,early_season_v1,biological_target_phase,39,39,39,64,69,1.0,1.0,1.0,1.0,1.0
5000,ZJ-YQB,2007,landsat7,__ALL_YEAR__,year,39,39,39,215,541,1.0,1.0,1.0,1.0,1.0
5000,ZJ-YQB,2008,landsat5,autumn_v0,v0_predeclared,39,39,39,39,78,1.0,1.0,1.0,1.0,1.0
5000,ZJ-YQB,2008,landsat5,summer_v0,v0_predeclared,39,39,39,39,78,1.0,1.0,1.0,1.0,1.0
5000,ZJ-YQB,2008,landsat5,autumn_primary_v1,biological_target_phase,39,39,39,39,78,1.0,1.0,1.0,1.0,1.0
5000,ZJ-YQB,2008,landsat5,early_season_v1,biological_target_phase,39,39,39,78,117,1.0,1.0,1.0,1.0,1.0
5000,ZJ-YQB,2008,landsat5,__ALL_YEAR__,year,39,39,39,252,546,1.0,1.0,1.0,1.0,1.0
5000,ZJ-YQB,2008,landsat7,autumn_v0,v0_predeclared,39,39,39,39,109,1.0,1.0,1.0,1.0,1.0
5000,ZJ-YQB,2008,landsat7,summer_v0,v0_predeclared,39,39,39,55,156,1.0,1.0,1.0,1.0,1.0
5000,ZJ-YQB,2008,landsat7,autumn_primary_v1,biological_target_phase,39,39,39,78,148,1.0,1.0,1.0,1.0,1.0
5000,ZJ-YQB,2008,landsat7,early_season_v1,biological_target_phase,39,39,0,0,69,1.0,1.0,1.0,1.0,1.0
5000,ZJ-YQB,2008,landsat7,__ALL_YEAR__,year,39,39,39,237,676,1.0,1.0,1.0,1.0,1.0
5000,ZJ-YQB,2009,landsat5,autumn_v0,v0_predeclared,39,39,39,39,99,1.0,1.0,1.0,1.0,1.0
5000,ZJ-YQB,2009,landsat5,summer_v0,v0_predeclared,39,39,39,47,109,1.0,1.0,1.0,1.0,1.0
5000,ZJ-YQB,2009,landsat5,autumn_primary_v1,biological_target_phase,39,39,39,47,138,1.0,1.0,1.0,1.0,1.0
5000,ZJ-YQB,2009,landsat5,early_season_v1,biological_target_phase,39,39,39,57,117,1.0,1.0,1.0,1.0,1.0
5000,ZJ-YQB,2009,landsat5,__ALL_YEAR__,year,39,39,39,229,551,1.0,1.0,1.0,1.0,1.0
5000,ZJ-YQB,2009,landsat7,autumn_v0,v0_predeclared,39,39,39,39,78,1.0,1.0,1.0,1.0,1.0
5000,ZJ-YQB,2009,landsat7,summer_v0,v0_predeclared,39,39,27,36,70,1.0,1.0,1.0,1.0,1.0
5000,ZJ-YQB,2009,landsat7,autumn_primary_v1,biological_target_phase,39,39,39,39,117,1.0,1.0,1.0,1.0,1.0
5000,ZJ-YQB,2009,landsat7,early_season_v1,biological_target_phase,39,39,8,8,100,1.0,1.0,1.0,1.0,1.0
5000,ZJ-YQB,2009,landsat7,__ALL_YEAR__,year,39,39,39,200,505,1.0,1.0,1.0,1.0,1.0
5000,ZJ-YQB,2010,landsat5,autumn_v0,v0_predeclared,39,39,39,39,39,1.0,1.0,1.0,1.0,1.0
5000,ZJ-YQB,2010,landsat5,summer_v0,v0_predeclared,39,39,17,17,78,1.0,1.0,1.0,1.0,1.0
5000,ZJ-YQB,2010,landsat5,autumn_primary_v1,biological_target_phase,39,39,39,78,78,1.0,1.0,1.0,1.0,1.0
5000,ZJ-YQB,2010,landsat5,early_season_v1,biological_target_phase,39,39,39,39,78,1.0,1.0,1.0,1.0,1.0
5000,ZJ-YQB,2010,landsat5,__ALL_YEAR__,year,39,39,39,260,489,1.0,1.0,1.0,1.0,1.0
5000,ZJ-YQB,2010,landsat7,autumn_v0,v0_predeclared,39,39,39,39,69,1.0,1.0,1.0,1.0,1.0
5000,ZJ-YQB,2010,landsat7,summer_v0,v0_predeclared,39,39,8,8,39,1.0,1.0,1.0,1.0,1.0
5000,ZJ-YQB,2010,landsat7,autumn_primary_v1,biological_target_phase,39,39,39,39,69,1.0,1.0,1.0,1.0,1.0
5000,ZJ-YQB,2010,landsat7,early_season_v1,biological_target_phase,39,39,39,39,69,1.0,1.0,1.0,1.0,1.0
5000,ZJ-YQB,2010,landsat7,__ALL_YEAR__,year,39,39,39,277,580,1.0,1.0,1.0,1.0,1.0
5000,ZJ-YQB,2011,landsat5,autumn_v0,v0_predeclared,39,39,9,9,39,1.0,1.0,1.0,1.0,1.0
5000,ZJ-YQB,2011,landsat5,summer_v0,v0_predeclared,39,39,39,39,70,1.0,1.0,1.0,1.0,1.0
5000,ZJ-YQB,2011,landsat5,autumn_primary_v1,biological_target_phase,39,39,17,17,78,1.0,1.0,1.0,1.0,1.0
5000,ZJ-YQB,2011,landsat5,early_season_v1,biological_target_phase,39,39,8,8,39,1.0,1.0,1.0,1.0,1.0
5000,ZJ-YQB,2011,landsat5,__ALL_YEAR__,year,39,39,39,111,412,1.0,1.0,1.0,1.0,1.0
5000,ZJ-YQB,2011,landsat7,autumn_v0,v0_predeclared,39,39,17,17,78,1.0,1.0,1.0,1.0,1.0
5000,ZJ-YQB,2011,landsat7,summer_v0,v0_predeclared,39,39,27,27,31,1.0,1.0,1.0,1.0,1.0
5000,ZJ-YQB,2011,landsat7,autumn_primary_v1,biological_target_phase,39,39,17,17,78,1.0,1.0,1.0,1.0,1.0
5000,ZJ-YQB,2011,landsat7,early_season_v1,biological_target_phase,39,39,0,0,0,1.0,1.0,1.0,1.0,1.0
5000,ZJ-YQB,2011,landsat7,__ALL_YEAR__,year,39,39,39,317,491,1.0,1.0,1.0,1.0,1.0
5000,ZJ-YQB,2012,landsat7,autumn_v0,v0_predeclared,39,39,39,55,117,1.0,1.0,1.0,1.0,1.0
5000,ZJ-YQB,2012,landsat7,summer_v0,v0_predeclared,39,39,0,0,31,1.0,1.0,1.0,1.0,1.0
5000,ZJ-YQB,2012,landsat7,autumn_primary_v1,biological_target_phase,39,39,39,63,156,1.0,1.0,1.0,1.0,1.0
5000,ZJ-YQB,2012,landsat7,early_season_v1,biological_target_phase,39,39,8,8,78,1.0,1.0,1.0,1.0,1.0
5000,ZJ-YQB,2012,landsat7,__ALL_YEAR__,year,39,39,39,196,589,1.0,1.0,1.0,1.0,1.0
5000,ZJ-YQB,2013,landsat7,autumn_v0,v0_predeclared,39,39,39,39,108,1.0,1.0,1.0,1.0,1.0
5000,ZJ-YQB,2013,landsat7,summer_v0,v0_predeclared,39,39,27,27,61,1.0,1.0,1.0,1.0,1.0
5000,ZJ-YQB,2013,landsat7,autumn_primary_v1,biological_target_phase,39,39,39,39,147,1.0,1.0,1.0,1.0,1.0
5000,ZJ-YQB,2013,landsat7,early_season_v1,biological_target_phase,39,39,8,8,39,1.0,1.0,1.0,1.0,1.0
5000,ZJ-YQB,2013,landsat7,__ALL_YEAR__,year,39,39,39,278,559,1.0,1.0,1.0,1.0,1.0
5000,ZJ-YQB,2013,landsat8,autumn_v0,v0_predeclared,39,39,39,39,78,1.0,1.0,1.0,1.0,1.0
5000,ZJ-YQB,2013,landsat8,summer_v0,v0_predeclared,39,39,17,17,148,1.0,1.0,1.0,1.0,1.0
5000,ZJ-YQB,2013,landsat8,autumn_primary_v1,biological_target_phase,39,39,39,39,78,1.0,1.0,1.0,1.0,1.0
5000,ZJ-YQB,2013,landsat8,early_season_v1,biological_target_phase,39,39,9,9,78,1.0,1.0,1.0,1.0,1.0
5000,ZJ-YQB,2013,landsat8,__ALL_YEAR__,year,39,39,39,191,538,1.0,1.0,1.0,1.0,1.0
5000,ZJ-YQB,2014,landsat7,autumn_v0,v0_predeclared,39,39,39,48,78,1.0,1.0,1.0,1.0,1.0
5000,ZJ-YQB,2014,landsat7,summer_v0,v0_predeclared,39,39,0,0,108,1.0,1.0,1.0,1.0,1.0
5000,ZJ-YQB,2014,landsat7,autumn_primary_v1,biological_target_phase,39,39,39,48,108,1.0,1.0,1.0,1.0,1.0
5000,ZJ-YQB,2014,landsat7,early_season_v1,biological_target_phase,39,39,0,0,69,1.0,1.0,1.0,1.0,1.0
5000,ZJ-YQB,2014,landsat7,__ALL_YEAR__,year,39,39,39,182,675,1.0,1.0,1.0,1.0,1.0
5000,ZJ-YQB,2014,landsat8,autumn_v0,v0_predeclared,39,39,17,25,117,1.0,1.0,1.0,1.0,1.0
5000,ZJ-YQB,2014,landsat8,summer_v0,v0_predeclared,39,39,39,48,117,1.0,1.0,1.0,1.0,1.0
5000,ZJ-YQB,2014,landsat8,autumn_primary_v1,biological_target_phase,39,39,39,64,156,1.0,1.0,1.0,1.0,1.0
5000,ZJ-YQB,2014,landsat8,early_season_v1,biological_target_phase,39,39,0,0,39,1.0,1.0,1.0,1.0,1.0
5000,ZJ-YQB,2014,landsat8,__ALL_YEAR__,year,39,39,39,316,724,1.0,1.0,1.0,1.0,1.0
5000,ZJ-YQB,2015,landsat7,autumn_v0,v0_predeclared,39,39,9,9,70,1.0,1.0,1.0,1.0,1.0
5000,ZJ-YQB,2015,landsat7,summer_v0,v0_predeclared,39,39,39,39,109,1.0,1.0,1.0,1.0,1.0
5000,ZJ-YQB,2015,landsat7,autumn_primary_v1,biological_target_phase,39,39,9,9,100,1.0,1.0,1.0,1.0,1.0
5000,ZJ-YQB,2015,landsat7,early_season_v1,biological_target_phase,39,39,8,8,78,1.0,1.0,1.0,1.0,1.0
5000,ZJ-YQB,2015,landsat7,__ALL_YEAR__,year,39,39,39,113,626,1.0,1.0,1.0,1.0,1.0
5000,ZJ-YQB,2015,landsat8,autumn_v0,v0_predeclared,39,39,0,0,39,1.0,1.0,1.0,1.0,1.0
5000,ZJ-YQB,2015,landsat8,summer_v0,v0_predeclared,39,39,9,9,78,1.0,1.0,1.0,1.0,1.0
5000,ZJ-YQB,2015,landsat8,autumn_primary_v1,biological_target_phase,39,39,0,0,78,1.0,1.0,1.0,1.0,1.0
5000,ZJ-YQB,2015,landsat8,early_season_v1,biological_target_phase,39,39,9,9,78,1.0,1.0,1.0,1.0,1.0
5000,ZJ-YQB,2015,landsat8,__ALL_YEAR__,year,39,39,39,161,685,1.0,1.0,1.0,1.0,1.0
5000,ZJ-YQB,2015,sentinel1,autumn_v0,v0_predeclared,39,33,24,50,82,1.0,1.0,1.0,1.0,1.0
5000,ZJ-YQB,2015,sentinel1,summer_v0,v0_predeclared,39,33,24,50,89,1.0,1.0,1.0,1.0,1.0
5000,ZJ-YQB,2015,sentinel1,autumn_primary_v1,biological_target_phase,39,33,24,67,108,1.0,1.0,1.0,1.0,1.0
5000,ZJ-YQB,2015,sentinel1,early_season_v1,biological_target_phase,39,33,24,26,44,1.0,1.0,1.0,1.0,1.0
5000,ZJ-YQB,2015,sentinel1,__ALL_YEAR__,year,39,33,24,370,609,1.0,1.0,1.0,1.0,1.0
5000,ZJ-YQB,2016,landsat7,autumn_v0,v0_predeclared,39,39,0,0,78,1.0,1.0,1.0,1.0,1.0
5000,ZJ-YQB,2016,landsat7,summer_v0,v0_predeclared,39,39,39,39,69,1.0,1.0,1.0,1.0,1.0
5000,ZJ-YQB,2016,landsat7,autumn_primary_v1,biological_target_phase,39,39,0,0,78,1.0,1.0,1.0,1.0,1.0
5000,ZJ-YQB,2016,landsat7,early_season_v1,biological_target_phase,39,39,0,0,30,1.0,1.0,1.0,1.0,1.0
5000,ZJ-YQB,2016,landsat7,__ALL_YEAR__,year,39,39,39,112,523,1.0,1.0,1.0,1.0,1.0
5000,ZJ-YQB,2016,landsat8,autumn_v0,v0_predeclared,39,39,0,0,100,1.0,1.0,1.0,1.0,1.0
5000,ZJ-YQB,2016,landsat8,summer_v0,v0_predeclared,39,39,39,48,108,1.0,1.0,1.0,1.0,1.0
5000,ZJ-YQB,2016,landsat8,autumn_primary_v1,biological_target_phase,39,39,0,0,100,1.0,1.0,1.0,1.0,1.0
5000,ZJ-YQB,2016,landsat8,early_season_v1,biological_target_phase,39,39,8,8,78,1.0,1.0,1.0,1.0,1.0
5000,ZJ-YQB,2016,landsat8,__ALL_YEAR__,year,39,39,39,128,598,1.0,1.0,1.0,1.0,1.0
5000,ZJ-YQB,2016,sentinel1,autumn_v0,v0_predeclared,39,33,24,100,164,1.0,1.0,1.0,1.0,1.0
5000,ZJ-YQB,2016,sentinel1,summer_v0,v0_predeclared,39,33,24,67,108,1.0,1.0,1.0,1.0,1.0
5000,ZJ-YQB,2016,sentinel1,autumn_primary_v1,biological_target_phase,39,33,24,125,205,1.0,1.0,1.0,1.0,1.0
5000,ZJ-YQB,2016,sentinel1,early_season_v1,biological_target_phase,39,33,24,76,119,1.0,1.0,1.0,1.0,1.0
5000,ZJ-YQB,2016,sentinel1,__ALL_YEAR__,year,39,33,24,569,920,1.0,1.0,1.0,1.0,1.0
5000,ZJ-YQB,2017,landsat7,autumn_v0,v0_predeclared,39,39,39,39,108,1.0,1.0,1.0,1.0,1.0
5000,ZJ-YQB,2017,landsat7,summer_v0,v0_predeclared,39,39,0,0,108,1.0,1.0,1.0,1.0,1.0
5000,ZJ-YQB,2017,landsat7,autumn_primary_v1,biological_target_phase,39,39,39,47,147,1.0,1.0,1.0,1.0,1.0
5000,ZJ-YQB,2017,landsat7,early_season_v1,biological_target_phase,39,39,0,0,39,1.0,1.0,1.0,1.0,1.0
5000,ZJ-YQB,2017,landsat7,__ALL_YEAR__,year,39,39,39,198,567,1.0,1.0,1.0,1.0,1.0
5000,ZJ-YQB,2017,landsat8,autumn_v0,v0_predeclared,39,39,39,57,117,1.0,1.0,1.0,1.0,1.0
5000,ZJ-YQB,2017,landsat8,summer_v0,v0_predeclared,39,39,39,47,78,1.0,1.0,1.0,1.0,1.0
5000,ZJ-YQB,2017,landsat8,autumn_primary_v1,biological_target_phase,39,39,39,57,148,1.0,1.0,1.0,1.0,1.0
5000,ZJ-YQB,2017,landsat8,early_season_v1,biological_target_phase,39,39,0,0,30,1.0,1.0,1.0,1.0,1.0
5000,ZJ-YQB,2017,landsat8,__ALL_YEAR__,year,39,39,39,268,620,1.0,1.0,1.0,1.0,1.0
5000,ZJ-YQB,2017,sentinel1,autumn_v0,v0_predeclared,39,33,24,83,138,1.0,1.0,1.0,1.0,1.0
5000,ZJ-YQB,2017,sentinel1,summer_v0,v0_predeclared,39,33,24,117,190,1.0,1.0,1.0,1.0,1.0
5000,ZJ-YQB,2017,sentinel1,autumn_primary_v1,biological_target_phase,39,33,24,108,179,1.0,1.0,1.0,1.0,1.0
5000,ZJ-YQB,2017,sentinel1,early_season_v1,biological_target_phase,39,33,24,83,138,1.0,1.0,1.0,1.0,1.0
5000,ZJ-YQB,2017,sentinel1,__ALL_YEAR__,year,39,33,24,699,1152,1.0,1.0,1.0,1.0,1.0
5000,ZJ-YQB,2017,sentinel2,autumn_v0,v0_predeclared,39,39,38,92,126,1.0,1.0,1.0,1.0,1.0
5000,ZJ-YQB,2017,sentinel2,summer_v0,v0_predeclared,39,39,0,0,0,1.0,1.0,1.0,1.0,1.0
5000,ZJ-YQB,2017,sentinel2,autumn_primary_v1,biological_target_phase,39,39,38,92,126,1.0,1.0,1.0,1.0,1.0
5000,ZJ-YQB,2017,sentinel2,early_season_v1,biological_target_phase,39,39,6,6,12,1.0,1.0,1.0,1.0,1.0
5000,ZJ-YQB,2017,sentinel2,__ALL_YEAR__,year,39,39,38,412,480,1.0,1.0,1.0,1.0,1.0
5000,ZJ-YQB,2018,landsat7,autumn_v0,v0_predeclared,39,39,39,48,78,1.0,1.0,1.0,1.0,1.0
5000,ZJ-YQB,2018,landsat7,summer_v0,v0_predeclared,39,39,9,18,117,1.0,1.0,1.0,1.0,1.0
5000,ZJ-YQB,2018,landsat7,autumn_primary_v1,biological_target_phase,39,39,39,48,109,1.0,1.0,1.0,1.0,1.0
5000,ZJ-YQB,2018,landsat7,early_season_v1,biological_target_phase,39,39,9,9,39,1.0,1.0,1.0,1.0,1.0
5000,ZJ-YQB,2018,landsat7,__ALL_YEAR__,year,39,39,39,161,568,1.0,1.0,1.0,1.0,1.0
5000,ZJ-YQB,2018,landsat8,autumn_v0,v0_predeclared,39,39,39,48,78,1.0,1.0,1.0,1.0,1.0
5000,ZJ-YQB,2018,landsat8,summer_v0,v0_predeclared,39,39,39,48,156,1.0,1.0,1.0,1.0,1.0
5000,ZJ-YQB,2018,landsat8,autumn_primary_v1,biological_target_phase,39,39,39,48,78,1.0,1.0,1.0,1.0,1.0
5000,ZJ-YQB,2018,landsat8,early_season_v1,biological_target_phase,39,39,0,0,78,1.0,1.0,1.0,1.0,1.0
5000,ZJ-YQB,2018,landsat8,__ALL_YEAR__,year,39,39,39,221,585,1.0,1.0,1.0,1.0,1.0
5000,ZJ-YQB,2018,sentinel1,autumn_v0,v0_predeclared,39,33,24,100,164,1.0,1.0,1.0,1.0,1.0
5000,ZJ-YQB,2018,sentinel1,summer_v0,v0_predeclared,39,33,24,125,205,1.0,1.0,1.0,1.0,1.0
5000,ZJ-YQB,2018,sentinel1,autumn_primary_v1,biological_target_phase,39,33,24,125,205,1.0,1.0,1.0,1.0,1.0
5000,ZJ-YQB,2018,sentinel1,early_season_v1,biological_target_phase,39,33,24,92,149,1.0,1.0,1.0,1.0,1.0
5000,ZJ-YQB,2018,sentinel1,__ALL_YEAR__,year,39,33,24,751,1233,1.0,1.0,1.0,1.0,1.0
5000,ZJ-YQB,2018,sentinel2,autumn_v0,v0_predeclared,39,39,38,78,90,1.0,1.0,1.0,1.0,1.0
5000,ZJ-YQB,2018,sentinel2,summer_v0,v0_predeclared,39,39,2,2,6,1.0,1.0,1.0,1.0,1.0
5000,ZJ-YQB,2018,sentinel2,autumn_primary_v1,biological_target_phase,39,39,38,78,90,1.0,1.0,1.0,1.0,1.0
5000,ZJ-YQB,2018,sentinel2,early_season_v1,biological_target_phase,39,39,0,0,0,1.0,1.0,1.0,1.0,1.0
5000,ZJ-YQB,2018,sentinel2,__ALL_YEAR__,year,39,39,38,434,678,1.0,1.0,1.0,1.0,1.0
5000,ZJ-YQB,2019,landsat7,autumn_v0,v0_predeclared,39,39,39,47,108,1.0,1.0,1.0,1.0,1.0
5000,ZJ-YQB,2019,landsat7,summer_v0,v0_predeclared,39,39,0,0,70,1.0,1.0,1.0,1.0,1.0
5000,ZJ-YQB,2019,landsat7,autumn_primary_v1,biological_target_phase,39,39,39,86,147,1.0,1.0,1.0,1.0,1.0
5000,ZJ-YQB,2019,landsat7,early_season_v1,biological_target_phase,39,39,8,8,70,1.0,1.0,1.0,1.0,1.0
5000,ZJ-YQB,2019,landsat7,__ALL_YEAR__,year,39,39,39,289,582,1.0,1.0,1.0,1.0,1.0
5000,ZJ-YQB,2019,landsat8,autumn_v0,v0_predeclared,39,39,9,9,70,1.0,1.0,1.0,1.0,1.0
5000,ZJ-YQB,2019,landsat8,summer_v0,v0_predeclared,39,39,39,39,156,1.0,1.0,1.0,1.0,1.0
5000,ZJ-YQB,2019,landsat8,autumn_primary_v1,biological_target_phase,39,39,39,48,109,1.0,1.0,1.0,1.0,1.0
5000,ZJ-YQB,2019,landsat8,early_season_v1,biological_target_phase,39,39,8,8,78,1.0,1.0,1.0,1.0,1.0
5000,ZJ-YQB,2019,landsat8,__ALL_YEAR__,year,39,39,39,229,745,1.0,1.0,1.0,1.0,1.0
5000,ZJ-YQB,2019,sentinel1,autumn_v0,v0_predeclared,39,33,24,149,250,1.0,1.0,1.0,1.0,1.0
5000,ZJ-YQB,2019,sentinel1,summer_v0,v0_predeclared,39,33,24,250,410,1.0,1.0,1.0,1.0,1.0
5000,ZJ-YQB,2019,sentinel1,autumn_primary_v1,biological_target_phase,39,33,24,216,358,1.0,1.0,1.0,1.0,1.0
5000,ZJ-YQB,2019,sentinel1,early_season_v1,biological_target_phase,39,33,24,175,287,1.0,1.0,1.0,1.0,1.0
5000,ZJ-YQB,2019,sentinel1,__ALL_YEAR__,year,39,33,24,1342,2206,1.0,1.0,1.0,1.0,1.0
5000,ZJ-YQB,2019,sentinel2,autumn_v0,v0_predeclared,39,39,38,349,762,1.0,1.0,1.0,1.0,1.0
5000,ZJ-YQB,2019,sentinel2,summer_v0,v0_predeclared,39,39,38,101,948,1.0,1.0,1.0,1.0,1.0
5000,ZJ-YQB,2019,sentinel2,autumn_primary_v1,biological_target_phase,39,39,38,463,996,1.0,1.0,1.0,1.0,1.0
5000,ZJ-YQB,2019,sentinel2,early_season_v1,biological_target_phase,39,39,37,118,609,1.0,1.0,1.0,1.0,1.0
5000,ZJ-YQB,2019,sentinel2,__ALL_YEAR__,year,39,39,38,1495,5937,1.0,1.0,1.0,1.0,1.0
5000,ZJ-YQB,2020,landsat7,autumn_v0,v0_predeclared,39,39,39,47,117,1.0,1.0,1.0,1.0,1.0
5000,ZJ-YQB,2020,landsat7,summer_v0,v0_predeclared,39,39,9,9,101,1.0,1.0,1.0,1.0,1.0
5000,ZJ-YQB,2020,landsat7,autumn_primary_v1,biological_target_phase,39,39,39,86,156,1.0,1.0,1.0,1.0,1.0
5000,ZJ-YQB,2020,landsat7,early_season_v1,biological_target_phase,39,39,39,47,78,1.0,1.0,1.0,1.0,1.0
5000,ZJ-YQB,2020,landsat7,__ALL_YEAR__,year,39,39,39,220,668,1.0,1.0,1.0,1.0,1.0
5000,ZJ-YQB,2020,landsat8,autumn_v0,v0_predeclared,39,39,9,18,78,1.0,1.0,1.0,1.0,1.0
5000,ZJ-YQB,2020,landsat8,summer_v0,v0_predeclared,39,39,0,0,109,1.0,1.0,1.0,1.0,1.0
5000,ZJ-YQB,2020,landsat8,autumn_primary_v1,biological_target_phase,39,39,9,18,78,1.0,1.0,1.0,1.0,1.0
5000,ZJ-YQB,2020,landsat8,early_season_v1,biological_target_phase,39,39,0,0,69,1.0,1.0,1.0,1.0,1.0
5000,ZJ-YQB,2020,landsat8,__ALL_YEAR__,year,39,39,39,113,598,1.0,1.0,1.0,1.0,1.0
5000,ZJ-YQB,2020,sentinel1,autumn_v0,v0_predeclared,39,33,24,151,242,1.0,1.0,1.0,1.0,1.0
5000,ZJ-YQB,2020,sentinel1,summer_v0,v0_predeclared,39,33,24,210,335,1.0,1.0,1.0,1.0,1.0
5000,ZJ-YQB,2020,sentinel1,autumn_primary_v1,biological_target_phase,39,33,24,210,335,1.0,1.0,1.0,1.0,1.0
5000,ZJ-YQB,2020,sentinel1,early_season_v1,biological_target_phase,39,33,24,126,201,1.0,1.0,1.0,1.0,1.0
5000,ZJ-YQB,2020,sentinel1,__ALL_YEAR__,year,39,33,24,1284,2055,1.0,1.0,1.0,1.0,1.0
5000,ZJ-YQB,2020,sentinel2,autumn_v0,v0_predeclared,39,39,38,186,738,1.0,1.0,1.0,1.0,1.0
5000,ZJ-YQB,2020,sentinel2,summer_v0,v0_predeclared,39,39,26,47,936,1.0,1.0,1.0,1.0,1.0
5000,ZJ-YQB,2020,sentinel2,autumn_primary_v1,biological_target_phase,39,39,38,251,972,1.0,1.0,1.0,1.0,1.0
5000,ZJ-YQB,2020,sentinel2,early_season_v1,biological_target_phase,39,39,38,135,660,1.0,1.0,1.0,1.0,1.0
5000,ZJ-YQB,2020,sentinel2,__ALL_YEAR__,year,39,39,38,1363,5982,1.0,1.0,1.0,1.0,1.0
5000,ZJ-YQB,2021,landsat7,autumn_v0,v0_predeclared,39,39,39,39,78,1.0,1.0,1.0,1.0,1.0
5000,ZJ-YQB,2021,landsat7,summer_v0,v0_predeclared,39,39,0,0,31,1.0,1.0,1.0,1.0,1.0
5000,ZJ-YQB,2021,landsat7,autumn_primary_v1,biological_target_phase,39,39,39,47,117,1.0,1.0,1.0,1.0,1.0
5000,ZJ-YQB,2021,landsat7,early_season_v1,biological_target_phase,39,39,0,0,39,1.0,1.0,1.0,1.0,1.0
5000,ZJ-YQB,2021,landsat7,__ALL_YEAR__,year,39,39,39,164,451,1.0,1.0,1.0,1.0,1.0
5000,ZJ-YQB,2021,landsat8,autumn_v0,v0_predeclared,39,39,39,48,108,1.0,1.0,1.0,1.0,1.0
5000,ZJ-YQB,2021,landsat8,summer_v0,v0_predeclared,39,39,9,9,109,1.0,1.0,1.0,1.0,1.0
5000,ZJ-YQB,2021,landsat8,autumn_primary_v1,biological_target_phase,39,39,39,48,147,1.0,1.0,1.0,1.0,1.0
5000,ZJ-YQB,2021,landsat8,early_season_v1,biological_target_phase,39,39,0,0,78,1.0,1.0,1.0,1.0,1.0
5000,ZJ-YQB,2021,landsat8,__ALL_YEAR__,year,39,39,39,112,676,1.0,1.0,1.0,1.0,1.0
5000,ZJ-YQB,2021,sentinel1,autumn_v0,v0_predeclared,39,33,24,143,227,1.0,1.0,1.0,1.0,1.0
5000,ZJ-YQB,2021,sentinel1,summer_v0,v0_predeclared,39,33,24,219,353,1.0,1.0,1.0,1.0,1.0
5000,ZJ-YQB,2021,sentinel1,autumn_primary_v1,biological_target_phase,39,33,24,210,335,1.0,1.0,1.0,1.0,1.0
5000,ZJ-YQB,2021,sentinel1,early_season_v1,biological_target_phase,39,33,24,134,216,1.0,1.0,1.0,1.0,1.0
5000,ZJ-YQB,2021,sentinel1,__ALL_YEAR__,year,39,33,24,1244,1987,1.0,1.0,1.0,1.0,1.0
5000,ZJ-YQB,2021,sentinel2,autumn_v0,v0_predeclared,39,39,38,363,801,1.0,1.0,1.0,1.0,1.0
5000,ZJ-YQB,2021,sentinel2,summer_v0,v0_predeclared,39,39,34,56,948,1.0,1.0,1.0,1.0,1.0
5000,ZJ-YQB,2021,sentinel2,autumn_primary_v1,biological_target_phase,39,39,38,477,1035,1.0,1.0,1.0,1.0,1.0
5000,ZJ-YQB,2021,sentinel2,early_season_v1,biological_target_phase,39,39,38,71,675,1.0,1.0,1.0,1.0,1.0
5000,ZJ-YQB,2021,sentinel2,__ALL_YEAR__,year,39,39,38,1524,5934,1.0,1.0,1.0,1.0,1.0
5000,ZJ-YQB,2022,landsat7,autumn_v0,v0_predeclared,39,39,39,151,156,1.0,1.0,1.0,1.0,1.0
5000,ZJ-YQB,2022,landsat7,summer_v0,v0_predeclared,39,39,36,77,234,1.0,1.0,1.0,1.0,1.0
5000,ZJ-YQB,2022,landsat7,autumn_primary_v1,biological_target_phase,39,39,39,159,195,1.0,1.0,1.0,1.0,1.0
5000,ZJ-YQB,2022,landsat7,early_season_v1,biological_target_phase,39,39,0,0,0,1.0,1.0,1.0,1.0,1.0
5000,ZJ-YQB,2022,landsat7,__ALL_YEAR__,year,39,39,39,317,676,1.0,1.0,1.0,1.0,1.0
5000,ZJ-YQB,2022,landsat8,autumn_v0,v0_predeclared,39,39,0,0,109,1.0,1.0,1.0,1.0,1.0
5000,ZJ-YQB,2022,landsat8,summer_v0,v0_predeclared,39,39,39,39,78,1.0,1.0,1.0,1.0,1.0
5000,ZJ-YQB,2022,landsat8,autumn_primary_v1,biological_target_phase,39,39,0,0,148,1.0,1.0,1.0,1.0,1.0
5000,ZJ-YQB,2022,landsat8,early_season_v1,biological_target_phase,39,39,0,0,78,1.0,1.0,1.0,1.0,1.0
5000,ZJ-YQB,2022,landsat8,__ALL_YEAR__,year,39,39,39,204,598,1.0,1.0,1.0,1.0,1.0
5000,ZJ-YQB,2022,landsat9,autumn_v0,v0_predeclared,39,39,39,39,39,1.0,1.0,1.0,1.0,1.0
5000,ZJ-YQB,2022,landsat9,summer_v0,v0_predeclared,39,39,39,87,117,1.0,1.0,1.0,1.0,1.0
5000,ZJ-YQB,2022,landsat9,autumn_primary_v1,biological_target_phase,39,39,39,39,39,1.0,1.0,1.0,1.0,1.0
5000,ZJ-YQB,2022,landsat9,early_season_v1,biological_target_phase,39,39,0,0,39,1.0,1.0,1.0,1.0,1.0
5000,ZJ-YQB,2022,landsat9,__ALL_YEAR__,year,39,39,39,299,489,1.0,1.0,1.0,1.0,1.0
5000,ZJ-YQB,2022,sentinel1,autumn_v0,v0_predeclared,39,33,24,92,149,1.0,1.0,1.0,1.0,1.0
5000,ZJ-YQB,2022,sentinel1,summer_v0,v0_predeclared,39,33,24,142,231,1.0,1.0,1.0,1.0,1.0
5000,ZJ-YQB,2022,sentinel1,autumn_primary_v1,biological_target_phase,39,33,24,134,216,1.0,1.0,1.0,1.0,1.0
5000,ZJ-YQB,2022,sentinel1,early_season_v1,biological_target_phase,39,33,24,75,123,1.0,1.0,1.0,1.0,1.0
5000,ZJ-YQB,2022,sentinel1,__ALL_YEAR__,year,39,33,24,726,1185,1.0,1.0,1.0,1.0,1.0
5000,ZJ-YQB,2022,sentinel2,autumn_v0,v0_predeclared,39,39,38,232,741,1.0,1.0,1.0,1.0,1.0
5000,ZJ-YQB,2022,sentinel2,summer_v0,v0_predeclared,39,39,38,178,936,1.0,1.0,1.0,1.0,1.0
5000,ZJ-YQB,2022,sentinel2,autumn_primary_v1,biological_target_phase,39,39,38,232,975,1.0,1.0,1.0,1.0,1.0
5000,ZJ-YQB,2022,sentinel2,early_season_v1,biological_target_phase,39,39,0,0,663,1.0,1.0,1.0,1.0,1.0
5000,ZJ-YQB,2022,sentinel2,__ALL_YEAR__,year,39,39,38,1340,5730,1.0,1.0,1.0,1.0,1.0
5000,ZJ-YQB,2023,landsat7,autumn_v0,v0_predeclared,39,39,34,34,69,1.0,1.0,1.0,1.0,1.0
5000,ZJ-YQB,2023,landsat7,summer_v0,v0_predeclared,39,39,9,9,186,1.0,1.0,1.0,1.0,1.0
5000,ZJ-YQB,2023,landsat7,autumn_primary_v1,biological_target_phase,39,39,34,34,100,1.0,1.0,1.0,1.0,1.0
5000,ZJ-YQB,2023,landsat7,early_season_v1,biological_target_phase,39,39,0,0,30,1.0,1.0,1.0,1.0,1.0
5000,ZJ-YQB,2023,landsat7,__ALL_YEAR__,year,39,39,39,300,807,1.0,1.0,1.0,1.0,1.0
5000,ZJ-YQB,2023,landsat8,autumn_v0,v0_predeclared,39,39,9,9,108,1.0,1.0,1.0,1.0,1.0
5000,ZJ-YQB,2023,landsat8,summer_v0,v0_predeclared,39,39,39,39,70,1.0,1.0,1.0,1.0,1.0
5000,ZJ-YQB,2023,landsat8,autumn_primary_v1,biological_target_phase,39,39,39,48,147,1.0,1.0,1.0,1.0,1.0
5000,ZJ-YQB,2023,landsat8,early_season_v1,biological_target_phase,39,39,0,0,0,1.0,1.0,1.0,1.0,1.0
5000,ZJ-YQB,2023,landsat8,__ALL_YEAR__,year,39,39,39,282,589,1.0,1.0,1.0,1.0,1.0
5000,ZJ-YQB,2023,landsat9,autumn_v0,v0_predeclared,39,39,39,48,78,1.0,1.0,1.0,1.0,1.0
5000,ZJ-YQB,2023,landsat9,summer_v0,v0_predeclared,39,39,0,0,108,1.0,1.0,1.0,1.0,1.0
5000,ZJ-YQB,2023,landsat9,autumn_primary_v1,biological_target_phase,39,39,39,48,117,1.0,1.0,1.0,1.0,1.0
5000,ZJ-YQB,2023,landsat9,early_season_v1,biological_target_phase,39,39,8,8,117,1.0,1.0,1.0,1.0,1.0
5000,ZJ-YQB,2023,landsat9,__ALL_YEAR__,year,39,39,39,197,763,1.0,1.0,1.0,1.0,1.0
5000,ZJ-YQB,2023,sentinel1,autumn_v0,v0_predeclared,39,33,24,100,164,1.0,1.0,1.0,1.0,1.0
5000,ZJ-YQB,2023,sentinel1,summer_v0,v0_predeclared,39,33,24,133,220,1.0,1.0,1.0,1.0,1.0
5000,ZJ-YQB,2023,sentinel1,autumn_primary_v1,biological_target_phase,39,33,24,133,220,1.0,1.0,1.0,1.0,1.0
5000,ZJ-YQB,2023,sentinel1,early_season_v1,biological_target_phase,39,33,24,92,149,1.0,1.0,1.0,1.0,1.0
5000,ZJ-YQB,2023,sentinel1,__ALL_YEAR__,year,39,33,24,767,1256,1.0,1.0,1.0,1.0,1.0
5000,ZJ-YQB,2023,sentinel2,autumn_v0,v0_predeclared,39,39,38,242,741,1.0,1.0,1.0,1.0,1.0
5000,ZJ-YQB,2023,sentinel2,summer_v0,v0_predeclared,39,39,32,112,936,1.0,1.0,1.0,1.0,1.0
5000,ZJ-YQB,2023,sentinel2,autumn_primary_v1,biological_target_phase,39,39,38,242,975,1.0,1.0,1.0,1.0,1.0
5000,ZJ-YQB,2023,sentinel2,early_season_v1,biological_target_phase,39,39,38,156,663,1.0,1.0,1.0,1.0,1.0
5000,ZJ-YQB,2023,sentinel2,__ALL_YEAR__,year,39,39,38,1418,5694,1.0,1.0,1.0,1.0,1.0
5000,ZJ-YQB,2024,landsat8,autumn_v0,v0_predeclared,39,39,8,8,109,1.0,1.0,1.0,1.0,1.0
5000,ZJ-YQB,2024,landsat8,summer_v0,v0_predeclared,39,39,0,0,117,1.0,1.0,1.0,1.0,1.0
5000,ZJ-YQB,2024,landsat8,autumn_primary_v1,biological_target_phase,39,39,8,8,109,1.0,1.0,1.0,1.0,1.0
5000,ZJ-YQB,2024,landsat8,early_season_v1,biological_target_phase,39,39,0,0,69,1.0,1.0,1.0,1.0,1.0
5000,ZJ-YQB,2024,landsat8,__ALL_YEAR__,year,39,39,39,203,637,1.0,1.0,1.0,1.0,1.0
5000,ZJ-YQB,2024,landsat9,autumn_v0,v0_predeclared,39,39,9,9,117,1.0,1.0,1.0,1.0,1.0
5000,ZJ-YQB,2024,landsat9,summer_v0,v0_predeclared,39,39,39,39,108,1.0,1.0,1.0,1.0,1.0
5000,ZJ-YQB,2024,landsat9,autumn_primary_v1,biological_target_phase,39,39,9,18,156,1.0,1.0,1.0,1.0,1.0
5000,ZJ-YQB,2024,landsat9,early_season_v1,biological_target_phase,39,39,17,17,78,1.0,1.0,1.0,1.0,1.0
5000,ZJ-YQB,2024,landsat9,__ALL_YEAR__,year,39,39,39,277,684,1.0,1.0,1.0,1.0,1.0
5000,ZJ-YQB,2024,sentinel1,autumn_v0,v0_predeclared,39,33,24,101,167,1.0,1.0,1.0,1.0,1.0
5000,ZJ-YQB,2024,sentinel1,summer_v0,v0_predeclared,39,33,24,125,205,1.0,1.0,1.0,1.0,1.0
5000,ZJ-YQB,2024,sentinel1,autumn_primary_v1,biological_target_phase,39,33,24,126,208,1.0,1.0,1.0,1.0,1.0
5000,ZJ-YQB,2024,sentinel1,early_season_v1,biological_target_phase,39,33,24,75,123,1.0,1.0,1.0,1.0,1.0
5000,ZJ-YQB,2024,sentinel1,__ALL_YEAR__,year,39,33,24,751,1233,1.0,1.0,1.0,1.0,1.0
5000,ZJ-YQB,2024,sentinel2,autumn_v0,v0_predeclared,39,39,38,64,741,1.0,1.0,1.0,1.0,1.0
5000,ZJ-YQB,2024,sentinel2,summer_v0,v0_predeclared,39,39,38,188,936,1.0,1.0,1.0,1.0,1.0
5000,ZJ-YQB,2024,sentinel2,autumn_primary_v1,biological_target_phase,39,39,38,161,975,1.0,1.0,1.0,1.0,1.0
5000,ZJ-YQB,2024,sentinel2,early_season_v1,biological_target_phase,39,39,38,38,663,1.0,1.0,1.0,1.0,1.0
5000,ZJ-YQB,2024,sentinel2,__ALL_YEAR__,year,39,39,38,1430,5694,1.0,1.0,1.0,1.0,1.0
5000,ZJ-YQB,2025,landsat8,autumn_v0,v0_predeclared,39,39,9,9,78,1.0,1.0,1.0,1.0,1.0
5000,ZJ-YQB,2025,landsat8,summer_v0,v0_predeclared,39,39,9,18,108,1.0,1.0,1.0,1.0,1.0
5000,ZJ-YQB,2025,landsat8,autumn_primary_v1,biological_target_phase,39,39,9,9,117,1.0,1.0,1.0,1.0,1.0
5000,ZJ-YQB,2025,landsat8,early_season_v1,biological_target_phase,39,39,39,39,78,1.0,1.0,1.0,1.0,1.0
5000,ZJ-YQB,2025,landsat8,__ALL_YEAR__,year,39,39,39,348,723,1.0,1.0,1.0,1.0,1.0
5000,ZJ-YQB,2025,landsat9,autumn_v0,v0_predeclared,39,39,8,8,108,1.0,1.0,1.0,1.0,1.0
5000,ZJ-YQB,2025,landsat9,summer_v0,v0_predeclared,39,39,0,0,108,1.0,1.0,1.0,1.0,1.0
5000,ZJ-YQB,2025,landsat9,autumn_primary_v1,biological_target_phase,39,39,8,8,147,1.0,1.0,1.0,1.0,1.0
5000,ZJ-YQB,2025,landsat9,early_season_v1,biological_target_phase,39,39,39,39,39,1.0,1.0,1.0,1.0,1.0
5000,ZJ-YQB,2025,landsat9,__ALL_YEAR__,year,39,39,39,228,636,1.0,1.0,1.0,1.0,1.0
5000,ZJ-YQB,2025,sentinel1,autumn_v0,v0_predeclared,39,33,24,100,164,1.0,1.0,1.0,1.0,1.0
5000,ZJ-YQB,2025,sentinel1,summer_v0,v0_predeclared,39,33,24,125,205,1.0,1.0,1.0,1.0,1.0
5000,ZJ-YQB,2025,sentinel1,autumn_primary_v1,biological_target_phase,39,33,24,125,205,1.0,1.0,1.0,1.0,1.0
5000,ZJ-YQB,2025,sentinel1,early_season_v1,biological_target_phase,39,33,24,92,149,1.0,1.0,1.0,1.0,1.0
5000,ZJ-YQB,2025,sentinel1,__ALL_YEAR__,year,39,33,24,751,1226,1.0,1.0,1.0,1.0,1.0
5000,ZJ-YQB,2025,sentinel2,autumn_v0,v0_predeclared,39,39,38,151,780,1.0,1.0,1.0,1.0,1.0
5000,ZJ-YQB,2025,sentinel2,summer_v0,v0_predeclared,39,39,38,199,1131,1.0,1.0,1.0,1.0,1.0
5000,ZJ-YQB,2025,sentinel2,autumn_primary_v1,biological_target_phase,39,39,38,189,1053,1.0,1.0,1.0,1.0,1.0
5000,ZJ-YQB,2025,sentinel2,early_season_v1,biological_target_phase,39,39,38,173,780,1.0,1.0,1.0,1.0,1.0
5000,ZJ-YQB,2025,sentinel2,__ALL_YEAR__,year,39,39,38,2058,6513,1.0,1.0,1.0,1.0,1.0
5000,ZJ-YQB,2026,landsat8,autumn_v0,v0_predeclared,39,39,39,39,39,1.0,1.0,1.0,1.0,1.0
5000,ZJ-YQB,2026,landsat8,summer_v0,v0_predeclared,39,39,39,39,109,1.0,1.0,1.0,1.0,1.0
5000,ZJ-YQB,2026,landsat8,autumn_primary_v1,biological_target_phase,39,39,39,39,39,1.0,1.0,1.0,1.0,1.0
5000,ZJ-YQB,2026,landsat8,early_season_v1,biological_target_phase,39,39,39,39,108,1.0,1.0,1.0,1.0,1.0
5000,ZJ-YQB,2026,landsat8,__ALL_YEAR__,year,39,39,39,203,442,1.0,1.0,1.0,1.0,1.0
5000,ZJ-YQB,2026,landsat9,autumn_v0,v0_predeclared,39,39,39,39,39,1.0,1.0,1.0,1.0,1.0
5000,ZJ-YQB,2026,landsat9,summer_v0,v0_predeclared,39,39,39,48,117,1.0,1.0,1.0,1.0,1.0
5000,ZJ-YQB,2026,landsat9,autumn_primary_v1,biological_target_phase,39,39,39,39,39,1.0,1.0,1.0,1.0,1.0
5000,ZJ-YQB,2026,landsat9,early_season_v1,biological_target_phase,39,39,0,0,39,1.0,1.0,1.0,1.0,1.0
5000,ZJ-YQB,2026,landsat9,__ALL_YEAR__,year,39,39,39,174,429,1.0,1.0,1.0,1.0,1.0
5000,ZJ-YQB,2026,sentinel1,autumn_v0,v0_predeclared,39,33,24,25,41,1.0,1.0,1.0,1.0,1.0
5000,ZJ-YQB,2026,sentinel1,summer_v0,v0_predeclared,39,33,24,159,257,1.0,1.0,1.0,1.0,1.0
5000,ZJ-YQB,2026,sentinel1,autumn_primary_v1,biological_target_phase,39,33,24,25,41,1.0,1.0,1.0,1.0,1.0
5000,ZJ-YQB,2026,sentinel1,early_season_v1,biological_target_phase,39,33,24,83,138,1.0,1.0,1.0,1.0,1.0
5000,ZJ-YQB,2026,sentinel1,__ALL_YEAR__,year,39,33,24,583,958,1.0,1.0,1.0,1.0,1.0
5000,ZJ-YQB,2026,sentinel2,autumn_v0,v0_predeclared,39,39,38,140,312,1.0,1.0,1.0,1.0,1.0
5000,ZJ-YQB,2026,sentinel2,summer_v0,v0_predeclared,39,39,38,215,1209,1.0,1.0,1.0,1.0,1.0
5000,ZJ-YQB,2026,sentinel2,autumn_primary_v1,biological_target_phase,39,39,38,140,312,1.0,1.0,1.0,1.0,1.0
5000,ZJ-YQB,2026,sentinel2,early_season_v1,biological_target_phase,39,39,26,26,780,1.0,1.0,1.0,1.0,1.0
5000,ZJ-YQB,2026,sentinel2,__ALL_YEAR__,year,39,39,38,1200,5109,1.0,1.0,1.0,1.0,1.0
10000,ZJ-HZB,1985,landsat5,autumn_v0,v0_predeclared,67,67,0,0,67,1.0,1.0,1.0,1.0,1.0
10000,ZJ-HZB,1985,landsat5,summer_v0,v0_predeclared,67,67,67,91,198,1.0,1.0,1.0,1.0,1.0
10000,ZJ-HZB,1985,landsat5,autumn_primary_v1,biological_target_phase,67,67,0,0,67,1.0,1.0,1.0,1.0,1.0
10000,ZJ-HZB,1985,landsat5,early_season_v1,biological_target_phase,67,67,0,0,0,1.0,1.0,1.0,1.0,1.0
10000,ZJ-HZB,1985,landsat5,__ALL_YEAR__,year,67,67,67,297,693,1.0,1.0,1.0,1.0,1.0
10000,ZJ-HZB,1986,landsat5,autumn_v0,v0_predeclared,67,67,0,0,32,1.0,1.0,1.0,1.0,1.0
10000,ZJ-HZB,1986,landsat5,summer_v0,v0_predeclared,67,67,24,24,198,1.0,1.0,1.0,1.0,1.0
10000,ZJ-HZB,1986,landsat5,autumn_primary_v1,biological_target_phase,67,67,0,0,32,1.0,1.0,1.0,1.0,1.0
10000,ZJ-HZB,1986,landsat5,early_season_v1,biological_target_phase,67,67,0,0,0,1.0,1.0,1.0,1.0,1.0
10000,ZJ-HZB,1986,landsat5,__ALL_YEAR__,year,67,67,67,450,696,1.0,1.0,1.0,1.0,1.0
10000,ZJ-HZB,1987,landsat5,autumn_v0,v0_predeclared,67,67,67,158,198,1.0,1.0,1.0,1.0,1.0
10000,ZJ-HZB,1987,landsat5,summer_v0,v0_predeclared,67,67,24,24,297,1.0,1.0,1.0,1.0,1.0
10000,ZJ-HZB,1987,landsat5,autumn_primary_v1,biological_target_phase,67,67,67,225,265,1.0,1.0,1.0,1.0,1.0
10000,ZJ-HZB,1987,landsat5,early_season_v1,biological_target_phase,67,67,67,67,131,1.0,1.0,1.0,1.0,1.0
10000,ZJ-HZB,1987,landsat5,__ALL_YEAR__,year,67,67,67,565,1389,1.0,1.0,1.0,1.0,1.0
10000,ZJ-HZB,1988,landsat5,autumn_v0,v0_predeclared,67,67,0,0,131,1.0,1.0,1.0,1.0,1.0
10000,ZJ-HZB,1988,landsat5,summer_v0,v0_predeclared,67,67,67,134,233,1.0,1.0,1.0,1.0,1.0
10000,ZJ-HZB,1988,landsat5,autumn_primary_v1,biological_target_phase,67,67,67,91,230,1.0,1.0,1.0,1.0,1.0
10000,ZJ-HZB,1988,landsat5,early_season_v1,biological_target_phase,67,67,24,24,99,1.0,1.0,1.0,1.0,1.0
10000,ZJ-HZB,1988,landsat5,__ALL_YEAR__,year,67,67,67,498,1354,1.0,1.0,1.0,1.0,1.0
10000,ZJ-HZB,1989,landsat5,autumn_v0,v0_predeclared,67,67,67,158,230,1.0,1.0,1.0,1.0,1.0
10000,ZJ-HZB,1989,landsat5,summer_v0,v0_predeclared,67,67,24,24,198,1.0,1.0,1.0,1.0,1.0
10000,ZJ-HZB,1989,landsat5,autumn_primary_v1,biological_target_phase,67,67,67,158,297,1.0,1.0,1.0,1.0,1.0
10000,ZJ-HZB,1989,landsat5,early_season_v1,biological_target_phase,67,67,24,24,131,1.0,1.0,1.0,1.0,1.0
10000,ZJ-HZB,1989,landsat5,__ALL_YEAR__,year,67,67,67,455,1156,1.0,1.0,1.0,1.0,1.0
10000,ZJ-HZB,1990,landsat5,autumn_v0,v0_predeclared,67,67,24,24,32,1.0,1.0,1.0,1.0,1.0
10000,ZJ-HZB,1990,landsat5,summer_v0,v0_predeclared,67,67,67,115,329,1.0,1.0,1.0,1.0,1.0
10000,ZJ-HZB,1990,landsat5,autumn_primary_v1,biological_target_phase,67,67,24,24,99,1.0,1.0,1.0,1.0,1.0
10000,ZJ-HZB,1990,landsat5,early_season_v1,biological_target_phase,67,67,67,201,233,1.0,1.0,1.0,1.0,1.0
10000,ZJ-HZB,1990,landsat5,__ALL_YEAR__,year,67,67,67,675,1322,1.0,1.0,1.0,1.0,1.0
10000,ZJ-HZB,1991,landsat5,autumn_v0,v0_predeclared,67,67,67,115,198,1.0,1.0,1.0,1.0,1.0
10000,ZJ-HZB,1991,landsat5,summer_v0,v0_predeclared,67,67,67,91,198,1.0,1.0,1.0,1.0,1.0
10000,ZJ-HZB,1991,landsat5,autumn_primary_v1,biological_target_phase,67,67,67,139,230,1.0,1.0,1.0,1.0,1.0
10000,ZJ-HZB,1991,landsat5,early_season_v1,biological_target_phase,67,67,24,24,166,1.0,1.0,1.0,1.0,1.0
10000,ZJ-HZB,1991,landsat5,__ALL_YEAR__,year,67,67,67,551,1252,1.0,1.0,1.0,1.0,1.0
10000,ZJ-HZB,1992,landsat5,autumn_v0,v0_predeclared,67,67,67,91,297,1.0,1.0,1.0,1.0,1.0
10000,ZJ-HZB,1992,landsat5,summer_v0,v0_predeclared,67,67,67,182,230,1.0,1.0,1.0,1.0,1.0
10000,ZJ-HZB,1992,landsat5,autumn_primary_v1,biological_target_phase,67,67,67,91,329,1.0,1.0,1.0,1.0,1.0
10000,ZJ-HZB,1992,landsat5,early_season_v1,biological_target_phase,67,67,24,48,96,1.0,1.0,1.0,1.0,1.0
10000,ZJ-HZB,1992,landsat5,__ALL_YEAR__,year,67,67,67,709,1447,1.0,1.0,1.0,1.0,1.0
10000,ZJ-HZB,1993,landsat5,autumn_v0,v0_predeclared,67,67,24,48,64,1.0,1.0,1.0,1.0,1.0
10000,ZJ-HZB,1993,landsat5,summer_v0,v0_predeclared,67,67,67,91,329,1.0,1.0,1.0,1.0,1.0
10000,ZJ-HZB,1993,landsat5,autumn_primary_v1,biological_target_phase,67,67,24,48,131,1.0,1.0,1.0,1.0,1.0
10000,ZJ-HZB,1993,landsat5,early_season_v1,biological_target_phase,67,67,24,24,64,1.0,1.0,1.0,1.0,1.0
10000,ZJ-HZB,1993,landsat5,__ALL_YEAR__,year,67,67,67,436,1086,1.0,1.0,1.0,1.0,1.0
10000,ZJ-HZB,1994,landsat5,autumn_v0,v0_predeclared,67,67,67,67,134,1.0,1.0,1.0,1.0,1.0
10000,ZJ-HZB,1994,landsat5,summer_v0,v0_predeclared,67,67,67,67,166,1.0,1.0,1.0,1.0,1.0
10000,ZJ-HZB,1994,landsat5,autumn_primary_v1,biological_target_phase,67,67,67,67,134,1.0,1.0,1.0,1.0,1.0
10000,ZJ-HZB,1994,landsat5,early_season_v1,biological_target_phase,67,67,67,91,131,1.0,1.0,1.0,1.0,1.0
10000,ZJ-HZB,1994,landsat5,__ALL_YEAR__,year,67,67,67,474,990,1.0,1.0,1.0,1.0,1.0
10000,ZJ-HZB,1995,landsat5,autumn_v0,v0_predeclared,67,67,24,24,99,1.0,1.0,1.0,1.0,1.0
10000,ZJ-HZB,1995,landsat5,summer_v0,v0_predeclared,67,67,67,91,166,1.0,1.0,1.0,1.0,1.0
10000,ZJ-HZB,1995,landsat5,autumn_primary_v1,biological_target_phase,67,67,67,91,198,1.0,1.0,1.0,1.0,1.0
10000,ZJ-HZB,1995,landsat5,early_season_v1,biological_target_phase,67,67,67,67,166,1.0,1.0,1.0,1.0,1.0
10000,ZJ-HZB,1995,landsat5,__ALL_YEAR__,year,67,67,67,704,1354,1.0,1.0,1.0,1.0,1.0
10000,ZJ-HZB,1996,landsat5,autumn_v0,v0_predeclared,67,67,67,134,166,1.0,1.0,1.0,1.0,1.0
10000,ZJ-HZB,1996,landsat5,summer_v0,v0_predeclared,67,67,24,24,396,1.0,1.0,1.0,1.0,1.0
10000,ZJ-HZB,1996,landsat5,autumn_primary_v1,biological_target_phase,67,67,67,134,166,1.0,1.0,1.0,1.0,1.0
10000,ZJ-HZB,1996,landsat5,early_season_v1,biological_target_phase,67,67,67,67,198,1.0,1.0,1.0,1.0,1.0
10000,ZJ-HZB,1996,landsat5,__ALL_YEAR__,year,67,67,67,455,1551,1.0,1.0,1.0,1.0,1.0
10000,ZJ-HZB,1997,landsat5,autumn_v0,v0_predeclared,67,67,67,158,166,1.0,1.0,1.0,1.0,1.0
10000,ZJ-HZB,1997,landsat5,summer_v0,v0_predeclared,67,67,24,24,265,1.0,1.0,1.0,1.0,1.0
10000,ZJ-HZB,1997,landsat5,autumn_primary_v1,biological_target_phase,67,67,67,158,166,1.0,1.0,1.0,1.0,1.0
10000,ZJ-HZB,1997,landsat5,early_season_v1,biological_target_phase,67,67,24,48,198,1.0,1.0,1.0,1.0,1.0
10000,ZJ-HZB,1997,landsat5,__ALL_YEAR__,year,67,67,67,549,1490,1.0,1.0,1.0,1.0,1.0
10000,ZJ-HZB,1998,landsat5,autumn_v0,v0_predeclared,67,67,0,0,36,1.0,1.0,1.0,1.0,1.0
10000,ZJ-HZB,1998,landsat5,summer_v0,v0_predeclared,67,67,67,156,168,1.0,1.0,1.0,1.0,1.0
10000,ZJ-HZB,1998,landsat5,autumn_primary_v1,biological_target_phase,67,67,67,91,135,1.0,1.0,1.0,1.0,1.0
10000,ZJ-HZB,1998,landsat5,early_season_v1,biological_target_phase,67,67,0,0,230,1.0,1.0,1.0,1.0,1.0
10000,ZJ-HZB,1998,landsat5,__ALL_YEAR__,year,67,67,67,585,1164,1.0,1.0,1.0,1.0,1.0
10000,ZJ-HZB,1999,landsat5,autumn_v0,v0_predeclared,67,67,67,115,131,1.0,1.0,1.0,1.0,1.0
10000,ZJ-HZB,1999,landsat5,summer_v0,v0_predeclared,67,67,65,65,134,1.0,1.0,1.0,1.0,1.0
10000,ZJ-HZB,1999,landsat5,autumn_primary_v1,biological_target_phase,67,67,67,115,163,1.0,1.0,1.0,1.0,1.0
10000,ZJ-HZB,1999,landsat5,early_season_v1,biological_target_phase,67,67,0,0,34,1.0,1.0,1.0,1.0,1.0
10000,ZJ-HZB,1999,landsat5,__ALL_YEAR__,year,67,67,67,477,1026,1.0,1.0,1.0,1.0,1.0
10000,ZJ-HZB,1999,landsat7,autumn_v0,v0_predeclared,67,67,24,48,131,1.0,1.0,1.0,1.0,1.0
10000,ZJ-HZB,1999,landsat7,summer_v0,v0_predeclared,67,67,0,0,0,1.0,1.0,1.0,1.0,1.0
10000,ZJ-HZB,1999,landsat7,autumn_primary_v1,biological_target_phase,67,67,67,115,198,1.0,1.0,1.0,1.0,1.0
10000,ZJ-HZB,1999,landsat7,early_season_v1,biological_target_phase,67,67,0,0,0,1.0,1.0,1.0,1.0,1.0
10000,ZJ-HZB,1999,landsat7,__ALL_YEAR__,year,67,67,67,230,463,1.0,1.0,1.0,1.0,1.0
10000,ZJ-HZB,2000,landsat5,autumn_v0,v0_predeclared,67,67,24,24,230,1.0,1.0,1.0,1.0,1.0
10000,ZJ-HZB,2000,landsat5,summer_v0,v0_predeclared,67,67,67,115,297,1.0,1.0,1.0,1.0,1.0
10000,ZJ-HZB,2000,landsat5,autumn_primary_v1,biological_target_phase,67,67,24,48,264,1.0,1.0,1.0,1.0,1.0
10000,ZJ-HZB,2000,landsat5,early_season_v1,biological_target_phase,67,67,24,48,297,1.0,1.0,1.0,1.0,1.0
10000,ZJ-HZB,2000,landsat5,__ALL_YEAR__,year,67,67,67,417,1746,1.0,1.0,1.0,1.0,1.0
10000,ZJ-HZB,2000,landsat7,autumn_v0,v0_predeclared,67,67,67,158,230,1.0,1.0,1.0,1.0,1.0
10000,ZJ-HZB,2000,landsat7,summer_v0,v0_predeclared,67,67,67,158,297,1.0,1.0,1.0,1.0,1.0
10000,ZJ-HZB,2000,landsat7,autumn_primary_v1,biological_target_phase,67,67,67,225,297,1.0,1.0,1.0,1.0,1.0
10000,ZJ-HZB,2000,landsat7,early_season_v1,biological_target_phase,67,67,67,180,200,1.0,1.0,1.0,1.0,1.0
10000,ZJ-HZB,2000,landsat7,__ALL_YEAR__,year,67,67,67,944,1554,1.0,1.0,1.0,1.0,1.0
10000,ZJ-HZB,2001,landsat5,autumn_v0,v0_predeclared,67,67,67,67,166,1.0,1.0,1.0,1.0,1.0
10000,ZJ-HZB,2001,landsat5,summer_v0,v0_predeclared,67,67,65,113,297,1.0,1.0,1.0,1.0,1.0
10000,ZJ-HZB,2001,landsat5,autumn_primary_v1,biological_target_phase,67,67,67,134,265,1.0,1.0,1.0,1.0,1.0
10000,ZJ-HZB,2001,landsat5,early_season_v1,biological_target_phase,67,67,67,67,168,1.0,1.0,1.0,1.0,1.0
10000,ZJ-HZB,2001,landsat5,__ALL_YEAR__,year,67,67,67,705,1586,1.0,1.0,1.0,1.0,1.0
10000,ZJ-HZB,2001,landsat7,autumn_v0,v0_predeclared,67,67,24,48,230,1.0,1.0,1.0,1.0,1.0
10000,ZJ-HZB,2001,landsat7,summer_v0,v0_predeclared,67,67,67,158,364,1.0,1.0,1.0,1.0,1.0
10000,ZJ-HZB,2001,landsat7,autumn_primary_v1,biological_target_phase,67,67,67,139,329,1.0,1.0,1.0,1.0,1.0
10000,ZJ-HZB,2001,landsat7,early_season_v1,biological_target_phase,67,67,24,24,166,1.0,1.0,1.0,1.0,1.0
10000,ZJ-HZB,2001,landsat7,__ALL_YEAR__,year,67,67,67,594,1686,1.0,1.0,1.0,1.0,1.0
10000,ZJ-HZB,2002,landsat5,autumn_v0,v0_predeclared,67,67,67,139,230,1.0,1.0,1.0,1.0,1.0
10000,ZJ-HZB,2002,landsat5,summer_v0,v0_predeclared,67,67,67,134,134,1.0,1.0,1.0,1.0,1.0
10000,ZJ-HZB,2002,landsat5,autumn_primary_v1,biological_target_phase,67,67,67,139,262,1.0,1.0,1.0,1.0,1.0
10000,ZJ-HZB,2002,landsat5,early_season_v1,biological_target_phase,67,67,0,0,32,1.0,1.0,1.0,1.0,1.0
10000,ZJ-HZB,2002,landsat5,__ALL_YEAR__,year,67,67,67,522,1022,1.0,1.0,1.0,1.0,1.0
10000,ZJ-HZB,2002,landsat7,autumn_v0,v0_predeclared,67,67,67,67,198,1.0,1.0,1.0,1.0,1.0
10000,ZJ-HZB,2002,landsat7,summer_v0,v0_predeclared,67,67,67,115,297,1.0,1.0,1.0,1.0,1.0
10000,ZJ-HZB,2002,landsat7,autumn_primary_v1,biological_target_phase,67,67,67,158,297,1.0,1.0,1.0,1.0,1.0
10000,ZJ-HZB,2002,landsat7,early_season_v1,biological_target_phase,67,67,24,24,99,1.0,1.0,1.0,1.0,1.0
10000,ZJ-HZB,2002,landsat7,__ALL_YEAR__,year,67,67,67,862,1586,1.0,1.0,1.0,1.0,1.0
10000,ZJ-HZB,2003,landsat5,autumn_v0,v0_predeclared,67,67,67,115,198,1.0,1.0,1.0,1.0,1.0
10000,ZJ-HZB,2003,landsat5,summer_v0,v0_predeclared,67,67,24,24,297,1.0,1.0,1.0,1.0,1.0
10000,ZJ-HZB,2003,landsat5,autumn_primary_v1,biological_target_phase,67,67,67,139,230,1.0,1.0,1.0,1.0,1.0
10000,ZJ-HZB,2003,landsat5,early_season_v1,biological_target_phase,67,67,0,0,0,1.0,1.0,1.0,1.0,1.0
10000,ZJ-HZB,2003,landsat5,__ALL_YEAR__,year,67,67,67,501,1319,1.0,1.0,1.0,1.0,1.0
10000,ZJ-HZB,2003,landsat7,autumn_v0,v0_predeclared,67,67,67,134,198,1.0,1.0,1.0,1.0,1.0
10000,ZJ-HZB,2003,landsat7,summer_v0,v0_predeclared,67,67,67,67,67,1.0,1.0,1.0,1.0,1.0
10000,ZJ-HZB,2003,landsat7,autumn_primary_v1,biological_target_phase,67,67,67,158,297,1.0,1.0,1.0,1.0,1.0
10000,ZJ-HZB,2003,landsat7,early_season_v1,biological_target_phase,67,67,67,67,131,1.0,1.0,1.0,1.0,1.0
10000,ZJ-HZB,2003,landsat7,__ALL_YEAR__,year,67,67,67,642,1150,1.0,1.0,1.0,1.0,1.0
10000,ZJ-HZB,2004,landsat5,autumn_v0,v0_predeclared,67,67,24,72,163,1.0,1.0,1.0,1.0,1.0
10000,ZJ-HZB,2004,landsat5,summer_v0,v0_predeclared,67,67,67,115,297,1.0,1.0,1.0,1.0,1.0
10000,ZJ-HZB,2004,landsat5,autumn_primary_v1,biological_target_phase,67,67,24,72,195,1.0,1.0,1.0,1.0,1.0
10000,ZJ-HZB,2004,landsat5,early_season_v1,biological_target_phase,67,67,0,0,32,1.0,1.0,1.0,1.0,1.0
10000,ZJ-HZB,2004,landsat5,__ALL_YEAR__,year,67,67,67,661,1418,1.0,1.0,1.0,1.0,1.0
10000,ZJ-HZB,2004,landsat7,autumn_v0,v0_predeclared,67,67,67,158,265,1.0,1.0,1.0,1.0,1.0
10000,ZJ-HZB,2004,landsat7,summer_v0,v0_predeclared,67,67,24,24,332,1.0,1.0,1.0,1.0,1.0
10000,ZJ-HZB,2004,landsat7,autumn_primary_v1,biological_target_phase,67,67,67,158,297,1.0,1.0,1.0,1.0,1.0
10000,ZJ-HZB,2004,landsat7,early_season_v1,biological_target_phase,67,67,0,0,166,1.0,1.0,1.0,1.0,1.0
10000,ZJ-HZB,2004,landsat7,__ALL_YEAR__,year,67,67,67,549,1621,1.0,1.0,1.0,1.0,1.0
10000,ZJ-HZB,2005,landsat5,autumn_v0,v0_predeclared,67,67,67,115,198,1.0,1.0,1.0,1.0,1.0
10000,ZJ-HZB,2005,landsat5,summer_v0,v0_predeclared,67,67,67,134,364,1.0,1.0,1.0,1.0,1.0
10000,ZJ-HZB,2005,landsat5,autumn_primary_v1,biological_target_phase,67,67,67,115,230,1.0,1.0,1.0,1.0,1.0
10000,ZJ-HZB,2005,landsat5,early_season_v1,biological_target_phase,67,67,0,0,198,1.0,1.0,1.0,1.0,1.0
10000,ZJ-HZB,2005,landsat5,__ALL_YEAR__,year,67,67,67,455,1281,1.0,1.0,1.0,1.0,1.0
10000,ZJ-HZB,2005,landsat7,autumn_v0,v0_predeclared,67,67,67,67,99,1.0,1.0,1.0,1.0,1.0
10000,ZJ-HZB,2005,landsat7,summer_v0,v0_predeclared,67,67,67,180,364,1.0,1.0,1.0,1.0,1.0
10000,ZJ-HZB,2005,landsat7,autumn_primary_v1,biological_target_phase,67,67,67,67,101,1.0,1.0,1.0,1.0,1.0
10000,ZJ-HZB,2005,landsat7,early_season_v1,biological_target_phase,67,67,67,67,133,1.0,1.0,1.0,1.0,1.0
10000,ZJ-HZB,2005,landsat7,__ALL_YEAR__,year,67,67,67,724,1591,1.0,1.0,1.0,1.0,1.0
10000,ZJ-HZB,2006,landsat5,autumn_v0,v0_predeclared,67,67,67,182,297,1.0,1.0,1.0,1.0,1.0
10000,ZJ-HZB,2006,landsat5,summer_v0,v0_predeclared,67,67,0,0,233,1.0,1.0,1.0,1.0,1.0
10000,ZJ-HZB,2006,landsat5,autumn_primary_v1,biological_target_phase,67,67,67,182,329,1.0,1.0,1.0,1.0,1.0
10000,ZJ-HZB,2006,landsat5,early_season_v1,biological_target_phase,67,67,67,115,131,1.0,1.0,1.0,1.0,1.0
10000,ZJ-HZB,2006,landsat5,__ALL_YEAR__,year,67,67,67,570,1386,1.0,1.0,1.0,1.0,1.0
10000,ZJ-HZB,2006,landsat7,autumn_v0,v0_predeclared,67,67,67,91,166,1.0,1.0,1.0,1.0,1.0
10000,ZJ-HZB,2006,landsat7,summer_v0,v0_predeclared,67,67,0,0,133,1.0,1.0,1.0,1.0,1.0
10000,ZJ-HZB,2006,landsat7,autumn_primary_v1,biological_target_phase,67,67,67,158,233,1.0,1.0,1.0,1.0,1.0
10000,ZJ-HZB,2006,landsat7,early_season_v1,biological_target_phase,67,67,0,0,200,1.0,1.0,1.0,1.0,1.0
10000,ZJ-HZB,2006,landsat7,__ALL_YEAR__,year,67,67,67,501,1556,1.0,1.0,1.0,1.0,1.0
10000,ZJ-HZB,2007,landsat5,autumn_v0,v0_predeclared,67,67,67,67,67,1.0,1.0,1.0,1.0,1.0
10000,ZJ-HZB,2007,landsat5,summer_v0,v0_predeclared,67,67,67,67,364,1.0,1.0,1.0,1.0,1.0
10000,ZJ-HZB,2007,landsat5,autumn_primary_v1,biological_target_phase,67,67,67,67,67,1.0,1.0,1.0,1.0,1.0
10000,ZJ-HZB,2007,landsat5,early_season_v1,biological_target_phase,67,67,0,0,134,1.0,1.0,1.0,1.0,1.0
10000,ZJ-HZB,2007,landsat5,__ALL_YEAR__,year,67,67,67,431,1223,1.0,1.0,1.0,1.0,1.0
10000,ZJ-HZB,2007,landsat7,autumn_v0,v0_predeclared,67,67,0,0,163,1.0,1.0,1.0,1.0,1.0
10000,ZJ-HZB,2007,landsat7,summer_v0,v0_predeclared,67,67,0,0,99,1.0,1.0,1.0,1.0,1.0
10000,ZJ-HZB,2007,landsat7,autumn_primary_v1,biological_target_phase,67,67,67,67,230,1.0,1.0,1.0,1.0,1.0
10000,ZJ-HZB,2007,landsat7,early_season_v1,biological_target_phase,67,67,67,158,198,1.0,1.0,1.0,1.0,1.0
10000,ZJ-HZB,2007,landsat7,__ALL_YEAR__,year,67,67,67,520,1325,1.0,1.0,1.0,1.0,1.0
10000,ZJ-HZB,2008,landsat5,autumn_v0,v0_predeclared,67,67,67,91,233,1.0,1.0,1.0,1.0,1.0
10000,ZJ-HZB,2008,landsat5,summer_v0,v0_predeclared,67,67,67,115,230,1.0,1.0,1.0,1.0,1.0
10000,ZJ-HZB,2008,landsat5,autumn_primary_v1,biological_target_phase,67,67,67,91,233,1.0,1.0,1.0,1.0,1.0
10000,ZJ-HZB,2008,landsat5,early_season_v1,biological_target_phase,67,67,67,158,265,1.0,1.0,1.0,1.0,1.0
10000,ZJ-HZB,2008,landsat5,__ALL_YEAR__,year,67,67,67,546,1287,1.0,1.0,1.0,1.0,1.0
10000,ZJ-HZB,2008,landsat7,autumn_v0,v0_predeclared,67,67,0,0,198,1.0,1.0,1.0,1.0,1.0
10000,ZJ-HZB,2008,landsat7,summer_v0,v0_predeclared,67,67,67,134,268,1.0,1.0,1.0,1.0,1.0
10000,ZJ-HZB,2008,landsat7,autumn_primary_v1,biological_target_phase,67,67,0,0,265,1.0,1.0,1.0,1.0,1.0
10000,ZJ-HZB,2008,landsat7,early_season_v1,biological_target_phase,67,67,67,115,230,1.0,1.0,1.0,1.0,1.0
10000,ZJ-HZB,2008,landsat7,__ALL_YEAR__,year,67,67,67,479,1654,1.0,1.0,1.0,1.0,1.0
10000,ZJ-HZB,2009,landsat5,autumn_v0,v0_predeclared,67,67,67,134,265,1.0,1.0,1.0,1.0,1.0
10000,ZJ-HZB,2009,landsat5,summer_v0,v0_predeclared,67,67,67,91,297,1.0,1.0,1.0,1.0,1.0
10000,ZJ-HZB,2009,landsat5,autumn_primary_v1,biological_target_phase,67,67,67,201,332,1.0,1.0,1.0,1.0,1.0
10000,ZJ-HZB,2009,landsat5,early_season_v1,biological_target_phase,67,67,67,67,233,1.0,1.0,1.0,1.0,1.0
10000,ZJ-HZB,2009,landsat5,__ALL_YEAR__,year,67,67,67,565,1258,1.0,1.0,1.0,1.0,1.0
10000,ZJ-HZB,2009,landsat7,autumn_v0,v0_predeclared,67,67,67,115,198,1.0,1.0,1.0,1.0,1.0
10000,ZJ-HZB,2009,landsat7,summer_v0,v0_predeclared,67,67,0,0,198,1.0,1.0,1.0,1.0,1.0
10000,ZJ-HZB,2009,landsat7,autumn_primary_v1,biological_target_phase,67,67,67,139,297,1.0,1.0,1.0,1.0,1.0
10000,ZJ-HZB,2009,landsat7,early_season_v1,biological_target_phase,67,67,67,134,198,1.0,1.0,1.0,1.0,1.0
10000,ZJ-HZB,2009,landsat7,__ALL_YEAR__,year,67,67,67,618,1316,1.0,1.0,1.0,1.0,1.0
10000,ZJ-HZB,2010,landsat5,autumn_v0,v0_predeclared,67,67,0,0,99,1.0,1.0,1.0,1.0,1.0
10000,ZJ-HZB,2010,landsat5,summer_v0,v0_predeclared,67,67,67,67,134,1.0,1.0,1.0,1.0,1.0
10000,ZJ-HZB,2010,landsat5,autumn_primary_v1,biological_target_phase,67,67,67,67,166,1.0,1.0,1.0,1.0,1.0
10000,ZJ-HZB,2010,landsat5,early_season_v1,biological_target_phase,67,67,67,91,166,1.0,1.0,1.0,1.0,1.0
10000,ZJ-HZB,2010,landsat5,__ALL_YEAR__,year,67,67,67,565,1127,1.0,1.0,1.0,1.0,1.0
10000,ZJ-HZB,2010,landsat7,autumn_v0,v0_predeclared,67,67,67,91,198,1.0,1.0,1.0,1.0,1.0
10000,ZJ-HZB,2010,landsat7,summer_v0,v0_predeclared,67,67,67,91,131,1.0,1.0,1.0,1.0,1.0
10000,ZJ-HZB,2010,landsat7,autumn_primary_v1,biological_target_phase,67,67,67,91,198,1.0,1.0,1.0,1.0,1.0
10000,ZJ-HZB,2010,landsat7,early_season_v1,biological_target_phase,67,67,67,158,166,1.0,1.0,1.0,1.0,1.0
10000,ZJ-HZB,2010,landsat7,__ALL_YEAR__,year,67,67,67,910,1418,1.0,1.0,1.0,1.0,1.0
10000,ZJ-HZB,2011,landsat5,autumn_v0,v0_predeclared,67,67,67,67,67,1.0,1.0,1.0,1.0,1.0
10000,ZJ-HZB,2011,landsat5,summer_v0,v0_predeclared,67,67,67,91,198,1.0,1.0,1.0,1.0,1.0
10000,ZJ-HZB,2011,landsat5,autumn_primary_v1,biological_target_phase,67,67,67,67,67,1.0,1.0,1.0,1.0,1.0
10000,ZJ-HZB,2011,landsat5,early_season_v1,biological_target_phase,67,67,67,91,131,1.0,1.0,1.0,1.0,1.0
10000,ZJ-HZB,2011,landsat5,__ALL_YEAR__,year,67,67,67,388,1089,1.0,1.0,1.0,1.0,1.0
10000,ZJ-HZB,2011,landsat7,autumn_v0,v0_predeclared,67,67,67,91,230,1.0,1.0,1.0,1.0,1.0
10000,ZJ-HZB,2011,landsat7,summer_v0,v0_predeclared,67,67,24,24,32,1.0,1.0,1.0,1.0,1.0
10000,ZJ-HZB,2011,landsat7,autumn_primary_v1,biological_target_phase,67,67,67,115,262,1.0,1.0,1.0,1.0,1.0
10000,ZJ-HZB,2011,landsat7,early_season_v1,biological_target_phase,67,67,24,24,32,1.0,1.0,1.0,1.0,1.0
10000,ZJ-HZB,2011,landsat7,__ALL_YEAR__,year,67,67,67,637,1284,1.0,1.0,1.0,1.0,1.0
10000,ZJ-HZB,2012,landsat7,autumn_v0,v0_predeclared,67,67,67,182,297,1.0,1.0,1.0,1.0,1.0
10000,ZJ-HZB,2012,landsat7,summer_v0,v0_predeclared,67,67,0,0,67,1.0,1.0,1.0,1.0,1.0
10000,ZJ-HZB,2012,landsat7,autumn_primary_v1,biological_target_phase,67,67,67,273,396,1.0,1.0,1.0,1.0,1.0
10000,ZJ-HZB,2012,landsat7,early_season_v1,biological_target_phase,67,67,67,91,230,1.0,1.0,1.0,1.0,1.0
10000,ZJ-HZB,2012,landsat7,__ALL_YEAR__,year,67,67,67,656,1491,1.0,1.0,1.0,1.0,1.0
10000,ZJ-HZB,2013,landsat7,autumn_v0,v0_predeclared,67,67,0,0,134,1.0,1.0,1.0,1.0,1.0
10000,ZJ-HZB,2013,landsat7,summer_v0,v0_predeclared,67,67,67,115,131,1.0,1.0,1.0,1.0,1.0
10000,ZJ-HZB,2013,landsat7,autumn_primary_v1,biological_target_phase,67,67,67,91,233,1.0,1.0,1.0,1.0,1.0
10000,ZJ-HZB,2013,landsat7,early_season_v1,biological_target_phase,67,67,67,91,131,1.0,1.0,1.0,1.0,1.0
10000,ZJ-HZB,2013,landsat7,__ALL_YEAR__,year,67,67,67,637,1354,1.0,1.0,1.0,1.0,1.0
10000,ZJ-HZB,2013,landsat8,autumn_v0,v0_predeclared,67,67,24,24,233,1.0,1.0,1.0,1.0,1.0
10000,ZJ-HZB,2013,landsat8,summer_v0,v0_predeclared,67,67,65,113,297,1.0,1.0,1.0,1.0,1.0
10000,ZJ-HZB,2013,landsat8,autumn_primary_v1,biological_target_phase,67,67,24,48,265,1.0,1.0,1.0,1.0,1.0
10000,ZJ-HZB,2013,landsat8,early_season_v1,biological_target_phase,67,67,65,65,67,1.0,1.0,1.0,1.0,1.0
10000,ZJ-HZB,2013,landsat8,__ALL_YEAR__,year,67,67,67,542,1255,1.0,1.0,1.0,1.0,1.0
10000,ZJ-HZB,2014,landsat7,autumn_v0,v0_predeclared,67,67,0,0,265,1.0,1.0,1.0,1.0,1.0
10000,ZJ-HZB,2014,landsat7,summer_v0,v0_predeclared,67,67,67,91,297,1.0,1.0,1.0,1.0,1.0
10000,ZJ-HZB,2014,landsat7,autumn_primary_v1,biological_target_phase,67,67,24,24,364,1.0,1.0,1.0,1.0,1.0
10000,ZJ-HZB,2014,landsat7,early_season_v1,biological_target_phase,67,67,24,24,166,1.0,1.0,1.0,1.0,1.0
10000,ZJ-HZB,2014,landsat7,__ALL_YEAR__,year,67,67,67,527,1683,1.0,1.0,1.0,1.0,1.0
10000,ZJ-HZB,2014,landsat8,autumn_v0,v0_predeclared,67,67,67,158,265,1.0,1.0,1.0,1.0,1.0
10000,ZJ-HZB,2014,landsat8,summer_v0,v0_predeclared,67,67,65,89,265,1.0,1.0,1.0,1.0,1.0
10000,ZJ-HZB,2014,landsat8,autumn_primary_v1,biological_target_phase,67,67,67,225,364,1.0,1.0,1.0,1.0,1.0
10000,ZJ-HZB,2014,landsat8,early_season_v1,biological_target_phase,67,67,0,0,166,1.0,1.0,1.0,1.0,1.0
10000,ZJ-HZB,2014,landsat8,__ALL_YEAR__,year,67,67,67,700,1755,1.0,1.0,1.0,1.0,1.0
10000,ZJ-HZB,2015,landsat7,autumn_v0,v0_predeclared,67,67,0,0,99,1.0,1.0,1.0,1.0,1.0
10000,ZJ-HZB,2015,landsat7,summer_v0,v0_predeclared,67,67,67,67,265,1.0,1.0,1.0,1.0,1.0
10000,ZJ-HZB,2015,landsat7,autumn_primary_v1,biological_target_phase,67,67,24,24,198,1.0,1.0,1.0,1.0,1.0
10000,ZJ-HZB,2015,landsat7,early_season_v1,biological_target_phase,67,67,67,158,198,1.0,1.0,1.0,1.0,1.0
10000,ZJ-HZB,2015,landsat7,__ALL_YEAR__,year,67,67,67,527,1319,1.0,1.0,1.0,1.0,1.0
10000,ZJ-HZB,2015,landsat8,autumn_v0,v0_predeclared,67,67,67,115,133,1.0,1.0,1.0,1.0,1.0
10000,ZJ-HZB,2015,landsat8,summer_v0,v0_predeclared,67,67,0,0,297,1.0,1.0,1.0,1.0,1.0
10000,ZJ-HZB,2015,landsat8,autumn_primary_v1,biological_target_phase,67,67,67,115,232,1.0,1.0,1.0,1.0,1.0
10000,ZJ-HZB,2015,landsat8,early_season_v1,biological_target_phase,67,67,24,24,198,1.0,1.0,1.0,1.0,1.0
10000,ZJ-HZB,2015,landsat8,__ALL_YEAR__,year,67,67,67,520,1656,1.0,1.0,1.0,1.0,1.0
10000,ZJ-HZB,2015,sentinel1,autumn_v0,v0_predeclared,67,67,0,0,0,1.0,1.0,1.0,1.0,1.0
10000,ZJ-HZB,2015,sentinel1,summer_v0,v0_predeclared,67,67,67,88,96,1.0,1.0,1.0,1.0,1.0
10000,ZJ-HZB,2015,sentinel1,autumn_primary_v1,biological_target_phase,67,67,0,0,0,1.0,1.0,1.0,1.0,1.0
10000,ZJ-HZB,2015,sentinel1,early_season_v1,biological_target_phase,67,67,67,88,96,1.0,1.0,1.0,1.0,1.0
10000,ZJ-HZB,2015,sentinel1,__ALL_YEAR__,year,67,67,67,243,259,1.0,1.0,1.0,1.0,1.0
10000,ZJ-HZB,2016,landsat7,autumn_v0,v0_predeclared,67,67,0,0,166,1.0,1.0,1.0,1.0,1.0
10000,ZJ-HZB,2016,landsat7,summer_v0,v0_predeclared,67,67,67,91,198,1.0,1.0,1.0,1.0,1.0
10000,ZJ-HZB,2016,landsat7,autumn_primary_v1,biological_target_phase,67,67,0,0,166,1.0,1.0,1.0,1.0,1.0
10000,ZJ-HZB,2016,landsat7,early_season_v1,biological_target_phase,67,67,67,115,131,1.0,1.0,1.0,1.0,1.0
10000,ZJ-HZB,2016,landsat7,__ALL_YEAR__,year,67,67,67,412,1217,1.0,1.0,1.0,1.0,1.0
10000,ZJ-HZB,2016,landsat8,autumn_v0,v0_predeclared,67,67,67,67,134,1.0,1.0,1.0,1.0,1.0
10000,ZJ-HZB,2016,landsat8,summer_v0,v0_predeclared,67,67,67,91,332,1.0,1.0,1.0,1.0,1.0
10000,ZJ-HZB,2016,landsat8,autumn_primary_v1,biological_target_phase,67,67,67,67,134,1.0,1.0,1.0,1.0,1.0
10000,ZJ-HZB,2016,landsat8,early_season_v1,biological_target_phase,67,67,67,132,166,1.0,1.0,1.0,1.0,1.0
10000,ZJ-HZB,2016,landsat8,__ALL_YEAR__,year,67,67,67,611,1558,1.0,1.0,1.0,1.0,1.0
10000,ZJ-HZB,2016,sentinel1,autumn_v0,v0_predeclared,67,29,21,21,29,1.0,1.0,1.0,1.0,1.0
10000,ZJ-HZB,2016,sentinel1,summer_v0,v0_predeclared,67,29,21,84,116,1.0,1.0,1.0,1.0,1.0
10000,ZJ-HZB,2016,sentinel1,autumn_primary_v1,biological_target_phase,67,29,21,21,29,1.0,1.0,1.0,1.0,1.0
10000,ZJ-HZB,2016,sentinel1,early_season_v1,biological_target_phase,67,29,0,0,0,1.0,1.0,1.0,1.0,1.0
10000,ZJ-HZB,2016,sentinel1,__ALL_YEAR__,year,67,29,21,147,203,1.0,1.0,1.0,1.0,1.0
10000,ZJ-HZB,2017,landsat7,autumn_v0,v0_predeclared,67,67,67,67,198,1.0,1.0,1.0,1.0,1.0
10000,ZJ-HZB,2017,landsat7,summer_v0,v0_predeclared,67,67,67,91,297,1.0,1.0,1.0,1.0,1.0
10000,ZJ-HZB,2017,landsat7,autumn_primary_v1,biological_target_phase,67,67,67,91,297,1.0,1.0,1.0,1.0,1.0
10000,ZJ-HZB,2017,landsat7,early_season_v1,biological_target_phase,67,67,0,0,99,1.0,1.0,1.0,1.0,1.0
10000,ZJ-HZB,2017,landsat7,__ALL_YEAR__,year,67,67,67,522,1455,1.0,1.0,1.0,1.0,1.0
10000,ZJ-HZB,2017,landsat8,autumn_v0,v0_predeclared,67,67,67,67,233,1.0,1.0,1.0,1.0,1.0
10000,ZJ-HZB,2017,landsat8,summer_v0,v0_predeclared,67,67,67,91,198,1.0,1.0,1.0,1.0,1.0
10000,ZJ-HZB,2017,landsat8,autumn_primary_v1,biological_target_phase,67,67,67,91,332,1.0,1.0,1.0,1.0,1.0
10000,ZJ-HZB,2017,landsat8,early_season_v1,biological_target_phase,67,67,65,113,163,1.0,1.0,1.0,1.0,1.0
10000,ZJ-HZB,2017,landsat8,__ALL_YEAR__,year,67,67,67,633,1554,1.0,1.0,1.0,1.0,1.0
10000,ZJ-HZB,2017,sentinel2,autumn_v0,v0_predeclared,67,25,17,25,43,1.0,1.0,1.0,1.0,1.0
10000,ZJ-HZB,2017,sentinel2,summer_v0,v0_predeclared,67,25,0,0,0,1.0,1.0,1.0,1.0,1.0
10000,ZJ-HZB,2017,sentinel2,autumn_primary_v1,biological_target_phase,67,25,17,33,61,1.0,1.0,1.0,1.0,1.0
10000,ZJ-HZB,2017,sentinel2,early_season_v1,biological_target_phase,67,25,9,9,17,1.0,1.0,1.0,1.0,1.0
10000,ZJ-HZB,2017,sentinel2,__ALL_YEAR__,year,67,25,17,234,360,1.0,1.0,1.0,1.0,1.0
10000,ZJ-HZB,2018,landsat7,autumn_v0,v0_predeclared,67,67,67,115,230,1.0,1.0,1.0,1.0,1.0
10000,ZJ-HZB,2018,landsat7,summer_v0,v0_predeclared,67,67,67,91,297,1.0,1.0,1.0,1.0,1.0
10000,ZJ-HZB,2018,landsat7,autumn_primary_v1,biological_target_phase,67,67,67,115,262,1.0,1.0,1.0,1.0,1.0
10000,ZJ-HZB,2018,landsat7,early_season_v1,biological_target_phase,67,67,24,24,166,1.0,1.0,1.0,1.0,1.0
10000,ZJ-HZB,2018,landsat7,__ALL_YEAR__,year,67,67,67,546,1453,1.0,1.0,1.0,1.0,1.0
10000,ZJ-HZB,2018,landsat8,autumn_v0,v0_predeclared,67,67,67,134,198,1.0,1.0,1.0,1.0,1.0
10000,ZJ-HZB,2018,landsat8,summer_v0,v0_predeclared,67,67,67,156,202,1.0,1.0,1.0,1.0,1.0
10000,ZJ-HZB,2018,landsat8,autumn_primary_v1,biological_target_phase,67,67,67,134,198,1.0,1.0,1.0,1.0,1.0
10000,ZJ-HZB,2018,landsat8,early_season_v1,biological_target_phase,67,67,24,48,265,1.0,1.0,1.0,1.0,1.0
10000,ZJ-HZB,2018,landsat8,__ALL_YEAR__,year,67,67,67,700,1419,1.0,1.0,1.0,1.0,1.0
10000,ZJ-HZB,2018,sentinel1,autumn_v0,v0_predeclared,67,67,0,0,0,1.0,1.0,1.0,1.0,1.0
10000,ZJ-HZB,2018,sentinel1,summer_v0,v0_predeclared,67,67,0,0,0,1.0,1.0,1.0,1.0,1.0
10000,ZJ-HZB,2018,sentinel1,autumn_primary_v1,biological_target_phase,67,67,0,0,0,1.0,1.0,1.0,1.0,1.0
10000,ZJ-HZB,2018,sentinel1,early_season_v1,biological_target_phase,67,67,0,0,0,1.0,1.0,1.0,1.0,1.0
10000,ZJ-HZB,2018,sentinel1,__ALL_YEAR__,year,67,67,67,123,128,1.0,1.0,1.0,1.0,1.0
10000,ZJ-HZB,2018,sentinel2,autumn_v0,v0_predeclared,67,25,9,9,17,1.0,1.0,1.0,1.0,1.0
10000,ZJ-HZB,2018,sentinel2,summer_v0,v0_predeclared,67,25,15,15,21,1.0,1.0,1.0,1.0,1.0
10000,ZJ-HZB,2018,sentinel2,autumn_primary_v1,biological_target_phase,67,25,17,19,39,1.0,1.0,1.0,1.0,1.0
10000,ZJ-HZB,2018,sentinel2,early_season_v1,biological_target_phase,67,25,7,7,13,1.0,1.0,1.0,1.0,1.0
10000,ZJ-HZB,2018,sentinel2,__ALL_YEAR__,year,67,25,17,194,449,1.0,1.0,1.0,1.0,1.0
10000,ZJ-HZB,2019,landsat7,autumn_v0,v0_predeclared,67,67,67,91,297,1.0,1.0,1.0,1.0,1.0
10000,ZJ-HZB,2019,landsat7,summer_v0,v0_predeclared,67,67,0,0,198,1.0,1.0,1.0,1.0,1.0
10000,ZJ-HZB,2019,landsat7,autumn_primary_v1,biological_target_phase,67,67,67,158,364,1.0,1.0,1.0,1.0,1.0
10000,ZJ-HZB,2019,landsat7,early_season_v1,biological_target_phase,67,67,24,24,166,1.0,1.0,1.0,1.0,1.0
10000,ZJ-HZB,2019,landsat7,__ALL_YEAR__,year,67,67,67,613,1520,1.0,1.0,1.0,1.0,1.0
10000,ZJ-HZB,2019,landsat8,autumn_v0,v0_predeclared,67,67,24,24,99,1.0,1.0,1.0,1.0,1.0
10000,ZJ-HZB,2019,landsat8,summer_v0,v0_predeclared,67,67,67,67,297,1.0,1.0,1.0,1.0,1.0
10000,ZJ-HZB,2019,landsat8,autumn_primary_v1,biological_target_phase,67,67,67,115,198,1.0,1.0,1.0,1.0,1.0
10000,ZJ-HZB,2019,landsat8,early_season_v1,biological_target_phase,67,67,0,0,166,1.0,1.0,1.0,1.0,1.0
10000,ZJ-HZB,2019,landsat8,__ALL_YEAR__,year,67,67,67,611,1621,1.0,1.0,1.0,1.0,1.0
10000,ZJ-HZB,2019,sentinel1,autumn_v0,v0_predeclared,67,67,0,0,0,1.0,1.0,1.0,1.0,1.0
10000,ZJ-HZB,2019,sentinel1,summer_v0,v0_predeclared,67,67,0,0,0,1.0,1.0,1.0,1.0,1.0
10000,ZJ-HZB,2019,sentinel1,autumn_primary_v1,biological_target_phase,67,67,0,0,0,1.0,1.0,1.0,1.0,1.0
10000,ZJ-HZB,2019,sentinel1,early_season_v1,biological_target_phase,67,67,0,0,0,1.0,1.0,1.0,1.0,1.0
10000,ZJ-HZB,2019,sentinel1,__ALL_YEAR__,year,67,67,67,144,157,1.0,1.0,1.0,1.0,1.0
10000,ZJ-HZB,2019,sentinel2,autumn_v0,v0_predeclared,67,25,17,82,434,1.0,1.0,1.0,1.0,1.0
10000,ZJ-HZB,2019,sentinel2,summer_v0,v0_predeclared,67,25,17,31,552,1.0,1.0,1.0,1.0,1.0
10000,ZJ-HZB,2019,sentinel2,autumn_primary_v1,biological_target_phase,67,25,17,129,592,1.0,1.0,1.0,1.0,1.0
10000,ZJ-HZB,2019,sentinel2,early_season_v1,biological_target_phase,67,25,17,25,357,1.0,1.0,1.0,1.0,1.0
10000,ZJ-HZB,2019,sentinel2,__ALL_YEAR__,year,67,25,17,479,3407,1.0,1.0,1.0,1.0,1.0
10000,ZJ-HZB,2020,landsat7,autumn_v0,v0_predeclared,67,67,67,91,265,1.0,1.0,1.0,1.0,1.0
10000,ZJ-HZB,2020,landsat7,summer_v0,v0_predeclared,67,67,0,0,230,1.0,1.0,1.0,1.0,1.0
10000,ZJ-HZB,2020,landsat7,autumn_primary_v1,biological_target_phase,67,67,67,182,364,1.0,1.0,1.0,1.0,1.0
10000,ZJ-HZB,2020,landsat7,early_season_v1,biological_target_phase,67,67,67,91,230,1.0,1.0,1.0,1.0,1.0
10000,ZJ-HZB,2020,landsat7,__ALL_YEAR__,year,67,67,67,551,1814,1.0,1.0,1.0,1.0,1.0
10000,ZJ-HZB,2020,landsat8,autumn_v0,v0_predeclared,67,67,0,0,232,1.0,1.0,1.0,1.0,1.0
10000,ZJ-HZB,2020,landsat8,summer_v0,v0_predeclared,67,67,24,24,131,1.0,1.0,1.0,1.0,1.0
10000,ZJ-HZB,2020,landsat8,autumn_primary_v1,biological_target_phase,67,67,24,24,264,1.0,1.0,1.0,1.0,1.0
10000,ZJ-HZB,2020,landsat8,early_season_v1,biological_target_phase,67,67,67,115,265,1.0,1.0,1.0,1.0,1.0
10000,ZJ-HZB,2020,landsat8,__ALL_YEAR__,year,67,67,67,568,1551,1.0,1.0,1.0,1.0,1.0
10000,ZJ-HZB,2020,sentinel1,autumn_v0,v0_predeclared,67,29,0,0,0,1.0,1.0,1.0,1.0,1.0
10000,ZJ-HZB,2020,sentinel1,summer_v0,v0_predeclared,67,29,0,0,0,1.0,1.0,1.0,1.0,1.0
10000,ZJ-HZB,2020,sentinel1,autumn_primary_v1,biological_target_phase,67,29,0,0,0,1.0,1.0,1.0,1.0,1.0
10000,ZJ-HZB,2020,sentinel1,early_season_v1,biological_target_phase,67,29,0,0,0,1.0,1.0,1.0,1.0,1.0
10000,ZJ-HZB,2020,sentinel1,__ALL_YEAR__,year,67,29,21,21,29,1.0,1.0,1.0,1.0,1.0
10000,ZJ-HZB,2020,sentinel2,autumn_v0,v0_predeclared,67,25,17,81,434,1.0,1.0,1.0,1.0,1.0
10000,ZJ-HZB,2020,sentinel2,summer_v0,v0_predeclared,67,25,2,2,552,1.0,1.0,1.0,1.0,1.0
10000,ZJ-HZB,2020,sentinel2,autumn_primary_v1,biological_target_phase,67,25,17,132,572,1.0,1.0,1.0,1.0,1.0
10000,ZJ-HZB,2020,sentinel2,early_season_v1,biological_target_phase,67,25,17,33,368,1.0,1.0,1.0,1.0,1.0
10000,ZJ-HZB,2020,sentinel2,__ALL_YEAR__,year,67,25,17,585,3482,1.0,1.0,1.0,1.0,1.0
10000,ZJ-HZB,2021,landsat7,autumn_v0,v0_predeclared,67,67,67,182,265,1.0,1.0,1.0,1.0,1.0
10000,ZJ-HZB,2021,landsat7,summer_v0,v0_predeclared,67,67,0,0,233,1.0,1.0,1.0,1.0,1.0
10000,ZJ-HZB,2021,landsat7,autumn_primary_v1,biological_target_phase,67,67,67,249,332,1.0,1.0,1.0,1.0,1.0
10000,ZJ-HZB,2021,landsat7,early_season_v1,biological_target_phase,67,67,0,0,166,1.0,1.0,1.0,1.0,1.0
10000,ZJ-HZB,2021,landsat7,__ALL_YEAR__,year,67,67,67,541,1456,1.0,1.0,1.0,1.0,1.0
10000,ZJ-HZB,2021,landsat8,autumn_v0,v0_predeclared,67,67,65,89,265,1.0,1.0,1.0,1.0,1.0
10000,ZJ-HZB,2021,landsat8,summer_v0,v0_predeclared,67,67,24,24,163,1.0,1.0,1.0,1.0,1.0
10000,ZJ-HZB,2021,landsat8,autumn_primary_v1,biological_target_phase,67,67,65,113,364,1.0,1.0,1.0,1.0,1.0
10000,ZJ-HZB,2021,landsat8,early_season_v1,biological_target_phase,67,67,67,67,230,1.0,1.0,1.0,1.0,1.0
10000,ZJ-HZB,2021,landsat8,__ALL_YEAR__,year,67,67,67,384,1590,1.0,1.0,1.0,1.0,1.0
10000,ZJ-HZB,2021,sentinel1,autumn_v0,v0_predeclared,67,67,0,0,0,1.0,1.0,1.0,1.0,1.0
10000,ZJ-HZB,2021,sentinel1,summer_v0,v0_predeclared,67,67,67,88,96,1.0,1.0,1.0,1.0,1.0
10000,ZJ-HZB,2021,sentinel1,autumn_primary_v1,biological_target_phase,67,67,0,0,0,1.0,1.0,1.0,1.0,1.0
10000,ZJ-HZB,2021,sentinel1,early_season_v1,biological_target_phase,67,67,0,0,0,1.0,1.0,1.0,1.0,1.0
10000,ZJ-HZB,2021,sentinel1,__ALL_YEAR__,year,67,67,67,88,96,1.0,1.0,1.0,1.0,1.0
10000,ZJ-HZB,2021,sentinel2,autumn_v0,v0_predeclared,67,25,17,99,455,1.0,1.0,1.0,1.0,1.0
10000,ZJ-HZB,2021,sentinel2,summer_v0,v0_predeclared,67,25,17,22,552,1.0,1.0,1.0,1.0,1.0
10000,ZJ-HZB,2021,sentinel2,autumn_primary_v1,biological_target_phase,67,25,17,148,603,1.0,1.0,1.0,1.0,1.0
10000,ZJ-HZB,2021,sentinel2,early_season_v1,biological_target_phase,67,25,17,50,389,1.0,1.0,1.0,1.0,1.0
10000,ZJ-HZB,2021,sentinel2,__ALL_YEAR__,year,67,25,17,608,3460,1.0,1.0,1.0,1.0,1.0
10000,ZJ-HZB,2022,landsat7,autumn_v0,v0_predeclared,67,67,67,132,134,1.0,1.0,1.0,1.0,1.0
10000,ZJ-HZB,2022,landsat7,summer_v0,v0_predeclared,67,67,67,129,350,1.0,1.0,1.0,1.0,1.0
10000,ZJ-HZB,2022,landsat7,autumn_primary_v1,biological_target_phase,67,67,67,199,242,1.0,1.0,1.0,1.0,1.0
10000,ZJ-HZB,2022,landsat7,early_season_v1,biological_target_phase,67,67,0,0,99,1.0,1.0,1.0,1.0,1.0
10000,ZJ-HZB,2022,landsat7,__ALL_YEAR__,year,67,67,67,541,1239,1.0,1.0,1.0,1.0,1.0
10000,ZJ-HZB,2022,landsat8,autumn_v0,v0_predeclared,67,67,24,48,297,1.0,1.0,1.0,1.0,1.0
10000,ZJ-HZB,2022,landsat8,summer_v0,v0_predeclared,67,67,65,113,264,1.0,1.0,1.0,1.0,1.0
10000,ZJ-HZB,2022,landsat8,autumn_primary_v1,biological_target_phase,67,67,65,113,364,1.0,1.0,1.0,1.0,1.0
10000,ZJ-HZB,2022,landsat8,early_season_v1,biological_target_phase,67,67,67,67,166,1.0,1.0,1.0,1.0,1.0
10000,ZJ-HZB,2022,landsat8,__ALL_YEAR__,year,67,67,67,700,1527,1.0,1.0,1.0,1.0,1.0
10000,ZJ-HZB,2022,landsat9,autumn_v0,v0_predeclared,67,67,65,89,198,1.0,1.0,1.0,1.0,1.0
10000,ZJ-HZB,2022,landsat9,summer_v0,v0_predeclared,67,67,0,0,396,1.0,1.0,1.0,1.0,1.0
10000,ZJ-HZB,2022,landsat9,autumn_primary_v1,biological_target_phase,67,67,65,89,297,1.0,1.0,1.0,1.0,1.0
10000,ZJ-HZB,2022,landsat9,early_season_v1,biological_target_phase,67,67,24,24,198,1.0,1.0,1.0,1.0,1.0
10000,ZJ-HZB,2022,landsat9,__ALL_YEAR__,year,67,67,67,609,1750,1.0,1.0,1.0,1.0,1.0
10000,ZJ-HZB,2022,sentinel2,autumn_v0,v0_predeclared,67,25,17,48,435,1.0,1.0,1.0,1.0,1.0
10000,ZJ-HZB,2022,sentinel2,summer_v0,v0_predeclared,67,25,17,27,552,1.0,1.0,1.0,1.0,1.0
10000,ZJ-HZB,2022,sentinel2,autumn_primary_v1,biological_target_phase,67,25,17,51,573,1.0,1.0,1.0,1.0,1.0
10000,ZJ-HZB,2022,sentinel2,early_season_v1,biological_target_phase,67,25,17,32,389,1.0,1.0,1.0,1.0,1.0
10000,ZJ-HZB,2022,sentinel2,__ALL_YEAR__,year,67,25,17,462,3358,1.0,1.0,1.0,1.0,1.0
10000,ZJ-HZB,2023,landsat7,autumn_v0,v0_predeclared,67,67,55,79,172,1.0,1.0,1.0,1.0,1.0
10000,ZJ-HZB,2023,landsat7,summer_v0,v0_predeclared,67,67,0,0,274,1.0,1.0,1.0,1.0,1.0
10000,ZJ-HZB,2023,landsat7,autumn_primary_v1,biological_target_phase,67,67,55,79,172,1.0,1.0,1.0,1.0,1.0
10000,ZJ-HZB,2023,landsat7,early_season_v1,biological_target_phase,67,67,0,0,67,1.0,1.0,1.0,1.0,1.0
10000,ZJ-HZB,2023,landsat7,__ALL_YEAR__,year,67,67,67,491,1320,1.0,1.0,1.0,1.0,1.0
10000,ZJ-HZB,2023,landsat8,autumn_v0,v0_predeclared,67,67,24,24,297,1.0,1.0,1.0,1.0,1.0
10000,ZJ-HZB,2023,landsat8,summer_v0,v0_predeclared,67,67,0,0,329,1.0,1.0,1.0,1.0,1.0
10000,ZJ-HZB,2023,landsat8,autumn_primary_v1,biological_target_phase,67,67,65,89,396,1.0,1.0,1.0,1.0,1.0
10000,ZJ-HZB,2023,landsat8,early_season_v1,biological_target_phase,67,67,24,24,131,1.0,1.0,1.0,1.0,1.0
10000,ZJ-HZB,2023,landsat8,__ALL_YEAR__,year,67,67,67,701,1848,1.0,1.0,1.0,1.0,1.0
10000,ZJ-HZB,2023,landsat9,autumn_v0,v0_predeclared,67,67,67,67,232,1.0,1.0,1.0,1.0,1.0
10000,ZJ-HZB,2023,landsat9,summer_v0,v0_predeclared,67,67,0,0,329,1.0,1.0,1.0,1.0,1.0
10000,ZJ-HZB,2023,landsat9,autumn_primary_v1,biological_target_phase,67,67,67,67,299,1.0,1.0,1.0,1.0,1.0
10000,ZJ-HZB,2023,landsat9,early_season_v1,biological_target_phase,67,67,67,134,265,1.0,1.0,1.0,1.0,1.0
10000,ZJ-HZB,2023,landsat9,__ALL_YEAR__,year,67,67,67,635,1982,1.0,1.0,1.0,1.0,1.0
10000,ZJ-HZB,2023,sentinel2,autumn_v0,v0_predeclared,67,25,17,70,435,1.0,1.0,1.0,1.0,1.0
10000,ZJ-HZB,2023,sentinel2,summer_v0,v0_predeclared,67,25,17,19,552,1.0,1.0,1.0,1.0,1.0
10000,ZJ-HZB,2023,sentinel2,autumn_primary_v1,biological_target_phase,67,25,17,75,573,1.0,1.0,1.0,1.0,1.0
10000,ZJ-HZB,2023,sentinel2,early_season_v1,biological_target_phase,67,25,17,45,389,1.0,1.0,1.0,1.0,1.0
10000,ZJ-HZB,2023,sentinel2,__ALL_YEAR__,year,67,25,17,512,3358,1.0,1.0,1.0,1.0,1.0
10000,ZJ-HZB,2024,landsat8,autumn_v0,v0_predeclared,67,67,67,67,201,1.0,1.0,1.0,1.0,1.0
10000,ZJ-HZB,2024,landsat8,summer_v0,v0_predeclared,67,67,24,24,200,1.0,1.0,1.0,1.0,1.0
10000,ZJ-HZB,2024,landsat8,autumn_primary_v1,biological_target_phase,67,67,67,91,233,1.0,1.0,1.0,1.0,1.0
10000,ZJ-HZB,2024,landsat8,early_season_v1,biological_target_phase,67,67,24,24,233,1.0,1.0,1.0,1.0,1.0
10000,ZJ-HZB,2024,landsat8,__ALL_YEAR__,year,67,67,67,479,1621,1.0,1.0,1.0,1.0,1.0
10000,ZJ-HZB,2024,landsat9,autumn_v0,v0_predeclared,67,67,0,0,99,1.0,1.0,1.0,1.0,1.0
10000,ZJ-HZB,2024,landsat9,summer_v0,v0_predeclared,67,67,0,0,265,1.0,1.0,1.0,1.0,1.0
10000,ZJ-HZB,2024,landsat9,autumn_primary_v1,biological_target_phase,67,67,0,0,166,1.0,1.0,1.0,1.0,1.0
10000,ZJ-HZB,2024,landsat9,early_season_v1,biological_target_phase,67,67,65,65,198,1.0,1.0,1.0,1.0,1.0
10000,ZJ-HZB,2024,landsat9,__ALL_YEAR__,year,67,67,67,631,1656,1.0,1.0,1.0,1.0,1.0
10000,ZJ-HZB,2024,sentinel1,autumn_v0,v0_predeclared,67,67,67,67,67,1.0,1.0,1.0,1.0,1.0
10000,ZJ-HZB,2024,sentinel1,summer_v0,v0_predeclared,67,67,0,0,0,1.0,1.0,1.0,1.0,1.0
10000,ZJ-HZB,2024,sentinel1,autumn_primary_v1,biological_target_phase,67,67,67,67,67,1.0,1.0,1.0,1.0,1.0
10000,ZJ-HZB,2024,sentinel1,early_season_v1,biological_target_phase,67,67,0,0,0,1.0,1.0,1.0,1.0,1.0
10000,ZJ-HZB,2024,sentinel1,__ALL_YEAR__,year,67,67,67,67,67,1.0,1.0,1.0,1.0,1.0
10000,ZJ-HZB,2024,sentinel2,autumn_v0,v0_predeclared,67,25,15,15,435,1.0,1.0,1.0,1.0,1.0
10000,ZJ-HZB,2024,sentinel2,summer_v0,v0_predeclared,67,25,17,40,552,1.0,1.0,1.0,1.0,1.0
10000,ZJ-HZB,2024,sentinel2,autumn_primary_v1,biological_target_phase,67,25,17,34,573,1.0,1.0,1.0,1.0,1.0
10000,ZJ-HZB,2024,sentinel2,early_season_v1,biological_target_phase,67,25,17,20,389,1.0,1.0,1.0,1.0,1.0
10000,ZJ-HZB,2024,sentinel2,__ALL_YEAR__,year,67,25,17,517,3354,1.0,1.0,1.0,1.0,1.0
10000,ZJ-HZB,2025,landsat8,autumn_v0,v0_predeclared,67,67,0,0,230,1.0,1.0,1.0,1.0,1.0
10000,ZJ-HZB,2025,landsat8,summer_v0,v0_predeclared,67,67,67,115,299,1.0,1.0,1.0,1.0,1.0
10000,ZJ-HZB,2025,landsat8,autumn_primary_v1,biological_target_phase,67,67,67,67,297,1.0,1.0,1.0,1.0,1.0
10000,ZJ-HZB,2025,landsat8,early_season_v1,biological_target_phase,67,67,67,67,200,1.0,1.0,1.0,1.0,1.0
10000,ZJ-HZB,2025,landsat8,__ALL_YEAR__,year,67,67,67,994,1855,1.0,1.0,1.0,1.0,1.0
10000,ZJ-HZB,2025,landsat9,autumn_v0,v0_predeclared,67,67,0,0,265,1.0,1.0,1.0,1.0,1.0
10000,ZJ-HZB,2025,landsat9,summer_v0,v0_predeclared,67,67,67,91,364,1.0,1.0,1.0,1.0,1.0
10000,ZJ-HZB,2025,landsat9,autumn_primary_v1,biological_target_phase,67,67,0,0,332,1.0,1.0,1.0,1.0,1.0
10000,ZJ-HZB,2025,landsat9,early_season_v1,biological_target_phase,67,67,67,67,165,1.0,1.0,1.0,1.0,1.0
10000,ZJ-HZB,2025,landsat9,__ALL_YEAR__,year,67,67,67,791,1816,1.0,1.0,1.0,1.0,1.0
10000,ZJ-HZB,2025,sentinel1,autumn_v0,v0_predeclared,67,67,0,0,0,1.0,1.0,1.0,1.0,1.0
10000,ZJ-HZB,2025,sentinel1,summer_v0,v0_predeclared,67,67,0,0,0,1.0,1.0,1.0,1.0,1.0
10000,ZJ-HZB,2025,sentinel1,autumn_primary_v1,biological_target_phase,67,67,0,0,0,1.0,1.0,1.0,1.0,1.0
10000,ZJ-HZB,2025,sentinel1,early_season_v1,biological_target_phase,67,67,21,21,29,1.0,1.0,1.0,1.0,1.0
10000,ZJ-HZB,2025,sentinel1,__ALL_YEAR__,year,67,67,67,203,264,1.0,1.0,1.0,1.0,1.0
10000,ZJ-HZB,2025,sentinel2,autumn_v0,v0_predeclared,67,25,17,72,460,1.0,1.0,1.0,1.0,1.0
10000,ZJ-HZB,2025,sentinel2,summer_v0,v0_predeclared,67,25,17,67,669,1.0,1.0,1.0,1.0,1.0
10000,ZJ-HZB,2025,sentinel2,autumn_primary_v1,biological_target_phase,67,25,17,95,623,1.0,1.0,1.0,1.0,1.0
10000,ZJ-HZB,2025,sentinel2,early_season_v1,biological_target_phase,67,25,7,18,460,1.0,1.0,1.0,1.0,1.0
10000,ZJ-HZB,2025,sentinel2,__ALL_YEAR__,year,67,25,17,835,3839,1.0,1.0,1.0,1.0,1.0
10000,ZJ-HZB,2026,landsat8,autumn_v0,v0_predeclared,67,67,0,0,67,1.0,1.0,1.0,1.0,1.0
10000,ZJ-HZB,2026,landsat8,summer_v0,v0_predeclared,67,67,65,89,163,1.0,1.0,1.0,1.0,1.0
10000,ZJ-HZB,2026,landsat8,autumn_primary_v1,biological_target_phase,67,67,0,0,67,1.0,1.0,1.0,1.0,1.0
10000,ZJ-HZB,2026,landsat8,early_season_v1,biological_target_phase,67,67,0,0,233,1.0,1.0,1.0,1.0,1.0
10000,ZJ-HZB,2026,landsat8,__ALL_YEAR__,year,67,67,67,405,1056,1.0,1.0,1.0,1.0,1.0
10000,ZJ-HZB,2026,landsat9,autumn_v0,v0_predeclared,67,67,65,89,99,1.0,1.0,1.0,1.0,1.0
10000,ZJ-HZB,2026,landsat9,summer_v0,v0_predeclared,67,67,67,115,364,1.0,1.0,1.0,1.0,1.0
10000,ZJ-HZB,2026,landsat9,autumn_primary_v1,biological_target_phase,67,67,65,89,99,1.0,1.0,1.0,1.0,1.0
10000,ZJ-HZB,2026,landsat9,early_season_v1,biological_target_phase,67,67,67,91,230,1.0,1.0,1.0,1.0,1.0
10000,ZJ-HZB,2026,landsat9,__ALL_YEAR__,year,67,67,67,475,1252,1.0,1.0,1.0,1.0,1.0
10000,ZJ-HZB,2026,sentinel2,autumn_v0,v0_predeclared,67,25,2,2,184,1.0,1.0,1.0,1.0,1.0
10000,ZJ-HZB,2026,sentinel2,summer_v0,v0_predeclared,67,25,17,47,715,1.0,1.0,1.0,1.0,1.0
10000,ZJ-HZB,2026,sentinel2,autumn_primary_v1,biological_target_phase,67,25,2,2,184,1.0,1.0,1.0,1.0,1.0
10000,ZJ-HZB,2026,sentinel2,early_season_v1,biological_target_phase,67,25,17,64,460,1.0,1.0,1.0,1.0,1.0
10000,ZJ-HZB,2026,sentinel2,__ALL_YEAR__,year,67,25,17,477,3120,1.0,1.0,1.0,1.0,1.0
10000,ZJ-SMB,1985,landsat5,autumn_v0,v0_predeclared,30,30,0,0,41,1.0,1.0,1.0,1.0,1.0
10000,ZJ-SMB,1985,landsat5,summer_v0,v0_predeclared,30,30,30,37,72,1.0,1.0,1.0,1.0,1.0
10000,ZJ-SMB,1985,landsat5,autumn_primary_v1,biological_target_phase,30,30,0,0,41,1.0,1.0,1.0,1.0,1.0
10000,ZJ-SMB,1985,landsat5,early_season_v1,biological_target_phase,30,30,0,0,11,1.0,1.0,1.0,1.0,1.0
10000,ZJ-SMB,1985,landsat5,__ALL_YEAR__,year,30,30,30,111,252,1.0,1.0,1.0,1.0,1.0
10000,ZJ-SMB,1986,landsat5,autumn_v0,v0_predeclared,30,30,7,7,22,1.0,1.0,1.0,1.0,1.0
10000,ZJ-SMB,1986,landsat5,summer_v0,v0_predeclared,30,30,29,29,93,1.0,1.0,1.0,1.0,1.0
10000,ZJ-SMB,1986,landsat5,autumn_primary_v1,biological_target_phase,30,30,7,7,22,1.0,1.0,1.0,1.0,1.0
10000,ZJ-SMB,1986,landsat5,early_season_v1,biological_target_phase,30,30,0,0,0,1.0,1.0,1.0,1.0,1.0
10000,ZJ-SMB,1986,landsat5,__ALL_YEAR__,year,30,30,30,230,440,1.0,1.0,1.0,1.0,1.0
10000,ZJ-SMB,1987,landsat5,autumn_v0,v0_predeclared,30,30,30,37,71,1.0,1.0,1.0,1.0,1.0
10000,ZJ-SMB,1987,landsat5,summer_v0,v0_predeclared,30,30,29,43,123,1.0,1.0,1.0,1.0,1.0
10000,ZJ-SMB,1987,landsat5,autumn_primary_v1,biological_target_phase,30,30,30,67,101,1.0,1.0,1.0,1.0,1.0
10000,ZJ-SMB,1987,landsat5,early_season_v1,biological_target_phase,30,30,30,30,41,1.0,1.0,1.0,1.0,1.0
10000,ZJ-SMB,1987,landsat5,__ALL_YEAR__,year,30,30,30,280,602,1.0,1.0,1.0,1.0,1.0
10000,ZJ-SMB,1988,landsat5,autumn_v0,v0_predeclared,30,30,7,14,63,1.0,1.0,1.0,1.0,1.0
10000,ZJ-SMB,1988,landsat5,summer_v0,v0_predeclared,30,30,30,126,131,1.0,1.0,1.0,1.0,1.0
10000,ZJ-SMB,1988,landsat5,autumn_primary_v1,biological_target_phase,30,30,30,51,104,1.0,1.0,1.0,1.0,1.0
10000,ZJ-SMB,1988,landsat5,early_season_v1,biological_target_phase,30,30,0,0,60,1.0,1.0,1.0,1.0,1.0
10000,ZJ-SMB,1988,landsat5,__ALL_YEAR__,year,30,30,30,288,565,1.0,1.0,1.0,1.0,1.0
10000,ZJ-SMB,1989,landsat5,autumn_v0,v0_predeclared,30,30,30,67,82,1.0,1.0,1.0,1.0,1.0
10000,ZJ-SMB,1989,landsat5,summer_v0,v0_predeclared,30,30,0,0,82,1.0,1.0,1.0,1.0,1.0
10000,ZJ-SMB,1989,landsat5,autumn_primary_v1,biological_target_phase,30,30,30,74,123,1.0,1.0,1.0,1.0,1.0
10000,ZJ-SMB,1989,landsat5,early_season_v1,biological_target_phase,30,30,0,0,71,1.0,1.0,1.0,1.0,1.0
10000,ZJ-SMB,1989,landsat5,__ALL_YEAR__,year,30,30,30,171,500,1.0,1.0,1.0,1.0,1.0
10000,ZJ-SMB,1990,landsat5,autumn_v0,v0_predeclared,30,30,7,7,22,1.0,1.0,1.0,1.0,1.0
10000,ZJ-SMB,1990,landsat5,summer_v0,v0_predeclared,30,30,30,66,123,1.0,1.0,1.0,1.0,1.0
10000,ZJ-SMB,1990,landsat5,autumn_primary_v1,biological_target_phase,30,30,7,7,23,1.0,1.0,1.0,1.0,1.0
10000,ZJ-SMB,1990,landsat5,early_season_v1,biological_target_phase,30,30,30,30,101,1.0,1.0,1.0,1.0,1.0
10000,ZJ-SMB,1990,landsat5,__ALL_YEAR__,year,30,30,30,237,494,1.0,1.0,1.0,1.0,1.0
10000,ZJ-SMB,1991,landsat5,autumn_v0,v0_predeclared,30,30,0,0,42,1.0,1.0,1.0,1.0,1.0
10000,ZJ-SMB,1991,landsat5,summer_v0,v0_predeclared,30,30,30,51,104,1.0,1.0,1.0,1.0,1.0
10000,ZJ-SMB,1991,landsat5,autumn_primary_v1,biological_target_phase,30,30,7,7,83,1.0,1.0,1.0,1.0,1.0
10000,ZJ-SMB,1991,landsat5,early_season_v1,biological_target_phase,30,30,7,7,24,1.0,1.0,1.0,1.0,1.0
10000,ZJ-SMB,1991,landsat5,__ALL_YEAR__,year,30,30,30,212,569,1.0,1.0,1.0,1.0,1.0
10000,ZJ-SMB,1992,landsat5,autumn_v0,v0_predeclared,30,30,29,36,123,1.0,1.0,1.0,1.0,1.0
10000,ZJ-SMB,1992,landsat5,summer_v0,v0_predeclared,30,30,30,44,93,1.0,1.0,1.0,1.0,1.0
10000,ZJ-SMB,1992,landsat5,autumn_primary_v1,biological_target_phase,30,30,29,36,123,1.0,1.0,1.0,1.0,1.0
10000,ZJ-SMB,1992,landsat5,early_season_v1,biological_target_phase,30,30,30,37,41,1.0,1.0,1.0,1.0,1.0
10000,ZJ-SMB,1992,landsat5,__ALL_YEAR__,year,30,30,30,300,575,1.0,1.0,1.0,1.0,1.0
10000,ZJ-SMB,1993,landsat5,autumn_v0,v0_predeclared,30,30,0,0,11,1.0,1.0,1.0,1.0,1.0
10000,ZJ-SMB,1993,landsat5,summer_v0,v0_predeclared,30,30,30,37,123,1.0,1.0,1.0,1.0,1.0
10000,ZJ-SMB,1993,landsat5,autumn_primary_v1,biological_target_phase,30,30,0,0,41,1.0,1.0,1.0,1.0,1.0
10000,ZJ-SMB,1993,landsat5,early_season_v1,biological_target_phase,30,30,7,7,22,1.0,1.0,1.0,1.0,1.0
10000,ZJ-SMB,1993,landsat5,__ALL_YEAR__,year,30,30,30,191,492,1.0,1.0,1.0,1.0,1.0
10000,ZJ-SMB,1994,landsat5,autumn_v0,v0_predeclared,30,30,29,29,101,1.0,1.0,1.0,1.0,1.0
10000,ZJ-SMB,1994,landsat5,summer_v0,v0_predeclared,30,30,30,30,131,1.0,1.0,1.0,1.0,1.0
10000,ZJ-SMB,1994,landsat5,autumn_primary_v1,biological_target_phase,30,30,29,36,142,1.0,1.0,1.0,1.0,1.0
10000,ZJ-SMB,1994,landsat5,early_season_v1,biological_target_phase,30,30,30,37,41,1.0,1.0,1.0,1.0,1.0
10000,ZJ-SMB,1994,landsat5,__ALL_YEAR__,year,30,30,30,214,561,1.0,1.0,1.0,1.0,1.0
10000,ZJ-SMB,1995,landsat5,autumn_v0,v0_predeclared,30,30,0,0,1,1.0,1.0,1.0,1.0,1.0
10000,ZJ-SMB,1995,landsat5,summer_v0,v0_predeclared,30,30,30,30,112,1.0,1.0,1.0,1.0,1.0
10000,ZJ-SMB,1995,landsat5,autumn_primary_v1,biological_target_phase,30,30,30,37,42,1.0,1.0,1.0,1.0,1.0
10000,ZJ-SMB,1995,landsat5,early_season_v1,biological_target_phase,30,30,30,30,83,1.0,1.0,1.0,1.0,1.0
10000,ZJ-SMB,1995,landsat5,__ALL_YEAR__,year,30,30,30,274,565,1.0,1.0,1.0,1.0,1.0
10000,ZJ-SMB,1996,landsat5,autumn_v0,v0_predeclared,30,30,30,60,60,1.0,1.0,1.0,1.0,1.0
10000,ZJ-SMB,1996,landsat5,summer_v0,v0_predeclared,30,30,29,29,142,1.0,1.0,1.0,1.0,1.0
10000,ZJ-SMB,1996,landsat5,autumn_primary_v1,biological_target_phase,30,30,30,60,60,1.0,1.0,1.0,1.0,1.0
10000,ZJ-SMB,1996,landsat5,early_season_v1,biological_target_phase,30,30,30,30,31,1.0,1.0,1.0,1.0,1.0
10000,ZJ-SMB,1996,landsat5,__ALL_YEAR__,year,30,30,30,207,480,1.0,1.0,1.0,1.0,1.0
10000,ZJ-SMB,1997,landsat5,autumn_v0,v0_predeclared,30,30,30,60,71,1.0,1.0,1.0,1.0,1.0
10000,ZJ-SMB,1997,landsat5,summer_v0,v0_predeclared,30,30,7,7,94,1.0,1.0,1.0,1.0,1.0
10000,ZJ-SMB,1997,landsat5,autumn_primary_v1,biological_target_phase,30,30,30,90,101,1.0,1.0,1.0,1.0,1.0
10000,ZJ-SMB,1997,landsat5,early_season_v1,biological_target_phase,30,30,0,0,60,1.0,1.0,1.0,1.0,1.0
10000,ZJ-SMB,1997,landsat5,__ALL_YEAR__,year,30,30,30,164,519,1.0,1.0,1.0,1.0,1.0
10000,ZJ-SMB,1998,landsat5,autumn_v0,v0_predeclared,30,30,0,0,82,1.0,1.0,1.0,1.0,1.0
10000,ZJ-SMB,1998,landsat5,summer_v0,v0_predeclared,30,30,30,67,71,1.0,1.0,1.0,1.0,1.0
10000,ZJ-SMB,1998,landsat5,autumn_primary_v1,biological_target_phase,30,30,30,30,112,1.0,1.0,1.0,1.0,1.0
10000,ZJ-SMB,1998,landsat5,early_season_v1,biological_target_phase,30,30,0,0,42,1.0,1.0,1.0,1.0,1.0
10000,ZJ-SMB,1998,landsat5,__ALL_YEAR__,year,30,30,30,194,487,1.0,1.0,1.0,1.0,1.0
10000,ZJ-SMB,1999,landsat5,autumn_v0,v0_predeclared,30,30,30,30,82,1.0,1.0,1.0,1.0,1.0
10000,ZJ-SMB,1999,landsat5,summer_v0,v0_predeclared,30,30,30,30,71,1.0,1.0,1.0,1.0,1.0
10000,ZJ-SMB,1999,landsat5,autumn_primary_v1,biological_target_phase,30,30,30,30,93,1.0,1.0,1.0,1.0,1.0
10000,ZJ-SMB,1999,landsat5,early_season_v1,biological_target_phase,30,30,7,7,41,1.0,1.0,1.0,1.0,1.0
10000,ZJ-SMB,1999,landsat5,__ALL_YEAR__,year,30,30,30,207,500,1.0,1.0,1.0,1.0,1.0
10000,ZJ-SMB,1999,landsat7,autumn_v0,v0_predeclared,30,30,30,30,31,1.0,1.0,1.0,1.0,1.0
10000,ZJ-SMB,1999,landsat7,summer_v0,v0_predeclared,30,30,0,0,0,1.0,1.0,1.0,1.0,1.0
10000,ZJ-SMB,1999,landsat7,autumn_primary_v1,biological_target_phase,30,30,30,30,32,1.0,1.0,1.0,1.0,1.0
10000,ZJ-SMB,1999,landsat7,early_season_v1,biological_target_phase,30,30,0,0,0,1.0,1.0,1.0,1.0,1.0
10000,ZJ-SMB,1999,landsat7,__ALL_YEAR__,year,30,30,30,67,126,1.0,1.0,1.0,1.0,1.0
10000,ZJ-SMB,2000,landsat5,autumn_v0,v0_predeclared,30,30,0,0,101,1.0,1.0,1.0,1.0,1.0
10000,ZJ-SMB,2000,landsat5,summer_v0,v0_predeclared,30,30,29,29,153,1.0,1.0,1.0,1.0,1.0
10000,ZJ-SMB,2000,landsat5,autumn_primary_v1,biological_target_phase,30,30,0,0,112,1.0,1.0,1.0,1.0,1.0
10000,ZJ-SMB,2000,landsat5,early_season_v1,biological_target_phase,30,30,0,0,101,1.0,1.0,1.0,1.0,1.0
10000,ZJ-SMB,2000,landsat5,__ALL_YEAR__,year,30,30,30,152,676,1.0,1.0,1.0,1.0,1.0
10000,ZJ-SMB,2000,landsat7,autumn_v0,v0_predeclared,30,30,30,30,82,1.0,1.0,1.0,1.0,1.0
10000,ZJ-SMB,2000,landsat7,summer_v0,v0_predeclared,30,30,30,37,112,1.0,1.0,1.0,1.0,1.0
10000,ZJ-SMB,2000,landsat7,autumn_primary_v1,biological_target_phase,30,30,30,30,112,1.0,1.0,1.0,1.0,1.0
10000,ZJ-SMB,2000,landsat7,early_season_v1,biological_target_phase,30,30,30,74,82,1.0,1.0,1.0,1.0,1.0
10000,ZJ-SMB,2000,landsat7,__ALL_YEAR__,year,30,30,30,291,598,1.0,1.0,1.0,1.0,1.0
10000,ZJ-SMB,2001,landsat5,autumn_v0,v0_predeclared,30,30,29,36,71,1.0,1.0,1.0,1.0,1.0
10000,ZJ-SMB,2001,landsat5,summer_v0,v0_predeclared,30,30,30,44,124,1.0,1.0,1.0,1.0,1.0
10000,ZJ-SMB,2001,landsat5,autumn_primary_v1,biological_target_phase,30,30,30,66,101,1.0,1.0,1.0,1.0,1.0
10000,ZJ-SMB,2001,landsat5,early_season_v1,biological_target_phase,30,30,30,30,60,1.0,1.0,1.0,1.0,1.0
10000,ZJ-SMB,2001,landsat5,__ALL_YEAR__,year,30,30,30,280,584,1.0,1.0,1.0,1.0,1.0
10000,ZJ-SMB,2001,landsat7,autumn_v0,v0_predeclared,30,30,0,0,101,1.0,1.0,1.0,1.0,1.0
10000,ZJ-SMB,2001,landsat7,summer_v0,v0_predeclared,30,30,30,37,142,1.0,1.0,1.0,1.0,1.0
10000,ZJ-SMB,2001,landsat7,autumn_primary_v1,biological_target_phase,30,30,0,0,131,1.0,1.0,1.0,1.0,1.0
10000,ZJ-SMB,2001,landsat7,early_season_v1,biological_target_phase,30,30,7,7,71,1.0,1.0,1.0,1.0,1.0
10000,ZJ-SMB,2001,landsat7,__ALL_YEAR__,year,30,30,30,220,755,1.0,1.0,1.0,1.0,1.0
10000,ZJ-SMB,2002,landsat5,autumn_v0,v0_predeclared,30,30,30,37,71,1.0,1.0,1.0,1.0,1.0
10000,ZJ-SMB,2002,landsat5,summer_v0,v0_predeclared,30,30,30,67,93,1.0,1.0,1.0,1.0,1.0
10000,ZJ-SMB,2002,landsat5,autumn_primary_v1,biological_target_phase,30,30,30,37,71,1.0,1.0,1.0,1.0,1.0
10000,ZJ-SMB,2002,landsat5,early_season_v1,biological_target_phase,30,30,0,0,0,1.0,1.0,1.0,1.0,1.0
10000,ZJ-SMB,2002,landsat5,__ALL_YEAR__,year,30,30,30,215,381,1.0,1.0,1.0,1.0,1.0
10000,ZJ-SMB,2002,landsat7,autumn_v0,v0_predeclared,30,30,30,37,82,1.0,1.0,1.0,1.0,1.0
10000,ZJ-SMB,2002,landsat7,summer_v0,v0_predeclared,30,30,0,0,83,1.0,1.0,1.0,1.0,1.0
10000,ZJ-SMB,2002,landsat7,autumn_primary_v1,biological_target_phase,30,30,30,74,123,1.0,1.0,1.0,1.0,1.0
10000,ZJ-SMB,2002,landsat7,early_season_v1,biological_target_phase,30,30,7,7,82,1.0,1.0,1.0,1.0,1.0
10000,ZJ-SMB,2002,landsat7,__ALL_YEAR__,year,30,30,30,259,606,1.0,1.0,1.0,1.0,1.0
10000,ZJ-SMB,2003,landsat5,autumn_v0,v0_predeclared,30,30,30,37,71,1.0,1.0,1.0,1.0,1.0
10000,ZJ-SMB,2003,landsat5,summer_v0,v0_predeclared,30,30,7,7,123,1.0,1.0,1.0,1.0,1.0
10000,ZJ-SMB,2003,landsat5,autumn_primary_v1,biological_target_phase,30,30,30,44,82,1.0,1.0,1.0,1.0,1.0
10000,ZJ-SMB,2003,landsat5,early_season_v1,biological_target_phase,30,30,30,30,30,1.0,1.0,1.0,1.0,1.0
10000,ZJ-SMB,2003,landsat5,__ALL_YEAR__,year,30,30,30,192,541,1.0,1.0,1.0,1.0,1.0
10000,ZJ-SMB,2003,landsat7,autumn_v0,v0_predeclared,30,30,30,67,82,1.0,1.0,1.0,1.0,1.0
10000,ZJ-SMB,2003,landsat7,summer_v0,v0_predeclared,30,30,30,37,41,1.0,1.0,1.0,1.0,1.0
10000,ZJ-SMB,2003,landsat7,autumn_primary_v1,biological_target_phase,30,30,30,96,123,1.0,1.0,1.0,1.0,1.0
10000,ZJ-SMB,2003,landsat7,early_season_v1,biological_target_phase,30,30,30,37,71,1.0,1.0,1.0,1.0,1.0
10000,ZJ-SMB,2003,landsat7,__ALL_YEAR__,year,30,30,30,273,444,1.0,1.0,1.0,1.0,1.0
10000,ZJ-SMB,2004,landsat5,autumn_v0,v0_predeclared,30,30,7,7,52,1.0,1.0,1.0,1.0,1.0
10000,ZJ-SMB,2004,landsat5,summer_v0,v0_predeclared,30,30,7,14,76,1.0,1.0,1.0,1.0,1.0
10000,ZJ-SMB,2004,landsat5,autumn_primary_v1,biological_target_phase,30,30,7,7,52,1.0,1.0,1.0,1.0,1.0
10000,ZJ-SMB,2004,landsat5,early_season_v1,biological_target_phase,30,30,7,7,63,1.0,1.0,1.0,1.0,1.0
10000,ZJ-SMB,2004,landsat5,__ALL_YEAR__,year,30,30,30,169,569,1.0,1.0,1.0,1.0,1.0
10000,ZJ-SMB,2004,landsat7,autumn_v0,v0_predeclared,30,30,30,89,112,1.0,1.0,1.0,1.0,1.0
10000,ZJ-SMB,2004,landsat7,summer_v0,v0_predeclared,30,30,29,50,153,1.0,1.0,1.0,1.0,1.0
10000,ZJ-SMB,2004,landsat7,autumn_primary_v1,biological_target_phase,30,30,30,89,123,1.0,1.0,1.0,1.0,1.0
10000,ZJ-SMB,2004,landsat7,early_season_v1,biological_target_phase,30,30,0,0,31,1.0,1.0,1.0,1.0,1.0
10000,ZJ-SMB,2004,landsat7,__ALL_YEAR__,year,30,30,30,220,573,1.0,1.0,1.0,1.0,1.0
10000,ZJ-SMB,2005,landsat5,autumn_v0,v0_predeclared,30,30,7,7,82,1.0,1.0,1.0,1.0,1.0
10000,ZJ-SMB,2005,landsat5,summer_v0,v0_predeclared,30,30,30,44,124,1.0,1.0,1.0,1.0,1.0
10000,ZJ-SMB,2005,landsat5,autumn_primary_v1,biological_target_phase,30,30,7,7,112,1.0,1.0,1.0,1.0,1.0
10000,ZJ-SMB,2005,landsat5,early_season_v1,biological_target_phase,30,30,7,7,64,1.0,1.0,1.0,1.0,1.0
10000,ZJ-SMB,2005,landsat5,__ALL_YEAR__,year,30,30,30,125,538,1.0,1.0,1.0,1.0,1.0
10000,ZJ-SMB,2005,landsat7,autumn_v0,v0_predeclared,30,30,30,37,93,1.0,1.0,1.0,1.0,1.0
10000,ZJ-SMB,2005,landsat7,summer_v0,v0_predeclared,30,30,30,44,95,1.0,1.0,1.0,1.0,1.0
10000,ZJ-SMB,2005,landsat7,autumn_primary_v1,biological_target_phase,30,30,30,37,93,1.0,1.0,1.0,1.0,1.0
10000,ZJ-SMB,2005,landsat7,early_season_v1,biological_target_phase,30,30,30,30,41,1.0,1.0,1.0,1.0,1.0
10000,ZJ-SMB,2005,landsat7,__ALL_YEAR__,year,30,30,30,251,618,1.0,1.0,1.0,1.0,1.0
10000,ZJ-SMB,2006,landsat5,autumn_v0,v0_predeclared,30,30,30,74,123,1.0,1.0,1.0,1.0,1.0
10000,ZJ-SMB,2006,landsat5,summer_v0,v0_predeclared,30,30,29,36,112,1.0,1.0,1.0,1.0,1.0
10000,ZJ-SMB,2006,landsat5,autumn_primary_v1,biological_target_phase,30,30,30,81,134,1.0,1.0,1.0,1.0,1.0
10000,ZJ-SMB,2006,landsat5,early_season_v1,biological_target_phase,30,30,0,0,41,1.0,1.0,1.0,1.0,1.0
10000,ZJ-SMB,2006,landsat5,__ALL_YEAR__,year,30,30,30,228,574,1.0,1.0,1.0,1.0,1.0
10000,ZJ-SMB,2006,landsat7,autumn_v0,v0_predeclared,30,30,30,80,123,1.0,1.0,1.0,1.0,1.0
10000,ZJ-SMB,2006,landsat7,summer_v0,v0_predeclared,30,30,0,0,23,1.0,1.0,1.0,1.0,1.0
10000,ZJ-SMB,2006,landsat7,autumn_primary_v1,biological_target_phase,30,30,30,80,164,1.0,1.0,1.0,1.0,1.0
10000,ZJ-SMB,2006,landsat7,early_season_v1,biological_target_phase,30,30,7,7,64,1.0,1.0,1.0,1.0,1.0
10000,ZJ-SMB,2006,landsat7,__ALL_YEAR__,year,30,30,30,161,537,1.0,1.0,1.0,1.0,1.0
10000,ZJ-SMB,2007,landsat5,autumn_v0,v0_predeclared,30,30,7,7,41,1.0,1.0,1.0,1.0,1.0
10000,ZJ-SMB,2007,landsat5,summer_v0,v0_predeclared,30,30,30,44,153,1.0,1.0,1.0,1.0,1.0
10000,ZJ-SMB,2007,landsat5,autumn_primary_v1,biological_target_phase,30,30,7,7,41,1.0,1.0,1.0,1.0,1.0
10000,ZJ-SMB,2007,landsat5,early_season_v1,biological_target_phase,30,30,7,7,53,1.0,1.0,1.0,1.0,1.0
10000,ZJ-SMB,2007,landsat5,__ALL_YEAR__,year,30,30,30,167,586,1.0,1.0,1.0,1.0,1.0
10000,ZJ-SMB,2007,landsat7,autumn_v0,v0_predeclared,30,30,7,7,52,1.0,1.0,1.0,1.0,1.0
10000,ZJ-SMB,2007,landsat7,summer_v0,v0_predeclared,30,30,7,14,34,1.0,1.0,1.0,1.0,1.0
10000,ZJ-SMB,2007,landsat7,autumn_primary_v1,biological_target_phase,30,30,30,37,93,1.0,1.0,1.0,1.0,1.0
10000,ZJ-SMB,2007,landsat7,early_season_v1,biological_target_phase,30,30,30,60,71,1.0,1.0,1.0,1.0,1.0
10000,ZJ-SMB,2007,landsat7,__ALL_YEAR__,year,30,30,30,244,608,1.0,1.0,1.0,1.0,1.0
10000,ZJ-SMB,2008,landsat5,autumn_v0,v0_predeclared,30,30,30,37,94,1.0,1.0,1.0,1.0,1.0
10000,ZJ-SMB,2008,landsat5,summer_v0,v0_predeclared,30,30,30,37,94,1.0,1.0,1.0,1.0,1.0
10000,ZJ-SMB,2008,landsat5,autumn_primary_v1,biological_target_phase,30,30,30,44,105,1.0,1.0,1.0,1.0,1.0
10000,ZJ-SMB,2008,landsat5,early_season_v1,biological_target_phase,30,30,30,67,101,1.0,1.0,1.0,1.0,1.0
10000,ZJ-SMB,2008,landsat5,__ALL_YEAR__,year,30,30,30,242,587,1.0,1.0,1.0,1.0,1.0
10000,ZJ-SMB,2008,landsat7,autumn_v0,v0_predeclared,30,30,29,36,93,1.0,1.0,1.0,1.0,1.0
10000,ZJ-SMB,2008,landsat7,summer_v0,v0_predeclared,30,30,30,89,131,1.0,1.0,1.0,1.0,1.0
10000,ZJ-SMB,2008,landsat7,autumn_primary_v1,biological_target_phase,30,30,29,65,134,1.0,1.0,1.0,1.0,1.0
10000,ZJ-SMB,2008,landsat7,early_season_v1,biological_target_phase,30,30,7,14,82,1.0,1.0,1.0,1.0,1.0
10000,ZJ-SMB,2008,landsat7,__ALL_YEAR__,year,30,30,30,299,676,1.0,1.0,1.0,1.0,1.0
10000,ZJ-SMB,2009,landsat5,autumn_v0,v0_predeclared,30,30,30,37,112,1.0,1.0,1.0,1.0,1.0
10000,ZJ-SMB,2009,landsat5,summer_v0,v0_predeclared,30,30,30,73,83,1.0,1.0,1.0,1.0,1.0
10000,ZJ-SMB,2009,landsat5,autumn_primary_v1,biological_target_phase,30,30,30,67,142,1.0,1.0,1.0,1.0,1.0
10000,ZJ-SMB,2009,landsat5,early_season_v1,biological_target_phase,30,30,30,44,112,1.0,1.0,1.0,1.0,1.0
10000,ZJ-SMB,2009,landsat5,__ALL_YEAR__,year,30,30,30,251,535,1.0,1.0,1.0,1.0,1.0
10000,ZJ-SMB,2009,landsat7,autumn_v0,v0_predeclared,30,30,30,44,93,1.0,1.0,1.0,1.0,1.0
10000,ZJ-SMB,2009,landsat7,summer_v0,v0_predeclared,30,30,7,7,53,1.0,1.0,1.0,1.0,1.0
10000,ZJ-SMB,2009,landsat7,autumn_primary_v1,biological_target_phase,30,30,30,44,123,1.0,1.0,1.0,1.0,1.0
10000,ZJ-SMB,2009,landsat7,early_season_v1,biological_target_phase,30,30,30,37,82,1.0,1.0,1.0,1.0,1.0
10000,ZJ-SMB,2009,landsat7,__ALL_YEAR__,year,30,30,30,213,468,1.0,1.0,1.0,1.0,1.0
10000,ZJ-SMB,2010,landsat5,autumn_v0,v0_predeclared,30,30,29,36,52,1.0,1.0,1.0,1.0,1.0
10000,ZJ-SMB,2010,landsat5,summer_v0,v0_predeclared,30,30,30,37,71,1.0,1.0,1.0,1.0,1.0
10000,ZJ-SMB,2010,landsat5,autumn_primary_v1,biological_target_phase,30,30,30,66,93,1.0,1.0,1.0,1.0,1.0
10000,ZJ-SMB,2010,landsat5,early_season_v1,biological_target_phase,30,30,30,30,71,1.0,1.0,1.0,1.0,1.0
10000,ZJ-SMB,2010,landsat5,__ALL_YEAR__,year,30,30,30,244,500,1.0,1.0,1.0,1.0,1.0
10000,ZJ-SMB,2010,landsat7,autumn_v0,v0_predeclared,30,30,30,30,60,1.0,1.0,1.0,1.0,1.0
10000,ZJ-SMB,2010,landsat7,summer_v0,v0_predeclared,30,30,30,37,41,1.0,1.0,1.0,1.0,1.0
10000,ZJ-SMB,2010,landsat7,autumn_primary_v1,biological_target_phase,30,30,30,37,71,1.0,1.0,1.0,1.0,1.0
10000,ZJ-SMB,2010,landsat7,early_season_v1,biological_target_phase,30,30,30,30,71,1.0,1.0,1.0,1.0,1.0
10000,ZJ-SMB,2010,landsat7,__ALL_YEAR__,year,30,30,30,275,538,1.0,1.0,1.0,1.0,1.0
10000,ZJ-SMB,2011,landsat5,autumn_v0,v0_predeclared,30,30,0,0,30,1.0,1.0,1.0,1.0,1.0
10000,ZJ-SMB,2011,landsat5,summer_v0,v0_predeclared,30,30,30,30,31,1.0,1.0,1.0,1.0,1.0
10000,ZJ-SMB,2011,landsat5,autumn_primary_v1,biological_target_phase,30,30,30,30,60,1.0,1.0,1.0,1.0,1.0
10000,ZJ-SMB,2011,landsat5,early_season_v1,biological_target_phase,30,30,30,30,52,1.0,1.0,1.0,1.0,1.0
10000,ZJ-SMB,2011,landsat5,__ALL_YEAR__,year,30,30,30,170,368,1.0,1.0,1.0,1.0,1.0
10000,ZJ-SMB,2011,landsat7,autumn_v0,v0_predeclared,30,30,30,37,82,1.0,1.0,1.0,1.0,1.0
10000,ZJ-SMB,2011,landsat7,summer_v0,v0_predeclared,30,30,0,0,0,1.0,1.0,1.0,1.0,1.0
10000,ZJ-SMB,2011,landsat7,autumn_primary_v1,biological_target_phase,30,30,30,37,93,1.0,1.0,1.0,1.0,1.0
10000,ZJ-SMB,2011,landsat7,early_season_v1,biological_target_phase,30,30,0,0,22,1.0,1.0,1.0,1.0,1.0
10000,ZJ-SMB,2011,landsat7,__ALL_YEAR__,year,30,30,30,259,496,1.0,1.0,1.0,1.0,1.0
10000,ZJ-SMB,2012,landsat7,autumn_v0,v0_predeclared,30,30,30,89,112,1.0,1.0,1.0,1.0,1.0
10000,ZJ-SMB,2012,landsat7,summer_v0,v0_predeclared,30,30,0,0,12,1.0,1.0,1.0,1.0,1.0
10000,ZJ-SMB,2012,landsat7,autumn_primary_v1,biological_target_phase,30,30,30,119,153,1.0,1.0,1.0,1.0,1.0
10000,ZJ-SMB,2012,landsat7,early_season_v1,biological_target_phase,30,30,30,37,71,1.0,1.0,1.0,1.0,1.0
10000,ZJ-SMB,2012,landsat7,__ALL_YEAR__,year,30,30,30,282,540,1.0,1.0,1.0,1.0,1.0
10000,ZJ-SMB,2013,landsat7,autumn_v0,v0_predeclared,30,30,29,36,112,1.0,1.0,1.0,1.0,1.0
10000,ZJ-SMB,2013,landsat7,summer_v0,v0_predeclared,30,30,7,7,52,1.0,1.0,1.0,1.0,1.0
10000,ZJ-SMB,2013,landsat7,autumn_primary_v1,biological_target_phase,30,30,29,36,142,1.0,1.0,1.0,1.0,1.0
10000,ZJ-SMB,2013,landsat7,early_season_v1,biological_target_phase,30,30,30,30,30,1.0,1.0,1.0,1.0,1.0
10000,ZJ-SMB,2013,landsat7,__ALL_YEAR__,year,30,30,30,250,554,1.0,1.0,1.0,1.0,1.0
10000,ZJ-SMB,2013,landsat8,autumn_v0,v0_predeclared,30,30,29,36,83,1.0,1.0,1.0,1.0,1.0
10000,ZJ-SMB,2013,landsat8,summer_v0,v0_predeclared,30,30,29,29,123,1.0,1.0,1.0,1.0,1.0
10000,ZJ-SMB,2013,landsat8,autumn_primary_v1,biological_target_phase,30,30,29,36,94,1.0,1.0,1.0,1.0,1.0
10000,ZJ-SMB,2013,landsat8,early_season_v1,biological_target_phase,30,30,0,0,71,1.0,1.0,1.0,1.0,1.0
10000,ZJ-SMB,2013,landsat8,__ALL_YEAR__,year,30,30,30,183,523,1.0,1.0,1.0,1.0,1.0
10000,ZJ-SMB,2014,landsat7,autumn_v0,v0_predeclared,30,30,29,36,83,1.0,1.0,1.0,1.0,1.0
10000,ZJ-SMB,2014,landsat7,summer_v0,v0_predeclared,30,30,7,7,112,1.0,1.0,1.0,1.0,1.0
10000,ZJ-SMB,2014,landsat7,autumn_primary_v1,biological_target_phase,30,30,29,43,124,1.0,1.0,1.0,1.0,1.0
10000,ZJ-SMB,2014,landsat7,early_season_v1,biological_target_phase,30,30,0,0,82,1.0,1.0,1.0,1.0,1.0
10000,ZJ-SMB,2014,landsat7,__ALL_YEAR__,year,30,30,30,197,707,1.0,1.0,1.0,1.0,1.0
10000,ZJ-SMB,2014,landsat8,autumn_v0,v0_predeclared,30,30,30,67,112,1.0,1.0,1.0,1.0,1.0
10000,ZJ-SMB,2014,landsat8,summer_v0,v0_predeclared,30,30,30,37,113,1.0,1.0,1.0,1.0,1.0
10000,ZJ-SMB,2014,landsat8,autumn_primary_v1,biological_target_phase,30,30,30,97,153,1.0,1.0,1.0,1.0,1.0
10000,ZJ-SMB,2014,landsat8,early_season_v1,biological_target_phase,30,30,7,7,42,1.0,1.0,1.0,1.0,1.0
10000,ZJ-SMB,2014,landsat8,__ALL_YEAR__,year,30,30,30,310,718,1.0,1.0,1.0,1.0,1.0
10000,ZJ-SMB,2015,landsat7,autumn_v0,v0_predeclared,30,30,0,0,41,1.0,1.0,1.0,1.0,1.0
10000,ZJ-SMB,2015,landsat7,summer_v0,v0_predeclared,30,30,30,37,94,1.0,1.0,1.0,1.0,1.0
10000,ZJ-SMB,2015,landsat7,autumn_primary_v1,biological_target_phase,30,30,0,0,71,1.0,1.0,1.0,1.0,1.0
10000,ZJ-SMB,2015,landsat7,early_season_v1,biological_target_phase,30,30,30,37,71,1.0,1.0,1.0,1.0,1.0
10000,ZJ-SMB,2015,landsat7,__ALL_YEAR__,year,30,30,30,139,556,1.0,1.0,1.0,1.0,1.0
10000,ZJ-SMB,2015,landsat8,autumn_v0,v0_predeclared,30,30,7,7,41,1.0,1.0,1.0,1.0,1.0
10000,ZJ-SMB,2015,landsat8,summer_v0,v0_predeclared,30,30,7,7,83,1.0,1.0,1.0,1.0,1.0
10000,ZJ-SMB,2015,landsat8,autumn_primary_v1,biological_target_phase,30,30,7,7,71,1.0,1.0,1.0,1.0,1.0
10000,ZJ-SMB,2015,landsat8,early_season_v1,biological_target_phase,30,30,7,7,71,1.0,1.0,1.0,1.0,1.0
10000,ZJ-SMB,2015,landsat8,__ALL_YEAR__,year,30,30,30,148,611,1.0,1.0,1.0,1.0,1.0
10000,ZJ-SMB,2015,sentinel1,autumn_v0,v0_predeclared,30,30,0,0,0,1.0,1.0,1.0,1.0,1.0
10000,ZJ-SMB,2015,sentinel1,summer_v0,v0_predeclared,30,30,30,30,30,1.0,1.0,1.0,1.0,1.0
10000,ZJ-SMB,2015,sentinel1,autumn_primary_v1,biological_target_phase,30,30,0,0,0,1.0,1.0,1.0,1.0,1.0
10000,ZJ-SMB,2015,sentinel1,early_season_v1,biological_target_phase,30,30,30,30,30,1.0,1.0,1.0,1.0,1.0
10000,ZJ-SMB,2015,sentinel1,__ALL_YEAR__,year,30,30,30,90,90,1.0,1.0,1.0,1.0,1.0
10000,ZJ-SMB,2016,landsat7,autumn_v0,v0_predeclared,30,30,7,7,82,1.0,1.0,1.0,1.0,1.0
10000,ZJ-SMB,2016,landsat7,summer_v0,v0_predeclared,30,30,30,44,82,1.0,1.0,1.0,1.0,1.0
10000,ZJ-SMB,2016,landsat7,autumn_primary_v1,biological_target_phase,30,30,7,7,93,1.0,1.0,1.0,1.0,1.0
10000,ZJ-SMB,2016,landsat7,early_season_v1,biological_target_phase,30,30,0,0,30,1.0,1.0,1.0,1.0,1.0
10000,ZJ-SMB,2016,landsat7,__ALL_YEAR__,year,30,30,30,131,541,1.0,1.0,1.0,1.0,1.0
10000,ZJ-SMB,2016,landsat8,autumn_v0,v0_predeclared,30,30,7,7,82,1.0,1.0,1.0,1.0,1.0
10000,ZJ-SMB,2016,landsat8,summer_v0,v0_predeclared,30,30,30,44,135,1.0,1.0,1.0,1.0,1.0
10000,ZJ-SMB,2016,landsat8,autumn_primary_v1,biological_target_phase,30,30,7,7,93,1.0,1.0,1.0,1.0,1.0
10000,ZJ-SMB,2016,landsat8,early_season_v1,biological_target_phase,30,30,30,30,60,1.0,1.0,1.0,1.0,1.0
10000,ZJ-SMB,2016,landsat8,__ALL_YEAR__,year,30,30,30,221,607,1.0,1.0,1.0,1.0,1.0
10000,ZJ-SMB,2017,landsat7,autumn_v0,v0_predeclared,30,30,30,37,112,1.0,1.0,1.0,1.0,1.0
10000,ZJ-SMB,2017,landsat7,summer_v0,v0_predeclared,30,30,7,7,123,1.0,1.0,1.0,1.0,1.0
10000,ZJ-SMB,2017,landsat7,autumn_primary_v1,biological_target_phase,30,30,30,66,153,1.0,1.0,1.0,1.0,1.0
10000,ZJ-SMB,2017,landsat7,early_season_v1,biological_target_phase,30,30,7,7,52,1.0,1.0,1.0,1.0,1.0
10000,ZJ-SMB,2017,landsat7,__ALL_YEAR__,year,30,30,30,250,649,1.0,1.0,1.0,1.0,1.0
10000,ZJ-SMB,2017,landsat8,autumn_v0,v0_predeclared,30,30,30,37,101,1.0,1.0,1.0,1.0,1.0
10000,ZJ-SMB,2017,landsat8,summer_v0,v0_predeclared,30,30,30,73,82,1.0,1.0,1.0,1.0,1.0
10000,ZJ-SMB,2017,landsat8,autumn_primary_v1,biological_target_phase,30,30,30,37,102,1.0,1.0,1.0,1.0,1.0
10000,ZJ-SMB,2017,landsat8,early_season_v1,biological_target_phase,30,30,7,7,63,1.0,1.0,1.0,1.0,1.0
10000,ZJ-SMB,2017,landsat8,__ALL_YEAR__,year,30,30,30,287,605,1.0,1.0,1.0,1.0,1.0
10000,ZJ-SMB,2017,sentinel2,autumn_v0,v0_predeclared,30,30,30,30,36,1.0,1.0,1.0,1.0,1.0
10000,ZJ-SMB,2017,sentinel2,summer_v0,v0_predeclared,30,30,30,30,30,1.0,1.0,1.0,1.0,1.0
10000,ZJ-SMB,2017,sentinel2,autumn_primary_v1,biological_target_phase,30,30,30,30,36,1.0,1.0,1.0,1.0,1.0
10000,ZJ-SMB,2017,sentinel2,early_season_v1,biological_target_phase,30,30,30,30,30,1.0,1.0,1.0,1.0,1.0
10000,ZJ-SMB,2017,sentinel2,__ALL_YEAR__,year,30,30,30,390,396,1.0,1.0,1.0,1.0,1.0
10000,ZJ-SMB,2018,landsat7,autumn_v0,v0_predeclared,30,30,30,30,82,1.0,1.0,1.0,1.0,1.0
10000,ZJ-SMB,2018,landsat7,summer_v0,v0_predeclared,30,30,7,7,134,1.0,1.0,1.0,1.0,1.0
10000,ZJ-SMB,2018,landsat7,autumn_primary_v1,biological_target_phase,30,30,30,30,82,1.0,1.0,1.0,1.0,1.0
10000,ZJ-SMB,2018,landsat7,early_season_v1,biological_target_phase,30,30,0,0,53,1.0,1.0,1.0,1.0,1.0
10000,ZJ-SMB,2018,landsat7,__ALL_YEAR__,year,30,30,30,148,577,1.0,1.0,1.0,1.0,1.0
10000,ZJ-SMB,2018,landsat8,autumn_v0,v0_predeclared,30,30,30,44,82,1.0,1.0,1.0,1.0,1.0
10000,ZJ-SMB,2018,landsat8,summer_v0,v0_predeclared,30,30,30,44,164,1.0,1.0,1.0,1.0,1.0
10000,ZJ-SMB,2018,landsat8,autumn_primary_v1,biological_target_phase,30,30,30,44,82,1.0,1.0,1.0,1.0,1.0
10000,ZJ-SMB,2018,landsat8,early_season_v1,biological_target_phase,30,30,0,0,83,1.0,1.0,1.0,1.0,1.0
10000,ZJ-SMB,2018,landsat8,__ALL_YEAR__,year,30,30,30,235,616,1.0,1.0,1.0,1.0,1.0
10000,ZJ-SMB,2018,sentinel1,autumn_v0,v0_predeclared,30,30,0,0,0,1.0,1.0,1.0,1.0,1.0
10000,ZJ-SMB,2018,sentinel1,summer_v0,v0_predeclared,30,30,0,0,0,1.0,1.0,1.0,1.0,1.0
10000,ZJ-SMB,2018,sentinel1,autumn_primary_v1,biological_target_phase,30,30,0,0,0,1.0,1.0,1.0,1.0,1.0
10000,ZJ-SMB,2018,sentinel1,early_season_v1,biological_target_phase,30,30,0,0,0,1.0,1.0,1.0,1.0,1.0
10000,ZJ-SMB,2018,sentinel1,__ALL_YEAR__,year,30,30,30,53,60,1.0,1.0,1.0,1.0,1.0
10000,ZJ-SMB,2018,sentinel2,autumn_v0,v0_predeclared,30,30,0,0,12,1.0,1.0,1.0,1.0,1.0
10000,ZJ-SMB,2018,sentinel2,summer_v0,v0_predeclared,30,30,30,30,30,1.0,1.0,1.0,1.0,1.0
10000,ZJ-SMB,2018,sentinel2,autumn_primary_v1,biological_target_phase,30,30,0,0,12,1.0,1.0,1.0,1.0,1.0
10000,ZJ-SMB,2018,sentinel2,early_season_v1,biological_target_phase,30,30,0,0,0,1.0,1.0,1.0,1.0,1.0
10000,ZJ-SMB,2018,sentinel2,__ALL_YEAR__,year,30,30,30,300,462,1.0,1.0,1.0,1.0,1.0
10000,ZJ-SMB,2019,landsat7,autumn_v0,v0_predeclared,30,30,30,59,112,1.0,1.0,1.0,1.0,1.0
10000,ZJ-SMB,2019,landsat7,summer_v0,v0_predeclared,30,30,7,7,42,1.0,1.0,1.0,1.0,1.0
10000,ZJ-SMB,2019,landsat7,autumn_primary_v1,biological_target_phase,30,30,30,89,142,1.0,1.0,1.0,1.0,1.0
10000,ZJ-SMB,2019,landsat7,early_season_v1,biological_target_phase,30,30,29,36,42,1.0,1.0,1.0,1.0,1.0
10000,ZJ-SMB,2019,landsat7,__ALL_YEAR__,year,30,30,30,309,525,1.0,1.0,1.0,1.0,1.0
10000,ZJ-SMB,2019,landsat8,autumn_v0,v0_predeclared,30,30,7,14,63,1.0,1.0,1.0,1.0,1.0
10000,ZJ-SMB,2019,landsat8,summer_v0,v0_predeclared,30,30,30,37,153,1.0,1.0,1.0,1.0,1.0
10000,ZJ-SMB,2019,landsat8,autumn_primary_v1,biological_target_phase,30,30,30,51,104,1.0,1.0,1.0,1.0,1.0
10000,ZJ-SMB,2019,landsat8,early_season_v1,biological_target_phase,30,30,29,36,71,1.0,1.0,1.0,1.0,1.0
10000,ZJ-SMB,2019,landsat8,__ALL_YEAR__,year,30,30,30,286,768,1.0,1.0,1.0,1.0,1.0
10000,ZJ-SMB,2019,sentinel1,autumn_v0,v0_predeclared,30,30,0,0,0,1.0,1.0,1.0,1.0,1.0
10000,ZJ-SMB,2019,sentinel1,summer_v0,v0_predeclared,30,30,0,0,0,1.0,1.0,1.0,1.0,1.0
10000,ZJ-SMB,2019,sentinel1,autumn_primary_v1,biological_target_phase,30,30,0,0,0,1.0,1.0,1.0,1.0,1.0
10000,ZJ-SMB,2019,sentinel1,early_season_v1,biological_target_phase,30,30,0,0,0,1.0,1.0,1.0,1.0,1.0
10000,ZJ-SMB,2019,sentinel1,__ALL_YEAR__,year,30,30,30,53,60,1.0,1.0,1.0,1.0,1.0
10000,ZJ-SMB,2019,sentinel2,autumn_v0,v0_predeclared,30,30,30,210,570,1.0,1.0,1.0,1.0,1.0
10000,ZJ-SMB,2019,sentinel2,summer_v0,v0_predeclared,30,30,30,108,726,1.0,1.0,1.0,1.0,1.0
10000,ZJ-SMB,2019,sentinel2,autumn_primary_v1,biological_target_phase,30,30,30,300,750,1.0,1.0,1.0,1.0,1.0
10000,ZJ-SMB,2019,sentinel2,early_season_v1,biological_target_phase,30,30,30,144,450,1.0,1.0,1.0,1.0,1.0
10000,ZJ-SMB,2019,sentinel2,__ALL_YEAR__,year,30,30,30,1164,4422,1.0,1.0,1.0,1.0,1.0
10000,ZJ-SMB,2020,landsat7,autumn_v0,v0_predeclared,30,30,30,66,112,1.0,1.0,1.0,1.0,1.0
10000,ZJ-SMB,2020,landsat7,summer_v0,v0_predeclared,30,30,0,0,42,1.0,1.0,1.0,1.0,1.0
10000,ZJ-SMB,2020,landsat7,autumn_primary_v1,biological_target_phase,30,30,30,103,153,1.0,1.0,1.0,1.0,1.0
10000,ZJ-SMB,2020,landsat7,early_season_v1,biological_target_phase,30,30,30,73,93,1.0,1.0,1.0,1.0,1.0
10000,ZJ-SMB,2020,landsat7,__ALL_YEAR__,year,30,30,30,256,616,1.0,1.0,1.0,1.0,1.0
10000,ZJ-SMB,2020,landsat8,autumn_v0,v0_predeclared,30,30,7,14,82,1.0,1.0,1.0,1.0,1.0
10000,ZJ-SMB,2020,landsat8,summer_v0,v0_predeclared,30,30,0,0,82,1.0,1.0,1.0,1.0,1.0
10000,ZJ-SMB,2020,landsat8,autumn_primary_v1,biological_target_phase,30,30,7,14,82,1.0,1.0,1.0,1.0,1.0
10000,ZJ-SMB,2020,landsat8,early_season_v1,biological_target_phase,30,30,0,0,61,1.0,1.0,1.0,1.0,1.0
10000,ZJ-SMB,2020,landsat8,__ALL_YEAR__,year,30,30,30,118,594,1.0,1.0,1.0,1.0,1.0
10000,ZJ-SMB,2020,sentinel2,autumn_v0,v0_predeclared,30,30,30,60,558,1.0,1.0,1.0,1.0,1.0
10000,ZJ-SMB,2020,sentinel2,summer_v0,v0_predeclared,30,30,30,54,720,1.0,1.0,1.0,1.0,1.0
10000,ZJ-SMB,2020,sentinel2,autumn_primary_v1,biological_target_phase,30,30,30,138,738,1.0,1.0,1.0,1.0,1.0
10000,ZJ-SMB,2020,sentinel2,early_season_v1,biological_target_phase,30,30,30,132,486,1.0,1.0,1.0,1.0,1.0
10000,ZJ-SMB,2020,sentinel2,__ALL_YEAR__,year,30,30,30,1086,4434,1.0,1.0,1.0,1.0,1.0
10000,ZJ-SMB,2021,landsat7,autumn_v0,v0_predeclared,30,30,30,30,83,1.0,1.0,1.0,1.0,1.0
10000,ZJ-SMB,2021,landsat7,summer_v0,v0_predeclared,30,30,0,0,14,1.0,1.0,1.0,1.0,1.0
10000,ZJ-SMB,2021,landsat7,autumn_primary_v1,biological_target_phase,30,30,30,60,124,1.0,1.0,1.0,1.0,1.0
10000,ZJ-SMB,2021,landsat7,early_season_v1,biological_target_phase,30,30,7,7,53,1.0,1.0,1.0,1.0,1.0
10000,ZJ-SMB,2021,landsat7,__ALL_YEAR__,year,30,30,30,178,468,1.0,1.0,1.0,1.0,1.0
10000,ZJ-SMB,2021,landsat8,autumn_v0,v0_predeclared,30,30,30,37,123,1.0,1.0,1.0,1.0,1.0
10000,ZJ-SMB,2021,landsat8,summer_v0,v0_predeclared,30,30,0,0,82,1.0,1.0,1.0,1.0,1.0
10000,ZJ-SMB,2021,landsat8,autumn_primary_v1,biological_target_phase,30,30,30,37,153,1.0,1.0,1.0,1.0,1.0
10000,ZJ-SMB,2021,landsat8,early_season_v1,biological_target_phase,30,30,0,0,71,1.0,1.0,1.0,1.0,1.0
10000,ZJ-SMB,2021,landsat8,__ALL_YEAR__,year,30,30,30,139,643,1.0,1.0,1.0,1.0,1.0
10000,ZJ-SMB,2021,sentinel1,autumn_v0,v0_predeclared,30,30,0,0,0,1.0,1.0,1.0,1.0,1.0
10000,ZJ-SMB,2021,sentinel1,summer_v0,v0_predeclared,30,30,30,30,30,1.0,1.0,1.0,1.0,1.0
10000,ZJ-SMB,2021,sentinel1,autumn_primary_v1,biological_target_phase,30,30,0,0,0,1.0,1.0,1.0,1.0,1.0
10000,ZJ-SMB,2021,sentinel1,early_season_v1,biological_target_phase,30,30,0,0,0,1.0,1.0,1.0,1.0,1.0
10000,ZJ-SMB,2021,sentinel1,__ALL_YEAR__,year,30,30,30,30,30,1.0,1.0,1.0,1.0,1.0
10000,ZJ-SMB,2021,sentinel2,autumn_v0,v0_predeclared,30,30,30,240,576,1.0,1.0,1.0,1.0,1.0
10000,ZJ-SMB,2021,sentinel2,summer_v0,v0_predeclared,30,30,30,84,720,1.0,1.0,1.0,1.0,1.0
10000,ZJ-SMB,2021,sentinel2,autumn_primary_v1,biological_target_phase,30,30,30,330,762,1.0,1.0,1.0,1.0,1.0
10000,ZJ-SMB,2021,sentinel2,early_season_v1,biological_target_phase,30,30,30,114,516,1.0,1.0,1.0,1.0,1.0
10000,ZJ-SMB,2021,sentinel2,__ALL_YEAR__,year,30,30,30,1218,4410,1.0,1.0,1.0,1.0,1.0
10000,ZJ-SMB,2022,landsat7,autumn_v0,v0_predeclared,30,30,30,90,90,1.0,1.0,1.0,1.0,1.0
10000,ZJ-SMB,2022,landsat7,summer_v0,v0_predeclared,30,30,7,14,142,1.0,1.0,1.0,1.0,1.0
10000,ZJ-SMB,2022,landsat7,autumn_primary_v1,biological_target_phase,30,30,30,120,120,1.0,1.0,1.0,1.0,1.0
10000,ZJ-SMB,2022,landsat7,early_season_v1,biological_target_phase,30,30,0,0,1,1.0,1.0,1.0,1.0,1.0
10000,ZJ-SMB,2022,landsat7,__ALL_YEAR__,year,30,30,30,215,463,1.0,1.0,1.0,1.0,1.0
10000,ZJ-SMB,2022,landsat8,autumn_v0,v0_predeclared,30,30,7,7,83,1.0,1.0,1.0,1.0,1.0
10000,ZJ-SMB,2022,landsat8,summer_v0,v0_predeclared,30,30,29,29,93,1.0,1.0,1.0,1.0,1.0
10000,ZJ-SMB,2022,landsat8,autumn_primary_v1,biological_target_phase,30,30,7,7,113,1.0,1.0,1.0,1.0,1.0
10000,ZJ-SMB,2022,landsat8,early_season_v1,biological_target_phase,30,30,7,7,82,1.0,1.0,1.0,1.0,1.0
10000,ZJ-SMB,2022,landsat8,__ALL_YEAR__,year,30,30,30,198,617,1.0,1.0,1.0,1.0,1.0
10000,ZJ-SMB,2022,landsat9,autumn_v0,v0_predeclared,30,30,30,37,53,1.0,1.0,1.0,1.0,1.0
10000,ZJ-SMB,2022,landsat9,summer_v0,v0_predeclared,30,30,29,72,113,1.0,1.0,1.0,1.0,1.0
10000,ZJ-SMB,2022,landsat9,autumn_primary_v1,biological_target_phase,30,30,30,44,65,1.0,1.0,1.0,1.0,1.0
10000,ZJ-SMB,2022,landsat9,early_season_v1,biological_target_phase,30,30,0,0,42,1.0,1.0,1.0,1.0,1.0
10000,ZJ-SMB,2022,landsat9,__ALL_YEAR__,year,30,30,30,301,527,1.0,1.0,1.0,1.0,1.0
10000,ZJ-SMB,2022,sentinel2,autumn_v0,v0_predeclared,30,30,30,150,570,1.0,1.0,1.0,1.0,1.0
10000,ZJ-SMB,2022,sentinel2,summer_v0,v0_predeclared,30,30,30,144,720,1.0,1.0,1.0,1.0,1.0
10000,ZJ-SMB,2022,sentinel2,autumn_primary_v1,biological_target_phase,30,30,30,150,750,1.0,1.0,1.0,1.0,1.0
10000,ZJ-SMB,2022,sentinel2,early_season_v1,biological_target_phase,30,30,24,24,510,1.0,1.0,1.0,1.0,1.0
10000,ZJ-SMB,2022,sentinel2,__ALL_YEAR__,year,30,30,30,1014,4380,1.0,1.0,1.0,1.0,1.0
10000,ZJ-SMB,2023,landsat7,autumn_v0,v0_predeclared,30,30,7,14,52,1.0,1.0,1.0,1.0,1.0
10000,ZJ-SMB,2023,landsat7,summer_v0,v0_predeclared,30,30,7,7,161,1.0,1.0,1.0,1.0,1.0
10000,ZJ-SMB,2023,landsat7,autumn_primary_v1,biological_target_phase,30,30,7,14,52,1.0,1.0,1.0,1.0,1.0
10000,ZJ-SMB,2023,landsat7,early_season_v1,biological_target_phase,30,30,0,0,30,1.0,1.0,1.0,1.0,1.0
10000,ZJ-SMB,2023,landsat7,__ALL_YEAR__,year,30,30,30,175,542,1.0,1.0,1.0,1.0,1.0
10000,ZJ-SMB,2023,landsat8,autumn_v0,v0_predeclared,30,30,7,14,112,1.0,1.0,1.0,1.0,1.0
10000,ZJ-SMB,2023,landsat8,summer_v0,v0_predeclared,30,30,29,29,65,1.0,1.0,1.0,1.0,1.0
10000,ZJ-SMB,2023,landsat8,autumn_primary_v1,biological_target_phase,30,30,30,51,153,1.0,1.0,1.0,1.0,1.0
10000,ZJ-SMB,2023,landsat8,early_season_v1,biological_target_phase,30,30,0,0,34,1.0,1.0,1.0,1.0,1.0
10000,ZJ-SMB,2023,landsat8,__ALL_YEAR__,year,30,30,30,258,663,1.0,1.0,1.0,1.0,1.0
10000,ZJ-SMB,2023,landsat9,autumn_v0,v0_predeclared,30,30,30,44,82,1.0,1.0,1.0,1.0,1.0
10000,ZJ-SMB,2023,landsat9,summer_v0,v0_predeclared,30,30,7,14,112,1.0,1.0,1.0,1.0,1.0
10000,ZJ-SMB,2023,landsat9,autumn_primary_v1,biological_target_phase,30,30,30,44,112,1.0,1.0,1.0,1.0,1.0
10000,ZJ-SMB,2023,landsat9,early_season_v1,biological_target_phase,30,30,30,30,101,1.0,1.0,1.0,1.0,1.0
10000,ZJ-SMB,2023,landsat9,__ALL_YEAR__,year,30,30,30,300,705,1.0,1.0,1.0,1.0,1.0
10000,ZJ-SMB,2023,sentinel2,autumn_v0,v0_predeclared,30,30,30,228,570,1.0,1.0,1.0,1.0,1.0
10000,ZJ-SMB,2023,sentinel2,summer_v0,v0_predeclared,30,30,30,84,720,1.0,1.0,1.0,1.0,1.0
10000,ZJ-SMB,2023,sentinel2,autumn_primary_v1,biological_target_phase,30,30,30,228,750,1.0,1.0,1.0,1.0,1.0
10000,ZJ-SMB,2023,sentinel2,early_season_v1,biological_target_phase,30,30,30,144,510,1.0,1.0,1.0,1.0,1.0
10000,ZJ-SMB,2023,sentinel2,__ALL_YEAR__,year,30,30,30,1266,4386,1.0,1.0,1.0,1.0,1.0
10000,ZJ-SMB,2024,landsat8,autumn_v0,v0_predeclared,30,30,30,30,83,1.0,1.0,1.0,1.0,1.0
10000,ZJ-SMB,2024,landsat8,summer_v0,v0_predeclared,30,30,7,7,112,1.0,1.0,1.0,1.0,1.0
10000,ZJ-SMB,2024,landsat8,autumn_primary_v1,biological_target_phase,30,30,30,30,94,1.0,1.0,1.0,1.0,1.0
10000,ZJ-SMB,2024,landsat8,early_season_v1,biological_target_phase,30,30,7,7,72,1.0,1.0,1.0,1.0,1.0
10000,ZJ-SMB,2024,landsat8,__ALL_YEAR__,year,30,30,30,235,659,1.0,1.0,1.0,1.0,1.0
10000,ZJ-SMB,2024,landsat9,autumn_v0,v0_predeclared,30,30,7,14,112,1.0,1.0,1.0,1.0,1.0
10000,ZJ-SMB,2024,landsat9,summer_v0,v0_predeclared,30,30,29,29,112,1.0,1.0,1.0,1.0,1.0
10000,ZJ-SMB,2024,landsat9,autumn_primary_v1,biological_target_phase,30,30,7,14,142,1.0,1.0,1.0,1.0,1.0
10000,ZJ-SMB,2024,landsat9,early_season_v1,biological_target_phase,30,30,30,37,82,1.0,1.0,1.0,1.0,1.0
10000,ZJ-SMB,2024,landsat9,__ALL_YEAR__,year,30,30,30,308,718,1.0,1.0,1.0,1.0,1.0
10000,ZJ-SMB,2024,sentinel1,autumn_v0,v0_predeclared,30,30,30,30,30,1.0,1.0,1.0,1.0,1.0
10000,ZJ-SMB,2024,sentinel1,summer_v0,v0_predeclared,30,30,0,0,0,1.0,1.0,1.0,1.0,1.0
10000,ZJ-SMB,2024,sentinel1,autumn_primary_v1,biological_target_phase,30,30,30,30,30,1.0,1.0,1.0,1.0,1.0
10000,ZJ-SMB,2024,sentinel1,early_season_v1,biological_target_phase,30,30,0,0,0,1.0,1.0,1.0,1.0,1.0
10000,ZJ-SMB,2024,sentinel1,__ALL_YEAR__,year,30,30,30,30,30,1.0,1.0,1.0,1.0,1.0
10000,ZJ-SMB,2024,sentinel2,autumn_v0,v0_predeclared,30,30,30,30,570,1.0,1.0,1.0,1.0,1.0
10000,ZJ-SMB,2024,sentinel2,summer_v0,v0_predeclared,30,30,30,60,720,1.0,1.0,1.0,1.0,1.0
10000,ZJ-SMB,2024,sentinel2,autumn_primary_v1,biological_target_phase,30,30,30,60,750,1.0,1.0,1.0,1.0,1.0
10000,ZJ-SMB,2024,sentinel2,early_season_v1,biological_target_phase,30,30,24,48,510,1.0,1.0,1.0,1.0,1.0
10000,ZJ-SMB,2024,sentinel2,__ALL_YEAR__,year,30,30,30,978,4380,1.0,1.0,1.0,1.0,1.0
10000,ZJ-SMB,2025,landsat8,autumn_v0,v0_predeclared,30,30,7,7,93,1.0,1.0,1.0,1.0,1.0
10000,ZJ-SMB,2025,landsat8,summer_v0,v0_predeclared,30,30,7,7,134,1.0,1.0,1.0,1.0,1.0
10000,ZJ-SMB,2025,landsat8,autumn_primary_v1,biological_target_phase,30,30,7,7,123,1.0,1.0,1.0,1.0,1.0
10000,ZJ-SMB,2025,landsat8,early_season_v1,biological_target_phase,30,30,30,30,71,1.0,1.0,1.0,1.0,1.0
10000,ZJ-SMB,2025,landsat8,__ALL_YEAR__,year,30,30,30,302,780,1.0,1.0,1.0,1.0,1.0
10000,ZJ-SMB,2025,landsat9,autumn_v0,v0_predeclared,30,30,29,36,101,1.0,1.0,1.0,1.0,1.0
10000,ZJ-SMB,2025,landsat9,summer_v0,v0_predeclared,30,30,7,7,113,1.0,1.0,1.0,1.0,1.0
10000,ZJ-SMB,2025,landsat9,autumn_primary_v1,biological_target_phase,30,30,29,36,131,1.0,1.0,1.0,1.0,1.0
10000,ZJ-SMB,2025,landsat9,early_season_v1,biological_target_phase,30,30,30,30,52,1.0,1.0,1.0,1.0,1.0
10000,ZJ-SMB,2025,landsat9,__ALL_YEAR__,year,30,30,30,309,687,1.0,1.0,1.0,1.0,1.0
10000,ZJ-SMB,2025,sentinel1,autumn_v0,v0_predeclared,30,30,0,0,0,1.0,1.0,1.0,1.0,1.0
10000,ZJ-SMB,2025,sentinel1,summer_v0,v0_predeclared,30,30,0,0,0,1.0,1.0,1.0,1.0,1.0
10000,ZJ-SMB,2025,sentinel1,autumn_primary_v1,biological_target_phase,30,30,0,0,0,1.0,1.0,1.0,1.0,1.0
10000,ZJ-SMB,2025,sentinel1,early_season_v1,biological_target_phase,30,30,0,0,0,1.0,1.0,1.0,1.0,1.0
10000,ZJ-SMB,2025,sentinel1,__ALL_YEAR__,year,30,30,23,23,30,1.0,1.0,1.0,1.0,1.0
10000,ZJ-SMB,2025,sentinel2,autumn_v0,v0_predeclared,30,30,30,120,600,1.0,1.0,1.0,1.0,1.0
10000,ZJ-SMB,2025,sentinel2,summer_v0,v0_predeclared,30,30,30,174,870,1.0,1.0,1.0,1.0,1.0
10000,ZJ-SMB,2025,sentinel2,autumn_primary_v1,biological_target_phase,30,30,30,150,810,1.0,1.0,1.0,1.0,1.0
10000,ZJ-SMB,2025,sentinel2,early_season_v1,biological_target_phase,30,30,30,150,600,1.0,1.0,1.0,1.0,1.0
10000,ZJ-SMB,2025,sentinel2,__ALL_YEAR__,year,30,30,30,1806,5010,1.0,1.0,1.0,1.0,1.0
10000,ZJ-SMB,2026,landsat8,autumn_v0,v0_predeclared,30,30,29,29,30,1.0,1.0,1.0,1.0,1.0
10000,ZJ-SMB,2026,landsat8,summer_v0,v0_predeclared,30,30,30,30,82,1.0,1.0,1.0,1.0,1.0
10000,ZJ-SMB,2026,landsat8,autumn_primary_v1,biological_target_phase,30,30,29,29,30,1.0,1.0,1.0,1.0,1.0
10000,ZJ-SMB,2026,landsat8,early_season_v1,biological_target_phase,30,30,29,36,112,1.0,1.0,1.0,1.0,1.0
10000,ZJ-SMB,2026,landsat8,__ALL_YEAR__,year,30,30,30,199,441,1.0,1.0,1.0,1.0,1.0
10000,ZJ-SMB,2026,landsat9,autumn_v0,v0_predeclared,30,30,30,37,41,1.0,1.0,1.0,1.0,1.0
10000,ZJ-SMB,2026,landsat9,summer_v0,v0_predeclared,30,30,30,37,124,1.0,1.0,1.0,1.0,1.0
10000,ZJ-SMB,2026,landsat9,autumn_primary_v1,biological_target_phase,30,30,30,37,41,1.0,1.0,1.0,1.0,1.0
10000,ZJ-SMB,2026,landsat9,early_season_v1,biological_target_phase,30,30,7,7,53,1.0,1.0,1.0,1.0,1.0
10000,ZJ-SMB,2026,landsat9,__ALL_YEAR__,year,30,30,30,162,464,1.0,1.0,1.0,1.0,1.0
10000,ZJ-SMB,2026,sentinel2,autumn_v0,v0_predeclared,30,30,30,60,240,1.0,1.0,1.0,1.0,1.0
10000,ZJ-SMB,2026,sentinel2,summer_v0,v0_predeclared,30,30,30,210,930,1.0,1.0,1.0,1.0,1.0
10000,ZJ-SMB,2026,sentinel2,autumn_primary_v1,biological_target_phase,30,30,30,60,240,1.0,1.0,1.0,1.0,1.0
10000,ZJ-SMB,2026,sentinel2,early_season_v1,biological_target_phase,30,30,24,96,600,1.0,1.0,1.0,1.0,1.0
10000,ZJ-SMB,2026,sentinel2,__ALL_YEAR__,year,30,30,30,1080,3930,1.0,1.0,1.0,1.0,1.0
10000,ZJ-YQB,1985,landsat5,autumn_v0,v0_predeclared,16,16,0,0,13,1.0,1.0,1.0,1.0,1.0
10000,ZJ-YQB,1985,landsat5,summer_v0,v0_predeclared,16,16,9,9,39,1.0,1.0,1.0,1.0,1.0
10000,ZJ-YQB,1985,landsat5,autumn_primary_v1,biological_target_phase,16,16,0,0,13,1.0,1.0,1.0,1.0,1.0
10000,ZJ-YQB,1985,landsat5,early_season_v1,biological_target_phase,16,16,0,0,0,1.0,1.0,1.0,1.0,1.0
10000,ZJ-YQB,1985,landsat5,__ALL_YEAR__,year,16,16,16,34,81,1.0,1.0,1.0,1.0,1.0
10000,ZJ-YQB,1986,landsat5,autumn_v0,v0_predeclared,16,16,0,0,0,1.0,1.0,1.0,1.0,1.0
10000,ZJ-YQB,1986,landsat5,summer_v0,v0_predeclared,16,16,16,16,45,1.0,1.0,1.0,1.0,1.0
10000,ZJ-YQB,1986,landsat5,autumn_primary_v1,biological_target_phase,16,16,0,0,0,1.0,1.0,1.0,1.0,1.0
10000,ZJ-YQB,1986,landsat5,early_season_v1,biological_target_phase,16,16,0,0,0,1.0,1.0,1.0,1.0,1.0
10000,ZJ-YQB,1986,landsat5,__ALL_YEAR__,year,16,16,16,80,174,1.0,1.0,1.0,1.0,1.0
10000,ZJ-YQB,1987,landsat5,autumn_v0,v0_predeclared,16,16,16,16,29,1.0,1.0,1.0,1.0,1.0
10000,ZJ-YQB,1987,landsat5,summer_v0,v0_predeclared,16,16,16,19,48,1.0,1.0,1.0,1.0,1.0
10000,ZJ-YQB,1987,landsat5,autumn_primary_v1,biological_target_phase,16,16,16,19,45,1.0,1.0,1.0,1.0,1.0
10000,ZJ-YQB,1987,landsat5,early_season_v1,biological_target_phase,16,16,16,16,29,1.0,1.0,1.0,1.0,1.0
10000,ZJ-YQB,1987,landsat5,__ALL_YEAR__,year,16,16,16,85,260,1.0,1.0,1.0,1.0,1.0
10000,ZJ-YQB,1988,landsat5,autumn_v0,v0_predeclared,16,16,0,0,26,1.0,1.0,1.0,1.0,1.0
10000,ZJ-YQB,1988,landsat5,summer_v0,v0_predeclared,16,16,16,57,61,1.0,1.0,1.0,1.0,1.0
10000,ZJ-YQB,1988,landsat5,autumn_primary_v1,biological_target_phase,16,16,3,3,42,1.0,1.0,1.0,1.0,1.0
10000,ZJ-YQB,1988,landsat5,early_season_v1,biological_target_phase,16,16,0,0,32,1.0,1.0,1.0,1.0,1.0
10000,ZJ-YQB,1988,landsat5,__ALL_YEAR__,year,16,16,16,111,228,1.0,1.0,1.0,1.0,1.0
10000,ZJ-YQB,1989,landsat5,autumn_v0,v0_predeclared,16,16,3,6,45,1.0,1.0,1.0,1.0,1.0
10000,ZJ-YQB,1989,landsat5,summer_v0,v0_predeclared,16,16,0,0,32,1.0,1.0,1.0,1.0,1.0
10000,ZJ-YQB,1989,landsat5,autumn_primary_v1,biological_target_phase,16,16,3,6,61,1.0,1.0,1.0,1.0,1.0
10000,ZJ-YQB,1989,landsat5,early_season_v1,biological_target_phase,16,16,0,0,32,1.0,1.0,1.0,1.0,1.0
10000,ZJ-YQB,1989,landsat5,__ALL_YEAR__,year,16,16,16,57,218,1.0,1.0,1.0,1.0,1.0
10000,ZJ-YQB,1990,landsat5,autumn_v0,v0_predeclared,16,16,9,9,13,1.0,1.0,1.0,1.0,1.0
10000,ZJ-YQB,1990,landsat5,summer_v0,v0_predeclared,16,16,3,6,48,1.0,1.0,1.0,1.0,1.0
10000,ZJ-YQB,1990,landsat5,autumn_primary_v1,biological_target_phase,16,16,9,9,26,1.0,1.0,1.0,1.0,1.0
10000,ZJ-YQB,1990,landsat5,early_season_v1,biological_target_phase,16,16,16,16,42,1.0,1.0,1.0,1.0,1.0
10000,ZJ-YQB,1990,landsat5,__ALL_YEAR__,year,16,16,16,82,212,1.0,1.0,1.0,1.0,1.0
10000,ZJ-YQB,1991,landsat5,autumn_v0,v0_predeclared,16,16,9,9,29,1.0,1.0,1.0,1.0,1.0
10000,ZJ-YQB,1991,landsat5,summer_v0,v0_predeclared,16,16,16,19,45,1.0,1.0,1.0,1.0,1.0
10000,ZJ-YQB,1991,landsat5,autumn_primary_v1,biological_target_phase,16,16,9,9,42,1.0,1.0,1.0,1.0,1.0
10000,ZJ-YQB,1991,landsat5,early_season_v1,biological_target_phase,16,16,0,0,0,1.0,1.0,1.0,1.0,1.0
10000,ZJ-YQB,1991,landsat5,__ALL_YEAR__,year,16,16,16,82,241,1.0,1.0,1.0,1.0,1.0
10000,ZJ-YQB,1992,landsat5,autumn_v0,v0_predeclared,16,16,16,19,48,1.0,1.0,1.0,1.0,1.0
10000,ZJ-YQB,1992,landsat5,summer_v0,v0_predeclared,16,16,16,25,42,1.0,1.0,1.0,1.0,1.0
10000,ZJ-YQB,1992,landsat5,autumn_primary_v1,biological_target_phase,16,16,16,19,48,1.0,1.0,1.0,1.0,1.0
10000,ZJ-YQB,1992,landsat5,early_season_v1,biological_target_phase,16,16,16,16,16,1.0,1.0,1.0,1.0,1.0
10000,ZJ-YQB,1992,landsat5,__ALL_YEAR__,year,16,16,16,123,225,1.0,1.0,1.0,1.0,1.0
10000,ZJ-YQB,1993,landsat5,autumn_v0,v0_predeclared,16,16,0,0,0,1.0,1.0,1.0,1.0,1.0
10000,ZJ-YQB,1993,landsat5,summer_v0,v0_predeclared,16,16,16,16,55,1.0,1.0,1.0,1.0,1.0
10000,ZJ-YQB,1993,landsat5,autumn_primary_v1,biological_target_phase,16,16,0,0,16,1.0,1.0,1.0,1.0,1.0
10000,ZJ-YQB,1993,landsat5,early_season_v1,biological_target_phase,16,16,0,0,0,1.0,1.0,1.0,1.0,1.0
10000,ZJ-YQB,1993,landsat5,__ALL_YEAR__,year,16,16,16,70,209,1.0,1.0,1.0,1.0,1.0
10000,ZJ-YQB,1994,landsat5,autumn_v0,v0_predeclared,16,16,16,22,48,1.0,1.0,1.0,1.0,1.0
10000,ZJ-YQB,1994,landsat5,summer_v0,v0_predeclared,16,16,16,16,61,1.0,1.0,1.0,1.0,1.0
10000,ZJ-YQB,1994,landsat5,autumn_primary_v1,biological_target_phase,16,16,16,22,61,1.0,1.0,1.0,1.0,1.0
10000,ZJ-YQB,1994,landsat5,early_season_v1,biological_target_phase,16,16,16,16,16,1.0,1.0,1.0,1.0,1.0
10000,ZJ-YQB,1994,landsat5,__ALL_YEAR__,year,16,16,16,76,244,1.0,1.0,1.0,1.0,1.0
10000,ZJ-YQB,1995,landsat5,autumn_v0,v0_predeclared,16,16,0,0,0,1.0,1.0,1.0,1.0,1.0
10000,ZJ-YQB,1995,landsat5,summer_v0,v0_predeclared,16,16,3,3,45,1.0,1.0,1.0,1.0,1.0
10000,ZJ-YQB,1995,landsat5,autumn_primary_v1,biological_target_phase,16,16,16,16,16,1.0,1.0,1.0,1.0,1.0
10000,ZJ-YQB,1995,landsat5,early_season_v1,biological_target_phase,16,16,3,3,32,1.0,1.0,1.0,1.0,1.0
10000,ZJ-YQB,1995,landsat5,__ALL_YEAR__,year,16,16,16,92,221,1.0,1.0,1.0,1.0,1.0
10000,ZJ-YQB,1996,landsat5,autumn_v0,v0_predeclared,16,16,16,19,32,1.0,1.0,1.0,1.0,1.0
10000,ZJ-YQB,1996,landsat5,summer_v0,v0_predeclared,16,16,16,16,64,1.0,1.0,1.0,1.0,1.0
10000,ZJ-YQB,1996,landsat5,autumn_primary_v1,biological_target_phase,16,16,16,19,32,1.0,1.0,1.0,1.0,1.0
10000,ZJ-YQB,1996,landsat5,early_season_v1,biological_target_phase,16,16,3,3,16,1.0,1.0,1.0,1.0,1.0
10000,ZJ-YQB,1996,landsat5,__ALL_YEAR__,year,16,16,16,60,234,1.0,1.0,1.0,1.0,1.0
10000,ZJ-YQB,1997,landsat5,autumn_v0,v0_predeclared,16,16,16,32,32,1.0,1.0,1.0,1.0,1.0
10000,ZJ-YQB,1997,landsat5,summer_v0,v0_predeclared,16,16,3,3,32,1.0,1.0,1.0,1.0,1.0
10000,ZJ-YQB,1997,landsat5,autumn_primary_v1,biological_target_phase,16,16,16,41,45,1.0,1.0,1.0,1.0,1.0
10000,ZJ-YQB,1997,landsat5,early_season_v1,biological_target_phase,16,16,0,0,32,1.0,1.0,1.0,1.0,1.0
10000,ZJ-YQB,1997,landsat5,__ALL_YEAR__,year,16,16,16,72,257,1.0,1.0,1.0,1.0,1.0
10000,ZJ-YQB,1998,landsat5,autumn_v0,v0_predeclared,16,16,3,3,32,1.0,1.0,1.0,1.0,1.0
10000,ZJ-YQB,1998,landsat5,summer_v0,v0_predeclared,16,16,16,19,45,1.0,1.0,1.0,1.0,1.0
10000,ZJ-YQB,1998,landsat5,autumn_primary_v1,biological_target_phase,16,16,16,19,48,1.0,1.0,1.0,1.0,1.0
10000,ZJ-YQB,1998,landsat5,early_season_v1,biological_target_phase,16,16,0,0,16,1.0,1.0,1.0,1.0,1.0
10000,ZJ-YQB,1998,landsat5,__ALL_YEAR__,year,16,16,16,78,231,1.0,1.0,1.0,1.0,1.0
10000,ZJ-YQB,1999,landsat5,autumn_v0,v0_predeclared,16,16,16,16,29,1.0,1.0,1.0,1.0,1.0
10000,ZJ-YQB,1999,landsat5,summer_v0,v0_predeclared,16,16,3,3,45,1.0,1.0,1.0,1.0,1.0
10000,ZJ-YQB,1999,landsat5,autumn_primary_v1,biological_target_phase,16,16,16,16,29,1.0,1.0,1.0,1.0,1.0
10000,ZJ-YQB,1999,landsat5,early_season_v1,biological_target_phase,16,16,0,0,16,1.0,1.0,1.0,1.0,1.0
10000,ZJ-YQB,1999,landsat5,__ALL_YEAR__,year,16,16,16,65,241,1.0,1.0,1.0,1.0,1.0
10000,ZJ-YQB,1999,landsat7,autumn_v0,v0_predeclared,16,16,16,16,16,1.0,1.0,1.0,1.0,1.0
10000,ZJ-YQB,1999,landsat7,summer_v0,v0_predeclared,16,16,0,0,0,1.0,1.0,1.0,1.0,1.0
10000,ZJ-YQB,1999,landsat7,autumn_primary_v1,biological_target_phase,16,16,16,16,16,1.0,1.0,1.0,1.0,1.0
10000,ZJ-YQB,1999,landsat7,early_season_v1,biological_target_phase,16,16,0,0,0,1.0,1.0,1.0,1.0,1.0
10000,ZJ-YQB,1999,landsat7,__ALL_YEAR__,year,16,16,16,32,45,1.0,1.0,1.0,1.0,1.0
10000,ZJ-YQB,2000,landsat5,autumn_v0,v0_predeclared,16,16,0,0,48,1.0,1.0,1.0,1.0,1.0
10000,ZJ-YQB,2000,landsat5,summer_v0,v0_predeclared,16,16,3,3,61,1.0,1.0,1.0,1.0,1.0
10000,ZJ-YQB,2000,landsat5,autumn_primary_v1,biological_target_phase,16,16,0,0,48,1.0,1.0,1.0,1.0,1.0
10000,ZJ-YQB,2000,landsat5,early_season_v1,biological_target_phase,16,16,0,0,48,1.0,1.0,1.0,1.0,1.0
10000,ZJ-YQB,2000,landsat5,__ALL_YEAR__,year,16,16,16,41,266,1.0,1.0,1.0,1.0,1.0
10000,ZJ-YQB,2000,landsat7,autumn_v0,v0_predeclared,16,16,16,16,42,1.0,1.0,1.0,1.0,1.0
10000,ZJ-YQB,2000,landsat7,summer_v0,v0_predeclared,16,16,16,19,48,1.0,1.0,1.0,1.0,1.0
10000,ZJ-YQB,2000,landsat7,autumn_primary_v1,biological_target_phase,16,16,16,16,55,1.0,1.0,1.0,1.0,1.0
10000,ZJ-YQB,2000,landsat7,early_season_v1,biological_target_phase,16,16,16,19,32,1.0,1.0,1.0,1.0,1.0
10000,ZJ-YQB,2000,landsat7,__ALL_YEAR__,year,16,16,16,111,276,1.0,1.0,1.0,1.0,1.0
10000,ZJ-YQB,2001,landsat5,autumn_v0,v0_predeclared,16,16,16,16,29,1.0,1.0,1.0,1.0,1.0
10000,ZJ-YQB,2001,landsat5,summer_v0,v0_predeclared,16,16,16,16,48,1.0,1.0,1.0,1.0,1.0
10000,ZJ-YQB,2001,landsat5,autumn_primary_v1,biological_target_phase,16,16,16,32,45,1.0,1.0,1.0,1.0,1.0
10000,ZJ-YQB,2001,landsat5,early_season_v1,biological_target_phase,16,16,16,16,29,1.0,1.0,1.0,1.0,1.0
10000,ZJ-YQB,2001,landsat5,__ALL_YEAR__,year,16,16,16,128,238,1.0,1.0,1.0,1.0,1.0
10000,ZJ-YQB,2001,landsat7,autumn_v0,v0_predeclared,16,16,0,0,48,1.0,1.0,1.0,1.0,1.0
10000,ZJ-YQB,2001,landsat7,summer_v0,v0_predeclared,16,16,16,19,64,1.0,1.0,1.0,1.0,1.0
10000,ZJ-YQB,2001,landsat7,autumn_primary_v1,biological_target_phase,16,16,0,0,64,1.0,1.0,1.0,1.0,1.0
10000,ZJ-YQB,2001,landsat7,early_season_v1,biological_target_phase,16,16,0,0,32,1.0,1.0,1.0,1.0,1.0
10000,ZJ-YQB,2001,landsat7,__ALL_YEAR__,year,16,16,16,102,317,1.0,1.0,1.0,1.0,1.0
10000,ZJ-YQB,2002,landsat5,autumn_v0,v0_predeclared,16,16,16,16,32,1.0,1.0,1.0,1.0,1.0
10000,ZJ-YQB,2002,landsat5,summer_v0,v0_predeclared,16,16,16,32,32,1.0,1.0,1.0,1.0,1.0
10000,ZJ-YQB,2002,landsat5,autumn_primary_v1,biological_target_phase,16,16,16,16,32,1.0,1.0,1.0,1.0,1.0
10000,ZJ-YQB,2002,landsat5,early_season_v1,biological_target_phase,16,16,0,0,0,1.0,1.0,1.0,1.0,1.0
10000,ZJ-YQB,2002,landsat5,__ALL_YEAR__,year,16,16,16,96,157,1.0,1.0,1.0,1.0,1.0
10000,ZJ-YQB,2002,landsat7,autumn_v0,v0_predeclared,16,16,3,3,29,1.0,1.0,1.0,1.0,1.0
10000,ZJ-YQB,2002,landsat7,summer_v0,v0_predeclared,16,16,0,0,32,1.0,1.0,1.0,1.0,1.0
10000,ZJ-YQB,2002,landsat7,autumn_primary_v1,biological_target_phase,16,16,16,19,45,1.0,1.0,1.0,1.0,1.0
10000,ZJ-YQB,2002,landsat7,early_season_v1,biological_target_phase,16,16,0,0,29,1.0,1.0,1.0,1.0,1.0
10000,ZJ-YQB,2002,landsat7,__ALL_YEAR__,year,16,16,16,86,257,1.0,1.0,1.0,1.0,1.0
10000,ZJ-YQB,2003,landsat5,autumn_v0,v0_predeclared,16,16,16,16,32,1.0,1.0,1.0,1.0,1.0
10000,ZJ-YQB,2003,landsat5,summer_v0,v0_predeclared,16,16,0,0,48,1.0,1.0,1.0,1.0,1.0
10000,ZJ-YQB,2003,landsat5,autumn_primary_v1,biological_target_phase,16,16,16,16,32,1.0,1.0,1.0,1.0,1.0
10000,ZJ-YQB,2003,landsat5,early_season_v1,biological_target_phase,16,16,16,16,16,1.0,1.0,1.0,1.0,1.0
10000,ZJ-YQB,2003,landsat5,__ALL_YEAR__,year,16,16,16,80,221,1.0,1.0,1.0,1.0,1.0
10000,ZJ-YQB,2003,landsat7,autumn_v0,v0_predeclared,16,16,16,32,32,1.0,1.0,1.0,1.0,1.0
10000,ZJ-YQB,2003,landsat7,summer_v0,v0_predeclared,16,16,16,16,16,1.0,1.0,1.0,1.0,1.0
10000,ZJ-YQB,2003,landsat7,autumn_primary_v1,biological_target_phase,16,16,16,35,48,1.0,1.0,1.0,1.0,1.0
10000,ZJ-YQB,2003,landsat7,early_season_v1,biological_target_phase,16,16,16,16,32,1.0,1.0,1.0,1.0,1.0
10000,ZJ-YQB,2003,landsat7,__ALL_YEAR__,year,16,16,16,115,170,1.0,1.0,1.0,1.0,1.0
10000,ZJ-YQB,2004,landsat5,autumn_v0,v0_predeclared,16,16,0,0,29,1.0,1.0,1.0,1.0,1.0
10000,ZJ-YQB,2004,landsat5,summer_v0,v0_predeclared,16,16,0,0,29,1.0,1.0,1.0,1.0,1.0
10000,ZJ-YQB,2004,landsat5,autumn_primary_v1,biological_target_phase,16,16,9,9,42,1.0,1.0,1.0,1.0,1.0
10000,ZJ-YQB,2004,landsat5,early_season_v1,biological_target_phase,16,16,0,0,16,1.0,1.0,1.0,1.0,1.0
10000,ZJ-YQB,2004,landsat5,__ALL_YEAR__,year,16,16,16,73,247,1.0,1.0,1.0,1.0,1.0
10000,ZJ-YQB,2004,landsat7,autumn_v0,v0_predeclared,16,16,16,48,48,1.0,1.0,1.0,1.0,1.0
10000,ZJ-YQB,2004,landsat7,summer_v0,v0_predeclared,16,16,16,22,61,1.0,1.0,1.0,1.0,1.0
10000,ZJ-YQB,2004,landsat7,autumn_primary_v1,biological_target_phase,16,16,16,48,48,1.0,1.0,1.0,1.0,1.0
10000,ZJ-YQB,2004,landsat7,early_season_v1,biological_target_phase,16,16,0,0,29,1.0,1.0,1.0,1.0,1.0
10000,ZJ-YQB,2004,landsat7,__ALL_YEAR__,year,16,16,16,105,250,1.0,1.0,1.0,1.0,1.0
10000,ZJ-YQB,2005,landsat5,autumn_v0,v0_predeclared,16,16,0,0,29,1.0,1.0,1.0,1.0,1.0
10000,ZJ-YQB,2005,landsat5,summer_v0,v0_predeclared,16,16,16,16,45,1.0,1.0,1.0,1.0,1.0
10000,ZJ-YQB,2005,landsat5,autumn_primary_v1,biological_target_phase,16,16,3,3,45,1.0,1.0,1.0,1.0,1.0
10000,ZJ-YQB,2005,landsat5,early_season_v1,biological_target_phase,16,16,0,0,13,1.0,1.0,1.0,1.0,1.0
10000,ZJ-YQB,2005,landsat5,__ALL_YEAR__,year,16,16,16,38,193,1.0,1.0,1.0,1.0,1.0
10000,ZJ-YQB,2005,landsat7,autumn_v0,v0_predeclared,16,16,16,16,29,1.0,1.0,1.0,1.0,1.0
10000,ZJ-YQB,2005,landsat7,summer_v0,v0_predeclared,16,16,16,16,32,1.0,1.0,1.0,1.0,1.0
10000,ZJ-YQB,2005,landsat7,autumn_primary_v1,biological_target_phase,16,16,16,16,29,1.0,1.0,1.0,1.0,1.0
10000,ZJ-YQB,2005,landsat7,early_season_v1,biological_target_phase,16,16,3,3,29,1.0,1.0,1.0,1.0,1.0
10000,ZJ-YQB,2005,landsat7,__ALL_YEAR__,year,16,16,16,75,254,1.0,1.0,1.0,1.0,1.0
10000,ZJ-YQB,2006,landsat5,autumn_v0,v0_predeclared,16,16,16,22,48,1.0,1.0,1.0,1.0,1.0
10000,ZJ-YQB,2006,landsat5,summer_v0,v0_predeclared,16,16,6,6,48,1.0,1.0,1.0,1.0,1.0
10000,ZJ-YQB,2006,landsat5,autumn_primary_v1,biological_target_phase,16,16,16,22,61,1.0,1.0,1.0,1.0,1.0
10000,ZJ-YQB,2006,landsat5,early_season_v1,biological_target_phase,16,16,0,0,16,1.0,1.0,1.0,1.0,1.0
10000,ZJ-YQB,2006,landsat5,__ALL_YEAR__,year,16,16,16,76,234,1.0,1.0,1.0,1.0,1.0
10000,ZJ-YQB,2006,landsat7,autumn_v0,v0_predeclared,16,16,16,32,48,1.0,1.0,1.0,1.0,1.0
10000,ZJ-YQB,2006,landsat7,summer_v0,v0_predeclared,16,16,0,0,0,1.0,1.0,1.0,1.0,1.0
10000,ZJ-YQB,2006,landsat7,autumn_primary_v1,biological_target_phase,16,16,16,35,64,1.0,1.0,1.0,1.0,1.0
10000,ZJ-YQB,2006,landsat7,early_season_v1,biological_target_phase,16,16,0,0,13,1.0,1.0,1.0,1.0,1.0
10000,ZJ-YQB,2006,landsat7,__ALL_YEAR__,year,16,16,16,73,209,1.0,1.0,1.0,1.0,1.0
10000,ZJ-YQB,2007,landsat5,autumn_v0,v0_predeclared,16,16,0,0,16,1.0,1.0,1.0,1.0,1.0
10000,ZJ-YQB,2007,landsat5,summer_v0,v0_predeclared,16,16,16,19,61,1.0,1.0,1.0,1.0,1.0
10000,ZJ-YQB,2007,landsat5,autumn_primary_v1,biological_target_phase,16,16,0,0,16,1.0,1.0,1.0,1.0,1.0
10000,ZJ-YQB,2007,landsat5,early_season_v1,biological_target_phase,16,16,9,12,29,1.0,1.0,1.0,1.0,1.0
10000,ZJ-YQB,2007,landsat5,__ALL_YEAR__,year,16,16,16,66,231,1.0,1.0,1.0,1.0,1.0
10000,ZJ-YQB,2007,landsat7,autumn_v0,v0_predeclared,16,16,0,0,16,1.0,1.0,1.0,1.0,1.0
10000,ZJ-YQB,2007,landsat7,summer_v0,v0_predeclared,16,16,0,0,0,1.0,1.0,1.0,1.0,1.0
10000,ZJ-YQB,2007,landsat7,autumn_primary_v1,biological_target_phase,16,16,3,3,32,1.0,1.0,1.0,1.0,1.0
10000,ZJ-YQB,2007,landsat7,early_season_v1,biological_target_phase,16,16,16,25,29,1.0,1.0,1.0,1.0,1.0
10000,ZJ-YQB,2007,landsat7,__ALL_YEAR__,year,16,16,16,85,225,1.0,1.0,1.0,1.0,1.0
10000,ZJ-YQB,2008,landsat5,autumn_v0,v0_predeclared,16,16,16,16,32,1.0,1.0,1.0,1.0,1.0
10000,ZJ-YQB,2008,landsat5,summer_v0,v0_predeclared,16,16,16,16,32,1.0,1.0,1.0,1.0,1.0
10000,ZJ-YQB,2008,landsat5,autumn_primary_v1,biological_target_phase,16,16,16,16,32,1.0,1.0,1.0,1.0,1.0
10000,ZJ-YQB,2008,landsat5,early_season_v1,biological_target_phase,16,16,16,32,48,1.0,1.0,1.0,1.0,1.0
10000,ZJ-YQB,2008,landsat5,__ALL_YEAR__,year,16,16,16,102,224,1.0,1.0,1.0,1.0,1.0
10000,ZJ-YQB,2008,landsat7,autumn_v0,v0_predeclared,16,16,16,16,45,1.0,1.0,1.0,1.0,1.0
10000,ZJ-YQB,2008,landsat7,summer_v0,v0_predeclared,16,16,16,22,64,1.0,1.0,1.0,1.0,1.0
10000,ZJ-YQB,2008,landsat7,autumn_primary_v1,biological_target_phase,16,16,16,32,61,1.0,1.0,1.0,1.0,1.0
10000,ZJ-YQB,2008,landsat7,early_season_v1,biological_target_phase,16,16,0,0,29,1.0,1.0,1.0,1.0,1.0
10000,ZJ-YQB,2008,landsat7,__ALL_YEAR__,year,16,16,16,95,279,1.0,1.0,1.0,1.0,1.0
10000,ZJ-YQB,2009,landsat5,autumn_v0,v0_predeclared,16,16,16,16,42,1.0,1.0,1.0,1.0,1.0
10000,ZJ-YQB,2009,landsat5,summer_v0,v0_predeclared,16,16,16,19,45,1.0,1.0,1.0,1.0,1.0
10000,ZJ-YQB,2009,landsat5,autumn_primary_v1,biological_target_phase,16,16,16,19,58,1.0,1.0,1.0,1.0,1.0
10000,ZJ-YQB,2009,landsat5,early_season_v1,biological_target_phase,16,16,16,22,48,1.0,1.0,1.0,1.0,1.0
10000,ZJ-YQB,2009,landsat5,__ALL_YEAR__,year,16,16,16,92,228,1.0,1.0,1.0,1.0,1.0
10000,ZJ-YQB,2009,landsat7,autumn_v0,v0_predeclared,16,16,16,16,32,1.0,1.0,1.0,1.0,1.0
10000,ZJ-YQB,2009,landsat7,summer_v0,v0_predeclared,16,16,9,12,29,1.0,1.0,1.0,1.0,1.0
10000,ZJ-YQB,2009,landsat7,autumn_primary_v1,biological_target_phase,16,16,16,16,48,1.0,1.0,1.0,1.0,1.0
10000,ZJ-YQB,2009,landsat7,early_season_v1,biological_target_phase,16,16,3,3,42,1.0,1.0,1.0,1.0,1.0
10000,ZJ-YQB,2009,landsat7,__ALL_YEAR__,year,16,16,16,79,209,1.0,1.0,1.0,1.0,1.0
10000,ZJ-YQB,2010,landsat5,autumn_v0,v0_predeclared,16,16,16,16,16,1.0,1.0,1.0,1.0,1.0
10000,ZJ-YQB,2010,landsat5,summer_v0,v0_predeclared,16,16,6,6,32,1.0,1.0,1.0,1.0,1.0
10000,ZJ-YQB,2010,landsat5,autumn_primary_v1,biological_target_phase,16,16,16,32,32,1.0,1.0,1.0,1.0,1.0
10000,ZJ-YQB,2010,landsat5,early_season_v1,biological_target_phase,16,16,16,16,32,1.0,1.0,1.0,1.0,1.0
10000,ZJ-YQB,2010,landsat5,__ALL_YEAR__,year,16,16,16,105,202,1.0,1.0,1.0,1.0,1.0
10000,ZJ-YQB,2010,landsat7,autumn_v0,v0_predeclared,16,16,16,16,29,1.0,1.0,1.0,1.0,1.0
10000,ZJ-YQB,2010,landsat7,summer_v0,v0_predeclared,16,16,3,3,16,1.0,1.0,1.0,1.0,1.0
10000,ZJ-YQB,2010,landsat7,autumn_primary_v1,biological_target_phase,16,16,16,16,29,1.0,1.0,1.0,1.0,1.0
10000,ZJ-YQB,2010,landsat7,early_season_v1,biological_target_phase,16,16,16,16,29,1.0,1.0,1.0,1.0,1.0
10000,ZJ-YQB,2010,landsat7,__ALL_YEAR__,year,16,16,16,111,241,1.0,1.0,1.0,1.0,1.0
10000,ZJ-YQB,2011,landsat5,autumn_v0,v0_predeclared,16,16,3,3,16,1.0,1.0,1.0,1.0,1.0
10000,ZJ-YQB,2011,landsat5,summer_v0,v0_predeclared,16,16,16,16,29,1.0,1.0,1.0,1.0,1.0
10000,ZJ-YQB,2011,landsat5,autumn_primary_v1,biological_target_phase,16,16,6,6,32,1.0,1.0,1.0,1.0,1.0
10000,ZJ-YQB,2011,landsat5,early_season_v1,biological_target_phase,16,16,3,3,16,1.0,1.0,1.0,1.0,1.0
10000,ZJ-YQB,2011,landsat5,__ALL_YEAR__,year,16,16,16,44,170,1.0,1.0,1.0,1.0,1.0
10000,ZJ-YQB,2011,landsat7,autumn_v0,v0_predeclared,16,16,6,6,32,1.0,1.0,1.0,1.0,1.0
10000,ZJ-YQB,2011,landsat7,summer_v0,v0_predeclared,16,16,9,9,13,1.0,1.0,1.0,1.0,1.0
10000,ZJ-YQB,2011,landsat7,autumn_primary_v1,biological_target_phase,16,16,6,6,32,1.0,1.0,1.0,1.0,1.0
10000,ZJ-YQB,2011,landsat7,early_season_v1,biological_target_phase,16,16,0,0,0,1.0,1.0,1.0,1.0,1.0
10000,ZJ-YQB,2011,landsat7,__ALL_YEAR__,year,16,16,16,127,202,1.0,1.0,1.0,1.0,1.0
10000,ZJ-YQB,2012,landsat7,autumn_v0,v0_predeclared,16,16,16,22,48,1.0,1.0,1.0,1.0,1.0
10000,ZJ-YQB,2012,landsat7,summer_v0,v0_predeclared,16,16,0,0,13,1.0,1.0,1.0,1.0,1.0
10000,ZJ-YQB,2012,landsat7,autumn_primary_v1,biological_target_phase,16,16,16,25,64,1.0,1.0,1.0,1.0,1.0
10000,ZJ-YQB,2012,landsat7,early_season_v1,biological_target_phase,16,16,3,3,32,1.0,1.0,1.0,1.0,1.0
10000,ZJ-YQB,2012,landsat7,__ALL_YEAR__,year,16,16,16,79,244,1.0,1.0,1.0,1.0,1.0
10000,ZJ-YQB,2013,landsat7,autumn_v0,v0_predeclared,16,16,16,16,45,1.0,1.0,1.0,1.0,1.0
10000,ZJ-YQB,2013,landsat7,summer_v0,v0_predeclared,16,16,9,9,26,1.0,1.0,1.0,1.0,1.0
10000,ZJ-YQB,2013,landsat7,autumn_primary_v1,biological_target_phase,16,16,16,16,61,1.0,1.0,1.0,1.0,1.0
10000,ZJ-YQB,2013,landsat7,early_season_v1,biological_target_phase,16,16,3,3,16,1.0,1.0,1.0,1.0,1.0
10000,ZJ-YQB,2013,landsat7,__ALL_YEAR__,year,16,16,16,111,231,1.0,1.0,1.0,1.0,1.0
10000,ZJ-YQB,2013,landsat8,autumn_v0,v0_predeclared,16,16,16,16,32,1.0,1.0,1.0,1.0,1.0
10000,ZJ-YQB,2013,landsat8,summer_v0,v0_predeclared,16,16,6,6,61,1.0,1.0,1.0,1.0,1.0
10000,ZJ-YQB,2013,landsat8,autumn_primary_v1,biological_target_phase,16,16,16,16,32,1.0,1.0,1.0,1.0,1.0
10000,ZJ-YQB,2013,landsat8,early_season_v1,biological_target_phase,16,16,3,3,32,1.0,1.0,1.0,1.0,1.0
10000,ZJ-YQB,2013,landsat8,__ALL_YEAR__,year,16,16,16,76,221,1.0,1.0,1.0,1.0,1.0
10000,ZJ-YQB,2014,landsat7,autumn_v0,v0_predeclared,16,16,16,19,32,1.0,1.0,1.0,1.0,1.0
10000,ZJ-YQB,2014,landsat7,summer_v0,v0_predeclared,16,16,0,0,45,1.0,1.0,1.0,1.0,1.0
10000,ZJ-YQB,2014,landsat7,autumn_primary_v1,biological_target_phase,16,16,16,19,45,1.0,1.0,1.0,1.0,1.0
10000,ZJ-YQB,2014,landsat7,early_season_v1,biological_target_phase,16,16,0,0,29,1.0,1.0,1.0,1.0,1.0
10000,ZJ-YQB,2014,landsat7,__ALL_YEAR__,year,16,16,16,73,279,1.0,1.0,1.0,1.0,1.0
10000,ZJ-YQB,2014,landsat8,autumn_v0,v0_predeclared,16,16,6,9,48,1.0,1.0,1.0,1.0,1.0
10000,ZJ-YQB,2014,landsat8,summer_v0,v0_predeclared,16,16,16,19,48,1.0,1.0,1.0,1.0,1.0
10000,ZJ-YQB,2014,landsat8,autumn_primary_v1,biological_target_phase,16,16,16,25,64,1.0,1.0,1.0,1.0,1.0
10000,ZJ-YQB,2014,landsat8,early_season_v1,biological_target_phase,16,16,0,0,16,1.0,1.0,1.0,1.0,1.0
10000,ZJ-YQB,2014,landsat8,__ALL_YEAR__,year,16,16,16,127,298,1.0,1.0,1.0,1.0,1.0
10000,ZJ-YQB,2015,landsat7,autumn_v0,v0_predeclared,16,16,3,3,29,1.0,1.0,1.0,1.0,1.0
10000,ZJ-YQB,2015,landsat7,summer_v0,v0_predeclared,16,16,16,16,45,1.0,1.0,1.0,1.0,1.0
10000,ZJ-YQB,2015,landsat7,autumn_primary_v1,biological_target_phase,16,16,3,3,42,1.0,1.0,1.0,1.0,1.0
10000,ZJ-YQB,2015,landsat7,early_season_v1,biological_target_phase,16,16,3,3,32,1.0,1.0,1.0,1.0,1.0
10000,ZJ-YQB,2015,landsat7,__ALL_YEAR__,year,16,16,16,44,261,1.0,1.0,1.0,1.0,1.0
10000,ZJ-YQB,2015,landsat8,autumn_v0,v0_predeclared,16,16,0,0,16,1.0,1.0,1.0,1.0,1.0
10000,ZJ-YQB,2015,landsat8,summer_v0,v0_predeclared,16,16,3,3,32,1.0,1.0,1.0,1.0,1.0
10000,ZJ-YQB,2015,landsat8,autumn_primary_v1,biological_target_phase,16,16,0,0,32,1.0,1.0,1.0,1.0,1.0
10000,ZJ-YQB,2015,landsat8,early_season_v1,biological_target_phase,16,16,3,3,32,1.0,1.0,1.0,1.0,1.0
10000,ZJ-YQB,2015,landsat8,__ALL_YEAR__,year,16,16,16,63,282,1.0,1.0,1.0,1.0,1.0
10000,ZJ-YQB,2015,sentinel1,autumn_v0,v0_predeclared,16,15,9,18,36,0.9532,1.0,1.0,1.0,1.0
10000,ZJ-YQB,2015,sentinel1,summer_v0,v0_predeclared,16,15,9,19,42,0.9532,1.0,1.0,1.0,1.0
10000,ZJ-YQB,2015,sentinel1,autumn_primary_v1,biological_target_phase,16,15,9,24,47,0.9532,1.0,1.0,1.0,1.0
10000,ZJ-YQB,2015,sentinel1,early_season_v1,biological_target_phase,16,15,9,10,21,0.9532,1.0,1.0,1.0,1.0
10000,ZJ-YQB,2015,sentinel1,__ALL_YEAR__,year,16,15,9,135,272,0.9532,1.0,1.0,1.0,1.0
10000,ZJ-YQB,2016,landsat7,autumn_v0,v0_predeclared,16,16,0,0,32,1.0,1.0,1.0,1.0,1.0
10000,ZJ-YQB,2016,landsat7,summer_v0,v0_predeclared,16,16,16,16,29,1.0,1.0,1.0,1.0,1.0
10000,ZJ-YQB,2016,landsat7,autumn_primary_v1,biological_target_phase,16,16,0,0,32,1.0,1.0,1.0,1.0,1.0
10000,ZJ-YQB,2016,landsat7,early_season_v1,biological_target_phase,16,16,0,0,13,1.0,1.0,1.0,1.0,1.0
10000,ZJ-YQB,2016,landsat7,__ALL_YEAR__,year,16,16,16,44,219,1.0,1.0,1.0,1.0,1.0
10000,ZJ-YQB,2016,landsat8,autumn_v0,v0_predeclared,16,16,0,0,42,1.0,1.0,1.0,1.0,1.0
10000,ZJ-YQB,2016,landsat8,summer_v0,v0_predeclared,16,16,16,19,45,1.0,1.0,1.0,1.0,1.0
10000,ZJ-YQB,2016,landsat8,autumn_primary_v1,biological_target_phase,16,16,0,0,42,1.0,1.0,1.0,1.0,1.0
10000,ZJ-YQB,2016,landsat8,early_season_v1,biological_target_phase,16,16,3,3,32,1.0,1.0,1.0,1.0,1.0
10000,ZJ-YQB,2016,landsat8,__ALL_YEAR__,year,16,16,16,50,247,1.0,1.0,1.0,1.0,1.0
10000,ZJ-YQB,2016,sentinel1,autumn_v0,v0_predeclared,16,15,9,36,72,1.0,1.0,1.0,1.0,1.0
10000,ZJ-YQB,2016,sentinel1,summer_v0,v0_predeclared,16,15,9,24,47,1.0,1.0,1.0,1.0,1.0
10000,ZJ-YQB,2016,sentinel1,autumn_primary_v1,biological_target_phase,16,15,9,45,90,1.0,1.0,1.0,1.0,1.0
10000,ZJ-YQB,2016,sentinel1,early_season_v1,biological_target_phase,16,15,9,27,51,1.0,1.0,1.0,1.0,1.0
10000,ZJ-YQB,2016,sentinel1,__ALL_YEAR__,year,16,15,9,204,401,1.0,1.0,1.0,1.0,1.0
10000,ZJ-YQB,2017,landsat7,autumn_v0,v0_predeclared,16,16,16,16,45,1.0,1.0,1.0,1.0,1.0
10000,ZJ-YQB,2017,landsat7,summer_v0,v0_predeclared,16,16,0,0,45,1.0,1.0,1.0,1.0,1.0
10000,ZJ-YQB,2017,landsat7,autumn_primary_v1,biological_target_phase,16,16,16,19,61,1.0,1.0,1.0,1.0,1.0
10000,ZJ-YQB,2017,landsat7,early_season_v1,biological_target_phase,16,16,0,0,16,1.0,1.0,1.0,1.0,1.0
10000,ZJ-YQB,2017,landsat7,__ALL_YEAR__,year,16,16,16,79,234,1.0,1.0,1.0,1.0,1.0
10000,ZJ-YQB,2017,landsat8,autumn_v0,v0_predeclared,16,16,16,22,48,1.0,1.0,1.0,1.0,1.0
10000,ZJ-YQB,2017,landsat8,summer_v0,v0_predeclared,16,16,16,19,32,1.0,1.0,1.0,1.0,1.0
10000,ZJ-YQB,2017,landsat8,autumn_primary_v1,biological_target_phase,16,16,16,22,61,1.0,1.0,1.0,1.0,1.0
10000,ZJ-YQB,2017,landsat8,early_season_v1,biological_target_phase,16,16,0,0,13,1.0,1.0,1.0,1.0,1.0
10000,ZJ-YQB,2017,landsat8,__ALL_YEAR__,year,16,16,16,108,257,1.0,1.0,1.0,1.0,1.0
10000,ZJ-YQB,2017,sentinel1,autumn_v0,v0_predeclared,16,15,9,30,61,0.9532,1.0,1.0,1.0,1.0
10000,ZJ-YQB,2017,sentinel1,summer_v0,v0_predeclared,16,15,9,42,83,0.9532,1.0,1.0,1.0,1.0
10000,ZJ-YQB,2017,sentinel1,autumn_primary_v1,biological_target_phase,16,15,9,39,79,0.9532,1.0,1.0,1.0,1.0
10000,ZJ-YQB,2017,sentinel1,early_season_v1,biological_target_phase,16,15,9,30,61,0.9532,1.0,1.0,1.0,1.0
10000,ZJ-YQB,2017,sentinel1,__ALL_YEAR__,year,16,15,9,252,507,0.9532,1.0,1.0,1.0,1.0
10000,ZJ-YQB,2017,sentinel2,autumn_v0,v0_predeclared,16,16,15,35,56,1.0,1.0,1.0,1.0,1.0
10000,ZJ-YQB,2017,sentinel2,summer_v0,v0_predeclared,16,16,0,0,0,1.0,1.0,1.0,1.0,1.0
10000,ZJ-YQB,2017,sentinel2,autumn_primary_v1,biological_target_phase,16,16,15,35,56,1.0,1.0,1.0,1.0,1.0
10000,ZJ-YQB,2017,sentinel2,early_season_v1,biological_target_phase,16,16,1,1,6,1.0,1.0,1.0,1.0,1.0
10000,ZJ-YQB,2017,sentinel2,__ALL_YEAR__,year,16,16,15,155,206,1.0,1.0,1.0,1.0,1.0
10000,ZJ-YQB,2018,landsat7,autumn_v0,v0_predeclared,16,16,16,19,32,1.0,1.0,1.0,1.0,1.0
10000,ZJ-YQB,2018,landsat7,summer_v0,v0_predeclared,16,16,3,6,48,1.0,1.0,1.0,1.0,1.0
10000,ZJ-YQB,2018,landsat7,autumn_primary_v1,biological_target_phase,16,16,16,19,45,1.0,1.0,1.0,1.0,1.0
10000,ZJ-YQB,2018,landsat7,early_season_v1,biological_target_phase,16,16,3,3,16,1.0,1.0,1.0,1.0,1.0
10000,ZJ-YQB,2018,landsat7,__ALL_YEAR__,year,16,16,16,63,234,1.0,1.0,1.0,1.0,1.0
10000,ZJ-YQB,2018,landsat8,autumn_v0,v0_predeclared,16,16,16,19,32,1.0,1.0,1.0,1.0,1.0
10000,ZJ-YQB,2018,landsat8,summer_v0,v0_predeclared,16,16,16,19,64,1.0,1.0,1.0,1.0,1.0
10000,ZJ-YQB,2018,landsat8,autumn_primary_v1,biological_target_phase,16,16,16,19,32,1.0,1.0,1.0,1.0,1.0
10000,ZJ-YQB,2018,landsat8,early_season_v1,biological_target_phase,16,16,0,0,32,1.0,1.0,1.0,1.0,1.0
10000,ZJ-YQB,2018,landsat8,__ALL_YEAR__,year,16,16,16,89,240,1.0,1.0,1.0,1.0,1.0
10000,ZJ-YQB,2018,sentinel1,autumn_v0,v0_predeclared,16,15,9,36,72,0.9532,1.0,1.0,1.0,1.0
10000,ZJ-YQB,2018,sentinel1,summer_v0,v0_predeclared,16,15,9,45,90,0.9532,1.0,1.0,1.0,1.0
10000,ZJ-YQB,2018,sentinel1,autumn_primary_v1,biological_target_phase,16,15,9,45,90,0.9532,1.0,1.0,1.0,1.0
10000,ZJ-YQB,2018,sentinel1,early_season_v1,biological_target_phase,16,15,9,33,65,0.9532,1.0,1.0,1.0,1.0
10000,ZJ-YQB,2018,sentinel1,__ALL_YEAR__,year,16,15,9,271,543,0.9532,1.0,1.0,1.0,1.0
10000,ZJ-YQB,2018,sentinel2,autumn_v0,v0_predeclared,16,16,14,27,38,1.0,1.0,1.0,1.0,1.0
10000,ZJ-YQB,2018,sentinel2,summer_v0,v0_predeclared,16,16,1,1,4,1.0,1.0,1.0,1.0,1.0
10000,ZJ-YQB,2018,sentinel2,autumn_primary_v1,biological_target_phase,16,16,14,27,38,1.0,1.0,1.0,1.0,1.0
10000,ZJ-YQB,2018,sentinel2,early_season_v1,biological_target_phase,16,16,0,0,0,1.0,1.0,1.0,1.0,1.0
10000,ZJ-YQB,2018,sentinel2,__ALL_YEAR__,year,16,16,15,163,284,1.0,1.0,1.0,1.0,1.0
10000,ZJ-YQB,2019,landsat7,autumn_v0,v0_predeclared,16,16,16,19,45,1.0,1.0,1.0,1.0,1.0
10000,ZJ-YQB,2019,landsat7,summer_v0,v0_predeclared,16,16,0,0,29,1.0,1.0,1.0,1.0,1.0
10000,ZJ-YQB,2019,landsat7,autumn_primary_v1,biological_target_phase,16,16,16,35,61,1.0,1.0,1.0,1.0,1.0
10000,ZJ-YQB,2019,landsat7,early_season_v1,biological_target_phase,16,16,3,3,29,1.0,1.0,1.0,1.0,1.0
10000,ZJ-YQB,2019,landsat7,__ALL_YEAR__,year,16,16,16,118,241,1.0,1.0,1.0,1.0,1.0
10000,ZJ-YQB,2019,landsat8,autumn_v0,v0_predeclared,16,16,3,3,29,1.0,1.0,1.0,1.0,1.0
10000,ZJ-YQB,2019,landsat8,summer_v0,v0_predeclared,16,16,16,16,64,1.0,1.0,1.0,1.0,1.0
10000,ZJ-YQB,2019,landsat8,autumn_primary_v1,biological_target_phase,16,16,16,19,45,1.0,1.0,1.0,1.0,1.0
10000,ZJ-YQB,2019,landsat8,early_season_v1,biological_target_phase,16,16,3,3,32,1.0,1.0,1.0,1.0,1.0
10000,ZJ-YQB,2019,landsat8,__ALL_YEAR__,year,16,16,16,92,308,1.0,1.0,1.0,1.0,1.0
10000,ZJ-YQB,2019,sentinel1,autumn_v0,v0_predeclared,16,15,9,54,111,0.9532,1.0,1.0,1.0,1.0
10000,ZJ-YQB,2019,sentinel1,summer_v0,v0_predeclared,16,15,9,90,180,0.9532,1.0,1.0,1.0,1.0
10000,ZJ-YQB,2019,sentinel1,autumn_primary_v1,biological_target_phase,16,15,9,78,158,0.9532,1.0,1.0,1.0,1.0
10000,ZJ-YQB,2019,sentinel1,early_season_v1,biological_target_phase,16,15,9,63,126,0.9532,1.0,1.0,1.0,1.0
10000,ZJ-YQB,2019,sentinel1,__ALL_YEAR__,year,16,15,9,484,971,0.9532,1.0,1.0,1.0,1.0
10000,ZJ-YQB,2019,sentinel2,autumn_v0,v0_predeclared,16,16,15,131,318,1.0,1.0,1.0,1.0,1.0
10000,ZJ-YQB,2019,sentinel2,summer_v0,v0_predeclared,16,16,15,35,390,1.0,1.0,1.0,1.0,1.0
10000,ZJ-YQB,2019,sentinel2,autumn_primary_v1,biological_target_phase,16,16,15,176,414,1.0,1.0,1.0,1.0,1.0
10000,ZJ-YQB,2019,sentinel2,early_season_v1,biological_target_phase,16,16,13,42,252,1.0,1.0,1.0,1.0,1.0
10000,ZJ-YQB,2019,sentinel2,__ALL_YEAR__,year,16,16,15,553,2464,1.0,1.0,1.0,1.0,1.0
10000,ZJ-YQB,2020,landsat7,autumn_v0,v0_predeclared,16,16,16,19,48,1.0,1.0,1.0,1.0,1.0
10000,ZJ-YQB,2020,landsat7,summer_v0,v0_predeclared,16,16,3,3,42,1.0,1.0,1.0,1.0,1.0
10000,ZJ-YQB,2020,landsat7,autumn_primary_v1,biological_target_phase,16,16,16,35,64,1.0,1.0,1.0,1.0,1.0
10000,ZJ-YQB,2020,landsat7,early_season_v1,biological_target_phase,16,16,16,19,32,1.0,1.0,1.0,1.0,1.0
10000,ZJ-YQB,2020,landsat7,__ALL_YEAR__,year,16,16,16,89,276,1.0,1.0,1.0,1.0,1.0
10000,ZJ-YQB,2020,landsat8,autumn_v0,v0_predeclared,16,16,3,6,32,1.0,1.0,1.0,1.0,1.0
10000,ZJ-YQB,2020,landsat8,summer_v0,v0_predeclared,16,16,0,0,45,1.0,1.0,1.0,1.0,1.0
10000,ZJ-YQB,2020,landsat8,autumn_primary_v1,biological_target_phase,16,16,3,6,32,1.0,1.0,1.0,1.0,1.0
10000,ZJ-YQB,2020,landsat8,early_season_v1,biological_target_phase,16,16,0,0,29,1.0,1.0,1.0,1.0,1.0
10000,ZJ-YQB,2020,landsat8,__ALL_YEAR__,year,16,16,16,44,247,1.0,1.0,1.0,1.0,1.0
10000,ZJ-YQB,2020,sentinel1,autumn_v0,v0_predeclared,16,15,9,54,105,1.0,1.0,1.0,1.0,1.0
10000,ZJ-YQB,2020,sentinel1,summer_v0,v0_predeclared,16,15,9,75,145,1.0,1.0,1.0,1.0,1.0
10000,ZJ-YQB,2020,sentinel1,autumn_primary_v1,biological_target_phase,16,15,9,75,145,1.0,1.0,1.0,1.0,1.0
10000,ZJ-YQB,2020,sentinel1,early_season_v1,biological_target_phase,16,15,9,45,87,1.0,1.0,1.0,1.0,1.0
10000,ZJ-YQB,2020,sentinel1,__ALL_YEAR__,year,16,15,9,459,891,1.0,1.0,1.0,1.0,1.0
10000,ZJ-YQB,2020,sentinel2,autumn_v0,v0_predeclared,16,16,15,67,306,1.0,1.0,1.0,1.0,1.0
10000,ZJ-YQB,2020,sentinel2,summer_v0,v0_predeclared,16,16,9,17,384,1.0,1.0,1.0,1.0,1.0
10000,ZJ-YQB,2020,sentinel2,autumn_primary_v1,biological_target_phase,16,16,15,92,402,1.0,1.0,1.0,1.0,1.0
10000,ZJ-YQB,2020,sentinel2,early_season_v1,biological_target_phase,16,16,15,47,272,1.0,1.0,1.0,1.0,1.0
10000,ZJ-YQB,2020,sentinel2,__ALL_YEAR__,year,16,16,15,497,2472,1.0,1.0,1.0,1.0,1.0
10000,ZJ-YQB,2021,landsat7,autumn_v0,v0_predeclared,16,16,16,16,32,1.0,1.0,1.0,1.0,1.0
10000,ZJ-YQB,2021,landsat7,summer_v0,v0_predeclared,16,16,0,0,13,1.0,1.0,1.0,1.0,1.0
10000,ZJ-YQB,2021,landsat7,autumn_primary_v1,biological_target_phase,16,16,16,19,48,1.0,1.0,1.0,1.0,1.0
10000,ZJ-YQB,2021,landsat7,early_season_v1,biological_target_phase,16,16,0,0,16,1.0,1.0,1.0,1.0,1.0
10000,ZJ-YQB,2021,landsat7,__ALL_YEAR__,year,16,16,16,67,186,1.0,1.0,1.0,1.0,1.0
10000,ZJ-YQB,2021,landsat8,autumn_v0,v0_predeclared,16,16,16,19,45,1.0,1.0,1.0,1.0,1.0
10000,ZJ-YQB,2021,landsat8,summer_v0,v0_predeclared,16,16,3,3,45,1.0,1.0,1.0,1.0,1.0
10000,ZJ-YQB,2021,landsat8,autumn_primary_v1,biological_target_phase,16,16,16,19,61,1.0,1.0,1.0,1.0,1.0
10000,ZJ-YQB,2021,landsat8,early_season_v1,biological_target_phase,16,16,0,0,32,1.0,1.0,1.0,1.0,1.0
10000,ZJ-YQB,2021,landsat8,__ALL_YEAR__,year,16,16,16,44,279,1.0,1.0,1.0,1.0,1.0
10000,ZJ-YQB,2021,sentinel1,autumn_v0,v0_predeclared,16,15,9,51,98,1.0,1.0,1.0,1.0,1.0
10000,ZJ-YQB,2021,sentinel1,summer_v0,v0_predeclared,16,15,9,79,155,1.0,1.0,1.0,1.0,1.0
10000,ZJ-YQB,2021,sentinel1,autumn_primary_v1,biological_target_phase,16,15,9,75,145,1.0,1.0,1.0,1.0,1.0
10000,ZJ-YQB,2021,sentinel1,early_season_v1,biological_target_phase,16,15,9,48,94,1.0,1.0,1.0,1.0,1.0
10000,ZJ-YQB,2021,sentinel1,__ALL_YEAR__,year,16,15,9,445,862,1.0,1.0,1.0,1.0,1.0
10000,ZJ-YQB,2021,sentinel2,autumn_v0,v0_predeclared,16,16,15,136,334,1.0,1.0,1.0,1.0,1.0
10000,ZJ-YQB,2021,sentinel2,summer_v0,v0_predeclared,16,16,12,20,390,1.0,1.0,1.0,1.0,1.0
10000,ZJ-YQB,2021,sentinel2,autumn_primary_v1,biological_target_phase,16,16,15,181,430,1.0,1.0,1.0,1.0,1.0
10000,ZJ-YQB,2021,sentinel2,early_season_v1,biological_target_phase,16,16,15,26,278,1.0,1.0,1.0,1.0,1.0
10000,ZJ-YQB,2021,sentinel2,__ALL_YEAR__,year,16,16,15,568,2454,1.0,1.0,1.0,1.0,1.0
10000,ZJ-YQB,2022,landsat7,autumn_v0,v0_predeclared,16,16,16,58,64,1.0,1.0,1.0,1.0,1.0
10000,ZJ-YQB,2022,landsat7,summer_v0,v0_predeclared,16,16,11,23,96,1.0,1.0,1.0,1.0,1.0
10000,ZJ-YQB,2022,landsat7,autumn_primary_v1,biological_target_phase,16,16,16,61,80,1.0,1.0,1.0,1.0,1.0
10000,ZJ-YQB,2022,landsat7,early_season_v1,biological_target_phase,16,16,0,0,0,1.0,1.0,1.0,1.0,1.0
10000,ZJ-YQB,2022,landsat7,__ALL_YEAR__,year,16,16,16,113,279,1.0,1.0,1.0,1.0,1.0
10000,ZJ-YQB,2022,landsat8,autumn_v0,v0_predeclared,16,16,0,0,45,1.0,1.0,1.0,1.0,1.0
10000,ZJ-YQB,2022,landsat8,summer_v0,v0_predeclared,16,16,16,16,32,1.0,1.0,1.0,1.0,1.0
10000,ZJ-YQB,2022,landsat8,autumn_primary_v1,biological_target_phase,16,16,0,0,61,1.0,1.0,1.0,1.0,1.0
10000,ZJ-YQB,2022,landsat8,early_season_v1,biological_target_phase,16,16,0,0,32,1.0,1.0,1.0,1.0,1.0
10000,ZJ-YQB,2022,landsat8,__ALL_YEAR__,year,16,16,16,83,247,1.0,1.0,1.0,1.0,1.0
10000,ZJ-YQB,2022,landsat9,autumn_v0,v0_predeclared,16,16,16,16,16,1.0,1.0,1.0,1.0,1.0
10000,ZJ-YQB,2022,landsat9,summer_v0,v0_predeclared,16,16,16,35,48,1.0,1.0,1.0,1.0,1.0
10000,ZJ-YQB,2022,landsat9,autumn_primary_v1,biological_target_phase,16,16,16,16,16,1.0,1.0,1.0,1.0,1.0
10000,ZJ-YQB,2022,landsat9,early_season_v1,biological_target_phase,16,16,0,0,16,1.0,1.0,1.0,1.0,1.0
10000,ZJ-YQB,2022,landsat9,__ALL_YEAR__,year,16,16,16,121,202,1.0,1.0,1.0,1.0,1.0
10000,ZJ-YQB,2022,sentinel1,autumn_v0,v0_predeclared,16,15,9,33,65,1.0,1.0,1.0,1.0,1.0
10000,ZJ-YQB,2022,sentinel1,summer_v0,v0_predeclared,16,15,9,51,101,1.0,1.0,1.0,1.0,1.0
10000,ZJ-YQB,2022,sentinel1,autumn_primary_v1,biological_target_phase,16,15,9,48,94,1.0,1.0,1.0,1.0,1.0
10000,ZJ-YQB,2022,sentinel1,early_season_v1,biological_target_phase,16,15,9,27,54,1.0,1.0,1.0,1.0,1.0
10000,ZJ-YQB,2022,sentinel1,__ALL_YEAR__,year,16,15,9,261,519,1.0,1.0,1.0,1.0,1.0
10000,ZJ-YQB,2022,sentinel2,autumn_v0,v0_predeclared,16,16,15,89,304,1.0,1.0,1.0,1.0,1.0
10000,ZJ-YQB,2022,sentinel2,summer_v0,v0_predeclared,16,16,15,68,384,1.0,1.0,1.0,1.0,1.0
10000,ZJ-YQB,2022,sentinel2,autumn_primary_v1,biological_target_phase,16,16,15,89,400,1.0,1.0,1.0,1.0,1.0
10000,ZJ-YQB,2022,sentinel2,early_season_v1,biological_target_phase,16,16,0,0,272,1.0,1.0,1.0,1.0,1.0
10000,ZJ-YQB,2022,sentinel2,__ALL_YEAR__,year,16,16,15,503,2352,1.0,1.0,1.0,1.0,1.0
10000,ZJ-YQB,2023,landsat7,autumn_v0,v0_predeclared,16,16,10,10,29,1.0,1.0,1.0,1.0,1.0
10000,ZJ-YQB,2023,landsat7,summer_v0,v0_predeclared,16,16,3,3,77,1.0,1.0,1.0,1.0,1.0
10000,ZJ-YQB,2023,landsat7,autumn_primary_v1,biological_target_phase,16,16,10,10,42,1.0,1.0,1.0,1.0,1.0
10000,ZJ-YQB,2023,landsat7,early_season_v1,biological_target_phase,16,16,0,0,13,1.0,1.0,1.0,1.0,1.0
10000,ZJ-YQB,2023,landsat7,__ALL_YEAR__,year,16,16,16,100,334,1.0,1.0,1.0,1.0,1.0
10000,ZJ-YQB,2023,landsat8,autumn_v0,v0_predeclared,16,16,3,3,45,1.0,1.0,1.0,1.0,1.0
10000,ZJ-YQB,2023,landsat8,summer_v0,v0_predeclared,16,16,16,16,29,1.0,1.0,1.0,1.0,1.0
10000,ZJ-YQB,2023,landsat8,autumn_primary_v1,biological_target_phase,16,16,16,19,61,1.0,1.0,1.0,1.0,1.0
10000,ZJ-YQB,2023,landsat8,early_season_v1,biological_target_phase,16,16,0,0,0,1.0,1.0,1.0,1.0,1.0
10000,ZJ-YQB,2023,landsat8,__ALL_YEAR__,year,16,16,16,115,244,1.0,1.0,1.0,1.0,1.0
10000,ZJ-YQB,2023,landsat9,autumn_v0,v0_predeclared,16,16,16,19,32,1.0,1.0,1.0,1.0,1.0
10000,ZJ-YQB,2023,landsat9,summer_v0,v0_predeclared,16,16,0,0,45,1.0,1.0,1.0,1.0,1.0
10000,ZJ-YQB,2023,landsat9,autumn_primary_v1,biological_target_phase,16,16,16,19,48,1.0,1.0,1.0,1.0,1.0
10000,ZJ-YQB,2023,landsat9,early_season_v1,biological_target_phase,16,16,3,3,48,1.0,1.0,1.0,1.0,1.0
10000,ZJ-YQB,2023,landsat9,__ALL_YEAR__,year,16,16,16,79,314,1.0,1.0,1.0,1.0,1.0
10000,ZJ-YQB,2023,sentinel1,autumn_v0,v0_predeclared,16,15,9,36,72,1.0,1.0,1.0,1.0,1.0
10000,ZJ-YQB,2023,sentinel1,summer_v0,v0_predeclared,16,15,9,48,97,1.0,1.0,1.0,1.0,1.0
10000,ZJ-YQB,2023,sentinel1,autumn_primary_v1,biological_target_phase,16,15,9,48,97,1.0,1.0,1.0,1.0,1.0
10000,ZJ-YQB,2023,sentinel1,early_season_v1,biological_target_phase,16,15,9,33,65,1.0,1.0,1.0,1.0,1.0
10000,ZJ-YQB,2023,sentinel1,__ALL_YEAR__,year,16,15,9,276,551,1.0,1.0,1.0,1.0,1.0
10000,ZJ-YQB,2023,sentinel2,autumn_v0,v0_predeclared,16,16,15,93,304,1.0,1.0,1.0,1.0,1.0
10000,ZJ-YQB,2023,sentinel2,summer_v0,v0_predeclared,16,16,11,40,384,1.0,1.0,1.0,1.0,1.0
10000,ZJ-YQB,2023,sentinel2,autumn_primary_v1,biological_target_phase,16,16,15,93,400,1.0,1.0,1.0,1.0,1.0
10000,ZJ-YQB,2023,sentinel2,early_season_v1,biological_target_phase,16,16,15,59,272,1.0,1.0,1.0,1.0,1.0
10000,ZJ-YQB,2023,sentinel2,__ALL_YEAR__,year,16,16,15,544,2336,1.0,1.0,1.0,1.0,1.0
10000,ZJ-YQB,2024,landsat8,autumn_v0,v0_predeclared,16,16,3,3,45,1.0,1.0,1.0,1.0,1.0
10000,ZJ-YQB,2024,landsat8,summer_v0,v0_predeclared,16,16,0,0,48,1.0,1.0,1.0,1.0,1.0
10000,ZJ-YQB,2024,landsat8,autumn_primary_v1,biological_target_phase,16,16,3,3,45,1.0,1.0,1.0,1.0,1.0
10000,ZJ-YQB,2024,landsat8,early_season_v1,biological_target_phase,16,16,0,0,29,1.0,1.0,1.0,1.0,1.0
10000,ZJ-YQB,2024,landsat8,__ALL_YEAR__,year,16,16,16,83,263,1.0,1.0,1.0,1.0,1.0
10000,ZJ-YQB,2024,landsat9,autumn_v0,v0_predeclared,16,16,3,3,48,1.0,1.0,1.0,1.0,1.0
10000,ZJ-YQB,2024,landsat9,summer_v0,v0_predeclared,16,16,16,16,45,1.0,1.0,1.0,1.0,1.0
10000,ZJ-YQB,2024,landsat9,autumn_primary_v1,biological_target_phase,16,16,3,6,64,1.0,1.0,1.0,1.0,1.0
10000,ZJ-YQB,2024,landsat9,early_season_v1,biological_target_phase,16,16,6,6,32,1.0,1.0,1.0,1.0,1.0
10000,ZJ-YQB,2024,landsat9,__ALL_YEAR__,year,16,16,16,111,282,1.0,1.0,1.0,1.0,1.0
10000,ZJ-YQB,2024,sentinel1,autumn_v0,v0_predeclared,16,15,9,37,75,0.9532,1.0,1.0,1.0,1.0
10000,ZJ-YQB,2024,sentinel1,summer_v0,v0_predeclared,16,15,9,45,90,0.9532,1.0,1.0,1.0,1.0
10000,ZJ-YQB,2024,sentinel1,autumn_primary_v1,biological_target_phase,16,15,9,46,93,0.9532,1.0,1.0,1.0,1.0
10000,ZJ-YQB,2024,sentinel1,early_season_v1,biological_target_phase,16,15,9,27,54,0.9532,1.0,1.0,1.0,1.0
10000,ZJ-YQB,2024,sentinel1,__ALL_YEAR__,year,16,15,9,271,543,0.9532,1.0,1.0,1.0,1.0
10000,ZJ-YQB,2024,sentinel2,autumn_v0,v0_predeclared,16,16,15,24,304,1.0,1.0,1.0,1.0,1.0
10000,ZJ-YQB,2024,sentinel2,summer_v0,v0_predeclared,16,16,15,72,384,1.0,1.0,1.0,1.0,1.0
10000,ZJ-YQB,2024,sentinel2,autumn_primary_v1,biological_target_phase,16,16,15,62,400,1.0,1.0,1.0,1.0,1.0
10000,ZJ-YQB,2024,sentinel2,early_season_v1,biological_target_phase,16,16,15,15,272,1.0,1.0,1.0,1.0,1.0
10000,ZJ-YQB,2024,sentinel2,__ALL_YEAR__,year,16,16,15,549,2336,1.0,1.0,1.0,1.0,1.0
10000,ZJ-YQB,2025,landsat8,autumn_v0,v0_predeclared,16,16,3,3,32,1.0,1.0,1.0,1.0,1.0
10000,ZJ-YQB,2025,landsat8,summer_v0,v0_predeclared,16,16,3,6,45,1.0,1.0,1.0,1.0,1.0
10000,ZJ-YQB,2025,landsat8,autumn_primary_v1,biological_target_phase,16,16,3,3,48,1.0,1.0,1.0,1.0,1.0
10000,ZJ-YQB,2025,landsat8,early_season_v1,biological_target_phase,16,16,16,16,32,1.0,1.0,1.0,1.0,1.0
10000,ZJ-YQB,2025,landsat8,__ALL_YEAR__,year,16,16,16,140,298,1.0,1.0,1.0,1.0,1.0
10000,ZJ-YQB,2025,landsat9,autumn_v0,v0_predeclared,16,16,3,3,45,1.0,1.0,1.0,1.0,1.0
10000,ZJ-YQB,2025,landsat9,summer_v0,v0_predeclared,16,16,0,0,45,1.0,1.0,1.0,1.0,1.0
10000,ZJ-YQB,2025,landsat9,autumn_primary_v1,biological_target_phase,16,16,3,3,61,1.0,1.0,1.0,1.0,1.0
10000,ZJ-YQB,2025,landsat9,early_season_v1,biological_target_phase,16,16,16,16,16,1.0,1.0,1.0,1.0,1.0
10000,ZJ-YQB,2025,landsat9,__ALL_YEAR__,year,16,16,16,92,263,1.0,1.0,1.0,1.0,1.0
10000,ZJ-YQB,2025,sentinel1,autumn_v0,v0_predeclared,16,15,9,36,72,1.0,1.0,1.0,1.0,1.0
10000,ZJ-YQB,2025,sentinel1,summer_v0,v0_predeclared,16,15,9,45,90,1.0,1.0,1.0,1.0,1.0
10000,ZJ-YQB,2025,sentinel1,autumn_primary_v1,biological_target_phase,16,15,9,45,90,1.0,1.0,1.0,1.0,1.0
10000,ZJ-YQB,2025,sentinel1,early_season_v1,biological_target_phase,16,15,9,33,65,1.0,1.0,1.0,1.0,1.0
10000,ZJ-YQB,2025,sentinel1,__ALL_YEAR__,year,16,15,9,270,537,1.0,1.0,1.0,1.0,1.0
10000,ZJ-YQB,2025,sentinel2,autumn_v0,v0_predeclared,16,16,15,58,320,1.0,1.0,1.0,1.0,1.0
10000,ZJ-YQB,2025,sentinel2,summer_v0,v0_predeclared,16,16,15,74,464,1.0,1.0,1.0,1.0,1.0
10000,ZJ-YQB,2025,sentinel2,autumn_primary_v1,biological_target_phase,16,16,15,73,432,1.0,1.0,1.0,1.0,1.0
10000,ZJ-YQB,2025,sentinel2,early_season_v1,biological_target_phase,16,16,15,66,320,1.0,1.0,1.0,1.0,1.0
10000,ZJ-YQB,2025,sentinel2,__ALL_YEAR__,year,16,16,15,782,2672,1.0,1.0,1.0,1.0,1.0
10000,ZJ-YQB,2026,landsat8,autumn_v0,v0_predeclared,16,16,16,16,16,1.0,1.0,1.0,1.0,1.0
10000,ZJ-YQB,2026,landsat8,summer_v0,v0_predeclared,16,16,16,16,45,1.0,1.0,1.0,1.0,1.0
10000,ZJ-YQB,2026,landsat8,autumn_primary_v1,biological_target_phase,16,16,16,16,16,1.0,1.0,1.0,1.0,1.0
10000,ZJ-YQB,2026,landsat8,early_season_v1,biological_target_phase,16,16,16,16,45,1.0,1.0,1.0,1.0,1.0
10000,ZJ-YQB,2026,landsat8,__ALL_YEAR__,year,16,16,16,83,183,1.0,1.0,1.0,1.0,1.0
10000,ZJ-YQB,2026,landsat9,autumn_v0,v0_predeclared,16,16,16,16,16,1.0,1.0,1.0,1.0,1.0
10000,ZJ-YQB,2026,landsat9,summer_v0,v0_predeclared,16,16,16,19,48,1.0,1.0,1.0,1.0,1.0
10000,ZJ-YQB,2026,landsat9,autumn_primary_v1,biological_target_phase,16,16,16,16,16,1.0,1.0,1.0,1.0,1.0
10000,ZJ-YQB,2026,landsat9,early_season_v1,biological_target_phase,16,16,0,0,16,1.0,1.0,1.0,1.0,1.0
10000,ZJ-YQB,2026,landsat9,__ALL_YEAR__,year,16,16,16,70,176,1.0,1.0,1.0,1.0,1.0
10000,ZJ-YQB,2026,sentinel1,autumn_v0,v0_predeclared,16,15,9,9,18,0.9532,1.0,1.0,1.0,1.0
10000,ZJ-YQB,2026,sentinel1,summer_v0,v0_predeclared,16,15,9,57,112,0.9532,1.0,1.0,1.0,1.0
10000,ZJ-YQB,2026,sentinel1,autumn_primary_v1,biological_target_phase,16,15,9,9,18,0.9532,1.0,1.0,1.0,1.0
10000,ZJ-YQB,2026,sentinel1,early_season_v1,biological_target_phase,16,15,9,30,61,0.9532,1.0,1.0,1.0,1.0
10000,ZJ-YQB,2026,sentinel1,__ALL_YEAR__,year,16,15,9,210,421,0.9532,1.0,1.0,1.0,1.0
10000,ZJ-YQB,2026,sentinel2,autumn_v0,v0_predeclared,16,16,15,54,128,1.0,1.0,1.0,1.0,1.0
10000,ZJ-YQB,2026,sentinel2,summer_v0,v0_predeclared,16,16,15,82,496,1.0,1.0,1.0,1.0,1.0
10000,ZJ-YQB,2026,sentinel2,autumn_primary_v1,biological_target_phase,16,16,15,54,128,1.0,1.0,1.0,1.0,1.0
10000,ZJ-YQB,2026,sentinel2,early_season_v1,biological_target_phase,16,16,9,9,320,1.0,1.0,1.0,1.0,1.0
10000,ZJ-YQB,2026,sentinel2,__ALL_YEAR__,year,16,16,15,460,2096,1.0,1.0,1.0,1.0,1.0
20000,ZJ-HZB,1985,landsat5,autumn_v0,v0_predeclared,23,23,0,0,23,1.0,1.0,1.0,1.0,1.0
20000,ZJ-HZB,1985,landsat5,summer_v0,v0_predeclared,23,23,23,31,74,1.0,1.0,1.0,1.0,1.0
20000,ZJ-HZB,1985,landsat5,autumn_primary_v1,biological_target_phase,23,23,0,0,23,1.0,1.0,1.0,1.0,1.0
20000,ZJ-HZB,1985,landsat5,early_season_v1,biological_target_phase,23,23,0,0,0,1.0,1.0,1.0,1.0,1.0
20000,ZJ-HZB,1985,landsat5,__ALL_YEAR__,year,23,23,23,101,259,1.0,1.0,1.0,1.0,1.0
20000,ZJ-HZB,1986,landsat5,autumn_v0,v0_predeclared,23,23,0,0,14,1.0,1.0,1.0,1.0,1.0
20000,ZJ-HZB,1986,landsat5,summer_v0,v0_predeclared,23,23,8,8,74,1.0,1.0,1.0,1.0,1.0
20000,ZJ-HZB,1986,landsat5,autumn_primary_v1,biological_target_phase,23,23,0,0,14,1.0,1.0,1.0,1.0,1.0
20000,ZJ-HZB,1986,landsat5,early_season_v1,biological_target_phase,23,23,0,0,0,1.0,1.0,1.0,1.0,1.0
20000,ZJ-HZB,1986,landsat5,__ALL_YEAR__,year,23,23,23,154,254,1.0,1.0,1.0,1.0,1.0
20000,ZJ-HZB,1987,landsat5,autumn_v0,v0_predeclared,23,23,23,54,74,1.0,1.0,1.0,1.0,1.0
20000,ZJ-HZB,1987,landsat5,summer_v0,v0_predeclared,23,23,8,8,111,1.0,1.0,1.0,1.0,1.0
20000,ZJ-HZB,1987,landsat5,autumn_primary_v1,biological_target_phase,23,23,23,77,97,1.0,1.0,1.0,1.0,1.0
20000,ZJ-HZB,1987,landsat5,early_season_v1,biological_target_phase,23,23,23,23,51,1.0,1.0,1.0,1.0,1.0
20000,ZJ-HZB,1987,landsat5,__ALL_YEAR__,year,23,23,23,193,513,1.0,1.0,1.0,1.0,1.0
20000,ZJ-HZB,1988,landsat5,autumn_v0,v0_predeclared,23,23,0,0,51,1.0,1.0,1.0,1.0,1.0
20000,ZJ-HZB,1988,landsat5,summer_v0,v0_predeclared,23,23,23,46,83,1.0,1.0,1.0,1.0,1.0
20000,ZJ-HZB,1988,landsat5,autumn_primary_v1,biological_target_phase,23,23,23,31,88,1.0,1.0,1.0,1.0,1.0
20000,ZJ-HZB,1988,landsat5,early_season_v1,biological_target_phase,23,23,8,8,37,1.0,1.0,1.0,1.0,1.0
20000,ZJ-HZB,1988,landsat5,__ALL_YEAR__,year,23,23,23,170,504,1.0,1.0,1.0,1.0,1.0
20000,ZJ-HZB,1989,landsat5,autumn_v0,v0_predeclared,23,23,23,54,88,1.0,1.0,1.0,1.0,1.0
20000,ZJ-HZB,1989,landsat5,summer_v0,v0_predeclared,23,23,8,8,74,1.0,1.0,1.0,1.0,1.0
20000,ZJ-HZB,1989,landsat5,autumn_primary_v1,biological_target_phase,23,23,23,54,111,1.0,1.0,1.0,1.0,1.0
20000,ZJ-HZB,1989,landsat5,early_season_v1,biological_target_phase,23,23,8,8,51,1.0,1.0,1.0,1.0,1.0
20000,ZJ-HZB,1989,landsat5,__ALL_YEAR__,year,23,23,23,155,430,1.0,1.0,1.0,1.0,1.0
20000,ZJ-HZB,1990,landsat5,autumn_v0,v0_predeclared,23,23,8,8,14,1.0,1.0,1.0,1.0,1.0
20000,ZJ-HZB,1990,landsat5,summer_v0,v0_predeclared,23,23,23,39,125,1.0,1.0,1.0,1.0,1.0
20000,ZJ-HZB,1990,landsat5,autumn_primary_v1,biological_target_phase,23,23,8,8,37,1.0,1.0,1.0,1.0,1.0
20000,ZJ-HZB,1990,landsat5,early_season_v1,biological_target_phase,23,23,23,69,83,1.0,1.0,1.0,1.0,1.0
20000,ZJ-HZB,1990,landsat5,__ALL_YEAR__,year,23,23,23,231,490,1.0,1.0,1.0,1.0,1.0
20000,ZJ-HZB,1991,landsat5,autumn_v0,v0_predeclared,23,23,23,39,74,1.0,1.0,1.0,1.0,1.0
20000,ZJ-HZB,1991,landsat5,summer_v0,v0_predeclared,23,23,23,31,74,1.0,1.0,1.0,1.0,1.0
20000,ZJ-HZB,1991,landsat5,autumn_primary_v1,biological_target_phase,23,23,23,47,88,1.0,1.0,1.0,1.0,1.0
20000,ZJ-HZB,1991,landsat5,early_season_v1,biological_target_phase,23,23,8,8,60,1.0,1.0,1.0,1.0,1.0
20000,ZJ-HZB,1991,landsat5,__ALL_YEAR__,year,23,23,23,187,472,1.0,1.0,1.0,1.0,1.0
20000,ZJ-HZB,1992,landsat5,autumn_v0,v0_predeclared,23,23,23,31,111,1.0,1.0,1.0,1.0,1.0
20000,ZJ-HZB,1992,landsat5,summer_v0,v0_predeclared,23,23,23,62,88,1.0,1.0,1.0,1.0,1.0
20000,ZJ-HZB,1992,landsat5,autumn_primary_v1,biological_target_phase,23,23,23,31,125,1.0,1.0,1.0,1.0,1.0
20000,ZJ-HZB,1992,landsat5,early_season_v1,biological_target_phase,23,23,8,16,42,1.0,1.0,1.0,1.0,1.0
20000,ZJ-HZB,1992,landsat5,__ALL_YEAR__,year,23,23,23,241,551,1.0,1.0,1.0,1.0,1.0
20000,ZJ-HZB,1993,landsat5,autumn_v0,v0_predeclared,23,23,8,16,28,1.0,1.0,1.0,1.0,1.0
20000,ZJ-HZB,1993,landsat5,summer_v0,v0_predeclared,23,23,23,31,125,1.0,1.0,1.0,1.0,1.0
20000,ZJ-HZB,1993,landsat5,autumn_primary_v1,biological_target_phase,23,23,8,16,51,1.0,1.0,1.0,1.0,1.0
20000,ZJ-HZB,1993,landsat5,early_season_v1,biological_target_phase,23,23,8,8,28,1.0,1.0,1.0,1.0,1.0
20000,ZJ-HZB,1993,landsat5,__ALL_YEAR__,year,23,23,23,148,412,1.0,1.0,1.0,1.0,1.0
20000,ZJ-HZB,1994,landsat5,autumn_v0,v0_predeclared,23,23,23,23,46,1.0,1.0,1.0,1.0,1.0
20000,ZJ-HZB,1994,landsat5,summer_v0,v0_predeclared,23,23,23,23,60,1.0,1.0,1.0,1.0,1.0
20000,ZJ-HZB,1994,landsat5,autumn_primary_v1,biological_target_phase,23,23,23,23,46,1.0,1.0,1.0,1.0,1.0
20000,ZJ-HZB,1994,landsat5,early_season_v1,biological_target_phase,23,23,23,31,51,1.0,1.0,1.0,1.0,1.0
20000,ZJ-HZB,1994,landsat5,__ALL_YEAR__,year,23,23,23,162,370,1.0,1.0,1.0,1.0,1.0
20000,ZJ-HZB,1995,landsat5,autumn_v0,v0_predeclared,23,23,8,8,37,1.0,1.0,1.0,1.0,1.0
20000,ZJ-HZB,1995,landsat5,summer_v0,v0_predeclared,23,23,23,31,60,1.0,1.0,1.0,1.0,1.0
20000,ZJ-HZB,1995,landsat5,autumn_primary_v1,biological_target_phase,23,23,23,31,74,1.0,1.0,1.0,1.0,1.0
20000,ZJ-HZB,1995,landsat5,early_season_v1,biological_target_phase,23,23,23,23,60,1.0,1.0,1.0,1.0,1.0
20000,ZJ-HZB,1995,landsat5,__ALL_YEAR__,year,23,23,23,240,504,1.0,1.0,1.0,1.0,1.0
20000,ZJ-HZB,1996,landsat5,autumn_v0,v0_predeclared,23,23,23,46,60,1.0,1.0,1.0,1.0,1.0
20000,ZJ-HZB,1996,landsat5,summer_v0,v0_predeclared,23,23,8,8,148,1.0,1.0,1.0,1.0,1.0
20000,ZJ-HZB,1996,landsat5,autumn_primary_v1,biological_target_phase,23,23,23,46,60,1.0,1.0,1.0,1.0,1.0
20000,ZJ-HZB,1996,landsat5,early_season_v1,biological_target_phase,23,23,23,23,74,1.0,1.0,1.0,1.0,1.0
20000,ZJ-HZB,1996,landsat5,__ALL_YEAR__,year,23,23,23,155,584,1.0,1.0,1.0,1.0,1.0
20000,ZJ-HZB,1997,landsat5,autumn_v0,v0_predeclared,23,23,23,54,60,1.0,1.0,1.0,1.0,1.0
20000,ZJ-HZB,1997,landsat5,summer_v0,v0_predeclared,23,23,8,8,97,1.0,1.0,1.0,1.0,1.0
20000,ZJ-HZB,1997,landsat5,autumn_primary_v1,biological_target_phase,23,23,23,54,60,1.0,1.0,1.0,1.0,1.0
20000,ZJ-HZB,1997,landsat5,early_season_v1,biological_target_phase,23,23,8,16,74,1.0,1.0,1.0,1.0,1.0
20000,ZJ-HZB,1997,landsat5,__ALL_YEAR__,year,23,23,23,186,551,1.0,1.0,1.0,1.0,1.0
20000,ZJ-HZB,1998,landsat5,autumn_v0,v0_predeclared,23,23,0,0,16,1.0,1.0,1.0,1.0,1.0
20000,ZJ-HZB,1998,landsat5,summer_v0,v0_predeclared,23,23,23,53,61,1.0,1.0,1.0,1.0,1.0
20000,ZJ-HZB,1998,landsat5,autumn_primary_v1,biological_target_phase,23,23,23,31,53,1.0,1.0,1.0,1.0,1.0
20000,ZJ-HZB,1998,landsat5,early_season_v1,biological_target_phase,23,23,0,0,88,1.0,1.0,1.0,1.0,1.0
20000,ZJ-HZB,1998,landsat5,__ALL_YEAR__,year,23,23,23,199,434,1.0,1.0,1.0,1.0,1.0
20000,ZJ-HZB,1999,landsat5,autumn_v0,v0_predeclared,23,23,23,39,51,1.0,1.0,1.0,1.0,1.0
20000,ZJ-HZB,1999,landsat5,summer_v0,v0_predeclared,23,23,22,22,46,1.0,1.0,1.0,1.0,1.0
20000,ZJ-HZB,1999,landsat5,autumn_primary_v1,biological_target_phase,23,23,23,39,65,1.0,1.0,1.0,1.0,1.0
20000,ZJ-HZB,1999,landsat5,early_season_v1,biological_target_phase,23,23,0,0,15,1.0,1.0,1.0,1.0,1.0
20000,ZJ-HZB,1999,landsat5,__ALL_YEAR__,year,23,23,23,162,386,1.0,1.0,1.0,1.0,1.0
20000,ZJ-HZB,1999,landsat7,autumn_v0,v0_predeclared,23,23,8,16,51,1.0,1.0,1.0,1.0,1.0
20000,ZJ-HZB,1999,landsat7,summer_v0,v0_predeclared,23,23,0,0,0,1.0,1.0,1.0,1.0,1.0
20000,ZJ-HZB,1999,landsat7,autumn_primary_v1,biological_target_phase,23,23,23,39,74,1.0,1.0,1.0,1.0,1.0
20000,ZJ-HZB,1999,landsat7,early_season_v1,biological_target_phase,23,23,0,0,0,1.0,1.0,1.0,1.0,1.0
20000,ZJ-HZB,1999,landsat7,__ALL_YEAR__,year,23,23,23,78,171,1.0,1.0,1.0,1.0,1.0
20000,ZJ-HZB,2000,landsat5,autumn_v0,v0_predeclared,23,23,8,8,88,1.0,1.0,1.0,1.0,1.0
20000,ZJ-HZB,2000,landsat5,summer_v0,v0_predeclared,23,23,23,39,111,1.0,1.0,1.0,1.0,1.0
20000,ZJ-HZB,2000,landsat5,autumn_primary_v1,biological_target_phase,23,23,8,16,103,1.0,1.0,1.0,1.0,1.0
20000,ZJ-HZB,2000,landsat5,early_season_v1,biological_target_phase,23,23,8,16,111,1.0,1.0,1.0,1.0,1.0
20000,ZJ-HZB,2000,landsat5,__ALL_YEAR__,year,23,23,23,141,663,1.0,1.0,1.0,1.0,1.0
20000,ZJ-HZB,2000,landsat7,autumn_v0,v0_predeclared,23,23,23,54,88,1.0,1.0,1.0,1.0,1.0
20000,ZJ-HZB,2000,landsat7,summer_v0,v0_predeclared,23,23,23,54,111,1.0,1.0,1.0,1.0,1.0
20000,ZJ-HZB,2000,landsat7,autumn_primary_v1,biological_target_phase,23,23,23,77,111,1.0,1.0,1.0,1.0,1.0
20000,ZJ-HZB,2000,landsat7,early_season_v1,biological_target_phase,23,23,23,61,75,1.0,1.0,1.0,1.0,1.0
20000,ZJ-HZB,2000,landsat7,__ALL_YEAR__,year,23,23,23,322,579,1.0,1.0,1.0,1.0,1.0
20000,ZJ-HZB,2001,landsat5,autumn_v0,v0_predeclared,23,23,23,23,60,1.0,1.0,1.0,1.0,1.0
20000,ZJ-HZB,2001,landsat5,summer_v0,v0_predeclared,23,23,22,38,111,1.0,1.0,1.0,1.0,1.0
20000,ZJ-HZB,2001,landsat5,autumn_primary_v1,biological_target_phase,23,23,23,46,97,1.0,1.0,1.0,1.0,1.0
20000,ZJ-HZB,2001,landsat5,early_season_v1,biological_target_phase,23,23,23,23,61,1.0,1.0,1.0,1.0,1.0
20000,ZJ-HZB,2001,landsat5,__ALL_YEAR__,year,23,23,23,239,593,1.0,1.0,1.0,1.0,1.0
20000,ZJ-HZB,2001,landsat7,autumn_v0,v0_predeclared,23,23,8,16,88,1.0,1.0,1.0,1.0,1.0
20000,ZJ-HZB,2001,landsat7,summer_v0,v0_predeclared,23,23,23,54,134,1.0,1.0,1.0,1.0,1.0
20000,ZJ-HZB,2001,landsat7,autumn_primary_v1,biological_target_phase,23,23,23,47,125,1.0,1.0,1.0,1.0,1.0
20000,ZJ-HZB,2001,landsat7,early_season_v1,biological_target_phase,23,23,8,8,60,1.0,1.0,1.0,1.0,1.0
20000,ZJ-HZB,2001,landsat7,__ALL_YEAR__,year,23,23,23,202,624,1.0,1.0,1.0,1.0,1.0
20000,ZJ-HZB,2002,landsat5,autumn_v0,v0_predeclared,23,23,23,47,88,1.0,1.0,1.0,1.0,1.0
20000,ZJ-HZB,2002,landsat5,summer_v0,v0_predeclared,23,23,23,46,46,1.0,1.0,1.0,1.0,1.0
20000,ZJ-HZB,2002,landsat5,autumn_primary_v1,biological_target_phase,23,23,23,47,102,1.0,1.0,1.0,1.0,1.0
20000,ZJ-HZB,2002,landsat5,early_season_v1,biological_target_phase,23,23,0,0,14,1.0,1.0,1.0,1.0,1.0
20000,ZJ-HZB,2002,landsat5,__ALL_YEAR__,year,23,23,23,178,384,1.0,1.0,1.0,1.0,1.0
20000,ZJ-HZB,2002,landsat7,autumn_v0,v0_predeclared,23,23,23,23,74,1.0,1.0,1.0,1.0,1.0
20000,ZJ-HZB,2002,landsat7,summer_v0,v0_predeclared,23,23,23,39,111,1.0,1.0,1.0,1.0,1.0
20000,ZJ-HZB,2002,landsat7,autumn_primary_v1,biological_target_phase,23,23,23,54,111,1.0,1.0,1.0,1.0,1.0
20000,ZJ-HZB,2002,landsat7,early_season_v1,biological_target_phase,23,23,8,8,37,1.0,1.0,1.0,1.0,1.0
20000,ZJ-HZB,2002,landsat7,__ALL_YEAR__,year,23,23,23,294,593,1.0,1.0,1.0,1.0,1.0
20000,ZJ-HZB,2003,landsat5,autumn_v0,v0_predeclared,23,23,23,39,74,1.0,1.0,1.0,1.0,1.0
20000,ZJ-HZB,2003,landsat5,summer_v0,v0_predeclared,23,23,8,8,111,1.0,1.0,1.0,1.0,1.0
20000,ZJ-HZB,2003,landsat5,autumn_primary_v1,biological_target_phase,23,23,23,47,88,1.0,1.0,1.0,1.0,1.0
20000,ZJ-HZB,2003,landsat5,early_season_v1,biological_target_phase,23,23,0,0,0,1.0,1.0,1.0,1.0,1.0
20000,ZJ-HZB,2003,landsat5,__ALL_YEAR__,year,23,23,23,170,495,1.0,1.0,1.0,1.0,1.0
20000,ZJ-HZB,2003,landsat7,autumn_v0,v0_predeclared,23,23,23,46,74,1.0,1.0,1.0,1.0,1.0
20000,ZJ-HZB,2003,landsat7,summer_v0,v0_predeclared,23,23,23,23,23,1.0,1.0,1.0,1.0,1.0
20000,ZJ-HZB,2003,landsat7,autumn_primary_v1,biological_target_phase,23,23,23,54,111,1.0,1.0,1.0,1.0,1.0
20000,ZJ-HZB,2003,landsat7,early_season_v1,biological_target_phase,23,23,23,23,51,1.0,1.0,1.0,1.0,1.0
20000,ZJ-HZB,2003,landsat7,__ALL_YEAR__,year,23,23,23,218,440,1.0,1.0,1.0,1.0,1.0
20000,ZJ-HZB,2004,landsat5,autumn_v0,v0_predeclared,23,23,8,24,65,1.0,1.0,1.0,1.0,1.0
20000,ZJ-HZB,2004,landsat5,summer_v0,v0_predeclared,23,23,23,39,111,1.0,1.0,1.0,1.0,1.0
20000,ZJ-HZB,2004,landsat5,autumn_primary_v1,biological_target_phase,23,23,8,24,79,1.0,1.0,1.0,1.0,1.0
20000,ZJ-HZB,2004,landsat5,early_season_v1,biological_target_phase,23,23,0,0,14,1.0,1.0,1.0,1.0,1.0
20000,ZJ-HZB,2004,landsat5,__ALL_YEAR__,year,23,23,23,225,532,1.0,1.0,1.0,1.0,1.0
20000,ZJ-HZB,2004,landsat7,autumn_v0,v0_predeclared,23,23,23,54,97,1.0,1.0,1.0,1.0,1.0
20000,ZJ-HZB,2004,landsat7,summer_v0,v0_predeclared,23,23,8,8,120,1.0,1.0,1.0,1.0,1.0
20000,ZJ-HZB,2004,landsat7,autumn_primary_v1,biological_target_phase,23,23,23,54,111,1.0,1.0,1.0,1.0,1.0
20000,ZJ-HZB,2004,landsat7,early_season_v1,biological_target_phase,23,23,0,0,60,1.0,1.0,1.0,1.0,1.0
20000,ZJ-HZB,2004,landsat7,__ALL_YEAR__,year,23,23,23,186,602,1.0,1.0,1.0,1.0,1.0
20000,ZJ-HZB,2005,landsat5,autumn_v0,v0_predeclared,23,23,23,39,74,1.0,1.0,1.0,1.0,1.0
20000,ZJ-HZB,2005,landsat5,summer_v0,v0_predeclared,23,23,23,46,134,1.0,1.0,1.0,1.0,1.0
20000,ZJ-HZB,2005,landsat5,autumn_primary_v1,biological_target_phase,23,23,23,39,88,1.0,1.0,1.0,1.0,1.0
20000,ZJ-HZB,2005,landsat5,early_season_v1,biological_target_phase,23,23,0,0,74,1.0,1.0,1.0,1.0,1.0
20000,ZJ-HZB,2005,landsat5,__ALL_YEAR__,year,23,23,23,155,491,1.0,1.0,1.0,1.0,1.0
20000,ZJ-HZB,2005,landsat7,autumn_v0,v0_predeclared,23,23,23,23,37,1.0,1.0,1.0,1.0,1.0
20000,ZJ-HZB,2005,landsat7,summer_v0,v0_predeclared,23,23,23,61,134,1.0,1.0,1.0,1.0,1.0
20000,ZJ-HZB,2005,landsat7,autumn_primary_v1,biological_target_phase,23,23,23,23,38,1.0,1.0,1.0,1.0,1.0
20000,ZJ-HZB,2005,landsat7,early_season_v1,biological_target_phase,23,23,23,23,52,1.0,1.0,1.0,1.0,1.0
20000,ZJ-HZB,2005,landsat7,__ALL_YEAR__,year,23,23,23,246,589,1.0,1.0,1.0,1.0,1.0
20000,ZJ-HZB,2006,landsat5,autumn_v0,v0_predeclared,23,23,23,62,111,1.0,1.0,1.0,1.0,1.0
20000,ZJ-HZB,2006,landsat5,summer_v0,v0_predeclared,23,23,0,0,83,1.0,1.0,1.0,1.0,1.0
20000,ZJ-HZB,2006,landsat5,autumn_primary_v1,biological_target_phase,23,23,23,62,125,1.0,1.0,1.0,1.0,1.0
20000,ZJ-HZB,2006,landsat5,early_season_v1,biological_target_phase,23,23,23,39,51,1.0,1.0,1.0,1.0,1.0
20000,ZJ-HZB,2006,landsat5,__ALL_YEAR__,year,23,23,23,194,518,1.0,1.0,1.0,1.0,1.0
20000,ZJ-HZB,2006,landsat7,autumn_v0,v0_predeclared,23,23,23,31,60,1.0,1.0,1.0,1.0,1.0
20000,ZJ-HZB,2006,landsat7,summer_v0,v0_predeclared,23,23,0,0,52,1.0,1.0,1.0,1.0,1.0
20000,ZJ-HZB,2006,landsat7,autumn_primary_v1,biological_target_phase,23,23,23,54,83,1.0,1.0,1.0,1.0,1.0
20000,ZJ-HZB,2006,landsat7,early_season_v1,biological_target_phase,23,23,0,0,75,1.0,1.0,1.0,1.0,1.0
20000,ZJ-HZB,2006,landsat7,__ALL_YEAR__,year,23,23,23,170,580,1.0,1.0,1.0,1.0,1.0
20000,ZJ-HZB,2007,landsat5,autumn_v0,v0_predeclared,23,23,23,23,23,1.0,1.0,1.0,1.0,1.0
20000,ZJ-HZB,2007,landsat5,summer_v0,v0_predeclared,23,23,23,23,134,1.0,1.0,1.0,1.0,1.0
20000,ZJ-HZB,2007,landsat5,autumn_primary_v1,biological_target_phase,23,23,23,23,23,1.0,1.0,1.0,1.0,1.0
20000,ZJ-HZB,2007,landsat5,early_season_v1,biological_target_phase,23,23,0,0,46,1.0,1.0,1.0,1.0,1.0
20000,ZJ-HZB,2007,landsat5,__ALL_YEAR__,year,23,23,23,147,453,1.0,1.0,1.0,1.0,1.0
20000,ZJ-HZB,2007,landsat7,autumn_v0,v0_predeclared,23,23,0,0,65,1.0,1.0,1.0,1.0,1.0
20000,ZJ-HZB,2007,landsat7,summer_v0,v0_predeclared,23,23,0,0,37,1.0,1.0,1.0,1.0,1.0
20000,ZJ-HZB,2007,landsat7,autumn_primary_v1,biological_target_phase,23,23,23,23,88,1.0,1.0,1.0,1.0,1.0
20000,ZJ-HZB,2007,landsat7,early_season_v1,biological_target_phase,23,23,23,54,74,1.0,1.0,1.0,1.0,1.0
20000,ZJ-HZB,2007,landsat7,__ALL_YEAR__,year,23,23,23,177,485,1.0,1.0,1.0,1.0,1.0
20000,ZJ-HZB,2008,landsat5,autumn_v0,v0_predeclared,23,23,23,31,83,1.0,1.0,1.0,1.0,1.0
20000,ZJ-HZB,2008,landsat5,summer_v0,v0_predeclared,23,23,23,39,88,1.0,1.0,1.0,1.0,1.0
20000,ZJ-HZB,2008,landsat5,autumn_primary_v1,biological_target_phase,23,23,23,31,83,1.0,1.0,1.0,1.0,1.0
20000,ZJ-HZB,2008,landsat5,early_season_v1,biological_target_phase,23,23,23,54,97,1.0,1.0,1.0,1.0,1.0
20000,ZJ-HZB,2008,landsat5,__ALL_YEAR__,year,23,23,23,186,481,1.0,1.0,1.0,1.0,1.0
20000,ZJ-HZB,2008,landsat7,autumn_v0,v0_predeclared,23,23,0,0,74,1.0,1.0,1.0,1.0,1.0
20000,ZJ-HZB,2008,landsat7,summer_v0,v0_predeclared,23,23,23,46,92,1.0,1.0,1.0,1.0,1.0
20000,ZJ-HZB,2008,landsat7,autumn_primary_v1,biological_target_phase,23,23,0,0,97,1.0,1.0,1.0,1.0,1.0
20000,ZJ-HZB,2008,landsat7,early_season_v1,biological_target_phase,23,23,23,39,88,1.0,1.0,1.0,1.0,1.0
20000,ZJ-HZB,2008,landsat7,__ALL_YEAR__,year,23,23,23,163,610,1.0,1.0,1.0,1.0,1.0
20000,ZJ-HZB,2009,landsat5,autumn_v0,v0_predeclared,23,23,23,46,97,1.0,1.0,1.0,1.0,1.0
20000,ZJ-HZB,2009,landsat5,summer_v0,v0_predeclared,23,23,23,31,111,1.0,1.0,1.0,1.0,1.0
20000,ZJ-HZB,2009,landsat5,autumn_primary_v1,biological_target_phase,23,23,23,69,120,1.0,1.0,1.0,1.0,1.0
20000,ZJ-HZB,2009,landsat5,early_season_v1,biological_target_phase,23,23,23,23,83,1.0,1.0,1.0,1.0,1.0
20000,ZJ-HZB,2009,landsat5,__ALL_YEAR__,year,23,23,23,193,462,1.0,1.0,1.0,1.0,1.0
20000,ZJ-HZB,2009,landsat7,autumn_v0,v0_predeclared,23,23,23,39,74,1.0,1.0,1.0,1.0,1.0
20000,ZJ-HZB,2009,landsat7,summer_v0,v0_predeclared,23,23,0,0,74,1.0,1.0,1.0,1.0,1.0
20000,ZJ-HZB,2009,landsat7,autumn_primary_v1,biological_target_phase,23,23,23,47,111,1.0,1.0,1.0,1.0,1.0
20000,ZJ-HZB,2009,landsat7,early_season_v1,biological_target_phase,23,23,23,46,74,1.0,1.0,1.0,1.0,1.0
20000,ZJ-HZB,2009,landsat7,__ALL_YEAR__,year,23,23,23,210,500,1.0,1.0,1.0,1.0,1.0
20000,ZJ-HZB,2010,landsat5,autumn_v0,v0_predeclared,23,23,0,0,37,1.0,1.0,1.0,1.0,1.0
20000,ZJ-HZB,2010,landsat5,summer_v0,v0_predeclared,23,23,23,23,46,1.0,1.0,1.0,1.0,1.0
20000,ZJ-HZB,2010,landsat5,autumn_primary_v1,biological_target_phase,23,23,23,23,60,1.0,1.0,1.0,1.0,1.0
20000,ZJ-HZB,2010,landsat5,early_season_v1,biological_target_phase,23,23,23,31,60,1.0,1.0,1.0,1.0,1.0
20000,ZJ-HZB,2010,landsat5,__ALL_YEAR__,year,23,23,23,193,411,1.0,1.0,1.0,1.0,1.0
20000,ZJ-HZB,2010,landsat7,autumn_v0,v0_predeclared,23,23,23,31,74,1.0,1.0,1.0,1.0,1.0
20000,ZJ-HZB,2010,landsat7,summer_v0,v0_predeclared,23,23,23,31,51,1.0,1.0,1.0,1.0,1.0
20000,ZJ-HZB,2010,landsat7,autumn_primary_v1,biological_target_phase,23,23,23,31,74,1.0,1.0,1.0,1.0,1.0
20000,ZJ-HZB,2010,landsat7,early_season_v1,biological_target_phase,23,23,23,54,60,1.0,1.0,1.0,1.0,1.0
20000,ZJ-HZB,2010,landsat7,__ALL_YEAR__,year,23,23,23,310,532,1.0,1.0,1.0,1.0,1.0
20000,ZJ-HZB,2011,landsat5,autumn_v0,v0_predeclared,23,23,23,23,23,1.0,1.0,1.0,1.0,1.0
20000,ZJ-HZB,2011,landsat5,summer_v0,v0_predeclared,23,23,23,31,74,1.0,1.0,1.0,1.0,1.0
20000,ZJ-HZB,2011,landsat5,autumn_primary_v1,biological_target_phase,23,23,23,23,23,1.0,1.0,1.0,1.0,1.0
20000,ZJ-HZB,2011,landsat5,early_season_v1,biological_target_phase,23,23,23,31,51,1.0,1.0,1.0,1.0,1.0
20000,ZJ-HZB,2011,landsat5,__ALL_YEAR__,year,23,23,23,132,407,1.0,1.0,1.0,1.0,1.0
20000,ZJ-HZB,2011,landsat7,autumn_v0,v0_predeclared,23,23,23,31,88,1.0,1.0,1.0,1.0,1.0
20000,ZJ-HZB,2011,landsat7,summer_v0,v0_predeclared,23,23,8,8,14,1.0,1.0,1.0,1.0,1.0
20000,ZJ-HZB,2011,landsat7,autumn_primary_v1,biological_target_phase,23,23,23,39,102,1.0,1.0,1.0,1.0,1.0
20000,ZJ-HZB,2011,landsat7,early_season_v1,biological_target_phase,23,23,8,8,14,1.0,1.0,1.0,1.0,1.0
20000,ZJ-HZB,2011,landsat7,__ALL_YEAR__,year,23,23,23,217,486,1.0,1.0,1.0,1.0,1.0
20000,ZJ-HZB,2012,landsat7,autumn_v0,v0_predeclared,23,23,23,62,111,1.0,1.0,1.0,1.0,1.0
20000,ZJ-HZB,2012,landsat7,summer_v0,v0_predeclared,23,23,0,0,23,1.0,1.0,1.0,1.0,1.0
20000,ZJ-HZB,2012,landsat7,autumn_primary_v1,biological_target_phase,23,23,23,93,148,1.0,1.0,1.0,1.0,1.0
20000,ZJ-HZB,2012,landsat7,early_season_v1,biological_target_phase,23,23,23,31,88,1.0,1.0,1.0,1.0,1.0
20000,ZJ-HZB,2012,landsat7,__ALL_YEAR__,year,23,23,23,224,545,1.0,1.0,1.0,1.0,1.0
20000,ZJ-HZB,2013,landsat7,autumn_v0,v0_predeclared,23,23,0,0,46,1.0,1.0,1.0,1.0,1.0
20000,ZJ-HZB,2013,landsat7,summer_v0,v0_predeclared,23,23,23,39,51,1.0,1.0,1.0,1.0,1.0
20000,ZJ-HZB,2013,landsat7,autumn_primary_v1,biological_target_phase,23,23,23,31,83,1.0,1.0,1.0,1.0,1.0
20000,ZJ-HZB,2013,landsat7,early_season_v1,biological_target_phase,23,23,23,31,51,1.0,1.0,1.0,1.0,1.0
20000,ZJ-HZB,2013,landsat7,__ALL_YEAR__,year,23,23,23,217,504,1.0,1.0,1.0,1.0,1.0
20000,ZJ-HZB,2013,landsat8,autumn_v0,v0_predeclared,23,23,8,8,83,1.0,1.0,1.0,1.0,1.0
20000,ZJ-HZB,2013,landsat8,summer_v0,v0_predeclared,23,23,22,38,111,1.0,1.0,1.0,1.0,1.0
20000,ZJ-HZB,2013,landsat8,autumn_primary_v1,biological_target_phase,23,23,8,16,97,1.0,1.0,1.0,1.0,1.0
20000,ZJ-HZB,2013,landsat8,early_season_v1,biological_target_phase,23,23,22,22,23,1.0,1.0,1.0,1.0,1.0
20000,ZJ-HZB,2013,landsat8,__ALL_YEAR__,year,23,23,23,184,467,1.0,1.0,1.0,1.0,1.0
20000,ZJ-HZB,2014,landsat7,autumn_v0,v0_predeclared,23,23,0,0,97,1.0,1.0,1.0,1.0,1.0
20000,ZJ-HZB,2014,landsat7,summer_v0,v0_predeclared,23,23,23,31,111,1.0,1.0,1.0,1.0,1.0
20000,ZJ-HZB,2014,landsat7,autumn_primary_v1,biological_target_phase,23,23,8,8,134,1.0,1.0,1.0,1.0,1.0
20000,ZJ-HZB,2014,landsat7,early_season_v1,biological_target_phase,23,23,8,8,60,1.0,1.0,1.0,1.0,1.0
20000,ZJ-HZB,2014,landsat7,__ALL_YEAR__,year,23,23,23,179,629,1.0,1.0,1.0,1.0,1.0
20000,ZJ-HZB,2014,landsat8,autumn_v0,v0_predeclared,23,23,23,54,97,1.0,1.0,1.0,1.0,1.0
20000,ZJ-HZB,2014,landsat8,summer_v0,v0_predeclared,23,23,22,30,97,1.0,1.0,1.0,1.0,1.0
20000,ZJ-HZB,2014,landsat8,autumn_primary_v1,biological_target_phase,23,23,23,77,134,1.0,1.0,1.0,1.0,1.0
20000,ZJ-HZB,2014,landsat8,early_season_v1,biological_target_phase,23,23,0,0,60,1.0,1.0,1.0,1.0,1.0
20000,ZJ-HZB,2014,landsat8,__ALL_YEAR__,year,23,23,23,238,648,1.0,1.0,1.0,1.0,1.0
20000,ZJ-HZB,2015,landsat7,autumn_v0,v0_predeclared,23,23,0,0,37,1.0,1.0,1.0,1.0,1.0
20000,ZJ-HZB,2015,landsat7,summer_v0,v0_predeclared,23,23,23,23,97,1.0,1.0,1.0,1.0,1.0
20000,ZJ-HZB,2015,landsat7,autumn_primary_v1,biological_target_phase,23,23,8,8,74,1.0,1.0,1.0,1.0,1.0
20000,ZJ-HZB,2015,landsat7,early_season_v1,biological_target_phase,23,23,23,54,74,1.0,1.0,1.0,1.0,1.0
20000,ZJ-HZB,2015,landsat7,__ALL_YEAR__,year,23,23,23,179,495,1.0,1.0,1.0,1.0,1.0
20000,ZJ-HZB,2015,landsat8,autumn_v0,v0_predeclared,23,23,23,39,52,1.0,1.0,1.0,1.0,1.0
20000,ZJ-HZB,2015,landsat8,summer_v0,v0_predeclared,23,23,0,0,111,1.0,1.0,1.0,1.0,1.0
20000,ZJ-HZB,2015,landsat8,autumn_primary_v1,biological_target_phase,23,23,23,39,89,1.0,1.0,1.0,1.0,1.0
20000,ZJ-HZB,2015,landsat8,early_season_v1,biological_target_phase,23,23,8,8,74,1.0,1.0,1.0,1.0,1.0
20000,ZJ-HZB,2015,landsat8,__ALL_YEAR__,year,23,23,23,177,611,1.0,1.0,1.0,1.0,1.0
20000,ZJ-HZB,2015,sentinel1,autumn_v0,v0_predeclared,23,23,0,0,0,1.0,1.0,1.0,1.0,1.0
20000,ZJ-HZB,2015,sentinel1,summer_v0,v0_predeclared,23,23,23,29,36,1.0,1.0,1.0,1.0,1.0
20000,ZJ-HZB,2015,sentinel1,autumn_primary_v1,biological_target_phase,23,23,0,0,0,1.0,1.0,1.0,1.0,1.0
20000,ZJ-HZB,2015,sentinel1,early_season_v1,biological_target_phase,23,23,23,29,36,1.0,1.0,1.0,1.0,1.0
20000,ZJ-HZB,2015,sentinel1,__ALL_YEAR__,year,23,23,23,81,95,1.0,1.0,1.0,1.0,1.0
20000,ZJ-HZB,2016,landsat7,autumn_v0,v0_predeclared,23,23,0,0,60,1.0,1.0,1.0,1.0,1.0
20000,ZJ-HZB,2016,landsat7,summer_v0,v0_predeclared,23,23,23,31,74,1.0,1.0,1.0,1.0,1.0
20000,ZJ-HZB,2016,landsat7,autumn_primary_v1,biological_target_phase,23,23,0,0,60,1.0,1.0,1.0,1.0,1.0
20000,ZJ-HZB,2016,landsat7,early_season_v1,biological_target_phase,23,23,23,39,51,1.0,1.0,1.0,1.0,1.0
20000,ZJ-HZB,2016,landsat7,__ALL_YEAR__,year,23,23,23,140,463,1.0,1.0,1.0,1.0,1.0
20000,ZJ-HZB,2016,landsat8,autumn_v0,v0_predeclared,23,23,23,23,46,1.0,1.0,1.0,1.0,1.0
20000,ZJ-HZB,2016,landsat8,summer_v0,v0_predeclared,23,23,23,31,120,1.0,1.0,1.0,1.0,1.0
20000,ZJ-HZB,2016,landsat8,autumn_primary_v1,biological_target_phase,23,23,23,23,46,1.0,1.0,1.0,1.0,1.0
20000,ZJ-HZB,2016,landsat8,early_season_v1,biological_target_phase,23,23,23,45,60,1.0,1.0,1.0,1.0,1.0
20000,ZJ-HZB,2016,landsat8,__ALL_YEAR__,year,23,23,23,208,581,1.0,1.0,1.0,1.0,1.0
20000,ZJ-HZB,2016,sentinel1,autumn_v0,v0_predeclared,23,13,6,6,13,0.9311,1.0,1.0,1.0,1.0
20000,ZJ-HZB,2016,sentinel1,summer_v0,v0_predeclared,23,13,6,24,52,0.9311,1.0,1.0,1.0,1.0
20000,ZJ-HZB,2016,sentinel1,autumn_primary_v1,biological_target_phase,23,13,6,6,13,0.9311,1.0,1.0,1.0,1.0
20000,ZJ-HZB,2016,sentinel1,early_season_v1,biological_target_phase,23,13,0,0,0,0.9311,1.0,1.0,1.0,1.0
20000,ZJ-HZB,2016,sentinel1,__ALL_YEAR__,year,23,13,6,42,91,0.9311,1.0,1.0,1.0,1.0
20000,ZJ-HZB,2017,landsat7,autumn_v0,v0_predeclared,23,23,23,23,74,1.0,1.0,1.0,1.0,1.0
20000,ZJ-HZB,2017,landsat7,summer_v0,v0_predeclared,23,23,23,31,111,1.0,1.0,1.0,1.0,1.0
20000,ZJ-HZB,2017,landsat7,autumn_primary_v1,biological_target_phase,23,23,23,31,111,1.0,1.0,1.0,1.0,1.0
20000,ZJ-HZB,2017,landsat7,early_season_v1,biological_target_phase,23,23,0,0,37,1.0,1.0,1.0,1.0,1.0
20000,ZJ-HZB,2017,landsat7,__ALL_YEAR__,year,23,23,23,178,542,1.0,1.0,1.0,1.0,1.0
20000,ZJ-HZB,2017,landsat8,autumn_v0,v0_predeclared,23,23,23,23,83,1.0,1.0,1.0,1.0,1.0
20000,ZJ-HZB,2017,landsat8,summer_v0,v0_predeclared,23,23,23,31,74,1.0,1.0,1.0,1.0,1.0
20000,ZJ-HZB,2017,landsat8,autumn_primary_v1,biological_target_phase,23,23,23,31,120,1.0,1.0,1.0,1.0,1.0
20000,ZJ-HZB,2017,landsat8,early_season_v1,biological_target_phase,23,23,22,38,65,1.0,1.0,1.0,1.0,1.0
20000,ZJ-HZB,2017,landsat8,__ALL_YEAR__,year,23,23,23,215,579,1.0,1.0,1.0,1.0,1.0
20000,ZJ-HZB,2017,sentinel2,autumn_v0,v0_predeclared,23,13,5,6,21,0.4885,1.0,1.0,1.0,1.0
20000,ZJ-HZB,2017,sentinel2,summer_v0,v0_predeclared,23,13,0,0,1,0.4885,1.0,1.0,1.0,1.0
20000,ZJ-HZB,2017,sentinel2,autumn_primary_v1,biological_target_phase,23,13,5,7,29,0.4885,1.0,1.0,1.0,1.0
20000,ZJ-HZB,2017,sentinel2,early_season_v1,biological_target_phase,23,13,4,4,11,0.4885,1.0,1.0,1.0,1.0
20000,ZJ-HZB,2017,sentinel2,__ALL_YEAR__,year,23,13,5,56,169,0.4885,1.0,1.0,1.0,1.0
20000,ZJ-HZB,2018,landsat7,autumn_v0,v0_predeclared,23,23,23,39,88,1.0,1.0,1.0,1.0,1.0
20000,ZJ-HZB,2018,landsat7,summer_v0,v0_predeclared,23,23,23,31,111,1.0,1.0,1.0,1.0,1.0
20000,ZJ-HZB,2018,landsat7,autumn_primary_v1,biological_target_phase,23,23,23,39,102,1.0,1.0,1.0,1.0,1.0
20000,ZJ-HZB,2018,landsat7,early_season_v1,biological_target_phase,23,23,8,8,60,1.0,1.0,1.0,1.0,1.0
20000,ZJ-HZB,2018,landsat7,__ALL_YEAR__,year,23,23,23,186,541,1.0,1.0,1.0,1.0,1.0
20000,ZJ-HZB,2018,landsat8,autumn_v0,v0_predeclared,23,23,23,46,74,1.0,1.0,1.0,1.0,1.0
20000,ZJ-HZB,2018,landsat8,summer_v0,v0_predeclared,23,23,23,53,76,1.0,1.0,1.0,1.0,1.0
20000,ZJ-HZB,2018,landsat8,autumn_primary_v1,biological_target_phase,23,23,23,46,74,1.0,1.0,1.0,1.0,1.0
20000,ZJ-HZB,2018,landsat8,early_season_v1,biological_target_phase,23,23,8,16,97,1.0,1.0,1.0,1.0,1.0
20000,ZJ-HZB,2018,landsat8,__ALL_YEAR__,year,23,23,23,238,539,1.0,1.0,1.0,1.0,1.0
20000,ZJ-HZB,2018,sentinel1,autumn_v0,v0_predeclared,23,23,0,0,0,1.0,1.0,1.0,1.0,1.0
20000,ZJ-HZB,2018,sentinel1,summer_v0,v0_predeclared,23,23,0,0,0,1.0,1.0,1.0,1.0,1.0
20000,ZJ-HZB,2018,sentinel1,autumn_primary_v1,biological_target_phase,23,23,0,0,0,1.0,1.0,1.0,1.0,1.0
20000,ZJ-HZB,2018,sentinel1,early_season_v1,biological_target_phase,23,23,0,0,0,1.0,1.0,1.0,1.0,1.0
20000,ZJ-HZB,2018,sentinel1,__ALL_YEAR__,year,23,23,23,40,43,1.0,1.0,1.0,1.0,1.0
20000,ZJ-HZB,2018,sentinel2,autumn_v0,v0_predeclared,23,13,4,4,10,0.4885,1.0,1.0,1.0,1.0
20000,ZJ-HZB,2018,sentinel2,summer_v0,v0_predeclared,23,13,3,3,9,0.4885,1.0,1.0,1.0,1.0
20000,ZJ-HZB,2018,sentinel2,autumn_primary_v1,biological_target_phase,23,13,5,7,22,0.4885,1.0,1.0,1.0,1.0
20000,ZJ-HZB,2018,sentinel2,early_season_v1,biological_target_phase,23,13,2,2,6,0.4885,1.0,1.0,1.0,1.0
20000,ZJ-HZB,2018,sentinel2,__ALL_YEAR__,year,23,13,5,54,223,0.4885,1.0,1.0,1.0,1.0
20000,ZJ-HZB,2019,landsat7,autumn_v0,v0_predeclared,23,23,23,31,111,1.0,1.0,1.0,1.0,1.0
20000,ZJ-HZB,2019,landsat7,summer_v0,v0_predeclared,23,23,0,0,74,1.0,1.0,1.0,1.0,1.0
20000,ZJ-HZB,2019,landsat7,autumn_primary_v1,biological_target_phase,23,23,23,54,134,1.0,1.0,1.0,1.0,1.0
20000,ZJ-HZB,2019,landsat7,early_season_v1,biological_target_phase,23,23,8,8,60,1.0,1.0,1.0,1.0,1.0
20000,ZJ-HZB,2019,landsat7,__ALL_YEAR__,year,23,23,23,209,564,1.0,1.0,1.0,1.0,1.0
20000,ZJ-HZB,2019,landsat8,autumn_v0,v0_predeclared,23,23,8,8,37,1.0,1.0,1.0,1.0,1.0
20000,ZJ-HZB,2019,landsat8,summer_v0,v0_predeclared,23,23,23,23,111,1.0,1.0,1.0,1.0,1.0
20000,ZJ-HZB,2019,landsat8,autumn_primary_v1,biological_target_phase,23,23,23,39,74,1.0,1.0,1.0,1.0,1.0
20000,ZJ-HZB,2019,landsat8,early_season_v1,biological_target_phase,23,23,0,0,60,1.0,1.0,1.0,1.0,1.0
20000,ZJ-HZB,2019,landsat8,__ALL_YEAR__,year,23,23,23,208,602,1.0,1.0,1.0,1.0,1.0
20000,ZJ-HZB,2019,sentinel1,autumn_v0,v0_predeclared,23,23,0,0,0,1.0,1.0,1.0,1.0,1.0
20000,ZJ-HZB,2019,sentinel1,summer_v0,v0_predeclared,23,23,0,0,0,1.0,1.0,1.0,1.0,1.0
20000,ZJ-HZB,2019,sentinel1,autumn_primary_v1,biological_target_phase,23,23,0,0,0,1.0,1.0,1.0,1.0,1.0
20000,ZJ-HZB,2019,sentinel1,early_season_v1,biological_target_phase,23,23,0,0,0,1.0,1.0,1.0,1.0,1.0
20000,ZJ-HZB,2019,sentinel1,__ALL_YEAR__,year,23,23,23,46,56,1.0,1.0,1.0,1.0,1.0
20000,ZJ-HZB,2019,sentinel2,autumn_v0,v0_predeclared,23,13,5,19,210,0.6411,1.0,1.0,1.0,1.0
20000,ZJ-HZB,2019,sentinel2,summer_v0,v0_predeclared,23,13,5,9,264,0.6411,1.0,1.0,1.0,1.0
20000,ZJ-HZB,2019,sentinel2,autumn_primary_v1,biological_target_phase,23,13,5,32,288,0.6411,1.0,1.0,1.0,1.0
20000,ZJ-HZB,2019,sentinel2,early_season_v1,biological_target_phase,23,13,5,7,173,0.6411,1.0,1.0,1.0,1.0
20000,ZJ-HZB,2019,sentinel2,__ALL_YEAR__,year,23,13,5,126,1639,0.6411,1.0,1.0,1.0,1.0
20000,ZJ-HZB,2020,landsat7,autumn_v0,v0_predeclared,23,23,23,31,97,1.0,1.0,1.0,1.0,1.0
20000,ZJ-HZB,2020,landsat7,summer_v0,v0_predeclared,23,23,0,0,88,1.0,1.0,1.0,1.0,1.0
20000,ZJ-HZB,2020,landsat7,autumn_primary_v1,biological_target_phase,23,23,23,62,134,1.0,1.0,1.0,1.0,1.0
20000,ZJ-HZB,2020,landsat7,early_season_v1,biological_target_phase,23,23,23,31,88,1.0,1.0,1.0,1.0,1.0
20000,ZJ-HZB,2020,landsat7,__ALL_YEAR__,year,23,23,23,187,680,1.0,1.0,1.0,1.0,1.0
20000,ZJ-HZB,2020,landsat8,autumn_v0,v0_predeclared,23,23,0,0,89,1.0,1.0,1.0,1.0,1.0
20000,ZJ-HZB,2020,landsat8,summer_v0,v0_predeclared,23,23,8,8,51,1.0,1.0,1.0,1.0,1.0
20000,ZJ-HZB,2020,landsat8,autumn_primary_v1,biological_target_phase,23,23,8,8,103,1.0,1.0,1.0,1.0,1.0
20000,ZJ-HZB,2020,landsat8,early_season_v1,biological_target_phase,23,23,23,39,97,1.0,1.0,1.0,1.0,1.0
20000,ZJ-HZB,2020,landsat8,__ALL_YEAR__,year,23,23,23,193,584,1.0,1.0,1.0,1.0,1.0
20000,ZJ-HZB,2020,sentinel1,autumn_v0,v0_predeclared,23,13,0,0,0,0.9311,1.0,1.0,1.0,1.0
20000,ZJ-HZB,2020,sentinel1,summer_v0,v0_predeclared,23,13,0,0,0,0.9311,1.0,1.0,1.0,1.0
20000,ZJ-HZB,2020,sentinel1,autumn_primary_v1,biological_target_phase,23,13,0,0,0,0.9311,1.0,1.0,1.0,1.0
20000,ZJ-HZB,2020,sentinel1,early_season_v1,biological_target_phase,23,13,0,0,0,0.9311,1.0,1.0,1.0,1.0
20000,ZJ-HZB,2020,sentinel1,__ALL_YEAR__,year,23,13,6,6,13,0.9311,1.0,1.0,1.0,1.0
20000,ZJ-HZB,2020,sentinel2,autumn_v0,v0_predeclared,23,13,5,16,210,0.6411,1.0,1.0,1.0,1.0
20000,ZJ-HZB,2020,sentinel2,summer_v0,v0_predeclared,23,13,2,2,264,0.6411,1.0,1.0,1.0,1.0
20000,ZJ-HZB,2020,sentinel2,autumn_primary_v1,biological_target_phase,23,13,5,29,276,0.6411,1.0,1.0,1.0,1.0
20000,ZJ-HZB,2020,sentinel2,early_season_v1,biological_target_phase,23,13,5,9,176,0.6411,1.0,1.0,1.0,1.0
20000,ZJ-HZB,2020,sentinel2,__ALL_YEAR__,year,23,13,5,140,1682,0.6411,1.0,1.0,1.0,1.0
20000,ZJ-HZB,2021,landsat7,autumn_v0,v0_predeclared,23,23,23,62,97,1.0,1.0,1.0,1.0,1.0
20000,ZJ-HZB,2021,landsat7,summer_v0,v0_predeclared,23,23,0,0,83,1.0,1.0,1.0,1.0,1.0
20000,ZJ-HZB,2021,landsat7,autumn_primary_v1,biological_target_phase,23,23,23,85,120,1.0,1.0,1.0,1.0,1.0
20000,ZJ-HZB,2021,landsat7,early_season_v1,biological_target_phase,23,23,0,0,60,1.0,1.0,1.0,1.0,1.0
20000,ZJ-HZB,2021,landsat7,__ALL_YEAR__,year,23,23,23,185,536,1.0,1.0,1.0,1.0,1.0
20000,ZJ-HZB,2021,landsat8,autumn_v0,v0_predeclared,23,23,22,30,97,1.0,1.0,1.0,1.0,1.0
20000,ZJ-HZB,2021,landsat8,summer_v0,v0_predeclared,23,23,8,8,65,1.0,1.0,1.0,1.0,1.0
20000,ZJ-HZB,2021,landsat8,autumn_primary_v1,biological_target_phase,23,23,22,38,134,1.0,1.0,1.0,1.0,1.0
20000,ZJ-HZB,2021,landsat8,early_season_v1,biological_target_phase,23,23,23,23,88,1.0,1.0,1.0,1.0,1.0
20000,ZJ-HZB,2021,landsat8,__ALL_YEAR__,year,23,23,23,130,595,1.0,1.0,1.0,1.0,1.0
20000,ZJ-HZB,2021,sentinel1,autumn_v0,v0_predeclared,23,23,0,0,0,1.0,1.0,1.0,1.0,1.0
20000,ZJ-HZB,2021,sentinel1,summer_v0,v0_predeclared,23,23,23,29,36,1.0,1.0,1.0,1.0,1.0
20000,ZJ-HZB,2021,sentinel1,autumn_primary_v1,biological_target_phase,23,23,0,0,0,1.0,1.0,1.0,1.0,1.0
20000,ZJ-HZB,2021,sentinel1,early_season_v1,biological_target_phase,23,23,0,0,0,1.0,1.0,1.0,1.0,1.0
20000,ZJ-HZB,2021,sentinel1,__ALL_YEAR__,year,23,23,23,29,36,1.0,1.0,1.0,1.0,1.0
20000,ZJ-HZB,2021,sentinel2,autumn_v0,v0_predeclared,23,13,5,24,219,0.6411,1.0,1.0,1.0,1.0
20000,ZJ-HZB,2021,sentinel2,summer_v0,v0_predeclared,23,13,5,5,264,0.6411,1.0,1.0,1.0,1.0
20000,ZJ-HZB,2021,sentinel2,autumn_primary_v1,biological_target_phase,23,13,5,37,291,0.6411,1.0,1.0,1.0,1.0
20000,ZJ-HZB,2021,sentinel2,early_season_v1,biological_target_phase,23,13,5,11,185,0.6411,1.0,1.0,1.0,1.0
20000,ZJ-HZB,2021,sentinel2,__ALL_YEAR__,year,23,13,5,150,1669,0.6411,1.0,1.0,1.0,1.0
20000,ZJ-HZB,2022,landsat7,autumn_v0,v0_predeclared,23,23,23,45,46,1.0,1.0,1.0,1.0,1.0
20000,ZJ-HZB,2022,landsat7,summer_v0,v0_predeclared,23,23,23,41,120,1.0,1.0,1.0,1.0,1.0
20000,ZJ-HZB,2022,landsat7,autumn_primary_v1,biological_target_phase,23,23,23,68,83,1.0,1.0,1.0,1.0,1.0
20000,ZJ-HZB,2022,landsat7,early_season_v1,biological_target_phase,23,23,0,0,37,1.0,1.0,1.0,1.0,1.0
20000,ZJ-HZB,2022,landsat7,__ALL_YEAR__,year,23,23,23,180,434,1.0,1.0,1.0,1.0,1.0
20000,ZJ-HZB,2022,landsat8,autumn_v0,v0_predeclared,23,23,8,16,111,1.0,1.0,1.0,1.0,1.0
20000,ZJ-HZB,2022,landsat8,summer_v0,v0_predeclared,23,23,22,38,103,1.0,1.0,1.0,1.0,1.0
20000,ZJ-HZB,2022,landsat8,autumn_primary_v1,biological_target_phase,23,23,22,38,134,1.0,1.0,1.0,1.0,1.0
20000,ZJ-HZB,2022,landsat8,early_season_v1,biological_target_phase,23,23,23,23,60,1.0,1.0,1.0,1.0,1.0
20000,ZJ-HZB,2022,landsat8,__ALL_YEAR__,year,23,23,23,238,561,1.0,1.0,1.0,1.0,1.0
20000,ZJ-HZB,2022,landsat9,autumn_v0,v0_predeclared,23,23,22,30,74,1.0,1.0,1.0,1.0,1.0
20000,ZJ-HZB,2022,landsat9,summer_v0,v0_predeclared,23,23,0,0,148,1.0,1.0,1.0,1.0,1.0
20000,ZJ-HZB,2022,landsat9,autumn_primary_v1,biological_target_phase,23,23,22,30,111,1.0,1.0,1.0,1.0,1.0
20000,ZJ-HZB,2022,landsat9,early_season_v1,biological_target_phase,23,23,8,8,74,1.0,1.0,1.0,1.0,1.0
20000,ZJ-HZB,2022,landsat9,__ALL_YEAR__,year,23,23,23,207,652,1.0,1.0,1.0,1.0,1.0
20000,ZJ-HZB,2022,sentinel2,autumn_v0,v0_predeclared,23,13,5,14,207,0.6411,1.0,1.0,1.0,1.0
20000,ZJ-HZB,2022,sentinel2,summer_v0,v0_predeclared,23,13,5,9,264,0.6411,1.0,1.0,1.0,1.0
20000,ZJ-HZB,2022,sentinel2,autumn_primary_v1,biological_target_phase,23,13,5,14,273,0.6411,1.0,1.0,1.0,1.0
20000,ZJ-HZB,2022,sentinel2,early_season_v1,biological_target_phase,23,13,5,8,185,0.6411,1.0,1.0,1.0,1.0
20000,ZJ-HZB,2022,sentinel2,__ALL_YEAR__,year,23,13,5,121,1606,0.6411,1.0,1.0,1.0,1.0
20000,ZJ-HZB,2023,landsat7,autumn_v0,v0_predeclared,23,23,17,25,65,1.0,1.0,1.0,1.0,1.0
20000,ZJ-HZB,2023,landsat7,summer_v0,v0_predeclared,23,23,0,0,97,1.0,1.0,1.0,1.0,1.0
20000,ZJ-HZB,2023,landsat7,autumn_primary_v1,biological_target_phase,23,23,17,25,65,1.0,1.0,1.0,1.0,1.0
20000,ZJ-HZB,2023,landsat7,early_season_v1,biological_target_phase,23,23,0,0,23,1.0,1.0,1.0,1.0,1.0
20000,ZJ-HZB,2023,landsat7,__ALL_YEAR__,year,23,23,23,159,468,1.0,1.0,1.0,1.0,1.0
20000,ZJ-HZB,2023,landsat8,autumn_v0,v0_predeclared,23,23,8,8,111,1.0,1.0,1.0,1.0,1.0
20000,ZJ-HZB,2023,landsat8,summer_v0,v0_predeclared,23,23,0,0,125,1.0,1.0,1.0,1.0,1.0
20000,ZJ-HZB,2023,landsat8,autumn_primary_v1,biological_target_phase,23,23,22,30,148,1.0,1.0,1.0,1.0,1.0
20000,ZJ-HZB,2023,landsat8,early_season_v1,biological_target_phase,23,23,8,8,51,1.0,1.0,1.0,1.0,1.0
20000,ZJ-HZB,2023,landsat8,__ALL_YEAR__,year,23,23,23,237,695,1.0,1.0,1.0,1.0,1.0
20000,ZJ-HZB,2023,landsat9,autumn_v0,v0_predeclared,23,23,23,23,89,1.0,1.0,1.0,1.0,1.0
20000,ZJ-HZB,2023,landsat9,summer_v0,v0_predeclared,23,23,0,0,125,1.0,1.0,1.0,1.0,1.0
20000,ZJ-HZB,2023,landsat9,autumn_primary_v1,biological_target_phase,23,23,23,23,112,1.0,1.0,1.0,1.0,1.0
20000,ZJ-HZB,2023,landsat9,early_season_v1,biological_target_phase,23,23,23,46,97,1.0,1.0,1.0,1.0,1.0
20000,ZJ-HZB,2023,landsat9,__ALL_YEAR__,year,23,23,23,216,741,1.0,1.0,1.0,1.0,1.0
20000,ZJ-HZB,2023,sentinel2,autumn_v0,v0_predeclared,23,13,5,16,207,0.6411,1.0,1.0,1.0,1.0
20000,ZJ-HZB,2023,sentinel2,summer_v0,v0_predeclared,23,13,5,7,264,0.6411,1.0,1.0,1.0,1.0
20000,ZJ-HZB,2023,sentinel2,autumn_primary_v1,biological_target_phase,23,13,5,18,273,0.6411,1.0,1.0,1.0,1.0
20000,ZJ-HZB,2023,sentinel2,early_season_v1,biological_target_phase,23,13,5,10,185,0.6411,1.0,1.0,1.0,1.0
20000,ZJ-HZB,2023,sentinel2,__ALL_YEAR__,year,23,13,5,134,1606,0.6411,1.0,1.0,1.0,1.0
20000,ZJ-HZB,2024,landsat8,autumn_v0,v0_predeclared,23,23,23,23,69,1.0,1.0,1.0,1.0,1.0
20000,ZJ-HZB,2024,landsat8,summer_v0,v0_predeclared,23,23,8,8,75,1.0,1.0,1.0,1.0,1.0
20000,ZJ-HZB,2024,landsat8,autumn_primary_v1,biological_target_phase,23,23,23,31,83,1.0,1.0,1.0,1.0,1.0
20000,ZJ-HZB,2024,landsat8,early_season_v1,biological_target_phase,23,23,8,8,83,1.0,1.0,1.0,1.0,1.0
20000,ZJ-HZB,2024,landsat8,__ALL_YEAR__,year,23,23,23,163,602,1.0,1.0,1.0,1.0,1.0
20000,ZJ-HZB,2024,landsat9,autumn_v0,v0_predeclared,23,23,0,0,37,1.0,1.0,1.0,1.0,1.0
20000,ZJ-HZB,2024,landsat9,summer_v0,v0_predeclared,23,23,0,0,97,1.0,1.0,1.0,1.0,1.0
20000,ZJ-HZB,2024,landsat9,autumn_primary_v1,biological_target_phase,23,23,0,0,60,1.0,1.0,1.0,1.0,1.0
20000,ZJ-HZB,2024,landsat9,early_season_v1,biological_target_phase,23,23,22,22,74,1.0,1.0,1.0,1.0,1.0
20000,ZJ-HZB,2024,landsat9,__ALL_YEAR__,year,23,23,23,214,611,1.0,1.0,1.0,1.0,1.0
20000,ZJ-HZB,2024,sentinel1,autumn_v0,v0_predeclared,23,23,23,23,23,1.0,1.0,1.0,1.0,1.0
20000,ZJ-HZB,2024,sentinel1,summer_v0,v0_predeclared,23,23,0,0,0,1.0,1.0,1.0,1.0,1.0
20000,ZJ-HZB,2024,sentinel1,autumn_primary_v1,biological_target_phase,23,23,23,23,23,1.0,1.0,1.0,1.0,1.0
20000,ZJ-HZB,2024,sentinel1,early_season_v1,biological_target_phase,23,23,0,0,0,1.0,1.0,1.0,1.0,1.0
20000,ZJ-HZB,2024,sentinel1,__ALL_YEAR__,year,23,23,23,23,23,1.0,1.0,1.0,1.0,1.0
20000,ZJ-HZB,2024,sentinel2,autumn_v0,v0_predeclared,23,13,3,3,207,0.6411,1.0,1.0,1.0,1.0
20000,ZJ-HZB,2024,sentinel2,summer_v0,v0_predeclared,23,13,5,10,264,0.6411,1.0,1.0,1.0,1.0
20000,ZJ-HZB,2024,sentinel2,autumn_primary_v1,biological_target_phase,23,13,5,10,273,0.6411,1.0,1.0,1.0,1.0
20000,ZJ-HZB,2024,sentinel2,early_season_v1,biological_target_phase,23,13,5,5,185,0.6411,1.0,1.0,1.0,1.0
20000,ZJ-HZB,2024,sentinel2,__ALL_YEAR__,year,23,13,5,130,1602,0.6411,1.0,1.0,1.0,1.0
20000,ZJ-HZB,2025,landsat8,autumn_v0,v0_predeclared,23,23,0,0,88,1.0,1.0,1.0,1.0,1.0
20000,ZJ-HZB,2025,landsat8,summer_v0,v0_predeclared,23,23,23,39,112,1.0,1.0,1.0,1.0,1.0
20000,ZJ-HZB,2025,landsat8,autumn_primary_v1,biological_target_phase,23,23,23,23,111,1.0,1.0,1.0,1.0,1.0
20000,ZJ-HZB,2025,landsat8,early_season_v1,biological_target_phase,23,23,23,23,75,1.0,1.0,1.0,1.0,1.0
20000,ZJ-HZB,2025,landsat8,__ALL_YEAR__,year,23,23,23,339,692,1.0,1.0,1.0,1.0,1.0
20000,ZJ-HZB,2025,landsat9,autumn_v0,v0_predeclared,23,23,0,0,97,1.0,1.0,1.0,1.0,1.0
20000,ZJ-HZB,2025,landsat9,summer_v0,v0_predeclared,23,23,23,31,134,1.0,1.0,1.0,1.0,1.0
20000,ZJ-HZB,2025,landsat9,autumn_primary_v1,biological_target_phase,23,23,0,0,120,1.0,1.0,1.0,1.0,1.0
20000,ZJ-HZB,2025,landsat9,early_season_v1,biological_target_phase,23,23,23,23,66,1.0,1.0,1.0,1.0,1.0
20000,ZJ-HZB,2025,landsat9,__ALL_YEAR__,year,23,23,23,269,681,1.0,1.0,1.0,1.0,1.0
20000,ZJ-HZB,2025,sentinel1,autumn_v0,v0_predeclared,23,23,0,0,0,1.0,1.0,1.0,1.0,1.0
20000,ZJ-HZB,2025,sentinel1,summer_v0,v0_predeclared,23,23,0,0,0,1.0,1.0,1.0,1.0,1.0
20000,ZJ-HZB,2025,sentinel1,autumn_primary_v1,biological_target_phase,23,23,0,0,0,1.0,1.0,1.0,1.0,1.0
20000,ZJ-HZB,2025,sentinel1,early_season_v1,biological_target_phase,23,23,6,6,13,1.0,1.0,1.0,1.0,1.0
20000,ZJ-HZB,2025,sentinel1,__ALL_YEAR__,year,23,23,21,59,111,1.0,1.0,1.0,1.0,1.0
20000,ZJ-HZB,2025,sentinel2,autumn_v0,v0_predeclared,23,13,5,16,220,0.6411,1.0,1.0,1.0,1.0
20000,ZJ-HZB,2025,sentinel2,summer_v0,v0_predeclared,23,13,5,19,321,0.6411,1.0,1.0,1.0,1.0
20000,ZJ-HZB,2025,sentinel2,autumn_primary_v1,biological_target_phase,23,13,5,21,299,0.6411,1.0,1.0,1.0,1.0
20000,ZJ-HZB,2025,sentinel2,early_season_v1,biological_target_phase,23,13,2,4,220,0.6411,1.0,1.0,1.0,1.0
20000,ZJ-HZB,2025,sentinel2,__ALL_YEAR__,year,23,13,5,202,1841,0.6411,1.0,1.0,1.0,1.0
20000,ZJ-HZB,2026,landsat8,autumn_v0,v0_predeclared,23,23,0,0,23,1.0,1.0,1.0,1.0,1.0
20000,ZJ-HZB,2026,landsat8,summer_v0,v0_predeclared,23,23,22,30,65,1.0,1.0,1.0,1.0,1.0
20000,ZJ-HZB,2026,landsat8,autumn_primary_v1,biological_target_phase,23,23,0,0,23,1.0,1.0,1.0,1.0,1.0
20000,ZJ-HZB,2026,landsat8,early_season_v1,biological_target_phase,23,23,0,0,83,1.0,1.0,1.0,1.0,1.0
20000,ZJ-HZB,2026,landsat8,__ALL_YEAR__,year,23,23,23,138,399,1.0,1.0,1.0,1.0,1.0
20000,ZJ-HZB,2026,landsat9,autumn_v0,v0_predeclared,23,23,22,30,37,1.0,1.0,1.0,1.0,1.0
20000,ZJ-HZB,2026,landsat9,summer_v0,v0_predeclared,23,23,23,39,134,1.0,1.0,1.0,1.0,1.0
20000,ZJ-HZB,2026,landsat9,autumn_primary_v1,biological_target_phase,23,23,22,30,37,1.0,1.0,1.0,1.0,1.0
20000,ZJ-HZB,2026,landsat9,early_season_v1,biological_target_phase,23,23,23,31,88,1.0,1.0,1.0,1.0,1.0
20000,ZJ-HZB,2026,landsat9,__ALL_YEAR__,year,23,23,23,161,472,1.0,1.0,1.0,1.0,1.0
20000,ZJ-HZB,2026,sentinel2,autumn_v0,v0_predeclared,23,13,0,0,88,0.6411,1.0,1.0,1.0,1.0
20000,ZJ-HZB,2026,sentinel2,summer_v0,v0_predeclared,23,13,5,14,343,0.6411,1.0,1.0,1.0,1.0
20000,ZJ-HZB,2026,sentinel2,autumn_primary_v1,biological_target_phase,23,13,0,0,88,0.6411,1.0,1.0,1.0,1.0
20000,ZJ-HZB,2026,sentinel2,early_season_v1,biological_target_phase,23,13,5,16,220,0.6411,1.0,1.0,1.0,1.0
20000,ZJ-HZB,2026,sentinel2,__ALL_YEAR__,year,23,13,5,113,1483,0.6411,1.0,1.0,1.0,1.0
20000,ZJ-SMB,1985,landsat5,autumn_v0,v0_predeclared,8,8,0,0,12,1.0,1.0,1.0,1.0,1.0
20000,ZJ-SMB,1985,landsat5,summer_v0,v0_predeclared,8,8,8,9,22,1.0,1.0,1.0,1.0,1.0
20000,ZJ-SMB,1985,landsat5,autumn_primary_v1,biological_target_phase,8,8,0,0,12,1.0,1.0,1.0,1.0,1.0
20000,ZJ-SMB,1985,landsat5,early_season_v1,biological_target_phase,8,8,0,0,4,1.0,1.0,1.0,1.0,1.0
20000,ZJ-SMB,1985,landsat5,__ALL_YEAR__,year,8,8,8,27,82,1.0,1.0,1.0,1.0,1.0
20000,ZJ-SMB,1986,landsat5,autumn_v0,v0_predeclared,8,8,1,1,8,1.0,1.0,1.0,1.0,1.0
20000,ZJ-SMB,1986,landsat5,summer_v0,v0_predeclared,8,8,6,6,28,1.0,1.0,1.0,1.0,1.0
20000,ZJ-SMB,1986,landsat5,autumn_primary_v1,biological_target_phase,8,8,1,1,8,1.0,1.0,1.0,1.0,1.0
20000,ZJ-SMB,1986,landsat5,early_season_v1,biological_target_phase,8,8,0,0,0,1.0,1.0,1.0,1.0,1.0
20000,ZJ-SMB,1986,landsat5,__ALL_YEAR__,year,8,8,8,57,128,1.0,1.0,1.0,1.0,1.0
20000,ZJ-SMB,1987,landsat5,autumn_v0,v0_predeclared,8,8,8,9,20,1.0,1.0,1.0,1.0,1.0
20000,ZJ-SMB,1987,landsat5,summer_v0,v0_predeclared,8,8,6,8,36,1.0,1.0,1.0,1.0,1.0
20000,ZJ-SMB,1987,landsat5,autumn_primary_v1,biological_target_phase,8,8,8,17,28,1.0,1.0,1.0,1.0,1.0
20000,ZJ-SMB,1987,landsat5,early_season_v1,biological_target_phase,8,8,8,8,12,1.0,1.0,1.0,1.0,1.0
20000,ZJ-SMB,1987,landsat5,__ALL_YEAR__,year,8,8,8,66,174,1.0,1.0,1.0,1.0,1.0
20000,ZJ-SMB,1988,landsat5,autumn_v0,v0_predeclared,8,8,1,2,20,1.0,1.0,1.0,1.0,1.0
20000,ZJ-SMB,1988,landsat5,summer_v0,v0_predeclared,8,8,8,31,36,1.0,1.0,1.0,1.0,1.0
20000,ZJ-SMB,1988,landsat5,autumn_primary_v1,biological_target_phase,8,8,8,11,32,1.0,1.0,1.0,1.0,1.0
20000,ZJ-SMB,1988,landsat5,early_season_v1,biological_target_phase,8,8,0,0,16,1.0,1.0,1.0,1.0,1.0
20000,ZJ-SMB,1988,landsat5,__ALL_YEAR__,year,8,8,8,69,168,1.0,1.0,1.0,1.0,1.0
20000,ZJ-SMB,1989,landsat5,autumn_v0,v0_predeclared,8,8,8,17,24,1.0,1.0,1.0,1.0,1.0
20000,ZJ-SMB,1989,landsat5,summer_v0,v0_predeclared,8,8,0,0,24,1.0,1.0,1.0,1.0,1.0
20000,ZJ-SMB,1989,landsat5,autumn_primary_v1,biological_target_phase,8,8,8,18,36,1.0,1.0,1.0,1.0,1.0
20000,ZJ-SMB,1989,landsat5,early_season_v1,biological_target_phase,8,8,0,0,20,1.0,1.0,1.0,1.0,1.0
20000,ZJ-SMB,1989,landsat5,__ALL_YEAR__,year,8,8,8,43,144,1.0,1.0,1.0,1.0,1.0
20000,ZJ-SMB,1990,landsat5,autumn_v0,v0_predeclared,8,8,1,1,8,1.0,1.0,1.0,1.0,1.0
20000,ZJ-SMB,1990,landsat5,summer_v0,v0_predeclared,8,8,8,15,36,1.0,1.0,1.0,1.0,1.0
20000,ZJ-SMB,1990,landsat5,autumn_primary_v1,biological_target_phase,8,8,1,1,10,1.0,1.0,1.0,1.0,1.0
20000,ZJ-SMB,1990,landsat5,early_season_v1,biological_target_phase,8,8,8,8,28,1.0,1.0,1.0,1.0,1.0
20000,ZJ-SMB,1990,landsat5,__ALL_YEAR__,year,8,8,8,58,148,1.0,1.0,1.0,1.0,1.0
20000,ZJ-SMB,1991,landsat5,autumn_v0,v0_predeclared,8,8,0,0,14,1.0,1.0,1.0,1.0,1.0
20000,ZJ-SMB,1991,landsat5,summer_v0,v0_predeclared,8,8,8,11,32,1.0,1.0,1.0,1.0,1.0
20000,ZJ-SMB,1991,landsat5,autumn_primary_v1,biological_target_phase,8,8,1,1,26,1.0,1.0,1.0,1.0,1.0
20000,ZJ-SMB,1991,landsat5,early_season_v1,biological_target_phase,8,8,1,1,12,1.0,1.0,1.0,1.0,1.0
20000,ZJ-SMB,1991,landsat5,__ALL_YEAR__,year,8,8,8,47,174,1.0,1.0,1.0,1.0,1.0
20000,ZJ-SMB,1992,landsat5,autumn_v0,v0_predeclared,8,8,6,7,36,1.0,1.0,1.0,1.0,1.0
20000,ZJ-SMB,1992,landsat5,summer_v0,v0_predeclared,8,8,8,10,28,1.0,1.0,1.0,1.0,1.0
20000,ZJ-SMB,1992,landsat5,autumn_primary_v1,biological_target_phase,8,8,6,7,36,1.0,1.0,1.0,1.0,1.0
20000,ZJ-SMB,1992,landsat5,early_season_v1,biological_target_phase,8,8,8,9,12,1.0,1.0,1.0,1.0,1.0
20000,ZJ-SMB,1992,landsat5,__ALL_YEAR__,year,8,8,8,67,170,1.0,1.0,1.0,1.0,1.0
20000,ZJ-SMB,1993,landsat5,autumn_v0,v0_predeclared,8,8,0,0,4,1.0,1.0,1.0,1.0,1.0
20000,ZJ-SMB,1993,landsat5,summer_v0,v0_predeclared,8,8,8,9,36,1.0,1.0,1.0,1.0,1.0
20000,ZJ-SMB,1993,landsat5,autumn_primary_v1,biological_target_phase,8,8,0,0,12,1.0,1.0,1.0,1.0,1.0
20000,ZJ-SMB,1993,landsat5,early_season_v1,biological_target_phase,8,8,1,1,8,1.0,1.0,1.0,1.0,1.0
20000,ZJ-SMB,1993,landsat5,__ALL_YEAR__,year,8,8,8,44,144,1.0,1.0,1.0,1.0,1.0
20000,ZJ-SMB,1994,landsat5,autumn_v0,v0_predeclared,8,8,6,6,28,1.0,1.0,1.0,1.0,1.0
20000,ZJ-SMB,1994,landsat5,summer_v0,v0_predeclared,8,8,8,8,36,1.0,1.0,1.0,1.0,1.0
20000,ZJ-SMB,1994,landsat5,autumn_primary_v1,biological_target_phase,8,8,6,7,40,1.0,1.0,1.0,1.0,1.0
20000,ZJ-SMB,1994,landsat5,early_season_v1,biological_target_phase,8,8,8,9,12,1.0,1.0,1.0,1.0,1.0
20000,ZJ-SMB,1994,landsat5,__ALL_YEAR__,year,8,8,8,51,162,1.0,1.0,1.0,1.0,1.0
20000,ZJ-SMB,1995,landsat5,autumn_v0,v0_predeclared,8,8,0,0,2,1.0,1.0,1.0,1.0,1.0
20000,ZJ-SMB,1995,landsat5,summer_v0,v0_predeclared,8,8,8,8,32,1.0,1.0,1.0,1.0,1.0
20000,ZJ-SMB,1995,landsat5,autumn_primary_v1,biological_target_phase,8,8,8,9,14,1.0,1.0,1.0,1.0,1.0
20000,ZJ-SMB,1995,landsat5,early_season_v1,biological_target_phase,8,8,8,8,26,1.0,1.0,1.0,1.0,1.0
20000,ZJ-SMB,1995,landsat5,__ALL_YEAR__,year,8,8,8,67,168,1.0,1.0,1.0,1.0,1.0
20000,ZJ-SMB,1996,landsat5,autumn_v0,v0_predeclared,8,8,8,16,16,1.0,1.0,1.0,1.0,1.0
20000,ZJ-SMB,1996,landsat5,summer_v0,v0_predeclared,8,8,6,6,40,1.0,1.0,1.0,1.0,1.0
20000,ZJ-SMB,1996,landsat5,autumn_primary_v1,biological_target_phase,8,8,8,16,16,1.0,1.0,1.0,1.0,1.0
20000,ZJ-SMB,1996,landsat5,early_season_v1,biological_target_phase,8,8,8,8,10,1.0,1.0,1.0,1.0,1.0
20000,ZJ-SMB,1996,landsat5,__ALL_YEAR__,year,8,8,8,50,140,1.0,1.0,1.0,1.0,1.0
20000,ZJ-SMB,1997,landsat5,autumn_v0,v0_predeclared,8,8,8,16,20,1.0,1.0,1.0,1.0,1.0
20000,ZJ-SMB,1997,landsat5,summer_v0,v0_predeclared,8,8,1,1,30,1.0,1.0,1.0,1.0,1.0
20000,ZJ-SMB,1997,landsat5,autumn_primary_v1,biological_target_phase,8,8,8,24,28,1.0,1.0,1.0,1.0,1.0
20000,ZJ-SMB,1997,landsat5,early_season_v1,biological_target_phase,8,8,0,0,16,1.0,1.0,1.0,1.0,1.0
20000,ZJ-SMB,1997,landsat5,__ALL_YEAR__,year,8,8,8,42,150,1.0,1.0,1.0,1.0,1.0
20000,ZJ-SMB,1998,landsat5,autumn_v0,v0_predeclared,8,8,0,0,24,1.0,1.0,1.0,1.0,1.0
20000,ZJ-SMB,1998,landsat5,summer_v0,v0_predeclared,8,8,8,17,20,1.0,1.0,1.0,1.0,1.0
20000,ZJ-SMB,1998,landsat5,autumn_primary_v1,biological_target_phase,8,8,8,8,32,1.0,1.0,1.0,1.0,1.0
20000,ZJ-SMB,1998,landsat5,early_season_v1,biological_target_phase,8,8,0,0,14,1.0,1.0,1.0,1.0,1.0
20000,ZJ-SMB,1998,landsat5,__ALL_YEAR__,year,8,8,8,50,138,1.0,1.0,1.0,1.0,1.0
20000,ZJ-SMB,1999,landsat5,autumn_v0,v0_predeclared,8,8,8,8,24,1.0,1.0,1.0,1.0,1.0
20000,ZJ-SMB,1999,landsat5,summer_v0,v0_predeclared,8,8,8,8,20,1.0,1.0,1.0,1.0,1.0
20000,ZJ-SMB,1999,landsat5,autumn_primary_v1,biological_target_phase,8,8,8,8,28,1.0,1.0,1.0,1.0,1.0
20000,ZJ-SMB,1999,landsat5,early_season_v1,biological_target_phase,8,8,1,1,12,1.0,1.0,1.0,1.0,1.0
20000,ZJ-SMB,1999,landsat5,__ALL_YEAR__,year,8,8,8,50,144,1.0,1.0,1.0,1.0,1.0
20000,ZJ-SMB,1999,landsat7,autumn_v0,v0_predeclared,8,8,8,8,10,1.0,1.0,1.0,1.0,1.0
20000,ZJ-SMB,1999,landsat7,summer_v0,v0_predeclared,8,8,0,0,0,1.0,1.0,1.0,1.0,1.0
20000,ZJ-SMB,1999,landsat7,autumn_primary_v1,biological_target_phase,8,8,8,8,12,1.0,1.0,1.0,1.0,1.0
20000,ZJ-SMB,1999,landsat7,early_season_v1,biological_target_phase,8,8,0,0,0,1.0,1.0,1.0,1.0,1.0
20000,ZJ-SMB,1999,landsat7,__ALL_YEAR__,year,8,8,8,17,42,1.0,1.0,1.0,1.0,1.0
20000,ZJ-SMB,2000,landsat5,autumn_v0,v0_predeclared,8,8,0,0,28,1.0,1.0,1.0,1.0,1.0
20000,ZJ-SMB,2000,landsat5,summer_v0,v0_predeclared,8,8,6,6,44,1.0,1.0,1.0,1.0,1.0
20000,ZJ-SMB,2000,landsat5,autumn_primary_v1,biological_target_phase,8,8,0,0,32,1.0,1.0,1.0,1.0,1.0
20000,ZJ-SMB,2000,landsat5,early_season_v1,biological_target_phase,8,8,0,0,28,1.0,1.0,1.0,1.0,1.0
20000,ZJ-SMB,2000,landsat5,__ALL_YEAR__,year,8,8,8,31,198,1.0,1.0,1.0,1.0,1.0
20000,ZJ-SMB,2000,landsat7,autumn_v0,v0_predeclared,8,8,8,8,24,1.0,1.0,1.0,1.0,1.0
20000,ZJ-SMB,2000,landsat7,summer_v0,v0_predeclared,8,8,8,9,32,1.0,1.0,1.0,1.0,1.0
20000,ZJ-SMB,2000,landsat7,autumn_primary_v1,biological_target_phase,8,8,8,8,32,1.0,1.0,1.0,1.0,1.0
20000,ZJ-SMB,2000,landsat7,early_season_v1,biological_target_phase,8,8,8,18,24,1.0,1.0,1.0,1.0,1.0
20000,ZJ-SMB,2000,landsat7,__ALL_YEAR__,year,8,8,8,75,168,1.0,1.0,1.0,1.0,1.0
20000,ZJ-SMB,2001,landsat5,autumn_v0,v0_predeclared,8,8,6,7,20,1.0,1.0,1.0,1.0,1.0
20000,ZJ-SMB,2001,landsat5,summer_v0,v0_predeclared,8,8,8,10,38,1.0,1.0,1.0,1.0,1.0
20000,ZJ-SMB,2001,landsat5,autumn_primary_v1,biological_target_phase,8,8,8,15,28,1.0,1.0,1.0,1.0,1.0
20000,ZJ-SMB,2001,landsat5,early_season_v1,biological_target_phase,8,8,8,8,16,1.0,1.0,1.0,1.0,1.0
20000,ZJ-SMB,2001,landsat5,__ALL_YEAR__,year,8,8,8,66,172,1.0,1.0,1.0,1.0,1.0
20000,ZJ-SMB,2001,landsat7,autumn_v0,v0_predeclared,8,8,0,0,28,1.0,1.0,1.0,1.0,1.0
20000,ZJ-SMB,2001,landsat7,summer_v0,v0_predeclared,8,8,8,9,40,1.0,1.0,1.0,1.0,1.0
20000,ZJ-SMB,2001,landsat7,autumn_primary_v1,biological_target_phase,8,8,0,0,36,1.0,1.0,1.0,1.0,1.0
20000,ZJ-SMB,2001,landsat7,early_season_v1,biological_target_phase,8,8,1,1,20,1.0,1.0,1.0,1.0,1.0
20000,ZJ-SMB,2001,landsat7,__ALL_YEAR__,year,8,8,8,50,218,1.0,1.0,1.0,1.0,1.0
20000,ZJ-SMB,2002,landsat5,autumn_v0,v0_predeclared,8,8,8,9,20,1.0,1.0,1.0,1.0,1.0
20000,ZJ-SMB,2002,landsat5,summer_v0,v0_predeclared,8,8,8,17,28,1.0,1.0,1.0,1.0,1.0
20000,ZJ-SMB,2002,landsat5,autumn_primary_v1,biological_target_phase,8,8,8,9,20,1.0,1.0,1.0,1.0,1.0
20000,ZJ-SMB,2002,landsat5,early_season_v1,biological_target_phase,8,8,0,0,0,1.0,1.0,1.0,1.0,1.0
20000,ZJ-SMB,2002,landsat5,__ALL_YEAR__,year,8,8,8,53,114,1.0,1.0,1.0,1.0,1.0
20000,ZJ-SMB,2002,landsat7,autumn_v0,v0_predeclared,8,8,8,9,24,1.0,1.0,1.0,1.0,1.0
20000,ZJ-SMB,2002,landsat7,summer_v0,v0_predeclared,8,8,0,0,26,1.0,1.0,1.0,1.0,1.0
20000,ZJ-SMB,2002,landsat7,autumn_primary_v1,biological_target_phase,8,8,8,18,36,1.0,1.0,1.0,1.0,1.0
20000,ZJ-SMB,2002,landsat7,early_season_v1,biological_target_phase,8,8,1,1,24,1.0,1.0,1.0,1.0,1.0
20000,ZJ-SMB,2002,landsat7,__ALL_YEAR__,year,8,8,8,63,180,1.0,1.0,1.0,1.0,1.0
20000,ZJ-SMB,2003,landsat5,autumn_v0,v0_predeclared,8,8,8,9,20,1.0,1.0,1.0,1.0,1.0
20000,ZJ-SMB,2003,landsat5,summer_v0,v0_predeclared,8,8,1,1,36,1.0,1.0,1.0,1.0,1.0
20000,ZJ-SMB,2003,landsat5,autumn_primary_v1,biological_target_phase,8,8,8,10,24,1.0,1.0,1.0,1.0,1.0
20000,ZJ-SMB,2003,landsat5,early_season_v1,biological_target_phase,8,8,8,8,8,1.0,1.0,1.0,1.0,1.0
20000,ZJ-SMB,2003,landsat5,__ALL_YEAR__,year,8,8,8,46,156,1.0,1.0,1.0,1.0,1.0
20000,ZJ-SMB,2003,landsat7,autumn_v0,v0_predeclared,8,8,8,17,24,1.0,1.0,1.0,1.0,1.0
20000,ZJ-SMB,2003,landsat7,summer_v0,v0_predeclared,8,8,8,9,12,1.0,1.0,1.0,1.0,1.0
20000,ZJ-SMB,2003,landsat7,autumn_primary_v1,biological_target_phase,8,8,8,23,36,1.0,1.0,1.0,1.0,1.0
20000,ZJ-SMB,2003,landsat7,early_season_v1,biological_target_phase,8,8,8,9,20,1.0,1.0,1.0,1.0,1.0
20000,ZJ-SMB,2003,landsat7,__ALL_YEAR__,year,8,8,8,65,134,1.0,1.0,1.0,1.0,1.0
20000,ZJ-SMB,2004,landsat5,autumn_v0,v0_predeclared,8,8,1,1,16,1.0,1.0,1.0,1.0,1.0
20000,ZJ-SMB,2004,landsat5,summer_v0,v0_predeclared,8,8,1,2,28,1.0,1.0,1.0,1.0,1.0
20000,ZJ-SMB,2004,landsat5,autumn_primary_v1,biological_target_phase,8,8,1,1,16,1.0,1.0,1.0,1.0,1.0
20000,ZJ-SMB,2004,landsat5,early_season_v1,biological_target_phase,8,8,1,1,20,1.0,1.0,1.0,1.0,1.0
20000,ZJ-SMB,2004,landsat5,__ALL_YEAR__,year,8,8,8,39,174,1.0,1.0,1.0,1.0,1.0
20000,ZJ-SMB,2004,landsat7,autumn_v0,v0_predeclared,8,8,8,22,32,1.0,1.0,1.0,1.0,1.0
20000,ZJ-SMB,2004,landsat7,summer_v0,v0_predeclared,8,8,6,9,44,1.0,1.0,1.0,1.0,1.0
20000,ZJ-SMB,2004,landsat7,autumn_primary_v1,biological_target_phase,8,8,8,22,36,1.0,1.0,1.0,1.0,1.0
20000,ZJ-SMB,2004,landsat7,early_season_v1,biological_target_phase,8,8,0,0,10,1.0,1.0,1.0,1.0,1.0
20000,ZJ-SMB,2004,landsat7,__ALL_YEAR__,year,8,8,8,50,168,1.0,1.0,1.0,1.0,1.0
20000,ZJ-SMB,2005,landsat5,autumn_v0,v0_predeclared,8,8,1,1,24,1.0,1.0,1.0,1.0,1.0
20000,ZJ-SMB,2005,landsat5,summer_v0,v0_predeclared,8,8,8,10,38,1.0,1.0,1.0,1.0,1.0
20000,ZJ-SMB,2005,landsat5,autumn_primary_v1,biological_target_phase,8,8,1,1,32,1.0,1.0,1.0,1.0,1.0
20000,ZJ-SMB,2005,landsat5,early_season_v1,biological_target_phase,8,8,1,1,22,1.0,1.0,1.0,1.0,1.0
20000,ZJ-SMB,2005,landsat5,__ALL_YEAR__,year,8,8,8,29,164,1.0,1.0,1.0,1.0,1.0
20000,ZJ-SMB,2005,landsat7,autumn_v0,v0_predeclared,8,8,8,9,28,1.0,1.0,1.0,1.0,1.0
20000,ZJ-SMB,2005,landsat7,summer_v0,v0_predeclared,8,8,8,10,32,1.0,1.0,1.0,1.0,1.0
20000,ZJ-SMB,2005,landsat7,autumn_primary_v1,biological_target_phase,8,8,8,9,28,1.0,1.0,1.0,1.0,1.0
20000,ZJ-SMB,2005,landsat7,early_season_v1,biological_target_phase,8,8,8,8,12,1.0,1.0,1.0,1.0,1.0
20000,ZJ-SMB,2005,landsat7,__ALL_YEAR__,year,8,8,8,60,186,1.0,1.0,1.0,1.0,1.0
20000,ZJ-SMB,2006,landsat5,autumn_v0,v0_predeclared,8,8,8,18,36,1.0,1.0,1.0,1.0,1.0
20000,ZJ-SMB,2006,landsat5,summer_v0,v0_predeclared,8,8,6,7,32,1.0,1.0,1.0,1.0,1.0
20000,ZJ-SMB,2006,landsat5,autumn_primary_v1,biological_target_phase,8,8,8,19,40,1.0,1.0,1.0,1.0,1.0
20000,ZJ-SMB,2006,landsat5,early_season_v1,biological_target_phase,8,8,0,0,12,1.0,1.0,1.0,1.0,1.0
20000,ZJ-SMB,2006,landsat5,__ALL_YEAR__,year,8,8,8,53,168,1.0,1.0,1.0,1.0,1.0
20000,ZJ-SMB,2006,landsat7,autumn_v0,v0_predeclared,8,8,8,17,36,1.0,1.0,1.0,1.0,1.0
20000,ZJ-SMB,2006,landsat7,summer_v0,v0_predeclared,8,8,0,0,10,1.0,1.0,1.0,1.0,1.0
20000,ZJ-SMB,2006,landsat7,autumn_primary_v1,biological_target_phase,8,8,8,17,48,1.0,1.0,1.0,1.0,1.0
20000,ZJ-SMB,2006,landsat7,early_season_v1,biological_target_phase,8,8,1,1,22,1.0,1.0,1.0,1.0,1.0
20000,ZJ-SMB,2006,landsat7,__ALL_YEAR__,year,8,8,8,36,164,1.0,1.0,1.0,1.0,1.0
20000,ZJ-SMB,2007,landsat5,autumn_v0,v0_predeclared,8,8,1,1,12,1.0,1.0,1.0,1.0,1.0
20000,ZJ-SMB,2007,landsat5,summer_v0,v0_predeclared,8,8,8,10,44,1.0,1.0,1.0,1.0,1.0
20000,ZJ-SMB,2007,landsat5,autumn_primary_v1,biological_target_phase,8,8,1,1,12,1.0,1.0,1.0,1.0,1.0
20000,ZJ-SMB,2007,landsat5,early_season_v1,biological_target_phase,8,8,1,1,18,1.0,1.0,1.0,1.0,1.0
20000,ZJ-SMB,2007,landsat5,__ALL_YEAR__,year,8,8,8,35,174,1.0,1.0,1.0,1.0,1.0
20000,ZJ-SMB,2007,landsat7,autumn_v0,v0_predeclared,8,8,1,1,16,1.0,1.0,1.0,1.0,1.0
20000,ZJ-SMB,2007,landsat7,summer_v0,v0_predeclared,8,8,1,2,14,1.0,1.0,1.0,1.0,1.0
20000,ZJ-SMB,2007,landsat7,autumn_primary_v1,biological_target_phase,8,8,8,9,28,1.0,1.0,1.0,1.0,1.0
20000,ZJ-SMB,2007,landsat7,early_season_v1,biological_target_phase,8,8,8,16,20,1.0,1.0,1.0,1.0,1.0
20000,ZJ-SMB,2007,landsat7,__ALL_YEAR__,year,8,8,8,59,182,1.0,1.0,1.0,1.0,1.0
20000,ZJ-SMB,2008,landsat5,autumn_v0,v0_predeclared,8,8,8,9,30,1.0,1.0,1.0,1.0,1.0
20000,ZJ-SMB,2008,landsat5,summer_v0,v0_predeclared,8,8,8,9,30,1.0,1.0,1.0,1.0,1.0
20000,ZJ-SMB,2008,landsat5,autumn_primary_v1,biological_target_phase,8,8,8,10,34,1.0,1.0,1.0,1.0,1.0
20000,ZJ-SMB,2008,landsat5,early_season_v1,biological_target_phase,8,8,8,17,28,1.0,1.0,1.0,1.0,1.0
20000,ZJ-SMB,2008,landsat5,__ALL_YEAR__,year,8,8,8,55,176,1.0,1.0,1.0,1.0,1.0
20000,ZJ-SMB,2008,landsat7,autumn_v0,v0_predeclared,8,8,6,7,28,1.0,1.0,1.0,1.0,1.0
20000,ZJ-SMB,2008,landsat7,summer_v0,v0_predeclared,8,8,8,22,36,1.0,1.0,1.0,1.0,1.0
20000,ZJ-SMB,2008,landsat7,autumn_primary_v1,biological_target_phase,8,8,6,13,40,1.0,1.0,1.0,1.0,1.0
20000,ZJ-SMB,2008,landsat7,early_season_v1,biological_target_phase,8,8,1,2,24,1.0,1.0,1.0,1.0,1.0
20000,ZJ-SMB,2008,landsat7,__ALL_YEAR__,year,8,8,8,65,198,1.0,1.0,1.0,1.0,1.0
20000,ZJ-SMB,2009,landsat5,autumn_v0,v0_predeclared,8,8,8,9,32,1.0,1.0,1.0,1.0,1.0
20000,ZJ-SMB,2009,landsat5,summer_v0,v0_predeclared,8,8,8,16,26,1.0,1.0,1.0,1.0,1.0
20000,ZJ-SMB,2009,landsat5,autumn_primary_v1,biological_target_phase,8,8,8,17,40,1.0,1.0,1.0,1.0,1.0
20000,ZJ-SMB,2009,landsat5,early_season_v1,biological_target_phase,8,8,8,10,32,1.0,1.0,1.0,1.0,1.0
20000,ZJ-SMB,2009,landsat5,__ALL_YEAR__,year,8,8,8,60,160,1.0,1.0,1.0,1.0,1.0
20000,ZJ-SMB,2009,landsat7,autumn_v0,v0_predeclared,8,8,8,10,28,1.0,1.0,1.0,1.0,1.0
20000,ZJ-SMB,2009,landsat7,summer_v0,v0_predeclared,8,8,1,1,18,1.0,1.0,1.0,1.0,1.0
20000,ZJ-SMB,2009,landsat7,autumn_primary_v1,biological_target_phase,8,8,8,10,36,1.0,1.0,1.0,1.0,1.0
20000,ZJ-SMB,2009,landsat7,early_season_v1,biological_target_phase,8,8,8,9,24,1.0,1.0,1.0,1.0,1.0
20000,ZJ-SMB,2009,landsat7,__ALL_YEAR__,year,8,8,8,49,146,1.0,1.0,1.0,1.0,1.0
20000,ZJ-SMB,2010,landsat5,autumn_v0,v0_predeclared,8,8,6,7,16,1.0,1.0,1.0,1.0,1.0
20000,ZJ-SMB,2010,landsat5,summer_v0,v0_predeclared,8,8,8,9,20,1.0,1.0,1.0,1.0,1.0
20000,ZJ-SMB,2010,landsat5,autumn_primary_v1,biological_target_phase,8,8,8,15,28,1.0,1.0,1.0,1.0,1.0
20000,ZJ-SMB,2010,landsat5,early_season_v1,biological_target_phase,8,8,8,8,20,1.0,1.0,1.0,1.0,1.0
20000,ZJ-SMB,2010,landsat5,__ALL_YEAR__,year,8,8,8,59,144,1.0,1.0,1.0,1.0,1.0
20000,ZJ-SMB,2010,landsat7,autumn_v0,v0_predeclared,8,8,8,8,16,1.0,1.0,1.0,1.0,1.0
20000,ZJ-SMB,2010,landsat7,summer_v0,v0_predeclared,8,8,8,9,12,1.0,1.0,1.0,1.0,1.0
20000,ZJ-SMB,2010,landsat7,autumn_primary_v1,biological_target_phase,8,8,8,9,20,1.0,1.0,1.0,1.0,1.0
20000,ZJ-SMB,2010,landsat7,early_season_v1,biological_target_phase,8,8,8,8,20,1.0,1.0,1.0,1.0,1.0
20000,ZJ-SMB,2010,landsat7,__ALL_YEAR__,year,8,8,8,69,152,1.0,1.0,1.0,1.0,1.0
20000,ZJ-SMB,2011,landsat5,autumn_v0,v0_predeclared,8,8,0,0,8,1.0,1.0,1.0,1.0,1.0
20000,ZJ-SMB,2011,landsat5,summer_v0,v0_predeclared,8,8,8,8,10,1.0,1.0,1.0,1.0,1.0
20000,ZJ-SMB,2011,landsat5,autumn_primary_v1,biological_target_phase,8,8,8,8,16,1.0,1.0,1.0,1.0,1.0
20000,ZJ-SMB,2011,landsat5,early_season_v1,biological_target_phase,8,8,8,8,16,1.0,1.0,1.0,1.0,1.0
20000,ZJ-SMB,2011,landsat5,__ALL_YEAR__,year,8,8,8,41,108,1.0,1.0,1.0,1.0,1.0
20000,ZJ-SMB,2011,landsat7,autumn_v0,v0_predeclared,8,8,8,9,24,1.0,1.0,1.0,1.0,1.0
20000,ZJ-SMB,2011,landsat7,summer_v0,v0_predeclared,8,8,0,0,0,1.0,1.0,1.0,1.0,1.0
20000,ZJ-SMB,2011,landsat7,autumn_primary_v1,biological_target_phase,8,8,8,9,28,1.0,1.0,1.0,1.0,1.0
20000,ZJ-SMB,2011,landsat7,early_season_v1,biological_target_phase,8,8,0,0,8,1.0,1.0,1.0,1.0,1.0
20000,ZJ-SMB,2011,landsat7,__ALL_YEAR__,year,8,8,8,63,150,1.0,1.0,1.0,1.0,1.0
20000,ZJ-SMB,2012,landsat7,autumn_v0,v0_predeclared,8,8,8,22,32,1.0,1.0,1.0,1.0,1.0
20000,ZJ-SMB,2012,landsat7,summer_v0,v0_predeclared,8,8,0,0,6,1.0,1.0,1.0,1.0,1.0
20000,ZJ-SMB,2012,landsat7,autumn_primary_v1,biological_target_phase,8,8,8,30,44,1.0,1.0,1.0,1.0,1.0
20000,ZJ-SMB,2012,landsat7,early_season_v1,biological_target_phase,8,8,8,9,20,1.0,1.0,1.0,1.0,1.0
20000,ZJ-SMB,2012,landsat7,__ALL_YEAR__,year,8,8,8,70,156,1.0,1.0,1.0,1.0,1.0
20000,ZJ-SMB,2013,landsat7,autumn_v0,v0_predeclared,8,8,6,7,32,1.0,1.0,1.0,1.0,1.0
20000,ZJ-SMB,2013,landsat7,summer_v0,v0_predeclared,8,8,1,1,16,1.0,1.0,1.0,1.0,1.0
20000,ZJ-SMB,2013,landsat7,autumn_primary_v1,biological_target_phase,8,8,6,7,40,1.0,1.0,1.0,1.0,1.0
20000,ZJ-SMB,2013,landsat7,early_season_v1,biological_target_phase,8,8,8,8,8,1.0,1.0,1.0,1.0,1.0
20000,ZJ-SMB,2013,landsat7,__ALL_YEAR__,year,8,8,8,58,164,1.0,1.0,1.0,1.0,1.0
20000,ZJ-SMB,2013,landsat8,autumn_v0,v0_predeclared,8,8,6,7,26,1.0,1.0,1.0,1.0,1.0
20000,ZJ-SMB,2013,landsat8,summer_v0,v0_predeclared,8,8,6,6,36,1.0,1.0,1.0,1.0,1.0
20000,ZJ-SMB,2013,landsat8,autumn_primary_v1,biological_target_phase,8,8,6,7,30,1.0,1.0,1.0,1.0,1.0
20000,ZJ-SMB,2013,landsat8,early_season_v1,biological_target_phase,8,8,0,0,20,1.0,1.0,1.0,1.0,1.0
20000,ZJ-SMB,2013,landsat8,__ALL_YEAR__,year,8,8,8,41,154,1.0,1.0,1.0,1.0,1.0
20000,ZJ-SMB,2014,landsat7,autumn_v0,v0_predeclared,8,8,6,7,26,1.0,1.0,1.0,1.0,1.0
20000,ZJ-SMB,2014,landsat7,summer_v0,v0_predeclared,8,8,1,1,32,1.0,1.0,1.0,1.0,1.0
20000,ZJ-SMB,2014,landsat7,autumn_primary_v1,biological_target_phase,8,8,6,8,38,1.0,1.0,1.0,1.0,1.0
20000,ZJ-SMB,2014,landsat7,early_season_v1,biological_target_phase,8,8,0,0,24,1.0,1.0,1.0,1.0,1.0
20000,ZJ-SMB,2014,landsat7,__ALL_YEAR__,year,8,8,8,43,208,1.0,1.0,1.0,1.0,1.0
20000,ZJ-SMB,2014,landsat8,autumn_v0,v0_predeclared,8,8,8,17,32,1.0,1.0,1.0,1.0,1.0
20000,ZJ-SMB,2014,landsat8,summer_v0,v0_predeclared,8,8,8,9,34,1.0,1.0,1.0,1.0,1.0
20000,ZJ-SMB,2014,landsat8,autumn_primary_v1,biological_target_phase,8,8,8,25,44,1.0,1.0,1.0,1.0,1.0
20000,ZJ-SMB,2014,landsat8,early_season_v1,biological_target_phase,8,8,1,1,14,1.0,1.0,1.0,1.0,1.0
20000,ZJ-SMB,2014,landsat8,__ALL_YEAR__,year,8,8,8,74,212,1.0,1.0,1.0,1.0,1.0
20000,ZJ-SMB,2015,landsat7,autumn_v0,v0_predeclared,8,8,0,0,12,1.0,1.0,1.0,1.0,1.0
20000,ZJ-SMB,2015,landsat7,summer_v0,v0_predeclared,8,8,8,9,30,1.0,1.0,1.0,1.0,1.0
20000,ZJ-SMB,2015,landsat7,autumn_primary_v1,biological_target_phase,8,8,0,0,20,1.0,1.0,1.0,1.0,1.0
20000,ZJ-SMB,2015,landsat7,early_season_v1,biological_target_phase,8,8,8,9,20,1.0,1.0,1.0,1.0,1.0
20000,ZJ-SMB,2015,landsat7,__ALL_YEAR__,year,8,8,8,31,166,1.0,1.0,1.0,1.0,1.0
20000,ZJ-SMB,2015,landsat8,autumn_v0,v0_predeclared,8,8,1,1,12,1.0,1.0,1.0,1.0,1.0
20000,ZJ-SMB,2015,landsat8,summer_v0,v0_predeclared,8,8,1,1,26,1.0,1.0,1.0,1.0,1.0
20000,ZJ-SMB,2015,landsat8,autumn_primary_v1,biological_target_phase,8,8,1,1,20,1.0,1.0,1.0,1.0,1.0
20000,ZJ-SMB,2015,landsat8,early_season_v1,biological_target_phase,8,8,1,1,20,1.0,1.0,1.0,1.0,1.0
20000,ZJ-SMB,2015,landsat8,__ALL_YEAR__,year,8,8,8,36,176,1.0,1.0,1.0,1.0,1.0
20000,ZJ-SMB,2015,sentinel1,autumn_v0,v0_predeclared,8,8,0,0,0,1.0,1.0,1.0,1.0,1.0
20000,ZJ-SMB,2015,sentinel1,summer_v0,v0_predeclared,8,8,8,8,8,1.0,1.0,1.0,1.0,1.0
20000,ZJ-SMB,2015,sentinel1,autumn_primary_v1,biological_target_phase,8,8,0,0,0,1.0,1.0,1.0,1.0,1.0
20000,ZJ-SMB,2015,sentinel1,early_season_v1,biological_target_phase,8,8,8,8,8,1.0,1.0,1.0,1.0,1.0
20000,ZJ-SMB,2015,sentinel1,__ALL_YEAR__,year,8,8,8,24,24,1.0,1.0,1.0,1.0,1.0
20000,ZJ-SMB,2016,landsat7,autumn_v0,v0_predeclared,8,8,1,1,24,1.0,1.0,1.0,1.0,1.0
20000,ZJ-SMB,2016,landsat7,summer_v0,v0_predeclared,8,8,8,10,24,1.0,1.0,1.0,1.0,1.0
20000,ZJ-SMB,2016,landsat7,autumn_primary_v1,biological_target_phase,8,8,1,1,28,1.0,1.0,1.0,1.0,1.0
20000,ZJ-SMB,2016,landsat7,early_season_v1,biological_target_phase,8,8,0,0,8,1.0,1.0,1.0,1.0,1.0
20000,ZJ-SMB,2016,landsat7,__ALL_YEAR__,year,8,8,8,28,156,1.0,1.0,1.0,1.0,1.0
20000,ZJ-SMB,2016,landsat8,autumn_v0,v0_predeclared,8,8,1,1,24,1.0,1.0,1.0,1.0,1.0
20000,ZJ-SMB,2016,landsat8,summer_v0,v0_predeclared,8,8,8,10,42,1.0,1.0,1.0,1.0,1.0
20000,ZJ-SMB,2016,landsat8,autumn_primary_v1,biological_target_phase,8,8,1,1,28,1.0,1.0,1.0,1.0,1.0
20000,ZJ-SMB,2016,landsat8,early_season_v1,biological_target_phase,8,8,8,8,16,1.0,1.0,1.0,1.0,1.0
20000,ZJ-SMB,2016,landsat8,__ALL_YEAR__,year,8,8,8,52,182,1.0,1.0,1.0,1.0,1.0
20000,ZJ-SMB,2017,landsat7,autumn_v0,v0_predeclared,8,8,8,9,32,1.0,1.0,1.0,1.0,1.0
20000,ZJ-SMB,2017,landsat7,summer_v0,v0_predeclared,8,8,1,1,36,1.0,1.0,1.0,1.0,1.0
20000,ZJ-SMB,2017,landsat7,autumn_primary_v1,biological_target_phase,8,8,8,15,44,1.0,1.0,1.0,1.0,1.0
20000,ZJ-SMB,2017,landsat7,early_season_v1,biological_target_phase,8,8,1,1,16,1.0,1.0,1.0,1.0,1.0
20000,ZJ-SMB,2017,landsat7,__ALL_YEAR__,year,8,8,8,58,194,1.0,1.0,1.0,1.0,1.0
20000,ZJ-SMB,2017,landsat8,autumn_v0,v0_predeclared,8,8,8,9,28,1.0,1.0,1.0,1.0,1.0
20000,ZJ-SMB,2017,landsat8,summer_v0,v0_predeclared,8,8,8,16,24,1.0,1.0,1.0,1.0,1.0
20000,ZJ-SMB,2017,landsat8,autumn_primary_v1,biological_target_phase,8,8,8,9,30,1.0,1.0,1.0,1.0,1.0
20000,ZJ-SMB,2017,landsat8,early_season_v1,biological_target_phase,8,8,1,1,20,1.0,1.0,1.0,1.0,1.0
20000,ZJ-SMB,2017,landsat8,__ALL_YEAR__,year,8,8,8,67,178,1.0,1.0,1.0,1.0,1.0
20000,ZJ-SMB,2017,sentinel2,autumn_v0,v0_predeclared,8,8,8,8,11,1.0,1.0,1.0,1.0,1.0
20000,ZJ-SMB,2017,sentinel2,summer_v0,v0_predeclared,8,8,8,8,8,1.0,1.0,1.0,1.0,1.0
20000,ZJ-SMB,2017,sentinel2,autumn_primary_v1,biological_target_phase,8,8,8,8,11,1.0,1.0,1.0,1.0,1.0
20000,ZJ-SMB,2017,sentinel2,early_season_v1,biological_target_phase,8,8,8,8,8,1.0,1.0,1.0,1.0,1.0
20000,ZJ-SMB,2017,sentinel2,__ALL_YEAR__,year,8,8,8,104,107,1.0,1.0,1.0,1.0,1.0
20000,ZJ-SMB,2018,landsat7,autumn_v0,v0_predeclared,8,8,8,8,24,1.0,1.0,1.0,1.0,1.0
20000,ZJ-SMB,2018,landsat7,summer_v0,v0_predeclared,8,8,1,1,40,1.0,1.0,1.0,1.0,1.0
20000,ZJ-SMB,2018,landsat7,autumn_primary_v1,biological_target_phase,8,8,8,8,24,1.0,1.0,1.0,1.0,1.0
20000,ZJ-SMB,2018,landsat7,early_season_v1,biological_target_phase,8,8,0,0,18,1.0,1.0,1.0,1.0,1.0
20000,ZJ-SMB,2018,landsat7,__ALL_YEAR__,year,8,8,8,36,174,1.0,1.0,1.0,1.0,1.0
20000,ZJ-SMB,2018,landsat8,autumn_v0,v0_predeclared,8,8,8,10,24,1.0,1.0,1.0,1.0,1.0
20000,ZJ-SMB,2018,landsat8,summer_v0,v0_predeclared,8,8,8,10,48,1.0,1.0,1.0,1.0,1.0
20000,ZJ-SMB,2018,landsat8,autumn_primary_v1,biological_target_phase,8,8,8,10,24,1.0,1.0,1.0,1.0,1.0
20000,ZJ-SMB,2018,landsat8,early_season_v1,biological_target_phase,8,8,0,0,26,1.0,1.0,1.0,1.0,1.0
20000,ZJ-SMB,2018,landsat8,__ALL_YEAR__,year,8,8,8,54,182,1.0,1.0,1.0,1.0,1.0
20000,ZJ-SMB,2018,sentinel1,autumn_v0,v0_predeclared,8,8,0,0,0,1.0,1.0,1.0,1.0,1.0
20000,ZJ-SMB,2018,sentinel1,summer_v0,v0_predeclared,8,8,0,0,0,1.0,1.0,1.0,1.0,1.0
20000,ZJ-SMB,2018,sentinel1,autumn_primary_v1,biological_target_phase,8,8,0,0,0,1.0,1.0,1.0,1.0,1.0
20000,ZJ-SMB,2018,sentinel1,early_season_v1,biological_target_phase,8,8,0,0,0,1.0,1.0,1.0,1.0,1.0
20000,ZJ-SMB,2018,sentinel1,__ALL_YEAR__,year,8,8,8,13,16,1.0,1.0,1.0,1.0,1.0
20000,ZJ-SMB,2018,sentinel2,autumn_v0,v0_predeclared,8,8,0,0,6,1.0,1.0,1.0,1.0,1.0
20000,ZJ-SMB,2018,sentinel2,summer_v0,v0_predeclared,8,8,8,8,8,1.0,1.0,1.0,1.0,1.0
20000,ZJ-SMB,2018,sentinel2,autumn_primary_v1,biological_target_phase,8,8,0,0,6,1.0,1.0,1.0,1.0,1.0
20000,ZJ-SMB,2018,sentinel2,early_season_v1,biological_target_phase,8,8,0,0,0,1.0,1.0,1.0,1.0,1.0
20000,ZJ-SMB,2018,sentinel2,__ALL_YEAR__,year,8,8,8,80,126,1.0,1.0,1.0,1.0,1.0
20000,ZJ-SMB,2019,landsat7,autumn_v0,v0_predeclared,8,8,8,14,32,1.0,1.0,1.0,1.0,1.0
20000,ZJ-SMB,2019,landsat7,summer_v0,v0_predeclared,8,8,1,1,14,1.0,1.0,1.0,1.0,1.0
20000,ZJ-SMB,2019,landsat7,autumn_primary_v1,biological_target_phase,8,8,8,22,40,1.0,1.0,1.0,1.0,1.0
20000,ZJ-SMB,2019,landsat7,early_season_v1,biological_target_phase,8,8,6,7,14,1.0,1.0,1.0,1.0,1.0
20000,ZJ-SMB,2019,landsat7,__ALL_YEAR__,year,8,8,8,72,158,1.0,1.0,1.0,1.0,1.0
20000,ZJ-SMB,2019,landsat8,autumn_v0,v0_predeclared,8,8,1,2,20,1.0,1.0,1.0,1.0,1.0
20000,ZJ-SMB,2019,landsat8,summer_v0,v0_predeclared,8,8,8,9,44,1.0,1.0,1.0,1.0,1.0
20000,ZJ-SMB,2019,landsat8,autumn_primary_v1,biological_target_phase,8,8,8,11,32,1.0,1.0,1.0,1.0,1.0
20000,ZJ-SMB,2019,landsat8,early_season_v1,biological_target_phase,8,8,6,7,20,1.0,1.0,1.0,1.0,1.0
20000,ZJ-SMB,2019,landsat8,__ALL_YEAR__,year,8,8,8,65,224,1.0,1.0,1.0,1.0,1.0
20000,ZJ-SMB,2019,sentinel1,autumn_v0,v0_predeclared,8,8,0,0,0,1.0,1.0,1.0,1.0,1.0
20000,ZJ-SMB,2019,sentinel1,summer_v0,v0_predeclared,8,8,0,0,0,1.0,1.0,1.0,1.0,1.0
20000,ZJ-SMB,2019,sentinel1,autumn_primary_v1,biological_target_phase,8,8,0,0,0,1.0,1.0,1.0,1.0,1.0
20000,ZJ-SMB,2019,sentinel1,early_season_v1,biological_target_phase,8,8,0,0,0,1.0,1.0,1.0,1.0,1.0
20000,ZJ-SMB,2019,sentinel1,__ALL_YEAR__,year,8,8,8,13,16,1.0,1.0,1.0,1.0,1.0
20000,ZJ-SMB,2019,sentinel2,autumn_v0,v0_predeclared,8,8,8,56,159,1.0,1.0,1.0,1.0,1.0
20000,ZJ-SMB,2019,sentinel2,summer_v0,v0_predeclared,8,8,8,26,195,1.0,1.0,1.0,1.0,1.0
20000,ZJ-SMB,2019,sentinel2,autumn_primary_v1,biological_target_phase,8,8,8,80,207,1.0,1.0,1.0,1.0,1.0
20000,ZJ-SMB,2019,sentinel2,early_season_v1,biological_target_phase,8,8,8,37,120,1.0,1.0,1.0,1.0,1.0
20000,ZJ-SMB,2019,sentinel2,__ALL_YEAR__,year,8,8,8,302,1196,1.0,1.0,1.0,1.0,1.0
20000,ZJ-SMB,2020,landsat7,autumn_v0,v0_predeclared,8,8,8,15,32,1.0,1.0,1.0,1.0,1.0
20000,ZJ-SMB,2020,landsat7,summer_v0,v0_predeclared,8,8,0,0,14,1.0,1.0,1.0,1.0,1.0
20000,ZJ-SMB,2020,landsat7,autumn_primary_v1,biological_target_phase,8,8,8,24,44,1.0,1.0,1.0,1.0,1.0
20000,ZJ-SMB,2020,landsat7,early_season_v1,biological_target_phase,8,8,8,16,28,1.0,1.0,1.0,1.0,1.0
20000,ZJ-SMB,2020,landsat7,__ALL_YEAR__,year,8,8,8,57,184,1.0,1.0,1.0,1.0,1.0
20000,ZJ-SMB,2020,landsat8,autumn_v0,v0_predeclared,8,8,1,2,24,1.0,1.0,1.0,1.0,1.0
20000,ZJ-SMB,2020,landsat8,summer_v0,v0_predeclared,8,8,0,0,24,1.0,1.0,1.0,1.0,1.0
20000,ZJ-SMB,2020,landsat8,autumn_primary_v1,biological_target_phase,8,8,1,2,24,1.0,1.0,1.0,1.0,1.0
20000,ZJ-SMB,2020,landsat8,early_season_v1,biological_target_phase,8,8,0,0,18,1.0,1.0,1.0,1.0,1.0
20000,ZJ-SMB,2020,landsat8,__ALL_YEAR__,year,8,8,8,28,174,1.0,1.0,1.0,1.0,1.0
20000,ZJ-SMB,2020,sentinel2,autumn_v0,v0_predeclared,8,8,8,16,153,1.0,1.0,1.0,1.0,1.0
20000,ZJ-SMB,2020,sentinel2,summer_v0,v0_predeclared,8,8,8,13,192,1.0,1.0,1.0,1.0,1.0
20000,ZJ-SMB,2020,sentinel2,autumn_primary_v1,biological_target_phase,8,8,8,34,201,1.0,1.0,1.0,1.0,1.0
20000,ZJ-SMB,2020,sentinel2,early_season_v1,biological_target_phase,8,8,8,31,131,1.0,1.0,1.0,1.0,1.0
20000,ZJ-SMB,2020,sentinel2,__ALL_YEAR__,year,8,8,8,277,1195,1.0,1.0,1.0,1.0,1.0
20000,ZJ-SMB,2021,landsat7,autumn_v0,v0_predeclared,8,8,8,8,26,1.0,1.0,1.0,1.0,1.0
20000,ZJ-SMB,2021,landsat7,summer_v0,v0_predeclared,8,8,0,0,10,1.0,1.0,1.0,1.0,1.0
20000,ZJ-SMB,2021,landsat7,autumn_primary_v1,biological_target_phase,8,8,8,16,38,1.0,1.0,1.0,1.0,1.0
20000,ZJ-SMB,2021,landsat7,early_season_v1,biological_target_phase,8,8,1,1,18,1.0,1.0,1.0,1.0,1.0
20000,ZJ-SMB,2021,landsat7,__ALL_YEAR__,year,8,8,8,44,148,1.0,1.0,1.0,1.0,1.0
20000,ZJ-SMB,2021,landsat8,autumn_v0,v0_predeclared,8,8,8,9,36,1.0,1.0,1.0,1.0,1.0
20000,ZJ-SMB,2021,landsat8,summer_v0,v0_predeclared,8,8,0,0,24,1.0,1.0,1.0,1.0,1.0
20000,ZJ-SMB,2021,landsat8,autumn_primary_v1,biological_target_phase,8,8,8,9,44,1.0,1.0,1.0,1.0,1.0
20000,ZJ-SMB,2021,landsat8,early_season_v1,biological_target_phase,8,8,0,0,20,1.0,1.0,1.0,1.0,1.0
20000,ZJ-SMB,2021,landsat8,__ALL_YEAR__,year,8,8,8,31,186,1.0,1.0,1.0,1.0,1.0
20000,ZJ-SMB,2021,sentinel1,autumn_v0,v0_predeclared,8,8,0,0,0,1.0,1.0,1.0,1.0,1.0
20000,ZJ-SMB,2021,sentinel1,summer_v0,v0_predeclared,8,8,8,8,8,1.0,1.0,1.0,1.0,1.0
20000,ZJ-SMB,2021,sentinel1,autumn_primary_v1,biological_target_phase,8,8,0,0,0,1.0,1.0,1.0,1.0,1.0
20000,ZJ-SMB,2021,sentinel1,early_season_v1,biological_target_phase,8,8,0,0,0,1.0,1.0,1.0,1.0,1.0
20000,ZJ-SMB,2021,sentinel1,__ALL_YEAR__,year,8,8,8,8,8,1.0,1.0,1.0,1.0,1.0
20000,ZJ-SMB,2021,sentinel2,autumn_v0,v0_predeclared,8,8,8,64,155,1.0,1.0,1.0,1.0,1.0
20000,ZJ-SMB,2021,sentinel2,summer_v0,v0_predeclared,8,8,8,21,192,1.0,1.0,1.0,1.0,1.0
20000,ZJ-SMB,2021,sentinel2,autumn_primary_v1,biological_target_phase,8,8,8,88,206,1.0,1.0,1.0,1.0,1.0
20000,ZJ-SMB,2021,sentinel2,early_season_v1,biological_target_phase,8,8,8,29,139,1.0,1.0,1.0,1.0,1.0
20000,ZJ-SMB,2021,sentinel2,__ALL_YEAR__,year,8,8,8,315,1190,1.0,1.0,1.0,1.0,1.0
20000,ZJ-SMB,2022,landsat7,autumn_v0,v0_predeclared,8,8,8,24,24,1.0,1.0,1.0,1.0,1.0
20000,ZJ-SMB,2022,landsat7,summer_v0,v0_predeclared,8,8,1,2,40,1.0,1.0,1.0,1.0,1.0
20000,ZJ-SMB,2022,landsat7,autumn_primary_v1,biological_target_phase,8,8,8,32,32,1.0,1.0,1.0,1.0,1.0
20000,ZJ-SMB,2022,landsat7,early_season_v1,biological_target_phase,8,8,0,0,2,1.0,1.0,1.0,1.0,1.0
20000,ZJ-SMB,2022,landsat7,__ALL_YEAR__,year,8,8,8,53,140,1.0,1.0,1.0,1.0,1.0
20000,ZJ-SMB,2022,landsat8,autumn_v0,v0_predeclared,8,8,1,1,26,1.0,1.0,1.0,1.0,1.0
20000,ZJ-SMB,2022,landsat8,summer_v0,v0_predeclared,8,8,6,6,28,1.0,1.0,1.0,1.0,1.0
20000,ZJ-SMB,2022,landsat8,autumn_primary_v1,biological_target_phase,8,8,1,1,34,1.0,1.0,1.0,1.0,1.0
20000,ZJ-SMB,2022,landsat8,early_season_v1,biological_target_phase,8,8,1,1,24,1.0,1.0,1.0,1.0,1.0
20000,ZJ-SMB,2022,landsat8,__ALL_YEAR__,year,8,8,8,45,184,1.0,1.0,1.0,1.0,1.0
20000,ZJ-SMB,2022,landsat9,autumn_v0,v0_predeclared,8,8,8,9,18,1.0,1.0,1.0,1.0,1.0
20000,ZJ-SMB,2022,landsat9,summer_v0,v0_predeclared,8,8,6,14,34,1.0,1.0,1.0,1.0,1.0
20000,ZJ-SMB,2022,landsat9,autumn_primary_v1,biological_target_phase,8,8,8,10,24,1.0,1.0,1.0,1.0,1.0
20000,ZJ-SMB,2022,landsat9,early_season_v1,biological_target_phase,8,8,0,0,14,1.0,1.0,1.0,1.0,1.0
20000,ZJ-SMB,2022,landsat9,__ALL_YEAR__,year,8,8,8,69,162,1.0,1.0,1.0,1.0,1.0
20000,ZJ-SMB,2022,sentinel2,autumn_v0,v0_predeclared,8,8,8,40,152,1.0,1.0,1.0,1.0,1.0
20000,ZJ-SMB,2022,sentinel2,summer_v0,v0_predeclared,8,8,8,37,192,1.0,1.0,1.0,1.0,1.0
20000,ZJ-SMB,2022,sentinel2,autumn_primary_v1,biological_target_phase,8,8,8,40,200,1.0,1.0,1.0,1.0,1.0
20000,ZJ-SMB,2022,sentinel2,early_season_v1,biological_target_phase,8,8,5,5,136,1.0,1.0,1.0,1.0,1.0
20000,ZJ-SMB,2022,sentinel2,__ALL_YEAR__,year,8,8,8,262,1168,1.0,1.0,1.0,1.0,1.0
20000,ZJ-SMB,2023,landsat7,autumn_v0,v0_predeclared,8,8,1,2,16,1.0,1.0,1.0,1.0,1.0
20000,ZJ-SMB,2023,landsat7,summer_v0,v0_predeclared,8,8,1,1,44,1.0,1.0,1.0,1.0,1.0
20000,ZJ-SMB,2023,landsat7,autumn_primary_v1,biological_target_phase,8,8,1,2,16,1.0,1.0,1.0,1.0,1.0
20000,ZJ-SMB,2023,landsat7,early_season_v1,biological_target_phase,8,8,0,0,8,1.0,1.0,1.0,1.0,1.0
20000,ZJ-SMB,2023,landsat7,__ALL_YEAR__,year,8,8,8,38,158,1.0,1.0,1.0,1.0,1.0
20000,ZJ-SMB,2023,landsat8,autumn_v0,v0_predeclared,8,8,1,2,32,1.0,1.0,1.0,1.0,1.0
20000,ZJ-SMB,2023,landsat8,summer_v0,v0_predeclared,8,8,6,6,24,1.0,1.0,1.0,1.0,1.0
20000,ZJ-SMB,2023,landsat8,autumn_primary_v1,biological_target_phase,8,8,8,11,44,1.0,1.0,1.0,1.0,1.0
20000,ZJ-SMB,2023,landsat8,early_season_v1,biological_target_phase,8,8,0,0,14,1.0,1.0,1.0,1.0,1.0
20000,ZJ-SMB,2023,landsat8,__ALL_YEAR__,year,8,8,8,61,204,1.0,1.0,1.0,1.0,1.0
20000,ZJ-SMB,2023,landsat9,autumn_v0,v0_predeclared,8,8,8,10,24,1.0,1.0,1.0,1.0,1.0
20000,ZJ-SMB,2023,landsat9,summer_v0,v0_predeclared,8,8,1,2,32,1.0,1.0,1.0,1.0,1.0
20000,ZJ-SMB,2023,landsat9,autumn_primary_v1,biological_target_phase,8,8,8,10,32,1.0,1.0,1.0,1.0,1.0
20000,ZJ-SMB,2023,landsat9,early_season_v1,biological_target_phase,8,8,8,8,28,1.0,1.0,1.0,1.0,1.0
20000,ZJ-SMB,2023,landsat9,__ALL_YEAR__,year,8,8,8,67,206,1.0,1.0,1.0,1.0,1.0
20000,ZJ-SMB,2023,sentinel2,autumn_v0,v0_predeclared,8,8,8,58,152,1.0,1.0,1.0,1.0,1.0
20000,ZJ-SMB,2023,sentinel2,summer_v0,v0_predeclared,8,8,8,21,192,1.0,1.0,1.0,1.0,1.0
20000,ZJ-SMB,2023,sentinel2,autumn_primary_v1,biological_target_phase,8,8,8,58,200,1.0,1.0,1.0,1.0,1.0
20000,ZJ-SMB,2023,sentinel2,early_season_v1,biological_target_phase,8,8,8,37,136,1.0,1.0,1.0,1.0,1.0
20000,ZJ-SMB,2023,sentinel2,__ALL_YEAR__,year,8,8,8,325,1171,1.0,1.0,1.0,1.0,1.0
20000,ZJ-SMB,2024,landsat8,autumn_v0,v0_predeclared,8,8,8,8,26,1.0,1.0,1.0,1.0,1.0
20000,ZJ-SMB,2024,landsat8,summer_v0,v0_predeclared,8,8,1,1,32,1.0,1.0,1.0,1.0,1.0
20000,ZJ-SMB,2024,landsat8,autumn_primary_v1,biological_target_phase,8,8,8,8,30,1.0,1.0,1.0,1.0,1.0
20000,ZJ-SMB,2024,landsat8,early_season_v1,biological_target_phase,8,8,1,1,22,1.0,1.0,1.0,1.0,1.0
20000,ZJ-SMB,2024,landsat8,__ALL_YEAR__,year,8,8,8,54,198,1.0,1.0,1.0,1.0,1.0
20000,ZJ-SMB,2024,landsat9,autumn_v0,v0_predeclared,8,8,1,2,32,1.0,1.0,1.0,1.0,1.0
20000,ZJ-SMB,2024,landsat9,summer_v0,v0_predeclared,8,8,6,6,32,1.0,1.0,1.0,1.0,1.0
20000,ZJ-SMB,2024,landsat9,autumn_primary_v1,biological_target_phase,8,8,1,2,40,1.0,1.0,1.0,1.0,1.0
20000,ZJ-SMB,2024,landsat9,early_season_v1,biological_target_phase,8,8,8,9,24,1.0,1.0,1.0,1.0,1.0
20000,ZJ-SMB,2024,landsat9,__ALL_YEAR__,year,8,8,8,70,212,1.0,1.0,1.0,1.0,1.0
20000,ZJ-SMB,2024,sentinel1,autumn_v0,v0_predeclared,8,8,8,8,8,1.0,1.0,1.0,1.0,1.0
20000,ZJ-SMB,2024,sentinel1,summer_v0,v0_predeclared,8,8,0,0,0,1.0,1.0,1.0,1.0,1.0
20000,ZJ-SMB,2024,sentinel1,autumn_primary_v1,biological_target_phase,8,8,8,8,8,1.0,1.0,1.0,1.0,1.0
20000,ZJ-SMB,2024,sentinel1,early_season_v1,biological_target_phase,8,8,0,0,0,1.0,1.0,1.0,1.0,1.0
20000,ZJ-SMB,2024,sentinel1,__ALL_YEAR__,year,8,8,8,8,8,1.0,1.0,1.0,1.0,1.0
20000,ZJ-SMB,2024,sentinel2,autumn_v0,v0_predeclared,8,8,8,8,152,1.0,1.0,1.0,1.0,1.0
20000,ZJ-SMB,2024,sentinel2,summer_v0,v0_predeclared,8,8,8,16,192,1.0,1.0,1.0,1.0,1.0
20000,ZJ-SMB,2024,sentinel2,autumn_primary_v1,biological_target_phase,8,8,8,16,200,1.0,1.0,1.0,1.0,1.0
20000,ZJ-SMB,2024,sentinel2,early_season_v1,biological_target_phase,8,8,5,10,136,1.0,1.0,1.0,1.0,1.0
20000,ZJ-SMB,2024,sentinel2,__ALL_YEAR__,year,8,8,8,251,1168,1.0,1.0,1.0,1.0,1.0
20000,ZJ-SMB,2025,landsat8,autumn_v0,v0_predeclared,8,8,1,1,28,1.0,1.0,1.0,1.0,1.0
20000,ZJ-SMB,2025,landsat8,summer_v0,v0_predeclared,8,8,1,1,40,1.0,1.0,1.0,1.0,1.0
20000,ZJ-SMB,2025,landsat8,autumn_primary_v1,biological_target_phase,8,8,1,1,36,1.0,1.0,1.0,1.0,1.0
20000,ZJ-SMB,2025,landsat8,early_season_v1,biological_target_phase,8,8,8,8,20,1.0,1.0,1.0,1.0,1.0
20000,ZJ-SMB,2025,landsat8,__ALL_YEAR__,year,8,8,8,71,230,1.0,1.0,1.0,1.0,1.0
20000,ZJ-SMB,2025,landsat9,autumn_v0,v0_predeclared,8,8,6,7,28,1.0,1.0,1.0,1.0,1.0
20000,ZJ-SMB,2025,landsat9,summer_v0,v0_predeclared,8,8,1,1,34,1.0,1.0,1.0,1.0,1.0
20000,ZJ-SMB,2025,landsat9,autumn_primary_v1,biological_target_phase,8,8,6,7,36,1.0,1.0,1.0,1.0,1.0
20000,ZJ-SMB,2025,landsat9,early_season_v1,biological_target_phase,8,8,8,8,16,1.0,1.0,1.0,1.0,1.0
20000,ZJ-SMB,2025,landsat9,__ALL_YEAR__,year,8,8,8,72,202,1.0,1.0,1.0,1.0,1.0
20000,ZJ-SMB,2025,sentinel1,autumn_v0,v0_predeclared,8,8,0,0,0,1.0,1.0,1.0,1.0,1.0
20000,ZJ-SMB,2025,sentinel1,summer_v0,v0_predeclared,8,8,0,0,0,1.0,1.0,1.0,1.0,1.0
20000,ZJ-SMB,2025,sentinel1,autumn_primary_v1,biological_target_phase,8,8,0,0,0,1.0,1.0,1.0,1.0,1.0
20000,ZJ-SMB,2025,sentinel1,early_season_v1,biological_target_phase,8,8,0,0,0,1.0,1.0,1.0,1.0,1.0
20000,ZJ-SMB,2025,sentinel1,__ALL_YEAR__,year,8,8,5,5,8,1.0,1.0,1.0,1.0,1.0
20000,ZJ-SMB,2025,sentinel2,autumn_v0,v0_predeclared,8,8,8,32,160,1.0,1.0,1.0,1.0,1.0
20000,ZJ-SMB,2025,sentinel2,summer_v0,v0_predeclared,8,8,8,45,232,1.0,1.0,1.0,1.0,1.0
20000,ZJ-SMB,2025,sentinel2,autumn_primary_v1,biological_target_phase,8,8,8,40,216,1.0,1.0,1.0,1.0,1.0
20000,ZJ-SMB,2025,sentinel2,early_season_v1,biological_target_phase,8,8,8,40,160,1.0,1.0,1.0,1.0,1.0
20000,ZJ-SMB,2025,sentinel2,__ALL_YEAR__,year,8,8,8,476,1336,1.0,1.0,1.0,1.0,1.0
20000,ZJ-SMB,2026,landsat8,autumn_v0,v0_predeclared,8,8,6,6,8,1.0,1.0,1.0,1.0,1.0
20000,ZJ-SMB,2026,landsat8,summer_v0,v0_predeclared,8,8,8,8,24,1.0,1.0,1.0,1.0,1.0
20000,ZJ-SMB,2026,landsat8,autumn_primary_v1,biological_target_phase,8,8,6,6,8,1.0,1.0,1.0,1.0,1.0
20000,ZJ-SMB,2026,landsat8,early_season_v1,biological_target_phase,8,8,6,7,32,1.0,1.0,1.0,1.0,1.0
20000,ZJ-SMB,2026,landsat8,__ALL_YEAR__,year,8,8,8,47,130,1.0,1.0,1.0,1.0,1.0
20000,ZJ-SMB,2026,landsat9,autumn_v0,v0_predeclared,8,8,8,9,12,1.0,1.0,1.0,1.0,1.0
20000,ZJ-SMB,2026,landsat9,summer_v0,v0_predeclared,8,8,8,9,38,1.0,1.0,1.0,1.0,1.0
20000,ZJ-SMB,2026,landsat9,autumn_primary_v1,biological_target_phase,8,8,8,9,12,1.0,1.0,1.0,1.0,1.0
20000,ZJ-SMB,2026,landsat9,early_season_v1,biological_target_phase,8,8,1,1,18,1.0,1.0,1.0,1.0,1.0
20000,ZJ-SMB,2026,landsat9,__ALL_YEAR__,year,8,8,8,38,140,1.0,1.0,1.0,1.0,1.0
20000,ZJ-SMB,2026,sentinel2,autumn_v0,v0_predeclared,8,8,8,16,64,1.0,1.0,1.0,1.0,1.0
20000,ZJ-SMB,2026,sentinel2,summer_v0,v0_predeclared,8,8,8,56,248,1.0,1.0,1.0,1.0,1.0
20000,ZJ-SMB,2026,sentinel2,autumn_primary_v1,biological_target_phase,8,8,8,16,64,1.0,1.0,1.0,1.0,1.0
20000,ZJ-SMB,2026,sentinel2,early_season_v1,biological_target_phase,8,8,5,20,160,1.0,1.0,1.0,1.0,1.0
20000,ZJ-SMB,2026,sentinel2,__ALL_YEAR__,year,8,8,8,274,1048,1.0,1.0,1.0,1.0,1.0
20000,ZJ-YQB,1985,landsat5,autumn_v0,v0_predeclared,8,8,0,0,6,1.0,1.0,1.0,1.0,1.0
20000,ZJ-YQB,1985,landsat5,summer_v0,v0_predeclared,8,8,3,3,19,1.0,1.0,1.0,1.0,1.0
20000,ZJ-YQB,1985,landsat5,autumn_primary_v1,biological_target_phase,8,8,0,0,6,1.0,1.0,1.0,1.0,1.0
20000,ZJ-YQB,1985,landsat5,early_season_v1,biological_target_phase,8,8,0,0,0,1.0,1.0,1.0,1.0,1.0
20000,ZJ-YQB,1985,landsat5,__ALL_YEAR__,year,8,8,8,14,39,1.0,1.0,1.0,1.0,1.0
20000,ZJ-YQB,1986,landsat5,autumn_v0,v0_predeclared,8,8,0,0,0,1.0,1.0,1.0,1.0,1.0
20000,ZJ-YQB,1986,landsat5,summer_v0,v0_predeclared,8,8,8,8,23,1.0,1.0,1.0,1.0,1.0
20000,ZJ-YQB,1986,landsat5,autumn_primary_v1,biological_target_phase,8,8,0,0,0,1.0,1.0,1.0,1.0,1.0
20000,ZJ-YQB,1986,landsat5,early_season_v1,biological_target_phase,8,8,0,0,0,1.0,1.0,1.0,1.0,1.0
20000,ZJ-YQB,1986,landsat5,__ALL_YEAR__,year,8,8,8,33,85,1.0,1.0,1.0,1.0,1.0
20000,ZJ-YQB,1987,landsat5,autumn_v0,v0_predeclared,8,8,8,8,14,1.0,1.0,1.0,1.0,1.0
20000,ZJ-YQB,1987,landsat5,summer_v0,v0_predeclared,8,8,8,10,24,1.0,1.0,1.0,1.0,1.0
20000,ZJ-YQB,1987,landsat5,autumn_primary_v1,biological_target_phase,8,8,8,9,22,1.0,1.0,1.0,1.0,1.0
20000,ZJ-YQB,1987,landsat5,early_season_v1,biological_target_phase,8,8,8,8,15,1.0,1.0,1.0,1.0,1.0
20000,ZJ-YQB,1987,landsat5,__ALL_YEAR__,year,8,8,8,40,129,1.0,1.0,1.0,1.0,1.0
20000,ZJ-YQB,1988,landsat5,autumn_v0,v0_predeclared,8,8,0,0,13,1.0,1.0,1.0,1.0,1.0
20000,ZJ-YQB,1988,landsat5,summer_v0,v0_predeclared,8,8,8,27,30,1.0,1.0,1.0,1.0,1.0
20000,ZJ-YQB,1988,landsat5,autumn_primary_v1,biological_target_phase,8,8,1,1,21,1.0,1.0,1.0,1.0,1.0
20000,ZJ-YQB,1988,landsat5,early_season_v1,biological_target_phase,8,8,0,0,16,1.0,1.0,1.0,1.0,1.0
20000,ZJ-YQB,1988,landsat5,__ALL_YEAR__,year,8,8,8,54,113,1.0,1.0,1.0,1.0,1.0
20000,ZJ-YQB,1989,landsat5,autumn_v0,v0_predeclared,8,8,1,2,23,1.0,1.0,1.0,1.0,1.0
20000,ZJ-YQB,1989,landsat5,summer_v0,v0_predeclared,8,8,0,0,16,1.0,1.0,1.0,1.0,1.0
20000,ZJ-YQB,1989,landsat5,autumn_primary_v1,biological_target_phase,8,8,1,2,31,1.0,1.0,1.0,1.0,1.0
20000,ZJ-YQB,1989,landsat5,early_season_v1,biological_target_phase,8,8,0,0,16,1.0,1.0,1.0,1.0,1.0
20000,ZJ-YQB,1989,landsat5,__ALL_YEAR__,year,8,8,8,28,109,1.0,1.0,1.0,1.0,1.0
20000,ZJ-YQB,1990,landsat5,autumn_v0,v0_predeclared,8,8,4,4,7,1.0,1.0,1.0,1.0,1.0
20000,ZJ-YQB,1990,landsat5,summer_v0,v0_predeclared,8,8,1,2,24,1.0,1.0,1.0,1.0,1.0
20000,ZJ-YQB,1990,landsat5,autumn_primary_v1,biological_target_phase,8,8,4,4,14,1.0,1.0,1.0,1.0,1.0
20000,ZJ-YQB,1990,landsat5,early_season_v1,biological_target_phase,8,8,8,8,20,1.0,1.0,1.0,1.0,1.0
20000,ZJ-YQB,1990,landsat5,__ALL_YEAR__,year,8,8,8,39,106,1.0,1.0,1.0,1.0,1.0
20000,ZJ-YQB,1991,landsat5,autumn_v0,v0_predeclared,8,8,4,4,15,1.0,1.0,1.0,1.0,1.0
20000,ZJ-YQB,1991,landsat5,summer_v0,v0_predeclared,8,8,8,10,23,1.0,1.0,1.0,1.0,1.0
20000,ZJ-YQB,1991,landsat5,autumn_primary_v1,biological_target_phase,8,8,4,4,21,1.0,1.0,1.0,1.0,1.0
20000,ZJ-YQB,1991,landsat5,early_season_v1,biological_target_phase,8,8,0,0,0,1.0,1.0,1.0,1.0,1.0
20000,ZJ-YQB,1991,landsat5,__ALL_YEAR__,year,8,8,8,41,121,1.0,1.0,1.0,1.0,1.0
20000,ZJ-YQB,1992,landsat5,autumn_v0,v0_predeclared,8,8,8,10,24,1.0,1.0,1.0,1.0,1.0
20000,ZJ-YQB,1992,landsat5,summer_v0,v0_predeclared,8,8,8,12,21,1.0,1.0,1.0,1.0,1.0
20000,ZJ-YQB,1992,landsat5,autumn_primary_v1,biological_target_phase,8,8,8,10,24,1.0,1.0,1.0,1.0,1.0
20000,ZJ-YQB,1992,landsat5,early_season_v1,biological_target_phase,8,8,8,8,8,1.0,1.0,1.0,1.0,1.0
20000,ZJ-YQB,1992,landsat5,__ALL_YEAR__,year,8,8,8,60,111,1.0,1.0,1.0,1.0,1.0
20000,ZJ-YQB,1993,landsat5,autumn_v0,v0_predeclared,8,8,0,0,0,1.0,1.0,1.0,1.0,1.0
20000,ZJ-YQB,1993,landsat5,summer_v0,v0_predeclared,8,8,8,8,27,1.0,1.0,1.0,1.0,1.0
20000,ZJ-YQB,1993,landsat5,autumn_primary_v1,biological_target_phase,8,8,0,0,8,1.0,1.0,1.0,1.0,1.0
20000,ZJ-YQB,1993,landsat5,early_season_v1,biological_target_phase,8,8,0,0,0,1.0,1.0,1.0,1.0,1.0
20000,ZJ-YQB,1993,landsat5,__ALL_YEAR__,year,8,8,8,35,104,1.0,1.0,1.0,1.0,1.0
20000,ZJ-YQB,1994,landsat5,autumn_v0,v0_predeclared,8,8,8,12,24,1.0,1.0,1.0,1.0,1.0
20000,ZJ-YQB,1994,landsat5,summer_v0,v0_predeclared,8,8,8,8,30,1.0,1.0,1.0,1.0,1.0
20000,ZJ-YQB,1994,landsat5,autumn_primary_v1,biological_target_phase,8,8,8,12,30,1.0,1.0,1.0,1.0,1.0
20000,ZJ-YQB,1994,landsat5,early_season_v1,biological_target_phase,8,8,8,8,8,1.0,1.0,1.0,1.0,1.0
20000,ZJ-YQB,1994,landsat5,__ALL_YEAR__,year,8,8,8,38,121,1.0,1.0,1.0,1.0,1.0
20000,ZJ-YQB,1995,landsat5,autumn_v0,v0_predeclared,8,8,0,0,0,1.0,1.0,1.0,1.0,1.0
20000,ZJ-YQB,1995,landsat5,summer_v0,v0_predeclared,8,8,1,1,22,1.0,1.0,1.0,1.0,1.0
20000,ZJ-YQB,1995,landsat5,autumn_primary_v1,biological_target_phase,8,8,8,8,8,1.0,1.0,1.0,1.0,1.0
20000,ZJ-YQB,1995,landsat5,early_season_v1,biological_target_phase,8,8,1,1,16,1.0,1.0,1.0,1.0,1.0
20000,ZJ-YQB,1995,landsat5,__ALL_YEAR__,year,8,8,8,45,110,1.0,1.0,1.0,1.0,1.0
20000,ZJ-YQB,1996,landsat5,autumn_v0,v0_predeclared,8,8,8,9,16,1.0,1.0,1.0,1.0,1.0
20000,ZJ-YQB,1996,landsat5,summer_v0,v0_predeclared,8,8,8,8,32,1.0,1.0,1.0,1.0,1.0
20000,ZJ-YQB,1996,landsat5,autumn_primary_v1,biological_target_phase,8,8,8,9,16,1.0,1.0,1.0,1.0,1.0
20000,ZJ-YQB,1996,landsat5,early_season_v1,biological_target_phase,8,8,1,1,8,1.0,1.0,1.0,1.0,1.0
20000,ZJ-YQB,1996,landsat5,__ALL_YEAR__,year,8,8,8,29,118,1.0,1.0,1.0,1.0,1.0
20000,ZJ-YQB,1997,landsat5,autumn_v0,v0_predeclared,8,8,8,16,16,1.0,1.0,1.0,1.0,1.0
20000,ZJ-YQB,1997,landsat5,summer_v0,v0_predeclared,8,8,2,2,16,1.0,1.0,1.0,1.0,1.0
20000,ZJ-YQB,1997,landsat5,autumn_primary_v1,biological_target_phase,8,8,8,19,22,1.0,1.0,1.0,1.0,1.0
20000,ZJ-YQB,1997,landsat5,early_season_v1,biological_target_phase,8,8,0,0,16,1.0,1.0,1.0,1.0,1.0
20000,ZJ-YQB,1997,landsat5,__ALL_YEAR__,year,8,8,8,34,128,1.0,1.0,1.0,1.0,1.0
20000,ZJ-YQB,1998,landsat5,autumn_v0,v0_predeclared,8,8,2,2,16,1.0,1.0,1.0,1.0,1.0
20000,ZJ-YQB,1998,landsat5,summer_v0,v0_predeclared,8,8,8,9,23,1.0,1.0,1.0,1.0,1.0
20000,ZJ-YQB,1998,landsat5,autumn_primary_v1,biological_target_phase,8,8,8,10,24,1.0,1.0,1.0,1.0,1.0
20000,ZJ-YQB,1998,landsat5,early_season_v1,biological_target_phase,8,8,0,0,8,1.0,1.0,1.0,1.0,1.0
20000,ZJ-YQB,1998,landsat5,__ALL_YEAR__,year,8,8,8,37,115,1.0,1.0,1.0,1.0,1.0
20000,ZJ-YQB,1999,landsat5,autumn_v0,v0_predeclared,8,8,8,8,14,1.0,1.0,1.0,1.0,1.0
20000,ZJ-YQB,1999,landsat5,summer_v0,v0_predeclared,8,8,1,1,23,1.0,1.0,1.0,1.0,1.0
20000,ZJ-YQB,1999,landsat5,autumn_primary_v1,biological_target_phase,8,8,8,8,14,1.0,1.0,1.0,1.0,1.0
20000,ZJ-YQB,1999,landsat5,early_season_v1,biological_target_phase,8,8,0,0,8,1.0,1.0,1.0,1.0,1.0
20000,ZJ-YQB,1999,landsat5,__ALL_YEAR__,year,8,8,8,30,121,1.0,1.0,1.0,1.0,1.0
20000,ZJ-YQB,1999,landsat7,autumn_v0,v0_predeclared,8,8,8,8,8,1.0,1.0,1.0,1.0,1.0
20000,ZJ-YQB,1999,landsat7,summer_v0,v0_predeclared,8,8,0,0,0,1.0,1.0,1.0,1.0,1.0
20000,ZJ-YQB,1999,landsat7,autumn_primary_v1,biological_target_phase,8,8,8,8,8,1.0,1.0,1.0,1.0,1.0
20000,ZJ-YQB,1999,landsat7,early_season_v1,biological_target_phase,8,8,0,0,0,1.0,1.0,1.0,1.0,1.0
20000,ZJ-YQB,1999,landsat7,__ALL_YEAR__,year,8,8,8,16,22,1.0,1.0,1.0,1.0,1.0
20000,ZJ-YQB,2000,landsat5,autumn_v0,v0_predeclared,8,8,0,0,24,1.0,1.0,1.0,1.0,1.0
20000,ZJ-YQB,2000,landsat5,summer_v0,v0_predeclared,8,8,1,1,30,1.0,1.0,1.0,1.0,1.0
20000,ZJ-YQB,2000,landsat5,autumn_primary_v1,biological_target_phase,8,8,0,0,24,1.0,1.0,1.0,1.0,1.0
20000,ZJ-YQB,2000,landsat5,early_season_v1,biological_target_phase,8,8,0,0,24,1.0,1.0,1.0,1.0,1.0
20000,ZJ-YQB,2000,landsat5,__ALL_YEAR__,year,8,8,8,20,132,1.0,1.0,1.0,1.0,1.0
20000,ZJ-YQB,2000,landsat7,autumn_v0,v0_predeclared,8,8,8,8,21,1.0,1.0,1.0,1.0,1.0
20000,ZJ-YQB,2000,landsat7,summer_v0,v0_predeclared,8,8,8,10,24,1.0,1.0,1.0,1.0,1.0
20000,ZJ-YQB,2000,landsat7,autumn_primary_v1,biological_target_phase,8,8,8,8,27,1.0,1.0,1.0,1.0,1.0
20000,ZJ-YQB,2000,landsat7,early_season_v1,biological_target_phase,8,8,8,9,16,1.0,1.0,1.0,1.0,1.0
20000,ZJ-YQB,2000,landsat7,__ALL_YEAR__,year,8,8,8,55,137,1.0,1.0,1.0,1.0,1.0
20000,ZJ-YQB,2001,landsat5,autumn_v0,v0_predeclared,8,8,8,8,14,1.0,1.0,1.0,1.0,1.0
20000,ZJ-YQB,2001,landsat5,summer_v0,v0_predeclared,8,8,8,8,24,1.0,1.0,1.0,1.0,1.0
20000,ZJ-YQB,2001,landsat5,autumn_primary_v1,biological_target_phase,8,8,8,16,22,1.0,1.0,1.0,1.0,1.0
20000,ZJ-YQB,2001,landsat5,early_season_v1,biological_target_phase,8,8,8,8,14,1.0,1.0,1.0,1.0,1.0
20000,ZJ-YQB,2001,landsat5,__ALL_YEAR__,year,8,8,8,64,117,1.0,1.0,1.0,1.0,1.0
20000,ZJ-YQB,2001,landsat7,autumn_v0,v0_predeclared,8,8,0,0,24,1.0,1.0,1.0,1.0,1.0
20000,ZJ-YQB,2001,landsat7,summer_v0,v0_predeclared,8,8,8,10,32,1.0,1.0,1.0,1.0,1.0
20000,ZJ-YQB,2001,landsat7,autumn_primary_v1,biological_target_phase,8,8,0,0,32,1.0,1.0,1.0,1.0,1.0
20000,ZJ-YQB,2001,landsat7,early_season_v1,biological_target_phase,8,8,0,0,16,1.0,1.0,1.0,1.0,1.0
20000,ZJ-YQB,2001,landsat7,__ALL_YEAR__,year,8,8,8,52,158,1.0,1.0,1.0,1.0,1.0
20000,ZJ-YQB,2002,landsat5,autumn_v0,v0_predeclared,8,8,8,8,16,1.0,1.0,1.0,1.0,1.0
20000,ZJ-YQB,2002,landsat5,summer_v0,v0_predeclared,8,8,8,16,16,1.0,1.0,1.0,1.0,1.0
20000,ZJ-YQB,2002,landsat5,autumn_primary_v1,biological_target_phase,8,8,8,8,16,1.0,1.0,1.0,1.0,1.0
20000,ZJ-YQB,2002,landsat5,early_season_v1,biological_target_phase,8,8,0,0,0,1.0,1.0,1.0,1.0,1.0
20000,ZJ-YQB,2002,landsat5,__ALL_YEAR__,year,8,8,8,48,79,1.0,1.0,1.0,1.0,1.0
20000,ZJ-YQB,2002,landsat7,autumn_v0,v0_predeclared,8,8,1,1,14,1.0,1.0,1.0,1.0,1.0
20000,ZJ-YQB,2002,landsat7,summer_v0,v0_predeclared,8,8,0,0,16,1.0,1.0,1.0,1.0,1.0
20000,ZJ-YQB,2002,landsat7,autumn_primary_v1,biological_target_phase,8,8,8,9,22,1.0,1.0,1.0,1.0,1.0
20000,ZJ-YQB,2002,landsat7,early_season_v1,biological_target_phase,8,8,0,0,14,1.0,1.0,1.0,1.0,1.0
20000,ZJ-YQB,2002,landsat7,__ALL_YEAR__,year,8,8,8,42,128,1.0,1.0,1.0,1.0,1.0
20000,ZJ-YQB,2003,landsat5,autumn_v0,v0_predeclared,8,8,8,8,16,1.0,1.0,1.0,1.0,1.0
20000,ZJ-YQB,2003,landsat5,summer_v0,v0_predeclared,8,8,0,0,24,1.0,1.0,1.0,1.0,1.0
20000,ZJ-YQB,2003,landsat5,autumn_primary_v1,biological_target_phase,8,8,8,8,16,1.0,1.0,1.0,1.0,1.0
20000,ZJ-YQB,2003,landsat5,early_season_v1,biological_target_phase,8,8,8,8,8,1.0,1.0,1.0,1.0,1.0
20000,ZJ-YQB,2003,landsat5,__ALL_YEAR__,year,8,8,8,40,110,1.0,1.0,1.0,1.0,1.0
20000,ZJ-YQB,2003,landsat7,autumn_v0,v0_predeclared,8,8,8,16,16,1.0,1.0,1.0,1.0,1.0
20000,ZJ-YQB,2003,landsat7,summer_v0,v0_predeclared,8,8,8,8,8,1.0,1.0,1.0,1.0,1.0
20000,ZJ-YQB,2003,landsat7,autumn_primary_v1,biological_target_phase,8,8,8,17,24,1.0,1.0,1.0,1.0,1.0
20000,ZJ-YQB,2003,landsat7,early_season_v1,biological_target_phase,8,8,8,8,16,1.0,1.0,1.0,1.0,1.0
20000,ZJ-YQB,2003,landsat7,__ALL_YEAR__,year,8,8,8,57,85,1.0,1.0,1.0,1.0,1.0
20000,ZJ-YQB,2004,landsat5,autumn_v0,v0_predeclared,8,8,0,0,15,1.0,1.0,1.0,1.0,1.0
20000,ZJ-YQB,2004,landsat5,summer_v0,v0_predeclared,8,8,0,0,15,1.0,1.0,1.0,1.0,1.0
20000,ZJ-YQB,2004,landsat5,autumn_primary_v1,biological_target_phase,8,8,4,4,22,1.0,1.0,1.0,1.0,1.0
20000,ZJ-YQB,2004,landsat5,early_season_v1,biological_target_phase,8,8,0,0,8,1.0,1.0,1.0,1.0,1.0
20000,ZJ-YQB,2004,landsat5,__ALL_YEAR__,year,8,8,8,36,125,1.0,1.0,1.0,1.0,1.0
20000,ZJ-YQB,2004,landsat7,autumn_v0,v0_predeclared,8,8,8,24,24,1.0,1.0,1.0,1.0,1.0
20000,ZJ-YQB,2004,landsat7,summer_v0,v0_predeclared,8,8,8,12,30,1.0,1.0,1.0,1.0,1.0
20000,ZJ-YQB,2004,landsat7,autumn_primary_v1,biological_target_phase,8,8,8,24,24,1.0,1.0,1.0,1.0,1.0
20000,ZJ-YQB,2004,landsat7,early_season_v1,biological_target_phase,8,8,0,0,15,1.0,1.0,1.0,1.0,1.0
20000,ZJ-YQB,2004,landsat7,__ALL_YEAR__,year,8,8,8,54,125,1.0,1.0,1.0,1.0,1.0
20000,ZJ-YQB,2005,landsat5,autumn_v0,v0_predeclared,8,8,0,0,14,1.0,1.0,1.0,1.0,1.0
20000,ZJ-YQB,2005,landsat5,summer_v0,v0_predeclared,8,8,8,8,22,1.0,1.0,1.0,1.0,1.0
20000,ZJ-YQB,2005,landsat5,autumn_primary_v1,biological_target_phase,8,8,2,2,22,1.0,1.0,1.0,1.0,1.0
20000,ZJ-YQB,2005,landsat5,early_season_v1,biological_target_phase,8,8,0,0,6,1.0,1.0,1.0,1.0,1.0
20000,ZJ-YQB,2005,landsat5,__ALL_YEAR__,year,8,8,8,19,95,1.0,1.0,1.0,1.0,1.0
20000,ZJ-YQB,2005,landsat7,autumn_v0,v0_predeclared,8,8,8,8,14,1.0,1.0,1.0,1.0,1.0
20000,ZJ-YQB,2005,landsat7,summer_v0,v0_predeclared,8,8,8,8,16,1.0,1.0,1.0,1.0,1.0
20000,ZJ-YQB,2005,landsat7,autumn_primary_v1,biological_target_phase,8,8,8,8,14,1.0,1.0,1.0,1.0,1.0
20000,ZJ-YQB,2005,landsat7,early_season_v1,biological_target_phase,8,8,1,1,15,1.0,1.0,1.0,1.0,1.0
20000,ZJ-YQB,2005,landsat7,__ALL_YEAR__,year,8,8,8,34,126,1.0,1.0,1.0,1.0,1.0
20000,ZJ-YQB,2006,landsat5,autumn_v0,v0_predeclared,8,8,8,11,24,1.0,1.0,1.0,1.0,1.0
20000,ZJ-YQB,2006,landsat5,summer_v0,v0_predeclared,8,8,3,3,24,1.0,1.0,1.0,1.0,1.0
20000,ZJ-YQB,2006,landsat5,autumn_primary_v1,biological_target_phase,8,8,8,11,31,1.0,1.0,1.0,1.0,1.0
20000,ZJ-YQB,2006,landsat5,early_season_v1,biological_target_phase,8,8,0,0,8,1.0,1.0,1.0,1.0,1.0
20000,ZJ-YQB,2006,landsat5,__ALL_YEAR__,year,8,8,8,38,117,1.0,1.0,1.0,1.0,1.0
20000,ZJ-YQB,2006,landsat7,autumn_v0,v0_predeclared,8,8,8,16,24,1.0,1.0,1.0,1.0,1.0
20000,ZJ-YQB,2006,landsat7,summer_v0,v0_predeclared,8,8,0,0,0,1.0,1.0,1.0,1.0,1.0
20000,ZJ-YQB,2006,landsat7,autumn_primary_v1,biological_target_phase,8,8,8,18,32,1.0,1.0,1.0,1.0,1.0
20000,ZJ-YQB,2006,landsat7,early_season_v1,biological_target_phase,8,8,0,0,6,1.0,1.0,1.0,1.0,1.0
20000,ZJ-YQB,2006,landsat7,__ALL_YEAR__,year,8,8,8,38,103,1.0,1.0,1.0,1.0,1.0
20000,ZJ-YQB,2007,landsat5,autumn_v0,v0_predeclared,8,8,0,0,8,1.0,1.0,1.0,1.0,1.0
20000,ZJ-YQB,2007,landsat5,summer_v0,v0_predeclared,8,8,8,10,30,1.0,1.0,1.0,1.0,1.0
20000,ZJ-YQB,2007,landsat5,autumn_primary_v1,biological_target_phase,8,8,0,0,8,1.0,1.0,1.0,1.0,1.0
20000,ZJ-YQB,2007,landsat5,early_season_v1,biological_target_phase,8,8,4,6,15,1.0,1.0,1.0,1.0,1.0
20000,ZJ-YQB,2007,landsat5,__ALL_YEAR__,year,8,8,8,34,115,1.0,1.0,1.0,1.0,1.0
20000,ZJ-YQB,2007,landsat7,autumn_v0,v0_predeclared,8,8,0,0,8,1.0,1.0,1.0,1.0,1.0
20000,ZJ-YQB,2007,landsat7,summer_v0,v0_predeclared,8,8,0,0,0,1.0,1.0,1.0,1.0,1.0
20000,ZJ-YQB,2007,landsat7,autumn_primary_v1,biological_target_phase,8,8,1,1,16,1.0,1.0,1.0,1.0,1.0
20000,ZJ-YQB,2007,landsat7,early_season_v1,biological_target_phase,8,8,8,11,14,1.0,1.0,1.0,1.0,1.0
20000,ZJ-YQB,2007,landsat7,__ALL_YEAR__,year,8,8,8,41,111,1.0,1.0,1.0,1.0,1.0
20000,ZJ-YQB,2008,landsat5,autumn_v0,v0_predeclared,8,8,8,8,16,1.0,1.0,1.0,1.0,1.0
20000,ZJ-YQB,2008,landsat5,summer_v0,v0_predeclared,8,8,8,8,16,1.0,1.0,1.0,1.0,1.0
20000,ZJ-YQB,2008,landsat5,autumn_primary_v1,biological_target_phase,8,8,8,8,16,1.0,1.0,1.0,1.0,1.0
20000,ZJ-YQB,2008,landsat5,early_season_v1,biological_target_phase,8,8,8,16,24,1.0,1.0,1.0,1.0,1.0
20000,ZJ-YQB,2008,landsat5,__ALL_YEAR__,year,8,8,8,52,112,1.0,1.0,1.0,1.0,1.0
20000,ZJ-YQB,2008,landsat7,autumn_v0,v0_predeclared,8,8,8,8,23,1.0,1.0,1.0,1.0,1.0
20000,ZJ-YQB,2008,landsat7,summer_v0,v0_predeclared,8,8,8,10,32,1.0,1.0,1.0,1.0,1.0
20000,ZJ-YQB,2008,landsat7,autumn_primary_v1,biological_target_phase,8,8,8,16,31,1.0,1.0,1.0,1.0,1.0
20000,ZJ-YQB,2008,landsat7,early_season_v1,biological_target_phase,8,8,0,0,14,1.0,1.0,1.0,1.0,1.0
20000,ZJ-YQB,2008,landsat7,__ALL_YEAR__,year,8,8,8,47,139,1.0,1.0,1.0,1.0,1.0
20000,ZJ-YQB,2009,landsat5,autumn_v0,v0_predeclared,8,8,8,8,20,1.0,1.0,1.0,1.0,1.0
20000,ZJ-YQB,2009,landsat5,summer_v0,v0_predeclared,8,8,8,9,23,1.0,1.0,1.0,1.0,1.0
20000,ZJ-YQB,2009,landsat5,autumn_primary_v1,biological_target_phase,8,8,8,9,28,1.0,1.0,1.0,1.0,1.0
20000,ZJ-YQB,2009,landsat5,early_season_v1,biological_target_phase,8,8,8,12,24,1.0,1.0,1.0,1.0,1.0
20000,ZJ-YQB,2009,landsat5,__ALL_YEAR__,year,8,8,8,46,114,1.0,1.0,1.0,1.0,1.0
20000,ZJ-YQB,2009,landsat7,autumn_v0,v0_predeclared,8,8,8,8,16,1.0,1.0,1.0,1.0,1.0
20000,ZJ-YQB,2009,landsat7,summer_v0,v0_predeclared,8,8,4,6,15,1.0,1.0,1.0,1.0,1.0
20000,ZJ-YQB,2009,landsat7,autumn_primary_v1,biological_target_phase,8,8,8,8,24,1.0,1.0,1.0,1.0,1.0
20000,ZJ-YQB,2009,landsat7,early_season_v1,biological_target_phase,8,8,1,1,21,1.0,1.0,1.0,1.0,1.0
20000,ZJ-YQB,2009,landsat7,__ALL_YEAR__,year,8,8,8,39,106,1.0,1.0,1.0,1.0,1.0
20000,ZJ-YQB,2010,landsat5,autumn_v0,v0_predeclared,8,8,8,8,8,1.0,1.0,1.0,1.0,1.0
20000,ZJ-YQB,2010,landsat5,summer_v0,v0_predeclared,8,8,3,3,16,1.0,1.0,1.0,1.0,1.0
20000,ZJ-YQB,2010,landsat5,autumn_primary_v1,biological_target_phase,8,8,8,16,16,1.0,1.0,1.0,1.0,1.0
20000,ZJ-YQB,2010,landsat5,early_season_v1,biological_target_phase,8,8,8,8,16,1.0,1.0,1.0,1.0,1.0
20000,ZJ-YQB,2010,landsat5,__ALL_YEAR__,year,8,8,8,53,100,1.0,1.0,1.0,1.0,1.0
20000,ZJ-YQB,2010,landsat7,autumn_v0,v0_predeclared,8,8,8,8,14,1.0,1.0,1.0,1.0,1.0
20000,ZJ-YQB,2010,landsat7,summer_v0,v0_predeclared,8,8,1,1,8,1.0,1.0,1.0,1.0,1.0
20000,ZJ-YQB,2010,landsat7,autumn_primary_v1,biological_target_phase,8,8,8,8,14,1.0,1.0,1.0,1.0,1.0
20000,ZJ-YQB,2010,landsat7,early_season_v1,biological_target_phase,8,8,8,8,14,1.0,1.0,1.0,1.0,1.0
20000,ZJ-YQB,2010,landsat7,__ALL_YEAR__,year,8,8,8,54,119,1.0,1.0,1.0,1.0,1.0
20000,ZJ-YQB,2011,landsat5,autumn_v0,v0_predeclared,8,8,2,2,8,1.0,1.0,1.0,1.0,1.0
20000,ZJ-YQB,2011,landsat5,summer_v0,v0_predeclared,8,8,8,8,15,1.0,1.0,1.0,1.0,1.0
20000,ZJ-YQB,2011,landsat5,autumn_primary_v1,biological_target_phase,8,8,3,3,16,1.0,1.0,1.0,1.0,1.0
20000,ZJ-YQB,2011,landsat5,early_season_v1,biological_target_phase,8,8,1,1,8,1.0,1.0,1.0,1.0,1.0
20000,ZJ-YQB,2011,landsat5,__ALL_YEAR__,year,8,8,8,21,85,1.0,1.0,1.0,1.0,1.0
20000,ZJ-YQB,2011,landsat7,autumn_v0,v0_predeclared,8,8,3,3,16,1.0,1.0,1.0,1.0,1.0
20000,ZJ-YQB,2011,landsat7,summer_v0,v0_predeclared,8,8,4,4,7,1.0,1.0,1.0,1.0,1.0
20000,ZJ-YQB,2011,landsat7,autumn_primary_v1,biological_target_phase,8,8,3,3,16,1.0,1.0,1.0,1.0,1.0
20000,ZJ-YQB,2011,landsat7,early_season_v1,biological_target_phase,8,8,0,0,0,1.0,1.0,1.0,1.0,1.0
20000,ZJ-YQB,2011,landsat7,__ALL_YEAR__,year,8,8,8,63,102,1.0,1.0,1.0,1.0,1.0
20000,ZJ-YQB,2012,landsat7,autumn_v0,v0_predeclared,8,8,8,10,24,1.0,1.0,1.0,1.0,1.0
20000,ZJ-YQB,2012,landsat7,summer_v0,v0_predeclared,8,8,0,0,7,1.0,1.0,1.0,1.0,1.0
20000,ZJ-YQB,2012,landsat7,autumn_primary_v1,biological_target_phase,8,8,8,11,32,1.0,1.0,1.0,1.0,1.0
20000,ZJ-YQB,2012,landsat7,early_season_v1,biological_target_phase,8,8,1,1,16,1.0,1.0,1.0,1.0,1.0
20000,ZJ-YQB,2012,landsat7,__ALL_YEAR__,year,8,8,8,37,121,1.0,1.0,1.0,1.0,1.0
20000,ZJ-YQB,2013,landsat7,autumn_v0,v0_predeclared,8,8,8,8,22,1.0,1.0,1.0,1.0,1.0
20000,ZJ-YQB,2013,landsat7,summer_v0,v0_predeclared,8,8,4,4,13,1.0,1.0,1.0,1.0,1.0
20000,ZJ-YQB,2013,landsat7,autumn_primary_v1,biological_target_phase,8,8,8,8,30,1.0,1.0,1.0,1.0,1.0
20000,ZJ-YQB,2013,landsat7,early_season_v1,biological_target_phase,8,8,1,1,8,1.0,1.0,1.0,1.0,1.0
20000,ZJ-YQB,2013,landsat7,__ALL_YEAR__,year,8,8,8,55,115,1.0,1.0,1.0,1.0,1.0
20000,ZJ-YQB,2013,landsat8,autumn_v0,v0_predeclared,8,8,8,8,16,1.0,1.0,1.0,1.0,1.0
20000,ZJ-YQB,2013,landsat8,summer_v0,v0_predeclared,8,8,3,3,31,1.0,1.0,1.0,1.0,1.0
20000,ZJ-YQB,2013,landsat8,autumn_primary_v1,biological_target_phase,8,8,8,8,16,1.0,1.0,1.0,1.0,1.0
20000,ZJ-YQB,2013,landsat8,early_season_v1,biological_target_phase,8,8,2,2,16,1.0,1.0,1.0,1.0,1.0
20000,ZJ-YQB,2013,landsat8,__ALL_YEAR__,year,8,8,8,39,111,1.0,1.0,1.0,1.0,1.0
20000,ZJ-YQB,2014,landsat7,autumn_v0,v0_predeclared,8,8,8,10,16,1.0,1.0,1.0,1.0,1.0
20000,ZJ-YQB,2014,landsat7,summer_v0,v0_predeclared,8,8,0,0,22,1.0,1.0,1.0,1.0,1.0
20000,ZJ-YQB,2014,landsat7,autumn_primary_v1,biological_target_phase,8,8,8,10,22,1.0,1.0,1.0,1.0,1.0
20000,ZJ-YQB,2014,landsat7,early_season_v1,biological_target_phase,8,8,0,0,14,1.0,1.0,1.0,1.0,1.0
20000,ZJ-YQB,2014,landsat7,__ALL_YEAR__,year,8,8,8,37,138,1.0,1.0,1.0,1.0,1.0
20000,ZJ-YQB,2014,landsat8,autumn_v0,v0_predeclared,8,8,3,4,24,1.0,1.0,1.0,1.0,1.0
20000,ZJ-YQB,2014,landsat8,summer_v0,v0_predeclared,8,8,8,10,24,1.0,1.0,1.0,1.0,1.0
20000,ZJ-YQB,2014,landsat8,autumn_primary_v1,biological_target_phase,8,8,8,12,32,1.0,1.0,1.0,1.0,1.0
20000,ZJ-YQB,2014,landsat8,early_season_v1,biological_target_phase,8,8,0,0,8,1.0,1.0,1.0,1.0,1.0
20000,ZJ-YQB,2014,landsat8,__ALL_YEAR__,year,8,8,8,64,149,1.0,1.0,1.0,1.0,1.0
20000,ZJ-YQB,2015,landsat7,autumn_v0,v0_predeclared,8,8,2,2,15,1.0,1.0,1.0,1.0,1.0
20000,ZJ-YQB,2015,landsat7,summer_v0,v0_predeclared,8,8,8,8,23,1.0,1.0,1.0,1.0,1.0
20000,ZJ-YQB,2015,landsat7,autumn_primary_v1,biological_target_phase,8,8,2,2,21,1.0,1.0,1.0,1.0,1.0
20000,ZJ-YQB,2015,landsat7,early_season_v1,biological_target_phase,8,8,1,1,16,1.0,1.0,1.0,1.0,1.0
20000,ZJ-YQB,2015,landsat7,__ALL_YEAR__,year,8,8,8,23,131,1.0,1.0,1.0,1.0,1.0
20000,ZJ-YQB,2015,landsat8,autumn_v0,v0_predeclared,8,8,0,0,8,1.0,1.0,1.0,1.0,1.0
20000,ZJ-YQB,2015,landsat8,summer_v0,v0_predeclared,8,8,2,2,16,1.0,1.0,1.0,1.0,1.0
20000,ZJ-YQB,2015,landsat8,autumn_primary_v1,biological_target_phase,8,8,0,0,16,1.0,1.0,1.0,1.0,1.0
20000,ZJ-YQB,2015,landsat8,early_season_v1,biological_target_phase,8,8,2,2,16,1.0,1.0,1.0,1.0,1.0
20000,ZJ-YQB,2015,landsat8,__ALL_YEAR__,year,8,8,8,33,141,1.0,1.0,1.0,1.0,1.0
20000,ZJ-YQB,2015,sentinel1,autumn_v0,v0_predeclared,8,8,4,8,22,0.5239,1.0,1.0,1.0,1.0
20000,ZJ-YQB,2015,sentinel1,summer_v0,v0_predeclared,8,8,4,8,29,0.5239,1.0,1.0,1.0,1.0
20000,ZJ-YQB,2015,sentinel1,autumn_primary_v1,biological_target_phase,8,8,4,11,28,0.5239,1.0,1.0,1.0,1.0
20000,ZJ-YQB,2015,sentinel1,early_season_v1,biological_target_phase,8,8,4,5,14,0.5239,1.0,1.0,1.0,1.0
20000,ZJ-YQB,2015,sentinel1,__ALL_YEAR__,year,8,8,4,62,169,0.5239,1.0,1.0,1.0,1.0
20000,ZJ-YQB,2016,landsat7,autumn_v0,v0_predeclared,8,8,0,0,16,1.0,1.0,1.0,1.0,1.0
20000,ZJ-YQB,2016,landsat7,summer_v0,v0_predeclared,8,8,8,8,14,1.0,1.0,1.0,1.0,1.0
20000,ZJ-YQB,2016,landsat7,autumn_primary_v1,biological_target_phase,8,8,0,0,16,1.0,1.0,1.0,1.0,1.0
20000,ZJ-YQB,2016,landsat7,early_season_v1,biological_target_phase,8,8,0,0,6,1.0,1.0,1.0,1.0,1.0
20000,ZJ-YQB,2016,landsat7,__ALL_YEAR__,year,8,8,8,21,107,1.0,1.0,1.0,1.0,1.0
20000,ZJ-YQB,2016,landsat8,autumn_v0,v0_predeclared,8,8,0,0,21,1.0,1.0,1.0,1.0,1.0
20000,ZJ-YQB,2016,landsat8,summer_v0,v0_predeclared,8,8,8,10,22,1.0,1.0,1.0,1.0,1.0
20000,ZJ-YQB,2016,landsat8,autumn_primary_v1,biological_target_phase,8,8,0,0,21,1.0,1.0,1.0,1.0,1.0
20000,ZJ-YQB,2016,landsat8,early_season_v1,biological_target_phase,8,8,1,1,16,1.0,1.0,1.0,1.0,1.0
20000,ZJ-YQB,2016,landsat8,__ALL_YEAR__,year,8,8,8,24,123,1.0,1.0,1.0,1.0,1.0
20000,ZJ-YQB,2016,sentinel1,autumn_v0,v0_predeclared,8,8,4,16,44,0.5239,1.0,1.0,1.0,1.0
20000,ZJ-YQB,2016,sentinel1,summer_v0,v0_predeclared,8,8,4,11,28,0.5239,1.0,1.0,1.0,1.0
20000,ZJ-YQB,2016,sentinel1,autumn_primary_v1,biological_target_phase,8,8,4,20,55,0.5239,1.0,1.0,1.0,1.0
20000,ZJ-YQB,2016,sentinel1,early_season_v1,biological_target_phase,8,8,4,13,29,0.5239,1.0,1.0,1.0,1.0
20000,ZJ-YQB,2016,sentinel1,__ALL_YEAR__,year,8,8,4,93,240,0.5239,1.0,1.0,1.0,1.0
20000,ZJ-YQB,2017,landsat7,autumn_v0,v0_predeclared,8,8,8,8,22,1.0,1.0,1.0,1.0,1.0
20000,ZJ-YQB,2017,landsat7,summer_v0,v0_predeclared,8,8,0,0,22,1.0,1.0,1.0,1.0,1.0
20000,ZJ-YQB,2017,landsat7,autumn_primary_v1,biological_target_phase,8,8,8,9,30,1.0,1.0,1.0,1.0,1.0
20000,ZJ-YQB,2017,landsat7,early_season_v1,biological_target_phase,8,8,0,0,8,1.0,1.0,1.0,1.0,1.0
20000,ZJ-YQB,2017,landsat7,__ALL_YEAR__,year,8,8,8,39,116,1.0,1.0,1.0,1.0,1.0
20000,ZJ-YQB,2017,landsat8,autumn_v0,v0_predeclared,8,8,8,12,24,1.0,1.0,1.0,1.0,1.0
20000,ZJ-YQB,2017,landsat8,summer_v0,v0_predeclared,8,8,8,9,16,1.0,1.0,1.0,1.0,1.0
20000,ZJ-YQB,2017,landsat8,autumn_primary_v1,biological_target_phase,8,8,8,12,31,1.0,1.0,1.0,1.0,1.0
20000,ZJ-YQB,2017,landsat8,early_season_v1,biological_target_phase,8,8,0,0,6,1.0,1.0,1.0,1.0,1.0
20000,ZJ-YQB,2017,landsat8,__ALL_YEAR__,year,8,8,8,54,128,1.0,1.0,1.0,1.0,1.0
20000,ZJ-YQB,2017,sentinel1,autumn_v0,v0_predeclared,8,8,4,13,38,0.5239,1.0,1.0,1.0,1.0
20000,ZJ-YQB,2017,sentinel1,summer_v0,v0_predeclared,8,8,4,19,50,0.5239,1.0,1.0,1.0,1.0
20000,ZJ-YQB,2017,sentinel1,autumn_primary_v1,biological_target_phase,8,8,4,17,49,0.5239,1.0,1.0,1.0,1.0
20000,ZJ-YQB,2017,sentinel1,early_season_v1,biological_target_phase,8,8,4,13,38,0.5239,1.0,1.0,1.0,1.0
20000,ZJ-YQB,2017,sentinel1,__ALL_YEAR__,year,8,8,4,111,312,0.5239,1.0,1.0,1.0,1.0
20000,ZJ-YQB,2017,sentinel2,autumn_v0,v0_predeclared,8,8,7,15,32,1.0,1.0,1.0,1.0,1.0
20000,ZJ-YQB,2017,sentinel2,summer_v0,v0_predeclared,8,8,0,0,0,1.0,1.0,1.0,1.0,1.0
20000,ZJ-YQB,2017,sentinel2,autumn_primary_v1,biological_target_phase,8,8,7,15,32,1.0,1.0,1.0,1.0,1.0
20000,ZJ-YQB,2017,sentinel2,early_season_v1,biological_target_phase,8,8,1,1,5,1.0,1.0,1.0,1.0,1.0
20000,ZJ-YQB,2017,sentinel2,__ALL_YEAR__,year,8,8,7,72,114,1.0,1.0,1.0,1.0,1.0
20000,ZJ-YQB,2018,landsat7,autumn_v0,v0_predeclared,8,8,8,10,16,1.0,1.0,1.0,1.0,1.0
20000,ZJ-YQB,2018,landsat7,summer_v0,v0_predeclared,8,8,2,4,24,1.0,1.0,1.0,1.0,1.0
20000,ZJ-YQB,2018,landsat7,autumn_primary_v1,biological_target_phase,8,8,8,10,23,1.0,1.0,1.0,1.0,1.0
20000,ZJ-YQB,2018,landsat7,early_season_v1,biological_target_phase,8,8,2,2,8,1.0,1.0,1.0,1.0,1.0
20000,ZJ-YQB,2018,landsat7,__ALL_YEAR__,year,8,8,8,33,117,1.0,1.0,1.0,1.0,1.0
20000,ZJ-YQB,2018,landsat8,autumn_v0,v0_predeclared,8,8,8,10,16,1.0,1.0,1.0,1.0,1.0
20000,ZJ-YQB,2018,landsat8,summer_v0,v0_predeclared,8,8,8,10,32,1.0,1.0,1.0,1.0,1.0
20000,ZJ-YQB,2018,landsat8,autumn_primary_v1,biological_target_phase,8,8,8,10,16,1.0,1.0,1.0,1.0,1.0
20000,ZJ-YQB,2018,landsat8,early_season_v1,biological_target_phase,8,8,0,0,16,1.0,1.0,1.0,1.0,1.0
20000,ZJ-YQB,2018,landsat8,__ALL_YEAR__,year,8,8,8,45,120,1.0,1.0,1.0,1.0,1.0
20000,ZJ-YQB,2018,sentinel1,autumn_v0,v0_predeclared,8,8,4,16,44,0.5239,1.0,1.0,1.0,1.0
20000,ZJ-YQB,2018,sentinel1,summer_v0,v0_predeclared,8,8,4,20,55,0.5239,1.0,1.0,1.0,1.0
20000,ZJ-YQB,2018,sentinel1,autumn_primary_v1,biological_target_phase,8,8,4,20,55,0.5239,1.0,1.0,1.0,1.0
20000,ZJ-YQB,2018,sentinel1,early_season_v1,biological_target_phase,8,8,4,15,39,0.5239,1.0,1.0,1.0,1.0
20000,ZJ-YQB,2018,sentinel1,__ALL_YEAR__,year,8,8,4,121,333,0.5239,1.0,1.0,1.0,1.0
20000,ZJ-YQB,2018,sentinel2,autumn_v0,v0_predeclared,8,8,6,12,20,1.0,1.0,1.0,1.0,1.0
20000,ZJ-YQB,2018,sentinel2,summer_v0,v0_predeclared,8,8,1,1,4,1.0,1.0,1.0,1.0,1.0
20000,ZJ-YQB,2018,sentinel2,autumn_primary_v1,biological_target_phase,8,8,6,12,20,1.0,1.0,1.0,1.0,1.0
20000,ZJ-YQB,2018,sentinel2,early_season_v1,biological_target_phase,8,8,0,0,0,1.0,1.0,1.0,1.0,1.0
20000,ZJ-YQB,2018,sentinel2,__ALL_YEAR__,year,8,8,7,76,149,1.0,1.0,1.0,1.0,1.0
20000,ZJ-YQB,2019,landsat7,autumn_v0,v0_predeclared,8,8,8,9,22,1.0,1.0,1.0,1.0,1.0
20000,ZJ-YQB,2019,landsat7,summer_v0,v0_predeclared,8,8,0,0,15,1.0,1.0,1.0,1.0,1.0
20000,ZJ-YQB,2019,landsat7,autumn_primary_v1,biological_target_phase,8,8,8,17,30,1.0,1.0,1.0,1.0,1.0
20000,ZJ-YQB,2019,landsat7,early_season_v1,biological_target_phase,8,8,1,1,15,1.0,1.0,1.0,1.0,1.0
20000,ZJ-YQB,2019,landsat7,__ALL_YEAR__,year,8,8,8,58,121,1.0,1.0,1.0,1.0,1.0
20000,ZJ-YQB,2019,landsat8,autumn_v0,v0_predeclared,8,8,2,2,15,1.0,1.0,1.0,1.0,1.0
20000,ZJ-YQB,2019,landsat8,summer_v0,v0_predeclared,8,8,8,8,32,1.0,1.0,1.0,1.0,1.0
20000,ZJ-YQB,2019,landsat8,autumn_primary_v1,biological_target_phase,8,8,8,10,23,1.0,1.0,1.0,1.0,1.0
20000,ZJ-YQB,2019,landsat8,early_season_v1,biological_target_phase,8,8,1,1,16,1.0,1.0,1.0,1.0,1.0
20000,ZJ-YQB,2019,landsat8,__ALL_YEAR__,year,8,8,8,46,153,1.0,1.0,1.0,1.0,1.0
20000,ZJ-YQB,2019,sentinel1,autumn_v0,v0_predeclared,8,8,4,23,70,0.5239,1.0,1.0,1.0,1.0
20000,ZJ-YQB,2019,sentinel1,summer_v0,v0_predeclared,8,8,4,40,110,0.5239,1.0,1.0,1.0,1.0
20000,ZJ-YQB,2019,sentinel1,autumn_primary_v1,biological_target_phase,8,8,4,34,98,0.5239,1.0,1.0,1.0,1.0
20000,ZJ-YQB,2019,sentinel1,early_season_v1,biological_target_phase,8,8,4,28,77,0.5239,1.0,1.0,1.0,1.0
20000,ZJ-YQB,2019,sentinel1,__ALL_YEAR__,year,8,8,4,215,596,0.5239,1.0,1.0,1.0,1.0
20000,ZJ-YQB,2019,sentinel2,autumn_v0,v0_predeclared,8,8,7,61,166,1.0,1.0,1.0,1.0,1.0
20000,ZJ-YQB,2019,sentinel2,summer_v0,v0_predeclared,8,8,7,14,197,1.0,1.0,1.0,1.0,1.0
20000,ZJ-YQB,2019,sentinel2,autumn_primary_v1,biological_target_phase,8,8,7,82,214,1.0,1.0,1.0,1.0,1.0
20000,ZJ-YQB,2019,sentinel2,early_season_v1,biological_target_phase,8,8,6,18,129,1.0,1.0,1.0,1.0,1.0
20000,ZJ-YQB,2019,sentinel2,__ALL_YEAR__,year,8,8,7,246,1268,1.0,1.0,1.0,1.0,1.0
20000,ZJ-YQB,2020,landsat7,autumn_v0,v0_predeclared,8,8,8,9,24,1.0,1.0,1.0,1.0,1.0
20000,ZJ-YQB,2020,landsat7,summer_v0,v0_predeclared,8,8,2,2,22,1.0,1.0,1.0,1.0,1.0
20000,ZJ-YQB,2020,landsat7,autumn_primary_v1,biological_target_phase,8,8,8,17,32,1.0,1.0,1.0,1.0,1.0
20000,ZJ-YQB,2020,landsat7,early_season_v1,biological_target_phase,8,8,8,9,16,1.0,1.0,1.0,1.0,1.0
20000,ZJ-YQB,2020,landsat7,__ALL_YEAR__,year,8,8,8,44,138,1.0,1.0,1.0,1.0,1.0
20000,ZJ-YQB,2020,landsat8,autumn_v0,v0_predeclared,8,8,2,4,16,1.0,1.0,1.0,1.0,1.0
20000,ZJ-YQB,2020,landsat8,summer_v0,v0_predeclared,8,8,0,0,23,1.0,1.0,1.0,1.0,1.0
20000,ZJ-YQB,2020,landsat8,autumn_primary_v1,biological_target_phase,8,8,2,4,16,1.0,1.0,1.0,1.0,1.0
20000,ZJ-YQB,2020,landsat8,early_season_v1,biological_target_phase,8,8,0,0,14,1.0,1.0,1.0,1.0,1.0
20000,ZJ-YQB,2020,landsat8,__ALL_YEAR__,year,8,8,8,23,123,1.0,1.0,1.0,1.0,1.0
20000,ZJ-YQB,2020,sentinel1,autumn_v0,v0_predeclared,8,8,4,25,62,0.5239,1.0,1.0,1.0,1.0
20000,ZJ-YQB,2020,sentinel1,summer_v0,v0_predeclared,8,8,4,35,85,0.5239,1.0,1.0,1.0,1.0
20000,ZJ-YQB,2020,sentinel1,autumn_primary_v1,biological_target_phase,8,8,4,35,85,0.5239,1.0,1.0,1.0,1.0
20000,ZJ-YQB,2020,sentinel1,early_season_v1,biological_target_phase,8,8,4,21,51,0.5239,1.0,1.0,1.0,1.0
20000,ZJ-YQB,2020,sentinel1,__ALL_YEAR__,year,8,8,4,213,525,0.5239,1.0,1.0,1.0,1.0
20000,ZJ-YQB,2020,sentinel2,autumn_v0,v0_predeclared,8,8,7,29,158,1.0,1.0,1.0,1.0,1.0
20000,ZJ-YQB,2020,sentinel2,summer_v0,v0_predeclared,8,8,3,6,192,1.0,1.0,1.0,1.0,1.0
20000,ZJ-YQB,2020,sentinel2,autumn_primary_v1,biological_target_phase,8,8,7,40,206,1.0,1.0,1.0,1.0,1.0
20000,ZJ-YQB,2020,sentinel2,early_season_v1,biological_target_phase,8,8,7,19,138,1.0,1.0,1.0,1.0,1.0
20000,ZJ-YQB,2020,sentinel2,__ALL_YEAR__,year,8,8,7,217,1260,1.0,1.0,1.0,1.0,1.0
20000,ZJ-YQB,2021,landsat7,autumn_v0,v0_predeclared,8,8,8,8,16,1.0,1.0,1.0,1.0,1.0
20000,ZJ-YQB,2021,landsat7,summer_v0,v0_predeclared,8,8,0,0,7,1.0,1.0,1.0,1.0,1.0
20000,ZJ-YQB,2021,landsat7,autumn_primary_v1,biological_target_phase,8,8,8,9,24,1.0,1.0,1.0,1.0,1.0
20000,ZJ-YQB,2021,landsat7,early_season_v1,biological_target_phase,8,8,0,0,8,1.0,1.0,1.0,1.0,1.0
20000,ZJ-YQB,2021,landsat7,__ALL_YEAR__,year,8,8,8,33,93,1.0,1.0,1.0,1.0,1.0
20000,ZJ-YQB,2021,landsat8,autumn_v0,v0_predeclared,8,8,8,10,22,1.0,1.0,1.0,1.0,1.0
20000,ZJ-YQB,2021,landsat8,summer_v0,v0_predeclared,8,8,2,2,23,1.0,1.0,1.0,1.0,1.0
20000,ZJ-YQB,2021,landsat8,autumn_primary_v1,biological_target_phase,8,8,8,10,30,1.0,1.0,1.0,1.0,1.0
20000,ZJ-YQB,2021,landsat8,early_season_v1,biological_target_phase,8,8,0,0,16,1.0,1.0,1.0,1.0,1.0
20000,ZJ-YQB,2021,landsat8,__ALL_YEAR__,year,8,8,8,22,139,1.0,1.0,1.0,1.0,1.0
20000,ZJ-YQB,2021,sentinel1,autumn_v0,v0_predeclared,8,8,4,24,57,0.5239,1.0,1.0,1.0,1.0
20000,ZJ-YQB,2021,sentinel1,summer_v0,v0_predeclared,8,8,4,37,93,0.5239,1.0,1.0,1.0,1.0
20000,ZJ-YQB,2021,sentinel1,autumn_primary_v1,biological_target_phase,8,8,4,35,85,0.5239,1.0,1.0,1.0,1.0
20000,ZJ-YQB,2021,sentinel1,early_season_v1,biological_target_phase,8,8,4,22,56,0.5239,1.0,1.0,1.0,1.0
20000,ZJ-YQB,2021,sentinel1,__ALL_YEAR__,year,8,8,4,208,507,0.5239,1.0,1.0,1.0,1.0
20000,ZJ-YQB,2021,sentinel2,autumn_v0,v0_predeclared,8,8,7,63,176,1.0,1.0,1.0,1.0,1.0
20000,ZJ-YQB,2021,sentinel2,summer_v0,v0_predeclared,8,8,4,7,196,1.0,1.0,1.0,1.0,1.0
20000,ZJ-YQB,2021,sentinel2,autumn_primary_v1,biological_target_phase,8,8,7,84,224,1.0,1.0,1.0,1.0,1.0
20000,ZJ-YQB,2021,sentinel2,early_season_v1,biological_target_phase,8,8,7,12,141,1.0,1.0,1.0,1.0,1.0
20000,ZJ-YQB,2021,sentinel2,__ALL_YEAR__,year,8,8,7,251,1254,1.0,1.0,1.0,1.0,1.0
20000,ZJ-YQB,2022,landsat7,autumn_v0,v0_predeclared,8,8,8,26,32,1.0,1.0,1.0,1.0,1.0
20000,ZJ-YQB,2022,landsat7,summer_v0,v0_predeclared,8,8,3,6,48,1.0,1.0,1.0,1.0,1.0
20000,ZJ-YQB,2022,landsat7,autumn_primary_v1,biological_target_phase,8,8,8,27,40,1.0,1.0,1.0,1.0,1.0
20000,ZJ-YQB,2022,landsat7,early_season_v1,biological_target_phase,8,8,0,0,0,1.0,1.0,1.0,1.0,1.0
20000,ZJ-YQB,2022,landsat7,__ALL_YEAR__,year,8,8,8,44,139,1.0,1.0,1.0,1.0,1.0
20000,ZJ-YQB,2022,landsat8,autumn_v0,v0_predeclared,8,8,0,0,23,1.0,1.0,1.0,1.0,1.0
20000,ZJ-YQB,2022,landsat8,summer_v0,v0_predeclared,8,8,8,8,16,1.0,1.0,1.0,1.0,1.0
20000,ZJ-YQB,2022,landsat8,autumn_primary_v1,biological_target_phase,8,8,0,0,31,1.0,1.0,1.0,1.0,1.0
20000,ZJ-YQB,2022,landsat8,early_season_v1,biological_target_phase,8,8,0,0,16,1.0,1.0,1.0,1.0,1.0
20000,ZJ-YQB,2022,landsat8,__ALL_YEAR__,year,8,8,8,42,123,1.0,1.0,1.0,1.0,1.0
20000,ZJ-YQB,2022,landsat9,autumn_v0,v0_predeclared,8,8,8,8,8,1.0,1.0,1.0,1.0,1.0
20000,ZJ-YQB,2022,landsat9,summer_v0,v0_predeclared,8,8,8,18,24,1.0,1.0,1.0,1.0,1.0
20000,ZJ-YQB,2022,landsat9,autumn_primary_v1,biological_target_phase,8,8,8,8,8,1.0,1.0,1.0,1.0,1.0
20000,ZJ-YQB,2022,landsat9,early_season_v1,biological_target_phase,8,8,0,0,8,1.0,1.0,1.0,1.0,1.0
20000,ZJ-YQB,2022,landsat9,__ALL_YEAR__,year,8,8,8,61,100,1.0,1.0,1.0,1.0,1.0
20000,ZJ-YQB,2022,sentinel1,autumn_v0,v0_predeclared,8,8,4,15,39,0.5239,1.0,1.0,1.0,1.0
20000,ZJ-YQB,2022,sentinel1,summer_v0,v0_predeclared,8,8,4,23,61,0.5239,1.0,1.0,1.0,1.0
20000,ZJ-YQB,2022,sentinel1,autumn_primary_v1,biological_target_phase,8,8,4,22,56,0.5239,1.0,1.0,1.0,1.0
20000,ZJ-YQB,2022,sentinel1,early_season_v1,biological_target_phase,8,8,4,12,33,0.5239,1.0,1.0,1.0,1.0
20000,ZJ-YQB,2022,sentinel1,__ALL_YEAR__,year,8,8,4,117,315,0.5239,1.0,1.0,1.0,1.0
20000,ZJ-YQB,2022,sentinel2,autumn_v0,v0_predeclared,8,8,7,39,152,1.0,1.0,1.0,1.0,1.0
20000,ZJ-YQB,2022,sentinel2,summer_v0,v0_predeclared,8,8,7,29,192,1.0,1.0,1.0,1.0,1.0
20000,ZJ-YQB,2022,sentinel2,autumn_primary_v1,biological_target_phase,8,8,7,39,200,1.0,1.0,1.0,1.0,1.0
20000,ZJ-YQB,2022,sentinel2,early_season_v1,biological_target_phase,8,8,0,0,136,1.0,1.0,1.0,1.0,1.0
20000,ZJ-YQB,2022,sentinel2,__ALL_YEAR__,year,8,8,7,212,1178,1.0,1.0,1.0,1.0,1.0
20000,ZJ-YQB,2023,landsat7,autumn_v0,v0_predeclared,8,8,2,2,14,1.0,1.0,1.0,1.0,1.0
20000,ZJ-YQB,2023,landsat7,summer_v0,v0_predeclared,8,8,2,2,38,1.0,1.0,1.0,1.0,1.0
20000,ZJ-YQB,2023,landsat7,autumn_primary_v1,biological_target_phase,8,8,2,2,21,1.0,1.0,1.0,1.0,1.0
20000,ZJ-YQB,2023,landsat7,early_season_v1,biological_target_phase,8,8,0,0,6,1.0,1.0,1.0,1.0,1.0
20000,ZJ-YQB,2023,landsat7,__ALL_YEAR__,year,8,8,8,34,167,1.0,1.0,1.0,1.0,1.0
20000,ZJ-YQB,2023,landsat8,autumn_v0,v0_predeclared,8,8,2,2,22,1.0,1.0,1.0,1.0,1.0
20000,ZJ-YQB,2023,landsat8,summer_v0,v0_predeclared,8,8,8,8,15,1.0,1.0,1.0,1.0,1.0
20000,ZJ-YQB,2023,landsat8,autumn_primary_v1,biological_target_phase,8,8,8,10,30,1.0,1.0,1.0,1.0,1.0
20000,ZJ-YQB,2023,landsat8,early_season_v1,biological_target_phase,8,8,0,0,0,1.0,1.0,1.0,1.0,1.0
20000,ZJ-YQB,2023,landsat8,__ALL_YEAR__,year,8,8,8,58,121,1.0,1.0,1.0,1.0,1.0
20000,ZJ-YQB,2023,landsat9,autumn_v0,v0_predeclared,8,8,8,10,16,1.0,1.0,1.0,1.0,1.0
20000,ZJ-YQB,2023,landsat9,summer_v0,v0_predeclared,8,8,0,0,22,1.0,1.0,1.0,1.0,1.0
20000,ZJ-YQB,2023,landsat9,autumn_primary_v1,biological_target_phase,8,8,8,10,24,1.0,1.0,1.0,1.0,1.0
20000,ZJ-YQB,2023,landsat9,early_season_v1,biological_target_phase,8,8,1,1,24,1.0,1.0,1.0,1.0,1.0
20000,ZJ-YQB,2023,landsat9,__ALL_YEAR__,year,8,8,8,38,157,1.0,1.0,1.0,1.0,1.0
20000,ZJ-YQB,2023,sentinel1,autumn_v0,v0_predeclared,8,8,4,16,44,0.5239,1.0,1.0,1.0,1.0
20000,ZJ-YQB,2023,sentinel1,summer_v0,v0_predeclared,8,8,4,21,60,0.5239,1.0,1.0,1.0,1.0
20000,ZJ-YQB,2023,sentinel1,autumn_primary_v1,biological_target_phase,8,8,4,21,60,0.5239,1.0,1.0,1.0,1.0
20000,ZJ-YQB,2023,sentinel1,early_season_v1,biological_target_phase,8,8,4,15,39,0.5239,1.0,1.0,1.0,1.0
20000,ZJ-YQB,2023,sentinel1,__ALL_YEAR__,year,8,8,4,123,336,0.5239,1.0,1.0,1.0,1.0
20000,ZJ-YQB,2023,sentinel2,autumn_v0,v0_predeclared,8,8,7,41,152,1.0,1.0,1.0,1.0,1.0
20000,ZJ-YQB,2023,sentinel2,summer_v0,v0_predeclared,8,8,4,15,192,1.0,1.0,1.0,1.0,1.0
20000,ZJ-YQB,2023,sentinel2,autumn_primary_v1,biological_target_phase,8,8,7,41,200,1.0,1.0,1.0,1.0,1.0
20000,ZJ-YQB,2023,sentinel2,early_season_v1,biological_target_phase,8,8,7,25,136,1.0,1.0,1.0,1.0,1.0
20000,ZJ-YQB,2023,sentinel2,__ALL_YEAR__,year,8,8,7,239,1168,1.0,1.0,1.0,1.0,1.0
20000,ZJ-YQB,2024,landsat8,autumn_v0,v0_predeclared,8,8,1,1,23,1.0,1.0,1.0,1.0,1.0
20000,ZJ-YQB,2024,landsat8,summer_v0,v0_predeclared,8,8,0,0,24,1.0,1.0,1.0,1.0,1.0
20000,ZJ-YQB,2024,landsat8,autumn_primary_v1,biological_target_phase,8,8,1,1,23,1.0,1.0,1.0,1.0,1.0
20000,ZJ-YQB,2024,landsat8,early_season_v1,biological_target_phase,8,8,0,0,14,1.0,1.0,1.0,1.0,1.0
20000,ZJ-YQB,2024,landsat8,__ALL_YEAR__,year,8,8,8,41,131,1.0,1.0,1.0,1.0,1.0
20000,ZJ-YQB,2024,landsat9,autumn_v0,v0_predeclared,8,8,2,2,24,1.0,1.0,1.0,1.0,1.0
20000,ZJ-YQB,2024,landsat9,summer_v0,v0_predeclared,8,8,8,8,22,1.0,1.0,1.0,1.0,1.0
20000,ZJ-YQB,2024,landsat9,autumn_primary_v1,biological_target_phase,8,8,2,4,32,1.0,1.0,1.0,1.0,1.0
20000,ZJ-YQB,2024,landsat9,early_season_v1,biological_target_phase,8,8,3,3,16,1.0,1.0,1.0,1.0,1.0
20000,ZJ-YQB,2024,landsat9,__ALL_YEAR__,year,8,8,8,56,140,1.0,1.0,1.0,1.0,1.0
20000,ZJ-YQB,2024,sentinel1,autumn_v0,v0_predeclared,8,8,4,17,47,0.5239,1.0,1.0,1.0,1.0
20000,ZJ-YQB,2024,sentinel1,summer_v0,v0_predeclared,8,8,4,20,55,0.5239,1.0,1.0,1.0,1.0
20000,ZJ-YQB,2024,sentinel1,autumn_primary_v1,biological_target_phase,8,8,4,21,58,0.5239,1.0,1.0,1.0,1.0
20000,ZJ-YQB,2024,sentinel1,early_season_v1,biological_target_phase,8,8,4,12,33,0.5239,1.0,1.0,1.0,1.0
20000,ZJ-YQB,2024,sentinel1,__ALL_YEAR__,year,8,8,4,121,333,0.5239,1.0,1.0,1.0,1.0
20000,ZJ-YQB,2024,sentinel2,autumn_v0,v0_predeclared,8,8,7,10,152,1.0,1.0,1.0,1.0,1.0
20000,ZJ-YQB,2024,sentinel2,summer_v0,v0_predeclared,8,8,7,31,192,1.0,1.0,1.0,1.0,1.0
20000,ZJ-YQB,2024,sentinel2,autumn_primary_v1,biological_target_phase,8,8,7,27,200,1.0,1.0,1.0,1.0,1.0
20000,ZJ-YQB,2024,sentinel2,early_season_v1,biological_target_phase,8,8,7,7,136,1.0,1.0,1.0,1.0,1.0
20000,ZJ-YQB,2024,sentinel2,__ALL_YEAR__,year,8,8,7,241,1168,1.0,1.0,1.0,1.0,1.0
20000,ZJ-YQB,2025,landsat8,autumn_v0,v0_predeclared,8,8,2,2,16,1.0,1.0,1.0,1.0,1.0
20000,ZJ-YQB,2025,landsat8,summer_v0,v0_predeclared,8,8,2,4,22,1.0,1.0,1.0,1.0,1.0
20000,ZJ-YQB,2025,landsat8,autumn_primary_v1,biological_target_phase,8,8,2,2,24,1.0,1.0,1.0,1.0,1.0
20000,ZJ-YQB,2025,landsat8,early_season_v1,biological_target_phase,8,8,8,8,16,1.0,1.0,1.0,1.0,1.0
20000,ZJ-YQB,2025,landsat8,__ALL_YEAR__,year,8,8,8,72,148,1.0,1.0,1.0,1.0,1.0
20000,ZJ-YQB,2025,landsat9,autumn_v0,v0_predeclared,8,8,1,1,22,1.0,1.0,1.0,1.0,1.0
20000,ZJ-YQB,2025,landsat9,summer_v0,v0_predeclared,8,8,0,0,22,1.0,1.0,1.0,1.0,1.0
20000,ZJ-YQB,2025,landsat9,autumn_primary_v1,biological_target_phase,8,8,1,1,30,1.0,1.0,1.0,1.0,1.0
20000,ZJ-YQB,2025,landsat9,early_season_v1,biological_target_phase,8,8,8,8,8,1.0,1.0,1.0,1.0,1.0
20000,ZJ-YQB,2025,landsat9,__ALL_YEAR__,year,8,8,8,45,130,1.0,1.0,1.0,1.0,1.0
20000,ZJ-YQB,2025,sentinel1,autumn_v0,v0_predeclared,8,8,4,16,44,0.5239,1.0,1.0,1.0,1.0
20000,ZJ-YQB,2025,sentinel1,summer_v0,v0_predeclared,8,8,4,20,55,0.5239,1.0,1.0,1.0,1.0
20000,ZJ-YQB,2025,sentinel1,autumn_primary_v1,biological_target_phase,8,8,4,20,55,0.5239,1.0,1.0,1.0,1.0
20000,ZJ-YQB,2025,sentinel1,early_season_v1,biological_target_phase,8,8,4,15,39,0.5239,1.0,1.0,1.0,1.0
20000,ZJ-YQB,2025,sentinel1,__ALL_YEAR__,year,8,8,4,121,326,0.5239,1.0,1.0,1.0,1.0
20000,ZJ-YQB,2025,sentinel2,autumn_v0,v0_predeclared,8,8,7,25,160,1.0,1.0,1.0,1.0,1.0
20000,ZJ-YQB,2025,sentinel2,summer_v0,v0_predeclared,8,8,7,30,232,1.0,1.0,1.0,1.0,1.0
20000,ZJ-YQB,2025,sentinel2,autumn_primary_v1,biological_target_phase,8,8,7,32,216,1.0,1.0,1.0,1.0,1.0
20000,ZJ-YQB,2025,sentinel2,early_season_v1,biological_target_phase,8,8,7,29,160,1.0,1.0,1.0,1.0,1.0
20000,ZJ-YQB,2025,sentinel2,__ALL_YEAR__,year,8,8,7,336,1336,1.0,1.0,1.0,1.0,1.0
20000,ZJ-YQB,2026,landsat8,autumn_v0,v0_predeclared,8,8,8,8,8,1.0,1.0,1.0,1.0,1.0
20000,ZJ-YQB,2026,landsat8,summer_v0,v0_predeclared,8,8,8,8,23,1.0,1.0,1.0,1.0,1.0
20000,ZJ-YQB,2026,landsat8,autumn_primary_v1,biological_target_phase,8,8,8,8,8,1.0,1.0,1.0,1.0,1.0
20000,ZJ-YQB,2026,landsat8,early_season_v1,biological_target_phase,8,8,8,8,22,1.0,1.0,1.0,1.0,1.0
20000,ZJ-YQB,2026,landsat8,__ALL_YEAR__,year,8,8,8,41,91,1.0,1.0,1.0,1.0,1.0
20000,ZJ-YQB,2026,landsat9,autumn_v0,v0_predeclared,8,8,8,8,8,1.0,1.0,1.0,1.0,1.0
20000,ZJ-YQB,2026,landsat9,summer_v0,v0_predeclared,8,8,8,10,24,1.0,1.0,1.0,1.0,1.0
20000,ZJ-YQB,2026,landsat9,autumn_primary_v1,biological_target_phase,8,8,8,8,8,1.0,1.0,1.0,1.0,1.0
20000,ZJ-YQB,2026,landsat9,early_season_v1,biological_target_phase,8,8,0,0,8,1.0,1.0,1.0,1.0,1.0
20000,ZJ-YQB,2026,landsat9,__ALL_YEAR__,year,8,8,8,36,88,1.0,1.0,1.0,1.0,1.0
20000,ZJ-YQB,2026,sentinel1,autumn_v0,v0_predeclared,8,8,4,4,11,0.5239,1.0,1.0,1.0,1.0
20000,ZJ-YQB,2026,sentinel1,summer_v0,v0_predeclared,8,8,4,26,67,0.5239,1.0,1.0,1.0,1.0
20000,ZJ-YQB,2026,sentinel1,autumn_primary_v1,biological_target_phase,8,8,4,4,11,0.5239,1.0,1.0,1.0,1.0
20000,ZJ-YQB,2026,sentinel1,early_season_v1,biological_target_phase,8,8,4,13,38,0.5239,1.0,1.0,1.0,1.0
20000,ZJ-YQB,2026,sentinel1,__ALL_YEAR__,year,8,8,4,93,258,0.5239,1.0,1.0,1.0,1.0
20000,ZJ-YQB,2026,sentinel2,autumn_v0,v0_predeclared,8,8,7,24,64,1.0,1.0,1.0,1.0,1.0
20000,ZJ-YQB,2026,sentinel2,summer_v0,v0_predeclared,8,8,7,35,248,1.0,1.0,1.0,1.0,1.0
20000,ZJ-YQB,2026,sentinel2,autumn_primary_v1,biological_target_phase,8,8,7,24,64,1.0,1.0,1.0,1.0,1.0
20000,ZJ-YQB,2026,sentinel2,early_season_v1,biological_target_phase,8,8,3,3,160,1.0,1.0,1.0,1.0,1.0
20000,ZJ-YQB,2026,sentinel2,__ALL_YEAR__,year,8,8,7,201,1048,1.0,1.0,1.0,1.0,1.0
