cell_size_m,bay_id,year,sensor,window_id,window_layer,n_coastal_cells,n_cells_any_coverage,n_cells_with_quality_event,n_quality_pairs,n_pairs,coverage_p50,coverage_p90,coverage_max,single_frame_coverage_p90,single_frame_coverage_max
5000,ZJ-HZB,1985,landsat5,autumn_v0,v0_predeclared,201,201,0,0,201,1.0,1.0,1.0,1.0,1.0
5000,ZJ-HZB,1985,landsat5,summer_v0,v0_predeclared,201,201,201,282,590,1.0,1.0,1.0,1.0,1.0
5000,ZJ-HZB,1985,landsat5,autumn_primary_v1,biological_target_phase,201,201,0,0,201,1.0,1.0,1.0,1.0,1.0
5000,ZJ-HZB,1985,landsat5,early_season_v1,biological_target_phase,201,201,0,0,0,1.0,1.0,1.0,1.0,1.0
5000,ZJ-HZB,1985,landsat5,__ALL_YEAR__,year,201,201,201,927,2065,1.0,1.0,1.0,1.0,1.0
5000,ZJ-HZB,1986,landsat5,autumn_v0,v0_predeclared,201,201,0,0,94,1.0,1.0,1.0,1.0,1.0
5000,ZJ-HZB,1986,landsat5,summer_v0,v0_predeclared,201,201,81,81,590,1.0,1.0,1.0,1.0,1.0
5000,ZJ-HZB,1986,landsat5,autumn_primary_v1,biological_target_phase,201,201,0,0,94,1.0,1.0,1.0,1.0,1.0
5000,ZJ-HZB,1986,landsat5,early_season_v1,biological_target_phase,201,201,0,0,0,1.0,1.0,1.0,1.0,1.0
5000,ZJ-HZB,1986,landsat5,__ALL_YEAR__,year,201,201,201,966,2078,1.0,1.0,1.0,1.0,1.0
5000,ZJ-HZB,1987,landsat5,autumn_v0,v0_predeclared,201,201,201,282,590,1.0,1.0,1.0,1.0,1.0
5000,ZJ-HZB,1987,landsat5,summer_v0,v0_predeclared,201,201,81,81,885,1.0,1.0,1.0,1.0,1.0
5000,ZJ-HZB,1987,landsat5,autumn_primary_v1,biological_target_phase,201,201,201,282,791,1.0,1.0,1.0,1.0,1.0
5000,ZJ-HZB,1987,landsat5,early_season_v1,biological_target_phase,201,201,201,201,389,1.0,1.0,1.0,1.0,1.0
5000,ZJ-HZB,1987,landsat5,__ALL_YEAR__,year,201,201,201,927,4143,1.0,1.0,1.0,1.0,1.0
5000,ZJ-HZB,1988,landsat5,autumn_v0,v0_predeclared,201,201,0,0,389,1.0,1.0,1.0,1.0,1.0
5000,ZJ-HZB,1988,landsat5,summer_v0,v0_predeclared,201,201,201,402,697,1.0,1.0,1.0,1.0,1.0
5000,ZJ-HZB,1988,landsat5,autumn_primary_v1,biological_target_phase,201,201,81,81,684,1.0,1.0,1.0,1.0,1.0
5000,ZJ-HZB,1988,landsat5,early_season_v1,biological_target_phase,201,201,81,81,295,1.0,1.0,1.0,1.0,1.0
5000,ZJ-HZB,1988,landsat5,__ALL_YEAR__,year,201,201,201,1329,4036,1.0,1.0,1.0,1.0,1.0
5000,ZJ-HZB,1989,landsat5,autumn_v0,v0_predeclared,201,201,81,81,684,1.0,1.0,1.0,1.0,1.0
5000,ZJ-HZB,1989,landsat5,summer_v0,v0_predeclared,201,201,81,81,590,1.0,1.0,1.0,1.0,1.0
5000,ZJ-HZB,1989,landsat5,autumn_primary_v1,biological_target_phase,201,201,81,81,885,1.0,1.0,1.0,1.0,1.0
5000,ZJ-HZB,1989,landsat5,early_season_v1,biological_target_phase,201,201,81,81,389,1.0,1.0,1.0,1.0,1.0
5000,ZJ-HZB,1989,landsat5,__ALL_YEAR__,year,201,201,201,1008,3446,1.0,1.0,1.0,1.0,1.0
5000,ZJ-HZB,1990,landsat5,autumn_v0,v0_predeclared,201,201,81,81,94,1.0,1.0,1.0,1.0,1.0
5000,ZJ-HZB,1990,landsat5,summer_v0,v0_predeclared,201,201,81,162,979,1.0,1.0,1.0,1.0,1.0
5000,ZJ-HZB,1990,landsat5,autumn_primary_v1,biological_target_phase,201,201,81,81,295,1.0,1.0,1.0,1.0,1.0
5000,ZJ-HZB,1990,landsat5,early_season_v1,biological_target_phase,201,201,201,201,697,1.0,1.0,1.0,1.0,1.0
5000,ZJ-HZB,1990,landsat5,__ALL_YEAR__,year,201,201,201,1047,3942,1.0,1.0,1.0,1.0,1.0
5000,ZJ-HZB,1991,landsat5,autumn_v0,v0_predeclared,201,201,201,363,590,1.0,1.0,1.0,1.0,1.0
5000,ZJ-HZB,1991,landsat5,summer_v0,v0_predeclared,201,201,201,282,590,1.0,1.0,1.0,1.0,1.0
5000,ZJ-HZB,1991,landsat5,autumn_primary_v1,biological_target_phase,201,201,201,444,684,1.0,1.0,1.0,1.0,1.0
5000,ZJ-HZB,1991,landsat5,early_season_v1,biological_target_phase,201,201,81,81,496,1.0,1.0,1.0,1.0,1.0
5000,ZJ-HZB,1991,landsat5,__ALL_YEAR__,year,201,201,201,1533,3728,1.0,1.0,1.0,1.0,1.0
5000,ZJ-HZB,1992,landsat5,autumn_v0,v0_predeclared,201,201,81,81,885,1.0,1.0,1.0,1.0,1.0
5000,ZJ-HZB,1992,landsat5,summer_v0,v0_predeclared,201,201,201,363,684,1.0,1.0,1.0,1.0,1.0
5000,ZJ-HZB,1992,landsat5,autumn_primary_v1,biological_target_phase,201,201,81,81,979,1.0,1.0,1.0,1.0,1.0
5000,ZJ-HZB,1992,landsat5,early_season_v1,biological_target_phase,201,201,81,162,282,1.0,1.0,1.0,1.0,1.0
5000,ZJ-HZB,1992,landsat5,__ALL_YEAR__,year,201,201,201,1614,4305,1.0,1.0,1.0,1.0,1.0
5000,ZJ-HZB,1993,landsat5,autumn_v0,v0_predeclared,201,201,81,162,188,1.0,1.0,1.0,1.0,1.0
5000,ZJ-HZB,1993,landsat5,summer_v0,v0_predeclared,201,201,201,282,979,1.0,1.0,1.0,1.0,1.0
5000,ZJ-HZB,1993,landsat5,autumn_primary_v1,biological_target_phase,201,201,81,162,389,1.0,1.0,1.0,1.0,1.0
5000,ZJ-HZB,1993,landsat5,early_season_v1,biological_target_phase,201,201,81,81,188,1.0,1.0,1.0,1.0,1.0
5000,ZJ-HZB,1993,landsat5,__ALL_YEAR__,year,201,201,201,1170,3232,1.0,1.0,1.0,1.0,1.0
5000,ZJ-HZB,1994,landsat5,autumn_v0,v0_predeclared,201,201,0,0,402,1.0,1.0,1.0,1.0,1.0
5000,ZJ-HZB,1994,landsat5,summer_v0,v0_predeclared,201,201,201,201,496,1.0,1.0,1.0,1.0,1.0
5000,ZJ-HZB,1994,landsat5,autumn_primary_v1,biological_target_phase,201,201,0,0,402,1.0,1.0,1.0,1.0,1.0
5000,ZJ-HZB,1994,landsat5,early_season_v1,biological_target_phase,201,201,201,282,389,1.0,1.0,1.0,1.0,1.0
5000,ZJ-HZB,1994,landsat5,__ALL_YEAR__,year,201,201,201,645,2950,1.0,1.0,1.0,1.0,1.0
5000,ZJ-HZB,1995,landsat5,autumn_v0,v0_predeclared,201,201,81,81,295,1.0,1.0,1.0,1.0,1.0
5000,ZJ-HZB,1995,landsat5,summer_v0,v0_predeclared,201,201,81,81,496,1.0,1.0,1.0,1.0,1.0
5000,ZJ-HZB,1995,landsat5,autumn_primary_v1,biological_target_phase,201,201,201,282,590,1.0,1.0,1.0,1.0,1.0
5000,ZJ-HZB,1995,landsat5,early_season_v1,biological_target_phase,201,201,0,0,496,1.0,1.0,1.0,1.0,1.0
5000,ZJ-HZB,1995,landsat5,__ALL_YEAR__,year,201,201,201,1371,4036,1.0,1.0,1.0,1.0,1.0
5000,ZJ-HZB,1996,landsat5,autumn_v0,v0_predeclared,201,201,201,201,496,1.0,1.0,1.0,1.0,1.0
5000,ZJ-HZB,1996,landsat5,summer_v0,v0_predeclared,201,201,81,81,1180,1.0,1.0,1.0,1.0,1.0
5000,ZJ-HZB,1996,landsat5,autumn_primary_v1,biological_target_phase,201,201,201,201,496,1.0,1.0,1.0,1.0,1.0
5000,ZJ-HZB,1996,landsat5,early_season_v1,biological_target_phase,201,201,0,0,590,1.0,1.0,1.0,1.0,1.0
5000,ZJ-HZB,1996,landsat5,__ALL_YEAR__,year,201,201,201,807,4616,1.0,1.0,1.0,1.0,1.0
5000,ZJ-HZB,1997,landsat5,autumn_v0,v0_predeclared,201,201,201,483,496,1.0,1.0,1.0,1.0,1.0
5000,ZJ-HZB,1997,landsat5,summer_v0,v0_predeclared,201,201,81,81,791,1.0,1.0,1.0,1.0,1.0
5000,ZJ-HZB,1997,landsat5,autumn_primary_v1,biological_target_phase,201,201,201,483,496,1.0,1.0,1.0,1.0,1.0
5000,ZJ-HZB,1997,landsat5,early_season_v1,biological_target_phase,201,201,81,162,590,1.0,1.0,1.0,1.0,1.0
5000,ZJ-HZB,1997,landsat5,__ALL_YEAR__,year,201,201,201,1131,4441,1.0,1.0,1.0,1.0,1.0
5000,ZJ-HZB,1998,landsat5,autumn_v0,v0_predeclared,201,201,0,0,100,1.0,1.0,1.0,1.0,1.0
5000,ZJ-HZB,1998,landsat5,summer_v0,v0_predeclared,201,201,81,81,499,1.0,1.0,1.0,1.0,1.0
5000,ZJ-HZB,1998,landsat5,autumn_primary_v1,biological_target_phase,201,201,201,282,395,1.0,1.0,1.0,1.0,1.0
5000,ZJ-HZB,1998,landsat5,early_season_v1,biological_target_phase,201,201,0,0,684,1.0,1.0,1.0,1.0,1.0
5000,ZJ-HZB,1998,landsat5,__ALL_YEAR__,year,201,201,201,1008,3458,1.0,1.0,1.0,1.0,1.0
5000,ZJ-HZB,1999,landsat5,autumn_v0,v0_predeclared,201,201,201,363,389,1.0,1.0,1.0,1.0,1.0
5000,ZJ-HZB,1999,landsat5,summer_v0,v0_predeclared,201,201,0,0,402,1.0,1.0,1.0,1.0,1.0
5000,ZJ-HZB,1999,landsat5,autumn_primary_v1,biological_target_phase,201,201,201,363,483,1.0,1.0,1.0,1.0,1.0
5000,ZJ-HZB,1999,landsat5,early_season_v1,biological_target_phase,201,201,0,0,97,1.0,1.0,1.0,1.0,1.0
5000,ZJ-HZB,1999,landsat5,__ALL_YEAR__,year,201,201,201,1089,3050,1.0,1.0,1.0,1.0,1.0
5000,ZJ-HZB,1999,landsat7,autumn_v0,v0_predeclared,201,201,81,162,389,1.0,1.0,1.0,1.0,1.0
5000,ZJ-HZB,1999,landsat7,summer_v0,v0_predeclared,201,201,0,0,0,1.0,1.0,1.0,1.0,1.0
5000,ZJ-HZB,1999,landsat7,autumn_primary_v1,biological_target_phase,201,201,201,363,590,1.0,1.0,1.0,1.0,1.0
5000,ZJ-HZB,1999,landsat7,early_season_v1,biological_target_phase,201,201,0,0,0,1.0,1.0,1.0,1.0,1.0
5000,ZJ-HZB,1999,landsat7,__ALL_YEAR__,year,201,201,201,726,1381,1.0,1.0,1.0,1.0,1.0
5000,ZJ-HZB,2000,landsat5,autumn_v0,v0_predeclared,201,201,81,81,684,1.0,1.0,1.0,1.0,1.0
5000,ZJ-HZB,2000,landsat5,summer_v0,v0_predeclared,201,201,81,162,885,1.0,1.0,1.0,1.0,1.0
5000,ZJ-HZB,2000,landsat5,autumn_primary_v1,biological_target_phase,201,201,81,162,781,1.0,1.0,1.0,1.0,1.0
5000,ZJ-HZB,2000,landsat5,early_season_v1,biological_target_phase,201,201,81,162,885,1.0,1.0,1.0,1.0,1.0
5000,ZJ-HZB,2000,landsat5,__ALL_YEAR__,year,201,201,201,930,5193,1.0,1.0,1.0,1.0,1.0
5000,ZJ-HZB,2000,landsat7,autumn_v0,v0_predeclared,201,201,201,282,684,1.0,1.0,1.0,1.0,1.0
5000,ZJ-HZB,2000,landsat7,summer_v0,v0_predeclared,201,201,201,282,885,1.0,1.0,1.0,1.0,1.0
5000,ZJ-HZB,2000,landsat7,autumn_primary_v1,biological_target_phase,201,201,201,282,885,1.0,1.0,1.0,1.0,1.0
5000,ZJ-HZB,2000,landsat7,early_season_v1,biological_target_phase,201,201,81,162,593,1.0,1.0,1.0,1.0,1.0
5000,ZJ-HZB,2000,landsat7,__ALL_YEAR__,year,201,201,201,1290,4629,1.0,1.0,1.0,1.0,1.0
5000,ZJ-HZB,2001,landsat5,autumn_v0,v0_predeclared,201,201,0,0,496,1.0,1.0,1.0,1.0,1.0
5000,ZJ-HZB,2001,landsat5,summer_v0,v0_predeclared,201,201,81,162,885,1.0,1.0,1.0,1.0,1.0
5000,ZJ-HZB,2001,landsat5,autumn_primary_v1,biological_target_phase,201,201,201,201,791,1.0,1.0,1.0,1.0,1.0
5000,ZJ-HZB,2001,landsat5,early_season_v1,biological_target_phase,201,201,201,201,499,1.0,1.0,1.0,1.0,1.0
5000,ZJ-HZB,2001,landsat5,__ALL_YEAR__,year,201,201,201,1614,4723,1.0,1.0,1.0,1.0,1.0
5000,ZJ-HZB,2001,landsat7,autumn_v0,v0_predeclared,201,201,81,162,684,1.0,1.0,1.0,1.0,1.0
5000,ZJ-HZB,2001,landsat7,summer_v0,v0_predeclared,201,201,201,282,1086,1.0,1.0,1.0,1.0,1.0
5000,ZJ-HZB,2001,landsat7,autumn_primary_v1,biological_target_phase,201,201,81,243,979,1.0,1.0,1.0,1.0,1.0
5000,ZJ-HZB,2001,landsat7,early_season_v1,biological_target_phase,201,201,81,81,496,1.0,1.0,1.0,1.0,1.0
5000,ZJ-HZB,2001,landsat7,__ALL_YEAR__,year,201,201,201,1452,5028,1.0,1.0,1.0,1.0,1.0
5000,ZJ-HZB,2002,landsat5,autumn_v0,v0_predeclared,201,201,201,444,684,1.0,1.0,1.0,1.0,1.0
5000,ZJ-HZB,2002,landsat5,summer_v0,v0_predeclared,201,201,201,402,402,1.0,1.0,1.0,1.0,1.0
5000,ZJ-HZB,2002,landsat5,autumn_primary_v1,biological_target_phase,201,201,201,444,778,1.0,1.0,1.0,1.0,1.0
5000,ZJ-HZB,2002,landsat5,early_season_v1,biological_target_phase,201,201,0,0,94,1.0,1.0,1.0,1.0,1.0
5000,ZJ-HZB,2002,landsat5,__ALL_YEAR__,year,201,201,201,1611,3044,1.0,1.0,1.0,1.0,1.0
5000,ZJ-HZB,2002,landsat7,autumn_v0,v0_predeclared,201,201,0,0,590,1.0,1.0,1.0,1.0,1.0
5000,ZJ-HZB,2002,landsat7,summer_v0,v0_predeclared,201,201,81,162,885,1.0,1.0,1.0,1.0,1.0
5000,ZJ-HZB,2002,landsat7,autumn_primary_v1,biological_target_phase,201,201,201,282,885,1.0,1.0,1.0,1.0,1.0
5000,ZJ-HZB,2002,landsat7,early_season_v1,biological_target_phase,201,201,81,81,295,1.0,1.0,1.0,1.0,1.0
5000,ZJ-HZB,2002,landsat7,__ALL_YEAR__,year,201,201,201,1653,4723,1.0,1.0,1.0,1.0,1.0
5000,ZJ-HZB,2003,landsat5,autumn_v0,v0_predeclared,201,201,201,363,590,1.0,1.0,1.0,1.0,1.0
5000,ZJ-HZB,2003,landsat5,summer_v0,v0_predeclared,201,201,81,81,885,1.0,1.0,1.0,1.0,1.0
5000,ZJ-HZB,2003,landsat5,autumn_primary_v1,biological_target_phase,201,201,201,444,684,1.0,1.0,1.0,1.0,1.0
5000,ZJ-HZB,2003,landsat5,early_season_v1,biological_target_phase,201,201,0,0,0,1.0,1.0,1.0,1.0,1.0
5000,ZJ-HZB,2003,landsat5,__ALL_YEAR__,year,201,201,201,1170,3929,1.0,1.0,1.0,1.0,1.0
5000,ZJ-HZB,2003,landsat7,autumn_v0,v0_predeclared,201,201,201,402,590,1.0,1.0,1.0,1.0,1.0
5000,ZJ-HZB,2003,landsat7,summer_v0,v0_predeclared,201,201,201,201,201,1.0,1.0,1.0,1.0,1.0
5000,ZJ-HZB,2003,landsat7,autumn_primary_v1,biological_target_phase,201,201,201,483,885,1.0,1.0,1.0,1.0,1.0
5000,ZJ-HZB,2003,landsat7,early_season_v1,biological_target_phase,201,201,201,201,389,1.0,1.0,1.0,1.0,1.0
5000,ZJ-HZB,2003,landsat7,__ALL_YEAR__,year,201,201,201,2016,3420,1.0,1.0,1.0,1.0,1.0
5000,ZJ-HZB,2004,landsat5,autumn_v0,v0_predeclared,201,201,81,243,483,1.0,1.0,1.0,1.0,1.0
5000,ZJ-HZB,2004,landsat5,summer_v0,v0_predeclared,201,201,81,162,885,1.0,1.0,1.0,1.0,1.0
5000,ZJ-HZB,2004,landsat5,autumn_primary_v1,biological_target_phase,201,201,81,243,577,1.0,1.0,1.0,1.0,1.0
5000,ZJ-HZB,2004,landsat5,early_season_v1,biological_target_phase,201,201,0,0,94,1.0,1.0,1.0,1.0,1.0
5000,ZJ-HZB,2004,landsat5,__ALL_YEAR__,year,201,201,201,1452,4224,1.0,1.0,1.0,1.0,1.0
5000,ZJ-HZB,2004,landsat7,autumn_v0,v0_predeclared,201,201,201,483,791,1.0,1.0,1.0,1.0,1.0
5000,ZJ-HZB,2004,landsat7,summer_v0,v0_predeclared,201,201,81,81,992,1.0,1.0,1.0,1.0,1.0
5000,ZJ-HZB,2004,landsat7,autumn_primary_v1,biological_target_phase,201,201,201,483,885,1.0,1.0,1.0,1.0,1.0
5000,ZJ-HZB,2004,landsat7,early_season_v1,biological_target_phase,201,201,0,0,496,1.0,1.0,1.0,1.0,1.0
5000,ZJ-HZB,2004,landsat7,__ALL_YEAR__,year,201,201,201,1332,4830,1.0,1.0,1.0,1.0,1.0
5000,ZJ-HZB,2005,landsat5,autumn_v0,v0_predeclared,201,201,81,162,590,1.0,1.0,1.0,1.0,1.0
5000,ZJ-HZB,2005,landsat5,summer_v0,v0_predeclared,201,201,201,201,1086,1.0,1.0,1.0,1.0,1.0
5000,ZJ-HZB,2005,landsat5,autumn_primary_v1,biological_target_phase,201,201,81,162,684,1.0,1.0,1.0,1.0,1.0
5000,ZJ-HZB,2005,landsat5,early_season_v1,biological_target_phase,201,201,0,0,590,1.0,1.0,1.0,1.0,1.0
5000,ZJ-HZB,2005,landsat5,__ALL_YEAR__,year,201,201,201,807,3809,1.0,1.0,1.0,1.0,1.0
5000,ZJ-HZB,2005,landsat7,autumn_v0,v0_predeclared,201,201,201,201,295,1.0,1.0,1.0,1.0,1.0
5000,ZJ-HZB,2005,landsat7,summer_v0,v0_predeclared,201,201,201,363,1086,1.0,1.0,1.0,1.0,1.0
5000,ZJ-HZB,2005,landsat7,autumn_primary_v1,biological_target_phase,201,201,201,201,298,1.0,1.0,1.0,1.0,1.0
5000,ZJ-HZB,2005,landsat7,early_season_v1,biological_target_phase,201,201,0,0,392,1.0,1.0,1.0,1.0,1.0
5000,ZJ-HZB,2005,landsat7,__ALL_YEAR__,year,201,201,201,1452,4739,1.0,1.0,1.0,1.0,1.0
5000,ZJ-HZB,2006,landsat5,autumn_v0,v0_predeclared,201,201,201,363,885,1.0,1.0,1.0,1.0,1.0
5000,ZJ-HZB,2006,landsat5,summer_v0,v0_predeclared,201,201,0,0,697,1.0,1.0,1.0,1.0,1.0
5000,ZJ-HZB,2006,landsat5,autumn_primary_v1,biological_target_phase,201,201,201,363,979,1.0,1.0,1.0,1.0,1.0
5000,ZJ-HZB,2006,landsat5,early_season_v1,biological_target_phase,201,201,81,162,389,1.0,1.0,1.0,1.0,1.0
5000,ZJ-HZB,2006,landsat5,__ALL_YEAR__,year,201,201,201,1371,4130,1.0,1.0,1.0,1.0,1.0
5000,ZJ-HZB,2006,landsat7,autumn_v0,v0_predeclared,201,201,201,282,496,1.0,1.0,1.0,1.0,1.0
5000,ZJ-HZB,2006,landsat7,summer_v0,v0_predeclared,201,201,0,0,392,1.0,1.0,1.0,1.0,1.0
5000,ZJ-HZB,2006,landsat7,autumn_primary_v1,biological_target_phase,201,201,201,282,697,1.0,1.0,1.0,1.0,1.0
5000,ZJ-HZB,2006,landsat7,early_season_v1,biological_target_phase,201,201,0,0,593,1.0,1.0,1.0,1.0,1.0
5000,ZJ-HZB,2006,landsat7,__ALL_YEAR__,year,201,201,201,969,4632,1.0,1.0,1.0,1.0,1.0
5000,ZJ-HZB,2007,landsat5,autumn_v0,v0_predeclared,201,201,0,0,201,1.0,1.0,1.0,1.0,1.0
5000,ZJ-HZB,2007,landsat5,summer_v0,v0_predeclared,201,201,201,201,1086,1.0,1.0,1.0,1.0,1.0
5000,ZJ-HZB,2007,landsat5,autumn_primary_v1,biological_target_phase,201,201,0,0,201,1.0,1.0,1.0,1.0,1.0
5000,ZJ-HZB,2007,landsat5,early_season_v1,biological_target_phase,201,201,0,0,402,1.0,1.0,1.0,1.0,1.0
5000,ZJ-HZB,2007,landsat5,__ALL_YEAR__,year,201,201,201,927,3647,1.0,1.0,1.0,1.0,1.0
5000,ZJ-HZB,2007,landsat7,autumn_v0,v0_predeclared,201,201,0,0,483,1.0,1.0,1.0,1.0,1.0
5000,ZJ-HZB,2007,landsat7,summer_v0,v0_predeclared,201,201,0,0,295,1.0,1.0,1.0,1.0,1.0
5000,ZJ-HZB,2007,landsat7,autumn_primary_v1,biological_target_phase,201,201,0,0,684,1.0,1.0,1.0,1.0,1.0
5000,ZJ-HZB,2007,landsat7,early_season_v1,biological_target_phase,201,201,201,483,590,1.0,1.0,1.0,1.0,1.0
5000,ZJ-HZB,2007,landsat7,__ALL_YEAR__,year,201,201,201,1209,3955,1.0,1.0,1.0,1.0,1.0
5000,ZJ-HZB,2008,landsat5,autumn_v0,v0_predeclared,201,201,201,282,697,1.0,1.0,1.0,1.0,1.0
5000,ZJ-HZB,2008,landsat5,summer_v0,v0_predeclared,201,201,201,363,684,1.0,1.0,1.0,1.0,1.0
5000,ZJ-HZB,2008,landsat5,autumn_primary_v1,biological_target_phase,201,201,201,282,697,1.0,1.0,1.0,1.0,1.0
5000,ZJ-HZB,2008,landsat5,early_season_v1,biological_target_phase,201,201,201,483,791,1.0,1.0,1.0,1.0,1.0
5000,ZJ-HZB,2008,landsat5,__ALL_YEAR__,year,201,201,201,1491,3835,1.0,1.0,1.0,1.0,1.0
5000,ZJ-HZB,2008,landsat7,autumn_v0,v0_predeclared,201,201,0,0,590,1.0,1.0,1.0,1.0,1.0
5000,ZJ-HZB,2008,landsat7,summer_v0,v0_predeclared,201,201,201,201,804,1.0,1.0,1.0,1.0,1.0
5000,ZJ-HZB,2008,landsat7,autumn_primary_v1,biological_target_phase,201,201,0,0,791,1.0,1.0,1.0,1.0,1.0
5000,ZJ-HZB,2008,landsat7,early_season_v1,biological_target_phase,201,201,81,162,684,1.0,1.0,1.0,1.0,1.0
5000,ZJ-HZB,2008,landsat7,__ALL_YEAR__,year,201,201,201,888,4934,1.0,1.0,1.0,1.0,1.0
5000,ZJ-HZB,2009,landsat5,autumn_v0,v0_predeclared,201,201,201,201,791,1.0,1.0,1.0,1.0,1.0
5000,ZJ-HZB,2009,landsat5,summer_v0,v0_predeclared,201,201,201,282,885,1.0,1.0,1.0,1.0,1.0
5000,ZJ-HZB,2009,landsat5,autumn_primary_v1,biological_target_phase,201,201,201,201,992,1.0,1.0,1.0,1.0,1.0
5000,ZJ-HZB,2009,landsat5,early_season_v1,biological_target_phase,201,201,201,201,697,1.0,1.0,1.0,1.0,1.0
5000,ZJ-HZB,2009,landsat5,__ALL_YEAR__,year,201,201,201,1329,3754,1.0,1.0,1.0,1.0,1.0
5000,ZJ-HZB,2009,landsat7,autumn_v0,v0_predeclared,201,201,201,363,590,1.0,1.0,1.0,1.0,1.0
5000,ZJ-HZB,2009,landsat7,summer_v0,v0_predeclared,201,201,0,0,590,1.0,1.0,1.0,1.0,1.0
5000,ZJ-HZB,2009,landsat7,autumn_primary_v1,biological_target_phase,201,201,201,444,885,1.0,1.0,1.0,1.0,1.0
5000,ZJ-HZB,2009,landsat7,early_season_v1,biological_target_phase,201,201,0,0,590,1.0,1.0,1.0,1.0,1.0
5000,ZJ-HZB,2009,landsat7,__ALL_YEAR__,year,201,201,201,1533,3916,1.0,1.0,1.0,1.0,1.0
5000,ZJ-HZB,2010,landsat5,autumn_v0,v0_predeclared,201,201,0,0,295,1.0,1.0,1.0,1.0,1.0
5000,ZJ-HZB,2010,landsat5,summer_v0,v0_predeclared,201,201,0,0,402,1.0,1.0,1.0,1.0,1.0
5000,ZJ-HZB,2010,landsat5,autumn_primary_v1,biological_target_phase,201,201,201,201,496,1.0,1.0,1.0,1.0,1.0
5000,ZJ-HZB,2010,landsat5,early_season_v1,biological_target_phase,201,201,201,282,496,1.0,1.0,1.0,1.0,1.0
5000,ZJ-HZB,2010,landsat5,__ALL_YEAR__,year,201,201,201,1329,3365,1.0,1.0,1.0,1.0,1.0
5000,ZJ-HZB,2010,landsat7,autumn_v0,v0_predeclared,201,201,201,282,590,1.0,1.0,1.0,1.0,1.0
5000,ZJ-HZB,2010,landsat7,summer_v0,v0_predeclared,201,201,81,81,389,1.0,1.0,1.0,1.0,1.0
5000,ZJ-HZB,2010,landsat7,autumn_primary_v1,biological_target_phase,201,201,201,282,590,1.0,1.0,1.0,1.0,1.0
5000,ZJ-HZB,2010,landsat7,early_season_v1,biological_target_phase,201,201,201,282,496,1.0,1.0,1.0,1.0,1.0
5000,ZJ-HZB,2010,landsat7,__ALL_YEAR__,year,201,201,201,2016,4224,1.0,1.0,1.0,1.0,1.0
5000,ZJ-HZB,2011,landsat5,autumn_v0,v0_predeclared,201,201,0,0,201,1.0,1.0,1.0,1.0,1.0
5000,ZJ-HZB,2011,landsat5,summer_v0,v0_predeclared,201,201,201,282,590,1.0,1.0,1.0,1.0,1.0
5000,ZJ-HZB,2011,landsat5,autumn_primary_v1,biological_target_phase,201,201,0,0,201,1.0,1.0,1.0,1.0,1.0
5000,ZJ-HZB,2011,landsat5,early_season_v1,biological_target_phase,201,201,81,81,389,1.0,1.0,1.0,1.0,1.0
5000,ZJ-HZB,2011,landsat5,__ALL_YEAR__,year,201,201,201,807,3245,1.0,1.0,1.0,1.0,1.0
5000,ZJ-HZB,2011,landsat7,autumn_v0,v0_predeclared,201,201,81,81,684,1.0,1.0,1.0,1.0,1.0
5000,ZJ-HZB,2011,landsat7,summer_v0,v0_predeclared,201,201,81,81,94,1.0,1.0,1.0,1.0,1.0
5000,ZJ-HZB,2011,landsat7,autumn_primary_v1,biological_target_phase,201,201,81,162,778,1.0,1.0,1.0,1.0,1.0
5000,ZJ-HZB,2011,landsat7,early_season_v1,biological_target_phase,201,201,81,81,94,1.0,1.0,1.0,1.0,1.0
5000,ZJ-HZB,2011,landsat7,__ALL_YEAR__,year,201,201,201,1572,3822,1.0,1.0,1.0,1.0,1.0
5000,ZJ-HZB,2012,landsat7,autumn_v0,v0_predeclared,201,201,81,162,885,1.0,1.0,1.0,1.0,1.0
5000,ZJ-HZB,2012,landsat7,summer_v0,v0_predeclared,201,201,0,0,201,1.0,1.0,1.0,1.0,1.0
5000,ZJ-HZB,2012,landsat7,autumn_primary_v1,biological_target_phase,201,201,81,243,1180,1.0,1.0,1.0,1.0,1.0
5000,ZJ-HZB,2012,landsat7,early_season_v1,biological_target_phase,201,201,81,81,684,1.0,1.0,1.0,1.0,1.0
5000,ZJ-HZB,2012,landsat7,__ALL_YEAR__,year,201,201,201,1008,4451,1.0,1.0,1.0,1.0,1.0
5000,ZJ-HZB,2013,landsat7,autumn_v0,v0_predeclared,201,201,0,0,402,1.0,1.0,1.0,1.0,1.0
5000,ZJ-HZB,2013,landsat7,summer_v0,v0_predeclared,201,201,81,162,389,1.0,1.0,1.0,1.0,1.0
5000,ZJ-HZB,2013,landsat7,autumn_primary_v1,biological_target_phase,201,201,81,81,697,1.0,1.0,1.0,1.0,1.0
5000,ZJ-HZB,2013,landsat7,early_season_v1,biological_target_phase,201,201,81,81,389,1.0,1.0,1.0,1.0,1.0
5000,ZJ-HZB,2013,landsat7,__ALL_YEAR__,year,201,201,201,1371,4036,1.0,1.0,1.0,1.0,1.0
5000,ZJ-HZB,2013,landsat8,autumn_v0,v0_predeclared,201,201,81,81,697,1.0,1.0,1.0,1.0,1.0
5000,ZJ-HZB,2013,landsat8,summer_v0,v0_predeclared,201,201,81,162,885,1.0,1.0,1.0,1.0,1.0
5000,ZJ-HZB,2013,landsat8,autumn_primary_v1,biological_target_phase,201,201,81,162,791,1.0,1.0,1.0,1.0,1.0
5000,ZJ-HZB,2013,landsat8,early_season_v1,biological_target_phase,201,201,0,0,201,1.0,1.0,1.0,1.0,1.0
5000,ZJ-HZB,2013,landsat8,__ALL_YEAR__,year,201,201,201,1089,3741,1.0,1.0,1.0,1.0,1.0
5000,ZJ-HZB,2014,landsat7,autumn_v0,v0_predeclared,201,201,0,0,791,1.0,1.0,1.0,1.0,1.0
5000,ZJ-HZB,2014,landsat7,summer_v0,v0_predeclared,201,201,81,81,885,1.0,1.0,1.0,1.0,1.0
5000,ZJ-HZB,2014,landsat7,autumn_primary_v1,biological_target_phase,201,201,81,81,1086,1.0,1.0,1.0,1.0,1.0
5000,ZJ-HZB,2014,landsat7,early_season_v1,biological_target_phase,201,201,81,81,496,1.0,1.0,1.0,1.0,1.0
5000,ZJ-HZB,2014,landsat7,__ALL_YEAR__,year,201,201,201,1251,5015,1.0,1.0,1.0,1.0,1.0
5000,ZJ-HZB,2014,landsat8,autumn_v0,v0_predeclared,201,201,81,81,791,1.0,1.0,1.0,1.0,1.0
5000,ZJ-HZB,2014,landsat8,summer_v0,v0_predeclared,201,201,81,81,791,1.0,1.0,1.0,1.0,1.0
5000,ZJ-HZB,2014,landsat8,autumn_primary_v1,biological_target_phase,201,201,201,282,1086,1.0,1.0,1.0,1.0,1.0
5000,ZJ-HZB,2014,landsat8,early_season_v1,biological_target_phase,201,201,0,0,496,1.0,1.0,1.0,1.0,1.0
5000,ZJ-HZB,2014,landsat8,__ALL_YEAR__,year,201,201,201,1371,5232,1.0,1.0,1.0,1.0,1.0
5000,ZJ-HZB,2015,landsat7,autumn_v0,v0_predeclared,201,201,0,0,295,1.0,1.0,1.0,1.0,1.0
5000,ZJ-HZB,2015,landsat7,summer_v0,v0_predeclared,201,201,201,201,791,1.0,1.0,1.0,1.0,1.0
5000,ZJ-HZB,2015,landsat7,autumn_primary_v1,biological_target_phase,201,201,81,81,590,1.0,1.0,1.0,1.0,1.0
5000,ZJ-HZB,2015,landsat7,early_season_v1,biological_target_phase,201,201,81,81,590,1.0,1.0,1.0,1.0,1.0
5000,ZJ-HZB,2015,landsat7,__ALL_YEAR__,year,201,201,201,1050,3929,1.0,1.0,1.0,1.0,1.0
5000,ZJ-HZB,2015,landsat8,autumn_v0,v0_predeclared,201,201,81,162,392,1.0,1.0,1.0,1.0,1.0
5000,ZJ-HZB,2015,landsat8,summer_v0,v0_predeclared,201,201,0,0,885,1.0,1.0,1.0,1.0,1.0
5000,ZJ-HZB,2015,landsat8,autumn_primary_v1,biological_target_phase,201,201,81,162,687,1.0,1.0,1.0,1.0,1.0
5000,ZJ-HZB,2015,landsat8,early_season_v1,biological_target_phase,201,201,81,81,590,1.0,1.0,1.0,1.0,1.0
5000,ZJ-HZB,2015,landsat8,__ALL_YEAR__,year,201,201,201,807,4937,1.0,1.0,1.0,1.0,1.0
5000,ZJ-HZB,2015,sentinel1,autumn_v0,v0_predeclared,201,201,0,0,0,1.0,1.0,1.0,1.0,1.0
5000,ZJ-HZB,2015,sentinel1,summer_v0,v0_predeclared,201,201,201,275,288,1.0,1.0,1.0,1.0,1.0
5000,ZJ-HZB,2015,sentinel1,autumn_primary_v1,biological_target_phase,201,201,0,0,0,1.0,1.0,1.0,1.0,1.0
5000,ZJ-HZB,2015,sentinel1,early_season_v1,biological_target_phase,201,201,201,275,288,1.0,1.0,1.0,1.0,1.0
5000,ZJ-HZB,2015,sentinel1,__ALL_YEAR__,year,201,201,201,751,777,1.0,1.0,1.0,1.0,1.0
5000,ZJ-HZB,2016,landsat7,autumn_v0,v0_predeclared,201,201,0,0,496,1.0,1.0,1.0,1.0,1.0
5000,ZJ-HZB,2016,landsat7,summer_v0,v0_predeclared,201,201,201,282,590,1.0,1.0,1.0,1.0,1.0
5000,ZJ-HZB,2016,landsat7,autumn_primary_v1,biological_target_phase,201,201,0,0,496,1.0,1.0,1.0,1.0,1.0
5000,ZJ-HZB,2016,landsat7,early_season_v1,biological_target_phase,201,201,81,162,389,1.0,1.0,1.0,1.0,1.0
5000,ZJ-HZB,2016,landsat7,__ALL_YEAR__,year,201,201,201,888,3621,1.0,1.0,1.0,1.0,1.0
5000,ZJ-HZB,2016,landsat8,autumn_v0,v0_predeclared,201,201,0,0,402,1.0,1.0,1.0,1.0,1.0
5000,ZJ-HZB,2016,landsat8,summer_v0,v0_predeclared,201,201,201,282,992,1.0,1.0,1.0,1.0,1.0
5000,ZJ-HZB,2016,landsat8,autumn_primary_v1,biological_target_phase,201,201,0,0,402,1.0,1.0,1.0,1.0,1.0
5000,ZJ-HZB,2016,landsat8,early_season_v1,biological_target_phase,201,201,0,0,496,1.0,1.0,1.0,1.0,1.0
5000,ZJ-HZB,2016,landsat8,__ALL_YEAR__,year,201,201,201,888,4635,1.0,1.0,1.0,1.0,1.0
5000,ZJ-HZB,2016,sentinel1,autumn_v0,v0_predeclared,201,87,74,74,87,1.0,1.0,1.0,1.0,1.0
5000,ZJ-HZB,2016,sentinel1,summer_v0,v0_predeclared,201,87,74,296,348,1.0,1.0,1.0,1.0,1.0
5000,ZJ-HZB,2016,sentinel1,autumn_primary_v1,biological_target_phase,201,87,74,74,87,1.0,1.0,1.0,1.0,1.0
5000,ZJ-HZB,2016,sentinel1,early_season_v1,biological_target_phase,201,87,0,0,0,1.0,1.0,1.0,1.0,1.0
5000,ZJ-HZB,2016,sentinel1,__ALL_YEAR__,year,201,87,74,518,609,1.0,1.0,1.0,1.0,1.0
5000,ZJ-HZB,2017,landsat7,autumn_v0,v0_predeclared,201,201,201,201,590,1.0,1.0,1.0,1.0,1.0
5000,ZJ-HZB,2017,landsat7,summer_v0,v0_predeclared,201,201,81,81,885,1.0,1.0,1.0,1.0,1.0
5000,ZJ-HZB,2017,landsat7,autumn_primary_v1,biological_target_phase,201,201,201,282,885,1.0,1.0,1.0,1.0,1.0
5000,ZJ-HZB,2017,landsat7,early_season_v1,biological_target_phase,201,201,0,0,295,1.0,1.0,1.0,1.0,1.0
5000,ZJ-HZB,2017,landsat7,__ALL_YEAR__,year,201,201,201,1008,4334,1.0,1.0,1.0,1.0,1.0
5000,ZJ-HZB,2017,landsat8,autumn_v0,v0_predeclared,201,201,201,201,697,1.0,1.0,1.0,1.0,1.0
5000,ZJ-HZB,2017,landsat8,summer_v0,v0_predeclared,201,201,201,282,590,1.0,1.0,1.0,1.0,1.0
5000,ZJ-HZB,2017,landsat8,autumn_primary_v1,biological_target_phase,201,201,201,282,992,1.0,1.0,1.0,1.0,1.0
5000,ZJ-HZB,2017,landsat8,early_season_v1,biological_target_phase,201,201,81,162,483,1.0,1.0,1.0,1.0,1.0
5000,ZJ-HZB,2017,landsat8,__ALL_YEAR__,year,201,201,201,1572,4629,1.0,1.0,1.0,1.0,1.0
5000,ZJ-HZB,2017,sentinel2,autumn_v0,v0_predeclared,201,64,48,75,105,1.0,1.0,1.0,1.0,1.0
5000,ZJ-HZB,2017,sentinel2,summer_v0,v0_predeclared,201,64,0,0,0,1.0,1.0,1.0,1.0,1.0
5000,ZJ-HZB,2017,sentinel2,autumn_primary_v1,biological_target_phase,201,64,48,102,146,1.0,1.0,1.0,1.0,1.0
5000,ZJ-HZB,2017,sentinel2,early_season_v1,biological_target_phase,201,64,29,29,43,1.0,1.0,1.0,1.0,1.0
5000,ZJ-HZB,2017,sentinel2,__ALL_YEAR__,year,201,64,48,669,901,1.0,1.0,1.0,1.0,1.0
5000,ZJ-HZB,2018,landsat7,autumn_v0,v0_predeclared,201,201,201,363,684,1.0,1.0,1.0,1.0,1.0
5000,ZJ-HZB,2018,landsat7,summer_v0,v0_predeclared,201,201,81,81,885,1.0,1.0,1.0,1.0,1.0
5000,ZJ-HZB,2018,landsat7,autumn_primary_v1,biological_target_phase,201,201,201,363,778,1.0,1.0,1.0,1.0,1.0
5000,ZJ-HZB,2018,landsat7,early_season_v1,biological_target_phase,201,201,81,81,496,1.0,1.0,1.0,1.0,1.0
5000,ZJ-HZB,2018,landsat7,__ALL_YEAR__,year,201,201,201,1089,4331,1.0,1.0,1.0,1.0,1.0
5000,ZJ-HZB,2018,landsat8,autumn_v0,v0_predeclared,201,201,201,201,590,1.0,1.0,1.0,1.0,1.0
5000,ZJ-HZB,2018,landsat8,summer_v0,v0_predeclared,201,201,201,282,596,1.0,1.0,1.0,1.0,1.0
5000,ZJ-HZB,2018,landsat8,autumn_primary_v1,biological_target_phase,201,201,201,201,590,1.0,1.0,1.0,1.0,1.0
5000,ZJ-HZB,2018,landsat8,early_season_v1,biological_target_phase,201,201,81,162,791,1.0,1.0,1.0,1.0,1.0
5000,ZJ-HZB,2018,landsat8,__ALL_YEAR__,year,201,201,201,1371,4217,1.0,1.0,1.0,1.0,1.0
5000,ZJ-HZB,2018,sentinel1,autumn_v0,v0_predeclared,201,201,0,0,0,1.0,1.0,1.0,1.0,1.0
5000,ZJ-HZB,2018,sentinel1,summer_v0,v0_predeclared,201,201,0,0,0,1.0,1.0,1.0,1.0,1.0
5000,ZJ-HZB,2018,sentinel1,autumn_primary_v1,biological_target_phase,201,201,0,0,0,1.0,1.0,1.0,1.0,1.0
5000,ZJ-HZB,2018,sentinel1,early_season_v1,biological_target_phase,201,201,0,0,0,1.0,1.0,1.0,1.0,1.0
5000,ZJ-HZB,2018,sentinel1,__ALL_YEAR__,year,201,201,201,373,381,1.0,1.0,1.0,1.0,1.0
5000,ZJ-HZB,2018,sentinel2,autumn_v0,v0_predeclared,201,64,29,29,43,1.0,1.0,1.0,1.0,1.0
5000,ZJ-HZB,2018,sentinel2,summer_v0,v0_predeclared,201,64,41,41,53,1.0,1.0,1.0,1.0,1.0
5000,ZJ-HZB,2018,sentinel2,autumn_primary_v1,biological_target_phase,201,64,48,63,95,1.0,1.0,1.0,1.0,1.0
5000,ZJ-HZB,2018,sentinel2,early_season_v1,biological_target_phase,201,64,22,22,32,1.0,1.0,1.0,1.0,1.0
5000,ZJ-HZB,2018,sentinel2,__ALL_YEAR__,year,201,64,48,570,1125,1.0,1.0,1.0,1.0,1.0
5000,ZJ-HZB,2019,landsat7,autumn_v0,v0_predeclared,201,201,201,282,885,1.0,1.0,1.0,1.0,1.0
5000,ZJ-HZB,2019,landsat7,summer_v0,v0_predeclared,201,201,0,0,590,1.0,1.0,1.0,1.0,1.0
5000,ZJ-HZB,2019,landsat7,autumn_primary_v1,biological_target_phase,201,201,201,483,1086,1.0,1.0,1.0,1.0,1.0
5000,ZJ-HZB,2019,landsat7,early_season_v1,biological_target_phase,201,201,81,81,496,1.0,1.0,1.0,1.0,1.0
5000,ZJ-HZB,2019,landsat7,__ALL_YEAR__,year,201,201,201,1692,4532,1.0,1.0,1.0,1.0,1.0
5000,ZJ-HZB,2019,landsat8,autumn_v0,v0_predeclared,201,201,81,81,295,1.0,1.0,1.0,1.0,1.0
5000,ZJ-HZB,2019,landsat8,summer_v0,v0_predeclared,201,201,201,201,885,1.0,1.0,1.0,1.0,1.0
5000,ZJ-HZB,2019,landsat8,autumn_primary_v1,biological_target_phase,201,201,201,363,590,1.0,1.0,1.0,1.0,1.0
5000,ZJ-HZB,2019,landsat8,early_season_v1,biological_target_phase,201,201,0,0,496,1.0,1.0,1.0,1.0,1.0
5000,ZJ-HZB,2019,landsat8,__ALL_YEAR__,year,201,201,201,1491,4830,1.0,1.0,1.0,1.0,1.0
5000,ZJ-HZB,2019,sentinel1,autumn_v0,v0_predeclared,201,201,0,0,0,1.0,1.0,1.0,1.0,1.0
5000,ZJ-HZB,2019,sentinel1,summer_v0,v0_predeclared,201,201,0,0,0,1.0,1.0,1.0,1.0,1.0
5000,ZJ-HZB,2019,sentinel1,autumn_primary_v1,biological_target_phase,201,201,0,0,0,1.0,1.0,1.0,1.0,1.0
5000,ZJ-HZB,2019,sentinel1,early_season_v1,biological_target_phase,201,201,0,0,0,1.0,1.0,1.0,1.0,1.0
5000,ZJ-HZB,2019,sentinel1,__ALL_YEAR__,year,201,201,201,447,468,1.0,1.0,1.0,1.0,1.0
5000,ZJ-HZB,2019,sentinel2,autumn_v0,v0_predeclared,201,64,48,235,1093,1.0,1.0,1.0,1.0,1.0
5000,ZJ-HZB,2019,sentinel2,summer_v0,v0_predeclared,201,64,41,41,1404,1.0,1.0,1.0,1.0,1.0
5000,ZJ-HZB,2019,sentinel2,autumn_primary_v1,biological_target_phase,201,64,48,366,1484,1.0,1.0,1.0,1.0,1.0
5000,ZJ-HZB,2019,sentinel2,early_season_v1,biological_target_phase,201,64,34,34,903,1.0,1.0,1.0,1.0,1.0
5000,ZJ-HZB,2019,sentinel2,__ALL_YEAR__,year,201,64,48,985,8628,1.0,1.0,1.0,1.0,1.0
5000,ZJ-HZB,2020,landsat7,autumn_v0,v0_predeclared,201,201,201,282,791,1.0,1.0,1.0,1.0,1.0
5000,ZJ-HZB,2020,landsat7,summer_v0,v0_predeclared,201,201,0,0,684,1.0,1.0,1.0,1.0,1.0
5000,ZJ-HZB,2020,landsat7,autumn_primary_v1,biological_target_phase,201,201,201,564,1086,1.0,1.0,1.0,1.0,1.0
5000,ZJ-HZB,2020,landsat7,early_season_v1,biological_target_phase,201,201,201,282,684,1.0,1.0,1.0,1.0,1.0
5000,ZJ-HZB,2020,landsat7,__ALL_YEAR__,year,201,201,201,1533,5404,1.0,1.0,1.0,1.0,1.0
5000,ZJ-HZB,2020,landsat8,autumn_v0,v0_predeclared,201,201,0,0,687,1.0,1.0,1.0,1.0,1.0
5000,ZJ-HZB,2020,landsat8,summer_v0,v0_predeclared,201,201,81,81,389,1.0,1.0,1.0,1.0,1.0
5000,ZJ-HZB,2020,landsat8,autumn_primary_v1,biological_target_phase,201,201,81,81,781,1.0,1.0,1.0,1.0,1.0
5000,ZJ-HZB,2020,landsat8,early_season_v1,biological_target_phase,201,201,81,162,791,1.0,1.0,1.0,1.0,1.0
5000,ZJ-HZB,2020,landsat8,__ALL_YEAR__,year,201,201,201,768,4616,1.0,1.0,1.0,1.0,1.0
5000,ZJ-HZB,2020,sentinel1,autumn_v0,v0_predeclared,201,87,0,0,0,1.0,1.0,1.0,1.0,1.0
5000,ZJ-HZB,2020,sentinel1,summer_v0,v0_predeclared,201,87,0,0,0,1.0,1.0,1.0,1.0,1.0
5000,ZJ-HZB,2020,sentinel1,autumn_primary_v1,biological_target_phase,201,87,0,0,0,1.0,1.0,1.0,1.0,1.0
5000,ZJ-HZB,2020,sentinel1,early_season_v1,biological_target_phase,201,87,0,0,0,1.0,1.0,1.0,1.0,1.0
5000,ZJ-HZB,2020,sentinel1,__ALL_YEAR__,year,201,87,74,74,87,1.0,1.0,1.0,1.0,1.0
5000,ZJ-HZB,2020,sentinel2,autumn_v0,v0_predeclared,201,64,48,78,1093,1.0,1.0,1.0,1.0,1.0
5000,ZJ-HZB,2020,sentinel2,summer_v0,v0_predeclared,201,64,0,0,1404,1.0,1.0,1.0,1.0,1.0
5000,ZJ-HZB,2020,sentinel2,autumn_primary_v1,biological_target_phase,201,64,48,126,1444,1.0,1.0,1.0,1.0,1.0
5000,ZJ-HZB,2020,sentinel2,early_season_v1,biological_target_phase,201,64,0,0,936,1.0,1.0,1.0,1.0,1.0
5000,ZJ-HZB,2020,sentinel2,__ALL_YEAR__,year,201,64,48,908,8792,1.0,1.0,1.0,1.0,1.0
5000,ZJ-HZB,2021,landsat7,autumn_v0,v0_predeclared,201,201,201,363,791,1.0,1.0,1.0,1.0,1.0
5000,ZJ-HZB,2021,landsat7,summer_v0,v0_predeclared,201,201,0,0,697,1.0,1.0,1.0,1.0,1.0
5000,ZJ-HZB,2021,landsat7,autumn_primary_v1,biological_target_phase,201,201,201,363,992,1.0,1.0,1.0,1.0,1.0
5000,ZJ-HZB,2021,landsat7,early_season_v1,biological_target_phase,201,201,0,0,496,1.0,1.0,1.0,1.0,1.0
5000,ZJ-HZB,2021,landsat7,__ALL_YEAR__,year,201,201,201,1047,4344,1.0,1.0,1.0,1.0,1.0
5000,ZJ-HZB,2021,landsat8,autumn_v0,v0_predeclared,201,201,81,81,791,1.0,1.0,1.0,1.0,1.0
5000,ZJ-HZB,2021,landsat8,summer_v0,v0_predeclared,201,201,81,81,483,1.0,1.0,1.0,1.0,1.0
5000,ZJ-HZB,2021,landsat8,autumn_primary_v1,biological_target_phase,201,201,81,162,1086,1.0,1.0,1.0,1.0,1.0
5000,ZJ-HZB,2021,landsat8,early_season_v1,biological_target_phase,201,201,0,0,684,1.0,1.0,1.0,1.0,1.0
5000,ZJ-HZB,2021,landsat8,__ALL_YEAR__,year,201,201,81,405,4729,1.0,1.0,1.0,1.0,1.0
5000,ZJ-HZB,2021,sentinel1,autumn_v0,v0_predeclared,201,201,0,0,0,1.0,1.0,1.0,1.0,1.0
5000,ZJ-HZB,2021,sentinel1,summer_v0,v0_predeclared,201,201,201,275,288,1.0,1.0,1.0,1.0,1.0
5000,ZJ-HZB,2021,sentinel1,autumn_primary_v1,biological_target_phase,201,201,0,0,0,1.0,1.0,1.0,1.0,1.0
5000,ZJ-HZB,2021,sentinel1,early_season_v1,biological_target_phase,201,201,0,0,0,1.0,1.0,1.0,1.0,1.0
5000,ZJ-HZB,2021,sentinel1,__ALL_YEAR__,year,201,201,201,275,288,1.0,1.0,1.0,1.0,1.0
5000,ZJ-HZB,2021,sentinel2,autumn_v0,v0_predeclared,201,64,48,254,1146,1.0,1.0,1.0,1.0,1.0
5000,ZJ-HZB,2021,sentinel2,summer_v0,v0_predeclared,201,64,0,0,1404,1.0,1.0,1.0,1.0,1.0
5000,ZJ-HZB,2021,sentinel2,autumn_primary_v1,biological_target_phase,201,64,48,399,1517,1.0,1.0,1.0,1.0,1.0
5000,ZJ-HZB,2021,sentinel2,early_season_v1,biological_target_phase,201,64,41,123,989,1.0,1.0,1.0,1.0,1.0
5000,ZJ-HZB,2021,sentinel2,__ALL_YEAR__,year,201,64,48,1310,8740,1.0,1.0,1.0,1.0,1.0
5000,ZJ-HZB,2022,landsat7,autumn_v0,v0_predeclared,201,201,201,201,402,1.0,1.0,1.0,1.0,1.0
5000,ZJ-HZB,2022,landsat7,summer_v0,v0_predeclared,201,201,96,192,1028,1.0,1.0,1.0,1.0,1.0
5000,ZJ-HZB,2022,landsat7,autumn_primary_v1,biological_target_phase,201,201,201,201,715,1.0,1.0,1.0,1.0,1.0
5000,ZJ-HZB,2022,landsat7,early_season_v1,biological_target_phase,201,201,0,0,295,1.0,1.0,1.0,1.0,1.0
5000,ZJ-HZB,2022,landsat7,__ALL_YEAR__,year,201,201,201,852,3656,1.0,1.0,1.0,1.0,1.0
5000,ZJ-HZB,2022,landsat8,autumn_v0,v0_predeclared,201,201,81,162,885,1.0,1.0,1.0,1.0,1.0
5000,ZJ-HZB,2022,landsat8,summer_v0,v0_predeclared,201,201,81,162,781,1.0,1.0,1.0,1.0,1.0
5000,ZJ-HZB,2022,landsat8,autumn_primary_v1,biological_target_phase,201,201,81,162,1086,1.0,1.0,1.0,1.0,1.0
5000,ZJ-HZB,2022,landsat8,early_season_v1,biological_target_phase,201,201,0,0,496,1.0,1.0,1.0,1.0,1.0
5000,ZJ-HZB,2022,landsat8,__ALL_YEAR__,year,201,201,201,1371,4551,1.0,1.0,1.0,1.0,1.0
5000,ZJ-HZB,2022,landsat9,autumn_v0,v0_predeclared,201,201,81,81,590,1.0,1.0,1.0,1.0,1.0
5000,ZJ-HZB,2022,landsat9,summer_v0,v0_predeclared,201,201,0,0,1180,1.0,1.0,1.0,1.0,1.0
5000,ZJ-HZB,2022,landsat9,autumn_primary_v1,biological_target_phase,201,201,81,81,885,1.0,1.0,1.0,1.0,1.0
5000,ZJ-HZB,2022,landsat9,early_season_v1,biological_target_phase,201,201,81,81,590,1.0,1.0,1.0,1.0,1.0
5000,ZJ-HZB,2022,landsat9,__ALL_YEAR__,year,201,201,201,1089,5216,1.0,1.0,1.0,1.0,1.0
5000,ZJ-HZB,2022,sentinel2,autumn_v0,v0_predeclared,201,64,0,0,1106,1.0,1.0,1.0,1.0,1.0
5000,ZJ-HZB,2022,sentinel2,summer_v0,v0_predeclared,201,64,41,41,1404,1.0,1.0,1.0,1.0,1.0
5000,ZJ-HZB,2022,sentinel2,autumn_primary_v1,biological_target_phase,201,64,0,0,1457,1.0,1.0,1.0,1.0,1.0
5000,ZJ-HZB,2022,sentinel2,early_season_v1,biological_target_phase,201,64,0,0,989,1.0,1.0,1.0,1.0,1.0
5000,ZJ-HZB,2022,sentinel2,__ALL_YEAR__,year,201,64,48,281,8541,1.0,1.0,1.0,1.0,1.0
5000,ZJ-HZB,2023,landsat7,autumn_v0,v0_predeclared,201,201,177,258,501,1.0,1.0,1.0,1.0,1.0
5000,ZJ-HZB,2023,landsat7,summer_v0,v0_predeclared,201,201,0,0,809,1.0,1.0,1.0,1.0,1.0
5000,ZJ-HZB,2023,landsat7,autumn_primary_v1,biological_target_phase,201,201,177,258,501,1.0,1.0,1.0,1.0,1.0
5000,ZJ-HZB,2023,landsat7,early_season_v1,biological_target_phase,201,201,0,0,201,1.0,1.0,1.0,1.0,1.0
5000,ZJ-HZB,2023,landsat7,__ALL_YEAR__,year,201,201,201,828,3870,1.0,1.0,1.0,1.0,1.0
5000,ZJ-HZB,2023,landsat8,autumn_v0,v0_predeclared,201,201,81,81,885,1.0,1.0,1.0,1.0,1.0
5000,ZJ-HZB,2023,landsat8,summer_v0,v0_predeclared,201,201,0,0,979,1.0,1.0,1.0,1.0,1.0
5000,ZJ-HZB,2023,landsat8,autumn_primary_v1,biological_target_phase,201,201,81,81,1180,1.0,1.0,1.0,1.0,1.0
5000,ZJ-HZB,2023,landsat8,early_season_v1,biological_target_phase,201,201,81,81,389,1.0,1.0,1.0,1.0,1.0
5000,ZJ-HZB,2023,landsat8,__ALL_YEAR__,year,201,201,201,1212,5501,1.0,1.0,1.0,1.0,1.0
5000,ZJ-HZB,2023,landsat9,autumn_v0,v0_predeclared,201,201,201,201,687,1.0,1.0,1.0,1.0,1.0
5000,ZJ-HZB,2023,landsat9,summer_v0,v0_predeclared,201,201,0,0,979,1.0,1.0,1.0,1.0,1.0
5000,ZJ-HZB,2023,landsat9,autumn_primary_v1,biological_target_phase,201,201,201,201,888,1.0,1.0,1.0,1.0,1.0
5000,ZJ-HZB,2023,landsat9,early_season_v1,biological_target_phase,201,201,0,0,791,1.0,1.0,1.0,1.0,1.0
5000,ZJ-HZB,2023,landsat9,__ALL_YEAR__,year,201,201,201,1371,5903,1.0,1.0,1.0,1.0,1.0
5000,ZJ-HZB,2023,sentinel2,autumn_v0,v0_predeclared,201,64,48,130,1106,1.0,1.0,1.0,1.0,1.0
5000,ZJ-HZB,2023,sentinel2,summer_v0,v0_predeclared,201,64,0,0,1404,1.0,1.0,1.0,1.0,1.0
5000,ZJ-HZB,2023,sentinel2,autumn_primary_v1,biological_target_phase,201,64,48,130,1457,1.0,1.0,1.0,1.0,1.0
5000,ZJ-HZB,2023,sentinel2,early_season_v1,biological_target_phase,201,64,0,0,989,1.0,1.0,1.0,1.0,1.0
5000,ZJ-HZB,2023,sentinel2,__ALL_YEAR__,year,201,64,48,863,8541,1.0,1.0,1.0,1.0,1.0
5000,ZJ-HZB,2024,landsat8,autumn_v0,v0_predeclared,201,201,0,0,603,1.0,1.0,1.0,1.0,1.0
5000,ZJ-HZB,2024,landsat8,summer_v0,v0_predeclared,201,201,81,81,593,1.0,1.0,1.0,1.0,1.0
5000,ZJ-HZB,2024,landsat8,autumn_primary_v1,biological_target_phase,201,201,81,81,697,1.0,1.0,1.0,1.0,1.0
5000,ZJ-HZB,2024,landsat8,early_season_v1,biological_target_phase,201,201,81,81,697,1.0,1.0,1.0,1.0,1.0
5000,ZJ-HZB,2024,landsat8,__ALL_YEAR__,year,201,201,201,1290,4830,1.0,1.0,1.0,1.0,1.0
5000,ZJ-HZB,2024,landsat9,autumn_v0,v0_predeclared,201,201,0,0,295,1.0,1.0,1.0,1.0,1.0
5000,ZJ-HZB,2024,landsat9,summer_v0,v0_predeclared,201,201,0,0,791,1.0,1.0,1.0,1.0,1.0
5000,ZJ-HZB,2024,landsat9,autumn_primary_v1,biological_target_phase,201,201,0,0,496,1.0,1.0,1.0,1.0,1.0
5000,ZJ-HZB,2024,landsat9,early_season_v1,biological_target_phase,201,201,0,0,590,1.0,1.0,1.0,1.0,1.0
5000,ZJ-HZB,2024,landsat9,__ALL_YEAR__,year,201,201,201,969,4937,1.0,1.0,1.0,1.0,1.0
5000,ZJ-HZB,2024,sentinel1,autumn_v0,v0_predeclared,201,201,201,201,201,1.0,1.0,1.0,1.0,1.0
5000,ZJ-HZB,2024,sentinel1,summer_v0,v0_predeclared,201,201,0,0,0,1.0,1.0,1.0,1.0,1.0
5000,ZJ-HZB,2024,sentinel1,autumn_primary_v1,biological_target_phase,201,201,201,201,201,1.0,1.0,1.0,1.0,1.0
5000,ZJ-HZB,2024,sentinel1,early_season_v1,biological_target_phase,201,201,0,0,0,1.0,1.0,1.0,1.0,1.0
5000,ZJ-HZB,2024,sentinel1,__ALL_YEAR__,year,201,201,201,201,201,1.0,1.0,1.0,1.0,1.0
5000,ZJ-HZB,2024,sentinel2,autumn_v0,v0_predeclared,201,64,41,41,1106,1.0,1.0,1.0,1.0,1.0
5000,ZJ-HZB,2024,sentinel2,summer_v0,v0_predeclared,201,64,41,41,1404,1.0,1.0,1.0,1.0,1.0
5000,ZJ-HZB,2024,sentinel2,autumn_primary_v1,biological_target_phase,201,64,48,89,1457,1.0,1.0,1.0,1.0,1.0
5000,ZJ-HZB,2024,sentinel2,early_season_v1,biological_target_phase,201,64,0,0,989,1.0,1.0,1.0,1.0,1.0
5000,ZJ-HZB,2024,sentinel2,__ALL_YEAR__,year,201,64,48,705,8530,1.0,1.0,1.0,1.0,1.0
5000,ZJ-HZB,2025,landsat8,autumn_v0,v0_predeclared,201,201,0,0,684,1.0,1.0,1.0,1.0,1.0
5000,ZJ-HZB,2025,landsat8,summer_v0,v0_predeclared,201,201,81,162,888,1.0,1.0,1.0,1.0,1.0
5000,ZJ-HZB,2025,landsat8,autumn_primary_v1,biological_target_phase,201,201,0,0,885,1.0,1.0,1.0,1.0,1.0
5000,ZJ-HZB,2025,landsat8,early_season_v1,biological_target_phase,201,201,201,201,593,1.0,1.0,1.0,1.0,1.0
5000,ZJ-HZB,2025,landsat8,__ALL_YEAR__,year,201,201,201,1854,5520,1.0,1.0,1.0,1.0,1.0
5000,ZJ-HZB,2025,landsat9,autumn_v0,v0_predeclared,201,201,0,0,791,1.0,1.0,1.0,1.0,1.0
5000,ZJ-HZB,2025,landsat9,summer_v0,v0_predeclared,201,201,81,81,1086,1.0,1.0,1.0,1.0,1.0
5000,ZJ-HZB,2025,landsat9,autumn_primary_v1,biological_target_phase,201,201,0,0,992,1.0,1.0,1.0,1.0,1.0
5000,ZJ-HZB,2025,landsat9,early_season_v1,biological_target_phase,201,201,201,201,486,1.0,1.0,1.0,1.0,1.0
5000,ZJ-HZB,2025,landsat9,__ALL_YEAR__,year,201,201,201,1452,5407,1.0,1.0,1.0,1.0,1.0
5000,ZJ-HZB,2025,sentinel1,autumn_v0,v0_predeclared,201,201,0,0,0,1.0,1.0,1.0,1.0,1.0
5000,ZJ-HZB,2025,sentinel1,summer_v0,v0_predeclared,201,201,0,0,0,1.0,1.0,1.0,1.0,1.0
5000,ZJ-HZB,2025,sentinel1,autumn_primary_v1,biological_target_phase,201,201,0,0,0,1.0,1.0,1.0,1.0,1.0
5000,ZJ-HZB,2025,sentinel1,early_season_v1,biological_target_phase,201,201,74,74,87,1.0,1.0,1.0,1.0,1.0
5000,ZJ-HZB,2025,sentinel1,__ALL_YEAR__,year,201,201,201,690,789,1.0,1.0,1.0,1.0,1.0
5000,ZJ-HZB,2025,sentinel2,autumn_v0,v0_predeclared,201,64,41,41,1170,1.0,1.0,1.0,1.0,1.0
5000,ZJ-HZB,2025,sentinel2,summer_v0,v0_predeclared,201,64,41,41,1702,1.0,1.0,1.0,1.0,1.0
5000,ZJ-HZB,2025,sentinel2,autumn_primary_v1,biological_target_phase,201,64,41,41,1585,1.0,1.0,1.0,1.0,1.0
5000,ZJ-HZB,2025,sentinel2,early_season_v1,biological_target_phase,201,64,0,0,1170,1.0,1.0,1.0,1.0,1.0
5000,ZJ-HZB,2025,sentinel2,__ALL_YEAR__,year,201,64,48,842,9765,1.0,1.0,1.0,1.0,1.0
5000,ZJ-HZB,2026,landsat8,autumn_v0,v0_predeclared,201,201,0,0,201,1.0,1.0,1.0,1.0,1.0
5000,ZJ-HZB,2026,landsat8,summer_v0,v0_predeclared,201,201,81,81,483,1.0,1.0,1.0,1.0,1.0
5000,ZJ-HZB,2026,landsat8,autumn_primary_v1,biological_target_phase,201,201,0,0,201,1.0,1.0,1.0,1.0,1.0
5000,ZJ-HZB,2026,landsat8,early_season_v1,biological_target_phase,201,201,0,0,697,1.0,1.0,1.0,1.0,1.0
5000,ZJ-HZB,2026,landsat8,__ALL_YEAR__,year,201,201,201,645,3141,1.0,1.0,1.0,1.0,1.0
5000,ZJ-HZB,2026,landsat9,autumn_v0,v0_predeclared,201,201,81,81,295,1.0,1.0,1.0,1.0,1.0
5000,ZJ-HZB,2026,landsat9,summer_v0,v0_predeclared,201,201,201,363,1086,1.0,1.0,1.0,1.0,1.0
5000,ZJ-HZB,2026,landsat9,autumn_primary_v1,biological_target_phase,201,201,81,81,295,1.0,1.0,1.0,1.0,1.0
5000,ZJ-HZB,2026,landsat9,early_season_v1,biological_target_phase,201,201,81,81,684,1.0,1.0,1.0,1.0,1.0
5000,ZJ-HZB,2026,landsat9,__ALL_YEAR__,year,201,201,201,888,3728,1.0,1.0,1.0,1.0,1.0
5000,ZJ-HZB,2026,sentinel2,autumn_v0,v0_predeclared,201,64,0,0,468,1.0,1.0,1.0,1.0,1.0
5000,ZJ-HZB,2026,sentinel2,summer_v0,v0_predeclared,201,64,0,0,1819,1.0,1.0,1.0,1.0,1.0
5000,ZJ-HZB,2026,sentinel2,autumn_primary_v1,biological_target_phase,201,64,0,0,468,1.0,1.0,1.0,1.0,1.0
5000,ZJ-HZB,2026,sentinel2,early_season_v1,biological_target_phase,201,64,0,0,1170,1.0,1.0,1.0,1.0,1.0
5000,ZJ-HZB,2026,sentinel2,__ALL_YEAR__,year,201,64,48,479,7934,1.0,1.0,1.0,1.0,1.0
5000,ZJ-SMB,1985,landsat5,autumn_v0,v0_predeclared,95,95,0,0,124,1.0,1.0,1.0,1.0,1.0
5000,ZJ-SMB,1985,landsat5,summer_v0,v0_predeclared,95,95,95,115,219,1.0,1.0,1.0,1.0,1.0
5000,ZJ-SMB,1985,landsat5,autumn_primary_v1,biological_target_phase,95,95,0,0,124,1.0,1.0,1.0,1.0,1.0
5000,ZJ-SMB,1985,landsat5,early_season_v1,biological_target_phase,95,95,0,0,29,1.0,1.0,1.0,1.0,1.0
5000,ZJ-SMB,1985,landsat5,__ALL_YEAR__,year,95,95,95,345,736,1.0,1.0,1.0,1.0,1.0
5000,ZJ-SMB,1986,landsat5,autumn_v0,v0_predeclared,95,95,20,20,58,1.0,1.0,1.0,1.0,1.0
5000,ZJ-SMB,1986,landsat5,summer_v0,v0_predeclared,95,95,0,0,277,1.0,1.0,1.0,1.0,1.0
5000,ZJ-SMB,1986,landsat5,autumn_primary_v1,biological_target_phase,95,95,20,20,58,1.0,1.0,1.0,1.0,1.0
5000,ZJ-SMB,1986,landsat5,early_season_v1,biological_target_phase,95,95,0,0,0,1.0,1.0,1.0,1.0,1.0
5000,ZJ-SMB,1986,landsat5,__ALL_YEAR__,year,95,95,95,630,1335,1.0,1.0,1.0,1.0,1.0
5000,ZJ-SMB,1987,landsat5,autumn_v0,v0_predeclared,95,95,95,115,219,1.0,1.0,1.0,1.0,1.0
5000,ZJ-SMB,1987,landsat5,summer_v0,v0_predeclared,95,95,20,40,372,1.0,1.0,1.0,1.0,1.0
5000,ZJ-SMB,1987,landsat5,autumn_primary_v1,biological_target_phase,95,95,95,115,314,1.0,1.0,1.0,1.0,1.0
5000,ZJ-SMB,1987,landsat5,early_season_v1,biological_target_phase,95,95,95,95,124,1.0,1.0,1.0,1.0,1.0
5000,ZJ-SMB,1987,landsat5,__ALL_YEAR__,year,95,95,95,500,1839,1.0,1.0,1.0,1.0,1.0
5000,ZJ-SMB,1988,landsat5,autumn_v0,v0_predeclared,95,95,20,40,182,1.0,1.0,1.0,1.0,1.0
5000,ZJ-SMB,1988,landsat5,summer_v0,v0_predeclared,95,95,95,305,409,1.0,1.0,1.0,1.0,1.0
5000,ZJ-SMB,1988,landsat5,autumn_primary_v1,biological_target_phase,95,95,20,60,306,1.0,1.0,1.0,1.0,1.0
5000,ZJ-SMB,1988,landsat5,early_season_v1,biological_target_phase,95,95,0,0,190,1.0,1.0,1.0,1.0,1.0
5000,ZJ-SMB,1988,landsat5,__ALL_YEAR__,year,95,95,95,710,1707,1.0,1.0,1.0,1.0,1.0
5000,ZJ-SMB,1989,landsat5,autumn_v0,v0_predeclared,95,95,20,20,248,1.0,1.0,1.0,1.0,1.0
5000,ZJ-SMB,1989,landsat5,summer_v0,v0_predeclared,95,95,0,0,248,1.0,1.0,1.0,1.0,1.0
5000,ZJ-SMB,1989,landsat5,autumn_primary_v1,biological_target_phase,95,95,20,40,372,1.0,1.0,1.0,1.0,1.0
5000,ZJ-SMB,1989,landsat5,early_season_v1,biological_target_phase,95,95,0,0,219,1.0,1.0,1.0,1.0,1.0
5000,ZJ-SMB,1989,landsat5,__ALL_YEAR__,year,95,95,95,345,1525,1.0,1.0,1.0,1.0,1.0
5000,ZJ-SMB,1990,landsat5,autumn_v0,v0_predeclared,95,95,20,20,58,1.0,1.0,1.0,1.0,1.0
5000,ZJ-SMB,1990,landsat5,summer_v0,v0_predeclared,95,95,20,20,372,1.0,1.0,1.0,1.0,1.0
5000,ZJ-SMB,1990,landsat5,autumn_primary_v1,biological_target_phase,95,95,20,20,58,1.0,1.0,1.0,1.0,1.0
5000,ZJ-SMB,1990,landsat5,early_season_v1,biological_target_phase,95,95,95,95,314,1.0,1.0,1.0,1.0,1.0
5000,ZJ-SMB,1990,landsat5,__ALL_YEAR__,year,95,95,95,460,1488,1.0,1.0,1.0,1.0,1.0
5000,ZJ-SMB,1991,landsat5,autumn_v0,v0_predeclared,95,95,0,0,124,1.0,1.0,1.0,1.0,1.0
5000,ZJ-SMB,1991,landsat5,summer_v0,v0_predeclared,95,95,95,155,306,1.0,1.0,1.0,1.0,1.0
5000,ZJ-SMB,1991,landsat5,autumn_primary_v1,biological_target_phase,95,95,20,20,248,1.0,1.0,1.0,1.0,1.0
5000,ZJ-SMB,1991,landsat5,early_season_v1,biological_target_phase,95,95,20,20,58,1.0,1.0,1.0,1.0,1.0
5000,ZJ-SMB,1991,landsat5,__ALL_YEAR__,year,95,95,95,560,1699,1.0,1.0,1.0,1.0,1.0
5000,ZJ-SMB,1992,landsat5,autumn_v0,v0_predeclared,95,95,20,20,372,1.0,1.0,1.0,1.0,1.0
5000,ZJ-SMB,1992,landsat5,summer_v0,v0_predeclared,95,95,95,135,277,1.0,1.0,1.0,1.0,1.0
5000,ZJ-SMB,1992,landsat5,autumn_primary_v1,biological_target_phase,95,95,20,20,372,1.0,1.0,1.0,1.0,1.0
5000,ZJ-SMB,1992,landsat5,early_season_v1,biological_target_phase,95,95,95,115,124,1.0,1.0,1.0,1.0,1.0
5000,ZJ-SMB,1992,landsat5,__ALL_YEAR__,year,95,95,95,560,1736,1.0,1.0,1.0,1.0,1.0
5000,ZJ-SMB,1993,landsat5,autumn_v0,v0_predeclared,95,95,0,0,29,1.0,1.0,1.0,1.0,1.0
5000,ZJ-SMB,1993,landsat5,summer_v0,v0_predeclared,95,95,95,115,372,1.0,1.0,1.0,1.0,1.0
5000,ZJ-SMB,1993,landsat5,autumn_primary_v1,biological_target_phase,95,95,0,0,124,1.0,1.0,1.0,1.0,1.0
5000,ZJ-SMB,1993,landsat5,early_season_v1,biological_target_phase,95,95,20,20,58,1.0,1.0,1.0,1.0,1.0
5000,ZJ-SMB,1993,landsat5,__ALL_YEAR__,year,95,95,95,405,1488,1.0,1.0,1.0,1.0,1.0
5000,ZJ-SMB,1994,landsat5,autumn_v0,v0_predeclared,95,95,0,0,314,1.0,1.0,1.0,1.0,1.0
5000,ZJ-SMB,1994,landsat5,summer_v0,v0_predeclared,95,95,95,95,409,1.0,1.0,1.0,1.0,1.0
5000,ZJ-SMB,1994,landsat5,autumn_primary_v1,biological_target_phase,95,95,20,20,438,1.0,1.0,1.0,1.0,1.0
5000,ZJ-SMB,1994,landsat5,early_season_v1,biological_target_phase,95,95,95,115,124,1.0,1.0,1.0,1.0,1.0
5000,ZJ-SMB,1994,landsat5,__ALL_YEAR__,year,95,95,95,385,1715,1.0,1.0,1.0,1.0,1.0
5000,ZJ-SMB,1995,landsat5,autumn_v0,v0_predeclared,95,95,0,0,0,1.0,1.0,1.0,1.0,1.0
5000,ZJ-SMB,1995,landsat5,summer_v0,v0_predeclared,95,95,0,0,343,1.0,1.0,1.0,1.0,1.0
5000,ZJ-SMB,1995,landsat5,autumn_primary_v1,biological_target_phase,95,95,95,115,124,1.0,1.0,1.0,1.0,1.0
5000,ZJ-SMB,1995,landsat5,early_season_v1,biological_target_phase,95,95,0,0,248,1.0,1.0,1.0,1.0,1.0
5000,ZJ-SMB,1995,landsat5,__ALL_YEAR__,year,95,95,95,480,1707,1.0,1.0,1.0,1.0,1.0
5000,ZJ-SMB,1996,landsat5,autumn_v0,v0_predeclared,95,95,95,95,190,1.0,1.0,1.0,1.0,1.0
5000,ZJ-SMB,1996,landsat5,summer_v0,v0_predeclared,95,95,0,0,438,1.0,1.0,1.0,1.0,1.0
5000,ZJ-SMB,1996,landsat5,autumn_primary_v1,biological_target_phase,95,95,95,95,190,1.0,1.0,1.0,1.0,1.0
5000,ZJ-SMB,1996,landsat5,early_season_v1,biological_target_phase,95,95,0,0,95,1.0,1.0,1.0,1.0,1.0
5000,ZJ-SMB,1996,landsat5,__ALL_YEAR__,year,95,95,95,270,1467,1.0,1.0,1.0,1.0,1.0
5000,ZJ-SMB,1997,landsat5,autumn_v0,v0_predeclared,95,95,95,190,219,1.0,1.0,1.0,1.0,1.0
5000,ZJ-SMB,1997,landsat5,summer_v0,v0_predeclared,95,95,20,20,277,1.0,1.0,1.0,1.0,1.0
5000,ZJ-SMB,1997,landsat5,autumn_primary_v1,biological_target_phase,95,95,95,285,314,1.0,1.0,1.0,1.0,1.0
5000,ZJ-SMB,1997,landsat5,early_season_v1,biological_target_phase,95,95,0,0,190,1.0,1.0,1.0,1.0,1.0
5000,ZJ-SMB,1997,landsat5,__ALL_YEAR__,year,95,95,95,325,1599,1.0,1.0,1.0,1.0,1.0
5000,ZJ-SMB,1998,landsat5,autumn_v0,v0_predeclared,95,95,0,0,248,1.0,1.0,1.0,1.0,1.0
5000,ZJ-SMB,1998,landsat5,summer_v0,v0_predeclared,95,95,20,20,219,1.0,1.0,1.0,1.0,1.0
5000,ZJ-SMB,1998,landsat5,autumn_primary_v1,biological_target_phase,95,95,95,95,343,1.0,1.0,1.0,1.0,1.0
5000,ZJ-SMB,1998,landsat5,early_season_v1,biological_target_phase,95,95,0,0,124,1.0,1.0,1.0,1.0,1.0
5000,ZJ-SMB,1998,landsat5,__ALL_YEAR__,year,95,95,95,325,1504,1.0,1.0,1.0,1.0,1.0
5000,ZJ-SMB,1999,landsat5,autumn_v0,v0_predeclared,95,95,95,95,248,1.0,1.0,1.0,1.0,1.0
5000,ZJ-SMB,1999,landsat5,summer_v0,v0_predeclared,95,95,0,0,219,1.0,1.0,1.0,1.0,1.0
5000,ZJ-SMB,1999,landsat5,autumn_primary_v1,biological_target_phase,95,95,95,95,277,1.0,1.0,1.0,1.0,1.0
5000,ZJ-SMB,1999,landsat5,early_season_v1,biological_target_phase,95,95,20,20,124,1.0,1.0,1.0,1.0,1.0
5000,ZJ-SMB,1999,landsat5,__ALL_YEAR__,year,95,95,95,365,1525,1.0,1.0,1.0,1.0,1.0
5000,ZJ-SMB,1999,landsat7,autumn_v0,v0_predeclared,95,95,95,95,95,1.0,1.0,1.0,1.0,1.0
5000,ZJ-SMB,1999,landsat7,summer_v0,v0_predeclared,95,95,0,0,0,1.0,1.0,1.0,1.0,1.0
5000,ZJ-SMB,1999,landsat7,autumn_primary_v1,biological_target_phase,95,95,95,95,95,1.0,1.0,1.0,1.0,1.0
5000,ZJ-SMB,1999,landsat7,early_season_v1,biological_target_phase,95,95,0,0,0,1.0,1.0,1.0,1.0,1.0
5000,ZJ-SMB,1999,landsat7,__ALL_YEAR__,year,95,95,95,210,372,1.0,1.0,1.0,1.0,1.0
5000,ZJ-SMB,2000,landsat5,autumn_v0,v0_predeclared,95,95,0,0,314,1.0,1.0,1.0,1.0,1.0
5000,ZJ-SMB,2000,landsat5,summer_v0,v0_predeclared,95,95,0,0,467,1.0,1.0,1.0,1.0,1.0
5000,ZJ-SMB,2000,landsat5,autumn_primary_v1,biological_target_phase,95,95,0,0,343,1.0,1.0,1.0,1.0,1.0
5000,ZJ-SMB,2000,landsat5,early_season_v1,biological_target_phase,95,95,0,0,314,1.0,1.0,1.0,1.0,1.0
5000,ZJ-SMB,2000,landsat5,__ALL_YEAR__,year,95,95,95,195,2050,1.0,1.0,1.0,1.0,1.0
5000,ZJ-SMB,2000,landsat7,autumn_v0,v0_predeclared,95,95,95,95,248,1.0,1.0,1.0,1.0,1.0
5000,ZJ-SMB,2000,landsat7,summer_v0,v0_predeclared,95,95,95,115,343,1.0,1.0,1.0,1.0,1.0
5000,ZJ-SMB,2000,landsat7,autumn_primary_v1,biological_target_phase,95,95,95,95,343,1.0,1.0,1.0,1.0,1.0
5000,ZJ-SMB,2000,landsat7,early_season_v1,biological_target_phase,95,95,20,40,248,1.0,1.0,1.0,1.0,1.0
5000,ZJ-SMB,2000,landsat7,__ALL_YEAR__,year,95,95,95,535,1847,1.0,1.0,1.0,1.0,1.0
5000,ZJ-SMB,2001,landsat5,autumn_v0,v0_predeclared,95,95,20,20,219,1.0,1.0,1.0,1.0,1.0
5000,ZJ-SMB,2001,landsat5,summer_v0,v0_predeclared,95,95,20,40,372,1.0,1.0,1.0,1.0,1.0
5000,ZJ-SMB,2001,landsat5,autumn_primary_v1,biological_target_phase,95,95,95,115,314,1.0,1.0,1.0,1.0,1.0
5000,ZJ-SMB,2001,landsat5,early_season_v1,biological_target_phase,95,95,95,95,190,1.0,1.0,1.0,1.0,1.0
5000,ZJ-SMB,2001,landsat5,__ALL_YEAR__,year,95,95,95,500,1773,1.0,1.0,1.0,1.0,1.0
5000,ZJ-SMB,2001,landsat7,autumn_v0,v0_predeclared,95,95,0,0,314,1.0,1.0,1.0,1.0,1.0
5000,ZJ-SMB,2001,landsat7,summer_v0,v0_predeclared,95,95,95,115,438,1.0,1.0,1.0,1.0,1.0
5000,ZJ-SMB,2001,landsat7,autumn_primary_v1,biological_target_phase,95,95,0,0,409,1.0,1.0,1.0,1.0,1.0
5000,ZJ-SMB,2001,landsat7,early_season_v1,biological_target_phase,95,95,20,20,219,1.0,1.0,1.0,1.0,1.0
5000,ZJ-SMB,2001,landsat7,__ALL_YEAR__,year,95,95,95,500,2306,1.0,1.0,1.0,1.0,1.0
5000,ZJ-SMB,2002,landsat5,autumn_v0,v0_predeclared,95,95,95,115,219,1.0,1.0,1.0,1.0,1.0
5000,ZJ-SMB,2002,landsat5,summer_v0,v0_predeclared,95,95,95,210,277,1.0,1.0,1.0,1.0,1.0
5000,ZJ-SMB,2002,landsat5,autumn_primary_v1,biological_target_phase,95,95,95,115,219,1.0,1.0,1.0,1.0,1.0
5000,ZJ-SMB,2002,landsat5,early_season_v1,biological_target_phase,95,95,0,0,0,1.0,1.0,1.0,1.0,1.0
5000,ZJ-SMB,2002,landsat5,__ALL_YEAR__,year,95,95,95,670,1145,1.0,1.0,1.0,1.0,1.0
5000,ZJ-SMB,2002,landsat7,autumn_v0,v0_predeclared,95,95,20,20,248,1.0,1.0,1.0,1.0,1.0
5000,ZJ-SMB,2002,landsat7,summer_v0,v0_predeclared,95,95,0,0,248,1.0,1.0,1.0,1.0,1.0
5000,ZJ-SMB,2002,landsat7,autumn_primary_v1,biological_target_phase,95,95,95,135,372,1.0,1.0,1.0,1.0,1.0
5000,ZJ-SMB,2002,landsat7,early_season_v1,biological_target_phase,95,95,20,20,248,1.0,1.0,1.0,1.0,1.0
5000,ZJ-SMB,2002,landsat7,__ALL_YEAR__,year,95,95,95,615,1831,1.0,1.0,1.0,1.0,1.0
5000,ZJ-SMB,2003,landsat5,autumn_v0,v0_predeclared,95,95,95,115,219,1.0,1.0,1.0,1.0,1.0
5000,ZJ-SMB,2003,landsat5,summer_v0,v0_predeclared,95,95,20,20,372,1.0,1.0,1.0,1.0,1.0
5000,ZJ-SMB,2003,landsat5,autumn_primary_v1,biological_target_phase,95,95,95,135,248,1.0,1.0,1.0,1.0,1.0
5000,ZJ-SMB,2003,landsat5,early_season_v1,biological_target_phase,95,95,95,95,95,1.0,1.0,1.0,1.0,1.0
5000,ZJ-SMB,2003,landsat5,__ALL_YEAR__,year,95,95,95,500,1649,1.0,1.0,1.0,1.0,1.0
5000,ZJ-SMB,2003,landsat7,autumn_v0,v0_predeclared,95,95,95,210,248,1.0,1.0,1.0,1.0,1.0
5000,ZJ-SMB,2003,landsat7,summer_v0,v0_predeclared,95,95,95,115,124,1.0,1.0,1.0,1.0,1.0
5000,ZJ-SMB,2003,landsat7,autumn_primary_v1,biological_target_phase,95,95,95,210,372,1.0,1.0,1.0,1.0,1.0
5000,ZJ-SMB,2003,landsat7,early_season_v1,biological_target_phase,95,95,95,115,219,1.0,1.0,1.0,1.0,1.0
5000,ZJ-SMB,2003,landsat7,__ALL_YEAR__,year,95,95,95,670,1327,1.0,1.0,1.0,1.0,1.0
5000,ZJ-SMB,2004,landsat5,autumn_v0,v0_predeclared,95,95,20,20,153,1.0,1.0,1.0,1.0,1.0
5000,ZJ-SMB,2004,landsat5,summer_v0,v0_predeclared,95,95,20,40,211,1.0,1.0,1.0,1.0,1.0
5000,ZJ-SMB,2004,landsat5,autumn_primary_v1,biological_target_phase,95,95,20,20,153,1.0,1.0,1.0,1.0,1.0
5000,ZJ-SMB,2004,landsat5,early_season_v1,biological_target_phase,95,95,20,20,182,1.0,1.0,1.0,1.0,1.0
5000,ZJ-SMB,2004,landsat5,__ALL_YEAR__,year,95,95,95,520,1699,1.0,1.0,1.0,1.0,1.0
5000,ZJ-SMB,2004,landsat7,autumn_v0,v0_predeclared,95,95,95,190,343,1.0,1.0,1.0,1.0,1.0
5000,ZJ-SMB,2004,landsat7,summer_v0,v0_predeclared,95,95,20,60,467,1.0,1.0,1.0,1.0,1.0
5000,ZJ-SMB,2004,landsat7,autumn_primary_v1,biological_target_phase,95,95,95,190,372,1.0,1.0,1.0,1.0,1.0
5000,ZJ-SMB,2004,landsat7,early_season_v1,biological_target_phase,95,95,0,0,95,1.0,1.0,1.0,1.0,1.0
5000,ZJ-SMB,2004,landsat7,__ALL_YEAR__,year,95,95,95,405,1744,1.0,1.0,1.0,1.0,1.0
5000,ZJ-SMB,2005,landsat5,autumn_v0,v0_predeclared,95,95,20,20,248,1.0,1.0,1.0,1.0,1.0
5000,ZJ-SMB,2005,landsat5,summer_v0,v0_predeclared,95,95,95,135,372,1.0,1.0,1.0,1.0,1.0
5000,ZJ-SMB,2005,landsat5,autumn_primary_v1,biological_target_phase,95,95,20,20,343,1.0,1.0,1.0,1.0,1.0
5000,ZJ-SMB,2005,landsat5,early_season_v1,biological_target_phase,95,95,20,20,182,1.0,1.0,1.0,1.0,1.0
5000,ZJ-SMB,2005,landsat5,__ALL_YEAR__,year,95,95,95,290,1604,1.0,1.0,1.0,1.0,1.0
5000,ZJ-SMB,2005,landsat7,autumn_v0,v0_predeclared,95,95,95,115,277,1.0,1.0,1.0,1.0,1.0
5000,ZJ-SMB,2005,landsat7,summer_v0,v0_predeclared,95,95,20,40,277,1.0,1.0,1.0,1.0,1.0
5000,ZJ-SMB,2005,landsat7,autumn_primary_v1,biological_target_phase,95,95,95,115,277,1.0,1.0,1.0,1.0,1.0
5000,ZJ-SMB,2005,landsat7,early_season_v1,biological_target_phase,95,95,0,0,124,1.0,1.0,1.0,1.0,1.0
5000,ZJ-SMB,2005,landsat7,__ALL_YEAR__,year,95,95,95,405,1860,1.0,1.0,1.0,1.0,1.0
5000,ZJ-SMB,2006,landsat5,autumn_v0,v0_predeclared,95,95,95,135,372,1.0,1.0,1.0,1.0,1.0
5000,ZJ-SMB,2006,landsat5,summer_v0,v0_predeclared,95,95,20,20,343,1.0,1.0,1.0,1.0,1.0
5000,ZJ-SMB,2006,landsat5,autumn_primary_v1,biological_target_phase,95,95,95,155,401,1.0,1.0,1.0,1.0,1.0
5000,ZJ-SMB,2006,landsat5,early_season_v1,biological_target_phase,95,95,0,0,124,1.0,1.0,1.0,1.0,1.0
5000,ZJ-SMB,2006,landsat5,__ALL_YEAR__,year,95,95,95,520,1736,1.0,1.0,1.0,1.0,1.0
5000,ZJ-SMB,2006,landsat7,autumn_v0,v0_predeclared,95,95,95,155,372,1.0,1.0,1.0,1.0,1.0
5000,ZJ-SMB,2006,landsat7,summer_v0,v0_predeclared,95,95,0,0,58,1.0,1.0,1.0,1.0,1.0
5000,ZJ-SMB,2006,landsat7,autumn_primary_v1,biological_target_phase,95,95,95,155,496,1.0,1.0,1.0,1.0,1.0
5000,ZJ-SMB,2006,landsat7,early_season_v1,biological_target_phase,95,95,20,20,182,1.0,1.0,1.0,1.0,1.0
5000,ZJ-SMB,2006,landsat7,__ALL_YEAR__,year,95,95,95,310,1612,1.0,1.0,1.0,1.0,1.0
5000,ZJ-SMB,2007,landsat5,autumn_v0,v0_predeclared,95,95,20,20,124,1.0,1.0,1.0,1.0,1.0
5000,ZJ-SMB,2007,landsat5,summer_v0,v0_predeclared,95,95,95,135,467,1.0,1.0,1.0,1.0,1.0
5000,ZJ-SMB,2007,landsat5,autumn_primary_v1,biological_target_phase,95,95,20,20,124,1.0,1.0,1.0,1.0,1.0
5000,ZJ-SMB,2007,landsat5,early_season_v1,biological_target_phase,95,95,20,20,153,1.0,1.0,1.0,1.0,1.0
5000,ZJ-SMB,2007,landsat5,__ALL_YEAR__,year,95,95,95,505,1765,1.0,1.0,1.0,1.0,1.0
5000,ZJ-SMB,2007,landsat7,autumn_v0,v0_predeclared,95,95,20,20,153,1.0,1.0,1.0,1.0,1.0
5000,ZJ-SMB,2007,landsat7,summer_v0,v0_predeclared,95,95,20,40,87,1.0,1.0,1.0,1.0,1.0
5000,ZJ-SMB,2007,landsat7,autumn_primary_v1,biological_target_phase,95,95,20,20,277,1.0,1.0,1.0,1.0,1.0
5000,ZJ-SMB,2007,landsat7,early_season_v1,biological_target_phase,95,95,95,190,219,1.0,1.0,1.0,1.0,1.0
5000,ZJ-SMB,2007,landsat7,__ALL_YEAR__,year,95,95,95,480,1823,1.0,1.0,1.0,1.0,1.0
5000,ZJ-SMB,2008,landsat5,autumn_v0,v0_predeclared,95,95,95,115,277,1.0,1.0,1.0,1.0,1.0
5000,ZJ-SMB,2008,landsat5,summer_v0,v0_predeclared,95,95,95,115,277,1.0,1.0,1.0,1.0,1.0
5000,ZJ-SMB,2008,landsat5,autumn_primary_v1,biological_target_phase,95,95,95,135,306,1.0,1.0,1.0,1.0,1.0
5000,ZJ-SMB,2008,landsat5,early_season_v1,biological_target_phase,95,95,95,210,314,1.0,1.0,1.0,1.0,1.0
5000,ZJ-SMB,2008,landsat5,__ALL_YEAR__,year,95,95,95,655,1765,1.0,1.0,1.0,1.0,1.0
5000,ZJ-SMB,2008,landsat7,autumn_v0,v0_predeclared,95,95,20,20,277,1.0,1.0,1.0,1.0,1.0
5000,ZJ-SMB,2008,landsat7,summer_v0,v0_predeclared,95,95,95,95,409,1.0,1.0,1.0,1.0,1.0
5000,ZJ-SMB,2008,landsat7,autumn_primary_v1,biological_target_phase,95,95,20,20,401,1.0,1.0,1.0,1.0,1.0
5000,ZJ-SMB,2008,landsat7,early_season_v1,biological_target_phase,95,95,20,40,248,1.0,1.0,1.0,1.0,1.0
5000,ZJ-SMB,2008,landsat7,__ALL_YEAR__,year,95,95,95,370,2050,1.0,1.0,1.0,1.0,1.0
5000,ZJ-SMB,2009,landsat5,autumn_v0,v0_predeclared,95,95,95,115,343,1.0,1.0,1.0,1.0,1.0
5000,ZJ-SMB,2009,landsat5,summer_v0,v0_predeclared,95,95,95,135,248,1.0,1.0,1.0,1.0,1.0
5000,ZJ-SMB,2009,landsat5,autumn_primary_v1,biological_target_phase,95,95,95,115,438,1.0,1.0,1.0,1.0,1.0
5000,ZJ-SMB,2009,landsat5,early_season_v1,biological_target_phase,95,95,95,135,343,1.0,1.0,1.0,1.0,1.0
5000,ZJ-SMB,2009,landsat5,__ALL_YEAR__,year,95,95,95,595,1612,1.0,1.0,1.0,1.0,1.0
5000,ZJ-SMB,2009,landsat7,autumn_v0,v0_predeclared,95,95,95,135,277,1.0,1.0,1.0,1.0,1.0
5000,ZJ-SMB,2009,landsat7,summer_v0,v0_predeclared,95,95,20,20,153,1.0,1.0,1.0,1.0,1.0
5000,ZJ-SMB,2009,landsat7,autumn_primary_v1,biological_target_phase,95,95,95,135,372,1.0,1.0,1.0,1.0,1.0
5000,ZJ-SMB,2009,landsat7,early_season_v1,biological_target_phase,95,95,20,20,248,1.0,1.0,1.0,1.0,1.0
5000,ZJ-SMB,2009,landsat7,__ALL_YEAR__,year,95,95,95,560,1385,1.0,1.0,1.0,1.0,1.0
5000,ZJ-SMB,2010,landsat5,autumn_v0,v0_predeclared,95,95,20,20,153,1.0,1.0,1.0,1.0,1.0
5000,ZJ-SMB,2010,landsat5,summer_v0,v0_predeclared,95,95,20,20,219,1.0,1.0,1.0,1.0,1.0
5000,ZJ-SMB,2010,landsat5,autumn_primary_v1,biological_target_phase,95,95,95,115,277,1.0,1.0,1.0,1.0,1.0
5000,ZJ-SMB,2010,landsat5,early_season_v1,biological_target_phase,95,95,95,95,219,1.0,1.0,1.0,1.0,1.0
5000,ZJ-SMB,2010,landsat5,__ALL_YEAR__,year,95,95,95,575,1525,1.0,1.0,1.0,1.0,1.0
5000,ZJ-SMB,2010,landsat7,autumn_v0,v0_predeclared,95,95,95,95,190,1.0,1.0,1.0,1.0,1.0
5000,ZJ-SMB,2010,landsat7,summer_v0,v0_predeclared,95,95,20,20,124,1.0,1.0,1.0,1.0,1.0
5000,ZJ-SMB,2010,landsat7,autumn_primary_v1,biological_target_phase,95,95,95,115,219,1.0,1.0,1.0,1.0,1.0
5000,ZJ-SMB,2010,landsat7,early_season_v1,biological_target_phase,95,95,95,95,219,1.0,1.0,1.0,1.0,1.0
5000,ZJ-SMB,2010,landsat7,__ALL_YEAR__,year,95,95,95,670,1657,1.0,1.0,1.0,1.0,1.0
5000,ZJ-SMB,2011,landsat5,autumn_v0,v0_predeclared,95,95,0,0,95,1.0,1.0,1.0,1.0,1.0
5000,ZJ-SMB,2011,landsat5,summer_v0,v0_predeclared,95,95,95,95,95,1.0,1.0,1.0,1.0,1.0
5000,ZJ-SMB,2011,landsat5,autumn_primary_v1,biological_target_phase,95,95,0,0,190,1.0,1.0,1.0,1.0,1.0
5000,ZJ-SMB,2011,landsat5,early_season_v1,biological_target_phase,95,95,0,0,153,1.0,1.0,1.0,1.0,1.0
5000,ZJ-SMB,2011,landsat5,__ALL_YEAR__,year,95,95,95,250,1124,1.0,1.0,1.0,1.0,1.0
5000,ZJ-SMB,2011,landsat7,autumn_v0,v0_predeclared,95,95,20,20,248,1.0,1.0,1.0,1.0,1.0
5000,ZJ-SMB,2011,landsat7,summer_v0,v0_predeclared,95,95,0,0,0,1.0,1.0,1.0,1.0,1.0
5000,ZJ-SMB,2011,landsat7,autumn_primary_v1,biological_target_phase,95,95,20,20,277,1.0,1.0,1.0,1.0,1.0
5000,ZJ-SMB,2011,landsat7,early_season_v1,biological_target_phase,95,95,0,0,58,1.0,1.0,1.0,1.0,1.0
5000,ZJ-SMB,2011,landsat7,__ALL_YEAR__,year,95,95,95,535,1480,1.0,1.0,1.0,1.0,1.0
5000,ZJ-SMB,2012,landsat7,autumn_v0,v0_predeclared,95,95,0,0,343,1.0,1.0,1.0,1.0,1.0
5000,ZJ-SMB,2012,landsat7,summer_v0,v0_predeclared,95,95,0,0,29,1.0,1.0,1.0,1.0,1.0
5000,ZJ-SMB,2012,landsat7,autumn_primary_v1,biological_target_phase,95,95,0,0,467,1.0,1.0,1.0,1.0,1.0
5000,ZJ-SMB,2012,landsat7,early_season_v1,biological_target_phase,95,95,20,20,219,1.0,1.0,1.0,1.0,1.0
5000,ZJ-SMB,2012,landsat7,__ALL_YEAR__,year,95,95,95,325,1657,1.0,1.0,1.0,1.0,1.0
5000,ZJ-SMB,2013,landsat7,autumn_v0,v0_predeclared,95,95,20,20,343,1.0,1.0,1.0,1.0,1.0
5000,ZJ-SMB,2013,landsat7,summer_v0,v0_predeclared,95,95,20,20,153,1.0,1.0,1.0,1.0,1.0
5000,ZJ-SMB,2013,landsat7,autumn_primary_v1,biological_target_phase,95,95,20,20,438,1.0,1.0,1.0,1.0,1.0
5000,ZJ-SMB,2013,landsat7,early_season_v1,biological_target_phase,95,95,0,0,95,1.0,1.0,1.0,1.0,1.0
5000,ZJ-SMB,2013,landsat7,__ALL_YEAR__,year,95,95,95,500,1678,1.0,1.0,1.0,1.0,1.0
5000,ZJ-SMB,2013,landsat8,autumn_v0,v0_predeclared,95,95,20,20,248,1.0,1.0,1.0,1.0,1.0
5000,ZJ-SMB,2013,landsat8,summer_v0,v0_predeclared,95,95,0,0,372,1.0,1.0,1.0,1.0,1.0
5000,ZJ-SMB,2013,landsat8,autumn_primary_v1,biological_target_phase,95,95,20,20,277,1.0,1.0,1.0,1.0,1.0
5000,ZJ-SMB,2013,landsat8,early_season_v1,biological_target_phase,95,95,0,0,219,1.0,1.0,1.0,1.0,1.0
5000,ZJ-SMB,2013,landsat8,__ALL_YEAR__,year,95,95,95,385,1583,1.0,1.0,1.0,1.0,1.0
5000,ZJ-SMB,2014,landsat7,autumn_v0,v0_predeclared,95,95,20,20,248,1.0,1.0,1.0,1.0,1.0
5000,ZJ-SMB,2014,landsat7,summer_v0,v0_predeclared,95,95,20,20,343,1.0,1.0,1.0,1.0,1.0
5000,ZJ-SMB,2014,landsat7,autumn_primary_v1,biological_target_phase,95,95,20,40,372,1.0,1.0,1.0,1.0,1.0
5000,ZJ-SMB,2014,landsat7,early_season_v1,biological_target_phase,95,95,0,0,248,1.0,1.0,1.0,1.0,1.0
5000,ZJ-SMB,2014,landsat7,__ALL_YEAR__,year,95,95,95,425,2145,1.0,1.0,1.0,1.0,1.0
5000,ZJ-SMB,2014,landsat8,autumn_v0,v0_predeclared,95,95,20,20,343,1.0,1.0,1.0,1.0,1.0
5000,ZJ-SMB,2014,landsat8,summer_v0,v0_predeclared,95,95,20,20,343,1.0,1.0,1.0,1.0,1.0
5000,ZJ-SMB,2014,landsat8,autumn_primary_v1,biological_target_phase,95,95,95,115,467,1.0,1.0,1.0,1.0,1.0
5000,ZJ-SMB,2014,landsat8,early_season_v1,biological_target_phase,95,95,20,20,124,1.0,1.0,1.0,1.0,1.0
5000,ZJ-SMB,2014,landsat8,__ALL_YEAR__,year,95,95,95,500,2174,1.0,1.0,1.0,1.0,1.0
5000,ZJ-SMB,2015,landsat7,autumn_v0,v0_predeclared,95,95,0,0,124,1.0,1.0,1.0,1.0,1.0
5000,ZJ-SMB,2015,landsat7,summer_v0,v0_predeclared,95,95,95,115,277,1.0,1.0,1.0,1.0,1.0
5000,ZJ-SMB,2015,landsat7,autumn_primary_v1,biological_target_phase,95,95,0,0,219,1.0,1.0,1.0,1.0,1.0
5000,ZJ-SMB,2015,landsat7,early_season_v1,biological_target_phase,95,95,20,20,219,1.0,1.0,1.0,1.0,1.0
5000,ZJ-SMB,2015,landsat7,__ALL_YEAR__,year,95,95,95,330,1670,1.0,1.0,1.0,1.0,1.0
5000,ZJ-SMB,2015,landsat8,autumn_v0,v0_predeclared,95,95,20,20,124,1.0,1.0,1.0,1.0,1.0
5000,ZJ-SMB,2015,landsat8,summer_v0,v0_predeclared,95,95,20,20,248,1.0,1.0,1.0,1.0,1.0
5000,ZJ-SMB,2015,landsat8,autumn_primary_v1,biological_target_phase,95,95,20,20,219,1.0,1.0,1.0,1.0,1.0
5000,ZJ-SMB,2015,landsat8,early_season_v1,biological_target_phase,95,95,20,20,219,1.0,1.0,1.0,1.0,1.0
5000,ZJ-SMB,2015,landsat8,__ALL_YEAR__,year,95,95,95,270,1876,1.0,1.0,1.0,1.0,1.0
5000,ZJ-SMB,2015,sentinel1,autumn_v0,v0_predeclared,95,95,0,0,0,1.0,1.0,1.0,1.0,1.0
5000,ZJ-SMB,2015,sentinel1,summer_v0,v0_predeclared,95,95,95,95,95,1.0,1.0,1.0,1.0,1.0
5000,ZJ-SMB,2015,sentinel1,autumn_primary_v1,biological_target_phase,95,95,0,0,0,1.0,1.0,1.0,1.0,1.0
5000,ZJ-SMB,2015,sentinel1,early_season_v1,biological_target_phase,95,95,95,95,95,1.0,1.0,1.0,1.0,1.0
5000,ZJ-SMB,2015,sentinel1,__ALL_YEAR__,year,95,95,95,285,285,1.0,1.0,1.0,1.0,1.0
5000,ZJ-SMB,2016,landsat7,autumn_v0,v0_predeclared,95,95,20,20,248,1.0,1.0,1.0,1.0,1.0
5000,ZJ-SMB,2016,landsat7,summer_v0,v0_predeclared,95,95,95,135,248,1.0,1.0,1.0,1.0,1.0
5000,ZJ-SMB,2016,landsat7,autumn_primary_v1,biological_target_phase,95,95,20,20,277,1.0,1.0,1.0,1.0,1.0
5000,ZJ-SMB,2016,landsat7,early_season_v1,biological_target_phase,95,95,0,0,95,1.0,1.0,1.0,1.0,1.0
5000,ZJ-SMB,2016,landsat7,__ALL_YEAR__,year,95,95,95,310,1649,1.0,1.0,1.0,1.0,1.0
5000,ZJ-SMB,2016,landsat8,autumn_v0,v0_predeclared,95,95,20,20,248,1.0,1.0,1.0,1.0,1.0
5000,ZJ-SMB,2016,landsat8,summer_v0,v0_predeclared,95,95,95,135,401,1.0,1.0,1.0,1.0,1.0
5000,ZJ-SMB,2016,landsat8,autumn_primary_v1,biological_target_phase,95,95,20,20,277,1.0,1.0,1.0,1.0,1.0
5000,ZJ-SMB,2016,landsat8,early_season_v1,biological_target_phase,95,95,0,0,190,1.0,1.0,1.0,1.0,1.0
5000,ZJ-SMB,2016,landsat8,__ALL_YEAR__,year,95,95,95,310,1831,1.0,1.0,1.0,1.0,1.0
5000,ZJ-SMB,2017,landsat7,autumn_v0,v0_predeclared,95,95,95,115,343,1.0,1.0,1.0,1.0,1.0
5000,ZJ-SMB,2017,landsat7,summer_v0,v0_predeclared,95,95,20,20,372,1.0,1.0,1.0,1.0,1.0
5000,ZJ-SMB,2017,landsat7,autumn_primary_v1,biological_target_phase,95,95,95,115,467,1.0,1.0,1.0,1.0,1.0
5000,ZJ-SMB,2017,landsat7,early_season_v1,biological_target_phase,95,95,20,20,153,1.0,1.0,1.0,1.0,1.0
5000,ZJ-SMB,2017,landsat7,__ALL_YEAR__,year,95,95,95,405,1947,1.0,1.0,1.0,1.0,1.0
5000,ZJ-SMB,2017,landsat8,autumn_v0,v0_predeclared,95,95,95,115,314,1.0,1.0,1.0,1.0,1.0
5000,ZJ-SMB,2017,landsat8,summer_v0,v0_predeclared,95,95,95,135,248,1.0,1.0,1.0,1.0,1.0
5000,ZJ-SMB,2017,landsat8,autumn_primary_v1,biological_target_phase,95,95,95,115,314,1.0,1.0,1.0,1.0,1.0
5000,ZJ-SMB,2017,landsat8,early_season_v1,biological_target_phase,95,95,20,20,182,1.0,1.0,1.0,1.0,1.0
5000,ZJ-SMB,2017,landsat8,__ALL_YEAR__,year,95,95,95,615,1831,1.0,1.0,1.0,1.0,1.0
5000,ZJ-SMB,2017,sentinel2,autumn_v0,v0_predeclared,95,95,95,95,99,1.0,1.0,1.0,1.0,1.0
5000,ZJ-SMB,2017,sentinel2,summer_v0,v0_predeclared,95,95,95,95,95,1.0,1.0,1.0,1.0,1.0
5000,ZJ-SMB,2017,sentinel2,autumn_primary_v1,biological_target_phase,95,95,95,95,99,1.0,1.0,1.0,1.0,1.0
5000,ZJ-SMB,2017,sentinel2,early_season_v1,biological_target_phase,95,95,95,95,95,1.0,1.0,1.0,1.0,1.0
5000,ZJ-SMB,2017,sentinel2,__ALL_YEAR__,year,95,95,95,1235,1239,1.0,1.0,1.0,1.0,1.0
5000,ZJ-SMB,2018,landsat7,autumn_v0,v0_predeclared,95,95,95,95,248,1.0,1.0,1.0,1.0,1.0
5000,ZJ-SMB,2018,landsat7,summer_v0,v0_predeclared,95,95,20,20,401,1.0,1.0,1.0,1.0,1.0
5000,ZJ-SMB,2018,landsat7,autumn_primary_v1,biological_target_phase,95,95,95,95,248,1.0,1.0,1.0,1.0,1.0
5000,ZJ-SMB,2018,landsat7,early_season_v1,biological_target_phase,95,95,0,0,153,1.0,1.0,1.0,1.0,1.0
5000,ZJ-SMB,2018,landsat7,__ALL_YEAR__,year,95,95,95,365,1736,1.0,1.0,1.0,1.0,1.0
5000,ZJ-SMB,2018,landsat8,autumn_v0,v0_predeclared,95,95,95,135,248,1.0,1.0,1.0,1.0,1.0
5000,ZJ-SMB,2018,landsat8,summer_v0,v0_predeclared,95,95,95,135,496,1.0,1.0,1.0,1.0,1.0
5000,ZJ-SMB,2018,landsat8,autumn_primary_v1,biological_target_phase,95,95,95,135,248,1.0,1.0,1.0,1.0,1.0
5000,ZJ-SMB,2018,landsat8,early_season_v1,biological_target_phase,95,95,0,0,248,1.0,1.0,1.0,1.0,1.0
5000,ZJ-SMB,2018,landsat8,__ALL_YEAR__,year,95,95,95,540,1860,1.0,1.0,1.0,1.0,1.0
5000,ZJ-SMB,2018,sentinel1,autumn_v0,v0_predeclared,95,95,0,0,0,1.0,1.0,1.0,1.0,1.0
5000,ZJ-SMB,2018,sentinel1,summer_v0,v0_predeclared,95,95,0,0,0,1.0,1.0,1.0,1.0,1.0
5000,ZJ-SMB,2018,sentinel1,autumn_primary_v1,biological_target_phase,95,95,0,0,0,1.0,1.0,1.0,1.0,1.0
5000,ZJ-SMB,2018,sentinel1,early_season_v1,biological_target_phase,95,95,0,0,0,1.0,1.0,1.0,1.0,1.0
5000,ZJ-SMB,2018,sentinel1,__ALL_YEAR__,year,95,95,95,173,184,1.0,1.0,1.0,1.0,1.0
5000,ZJ-SMB,2018,sentinel2,autumn_v0,v0_predeclared,95,95,0,0,8,1.0,1.0,1.0,1.0,1.0
5000,ZJ-SMB,2018,sentinel2,summer_v0,v0_predeclared,95,95,95,95,95,1.0,1.0,1.0,1.0,1.0
5000,ZJ-SMB,2018,sentinel2,autumn_primary_v1,biological_target_phase,95,95,0,0,8,1.0,1.0,1.0,1.0,1.0
5000,ZJ-SMB,2018,sentinel2,early_season_v1,biological_target_phase,95,95,0,0,0,1.0,1.0,1.0,1.0,1.0
5000,ZJ-SMB,2018,sentinel2,__ALL_YEAR__,year,95,95,95,950,1433,1.0,1.0,1.0,1.0,1.0
5000,ZJ-SMB,2019,landsat7,autumn_v0,v0_predeclared,95,95,95,95,343,1.0,1.0,1.0,1.0,1.0
5000,ZJ-SMB,2019,landsat7,summer_v0,v0_predeclared,95,95,20,20,124,1.0,1.0,1.0,1.0,1.0
5000,ZJ-SMB,2019,landsat7,autumn_primary_v1,biological_target_phase,95,95,95,190,438,1.0,1.0,1.0,1.0,1.0
5000,ZJ-SMB,2019,landsat7,early_season_v1,biological_target_phase,95,95,20,20,124,1.0,1.0,1.0,1.0,1.0
5000,ZJ-SMB,2019,landsat7,__ALL_YEAR__,year,95,95,95,690,1583,1.0,1.0,1.0,1.0,1.0
5000,ZJ-SMB,2019,landsat8,autumn_v0,v0_predeclared,95,95,20,40,182,1.0,1.0,1.0,1.0,1.0
5000,ZJ-SMB,2019,landsat8,summer_v0,v0_predeclared,95,95,95,115,467,1.0,1.0,1.0,1.0,1.0
5000,ZJ-SMB,2019,landsat8,autumn_primary_v1,biological_target_phase,95,95,95,155,306,1.0,1.0,1.0,1.0,1.0
5000,ZJ-SMB,2019,landsat8,early_season_v1,biological_target_phase,95,95,20,20,219,1.0,1.0,1.0,1.0,1.0
5000,ZJ-SMB,2019,landsat8,__ALL_YEAR__,year,95,95,95,695,2327,1.0,1.0,1.0,1.0,1.0
5000,ZJ-SMB,2019,sentinel1,autumn_v0,v0_predeclared,95,95,0,0,0,1.0,1.0,1.0,1.0,1.0
5000,ZJ-SMB,2019,sentinel1,summer_v0,v0_predeclared,95,95,0,0,0,1.0,1.0,1.0,1.0,1.0
5000,ZJ-SMB,2019,sentinel1,autumn_primary_v1,biological_target_phase,95,95,0,0,0,1.0,1.0,1.0,1.0,1.0
5000,ZJ-SMB,2019,sentinel1,early_season_v1,biological_target_phase,95,95,0,0,0,1.0,1.0,1.0,1.0,1.0
5000,ZJ-SMB,2019,sentinel1,__ALL_YEAR__,year,95,95,95,173,184,1.0,1.0,1.0,1.0,1.0
5000,ZJ-SMB,2019,sentinel2,autumn_v0,v0_predeclared,95,95,95,570,1730,1.0,1.0,1.0,1.0,1.0
5000,ZJ-SMB,2019,sentinel2,summer_v0,v0_predeclared,95,95,95,95,2284,1.0,1.0,1.0,1.0,1.0
5000,ZJ-SMB,2019,sentinel2,autumn_primary_v1,biological_target_phase,95,95,95,760,2300,1.0,1.0,1.0,1.0,1.0
5000,ZJ-SMB,2019,sentinel2,early_season_v1,biological_target_phase,95,95,95,95,1425,1.0,1.0,1.0,1.0,1.0
5000,ZJ-SMB,2019,sentinel2,__ALL_YEAR__,year,95,95,95,2375,13823,1.0,1.0,1.0,1.0,1.0
5000,ZJ-SMB,2020,landsat7,autumn_v0,v0_predeclared,95,95,95,115,343,1.0,1.0,1.0,1.0,1.0
5000,ZJ-SMB,2020,landsat7,summer_v0,v0_predeclared,95,95,0,0,124,1.0,1.0,1.0,1.0,1.0
5000,ZJ-SMB,2020,landsat7,autumn_primary_v1,biological_target_phase,95,95,95,230,467,1.0,1.0,1.0,1.0,1.0
5000,ZJ-SMB,2020,landsat7,early_season_v1,biological_target_phase,95,95,95,135,277,1.0,1.0,1.0,1.0,1.0
5000,ZJ-SMB,2020,landsat7,__ALL_YEAR__,year,95,95,95,520,1868,1.0,1.0,1.0,1.0,1.0
5000,ZJ-SMB,2020,landsat8,autumn_v0,v0_predeclared,95,95,20,40,248,1.0,1.0,1.0,1.0,1.0
5000,ZJ-SMB,2020,landsat8,summer_v0,v0_predeclared,95,95,0,0,248,1.0,1.0,1.0,1.0,1.0
5000,ZJ-SMB,2020,landsat8,autumn_primary_v1,biological_target_phase,95,95,20,40,248,1.0,1.0,1.0,1.0,1.0
5000,ZJ-SMB,2020,landsat8,early_season_v1,biological_target_phase,95,95,0,0,190,1.0,1.0,1.0,1.0,1.0
5000,ZJ-SMB,2020,landsat8,__ALL_YEAR__,year,95,95,95,175,1802,1.0,1.0,1.0,1.0,1.0
5000,ZJ-SMB,2020,sentinel2,autumn_v0,v0_predeclared,95,95,95,95,1722,1.0,1.0,1.0,1.0,1.0
5000,ZJ-SMB,2020,sentinel2,summer_v0,v0_predeclared,95,95,0,0,2280,1.0,1.0,1.0,1.0,1.0
5000,ZJ-SMB,2020,sentinel2,autumn_primary_v1,biological_target_phase,95,95,95,190,2292,1.0,1.0,1.0,1.0,1.0
5000,ZJ-SMB,2020,sentinel2,early_season_v1,biological_target_phase,95,95,0,0,1524,1.0,1.0,1.0,1.0,1.0
5000,ZJ-SMB,2020,sentinel2,__ALL_YEAR__,year,95,95,95,1520,13906,1.0,1.0,1.0,1.0,1.0
5000,ZJ-SMB,2021,landsat7,autumn_v0,v0_predeclared,95,95,95,95,248,1.0,1.0,1.0,1.0,1.0
5000,ZJ-SMB,2021,landsat7,summer_v0,v0_predeclared,95,95,0,0,29,1.0,1.0,1.0,1.0,1.0
5000,ZJ-SMB,2021,landsat7,autumn_primary_v1,biological_target_phase,95,95,95,95,372,1.0,1.0,1.0,1.0,1.0
5000,ZJ-SMB,2021,landsat7,early_season_v1,biological_target_phase,95,95,20,20,153,1.0,1.0,1.0,1.0,1.0
5000,ZJ-SMB,2021,landsat7,__ALL_YEAR__,year,95,95,95,460,1393,1.0,1.0,1.0,1.0,1.0
5000,ZJ-SMB,2021,landsat8,autumn_v0,v0_predeclared,95,95,20,20,372,1.0,1.0,1.0,1.0,1.0
5000,ZJ-SMB,2021,landsat8,summer_v0,v0_predeclared,95,95,0,0,248,1.0,1.0,1.0,1.0,1.0
5000,ZJ-SMB,2021,landsat8,autumn_primary_v1,biological_target_phase,95,95,20,20,467,1.0,1.0,1.0,1.0,1.0
5000,ZJ-SMB,2021,landsat8,early_season_v1,biological_target_phase,95,95,0,0,219,1.0,1.0,1.0,1.0,1.0
5000,ZJ-SMB,2021,landsat8,__ALL_YEAR__,year,95,95,20,60,1963,1.0,1.0,1.0,1.0,1.0
5000,ZJ-SMB,2021,sentinel1,autumn_v0,v0_predeclared,95,95,0,0,0,1.0,1.0,1.0,1.0,1.0
5000,ZJ-SMB,2021,sentinel1,summer_v0,v0_predeclared,95,95,95,95,95,1.0,1.0,1.0,1.0,1.0
5000,ZJ-SMB,2021,sentinel1,autumn_primary_v1,biological_target_phase,95,95,0,0,0,1.0,1.0,1.0,1.0,1.0
5000,ZJ-SMB,2021,sentinel1,early_season_v1,biological_target_phase,95,95,0,0,0,1.0,1.0,1.0,1.0,1.0
5000,ZJ-SMB,2021,sentinel1,__ALL_YEAR__,year,95,95,95,95,95,1.0,1.0,1.0,1.0,1.0
5000,ZJ-SMB,2021,sentinel2,autumn_v0,v0_predeclared,95,95,95,570,1809,1.0,1.0,1.0,1.0,1.0
5000,ZJ-SMB,2021,sentinel2,summer_v0,v0_predeclared,95,95,0,0,2280,1.0,1.0,1.0,1.0,1.0
5000,ZJ-SMB,2021,sentinel2,autumn_primary_v1,biological_target_phase,95,95,95,855,2383,1.0,1.0,1.0,1.0,1.0
5000,ZJ-SMB,2021,sentinel2,early_season_v1,biological_target_phase,95,95,95,190,1619,1.0,1.0,1.0,1.0,1.0
5000,ZJ-SMB,2021,sentinel2,__ALL_YEAR__,year,95,95,95,2470,13815,1.0,1.0,1.0,1.0,1.0
5000,ZJ-SMB,2022,landsat7,autumn_v0,v0_predeclared,95,95,95,190,285,1.0,1.0,1.0,1.0,1.0
5000,ZJ-SMB,2022,landsat7,summer_v0,v0_predeclared,95,95,20,40,438,1.0,1.0,1.0,1.0,1.0
5000,ZJ-SMB,2022,landsat7,autumn_primary_v1,biological_target_phase,95,95,95,190,380,1.0,1.0,1.0,1.0,1.0
5000,ZJ-SMB,2022,landsat7,early_season_v1,biological_target_phase,95,95,0,0,0,1.0,1.0,1.0,1.0,1.0
5000,ZJ-SMB,2022,landsat7,__ALL_YEAR__,year,95,95,95,385,1401,1.0,1.0,1.0,1.0,1.0
5000,ZJ-SMB,2022,landsat8,autumn_v0,v0_predeclared,95,95,20,20,248,1.0,1.0,1.0,1.0,1.0
5000,ZJ-SMB,2022,landsat8,summer_v0,v0_predeclared,95,95,0,0,277,1.0,1.0,1.0,1.0,1.0
5000,ZJ-SMB,2022,landsat8,autumn_primary_v1,biological_target_phase,95,95,20,20,343,1.0,1.0,1.0,1.0,1.0
5000,ZJ-SMB,2022,landsat8,early_season_v1,biological_target_phase,95,95,20,20,248,1.0,1.0,1.0,1.0,1.0
5000,ZJ-SMB,2022,landsat8,__ALL_YEAR__,year,95,95,95,520,1860,1.0,1.0,1.0,1.0,1.0
5000,ZJ-SMB,2022,landsat9,autumn_v0,v0_predeclared,95,95,20,20,153,1.0,1.0,1.0,1.0,1.0
5000,ZJ-SMB,2022,landsat9,summer_v0,v0_predeclared,95,95,20,40,343,1.0,1.0,1.0,1.0,1.0
5000,ZJ-SMB,2022,landsat9,autumn_primary_v1,biological_target_phase,95,95,20,40,182,1.0,1.0,1.0,1.0,1.0
5000,ZJ-SMB,2022,landsat9,early_season_v1,biological_target_phase,95,95,0,0,124,1.0,1.0,1.0,1.0,1.0
5000,ZJ-SMB,2022,landsat9,__ALL_YEAR__,year,95,95,95,465,1583,1.0,1.0,1.0,1.0,1.0
5000,ZJ-SMB,2022,sentinel2,autumn_v0,v0_predeclared,95,95,0,0,1805,1.0,1.0,1.0,1.0,1.0
5000,ZJ-SMB,2022,sentinel2,summer_v0,v0_predeclared,95,95,95,95,2280,1.0,1.0,1.0,1.0,1.0
5000,ZJ-SMB,2022,sentinel2,autumn_primary_v1,biological_target_phase,95,95,0,0,2375,1.0,1.0,1.0,1.0,1.0
5000,ZJ-SMB,2022,sentinel2,early_season_v1,biological_target_phase,95,95,0,0,1615,1.0,1.0,1.0,1.0,1.0
5000,ZJ-SMB,2022,sentinel2,__ALL_YEAR__,year,95,95,95,570,13870,1.0,1.0,1.0,1.0,1.0
5000,ZJ-SMB,2023,landsat7,autumn_v0,v0_predeclared,95,95,20,40,153,1.0,1.0,1.0,1.0,1.0
5000,ZJ-SMB,2023,landsat7,summer_v0,v0_predeclared,95,95,0,0,504,1.0,1.0,1.0,1.0,1.0
5000,ZJ-SMB,2023,landsat7,autumn_primary_v1,biological_target_phase,95,95,20,40,153,1.0,1.0,1.0,1.0,1.0
5000,ZJ-SMB,2023,landsat7,early_season_v1,biological_target_phase,95,95,0,0,95,1.0,1.0,1.0,1.0,1.0
5000,ZJ-SMB,2023,landsat7,__ALL_YEAR__,year,95,95,95,235,1649,1.0,1.0,1.0,1.0,1.0
5000,ZJ-SMB,2023,landsat8,autumn_v0,v0_predeclared,95,95,20,40,343,1.0,1.0,1.0,1.0,1.0
5000,ZJ-SMB,2023,landsat8,summer_v0,v0_predeclared,95,95,0,0,182,1.0,1.0,1.0,1.0,1.0
5000,ZJ-SMB,2023,landsat8,autumn_primary_v1,biological_target_phase,95,95,20,60,467,1.0,1.0,1.0,1.0,1.0
5000,ZJ-SMB,2023,landsat8,early_season_v1,biological_target_phase,95,95,0,0,87,1.0,1.0,1.0,1.0,1.0
5000,ZJ-SMB,2023,landsat8,__ALL_YEAR__,year,95,95,95,330,1976,1.0,1.0,1.0,1.0,1.0
5000,ZJ-SMB,2023,landsat9,autumn_v0,v0_predeclared,95,95,95,135,248,1.0,1.0,1.0,1.0,1.0
5000,ZJ-SMB,2023,landsat9,summer_v0,v0_predeclared,95,95,20,40,343,1.0,1.0,1.0,1.0,1.0
5000,ZJ-SMB,2023,landsat9,autumn_primary_v1,biological_target_phase,95,95,95,135,343,1.0,1.0,1.0,1.0,1.0
5000,ZJ-SMB,2023,landsat9,early_season_v1,biological_target_phase,95,95,0,0,314,1.0,1.0,1.0,1.0,1.0
5000,ZJ-SMB,2023,landsat9,__ALL_YEAR__,year,95,95,95,560,2153,1.0,1.0,1.0,1.0,1.0
5000,ZJ-SMB,2023,sentinel2,autumn_v0,v0_predeclared,95,95,95,285,1805,1.0,1.0,1.0,1.0,1.0
5000,ZJ-SMB,2023,sentinel2,summer_v0,v0_predeclared,95,95,0,0,2280,1.0,1.0,1.0,1.0,1.0
5000,ZJ-SMB,2023,sentinel2,autumn_primary_v1,biological_target_phase,95,95,95,285,2375,1.0,1.0,1.0,1.0,1.0
5000,ZJ-SMB,2023,sentinel2,early_season_v1,biological_target_phase,95,95,0,0,1615,1.0,1.0,1.0,1.0,1.0
5000,ZJ-SMB,2023,sentinel2,__ALL_YEAR__,year,95,95,95,1805,13874,1.0,1.0,1.0,1.0,1.0
5000,ZJ-SMB,2024,landsat8,autumn_v0,v0_predeclared,95,95,0,0,248,1.0,1.0,1.0,1.0,1.0
5000,ZJ-SMB,2024,landsat8,summer_v0,v0_predeclared,95,95,20,20,343,1.0,1.0,1.0,1.0,1.0
5000,ZJ-SMB,2024,landsat8,autumn_primary_v1,biological_target_phase,95,95,0,0,277,1.0,1.0,1.0,1.0,1.0
5000,ZJ-SMB,2024,landsat8,early_season_v1,biological_target_phase,95,95,20,20,219,1.0,1.0,1.0,1.0,1.0
5000,ZJ-SMB,2024,landsat8,__ALL_YEAR__,year,95,95,95,540,1984,1.0,1.0,1.0,1.0,1.0
5000,ZJ-SMB,2024,landsat9,autumn_v0,v0_predeclared,95,95,20,40,343,1.0,1.0,1.0,1.0,1.0
5000,ZJ-SMB,2024,landsat9,summer_v0,v0_predeclared,95,95,0,0,343,1.0,1.0,1.0,1.0,1.0
5000,ZJ-SMB,2024,landsat9,autumn_primary_v1,biological_target_phase,95,95,20,40,438,1.0,1.0,1.0,1.0,1.0
5000,ZJ-SMB,2024,landsat9,early_season_v1,biological_target_phase,95,95,20,20,248,1.0,1.0,1.0,1.0,1.0
5000,ZJ-SMB,2024,landsat9,__ALL_YEAR__,year,95,95,95,390,2174,1.0,1.0,1.0,1.0,1.0
5000,ZJ-SMB,2024,sentinel1,autumn_v0,v0_predeclared,95,95,95,95,95,1.0,1.0,1.0,1.0,1.0
5000,ZJ-SMB,2024,sentinel1,summer_v0,v0_predeclared,95,95,0,0,0,1.0,1.0,1.0,1.0,1.0
5000,ZJ-SMB,2024,sentinel1,autumn_primary_v1,biological_target_phase,95,95,95,95,95,1.0,1.0,1.0,1.0,1.0
5000,ZJ-SMB,2024,sentinel1,early_season_v1,biological_target_phase,95,95,0,0,0,1.0,1.0,1.0,1.0,1.0
5000,ZJ-SMB,2024,sentinel1,__ALL_YEAR__,year,95,95,95,95,95,1.0,1.0,1.0,1.0,1.0
5000,ZJ-SMB,2024,sentinel2,autumn_v0,v0_predeclared,95,95,95,95,1805,1.0,1.0,1.0,1.0,1.0
5000,ZJ-SMB,2024,sentinel2,summer_v0,v0_predeclared,95,95,95,95,2280,1.0,1.0,1.0,1.0,1.0
5000,ZJ-SMB,2024,sentinel2,autumn_primary_v1,biological_target_phase,95,95,95,190,2375,1.0,1.0,1.0,1.0,1.0
5000,ZJ-SMB,2024,sentinel2,early_season_v1,biological_target_phase,95,95,0,0,1615,1.0,1.0,1.0,1.0,1.0
5000,ZJ-SMB,2024,sentinel2,__ALL_YEAR__,year,95,95,95,1520,13870,1.0,1.0,1.0,1.0,1.0
5000,ZJ-SMB,2025,landsat8,autumn_v0,v0_predeclared,95,95,20,20,277,1.0,1.0,1.0,1.0,1.0
5000,ZJ-SMB,2025,landsat8,summer_v0,v0_predeclared,95,95,20,20,401,1.0,1.0,1.0,1.0,1.0
5000,ZJ-SMB,2025,landsat8,autumn_primary_v1,biological_target_phase,95,95,20,20,372,1.0,1.0,1.0,1.0,1.0
5000,ZJ-SMB,2025,landsat8,early_season_v1,biological_target_phase,95,95,95,95,219,1.0,1.0,1.0,1.0,1.0
5000,ZJ-SMB,2025,landsat8,__ALL_YEAR__,year,95,95,95,750,2356,1.0,1.0,1.0,1.0,1.0
5000,ZJ-SMB,2025,landsat9,autumn_v0,v0_predeclared,95,95,20,20,314,1.0,1.0,1.0,1.0,1.0
5000,ZJ-SMB,2025,landsat9,summer_v0,v0_predeclared,95,95,20,20,343,1.0,1.0,1.0,1.0,1.0
5000,ZJ-SMB,2025,landsat9,autumn_primary_v1,biological_target_phase,95,95,20,20,409,1.0,1.0,1.0,1.0,1.0
5000,ZJ-SMB,2025,landsat9,early_season_v1,biological_target_phase,95,95,95,95,153,1.0,1.0,1.0,1.0,1.0
5000,ZJ-SMB,2025,landsat9,__ALL_YEAR__,year,95,95,95,580,2079,1.0,1.0,1.0,1.0,1.0
5000,ZJ-SMB,2025,sentinel1,autumn_v0,v0_predeclared,95,89,0,0,0,1.0,1.0,1.0,1.0,1.0
5000,ZJ-SMB,2025,sentinel1,summer_v0,v0_predeclared,95,89,0,0,0,1.0,1.0,1.0,1.0,1.0
5000,ZJ-SMB,2025,sentinel1,autumn_primary_v1,biological_target_phase,95,89,0,0,0,1.0,1.0,1.0,1.0,1.0
5000,ZJ-SMB,2025,sentinel1,early_season_v1,biological_target_phase,95,89,0,0,0,1.0,1.0,1.0,1.0,1.0
5000,ZJ-SMB,2025,sentinel1,__ALL_YEAR__,year,95,89,78,78,89,1.0,1.0,1.0,1.0,1.0
5000,ZJ-SMB,2025,sentinel2,autumn_v0,v0_predeclared,95,95,95,95,1900,1.0,1.0,1.0,1.0,1.0
5000,ZJ-SMB,2025,sentinel2,summer_v0,v0_predeclared,95,95,95,95,2755,1.0,1.0,1.0,1.0,1.0
5000,ZJ-SMB,2025,sentinel2,autumn_primary_v1,biological_target_phase,95,95,95,95,2565,1.0,1.0,1.0,1.0,1.0
5000,ZJ-SMB,2025,sentinel2,early_season_v1,biological_target_phase,95,95,0,0,1900,1.0,1.0,1.0,1.0,1.0
5000,ZJ-SMB,2025,sentinel2,__ALL_YEAR__,year,95,95,95,1805,15865,1.0,1.0,1.0,1.0,1.0
5000,ZJ-SMB,2026,landsat8,autumn_v0,v0_predeclared,95,95,0,0,95,1.0,1.0,1.0,1.0,1.0
5000,ZJ-SMB,2026,landsat8,summer_v0,v0_predeclared,95,95,0,0,248,1.0,1.0,1.0,1.0,1.0
5000,ZJ-SMB,2026,landsat8,autumn_primary_v1,biological_target_phase,95,95,0,0,95,1.0,1.0,1.0,1.0,1.0
5000,ZJ-SMB,2026,landsat8,early_season_v1,biological_target_phase,95,95,20,20,343,1.0,1.0,1.0,1.0,1.0
5000,ZJ-SMB,2026,landsat8,__ALL_YEAR__,year,95,95,95,250,1335,1.0,1.0,1.0,1.0,1.0
5000,ZJ-SMB,2026,landsat9,autumn_v0,v0_predeclared,95,95,20,20,124,1.0,1.0,1.0,1.0,1.0
5000,ZJ-SMB,2026,landsat9,summer_v0,v0_predeclared,95,95,95,115,372,1.0,1.0,1.0,1.0,1.0
5000,ZJ-SMB,2026,landsat9,autumn_primary_v1,biological_target_phase,95,95,20,20,124,1.0,1.0,1.0,1.0,1.0
5000,ZJ-SMB,2026,landsat9,early_season_v1,biological_target_phase,95,95,20,20,153,1.0,1.0,1.0,1.0,1.0
5000,ZJ-SMB,2026,landsat9,__ALL_YEAR__,year,95,95,95,310,1393,1.0,1.0,1.0,1.0,1.0
5000,ZJ-SMB,2026,sentinel2,autumn_v0,v0_predeclared,95,95,0,0,760,1.0,1.0,1.0,1.0,1.0
5000,ZJ-SMB,2026,sentinel2,summer_v0,v0_predeclared,95,95,0,0,2945,1.0,1.0,1.0,1.0,1.0
5000,ZJ-SMB,2026,sentinel2,autumn_primary_v1,biological_target_phase,95,95,0,0,760,1.0,1.0,1.0,1.0,1.0
5000,ZJ-SMB,2026,sentinel2,early_season_v1,biological_target_phase,95,95,0,0,1900,1.0,1.0,1.0,1.0,1.0
5000,ZJ-SMB,2026,sentinel2,__ALL_YEAR__,year,95,95,95,760,12445,1.0,1.0,1.0,1.0,1.0
5000,ZJ-YQB,1985,landsat5,autumn_v0,v0_predeclared,39,39,0,0,30,1.0,1.0,1.0,1.0,1.0
5000,ZJ-YQB,1985,landsat5,summer_v0,v0_predeclared,39,39,25,25,91,1.0,1.0,1.0,1.0,1.0
5000,ZJ-YQB,1985,landsat5,autumn_primary_v1,biological_target_phase,39,39,0,0,30,1.0,1.0,1.0,1.0,1.0
5000,ZJ-YQB,1985,landsat5,early_season_v1,biological_target_phase,39,39,0,0,0,1.0,1.0,1.0,1.0,1.0
5000,ZJ-YQB,1985,landsat5,__ALL_YEAR__,year,39,39,39,89,190,1.0,1.0,1.0,1.0,1.0
5000,ZJ-YQB,1986,landsat5,autumn_v0,v0_predeclared,39,39,0,0,0,1.0,1.0,1.0,1.0,1.0
5000,ZJ-YQB,1986,landsat5,summer_v0,v0_predeclared,39,39,0,0,109,1.0,1.0,1.0,1.0,1.0
5000,ZJ-YQB,1986,landsat5,autumn_primary_v1,biological_target_phase,39,39,0,0,0,1.0,1.0,1.0,1.0,1.0
5000,ZJ-YQB,1986,landsat5,early_season_v1,biological_target_phase,39,39,0,0,0,1.0,1.0,1.0,1.0,1.0
5000,ZJ-YQB,1986,landsat5,__ALL_YEAR__,year,39,39,39,164,415,1.0,1.0,1.0,1.0,1.0
5000,ZJ-YQB,1987,landsat5,autumn_v0,v0_predeclared,39,39,39,39,69,1.0,1.0,1.0,1.0,1.0
5000,ZJ-YQB,1987,landsat5,summer_v0,v0_predeclared,39,39,0,0,117,1.0,1.0,1.0,1.0,1.0
5000,ZJ-YQB,1987,landsat5,autumn_primary_v1,biological_target_phase,39,39,39,39,108,1.0,1.0,1.0,1.0,1.0
5000,ZJ-YQB,1987,landsat5,early_season_v1,biological_target_phase,39,39,39,39,70,1.0,1.0,1.0,1.0,1.0
5000,ZJ-YQB,1987,landsat5,__ALL_YEAR__,year,39,39,39,142,628,1.0,1.0,1.0,1.0,1.0
5000,ZJ-YQB,1988,landsat5,autumn_v0,v0_predeclared,39,39,0,0,61,1.0,1.0,1.0,1.0,1.0
5000,ZJ-YQB,1988,landsat5,summer_v0,v0_predeclared,39,39,39,103,147,1.0,1.0,1.0,1.0,1.0
5000,ZJ-YQB,1988,landsat5,autumn_primary_v1,biological_target_phase,39,39,0,0,100,1.0,1.0,1.0,1.0,1.0
5000,ZJ-YQB,1988,landsat5,early_season_v1,biological_target_phase,39,39,0,0,78,1.0,1.0,1.0,1.0,1.0
5000,ZJ-YQB,1988,landsat5,__ALL_YEAR__,year,39,39,39,220,550,1.0,1.0,1.0,1.0,1.0
5000,ZJ-YQB,1989,landsat5,autumn_v0,v0_predeclared,39,39,0,0,109,1.0,1.0,1.0,1.0,1.0
5000,ZJ-YQB,1989,landsat5,summer_v0,v0_predeclared,39,39,0,0,78,1.0,1.0,1.0,1.0,1.0
5000,ZJ-YQB,1989,landsat5,autumn_primary_v1,biological_target_phase,39,39,0,0,148,1.0,1.0,1.0,1.0,1.0
5000,ZJ-YQB,1989,landsat5,early_season_v1,biological_target_phase,39,39,0,0,78,1.0,1.0,1.0,1.0,1.0
5000,ZJ-YQB,1989,landsat5,__ALL_YEAR__,year,39,39,39,117,529,1.0,1.0,1.0,1.0,1.0
5000,ZJ-YQB,1990,landsat5,autumn_v0,v0_predeclared,39,39,27,27,31,1.0,1.0,1.0,1.0,1.0
5000,ZJ-YQB,1990,landsat5,summer_v0,v0_predeclared,39,39,0,0,117,1.0,1.0,1.0,1.0,1.0
5000,ZJ-YQB,1990,landsat5,autumn_primary_v1,biological_target_phase,39,39,27,27,62,1.0,1.0,1.0,1.0,1.0
5000,ZJ-YQB,1990,landsat5,early_season_v1,biological_target_phase,39,39,39,39,99,1.0,1.0,1.0,1.0,1.0
5000,ZJ-YQB,1990,landsat5,__ALL_YEAR__,year,39,39,39,183,512,1.0,1.0,1.0,1.0,1.0
5000,ZJ-YQB,1991,landsat5,autumn_v0,v0_predeclared,39,39,27,27,70,1.0,1.0,1.0,1.0,1.0
5000,ZJ-YQB,1991,landsat5,summer_v0,v0_predeclared,39,39,39,39,109,1.0,1.0,1.0,1.0,1.0
5000,ZJ-YQB,1991,landsat5,autumn_primary_v1,biological_target_phase,39,39,27,27,100,1.0,1.0,1.0,1.0,1.0
5000,ZJ-YQB,1991,landsat5,early_season_v1,biological_target_phase,39,39,0,0,0,1.0,1.0,1.0,1.0,1.0
5000,ZJ-YQB,1991,landsat5,__ALL_YEAR__,year,39,39,39,183,582,1.0,1.0,1.0,1.0,1.0
5000,ZJ-YQB,1992,landsat5,autumn_v0,v0_predeclared,39,39,0,0,117,1.0,1.0,1.0,1.0,1.0
5000,ZJ-YQB,1992,landsat5,summer_v0,v0_predeclared,39,39,39,66,100,1.0,1.0,1.0,1.0,1.0
5000,ZJ-YQB,1992,landsat5,autumn_primary_v1,biological_target_phase,39,39,0,0,117,1.0,1.0,1.0,1.0,1.0
5000,ZJ-YQB,1992,landsat5,early_season_v1,biological_target_phase,39,39,39,39,39,1.0,1.0,1.0,1.0,1.0
5000,ZJ-YQB,1992,landsat5,__ALL_YEAR__,year,39,39,39,183,541,1.0,1.0,1.0,1.0,1.0
5000,ZJ-YQB,1993,landsat5,autumn_v0,v0_predeclared,39,39,0,0,0,1.0,1.0,1.0,1.0,1.0
5000,ZJ-YQB,1993,landsat5,summer_v0,v0_predeclared,39,39,39,39,130,1.0,1.0,1.0,1.0,1.0
5000,ZJ-YQB,1993,landsat5,autumn_primary_v1,biological_target_phase,39,39,0,0,39,1.0,1.0,1.0,1.0,1.0
5000,ZJ-YQB,1993,landsat5,early_season_v1,biological_target_phase,39,39,0,0,0,1.0,1.0,1.0,1.0,1.0
5000,ZJ-YQB,1993,landsat5,__ALL_YEAR__,year,39,39,39,117,503,1.0,1.0,1.0,1.0,1.0
5000,ZJ-YQB,1994,landsat5,autumn_v0,v0_predeclared,39,39,0,0,117,1.0,1.0,1.0,1.0,1.0
5000,ZJ-YQB,1994,landsat5,summer_v0,v0_predeclared,39,39,39,39,147,1.0,1.0,1.0,1.0,1.0
5000,ZJ-YQB,1994,landsat5,autumn_primary_v1,biological_target_phase,39,39,0,0,147,1.0,1.0,1.0,1.0,1.0
5000,ZJ-YQB,1994,landsat5,early_season_v1,biological_target_phase,39,39,39,39,39,1.0,1.0,1.0,1.0,1.0
5000,ZJ-YQB,1994,landsat5,__ALL_YEAR__,year,39,39,39,117,589,1.0,1.0,1.0,1.0,1.0
5000,ZJ-YQB,1995,landsat5,autumn_v0,v0_predeclared,39,39,0,0,0,1.0,1.0,1.0,1.0,1.0
5000,ZJ-YQB,1995,landsat5,summer_v0,v0_predeclared,39,39,0,0,108,1.0,1.0,1.0,1.0,1.0
5000,ZJ-YQB,1995,landsat5,autumn_primary_v1,biological_target_phase,39,39,39,39,39,1.0,1.0,1.0,1.0,1.0
5000,ZJ-YQB,1995,landsat5,early_season_v1,biological_target_phase,39,39,0,0,78,1.0,1.0,1.0,1.0,1.0
5000,ZJ-YQB,1995,landsat5,__ALL_YEAR__,year,39,39,39,156,537,1.0,1.0,1.0,1.0,1.0
5000,ZJ-YQB,1996,landsat5,autumn_v0,v0_predeclared,39,39,39,39,78,1.0,1.0,1.0,1.0,1.0
5000,ZJ-YQB,1996,landsat5,summer_v0,v0_predeclared,39,39,0,0,156,1.0,1.0,1.0,1.0,1.0
5000,ZJ-YQB,1996,landsat5,autumn_primary_v1,biological_target_phase,39,39,39,39,78,1.0,1.0,1.0,1.0,1.0
5000,ZJ-YQB,1996,landsat5,early_season_v1,biological_target_phase,39,39,0,0,39,1.0,1.0,1.0,1.0,1.0
5000,ZJ-YQB,1996,landsat5,__ALL_YEAR__,year,39,39,39,78,569,1.0,1.0,1.0,1.0,1.0
5000,ZJ-YQB,1997,landsat5,autumn_v0,v0_predeclared,39,39,39,78,78,1.0,1.0,1.0,1.0,1.0
5000,ZJ-YQB,1997,landsat5,summer_v0,v0_predeclared,39,39,0,0,78,1.0,1.0,1.0,1.0,1.0
5000,ZJ-YQB,1997,landsat5,autumn_primary_v1,biological_target_phase,39,39,39,103,108,1.0,1.0,1.0,1.0,1.0
5000,ZJ-YQB,1997,landsat5,early_season_v1,biological_target_phase,39,39,0,0,78,1.0,1.0,1.0,1.0,1.0
5000,ZJ-YQB,1997,landsat5,__ALL_YEAR__,year,39,39,39,130,620,1.0,1.0,1.0,1.0,1.0
5000,ZJ-YQB,1998,landsat5,autumn_v0,v0_predeclared,39,39,0,0,78,1.0,1.0,1.0,1.0,1.0
5000,ZJ-YQB,1998,landsat5,summer_v0,v0_predeclared,39,39,0,0,109,1.0,1.0,1.0,1.0,1.0
5000,ZJ-YQB,1998,landsat5,autumn_primary_v1,biological_target_phase,39,39,39,39,117,1.0,1.0,1.0,1.0,1.0
5000,ZJ-YQB,1998,landsat5,early_season_v1,biological_target_phase,39,39,0,0,39,1.0,1.0,1.0,1.0,1.0
5000,ZJ-YQB,1998,landsat5,__ALL_YEAR__,year,39,39,39,103,559,1.0,1.0,1.0,1.0,1.0
5000,ZJ-YQB,1999,landsat5,autumn_v0,v0_predeclared,39,39,39,39,69,1.0,1.0,1.0,1.0,1.0
5000,ZJ-YQB,1999,landsat5,summer_v0,v0_predeclared,39,39,0,0,109,1.0,1.0,1.0,1.0,1.0
5000,ZJ-YQB,1999,landsat5,autumn_primary_v1,biological_target_phase,39,39,39,39,69,1.0,1.0,1.0,1.0,1.0
5000,ZJ-YQB,1999,landsat5,early_season_v1,biological_target_phase,39,39,0,0,39,1.0,1.0,1.0,1.0,1.0
5000,ZJ-YQB,1999,landsat5,__ALL_YEAR__,year,39,39,39,130,582,1.0,1.0,1.0,1.0,1.0
5000,ZJ-YQB,1999,landsat7,autumn_v0,v0_predeclared,39,39,39,39,39,1.0,1.0,1.0,1.0,1.0
5000,ZJ-YQB,1999,landsat7,summer_v0,v0_predeclared,39,39,0,0,0,1.0,1.0,1.0,1.0,1.0
5000,ZJ-YQB,1999,landsat7,autumn_primary_v1,biological_target_phase,39,39,39,39,39,1.0,1.0,1.0,1.0,1.0
5000,ZJ-YQB,1999,landsat7,early_season_v1,biological_target_phase,39,39,0,0,0,1.0,1.0,1.0,1.0,1.0
5000,ZJ-YQB,1999,landsat7,__ALL_YEAR__,year,39,39,39,78,108,1.0,1.0,1.0,1.0,1.0
5000,ZJ-YQB,2000,landsat5,autumn_v0,v0_predeclared,39,39,0,0,117,1.0,1.0,1.0,1.0,1.0
5000,ZJ-YQB,2000,landsat5,summer_v0,v0_predeclared,39,39,0,0,147,1.0,1.0,1.0,1.0,1.0
5000,ZJ-YQB,2000,landsat5,autumn_primary_v1,biological_target_phase,39,39,0,0,117,1.0,1.0,1.0,1.0,1.0
5000,ZJ-YQB,2000,landsat5,early_season_v1,biological_target_phase,39,39,0,0,117,1.0,1.0,1.0,1.0,1.0
5000,ZJ-YQB,2000,landsat5,__ALL_YEAR__,year,39,39,39,39,645,1.0,1.0,1.0,1.0,1.0
5000,ZJ-YQB,2000,landsat7,autumn_v0,v0_predeclared,39,39,39,39,100,1.0,1.0,1.0,1.0,1.0
5000,ZJ-YQB,2000,landsat7,summer_v0,v0_predeclared,39,39,39,39,117,1.0,1.0,1.0,1.0,1.0
5000,ZJ-YQB,2000,landsat7,autumn_primary_v1,biological_target_phase,39,39,39,39,130,1.0,1.0,1.0,1.0,1.0
5000,ZJ-YQB,2000,landsat7,early_season_v1,biological_target_phase,39,39,0,0,78,1.0,1.0,1.0,1.0,1.0
5000,ZJ-YQB,2000,landsat7,__ALL_YEAR__,year,39,39,39,195,667,1.0,1.0,1.0,1.0,1.0
5000,ZJ-YQB,2001,landsat5,autumn_v0,v0_predeclared,39,39,0,0,69,1.0,1.0,1.0,1.0,1.0
5000,ZJ-YQB,2001,landsat5,summer_v0,v0_predeclared,39,39,0,0,117,1.0,1.0,1.0,1.0,1.0
5000,ZJ-YQB,2001,landsat5,autumn_primary_v1,biological_target_phase,39,39,39,39,108,1.0,1.0,1.0,1.0,1.0
5000,ZJ-YQB,2001,landsat5,early_season_v1,biological_target_phase,39,39,39,39,69,1.0,1.0,1.0,1.0,1.0
5000,ZJ-YQB,2001,landsat5,__ALL_YEAR__,year,39,39,39,156,571,1.0,1.0,1.0,1.0,1.0
5000,ZJ-YQB,2001,landsat7,autumn_v0,v0_predeclared,39,39,0,0,117,1.0,1.0,1.0,1.0,1.0
5000,ZJ-YQB,2001,landsat7,summer_v0,v0_predeclared,39,39,39,39,156,1.0,1.0,1.0,1.0,1.0
5000,ZJ-YQB,2001,landsat7,autumn_primary_v1,biological_target_phase,39,39,0,0,156,1.0,1.0,1.0,1.0,1.0
5000,ZJ-YQB,2001,landsat7,early_season_v1,biological_target_phase,39,39,0,0,78,1.0,1.0,1.0,1.0,1.0
5000,ZJ-YQB,2001,landsat7,__ALL_YEAR__,year,39,39,39,156,771,1.0,1.0,1.0,1.0,1.0
5000,ZJ-YQB,2002,landsat5,autumn_v0,v0_predeclared,39,39,39,39,78,1.0,1.0,1.0,1.0,1.0
5000,ZJ-YQB,2002,landsat5,summer_v0,v0_predeclared,39,39,39,78,78,1.0,1.0,1.0,1.0,1.0
5000,ZJ-YQB,2002,landsat5,autumn_primary_v1,biological_target_phase,39,39,39,39,78,1.0,1.0,1.0,1.0,1.0
5000,ZJ-YQB,2002,landsat5,early_season_v1,biological_target_phase,39,39,0,0,0,1.0,1.0,1.0,1.0,1.0
5000,ZJ-YQB,2002,landsat5,__ALL_YEAR__,year,39,39,39,234,382,1.0,1.0,1.0,1.0,1.0
5000,ZJ-YQB,2002,landsat7,autumn_v0,v0_predeclared,39,39,0,0,69,1.0,1.0,1.0,1.0,1.0
5000,ZJ-YQB,2002,landsat7,summer_v0,v0_predeclared,39,39,0,0,78,1.0,1.0,1.0,1.0,1.0
5000,ZJ-YQB,2002,landsat7,autumn_primary_v1,biological_target_phase,39,39,39,39,108,1.0,1.0,1.0,1.0,1.0
5000,ZJ-YQB,2002,landsat7,early_season_v1,biological_target_phase,39,39,0,0,69,1.0,1.0,1.0,1.0,1.0
5000,ZJ-YQB,2002,landsat7,__ALL_YEAR__,year,39,39,39,195,620,1.0,1.0,1.0,1.0,1.0
5000,ZJ-YQB,2003,landsat5,autumn_v0,v0_predeclared,39,39,39,39,78,1.0,1.0,1.0,1.0,1.0
5000,ZJ-YQB,2003,landsat5,summer_v0,v0_predeclared,39,39,0,0,117,1.0,1.0,1.0,1.0,1.0
5000,ZJ-YQB,2003,landsat5,autumn_primary_v1,biological_target_phase,39,39,39,39,78,1.0,1.0,1.0,1.0,1.0
5000,ZJ-YQB,2003,landsat5,early_season_v1,biological_target_phase,39,39,39,39,39,1.0,1.0,1.0,1.0,1.0
5000,ZJ-YQB,2003,landsat5,__ALL_YEAR__,year,39,39,39,156,537,1.0,1.0,1.0,1.0,1.0
5000,ZJ-YQB,2003,landsat7,autumn_v0,v0_predeclared,39,39,39,78,78,1.0,1.0,1.0,1.0,1.0
5000,ZJ-YQB,2003,landsat7,summer_v0,v0_predeclared,39,39,39,39,39,1.0,1.0,1.0,1.0,1.0
5000,ZJ-YQB,2003,landsat7,autumn_primary_v1,biological_target_phase,39,39,39,78,117,1.0,1.0,1.0,1.0,1.0
5000,ZJ-YQB,2003,landsat7,early_season_v1,biological_target_phase,39,39,39,39,78,1.0,1.0,1.0,1.0,1.0
5000,ZJ-YQB,2003,landsat7,__ALL_YEAR__,year,39,39,39,234,412,1.0,1.0,1.0,1.0,1.0
5000,ZJ-YQB,2004,landsat5,autumn_v0,v0_predeclared,39,39,0,0,70,1.0,1.0,1.0,1.0,1.0
5000,ZJ-YQB,2004,landsat5,summer_v0,v0_predeclared,39,39,0,0,70,1.0,1.0,1.0,1.0,1.0
5000,ZJ-YQB,2004,landsat5,autumn_primary_v1,biological_target_phase,39,39,27,27,101,1.0,1.0,1.0,1.0,1.0
5000,ZJ-YQB,2004,landsat5,early_season_v1,biological_target_phase,39,39,0,0,39,1.0,1.0,1.0,1.0,1.0
5000,ZJ-YQB,2004,landsat5,__ALL_YEAR__,year,39,39,39,183,600,1.0,1.0,1.0,1.0,1.0
5000,ZJ-YQB,2004,landsat7,autumn_v0,v0_predeclared,39,39,39,78,117,1.0,1.0,1.0,1.0,1.0
5000,ZJ-YQB,2004,landsat7,summer_v0,v0_predeclared,39,39,0,0,147,1.0,1.0,1.0,1.0,1.0
5000,ZJ-YQB,2004,landsat7,autumn_primary_v1,biological_target_phase,39,39,39,78,117,1.0,1.0,1.0,1.0,1.0
5000,ZJ-YQB,2004,landsat7,early_season_v1,biological_target_phase,39,39,0,0,70,1.0,1.0,1.0,1.0,1.0
5000,ZJ-YQB,2004,landsat7,__ALL_YEAR__,year,39,39,39,117,607,1.0,1.0,1.0,1.0,1.0
5000,ZJ-YQB,2005,landsat5,autumn_v0,v0_predeclared,39,39,0,0,69,1.0,1.0,1.0,1.0,1.0
5000,ZJ-YQB,2005,landsat5,summer_v0,v0_predeclared,39,39,39,39,108,1.0,1.0,1.0,1.0,1.0
5000,ZJ-YQB,2005,landsat5,autumn_primary_v1,biological_target_phase,39,39,0,0,108,1.0,1.0,1.0,1.0,1.0
5000,ZJ-YQB,2005,landsat5,early_season_v1,biological_target_phase,39,39,0,0,30,1.0,1.0,1.0,1.0,1.0
5000,ZJ-YQB,2005,landsat5,__ALL_YEAR__,year,39,39,39,78,463,1.0,1.0,1.0,1.0,1.0
5000,ZJ-YQB,2005,landsat7,autumn_v0,v0_predeclared,39,39,39,39,69,1.0,1.0,1.0,1.0,1.0
5000,ZJ-YQB,2005,landsat7,summer_v0,v0_predeclared,39,39,0,0,78,1.0,1.0,1.0,1.0,1.0
5000,ZJ-YQB,2005,landsat7,autumn_primary_v1,biological_target_phase,39,39,39,39,69,1.0,1.0,1.0,1.0,1.0
5000,ZJ-YQB,2005,landsat7,early_season_v1,biological_target_phase,39,39,0,0,70,1.0,1.0,1.0,1.0,1.0
5000,ZJ-YQB,2005,landsat7,__ALL_YEAR__,year,39,39,39,103,611,1.0,1.0,1.0,1.0,1.0
5000,ZJ-YQB,2006,landsat5,autumn_v0,v0_predeclared,39,39,39,39,117,1.0,1.0,1.0,1.0,1.0
5000,ZJ-YQB,2006,landsat5,summer_v0,v0_predeclared,39,39,0,0,117,1.0,1.0,1.0,1.0,1.0
5000,ZJ-YQB,2006,landsat5,autumn_primary_v1,biological_target_phase,39,39,39,39,148,1.0,1.0,1.0,1.0,1.0
5000,ZJ-YQB,2006,landsat5,early_season_v1,biological_target_phase,39,39,0,0,39,1.0,1.0,1.0,1.0,1.0
5000,ZJ-YQB,2006,landsat5,__ALL_YEAR__,year,39,39,39,156,568,1.0,1.0,1.0,1.0,1.0
5000,ZJ-YQB,2006,landsat7,autumn_v0,v0_predeclared,39,39,39,39,117,1.0,1.0,1.0,1.0,1.0
5000,ZJ-YQB,2006,landsat7,summer_v0,v0_predeclared,39,39,0,0,0,1.0,1.0,1.0,1.0,1.0
5000,ZJ-YQB,2006,landsat7,autumn_primary_v1,biological_target_phase,39,39,39,39,156,1.0,1.0,1.0,1.0,1.0
5000,ZJ-YQB,2006,landsat7,early_season_v1,biological_target_phase,39,39,0,0,30,1.0,1.0,1.0,1.0,1.0
5000,ZJ-YQB,2006,landsat7,__ALL_YEAR__,year,39,39,39,78,502,1.0,1.0,1.0,1.0,1.0
5000,ZJ-YQB,2007,landsat5,autumn_v0,v0_predeclared,39,39,0,0,39,1.0,1.0,1.0,1.0,1.0
5000,ZJ-YQB,2007,landsat5,summer_v0,v0_predeclared,39,39,39,39,147,1.0,1.0,1.0,1.0,1.0
5000,ZJ-YQB,2007,landsat5,autumn_primary_v1,biological_target_phase,39,39,0,0,39,1.0,1.0,1.0,1.0,1.0
5000,ZJ-YQB,2007,landsat5,early_season_v1,biological_target_phase,39,39,27,27,70,1.0,1.0,1.0,1.0,1.0
5000,ZJ-YQB,2007,landsat5,__ALL_YEAR__,year,39,39,39,144,559,1.0,1.0,1.0,1.0,1.0
5000,ZJ-YQB,2007,landsat7,autumn_v0,v0_predeclared,39,39,0,0,39,1.0,1.0,1.0,1.0,1.0
5000,ZJ-YQB,2007,landsat7,summer_v0,v0_predeclared,39,39,0,0,0,1.0,1.0,1.0,1.0,1.0
5000,ZJ-YQB,2007,landsat7,autumn_primary_v1,biological_target_phase,39,39,0,0,78,1.0,1.0,1.0,1.0,1.0
5000,ZJ-YQB,2007,landsat7,early_season_v1,biological_target_phase,39,39,39,64,69,1.0,1.0,1.0,1.0,1.0
5000,ZJ-YQB,2007,landsat7,__ALL_YEAR__,year,39,39,39,142,541,1.0,1.0,1.0,1.0,1.0
5000,ZJ-YQB,2008,landsat5,autumn_v0,v0_predeclared,39,39,39,39,78,1.0,1.0,1.0,1.0,1.0
5000,ZJ-YQB,2008,landsat5,summer_v0,v0_predeclared,39,39,39,39,78,1.0,1.0,1.0,1.0,1.0
5000,ZJ-YQB,2008,landsat5,autumn_primary_v1,biological_target_phase,39,39,39,39,78,1.0,1.0,1.0,1.0,1.0
5000,ZJ-YQB,2008,landsat5,early_season_v1,biological_target_phase,39,39,39,78,117,1.0,1.0,1.0,1.0,1.0
5000,ZJ-YQB,2008,landsat5,__ALL_YEAR__,year,39,39,39,195,546,1.0,1.0,1.0,1.0,1.0
5000,ZJ-YQB,2008,landsat7,autumn_v0,v0_predeclared,39,39,0,0,109,1.0,1.0,1.0,1.0,1.0
5000,ZJ-YQB,2008,landsat7,summer_v0,v0_predeclared,39,39,39,39,156,1.0,1.0,1.0,1.0,1.0
5000,ZJ-YQB,2008,landsat7,autumn_primary_v1,biological_target_phase,39,39,0,0,148,1.0,1.0,1.0,1.0,1.0
5000,ZJ-YQB,2008,landsat7,early_season_v1,biological_target_phase,39,39,0,0,69,1.0,1.0,1.0,1.0,1.0
5000,ZJ-YQB,2008,landsat7,__ALL_YEAR__,year,39,39,39,78,676,1.0,1.0,1.0,1.0,1.0
5000,ZJ-YQB,2009,landsat5,autumn_v0,v0_predeclared,39,39,39,39,99,1.0,1.0,1.0,1.0,1.0
5000,ZJ-YQB,2009,landsat5,summer_v0,v0_predeclared,39,39,39,39,109,1.0,1.0,1.0,1.0,1.0
5000,ZJ-YQB,2009,landsat5,autumn_primary_v1,biological_target_phase,39,39,39,39,138,1.0,1.0,1.0,1.0,1.0
5000,ZJ-YQB,2009,landsat5,early_season_v1,biological_target_phase,39,39,39,39,117,1.0,1.0,1.0,1.0,1.0
5000,ZJ-YQB,2009,landsat5,__ALL_YEAR__,year,39,39,39,195,551,1.0,1.0,1.0,1.0,1.0
5000,ZJ-YQB,2009,landsat7,autumn_v0,v0_predeclared,39,39,39,39,78,1.0,1.0,1.0,1.0,1.0
5000,ZJ-YQB,2009,landsat7,summer_v0,v0_predeclared,39,39,27,27,70,1.0,1.0,1.0,1.0,1.0
5000,ZJ-YQB,2009,landsat7,autumn_primary_v1,biological_target_phase,39,39,39,39,117,1.0,1.0,1.0,1.0,1.0
5000,ZJ-YQB,2009,landsat7,early_season_v1,biological_target_phase,39,39,0,0,100,1.0,1.0,1.0,1.0,1.0
5000,ZJ-YQB,2009,landsat7,__ALL_YEAR__,year,39,39,39,183,505,1.0,1.0,1.0,1.0,1.0
5000,ZJ-YQB,2010,landsat5,autumn_v0,v0_predeclared,39,39,0,0,39,1.0,1.0,1.0,1.0,1.0
5000,ZJ-YQB,2010,landsat5,summer_v0,v0_predeclared,39,39,0,0,78,1.0,1.0,1.0,1.0,1.0
5000,ZJ-YQB,2010,landsat5,autumn_primary_v1,biological_target_phase,39,39,39,39,78,1.0,1.0,1.0,1.0,1.0
5000,ZJ-YQB,2010,landsat5,early_season_v1,biological_target_phase,39,39,39,39,78,1.0,1.0,1.0,1.0,1.0
5000,ZJ-YQB,2010,landsat5,__ALL_YEAR__,year,39,39,39,195,489,1.0,1.0,1.0,1.0,1.0
5000,ZJ-YQB,2010,landsat7,autumn_v0,v0_predeclared,39,39,39,39,69,1.0,1.0,1.0,1.0,1.0
5000,ZJ-YQB,2010,landsat7,summer_v0,v0_predeclared,39,39,0,0,39,1.0,1.0,1.0,1.0,1.0
5000,ZJ-YQB,2010,landsat7,autumn_primary_v1,biological_target_phase,39,39,39,39,69,1.0,1.0,1.0,1.0,1.0
5000,ZJ-YQB,2010,landsat7,early_season_v1,biological_target_phase,39,39,39,39,69,1.0,1.0,1.0,1.0,1.0
5000,ZJ-YQB,2010,landsat7,__ALL_YEAR__,year,39,39,39,261,580,1.0,1.0,1.0,1.0,1.0
5000,ZJ-YQB,2011,landsat5,autumn_v0,v0_predeclared,39,39,0,0,39,1.0,1.0,1.0,1.0,1.0
5000,ZJ-YQB,2011,landsat5,summer_v0,v0_predeclared,39,39,39,39,70,1.0,1.0,1.0,1.0,1.0
5000,ZJ-YQB,2011,landsat5,autumn_primary_v1,biological_target_phase,39,39,0,0,78,1.0,1.0,1.0,1.0,1.0
5000,ZJ-YQB,2011,landsat5,early_season_v1,biological_target_phase,39,39,0,0,39,1.0,1.0,1.0,1.0,1.0
5000,ZJ-YQB,2011,landsat5,__ALL_YEAR__,year,39,39,39,78,412,1.0,1.0,1.0,1.0,1.0
5000,ZJ-YQB,2011,landsat7,autumn_v0,v0_predeclared,39,39,0,0,78,1.0,1.0,1.0,1.0,1.0
5000,ZJ-YQB,2011,landsat7,summer_v0,v0_predeclared,39,39,27,27,31,1.0,1.0,1.0,1.0,1.0
5000,ZJ-YQB,2011,landsat7,autumn_primary_v1,biological_target_phase,39,39,0,0,78,1.0,1.0,1.0,1.0,1.0
5000,ZJ-YQB,2011,landsat7,early_season_v1,biological_target_phase,39,39,0,0,0,1.0,1.0,1.0,1.0,1.0
5000,ZJ-YQB,2011,landsat7,__ALL_YEAR__,year,39,39,39,222,491,1.0,1.0,1.0,1.0,1.0
5000,ZJ-YQB,2012,landsat7,autumn_v0,v0_predeclared,39,39,0,0,117,1.0,1.0,1.0,1.0,1.0
5000,ZJ-YQB,2012,landsat7,summer_v0,v0_predeclared,39,39,0,0,31,1.0,1.0,1.0,1.0,1.0
5000,ZJ-YQB,2012,landsat7,autumn_primary_v1,biological_target_phase,39,39,0,0,156,1.0,1.0,1.0,1.0,1.0
5000,ZJ-YQB,2012,landsat7,early_season_v1,biological_target_phase,39,39,0,0,78,1.0,1.0,1.0,1.0,1.0
5000,ZJ-YQB,2012,landsat7,__ALL_YEAR__,year,39,39,39,117,589,1.0,1.0,1.0,1.0,1.0
5000,ZJ-YQB,2013,landsat7,autumn_v0,v0_predeclared,39,39,0,0,108,1.0,1.0,1.0,1.0,1.0
5000,ZJ-YQB,2013,landsat7,summer_v0,v0_predeclared,39,39,27,27,61,1.0,1.0,1.0,1.0,1.0
5000,ZJ-YQB,2013,landsat7,autumn_primary_v1,biological_target_phase,39,39,0,0,147,1.0,1.0,1.0,1.0,1.0
5000,ZJ-YQB,2013,landsat7,early_season_v1,biological_target_phase,39,39,0,0,39,1.0,1.0,1.0,1.0,1.0
5000,ZJ-YQB,2013,landsat7,__ALL_YEAR__,year,39,39,39,183,559,1.0,1.0,1.0,1.0,1.0
5000,ZJ-YQB,2013,landsat8,autumn_v0,v0_predeclared,39,39,0,0,78,1.0,1.0,1.0,1.0,1.0
5000,ZJ-YQB,2013,landsat8,summer_v0,v0_predeclared,39,39,0,0,148,1.0,1.0,1.0,1.0,1.0
5000,ZJ-YQB,2013,landsat8,autumn_primary_v1,biological_target_phase,39,39,0,0,78,1.0,1.0,1.0,1.0,1.0
5000,ZJ-YQB,2013,landsat8,early_season_v1,biological_target_phase,39,39,0,0,78,1.0,1.0,1.0,1.0,1.0
5000,ZJ-YQB,2013,landsat8,__ALL_YEAR__,year,39,39,39,117,538,1.0,1.0,1.0,1.0,1.0
5000,ZJ-YQB,2014,landsat7,autumn_v0,v0_predeclared,39,39,0,0,78,1.0,1.0,1.0,1.0,1.0
5000,ZJ-YQB,2014,landsat7,summer_v0,v0_predeclared,39,39,0,0,108,1.0,1.0,1.0,1.0,1.0
5000,ZJ-YQB,2014,landsat7,autumn_primary_v1,biological_target_phase,39,39,0,0,108,1.0,1.0,1.0,1.0,1.0
5000,ZJ-YQB,2014,landsat7,early_season_v1,biological_target_phase,39,39,0,0,69,1.0,1.0,1.0,1.0,1.0
5000,ZJ-YQB,2014,landsat7,__ALL_YEAR__,year,39,39,39,117,675,1.0,1.0,1.0,1.0,1.0
5000,ZJ-YQB,2014,landsat8,autumn_v0,v0_predeclared,39,39,0,0,117,1.0,1.0,1.0,1.0,1.0
5000,ZJ-YQB,2014,landsat8,summer_v0,v0_predeclared,39,39,0,0,117,1.0,1.0,1.0,1.0,1.0
5000,ZJ-YQB,2014,landsat8,autumn_primary_v1,biological_target_phase,39,39,39,39,156,1.0,1.0,1.0,1.0,1.0
5000,ZJ-YQB,2014,landsat8,early_season_v1,biological_target_phase,39,39,0,0,39,1.0,1.0,1.0,1.0,1.0
5000,ZJ-YQB,2014,landsat8,__ALL_YEAR__,year,39,39,39,156,724,1.0,1.0,1.0,1.0,1.0
5000,ZJ-YQB,2015,landsat7,autumn_v0,v0_predeclared,39,39,0,0,70,1.0,1.0,1.0,1.0,1.0
5000,ZJ-YQB,2015,landsat7,summer_v0,v0_predeclared,39,39,39,39,109,1.0,1.0,1.0,1.0,1.0
5000,ZJ-YQB,2015,landsat7,autumn_primary_v1,biological_target_phase,39,39,0,0,100,1.0,1.0,1.0,1.0,1.0
5000,ZJ-YQB,2015,landsat7,early_season_v1,biological_target_phase,39,39,0,0,78,1.0,1.0,1.0,1.0,1.0
5000,ZJ-YQB,2015,landsat7,__ALL_YEAR__,year,39,39,39,78,626,1.0,1.0,1.0,1.0,1.0
5000,ZJ-YQB,2015,landsat8,autumn_v0,v0_predeclared,39,39,0,0,39,1.0,1.0,1.0,1.0,1.0
5000,ZJ-YQB,2015,landsat8,summer_v0,v0_predeclared,39,39,0,0,78,1.0,1.0,1.0,1.0,1.0
5000,ZJ-YQB,2015,landsat8,autumn_primary_v1,biological_target_phase,39,39,0,0,78,1.0,1.0,1.0,1.0,1.0
5000,ZJ-YQB,2015,landsat8,early_season_v1,biological_target_phase,39,39,0,0,78,1.0,1.0,1.0,1.0,1.0
5000,ZJ-YQB,2015,landsat8,__ALL_YEAR__,year,39,39,39,78,685,1.0,1.0,1.0,1.0,1.0
5000,ZJ-YQB,2015,sentinel1,autumn_v0,v0_predeclared,39,33,24,50,82,1.0,1.0,1.0,1.0,1.0
5000,ZJ-YQB,2015,sentinel1,summer_v0,v0_predeclared,39,33,24,50,89,1.0,1.0,1.0,1.0,1.0
5000,ZJ-YQB,2015,sentinel1,autumn_primary_v1,biological_target_phase,39,33,24,67,108,1.0,1.0,1.0,1.0,1.0
5000,ZJ-YQB,2015,sentinel1,early_season_v1,biological_target_phase,39,33,24,26,44,1.0,1.0,1.0,1.0,1.0
5000,ZJ-YQB,2015,sentinel1,__ALL_YEAR__,year,39,33,24,370,609,1.0,1.0,1.0,1.0,1.0
5000,ZJ-YQB,2016,landsat7,autumn_v0,v0_predeclared,39,39,0,0,78,1.0,1.0,1.0,1.0,1.0
5000,ZJ-YQB,2016,landsat7,summer_v0,v0_predeclared,39,39,39,39,69,1.0,1.0,1.0,1.0,1.0
5000,ZJ-YQB,2016,landsat7,autumn_primary_v1,biological_target_phase,39,39,0,0,78,1.0,1.0,1.0,1.0,1.0
5000,ZJ-YQB,2016,landsat7,early_season_v1,biological_target_phase,39,39,0,0,30,1.0,1.0,1.0,1.0,1.0
5000,ZJ-YQB,2016,landsat7,__ALL_YEAR__,year,39,39,39,78,523,1.0,1.0,1.0,1.0,1.0
5000,ZJ-YQB,2016,landsat8,autumn_v0,v0_predeclared,39,39,0,0,100,1.0,1.0,1.0,1.0,1.0
5000,ZJ-YQB,2016,landsat8,summer_v0,v0_predeclared,39,39,39,39,108,1.0,1.0,1.0,1.0,1.0
5000,ZJ-YQB,2016,landsat8,autumn_primary_v1,biological_target_phase,39,39,0,0,100,1.0,1.0,1.0,1.0,1.0
5000,ZJ-YQB,2016,landsat8,early_season_v1,biological_target_phase,39,39,0,0,78,1.0,1.0,1.0,1.0,1.0
5000,ZJ-YQB,2016,landsat8,__ALL_YEAR__,year,39,39,39,78,598,1.0,1.0,1.0,1.0,1.0
5000,ZJ-YQB,2016,sentinel1,autumn_v0,v0_predeclared,39,33,24,100,164,1.0,1.0,1.0,1.0,1.0
5000,ZJ-YQB,2016,sentinel1,summer_v0,v0_predeclared,39,33,24,67,108,1.0,1.0,1.0,1.0,1.0
5000,ZJ-YQB,2016,sentinel1,autumn_primary_v1,biological_target_phase,39,33,24,125,205,1.0,1.0,1.0,1.0,1.0
5000,ZJ-YQB,2016,sentinel1,early_season_v1,biological_target_phase,39,33,24,76,119,1.0,1.0,1.0,1.0,1.0
5000,ZJ-YQB,2016,sentinel1,__ALL_YEAR__,year,39,33,24,569,920,1.0,1.0,1.0,1.0,1.0
5000,ZJ-YQB,2017,landsat7,autumn_v0,v0_predeclared,39,39,39,39,108,1.0,1.0,1.0,1.0,1.0
5000,ZJ-YQB,2017,landsat7,summer_v0,v0_predeclared,39,39,0,0,108,1.0,1.0,1.0,1.0,1.0
5000,ZJ-YQB,2017,landsat7,autumn_primary_v1,biological_target_phase,39,39,39,39,147,1.0,1.0,1.0,1.0,1.0
5000,ZJ-YQB,2017,landsat7,early_season_v1,biological_target_phase,39,39,0,0,39,1.0,1.0,1.0,1.0,1.0
5000,ZJ-YQB,2017,landsat7,__ALL_YEAR__,year,39,39,39,117,567,1.0,1.0,1.0,1.0,1.0
5000,ZJ-YQB,2017,landsat8,autumn_v0,v0_predeclared,39,39,39,39,117,1.0,1.0,1.0,1.0,1.0
5000,ZJ-YQB,2017,landsat8,summer_v0,v0_predeclared,39,39,39,39,78,1.0,1.0,1.0,1.0,1.0
5000,ZJ-YQB,2017,landsat8,autumn_primary_v1,biological_target_phase,39,39,39,39,148,1.0,1.0,1.0,1.0,1.0
5000,ZJ-YQB,2017,landsat8,early_season_v1,biological_target_phase,39,39,0,0,30,1.0,1.0,1.0,1.0,1.0
5000,ZJ-YQB,2017,landsat8,__ALL_YEAR__,year,39,39,39,195,620,1.0,1.0,1.0,1.0,1.0
5000,ZJ-YQB,2017,sentinel1,autumn_v0,v0_predeclared,39,33,24,83,138,1.0,1.0,1.0,1.0,1.0
5000,ZJ-YQB,2017,sentinel1,summer_v0,v0_predeclared,39,33,24,117,190,1.0,1.0,1.0,1.0,1.0
5000,ZJ-YQB,2017,sentinel1,autumn_primary_v1,biological_target_phase,39,33,24,108,179,1.0,1.0,1.0,1.0,1.0
5000,ZJ-YQB,2017,sentinel1,early_season_v1,biological_target_phase,39,33,24,83,138,1.0,1.0,1.0,1.0,1.0
5000,ZJ-YQB,2017,sentinel1,__ALL_YEAR__,year,39,33,24,699,1152,1.0,1.0,1.0,1.0,1.0
5000,ZJ-YQB,2017,sentinel2,autumn_v0,v0_predeclared,39,39,38,92,126,1.0,1.0,1.0,1.0,1.0
5000,ZJ-YQB,2017,sentinel2,summer_v0,v0_predeclared,39,39,0,0,0,1.0,1.0,1.0,1.0,1.0
5000,ZJ-YQB,2017,sentinel2,autumn_primary_v1,biological_target_phase,39,39,38,92,126,1.0,1.0,1.0,1.0,1.0
5000,ZJ-YQB,2017,sentinel2,early_season_v1,biological_target_phase,39,39,6,6,12,1.0,1.0,1.0,1.0,1.0
5000,ZJ-YQB,2017,sentinel2,__ALL_YEAR__,year,39,39,38,412,480,1.0,1.0,1.0,1.0,1.0
5000,ZJ-YQB,2018,landsat7,autumn_v0,v0_predeclared,39,39,39,39,78,1.0,1.0,1.0,1.0,1.0
5000,ZJ-YQB,2018,landsat7,summer_v0,v0_predeclared,39,39,0,0,117,1.0,1.0,1.0,1.0,1.0
5000,ZJ-YQB,2018,landsat7,autumn_primary_v1,biological_target_phase,39,39,39,39,109,1.0,1.0,1.0,1.0,1.0
5000,ZJ-YQB,2018,landsat7,early_season_v1,biological_target_phase,39,39,0,0,39,1.0,1.0,1.0,1.0,1.0
5000,ZJ-YQB,2018,landsat7,__ALL_YEAR__,year,39,39,39,117,568,1.0,1.0,1.0,1.0,1.0
5000,ZJ-YQB,2018,landsat8,autumn_v0,v0_predeclared,39,39,39,39,78,1.0,1.0,1.0,1.0,1.0
5000,ZJ-YQB,2018,landsat8,summer_v0,v0_predeclared,39,39,39,39,156,1.0,1.0,1.0,1.0,1.0
5000,ZJ-YQB,2018,landsat8,autumn_primary_v1,biological_target_phase,39,39,39,39,78,1.0,1.0,1.0,1.0,1.0
5000,ZJ-YQB,2018,landsat8,early_season_v1,biological_target_phase,39,39,0,0,78,1.0,1.0,1.0,1.0,1.0
5000,ZJ-YQB,2018,landsat8,__ALL_YEAR__,year,39,39,39,156,585,1.0,1.0,1.0,1.0,1.0
5000,ZJ-YQB,2018,sentinel1,autumn_v0,v0_predeclared,39,33,24,100,164,1.0,1.0,1.0,1.0,1.0
5000,ZJ-YQB,2018,sentinel1,summer_v0,v0_predeclared,39,33,24,125,205,1.0,1.0,1.0,1.0,1.0
5000,ZJ-YQB,2018,sentinel1,autumn_primary_v1,biological_target_phase,39,33,24,125,205,1.0,1.0,1.0,1.0,1.0
5000,ZJ-YQB,2018,sentinel1,early_season_v1,biological_target_phase,39,33,24,92,149,1.0,1.0,1.0,1.0,1.0
5000,ZJ-YQB,2018,sentinel1,__ALL_YEAR__,year,39,33,24,751,1233,1.0,1.0,1.0,1.0,1.0
5000,ZJ-YQB,2018,sentinel2,autumn_v0,v0_predeclared,39,39,38,78,90,1.0,1.0,1.0,1.0,1.0
5000,ZJ-YQB,2018,sentinel2,summer_v0,v0_predeclared,39,39,2,2,6,1.0,1.0,1.0,1.0,1.0
5000,ZJ-YQB,2018,sentinel2,autumn_primary_v1,biological_target_phase,39,39,38,78,90,1.0,1.0,1.0,1.0,1.0
5000,ZJ-YQB,2018,sentinel2,early_season_v1,biological_target_phase,39,39,0,0,0,1.0,1.0,1.0,1.0,1.0
5000,ZJ-YQB,2018,sentinel2,__ALL_YEAR__,year,39,39,38,434,678,1.0,1.0,1.0,1.0,1.0
5000,ZJ-YQB,2019,landsat7,autumn_v0,v0_predeclared,39,39,39,39,108,1.0,1.0,1.0,1.0,1.0
5000,ZJ-YQB,2019,landsat7,summer_v0,v0_predeclared,39,39,0,0,70,1.0,1.0,1.0,1.0,1.0
5000,ZJ-YQB,2019,landsat7,autumn_primary_v1,biological_target_phase,39,39,39,78,147,1.0,1.0,1.0,1.0,1.0
5000,ZJ-YQB,2019,landsat7,early_season_v1,biological_target_phase,39,39,0,0,70,1.0,1.0,1.0,1.0,1.0
5000,ZJ-YQB,2019,landsat7,__ALL_YEAR__,year,39,39,39,234,582,1.0,1.0,1.0,1.0,1.0
5000,ZJ-YQB,2019,landsat8,autumn_v0,v0_predeclared,39,39,0,0,70,1.0,1.0,1.0,1.0,1.0
5000,ZJ-YQB,2019,landsat8,summer_v0,v0_predeclared,39,39,39,39,156,1.0,1.0,1.0,1.0,1.0
5000,ZJ-YQB,2019,landsat8,autumn_primary_v1,biological_target_phase,39,39,39,39,109,1.0,1.0,1.0,1.0,1.0
5000,ZJ-YQB,2019,landsat8,early_season_v1,biological_target_phase,39,39,0,0,78,1.0,1.0,1.0,1.0,1.0
5000,ZJ-YQB,2019,landsat8,__ALL_YEAR__,year,39,39,39,195,745,1.0,1.0,1.0,1.0,1.0
5000,ZJ-YQB,2019,sentinel1,autumn_v0,v0_predeclared,39,33,24,149,250,1.0,1.0,1.0,1.0,1.0
5000,ZJ-YQB,2019,sentinel1,summer_v0,v0_predeclared,39,33,24,250,410,1.0,1.0,1.0,1.0,1.0
5000,ZJ-YQB,2019,sentinel1,autumn_primary_v1,biological_target_phase,39,33,24,216,358,1.0,1.0,1.0,1.0,1.0
5000,ZJ-YQB,2019,sentinel1,early_season_v1,biological_target_phase,39,33,24,175,287,1.0,1.0,1.0,1.0,1.0
5000,ZJ-YQB,2019,sentinel1,__ALL_YEAR__,year,39,33,24,1342,2206,1.0,1.0,1.0,1.0,1.0
5000,ZJ-YQB,2019,sentinel2,autumn_v0,v0_predeclared,39,39,38,311,762,1.0,1.0,1.0,1.0,1.0
5000,ZJ-YQB,2019,sentinel2,summer_v0,v0_predeclared,39,39,38,43,948,1.0,1.0,1.0,1.0,1.0
5000,ZJ-YQB,2019,sentinel2,autumn_primary_v1,biological_target_phase,39,39,38,387,996,1.0,1.0,1.0,1.0,1.0
5000,ZJ-YQB,2019,sentinel2,early_season_v1,biological_target_phase,39,39,37,43,609,1.0,1.0,1.0,1.0,1.0
5000,ZJ-YQB,2019,sentinel2,__ALL_YEAR__,year,39,39,38,1015,5937,1.0,1.0,1.0,1.0,1.0
5000,ZJ-YQB,2020,landsat7,autumn_v0,v0_predeclared,39,39,39,39,117,1.0,1.0,1.0,1.0,1.0
5000,ZJ-YQB,2020,landsat7,summer_v0,v0_predeclared,39,39,0,0,101,1.0,1.0,1.0,1.0,1.0
5000,ZJ-YQB,2020,landsat7,autumn_primary_v1,biological_target_phase,39,39,39,78,156,1.0,1.0,1.0,1.0,1.0
5000,ZJ-YQB,2020,landsat7,early_season_v1,biological_target_phase,39,39,39,39,78,1.0,1.0,1.0,1.0,1.0
5000,ZJ-YQB,2020,landsat7,__ALL_YEAR__,year,39,39,39,156,668,1.0,1.0,1.0,1.0,1.0
5000,ZJ-YQB,2020,landsat8,autumn_v0,v0_predeclared,39,39,0,0,78,1.0,1.0,1.0,1.0,1.0
5000,ZJ-YQB,2020,landsat8,summer_v0,v0_predeclared,39,39,0,0,109,1.0,1.0,1.0,1.0,1.0
5000,ZJ-YQB,2020,landsat8,autumn_primary_v1,biological_target_phase,39,39,0,0,78,1.0,1.0,1.0,1.0,1.0
5000,ZJ-YQB,2020,landsat8,early_season_v1,biological_target_phase,39,39,0,0,69,1.0,1.0,1.0,1.0,1.0
5000,ZJ-YQB,2020,landsat8,__ALL_YEAR__,year,39,39,39,39,598,1.0,1.0,1.0,1.0,1.0
5000,ZJ-YQB,2020,sentinel1,autumn_v0,v0_predeclared,39,33,24,151,242,1.0,1.0,1.0,1.0,1.0
5000,ZJ-YQB,2020,sentinel1,summer_v0,v0_predeclared,39,33,24,210,335,1.0,1.0,1.0,1.0,1.0
5000,ZJ-YQB,2020,sentinel1,autumn_primary_v1,biological_target_phase,39,33,24,210,335,1.0,1.0,1.0,1.0,1.0
5000,ZJ-YQB,2020,sentinel1,early_season_v1,biological_target_phase,39,33,24,126,201,1.0,1.0,1.0,1.0,1.0
5000,ZJ-YQB,2020,sentinel1,__ALL_YEAR__,year,39,33,24,1284,2055,1.0,1.0,1.0,1.0,1.0
5000,ZJ-YQB,2020,sentinel2,autumn_v0,v0_predeclared,39,39,38,123,738,1.0,1.0,1.0,1.0,1.0
5000,ZJ-YQB,2020,sentinel2,summer_v0,v0_predeclared,39,39,0,0,936,1.0,1.0,1.0,1.0,1.0
5000,ZJ-YQB,2020,sentinel2,autumn_primary_v1,biological_target_phase,39,39,38,161,972,1.0,1.0,1.0,1.0,1.0
5000,ZJ-YQB,2020,sentinel2,early_season_v1,biological_target_phase,39,39,38,44,660,1.0,1.0,1.0,1.0,1.0
5000,ZJ-YQB,2020,sentinel2,__ALL_YEAR__,year,39,39,38,841,5982,1.0,1.0,1.0,1.0,1.0
5000,ZJ-YQB,2021,landsat7,autumn_v0,v0_predeclared,39,39,39,39,78,1.0,1.0,1.0,1.0,1.0
5000,ZJ-YQB,2021,landsat7,summer_v0,v0_predeclared,39,39,0,0,31,1.0,1.0,1.0,1.0,1.0
5000,ZJ-YQB,2021,landsat7,autumn_primary_v1,biological_target_phase,39,39,39,39,117,1.0,1.0,1.0,1.0,1.0
5000,ZJ-YQB,2021,landsat7,early_season_v1,biological_target_phase,39,39,0,0,39,1.0,1.0,1.0,1.0,1.0
5000,ZJ-YQB,2021,landsat7,__ALL_YEAR__,year,39,39,39,156,451,1.0,1.0,1.0,1.0,1.0
5000,ZJ-YQB,2021,landsat8,autumn_v0,v0_predeclared,39,39,0,0,108,1.0,1.0,1.0,1.0,1.0
5000,ZJ-YQB,2021,landsat8,summer_v0,v0_predeclared,39,39,0,0,109,1.0,1.0,1.0,1.0,1.0
5000,ZJ-YQB,2021,landsat8,autumn_primary_v1,biological_target_phase,39,39,0,0,147,1.0,1.0,1.0,1.0,1.0
5000,ZJ-YQB,2021,landsat8,early_season_v1,biological_target_phase,39,39,0,0,78,1.0,1.0,1.0,1.0,1.0
5000,ZJ-YQB,2021,landsat8,__ALL_YEAR__,year,39,39,0,0,676,1.0,1.0,1.0,1.0,1.0
5000,ZJ-YQB,2021,sentinel1,autumn_v0,v0_predeclared,39,33,24,143,227,1.0,1.0,1.0,1.0,1.0
5000,ZJ-YQB,2021,sentinel1,summer_v0,v0_predeclared,39,33,24,219,353,1.0,1.0,1.0,1.0,1.0
5000,ZJ-YQB,2021,sentinel1,autumn_primary_v1,biological_target_phase,39,33,24,210,335,1.0,1.0,1.0,1.0,1.0
5000,ZJ-YQB,2021,sentinel1,early_season_v1,biological_target_phase,39,33,24,134,216,1.0,1.0,1.0,1.0,1.0
5000,ZJ-YQB,2021,sentinel1,__ALL_YEAR__,year,39,33,24,1244,1987,1.0,1.0,1.0,1.0,1.0
5000,ZJ-YQB,2021,sentinel2,autumn_v0,v0_predeclared,39,39,38,283,801,1.0,1.0,1.0,1.0,1.0
5000,ZJ-YQB,2021,sentinel2,summer_v0,v0_predeclared,39,39,4,4,948,1.0,1.0,1.0,1.0,1.0
5000,ZJ-YQB,2021,sentinel2,autumn_primary_v1,biological_target_phase,39,39,38,397,1035,1.0,1.0,1.0,1.0,1.0
5000,ZJ-YQB,2021,sentinel2,early_season_v1,biological_target_phase,39,39,38,44,675,1.0,1.0,1.0,1.0,1.0
5000,ZJ-YQB,2021,sentinel2,__ALL_YEAR__,year,39,39,38,1041,5934,1.0,1.0,1.0,1.0,1.0
5000,ZJ-YQB,2022,landsat7,autumn_v0,v0_predeclared,39,39,39,112,156,1.0,1.0,1.0,1.0,1.0
5000,ZJ-YQB,2022,landsat7,summer_v0,v0_predeclared,39,39,34,68,234,1.0,1.0,1.0,1.0,1.0
5000,ZJ-YQB,2022,landsat7,autumn_primary_v1,biological_target_phase,39,39,39,112,195,1.0,1.0,1.0,1.0,1.0
5000,ZJ-YQB,2022,landsat7,early_season_v1,biological_target_phase,39,39,0,0,0,1.0,1.0,1.0,1.0,1.0
5000,ZJ-YQB,2022,landsat7,__ALL_YEAR__,year,39,39,39,253,676,1.0,1.0,1.0,1.0,1.0
5000,ZJ-YQB,2022,landsat8,autumn_v0,v0_predeclared,39,39,0,0,109,1.0,1.0,1.0,1.0,1.0
5000,ZJ-YQB,2022,landsat8,summer_v0,v0_predeclared,39,39,0,0,78,1.0,1.0,1.0,1.0,1.0
5000,ZJ-YQB,2022,landsat8,autumn_primary_v1,biological_target_phase,39,39,0,0,148,1.0,1.0,1.0,1.0,1.0
5000,ZJ-YQB,2022,landsat8,early_season_v1,biological_target_phase,39,39,0,0,78,1.0,1.0,1.0,1.0,1.0
5000,ZJ-YQB,2022,landsat8,__ALL_YEAR__,year,39,39,39,156,598,1.0,1.0,1.0,1.0,1.0
5000,ZJ-YQB,2022,landsat9,autumn_v0,v0_predeclared,39,39,0,0,39,1.0,1.0,1.0,1.0,1.0
5000,ZJ-YQB,2022,landsat9,summer_v0,v0_predeclared,39,39,0,0,117,1.0,1.0,1.0,1.0,1.0
5000,ZJ-YQB,2022,landsat9,autumn_primary_v1,biological_target_phase,39,39,0,0,39,1.0,1.0,1.0,1.0,1.0
5000,ZJ-YQB,2022,landsat9,early_season_v1,biological_target_phase,39,39,0,0,39,1.0,1.0,1.0,1.0,1.0
5000,ZJ-YQB,2022,landsat9,__ALL_YEAR__,year,39,39,39,117,489,1.0,1.0,1.0,1.0,1.0
5000,ZJ-YQB,2022,sentinel1,autumn_v0,v0_predeclared,39,33,24,92,149,1.0,1.0,1.0,1.0,1.0
5000,ZJ-YQB,2022,sentinel1,summer_v0,v0_predeclared,39,33,24,142,231,1.0,1.0,1.0,1.0,1.0
5000,ZJ-YQB,2022,sentinel1,autumn_primary_v1,biological_target_phase,39,33,24,134,216,1.0,1.0,1.0,1.0,1.0
5000,ZJ-YQB,2022,sentinel1,early_season_v1,biological_target_phase,39,33,24,75,123,1.0,1.0,1.0,1.0,1.0
5000,ZJ-YQB,2022,sentinel1,__ALL_YEAR__,year,39,33,24,726,1185,1.0,1.0,1.0,1.0,1.0
5000,ZJ-YQB,2022,sentinel2,autumn_v0,v0_predeclared,39,39,0,0,741,1.0,1.0,1.0,1.0,1.0
5000,ZJ-YQB,2022,sentinel2,summer_v0,v0_predeclared,39,39,38,38,936,1.0,1.0,1.0,1.0,1.0
5000,ZJ-YQB,2022,sentinel2,autumn_primary_v1,biological_target_phase,39,39,0,0,975,1.0,1.0,1.0,1.0,1.0
5000,ZJ-YQB,2022,sentinel2,early_season_v1,biological_target_phase,39,39,0,0,663,1.0,1.0,1.0,1.0,1.0
5000,ZJ-YQB,2022,sentinel2,__ALL_YEAR__,year,39,39,38,241,5730,1.0,1.0,1.0,1.0,1.0
5000,ZJ-YQB,2023,landsat7,autumn_v0,v0_predeclared,39,39,34,34,69,1.0,1.0,1.0,1.0,1.0
5000,ZJ-YQB,2023,landsat7,summer_v0,v0_predeclared,39,39,0,0,186,1.0,1.0,1.0,1.0,1.0
5000,ZJ-YQB,2023,landsat7,autumn_primary_v1,biological_target_phase,39,39,34,34,100,1.0,1.0,1.0,1.0,1.0
5000,ZJ-YQB,2023,landsat7,early_season_v1,biological_target_phase,39,39,0,0,30,1.0,1.0,1.0,1.0,1.0
5000,ZJ-YQB,2023,landsat7,__ALL_YEAR__,year,39,39,39,202,807,1.0,1.0,1.0,1.0,1.0
5000,ZJ-YQB,2023,landsat8,autumn_v0,v0_predeclared,39,39,0,0,108,1.0,1.0,1.0,1.0,1.0
5000,ZJ-YQB,2023,landsat8,summer_v0,v0_predeclared,39,39,0,0,70,1.0,1.0,1.0,1.0,1.0
5000,ZJ-YQB,2023,landsat8,autumn_primary_v1,biological_target_phase,39,39,0,0,147,1.0,1.0,1.0,1.0,1.0
5000,ZJ-YQB,2023,landsat8,early_season_v1,biological_target_phase,39,39,0,0,0,1.0,1.0,1.0,1.0,1.0
5000,ZJ-YQB,2023,landsat8,__ALL_YEAR__,year,39,39,39,78,589,1.0,1.0,1.0,1.0,1.0
5000,ZJ-YQB,2023,landsat9,autumn_v0,v0_predeclared,39,39,39,39,78,1.0,1.0,1.0,1.0,1.0
5000,ZJ-YQB,2023,landsat9,summer_v0,v0_predeclared,39,39,0,0,108,1.0,1.0,1.0,1.0,1.0
5000,ZJ-YQB,2023,landsat9,autumn_primary_v1,biological_target_phase,39,39,39,39,117,1.0,1.0,1.0,1.0,1.0
5000,ZJ-YQB,2023,landsat9,early_season_v1,biological_target_phase,39,39,0,0,117,1.0,1.0,1.0,1.0,1.0
5000,ZJ-YQB,2023,landsat9,__ALL_YEAR__,year,39,39,39,156,763,1.0,1.0,1.0,1.0,1.0
5000,ZJ-YQB,2023,sentinel1,autumn_v0,v0_predeclared,39,33,24,100,164,1.0,1.0,1.0,1.0,1.0
5000,ZJ-YQB,2023,sentinel1,summer_v0,v0_predeclared,39,33,24,133,220,1.0,1.0,1.0,1.0,1.0
5000,ZJ-YQB,2023,sentinel1,autumn_primary_v1,biological_target_phase,39,33,24,133,220,1.0,1.0,1.0,1.0,1.0
5000,ZJ-YQB,2023,sentinel1,early_season_v1,biological_target_phase,39,33,24,92,149,1.0,1.0,1.0,1.0,1.0
5000,ZJ-YQB,2023,sentinel1,__ALL_YEAR__,year,39,33,24,767,1256,1.0,1.0,1.0,1.0,1.0
5000,ZJ-YQB,2023,sentinel2,autumn_v0,v0_predeclared,39,39,38,114,741,1.0,1.0,1.0,1.0,1.0
5000,ZJ-YQB,2023,sentinel2,summer_v0,v0_predeclared,39,39,0,0,936,1.0,1.0,1.0,1.0,1.0
5000,ZJ-YQB,2023,sentinel2,autumn_primary_v1,biological_target_phase,39,39,38,114,975,1.0,1.0,1.0,1.0,1.0
5000,ZJ-YQB,2023,sentinel2,early_season_v1,biological_target_phase,39,39,0,0,663,1.0,1.0,1.0,1.0,1.0
5000,ZJ-YQB,2023,sentinel2,__ALL_YEAR__,year,39,39,38,722,5694,1.0,1.0,1.0,1.0,1.0
5000,ZJ-YQB,2024,landsat8,autumn_v0,v0_predeclared,39,39,0,0,109,1.0,1.0,1.0,1.0,1.0
5000,ZJ-YQB,2024,landsat8,summer_v0,v0_predeclared,39,39,0,0,117,1.0,1.0,1.0,1.0,1.0
5000,ZJ-YQB,2024,landsat8,autumn_primary_v1,biological_target_phase,39,39,0,0,109,1.0,1.0,1.0,1.0,1.0
5000,ZJ-YQB,2024,landsat8,early_season_v1,biological_target_phase,39,39,0,0,69,1.0,1.0,1.0,1.0,1.0
5000,ZJ-YQB,2024,landsat8,__ALL_YEAR__,year,39,39,39,156,637,1.0,1.0,1.0,1.0,1.0
5000,ZJ-YQB,2024,landsat9,autumn_v0,v0_predeclared,39,39,0,0,117,1.0,1.0,1.0,1.0,1.0
5000,ZJ-YQB,2024,landsat9,summer_v0,v0_predeclared,39,39,0,0,108,1.0,1.0,1.0,1.0,1.0
5000,ZJ-YQB,2024,landsat9,autumn_primary_v1,biological_target_phase,39,39,0,0,156,1.0,1.0,1.0,1.0,1.0
5000,ZJ-YQB,2024,landsat9,early_season_v1,biological_target_phase,39,39,0,0,78,1.0,1.0,1.0,1.0,1.0
5000,ZJ-YQB,2024,landsat9,__ALL_YEAR__,year,39,39,39,78,684,1.0,1.0,1.0,1.0,1.0
5000,ZJ-YQB,2024,sentinel1,autumn_v0,v0_predeclared,39,33,24,101,167,1.0,1.0,1.0,1.0,1.0
5000,ZJ-YQB,2024,sentinel1,summer_v0,v0_predeclared,39,33,24,125,205,1.0,1.0,1.0,1.0,1.0
5000,ZJ-YQB,2024,sentinel1,autumn_primary_v1,biological_target_phase,39,33,24,126,208,1.0,1.0,1.0,1.0,1.0
5000,ZJ-YQB,2024,sentinel1,early_season_v1,biological_target_phase,39,33,24,75,123,1.0,1.0,1.0,1.0,1.0
5000,ZJ-YQB,2024,sentinel1,__ALL_YEAR__,year,39,33,24,751,1233,1.0,1.0,1.0,1.0,1.0
5000,ZJ-YQB,2024,sentinel2,autumn_v0,v0_predeclared,39,39,38,38,741,1.0,1.0,1.0,1.0,1.0
5000,ZJ-YQB,2024,sentinel2,summer_v0,v0_predeclared,39,39,38,38,936,1.0,1.0,1.0,1.0,1.0
5000,ZJ-YQB,2024,sentinel2,autumn_primary_v1,biological_target_phase,39,39,38,76,975,1.0,1.0,1.0,1.0,1.0
5000,ZJ-YQB,2024,sentinel2,early_season_v1,biological_target_phase,39,39,0,0,663,1.0,1.0,1.0,1.0,1.0
5000,ZJ-YQB,2024,sentinel2,__ALL_YEAR__,year,39,39,38,608,5694,1.0,1.0,1.0,1.0,1.0
5000,ZJ-YQB,2025,landsat8,autumn_v0,v0_predeclared,39,39,0,0,78,1.0,1.0,1.0,1.0,1.0
5000,ZJ-YQB,2025,landsat8,summer_v0,v0_predeclared,39,39,0,0,108,1.0,1.0,1.0,1.0,1.0
5000,ZJ-YQB,2025,landsat8,autumn_primary_v1,biological_target_phase,39,39,0,0,117,1.0,1.0,1.0,1.0,1.0
5000,ZJ-YQB,2025,landsat8,early_season_v1,biological_target_phase,39,39,39,39,78,1.0,1.0,1.0,1.0,1.0
5000,ZJ-YQB,2025,landsat8,__ALL_YEAR__,year,39,39,39,234,723,1.0,1.0,1.0,1.0,1.0
5000,ZJ-YQB,2025,landsat9,autumn_v0,v0_predeclared,39,39,0,0,108,1.0,1.0,1.0,1.0,1.0
5000,ZJ-YQB,2025,landsat9,summer_v0,v0_predeclared,39,39,0,0,108,1.0,1.0,1.0,1.0,1.0
5000,ZJ-YQB,2025,landsat9,autumn_primary_v1,biological_target_phase,39,39,0,0,147,1.0,1.0,1.0,1.0,1.0
5000,ZJ-YQB,2025,landsat9,early_season_v1,biological_target_phase,39,39,39,39,39,1.0,1.0,1.0,1.0,1.0
5000,ZJ-YQB,2025,landsat9,__ALL_YEAR__,year,39,39,39,156,636,1.0,1.0,1.0,1.0,1.0
5000,ZJ-YQB,2025,sentinel1,autumn_v0,v0_predeclared,39,33,24,100,164,1.0,1.0,1.0,1.0,1.0
5000,ZJ-YQB,2025,sentinel1,summer_v0,v0_predeclared,39,33,24,125,205,1.0,1.0,1.0,1.0,1.0
5000,ZJ-YQB,2025,sentinel1,autumn_primary_v1,biological_target_phase,39,33,24,125,205,1.0,1.0,1.0,1.0,1.0
5000,ZJ-YQB,2025,sentinel1,early_season_v1,biological_target_phase,39,33,24,92,149,1.0,1.0,1.0,1.0,1.0
5000,ZJ-YQB,2025,sentinel1,__ALL_YEAR__,year,39,33,24,751,1226,1.0,1.0,1.0,1.0,1.0
5000,ZJ-YQB,2025,sentinel2,autumn_v0,v0_predeclared,39,39,38,38,780,1.0,1.0,1.0,1.0,1.0
5000,ZJ-YQB,2025,sentinel2,summer_v0,v0_predeclared,39,39,38,38,1131,1.0,1.0,1.0,1.0,1.0
5000,ZJ-YQB,2025,sentinel2,autumn_primary_v1,biological_target_phase,39,39,38,38,1053,1.0,1.0,1.0,1.0,1.0
5000,ZJ-YQB,2025,sentinel2,early_season_v1,biological_target_phase,39,39,0,0,780,1.0,1.0,1.0,1.0,1.0
5000,ZJ-YQB,2025,sentinel2,__ALL_YEAR__,year,39,39,38,722,6513,1.0,1.0,1.0,1.0,1.0
5000,ZJ-YQB,2026,landsat8,autumn_v0,v0_predeclared,39,39,0,0,39,1.0,1.0,1.0,1.0,1.0
5000,ZJ-YQB,2026,landsat8,summer_v0,v0_predeclared,39,39,0,0,109,1.0,1.0,1.0,1.0,1.0
5000,ZJ-YQB,2026,landsat8,autumn_primary_v1,biological_target_phase,39,39,0,0,39,1.0,1.0,1.0,1.0,1.0
5000,ZJ-YQB,2026,landsat8,early_season_v1,biological_target_phase,39,39,0,0,108,1.0,1.0,1.0,1.0,1.0
5000,ZJ-YQB,2026,landsat8,__ALL_YEAR__,year,39,39,39,78,442,1.0,1.0,1.0,1.0,1.0
5000,ZJ-YQB,2026,landsat9,autumn_v0,v0_predeclared,39,39,0,0,39,1.0,1.0,1.0,1.0,1.0
5000,ZJ-YQB,2026,landsat9,summer_v0,v0_predeclared,39,39,39,39,117,1.0,1.0,1.0,1.0,1.0
5000,ZJ-YQB,2026,landsat9,autumn_primary_v1,biological_target_phase,39,39,0,0,39,1.0,1.0,1.0,1.0,1.0
5000,ZJ-YQB,2026,landsat9,early_season_v1,biological_target_phase,39,39,0,0,39,1.0,1.0,1.0,1.0,1.0
5000,ZJ-YQB,2026,landsat9,__ALL_YEAR__,year,39,39,39,78,429,1.0,1.0,1.0,1.0,1.0
5000,ZJ-YQB,2026,sentinel1,autumn_v0,v0_predeclared,39,33,24,25,41,1.0,1.0,1.0,1.0,1.0
5000,ZJ-YQB,2026,sentinel1,summer_v0,v0_predeclared,39,33,24,159,257,1.0,1.0,1.0,1.0,1.0
5000,ZJ-YQB,2026,sentinel1,autumn_primary_v1,biological_target_phase,39,33,24,25,41,1.0,1.0,1.0,1.0,1.0
5000,ZJ-YQB,2026,sentinel1,early_season_v1,biological_target_phase,39,33,24,83,138,1.0,1.0,1.0,1.0,1.0
5000,ZJ-YQB,2026,sentinel1,__ALL_YEAR__,year,39,33,24,583,958,1.0,1.0,1.0,1.0,1.0
5000,ZJ-YQB,2026,sentinel2,autumn_v0,v0_predeclared,39,39,0,0,312,1.0,1.0,1.0,1.0,1.0
5000,ZJ-YQB,2026,sentinel2,summer_v0,v0_predeclared,39,39,0,0,1209,1.0,1.0,1.0,1.0,1.0
5000,ZJ-YQB,2026,sentinel2,autumn_primary_v1,biological_target_phase,39,39,0,0,312,1.0,1.0,1.0,1.0,1.0
5000,ZJ-YQB,2026,sentinel2,early_season_v1,biological_target_phase,39,39,0,0,780,1.0,1.0,1.0,1.0,1.0
5000,ZJ-YQB,2026,sentinel2,__ALL_YEAR__,year,39,39,38,304,5109,1.0,1.0,1.0,1.0,1.0
10000,ZJ-HZB,1985,landsat5,autumn_v0,v0_predeclared,67,67,0,0,67,1.0,1.0,1.0,1.0,1.0
10000,ZJ-HZB,1985,landsat5,summer_v0,v0_predeclared,67,67,67,91,198,1.0,1.0,1.0,1.0,1.0
10000,ZJ-HZB,1985,landsat5,autumn_primary_v1,biological_target_phase,67,67,0,0,67,1.0,1.0,1.0,1.0,1.0
10000,ZJ-HZB,1985,landsat5,early_season_v1,biological_target_phase,67,67,0,0,0,1.0,1.0,1.0,1.0,1.0
10000,ZJ-HZB,1985,landsat5,__ALL_YEAR__,year,67,67,67,297,693,1.0,1.0,1.0,1.0,1.0
10000,ZJ-HZB,1986,landsat5,autumn_v0,v0_predeclared,67,67,0,0,32,1.0,1.0,1.0,1.0,1.0
10000,ZJ-HZB,1986,landsat5,summer_v0,v0_predeclared,67,67,24,24,198,1.0,1.0,1.0,1.0,1.0
10000,ZJ-HZB,1986,landsat5,autumn_primary_v1,biological_target_phase,67,67,0,0,32,1.0,1.0,1.0,1.0,1.0
10000,ZJ-HZB,1986,landsat5,early_season_v1,biological_target_phase,67,67,0,0,0,1.0,1.0,1.0,1.0,1.0
10000,ZJ-HZB,1986,landsat5,__ALL_YEAR__,year,67,67,67,316,696,1.0,1.0,1.0,1.0,1.0
10000,ZJ-HZB,1987,landsat5,autumn_v0,v0_predeclared,67,67,67,91,198,1.0,1.0,1.0,1.0,1.0
10000,ZJ-HZB,1987,landsat5,summer_v0,v0_predeclared,67,67,24,24,297,1.0,1.0,1.0,1.0,1.0
10000,ZJ-HZB,1987,landsat5,autumn_primary_v1,biological_target_phase,67,67,67,91,265,1.0,1.0,1.0,1.0,1.0
10000,ZJ-HZB,1987,landsat5,early_season_v1,biological_target_phase,67,67,67,67,131,1.0,1.0,1.0,1.0,1.0
10000,ZJ-HZB,1987,landsat5,__ALL_YEAR__,year,67,67,67,297,1389,1.0,1.0,1.0,1.0,1.0
10000,ZJ-HZB,1988,landsat5,autumn_v0,v0_predeclared,67,67,0,0,131,1.0,1.0,1.0,1.0,1.0
10000,ZJ-HZB,1988,landsat5,summer_v0,v0_predeclared,67,67,67,134,233,1.0,1.0,1.0,1.0,1.0
10000,ZJ-HZB,1988,landsat5,autumn_primary_v1,biological_target_phase,67,67,24,24,230,1.0,1.0,1.0,1.0,1.0
10000,ZJ-HZB,1988,landsat5,early_season_v1,biological_target_phase,67,67,24,24,99,1.0,1.0,1.0,1.0,1.0
10000,ZJ-HZB,1988,landsat5,__ALL_YEAR__,year,67,67,67,431,1354,1.0,1.0,1.0,1.0,1.0
10000,ZJ-HZB,1989,landsat5,autumn_v0,v0_predeclared,67,67,24,24,230,1.0,1.0,1.0,1.0,1.0
10000,ZJ-HZB,1989,landsat5,summer_v0,v0_predeclared,67,67,24,24,198,1.0,1.0,1.0,1.0,1.0
10000,ZJ-HZB,1989,landsat5,autumn_primary_v1,biological_target_phase,67,67,24,24,297,1.0,1.0,1.0,1.0,1.0
10000,ZJ-HZB,1989,landsat5,early_season_v1,biological_target_phase,67,67,24,24,131,1.0,1.0,1.0,1.0,1.0
10000,ZJ-HZB,1989,landsat5,__ALL_YEAR__,year,67,67,67,321,1156,1.0,1.0,1.0,1.0,1.0
10000,ZJ-HZB,1990,landsat5,autumn_v0,v0_predeclared,67,67,24,24,32,1.0,1.0,1.0,1.0,1.0
10000,ZJ-HZB,1990,landsat5,summer_v0,v0_predeclared,67,67,24,48,329,1.0,1.0,1.0,1.0,1.0
10000,ZJ-HZB,1990,landsat5,autumn_primary_v1,biological_target_phase,67,67,24,24,99,1.0,1.0,1.0,1.0,1.0
10000,ZJ-HZB,1990,landsat5,early_season_v1,biological_target_phase,67,67,67,67,233,1.0,1.0,1.0,1.0,1.0
10000,ZJ-HZB,1990,landsat5,__ALL_YEAR__,year,67,67,67,340,1322,1.0,1.0,1.0,1.0,1.0
10000,ZJ-HZB,1991,landsat5,autumn_v0,v0_predeclared,67,67,67,115,198,1.0,1.0,1.0,1.0,1.0
10000,ZJ-HZB,1991,landsat5,summer_v0,v0_predeclared,67,67,67,91,198,1.0,1.0,1.0,1.0,1.0
10000,ZJ-HZB,1991,landsat5,autumn_primary_v1,biological_target_phase,67,67,67,139,230,1.0,1.0,1.0,1.0,1.0
10000,ZJ-HZB,1991,landsat5,early_season_v1,biological_target_phase,67,67,24,24,166,1.0,1.0,1.0,1.0,1.0
10000,ZJ-HZB,1991,landsat5,__ALL_YEAR__,year,67,67,67,484,1252,1.0,1.0,1.0,1.0,1.0
10000,ZJ-HZB,1992,landsat5,autumn_v0,v0_predeclared,67,67,24,24,297,1.0,1.0,1.0,1.0,1.0
10000,ZJ-HZB,1992,landsat5,summer_v0,v0_predeclared,67,67,67,115,230,1.0,1.0,1.0,1.0,1.0
10000,ZJ-HZB,1992,landsat5,autumn_primary_v1,biological_target_phase,67,67,24,24,329,1.0,1.0,1.0,1.0,1.0
10000,ZJ-HZB,1992,landsat5,early_season_v1,biological_target_phase,67,67,24,48,96,1.0,1.0,1.0,1.0,1.0
10000,ZJ-HZB,1992,landsat5,__ALL_YEAR__,year,67,67,67,508,1447,1.0,1.0,1.0,1.0,1.0
10000,ZJ-HZB,1993,landsat5,autumn_v0,v0_predeclared,67,67,24,48,64,1.0,1.0,1.0,1.0,1.0
10000,ZJ-HZB,1993,landsat5,summer_v0,v0_predeclared,67,67,67,91,329,1.0,1.0,1.0,1.0,1.0
10000,ZJ-HZB,1993,landsat5,autumn_primary_v1,biological_target_phase,67,67,24,48,131,1.0,1.0,1.0,1.0,1.0
10000,ZJ-HZB,1993,landsat5,early_season_v1,biological_target_phase,67,67,24,24,64,1.0,1.0,1.0,1.0,1.0
10000,ZJ-HZB,1993,landsat5,__ALL_YEAR__,year,67,67,67,369,1086,1.0,1.0,1.0,1.0,1.0
10000,ZJ-HZB,1994,landsat5,autumn_v0,v0_predeclared,67,67,0,0,134,1.0,1.0,1.0,1.0,1.0
10000,ZJ-HZB,1994,landsat5,summer_v0,v0_predeclared,67,67,67,67,166,1.0,1.0,1.0,1.0,1.0
10000,ZJ-HZB,1994,landsat5,autumn_primary_v1,biological_target_phase,67,67,0,0,134,1.0,1.0,1.0,1.0,1.0
10000,ZJ-HZB,1994,landsat5,early_season_v1,biological_target_phase,67,67,67,91,131,1.0,1.0,1.0,1.0,1.0
10000,ZJ-HZB,1994,landsat5,__ALL_YEAR__,year,67,67,67,206,990,1.0,1.0,1.0,1.0,1.0
10000,ZJ-HZB,1995,landsat5,autumn_v0,v0_predeclared,67,67,24,24,99,1.0,1.0,1.0,1.0,1.0
10000,ZJ-HZB,1995,landsat5,summer_v0,v0_predeclared,67,67,24,24,166,1.0,1.0,1.0,1.0,1.0
10000,ZJ-HZB,1995,landsat5,autumn_primary_v1,biological_target_phase,67,67,67,91,198,1.0,1.0,1.0,1.0,1.0
10000,ZJ-HZB,1995,landsat5,early_season_v1,biological_target_phase,67,67,0,0,166,1.0,1.0,1.0,1.0,1.0
10000,ZJ-HZB,1995,landsat5,__ALL_YEAR__,year,67,67,67,436,1354,1.0,1.0,1.0,1.0,1.0
10000,ZJ-HZB,1996,landsat5,autumn_v0,v0_predeclared,67,67,67,67,166,1.0,1.0,1.0,1.0,1.0
10000,ZJ-HZB,1996,landsat5,summer_v0,v0_predeclared,67,67,24,24,396,1.0,1.0,1.0,1.0,1.0
10000,ZJ-HZB,1996,landsat5,autumn_primary_v1,biological_target_phase,67,67,67,67,166,1.0,1.0,1.0,1.0,1.0
10000,ZJ-HZB,1996,landsat5,early_season_v1,biological_target_phase,67,67,0,0,198,1.0,1.0,1.0,1.0,1.0
10000,ZJ-HZB,1996,landsat5,__ALL_YEAR__,year,67,67,67,254,1551,1.0,1.0,1.0,1.0,1.0
10000,ZJ-HZB,1997,landsat5,autumn_v0,v0_predeclared,67,67,67,158,166,1.0,1.0,1.0,1.0,1.0
10000,ZJ-HZB,1997,landsat5,summer_v0,v0_predeclared,67,67,24,24,265,1.0,1.0,1.0,1.0,1.0
10000,ZJ-HZB,1997,landsat5,autumn_primary_v1,biological_target_phase,67,67,67,158,166,1.0,1.0,1.0,1.0,1.0
10000,ZJ-HZB,1997,landsat5,early_season_v1,biological_target_phase,67,67,24,48,198,1.0,1.0,1.0,1.0,1.0
10000,ZJ-HZB,1997,landsat5,__ALL_YEAR__,year,67,67,67,350,1490,1.0,1.0,1.0,1.0,1.0
10000,ZJ-HZB,1998,landsat5,autumn_v0,v0_predeclared,67,67,0,0,36,1.0,1.0,1.0,1.0,1.0
10000,ZJ-HZB,1998,landsat5,summer_v0,v0_predeclared,67,67,24,24,168,1.0,1.0,1.0,1.0,1.0
10000,ZJ-HZB,1998,landsat5,autumn_primary_v1,biological_target_phase,67,67,67,91,135,1.0,1.0,1.0,1.0,1.0
10000,ZJ-HZB,1998,landsat5,early_season_v1,biological_target_phase,67,67,0,0,230,1.0,1.0,1.0,1.0,1.0
10000,ZJ-HZB,1998,landsat5,__ALL_YEAR__,year,67,67,67,321,1164,1.0,1.0,1.0,1.0,1.0
10000,ZJ-HZB,1999,landsat5,autumn_v0,v0_predeclared,67,67,67,115,131,1.0,1.0,1.0,1.0,1.0
10000,ZJ-HZB,1999,landsat5,summer_v0,v0_predeclared,67,67,0,0,134,1.0,1.0,1.0,1.0,1.0
10000,ZJ-HZB,1999,landsat5,autumn_primary_v1,biological_target_phase,67,67,67,115,163,1.0,1.0,1.0,1.0,1.0
10000,ZJ-HZB,1999,landsat5,early_season_v1,biological_target_phase,67,67,0,0,34,1.0,1.0,1.0,1.0,1.0
10000,ZJ-HZB,1999,landsat5,__ALL_YEAR__,year,67,67,67,345,1026,1.0,1.0,1.0,1.0,1.0
10000,ZJ-HZB,1999,landsat7,autumn_v0,v0_predeclared,67,67,24,48,131,1.0,1.0,1.0,1.0,1.0
10000,ZJ-HZB,1999,landsat7,summer_v0,v0_predeclared,67,67,0,0,0,1.0,1.0,1.0,1.0,1.0
10000,ZJ-HZB,1999,landsat7,autumn_primary_v1,biological_target_phase,67,67,67,115,198,1.0,1.0,1.0,1.0,1.0
10000,ZJ-HZB,1999,landsat7,early_season_v1,biological_target_phase,67,67,0,0,0,1.0,1.0,1.0,1.0,1.0
10000,ZJ-HZB,1999,landsat7,__ALL_YEAR__,year,67,67,67,230,463,1.0,1.0,1.0,1.0,1.0
10000,ZJ-HZB,2000,landsat5,autumn_v0,v0_predeclared,67,67,24,24,230,1.0,1.0,1.0,1.0,1.0
10000,ZJ-HZB,2000,landsat5,summer_v0,v0_predeclared,67,67,24,48,297,1.0,1.0,1.0,1.0,1.0
10000,ZJ-HZB,2000,landsat5,autumn_primary_v1,biological_target_phase,67,67,24,48,264,1.0,1.0,1.0,1.0,1.0
10000,ZJ-HZB,2000,landsat5,early_season_v1,biological_target_phase,67,67,24,48,297,1.0,1.0,1.0,1.0,1.0
10000,ZJ-HZB,2000,landsat5,__ALL_YEAR__,year,67,67,67,283,1746,1.0,1.0,1.0,1.0,1.0
10000,ZJ-HZB,2000,landsat7,autumn_v0,v0_predeclared,67,67,67,91,230,1.0,1.0,1.0,1.0,1.0
10000,ZJ-HZB,2000,landsat7,summer_v0,v0_predeclared,67,67,67,91,297,1.0,1.0,1.0,1.0,1.0
10000,ZJ-HZB,2000,landsat7,autumn_primary_v1,biological_target_phase,67,67,67,91,297,1.0,1.0,1.0,1.0,1.0
10000,ZJ-HZB,2000,landsat7,early_season_v1,biological_target_phase,67,67,24,48,200,1.0,1.0,1.0,1.0,1.0
10000,ZJ-HZB,2000,landsat7,__ALL_YEAR__,year,67,67,67,412,1554,1.0,1.0,1.0,1.0,1.0
10000,ZJ-HZB,2001,landsat5,autumn_v0,v0_predeclared,67,67,0,0,166,1.0,1.0,1.0,1.0,1.0
10000,ZJ-HZB,2001,landsat5,summer_v0,v0_predeclared,67,67,24,48,297,1.0,1.0,1.0,1.0,1.0
10000,ZJ-HZB,2001,landsat5,autumn_primary_v1,biological_target_phase,67,67,67,67,265,1.0,1.0,1.0,1.0,1.0
10000,ZJ-HZB,2001,landsat5,early_season_v1,biological_target_phase,67,67,67,67,168,1.0,1.0,1.0,1.0,1.0
10000,ZJ-HZB,2001,landsat5,__ALL_YEAR__,year,67,67,67,508,1586,1.0,1.0,1.0,1.0,1.0
10000,ZJ-HZB,2001,landsat7,autumn_v0,v0_predeclared,67,67,24,48,230,1.0,1.0,1.0,1.0,1.0
10000,ZJ-HZB,2001,landsat7,summer_v0,v0_predeclared,67,67,67,91,364,1.0,1.0,1.0,1.0,1.0
10000,ZJ-HZB,2001,landsat7,autumn_primary_v1,biological_target_phase,67,67,24,72,329,1.0,1.0,1.0,1.0,1.0
10000,ZJ-HZB,2001,landsat7,early_season_v1,biological_target_phase,67,67,24,24,166,1.0,1.0,1.0,1.0,1.0
10000,ZJ-HZB,2001,landsat7,__ALL_YEAR__,year,67,67,67,460,1686,1.0,1.0,1.0,1.0,1.0
10000,ZJ-HZB,2002,landsat5,autumn_v0,v0_predeclared,67,67,67,139,230,1.0,1.0,1.0,1.0,1.0
10000,ZJ-HZB,2002,landsat5,summer_v0,v0_predeclared,67,67,67,134,134,1.0,1.0,1.0,1.0,1.0
10000,ZJ-HZB,2002,landsat5,autumn_primary_v1,biological_target_phase,67,67,67,139,262,1.0,1.0,1.0,1.0,1.0
10000,ZJ-HZB,2002,landsat5,early_season_v1,biological_target_phase,67,67,0,0,32,1.0,1.0,1.0,1.0,1.0
10000,ZJ-HZB,2002,landsat5,__ALL_YEAR__,year,67,67,67,522,1022,1.0,1.0,1.0,1.0,1.0
10000,ZJ-HZB,2002,landsat7,autumn_v0,v0_predeclared,67,67,0,0,198,1.0,1.0,1.0,1.0,1.0
10000,ZJ-HZB,2002,landsat7,summer_v0,v0_predeclared,67,67,24,48,297,1.0,1.0,1.0,1.0,1.0
10000,ZJ-HZB,2002,landsat7,autumn_primary_v1,biological_target_phase,67,67,67,91,297,1.0,1.0,1.0,1.0,1.0
10000,ZJ-HZB,2002,landsat7,early_season_v1,biological_target_phase,67,67,24,24,99,1.0,1.0,1.0,1.0,1.0
10000,ZJ-HZB,2002,landsat7,__ALL_YEAR__,year,67,67,67,527,1586,1.0,1.0,1.0,1.0,1.0
10000,ZJ-HZB,2003,landsat5,autumn_v0,v0_predeclared,67,67,67,115,198,1.0,1.0,1.0,1.0,1.0
10000,ZJ-HZB,2003,landsat5,summer_v0,v0_predeclared,67,67,24,24,297,1.0,1.0,1.0,1.0,1.0
10000,ZJ-HZB,2003,landsat5,autumn_primary_v1,biological_target_phase,67,67,67,139,230,1.0,1.0,1.0,1.0,1.0
10000,ZJ-HZB,2003,landsat5,early_season_v1,biological_target_phase,67,67,0,0,0,1.0,1.0,1.0,1.0,1.0
10000,ZJ-HZB,2003,landsat5,__ALL_YEAR__,year,67,67,67,369,1319,1.0,1.0,1.0,1.0,1.0
10000,ZJ-HZB,2003,landsat7,autumn_v0,v0_predeclared,67,67,67,134,198,1.0,1.0,1.0,1.0,1.0
10000,ZJ-HZB,2003,landsat7,summer_v0,v0_predeclared,67,67,67,67,67,1.0,1.0,1.0,1.0,1.0
10000,ZJ-HZB,2003,landsat7,autumn_primary_v1,biological_target_phase,67,67,67,158,297,1.0,1.0,1.0,1.0,1.0
10000,ZJ-HZB,2003,landsat7,early_season_v1,biological_target_phase,67,67,67,67,131,1.0,1.0,1.0,1.0,1.0
10000,ZJ-HZB,2003,landsat7,__ALL_YEAR__,year,67,67,67,642,1150,1.0,1.0,1.0,1.0,1.0
10000,ZJ-HZB,2004,landsat5,autumn_v0,v0_predeclared,67,67,24,72,163,1.0,1.0,1.0,1.0,1.0
10000,ZJ-HZB,2004,landsat5,summer_v0,v0_predeclared,67,67,24,48,297,1.0,1.0,1.0,1.0,1.0
10000,ZJ-HZB,2004,landsat5,autumn_primary_v1,biological_target_phase,67,67,24,72,195,1.0,1.0,1.0,1.0,1.0
10000,ZJ-HZB,2004,landsat5,early_season_v1,biological_target_phase,67,67,0,0,32,1.0,1.0,1.0,1.0,1.0
10000,ZJ-HZB,2004,landsat5,__ALL_YEAR__,year,67,67,67,460,1418,1.0,1.0,1.0,1.0,1.0
10000,ZJ-HZB,2004,landsat7,autumn_v0,v0_predeclared,67,67,67,158,265,1.0,1.0,1.0,1.0,1.0
10000,ZJ-HZB,2004,landsat7,summer_v0,v0_predeclared,67,67,24,24,332,1.0,1.0,1.0,1.0,1.0
10000,ZJ-HZB,2004,landsat7,autumn_primary_v1,biological_target_phase,67,67,67,158,297,1.0,1.0,1.0,1.0,1.0
10000,ZJ-HZB,2004,landsat7,early_season_v1,biological_target_phase,67,67,0,0,166,1.0,1.0,1.0,1.0,1.0
10000,ZJ-HZB,2004,landsat7,__ALL_YEAR__,year,67,67,67,417,1621,1.0,1.0,1.0,1.0,1.0
10000,ZJ-HZB,2005,landsat5,autumn_v0,v0_predeclared,67,67,24,48,198,1.0,1.0,1.0,1.0,1.0
10000,ZJ-HZB,2005,landsat5,summer_v0,v0_predeclared,67,67,67,67,364,1.0,1.0,1.0,1.0,1.0
10000,ZJ-HZB,2005,landsat5,autumn_primary_v1,biological_target_phase,67,67,24,48,230,1.0,1.0,1.0,1.0,1.0
10000,ZJ-HZB,2005,landsat5,early_season_v1,biological_target_phase,67,67,0,0,198,1.0,1.0,1.0,1.0,1.0
10000,ZJ-HZB,2005,landsat5,__ALL_YEAR__,year,67,67,67,254,1281,1.0,1.0,1.0,1.0,1.0
10000,ZJ-HZB,2005,landsat7,autumn_v0,v0_predeclared,67,67,67,67,99,1.0,1.0,1.0,1.0,1.0
10000,ZJ-HZB,2005,landsat7,summer_v0,v0_predeclared,67,67,67,115,364,1.0,1.0,1.0,1.0,1.0
10000,ZJ-HZB,2005,landsat7,autumn_primary_v1,biological_target_phase,67,67,67,67,101,1.0,1.0,1.0,1.0,1.0
10000,ZJ-HZB,2005,landsat7,early_season_v1,biological_target_phase,67,67,0,0,133,1.0,1.0,1.0,1.0,1.0
10000,ZJ-HZB,2005,landsat7,__ALL_YEAR__,year,67,67,67,460,1591,1.0,1.0,1.0,1.0,1.0
10000,ZJ-HZB,2006,landsat5,autumn_v0,v0_predeclared,67,67,67,115,297,1.0,1.0,1.0,1.0,1.0
10000,ZJ-HZB,2006,landsat5,summer_v0,v0_predeclared,67,67,0,0,233,1.0,1.0,1.0,1.0,1.0
10000,ZJ-HZB,2006,landsat5,autumn_primary_v1,biological_target_phase,67,67,67,115,329,1.0,1.0,1.0,1.0,1.0
10000,ZJ-HZB,2006,landsat5,early_season_v1,biological_target_phase,67,67,24,48,131,1.0,1.0,1.0,1.0,1.0
10000,ZJ-HZB,2006,landsat5,__ALL_YEAR__,year,67,67,67,436,1386,1.0,1.0,1.0,1.0,1.0
10000,ZJ-HZB,2006,landsat7,autumn_v0,v0_predeclared,67,67,67,91,166,1.0,1.0,1.0,1.0,1.0
10000,ZJ-HZB,2006,landsat7,summer_v0,v0_predeclared,67,67,0,0,133,1.0,1.0,1.0,1.0,1.0
10000,ZJ-HZB,2006,landsat7,autumn_primary_v1,biological_target_phase,67,67,67,91,233,1.0,1.0,1.0,1.0,1.0
10000,ZJ-HZB,2006,landsat7,early_season_v1,biological_target_phase,67,67,0,0,200,1.0,1.0,1.0,1.0,1.0
10000,ZJ-HZB,2006,landsat7,__ALL_YEAR__,year,67,67,67,302,1556,1.0,1.0,1.0,1.0,1.0
10000,ZJ-HZB,2007,landsat5,autumn_v0,v0_predeclared,67,67,0,0,67,1.0,1.0,1.0,1.0,1.0
10000,ZJ-HZB,2007,landsat5,summer_v0,v0_predeclared,67,67,67,67,364,1.0,1.0,1.0,1.0,1.0
10000,ZJ-HZB,2007,landsat5,autumn_primary_v1,biological_target_phase,67,67,0,0,67,1.0,1.0,1.0,1.0,1.0
10000,ZJ-HZB,2007,landsat5,early_season_v1,biological_target_phase,67,67,0,0,134,1.0,1.0,1.0,1.0,1.0
10000,ZJ-HZB,2007,landsat5,__ALL_YEAR__,year,67,67,67,297,1223,1.0,1.0,1.0,1.0,1.0
10000,ZJ-HZB,2007,landsat7,autumn_v0,v0_predeclared,67,67,0,0,163,1.0,1.0,1.0,1.0,1.0
10000,ZJ-HZB,2007,landsat7,summer_v0,v0_predeclared,67,67,0,0,99,1.0,1.0,1.0,1.0,1.0
10000,ZJ-HZB,2007,landsat7,autumn_primary_v1,biological_target_phase,67,67,0,0,230,1.0,1.0,1.0,1.0,1.0
10000,ZJ-HZB,2007,landsat7,early_season_v1,biological_target_phase,67,67,67,158,198,1.0,1.0,1.0,1.0,1.0
10000,ZJ-HZB,2007,landsat7,__ALL_YEAR__,year,67,67,67,388,1325,1.0,1.0,1.0,1.0,1.0
10000,ZJ-HZB,2008,landsat5,autumn_v0,v0_predeclared,67,67,67,91,233,1.0,1.0,1.0,1.0,1.0
10000,ZJ-HZB,2008,landsat5,summer_v0,v0_predeclared,67,67,67,115,230,1.0,1.0,1.0,1.0,1.0
10000,ZJ-HZB,2008,landsat5,autumn_primary_v1,biological_target_phase,67,67,67,91,233,1.0,1.0,1.0,1.0,1.0
10000,ZJ-HZB,2008,landsat5,early_season_v1,biological_target_phase,67,67,67,158,265,1.0,1.0,1.0,1.0,1.0
10000,ZJ-HZB,2008,landsat5,__ALL_YEAR__,year,67,67,67,479,1287,1.0,1.0,1.0,1.0,1.0
10000,ZJ-HZB,2008,landsat7,autumn_v0,v0_predeclared,67,67,0,0,198,1.0,1.0,1.0,1.0,1.0
10000,ZJ-HZB,2008,landsat7,summer_v0,v0_predeclared,67,67,67,67,268,1.0,1.0,1.0,1.0,1.0
10000,ZJ-HZB,2008,landsat7,autumn_primary_v1,biological_target_phase,67,67,0,0,265,1.0,1.0,1.0,1.0,1.0
10000,ZJ-HZB,2008,landsat7,early_season_v1,biological_target_phase,67,67,24,48,230,1.0,1.0,1.0,1.0,1.0
10000,ZJ-HZB,2008,landsat7,__ALL_YEAR__,year,67,67,67,278,1654,1.0,1.0,1.0,1.0,1.0
10000,ZJ-HZB,2009,landsat5,autumn_v0,v0_predeclared,67,67,67,67,265,1.0,1.0,1.0,1.0,1.0
10000,ZJ-HZB,2009,landsat5,summer_v0,v0_predeclared,67,67,67,91,297,1.0,1.0,1.0,1.0,1.0
10000,ZJ-HZB,2009,landsat5,autumn_primary_v1,biological_target_phase,67,67,67,67,332,1.0,1.0,1.0,1.0,1.0
10000,ZJ-HZB,2009,landsat5,early_season_v1,biological_target_phase,67,67,67,67,233,1.0,1.0,1.0,1.0,1.0
10000,ZJ-HZB,2009,landsat5,__ALL_YEAR__,year,67,67,67,431,1258,1.0,1.0,1.0,1.0,1.0
10000,ZJ-HZB,2009,landsat7,autumn_v0,v0_predeclared,67,67,67,115,198,1.0,1.0,1.0,1.0,1.0
10000,ZJ-HZB,2009,landsat7,summer_v0,v0_predeclared,67,67,0,0,198,1.0,1.0,1.0,1.0,1.0
10000,ZJ-HZB,2009,landsat7,autumn_primary_v1,biological_target_phase,67,67,67,139,297,1.0,1.0,1.0,1.0,1.0
10000,ZJ-HZB,2009,landsat7,early_season_v1,biological_target_phase,67,67,0,0,198,1.0,1.0,1.0,1.0,1.0
10000,ZJ-HZB,2009,landsat7,__ALL_YEAR__,year,67,67,67,484,1316,1.0,1.0,1.0,1.0,1.0
10000,ZJ-HZB,2010,landsat5,autumn_v0,v0_predeclared,67,67,0,0,99,1.0,1.0,1.0,1.0,1.0
10000,ZJ-HZB,2010,landsat5,summer_v0,v0_predeclared,67,67,0,0,134,1.0,1.0,1.0,1.0,1.0
10000,ZJ-HZB,2010,landsat5,autumn_primary_v1,biological_target_phase,67,67,67,67,166,1.0,1.0,1.0,1.0,1.0
10000,ZJ-HZB,2010,landsat5,early_season_v1,biological_target_phase,67,67,67,91,166,1.0,1.0,1.0,1.0,1.0
10000,ZJ-HZB,2010,landsat5,__ALL_YEAR__,year,67,67,67,431,1127,1.0,1.0,1.0,1.0,1.0
10000,ZJ-HZB,2010,landsat7,autumn_v0,v0_predeclared,67,67,67,91,198,1.0,1.0,1.0,1.0,1.0
10000,ZJ-HZB,2010,landsat7,summer_v0,v0_predeclared,67,67,24,24,131,1.0,1.0,1.0,1.0,1.0
10000,ZJ-HZB,2010,landsat7,autumn_primary_v1,biological_target_phase,67,67,67,91,198,1.0,1.0,1.0,1.0,1.0
10000,ZJ-HZB,2010,landsat7,early_season_v1,biological_target_phase,67,67,67,91,166,1.0,1.0,1.0,1.0,1.0
10000,ZJ-HZB,2010,landsat7,__ALL_YEAR__,year,67,67,67,642,1418,1.0,1.0,1.0,1.0,1.0
10000,ZJ-HZB,2011,landsat5,autumn_v0,v0_predeclared,67,67,0,0,67,1.0,1.0,1.0,1.0,1.0
10000,ZJ-HZB,2011,landsat5,summer_v0,v0_predeclared,67,67,67,91,198,1.0,1.0,1.0,1.0,1.0
10000,ZJ-HZB,2011,landsat5,autumn_primary_v1,biological_target_phase,67,67,0,0,67,1.0,1.0,1.0,1.0,1.0
10000,ZJ-HZB,2011,landsat5,early_season_v1,biological_target_phase,67,67,24,24,131,1.0,1.0,1.0,1.0,1.0
10000,ZJ-HZB,2011,landsat5,__ALL_YEAR__,year,67,67,67,254,1089,1.0,1.0,1.0,1.0,1.0
10000,ZJ-HZB,2011,landsat7,autumn_v0,v0_predeclared,67,67,24,24,230,1.0,1.0,1.0,1.0,1.0
10000,ZJ-HZB,2011,landsat7,summer_v0,v0_predeclared,67,67,24,24,32,1.0,1.0,1.0,1.0,1.0
10000,ZJ-HZB,2011,landsat7,autumn_primary_v1,biological_target_phase,67,67,24,48,262,1.0,1.0,1.0,1.0,1.0
10000,ZJ-HZB,2011,landsat7,early_season_v1,biological_target_phase,67,67,24,24,32,1.0,1.0,1.0,1.0,1.0
10000,ZJ-HZB,2011,landsat7,__ALL_YEAR__,year,67,67,67,503,1284,1.0,1.0,1.0,1.0,1.0
10000,ZJ-HZB,2012,landsat7,autumn_v0,v0_predeclared,67,67,24,48,297,1.0,1.0,1.0,1.0,1.0
10000,ZJ-HZB,2012,landsat7,summer_v0,v0_predeclared,67,67,0,0,67,1.0,1.0,1.0,1.0,1.0
10000,ZJ-HZB,2012,landsat7,autumn_primary_v1,biological_target_phase,67,67,24,72,396,1.0,1.0,1.0,1.0,1.0
10000,ZJ-HZB,2012,landsat7,early_season_v1,biological_target_phase,67,67,24,24,230,1.0,1.0,1.0,1.0,1.0
10000,ZJ-HZB,2012,landsat7,__ALL_YEAR__,year,67,67,67,321,1491,1.0,1.0,1.0,1.0,1.0
10000,ZJ-HZB,2013,landsat7,autumn_v0,v0_predeclared,67,67,0,0,134,1.0,1.0,1.0,1.0,1.0
10000,ZJ-HZB,2013,landsat7,summer_v0,v0_predeclared,67,67,24,48,131,1.0,1.0,1.0,1.0,1.0
10000,ZJ-HZB,2013,landsat7,autumn_primary_v1,biological_target_phase,67,67,24,24,233,1.0,1.0,1.0,1.0,1.0
10000,ZJ-HZB,2013,landsat7,early_season_v1,biological_target_phase,67,67,24,24,131,1.0,1.0,1.0,1.0,1.0
10000,ZJ-HZB,2013,landsat7,__ALL_YEAR__,year,67,67,67,436,1354,1.0,1.0,1.0,1.0,1.0
10000,ZJ-HZB,2013,landsat8,autumn_v0,v0_predeclared,67,67,24,24,233,1.0,1.0,1.0,1.0,1.0
10000,ZJ-HZB,2013,landsat8,summer_v0,v0_predeclared,67,67,24,48,297,1.0,1.0,1.0,1.0,1.0
10000,ZJ-HZB,2013,landsat8,autumn_primary_v1,biological_target_phase,67,67,24,48,265,1.0,1.0,1.0,1.0,1.0
10000,ZJ-HZB,2013,landsat8,early_season_v1,biological_target_phase,67,67,0,0,67,1.0,1.0,1.0,1.0,1.0
10000,ZJ-HZB,2013,landsat8,__ALL_YEAR__,year,67,67,67,345,1255,1.0,1.0,1.0,1.0,1.0
10000,ZJ-HZB,2014,landsat7,autumn_v0,v0_predeclared,67,67,0,0,265,1.0,1.0,1.0,1.0,1.0
10000,ZJ-HZB,2014,landsat7,summer_v0,v0_predeclared,67,67,24,24,297,1.0,1.0,1.0,1.0,1.0
10000,ZJ-HZB,2014,landsat7,autumn_primary_v1,biological_target_phase,67,67,24,24,364,1.0,1.0,1.0,1.0,1.0
10000,ZJ-HZB,2014,landsat7,early_season_v1,biological_target_phase,67,67,24,24,166,1.0,1.0,1.0,1.0,1.0
10000,ZJ-HZB,2014,landsat7,__ALL_YEAR__,year,67,67,67,393,1683,1.0,1.0,1.0,1.0,1.0
10000,ZJ-HZB,2014,landsat8,autumn_v0,v0_predeclared,67,67,24,24,265,1.0,1.0,1.0,1.0,1.0
10000,ZJ-HZB,2014,landsat8,summer_v0,v0_predeclared,67,67,24,24,265,1.0,1.0,1.0,1.0,1.0
10000,ZJ-HZB,2014,landsat8,autumn_primary_v1,biological_target_phase,67,67,67,91,364,1.0,1.0,1.0,1.0,1.0
10000,ZJ-HZB,2014,landsat8,early_season_v1,biological_target_phase,67,67,0,0,166,1.0,1.0,1.0,1.0,1.0
10000,ZJ-HZB,2014,landsat8,__ALL_YEAR__,year,67,67,67,436,1755,1.0,1.0,1.0,1.0,1.0
10000,ZJ-HZB,2015,landsat7,autumn_v0,v0_predeclared,67,67,0,0,99,1.0,1.0,1.0,1.0,1.0
10000,ZJ-HZB,2015,landsat7,summer_v0,v0_predeclared,67,67,67,67,265,1.0,1.0,1.0,1.0,1.0
10000,ZJ-HZB,2015,landsat7,autumn_primary_v1,biological_target_phase,67,67,24,24,198,1.0,1.0,1.0,1.0,1.0
10000,ZJ-HZB,2015,landsat7,early_season_v1,biological_target_phase,67,67,24,24,198,1.0,1.0,1.0,1.0,1.0
10000,ZJ-HZB,2015,landsat7,__ALL_YEAR__,year,67,67,67,326,1319,1.0,1.0,1.0,1.0,1.0
10000,ZJ-HZB,2015,landsat8,autumn_v0,v0_predeclared,67,67,24,48,133,1.0,1.0,1.0,1.0,1.0
10000,ZJ-HZB,2015,landsat8,summer_v0,v0_predeclared,67,67,0,0,297,1.0,1.0,1.0,1.0,1.0
10000,ZJ-HZB,2015,landsat8,autumn_primary_v1,biological_target_phase,67,67,24,48,232,1.0,1.0,1.0,1.0,1.0
10000,ZJ-HZB,2015,landsat8,early_season_v1,biological_target_phase,67,67,24,24,198,1.0,1.0,1.0,1.0,1.0
10000,ZJ-HZB,2015,landsat8,__ALL_YEAR__,year,67,67,67,254,1656,1.0,1.0,1.0,1.0,1.0
10000,ZJ-HZB,2015,sentinel1,autumn_v0,v0_predeclared,67,67,0,0,0,1.0,1.0,1.0,1.0,1.0
10000,ZJ-HZB,2015,sentinel1,summer_v0,v0_predeclared,67,67,67,88,96,1.0,1.0,1.0,1.0,1.0
10000,ZJ-HZB,2015,sentinel1,autumn_primary_v1,biological_target_phase,67,67,0,0,0,1.0,1.0,1.0,1.0,1.0
10000,ZJ-HZB,2015,sentinel1,early_season_v1,biological_target_phase,67,67,67,88,96,1.0,1.0,1.0,1.0,1.0
10000,ZJ-HZB,2015,sentinel1,__ALL_YEAR__,year,67,67,67,243,259,1.0,1.0,1.0,1.0,1.0
10000,ZJ-HZB,2016,landsat7,autumn_v0,v0_predeclared,67,67,0,0,166,1.0,1.0,1.0,1.0,1.0
10000,ZJ-HZB,2016,landsat7,summer_v0,v0_predeclared,67,67,67,91,198,1.0,1.0,1.0,1.0,1.0
10000,ZJ-HZB,2016,landsat7,autumn_primary_v1,biological_target_phase,67,67,0,0,166,1.0,1.0,1.0,1.0,1.0
10000,ZJ-HZB,2016,landsat7,early_season_v1,biological_target_phase,67,67,24,48,131,1.0,1.0,1.0,1.0,1.0
10000,ZJ-HZB,2016,landsat7,__ALL_YEAR__,year,67,67,67,278,1217,1.0,1.0,1.0,1.0,1.0
10000,ZJ-HZB,2016,landsat8,autumn_v0,v0_predeclared,67,67,0,0,134,1.0,1.0,1.0,1.0,1.0
10000,ZJ-HZB,2016,landsat8,summer_v0,v0_predeclared,67,67,67,91,332,1.0,1.0,1.0,1.0,1.0
10000,ZJ-HZB,2016,landsat8,autumn_primary_v1,biological_target_phase,67,67,0,0,134,1.0,1.0,1.0,1.0,1.0
10000,ZJ-HZB,2016,landsat8,early_season_v1,biological_target_phase,67,67,0,0,166,1.0,1.0,1.0,1.0,1.0
10000,ZJ-HZB,2016,landsat8,__ALL_YEAR__,year,67,67,67,278,1558,1.0,1.0,1.0,1.0,1.0
10000,ZJ-HZB,2016,sentinel1,autumn_v0,v0_predeclared,67,29,21,21,29,1.0,1.0,1.0,1.0,1.0
10000,ZJ-HZB,2016,sentinel1,summer_v0,v0_predeclared,67,29,21,84,116,1.0,1.0,1.0,1.0,1.0
10000,ZJ-HZB,2016,sentinel1,autumn_primary_v1,biological_target_phase,67,29,21,21,29,1.0,1.0,1.0,1.0,1.0
10000,ZJ-HZB,2016,sentinel1,early_season_v1,biological_target_phase,67,29,0,0,0,1.0,1.0,1.0,1.0,1.0
10000,ZJ-HZB,2016,sentinel1,__ALL_YEAR__,year,67,29,21,147,203,1.0,1.0,1.0,1.0,1.0
10000,ZJ-HZB,2017,landsat7,autumn_v0,v0_predeclared,67,67,67,67,198,1.0,1.0,1.0,1.0,1.0
10000,ZJ-HZB,2017,landsat7,summer_v0,v0_predeclared,67,67,24,24,297,1.0,1.0,1.0,1.0,1.0
10000,ZJ-HZB,2017,landsat7,autumn_primary_v1,biological_target_phase,67,67,67,91,297,1.0,1.0,1.0,1.0,1.0
10000,ZJ-HZB,2017,landsat7,early_season_v1,biological_target_phase,67,67,0,0,99,1.0,1.0,1.0,1.0,1.0
10000,ZJ-HZB,2017,landsat7,__ALL_YEAR__,year,67,67,67,321,1455,1.0,1.0,1.0,1.0,1.0
10000,ZJ-HZB,2017,landsat8,autumn_v0,v0_predeclared,67,67,67,67,233,1.0,1.0,1.0,1.0,1.0
10000,ZJ-HZB,2017,landsat8,summer_v0,v0_predeclared,67,67,67,91,198,1.0,1.0,1.0,1.0,1.0
10000,ZJ-HZB,2017,landsat8,autumn_primary_v1,biological_target_phase,67,67,67,91,332,1.0,1.0,1.0,1.0,1.0
10000,ZJ-HZB,2017,landsat8,early_season_v1,biological_target_phase,67,67,24,48,163,1.0,1.0,1.0,1.0,1.0
10000,ZJ-HZB,2017,landsat8,__ALL_YEAR__,year,67,67,67,503,1554,1.0,1.0,1.0,1.0,1.0
10000,ZJ-HZB,2017,sentinel2,autumn_v0,v0_predeclared,67,25,17,25,43,1.0,1.0,1.0,1.0,1.0
10000,ZJ-HZB,2017,sentinel2,summer_v0,v0_predeclared,67,25,0,0,0,1.0,1.0,1.0,1.0,1.0
10000,ZJ-HZB,2017,sentinel2,autumn_primary_v1,biological_target_phase,67,25,17,33,61,1.0,1.0,1.0,1.0,1.0
10000,ZJ-HZB,2017,sentinel2,early_season_v1,biological_target_phase,67,25,9,9,17,1.0,1.0,1.0,1.0,1.0
10000,ZJ-HZB,2017,sentinel2,__ALL_YEAR__,year,67,25,17,234,360,1.0,1.0,1.0,1.0,1.0
10000,ZJ-HZB,2018,landsat7,autumn_v0,v0_predeclared,67,67,67,115,230,1.0,1.0,1.0,1.0,1.0
10000,ZJ-HZB,2018,landsat7,summer_v0,v0_predeclared,67,67,24,24,297,1.0,1.0,1.0,1.0,1.0
10000,ZJ-HZB,2018,landsat7,autumn_primary_v1,biological_target_phase,67,67,67,115,262,1.0,1.0,1.0,1.0,1.0
10000,ZJ-HZB,2018,landsat7,early_season_v1,biological_target_phase,67,67,24,24,166,1.0,1.0,1.0,1.0,1.0
10000,ZJ-HZB,2018,landsat7,__ALL_YEAR__,year,67,67,67,345,1453,1.0,1.0,1.0,1.0,1.0
10000,ZJ-HZB,2018,landsat8,autumn_v0,v0_predeclared,67,67,67,67,198,1.0,1.0,1.0,1.0,1.0
10000,ZJ-HZB,2018,landsat8,summer_v0,v0_predeclared,67,67,67,91,202,1.0,1.0,1.0,1.0,1.0
10000,ZJ-HZB,2018,landsat8,autumn_primary_v1,biological_target_phase,67,67,67,67,198,1.0,1.0,1.0,1.0,1.0
10000,ZJ-HZB,2018,landsat8,early_season_v1,biological_target_phase,67,67,24,48,265,1.0,1.0,1.0,1.0,1.0
10000,ZJ-HZB,2018,landsat8,__ALL_YEAR__,year,67,67,67,436,1419,1.0,1.0,1.0,1.0,1.0
10000,ZJ-HZB,2018,sentinel1,autumn_v0,v0_predeclared,67,67,0,0,0,1.0,1.0,1.0,1.0,1.0
10000,ZJ-HZB,2018,sentinel1,summer_v0,v0_predeclared,67,67,0,0,0,1.0,1.0,1.0,1.0,1.0
10000,ZJ-HZB,2018,sentinel1,autumn_primary_v1,biological_target_phase,67,67,0,0,0,1.0,1.0,1.0,1.0,1.0
10000,ZJ-HZB,2018,sentinel1,early_season_v1,biological_target_phase,67,67,0,0,0,1.0,1.0,1.0,1.0,1.0
10000,ZJ-HZB,2018,sentinel1,__ALL_YEAR__,year,67,67,67,123,128,1.0,1.0,1.0,1.0,1.0
10000,ZJ-HZB,2018,sentinel2,autumn_v0,v0_predeclared,67,25,9,9,17,1.0,1.0,1.0,1.0,1.0
10000,ZJ-HZB,2018,sentinel2,summer_v0,v0_predeclared,67,25,15,15,21,1.0,1.0,1.0,1.0,1.0
10000,ZJ-HZB,2018,sentinel2,autumn_primary_v1,biological_target_phase,67,25,17,19,39,1.0,1.0,1.0,1.0,1.0
10000,ZJ-HZB,2018,sentinel2,early_season_v1,biological_target_phase,67,25,7,7,13,1.0,1.0,1.0,1.0,1.0
10000,ZJ-HZB,2018,sentinel2,__ALL_YEAR__,year,67,25,17,194,449,1.0,1.0,1.0,1.0,1.0
10000,ZJ-HZB,2019,landsat7,autumn_v0,v0_predeclared,67,67,67,91,297,1.0,1.0,1.0,1.0,1.0
10000,ZJ-HZB,2019,landsat7,summer_v0,v0_predeclared,67,67,0,0,198,1.0,1.0,1.0,1.0,1.0
10000,ZJ-HZB,2019,landsat7,autumn_primary_v1,biological_target_phase,67,67,67,158,364,1.0,1.0,1.0,1.0,1.0
10000,ZJ-HZB,2019,landsat7,early_season_v1,biological_target_phase,67,67,24,24,166,1.0,1.0,1.0,1.0,1.0
10000,ZJ-HZB,2019,landsat7,__ALL_YEAR__,year,67,67,67,546,1520,1.0,1.0,1.0,1.0,1.0
10000,ZJ-HZB,2019,landsat8,autumn_v0,v0_predeclared,67,67,24,24,99,1.0,1.0,1.0,1.0,1.0
10000,ZJ-HZB,2019,landsat8,summer_v0,v0_predeclared,67,67,67,67,297,1.0,1.0,1.0,1.0,1.0
10000,ZJ-HZB,2019,landsat8,autumn_primary_v1,biological_target_phase,67,67,67,115,198,1.0,1.0,1.0,1.0,1.0
10000,ZJ-HZB,2019,landsat8,early_season_v1,biological_target_phase,67,67,0,0,166,1.0,1.0,1.0,1.0,1.0
10000,ZJ-HZB,2019,landsat8,__ALL_YEAR__,year,67,67,67,479,1621,1.0,1.0,1.0,1.0,1.0
10000,ZJ-HZB,2019,sentinel1,autumn_v0,v0_predeclared,67,67,0,0,0,1.0,1.0,1.0,1.0,1.0
10000,ZJ-HZB,2019,sentinel1,summer_v0,v0_predeclared,67,67,0,0,0,1.0,1.0,1.0,1.0,1.0
10000,ZJ-HZB,2019,sentinel1,autumn_primary_v1,biological_target_phase,67,67,0,0,0,1.0,1.0,1.0,1.0,1.0
10000,ZJ-HZB,2019,sentinel1,early_season_v1,biological_target_phase,67,67,0,0,0,1.0,1.0,1.0,1.0,1.0
10000,ZJ-HZB,2019,sentinel1,__ALL_YEAR__,year,67,67,67,144,157,1.0,1.0,1.0,1.0,1.0
10000,ZJ-HZB,2019,sentinel2,autumn_v0,v0_predeclared,67,25,17,79,434,1.0,1.0,1.0,1.0,1.0
10000,ZJ-HZB,2019,sentinel2,summer_v0,v0_predeclared,67,25,15,15,552,1.0,1.0,1.0,1.0,1.0
10000,ZJ-HZB,2019,sentinel2,autumn_primary_v1,biological_target_phase,67,25,17,121,592,1.0,1.0,1.0,1.0,1.0
10000,ZJ-HZB,2019,sentinel2,early_season_v1,biological_target_phase,67,25,10,10,357,1.0,1.0,1.0,1.0,1.0
10000,ZJ-HZB,2019,sentinel2,__ALL_YEAR__,year,67,25,17,339,3407,1.0,1.0,1.0,1.0,1.0
10000,ZJ-HZB,2020,landsat7,autumn_v0,v0_predeclared,67,67,67,91,265,1.0,1.0,1.0,1.0,1.0
10000,ZJ-HZB,2020,landsat7,summer_v0,v0_predeclared,67,67,0,0,230,1.0,1.0,1.0,1.0,1.0
10000,ZJ-HZB,2020,landsat7,autumn_primary_v1,biological_target_phase,67,67,67,182,364,1.0,1.0,1.0,1.0,1.0
10000,ZJ-HZB,2020,landsat7,early_season_v1,biological_target_phase,67,67,67,91,230,1.0,1.0,1.0,1.0,1.0
10000,ZJ-HZB,2020,landsat7,__ALL_YEAR__,year,67,67,67,484,1814,1.0,1.0,1.0,1.0,1.0
10000,ZJ-HZB,2020,landsat8,autumn_v0,v0_predeclared,67,67,0,0,232,1.0,1.0,1.0,1.0,1.0
10000,ZJ-HZB,2020,landsat8,summer_v0,v0_predeclared,67,67,24,24,131,1.0,1.0,1.0,1.0,1.0
10000,ZJ-HZB,2020,landsat8,autumn_primary_v1,biological_target_phase,67,67,24,24,264,1.0,1.0,1.0,1.0,1.0
10000,ZJ-HZB,2020,landsat8,early_season_v1,biological_target_phase,67,67,24,48,265,1.0,1.0,1.0,1.0,1.0
10000,ZJ-HZB,2020,landsat8,__ALL_YEAR__,year,67,67,67,235,1551,1.0,1.0,1.0,1.0,1.0
10000,ZJ-HZB,2020,sentinel1,autumn_v0,v0_predeclared,67,29,0,0,0,1.0,1.0,1.0,1.0,1.0
10000,ZJ-HZB,2020,sentinel1,summer_v0,v0_predeclared,67,29,0,0,0,1.0,1.0,1.0,1.0,1.0
10000,ZJ-HZB,2020,sentinel1,autumn_primary_v1,biological_target_phase,67,29,0,0,0,1.0,1.0,1.0,1.0,1.0
10000,ZJ-HZB,2020,sentinel1,early_season_v1,biological_target_phase,67,29,0,0,0,1.0,1.0,1.0,1.0,1.0
10000,ZJ-HZB,2020,sentinel1,__ALL_YEAR__,year,67,29,21,21,29,1.0,1.0,1.0,1.0,1.0
10000,ZJ-HZB,2020,sentinel2,autumn_v0,v0_predeclared,67,25,17,24,434,1.0,1.0,1.0,1.0,1.0
10000,ZJ-HZB,2020,sentinel2,summer_v0,v0_predeclared,67,25,0,0,552,1.0,1.0,1.0,1.0,1.0
10000,ZJ-HZB,2020,sentinel2,autumn_primary_v1,biological_target_phase,67,25,17,41,572,1.0,1.0,1.0,1.0,1.0
10000,ZJ-HZB,2020,sentinel2,early_season_v1,biological_target_phase,67,25,0,0,368,1.0,1.0,1.0,1.0,1.0
10000,ZJ-HZB,2020,sentinel2,__ALL_YEAR__,year,67,25,17,307,3482,1.0,1.0,1.0,1.0,1.0
10000,ZJ-HZB,2021,landsat7,autumn_v0,v0_predeclared,67,67,67,115,265,1.0,1.0,1.0,1.0,1.0
10000,ZJ-HZB,2021,landsat7,summer_v0,v0_predeclared,67,67,0,0,233,1.0,1.0,1.0,1.0,1.0
10000,ZJ-HZB,2021,landsat7,autumn_primary_v1,biological_target_phase,67,67,67,115,332,1.0,1.0,1.0,1.0,1.0
10000,ZJ-HZB,2021,landsat7,early_season_v1,biological_target_phase,67,67,0,0,166,1.0,1.0,1.0,1.0,1.0
10000,ZJ-HZB,2021,landsat7,__ALL_YEAR__,year,67,67,67,340,1456,1.0,1.0,1.0,1.0,1.0
10000,ZJ-HZB,2021,landsat8,autumn_v0,v0_predeclared,67,67,24,24,265,1.0,1.0,1.0,1.0,1.0
10000,ZJ-HZB,2021,landsat8,summer_v0,v0_predeclared,67,67,24,24,163,1.0,1.0,1.0,1.0,1.0
10000,ZJ-HZB,2021,landsat8,autumn_primary_v1,biological_target_phase,67,67,24,48,364,1.0,1.0,1.0,1.0,1.0
10000,ZJ-HZB,2021,landsat8,early_season_v1,biological_target_phase,67,67,0,0,230,1.0,1.0,1.0,1.0,1.0
10000,ZJ-HZB,2021,landsat8,__ALL_YEAR__,year,67,67,24,120,1590,1.0,1.0,1.0,1.0,1.0
10000,ZJ-HZB,2021,sentinel1,autumn_v0,v0_predeclared,67,67,0,0,0,1.0,1.0,1.0,1.0,1.0
10000,ZJ-HZB,2021,sentinel1,summer_v0,v0_predeclared,67,67,67,88,96,1.0,1.0,1.0,1.0,1.0
10000,ZJ-HZB,2021,sentinel1,autumn_primary_v1,biological_target_phase,67,67,0,0,0,1.0,1.0,1.0,1.0,1.0
10000,ZJ-HZB,2021,sentinel1,early_season_v1,biological_target_phase,67,67,0,0,0,1.0,1.0,1.0,1.0,1.0
10000,ZJ-HZB,2021,sentinel1,__ALL_YEAR__,year,67,67,67,88,96,1.0,1.0,1.0,1.0,1.0
10000,ZJ-HZB,2021,sentinel2,autumn_v0,v0_predeclared,67,25,17,87,455,1.0,1.0,1.0,1.0,1.0
10000,ZJ-HZB,2021,sentinel2,summer_v0,v0_predeclared,67,25,0,0,552,1.0,1.0,1.0,1.0,1.0
10000,ZJ-HZB,2021,sentinel2,autumn_primary_v1,biological_target_phase,67,25,17,136,603,1.0,1.0,1.0,1.0,1.0
10000,ZJ-HZB,2021,sentinel2,early_season_v1,biological_target_phase,67,25,15,45,389,1.0,1.0,1.0,1.0,1.0
10000,ZJ-HZB,2021,sentinel2,__ALL_YEAR__,year,67,25,17,451,3460,1.0,1.0,1.0,1.0,1.0
10000,ZJ-HZB,2022,landsat7,autumn_v0,v0_predeclared,67,67,67,67,134,1.0,1.0,1.0,1.0,1.0
10000,ZJ-HZB,2022,landsat7,summer_v0,v0_predeclared,67,67,31,62,350,1.0,1.0,1.0,1.0,1.0
10000,ZJ-HZB,2022,landsat7,autumn_primary_v1,biological_target_phase,67,67,67,67,242,1.0,1.0,1.0,1.0,1.0
10000,ZJ-HZB,2022,landsat7,early_season_v1,biological_target_phase,67,67,0,0,99,1.0,1.0,1.0,1.0,1.0
10000,ZJ-HZB,2022,landsat7,__ALL_YEAR__,year,67,67,67,275,1239,1.0,1.0,1.0,1.0,1.0
10000,ZJ-HZB,2022,landsat8,autumn_v0,v0_predeclared,67,67,24,48,297,1.0,1.0,1.0,1.0,1.0
10000,ZJ-HZB,2022,landsat8,summer_v0,v0_predeclared,67,67,24,48,264,1.0,1.0,1.0,1.0,1.0
10000,ZJ-HZB,2022,landsat8,autumn_primary_v1,biological_target_phase,67,67,24,48,364,1.0,1.0,1.0,1.0,1.0
10000,ZJ-HZB,2022,landsat8,early_season_v1,biological_target_phase,67,67,0,0,166,1.0,1.0,1.0,1.0,1.0
10000,ZJ-HZB,2022,landsat8,__ALL_YEAR__,year,67,67,67,436,1527,1.0,1.0,1.0,1.0,1.0
10000,ZJ-HZB,2022,landsat9,autumn_v0,v0_predeclared,67,67,24,24,198,1.0,1.0,1.0,1.0,1.0
10000,ZJ-HZB,2022,landsat9,summer_v0,v0_predeclared,67,67,0,0,396,1.0,1.0,1.0,1.0,1.0
10000,ZJ-HZB,2022,landsat9,autumn_primary_v1,biological_target_phase,67,67,24,24,297,1.0,1.0,1.0,1.0,1.0
10000,ZJ-HZB,2022,landsat9,early_season_v1,biological_target_phase,67,67,24,24,198,1.0,1.0,1.0,1.0,1.0
10000,ZJ-HZB,2022,landsat9,__ALL_YEAR__,year,67,67,67,345,1750,1.0,1.0,1.0,1.0,1.0
10000,ZJ-HZB,2022,sentinel2,autumn_v0,v0_predeclared,67,25,0,0,435,1.0,1.0,1.0,1.0,1.0
10000,ZJ-HZB,2022,sentinel2,summer_v0,v0_predeclared,67,25,15,15,552,1.0,1.0,1.0,1.0,1.0
10000,ZJ-HZB,2022,sentinel2,autumn_primary_v1,biological_target_phase,67,25,0,0,573,1.0,1.0,1.0,1.0,1.0
10000,ZJ-HZB,2022,sentinel2,early_season_v1,biological_target_phase,67,25,0,0,389,1.0,1.0,1.0,1.0,1.0
10000,ZJ-HZB,2022,sentinel2,__ALL_YEAR__,year,67,25,17,100,3358,1.0,1.0,1.0,1.0,1.0
10000,ZJ-HZB,2023,landsat7,autumn_v0,v0_predeclared,67,67,55,79,172,1.0,1.0,1.0,1.0,1.0
10000,ZJ-HZB,2023,landsat7,summer_v0,v0_predeclared,67,67,0,0,274,1.0,1.0,1.0,1.0,1.0
10000,ZJ-HZB,2023,landsat7,autumn_primary_v1,biological_target_phase,67,67,55,79,172,1.0,1.0,1.0,1.0,1.0
10000,ZJ-HZB,2023,landsat7,early_season_v1,biological_target_phase,67,67,0,0,67,1.0,1.0,1.0,1.0,1.0
10000,ZJ-HZB,2023,landsat7,__ALL_YEAR__,year,67,67,67,263,1320,1.0,1.0,1.0,1.0,1.0
10000,ZJ-HZB,2023,landsat8,autumn_v0,v0_predeclared,67,67,24,24,297,1.0,1.0,1.0,1.0,1.0
10000,ZJ-HZB,2023,landsat8,summer_v0,v0_predeclared,67,67,0,0,329,1.0,1.0,1.0,1.0,1.0
10000,ZJ-HZB,2023,landsat8,autumn_primary_v1,biological_target_phase,67,67,24,24,396,1.0,1.0,1.0,1.0,1.0
10000,ZJ-HZB,2023,landsat8,early_season_v1,biological_target_phase,67,67,24,24,131,1.0,1.0,1.0,1.0,1.0
10000,ZJ-HZB,2023,landsat8,__ALL_YEAR__,year,67,67,67,374,1848,1.0,1.0,1.0,1.0,1.0
10000,ZJ-HZB,2023,landsat9,autumn_v0,v0_predeclared,67,67,67,67,232,1.0,1.0,1.0,1.0,1.0
10000,ZJ-HZB,2023,landsat9,summer_v0,v0_predeclared,67,67,0,0,329,1.0,1.0,1.0,1.0,1.0
10000,ZJ-HZB,2023,landsat9,autumn_primary_v1,biological_target_phase,67,67,67,67,299,1.0,1.0,1.0,1.0,1.0
10000,ZJ-HZB,2023,landsat9,early_season_v1,biological_target_phase,67,67,0,0,265,1.0,1.0,1.0,1.0,1.0
10000,ZJ-HZB,2023,landsat9,__ALL_YEAR__,year,67,67,67,436,1982,1.0,1.0,1.0,1.0,1.0
10000,ZJ-HZB,2023,sentinel2,autumn_v0,v0_predeclared,67,25,17,47,435,1.0,1.0,1.0,1.0,1.0
10000,ZJ-HZB,2023,sentinel2,summer_v0,v0_predeclared,67,25,0,0,552,1.0,1.0,1.0,1.0,1.0
10000,ZJ-HZB,2023,sentinel2,autumn_primary_v1,biological_target_phase,67,25,17,47,573,1.0,1.0,1.0,1.0,1.0
10000,ZJ-HZB,2023,sentinel2,early_season_v1,biological_target_phase,67,25,0,0,389,1.0,1.0,1.0,1.0,1.0
10000,ZJ-HZB,2023,sentinel2,__ALL_YEAR__,year,67,25,17,309,3358,1.0,1.0,1.0,1.0,1.0
10000,ZJ-HZB,2024,landsat8,autumn_v0,v0_predeclared,67,67,0,0,201,1.0,1.0,1.0,1.0,1.0
10000,ZJ-HZB,2024,landsat8,summer_v0,v0_predeclared,67,67,24,24,200,1.0,1.0,1.0,1.0,1.0
10000,ZJ-HZB,2024,landsat8,autumn_primary_v1,biological_target_phase,67,67,24,24,233,1.0,1.0,1.0,1.0,1.0
10000,ZJ-HZB,2024,landsat8,early_season_v1,biological_target_phase,67,67,24,24,233,1.0,1.0,1.0,1.0,1.0
10000,ZJ-HZB,2024,landsat8,__ALL_YEAR__,year,67,67,67,412,1621,1.0,1.0,1.0,1.0,1.0
10000,ZJ-HZB,2024,landsat9,autumn_v0,v0_predeclared,67,67,0,0,99,1.0,1.0,1.0,1.0,1.0
10000,ZJ-HZB,2024,landsat9,summer_v0,v0_predeclared,67,67,0,0,265,1.0,1.0,1.0,1.0,1.0
10000,ZJ-HZB,2024,landsat9,autumn_primary_v1,biological_target_phase,67,67,0,0,166,1.0,1.0,1.0,1.0,1.0
10000,ZJ-HZB,2024,landsat9,early_season_v1,biological_target_phase,67,67,0,0,198,1.0,1.0,1.0,1.0,1.0
10000,ZJ-HZB,2024,landsat9,__ALL_YEAR__,year,67,67,67,302,1656,1.0,1.0,1.0,1.0,1.0
10000,ZJ-HZB,2024,sentinel1,autumn_v0,v0_predeclared,67,67,67,67,67,1.0,1.0,1.0,1.0,1.0
10000,ZJ-HZB,2024,sentinel1,summer_v0,v0_predeclared,67,67,0,0,0,1.0,1.0,1.0,1.0,1.0
10000,ZJ-HZB,2024,sentinel1,autumn_primary_v1,biological_target_phase,67,67,67,67,67,1.0,1.0,1.0,1.0,1.0
10000,ZJ-HZB,2024,sentinel1,early_season_v1,biological_target_phase,67,67,0,0,0,1.0,1.0,1.0,1.0,1.0
10000,ZJ-HZB,2024,sentinel1,__ALL_YEAR__,year,67,67,67,67,67,1.0,1.0,1.0,1.0,1.0
10000,ZJ-HZB,2024,sentinel2,autumn_v0,v0_predeclared,67,25,15,15,435,1.0,1.0,1.0,1.0,1.0
10000,ZJ-HZB,2024,sentinel2,summer_v0,v0_predeclared,67,25,15,15,552,1.0,1.0,1.0,1.0,1.0
10000,ZJ-HZB,2024,sentinel2,autumn_primary_v1,biological_target_phase,67,25,17,32,573,1.0,1.0,1.0,1.0,1.0
10000,ZJ-HZB,2024,sentinel2,early_season_v1,biological_target_phase,67,25,0,0,389,1.0,1.0,1.0,1.0,1.0
10000,ZJ-HZB,2024,sentinel2,__ALL_YEAR__,year,67,25,17,254,3354,1.0,1.0,1.0,1.0,1.0
10000,ZJ-HZB,2025,landsat8,autumn_v0,v0_predeclared,67,67,0,0,230,1.0,1.0,1.0,1.0,1.0
10000,ZJ-HZB,2025,landsat8,summer_v0,v0_predeclared,67,67,24,48,299,1.0,1.0,1.0,1.0,1.0
10000,ZJ-HZB,2025,landsat8,autumn_primary_v1,biological_target_phase,67,67,0,0,297,1.0,1.0,1.0,1.0,1.0
10000,ZJ-HZB,2025,landsat8,early_season_v1,biological_target_phase,67,67,67,67,200,1.0,1.0,1.0,1.0,1.0
10000,ZJ-HZB,2025,landsat8,__ALL_YEAR__,year,67,67,67,594,1855,1.0,1.0,1.0,1.0,1.0
10000,ZJ-HZB,2025,landsat9,autumn_v0,v0_predeclared,67,67,0,0,265,1.0,1.0,1.0,1.0,1.0
10000,ZJ-HZB,2025,landsat9,summer_v0,v0_predeclared,67,67,24,24,364,1.0,1.0,1.0,1.0,1.0
10000,ZJ-HZB,2025,landsat9,autumn_primary_v1,biological_target_phase,67,67,0,0,332,1.0,1.0,1.0,1.0,1.0
10000,ZJ-HZB,2025,landsat9,early_season_v1,biological_target_phase,67,67,67,67,165,1.0,1.0,1.0,1.0,1.0
10000,ZJ-HZB,2025,landsat9,__ALL_YEAR__,year,67,67,67,460,1816,1.0,1.0,1.0,1.0,1.0
10000,ZJ-HZB,2025,sentinel1,autumn_v0,v0_predeclared,67,67,0,0,0,1.0,1.0,1.0,1.0,1.0
10000,ZJ-HZB,2025,sentinel1,summer_v0,v0_predeclared,67,67,0,0,0,1.0,1.0,1.0,1.0,1.0
10000,ZJ-HZB,2025,sentinel1,autumn_primary_v1,biological_target_phase,67,67,0,0,0,1.0,1.0,1.0,1.0,1.0
10000,ZJ-HZB,2025,sentinel1,early_season_v1,biological_target_phase,67,67,21,21,29,1.0,1.0,1.0,1.0,1.0
10000,ZJ-HZB,2025,sentinel1,__ALL_YEAR__,year,67,67,67,203,264,1.0,1.0,1.0,1.0,1.0
10000,ZJ-HZB,2025,sentinel2,autumn_v0,v0_predeclared,67,25,15,15,460,1.0,1.0,1.0,1.0,1.0
10000,ZJ-HZB,2025,sentinel2,summer_v0,v0_predeclared,67,25,15,15,669,1.0,1.0,1.0,1.0,1.0
10000,ZJ-HZB,2025,sentinel2,autumn_primary_v1,biological_target_phase,67,25,15,15,623,1.0,1.0,1.0,1.0,1.0
10000,ZJ-HZB,2025,sentinel2,early_season_v1,biological_target_phase,67,25,0,0,460,1.0,1.0,1.0,1.0,1.0
10000,ZJ-HZB,2025,sentinel2,__ALL_YEAR__,year,67,25,17,303,3839,1.0,1.0,1.0,1.0,1.0
10000,ZJ-HZB,2026,landsat8,autumn_v0,v0_predeclared,67,67,0,0,67,1.0,1.0,1.0,1.0,1.0
10000,ZJ-HZB,2026,landsat8,summer_v0,v0_predeclared,67,67,24,24,163,1.0,1.0,1.0,1.0,1.0
10000,ZJ-HZB,2026,landsat8,autumn_primary_v1,biological_target_phase,67,67,0,0,67,1.0,1.0,1.0,1.0,1.0
10000,ZJ-HZB,2026,landsat8,early_season_v1,biological_target_phase,67,67,0,0,233,1.0,1.0,1.0,1.0,1.0
10000,ZJ-HZB,2026,landsat8,__ALL_YEAR__,year,67,67,67,206,1056,1.0,1.0,1.0,1.0,1.0
10000,ZJ-HZB,2026,landsat9,autumn_v0,v0_predeclared,67,67,24,24,99,1.0,1.0,1.0,1.0,1.0
10000,ZJ-HZB,2026,landsat9,summer_v0,v0_predeclared,67,67,67,115,364,1.0,1.0,1.0,1.0,1.0
10000,ZJ-HZB,2026,landsat9,autumn_primary_v1,biological_target_phase,67,67,24,24,99,1.0,1.0,1.0,1.0,1.0
10000,ZJ-HZB,2026,landsat9,early_season_v1,biological_target_phase,67,67,24,24,230,1.0,1.0,1.0,1.0,1.0
10000,ZJ-HZB,2026,landsat9,__ALL_YEAR__,year,67,67,67,278,1252,1.0,1.0,1.0,1.0,1.0
10000,ZJ-HZB,2026,sentinel2,autumn_v0,v0_predeclared,67,25,0,0,184,1.0,1.0,1.0,1.0,1.0
10000,ZJ-HZB,2026,sentinel2,summer_v0,v0_predeclared,67,25,0,0,715,1.0,1.0,1.0,1.0,1.0
10000,ZJ-HZB,2026,sentinel2,autumn_primary_v1,biological_target_phase,67,25,0,0,184,1.0,1.0,1.0,1.0,1.0
10000,ZJ-HZB,2026,sentinel2,early_season_v1,biological_target_phase,67,25,0,0,460,1.0,1.0,1.0,1.0,1.0
10000,ZJ-HZB,2026,sentinel2,__ALL_YEAR__,year,67,25,17,173,3120,1.0,1.0,1.0,1.0,1.0
10000,ZJ-SMB,1985,landsat5,autumn_v0,v0_predeclared,30,30,0,0,41,1.0,1.0,1.0,1.0,1.0
10000,ZJ-SMB,1985,landsat5,summer_v0,v0_predeclared,30,30,30,37,72,1.0,1.0,1.0,1.0,1.0
10000,ZJ-SMB,1985,landsat5,autumn_primary_v1,biological_target_phase,30,30,0,0,41,1.0,1.0,1.0,1.0,1.0
10000,ZJ-SMB,1985,landsat5,early_season_v1,biological_target_phase,30,30,0,0,11,1.0,1.0,1.0,1.0,1.0
10000,ZJ-SMB,1985,landsat5,__ALL_YEAR__,year,30,30,30,111,252,1.0,1.0,1.0,1.0,1.0
10000,ZJ-SMB,1986,landsat5,autumn_v0,v0_predeclared,30,30,7,7,22,1.0,1.0,1.0,1.0,1.0
10000,ZJ-SMB,1986,landsat5,summer_v0,v0_predeclared,30,30,0,0,93,1.0,1.0,1.0,1.0,1.0
10000,ZJ-SMB,1986,landsat5,autumn_primary_v1,biological_target_phase,30,30,7,7,22,1.0,1.0,1.0,1.0,1.0
10000,ZJ-SMB,1986,landsat5,early_season_v1,biological_target_phase,30,30,0,0,0,1.0,1.0,1.0,1.0,1.0
10000,ZJ-SMB,1986,landsat5,__ALL_YEAR__,year,30,30,30,201,440,1.0,1.0,1.0,1.0,1.0
10000,ZJ-SMB,1987,landsat5,autumn_v0,v0_predeclared,30,30,30,37,71,1.0,1.0,1.0,1.0,1.0
10000,ZJ-SMB,1987,landsat5,summer_v0,v0_predeclared,30,30,7,14,123,1.0,1.0,1.0,1.0,1.0
10000,ZJ-SMB,1987,landsat5,autumn_primary_v1,biological_target_phase,30,30,30,37,101,1.0,1.0,1.0,1.0,1.0
10000,ZJ-SMB,1987,landsat5,early_season_v1,biological_target_phase,30,30,30,30,41,1.0,1.0,1.0,1.0,1.0
10000,ZJ-SMB,1987,landsat5,__ALL_YEAR__,year,30,30,30,162,602,1.0,1.0,1.0,1.0,1.0
10000,ZJ-SMB,1988,landsat5,autumn_v0,v0_predeclared,30,30,7,14,63,1.0,1.0,1.0,1.0,1.0
10000,ZJ-SMB,1988,landsat5,summer_v0,v0_predeclared,30,30,30,97,131,1.0,1.0,1.0,1.0,1.0
10000,ZJ-SMB,1988,landsat5,autumn_primary_v1,biological_target_phase,30,30,7,21,104,1.0,1.0,1.0,1.0,1.0
10000,ZJ-SMB,1988,landsat5,early_season_v1,biological_target_phase,30,30,0,0,60,1.0,1.0,1.0,1.0,1.0
10000,ZJ-SMB,1988,landsat5,__ALL_YEAR__,year,30,30,30,229,565,1.0,1.0,1.0,1.0,1.0
10000,ZJ-SMB,1989,landsat5,autumn_v0,v0_predeclared,30,30,7,7,82,1.0,1.0,1.0,1.0,1.0
10000,ZJ-SMB,1989,landsat5,summer_v0,v0_predeclared,30,30,0,0,82,1.0,1.0,1.0,1.0,1.0
10000,ZJ-SMB,1989,landsat5,autumn_primary_v1,biological_target_phase,30,30,7,14,123,1.0,1.0,1.0,1.0,1.0
10000,ZJ-SMB,1989,landsat5,early_season_v1,biological_target_phase,30,30,0,0,71,1.0,1.0,1.0,1.0,1.0
10000,ZJ-SMB,1989,landsat5,__ALL_YEAR__,year,30,30,30,111,500,1.0,1.0,1.0,1.0,1.0
10000,ZJ-SMB,1990,landsat5,autumn_v0,v0_predeclared,30,30,7,7,22,1.0,1.0,1.0,1.0,1.0
10000,ZJ-SMB,1990,landsat5,summer_v0,v0_predeclared,30,30,7,7,123,1.0,1.0,1.0,1.0,1.0
10000,ZJ-SMB,1990,landsat5,autumn_primary_v1,biological_target_phase,30,30,7,7,23,1.0,1.0,1.0,1.0,1.0
10000,ZJ-SMB,1990,landsat5,early_season_v1,biological_target_phase,30,30,30,30,101,1.0,1.0,1.0,1.0,1.0
10000,ZJ-SMB,1990,landsat5,__ALL_YEAR__,year,30,30,30,148,494,1.0,1.0,1.0,1.0,1.0
10000,ZJ-SMB,1991,landsat5,autumn_v0,v0_predeclared,30,30,0,0,42,1.0,1.0,1.0,1.0,1.0
10000,ZJ-SMB,1991,landsat5,summer_v0,v0_predeclared,30,30,30,51,104,1.0,1.0,1.0,1.0,1.0
10000,ZJ-SMB,1991,landsat5,autumn_primary_v1,biological_target_phase,30,30,7,7,83,1.0,1.0,1.0,1.0,1.0
10000,ZJ-SMB,1991,landsat5,early_season_v1,biological_target_phase,30,30,7,7,24,1.0,1.0,1.0,1.0,1.0
10000,ZJ-SMB,1991,landsat5,__ALL_YEAR__,year,30,30,30,183,569,1.0,1.0,1.0,1.0,1.0
10000,ZJ-SMB,1992,landsat5,autumn_v0,v0_predeclared,30,30,7,7,123,1.0,1.0,1.0,1.0,1.0
10000,ZJ-SMB,1992,landsat5,summer_v0,v0_predeclared,30,30,30,44,93,1.0,1.0,1.0,1.0,1.0
10000,ZJ-SMB,1992,landsat5,autumn_primary_v1,biological_target_phase,30,30,7,7,123,1.0,1.0,1.0,1.0,1.0
10000,ZJ-SMB,1992,landsat5,early_season_v1,biological_target_phase,30,30,30,37,41,1.0,1.0,1.0,1.0,1.0
10000,ZJ-SMB,1992,landsat5,__ALL_YEAR__,year,30,30,30,183,575,1.0,1.0,1.0,1.0,1.0
10000,ZJ-SMB,1993,landsat5,autumn_v0,v0_predeclared,30,30,0,0,11,1.0,1.0,1.0,1.0,1.0
10000,ZJ-SMB,1993,landsat5,summer_v0,v0_predeclared,30,30,30,37,123,1.0,1.0,1.0,1.0,1.0
10000,ZJ-SMB,1993,landsat5,autumn_primary_v1,biological_target_phase,30,30,0,0,41,1.0,1.0,1.0,1.0,1.0
10000,ZJ-SMB,1993,landsat5,early_season_v1,biological_target_phase,30,30,7,7,22,1.0,1.0,1.0,1.0,1.0
10000,ZJ-SMB,1993,landsat5,__ALL_YEAR__,year,30,30,30,132,492,1.0,1.0,1.0,1.0,1.0
10000,ZJ-SMB,1994,landsat5,autumn_v0,v0_predeclared,30,30,0,0,101,1.0,1.0,1.0,1.0,1.0
10000,ZJ-SMB,1994,landsat5,summer_v0,v0_predeclared,30,30,30,30,131,1.0,1.0,1.0,1.0,1.0
10000,ZJ-SMB,1994,landsat5,autumn_primary_v1,biological_target_phase,30,30,7,7,142,1.0,1.0,1.0,1.0,1.0
10000,ZJ-SMB,1994,landsat5,early_season_v1,biological_target_phase,30,30,30,37,41,1.0,1.0,1.0,1.0,1.0
10000,ZJ-SMB,1994,landsat5,__ALL_YEAR__,year,30,30,30,125,561,1.0,1.0,1.0,1.0,1.0
10000,ZJ-SMB,1995,landsat5,autumn_v0,v0_predeclared,30,30,0,0,1,1.0,1.0,1.0,1.0,1.0
10000,ZJ-SMB,1995,landsat5,summer_v0,v0_predeclared,30,30,0,0,112,1.0,1.0,1.0,1.0,1.0
10000,ZJ-SMB,1995,landsat5,autumn_primary_v1,biological_target_phase,30,30,30,37,42,1.0,1.0,1.0,1.0,1.0
10000,ZJ-SMB,1995,landsat5,early_season_v1,biological_target_phase,30,30,0,0,83,1.0,1.0,1.0,1.0,1.0
10000,ZJ-SMB,1995,landsat5,__ALL_YEAR__,year,30,30,30,155,565,1.0,1.0,1.0,1.0,1.0
10000,ZJ-SMB,1996,landsat5,autumn_v0,v0_predeclared,30,30,30,30,60,1.0,1.0,1.0,1.0,1.0
10000,ZJ-SMB,1996,landsat5,summer_v0,v0_predeclared,30,30,0,0,142,1.0,1.0,1.0,1.0,1.0
10000,ZJ-SMB,1996,landsat5,autumn_primary_v1,biological_target_phase,30,30,30,30,60,1.0,1.0,1.0,1.0,1.0
10000,ZJ-SMB,1996,landsat5,early_season_v1,biological_target_phase,30,30,0,0,31,1.0,1.0,1.0,1.0,1.0
10000,ZJ-SMB,1996,landsat5,__ALL_YEAR__,year,30,30,30,88,480,1.0,1.0,1.0,1.0,1.0
10000,ZJ-SMB,1997,landsat5,autumn_v0,v0_predeclared,30,30,30,60,71,1.0,1.0,1.0,1.0,1.0
10000,ZJ-SMB,1997,landsat5,summer_v0,v0_predeclared,30,30,7,7,94,1.0,1.0,1.0,1.0,1.0
10000,ZJ-SMB,1997,landsat5,autumn_primary_v1,biological_target_phase,30,30,30,90,101,1.0,1.0,1.0,1.0,1.0
10000,ZJ-SMB,1997,landsat5,early_season_v1,biological_target_phase,30,30,0,0,60,1.0,1.0,1.0,1.0,1.0
10000,ZJ-SMB,1997,landsat5,__ALL_YEAR__,year,30,30,30,104,519,1.0,1.0,1.0,1.0,1.0
10000,ZJ-SMB,1998,landsat5,autumn_v0,v0_predeclared,30,30,0,0,82,1.0,1.0,1.0,1.0,1.0
10000,ZJ-SMB,1998,landsat5,summer_v0,v0_predeclared,30,30,7,7,71,1.0,1.0,1.0,1.0,1.0
10000,ZJ-SMB,1998,landsat5,autumn_primary_v1,biological_target_phase,30,30,30,30,112,1.0,1.0,1.0,1.0,1.0
10000,ZJ-SMB,1998,landsat5,early_season_v1,biological_target_phase,30,30,0,0,42,1.0,1.0,1.0,1.0,1.0
10000,ZJ-SMB,1998,landsat5,__ALL_YEAR__,year,30,30,30,104,487,1.0,1.0,1.0,1.0,1.0
10000,ZJ-SMB,1999,landsat5,autumn_v0,v0_predeclared,30,30,30,30,82,1.0,1.0,1.0,1.0,1.0
10000,ZJ-SMB,1999,landsat5,summer_v0,v0_predeclared,30,30,0,0,71,1.0,1.0,1.0,1.0,1.0
10000,ZJ-SMB,1999,landsat5,autumn_primary_v1,biological_target_phase,30,30,30,30,93,1.0,1.0,1.0,1.0,1.0
10000,ZJ-SMB,1999,landsat5,early_season_v1,biological_target_phase,30,30,7,7,41,1.0,1.0,1.0,1.0,1.0
10000,ZJ-SMB,1999,landsat5,__ALL_YEAR__,year,30,30,30,118,500,1.0,1.0,1.0,1.0,1.0
10000,ZJ-SMB,1999,landsat7,autumn_v0,v0_predeclared,30,30,30,30,31,1.0,1.0,1.0,1.0,1.0
10000,ZJ-SMB,1999,landsat7,summer_v0,v0_predeclared,30,30,0,0,0,1.0,1.0,1.0,1.0,1.0
10000,ZJ-SMB,1999,landsat7,autumn_primary_v1,biological_target_phase,30,30,30,30,32,1.0,1.0,1.0,1.0,1.0
10000,ZJ-SMB,1999,landsat7,early_season_v1,biological_target_phase,30,30,0,0,0,1.0,1.0,1.0,1.0,1.0
10000,ZJ-SMB,1999,landsat7,__ALL_YEAR__,year,30,30,30,67,126,1.0,1.0,1.0,1.0,1.0
10000,ZJ-SMB,2000,landsat5,autumn_v0,v0_predeclared,30,30,0,0,101,1.0,1.0,1.0,1.0,1.0
10000,ZJ-SMB,2000,landsat5,summer_v0,v0_predeclared,30,30,0,0,153,1.0,1.0,1.0,1.0,1.0
10000,ZJ-SMB,2000,landsat5,autumn_primary_v1,biological_target_phase,30,30,0,0,112,1.0,1.0,1.0,1.0,1.0
10000,ZJ-SMB,2000,landsat5,early_season_v1,biological_target_phase,30,30,0,0,101,1.0,1.0,1.0,1.0,1.0
10000,ZJ-SMB,2000,landsat5,__ALL_YEAR__,year,30,30,30,65,676,1.0,1.0,1.0,1.0,1.0
10000,ZJ-SMB,2000,landsat7,autumn_v0,v0_predeclared,30,30,30,30,82,1.0,1.0,1.0,1.0,1.0
10000,ZJ-SMB,2000,landsat7,summer_v0,v0_predeclared,30,30,30,37,112,1.0,1.0,1.0,1.0,1.0
10000,ZJ-SMB,2000,landsat7,autumn_primary_v1,biological_target_phase,30,30,30,30,112,1.0,1.0,1.0,1.0,1.0
10000,ZJ-SMB,2000,landsat7,early_season_v1,biological_target_phase,30,30,7,14,82,1.0,1.0,1.0,1.0,1.0
10000,ZJ-SMB,2000,landsat7,__ALL_YEAR__,year,30,30,30,171,598,1.0,1.0,1.0,1.0,1.0
10000,ZJ-SMB,2001,landsat5,autumn_v0,v0_predeclared,30,30,7,7,71,1.0,1.0,1.0,1.0,1.0
10000,ZJ-SMB,2001,landsat5,summer_v0,v0_predeclared,30,30,7,14,124,1.0,1.0,1.0,1.0,1.0
10000,ZJ-SMB,2001,landsat5,autumn_primary_v1,biological_target_phase,30,30,30,37,101,1.0,1.0,1.0,1.0,1.0
10000,ZJ-SMB,2001,landsat5,early_season_v1,biological_target_phase,30,30,30,30,60,1.0,1.0,1.0,1.0,1.0
10000,ZJ-SMB,2001,landsat5,__ALL_YEAR__,year,30,30,30,162,584,1.0,1.0,1.0,1.0,1.0
10000,ZJ-SMB,2001,landsat7,autumn_v0,v0_predeclared,30,30,0,0,101,1.0,1.0,1.0,1.0,1.0
10000,ZJ-SMB,2001,landsat7,summer_v0,v0_predeclared,30,30,30,37,142,1.0,1.0,1.0,1.0,1.0
10000,ZJ-SMB,2001,landsat7,autumn_primary_v1,biological_target_phase,30,30,0,0,131,1.0,1.0,1.0,1.0,1.0
10000,ZJ-SMB,2001,landsat7,early_season_v1,biological_target_phase,30,30,7,7,71,1.0,1.0,1.0,1.0,1.0
10000,ZJ-SMB,2001,landsat7,__ALL_YEAR__,year,30,30,30,162,755,1.0,1.0,1.0,1.0,1.0
10000,ZJ-SMB,2002,landsat5,autumn_v0,v0_predeclared,30,30,30,37,71,1.0,1.0,1.0,1.0,1.0
10000,ZJ-SMB,2002,landsat5,summer_v0,v0_predeclared,30,30,30,67,93,1.0,1.0,1.0,1.0,1.0
10000,ZJ-SMB,2002,landsat5,autumn_primary_v1,biological_target_phase,30,30,30,37,71,1.0,1.0,1.0,1.0,1.0
10000,ZJ-SMB,2002,landsat5,early_season_v1,biological_target_phase,30,30,0,0,0,1.0,1.0,1.0,1.0,1.0
10000,ZJ-SMB,2002,landsat5,__ALL_YEAR__,year,30,30,30,215,381,1.0,1.0,1.0,1.0,1.0
10000,ZJ-SMB,2002,landsat7,autumn_v0,v0_predeclared,30,30,7,7,82,1.0,1.0,1.0,1.0,1.0
10000,ZJ-SMB,2002,landsat7,summer_v0,v0_predeclared,30,30,0,0,83,1.0,1.0,1.0,1.0,1.0
10000,ZJ-SMB,2002,landsat7,autumn_primary_v1,biological_target_phase,30,30,30,44,123,1.0,1.0,1.0,1.0,1.0
10000,ZJ-SMB,2002,landsat7,early_season_v1,biological_target_phase,30,30,7,7,82,1.0,1.0,1.0,1.0,1.0
10000,ZJ-SMB,2002,landsat7,__ALL_YEAR__,year,30,30,30,199,606,1.0,1.0,1.0,1.0,1.0
10000,ZJ-SMB,2003,landsat5,autumn_v0,v0_predeclared,30,30,30,37,71,1.0,1.0,1.0,1.0,1.0
10000,ZJ-SMB,2003,landsat5,summer_v0,v0_predeclared,30,30,7,7,123,1.0,1.0,1.0,1.0,1.0
10000,ZJ-SMB,2003,landsat5,autumn_primary_v1,biological_target_phase,30,30,30,44,82,1.0,1.0,1.0,1.0,1.0
10000,ZJ-SMB,2003,landsat5,early_season_v1,biological_target_phase,30,30,30,30,30,1.0,1.0,1.0,1.0,1.0
10000,ZJ-SMB,2003,landsat5,__ALL_YEAR__,year,30,30,30,162,541,1.0,1.0,1.0,1.0,1.0
10000,ZJ-SMB,2003,landsat7,autumn_v0,v0_predeclared,30,30,30,67,82,1.0,1.0,1.0,1.0,1.0
10000,ZJ-SMB,2003,landsat7,summer_v0,v0_predeclared,30,30,30,37,41,1.0,1.0,1.0,1.0,1.0
10000,ZJ-SMB,2003,landsat7,autumn_primary_v1,biological_target_phase,30,30,30,67,123,1.0,1.0,1.0,1.0,1.0
10000,ZJ-SMB,2003,landsat7,early_season_v1,biological_target_phase,30,30,30,37,71,1.0,1.0,1.0,1.0,1.0
10000,ZJ-SMB,2003,landsat7,__ALL_YEAR__,year,30,30,30,215,444,1.0,1.0,1.0,1.0,1.0
10000,ZJ-SMB,2004,landsat5,autumn_v0,v0_predeclared,30,30,7,7,52,1.0,1.0,1.0,1.0,1.0
10000,ZJ-SMB,2004,landsat5,summer_v0,v0_predeclared,30,30,7,14,76,1.0,1.0,1.0,1.0,1.0
10000,ZJ-SMB,2004,landsat5,autumn_primary_v1,biological_target_phase,30,30,7,7,52,1.0,1.0,1.0,1.0,1.0
10000,ZJ-SMB,2004,landsat5,early_season_v1,biological_target_phase,30,30,7,7,63,1.0,1.0,1.0,1.0,1.0
10000,ZJ-SMB,2004,landsat5,__ALL_YEAR__,year,30,30,30,169,569,1.0,1.0,1.0,1.0,1.0
10000,ZJ-SMB,2004,landsat7,autumn_v0,v0_predeclared,30,30,30,60,112,1.0,1.0,1.0,1.0,1.0
10000,ZJ-SMB,2004,landsat7,summer_v0,v0_predeclared,30,30,7,21,153,1.0,1.0,1.0,1.0,1.0
10000,ZJ-SMB,2004,landsat7,autumn_primary_v1,biological_target_phase,30,30,30,60,123,1.0,1.0,1.0,1.0,1.0
10000,ZJ-SMB,2004,landsat7,early_season_v1,biological_target_phase,30,30,0,0,31,1.0,1.0,1.0,1.0,1.0
10000,ZJ-SMB,2004,landsat7,__ALL_YEAR__,year,30,30,30,132,573,1.0,1.0,1.0,1.0,1.0
10000,ZJ-SMB,2005,landsat5,autumn_v0,v0_predeclared,30,30,7,7,82,1.0,1.0,1.0,1.0,1.0
10000,ZJ-SMB,2005,landsat5,summer_v0,v0_predeclared,30,30,30,44,124,1.0,1.0,1.0,1.0,1.0
10000,ZJ-SMB,2005,landsat5,autumn_primary_v1,biological_target_phase,30,30,7,7,112,1.0,1.0,1.0,1.0,1.0
10000,ZJ-SMB,2005,landsat5,early_season_v1,biological_target_phase,30,30,7,7,64,1.0,1.0,1.0,1.0,1.0
10000,ZJ-SMB,2005,landsat5,__ALL_YEAR__,year,30,30,30,95,538,1.0,1.0,1.0,1.0,1.0
10000,ZJ-SMB,2005,landsat7,autumn_v0,v0_predeclared,30,30,30,37,93,1.0,1.0,1.0,1.0,1.0
10000,ZJ-SMB,2005,landsat7,summer_v0,v0_predeclared,30,30,7,14,95,1.0,1.0,1.0,1.0,1.0
10000,ZJ-SMB,2005,landsat7,autumn_primary_v1,biological_target_phase,30,30,30,37,93,1.0,1.0,1.0,1.0,1.0
10000,ZJ-SMB,2005,landsat7,early_season_v1,biological_target_phase,30,30,0,0,41,1.0,1.0,1.0,1.0,1.0
10000,ZJ-SMB,2005,landsat7,__ALL_YEAR__,year,30,30,30,132,618,1.0,1.0,1.0,1.0,1.0
10000,ZJ-SMB,2006,landsat5,autumn_v0,v0_predeclared,30,30,30,44,123,1.0,1.0,1.0,1.0,1.0
10000,ZJ-SMB,2006,landsat5,summer_v0,v0_predeclared,30,30,7,7,112,1.0,1.0,1.0,1.0,1.0
10000,ZJ-SMB,2006,landsat5,autumn_primary_v1,biological_target_phase,30,30,30,51,134,1.0,1.0,1.0,1.0,1.0
10000,ZJ-SMB,2006,landsat5,early_season_v1,biological_target_phase,30,30,0,0,41,1.0,1.0,1.0,1.0,1.0
10000,ZJ-SMB,2006,landsat5,__ALL_YEAR__,year,30,30,30,169,574,1.0,1.0,1.0,1.0,1.0
10000,ZJ-SMB,2006,landsat7,autumn_v0,v0_predeclared,30,30,30,51,123,1.0,1.0,1.0,1.0,1.0
10000,ZJ-SMB,2006,landsat7,summer_v0,v0_predeclared,30,30,0,0,23,1.0,1.0,1.0,1.0,1.0
10000,ZJ-SMB,2006,landsat7,autumn_primary_v1,biological_target_phase,30,30,30,51,164,1.0,1.0,1.0,1.0,1.0
10000,ZJ-SMB,2006,landsat7,early_season_v1,biological_target_phase,30,30,7,7,64,1.0,1.0,1.0,1.0,1.0
10000,ZJ-SMB,2006,landsat7,__ALL_YEAR__,year,30,30,30,102,537,1.0,1.0,1.0,1.0,1.0
10000,ZJ-SMB,2007,landsat5,autumn_v0,v0_predeclared,30,30,7,7,41,1.0,1.0,1.0,1.0,1.0
10000,ZJ-SMB,2007,landsat5,summer_v0,v0_predeclared,30,30,30,44,153,1.0,1.0,1.0,1.0,1.0
10000,ZJ-SMB,2007,landsat5,autumn_primary_v1,biological_target_phase,30,30,7,7,41,1.0,1.0,1.0,1.0,1.0
10000,ZJ-SMB,2007,landsat5,early_season_v1,biological_target_phase,30,30,7,7,53,1.0,1.0,1.0,1.0,1.0
10000,ZJ-SMB,2007,landsat5,__ALL_YEAR__,year,30,30,30,167,586,1.0,1.0,1.0,1.0,1.0
10000,ZJ-SMB,2007,landsat7,autumn_v0,v0_predeclared,30,30,7,7,52,1.0,1.0,1.0,1.0,1.0
10000,ZJ-SMB,2007,landsat7,summer_v0,v0_predeclared,30,30,7,14,34,1.0,1.0,1.0,1.0,1.0
10000,ZJ-SMB,2007,landsat7,autumn_primary_v1,biological_target_phase,30,30,7,7,93,1.0,1.0,1.0,1.0,1.0
10000,ZJ-SMB,2007,landsat7,early_season_v1,biological_target_phase,30,30,30,60,71,1.0,1.0,1.0,1.0,1.0
10000,ZJ-SMB,2007,landsat7,__ALL_YEAR__,year,30,30,30,155,608,1.0,1.0,1.0,1.0,1.0
10000,ZJ-SMB,2008,landsat5,autumn_v0,v0_predeclared,30,30,30,37,94,1.0,1.0,1.0,1.0,1.0
10000,ZJ-SMB,2008,landsat5,summer_v0,v0_predeclared,30,30,30,37,94,1.0,1.0,1.0,1.0,1.0
10000,ZJ-SMB,2008,landsat5,autumn_primary_v1,biological_target_phase,30,30,30,44,105,1.0,1.0,1.0,1.0,1.0
10000,ZJ-SMB,2008,landsat5,early_season_v1,biological_target_phase,30,30,30,67,101,1.0,1.0,1.0,1.0,1.0
10000,ZJ-SMB,2008,landsat5,__ALL_YEAR__,year,30,30,30,213,587,1.0,1.0,1.0,1.0,1.0
10000,ZJ-SMB,2008,landsat7,autumn_v0,v0_predeclared,30,30,7,7,93,1.0,1.0,1.0,1.0,1.0
10000,ZJ-SMB,2008,landsat7,summer_v0,v0_predeclared,30,30,30,30,131,1.0,1.0,1.0,1.0,1.0
10000,ZJ-SMB,2008,landsat7,autumn_primary_v1,biological_target_phase,30,30,7,7,134,1.0,1.0,1.0,1.0,1.0
10000,ZJ-SMB,2008,landsat7,early_season_v1,biological_target_phase,30,30,7,14,82,1.0,1.0,1.0,1.0,1.0
10000,ZJ-SMB,2008,landsat7,__ALL_YEAR__,year,30,30,30,123,676,1.0,1.0,1.0,1.0,1.0
10000,ZJ-SMB,2009,landsat5,autumn_v0,v0_predeclared,30,30,30,37,112,1.0,1.0,1.0,1.0,1.0
10000,ZJ-SMB,2009,landsat5,summer_v0,v0_predeclared,30,30,30,44,83,1.0,1.0,1.0,1.0,1.0
10000,ZJ-SMB,2009,landsat5,autumn_primary_v1,biological_target_phase,30,30,30,37,142,1.0,1.0,1.0,1.0,1.0
10000,ZJ-SMB,2009,landsat5,early_season_v1,biological_target_phase,30,30,30,44,112,1.0,1.0,1.0,1.0,1.0
10000,ZJ-SMB,2009,landsat5,__ALL_YEAR__,year,30,30,30,192,535,1.0,1.0,1.0,1.0,1.0
10000,ZJ-SMB,2009,landsat7,autumn_v0,v0_predeclared,30,30,30,44,93,1.0,1.0,1.0,1.0,1.0
10000,ZJ-SMB,2009,landsat7,summer_v0,v0_predeclared,30,30,7,7,53,1.0,1.0,1.0,1.0,1.0
10000,ZJ-SMB,2009,landsat7,autumn_primary_v1,biological_target_phase,30,30,30,44,123,1.0,1.0,1.0,1.0,1.0
10000,ZJ-SMB,2009,landsat7,early_season_v1,biological_target_phase,30,30,7,7,82,1.0,1.0,1.0,1.0,1.0
10000,ZJ-SMB,2009,landsat7,__ALL_YEAR__,year,30,30,30,183,468,1.0,1.0,1.0,1.0,1.0
10000,ZJ-SMB,2010,landsat5,autumn_v0,v0_predeclared,30,30,7,7,52,1.0,1.0,1.0,1.0,1.0
10000,ZJ-SMB,2010,landsat5,summer_v0,v0_predeclared,30,30,7,7,71,1.0,1.0,1.0,1.0,1.0
10000,ZJ-SMB,2010,landsat5,autumn_primary_v1,biological_target_phase,30,30,30,37,93,1.0,1.0,1.0,1.0,1.0
10000,ZJ-SMB,2010,landsat5,early_season_v1,biological_target_phase,30,30,30,30,71,1.0,1.0,1.0,1.0,1.0
10000,ZJ-SMB,2010,landsat5,__ALL_YEAR__,year,30,30,30,185,500,1.0,1.0,1.0,1.0,1.0
10000,ZJ-SMB,2010,landsat7,autumn_v0,v0_predeclared,30,30,30,30,60,1.0,1.0,1.0,1.0,1.0
10000,ZJ-SMB,2010,landsat7,summer_v0,v0_predeclared,30,30,7,7,41,1.0,1.0,1.0,1.0,1.0
10000,ZJ-SMB,2010,landsat7,autumn_primary_v1,biological_target_phase,30,30,30,37,71,1.0,1.0,1.0,1.0,1.0
10000,ZJ-SMB,2010,landsat7,early_season_v1,biological_target_phase,30,30,30,30,71,1.0,1.0,1.0,1.0,1.0
10000,ZJ-SMB,2010,landsat7,__ALL_YEAR__,year,30,30,30,215,538,1.0,1.0,1.0,1.0,1.0
10000,ZJ-SMB,2011,landsat5,autumn_v0,v0_predeclared,30,30,0,0,30,1.0,1.0,1.0,1.0,1.0
10000,ZJ-SMB,2011,landsat5,summer_v0,v0_predeclared,30,30,30,30,31,1.0,1.0,1.0,1.0,1.0
10000,ZJ-SMB,2011,landsat5,autumn_primary_v1,biological_target_phase,30,30,0,0,60,1.0,1.0,1.0,1.0,1.0
10000,ZJ-SMB,2011,landsat5,early_season_v1,biological_target_phase,30,30,0,0,52,1.0,1.0,1.0,1.0,1.0
10000,ZJ-SMB,2011,landsat5,__ALL_YEAR__,year,30,30,30,81,368,1.0,1.0,1.0,1.0,1.0
10000,ZJ-SMB,2011,landsat7,autumn_v0,v0_predeclared,30,30,7,7,82,1.0,1.0,1.0,1.0,1.0
10000,ZJ-SMB,2011,landsat7,summer_v0,v0_predeclared,30,30,0,0,0,1.0,1.0,1.0,1.0,1.0
10000,ZJ-SMB,2011,landsat7,autumn_primary_v1,biological_target_phase,30,30,7,7,93,1.0,1.0,1.0,1.0,1.0
10000,ZJ-SMB,2011,landsat7,early_season_v1,biological_target_phase,30,30,0,0,22,1.0,1.0,1.0,1.0,1.0
10000,ZJ-SMB,2011,landsat7,__ALL_YEAR__,year,30,30,30,171,496,1.0,1.0,1.0,1.0,1.0
10000,ZJ-SMB,2012,landsat7,autumn_v0,v0_predeclared,30,30,0,0,112,1.0,1.0,1.0,1.0,1.0
10000,ZJ-SMB,2012,landsat7,summer_v0,v0_predeclared,30,30,0,0,12,1.0,1.0,1.0,1.0,1.0
10000,ZJ-SMB,2012,landsat7,autumn_primary_v1,biological_target_phase,30,30,0,0,153,1.0,1.0,1.0,1.0,1.0
10000,ZJ-SMB,2012,landsat7,early_season_v1,biological_target_phase,30,30,7,7,71,1.0,1.0,1.0,1.0,1.0
10000,ZJ-SMB,2012,landsat7,__ALL_YEAR__,year,30,30,30,104,540,1.0,1.0,1.0,1.0,1.0
10000,ZJ-SMB,2013,landsat7,autumn_v0,v0_predeclared,30,30,7,7,112,1.0,1.0,1.0,1.0,1.0
10000,ZJ-SMB,2013,landsat7,summer_v0,v0_predeclared,30,30,7,7,52,1.0,1.0,1.0,1.0,1.0
10000,ZJ-SMB,2013,landsat7,autumn_primary_v1,biological_target_phase,30,30,7,7,142,1.0,1.0,1.0,1.0,1.0
10000,ZJ-SMB,2013,landsat7,early_season_v1,biological_target_phase,30,30,0,0,30,1.0,1.0,1.0,1.0,1.0
10000,ZJ-SMB,2013,landsat7,__ALL_YEAR__,year,30,30,30,162,554,1.0,1.0,1.0,1.0,1.0
10000,ZJ-SMB,2013,landsat8,autumn_v0,v0_predeclared,30,30,7,7,83,1.0,1.0,1.0,1.0,1.0
10000,ZJ-SMB,2013,landsat8,summer_v0,v0_predeclared,30,30,0,0,123,1.0,1.0,1.0,1.0,1.0
10000,ZJ-SMB,2013,landsat8,autumn_primary_v1,biological_target_phase,30,30,7,7,94,1.0,1.0,1.0,1.0,1.0
10000,ZJ-SMB,2013,landsat8,early_season_v1,biological_target_phase,30,30,0,0,71,1.0,1.0,1.0,1.0,1.0
10000,ZJ-SMB,2013,landsat8,__ALL_YEAR__,year,30,30,30,125,523,1.0,1.0,1.0,1.0,1.0
10000,ZJ-SMB,2014,landsat7,autumn_v0,v0_predeclared,30,30,7,7,83,1.0,1.0,1.0,1.0,1.0
10000,ZJ-SMB,2014,landsat7,summer_v0,v0_predeclared,30,30,7,7,112,1.0,1.0,1.0,1.0,1.0
10000,ZJ-SMB,2014,landsat7,autumn_primary_v1,biological_target_phase,30,30,7,14,124,1.0,1.0,1.0,1.0,1.0
10000,ZJ-SMB,2014,landsat7,early_season_v1,biological_target_phase,30,30,0,0,82,1.0,1.0,1.0,1.0,1.0
10000,ZJ-SMB,2014,landsat7,__ALL_YEAR__,year,30,30,30,139,707,1.0,1.0,1.0,1.0,1.0
10000,ZJ-SMB,2014,landsat8,autumn_v0,v0_predeclared,30,30,7,7,112,1.0,1.0,1.0,1.0,1.0
10000,ZJ-SMB,2014,landsat8,summer_v0,v0_predeclared,30,30,7,7,113,1.0,1.0,1.0,1.0,1.0
10000,ZJ-SMB,2014,landsat8,autumn_primary_v1,biological_target_phase,30,30,30,37,153,1.0,1.0,1.0,1.0,1.0
10000,ZJ-SMB,2014,landsat8,early_season_v1,biological_target_phase,30,30,7,7,42,1.0,1.0,1.0,1.0,1.0
10000,ZJ-SMB,2014,landsat8,__ALL_YEAR__,year,30,30,30,162,718,1.0,1.0,1.0,1.0,1.0
10000,ZJ-SMB,2015,landsat7,autumn_v0,v0_predeclared,30,30,0,0,41,1.0,1.0,1.0,1.0,1.0
10000,ZJ-SMB,2015,landsat7,summer_v0,v0_predeclared,30,30,30,37,94,1.0,1.0,1.0,1.0,1.0
10000,ZJ-SMB,2015,landsat7,autumn_primary_v1,biological_target_phase,30,30,0,0,71,1.0,1.0,1.0,1.0,1.0
10000,ZJ-SMB,2015,landsat7,early_season_v1,biological_target_phase,30,30,7,7,71,1.0,1.0,1.0,1.0,1.0
10000,ZJ-SMB,2015,landsat7,__ALL_YEAR__,year,30,30,30,109,556,1.0,1.0,1.0,1.0,1.0
10000,ZJ-SMB,2015,landsat8,autumn_v0,v0_predeclared,30,30,7,7,41,1.0,1.0,1.0,1.0,1.0
10000,ZJ-SMB,2015,landsat8,summer_v0,v0_predeclared,30,30,7,7,83,1.0,1.0,1.0,1.0,1.0
10000,ZJ-SMB,2015,landsat8,autumn_primary_v1,biological_target_phase,30,30,7,7,71,1.0,1.0,1.0,1.0,1.0
10000,ZJ-SMB,2015,landsat8,early_season_v1,biological_target_phase,30,30,7,7,71,1.0,1.0,1.0,1.0,1.0
10000,ZJ-SMB,2015,landsat8,__ALL_YEAR__,year,30,30,30,88,611,1.0,1.0,1.0,1.0,1.0
10000,ZJ-SMB,2015,sentinel1,autumn_v0,v0_predeclared,30,30,0,0,0,1.0,1.0,1.0,1.0,1.0
10000,ZJ-SMB,2015,sentinel1,summer_v0,v0_predeclared,30,30,30,30,30,1.0,1.0,1.0,1.0,1.0
10000,ZJ-SMB,2015,sentinel1,autumn_primary_v1,biological_target_phase,30,30,0,0,0,1.0,1.0,1.0,1.0,1.0
10000,ZJ-SMB,2015,sentinel1,early_season_v1,biological_target_phase,30,30,30,30,30,1.0,1.0,1.0,1.0,1.0
10000,ZJ-SMB,2015,sentinel1,__ALL_YEAR__,year,30,30,30,90,90,1.0,1.0,1.0,1.0,1.0
10000,ZJ-SMB,2016,landsat7,autumn_v0,v0_predeclared,30,30,7,7,82,1.0,1.0,1.0,1.0,1.0
10000,ZJ-SMB,2016,landsat7,summer_v0,v0_predeclared,30,30,30,44,82,1.0,1.0,1.0,1.0,1.0
10000,ZJ-SMB,2016,landsat7,autumn_primary_v1,biological_target_phase,30,30,7,7,93,1.0,1.0,1.0,1.0,1.0
10000,ZJ-SMB,2016,landsat7,early_season_v1,biological_target_phase,30,30,0,0,30,1.0,1.0,1.0,1.0,1.0
10000,ZJ-SMB,2016,landsat7,__ALL_YEAR__,year,30,30,30,102,541,1.0,1.0,1.0,1.0,1.0
10000,ZJ-SMB,2016,landsat8,autumn_v0,v0_predeclared,30,30,7,7,82,1.0,1.0,1.0,1.0,1.0
10000,ZJ-SMB,2016,landsat8,summer_v0,v0_predeclared,30,30,30,44,135,1.0,1.0,1.0,1.0,1.0
10000,ZJ-SMB,2016,landsat8,autumn_primary_v1,biological_target_phase,30,30,7,7,93,1.0,1.0,1.0,1.0,1.0
10000,ZJ-SMB,2016,landsat8,early_season_v1,biological_target_phase,30,30,0,0,60,1.0,1.0,1.0,1.0,1.0
10000,ZJ-SMB,2016,landsat8,__ALL_YEAR__,year,30,30,30,102,607,1.0,1.0,1.0,1.0,1.0
10000,ZJ-SMB,2017,landsat7,autumn_v0,v0_predeclared,30,30,30,37,112,1.0,1.0,1.0,1.0,1.0
10000,ZJ-SMB,2017,landsat7,summer_v0,v0_predeclared,30,30,7,7,123,1.0,1.0,1.0,1.0,1.0
10000,ZJ-SMB,2017,landsat7,autumn_primary_v1,biological_target_phase,30,30,30,37,153,1.0,1.0,1.0,1.0,1.0
10000,ZJ-SMB,2017,landsat7,early_season_v1,biological_target_phase,30,30,7,7,52,1.0,1.0,1.0,1.0,1.0
10000,ZJ-SMB,2017,landsat7,__ALL_YEAR__,year,30,30,30,132,649,1.0,1.0,1.0,1.0,1.0
10000,ZJ-SMB,2017,landsat8,autumn_v0,v0_predeclared,30,30,30,37,101,1.0,1.0,1.0,1.0,1.0
10000,ZJ-SMB,2017,landsat8,summer_v0,v0_predeclared,30,30,30,44,82,1.0,1.0,1.0,1.0,1.0
10000,ZJ-SMB,2017,landsat8,autumn_primary_v1,biological_target_phase,30,30,30,37,102,1.0,1.0,1.0,1.0,1.0
10000,ZJ-SMB,2017,landsat8,early_season_v1,biological_target_phase,30,30,7,7,63,1.0,1.0,1.0,1.0,1.0
10000,ZJ-SMB,2017,landsat8,__ALL_YEAR__,year,30,30,30,199,605,1.0,1.0,1.0,1.0,1.0
10000,ZJ-SMB,2017,sentinel2,autumn_v0,v0_predeclared,30,30,30,30,36,1.0,1.0,1.0,1.0,1.0
10000,ZJ-SMB,2017,sentinel2,summer_v0,v0_predeclared,30,30,30,30,30,1.0,1.0,1.0,1.0,1.0
10000,ZJ-SMB,2017,sentinel2,autumn_primary_v1,biological_target_phase,30,30,30,30,36,1.0,1.0,1.0,1.0,1.0
10000,ZJ-SMB,2017,sentinel2,early_season_v1,biological_target_phase,30,30,30,30,30,1.0,1.0,1.0,1.0,1.0
10000,ZJ-SMB,2017,sentinel2,__ALL_YEAR__,year,30,30,30,390,396,1.0,1.0,1.0,1.0,1.0
10000,ZJ-SMB,2018,landsat7,autumn_v0,v0_predeclared,30,30,30,30,82,1.0,1.0,1.0,1.0,1.0
10000,ZJ-SMB,2018,landsat7,summer_v0,v0_predeclared,30,30,7,7,134,1.0,1.0,1.0,1.0,1.0
10000,ZJ-SMB,2018,landsat7,autumn_primary_v1,biological_target_phase,30,30,30,30,82,1.0,1.0,1.0,1.0,1.0
10000,ZJ-SMB,2018,landsat7,early_season_v1,biological_target_phase,30,30,0,0,53,1.0,1.0,1.0,1.0,1.0
10000,ZJ-SMB,2018,landsat7,__ALL_YEAR__,year,30,30,30,118,577,1.0,1.0,1.0,1.0,1.0
10000,ZJ-SMB,2018,landsat8,autumn_v0,v0_predeclared,30,30,30,44,82,1.0,1.0,1.0,1.0,1.0
10000,ZJ-SMB,2018,landsat8,summer_v0,v0_predeclared,30,30,30,44,164,1.0,1.0,1.0,1.0,1.0
10000,ZJ-SMB,2018,landsat8,autumn_primary_v1,biological_target_phase,30,30,30,44,82,1.0,1.0,1.0,1.0,1.0
10000,ZJ-SMB,2018,landsat8,early_season_v1,biological_target_phase,30,30,0,0,83,1.0,1.0,1.0,1.0,1.0
10000,ZJ-SMB,2018,landsat8,__ALL_YEAR__,year,30,30,30,176,616,1.0,1.0,1.0,1.0,1.0
10000,ZJ-SMB,2018,sentinel1,autumn_v0,v0_predeclared,30,30,0,0,0,1.0,1.0,1.0,1.0,1.0
10000,ZJ-SMB,2018,sentinel1,summer_v0,v0_predeclared,30,30,0,0,0,1.0,1.0,1.0,1.0,1.0
10000,ZJ-SMB,2018,sentinel1,autumn_primary_v1,biological_target_phase,30,30,0,0,0,1.0,1.0,1.0,1.0,1.0
10000,ZJ-SMB,2018,sentinel1,early_season_v1,biological_target_phase,30,30,0,0,0,1.0,1.0,1.0,1.0,1.0
10000,ZJ-SMB,2018,sentinel1,__ALL_YEAR__,year,30,30,30,53,60,1.0,1.0,1.0,1.0,1.0
10000,ZJ-SMB,2018,sentinel2,autumn_v0,v0_predeclared,30,30,0,0,12,1.0,1.0,1.0,1.0,1.0
10000,ZJ-SMB,2018,sentinel2,summer_v0,v0_predeclared,30,30,30,30,30,1.0,1.0,1.0,1.0,1.0
10000,ZJ-SMB,2018,sentinel2,autumn_primary_v1,biological_target_phase,30,30,0,0,12,1.0,1.0,1.0,1.0,1.0
10000,ZJ-SMB,2018,sentinel2,early_season_v1,biological_target_phase,30,30,0,0,0,1.0,1.0,1.0,1.0,1.0
10000,ZJ-SMB,2018,sentinel2,__ALL_YEAR__,year,30,30,30,300,462,1.0,1.0,1.0,1.0,1.0
10000,ZJ-SMB,2019,landsat7,autumn_v0,v0_predeclared,30,30,30,30,112,1.0,1.0,1.0,1.0,1.0
10000,ZJ-SMB,2019,landsat7,summer_v0,v0_predeclared,30,30,7,7,42,1.0,1.0,1.0,1.0,1.0
10000,ZJ-SMB,2019,landsat7,autumn_primary_v1,biological_target_phase,30,30,30,60,142,1.0,1.0,1.0,1.0,1.0
10000,ZJ-SMB,2019,landsat7,early_season_v1,biological_target_phase,30,30,7,7,42,1.0,1.0,1.0,1.0,1.0
10000,ZJ-SMB,2019,landsat7,__ALL_YEAR__,year,30,30,30,222,525,1.0,1.0,1.0,1.0,1.0
10000,ZJ-SMB,2019,landsat8,autumn_v0,v0_predeclared,30,30,7,14,63,1.0,1.0,1.0,1.0,1.0
10000,ZJ-SMB,2019,landsat8,summer_v0,v0_predeclared,30,30,30,37,153,1.0,1.0,1.0,1.0,1.0
10000,ZJ-SMB,2019,landsat8,autumn_primary_v1,biological_target_phase,30,30,30,51,104,1.0,1.0,1.0,1.0,1.0
10000,ZJ-SMB,2019,landsat8,early_season_v1,biological_target_phase,30,30,7,7,71,1.0,1.0,1.0,1.0,1.0
10000,ZJ-SMB,2019,landsat8,__ALL_YEAR__,year,30,30,30,227,768,1.0,1.0,1.0,1.0,1.0
10000,ZJ-SMB,2019,sentinel1,autumn_v0,v0_predeclared,30,30,0,0,0,1.0,1.0,1.0,1.0,1.0
10000,ZJ-SMB,2019,sentinel1,summer_v0,v0_predeclared,30,30,0,0,0,1.0,1.0,1.0,1.0,1.0
10000,ZJ-SMB,2019,sentinel1,autumn_primary_v1,biological_target_phase,30,30,0,0,0,1.0,1.0,1.0,1.0,1.0
10000,ZJ-SMB,2019,sentinel1,early_season_v1,biological_target_phase,30,30,0,0,0,1.0,1.0,1.0,1.0,1.0
10000,ZJ-SMB,2019,sentinel1,__ALL_YEAR__,year,30,30,30,53,60,1.0,1.0,1.0,1.0,1.0
10000,ZJ-SMB,2019,sentinel2,autumn_v0,v0_predeclared,30,30,30,180,570,1.0,1.0,1.0,1.0,1.0
10000,ZJ-SMB,2019,sentinel2,summer_v0,v0_predeclared,30,30,30,30,726,1.0,1.0,1.0,1.0,1.0
10000,ZJ-SMB,2019,sentinel2,autumn_primary_v1,biological_target_phase,30,30,30,240,750,1.0,1.0,1.0,1.0,1.0
10000,ZJ-SMB,2019,sentinel2,early_season_v1,biological_target_phase,30,30,30,30,450,1.0,1.0,1.0,1.0,1.0
10000,ZJ-SMB,2019,sentinel2,__ALL_YEAR__,year,30,30,30,750,4422,1.0,1.0,1.0,1.0,1.0
10000,ZJ-SMB,2020,landsat7,autumn_v0,v0_predeclared,30,30,30,37,112,1.0,1.0,1.0,1.0,1.0
10000,ZJ-SMB,2020,landsat7,summer_v0,v0_predeclared,30,30,0,0,42,1.0,1.0,1.0,1.0,1.0
10000,ZJ-SMB,2020,landsat7,autumn_primary_v1,biological_target_phase,30,30,30,74,153,1.0,1.0,1.0,1.0,1.0
10000,ZJ-SMB,2020,landsat7,early_season_v1,biological_target_phase,30,30,30,44,93,1.0,1.0,1.0,1.0,1.0
10000,ZJ-SMB,2020,landsat7,__ALL_YEAR__,year,30,30,30,169,616,1.0,1.0,1.0,1.0,1.0
10000,ZJ-SMB,2020,landsat8,autumn_v0,v0_predeclared,30,30,7,14,82,1.0,1.0,1.0,1.0,1.0
10000,ZJ-SMB,2020,landsat8,summer_v0,v0_predeclared,30,30,0,0,82,1.0,1.0,1.0,1.0,1.0
10000,ZJ-SMB,2020,landsat8,autumn_primary_v1,biological_target_phase,30,30,7,14,82,1.0,1.0,1.0,1.0,1.0
10000,ZJ-SMB,2020,landsat8,early_season_v1,biological_target_phase,30,30,0,0,61,1.0,1.0,1.0,1.0,1.0
10000,ZJ-SMB,2020,landsat8,__ALL_YEAR__,year,30,30,30,58,594,1.0,1.0,1.0,1.0,1.0
10000,ZJ-SMB,2020,sentinel2,autumn_v0,v0_predeclared,30,30,30,30,558,1.0,1.0,1.0,1.0,1.0
10000,ZJ-SMB,2020,sentinel2,summer_v0,v0_predeclared,30,30,0,0,720,1.0,1.0,1.0,1.0,1.0
10000,ZJ-SMB,2020,sentinel2,autumn_primary_v1,biological_target_phase,30,30,30,60,738,1.0,1.0,1.0,1.0,1.0
10000,ZJ-SMB,2020,sentinel2,early_season_v1,biological_target_phase,30,30,0,0,486,1.0,1.0,1.0,1.0,1.0
10000,ZJ-SMB,2020,sentinel2,__ALL_YEAR__,year,30,30,30,480,4434,1.0,1.0,1.0,1.0,1.0
10000,ZJ-SMB,2021,landsat7,autumn_v0,v0_predeclared,30,30,30,30,83,1.0,1.0,1.0,1.0,1.0
10000,ZJ-SMB,2021,landsat7,summer_v0,v0_predeclared,30,30,0,0,14,1.0,1.0,1.0,1.0,1.0
10000,ZJ-SMB,2021,landsat7,autumn_primary_v1,biological_target_phase,30,30,30,30,124,1.0,1.0,1.0,1.0,1.0
10000,ZJ-SMB,2021,landsat7,early_season_v1,biological_target_phase,30,30,7,7,53,1.0,1.0,1.0,1.0,1.0
10000,ZJ-SMB,2021,landsat7,__ALL_YEAR__,year,30,30,30,148,468,1.0,1.0,1.0,1.0,1.0
10000,ZJ-SMB,2021,landsat8,autumn_v0,v0_predeclared,30,30,7,7,123,1.0,1.0,1.0,1.0,1.0
10000,ZJ-SMB,2021,landsat8,summer_v0,v0_predeclared,30,30,0,0,82,1.0,1.0,1.0,1.0,1.0
10000,ZJ-SMB,2021,landsat8,autumn_primary_v1,biological_target_phase,30,30,7,7,153,1.0,1.0,1.0,1.0,1.0
10000,ZJ-SMB,2021,landsat8,early_season_v1,biological_target_phase,30,30,0,0,71,1.0,1.0,1.0,1.0,1.0
10000,ZJ-SMB,2021,landsat8,__ALL_YEAR__,year,30,30,7,21,643,1.0,1.0,1.0,1.0,1.0
10000,ZJ-SMB,2021,sentinel1,autumn_v0,v0_predeclared,30,30,0,0,0,1.0,1.0,1.0,1.0,1.0
10000,ZJ-SMB,2021,sentinel1,summer_v0,v0_predeclared,30,30,30,30,30,1.0,1.0,1.0,1.0,1.0
10000,ZJ-SMB,2021,sentinel1,autumn_primary_v1,biological_target_phase,30,30,0,0,0,1.0,1.0,1.0,1.0,1.0
10000,ZJ-SMB,2021,sentinel1,early_season_v1,biological_target_phase,30,30,0,0,0,1.0,1.0,1.0,1.0,1.0
10000,ZJ-SMB,2021,sentinel1,__ALL_YEAR__,year,30,30,30,30,30,1.0,1.0,1.0,1.0,1.0
10000,ZJ-SMB,2021,sentinel2,autumn_v0,v0_predeclared,30,30,30,180,576,1.0,1.0,1.0,1.0,1.0
10000,ZJ-SMB,2021,sentinel2,summer_v0,v0_predeclared,30,30,0,0,720,1.0,1.0,1.0,1.0,1.0
10000,ZJ-SMB,2021,sentinel2,autumn_primary_v1,biological_target_phase,30,30,30,270,762,1.0,1.0,1.0,1.0,1.0
10000,ZJ-SMB,2021,sentinel2,early_season_v1,biological_target_phase,30,30,30,60,516,1.0,1.0,1.0,1.0,1.0
10000,ZJ-SMB,2021,sentinel2,__ALL_YEAR__,year,30,30,30,780,4410,1.0,1.0,1.0,1.0,1.0
10000,ZJ-SMB,2022,landsat7,autumn_v0,v0_predeclared,30,30,30,60,90,1.0,1.0,1.0,1.0,1.0
10000,ZJ-SMB,2022,landsat7,summer_v0,v0_predeclared,30,30,7,14,142,1.0,1.0,1.0,1.0,1.0
10000,ZJ-SMB,2022,landsat7,autumn_primary_v1,biological_target_phase,30,30,30,60,120,1.0,1.0,1.0,1.0,1.0
10000,ZJ-SMB,2022,landsat7,early_season_v1,biological_target_phase,30,30,0,0,1,1.0,1.0,1.0,1.0,1.0
10000,ZJ-SMB,2022,landsat7,__ALL_YEAR__,year,30,30,30,125,463,1.0,1.0,1.0,1.0,1.0
10000,ZJ-SMB,2022,landsat8,autumn_v0,v0_predeclared,30,30,7,7,83,1.0,1.0,1.0,1.0,1.0
10000,ZJ-SMB,2022,landsat8,summer_v0,v0_predeclared,30,30,0,0,93,1.0,1.0,1.0,1.0,1.0
10000,ZJ-SMB,2022,landsat8,autumn_primary_v1,biological_target_phase,30,30,7,7,113,1.0,1.0,1.0,1.0,1.0
10000,ZJ-SMB,2022,landsat8,early_season_v1,biological_target_phase,30,30,7,7,82,1.0,1.0,1.0,1.0,1.0
10000,ZJ-SMB,2022,landsat8,__ALL_YEAR__,year,30,30,30,169,617,1.0,1.0,1.0,1.0,1.0
10000,ZJ-SMB,2022,landsat9,autumn_v0,v0_predeclared,30,30,7,7,53,1.0,1.0,1.0,1.0,1.0
10000,ZJ-SMB,2022,landsat9,summer_v0,v0_predeclared,30,30,7,14,113,1.0,1.0,1.0,1.0,1.0
10000,ZJ-SMB,2022,landsat9,autumn_primary_v1,biological_target_phase,30,30,7,14,65,1.0,1.0,1.0,1.0,1.0
10000,ZJ-SMB,2022,landsat9,early_season_v1,biological_target_phase,30,30,0,0,42,1.0,1.0,1.0,1.0,1.0
10000,ZJ-SMB,2022,landsat9,__ALL_YEAR__,year,30,30,30,153,527,1.0,1.0,1.0,1.0,1.0
10000,ZJ-SMB,2022,sentinel2,autumn_v0,v0_predeclared,30,30,0,0,570,1.0,1.0,1.0,1.0,1.0
10000,ZJ-SMB,2022,sentinel2,summer_v0,v0_predeclared,30,30,30,30,720,1.0,1.0,1.0,1.0,1.0
10000,ZJ-SMB,2022,sentinel2,autumn_primary_v1,biological_target_phase,30,30,0,0,750,1.0,1.0,1.0,1.0,1.0
10000,ZJ-SMB,2022,sentinel2,early_season_v1,biological_target_phase,30,30,0,0,510,1.0,1.0,1.0,1.0,1.0
10000,ZJ-SMB,2022,sentinel2,__ALL_YEAR__,year,30,30,30,180,4380,1.0,1.0,1.0,1.0,1.0
10000,ZJ-SMB,2023,landsat7,autumn_v0,v0_predeclared,30,30,7,14,52,1.0,1.0,1.0,1.0,1.0
10000,ZJ-SMB,2023,landsat7,summer_v0,v0_predeclared,30,30,0,0,161,1.0,1.0,1.0,1.0,1.0
10000,ZJ-SMB,2023,landsat7,autumn_primary_v1,biological_target_phase,30,30,7,14,52,1.0,1.0,1.0,1.0,1.0
10000,ZJ-SMB,2023,landsat7,early_season_v1,biological_target_phase,30,30,0,0,30,1.0,1.0,1.0,1.0,1.0
10000,ZJ-SMB,2023,landsat7,__ALL_YEAR__,year,30,30,30,79,542,1.0,1.0,1.0,1.0,1.0
10000,ZJ-SMB,2023,landsat8,autumn_v0,v0_predeclared,30,30,7,14,112,1.0,1.0,1.0,1.0,1.0
10000,ZJ-SMB,2023,landsat8,summer_v0,v0_predeclared,30,30,0,0,65,1.0,1.0,1.0,1.0,1.0
10000,ZJ-SMB,2023,landsat8,autumn_primary_v1,biological_target_phase,30,30,7,21,153,1.0,1.0,1.0,1.0,1.0
10000,ZJ-SMB,2023,landsat8,early_season_v1,biological_target_phase,30,30,0,0,34,1.0,1.0,1.0,1.0,1.0
10000,ZJ-SMB,2023,landsat8,__ALL_YEAR__,year,30,30,30,109,663,1.0,1.0,1.0,1.0,1.0
10000,ZJ-SMB,2023,landsat9,autumn_v0,v0_predeclared,30,30,30,44,82,1.0,1.0,1.0,1.0,1.0
10000,ZJ-SMB,2023,landsat9,summer_v0,v0_predeclared,30,30,7,14,112,1.0,1.0,1.0,1.0,1.0
10000,ZJ-SMB,2023,landsat9,autumn_primary_v1,biological_target_phase,30,30,30,44,112,1.0,1.0,1.0,1.0,1.0
10000,ZJ-SMB,2023,landsat9,early_season_v1,biological_target_phase,30,30,0,0,101,1.0,1.0,1.0,1.0,1.0
10000,ZJ-SMB,2023,landsat9,__ALL_YEAR__,year,30,30,30,183,705,1.0,1.0,1.0,1.0,1.0
10000,ZJ-SMB,2023,sentinel2,autumn_v0,v0_predeclared,30,30,30,90,570,1.0,1.0,1.0,1.0,1.0
10000,ZJ-SMB,2023,sentinel2,summer_v0,v0_predeclared,30,30,0,0,720,1.0,1.0,1.0,1.0,1.0
10000,ZJ-SMB,2023,sentinel2,autumn_primary_v1,biological_target_phase,30,30,30,90,750,1.0,1.0,1.0,1.0,1.0
10000,ZJ-SMB,2023,sentinel2,early_season_v1,biological_target_phase,30,30,0,0,510,1.0,1.0,1.0,1.0,1.0
10000,ZJ-SMB,2023,sentinel2,__ALL_YEAR__,year,30,30,30,570,4386,1.0,1.0,1.0,1.0,1.0
10000,ZJ-SMB,2024,landsat8,autumn_v0,v0_predeclared,30,30,0,0,83,1.0,1.0,1.0,1.0,1.0
10000,ZJ-SMB,2024,landsat8,summer_v0,v0_predeclared,30,30,7,7,112,1.0,1.0,1.0,1.0,1.0
10000,ZJ-SMB,2024,landsat8,autumn_primary_v1,biological_target_phase,30,30,0,0,94,1.0,1.0,1.0,1.0,1.0
10000,ZJ-SMB,2024,landsat8,early_season_v1,biological_target_phase,30,30,7,7,72,1.0,1.0,1.0,1.0,1.0
10000,ZJ-SMB,2024,landsat8,__ALL_YEAR__,year,30,30,30,176,659,1.0,1.0,1.0,1.0,1.0
10000,ZJ-SMB,2024,landsat9,autumn_v0,v0_predeclared,30,30,7,14,112,1.0,1.0,1.0,1.0,1.0
10000,ZJ-SMB,2024,landsat9,summer_v0,v0_predeclared,30,30,0,0,112,1.0,1.0,1.0,1.0,1.0
10000,ZJ-SMB,2024,landsat9,autumn_primary_v1,biological_target_phase,30,30,7,14,142,1.0,1.0,1.0,1.0,1.0
10000,ZJ-SMB,2024,landsat9,early_season_v1,biological_target_phase,30,30,7,7,82,1.0,1.0,1.0,1.0,1.0
10000,ZJ-SMB,2024,landsat9,__ALL_YEAR__,year,30,30,30,130,718,1.0,1.0,1.0,1.0,1.0
10000,ZJ-SMB,2024,sentinel1,autumn_v0,v0_predeclared,30,30,30,30,30,1.0,1.0,1.0,1.0,1.0
10000,ZJ-SMB,2024,sentinel1,summer_v0,v0_predeclared,30,30,0,0,0,1.0,1.0,1.0,1.0,1.0
10000,ZJ-SMB,2024,sentinel1,autumn_primary_v1,biological_target_phase,30,30,30,30,30,1.0,1.0,1.0,1.0,1.0
10000,ZJ-SMB,2024,sentinel1,early_season_v1,biological_target_phase,30,30,0,0,0,1.0,1.0,1.0,1.0,1.0
10000,ZJ-SMB,2024,sentinel1,__ALL_YEAR__,year,30,30,30,30,30,1.0,1.0,1.0,1.0,1.0
10000,ZJ-SMB,2024,sentinel2,autumn_v0,v0_predeclared,30,30,30,30,570,1.0,1.0,1.0,1.0,1.0
10000,ZJ-SMB,2024,sentinel2,summer_v0,v0_predeclared,30,30,30,30,720,1.0,1.0,1.0,1.0,1.0
10000,ZJ-SMB,2024,sentinel2,autumn_primary_v1,biological_target_phase,30,30,30,60,750,1.0,1.0,1.0,1.0,1.0
10000,ZJ-SMB,2024,sentinel2,early_season_v1,biological_target_phase,30,30,0,0,510,1.0,1.0,1.0,1.0,1.0
10000,ZJ-SMB,2024,sentinel2,__ALL_YEAR__,year,30,30,30,480,4380,1.0,1.0,1.0,1.0,1.0
10000,ZJ-SMB,2025,landsat8,autumn_v0,v0_predeclared,30,30,7,7,93,1.0,1.0,1.0,1.0,1.0
10000,ZJ-SMB,2025,landsat8,summer_v0,v0_predeclared,30,30,7,7,134,1.0,1.0,1.0,1.0,1.0
10000,ZJ-SMB,2025,landsat8,autumn_primary_v1,biological_target_phase,30,30,7,7,123,1.0,1.0,1.0,1.0,1.0
10000,ZJ-SMB,2025,landsat8,early_season_v1,biological_target_phase,30,30,30,30,71,1.0,1.0,1.0,1.0,1.0
10000,ZJ-SMB,2025,landsat8,__ALL_YEAR__,year,30,30,30,243,780,1.0,1.0,1.0,1.0,1.0
10000,ZJ-SMB,2025,landsat9,autumn_v0,v0_predeclared,30,30,7,7,101,1.0,1.0,1.0,1.0,1.0
10000,ZJ-SMB,2025,landsat9,summer_v0,v0_predeclared,30,30,7,7,113,1.0,1.0,1.0,1.0,1.0
10000,ZJ-SMB,2025,landsat9,autumn_primary_v1,biological_target_phase,30,30,7,7,131,1.0,1.0,1.0,1.0,1.0
10000,ZJ-SMB,2025,landsat9,early_season_v1,biological_target_phase,30,30,30,30,52,1.0,1.0,1.0,1.0,1.0
10000,ZJ-SMB,2025,landsat9,__ALL_YEAR__,year,30,30,30,190,687,1.0,1.0,1.0,1.0,1.0
10000,ZJ-SMB,2025,sentinel1,autumn_v0,v0_predeclared,30,30,0,0,0,1.0,1.0,1.0,1.0,1.0
10000,ZJ-SMB,2025,sentinel1,summer_v0,v0_predeclared,30,30,0,0,0,1.0,1.0,1.0,1.0,1.0
10000,ZJ-SMB,2025,sentinel1,autumn_primary_v1,biological_target_phase,30,30,0,0,0,1.0,1.0,1.0,1.0,1.0
10000,ZJ-SMB,2025,sentinel1,early_season_v1,biological_target_phase,30,30,0,0,0,1.0,1.0,1.0,1.0,1.0
10000,ZJ-SMB,2025,sentinel1,__ALL_YEAR__,year,30,30,23,23,30,1.0,1.0,1.0,1.0,1.0
10000,ZJ-SMB,2025,sentinel2,autumn_v0,v0_predeclared,30,30,30,30,600,1.0,1.0,1.0,1.0,1.0
10000,ZJ-SMB,2025,sentinel2,summer_v0,v0_predeclared,30,30,30,30,870,1.0,1.0,1.0,1.0,1.0
10000,ZJ-SMB,2025,sentinel2,autumn_primary_v1,biological_target_phase,30,30,30,30,810,1.0,1.0,1.0,1.0,1.0
10000,ZJ-SMB,2025,sentinel2,early_season_v1,biological_target_phase,30,30,0,0,600,1.0,1.0,1.0,1.0,1.0
10000,ZJ-SMB,2025,sentinel2,__ALL_YEAR__,year,30,30,30,570,5010,1.0,1.0,1.0,1.0,1.0
10000,ZJ-SMB,2026,landsat8,autumn_v0,v0_predeclared,30,30,0,0,30,1.0,1.0,1.0,1.0,1.0
10000,ZJ-SMB,2026,landsat8,summer_v0,v0_predeclared,30,30,0,0,82,1.0,1.0,1.0,1.0,1.0
10000,ZJ-SMB,2026,landsat8,autumn_primary_v1,biological_target_phase,30,30,0,0,30,1.0,1.0,1.0,1.0,1.0
10000,ZJ-SMB,2026,landsat8,early_season_v1,biological_target_phase,30,30,7,7,112,1.0,1.0,1.0,1.0,1.0
10000,ZJ-SMB,2026,landsat8,__ALL_YEAR__,year,30,30,30,81,441,1.0,1.0,1.0,1.0,1.0
10000,ZJ-SMB,2026,landsat9,autumn_v0,v0_predeclared,30,30,7,7,41,1.0,1.0,1.0,1.0,1.0
10000,ZJ-SMB,2026,landsat9,summer_v0,v0_predeclared,30,30,30,37,124,1.0,1.0,1.0,1.0,1.0
10000,ZJ-SMB,2026,landsat9,autumn_primary_v1,biological_target_phase,30,30,7,7,41,1.0,1.0,1.0,1.0,1.0
10000,ZJ-SMB,2026,landsat9,early_season_v1,biological_target_phase,30,30,7,7,53,1.0,1.0,1.0,1.0,1.0
10000,ZJ-SMB,2026,landsat9,__ALL_YEAR__,year,30,30,30,102,464,1.0,1.0,1.0,1.0,1.0
10000,ZJ-SMB,2026,sentinel2,autumn_v0,v0_predeclared,30,30,0,0,240,1.0,1.0,1.0,1.0,1.0
10000,ZJ-SMB,2026,sentinel2,summer_v0,v0_predeclared,30,30,0,0,930,1.0,1.0,1.0,1.0,1.0
10000,ZJ-SMB,2026,sentinel2,autumn_primary_v1,biological_target_phase,30,30,0,0,240,1.0,1.0,1.0,1.0,1.0
10000,ZJ-SMB,2026,sentinel2,early_season_v1,biological_target_phase,30,30,0,0,600,1.0,1.0,1.0,1.0,1.0
10000,ZJ-SMB,2026,sentinel2,__ALL_YEAR__,year,30,30,30,240,3930,1.0,1.0,1.0,1.0,1.0
10000,ZJ-YQB,1985,landsat5,autumn_v0,v0_predeclared,16,16,0,0,13,1.0,1.0,1.0,1.0,1.0
10000,ZJ-YQB,1985,landsat5,summer_v0,v0_predeclared,16,16,9,9,39,1.0,1.0,1.0,1.0,1.0
10000,ZJ-YQB,1985,landsat5,autumn_primary_v1,biological_target_phase,16,16,0,0,13,1.0,1.0,1.0,1.0,1.0
10000,ZJ-YQB,1985,landsat5,early_season_v1,biological_target_phase,16,16,0,0,0,1.0,1.0,1.0,1.0,1.0
10000,ZJ-YQB,1985,landsat5,__ALL_YEAR__,year,16,16,16,34,81,1.0,1.0,1.0,1.0,1.0
10000,ZJ-YQB,1986,landsat5,autumn_v0,v0_predeclared,16,16,0,0,0,1.0,1.0,1.0,1.0,1.0
10000,ZJ-YQB,1986,landsat5,summer_v0,v0_predeclared,16,16,0,0,45,1.0,1.0,1.0,1.0,1.0
10000,ZJ-YQB,1986,landsat5,autumn_primary_v1,biological_target_phase,16,16,0,0,0,1.0,1.0,1.0,1.0,1.0
10000,ZJ-YQB,1986,landsat5,early_season_v1,biological_target_phase,16,16,0,0,0,1.0,1.0,1.0,1.0,1.0
10000,ZJ-YQB,1986,landsat5,__ALL_YEAR__,year,16,16,16,61,174,1.0,1.0,1.0,1.0,1.0
10000,ZJ-YQB,1987,landsat5,autumn_v0,v0_predeclared,16,16,16,16,29,1.0,1.0,1.0,1.0,1.0
10000,ZJ-YQB,1987,landsat5,summer_v0,v0_predeclared,16,16,0,0,48,1.0,1.0,1.0,1.0,1.0
10000,ZJ-YQB,1987,landsat5,autumn_primary_v1,biological_target_phase,16,16,16,16,45,1.0,1.0,1.0,1.0,1.0
10000,ZJ-YQB,1987,landsat5,early_season_v1,biological_target_phase,16,16,16,16,29,1.0,1.0,1.0,1.0,1.0
10000,ZJ-YQB,1987,landsat5,__ALL_YEAR__,year,16,16,16,57,260,1.0,1.0,1.0,1.0,1.0
10000,ZJ-YQB,1988,landsat5,autumn_v0,v0_predeclared,16,16,0,0,26,1.0,1.0,1.0,1.0,1.0
10000,ZJ-YQB,1988,landsat5,summer_v0,v0_predeclared,16,16,16,41,61,1.0,1.0,1.0,1.0,1.0
10000,ZJ-YQB,1988,landsat5,autumn_primary_v1,biological_target_phase,16,16,0,0,42,1.0,1.0,1.0,1.0,1.0
10000,ZJ-YQB,1988,landsat5,early_season_v1,biological_target_phase,16,16,0,0,32,1.0,1.0,1.0,1.0,1.0
10000,ZJ-YQB,1988,landsat5,__ALL_YEAR__,year,16,16,16,89,228,1.0,1.0,1.0,1.0,1.0
10000,ZJ-YQB,1989,landsat5,autumn_v0,v0_predeclared,16,16,0,0,45,1.0,1.0,1.0,1.0,1.0
10000,ZJ-YQB,1989,landsat5,summer_v0,v0_predeclared,16,16,0,0,32,1.0,1.0,1.0,1.0,1.0
10000,ZJ-YQB,1989,landsat5,autumn_primary_v1,biological_target_phase,16,16,0,0,61,1.0,1.0,1.0,1.0,1.0
10000,ZJ-YQB,1989,landsat5,early_season_v1,biological_target_phase,16,16,0,0,32,1.0,1.0,1.0,1.0,1.0
10000,ZJ-YQB,1989,landsat5,__ALL_YEAR__,year,16,16,16,48,218,1.0,1.0,1.0,1.0,1.0
10000,ZJ-YQB,1990,landsat5,autumn_v0,v0_predeclared,16,16,9,9,13,1.0,1.0,1.0,1.0,1.0
10000,ZJ-YQB,1990,landsat5,summer_v0,v0_predeclared,16,16,0,0,48,1.0,1.0,1.0,1.0,1.0
10000,ZJ-YQB,1990,landsat5,autumn_primary_v1,biological_target_phase,16,16,9,9,26,1.0,1.0,1.0,1.0,1.0
10000,ZJ-YQB,1990,landsat5,early_season_v1,biological_target_phase,16,16,16,16,42,1.0,1.0,1.0,1.0,1.0
10000,ZJ-YQB,1990,landsat5,__ALL_YEAR__,year,16,16,16,73,212,1.0,1.0,1.0,1.0,1.0
10000,ZJ-YQB,1991,landsat5,autumn_v0,v0_predeclared,16,16,9,9,29,1.0,1.0,1.0,1.0,1.0
10000,ZJ-YQB,1991,landsat5,summer_v0,v0_predeclared,16,16,16,16,45,1.0,1.0,1.0,1.0,1.0
10000,ZJ-YQB,1991,landsat5,autumn_primary_v1,biological_target_phase,16,16,9,9,42,1.0,1.0,1.0,1.0,1.0
10000,ZJ-YQB,1991,landsat5,early_season_v1,biological_target_phase,16,16,0,0,0,1.0,1.0,1.0,1.0,1.0
10000,ZJ-YQB,1991,landsat5,__ALL_YEAR__,year,16,16,16,73,241,1.0,1.0,1.0,1.0,1.0
10000,ZJ-YQB,1992,landsat5,autumn_v0,v0_predeclared,16,16,0,0,48,1.0,1.0,1.0,1.0,1.0
10000,ZJ-YQB,1992,landsat5,summer_v0,v0_predeclared,16,16,16,25,42,1.0,1.0,1.0,1.0,1.0
10000,ZJ-YQB,1992,landsat5,autumn_primary_v1,biological_target_phase,16,16,0,0,48,1.0,1.0,1.0,1.0,1.0
10000,ZJ-YQB,1992,landsat5,early_season_v1,biological_target_phase,16,16,16,16,16,1.0,1.0,1.0,1.0,1.0
10000,ZJ-YQB,1992,landsat5,__ALL_YEAR__,year,16,16,16,73,225,1.0,1.0,1.0,1.0,1.0
10000,ZJ-YQB,1993,landsat5,autumn_v0,v0_predeclared,16,16,0,0,0,1.0,1.0,1.0,1.0,1.0
10000,ZJ-YQB,1993,landsat5,summer_v0,v0_predeclared,16,16,16,16,55,1.0,1.0,1.0,1.0,1.0
10000,ZJ-YQB,1993,landsat5,autumn_primary_v1,biological_target_phase,16,16,0,0,16,1.0,1.0,1.0,1.0,1.0
10000,ZJ-YQB,1993,landsat5,early_season_v1,biological_target_phase,16,16,0,0,0,1.0,1.0,1.0,1.0,1.0
10000,ZJ-YQB,1993,landsat5,__ALL_YEAR__,year,16,16,16,48,209,1.0,1.0,1.0,1.0,1.0
10000,ZJ-YQB,1994,landsat5,autumn_v0,v0_predeclared,16,16,0,0,48,1.0,1.0,1.0,1.0,1.0
10000,ZJ-YQB,1994,landsat5,summer_v0,v0_predeclared,16,16,16,16,61,1.0,1.0,1.0,1.0,1.0
10000,ZJ-YQB,1994,landsat5,autumn_primary_v1,biological_target_phase,16,16,0,0,61,1.0,1.0,1.0,1.0,1.0
10000,ZJ-YQB,1994,landsat5,early_season_v1,biological_target_phase,16,16,16,16,16,1.0,1.0,1.0,1.0,1.0
10000,ZJ-YQB,1994,landsat5,__ALL_YEAR__,year,16,16,16,48,244,1.0,1.0,1.0,1.0,1.0
10000,ZJ-YQB,1995,landsat5,autumn_v0,v0_predeclared,16,16,0,0,0,1.0,1.0,1.0,1.0,1.0
10000,ZJ-YQB,1995,landsat5,summer_v0,v0_predeclared,16,16,0,0,45,1.0,1.0,1.0,1.0,1.0
10000,ZJ-YQB,1995,landsat5,autumn_primary_v1,biological_target_phase,16,16,16,16,16,1.0,1.0,1.0,1.0,1.0
10000,ZJ-YQB,1995,landsat5,early_season_v1,biological_target_phase,16,16,0,0,32,1.0,1.0,1.0,1.0,1.0
10000,ZJ-YQB,1995,landsat5,__ALL_YEAR__,year,16,16,16,64,221,1.0,1.0,1.0,1.0,1.0
10000,ZJ-YQB,1996,landsat5,autumn_v0,v0_predeclared,16,16,16,16,32,1.0,1.0,1.0,1.0,1.0
10000,ZJ-YQB,1996,landsat5,summer_v0,v0_predeclared,16,16,0,0,64,1.0,1.0,1.0,1.0,1.0
10000,ZJ-YQB,1996,landsat5,autumn_primary_v1,biological_target_phase,16,16,16,16,32,1.0,1.0,1.0,1.0,1.0
10000,ZJ-YQB,1996,landsat5,early_season_v1,biological_target_phase,16,16,0,0,16,1.0,1.0,1.0,1.0,1.0
10000,ZJ-YQB,1996,landsat5,__ALL_YEAR__,year,16,16,16,32,234,1.0,1.0,1.0,1.0,1.0
10000,ZJ-YQB,1997,landsat5,autumn_v0,v0_predeclared,16,16,16,32,32,1.0,1.0,1.0,1.0,1.0
10000,ZJ-YQB,1997,landsat5,summer_v0,v0_predeclared,16,16,0,0,32,1.0,1.0,1.0,1.0,1.0
10000,ZJ-YQB,1997,landsat5,autumn_primary_v1,biological_target_phase,16,16,16,41,45,1.0,1.0,1.0,1.0,1.0
10000,ZJ-YQB,1997,landsat5,early_season_v1,biological_target_phase,16,16,0,0,32,1.0,1.0,1.0,1.0,1.0
10000,ZJ-YQB,1997,landsat5,__ALL_YEAR__,year,16,16,16,50,257,1.0,1.0,1.0,1.0,1.0
10000,ZJ-YQB,1998,landsat5,autumn_v0,v0_predeclared,16,16,0,0,32,1.0,1.0,1.0,1.0,1.0
10000,ZJ-YQB,1998,landsat5,summer_v0,v0_predeclared,16,16,0,0,45,1.0,1.0,1.0,1.0,1.0
10000,ZJ-YQB,1998,landsat5,autumn_primary_v1,biological_target_phase,16,16,16,16,48,1.0,1.0,1.0,1.0,1.0
10000,ZJ-YQB,1998,landsat5,early_season_v1,biological_target_phase,16,16,0,0,16,1.0,1.0,1.0,1.0,1.0
10000,ZJ-YQB,1998,landsat5,__ALL_YEAR__,year,16,16,16,41,231,1.0,1.0,1.0,1.0,1.0
10000,ZJ-YQB,1999,landsat5,autumn_v0,v0_predeclared,16,16,16,16,29,1.0,1.0,1.0,1.0,1.0
10000,ZJ-YQB,1999,landsat5,summer_v0,v0_predeclared,16,16,0,0,45,1.0,1.0,1.0,1.0,1.0
10000,ZJ-YQB,1999,landsat5,autumn_primary_v1,biological_target_phase,16,16,16,16,29,1.0,1.0,1.0,1.0,1.0
10000,ZJ-YQB,1999,landsat5,early_season_v1,biological_target_phase,16,16,0,0,16,1.0,1.0,1.0,1.0,1.0
10000,ZJ-YQB,1999,landsat5,__ALL_YEAR__,year,16,16,16,50,241,1.0,1.0,1.0,1.0,1.0
10000,ZJ-YQB,1999,landsat7,autumn_v0,v0_predeclared,16,16,16,16,16,1.0,1.0,1.0,1.0,1.0
10000,ZJ-YQB,1999,landsat7,summer_v0,v0_predeclared,16,16,0,0,0,1.0,1.0,1.0,1.0,1.0
10000,ZJ-YQB,1999,landsat7,autumn_primary_v1,biological_target_phase,16,16,16,16,16,1.0,1.0,1.0,1.0,1.0
10000,ZJ-YQB,1999,landsat7,early_season_v1,biological_target_phase,16,16,0,0,0,1.0,1.0,1.0,1.0,1.0
10000,ZJ-YQB,1999,landsat7,__ALL_YEAR__,year,16,16,16,32,45,1.0,1.0,1.0,1.0,1.0
10000,ZJ-YQB,2000,landsat5,autumn_v0,v0_predeclared,16,16,0,0,48,1.0,1.0,1.0,1.0,1.0
10000,ZJ-YQB,2000,landsat5,summer_v0,v0_predeclared,16,16,0,0,61,1.0,1.0,1.0,1.0,1.0
10000,ZJ-YQB,2000,landsat5,autumn_primary_v1,biological_target_phase,16,16,0,0,48,1.0,1.0,1.0,1.0,1.0
10000,ZJ-YQB,2000,landsat5,early_season_v1,biological_target_phase,16,16,0,0,48,1.0,1.0,1.0,1.0,1.0
10000,ZJ-YQB,2000,landsat5,__ALL_YEAR__,year,16,16,16,16,266,1.0,1.0,1.0,1.0,1.0
10000,ZJ-YQB,2000,landsat7,autumn_v0,v0_predeclared,16,16,16,16,42,1.0,1.0,1.0,1.0,1.0
10000,ZJ-YQB,2000,landsat7,summer_v0,v0_predeclared,16,16,16,16,48,1.0,1.0,1.0,1.0,1.0
10000,ZJ-YQB,2000,landsat7,autumn_primary_v1,biological_target_phase,16,16,16,16,55,1.0,1.0,1.0,1.0,1.0
10000,ZJ-YQB,2000,landsat7,early_season_v1,biological_target_phase,16,16,0,0,32,1.0,1.0,1.0,1.0,1.0
10000,ZJ-YQB,2000,landsat7,__ALL_YEAR__,year,16,16,16,80,276,1.0,1.0,1.0,1.0,1.0
10000,ZJ-YQB,2001,landsat5,autumn_v0,v0_predeclared,16,16,0,0,29,1.0,1.0,1.0,1.0,1.0
10000,ZJ-YQB,2001,landsat5,summer_v0,v0_predeclared,16,16,0,0,48,1.0,1.0,1.0,1.0,1.0
10000,ZJ-YQB,2001,landsat5,autumn_primary_v1,biological_target_phase,16,16,16,16,45,1.0,1.0,1.0,1.0,1.0
10000,ZJ-YQB,2001,landsat5,early_season_v1,biological_target_phase,16,16,16,16,29,1.0,1.0,1.0,1.0,1.0
10000,ZJ-YQB,2001,landsat5,__ALL_YEAR__,year,16,16,16,64,238,1.0,1.0,1.0,1.0,1.0
10000,ZJ-YQB,2001,landsat7,autumn_v0,v0_predeclared,16,16,0,0,48,1.0,1.0,1.0,1.0,1.0
10000,ZJ-YQB,2001,landsat7,summer_v0,v0_predeclared,16,16,16,16,64,1.0,1.0,1.0,1.0,1.0
10000,ZJ-YQB,2001,landsat7,autumn_primary_v1,biological_target_phase,16,16,0,0,64,1.0,1.0,1.0,1.0,1.0
10000,ZJ-YQB,2001,landsat7,early_season_v1,biological_target_phase,16,16,0,0,32,1.0,1.0,1.0,1.0,1.0
10000,ZJ-YQB,2001,landsat7,__ALL_YEAR__,year,16,16,16,64,317,1.0,1.0,1.0,1.0,1.0
10000,ZJ-YQB,2002,landsat5,autumn_v0,v0_predeclared,16,16,16,16,32,1.0,1.0,1.0,1.0,1.0
10000,ZJ-YQB,2002,landsat5,summer_v0,v0_predeclared,16,16,16,32,32,1.0,1.0,1.0,1.0,1.0
10000,ZJ-YQB,2002,landsat5,autumn_primary_v1,biological_target_phase,16,16,16,16,32,1.0,1.0,1.0,1.0,1.0
10000,ZJ-YQB,2002,landsat5,early_season_v1,biological_target_phase,16,16,0,0,0,1.0,1.0,1.0,1.0,1.0
10000,ZJ-YQB,2002,landsat5,__ALL_YEAR__,year,16,16,16,96,157,1.0,1.0,1.0,1.0,1.0
10000,ZJ-YQB,2002,landsat7,autumn_v0,v0_predeclared,16,16,0,0,29,1.0,1.0,1.0,1.0,1.0
10000,ZJ-YQB,2002,landsat7,summer_v0,v0_predeclared,16,16,0,0,32,1.0,1.0,1.0,1.0,1.0
10000,ZJ-YQB,2002,landsat7,autumn_primary_v1,biological_target_phase,16,16,16,16,45,1.0,1.0,1.0,1.0,1.0
10000,ZJ-YQB,2002,landsat7,early_season_v1,biological_target_phase,16,16,0,0,29,1.0,1.0,1.0,1.0,1.0
10000,ZJ-YQB,2002,landsat7,__ALL_YEAR__,year,16,16,16,80,257,1.0,1.0,1.0,1.0,1.0
10000,ZJ-YQB,2003,landsat5,autumn_v0,v0_predeclared,16,16,16,16,32,1.0,1.0,1.0,1.0,1.0
10000,ZJ-YQB,2003,landsat5,summer_v0,v0_predeclared,16,16,0,0,48,1.0,1.0,1.0,1.0,1.0
10000,ZJ-YQB,2003,landsat5,autumn_primary_v1,biological_target_phase,16,16,16,16,32,1.0,1.0,1.0,1.0,1.0
10000,ZJ-YQB,2003,landsat5,early_season_v1,biological_target_phase,16,16,16,16,16,1.0,1.0,1.0,1.0,1.0
10000,ZJ-YQB,2003,landsat5,__ALL_YEAR__,year,16,16,16,64,221,1.0,1.0,1.0,1.0,1.0
10000,ZJ-YQB,2003,landsat7,autumn_v0,v0_predeclared,16,16,16,32,32,1.0,1.0,1.0,1.0,1.0
10000,ZJ-YQB,2003,landsat7,summer_v0,v0_predeclared,16,16,16,16,16,1.0,1.0,1.0,1.0,1.0
10000,ZJ-YQB,2003,landsat7,autumn_primary_v1,biological_target_phase,16,16,16,32,48,1.0,1.0,1.0,1.0,1.0
10000,ZJ-YQB,2003,landsat7,early_season_v1,biological_target_phase,16,16,16,16,32,1.0,1.0,1.0,1.0,1.0
10000,ZJ-YQB,2003,landsat7,__ALL_YEAR__,year,16,16,16,96,170,1.0,1.0,1.0,1.0,1.0
10000,ZJ-YQB,2004,landsat5,autumn_v0,v0_predeclared,16,16,0,0,29,1.0,1.0,1.0,1.0,1.0
10000,ZJ-YQB,2004,landsat5,summer_v0,v0_predeclared,16,16,0,0,29,1.0,1.0,1.0,1.0,1.0
10000,ZJ-YQB,2004,landsat5,autumn_primary_v1,biological_target_phase,16,16,9,9,42,1.0,1.0,1.0,1.0,1.0
10000,ZJ-YQB,2004,landsat5,early_season_v1,biological_target_phase,16,16,0,0,16,1.0,1.0,1.0,1.0,1.0
10000,ZJ-YQB,2004,landsat5,__ALL_YEAR__,year,16,16,16,73,247,1.0,1.0,1.0,1.0,1.0
10000,ZJ-YQB,2004,landsat7,autumn_v0,v0_predeclared,16,16,16,32,48,1.0,1.0,1.0,1.0,1.0
10000,ZJ-YQB,2004,landsat7,summer_v0,v0_predeclared,16,16,0,0,61,1.0,1.0,1.0,1.0,1.0
10000,ZJ-YQB,2004,landsat7,autumn_primary_v1,biological_target_phase,16,16,16,32,48,1.0,1.0,1.0,1.0,1.0
10000,ZJ-YQB,2004,landsat7,early_season_v1,biological_target_phase,16,16,0,0,29,1.0,1.0,1.0,1.0,1.0
10000,ZJ-YQB,2004,landsat7,__ALL_YEAR__,year,16,16,16,48,250,1.0,1.0,1.0,1.0,1.0
10000,ZJ-YQB,2005,landsat5,autumn_v0,v0_predeclared,16,16,0,0,29,1.0,1.0,1.0,1.0,1.0
10000,ZJ-YQB,2005,landsat5,summer_v0,v0_predeclared,16,16,16,16,45,1.0,1.0,1.0,1.0,1.0
10000,ZJ-YQB,2005,landsat5,autumn_primary_v1,biological_target_phase,16,16,0,0,45,1.0,1.0,1.0,1.0,1.0
10000,ZJ-YQB,2005,landsat5,early_season_v1,biological_target_phase,16,16,0,0,13,1.0,1.0,1.0,1.0,1.0
10000,ZJ-YQB,2005,landsat5,__ALL_YEAR__,year,16,16,16,32,193,1.0,1.0,1.0,1.0,1.0
10000,ZJ-YQB,2005,landsat7,autumn_v0,v0_predeclared,16,16,16,16,29,1.0,1.0,1.0,1.0,1.0
10000,ZJ-YQB,2005,landsat7,summer_v0,v0_predeclared,16,16,0,0,32,1.0,1.0,1.0,1.0,1.0
10000,ZJ-YQB,2005,landsat7,autumn_primary_v1,biological_target_phase,16,16,16,16,29,1.0,1.0,1.0,1.0,1.0
10000,ZJ-YQB,2005,landsat7,early_season_v1,biological_target_phase,16,16,0,0,29,1.0,1.0,1.0,1.0,1.0
10000,ZJ-YQB,2005,landsat7,__ALL_YEAR__,year,16,16,16,41,254,1.0,1.0,1.0,1.0,1.0
10000,ZJ-YQB,2006,landsat5,autumn_v0,v0_predeclared,16,16,16,16,48,1.0,1.0,1.0,1.0,1.0
10000,ZJ-YQB,2006,landsat5,summer_v0,v0_predeclared,16,16,0,0,48,1.0,1.0,1.0,1.0,1.0
10000,ZJ-YQB,2006,landsat5,autumn_primary_v1,biological_target_phase,16,16,16,16,61,1.0,1.0,1.0,1.0,1.0
10000,ZJ-YQB,2006,landsat5,early_season_v1,biological_target_phase,16,16,0,0,16,1.0,1.0,1.0,1.0,1.0
10000,ZJ-YQB,2006,landsat5,__ALL_YEAR__,year,16,16,16,64,234,1.0,1.0,1.0,1.0,1.0
10000,ZJ-YQB,2006,landsat7,autumn_v0,v0_predeclared,16,16,16,16,48,1.0,1.0,1.0,1.0,1.0
10000,ZJ-YQB,2006,landsat7,summer_v0,v0_predeclared,16,16,0,0,0,1.0,1.0,1.0,1.0,1.0
10000,ZJ-YQB,2006,landsat7,autumn_primary_v1,biological_target_phase,16,16,16,16,64,1.0,1.0,1.0,1.0,1.0
10000,ZJ-YQB,2006,landsat7,early_season_v1,biological_target_phase,16,16,0,0,13,1.0,1.0,1.0,1.0,1.0
10000,ZJ-YQB,2006,landsat7,__ALL_YEAR__,year,16,16,16,32,209,1.0,1.0,1.0,1.0,1.0
10000,ZJ-YQB,2007,landsat5,autumn_v0,v0_predeclared,16,16,0,0,16,1.0,1.0,1.0,1.0,1.0
10000,ZJ-YQB,2007,landsat5,summer_v0,v0_predeclared,16,16,16,16,61,1.0,1.0,1.0,1.0,1.0
10000,ZJ-YQB,2007,landsat5,autumn_primary_v1,biological_target_phase,16,16,0,0,16,1.0,1.0,1.0,1.0,1.0
10000,ZJ-YQB,2007,landsat5,early_season_v1,biological_target_phase,16,16,9,9,29,1.0,1.0,1.0,1.0,1.0
10000,ZJ-YQB,2007,landsat5,__ALL_YEAR__,year,16,16,16,57,231,1.0,1.0,1.0,1.0,1.0
10000,ZJ-YQB,2007,landsat7,autumn_v0,v0_predeclared,16,16,0,0,16,1.0,1.0,1.0,1.0,1.0
10000,ZJ-YQB,2007,landsat7,summer_v0,v0_predeclared,16,16,0,0,0,1.0,1.0,1.0,1.0,1.0
10000,ZJ-YQB,2007,landsat7,autumn_primary_v1,biological_target_phase,16,16,0,0,32,1.0,1.0,1.0,1.0,1.0
10000,ZJ-YQB,2007,landsat7,early_season_v1,biological_target_phase,16,16,16,25,29,1.0,1.0,1.0,1.0,1.0
10000,ZJ-YQB,2007,landsat7,__ALL_YEAR__,year,16,16,16,57,225,1.0,1.0,1.0,1.0,1.0
10000,ZJ-YQB,2008,landsat5,autumn_v0,v0_predeclared,16,16,16,16,32,1.0,1.0,1.0,1.0,1.0
10000,ZJ-YQB,2008,landsat5,summer_v0,v0_predeclared,16,16,16,16,32,1.0,1.0,1.0,1.0,1.0
10000,ZJ-YQB,2008,landsat5,autumn_primary_v1,biological_target_phase,16,16,16,16,32,1.0,1.0,1.0,1.0,1.0
10000,ZJ-YQB,2008,landsat5,early_season_v1,biological_target_phase,16,16,16,32,48,1.0,1.0,1.0,1.0,1.0
10000,ZJ-YQB,2008,landsat5,__ALL_YEAR__,year,16,16,16,80,224,1.0,1.0,1.0,1.0,1.0
10000,ZJ-YQB,2008,landsat7,autumn_v0,v0_predeclared,16,16,0,0,45,1.0,1.0,1.0,1.0,1.0
10000,ZJ-YQB,2008,landsat7,summer_v0,v0_predeclared,16,16,16,16,64,1.0,1.0,1.0,1.0,1.0
10000,ZJ-YQB,2008,landsat7,autumn_primary_v1,biological_target_phase,16,16,0,0,61,1.0,1.0,1.0,1.0,1.0
10000,ZJ-YQB,2008,landsat7,early_season_v1,biological_target_phase,16,16,0,0,29,1.0,1.0,1.0,1.0,1.0
10000,ZJ-YQB,2008,landsat7,__ALL_YEAR__,year,16,16,16,32,279,1.0,1.0,1.0,1.0,1.0
10000,ZJ-YQB,2009,landsat5,autumn_v0,v0_predeclared,16,16,16,16,42,1.0,1.0,1.0,1.0,1.0
10000,ZJ-YQB,2009,landsat5,summer_v0,v0_predeclared,16,16,16,16,45,1.0,1.0,1.0,1.0,1.0
10000,ZJ-YQB,2009,landsat5,autumn_primary_v1,biological_target_phase,16,16,16,16,58,1.0,1.0,1.0,1.0,1.0
10000,ZJ-YQB,2009,landsat5,early_season_v1,biological_target_phase,16,16,16,16,48,1.0,1.0,1.0,1.0,1.0
10000,ZJ-YQB,2009,landsat5,__ALL_YEAR__,year,16,16,16,80,228,1.0,1.0,1.0,1.0,1.0
10000,ZJ-YQB,2009,landsat7,autumn_v0,v0_predeclared,16,16,16,16,32,1.0,1.0,1.0,1.0,1.0
10000,ZJ-YQB,2009,landsat7,summer_v0,v0_predeclared,16,16,9,9,29,1.0,1.0,1.0,1.0,1.0
10000,ZJ-YQB,2009,landsat7,autumn_primary_v1,biological_target_phase,16,16,16,16,48,1.0,1.0,1.0,1.0,1.0
10000,ZJ-YQB,2009,landsat7,early_season_v1,biological_target_phase,16,16,0,0,42,1.0,1.0,1.0,1.0,1.0
10000,ZJ-YQB,2009,landsat7,__ALL_YEAR__,year,16,16,16,73,209,1.0,1.0,1.0,1.0,1.0
10000,ZJ-YQB,2010,landsat5,autumn_v0,v0_predeclared,16,16,0,0,16,1.0,1.0,1.0,1.0,1.0
10000,ZJ-YQB,2010,landsat5,summer_v0,v0_predeclared,16,16,0,0,32,1.0,1.0,1.0,1.0,1.0
10000,ZJ-YQB,2010,landsat5,autumn_primary_v1,biological_target_phase,16,16,16,16,32,1.0,1.0,1.0,1.0,1.0
10000,ZJ-YQB,2010,landsat5,early_season_v1,biological_target_phase,16,16,16,16,32,1.0,1.0,1.0,1.0,1.0
10000,ZJ-YQB,2010,landsat5,__ALL_YEAR__,year,16,16,16,80,202,1.0,1.0,1.0,1.0,1.0
10000,ZJ-YQB,2010,landsat7,autumn_v0,v0_predeclared,16,16,16,16,29,1.0,1.0,1.0,1.0,1.0
10000,ZJ-YQB,2010,landsat7,summer_v0,v0_predeclared,16,16,0,0,16,1.0,1.0,1.0,1.0,1.0
10000,ZJ-YQB,2010,landsat7,autumn_primary_v1,biological_target_phase,16,16,16,16,29,1.0,1.0,1.0,1.0,1.0
10000,ZJ-YQB,2010,landsat7,early_season_v1,biological_target_phase,16,16,16,16,29,1.0,1.0,1.0,1.0,1.0
10000,ZJ-YQB,2010,landsat7,__ALL_YEAR__,year,16,16,16,105,241,1.0,1.0,1.0,1.0,1.0
10000,ZJ-YQB,2011,landsat5,autumn_v0,v0_predeclared,16,16,0,0,16,1.0,1.0,1.0,1.0,1.0
10000,ZJ-YQB,2011,landsat5,summer_v0,v0_predeclared,16,16,16,16,29,1.0,1.0,1.0,1.0,1.0
10000,ZJ-YQB,2011,landsat5,autumn_primary_v1,biological_target_phase,16,16,0,0,32,1.0,1.0,1.0,1.0,1.0
10000,ZJ-YQB,2011,landsat5,early_season_v1,biological_target_phase,16,16,0,0,16,1.0,1.0,1.0,1.0,1.0
10000,ZJ-YQB,2011,landsat5,__ALL_YEAR__,year,16,16,16,32,170,1.0,1.0,1.0,1.0,1.0
10000,ZJ-YQB,2011,landsat7,autumn_v0,v0_predeclared,16,16,0,0,32,1.0,1.0,1.0,1.0,1.0
10000,ZJ-YQB,2011,landsat7,summer_v0,v0_predeclared,16,16,9,9,13,1.0,1.0,1.0,1.0,1.0
10000,ZJ-YQB,2011,landsat7,autumn_primary_v1,biological_target_phase,16,16,0,0,32,1.0,1.0,1.0,1.0,1.0
10000,ZJ-YQB,2011,landsat7,early_season_v1,biological_target_phase,16,16,0,0,0,1.0,1.0,1.0,1.0,1.0
10000,ZJ-YQB,2011,landsat7,__ALL_YEAR__,year,16,16,16,89,202,1.0,1.0,1.0,1.0,1.0
10000,ZJ-YQB,2012,landsat7,autumn_v0,v0_predeclared,16,16,0,0,48,1.0,1.0,1.0,1.0,1.0
10000,ZJ-YQB,2012,landsat7,summer_v0,v0_predeclared,16,16,0,0,13,1.0,1.0,1.0,1.0,1.0
10000,ZJ-YQB,2012,landsat7,autumn_primary_v1,biological_target_phase,16,16,0,0,64,1.0,1.0,1.0,1.0,1.0
10000,ZJ-YQB,2012,landsat7,early_season_v1,biological_target_phase,16,16,0,0,32,1.0,1.0,1.0,1.0,1.0
10000,ZJ-YQB,2012,landsat7,__ALL_YEAR__,year,16,16,16,48,244,1.0,1.0,1.0,1.0,1.0
10000,ZJ-YQB,2013,landsat7,autumn_v0,v0_predeclared,16,16,0,0,45,1.0,1.0,1.0,1.0,1.0
10000,ZJ-YQB,2013,landsat7,summer_v0,v0_predeclared,16,16,9,9,26,1.0,1.0,1.0,1.0,1.0
10000,ZJ-YQB,2013,landsat7,autumn_primary_v1,biological_target_phase,16,16,0,0,61,1.0,1.0,1.0,1.0,1.0
10000,ZJ-YQB,2013,landsat7,early_season_v1,biological_target_phase,16,16,0,0,16,1.0,1.0,1.0,1.0,1.0
10000,ZJ-YQB,2013,landsat7,__ALL_YEAR__,year,16,16,16,73,231,1.0,1.0,1.0,1.0,1.0
10000,ZJ-YQB,2013,landsat8,autumn_v0,v0_predeclared,16,16,0,0,32,1.0,1.0,1.0,1.0,1.0
10000,ZJ-YQB,2013,landsat8,summer_v0,v0_predeclared,16,16,0,0,61,1.0,1.0,1.0,1.0,1.0
10000,ZJ-YQB,2013,landsat8,autumn_primary_v1,biological_target_phase,16,16,0,0,32,1.0,1.0,1.0,1.0,1.0
10000,ZJ-YQB,2013,landsat8,early_season_v1,biological_target_phase,16,16,0,0,32,1.0,1.0,1.0,1.0,1.0
10000,ZJ-YQB,2013,landsat8,__ALL_YEAR__,year,16,16,16,48,221,1.0,1.0,1.0,1.0,1.0
10000,ZJ-YQB,2014,landsat7,autumn_v0,v0_predeclared,16,16,0,0,32,1.0,1.0,1.0,1.0,1.0
10000,ZJ-YQB,2014,landsat7,summer_v0,v0_predeclared,16,16,0,0,45,1.0,1.0,1.0,1.0,1.0
10000,ZJ-YQB,2014,landsat7,autumn_primary_v1,biological_target_phase,16,16,0,0,45,1.0,1.0,1.0,1.0,1.0
10000,ZJ-YQB,2014,landsat7,early_season_v1,biological_target_phase,16,16,0,0,29,1.0,1.0,1.0,1.0,1.0
10000,ZJ-YQB,2014,landsat7,__ALL_YEAR__,year,16,16,16,48,279,1.0,1.0,1.0,1.0,1.0
10000,ZJ-YQB,2014,landsat8,autumn_v0,v0_predeclared,16,16,0,0,48,1.0,1.0,1.0,1.0,1.0
10000,ZJ-YQB,2014,landsat8,summer_v0,v0_predeclared,16,16,0,0,48,1.0,1.0,1.0,1.0,1.0
10000,ZJ-YQB,2014,landsat8,autumn_primary_v1,biological_target_phase,16,16,16,16,64,1.0,1.0,1.0,1.0,1.0
10000,ZJ-YQB,2014,landsat8,early_season_v1,biological_target_phase,16,16,0,0,16,1.0,1.0,1.0,1.0,1.0
10000,ZJ-YQB,2014,landsat8,__ALL_YEAR__,year,16,16,16,64,298,1.0,1.0,1.0,1.0,1.0
10000,ZJ-YQB,2015,landsat7,autumn_v0,v0_predeclared,16,16,0,0,29,1.0,1.0,1.0,1.0,1.0
10000,ZJ-YQB,2015,landsat7,summer_v0,v0_predeclared,16,16,16,16,45,1.0,1.0,1.0,1.0,1.0
10000,ZJ-YQB,2015,landsat7,autumn_primary_v1,biological_target_phase,16,16,0,0,42,1.0,1.0,1.0,1.0,1.0
10000,ZJ-YQB,2015,landsat7,early_season_v1,biological_target_phase,16,16,0,0,32,1.0,1.0,1.0,1.0,1.0
10000,ZJ-YQB,2015,landsat7,__ALL_YEAR__,year,16,16,16,32,261,1.0,1.0,1.0,1.0,1.0
10000,ZJ-YQB,2015,landsat8,autumn_v0,v0_predeclared,16,16,0,0,16,1.0,1.0,1.0,1.0,1.0
10000,ZJ-YQB,2015,landsat8,summer_v0,v0_predeclared,16,16,0,0,32,1.0,1.0,1.0,1.0,1.0
10000,ZJ-YQB,2015,landsat8,autumn_primary_v1,biological_target_phase,16,16,0,0,32,1.0,1.0,1.0,1.0,1.0
10000,ZJ-YQB,2015,landsat8,early_season_v1,biological_target_phase,16,16,0,0,32,1.0,1.0,1.0,1.0,1.0
10000,ZJ-YQB,2015,landsat8,__ALL_YEAR__,year,16,16,16,32,282,1.0,1.0,1.0,1.0,1.0
10000,ZJ-YQB,2015,sentinel1,autumn_v0,v0_predeclared,16,15,9,18,36,0.9532,1.0,1.0,1.0,1.0
10000,ZJ-YQB,2015,sentinel1,summer_v0,v0_predeclared,16,15,9,19,42,0.9532,1.0,1.0,1.0,1.0
10000,ZJ-YQB,2015,sentinel1,autumn_primary_v1,biological_target_phase,16,15,9,24,47,0.9532,1.0,1.0,1.0,1.0
10000,ZJ-YQB,2015,sentinel1,early_season_v1,biological_target_phase,16,15,9,10,21,0.9532,1.0,1.0,1.0,1.0
10000,ZJ-YQB,2015,sentinel1,__ALL_YEAR__,year,16,15,9,135,272,0.9532,1.0,1.0,1.0,1.0
10000,ZJ-YQB,2016,landsat7,autumn_v0,v0_predeclared,16,16,0,0,32,1.0,1.0,1.0,1.0,1.0
10000,ZJ-YQB,2016,landsat7,summer_v0,v0_predeclared,16,16,16,16,29,1.0,1.0,1.0,1.0,1.0
10000,ZJ-YQB,2016,landsat7,autumn_primary_v1,biological_target_phase,16,16,0,0,32,1.0,1.0,1.0,1.0,1.0
10000,ZJ-YQB,2016,landsat7,early_season_v1,biological_target_phase,16,16,0,0,13,1.0,1.0,1.0,1.0,1.0
10000,ZJ-YQB,2016,landsat7,__ALL_YEAR__,year,16,16,16,32,219,1.0,1.0,1.0,1.0,1.0
10000,ZJ-YQB,2016,landsat8,autumn_v0,v0_predeclared,16,16,0,0,42,1.0,1.0,1.0,1.0,1.0
10000,ZJ-YQB,2016,landsat8,summer_v0,v0_predeclared,16,16,16,16,45,1.0,1.0,1.0,1.0,1.0
10000,ZJ-YQB,2016,landsat8,autumn_primary_v1,biological_target_phase,16,16,0,0,42,1.0,1.0,1.0,1.0,1.0
10000,ZJ-YQB,2016,landsat8,early_season_v1,biological_target_phase,16,16,0,0,32,1.0,1.0,1.0,1.0,1.0
10000,ZJ-YQB,2016,landsat8,__ALL_YEAR__,year,16,16,16,32,247,1.0,1.0,1.0,1.0,1.0
10000,ZJ-YQB,2016,sentinel1,autumn_v0,v0_predeclared,16,15,9,36,72,1.0,1.0,1.0,1.0,1.0
10000,ZJ-YQB,2016,sentinel1,summer_v0,v0_predeclared,16,15,9,24,47,1.0,1.0,1.0,1.0,1.0
10000,ZJ-YQB,2016,sentinel1,autumn_primary_v1,biological_target_phase,16,15,9,45,90,1.0,1.0,1.0,1.0,1.0
10000,ZJ-YQB,2016,sentinel1,early_season_v1,biological_target_phase,16,15,9,27,51,1.0,1.0,1.0,1.0,1.0
10000,ZJ-YQB,2016,sentinel1,__ALL_YEAR__,year,16,15,9,204,401,1.0,1.0,1.0,1.0,1.0
10000,ZJ-YQB,2017,landsat7,autumn_v0,v0_predeclared,16,16,16,16,45,1.0,1.0,1.0,1.0,1.0
10000,ZJ-YQB,2017,landsat7,summer_v0,v0_predeclared,16,16,0,0,45,1.0,1.0,1.0,1.0,1.0
10000,ZJ-YQB,2017,landsat7,autumn_primary_v1,biological_target_phase,16,16,16,16,61,1.0,1.0,1.0,1.0,1.0
10000,ZJ-YQB,2017,landsat7,early_season_v1,biological_target_phase,16,16,0,0,16,1.0,1.0,1.0,1.0,1.0
10000,ZJ-YQB,2017,landsat7,__ALL_YEAR__,year,16,16,16,48,234,1.0,1.0,1.0,1.0,1.0
10000,ZJ-YQB,2017,landsat8,autumn_v0,v0_predeclared,16,16,16,16,48,1.0,1.0,1.0,1.0,1.0
10000,ZJ-YQB,2017,landsat8,summer_v0,v0_predeclared,16,16,16,16,32,1.0,1.0,1.0,1.0,1.0
10000,ZJ-YQB,2017,landsat8,autumn_primary_v1,biological_target_phase,16,16,16,16,61,1.0,1.0,1.0,1.0,1.0
10000,ZJ-YQB,2017,landsat8,early_season_v1,biological_target_phase,16,16,0,0,13,1.0,1.0,1.0,1.0,1.0
10000,ZJ-YQB,2017,landsat8,__ALL_YEAR__,year,16,16,16,80,257,1.0,1.0,1.0,1.0,1.0
10000,ZJ-YQB,2017,sentinel1,autumn_v0,v0_predeclared,16,15,9,30,61,0.9532,1.0,1.0,1.0,1.0
10000,ZJ-YQB,2017,sentinel1,summer_v0,v0_predeclared,16,15,9,42,83,0.9532,1.0,1.0,1.0,1.0
10000,ZJ-YQB,2017,sentinel1,autumn_primary_v1,biological_target_phase,16,15,9,39,79,0.9532,1.0,1.0,1.0,1.0
10000,ZJ-YQB,2017,sentinel1,early_season_v1,biological_target_phase,16,15,9,30,61,0.9532,1.0,1.0,1.0,1.0
10000,ZJ-YQB,2017,sentinel1,__ALL_YEAR__,year,16,15,9,252,507,0.9532,1.0,1.0,1.0,1.0
10000,ZJ-YQB,2017,sentinel2,autumn_v0,v0_predeclared,16,16,15,35,56,1.0,1.0,1.0,1.0,1.0
10000,ZJ-YQB,2017,sentinel2,summer_v0,v0_predeclared,16,16,0,0,0,1.0,1.0,1.0,1.0,1.0
10000,ZJ-YQB,2017,sentinel2,autumn_primary_v1,biological_target_phase,16,16,15,35,56,1.0,1.0,1.0,1.0,1.0
10000,ZJ-YQB,2017,sentinel2,early_season_v1,biological_target_phase,16,16,1,1,6,1.0,1.0,1.0,1.0,1.0
10000,ZJ-YQB,2017,sentinel2,__ALL_YEAR__,year,16,16,15,155,206,1.0,1.0,1.0,1.0,1.0
10000,ZJ-YQB,2018,landsat7,autumn_v0,v0_predeclared,16,16,16,16,32,1.0,1.0,1.0,1.0,1.0
10000,ZJ-YQB,2018,landsat7,summer_v0,v0_predeclared,16,16,0,0,48,1.0,1.0,1.0,1.0,1.0
10000,ZJ-YQB,2018,landsat7,autumn_primary_v1,biological_target_phase,16,16,16,16,45,1.0,1.0,1.0,1.0,1.0
10000,ZJ-YQB,2018,landsat7,early_season_v1,biological_target_phase,16,16,0,0,16,1.0,1.0,1.0,1.0,1.0
10000,ZJ-YQB,2018,landsat7,__ALL_YEAR__,year,16,16,16,48,234,1.0,1.0,1.0,1.0,1.0
10000,ZJ-YQB,2018,landsat8,autumn_v0,v0_predeclared,16,16,16,16,32,1.0,1.0,1.0,1.0,1.0
10000,ZJ-YQB,2018,landsat8,summer_v0,v0_predeclared,16,16,16,16,64,1.0,1.0,1.0,1.0,1.0
10000,ZJ-YQB,2018,landsat8,autumn_primary_v1,biological_target_phase,16,16,16,16,32,1.0,1.0,1.0,1.0,1.0
10000,ZJ-YQB,2018,landsat8,early_season_v1,biological_target_phase,16,16,0,0,32,1.0,1.0,1.0,1.0,1.0
10000,ZJ-YQB,2018,landsat8,__ALL_YEAR__,year,16,16,16,64,240,1.0,1.0,1.0,1.0,1.0
10000,ZJ-YQB,2018,sentinel1,autumn_v0,v0_predeclared,16,15,9,36,72,0.9532,1.0,1.0,1.0,1.0
10000,ZJ-YQB,2018,sentinel1,summer_v0,v0_predeclared,16,15,9,45,90,0.9532,1.0,1.0,1.0,1.0
10000,ZJ-YQB,2018,sentinel1,autumn_primary_v1,biological_target_phase,16,15,9,45,90,0.9532,1.0,1.0,1.0,1.0
10000,ZJ-YQB,2018,sentinel1,early_season_v1,biological_target_phase,16,15,9,33,65,0.9532,1.0,1.0,1.0,1.0
10000,ZJ-YQB,2018,sentinel1,__ALL_YEAR__,year,16,15,9,271,543,0.9532,1.0,1.0,1.0,1.0
10000,ZJ-YQB,2018,sentinel2,autumn_v0,v0_predeclared,16,16,14,27,38,1.0,1.0,1.0,1.0,1.0
10000,ZJ-YQB,2018,sentinel2,summer_v0,v0_predeclared,16,16,1,1,4,1.0,1.0,1.0,1.0,1.0
10000,ZJ-YQB,2018,sentinel2,autumn_primary_v1,biological_target_phase,16,16,14,27,38,1.0,1.0,1.0,1.0,1.0
10000,ZJ-YQB,2018,sentinel2,early_season_v1,biological_target_phase,16,16,0,0,0,1.0,1.0,1.0,1.0,1.0
10000,ZJ-YQB,2018,sentinel2,__ALL_YEAR__,year,16,16,15,163,284,1.0,1.0,1.0,1.0,1.0
10000,ZJ-YQB,2019,landsat7,autumn_v0,v0_predeclared,16,16,16,16,45,1.0,1.0,1.0,1.0,1.0
10000,ZJ-YQB,2019,landsat7,summer_v0,v0_predeclared,16,16,0,0,29,1.0,1.0,1.0,1.0,1.0
10000,ZJ-YQB,2019,landsat7,autumn_primary_v1,biological_target_phase,16,16,16,32,61,1.0,1.0,1.0,1.0,1.0
10000,ZJ-YQB,2019,landsat7,early_season_v1,biological_target_phase,16,16,0,0,29,1.0,1.0,1.0,1.0,1.0
10000,ZJ-YQB,2019,landsat7,__ALL_YEAR__,year,16,16,16,96,241,1.0,1.0,1.0,1.0,1.0
10000,ZJ-YQB,2019,landsat8,autumn_v0,v0_predeclared,16,16,0,0,29,1.0,1.0,1.0,1.0,1.0
10000,ZJ-YQB,2019,landsat8,summer_v0,v0_predeclared,16,16,16,16,64,1.0,1.0,1.0,1.0,1.0
10000,ZJ-YQB,2019,landsat8,autumn_primary_v1,biological_target_phase,16,16,16,16,45,1.0,1.0,1.0,1.0,1.0
10000,ZJ-YQB,2019,landsat8,early_season_v1,biological_target_phase,16,16,0,0,32,1.0,1.0,1.0,1.0,1.0
10000,ZJ-YQB,2019,landsat8,__ALL_YEAR__,year,16,16,16,80,308,1.0,1.0,1.0,1.0,1.0
10000,ZJ-YQB,2019,sentinel1,autumn_v0,v0_predeclared,16,15,9,54,111,0.9532,1.0,1.0,1.0,1.0
10000,ZJ-YQB,2019,sentinel1,summer_v0,v0_predeclared,16,15,9,90,180,0.9532,1.0,1.0,1.0,1.0
10000,ZJ-YQB,2019,sentinel1,autumn_primary_v1,biological_target_phase,16,15,9,78,158,0.9532,1.0,1.0,1.0,1.0
10000,ZJ-YQB,2019,sentinel1,early_season_v1,biological_target_phase,16,15,9,63,126,0.9532,1.0,1.0,1.0,1.0
10000,ZJ-YQB,2019,sentinel1,__ALL_YEAR__,year,16,15,9,484,971,0.9532,1.0,1.0,1.0,1.0
10000,ZJ-YQB,2019,sentinel2,autumn_v0,v0_predeclared,16,16,15,118,318,1.0,1.0,1.0,1.0,1.0
10000,ZJ-YQB,2019,sentinel2,summer_v0,v0_predeclared,16,16,15,15,390,1.0,1.0,1.0,1.0,1.0
10000,ZJ-YQB,2019,sentinel2,autumn_primary_v1,biological_target_phase,16,16,15,148,414,1.0,1.0,1.0,1.0,1.0
10000,ZJ-YQB,2019,sentinel2,early_season_v1,biological_target_phase,16,16,13,14,252,1.0,1.0,1.0,1.0,1.0
10000,ZJ-YQB,2019,sentinel2,__ALL_YEAR__,year,16,16,15,381,2464,1.0,1.0,1.0,1.0,1.0
10000,ZJ-YQB,2020,landsat7,autumn_v0,v0_predeclared,16,16,16,16,48,1.0,1.0,1.0,1.0,1.0
10000,ZJ-YQB,2020,landsat7,summer_v0,v0_predeclared,16,16,0,0,42,1.0,1.0,1.0,1.0,1.0
10000,ZJ-YQB,2020,landsat7,autumn_primary_v1,biological_target_phase,16,16,16,32,64,1.0,1.0,1.0,1.0,1.0
10000,ZJ-YQB,2020,landsat7,early_season_v1,biological_target_phase,16,16,16,16,32,1.0,1.0,1.0,1.0,1.0
10000,ZJ-YQB,2020,landsat7,__ALL_YEAR__,year,16,16,16,64,276,1.0,1.0,1.0,1.0,1.0
10000,ZJ-YQB,2020,landsat8,autumn_v0,v0_predeclared,16,16,0,0,32,1.0,1.0,1.0,1.0,1.0
10000,ZJ-YQB,2020,landsat8,summer_v0,v0_predeclared,16,16,0,0,45,1.0,1.0,1.0,1.0,1.0
10000,ZJ-YQB,2020,landsat8,autumn_primary_v1,biological_target_phase,16,16,0,0,32,1.0,1.0,1.0,1.0,1.0
10000,ZJ-YQB,2020,landsat8,early_season_v1,biological_target_phase,16,16,0,0,29,1.0,1.0,1.0,1.0,1.0
10000,ZJ-YQB,2020,landsat8,__ALL_YEAR__,year,16,16,16,16,247,1.0,1.0,1.0,1.0,1.0
10000,ZJ-YQB,2020,sentinel1,autumn_v0,v0_predeclared,16,15,9,54,105,1.0,1.0,1.0,1.0,1.0
10000,ZJ-YQB,2020,sentinel1,summer_v0,v0_predeclared,16,15,9,75,145,1.0,1.0,1.0,1.0,1.0
10000,ZJ-YQB,2020,sentinel1,autumn_primary_v1,biological_target_phase,16,15,9,75,145,1.0,1.0,1.0,1.0,1.0
10000,ZJ-YQB,2020,sentinel1,early_season_v1,biological_target_phase,16,15,9,45,87,1.0,1.0,1.0,1.0,1.0
10000,ZJ-YQB,2020,sentinel1,__ALL_YEAR__,year,16,15,9,459,891,1.0,1.0,1.0,1.0,1.0
10000,ZJ-YQB,2020,sentinel2,autumn_v0,v0_predeclared,16,16,15,46,306,1.0,1.0,1.0,1.0,1.0
10000,ZJ-YQB,2020,sentinel2,summer_v0,v0_predeclared,16,16,0,0,384,1.0,1.0,1.0,1.0,1.0
10000,ZJ-YQB,2020,sentinel2,autumn_primary_v1,biological_target_phase,16,16,15,61,402,1.0,1.0,1.0,1.0,1.0
10000,ZJ-YQB,2020,sentinel2,early_season_v1,biological_target_phase,16,16,14,14,272,1.0,1.0,1.0,1.0,1.0
10000,ZJ-YQB,2020,sentinel2,__ALL_YEAR__,year,16,16,15,309,2472,1.0,1.0,1.0,1.0,1.0
10000,ZJ-YQB,2021,landsat7,autumn_v0,v0_predeclared,16,16,16,16,32,1.0,1.0,1.0,1.0,1.0
10000,ZJ-YQB,2021,landsat7,summer_v0,v0_predeclared,16,16,0,0,13,1.0,1.0,1.0,1.0,1.0
10000,ZJ-YQB,2021,landsat7,autumn_primary_v1,biological_target_phase,16,16,16,16,48,1.0,1.0,1.0,1.0,1.0
10000,ZJ-YQB,2021,landsat7,early_season_v1,biological_target_phase,16,16,0,0,16,1.0,1.0,1.0,1.0,1.0
10000,ZJ-YQB,2021,landsat7,__ALL_YEAR__,year,16,16,16,64,186,1.0,1.0,1.0,1.0,1.0
10000,ZJ-YQB,2021,landsat8,autumn_v0,v0_predeclared,16,16,0,0,45,1.0,1.0,1.0,1.0,1.0
10000,ZJ-YQB,2021,landsat8,summer_v0,v0_predeclared,16,16,0,0,45,1.0,1.0,1.0,1.0,1.0
10000,ZJ-YQB,2021,landsat8,autumn_primary_v1,biological_target_phase,16,16,0,0,61,1.0,1.0,1.0,1.0,1.0
10000,ZJ-YQB,2021,landsat8,early_season_v1,biological_target_phase,16,16,0,0,32,1.0,1.0,1.0,1.0,1.0
10000,ZJ-YQB,2021,landsat8,__ALL_YEAR__,year,16,16,0,0,279,1.0,1.0,1.0,1.0,1.0
10000,ZJ-YQB,2021,sentinel1,autumn_v0,v0_predeclared,16,15,9,51,98,1.0,1.0,1.0,1.0,1.0
10000,ZJ-YQB,2021,sentinel1,summer_v0,v0_predeclared,16,15,9,79,155,1.0,1.0,1.0,1.0,1.0
10000,ZJ-YQB,2021,sentinel1,autumn_primary_v1,biological_target_phase,16,15,9,75,145,1.0,1.0,1.0,1.0,1.0
10000,ZJ-YQB,2021,sentinel1,early_season_v1,biological_target_phase,16,15,9,48,94,1.0,1.0,1.0,1.0,1.0
10000,ZJ-YQB,2021,sentinel1,__ALL_YEAR__,year,16,15,9,445,862,1.0,1.0,1.0,1.0,1.0
10000,ZJ-YQB,2021,sentinel2,autumn_v0,v0_predeclared,16,16,15,106,334,1.0,1.0,1.0,1.0,1.0
10000,ZJ-YQB,2021,sentinel2,summer_v0,v0_predeclared,16,16,1,1,390,1.0,1.0,1.0,1.0,1.0
10000,ZJ-YQB,2021,sentinel2,autumn_primary_v1,biological_target_phase,16,16,15,151,430,1.0,1.0,1.0,1.0,1.0
10000,ZJ-YQB,2021,sentinel2,early_season_v1,biological_target_phase,16,16,15,16,278,1.0,1.0,1.0,1.0,1.0
10000,ZJ-YQB,2021,sentinel2,__ALL_YEAR__,year,16,16,15,392,2454,1.0,1.0,1.0,1.0,1.0
10000,ZJ-YQB,2022,landsat7,autumn_v0,v0_predeclared,16,16,16,42,64,1.0,1.0,1.0,1.0,1.0
10000,ZJ-YQB,2022,landsat7,summer_v0,v0_predeclared,16,16,10,20,96,1.0,1.0,1.0,1.0,1.0
10000,ZJ-YQB,2022,landsat7,autumn_primary_v1,biological_target_phase,16,16,16,42,80,1.0,1.0,1.0,1.0,1.0
10000,ZJ-YQB,2022,landsat7,early_season_v1,biological_target_phase,16,16,0,0,0,1.0,1.0,1.0,1.0,1.0
10000,ZJ-YQB,2022,landsat7,__ALL_YEAR__,year,16,16,16,88,279,1.0,1.0,1.0,1.0,1.0
10000,ZJ-YQB,2022,landsat8,autumn_v0,v0_predeclared,16,16,0,0,45,1.0,1.0,1.0,1.0,1.0
10000,ZJ-YQB,2022,landsat8,summer_v0,v0_predeclared,16,16,0,0,32,1.0,1.0,1.0,1.0,1.0
10000,ZJ-YQB,2022,landsat8,autumn_primary_v1,biological_target_phase,16,16,0,0,61,1.0,1.0,1.0,1.0,1.0
10000,ZJ-YQB,2022,landsat8,early_season_v1,biological_target_phase,16,16,0,0,32,1.0,1.0,1.0,1.0,1.0
10000,ZJ-YQB,2022,landsat8,__ALL_YEAR__,year,16,16,16,64,247,1.0,1.0,1.0,1.0,1.0
10000,ZJ-YQB,2022,landsat9,autumn_v0,v0_predeclared,16,16,0,0,16,1.0,1.0,1.0,1.0,1.0
10000,ZJ-YQB,2022,landsat9,summer_v0,v0_predeclared,16,16,0,0,48,1.0,1.0,1.0,1.0,1.0
10000,ZJ-YQB,2022,landsat9,autumn_primary_v1,biological_target_phase,16,16,0,0,16,1.0,1.0,1.0,1.0,1.0
10000,ZJ-YQB,2022,landsat9,early_season_v1,biological_target_phase,16,16,0,0,16,1.0,1.0,1.0,1.0,1.0
10000,ZJ-YQB,2022,landsat9,__ALL_YEAR__,year,16,16,16,48,202,1.0,1.0,1.0,1.0,1.0
10000,ZJ-YQB,2022,sentinel1,autumn_v0,v0_predeclared,16,15,9,33,65,1.0,1.0,1.0,1.0,1.0
10000,ZJ-YQB,2022,sentinel1,summer_v0,v0_predeclared,16,15,9,51,101,1.0,1.0,1.0,1.0,1.0
10000,ZJ-YQB,2022,sentinel1,autumn_primary_v1,biological_target_phase,16,15,9,48,94,1.0,1.0,1.0,1.0,1.0
10000,ZJ-YQB,2022,sentinel1,early_season_v1,biological_target_phase,16,15,9,27,54,1.0,1.0,1.0,1.0,1.0
10000,ZJ-YQB,2022,sentinel1,__ALL_YEAR__,year,16,15,9,261,519,1.0,1.0,1.0,1.0,1.0
10000,ZJ-YQB,2022,sentinel2,autumn_v0,v0_predeclared,16,16,0,0,304,1.0,1.0,1.0,1.0,1.0
10000,ZJ-YQB,2022,sentinel2,summer_v0,v0_predeclared,16,16,15,15,384,1.0,1.0,1.0,1.0,1.0
10000,ZJ-YQB,2022,sentinel2,autumn_primary_v1,biological_target_phase,16,16,0,0,400,1.0,1.0,1.0,1.0,1.0
10000,ZJ-YQB,2022,sentinel2,early_season_v1,biological_target_phase,16,16,0,0,272,1.0,1.0,1.0,1.0,1.0
10000,ZJ-YQB,2022,sentinel2,__ALL_YEAR__,year,16,16,15,91,2352,1.0,1.0,1.0,1.0,1.0
10000,ZJ-YQB,2023,landsat7,autumn_v0,v0_predeclared,16,16,10,10,29,1.0,1.0,1.0,1.0,1.0
10000,ZJ-YQB,2023,landsat7,summer_v0,v0_predeclared,16,16,0,0,77,1.0,1.0,1.0,1.0,1.0
10000,ZJ-YQB,2023,landsat7,autumn_primary_v1,biological_target_phase,16,16,10,10,42,1.0,1.0,1.0,1.0,1.0
10000,ZJ-YQB,2023,landsat7,early_season_v1,biological_target_phase,16,16,0,0,13,1.0,1.0,1.0,1.0,1.0
10000,ZJ-YQB,2023,landsat7,__ALL_YEAR__,year,16,16,16,65,334,1.0,1.0,1.0,1.0,1.0
10000,ZJ-YQB,2023,landsat8,autumn_v0,v0_predeclared,16,16,0,0,45,1.0,1.0,1.0,1.0,1.0
10000,ZJ-YQB,2023,landsat8,summer_v0,v0_predeclared,16,16,0,0,29,1.0,1.0,1.0,1.0,1.0
10000,ZJ-YQB,2023,landsat8,autumn_primary_v1,biological_target_phase,16,16,0,0,61,1.0,1.0,1.0,1.0,1.0
10000,ZJ-YQB,2023,landsat8,early_season_v1,biological_target_phase,16,16,0,0,0,1.0,1.0,1.0,1.0,1.0
10000,ZJ-YQB,2023,landsat8,__ALL_YEAR__,year,16,16,16,32,244,1.0,1.0,1.0,1.0,1.0
10000,ZJ-YQB,2023,landsat9,autumn_v0,v0_predeclared,16,16,16,16,32,1.0,1.0,1.0,1.0,1.0
10000,ZJ-YQB,2023,landsat9,summer_v0,v0_predeclared,16,16,0,0,45,1.0,1.0,1.0,1.0,1.0
10000,ZJ-YQB,2023,landsat9,autumn_primary_v1,biological_target_phase,16,16,16,16,48,1.0,1.0,1.0,1.0,1.0
10000,ZJ-YQB,2023,landsat9,early_season_v1,biological_target_phase,16,16,0,0,48,1.0,1.0,1.0,1.0,1.0
10000,ZJ-YQB,2023,landsat9,__ALL_YEAR__,year,16,16,16,64,314,1.0,1.0,1.0,1.0,1.0
10000,ZJ-YQB,2023,sentinel1,autumn_v0,v0_predeclared,16,15,9,36,72,1.0,1.0,1.0,1.0,1.0
10000,ZJ-YQB,2023,sentinel1,summer_v0,v0_predeclared,16,15,9,48,97,1.0,1.0,1.0,1.0,1.0
10000,ZJ-YQB,2023,sentinel1,autumn_primary_v1,biological_target_phase,16,15,9,48,97,1.0,1.0,1.0,1.0,1.0
10000,ZJ-YQB,2023,sentinel1,early_season_v1,biological_target_phase,16,15,9,33,65,1.0,1.0,1.0,1.0,1.0
10000,ZJ-YQB,2023,sentinel1,__ALL_YEAR__,year,16,15,9,276,551,1.0,1.0,1.0,1.0,1.0
10000,ZJ-YQB,2023,sentinel2,autumn_v0,v0_predeclared,16,16,15,45,304,1.0,1.0,1.0,1.0,1.0
10000,ZJ-YQB,2023,sentinel2,summer_v0,v0_predeclared,16,16,0,0,384,1.0,1.0,1.0,1.0,1.0
10000,ZJ-YQB,2023,sentinel2,autumn_primary_v1,biological_target_phase,16,16,15,45,400,1.0,1.0,1.0,1.0,1.0
10000,ZJ-YQB,2023,sentinel2,early_season_v1,biological_target_phase,16,16,0,0,272,1.0,1.0,1.0,1.0,1.0
10000,ZJ-YQB,2023,sentinel2,__ALL_YEAR__,year,16,16,15,285,2336,1.0,1.0,1.0,1.0,1.0
10000,ZJ-YQB,2024,landsat8,autumn_v0,v0_predeclared,16,16,0,0,45,1.0,1.0,1.0,1.0,1.0
10000,ZJ-YQB,2024,landsat8,summer_v0,v0_predeclared,16,16,0,0,48,1.0,1.0,1.0,1.0,1.0
10000,ZJ-YQB,2024,landsat8,autumn_primary_v1,biological_target_phase,16,16,0,0,45,1.0,1.0,1.0,1.0,1.0
10000,ZJ-YQB,2024,landsat8,early_season_v1,biological_target_phase,16,16,0,0,29,1.0,1.0,1.0,1.0,1.0
10000,ZJ-YQB,2024,landsat8,__ALL_YEAR__,year,16,16,16,64,263,1.0,1.0,1.0,1.0,1.0
10000,ZJ-YQB,2024,landsat9,autumn_v0,v0_predeclared,16,16,0,0,48,1.0,1.0,1.0,1.0,1.0
10000,ZJ-YQB,2024,landsat9,summer_v0,v0_predeclared,16,16,0,0,45,1.0,1.0,1.0,1.0,1.0
10000,ZJ-YQB,2024,landsat9,autumn_primary_v1,biological_target_phase,16,16,0,0,64,1.0,1.0,1.0,1.0,1.0
10000,ZJ-YQB,2024,landsat9,early_season_v1,biological_target_phase,16,16,0,0,32,1.0,1.0,1.0,1.0,1.0
10000,ZJ-YQB,2024,landsat9,__ALL_YEAR__,year,16,16,16,32,282,1.0,1.0,1.0,1.0,1.0
10000,ZJ-YQB,2024,sentinel1,autumn_v0,v0_predeclared,16,15,9,37,75,0.9532,1.0,1.0,1.0,1.0
10000,ZJ-YQB,2024,sentinel1,summer_v0,v0_predeclared,16,15,9,45,90,0.9532,1.0,1.0,1.0,1.0
10000,ZJ-YQB,2024,sentinel1,autumn_primary_v1,biological_target_phase,16,15,9,46,93,0.9532,1.0,1.0,1.0,1.0
10000,ZJ-YQB,2024,sentinel1,early_season_v1,biological_target_phase,16,15,9,27,54,0.9532,1.0,1.0,1.0,1.0
10000,ZJ-YQB,2024,sentinel1,__ALL_YEAR__,year,16,15,9,271,543,0.9532,1.0,1.0,1.0,1.0
10000,ZJ-YQB,2024,sentinel2,autumn_v0,v0_predeclared,16,16,15,15,304,1.0,1.0,1.0,1.0,1.0
10000,ZJ-YQB,2024,sentinel2,summer_v0,v0_predeclared,16,16,15,15,384,1.0,1.0,1.0,1.0,1.0
10000,ZJ-YQB,2024,sentinel2,autumn_primary_v1,biological_target_phase,16,16,15,30,400,1.0,1.0,1.0,1.0,1.0
10000,ZJ-YQB,2024,sentinel2,early_season_v1,biological_target_phase,16,16,0,0,272,1.0,1.0,1.0,1.0,1.0
10000,ZJ-YQB,2024,sentinel2,__ALL_YEAR__,year,16,16,15,240,2336,1.0,1.0,1.0,1.0,1.0
10000,ZJ-YQB,2025,landsat8,autumn_v0,v0_predeclared,16,16,0,0,32,1.0,1.0,1.0,1.0,1.0
10000,ZJ-YQB,2025,landsat8,summer_v0,v0_predeclared,16,16,0,0,45,1.0,1.0,1.0,1.0,1.0
10000,ZJ-YQB,2025,landsat8,autumn_primary_v1,biological_target_phase,16,16,0,0,48,1.0,1.0,1.0,1.0,1.0
10000,ZJ-YQB,2025,landsat8,early_season_v1,biological_target_phase,16,16,16,16,32,1.0,1.0,1.0,1.0,1.0
10000,ZJ-YQB,2025,landsat8,__ALL_YEAR__,year,16,16,16,96,298,1.0,1.0,1.0,1.0,1.0
10000,ZJ-YQB,2025,landsat9,autumn_v0,v0_predeclared,16,16,0,0,45,1.0,1.0,1.0,1.0,1.0
10000,ZJ-YQB,2025,landsat9,summer_v0,v0_predeclared,16,16,0,0,45,1.0,1.0,1.0,1.0,1.0
10000,ZJ-YQB,2025,landsat9,autumn_primary_v1,biological_target_phase,16,16,0,0,61,1.0,1.0,1.0,1.0,1.0
10000,ZJ-YQB,2025,landsat9,early_season_v1,biological_target_phase,16,16,16,16,16,1.0,1.0,1.0,1.0,1.0
10000,ZJ-YQB,2025,landsat9,__ALL_YEAR__,year,16,16,16,64,263,1.0,1.0,1.0,1.0,1.0
10000,ZJ-YQB,2025,sentinel1,autumn_v0,v0_predeclared,16,15,9,36,72,1.0,1.0,1.0,1.0,1.0
10000,ZJ-YQB,2025,sentinel1,summer_v0,v0_predeclared,16,15,9,45,90,1.0,1.0,1.0,1.0,1.0
10000,ZJ-YQB,2025,sentinel1,autumn_primary_v1,biological_target_phase,16,15,9,45,90,1.0,1.0,1.0,1.0,1.0
10000,ZJ-YQB,2025,sentinel1,early_season_v1,biological_target_phase,16,15,9,33,65,1.0,1.0,1.0,1.0,1.0
10000,ZJ-YQB,2025,sentinel1,__ALL_YEAR__,year,16,15,9,270,537,1.0,1.0,1.0,1.0,1.0
10000,ZJ-YQB,2025,sentinel2,autumn_v0,v0_predeclared,16,16,15,15,320,1.0,1.0,1.0,1.0,1.0
10000,ZJ-YQB,2025,sentinel2,summer_v0,v0_predeclared,16,16,15,15,464,1.0,1.0,1.0,1.0,1.0
10000,ZJ-YQB,2025,sentinel2,autumn_primary_v1,biological_target_phase,16,16,15,15,432,1.0,1.0,1.0,1.0,1.0
10000,ZJ-YQB,2025,sentinel2,early_season_v1,biological_target_phase,16,16,0,0,320,1.0,1.0,1.0,1.0,1.0
10000,ZJ-YQB,2025,sentinel2,__ALL_YEAR__,year,16,16,15,285,2672,1.0,1.0,1.0,1.0,1.0
10000,ZJ-YQB,2026,landsat8,autumn_v0,v0_predeclared,16,16,0,0,16,1.0,1.0,1.0,1.0,1.0
10000,ZJ-YQB,2026,landsat8,summer_v0,v0_predeclared,16,16,0,0,45,1.0,1.0,1.0,1.0,1.0
10000,ZJ-YQB,2026,landsat8,autumn_primary_v1,biological_target_phase,16,16,0,0,16,1.0,1.0,1.0,1.0,1.0
10000,ZJ-YQB,2026,landsat8,early_season_v1,biological_target_phase,16,16,0,0,45,1.0,1.0,1.0,1.0,1.0
10000,ZJ-YQB,2026,landsat8,__ALL_YEAR__,year,16,16,16,32,183,1.0,1.0,1.0,1.0,1.0
10000,ZJ-YQB,2026,landsat9,autumn_v0,v0_predeclared,16,16,0,0,16,1.0,1.0,1.0,1.0,1.0
10000,ZJ-YQB,2026,landsat9,summer_v0,v0_predeclared,16,16,16,16,48,1.0,1.0,1.0,1.0,1.0
10000,ZJ-YQB,2026,landsat9,autumn_primary_v1,biological_target_phase,16,16,0,0,16,1.0,1.0,1.0,1.0,1.0
10000,ZJ-YQB,2026,landsat9,early_season_v1,biological_target_phase,16,16,0,0,16,1.0,1.0,1.0,1.0,1.0
10000,ZJ-YQB,2026,landsat9,__ALL_YEAR__,year,16,16,16,32,176,1.0,1.0,1.0,1.0,1.0
10000,ZJ-YQB,2026,sentinel1,autumn_v0,v0_predeclared,16,15,9,9,18,0.9532,1.0,1.0,1.0,1.0
10000,ZJ-YQB,2026,sentinel1,summer_v0,v0_predeclared,16,15,9,57,112,0.9532,1.0,1.0,1.0,1.0
10000,ZJ-YQB,2026,sentinel1,autumn_primary_v1,biological_target_phase,16,15,9,9,18,0.9532,1.0,1.0,1.0,1.0
10000,ZJ-YQB,2026,sentinel1,early_season_v1,biological_target_phase,16,15,9,30,61,0.9532,1.0,1.0,1.0,1.0
10000,ZJ-YQB,2026,sentinel1,__ALL_YEAR__,year,16,15,9,210,421,0.9532,1.0,1.0,1.0,1.0
10000,ZJ-YQB,2026,sentinel2,autumn_v0,v0_predeclared,16,16,0,0,128,1.0,1.0,1.0,1.0,1.0
10000,ZJ-YQB,2026,sentinel2,summer_v0,v0_predeclared,16,16,0,0,496,1.0,1.0,1.0,1.0,1.0
10000,ZJ-YQB,2026,sentinel2,autumn_primary_v1,biological_target_phase,16,16,0,0,128,1.0,1.0,1.0,1.0,1.0
10000,ZJ-YQB,2026,sentinel2,early_season_v1,biological_target_phase,16,16,0,0,320,1.0,1.0,1.0,1.0,1.0
10000,ZJ-YQB,2026,sentinel2,__ALL_YEAR__,year,16,16,15,120,2096,1.0,1.0,1.0,1.0,1.0
20000,ZJ-HZB,1985,landsat5,autumn_v0,v0_predeclared,23,23,0,0,23,1.0,1.0,1.0,1.0,1.0
20000,ZJ-HZB,1985,landsat5,summer_v0,v0_predeclared,23,23,23,31,74,1.0,1.0,1.0,1.0,1.0
20000,ZJ-HZB,1985,landsat5,autumn_primary_v1,biological_target_phase,23,23,0,0,23,1.0,1.0,1.0,1.0,1.0
20000,ZJ-HZB,1985,landsat5,early_season_v1,biological_target_phase,23,23,0,0,0,1.0,1.0,1.0,1.0,1.0
20000,ZJ-HZB,1985,landsat5,__ALL_YEAR__,year,23,23,23,101,259,1.0,1.0,1.0,1.0,1.0
20000,ZJ-HZB,1986,landsat5,autumn_v0,v0_predeclared,23,23,0,0,14,1.0,1.0,1.0,1.0,1.0
20000,ZJ-HZB,1986,landsat5,summer_v0,v0_predeclared,23,23,8,8,74,1.0,1.0,1.0,1.0,1.0
20000,ZJ-HZB,1986,landsat5,autumn_primary_v1,biological_target_phase,23,23,0,0,14,1.0,1.0,1.0,1.0,1.0
20000,ZJ-HZB,1986,landsat5,early_season_v1,biological_target_phase,23,23,0,0,0,1.0,1.0,1.0,1.0,1.0
20000,ZJ-HZB,1986,landsat5,__ALL_YEAR__,year,23,23,23,108,254,1.0,1.0,1.0,1.0,1.0
20000,ZJ-HZB,1987,landsat5,autumn_v0,v0_predeclared,23,23,23,31,74,1.0,1.0,1.0,1.0,1.0
20000,ZJ-HZB,1987,landsat5,summer_v0,v0_predeclared,23,23,8,8,111,1.0,1.0,1.0,1.0,1.0
20000,ZJ-HZB,1987,landsat5,autumn_primary_v1,biological_target_phase,23,23,23,31,97,1.0,1.0,1.0,1.0,1.0
20000,ZJ-HZB,1987,landsat5,early_season_v1,biological_target_phase,23,23,23,23,51,1.0,1.0,1.0,1.0,1.0
20000,ZJ-HZB,1987,landsat5,__ALL_YEAR__,year,23,23,23,101,513,1.0,1.0,1.0,1.0,1.0
20000,ZJ-HZB,1988,landsat5,autumn_v0,v0_predeclared,23,23,0,0,51,1.0,1.0,1.0,1.0,1.0
20000,ZJ-HZB,1988,landsat5,summer_v0,v0_predeclared,23,23,23,46,83,1.0,1.0,1.0,1.0,1.0
20000,ZJ-HZB,1988,landsat5,autumn_primary_v1,biological_target_phase,23,23,8,8,88,1.0,1.0,1.0,1.0,1.0
20000,ZJ-HZB,1988,landsat5,early_season_v1,biological_target_phase,23,23,8,8,37,1.0,1.0,1.0,1.0,1.0
20000,ZJ-HZB,1988,landsat5,__ALL_YEAR__,year,23,23,23,147,504,1.0,1.0,1.0,1.0,1.0
20000,ZJ-HZB,1989,landsat5,autumn_v0,v0_predeclared,23,23,8,8,88,1.0,1.0,1.0,1.0,1.0
20000,ZJ-HZB,1989,landsat5,summer_v0,v0_predeclared,23,23,8,8,74,1.0,1.0,1.0,1.0,1.0
20000,ZJ-HZB,1989,landsat5,autumn_primary_v1,biological_target_phase,23,23,8,8,111,1.0,1.0,1.0,1.0,1.0
20000,ZJ-HZB,1989,landsat5,early_season_v1,biological_target_phase,23,23,8,8,51,1.0,1.0,1.0,1.0,1.0
20000,ZJ-HZB,1989,landsat5,__ALL_YEAR__,year,23,23,23,109,430,1.0,1.0,1.0,1.0,1.0
20000,ZJ-HZB,1990,landsat5,autumn_v0,v0_predeclared,23,23,8,8,14,1.0,1.0,1.0,1.0,1.0
20000,ZJ-HZB,1990,landsat5,summer_v0,v0_predeclared,23,23,8,16,125,1.0,1.0,1.0,1.0,1.0
20000,ZJ-HZB,1990,landsat5,autumn_primary_v1,biological_target_phase,23,23,8,8,37,1.0,1.0,1.0,1.0,1.0
20000,ZJ-HZB,1990,landsat5,early_season_v1,biological_target_phase,23,23,23,23,83,1.0,1.0,1.0,1.0,1.0
20000,ZJ-HZB,1990,landsat5,__ALL_YEAR__,year,23,23,23,116,490,1.0,1.0,1.0,1.0,1.0
20000,ZJ-HZB,1991,landsat5,autumn_v0,v0_predeclared,23,23,23,39,74,1.0,1.0,1.0,1.0,1.0
20000,ZJ-HZB,1991,landsat5,summer_v0,v0_predeclared,23,23,23,31,74,1.0,1.0,1.0,1.0,1.0
20000,ZJ-HZB,1991,landsat5,autumn_primary_v1,biological_target_phase,23,23,23,47,88,1.0,1.0,1.0,1.0,1.0
20000,ZJ-HZB,1991,landsat5,early_season_v1,biological_target_phase,23,23,8,8,60,1.0,1.0,1.0,1.0,1.0
20000,ZJ-HZB,1991,landsat5,__ALL_YEAR__,year,23,23,23,164,472,1.0,1.0,1.0,1.0,1.0
20000,ZJ-HZB,1992,landsat5,autumn_v0,v0_predeclared,23,23,8,8,111,1.0,1.0,1.0,1.0,1.0
20000,ZJ-HZB,1992,landsat5,summer_v0,v0_predeclared,23,23,23,39,88,1.0,1.0,1.0,1.0,1.0
20000,ZJ-HZB,1992,landsat5,autumn_primary_v1,biological_target_phase,23,23,8,8,125,1.0,1.0,1.0,1.0,1.0
20000,ZJ-HZB,1992,landsat5,early_season_v1,biological_target_phase,23,23,8,16,42,1.0,1.0,1.0,1.0,1.0
20000,ZJ-HZB,1992,landsat5,__ALL_YEAR__,year,23,23,23,172,551,1.0,1.0,1.0,1.0,1.0
20000,ZJ-HZB,1993,landsat5,autumn_v0,v0_predeclared,23,23,8,16,28,1.0,1.0,1.0,1.0,1.0
20000,ZJ-HZB,1993,landsat5,summer_v0,v0_predeclared,23,23,23,31,125,1.0,1.0,1.0,1.0,1.0
20000,ZJ-HZB,1993,landsat5,autumn_primary_v1,biological_target_phase,23,23,8,16,51,1.0,1.0,1.0,1.0,1.0
20000,ZJ-HZB,1993,landsat5,early_season_v1,biological_target_phase,23,23,8,8,28,1.0,1.0,1.0,1.0,1.0
20000,ZJ-HZB,1993,landsat5,__ALL_YEAR__,year,23,23,23,125,412,1.0,1.0,1.0,1.0,1.0
20000,ZJ-HZB,1994,landsat5,autumn_v0,v0_predeclared,23,23,0,0,46,1.0,1.0,1.0,1.0,1.0
20000,ZJ-HZB,1994,landsat5,summer_v0,v0_predeclared,23,23,23,23,60,1.0,1.0,1.0,1.0,1.0
20000,ZJ-HZB,1994,landsat5,autumn_primary_v1,biological_target_phase,23,23,0,0,46,1.0,1.0,1.0,1.0,1.0
20000,ZJ-HZB,1994,landsat5,early_season_v1,biological_target_phase,23,23,23,31,51,1.0,1.0,1.0,1.0,1.0
20000,ZJ-HZB,1994,landsat5,__ALL_YEAR__,year,23,23,23,70,370,1.0,1.0,1.0,1.0,1.0
20000,ZJ-HZB,1995,landsat5,autumn_v0,v0_predeclared,23,23,8,8,37,1.0,1.0,1.0,1.0,1.0
20000,ZJ-HZB,1995,landsat5,summer_v0,v0_predeclared,23,23,8,8,60,1.0,1.0,1.0,1.0,1.0
20000,ZJ-HZB,1995,landsat5,autumn_primary_v1,biological_target_phase,23,23,23,31,74,1.0,1.0,1.0,1.0,1.0
20000,ZJ-HZB,1995,landsat5,early_season_v1,biological_target_phase,23,23,0,0,60,1.0,1.0,1.0,1.0,1.0
20000,ZJ-HZB,1995,landsat5,__ALL_YEAR__,year,23,23,23,148,504,1.0,1.0,1.0,1.0,1.0
20000,ZJ-HZB,1996,landsat5,autumn_v0,v0_predeclared,23,23,23,23,60,1.0,1.0,1.0,1.0,1.0
20000,ZJ-HZB,1996,landsat5,summer_v0,v0_predeclared,23,23,8,8,148,1.0,1.0,1.0,1.0,1.0
20000,ZJ-HZB,1996,landsat5,autumn_primary_v1,biological_target_phase,23,23,23,23,60,1.0,1.0,1.0,1.0,1.0
20000,ZJ-HZB,1996,landsat5,early_season_v1,biological_target_phase,23,23,0,0,74,1.0,1.0,1.0,1.0,1.0
20000,ZJ-HZB,1996,landsat5,__ALL_YEAR__,year,23,23,23,86,584,1.0,1.0,1.0,1.0,1.0
20000,ZJ-HZB,1997,landsat5,autumn_v0,v0_predeclared,23,23,23,54,60,1.0,1.0,1.0,1.0,1.0
20000,ZJ-HZB,1997,landsat5,summer_v0,v0_predeclared,23,23,8,8,97,1.0,1.0,1.0,1.0,1.0
20000,ZJ-HZB,1997,landsat5,autumn_primary_v1,biological_target_phase,23,23,23,54,60,1.0,1.0,1.0,1.0,1.0
20000,ZJ-HZB,1997,landsat5,early_season_v1,biological_target_phase,23,23,8,16,74,1.0,1.0,1.0,1.0,1.0
20000,ZJ-HZB,1997,landsat5,__ALL_YEAR__,year,23,23,23,118,551,1.0,1.0,1.0,1.0,1.0
20000,ZJ-HZB,1998,landsat5,autumn_v0,v0_predeclared,23,23,0,0,16,1.0,1.0,1.0,1.0,1.0
20000,ZJ-HZB,1998,landsat5,summer_v0,v0_predeclared,23,23,8,8,61,1.0,1.0,1.0,1.0,1.0
20000,ZJ-HZB,1998,landsat5,autumn_primary_v1,biological_target_phase,23,23,23,31,53,1.0,1.0,1.0,1.0,1.0
20000,ZJ-HZB,1998,landsat5,early_season_v1,biological_target_phase,23,23,0,0,88,1.0,1.0,1.0,1.0,1.0
20000,ZJ-HZB,1998,landsat5,__ALL_YEAR__,year,23,23,23,109,434,1.0,1.0,1.0,1.0,1.0
20000,ZJ-HZB,1999,landsat5,autumn_v0,v0_predeclared,23,23,23,39,51,1.0,1.0,1.0,1.0,1.0
20000,ZJ-HZB,1999,landsat5,summer_v0,v0_predeclared,23,23,0,0,46,1.0,1.0,1.0,1.0,1.0
20000,ZJ-HZB,1999,landsat5,autumn_primary_v1,biological_target_phase,23,23,23,39,65,1.0,1.0,1.0,1.0,1.0
20000,ZJ-HZB,1999,landsat5,early_season_v1,biological_target_phase,23,23,0,0,15,1.0,1.0,1.0,1.0,1.0
20000,ZJ-HZB,1999,landsat5,__ALL_YEAR__,year,23,23,23,117,386,1.0,1.0,1.0,1.0,1.0
20000,ZJ-HZB,1999,landsat7,autumn_v0,v0_predeclared,23,23,8,16,51,1.0,1.0,1.0,1.0,1.0
20000,ZJ-HZB,1999,landsat7,summer_v0,v0_predeclared,23,23,0,0,0,1.0,1.0,1.0,1.0,1.0
20000,ZJ-HZB,1999,landsat7,autumn_primary_v1,biological_target_phase,23,23,23,39,74,1.0,1.0,1.0,1.0,1.0
20000,ZJ-HZB,1999,landsat7,early_season_v1,biological_target_phase,23,23,0,0,0,1.0,1.0,1.0,1.0,1.0
20000,ZJ-HZB,1999,landsat7,__ALL_YEAR__,year,23,23,23,78,171,1.0,1.0,1.0,1.0,1.0
20000,ZJ-HZB,2000,landsat5,autumn_v0,v0_predeclared,23,23,8,8,88,1.0,1.0,1.0,1.0,1.0
20000,ZJ-HZB,2000,landsat5,summer_v0,v0_predeclared,23,23,8,16,111,1.0,1.0,1.0,1.0,1.0
20000,ZJ-HZB,2000,landsat5,autumn_primary_v1,biological_target_phase,23,23,8,16,103,1.0,1.0,1.0,1.0,1.0
20000,ZJ-HZB,2000,landsat5,early_season_v1,biological_target_phase,23,23,8,16,111,1.0,1.0,1.0,1.0,1.0
20000,ZJ-HZB,2000,landsat5,__ALL_YEAR__,year,23,23,23,95,663,1.0,1.0,1.0,1.0,1.0
20000,ZJ-HZB,2000,landsat7,autumn_v0,v0_predeclared,23,23,23,31,88,1.0,1.0,1.0,1.0,1.0
20000,ZJ-HZB,2000,landsat7,summer_v0,v0_predeclared,23,23,23,31,111,1.0,1.0,1.0,1.0,1.0
20000,ZJ-HZB,2000,landsat7,autumn_primary_v1,biological_target_phase,23,23,23,31,111,1.0,1.0,1.0,1.0,1.0
20000,ZJ-HZB,2000,landsat7,early_season_v1,biological_target_phase,23,23,8,16,75,1.0,1.0,1.0,1.0,1.0
20000,ZJ-HZB,2000,landsat7,__ALL_YEAR__,year,23,23,23,140,579,1.0,1.0,1.0,1.0,1.0
20000,ZJ-HZB,2001,landsat5,autumn_v0,v0_predeclared,23,23,0,0,60,1.0,1.0,1.0,1.0,1.0
20000,ZJ-HZB,2001,landsat5,summer_v0,v0_predeclared,23,23,8,16,111,1.0,1.0,1.0,1.0,1.0
20000,ZJ-HZB,2001,landsat5,autumn_primary_v1,biological_target_phase,23,23,23,23,97,1.0,1.0,1.0,1.0,1.0
20000,ZJ-HZB,2001,landsat5,early_season_v1,biological_target_phase,23,23,23,23,61,1.0,1.0,1.0,1.0,1.0
20000,ZJ-HZB,2001,landsat5,__ALL_YEAR__,year,23,23,23,172,593,1.0,1.0,1.0,1.0,1.0
20000,ZJ-HZB,2001,landsat7,autumn_v0,v0_predeclared,23,23,8,16,88,1.0,1.0,1.0,1.0,1.0
20000,ZJ-HZB,2001,landsat7,summer_v0,v0_predeclared,23,23,23,31,134,1.0,1.0,1.0,1.0,1.0
20000,ZJ-HZB,2001,landsat7,autumn_primary_v1,biological_target_phase,23,23,8,24,125,1.0,1.0,1.0,1.0,1.0
20000,ZJ-HZB,2001,landsat7,early_season_v1,biological_target_phase,23,23,8,8,60,1.0,1.0,1.0,1.0,1.0
20000,ZJ-HZB,2001,landsat7,__ALL_YEAR__,year,23,23,23,156,624,1.0,1.0,1.0,1.0,1.0
20000,ZJ-HZB,2002,landsat5,autumn_v0,v0_predeclared,23,23,23,47,88,1.0,1.0,1.0,1.0,1.0
20000,ZJ-HZB,2002,landsat5,summer_v0,v0_predeclared,23,23,23,46,46,1.0,1.0,1.0,1.0,1.0
20000,ZJ-HZB,2002,landsat5,autumn_primary_v1,biological_target_phase,23,23,23,47,102,1.0,1.0,1.0,1.0,1.0
20000,ZJ-HZB,2002,landsat5,early_season_v1,biological_target_phase,23,23,0,0,14,1.0,1.0,1.0,1.0,1.0
20000,ZJ-HZB,2002,landsat5,__ALL_YEAR__,year,23,23,23,178,384,1.0,1.0,1.0,1.0,1.0
20000,ZJ-HZB,2002,landsat7,autumn_v0,v0_predeclared,23,23,0,0,74,1.0,1.0,1.0,1.0,1.0
20000,ZJ-HZB,2002,landsat7,summer_v0,v0_predeclared,23,23,8,16,111,1.0,1.0,1.0,1.0,1.0
20000,ZJ-HZB,2002,landsat7,autumn_primary_v1,biological_target_phase,23,23,23,31,111,1.0,1.0,1.0,1.0,1.0
20000,ZJ-HZB,2002,landsat7,early_season_v1,biological_target_phase,23,23,8,8,37,1.0,1.0,1.0,1.0,1.0
20000,ZJ-HZB,2002,landsat7,__ALL_YEAR__,year,23,23,23,179,593,1.0,1.0,1.0,1.0,1.0
20000,ZJ-HZB,2003,landsat5,autumn_v0,v0_predeclared,23,23,23,39,74,1.0,1.0,1.0,1.0,1.0
20000,ZJ-HZB,2003,landsat5,summer_v0,v0_predeclared,23,23,8,8,111,1.0,1.0,1.0,1.0,1.0
20000,ZJ-HZB,2003,landsat5,autumn_primary_v1,biological_target_phase,23,23,23,47,88,1.0,1.0,1.0,1.0,1.0
20000,ZJ-HZB,2003,landsat5,early_season_v1,biological_target_phase,23,23,0,0,0,1.0,1.0,1.0,1.0,1.0
20000,ZJ-HZB,2003,landsat5,__ALL_YEAR__,year,23,23,23,125,495,1.0,1.0,1.0,1.0,1.0
20000,ZJ-HZB,2003,landsat7,autumn_v0,v0_predeclared,23,23,23,46,74,1.0,1.0,1.0,1.0,1.0
20000,ZJ-HZB,2003,landsat7,summer_v0,v0_predeclared,23,23,23,23,23,1.0,1.0,1.0,1.0,1.0
20000,ZJ-HZB,2003,landsat7,autumn_primary_v1,biological_target_phase,23,23,23,54,111,1.0,1.0,1.0,1.0,1.0
20000,ZJ-HZB,2003,landsat7,early_season_v1,biological_target_phase,23,23,23,23,51,1.0,1.0,1.0,1.0,1.0
20000,ZJ-HZB,2003,landsat7,__ALL_YEAR__,year,23,23,23,218,440,1.0,1.0,1.0,1.0,1.0
20000,ZJ-HZB,2004,landsat5,autumn_v0,v0_predeclared,23,23,8,24,65,1.0,1.0,1.0,1.0,1.0
20000,ZJ-HZB,2004,landsat5,summer_v0,v0_predeclared,23,23,8,16,111,1.0,1.0,1.0,1.0,1.0
20000,ZJ-HZB,2004,landsat5,autumn_primary_v1,biological_target_phase,23,23,8,24,79,1.0,1.0,1.0,1.0,1.0
20000,ZJ-HZB,2004,landsat5,early_season_v1,biological_target_phase,23,23,0,0,14,1.0,1.0,1.0,1.0,1.0
20000,ZJ-HZB,2004,landsat5,__ALL_YEAR__,year,23,23,23,156,532,1.0,1.0,1.0,1.0,1.0
20000,ZJ-HZB,2004,landsat7,autumn_v0,v0_predeclared,23,23,23,54,97,1.0,1.0,1.0,1.0,1.0
20000,ZJ-HZB,2004,landsat7,summer_v0,v0_predeclared,23,23,8,8,120,1.0,1.0,1.0,1.0,1.0
20000,ZJ-HZB,2004,landsat7,autumn_primary_v1,biological_target_phase,23,23,23,54,111,1.0,1.0,1.0,1.0,1.0
20000,ZJ-HZB,2004,landsat7,early_season_v1,biological_target_phase,23,23,0,0,60,1.0,1.0,1.0,1.0,1.0
20000,ZJ-HZB,2004,landsat7,__ALL_YEAR__,year,23,23,23,141,602,1.0,1.0,1.0,1.0,1.0
20000,ZJ-HZB,2005,landsat5,autumn_v0,v0_predeclared,23,23,8,16,74,1.0,1.0,1.0,1.0,1.0
20000,ZJ-HZB,2005,landsat5,summer_v0,v0_predeclared,23,23,23,23,134,1.0,1.0,1.0,1.0,1.0
20000,ZJ-HZB,2005,landsat5,autumn_primary_v1,biological_target_phase,23,23,8,16,88,1.0,1.0,1.0,1.0,1.0
20000,ZJ-HZB,2005,landsat5,early_season_v1,biological_target_phase,23,23,0,0,74,1.0,1.0,1.0,1.0,1.0
20000,ZJ-HZB,2005,landsat5,__ALL_YEAR__,year,23,23,23,86,491,1.0,1.0,1.0,1.0,1.0
20000,ZJ-HZB,2005,landsat7,autumn_v0,v0_predeclared,23,23,23,23,37,1.0,1.0,1.0,1.0,1.0
20000,ZJ-HZB,2005,landsat7,summer_v0,v0_predeclared,23,23,23,39,134,1.0,1.0,1.0,1.0,1.0
20000,ZJ-HZB,2005,landsat7,autumn_primary_v1,biological_target_phase,23,23,23,23,38,1.0,1.0,1.0,1.0,1.0
20000,ZJ-HZB,2005,landsat7,early_season_v1,biological_target_phase,23,23,0,0,52,1.0,1.0,1.0,1.0,1.0
20000,ZJ-HZB,2005,landsat7,__ALL_YEAR__,year,23,23,23,156,589,1.0,1.0,1.0,1.0,1.0
20000,ZJ-HZB,2006,landsat5,autumn_v0,v0_predeclared,23,23,23,39,111,1.0,1.0,1.0,1.0,1.0
20000,ZJ-HZB,2006,landsat5,summer_v0,v0_predeclared,23,23,0,0,83,1.0,1.0,1.0,1.0,1.0
20000,ZJ-HZB,2006,landsat5,autumn_primary_v1,biological_target_phase,23,23,23,39,125,1.0,1.0,1.0,1.0,1.0
20000,ZJ-HZB,2006,landsat5,early_season_v1,biological_target_phase,23,23,8,16,51,1.0,1.0,1.0,1.0,1.0
20000,ZJ-HZB,2006,landsat5,__ALL_YEAR__,year,23,23,23,148,518,1.0,1.0,1.0,1.0,1.0
20000,ZJ-HZB,2006,landsat7,autumn_v0,v0_predeclared,23,23,23,31,60,1.0,1.0,1.0,1.0,1.0
20000,ZJ-HZB,2006,landsat7,summer_v0,v0_predeclared,23,23,0,0,52,1.0,1.0,1.0,1.0,1.0
20000,ZJ-HZB,2006,landsat7,autumn_primary_v1,biological_target_phase,23,23,23,31,83,1.0,1.0,1.0,1.0,1.0
20000,ZJ-HZB,2006,landsat7,early_season_v1,biological_target_phase,23,23,0,0,75,1.0,1.0,1.0,1.0,1.0
20000,ZJ-HZB,2006,landsat7,__ALL_YEAR__,year,23,23,23,102,580,1.0,1.0,1.0,1.0,1.0
20000,ZJ-HZB,2007,landsat5,autumn_v0,v0_predeclared,23,23,0,0,23,1.0,1.0,1.0,1.0,1.0
20000,ZJ-HZB,2007,landsat5,summer_v0,v0_predeclared,23,23,23,23,134,1.0,1.0,1.0,1.0,1.0
20000,ZJ-HZB,2007,landsat5,autumn_primary_v1,biological_target_phase,23,23,0,0,23,1.0,1.0,1.0,1.0,1.0
20000,ZJ-HZB,2007,landsat5,early_season_v1,biological_target_phase,23,23,0,0,46,1.0,1.0,1.0,1.0,1.0
20000,ZJ-HZB,2007,landsat5,__ALL_YEAR__,year,23,23,23,101,453,1.0,1.0,1.0,1.0,1.0
20000,ZJ-HZB,2007,landsat7,autumn_v0,v0_predeclared,23,23,0,0,65,1.0,1.0,1.0,1.0,1.0
20000,ZJ-HZB,2007,landsat7,summer_v0,v0_predeclared,23,23,0,0,37,1.0,1.0,1.0,1.0,1.0
20000,ZJ-HZB,2007,landsat7,autumn_primary_v1,biological_target_phase,23,23,0,0,88,1.0,1.0,1.0,1.0,1.0
20000,ZJ-HZB,2007,landsat7,early_season_v1,biological_target_phase,23,23,23,54,74,1.0,1.0,1.0,1.0,1.0
20000,ZJ-HZB,2007,landsat7,__ALL_YEAR__,year,23,23,23,132,485,1.0,1.0,1.0,1.0,1.0
20000,ZJ-HZB,2008,landsat5,autumn_v0,v0_predeclared,23,23,23,31,83,1.0,1.0,1.0,1.0,1.0
20000,ZJ-HZB,2008,landsat5,summer_v0,v0_predeclared,23,23,23,39,88,1.0,1.0,1.0,1.0,1.0
20000,ZJ-HZB,2008,landsat5,autumn_primary_v1,biological_target_phase,23,23,23,31,83,1.0,1.0,1.0,1.0,1.0
20000,ZJ-HZB,2008,landsat5,early_season_v1,biological_target_phase,23,23,23,54,97,1.0,1.0,1.0,1.0,1.0
20000,ZJ-HZB,2008,landsat5,__ALL_YEAR__,year,23,23,23,163,481,1.0,1.0,1.0,1.0,1.0
20000,ZJ-HZB,2008,landsat7,autumn_v0,v0_predeclared,23,23,0,0,74,1.0,1.0,1.0,1.0,1.0
20000,ZJ-HZB,2008,landsat7,summer_v0,v0_predeclared,23,23,23,23,92,1.0,1.0,1.0,1.0,1.0
20000,ZJ-HZB,2008,landsat7,autumn_primary_v1,biological_target_phase,23,23,0,0,97,1.0,1.0,1.0,1.0,1.0
20000,ZJ-HZB,2008,landsat7,early_season_v1,biological_target_phase,23,23,8,16,88,1.0,1.0,1.0,1.0,1.0
20000,ZJ-HZB,2008,landsat7,__ALL_YEAR__,year,23,23,23,94,610,1.0,1.0,1.0,1.0,1.0
20000,ZJ-HZB,2009,landsat5,autumn_v0,v0_predeclared,23,23,23,23,97,1.0,1.0,1.0,1.0,1.0
20000,ZJ-HZB,2009,landsat5,summer_v0,v0_predeclared,23,23,23,31,111,1.0,1.0,1.0,1.0,1.0
20000,ZJ-HZB,2009,landsat5,autumn_primary_v1,biological_target_phase,23,23,23,23,120,1.0,1.0,1.0,1.0,1.0
20000,ZJ-HZB,2009,landsat5,early_season_v1,biological_target_phase,23,23,23,23,83,1.0,1.0,1.0,1.0,1.0
20000,ZJ-HZB,2009,landsat5,__ALL_YEAR__,year,23,23,23,147,462,1.0,1.0,1.0,1.0,1.0
20000,ZJ-HZB,2009,landsat7,autumn_v0,v0_predeclared,23,23,23,39,74,1.0,1.0,1.0,1.0,1.0
20000,ZJ-HZB,2009,landsat7,summer_v0,v0_predeclared,23,23,0,0,74,1.0,1.0,1.0,1.0,1.0
20000,ZJ-HZB,2009,landsat7,autumn_primary_v1,biological_target_phase,23,23,23,47,111,1.0,1.0,1.0,1.0,1.0
20000,ZJ-HZB,2009,landsat7,early_season_v1,biological_target_phase,23,23,0,0,74,1.0,1.0,1.0,1.0,1.0
20000,ZJ-HZB,2009,landsat7,__ALL_YEAR__,year,23,23,23,164,500,1.0,1.0,1.0,1.0,1.0
20000,ZJ-HZB,2010,landsat5,autumn_v0,v0_predeclared,23,23,0,0,37,1.0,1.0,1.0,1.0,1.0
20000,ZJ-HZB,2010,landsat5,summer_v0,v0_predeclared,23,23,0,0,46,1.0,1.0,1.0,1.0,1.0
20000,ZJ-HZB,2010,landsat5,autumn_primary_v1,biological_target_phase,23,23,23,23,60,1.0,1.0,1.0,1.0,1.0
20000,ZJ-HZB,2010,landsat5,early_season_v1,biological_target_phase,23,23,23,31,60,1.0,1.0,1.0,1.0,1.0
20000,ZJ-HZB,2010,landsat5,__ALL_YEAR__,year,23,23,23,147,411,1.0,1.0,1.0,1.0,1.0
20000,ZJ-HZB,2010,landsat7,autumn_v0,v0_predeclared,23,23,23,31,74,1.0,1.0,1.0,1.0,1.0
20000,ZJ-HZB,2010,landsat7,summer_v0,v0_predeclared,23,23,8,8,51,1.0,1.0,1.0,1.0,1.0
20000,ZJ-HZB,2010,landsat7,autumn_primary_v1,biological_target_phase,23,23,23,31,74,1.0,1.0,1.0,1.0,1.0
20000,ZJ-HZB,2010,landsat7,early_season_v1,biological_target_phase,23,23,23,31,60,1.0,1.0,1.0,1.0,1.0
20000,ZJ-HZB,2010,landsat7,__ALL_YEAR__,year,23,23,23,218,532,1.0,1.0,1.0,1.0,1.0
20000,ZJ-HZB,2011,landsat5,autumn_v0,v0_predeclared,23,23,0,0,23,1.0,1.0,1.0,1.0,1.0
20000,ZJ-HZB,2011,landsat5,summer_v0,v0_predeclared,23,23,23,31,74,1.0,1.0,1.0,1.0,1.0
20000,ZJ-HZB,2011,landsat5,autumn_primary_v1,biological_target_phase,23,23,0,0,23,1.0,1.0,1.0,1.0,1.0
20000,ZJ-HZB,2011,landsat5,early_season_v1,biological_target_phase,23,23,8,8,51,1.0,1.0,1.0,1.0,1.0
20000,ZJ-HZB,2011,landsat5,__ALL_YEAR__,year,23,23,23,86,407,1.0,1.0,1.0,1.0,1.0
20000,ZJ-HZB,2011,landsat7,autumn_v0,v0_predeclared,23,23,8,8,88,1.0,1.0,1.0,1.0,1.0
20000,ZJ-HZB,2011,landsat7,summer_v0,v0_predeclared,23,23,8,8,14,1.0,1.0,1.0,1.0,1.0
20000,ZJ-HZB,2011,landsat7,autumn_primary_v1,biological_target_phase,23,23,8,16,102,1.0,1.0,1.0,1.0,1.0
20000,ZJ-HZB,2011,landsat7,early_season_v1,biological_target_phase,23,23,8,8,14,1.0,1.0,1.0,1.0,1.0
20000,ZJ-HZB,2011,landsat7,__ALL_YEAR__,year,23,23,23,171,486,1.0,1.0,1.0,1.0,1.0
20000,ZJ-HZB,2012,landsat7,autumn_v0,v0_predeclared,23,23,8,16,111,1.0,1.0,1.0,1.0,1.0
20000,ZJ-HZB,2012,landsat7,summer_v0,v0_predeclared,23,23,0,0,23,1.0,1.0,1.0,1.0,1.0
20000,ZJ-HZB,2012,landsat7,autumn_primary_v1,biological_target_phase,23,23,8,24,148,1.0,1.0,1.0,1.0,1.0
20000,ZJ-HZB,2012,landsat7,early_season_v1,biological_target_phase,23,23,8,8,88,1.0,1.0,1.0,1.0,1.0
20000,ZJ-HZB,2012,landsat7,__ALL_YEAR__,year,23,23,23,109,545,1.0,1.0,1.0,1.0,1.0
20000,ZJ-HZB,2013,landsat7,autumn_v0,v0_predeclared,23,23,0,0,46,1.0,1.0,1.0,1.0,1.0
20000,ZJ-HZB,2013,landsat7,summer_v0,v0_predeclared,23,23,8,16,51,1.0,1.0,1.0,1.0,1.0
20000,ZJ-HZB,2013,landsat7,autumn_primary_v1,biological_target_phase,23,23,8,8,83,1.0,1.0,1.0,1.0,1.0
20000,ZJ-HZB,2013,landsat7,early_season_v1,biological_target_phase,23,23,8,8,51,1.0,1.0,1.0,1.0,1.0
20000,ZJ-HZB,2013,landsat7,__ALL_YEAR__,year,23,23,23,148,504,1.0,1.0,1.0,1.0,1.0
20000,ZJ-HZB,2013,landsat8,autumn_v0,v0_predeclared,23,23,8,8,83,1.0,1.0,1.0,1.0,1.0
20000,ZJ-HZB,2013,landsat8,summer_v0,v0_predeclared,23,23,8,16,111,1.0,1.0,1.0,1.0,1.0
20000,ZJ-HZB,2013,landsat8,autumn_primary_v1,biological_target_phase,23,23,8,16,97,1.0,1.0,1.0,1.0,1.0
20000,ZJ-HZB,2013,landsat8,early_season_v1,biological_target_phase,23,23,0,0,23,1.0,1.0,1.0,1.0,1.0
20000,ZJ-HZB,2013,landsat8,__ALL_YEAR__,year,23,23,23,117,467,1.0,1.0,1.0,1.0,1.0
20000,ZJ-HZB,2014,landsat7,autumn_v0,v0_predeclared,23,23,0,0,97,1.0,1.0,1.0,1.0,1.0
20000,ZJ-HZB,2014,landsat7,summer_v0,v0_predeclared,23,23,8,8,111,1.0,1.0,1.0,1.0,1.0
20000,ZJ-HZB,2014,landsat7,autumn_primary_v1,biological_target_phase,23,23,8,8,134,1.0,1.0,1.0,1.0,1.0
20000,ZJ-HZB,2014,landsat7,early_season_v1,biological_target_phase,23,23,8,8,60,1.0,1.0,1.0,1.0,1.0
20000,ZJ-HZB,2014,landsat7,__ALL_YEAR__,year,23,23,23,133,629,1.0,1.0,1.0,1.0,1.0
20000,ZJ-HZB,2014,landsat8,autumn_v0,v0_predeclared,23,23,8,8,97,1.0,1.0,1.0,1.0,1.0
20000,ZJ-HZB,2014,landsat8,summer_v0,v0_predeclared,23,23,8,8,97,1.0,1.0,1.0,1.0,1.0
20000,ZJ-HZB,2014,landsat8,autumn_primary_v1,biological_target_phase,23,23,23,31,134,1.0,1.0,1.0,1.0,1.0
20000,ZJ-HZB,2014,landsat8,early_season_v1,biological_target_phase,23,23,0,0,60,1.0,1.0,1.0,1.0,1.0
20000,ZJ-HZB,2014,landsat8,__ALL_YEAR__,year,23,23,23,148,648,1.0,1.0,1.0,1.0,1.0
20000,ZJ-HZB,2015,landsat7,autumn_v0,v0_predeclared,23,23,0,0,37,1.0,1.0,1.0,1.0,1.0
20000,ZJ-HZB,2015,landsat7,summer_v0,v0_predeclared,23,23,23,23,97,1.0,1.0,1.0,1.0,1.0
20000,ZJ-HZB,2015,landsat7,autumn_primary_v1,biological_target_phase,23,23,8,8,74,1.0,1.0,1.0,1.0,1.0
20000,ZJ-HZB,2015,landsat7,early_season_v1,biological_target_phase,23,23,8,8,74,1.0,1.0,1.0,1.0,1.0
20000,ZJ-HZB,2015,landsat7,__ALL_YEAR__,year,23,23,23,110,495,1.0,1.0,1.0,1.0,1.0
20000,ZJ-HZB,2015,landsat8,autumn_v0,v0_predeclared,23,23,8,16,52,1.0,1.0,1.0,1.0,1.0
20000,ZJ-HZB,2015,landsat8,summer_v0,v0_predeclared,23,23,0,0,111,1.0,1.0,1.0,1.0,1.0
20000,ZJ-HZB,2015,landsat8,autumn_primary_v1,biological_target_phase,23,23,8,16,89,1.0,1.0,1.0,1.0,1.0
20000,ZJ-HZB,2015,landsat8,early_season_v1,biological_target_phase,23,23,8,8,74,1.0,1.0,1.0,1.0,1.0
20000,ZJ-HZB,2015,landsat8,__ALL_YEAR__,year,23,23,23,86,611,1.0,1.0,1.0,1.0,1.0
20000,ZJ-HZB,2015,sentinel1,autumn_v0,v0_predeclared,23,23,0,0,0,1.0,1.0,1.0,1.0,1.0
20000,ZJ-HZB,2015,sentinel1,summer_v0,v0_predeclared,23,23,23,29,36,1.0,1.0,1.0,1.0,1.0
20000,ZJ-HZB,2015,sentinel1,autumn_primary_v1,biological_target_phase,23,23,0,0,0,1.0,1.0,1.0,1.0,1.0
20000,ZJ-HZB,2015,sentinel1,early_season_v1,biological_target_phase,23,23,23,29,36,1.0,1.0,1.0,1.0,1.0
20000,ZJ-HZB,2015,sentinel1,__ALL_YEAR__,year,23,23,23,81,95,1.0,1.0,1.0,1.0,1.0
20000,ZJ-HZB,2016,landsat7,autumn_v0,v0_predeclared,23,23,0,0,60,1.0,1.0,1.0,1.0,1.0
20000,ZJ-HZB,2016,landsat7,summer_v0,v0_predeclared,23,23,23,31,74,1.0,1.0,1.0,1.0,1.0
20000,ZJ-HZB,2016,landsat7,autumn_primary_v1,biological_target_phase,23,23,0,0,60,1.0,1.0,1.0,1.0,1.0
20000,ZJ-HZB,2016,landsat7,early_season_v1,biological_target_phase,23,23,8,16,51,1.0,1.0,1.0,1.0,1.0
20000,ZJ-HZB,2016,landsat7,__ALL_YEAR__,year,23,23,23,94,463,1.0,1.0,1.0,1.0,1.0
20000,ZJ-HZB,2016,landsat8,autumn_v0,v0_predeclared,23,23,0,0,46,1.0,1.0,1.0,1.0,1.0
20000,ZJ-HZB,2016,landsat8,summer_v0,v0_predeclared,23,23,23,31,120,1.0,1.0,1.0,1.0,1.0
20000,ZJ-HZB,2016,landsat8,autumn_primary_v1,biological_target_phase,23,23,0,0,46,1.0,1.0,1.0,1.0,1.0
20000,ZJ-HZB,2016,landsat8,early_season_v1,biological_target_phase,23,23,0,0,60,1.0,1.0,1.0,1.0,1.0
20000,ZJ-HZB,2016,landsat8,__ALL_YEAR__,year,23,23,23,94,581,1.0,1.0,1.0,1.0,1.0
20000,ZJ-HZB,2016,sentinel1,autumn_v0,v0_predeclared,23,13,6,6,13,0.9311,1.0,1.0,1.0,1.0
20000,ZJ-HZB,2016,sentinel1,summer_v0,v0_predeclared,23,13,6,24,52,0.9311,1.0,1.0,1.0,1.0
20000,ZJ-HZB,2016,sentinel1,autumn_primary_v1,biological_target_phase,23,13,6,6,13,0.9311,1.0,1.0,1.0,1.0
20000,ZJ-HZB,2016,sentinel1,early_season_v1,biological_target_phase,23,13,0,0,0,0.9311,1.0,1.0,1.0,1.0
20000,ZJ-HZB,2016,sentinel1,__ALL_YEAR__,year,23,13,6,42,91,0.9311,1.0,1.0,1.0,1.0
20000,ZJ-HZB,2017,landsat7,autumn_v0,v0_predeclared,23,23,23,23,74,1.0,1.0,1.0,1.0,1.0
20000,ZJ-HZB,2017,landsat7,summer_v0,v0_predeclared,23,23,8,8,111,1.0,1.0,1.0,1.0,1.0
20000,ZJ-HZB,2017,landsat7,autumn_primary_v1,biological_target_phase,23,23,23,31,111,1.0,1.0,1.0,1.0,1.0
20000,ZJ-HZB,2017,landsat7,early_season_v1,biological_target_phase,23,23,0,0,37,1.0,1.0,1.0,1.0,1.0
20000,ZJ-HZB,2017,landsat7,__ALL_YEAR__,year,23,23,23,109,542,1.0,1.0,1.0,1.0,1.0
20000,ZJ-HZB,2017,landsat8,autumn_v0,v0_predeclared,23,23,23,23,83,1.0,1.0,1.0,1.0,1.0
20000,ZJ-HZB,2017,landsat8,summer_v0,v0_predeclared,23,23,23,31,74,1.0,1.0,1.0,1.0,1.0
20000,ZJ-HZB,2017,landsat8,autumn_primary_v1,biological_target_phase,23,23,23,31,120,1.0,1.0,1.0,1.0,1.0
20000,ZJ-HZB,2017,landsat8,early_season_v1,biological_target_phase,23,23,8,16,65,1.0,1.0,1.0,1.0,1.0
20000,ZJ-HZB,2017,landsat8,__ALL_YEAR__,year,23,23,23,171,579,1.0,1.0,1.0,1.0,1.0
20000,ZJ-HZB,2017,sentinel2,autumn_v0,v0_predeclared,23,13,5,6,21,0.4885,1.0,1.0,1.0,1.0
20000,ZJ-HZB,2017,sentinel2,summer_v0,v0_predeclared,23,13,0,0,1,0.4885,1.0,1.0,1.0,1.0
20000,ZJ-HZB,2017,sentinel2,autumn_primary_v1,biological_target_phase,23,13,5,7,29,0.4885,1.0,1.0,1.0,1.0
20000,ZJ-HZB,2017,sentinel2,early_season_v1,biological_target_phase,23,13,4,4,11,0.4885,1.0,1.0,1.0,1.0
20000,ZJ-HZB,2017,sentinel2,__ALL_YEAR__,year,23,13,5,56,169,0.4885,1.0,1.0,1.0,1.0
20000,ZJ-HZB,2018,landsat7,autumn_v0,v0_predeclared,23,23,23,39,88,1.0,1.0,1.0,1.0,1.0
20000,ZJ-HZB,2018,landsat7,summer_v0,v0_predeclared,23,23,8,8,111,1.0,1.0,1.0,1.0,1.0
20000,ZJ-HZB,2018,landsat7,autumn_primary_v1,biological_target_phase,23,23,23,39,102,1.0,1.0,1.0,1.0,1.0
20000,ZJ-HZB,2018,landsat7,early_season_v1,biological_target_phase,23,23,8,8,60,1.0,1.0,1.0,1.0,1.0
20000,ZJ-HZB,2018,landsat7,__ALL_YEAR__,year,23,23,23,117,541,1.0,1.0,1.0,1.0,1.0
20000,ZJ-HZB,2018,landsat8,autumn_v0,v0_predeclared,23,23,23,23,74,1.0,1.0,1.0,1.0,1.0
20000,ZJ-HZB,2018,landsat8,summer_v0,v0_predeclared,23,23,23,31,76,1.0,1.0,1.0,1.0,1.0
20000,ZJ-HZB,2018,landsat8,autumn_primary_v1,biological_target_phase,23,23,23,23,74,1.0,1.0,1.0,1.0,1.0
20000,ZJ-HZB,2018,landsat8,early_season_v1,biological_target_phase,23,23,8,16,97,1.0,1.0,1.0,1.0,1.0
20000,ZJ-HZB,2018,landsat8,__ALL_YEAR__,year,23,23,23,148,539,1.0,1.0,1.0,1.0,1.0
20000,ZJ-HZB,2018,sentinel1,autumn_v0,v0_predeclared,23,23,0,0,0,1.0,1.0,1.0,1.0,1.0
20000,ZJ-HZB,2018,sentinel1,summer_v0,v0_predeclared,23,23,0,0,0,1.0,1.0,1.0,1.0,1.0
20000,ZJ-HZB,2018,sentinel1,autumn_primary_v1,biological_target_phase,23,23,0,0,0,1.0,1.0,1.0,1.0,1.0
20000,ZJ-HZB,2018,sentinel1,early_season_v1,biological_target_phase,23,23,0,0,0,1.0,1.0,1.0,1.0,1.0
20000,ZJ-HZB,2018,sentinel1,__ALL_YEAR__,year,23,23,23,40,43,1.0,1.0,1.0,1.0,1.0
20000,ZJ-HZB,2018,sentinel2,autumn_v0,v0_predeclared,23,13,4,4,10,0.4885,1.0,1.0,1.0,1.0
20000,ZJ-HZB,2018,sentinel2,summer_v0,v0_predeclared,23,13,3,3,9,0.4885,1.0,1.0,1.0,1.0
20000,ZJ-HZB,2018,sentinel2,autumn_primary_v1,biological_target_phase,23,13,5,7,22,0.4885,1.0,1.0,1.0,1.0
20000,ZJ-HZB,2018,sentinel2,early_season_v1,biological_target_phase,23,13,2,2,6,0.4885,1.0,1.0,1.0,1.0
20000,ZJ-HZB,2018,sentinel2,__ALL_YEAR__,year,23,13,5,54,223,0.4885,1.0,1.0,1.0,1.0
20000,ZJ-HZB,2019,landsat7,autumn_v0,v0_predeclared,23,23,23,31,111,1.0,1.0,1.0,1.0,1.0
20000,ZJ-HZB,2019,landsat7,summer_v0,v0_predeclared,23,23,0,0,74,1.0,1.0,1.0,1.0,1.0
20000,ZJ-HZB,2019,landsat7,autumn_primary_v1,biological_target_phase,23,23,23,54,134,1.0,1.0,1.0,1.0,1.0
20000,ZJ-HZB,2019,landsat7,early_season_v1,biological_target_phase,23,23,8,8,60,1.0,1.0,1.0,1.0,1.0
20000,ZJ-HZB,2019,landsat7,__ALL_YEAR__,year,23,23,23,186,564,1.0,1.0,1.0,1.0,1.0
20000,ZJ-HZB,2019,landsat8,autumn_v0,v0_predeclared,23,23,8,8,37,1.0,1.0,1.0,1.0,1.0
20000,ZJ-HZB,2019,landsat8,summer_v0,v0_predeclared,23,23,23,23,111,1.0,1.0,1.0,1.0,1.0
20000,ZJ-HZB,2019,landsat8,autumn_primary_v1,biological_target_phase,23,23,23,39,74,1.0,1.0,1.0,1.0,1.0
20000,ZJ-HZB,2019,landsat8,early_season_v1,biological_target_phase,23,23,0,0,60,1.0,1.0,1.0,1.0,1.0
20000,ZJ-HZB,2019,landsat8,__ALL_YEAR__,year,23,23,23,163,602,1.0,1.0,1.0,1.0,1.0
20000,ZJ-HZB,2019,sentinel1,autumn_v0,v0_predeclared,23,23,0,0,0,1.0,1.0,1.0,1.0,1.0
20000,ZJ-HZB,2019,sentinel1,summer_v0,v0_predeclared,23,23,0,0,0,1.0,1.0,1.0,1.0,1.0
20000,ZJ-HZB,2019,sentinel1,autumn_primary_v1,biological_target_phase,23,23,0,0,0,1.0,1.0,1.0,1.0,1.0
20000,ZJ-HZB,2019,sentinel1,early_season_v1,biological_target_phase,23,23,0,0,0,1.0,1.0,1.0,1.0,1.0
20000,ZJ-HZB,2019,sentinel1,__ALL_YEAR__,year,23,23,23,46,56,1.0,1.0,1.0,1.0,1.0
20000,ZJ-HZB,2019,sentinel2,autumn_v0,v0_predeclared,23,13,5,19,210,0.6411,1.0,1.0,1.0,1.0
20000,ZJ-HZB,2019,sentinel2,summer_v0,v0_predeclared,23,13,3,3,264,0.6411,1.0,1.0,1.0,1.0
20000,ZJ-HZB,2019,sentinel2,autumn_primary_v1,biological_target_phase,23,13,5,30,288,0.6411,1.0,1.0,1.0,1.0
20000,ZJ-HZB,2019,sentinel2,early_season_v1,biological_target_phase,23,13,3,3,173,0.6411,1.0,1.0,1.0,1.0
20000,ZJ-HZB,2019,sentinel2,__ALL_YEAR__,year,23,13,5,87,1639,0.6411,1.0,1.0,1.0,1.0
20000,ZJ-HZB,2020,landsat7,autumn_v0,v0_predeclared,23,23,23,31,97,1.0,1.0,1.0,1.0,1.0
20000,ZJ-HZB,2020,landsat7,summer_v0,v0_predeclared,23,23,0,0,88,1.0,1.0,1.0,1.0,1.0
20000,ZJ-HZB,2020,landsat7,autumn_primary_v1,biological_target_phase,23,23,23,62,134,1.0,1.0,1.0,1.0,1.0
20000,ZJ-HZB,2020,landsat7,early_season_v1,biological_target_phase,23,23,23,31,88,1.0,1.0,1.0,1.0,1.0
20000,ZJ-HZB,2020,landsat7,__ALL_YEAR__,year,23,23,23,164,680,1.0,1.0,1.0,1.0,1.0
20000,ZJ-HZB,2020,landsat8,autumn_v0,v0_predeclared,23,23,0,0,89,1.0,1.0,1.0,1.0,1.0
20000,ZJ-HZB,2020,landsat8,summer_v0,v0_predeclared,23,23,8,8,51,1.0,1.0,1.0,1.0,1.0
20000,ZJ-HZB,2020,landsat8,autumn_primary_v1,biological_target_phase,23,23,8,8,103,1.0,1.0,1.0,1.0,1.0
20000,ZJ-HZB,2020,landsat8,early_season_v1,biological_target_phase,23,23,8,16,97,1.0,1.0,1.0,1.0,1.0
20000,ZJ-HZB,2020,landsat8,__ALL_YEAR__,year,23,23,23,79,584,1.0,1.0,1.0,1.0,1.0
20000,ZJ-HZB,2020,sentinel1,autumn_v0,v0_predeclared,23,13,0,0,0,0.9311,1.0,1.0,1.0,1.0
20000,ZJ-HZB,2020,sentinel1,summer_v0,v0_predeclared,23,13,0,0,0,0.9311,1.0,1.0,1.0,1.0
20000,ZJ-HZB,2020,sentinel1,autumn_primary_v1,biological_target_phase,23,13,0,0,0,0.9311,1.0,1.0,1.0,1.0
20000,ZJ-HZB,2020,sentinel1,early_season_v1,biological_target_phase,23,13,0,0,0,0.9311,1.0,1.0,1.0,1.0
20000,ZJ-HZB,2020,sentinel1,__ALL_YEAR__,year,23,13,6,6,13,0.9311,1.0,1.0,1.0,1.0
20000,ZJ-HZB,2020,sentinel2,autumn_v0,v0_predeclared,23,13,5,7,210,0.6411,1.0,1.0,1.0,1.0
20000,ZJ-HZB,2020,sentinel2,summer_v0,v0_predeclared,23,13,0,0,264,0.6411,1.0,1.0,1.0,1.0
20000,ZJ-HZB,2020,sentinel2,autumn_primary_v1,biological_target_phase,23,13,5,12,276,0.6411,1.0,1.0,1.0,1.0
20000,ZJ-HZB,2020,sentinel2,early_season_v1,biological_target_phase,23,13,0,0,176,0.6411,1.0,1.0,1.0,1.0
20000,ZJ-HZB,2020,sentinel2,__ALL_YEAR__,year,23,13,5,76,1682,0.6411,1.0,1.0,1.0,1.0
20000,ZJ-HZB,2021,landsat7,autumn_v0,v0_predeclared,23,23,23,39,97,1.0,1.0,1.0,1.0,1.0
20000,ZJ-HZB,2021,landsat7,summer_v0,v0_predeclared,23,23,0,0,83,1.0,1.0,1.0,1.0,1.0
20000,ZJ-HZB,2021,landsat7,autumn_primary_v1,biological_target_phase,23,23,23,39,120,1.0,1.0,1.0,1.0,1.0
20000,ZJ-HZB,2021,landsat7,early_season_v1,biological_target_phase,23,23,0,0,60,1.0,1.0,1.0,1.0,1.0
20000,ZJ-HZB,2021,landsat7,__ALL_YEAR__,year,23,23,23,116,536,1.0,1.0,1.0,1.0,1.0
20000,ZJ-HZB,2021,landsat8,autumn_v0,v0_predeclared,23,23,8,8,97,1.0,1.0,1.0,1.0,1.0
20000,ZJ-HZB,2021,landsat8,summer_v0,v0_predeclared,23,23,8,8,65,1.0,1.0,1.0,1.0,1.0
20000,ZJ-HZB,2021,landsat8,autumn_primary_v1,biological_target_phase,23,23,8,16,134,1.0,1.0,1.0,1.0,1.0
20000,ZJ-HZB,2021,landsat8,early_season_v1,biological_target_phase,23,23,0,0,88,1.0,1.0,1.0,1.0,1.0
20000,ZJ-HZB,2021,landsat8,__ALL_YEAR__,year,23,23,8,40,595,1.0,1.0,1.0,1.0,1.0
20000,ZJ-HZB,2021,sentinel1,autumn_v0,v0_predeclared,23,23,0,0,0,1.0,1.0,1.0,1.0,1.0
20000,ZJ-HZB,2021,sentinel1,summer_v0,v0_predeclared,23,23,23,29,36,1.0,1.0,1.0,1.0,1.0
20000,ZJ-HZB,2021,sentinel1,autumn_primary_v1,biological_target_phase,23,23,0,0,0,1.0,1.0,1.0,1.0,1.0
20000,ZJ-HZB,2021,sentinel1,early_season_v1,biological_target_phase,23,23,0,0,0,1.0,1.0,1.0,1.0,1.0
20000,ZJ-HZB,2021,sentinel1,__ALL_YEAR__,year,23,23,23,29,36,1.0,1.0,1.0,1.0,1.0
20000,ZJ-HZB,2021,sentinel2,autumn_v0,v0_predeclared,23,13,5,20,219,0.6411,1.0,1.0,1.0,1.0
20000,ZJ-HZB,2021,sentinel2,summer_v0,v0_predeclared,23,13,0,0,264,0.6411,1.0,1.0,1.0,1.0
20000,ZJ-HZB,2021,sentinel2,autumn_primary_v1,biological_target_phase,23,13,5,33,291,0.6411,1.0,1.0,1.0,1.0
20000,ZJ-HZB,2021,sentinel2,early_season_v1,biological_target_phase,23,13,3,9,185,0.6411,1.0,1.0,1.0,1.0
20000,ZJ-HZB,2021,sentinel2,__ALL_YEAR__,year,23,13,5,110,1669,0.6411,1.0,1.0,1.0,1.0
20000,ZJ-HZB,2022,landsat7,autumn_v0,v0_predeclared,23,23,23,23,46,1.0,1.0,1.0,1.0,1.0
20000,ZJ-HZB,2022,landsat7,summer_v0,v0_predeclared,23,23,9,18,120,1.0,1.0,1.0,1.0,1.0
20000,ZJ-HZB,2022,landsat7,autumn_primary_v1,biological_target_phase,23,23,23,23,83,1.0,1.0,1.0,1.0,1.0
20000,ZJ-HZB,2022,landsat7,early_season_v1,biological_target_phase,23,23,0,0,37,1.0,1.0,1.0,1.0,1.0
20000,ZJ-HZB,2022,landsat7,__ALL_YEAR__,year,23,23,23,89,434,1.0,1.0,1.0,1.0,1.0
20000,ZJ-HZB,2022,landsat8,autumn_v0,v0_predeclared,23,23,8,16,111,1.0,1.0,1.0,1.0,1.0
20000,ZJ-HZB,2022,landsat8,summer_v0,v0_predeclared,23,23,8,16,103,1.0,1.0,1.0,1.0,1.0
20000,ZJ-HZB,2022,landsat8,autumn_primary_v1,biological_target_phase,23,23,8,16,134,1.0,1.0,1.0,1.0,1.0
20000,ZJ-HZB,2022,landsat8,early_season_v1,biological_target_phase,23,23,0,0,60,1.0,1.0,1.0,1.0,1.0
20000,ZJ-HZB,2022,landsat8,__ALL_YEAR__,year,23,23,23,148,561,1.0,1.0,1.0,1.0,1.0
20000,ZJ-HZB,2022,landsat9,autumn_v0,v0_predeclared,23,23,8,8,74,1.0,1.0,1.0,1.0,1.0
20000,ZJ-HZB,2022,landsat9,summer_v0,v0_predeclared,23,23,0,0,148,1.0,1.0,1.0,1.0,1.0
20000,ZJ-HZB,2022,landsat9,autumn_primary_v1,biological_target_phase,23,23,8,8,111,1.0,1.0,1.0,1.0,1.0
20000,ZJ-HZB,2022,landsat9,early_season_v1,biological_target_phase,23,23,8,8,74,1.0,1.0,1.0,1.0,1.0
20000,ZJ-HZB,2022,landsat9,__ALL_YEAR__,year,23,23,23,117,652,1.0,1.0,1.0,1.0,1.0
20000,ZJ-HZB,2022,sentinel2,autumn_v0,v0_predeclared,23,13,0,0,207,0.6411,1.0,1.0,1.0,1.0
20000,ZJ-HZB,2022,sentinel2,summer_v0,v0_predeclared,23,13,3,3,264,0.6411,1.0,1.0,1.0,1.0
20000,ZJ-HZB,2022,sentinel2,autumn_primary_v1,biological_target_phase,23,13,0,0,273,0.6411,1.0,1.0,1.0,1.0
20000,ZJ-HZB,2022,sentinel2,early_season_v1,biological_target_phase,23,13,0,0,185,0.6411,1.0,1.0,1.0,1.0
20000,ZJ-HZB,2022,sentinel2,__ALL_YEAR__,year,23,13,5,28,1606,0.6411,1.0,1.0,1.0,1.0
20000,ZJ-HZB,2023,landsat7,autumn_v0,v0_predeclared,23,23,17,25,65,1.0,1.0,1.0,1.0,1.0
20000,ZJ-HZB,2023,landsat7,summer_v0,v0_predeclared,23,23,0,0,97,1.0,1.0,1.0,1.0,1.0
20000,ZJ-HZB,2023,landsat7,autumn_primary_v1,biological_target_phase,23,23,17,25,65,1.0,1.0,1.0,1.0,1.0
20000,ZJ-HZB,2023,landsat7,early_season_v1,biological_target_phase,23,23,0,0,23,1.0,1.0,1.0,1.0,1.0
20000,ZJ-HZB,2023,landsat7,__ALL_YEAR__,year,23,23,23,83,468,1.0,1.0,1.0,1.0,1.0
20000,ZJ-HZB,2023,landsat8,autumn_v0,v0_predeclared,23,23,8,8,111,1.0,1.0,1.0,1.0,1.0
20000,ZJ-HZB,2023,landsat8,summer_v0,v0_predeclared,23,23,0,0,125,1.0,1.0,1.0,1.0,1.0
20000,ZJ-HZB,2023,landsat8,autumn_primary_v1,biological_target_phase,23,23,8,8,148,1.0,1.0,1.0,1.0,1.0
20000,ZJ-HZB,2023,landsat8,early_season_v1,biological_target_phase,23,23,8,8,51,1.0,1.0,1.0,1.0,1.0
20000,ZJ-HZB,2023,landsat8,__ALL_YEAR__,year,23,23,23,126,695,1.0,1.0,1.0,1.0,1.0
20000,ZJ-HZB,2023,landsat9,autumn_v0,v0_predeclared,23,23,23,23,89,1.0,1.0,1.0,1.0,1.0
20000,ZJ-HZB,2023,landsat9,summer_v0,v0_predeclared,23,23,0,0,125,1.0,1.0,1.0,1.0,1.0
20000,ZJ-HZB,2023,landsat9,autumn_primary_v1,biological_target_phase,23,23,23,23,112,1.0,1.0,1.0,1.0,1.0
20000,ZJ-HZB,2023,landsat9,early_season_v1,biological_target_phase,23,23,0,0,97,1.0,1.0,1.0,1.0,1.0
20000,ZJ-HZB,2023,landsat9,__ALL_YEAR__,year,23,23,23,148,741,1.0,1.0,1.0,1.0,1.0
20000,ZJ-HZB,2023,sentinel2,autumn_v0,v0_predeclared,23,13,5,11,207,0.6411,1.0,1.0,1.0,1.0
20000,ZJ-HZB,2023,sentinel2,summer_v0,v0_predeclared,23,13,0,0,264,0.6411,1.0,1.0,1.0,1.0
20000,ZJ-HZB,2023,sentinel2,autumn_primary_v1,biological_target_phase,23,13,5,11,273,0.6411,1.0,1.0,1.0,1.0
20000,ZJ-HZB,2023,sentinel2,early_season_v1,biological_target_phase,23,13,0,0,185,0.6411,1.0,1.0,1.0,1.0
20000,ZJ-HZB,2023,sentinel2,__ALL_YEAR__,year,23,13,5,81,1606,0.6411,1.0,1.0,1.0,1.0
20000,ZJ-HZB,2024,landsat8,autumn_v0,v0_predeclared,23,23,0,0,69,1.0,1.0,1.0,1.0,1.0
20000,ZJ-HZB,2024,landsat8,summer_v0,v0_predeclared,23,23,8,8,75,1.0,1.0,1.0,1.0,1.0
20000,ZJ-HZB,2024,landsat8,autumn_primary_v1,biological_target_phase,23,23,8,8,83,1.0,1.0,1.0,1.0,1.0
20000,ZJ-HZB,2024,landsat8,early_season_v1,biological_target_phase,23,23,8,8,83,1.0,1.0,1.0,1.0,1.0
20000,ZJ-HZB,2024,landsat8,__ALL_YEAR__,year,23,23,23,140,602,1.0,1.0,1.0,1.0,1.0
20000,ZJ-HZB,2024,landsat9,autumn_v0,v0_predeclared,23,23,0,0,37,1.0,1.0,1.0,1.0,1.0
20000,ZJ-HZB,2024,landsat9,summer_v0,v0_predeclared,23,23,0,0,97,1.0,1.0,1.0,1.0,1.0
20000,ZJ-HZB,2024,landsat9,autumn_primary_v1,biological_target_phase,23,23,0,0,60,1.0,1.0,1.0,1.0,1.0
20000,ZJ-HZB,2024,landsat9,early_season_v1,biological_target_phase,23,23,0,0,74,1.0,1.0,1.0,1.0,1.0
20000,ZJ-HZB,2024,landsat9,__ALL_YEAR__,year,23,23,23,102,611,1.0,1.0,1.0,1.0,1.0
20000,ZJ-HZB,2024,sentinel1,autumn_v0,v0_predeclared,23,23,23,23,23,1.0,1.0,1.0,1.0,1.0
20000,ZJ-HZB,2024,sentinel1,summer_v0,v0_predeclared,23,23,0,0,0,1.0,1.0,1.0,1.0,1.0
20000,ZJ-HZB,2024,sentinel1,autumn_primary_v1,biological_target_phase,23,23,23,23,23,1.0,1.0,1.0,1.0,1.0
20000,ZJ-HZB,2024,sentinel1,early_season_v1,biological_target_phase,23,23,0,0,0,1.0,1.0,1.0,1.0,1.0
20000,ZJ-HZB,2024,sentinel1,__ALL_YEAR__,year,23,23,23,23,23,1.0,1.0,1.0,1.0,1.0
20000,ZJ-HZB,2024,sentinel2,autumn_v0,v0_predeclared,23,13,3,3,207,0.6411,1.0,1.0,1.0,1.0
20000,ZJ-HZB,2024,sentinel2,summer_v0,v0_predeclared,23,13,3,3,264,0.6411,1.0,1.0,1.0,1.0
20000,ZJ-HZB,2024,sentinel2,autumn_primary_v1,biological_target_phase,23,13,5,8,273,0.6411,1.0,1.0,1.0,1.0
20000,ZJ-HZB,2024,sentinel2,early_season_v1,biological_target_phase,23,13,0,0,185,0.6411,1.0,1.0,1.0,1.0
20000,ZJ-HZB,2024,sentinel2,__ALL_YEAR__,year,23,13,5,62,1602,0.6411,1.0,1.0,1.0,1.0
20000,ZJ-HZB,2025,landsat8,autumn_v0,v0_predeclared,23,23,0,0,88,1.0,1.0,1.0,1.0,1.0
20000,ZJ-HZB,2025,landsat8,summer_v0,v0_predeclared,23,23,8,16,112,1.0,1.0,1.0,1.0,1.0
20000,ZJ-HZB,2025,landsat8,autumn_primary_v1,biological_target_phase,23,23,0,0,111,1.0,1.0,1.0,1.0,1.0
20000,ZJ-HZB,2025,landsat8,early_season_v1,biological_target_phase,23,23,23,23,75,1.0,1.0,1.0,1.0,1.0
20000,ZJ-HZB,2025,landsat8,__ALL_YEAR__,year,23,23,23,202,692,1.0,1.0,1.0,1.0,1.0
20000,ZJ-HZB,2025,landsat9,autumn_v0,v0_predeclared,23,23,0,0,97,1.0,1.0,1.0,1.0,1.0
20000,ZJ-HZB,2025,landsat9,summer_v0,v0_predeclared,23,23,8,8,134,1.0,1.0,1.0,1.0,1.0
20000,ZJ-HZB,2025,landsat9,autumn_primary_v1,biological_target_phase,23,23,0,0,120,1.0,1.0,1.0,1.0,1.0
20000,ZJ-HZB,2025,landsat9,early_season_v1,biological_target_phase,23,23,23,23,66,1.0,1.0,1.0,1.0,1.0
20000,ZJ-HZB,2025,landsat9,__ALL_YEAR__,year,23,23,23,156,681,1.0,1.0,1.0,1.0,1.0
20000,ZJ-HZB,2025,sentinel1,autumn_v0,v0_predeclared,23,23,0,0,0,1.0,1.0,1.0,1.0,1.0
20000,ZJ-HZB,2025,sentinel1,summer_v0,v0_predeclared,23,23,0,0,0,1.0,1.0,1.0,1.0,1.0
20000,ZJ-HZB,2025,sentinel1,autumn_primary_v1,biological_target_phase,23,23,0,0,0,1.0,1.0,1.0,1.0,1.0
20000,ZJ-HZB,2025,sentinel1,early_season_v1,biological_target_phase,23,23,6,6,13,1.0,1.0,1.0,1.0,1.0
20000,ZJ-HZB,2025,sentinel1,__ALL_YEAR__,year,23,23,21,59,111,1.0,1.0,1.0,1.0,1.0
20000,ZJ-HZB,2025,sentinel2,autumn_v0,v0_predeclared,23,13,3,3,220,0.6411,1.0,1.0,1.0,1.0
20000,ZJ-HZB,2025,sentinel2,summer_v0,v0_predeclared,23,13,3,3,321,0.6411,1.0,1.0,1.0,1.0
20000,ZJ-HZB,2025,sentinel2,autumn_primary_v1,biological_target_phase,23,13,3,3,299,0.6411,1.0,1.0,1.0,1.0
20000,ZJ-HZB,2025,sentinel2,early_season_v1,biological_target_phase,23,13,0,0,220,0.6411,1.0,1.0,1.0,1.0
20000,ZJ-HZB,2025,sentinel2,__ALL_YEAR__,year,23,13,5,75,1841,0.6411,1.0,1.0,1.0,1.0
20000,ZJ-HZB,2026,landsat8,autumn_v0,v0_predeclared,23,23,0,0,23,1.0,1.0,1.0,1.0,1.0
20000,ZJ-HZB,2026,landsat8,summer_v0,v0_predeclared,23,23,8,8,65,1.0,1.0,1.0,1.0,1.0
20000,ZJ-HZB,2026,landsat8,autumn_primary_v1,biological_target_phase,23,23,0,0,23,1.0,1.0,1.0,1.0,1.0
20000,ZJ-HZB,2026,landsat8,early_season_v1,biological_target_phase,23,23,0,0,83,1.0,1.0,1.0,1.0,1.0
20000,ZJ-HZB,2026,landsat8,__ALL_YEAR__,year,23,23,23,70,399,1.0,1.0,1.0,1.0,1.0
20000,ZJ-HZB,2026,landsat9,autumn_v0,v0_predeclared,23,23,8,8,37,1.0,1.0,1.0,1.0,1.0
20000,ZJ-HZB,2026,landsat9,summer_v0,v0_predeclared,23,23,23,39,134,1.0,1.0,1.0,1.0,1.0
20000,ZJ-HZB,2026,landsat9,autumn_primary_v1,biological_target_phase,23,23,8,8,37,1.0,1.0,1.0,1.0,1.0
20000,ZJ-HZB,2026,landsat9,early_season_v1,biological_target_phase,23,23,8,8,88,1.0,1.0,1.0,1.0,1.0
20000,ZJ-HZB,2026,landsat9,__ALL_YEAR__,year,23,23,23,94,472,1.0,1.0,1.0,1.0,1.0
20000,ZJ-HZB,2026,sentinel2,autumn_v0,v0_predeclared,23,13,0,0,88,0.6411,1.0,1.0,1.0,1.0
20000,ZJ-HZB,2026,sentinel2,summer_v0,v0_predeclared,23,13,0,0,343,0.6411,1.0,1.0,1.0,1.0
20000,ZJ-HZB,2026,sentinel2,autumn_primary_v1,biological_target_phase,23,13,0,0,88,0.6411,1.0,1.0,1.0,1.0
20000,ZJ-HZB,2026,sentinel2,early_season_v1,biological_target_phase,23,13,0,0,220,0.6411,1.0,1.0,1.0,1.0
20000,ZJ-HZB,2026,sentinel2,__ALL_YEAR__,year,23,13,5,41,1483,0.6411,1.0,1.0,1.0,1.0
20000,ZJ-SMB,1985,landsat5,autumn_v0,v0_predeclared,8,8,0,0,12,1.0,1.0,1.0,1.0,1.0
20000,ZJ-SMB,1985,landsat5,summer_v0,v0_predeclared,8,8,8,9,22,1.0,1.0,1.0,1.0,1.0
20000,ZJ-SMB,1985,landsat5,autumn_primary_v1,biological_target_phase,8,8,0,0,12,1.0,1.0,1.0,1.0,1.0
20000,ZJ-SMB,1985,landsat5,early_season_v1,biological_target_phase,8,8,0,0,4,1.0,1.0,1.0,1.0,1.0
20000,ZJ-SMB,1985,landsat5,__ALL_YEAR__,year,8,8,8,27,82,1.0,1.0,1.0,1.0,1.0
20000,ZJ-SMB,1986,landsat5,autumn_v0,v0_predeclared,8,8,1,1,8,1.0,1.0,1.0,1.0,1.0
20000,ZJ-SMB,1986,landsat5,summer_v0,v0_predeclared,8,8,0,0,28,1.0,1.0,1.0,1.0,1.0
20000,ZJ-SMB,1986,landsat5,autumn_primary_v1,biological_target_phase,8,8,1,1,8,1.0,1.0,1.0,1.0,1.0
20000,ZJ-SMB,1986,landsat5,early_season_v1,biological_target_phase,8,8,0,0,0,1.0,1.0,1.0,1.0,1.0
20000,ZJ-SMB,1986,landsat5,__ALL_YEAR__,year,8,8,8,51,128,1.0,1.0,1.0,1.0,1.0
20000,ZJ-SMB,1987,landsat5,autumn_v0,v0_predeclared,8,8,8,9,20,1.0,1.0,1.0,1.0,1.0
20000,ZJ-SMB,1987,landsat5,summer_v0,v0_predeclared,8,8,1,2,36,1.0,1.0,1.0,1.0,1.0
20000,ZJ-SMB,1987,landsat5,autumn_primary_v1,biological_target_phase,8,8,8,9,28,1.0,1.0,1.0,1.0,1.0
20000,ZJ-SMB,1987,landsat5,early_season_v1,biological_target_phase,8,8,8,8,12,1.0,1.0,1.0,1.0,1.0
20000,ZJ-SMB,1987,landsat5,__ALL_YEAR__,year,8,8,8,38,174,1.0,1.0,1.0,1.0,1.0
20000,ZJ-SMB,1988,landsat5,autumn_v0,v0_predeclared,8,8,1,2,20,1.0,1.0,1.0,1.0,1.0
20000,ZJ-SMB,1988,landsat5,summer_v0,v0_predeclared,8,8,8,25,36,1.0,1.0,1.0,1.0,1.0
20000,ZJ-SMB,1988,landsat5,autumn_primary_v1,biological_target_phase,8,8,1,3,32,1.0,1.0,1.0,1.0,1.0
20000,ZJ-SMB,1988,landsat5,early_season_v1,biological_target_phase,8,8,0,0,16,1.0,1.0,1.0,1.0,1.0
20000,ZJ-SMB,1988,landsat5,__ALL_YEAR__,year,8,8,8,55,168,1.0,1.0,1.0,1.0,1.0
20000,ZJ-SMB,1989,landsat5,autumn_v0,v0_predeclared,8,8,1,1,24,1.0,1.0,1.0,1.0,1.0
20000,ZJ-SMB,1989,landsat5,summer_v0,v0_predeclared,8,8,0,0,24,1.0,1.0,1.0,1.0,1.0
20000,ZJ-SMB,1989,landsat5,autumn_primary_v1,biological_target_phase,8,8,1,2,36,1.0,1.0,1.0,1.0,1.0
20000,ZJ-SMB,1989,landsat5,early_season_v1,biological_target_phase,8,8,0,0,20,1.0,1.0,1.0,1.0,1.0
20000,ZJ-SMB,1989,landsat5,__ALL_YEAR__,year,8,8,8,27,144,1.0,1.0,1.0,1.0,1.0
20000,ZJ-SMB,1990,landsat5,autumn_v0,v0_predeclared,8,8,1,1,8,1.0,1.0,1.0,1.0,1.0
20000,ZJ-SMB,1990,landsat5,summer_v0,v0_predeclared,8,8,1,1,36,1.0,1.0,1.0,1.0,1.0
20000,ZJ-SMB,1990,landsat5,autumn_primary_v1,biological_target_phase,8,8,1,1,10,1.0,1.0,1.0,1.0,1.0
20000,ZJ-SMB,1990,landsat5,early_season_v1,biological_target_phase,8,8,8,8,28,1.0,1.0,1.0,1.0,1.0
20000,ZJ-SMB,1990,landsat5,__ALL_YEAR__,year,8,8,8,36,148,1.0,1.0,1.0,1.0,1.0
20000,ZJ-SMB,1991,landsat5,autumn_v0,v0_predeclared,8,8,0,0,14,1.0,1.0,1.0,1.0,1.0
20000,ZJ-SMB,1991,landsat5,summer_v0,v0_predeclared,8,8,8,11,32,1.0,1.0,1.0,1.0,1.0
20000,ZJ-SMB,1991,landsat5,autumn_primary_v1,biological_target_phase,8,8,1,1,26,1.0,1.0,1.0,1.0,1.0
20000,ZJ-SMB,1991,landsat5,early_season_v1,biological_target_phase,8,8,1,1,12,1.0,1.0,1.0,1.0,1.0
20000,ZJ-SMB,1991,landsat5,__ALL_YEAR__,year,8,8,8,41,174,1.0,1.0,1.0,1.0,1.0
20000,ZJ-SMB,1992,landsat5,autumn_v0,v0_predeclared,8,8,1,1,36,1.0,1.0,1.0,1.0,1.0
20000,ZJ-SMB,1992,landsat5,summer_v0,v0_predeclared,8,8,8,10,28,1.0,1.0,1.0,1.0,1.0
20000,ZJ-SMB,1992,landsat5,autumn_primary_v1,biological_target_phase,8,8,1,1,36,1.0,1.0,1.0,1.0,1.0
20000,ZJ-SMB,1992,landsat5,early_season_v1,biological_target_phase,8,8,8,9,12,1.0,1.0,1.0,1.0,1.0
20000,ZJ-SMB,1992,landsat5,__ALL_YEAR__,year,8,8,8,41,170,1.0,1.0,1.0,1.0,1.0
20000,ZJ-SMB,1993,landsat5,autumn_v0,v0_predeclared,8,8,0,0,4,1.0,1.0,1.0,1.0,1.0
20000,ZJ-SMB,1993,landsat5,summer_v0,v0_predeclared,8,8,8,9,36,1.0,1.0,1.0,1.0,1.0
20000,ZJ-SMB,1993,landsat5,autumn_primary_v1,biological_target_phase,8,8,0,0,12,1.0,1.0,1.0,1.0,1.0
20000,ZJ-SMB,1993,landsat5,early_season_v1,biological_target_phase,8,8,1,1,8,1.0,1.0,1.0,1.0,1.0
20000,ZJ-SMB,1993,landsat5,__ALL_YEAR__,year,8,8,8,30,144,1.0,1.0,1.0,1.0,1.0
20000,ZJ-SMB,1994,landsat5,autumn_v0,v0_predeclared,8,8,0,0,28,1.0,1.0,1.0,1.0,1.0
20000,ZJ-SMB,1994,landsat5,summer_v0,v0_predeclared,8,8,8,8,36,1.0,1.0,1.0,1.0,1.0
20000,ZJ-SMB,1994,landsat5,autumn_primary_v1,biological_target_phase,8,8,1,1,40,1.0,1.0,1.0,1.0,1.0
20000,ZJ-SMB,1994,landsat5,early_season_v1,biological_target_phase,8,8,8,9,12,1.0,1.0,1.0,1.0,1.0
20000,ZJ-SMB,1994,landsat5,__ALL_YEAR__,year,8,8,8,29,162,1.0,1.0,1.0,1.0,1.0
20000,ZJ-SMB,1995,landsat5,autumn_v0,v0_predeclared,8,8,0,0,2,1.0,1.0,1.0,1.0,1.0
20000,ZJ-SMB,1995,landsat5,summer_v0,v0_predeclared,8,8,0,0,32,1.0,1.0,1.0,1.0,1.0
20000,ZJ-SMB,1995,landsat5,autumn_primary_v1,biological_target_phase,8,8,8,9,14,1.0,1.0,1.0,1.0,1.0
20000,ZJ-SMB,1995,landsat5,early_season_v1,biological_target_phase,8,8,0,0,26,1.0,1.0,1.0,1.0,1.0
20000,ZJ-SMB,1995,landsat5,__ALL_YEAR__,year,8,8,8,37,168,1.0,1.0,1.0,1.0,1.0
20000,ZJ-SMB,1996,landsat5,autumn_v0,v0_predeclared,8,8,8,8,16,1.0,1.0,1.0,1.0,1.0
20000,ZJ-SMB,1996,landsat5,summer_v0,v0_predeclared,8,8,0,0,40,1.0,1.0,1.0,1.0,1.0
20000,ZJ-SMB,1996,landsat5,autumn_primary_v1,biological_target_phase,8,8,8,8,16,1.0,1.0,1.0,1.0,1.0
20000,ZJ-SMB,1996,landsat5,early_season_v1,biological_target_phase,8,8,0,0,10,1.0,1.0,1.0,1.0,1.0
20000,ZJ-SMB,1996,landsat5,__ALL_YEAR__,year,8,8,8,20,140,1.0,1.0,1.0,1.0,1.0
20000,ZJ-SMB,1997,landsat5,autumn_v0,v0_predeclared,8,8,8,16,20,1.0,1.0,1.0,1.0,1.0
20000,ZJ-SMB,1997,landsat5,summer_v0,v0_predeclared,8,8,1,1,30,1.0,1.0,1.0,1.0,1.0
20000,ZJ-SMB,1997,landsat5,autumn_primary_v1,biological_target_phase,8,8,8,24,28,1.0,1.0,1.0,1.0,1.0
20000,ZJ-SMB,1997,landsat5,early_season_v1,biological_target_phase,8,8,0,0,16,1.0,1.0,1.0,1.0,1.0
20000,ZJ-SMB,1997,landsat5,__ALL_YEAR__,year,8,8,8,26,150,1.0,1.0,1.0,1.0,1.0
20000,ZJ-SMB,1998,landsat5,autumn_v0,v0_predeclared,8,8,0,0,24,1.0,1.0,1.0,1.0,1.0
20000,ZJ-SMB,1998,landsat5,summer_v0,v0_predeclared,8,8,1,1,20,1.0,1.0,1.0,1.0,1.0
20000,ZJ-SMB,1998,landsat5,autumn_primary_v1,biological_target_phase,8,8,8,8,32,1.0,1.0,1.0,1.0,1.0
20000,ZJ-SMB,1998,landsat5,early_season_v1,biological_target_phase,8,8,0,0,14,1.0,1.0,1.0,1.0,1.0
20000,ZJ-SMB,1998,landsat5,__ALL_YEAR__,year,8,8,8,26,138,1.0,1.0,1.0,1.0,1.0
20000,ZJ-SMB,1999,landsat5,autumn_v0,v0_predeclared,8,8,8,8,24,1.0,1.0,1.0,1.0,1.0
20000,ZJ-SMB,1999,landsat5,summer_v0,v0_predeclared,8,8,0,0,20,1.0,1.0,1.0,1.0,1.0
20000,ZJ-SMB,1999,landsat5,autumn_primary_v1,biological_target_phase,8,8,8,8,28,1.0,1.0,1.0,1.0,1.0
20000,ZJ-SMB,1999,landsat5,early_season_v1,biological_target_phase,8,8,1,1,12,1.0,1.0,1.0,1.0,1.0
20000,ZJ-SMB,1999,landsat5,__ALL_YEAR__,year,8,8,8,28,144,1.0,1.0,1.0,1.0,1.0
20000,ZJ-SMB,1999,landsat7,autumn_v0,v0_predeclared,8,8,8,8,10,1.0,1.0,1.0,1.0,1.0
20000,ZJ-SMB,1999,landsat7,summer_v0,v0_predeclared,8,8,0,0,0,1.0,1.0,1.0,1.0,1.0
20000,ZJ-SMB,1999,landsat7,autumn_primary_v1,biological_target_phase,8,8,8,8,12,1.0,1.0,1.0,1.0,1.0
20000,ZJ-SMB,1999,landsat7,early_season_v1,biological_target_phase,8,8,0,0,0,1.0,1.0,1.0,1.0,1.0
20000,ZJ-SMB,1999,landsat7,__ALL_YEAR__,year,8,8,8,17,42,1.0,1.0,1.0,1.0,1.0
20000,ZJ-SMB,2000,landsat5,autumn_v0,v0_predeclared,8,8,0,0,28,1.0,1.0,1.0,1.0,1.0
20000,ZJ-SMB,2000,landsat5,summer_v0,v0_predeclared,8,8,0,0,44,1.0,1.0,1.0,1.0,1.0
20000,ZJ-SMB,2000,landsat5,autumn_primary_v1,biological_target_phase,8,8,0,0,32,1.0,1.0,1.0,1.0,1.0
20000,ZJ-SMB,2000,landsat5,early_season_v1,biological_target_phase,8,8,0,0,28,1.0,1.0,1.0,1.0,1.0
20000,ZJ-SMB,2000,landsat5,__ALL_YEAR__,year,8,8,8,13,198,1.0,1.0,1.0,1.0,1.0
20000,ZJ-SMB,2000,landsat7,autumn_v0,v0_predeclared,8,8,8,8,24,1.0,1.0,1.0,1.0,1.0
20000,ZJ-SMB,2000,landsat7,summer_v0,v0_predeclared,8,8,8,9,32,1.0,1.0,1.0,1.0,1.0
20000,ZJ-SMB,2000,landsat7,autumn_primary_v1,biological_target_phase,8,8,8,8,32,1.0,1.0,1.0,1.0,1.0
20000,ZJ-SMB,2000,landsat7,early_season_v1,biological_target_phase,8,8,1,2,24,1.0,1.0,1.0,1.0,1.0
20000,ZJ-SMB,2000,landsat7,__ALL_YEAR__,year,8,8,8,43,168,1.0,1.0,1.0,1.0,1.0
20000,ZJ-SMB,2001,landsat5,autumn_v0,v0_predeclared,8,8,1,1,20,1.0,1.0,1.0,1.0,1.0
20000,ZJ-SMB,2001,landsat5,summer_v0,v0_predeclared,8,8,1,2,38,1.0,1.0,1.0,1.0,1.0
20000,ZJ-SMB,2001,landsat5,autumn_primary_v1,biological_target_phase,8,8,8,9,28,1.0,1.0,1.0,1.0,1.0
20000,ZJ-SMB,2001,landsat5,early_season_v1,biological_target_phase,8,8,8,8,16,1.0,1.0,1.0,1.0,1.0
20000,ZJ-SMB,2001,landsat5,__ALL_YEAR__,year,8,8,8,38,172,1.0,1.0,1.0,1.0,1.0
20000,ZJ-SMB,2001,landsat7,autumn_v0,v0_predeclared,8,8,0,0,28,1.0,1.0,1.0,1.0,1.0
20000,ZJ-SMB,2001,landsat7,summer_v0,v0_predeclared,8,8,8,9,40,1.0,1.0,1.0,1.0,1.0
20000,ZJ-SMB,2001,landsat7,autumn_primary_v1,biological_target_phase,8,8,0,0,36,1.0,1.0,1.0,1.0,1.0
20000,ZJ-SMB,2001,landsat7,early_season_v1,biological_target_phase,8,8,1,1,20,1.0,1.0,1.0,1.0,1.0
20000,ZJ-SMB,2001,landsat7,__ALL_YEAR__,year,8,8,8,38,218,1.0,1.0,1.0,1.0,1.0
20000,ZJ-SMB,2002,landsat5,autumn_v0,v0_predeclared,8,8,8,9,20,1.0,1.0,1.0,1.0,1.0
20000,ZJ-SMB,2002,landsat5,summer_v0,v0_predeclared,8,8,8,17,28,1.0,1.0,1.0,1.0,1.0
20000,ZJ-SMB,2002,landsat5,autumn_primary_v1,biological_target_phase,8,8,8,9,20,1.0,1.0,1.0,1.0,1.0
20000,ZJ-SMB,2002,landsat5,early_season_v1,biological_target_phase,8,8,0,0,0,1.0,1.0,1.0,1.0,1.0
20000,ZJ-SMB,2002,landsat5,__ALL_YEAR__,year,8,8,8,53,114,1.0,1.0,1.0,1.0,1.0
20000,ZJ-SMB,2002,landsat7,autumn_v0,v0_predeclared,8,8,1,1,24,1.0,1.0,1.0,1.0,1.0
20000,ZJ-SMB,2002,landsat7,summer_v0,v0_predeclared,8,8,0,0,26,1.0,1.0,1.0,1.0,1.0
20000,ZJ-SMB,2002,landsat7,autumn_primary_v1,biological_target_phase,8,8,8,10,36,1.0,1.0,1.0,1.0,1.0
20000,ZJ-SMB,2002,landsat7,early_season_v1,biological_target_phase,8,8,1,1,24,1.0,1.0,1.0,1.0,1.0
20000,ZJ-SMB,2002,landsat7,__ALL_YEAR__,year,8,8,8,47,180,1.0,1.0,1.0,1.0,1.0
20000,ZJ-SMB,2003,landsat5,autumn_v0,v0_predeclared,8,8,8,9,20,1.0,1.0,1.0,1.0,1.0
20000,ZJ-SMB,2003,landsat5,summer_v0,v0_predeclared,8,8,1,1,36,1.0,1.0,1.0,1.0,1.0
20000,ZJ-SMB,2003,landsat5,autumn_primary_v1,biological_target_phase,8,8,8,10,24,1.0,1.0,1.0,1.0,1.0
20000,ZJ-SMB,2003,landsat5,early_season_v1,biological_target_phase,8,8,8,8,8,1.0,1.0,1.0,1.0,1.0
20000,ZJ-SMB,2003,landsat5,__ALL_YEAR__,year,8,8,8,38,156,1.0,1.0,1.0,1.0,1.0
20000,ZJ-SMB,2003,landsat7,autumn_v0,v0_predeclared,8,8,8,17,24,1.0,1.0,1.0,1.0,1.0
20000,ZJ-SMB,2003,landsat7,summer_v0,v0_predeclared,8,8,8,9,12,1.0,1.0,1.0,1.0,1.0
20000,ZJ-SMB,2003,landsat7,autumn_primary_v1,biological_target_phase,8,8,8,17,36,1.0,1.0,1.0,1.0,1.0
20000,ZJ-SMB,2003,landsat7,early_season_v1,biological_target_phase,8,8,8,9,20,1.0,1.0,1.0,1.0,1.0
20000,ZJ-SMB,2003,landsat7,__ALL_YEAR__,year,8,8,8,53,134,1.0,1.0,1.0,1.0,1.0
20000,ZJ-SMB,2004,landsat5,autumn_v0,v0_predeclared,8,8,1,1,16,1.0,1.0,1.0,1.0,1.0
20000,ZJ-SMB,2004,landsat5,summer_v0,v0_predeclared,8,8,1,2,28,1.0,1.0,1.0,1.0,1.0
20000,ZJ-SMB,2004,landsat5,autumn_primary_v1,biological_target_phase,8,8,1,1,16,1.0,1.0,1.0,1.0,1.0
20000,ZJ-SMB,2004,landsat5,early_season_v1,biological_target_phase,8,8,1,1,20,1.0,1.0,1.0,1.0,1.0
20000,ZJ-SMB,2004,landsat5,__ALL_YEAR__,year,8,8,8,39,174,1.0,1.0,1.0,1.0,1.0
20000,ZJ-SMB,2004,landsat7,autumn_v0,v0_predeclared,8,8,8,16,32,1.0,1.0,1.0,1.0,1.0
20000,ZJ-SMB,2004,landsat7,summer_v0,v0_predeclared,8,8,1,3,44,1.0,1.0,1.0,1.0,1.0
20000,ZJ-SMB,2004,landsat7,autumn_primary_v1,biological_target_phase,8,8,8,16,36,1.0,1.0,1.0,1.0,1.0
20000,ZJ-SMB,2004,landsat7,early_season_v1,biological_target_phase,8,8,0,0,10,1.0,1.0,1.0,1.0,1.0
20000,ZJ-SMB,2004,landsat7,__ALL_YEAR__,year,8,8,8,30,168,1.0,1.0,1.0,1.0,1.0
20000,ZJ-SMB,2005,landsat5,autumn_v0,v0_predeclared,8,8,1,1,24,1.0,1.0,1.0,1.0,1.0
20000,ZJ-SMB,2005,landsat5,summer_v0,v0_predeclared,8,8,8,10,38,1.0,1.0,1.0,1.0,1.0
20000,ZJ-SMB,2005,landsat5,autumn_primary_v1,biological_target_phase,8,8,1,1,32,1.0,1.0,1.0,1.0,1.0
20000,ZJ-SMB,2005,landsat5,early_season_v1,biological_target_phase,8,8,1,1,22,1.0,1.0,1.0,1.0,1.0
20000,ZJ-SMB,2005,landsat5,__ALL_YEAR__,year,8,8,8,21,164,1.0,1.0,1.0,1.0,1.0
20000,ZJ-SMB,2005,landsat7,autumn_v0,v0_predeclared,8,8,8,9,28,1.0,1.0,1.0,1.0,1.0
20000,ZJ-SMB,2005,landsat7,summer_v0,v0_predeclared,8,8,1,2,32,1.0,1.0,1.0,1.0,1.0
20000,ZJ-SMB,2005,landsat7,autumn_primary_v1,biological_target_phase,8,8,8,9,28,1.0,1.0,1.0,1.0,1.0
20000,ZJ-SMB,2005,landsat7,early_season_v1,biological_target_phase,8,8,0,0,12,1.0,1.0,1.0,1.0,1.0
20000,ZJ-SMB,2005,landsat7,__ALL_YEAR__,year,8,8,8,30,186,1.0,1.0,1.0,1.0,1.0
20000,ZJ-SMB,2006,landsat5,autumn_v0,v0_predeclared,8,8,8,10,36,1.0,1.0,1.0,1.0,1.0
20000,ZJ-SMB,2006,landsat5,summer_v0,v0_predeclared,8,8,1,1,32,1.0,1.0,1.0,1.0,1.0
20000,ZJ-SMB,2006,landsat5,autumn_primary_v1,biological_target_phase,8,8,8,11,40,1.0,1.0,1.0,1.0,1.0
20000,ZJ-SMB,2006,landsat5,early_season_v1,biological_target_phase,8,8,0,0,12,1.0,1.0,1.0,1.0,1.0
20000,ZJ-SMB,2006,landsat5,__ALL_YEAR__,year,8,8,8,39,168,1.0,1.0,1.0,1.0,1.0
20000,ZJ-SMB,2006,landsat7,autumn_v0,v0_predeclared,8,8,8,11,36,1.0,1.0,1.0,1.0,1.0
20000,ZJ-SMB,2006,landsat7,summer_v0,v0_predeclared,8,8,0,0,10,1.0,1.0,1.0,1.0,1.0
20000,ZJ-SMB,2006,landsat7,autumn_primary_v1,biological_target_phase,8,8,8,11,48,1.0,1.0,1.0,1.0,1.0
20000,ZJ-SMB,2006,landsat7,early_season_v1,biological_target_phase,8,8,1,1,22,1.0,1.0,1.0,1.0,1.0
20000,ZJ-SMB,2006,landsat7,__ALL_YEAR__,year,8,8,8,22,164,1.0,1.0,1.0,1.0,1.0
20000,ZJ-SMB,2007,landsat5,autumn_v0,v0_predeclared,8,8,1,1,12,1.0,1.0,1.0,1.0,1.0
20000,ZJ-SMB,2007,landsat5,summer_v0,v0_predeclared,8,8,8,10,44,1.0,1.0,1.0,1.0,1.0
20000,ZJ-SMB,2007,landsat5,autumn_primary_v1,biological_target_phase,8,8,1,1,12,1.0,1.0,1.0,1.0,1.0
20000,ZJ-SMB,2007,landsat5,early_season_v1,biological_target_phase,8,8,1,1,18,1.0,1.0,1.0,1.0,1.0
20000,ZJ-SMB,2007,landsat5,__ALL_YEAR__,year,8,8,8,35,174,1.0,1.0,1.0,1.0,1.0
20000,ZJ-SMB,2007,landsat7,autumn_v0,v0_predeclared,8,8,1,1,16,1.0,1.0,1.0,1.0,1.0
20000,ZJ-SMB,2007,landsat7,summer_v0,v0_predeclared,8,8,1,2,14,1.0,1.0,1.0,1.0,1.0
20000,ZJ-SMB,2007,landsat7,autumn_primary_v1,biological_target_phase,8,8,1,1,28,1.0,1.0,1.0,1.0,1.0
20000,ZJ-SMB,2007,landsat7,early_season_v1,biological_target_phase,8,8,8,16,20,1.0,1.0,1.0,1.0,1.0
20000,ZJ-SMB,2007,landsat7,__ALL_YEAR__,year,8,8,8,37,182,1.0,1.0,1.0,1.0,1.0
20000,ZJ-SMB,2008,landsat5,autumn_v0,v0_predeclared,8,8,8,9,30,1.0,1.0,1.0,1.0,1.0
20000,ZJ-SMB,2008,landsat5,summer_v0,v0_predeclared,8,8,8,9,30,1.0,1.0,1.0,1.0,1.0
20000,ZJ-SMB,2008,landsat5,autumn_primary_v1,biological_target_phase,8,8,8,10,34,1.0,1.0,1.0,1.0,1.0
20000,ZJ-SMB,2008,landsat5,early_season_v1,biological_target_phase,8,8,8,17,28,1.0,1.0,1.0,1.0,1.0
20000,ZJ-SMB,2008,landsat5,__ALL_YEAR__,year,8,8,8,49,176,1.0,1.0,1.0,1.0,1.0
20000,ZJ-SMB,2008,landsat7,autumn_v0,v0_predeclared,8,8,1,1,28,1.0,1.0,1.0,1.0,1.0
20000,ZJ-SMB,2008,landsat7,summer_v0,v0_predeclared,8,8,8,8,36,1.0,1.0,1.0,1.0,1.0
20000,ZJ-SMB,2008,landsat7,autumn_primary_v1,biological_target_phase,8,8,1,1,40,1.0,1.0,1.0,1.0,1.0
20000,ZJ-SMB,2008,landsat7,early_season_v1,biological_target_phase,8,8,1,2,24,1.0,1.0,1.0,1.0,1.0
20000,ZJ-SMB,2008,landsat7,__ALL_YEAR__,year,8,8,8,25,198,1.0,1.0,1.0,1.0,1.0
20000,ZJ-SMB,2009,landsat5,autumn_v0,v0_predeclared,8,8,8,9,32,1.0,1.0,1.0,1.0,1.0
20000,ZJ-SMB,2009,landsat5,summer_v0,v0_predeclared,8,8,8,10,26,1.0,1.0,1.0,1.0,1.0
20000,ZJ-SMB,2009,landsat5,autumn_primary_v1,biological_target_phase,8,8,8,9,40,1.0,1.0,1.0,1.0,1.0
20000,ZJ-SMB,2009,landsat5,early_season_v1,biological_target_phase,8,8,8,10,32,1.0,1.0,1.0,1.0,1.0
20000,ZJ-SMB,2009,landsat5,__ALL_YEAR__,year,8,8,8,46,160,1.0,1.0,1.0,1.0,1.0
20000,ZJ-SMB,2009,landsat7,autumn_v0,v0_predeclared,8,8,8,10,28,1.0,1.0,1.0,1.0,1.0
20000,ZJ-SMB,2009,landsat7,summer_v0,v0_predeclared,8,8,1,1,18,1.0,1.0,1.0,1.0,1.0
20000,ZJ-SMB,2009,landsat7,autumn_primary_v1,biological_target_phase,8,8,8,10,36,1.0,1.0,1.0,1.0,1.0
20000,ZJ-SMB,2009,landsat7,early_season_v1,biological_target_phase,8,8,1,1,24,1.0,1.0,1.0,1.0,1.0
20000,ZJ-SMB,2009,landsat7,__ALL_YEAR__,year,8,8,8,41,146,1.0,1.0,1.0,1.0,1.0
20000,ZJ-SMB,2010,landsat5,autumn_v0,v0_predeclared,8,8,1,1,16,1.0,1.0,1.0,1.0,1.0
20000,ZJ-SMB,2010,landsat5,summer_v0,v0_predeclared,8,8,1,1,20,1.0,1.0,1.0,1.0,1.0
20000,ZJ-SMB,2010,landsat5,autumn_primary_v1,biological_target_phase,8,8,8,9,28,1.0,1.0,1.0,1.0,1.0
20000,ZJ-SMB,2010,landsat5,early_season_v1,biological_target_phase,8,8,8,8,20,1.0,1.0,1.0,1.0,1.0
20000,ZJ-SMB,2010,landsat5,__ALL_YEAR__,year,8,8,8,45,144,1.0,1.0,1.0,1.0,1.0
20000,ZJ-SMB,2010,landsat7,autumn_v0,v0_predeclared,8,8,8,8,16,1.0,1.0,1.0,1.0,1.0
20000,ZJ-SMB,2010,landsat7,summer_v0,v0_predeclared,8,8,1,1,12,1.0,1.0,1.0,1.0,1.0
20000,ZJ-SMB,2010,landsat7,autumn_primary_v1,biological_target_phase,8,8,8,9,20,1.0,1.0,1.0,1.0,1.0
20000,ZJ-SMB,2010,landsat7,early_season_v1,biological_target_phase,8,8,8,8,20,1.0,1.0,1.0,1.0,1.0
20000,ZJ-SMB,2010,landsat7,__ALL_YEAR__,year,8,8,8,53,152,1.0,1.0,1.0,1.0,1.0
20000,ZJ-SMB,2011,landsat5,autumn_v0,v0_predeclared,8,8,0,0,8,1.0,1.0,1.0,1.0,1.0
20000,ZJ-SMB,2011,landsat5,summer_v0,v0_predeclared,8,8,8,8,10,1.0,1.0,1.0,1.0,1.0
20000,ZJ-SMB,2011,landsat5,autumn_primary_v1,biological_target_phase,8,8,0,0,16,1.0,1.0,1.0,1.0,1.0
20000,ZJ-SMB,2011,landsat5,early_season_v1,biological_target_phase,8,8,0,0,16,1.0,1.0,1.0,1.0,1.0
20000,ZJ-SMB,2011,landsat5,__ALL_YEAR__,year,8,8,8,19,108,1.0,1.0,1.0,1.0,1.0
20000,ZJ-SMB,2011,landsat7,autumn_v0,v0_predeclared,8,8,1,1,24,1.0,1.0,1.0,1.0,1.0
20000,ZJ-SMB,2011,landsat7,summer_v0,v0_predeclared,8,8,0,0,0,1.0,1.0,1.0,1.0,1.0
20000,ZJ-SMB,2011,landsat7,autumn_primary_v1,biological_target_phase,8,8,1,1,28,1.0,1.0,1.0,1.0,1.0
20000,ZJ-SMB,2011,landsat7,early_season_v1,biological_target_phase,8,8,0,0,8,1.0,1.0,1.0,1.0,1.0
20000,ZJ-SMB,2011,landsat7,__ALL_YEAR__,year,8,8,8,43,150,1.0,1.0,1.0,1.0,1.0
20000,ZJ-SMB,2012,landsat7,autumn_v0,v0_predeclared,8,8,0,0,32,1.0,1.0,1.0,1.0,1.0
20000,ZJ-SMB,2012,landsat7,summer_v0,v0_predeclared,8,8,0,0,6,1.0,1.0,1.0,1.0,1.0
20000,ZJ-SMB,2012,landsat7,autumn_primary_v1,biological_target_phase,8,8,0,0,44,1.0,1.0,1.0,1.0,1.0
20000,ZJ-SMB,2012,landsat7,early_season_v1,biological_target_phase,8,8,1,1,20,1.0,1.0,1.0,1.0,1.0
20000,ZJ-SMB,2012,landsat7,__ALL_YEAR__,year,8,8,8,26,156,1.0,1.0,1.0,1.0,1.0
20000,ZJ-SMB,2013,landsat7,autumn_v0,v0_predeclared,8,8,1,1,32,1.0,1.0,1.0,1.0,1.0
20000,ZJ-SMB,2013,landsat7,summer_v0,v0_predeclared,8,8,1,1,16,1.0,1.0,1.0,1.0,1.0
20000,ZJ-SMB,2013,landsat7,autumn_primary_v1,biological_target_phase,8,8,1,1,40,1.0,1.0,1.0,1.0,1.0
20000,ZJ-SMB,2013,landsat7,early_season_v1,biological_target_phase,8,8,0,0,8,1.0,1.0,1.0,1.0,1.0
20000,ZJ-SMB,2013,landsat7,__ALL_YEAR__,year,8,8,8,38,164,1.0,1.0,1.0,1.0,1.0
20000,ZJ-SMB,2013,landsat8,autumn_v0,v0_predeclared,8,8,1,1,26,1.0,1.0,1.0,1.0,1.0
20000,ZJ-SMB,2013,landsat8,summer_v0,v0_predeclared,8,8,0,0,36,1.0,1.0,1.0,1.0,1.0
20000,ZJ-SMB,2013,landsat8,autumn_primary_v1,biological_target_phase,8,8,1,1,30,1.0,1.0,1.0,1.0,1.0
20000,ZJ-SMB,2013,landsat8,early_season_v1,biological_target_phase,8,8,0,0,20,1.0,1.0,1.0,1.0,1.0
20000,ZJ-SMB,2013,landsat8,__ALL_YEAR__,year,8,8,8,29,154,1.0,1.0,1.0,1.0,1.0
20000,ZJ-SMB,2014,landsat7,autumn_v0,v0_predeclared,8,8,1,1,26,1.0,1.0,1.0,1.0,1.0
20000,ZJ-SMB,2014,landsat7,summer_v0,v0_predeclared,8,8,1,1,32,1.0,1.0,1.0,1.0,1.0
20000,ZJ-SMB,2014,landsat7,autumn_primary_v1,biological_target_phase,8,8,1,2,38,1.0,1.0,1.0,1.0,1.0
20000,ZJ-SMB,2014,landsat7,early_season_v1,biological_target_phase,8,8,0,0,24,1.0,1.0,1.0,1.0,1.0
20000,ZJ-SMB,2014,landsat7,__ALL_YEAR__,year,8,8,8,31,208,1.0,1.0,1.0,1.0,1.0
20000,ZJ-SMB,2014,landsat8,autumn_v0,v0_predeclared,8,8,1,1,32,1.0,1.0,1.0,1.0,1.0
20000,ZJ-SMB,2014,landsat8,summer_v0,v0_predeclared,8,8,1,1,34,1.0,1.0,1.0,1.0,1.0
20000,ZJ-SMB,2014,landsat8,autumn_primary_v1,biological_target_phase,8,8,8,9,44,1.0,1.0,1.0,1.0,1.0
20000,ZJ-SMB,2014,landsat8,early_season_v1,biological_target_phase,8,8,1,1,14,1.0,1.0,1.0,1.0,1.0
20000,ZJ-SMB,2014,landsat8,__ALL_YEAR__,year,8,8,8,38,212,1.0,1.0,1.0,1.0,1.0
20000,ZJ-SMB,2015,landsat7,autumn_v0,v0_predeclared,8,8,0,0,12,1.0,1.0,1.0,1.0,1.0
20000,ZJ-SMB,2015,landsat7,summer_v0,v0_predeclared,8,8,8,9,30,1.0,1.0,1.0,1.0,1.0
20000,ZJ-SMB,2015,landsat7,autumn_primary_v1,biological_target_phase,8,8,0,0,20,1.0,1.0,1.0,1.0,1.0
20000,ZJ-SMB,2015,landsat7,early_season_v1,biological_target_phase,8,8,1,1,20,1.0,1.0,1.0,1.0,1.0
20000,ZJ-SMB,2015,landsat7,__ALL_YEAR__,year,8,8,8,23,166,1.0,1.0,1.0,1.0,1.0
20000,ZJ-SMB,2015,landsat8,autumn_v0,v0_predeclared,8,8,1,1,12,1.0,1.0,1.0,1.0,1.0
20000,ZJ-SMB,2015,landsat8,summer_v0,v0_predeclared,8,8,1,1,26,1.0,1.0,1.0,1.0,1.0
20000,ZJ-SMB,2015,landsat8,autumn_primary_v1,biological_target_phase,8,8,1,1,20,1.0,1.0,1.0,1.0,1.0
20000,ZJ-SMB,2015,landsat8,early_season_v1,biological_target_phase,8,8,1,1,20,1.0,1.0,1.0,1.0,1.0
20000,ZJ-SMB,2015,landsat8,__ALL_YEAR__,year,8,8,8,20,176,1.0,1.0,1.0,1.0,1.0
20000,ZJ-SMB,2015,sentinel1,autumn_v0,v0_predeclared,8,8,0,0,0,1.0,1.0,1.0,1.0,1.0
20000,ZJ-SMB,2015,sentinel1,summer_v0,v0_predeclared,8,8,8,8,8,1.0,1.0,1.0,1.0,1.0
20000,ZJ-SMB,2015,sentinel1,autumn_primary_v1,biological_target_phase,8,8,0,0,0,1.0,1.0,1.0,1.0,1.0
20000,ZJ-SMB,2015,sentinel1,early_season_v1,biological_target_phase,8,8,8,8,8,1.0,1.0,1.0,1.0,1.0
20000,ZJ-SMB,2015,sentinel1,__ALL_YEAR__,year,8,8,8,24,24,1.0,1.0,1.0,1.0,1.0
20000,ZJ-SMB,2016,landsat7,autumn_v0,v0_predeclared,8,8,1,1,24,1.0,1.0,1.0,1.0,1.0
20000,ZJ-SMB,2016,landsat7,summer_v0,v0_predeclared,8,8,8,10,24,1.0,1.0,1.0,1.0,1.0
20000,ZJ-SMB,2016,landsat7,autumn_primary_v1,biological_target_phase,8,8,1,1,28,1.0,1.0,1.0,1.0,1.0
20000,ZJ-SMB,2016,landsat7,early_season_v1,biological_target_phase,8,8,0,0,8,1.0,1.0,1.0,1.0,1.0
20000,ZJ-SMB,2016,landsat7,__ALL_YEAR__,year,8,8,8,22,156,1.0,1.0,1.0,1.0,1.0
20000,ZJ-SMB,2016,landsat8,autumn_v0,v0_predeclared,8,8,1,1,24,1.0,1.0,1.0,1.0,1.0
20000,ZJ-SMB,2016,landsat8,summer_v0,v0_predeclared,8,8,8,10,42,1.0,1.0,1.0,1.0,1.0
20000,ZJ-SMB,2016,landsat8,autumn_primary_v1,biological_target_phase,8,8,1,1,28,1.0,1.0,1.0,1.0,1.0
20000,ZJ-SMB,2016,landsat8,early_season_v1,biological_target_phase,8,8,0,0,16,1.0,1.0,1.0,1.0,1.0
20000,ZJ-SMB,2016,landsat8,__ALL_YEAR__,year,8,8,8,22,182,1.0,1.0,1.0,1.0,1.0
20000,ZJ-SMB,2017,landsat7,autumn_v0,v0_predeclared,8,8,8,9,32,1.0,1.0,1.0,1.0,1.0
20000,ZJ-SMB,2017,landsat7,summer_v0,v0_predeclared,8,8,1,1,36,1.0,1.0,1.0,1.0,1.0
20000,ZJ-SMB,2017,landsat7,autumn_primary_v1,biological_target_phase,8,8,8,9,44,1.0,1.0,1.0,1.0,1.0
20000,ZJ-SMB,2017,landsat7,early_season_v1,biological_target_phase,8,8,1,1,16,1.0,1.0,1.0,1.0,1.0
20000,ZJ-SMB,2017,landsat7,__ALL_YEAR__,year,8,8,8,30,194,1.0,1.0,1.0,1.0,1.0
20000,ZJ-SMB,2017,landsat8,autumn_v0,v0_predeclared,8,8,8,9,28,1.0,1.0,1.0,1.0,1.0
20000,ZJ-SMB,2017,landsat8,summer_v0,v0_predeclared,8,8,8,10,24,1.0,1.0,1.0,1.0,1.0
20000,ZJ-SMB,2017,landsat8,autumn_primary_v1,biological_target_phase,8,8,8,9,30,1.0,1.0,1.0,1.0,1.0
20000,ZJ-SMB,2017,landsat8,early_season_v1,biological_target_phase,8,8,1,1,20,1.0,1.0,1.0,1.0,1.0
20000,ZJ-SMB,2017,landsat8,__ALL_YEAR__,year,8,8,8,47,178,1.0,1.0,1.0,1.0,1.0
20000,ZJ-SMB,2017,sentinel2,autumn_v0,v0_predeclared,8,8,8,8,11,1.0,1.0,1.0,1.0,1.0
20000,ZJ-SMB,2017,sentinel2,summer_v0,v0_predeclared,8,8,8,8,8,1.0,1.0,1.0,1.0,1.0
20000,ZJ-SMB,2017,sentinel2,autumn_primary_v1,biological_target_phase,8,8,8,8,11,1.0,1.0,1.0,1.0,1.0
20000,ZJ-SMB,2017,sentinel2,early_season_v1,biological_target_phase,8,8,8,8,8,1.0,1.0,1.0,1.0,1.0
20000,ZJ-SMB,2017,sentinel2,__ALL_YEAR__,year,8,8,8,104,107,1.0,1.0,1.0,1.0,1.0
20000,ZJ-SMB,2018,landsat7,autumn_v0,v0_predeclared,8,8,8,8,24,1.0,1.0,1.0,1.0,1.0
20000,ZJ-SMB,2018,landsat7,summer_v0,v0_predeclared,8,8,1,1,40,1.0,1.0,1.0,1.0,1.0
20000,ZJ-SMB,2018,landsat7,autumn_primary_v1,biological_target_phase,8,8,8,8,24,1.0,1.0,1.0,1.0,1.0
20000,ZJ-SMB,2018,landsat7,early_season_v1,biological_target_phase,8,8,0,0,18,1.0,1.0,1.0,1.0,1.0
20000,ZJ-SMB,2018,landsat7,__ALL_YEAR__,year,8,8,8,28,174,1.0,1.0,1.0,1.0,1.0
20000,ZJ-SMB,2018,landsat8,autumn_v0,v0_predeclared,8,8,8,10,24,1.0,1.0,1.0,1.0,1.0
20000,ZJ-SMB,2018,landsat8,summer_v0,v0_predeclared,8,8,8,10,48,1.0,1.0,1.0,1.0,1.0
20000,ZJ-SMB,2018,landsat8,autumn_primary_v1,biological_target_phase,8,8,8,10,24,1.0,1.0,1.0,1.0,1.0
20000,ZJ-SMB,2018,landsat8,early_season_v1,biological_target_phase,8,8,0,0,26,1.0,1.0,1.0,1.0,1.0
20000,ZJ-SMB,2018,landsat8,__ALL_YEAR__,year,8,8,8,40,182,1.0,1.0,1.0,1.0,1.0
20000,ZJ-SMB,2018,sentinel1,autumn_v0,v0_predeclared,8,8,0,0,0,1.0,1.0,1.0,1.0,1.0
20000,ZJ-SMB,2018,sentinel1,summer_v0,v0_predeclared,8,8,0,0,0,1.0,1.0,1.0,1.0,1.0
20000,ZJ-SMB,2018,sentinel1,autumn_primary_v1,biological_target_phase,8,8,0,0,0,1.0,1.0,1.0,1.0,1.0
20000,ZJ-SMB,2018,sentinel1,early_season_v1,biological_target_phase,8,8,0,0,0,1.0,1.0,1.0,1.0,1.0
20000,ZJ-SMB,2018,sentinel1,__ALL_YEAR__,year,8,8,8,13,16,1.0,1.0,1.0,1.0,1.0
20000,ZJ-SMB,2018,sentinel2,autumn_v0,v0_predeclared,8,8,0,0,6,1.0,1.0,1.0,1.0,1.0
20000,ZJ-SMB,2018,sentinel2,summer_v0,v0_predeclared,8,8,8,8,8,1.0,1.0,1.0,1.0,1.0
20000,ZJ-SMB,2018,sentinel2,autumn_primary_v1,biological_target_phase,8,8,0,0,6,1.0,1.0,1.0,1.0,1.0
20000,ZJ-SMB,2018,sentinel2,early_season_v1,biological_target_phase,8,8,0,0,0,1.0,1.0,1.0,1.0,1.0
20000,ZJ-SMB,2018,sentinel2,__ALL_YEAR__,year,8,8,8,80,126,1.0,1.0,1.0,1.0,1.0
20000,ZJ-SMB,2019,landsat7,autumn_v0,v0_predeclared,8,8,8,8,32,1.0,1.0,1.0,1.0,1.0
20000,ZJ-SMB,2019,landsat7,summer_v0,v0_predeclared,8,8,1,1,14,1.0,1.0,1.0,1.0,1.0
20000,ZJ-SMB,2019,landsat7,autumn_primary_v1,biological_target_phase,8,8,8,16,40,1.0,1.0,1.0,1.0,1.0
20000,ZJ-SMB,2019,landsat7,early_season_v1,biological_target_phase,8,8,1,1,14,1.0,1.0,1.0,1.0,1.0
20000,ZJ-SMB,2019,landsat7,__ALL_YEAR__,year,8,8,8,54,158,1.0,1.0,1.0,1.0,1.0
20000,ZJ-SMB,2019,landsat8,autumn_v0,v0_predeclared,8,8,1,2,20,1.0,1.0,1.0,1.0,1.0
20000,ZJ-SMB,2019,landsat8,summer_v0,v0_predeclared,8,8,8,9,44,1.0,1.0,1.0,1.0,1.0
20000,ZJ-SMB,2019,landsat8,autumn_primary_v1,biological_target_phase,8,8,8,11,32,1.0,1.0,1.0,1.0,1.0
20000,ZJ-SMB,2019,landsat8,early_season_v1,biological_target_phase,8,8,1,1,20,1.0,1.0,1.0,1.0,1.0
20000,ZJ-SMB,2019,landsat8,__ALL_YEAR__,year,8,8,8,51,224,1.0,1.0,1.0,1.0,1.0
20000,ZJ-SMB,2019,sentinel1,autumn_v0,v0_predeclared,8,8,0,0,0,1.0,1.0,1.0,1.0,1.0
20000,ZJ-SMB,2019,sentinel1,summer_v0,v0_predeclared,8,8,0,0,0,1.0,1.0,1.0,1.0,1.0
20000,ZJ-SMB,2019,sentinel1,autumn_primary_v1,biological_target_phase,8,8,0,0,0,1.0,1.0,1.0,1.0,1.0
20000,ZJ-SMB,2019,sentinel1,early_season_v1,biological_target_phase,8,8,0,0,0,1.0,1.0,1.0,1.0,1.0
20000,ZJ-SMB,2019,sentinel1,__ALL_YEAR__,year,8,8,8,13,16,1.0,1.0,1.0,1.0,1.0
20000,ZJ-SMB,2019,sentinel2,autumn_v0,v0_predeclared,8,8,8,48,159,1.0,1.0,1.0,1.0,1.0
20000,ZJ-SMB,2019,sentinel2,summer_v0,v0_predeclared,8,8,8,8,195,1.0,1.0,1.0,1.0,1.0
20000,ZJ-SMB,2019,sentinel2,autumn_primary_v1,biological_target_phase,8,8,8,64,207,1.0,1.0,1.0,1.0,1.0
20000,ZJ-SMB,2019,sentinel2,early_season_v1,biological_target_phase,8,8,8,8,120,1.0,1.0,1.0,1.0,1.0
20000,ZJ-SMB,2019,sentinel2,__ALL_YEAR__,year,8,8,8,200,1196,1.0,1.0,1.0,1.0,1.0
20000,ZJ-SMB,2020,landsat7,autumn_v0,v0_predeclared,8,8,8,9,32,1.0,1.0,1.0,1.0,1.0
20000,ZJ-SMB,2020,landsat7,summer_v0,v0_predeclared,8,8,0,0,14,1.0,1.0,1.0,1.0,1.0
20000,ZJ-SMB,2020,landsat7,autumn_primary_v1,biological_target_phase,8,8,8,18,44,1.0,1.0,1.0,1.0,1.0
20000,ZJ-SMB,2020,landsat7,early_season_v1,biological_target_phase,8,8,8,10,28,1.0,1.0,1.0,1.0,1.0
20000,ZJ-SMB,2020,landsat7,__ALL_YEAR__,year,8,8,8,39,184,1.0,1.0,1.0,1.0,1.0
20000,ZJ-SMB,2020,landsat8,autumn_v0,v0_predeclared,8,8,1,2,24,1.0,1.0,1.0,1.0,1.0
20000,ZJ-SMB,2020,landsat8,summer_v0,v0_predeclared,8,8,0,0,24,1.0,1.0,1.0,1.0,1.0
20000,ZJ-SMB,2020,landsat8,autumn_primary_v1,biological_target_phase,8,8,1,2,24,1.0,1.0,1.0,1.0,1.0
20000,ZJ-SMB,2020,landsat8,early_season_v1,biological_target_phase,8,8,0,0,18,1.0,1.0,1.0,1.0,1.0
20000,ZJ-SMB,2020,landsat8,__ALL_YEAR__,year,8,8,8,12,174,1.0,1.0,1.0,1.0,1.0
20000,ZJ-SMB,2020,sentinel2,autumn_v0,v0_predeclared,8,8,8,8,153,1.0,1.0,1.0,1.0,1.0
20000,ZJ-SMB,2020,sentinel2,summer_v0,v0_predeclared,8,8,0,0,192,1.0,1.0,1.0,1.0,1.0
20000,ZJ-SMB,2020,sentinel2,autumn_primary_v1,biological_target_phase,8,8,8,16,201,1.0,1.0,1.0,1.0,1.0
20000,ZJ-SMB,2020,sentinel2,early_season_v1,biological_target_phase,8,8,0,0,131,1.0,1.0,1.0,1.0,1.0
20000,ZJ-SMB,2020,sentinel2,__ALL_YEAR__,year,8,8,8,128,1195,1.0,1.0,1.0,1.0,1.0
20000,ZJ-SMB,2021,landsat7,autumn_v0,v0_predeclared,8,8,8,8,26,1.0,1.0,1.0,1.0,1.0
20000,ZJ-SMB,2021,landsat7,summer_v0,v0_predeclared,8,8,0,0,10,1.0,1.0,1.0,1.0,1.0
20000,ZJ-SMB,2021,landsat7,autumn_primary_v1,biological_target_phase,8,8,8,8,38,1.0,1.0,1.0,1.0,1.0
20000,ZJ-SMB,2021,landsat7,early_season_v1,biological_target_phase,8,8,1,1,18,1.0,1.0,1.0,1.0,1.0
20000,ZJ-SMB,2021,landsat7,__ALL_YEAR__,year,8,8,8,36,148,1.0,1.0,1.0,1.0,1.0
20000,ZJ-SMB,2021,landsat8,autumn_v0,v0_predeclared,8,8,1,1,36,1.0,1.0,1.0,1.0,1.0
20000,ZJ-SMB,2021,landsat8,summer_v0,v0_predeclared,8,8,0,0,24,1.0,1.0,1.0,1.0,1.0
20000,ZJ-SMB,2021,landsat8,autumn_primary_v1,biological_target_phase,8,8,1,1,44,1.0,1.0,1.0,1.0,1.0
20000,ZJ-SMB,2021,landsat8,early_season_v1,biological_target_phase,8,8,0,0,20,1.0,1.0,1.0,1.0,1.0
20000,ZJ-SMB,2021,landsat8,__ALL_YEAR__,year,8,8,1,3,186,1.0,1.0,1.0,1.0,1.0
20000,ZJ-SMB,2021,sentinel1,autumn_v0,v0_predeclared,8,8,0,0,0,1.0,1.0,1.0,1.0,1.0
20000,ZJ-SMB,2021,sentinel1,summer_v0,v0_predeclared,8,8,8,8,8,1.0,1.0,1.0,1.0,1.0
20000,ZJ-SMB,2021,sentinel1,autumn_primary_v1,biological_target_phase,8,8,0,0,0,1.0,1.0,1.0,1.0,1.0
20000,ZJ-SMB,2021,sentinel1,early_season_v1,biological_target_phase,8,8,0,0,0,1.0,1.0,1.0,1.0,1.0
20000,ZJ-SMB,2021,sentinel1,__ALL_YEAR__,year,8,8,8,8,8,1.0,1.0,1.0,1.0,1.0
20000,ZJ-SMB,2021,sentinel2,autumn_v0,v0_predeclared,8,8,8,48,155,1.0,1.0,1.0,1.0,1.0
20000,ZJ-SMB,2021,sentinel2,summer_v0,v0_predeclared,8,8,0,0,192,1.0,1.0,1.0,1.0,1.0
20000,ZJ-SMB,2021,sentinel2,autumn_primary_v1,biological_target_phase,8,8,8,72,206,1.0,1.0,1.0,1.0,1.0
20000,ZJ-SMB,2021,sentinel2,early_season_v1,biological_target_phase,8,8,8,16,139,1.0,1.0,1.0,1.0,1.0
20000,ZJ-SMB,2021,sentinel2,__ALL_YEAR__,year,8,8,8,208,1190,1.0,1.0,1.0,1.0,1.0
20000,ZJ-SMB,2022,landsat7,autumn_v0,v0_predeclared,8,8,8,16,24,1.0,1.0,1.0,1.0,1.0
20000,ZJ-SMB,2022,landsat7,summer_v0,v0_predeclared,8,8,1,2,40,1.0,1.0,1.0,1.0,1.0
20000,ZJ-SMB,2022,landsat7,autumn_primary_v1,biological_target_phase,8,8,8,16,32,1.0,1.0,1.0,1.0,1.0
20000,ZJ-SMB,2022,landsat7,early_season_v1,biological_target_phase,8,8,0,0,2,1.0,1.0,1.0,1.0,1.0
20000,ZJ-SMB,2022,landsat7,__ALL_YEAR__,year,8,8,8,29,140,1.0,1.0,1.0,1.0,1.0
20000,ZJ-SMB,2022,landsat8,autumn_v0,v0_predeclared,8,8,1,1,26,1.0,1.0,1.0,1.0,1.0
20000,ZJ-SMB,2022,landsat8,summer_v0,v0_predeclared,8,8,0,0,28,1.0,1.0,1.0,1.0,1.0
20000,ZJ-SMB,2022,landsat8,autumn_primary_v1,biological_target_phase,8,8,1,1,34,1.0,1.0,1.0,1.0,1.0
20000,ZJ-SMB,2022,landsat8,early_season_v1,biological_target_phase,8,8,1,1,24,1.0,1.0,1.0,1.0,1.0
20000,ZJ-SMB,2022,landsat8,__ALL_YEAR__,year,8,8,8,39,184,1.0,1.0,1.0,1.0,1.0
20000,ZJ-SMB,2022,landsat9,autumn_v0,v0_predeclared,8,8,1,1,18,1.0,1.0,1.0,1.0,1.0
20000,ZJ-SMB,2022,landsat9,summer_v0,v0_predeclared,8,8,1,2,34,1.0,1.0,1.0,1.0,1.0
20000,ZJ-SMB,2022,landsat9,autumn_primary_v1,biological_target_phase,8,8,1,2,24,1.0,1.0,1.0,1.0,1.0
20000,ZJ-SMB,2022,landsat9,early_season_v1,biological_target_phase,8,8,0,0,14,1.0,1.0,1.0,1.0,1.0
20000,ZJ-SMB,2022,landsat9,__ALL_YEAR__,year,8,8,8,33,162,1.0,1.0,1.0,1.0,1.0
20000,ZJ-SMB,2022,sentinel2,autumn_v0,v0_predeclared,8,8,0,0,152,1.0,1.0,1.0,1.0,1.0
20000,ZJ-SMB,2022,sentinel2,summer_v0,v0_predeclared,8,8,8,8,192,1.0,1.0,1.0,1.0,1.0
20000,ZJ-SMB,2022,sentinel2,autumn_primary_v1,biological_target_phase,8,8,0,0,200,1.0,1.0,1.0,1.0,1.0
20000,ZJ-SMB,2022,sentinel2,early_season_v1,biological_target_phase,8,8,0,0,136,1.0,1.0,1.0,1.0,1.0
20000,ZJ-SMB,2022,sentinel2,__ALL_YEAR__,year,8,8,8,48,1168,1.0,1.0,1.0,1.0,1.0
20000,ZJ-SMB,2023,landsat7,autumn_v0,v0_predeclared,8,8,1,2,16,1.0,1.0,1.0,1.0,1.0
20000,ZJ-SMB,2023,landsat7,summer_v0,v0_predeclared,8,8,0,0,44,1.0,1.0,1.0,1.0,1.0
20000,ZJ-SMB,2023,landsat7,autumn_primary_v1,biological_target_phase,8,8,1,2,16,1.0,1.0,1.0,1.0,1.0
20000,ZJ-SMB,2023,landsat7,early_season_v1,biological_target_phase,8,8,0,0,8,1.0,1.0,1.0,1.0,1.0
20000,ZJ-SMB,2023,landsat7,__ALL_YEAR__,year,8,8,8,15,158,1.0,1.0,1.0,1.0,1.0
20000,ZJ-SMB,2023,landsat8,autumn_v0,v0_predeclared,8,8,1,2,32,1.0,1.0,1.0,1.0,1.0
20000,ZJ-SMB,2023,landsat8,summer_v0,v0_predeclared,8,8,0,0,24,1.0,1.0,1.0,1.0,1.0
20000,ZJ-SMB,2023,landsat8,autumn_primary_v1,biological_target_phase,8,8,1,3,44,1.0,1.0,1.0,1.0,1.0
20000,ZJ-SMB,2023,landsat8,early_season_v1,biological_target_phase,8,8,0,0,14,1.0,1.0,1.0,1.0,1.0
20000,ZJ-SMB,2023,landsat8,__ALL_YEAR__,year,8,8,8,23,204,1.0,1.0,1.0,1.0,1.0
20000,ZJ-SMB,2023,landsat9,autumn_v0,v0_predeclared,8,8,8,10,24,1.0,1.0,1.0,1.0,1.0
20000,ZJ-SMB,2023,landsat9,summer_v0,v0_predeclared,8,8,1,2,32,1.0,1.0,1.0,1.0,1.0
20000,ZJ-SMB,2023,landsat9,autumn_primary_v1,biological_target_phase,8,8,8,10,32,1.0,1.0,1.0,1.0,1.0
20000,ZJ-SMB,2023,landsat9,early_season_v1,biological_target_phase,8,8,0,0,28,1.0,1.0,1.0,1.0,1.0
20000,ZJ-SMB,2023,landsat9,__ALL_YEAR__,year,8,8,8,41,206,1.0,1.0,1.0,1.0,1.0
20000,ZJ-SMB,2023,sentinel2,autumn_v0,v0_predeclared,8,8,8,24,152,1.0,1.0,1.0,1.0,1.0
20000,ZJ-SMB,2023,sentinel2,summer_v0,v0_predeclared,8,8,0,0,192,1.0,1.0,1.0,1.0,1.0
20000,ZJ-SMB,2023,sentinel2,autumn_primary_v1,biological_target_phase,8,8,8,24,200,1.0,1.0,1.0,1.0,1.0
20000,ZJ-SMB,2023,sentinel2,early_season_v1,biological_target_phase,8,8,0,0,136,1.0,1.0,1.0,1.0,1.0
20000,ZJ-SMB,2023,sentinel2,__ALL_YEAR__,year,8,8,8,152,1171,1.0,1.0,1.0,1.0,1.0
20000,ZJ-SMB,2024,landsat8,autumn_v0,v0_predeclared,8,8,0,0,26,1.0,1.0,1.0,1.0,1.0
20000,ZJ-SMB,2024,landsat8,summer_v0,v0_predeclared,8,8,1,1,32,1.0,1.0,1.0,1.0,1.0
20000,ZJ-SMB,2024,landsat8,autumn_primary_v1,biological_target_phase,8,8,0,0,30,1.0,1.0,1.0,1.0,1.0
20000,ZJ-SMB,2024,landsat8,early_season_v1,biological_target_phase,8,8,1,1,22,1.0,1.0,1.0,1.0,1.0
20000,ZJ-SMB,2024,landsat8,__ALL_YEAR__,year,8,8,8,40,198,1.0,1.0,1.0,1.0,1.0
20000,ZJ-SMB,2024,landsat9,autumn_v0,v0_predeclared,8,8,1,2,32,1.0,1.0,1.0,1.0,1.0
20000,ZJ-SMB,2024,landsat9,summer_v0,v0_predeclared,8,8,0,0,32,1.0,1.0,1.0,1.0,1.0
20000,ZJ-SMB,2024,landsat9,autumn_primary_v1,biological_target_phase,8,8,1,2,40,1.0,1.0,1.0,1.0,1.0
20000,ZJ-SMB,2024,landsat9,early_season_v1,biological_target_phase,8,8,1,1,24,1.0,1.0,1.0,1.0,1.0
20000,ZJ-SMB,2024,landsat9,__ALL_YEAR__,year,8,8,8,26,212,1.0,1.0,1.0,1.0,1.0
20000,ZJ-SMB,2024,sentinel1,autumn_v0,v0_predeclared,8,8,8,8,8,1.0,1.0,1.0,1.0,1.0
20000,ZJ-SMB,2024,sentinel1,summer_v0,v0_predeclared,8,8,0,0,0,1.0,1.0,1.0,1.0,1.0
20000,ZJ-SMB,2024,sentinel1,autumn_primary_v1,biological_target_phase,8,8,8,8,8,1.0,1.0,1.0,1.0,1.0
20000,ZJ-SMB,2024,sentinel1,early_season_v1,biological_target_phase,8,8,0,0,0,1.0,1.0,1.0,1.0,1.0
20000,ZJ-SMB,2024,sentinel1,__ALL_YEAR__,year,8,8,8,8,8,1.0,1.0,1.0,1.0,1.0
20000,ZJ-SMB,2024,sentinel2,autumn_v0,v0_predeclared,8,8,8,8,152,1.0,1.0,1.0,1.0,1.0
20000,ZJ-SMB,2024,sentinel2,summer_v0,v0_predeclared,8,8,8,8,192,1.0,1.0,1.0,1.0,1.0
20000,ZJ-SMB,2024,sentinel2,autumn_primary_v1,biological_target_phase,8,8,8,16,200,1.0,1.0,1.0,1.0,1.0
20000,ZJ-SMB,2024,sentinel2,early_season_v1,biological_target_phase,8,8,0,0,136,1.0,1.0,1.0,1.0,1.0
20000,ZJ-SMB,2024,sentinel2,__ALL_YEAR__,year,8,8,8,128,1168,1.0,1.0,1.0,1.0,1.0
20000,ZJ-SMB,2025,landsat8,autumn_v0,v0_predeclared,8,8,1,1,28,1.0,1.0,1.0,1.0,1.0
20000,ZJ-SMB,2025,landsat8,summer_v0,v0_predeclared,8,8,1,1,40,1.0,1.0,1.0,1.0,1.0
20000,ZJ-SMB,2025,landsat8,autumn_primary_v1,biological_target_phase,8,8,1,1,36,1.0,1.0,1.0,1.0,1.0
20000,ZJ-SMB,2025,landsat8,early_season_v1,biological_target_phase,8,8,8,8,20,1.0,1.0,1.0,1.0,1.0
20000,ZJ-SMB,2025,landsat8,__ALL_YEAR__,year,8,8,8,57,230,1.0,1.0,1.0,1.0,1.0
20000,ZJ-SMB,2025,landsat9,autumn_v0,v0_predeclared,8,8,1,1,28,1.0,1.0,1.0,1.0,1.0
20000,ZJ-SMB,2025,landsat9,summer_v0,v0_predeclared,8,8,1,1,34,1.0,1.0,1.0,1.0,1.0
20000,ZJ-SMB,2025,landsat9,autumn_primary_v1,biological_target_phase,8,8,1,1,36,1.0,1.0,1.0,1.0,1.0
20000,ZJ-SMB,2025,landsat9,early_season_v1,biological_target_phase,8,8,8,8,16,1.0,1.0,1.0,1.0,1.0
20000,ZJ-SMB,2025,landsat9,__ALL_YEAR__,year,8,8,8,42,202,1.0,1.0,1.0,1.0,1.0
20000,ZJ-SMB,2025,sentinel1,autumn_v0,v0_predeclared,8,8,0,0,0,1.0,1.0,1.0,1.0,1.0
20000,ZJ-SMB,2025,sentinel1,summer_v0,v0_predeclared,8,8,0,0,0,1.0,1.0,1.0,1.0,1.0
20000,ZJ-SMB,2025,sentinel1,autumn_primary_v1,biological_target_phase,8,8,0,0,0,1.0,1.0,1.0,1.0,1.0
20000,ZJ-SMB,2025,sentinel1,early_season_v1,biological_target_phase,8,8,0,0,0,1.0,1.0,1.0,1.0,1.0
20000,ZJ-SMB,2025,sentinel1,__ALL_YEAR__,year,8,8,5,5,8,1.0,1.0,1.0,1.0,1.0
20000,ZJ-SMB,2025,sentinel2,autumn_v0,v0_predeclared,8,8,8,8,160,1.0,1.0,1.0,1.0,1.0
20000,ZJ-SMB,2025,sentinel2,summer_v0,v0_predeclared,8,8,8,8,232,1.0,1.0,1.0,1.0,1.0
20000,ZJ-SMB,2025,sentinel2,autumn_primary_v1,biological_target_phase,8,8,8,8,216,1.0,1.0,1.0,1.0,1.0
20000,ZJ-SMB,2025,sentinel2,early_season_v1,biological_target_phase,8,8,0,0,160,1.0,1.0,1.0,1.0,1.0
20000,ZJ-SMB,2025,sentinel2,__ALL_YEAR__,year,8,8,8,152,1336,1.0,1.0,1.0,1.0,1.0
20000,ZJ-SMB,2026,landsat8,autumn_v0,v0_predeclared,8,8,0,0,8,1.0,1.0,1.0,1.0,1.0
20000,ZJ-SMB,2026,landsat8,summer_v0,v0_predeclared,8,8,0,0,24,1.0,1.0,1.0,1.0,1.0
20000,ZJ-SMB,2026,landsat8,autumn_primary_v1,biological_target_phase,8,8,0,0,8,1.0,1.0,1.0,1.0,1.0
20000,ZJ-SMB,2026,landsat8,early_season_v1,biological_target_phase,8,8,1,1,32,1.0,1.0,1.0,1.0,1.0
20000,ZJ-SMB,2026,landsat8,__ALL_YEAR__,year,8,8,8,19,130,1.0,1.0,1.0,1.0,1.0
20000,ZJ-SMB,2026,landsat9,autumn_v0,v0_predeclared,8,8,1,1,12,1.0,1.0,1.0,1.0,1.0
20000,ZJ-SMB,2026,landsat9,summer_v0,v0_predeclared,8,8,8,9,38,1.0,1.0,1.0,1.0,1.0
20000,ZJ-SMB,2026,landsat9,autumn_primary_v1,biological_target_phase,8,8,1,1,12,1.0,1.0,1.0,1.0,1.0
20000,ZJ-SMB,2026,landsat9,early_season_v1,biological_target_phase,8,8,1,1,18,1.0,1.0,1.0,1.0,1.0
20000,ZJ-SMB,2026,landsat9,__ALL_YEAR__,year,8,8,8,22,140,1.0,1.0,1.0,1.0,1.0
20000,ZJ-SMB,2026,sentinel2,autumn_v0,v0_predeclared,8,8,0,0,64,1.0,1.0,1.0,1.0,1.0
20000,ZJ-SMB,2026,sentinel2,summer_v0,v0_predeclared,8,8,0,0,248,1.0,1.0,1.0,1.0,1.0
20000,ZJ-SMB,2026,sentinel2,autumn_primary_v1,biological_target_phase,8,8,0,0,64,1.0,1.0,1.0,1.0,1.0
20000,ZJ-SMB,2026,sentinel2,early_season_v1,biological_target_phase,8,8,0,0,160,1.0,1.0,1.0,1.0,1.0
20000,ZJ-SMB,2026,sentinel2,__ALL_YEAR__,year,8,8,8,64,1048,1.0,1.0,1.0,1.0,1.0
20000,ZJ-YQB,1985,landsat5,autumn_v0,v0_predeclared,8,8,0,0,6,1.0,1.0,1.0,1.0,1.0
20000,ZJ-YQB,1985,landsat5,summer_v0,v0_predeclared,8,8,3,3,19,1.0,1.0,1.0,1.0,1.0
20000,ZJ-YQB,1985,landsat5,autumn_primary_v1,biological_target_phase,8,8,0,0,6,1.0,1.0,1.0,1.0,1.0
20000,ZJ-YQB,1985,landsat5,early_season_v1,biological_target_phase,8,8,0,0,0,1.0,1.0,1.0,1.0,1.0
20000,ZJ-YQB,1985,landsat5,__ALL_YEAR__,year,8,8,8,14,39,1.0,1.0,1.0,1.0,1.0
20000,ZJ-YQB,1986,landsat5,autumn_v0,v0_predeclared,8,8,0,0,0,1.0,1.0,1.0,1.0,1.0
20000,ZJ-YQB,1986,landsat5,summer_v0,v0_predeclared,8,8,0,0,23,1.0,1.0,1.0,1.0,1.0
20000,ZJ-YQB,1986,landsat5,autumn_primary_v1,biological_target_phase,8,8,0,0,0,1.0,1.0,1.0,1.0,1.0
20000,ZJ-YQB,1986,landsat5,early_season_v1,biological_target_phase,8,8,0,0,0,1.0,1.0,1.0,1.0,1.0
20000,ZJ-YQB,1986,landsat5,__ALL_YEAR__,year,8,8,8,23,85,1.0,1.0,1.0,1.0,1.0
20000,ZJ-YQB,1987,landsat5,autumn_v0,v0_predeclared,8,8,8,8,14,1.0,1.0,1.0,1.0,1.0
20000,ZJ-YQB,1987,landsat5,summer_v0,v0_predeclared,8,8,0,0,24,1.0,1.0,1.0,1.0,1.0
20000,ZJ-YQB,1987,landsat5,autumn_primary_v1,biological_target_phase,8,8,8,8,22,1.0,1.0,1.0,1.0,1.0
20000,ZJ-YQB,1987,landsat5,early_season_v1,biological_target_phase,8,8,8,8,15,1.0,1.0,1.0,1.0,1.0
20000,ZJ-YQB,1987,landsat5,__ALL_YEAR__,year,8,8,8,27,129,1.0,1.0,1.0,1.0,1.0
20000,ZJ-YQB,1988,landsat5,autumn_v0,v0_predeclared,8,8,0,0,13,1.0,1.0,1.0,1.0,1.0
20000,ZJ-YQB,1988,landsat5,summer_v0,v0_predeclared,8,8,8,19,30,1.0,1.0,1.0,1.0,1.0
20000,ZJ-YQB,1988,landsat5,autumn_primary_v1,biological_target_phase,8,8,0,0,21,1.0,1.0,1.0,1.0,1.0
20000,ZJ-YQB,1988,landsat5,early_season_v1,biological_target_phase,8,8,0,0,16,1.0,1.0,1.0,1.0,1.0
20000,ZJ-YQB,1988,landsat5,__ALL_YEAR__,year,8,8,8,43,113,1.0,1.0,1.0,1.0,1.0
20000,ZJ-YQB,1989,landsat5,autumn_v0,v0_predeclared,8,8,0,0,23,1.0,1.0,1.0,1.0,1.0
20000,ZJ-YQB,1989,landsat5,summer_v0,v0_predeclared,8,8,0,0,16,1.0,1.0,1.0,1.0,1.0
20000,ZJ-YQB,1989,landsat5,autumn_primary_v1,biological_target_phase,8,8,0,0,31,1.0,1.0,1.0,1.0,1.0
20000,ZJ-YQB,1989,landsat5,early_season_v1,biological_target_phase,8,8,0,0,16,1.0,1.0,1.0,1.0,1.0
20000,ZJ-YQB,1989,landsat5,__ALL_YEAR__,year,8,8,8,24,109,1.0,1.0,1.0,1.0,1.0
20000,ZJ-YQB,1990,landsat5,autumn_v0,v0_predeclared,8,8,4,4,7,1.0,1.0,1.0,1.0,1.0
20000,ZJ-YQB,1990,landsat5,summer_v0,v0_predeclared,8,8,0,0,24,1.0,1.0,1.0,1.0,1.0
20000,ZJ-YQB,1990,landsat5,autumn_primary_v1,biological_target_phase,8,8,4,4,14,1.0,1.0,1.0,1.0,1.0
20000,ZJ-YQB,1990,landsat5,early_season_v1,biological_target_phase,8,8,8,8,20,1.0,1.0,1.0,1.0,1.0
20000,ZJ-YQB,1990,landsat5,__ALL_YEAR__,year,8,8,8,36,106,1.0,1.0,1.0,1.0,1.0
20000,ZJ-YQB,1991,landsat5,autumn_v0,v0_predeclared,8,8,4,4,15,1.0,1.0,1.0,1.0,1.0
20000,ZJ-YQB,1991,landsat5,summer_v0,v0_predeclared,8,8,8,8,23,1.0,1.0,1.0,1.0,1.0
20000,ZJ-YQB,1991,landsat5,autumn_primary_v1,biological_target_phase,8,8,4,4,21,1.0,1.0,1.0,1.0,1.0
20000,ZJ-YQB,1991,landsat5,early_season_v1,biological_target_phase,8,8,0,0,0,1.0,1.0,1.0,1.0,1.0
20000,ZJ-YQB,1991,landsat5,__ALL_YEAR__,year,8,8,8,36,121,1.0,1.0,1.0,1.0,1.0
20000,ZJ-YQB,1992,landsat5,autumn_v0,v0_predeclared,8,8,0,0,24,1.0,1.0,1.0,1.0,1.0
20000,ZJ-YQB,1992,landsat5,summer_v0,v0_predeclared,8,8,8,12,21,1.0,1.0,1.0,1.0,1.0
20000,ZJ-YQB,1992,landsat5,autumn_primary_v1,biological_target_phase,8,8,0,0,24,1.0,1.0,1.0,1.0,1.0
20000,ZJ-YQB,1992,landsat5,early_season_v1,biological_target_phase,8,8,8,8,8,1.0,1.0,1.0,1.0,1.0
20000,ZJ-YQB,1992,landsat5,__ALL_YEAR__,year,8,8,8,36,111,1.0,1.0,1.0,1.0,1.0
20000,ZJ-YQB,1993,landsat5,autumn_v0,v0_predeclared,8,8,0,0,0,1.0,1.0,1.0,1.0,1.0
20000,ZJ-YQB,1993,landsat5,summer_v0,v0_predeclared,8,8,8,8,27,1.0,1.0,1.0,1.0,1.0
20000,ZJ-YQB,1993,landsat5,autumn_primary_v1,biological_target_phase,8,8,0,0,8,1.0,1.0,1.0,1.0,1.0
20000,ZJ-YQB,1993,landsat5,early_season_v1,biological_target_phase,8,8,0,0,0,1.0,1.0,1.0,1.0,1.0
20000,ZJ-YQB,1993,landsat5,__ALL_YEAR__,year,8,8,8,24,104,1.0,1.0,1.0,1.0,1.0
20000,ZJ-YQB,1994,landsat5,autumn_v0,v0_predeclared,8,8,0,0,24,1.0,1.0,1.0,1.0,1.0
20000,ZJ-YQB,1994,landsat5,summer_v0,v0_predeclared,8,8,8,8,30,1.0,1.0,1.0,1.0,1.0
20000,ZJ-YQB,1994,landsat5,autumn_primary_v1,biological_target_phase,8,8,0,0,30,1.0,1.0,1.0,1.0,1.0
20000,ZJ-YQB,1994,landsat5,early_season_v1,biological_target_phase,8,8,8,8,8,1.0,1.0,1.0,1.0,1.0
20000,ZJ-YQB,1994,landsat5,__ALL_YEAR__,year,8,8,8,24,121,1.0,1.0,1.0,1.0,1.0
20000,ZJ-YQB,1995,landsat5,autumn_v0,v0_predeclared,8,8,0,0,0,1.0,1.0,1.0,1.0,1.0
20000,ZJ-YQB,1995,landsat5,summer_v0,v0_predeclared,8,8,0,0,22,1.0,1.0,1.0,1.0,1.0
20000,ZJ-YQB,1995,landsat5,autumn_primary_v1,biological_target_phase,8,8,8,8,8,1.0,1.0,1.0,1.0,1.0
20000,ZJ-YQB,1995,landsat5,early_season_v1,biological_target_phase,8,8,0,0,16,1.0,1.0,1.0,1.0,1.0
20000,ZJ-YQB,1995,landsat5,__ALL_YEAR__,year,8,8,8,32,110,1.0,1.0,1.0,1.0,1.0
20000,ZJ-YQB,1996,landsat5,autumn_v0,v0_predeclared,8,8,8,8,16,1.0,1.0,1.0,1.0,1.0
20000,ZJ-YQB,1996,landsat5,summer_v0,v0_predeclared,8,8,0,0,32,1.0,1.0,1.0,1.0,1.0
20000,ZJ-YQB,1996,landsat5,autumn_primary_v1,biological_target_phase,8,8,8,8,16,1.0,1.0,1.0,1.0,1.0
20000,ZJ-YQB,1996,landsat5,early_season_v1,biological_target_phase,8,8,0,0,8,1.0,1.0,1.0,1.0,1.0
20000,ZJ-YQB,1996,landsat5,__ALL_YEAR__,year,8,8,8,16,118,1.0,1.0,1.0,1.0,1.0
20000,ZJ-YQB,1997,landsat5,autumn_v0,v0_predeclared,8,8,8,16,16,1.0,1.0,1.0,1.0,1.0
20000,ZJ-YQB,1997,landsat5,summer_v0,v0_predeclared,8,8,0,0,16,1.0,1.0,1.0,1.0,1.0
20000,ZJ-YQB,1997,landsat5,autumn_primary_v1,biological_target_phase,8,8,8,19,22,1.0,1.0,1.0,1.0,1.0
20000,ZJ-YQB,1997,landsat5,early_season_v1,biological_target_phase,8,8,0,0,16,1.0,1.0,1.0,1.0,1.0
20000,ZJ-YQB,1997,landsat5,__ALL_YEAR__,year,8,8,8,23,128,1.0,1.0,1.0,1.0,1.0
20000,ZJ-YQB,1998,landsat5,autumn_v0,v0_predeclared,8,8,0,0,16,1.0,1.0,1.0,1.0,1.0
20000,ZJ-YQB,1998,landsat5,summer_v0,v0_predeclared,8,8,0,0,23,1.0,1.0,1.0,1.0,1.0
20000,ZJ-YQB,1998,landsat5,autumn_primary_v1,biological_target_phase,8,8,8,8,24,1.0,1.0,1.0,1.0,1.0
20000,ZJ-YQB,1998,landsat5,early_season_v1,biological_target_phase,8,8,0,0,8,1.0,1.0,1.0,1.0,1.0
20000,ZJ-YQB,1998,landsat5,__ALL_YEAR__,year,8,8,8,19,115,1.0,1.0,1.0,1.0,1.0
20000,ZJ-YQB,1999,landsat5,autumn_v0,v0_predeclared,8,8,8,8,14,1.0,1.0,1.0,1.0,1.0
20000,ZJ-YQB,1999,landsat5,summer_v0,v0_predeclared,8,8,0,0,23,1.0,1.0,1.0,1.0,1.0
20000,ZJ-YQB,1999,landsat5,autumn_primary_v1,biological_target_phase,8,8,8,8,14,1.0,1.0,1.0,1.0,1.0
20000,ZJ-YQB,1999,landsat5,early_season_v1,biological_target_phase,8,8,0,0,8,1.0,1.0,1.0,1.0,1.0
20000,ZJ-YQB,1999,landsat5,__ALL_YEAR__,year,8,8,8,23,121,1.0,1.0,1.0,1.0,1.0
20000,ZJ-YQB,1999,landsat7,autumn_v0,v0_predeclared,8,8,8,8,8,1.0,1.0,1.0,1.0,1.0
20000,ZJ-YQB,1999,landsat7,summer_v0,v0_predeclared,8,8,0,0,0,1.0,1.0,1.0,1.0,1.0
20000,ZJ-YQB,1999,landsat7,autumn_primary_v1,biological_target_phase,8,8,8,8,8,1.0,1.0,1.0,1.0,1.0
20000,ZJ-YQB,1999,landsat7,early_season_v1,biological_target_phase,8,8,0,0,0,1.0,1.0,1.0,1.0,1.0
20000,ZJ-YQB,1999,landsat7,__ALL_YEAR__,year,8,8,8,16,22,1.0,1.0,1.0,1.0,1.0
20000,ZJ-YQB,2000,landsat5,autumn_v0,v0_predeclared,8,8,0,0,24,1.0,1.0,1.0,1.0,1.0
20000,ZJ-YQB,2000,landsat5,summer_v0,v0_predeclared,8,8,0,0,30,1.0,1.0,1.0,1.0,1.0
20000,ZJ-YQB,2000,landsat5,autumn_primary_v1,biological_target_phase,8,8,0,0,24,1.0,1.0,1.0,1.0,1.0
20000,ZJ-YQB,2000,landsat5,early_season_v1,biological_target_phase,8,8,0,0,24,1.0,1.0,1.0,1.0,1.0
20000,ZJ-YQB,2000,landsat5,__ALL_YEAR__,year,8,8,8,8,132,1.0,1.0,1.0,1.0,1.0
20000,ZJ-YQB,2000,landsat7,autumn_v0,v0_predeclared,8,8,8,8,21,1.0,1.0,1.0,1.0,1.0
20000,ZJ-YQB,2000,landsat7,summer_v0,v0_predeclared,8,8,8,8,24,1.0,1.0,1.0,1.0,1.0
20000,ZJ-YQB,2000,landsat7,autumn_primary_v1,biological_target_phase,8,8,8,8,27,1.0,1.0,1.0,1.0,1.0
20000,ZJ-YQB,2000,landsat7,early_season_v1,biological_target_phase,8,8,0,0,16,1.0,1.0,1.0,1.0,1.0
20000,ZJ-YQB,2000,landsat7,__ALL_YEAR__,year,8,8,8,40,137,1.0,1.0,1.0,1.0,1.0
20000,ZJ-YQB,2001,landsat5,autumn_v0,v0_predeclared,8,8,0,0,14,1.0,1.0,1.0,1.0,1.0
20000,ZJ-YQB,2001,landsat5,summer_v0,v0_predeclared,8,8,0,0,24,1.0,1.0,1.0,1.0,1.0
20000,ZJ-YQB,2001,landsat5,autumn_primary_v1,biological_target_phase,8,8,8,8,22,1.0,1.0,1.0,1.0,1.0
20000,ZJ-YQB,2001,landsat5,early_season_v1,biological_target_phase,8,8,8,8,14,1.0,1.0,1.0,1.0,1.0
20000,ZJ-YQB,2001,landsat5,__ALL_YEAR__,year,8,8,8,32,117,1.0,1.0,1.0,1.0,1.0
20000,ZJ-YQB,2001,landsat7,autumn_v0,v0_predeclared,8,8,0,0,24,1.0,1.0,1.0,1.0,1.0
20000,ZJ-YQB,2001,landsat7,summer_v0,v0_predeclared,8,8,8,8,32,1.0,1.0,1.0,1.0,1.0
20000,ZJ-YQB,2001,landsat7,autumn_primary_v1,biological_target_phase,8,8,0,0,32,1.0,1.0,1.0,1.0,1.0
20000,ZJ-YQB,2001,landsat7,early_season_v1,biological_target_phase,8,8,0,0,16,1.0,1.0,1.0,1.0,1.0
20000,ZJ-YQB,2001,landsat7,__ALL_YEAR__,year,8,8,8,32,158,1.0,1.0,1.0,1.0,1.0
20000,ZJ-YQB,2002,landsat5,autumn_v0,v0_predeclared,8,8,8,8,16,1.0,1.0,1.0,1.0,1.0
20000,ZJ-YQB,2002,landsat5,summer_v0,v0_predeclared,8,8,8,16,16,1.0,1.0,1.0,1.0,1.0
20000,ZJ-YQB,2002,landsat5,autumn_primary_v1,biological_target_phase,8,8,8,8,16,1.0,1.0,1.0,1.0,1.0
20000,ZJ-YQB,2002,landsat5,early_season_v1,biological_target_phase,8,8,0,0,0,1.0,1.0,1.0,1.0,1.0
20000,ZJ-YQB,2002,landsat5,__ALL_YEAR__,year,8,8,8,48,79,1.0,1.0,1.0,1.0,1.0
20000,ZJ-YQB,2002,landsat7,autumn_v0,v0_predeclared,8,8,0,0,14,1.0,1.0,1.0,1.0,1.0
20000,ZJ-YQB,2002,landsat7,summer_v0,v0_predeclared,8,8,0,0,16,1.0,1.0,1.0,1.0,1.0
20000,ZJ-YQB,2002,landsat7,autumn_primary_v1,biological_target_phase,8,8,8,8,22,1.0,1.0,1.0,1.0,1.0
20000,ZJ-YQB,2002,landsat7,early_season_v1,biological_target_phase,8,8,0,0,14,1.0,1.0,1.0,1.0,1.0
20000,ZJ-YQB,2002,landsat7,__ALL_YEAR__,year,8,8,8,40,128,1.0,1.0,1.0,1.0,1.0
20000,ZJ-YQB,2003,landsat5,autumn_v0,v0_predeclared,8,8,8,8,16,1.0,1.0,1.0,1.0,1.0
20000,ZJ-YQB,2003,landsat5,summer_v0,v0_predeclared,8,8,0,0,24,1.0,1.0,1.0,1.0,1.0
20000,ZJ-YQB,2003,landsat5,autumn_primary_v1,biological_target_phase,8,8,8,8,16,1.0,1.0,1.0,1.0,1.0
20000,ZJ-YQB,2003,landsat5,early_season_v1,biological_target_phase,8,8,8,8,8,1.0,1.0,1.0,1.0,1.0
20000,ZJ-YQB,2003,landsat5,__ALL_YEAR__,year,8,8,8,32,110,1.0,1.0,1.0,1.0,1.0
20000,ZJ-YQB,2003,landsat7,autumn_v0,v0_predeclared,8,8,8,16,16,1.0,1.0,1.0,1.0,1.0
20000,ZJ-YQB,2003,landsat7,summer_v0,v0_predeclared,8,8,8,8,8,1.0,1.0,1.0,1.0,1.0
20000,ZJ-YQB,2003,landsat7,autumn_primary_v1,biological_target_phase,8,8,8,16,24,1.0,1.0,1.0,1.0,1.0
20000,ZJ-YQB,2003,landsat7,early_season_v1,biological_target_phase,8,8,8,8,16,1.0,1.0,1.0,1.0,1.0
20000,ZJ-YQB,2003,landsat7,__ALL_YEAR__,year,8,8,8,48,85,1.0,1.0,1.0,1.0,1.0
20000,ZJ-YQB,2004,landsat5,autumn_v0,v0_predeclared,8,8,0,0,15,1.0,1.0,1.0,1.0,1.0
20000,ZJ-YQB,2004,landsat5,summer_v0,v0_predeclared,8,8,0,0,15,1.0,1.0,1.0,1.0,1.0
20000,ZJ-YQB,2004,landsat5,autumn_primary_v1,biological_target_phase,8,8,4,4,22,1.0,1.0,1.0,1.0,1.0
20000,ZJ-YQB,2004,landsat5,early_season_v1,biological_target_phase,8,8,0,0,8,1.0,1.0,1.0,1.0,1.0
20000,ZJ-YQB,2004,landsat5,__ALL_YEAR__,year,8,8,8,36,125,1.0,1.0,1.0,1.0,1.0
20000,ZJ-YQB,2004,landsat7,autumn_v0,v0_predeclared,8,8,8,16,24,1.0,1.0,1.0,1.0,1.0
20000,ZJ-YQB,2004,landsat7,summer_v0,v0_predeclared,8,8,0,0,30,1.0,1.0,1.0,1.0,1.0
20000,ZJ-YQB,2004,landsat7,autumn_primary_v1,biological_target_phase,8,8,8,16,24,1.0,1.0,1.0,1.0,1.0
20000,ZJ-YQB,2004,landsat7,early_season_v1,biological_target_phase,8,8,0,0,15,1.0,1.0,1.0,1.0,1.0
20000,ZJ-YQB,2004,landsat7,__ALL_YEAR__,year,8,8,8,24,125,1.0,1.0,1.0,1.0,1.0
20000,ZJ-YQB,2005,landsat5,autumn_v0,v0_predeclared,8,8,0,0,14,1.0,1.0,1.0,1.0,1.0
20000,ZJ-YQB,2005,landsat5,summer_v0,v0_predeclared,8,8,8,8,22,1.0,1.0,1.0,1.0,1.0
20000,ZJ-YQB,2005,landsat5,autumn_primary_v1,biological_target_phase,8,8,0,0,22,1.0,1.0,1.0,1.0,1.0
20000,ZJ-YQB,2005,landsat5,early_season_v1,biological_target_phase,8,8,0,0,6,1.0,1.0,1.0,1.0,1.0
20000,ZJ-YQB,2005,landsat5,__ALL_YEAR__,year,8,8,8,16,95,1.0,1.0,1.0,1.0,1.0
20000,ZJ-YQB,2005,landsat7,autumn_v0,v0_predeclared,8,8,8,8,14,1.0,1.0,1.0,1.0,1.0
20000,ZJ-YQB,2005,landsat7,summer_v0,v0_predeclared,8,8,0,0,16,1.0,1.0,1.0,1.0,1.0
20000,ZJ-YQB,2005,landsat7,autumn_primary_v1,biological_target_phase,8,8,8,8,14,1.0,1.0,1.0,1.0,1.0
20000,ZJ-YQB,2005,landsat7,early_season_v1,biological_target_phase,8,8,0,0,15,1.0,1.0,1.0,1.0,1.0
20000,ZJ-YQB,2005,landsat7,__ALL_YEAR__,year,8,8,8,19,126,1.0,1.0,1.0,1.0,1.0
20000,ZJ-YQB,2006,landsat5,autumn_v0,v0_predeclared,8,8,8,8,24,1.0,1.0,1.0,1.0,1.0
20000,ZJ-YQB,2006,landsat5,summer_v0,v0_predeclared,8,8,0,0,24,1.0,1.0,1.0,1.0,1.0
20000,ZJ-YQB,2006,landsat5,autumn_primary_v1,biological_target_phase,8,8,8,8,31,1.0,1.0,1.0,1.0,1.0
20000,ZJ-YQB,2006,landsat5,early_season_v1,biological_target_phase,8,8,0,0,8,1.0,1.0,1.0,1.0,1.0
20000,ZJ-YQB,2006,landsat5,__ALL_YEAR__,year,8,8,8,32,117,1.0,1.0,1.0,1.0,1.0
20000,ZJ-YQB,2006,landsat7,autumn_v0,v0_predeclared,8,8,8,8,24,1.0,1.0,1.0,1.0,1.0
20000,ZJ-YQB,2006,landsat7,summer_v0,v0_predeclared,8,8,0,0,0,1.0,1.0,1.0,1.0,1.0
20000,ZJ-YQB,2006,landsat7,autumn_primary_v1,biological_target_phase,8,8,8,8,32,1.0,1.0,1.0,1.0,1.0
20000,ZJ-YQB,2006,landsat7,early_season_v1,biological_target_phase,8,8,0,0,6,1.0,1.0,1.0,1.0,1.0
20000,ZJ-YQB,2006,landsat7,__ALL_YEAR__,year,8,8,8,16,103,1.0,1.0,1.0,1.0,1.0
20000,ZJ-YQB,2007,landsat5,autumn_v0,v0_predeclared,8,8,0,0,8,1.0,1.0,1.0,1.0,1.0
20000,ZJ-YQB,2007,landsat5,summer_v0,v0_predeclared,8,8,8,8,30,1.0,1.0,1.0,1.0,1.0
20000,ZJ-YQB,2007,landsat5,autumn_primary_v1,biological_target_phase,8,8,0,0,8,1.0,1.0,1.0,1.0,1.0
20000,ZJ-YQB,2007,landsat5,early_season_v1,biological_target_phase,8,8,4,4,15,1.0,1.0,1.0,1.0,1.0
20000,ZJ-YQB,2007,landsat5,__ALL_YEAR__,year,8,8,8,28,115,1.0,1.0,1.0,1.0,1.0
20000,ZJ-YQB,2007,landsat7,autumn_v0,v0_predeclared,8,8,0,0,8,1.0,1.0,1.0,1.0,1.0
20000,ZJ-YQB,2007,landsat7,summer_v0,v0_predeclared,8,8,0,0,0,1.0,1.0,1.0,1.0,1.0
20000,ZJ-YQB,2007,landsat7,autumn_primary_v1,biological_target_phase,8,8,0,0,16,1.0,1.0,1.0,1.0,1.0
20000,ZJ-YQB,2007,landsat7,early_season_v1,biological_target_phase,8,8,8,11,14,1.0,1.0,1.0,1.0,1.0
20000,ZJ-YQB,2007,landsat7,__ALL_YEAR__,year,8,8,8,27,111,1.0,1.0,1.0,1.0,1.0
20000,ZJ-YQB,2008,landsat5,autumn_v0,v0_predeclared,8,8,8,8,16,1.0,1.0,1.0,1.0,1.0
20000,ZJ-YQB,2008,landsat5,summer_v0,v0_predeclared,8,8,8,8,16,1.0,1.0,1.0,1.0,1.0
20000,ZJ-YQB,2008,landsat5,autumn_primary_v1,biological_target_phase,8,8,8,8,16,1.0,1.0,1.0,1.0,1.0
20000,ZJ-YQB,2008,landsat5,early_season_v1,biological_target_phase,8,8,8,16,24,1.0,1.0,1.0,1.0,1.0
20000,ZJ-YQB,2008,landsat5,__ALL_YEAR__,year,8,8,8,40,112,1.0,1.0,1.0,1.0,1.0
20000,ZJ-YQB,2008,landsat7,autumn_v0,v0_predeclared,8,8,0,0,23,1.0,1.0,1.0,1.0,1.0
20000,ZJ-YQB,2008,landsat7,summer_v0,v0_predeclared,8,8,8,8,32,1.0,1.0,1.0,1.0,1.0
20000,ZJ-YQB,2008,landsat7,autumn_primary_v1,biological_target_phase,8,8,0,0,31,1.0,1.0,1.0,1.0,1.0
20000,ZJ-YQB,2008,landsat7,early_season_v1,biological_target_phase,8,8,0,0,14,1.0,1.0,1.0,1.0,1.0
20000,ZJ-YQB,2008,landsat7,__ALL_YEAR__,year,8,8,8,16,139,1.0,1.0,1.0,1.0,1.0
20000,ZJ-YQB,2009,landsat5,autumn_v0,v0_predeclared,8,8,8,8,20,1.0,1.0,1.0,1.0,1.0
20000,ZJ-YQB,2009,landsat5,summer_v0,v0_predeclared,8,8,8,8,23,1.0,1.0,1.0,1.0,1.0
20000,ZJ-YQB,2009,landsat5,autumn_primary_v1,biological_target_phase,8,8,8,8,28,1.0,1.0,1.0,1.0,1.0
20000,ZJ-YQB,2009,landsat5,early_season_v1,biological_target_phase,8,8,8,8,24,1.0,1.0,1.0,1.0,1.0
20000,ZJ-YQB,2009,landsat5,__ALL_YEAR__,year,8,8,8,40,114,1.0,1.0,1.0,1.0,1.0
20000,ZJ-YQB,2009,landsat7,autumn_v0,v0_predeclared,8,8,8,8,16,1.0,1.0,1.0,1.0,1.0
20000,ZJ-YQB,2009,landsat7,summer_v0,v0_predeclared,8,8,4,4,15,1.0,1.0,1.0,1.0,1.0
20000,ZJ-YQB,2009,landsat7,autumn_primary_v1,biological_target_phase,8,8,8,8,24,1.0,1.0,1.0,1.0,1.0
20000,ZJ-YQB,2009,landsat7,early_season_v1,biological_target_phase,8,8,0,0,21,1.0,1.0,1.0,1.0,1.0
20000,ZJ-YQB,2009,landsat7,__ALL_YEAR__,year,8,8,8,36,106,1.0,1.0,1.0,1.0,1.0
20000,ZJ-YQB,2010,landsat5,autumn_v0,v0_predeclared,8,8,0,0,8,1.0,1.0,1.0,1.0,1.0
20000,ZJ-YQB,2010,landsat5,summer_v0,v0_predeclared,8,8,0,0,16,1.0,1.0,1.0,1.0,1.0
20000,ZJ-YQB,2010,landsat5,autumn_primary_v1,biological_target_phase,8,8,8,8,16,1.0,1.0,1.0,1.0,1.0
20000,ZJ-YQB,2010,landsat5,early_season_v1,biological_target_phase,8,8,8,8,16,1.0,1.0,1.0,1.0,1.0
20000,ZJ-YQB,2010,landsat5,__ALL_YEAR__,year,8,8,8,40,100,1.0,1.0,1.0,1.0,1.0
20000,ZJ-YQB,2010,landsat7,autumn_v0,v0_predeclared,8,8,8,8,14,1.0,1.0,1.0,1.0,1.0
20000,ZJ-YQB,2010,landsat7,summer_v0,v0_predeclared,8,8,0,0,8,1.0,1.0,1.0,1.0,1.0
20000,ZJ-YQB,2010,landsat7,autumn_primary_v1,biological_target_phase,8,8,8,8,14,1.0,1.0,1.0,1.0,1.0
20000,ZJ-YQB,2010,landsat7,early_season_v1,biological_target_phase,8,8,8,8,14,1.0,1.0,1.0,1.0,1.0
20000,ZJ-YQB,2010,landsat7,__ALL_YEAR__,year,8,8,8,52,119,1.0,1.0,1.0,1.0,1.0
20000,ZJ-YQB,2011,landsat5,autumn_v0,v0_predeclared,8,8,0,0,8,1.0,1.0,1.0,1.0,1.0
20000,ZJ-YQB,2011,landsat5,summer_v0,v0_predeclared,8,8,8,8,15,1.0,1.0,1.0,1.0,1.0
20000,ZJ-YQB,2011,landsat5,autumn_primary_v1,biological_target_phase,8,8,0,0,16,1.0,1.0,1.0,1.0,1.0
20000,ZJ-YQB,2011,landsat5,early_season_v1,biological_target_phase,8,8,0,0,8,1.0,1.0,1.0,1.0,1.0
20000,ZJ-YQB,2011,landsat5,__ALL_YEAR__,year,8,8,8,16,85,1.0,1.0,1.0,1.0,1.0
20000,ZJ-YQB,2011,landsat7,autumn_v0,v0_predeclared,8,8,0,0,16,1.0,1.0,1.0,1.0,1.0
20000,ZJ-YQB,2011,landsat7,summer_v0,v0_predeclared,8,8,4,4,7,1.0,1.0,1.0,1.0,1.0
20000,ZJ-YQB,2011,landsat7,autumn_primary_v1,biological_target_phase,8,8,0,0,16,1.0,1.0,1.0,1.0,1.0
20000,ZJ-YQB,2011,landsat7,early_season_v1,biological_target_phase,8,8,0,0,0,1.0,1.0,1.0,1.0,1.0
20000,ZJ-YQB,2011,landsat7,__ALL_YEAR__,year,8,8,8,44,102,1.0,1.0,1.0,1.0,1.0
20000,ZJ-YQB,2012,landsat7,autumn_v0,v0_predeclared,8,8,0,0,24,1.0,1.0,1.0,1.0,1.0
20000,ZJ-YQB,2012,landsat7,summer_v0,v0_predeclared,8,8,0,0,7,1.0,1.0,1.0,1.0,1.0
20000,ZJ-YQB,2012,landsat7,autumn_primary_v1,biological_target_phase,8,8,0,0,32,1.0,1.0,1.0,1.0,1.0
20000,ZJ-YQB,2012,landsat7,early_season_v1,biological_target_phase,8,8,0,0,16,1.0,1.0,1.0,1.0,1.0
20000,ZJ-YQB,2012,landsat7,__ALL_YEAR__,year,8,8,8,24,121,1.0,1.0,1.0,1.0,1.0
20000,ZJ-YQB,2013,landsat7,autumn_v0,v0_predeclared,8,8,0,0,22,1.0,1.0,1.0,1.0,1.0
20000,ZJ-YQB,2013,landsat7,summer_v0,v0_predeclared,8,8,4,4,13,1.0,1.0,1.0,1.0,1.0
20000,ZJ-YQB,2013,landsat7,autumn_primary_v1,biological_target_phase,8,8,0,0,30,1.0,1.0,1.0,1.0,1.0
20000,ZJ-YQB,2013,landsat7,early_season_v1,biological_target_phase,8,8,0,0,8,1.0,1.0,1.0,1.0,1.0
20000,ZJ-YQB,2013,landsat7,__ALL_YEAR__,year,8,8,8,36,115,1.0,1.0,1.0,1.0,1.0
20000,ZJ-YQB,2013,landsat8,autumn_v0,v0_predeclared,8,8,0,0,16,1.0,1.0,1.0,1.0,1.0
20000,ZJ-YQB,2013,landsat8,summer_v0,v0_predeclared,8,8,0,0,31,1.0,1.0,1.0,1.0,1.0
20000,ZJ-YQB,2013,landsat8,autumn_primary_v1,biological_target_phase,8,8,0,0,16,1.0,1.0,1.0,1.0,1.0
20000,ZJ-YQB,2013,landsat8,early_season_v1,biological_target_phase,8,8,0,0,16,1.0,1.0,1.0,1.0,1.0
20000,ZJ-YQB,2013,landsat8,__ALL_YEAR__,year,8,8,8,24,111,1.0,1.0,1.0,1.0,1.0
20000,ZJ-YQB,2014,landsat7,autumn_v0,v0_predeclared,8,8,0,0,16,1.0,1.0,1.0,1.0,1.0
20000,ZJ-YQB,2014,landsat7,summer_v0,v0_predeclared,8,8,0,0,22,1.0,1.0,1.0,1.0,1.0
20000,ZJ-YQB,2014,landsat7,autumn_primary_v1,biological_target_phase,8,8,0,0,22,1.0,1.0,1.0,1.0,1.0
20000,ZJ-YQB,2014,landsat7,early_season_v1,biological_target_phase,8,8,0,0,14,1.0,1.0,1.0,1.0,1.0
20000,ZJ-YQB,2014,landsat7,__ALL_YEAR__,year,8,8,8,24,138,1.0,1.0,1.0,1.0,1.0
20000,ZJ-YQB,2014,landsat8,autumn_v0,v0_predeclared,8,8,0,0,24,1.0,1.0,1.0,1.0,1.0
20000,ZJ-YQB,2014,landsat8,summer_v0,v0_predeclared,8,8,0,0,24,1.0,1.0,1.0,1.0,1.0
20000,ZJ-YQB,2014,landsat8,autumn_primary_v1,biological_target_phase,8,8,8,8,32,1.0,1.0,1.0,1.0,1.0
20000,ZJ-YQB,2014,landsat8,early_season_v1,biological_target_phase,8,8,0,0,8,1.0,1.0,1.0,1.0,1.0
20000,ZJ-YQB,2014,landsat8,__ALL_YEAR__,year,8,8,8,32,149,1.0,1.0,1.0,1.0,1.0
20000,ZJ-YQB,2015,landsat7,autumn_v0,v0_predeclared,8,8,0,0,15,1.0,1.0,1.0,1.0,1.0
20000,ZJ-YQB,2015,landsat7,summer_v0,v0_predeclared,8,8,8,8,23,1.0,1.0,1.0,1.0,1.0
20000,ZJ-YQB,2015,landsat7,autumn_primary_v1,biological_target_phase,8,8,0,0,21,1.0,1.0,1.0,1.0,1.0
20000,ZJ-YQB,2015,landsat7,early_season_v1,biological_target_phase,8,8,0,0,16,1.0,1.0,1.0,1.0,1.0
20000,ZJ-YQB,2015,landsat7,__ALL_YEAR__,year,8,8,8,16,131,1.0,1.0,1.0,1.0,1.0
20000,ZJ-YQB,2015,landsat8,autumn_v0,v0_predeclared,8,8,0,0,8,1.0,1.0,1.0,1.0,1.0
20000,ZJ-YQB,2015,landsat8,summer_v0,v0_predeclared,8,8,0,0,16,1.0,1.0,1.0,1.0,1.0
20000,ZJ-YQB,2015,landsat8,autumn_primary_v1,biological_target_phase,8,8,0,0,16,1.0,1.0,1.0,1.0,1.0
20000,ZJ-YQB,2015,landsat8,early_season_v1,biological_target_phase,8,8,0,0,16,1.0,1.0,1.0,1.0,1.0
20000,ZJ-YQB,2015,landsat8,__ALL_YEAR__,year,8,8,8,16,141,1.0,1.0,1.0,1.0,1.0
20000,ZJ-YQB,2015,sentinel1,autumn_v0,v0_predeclared,8,8,4,8,22,0.5239,1.0,1.0,1.0,1.0
20000,ZJ-YQB,2015,sentinel1,summer_v0,v0_predeclared,8,8,4,8,29,0.5239,1.0,1.0,1.0,1.0
20000,ZJ-YQB,2015,sentinel1,autumn_primary_v1,biological_target_phase,8,8,4,11,28,0.5239,1.0,1.0,1.0,1.0
20000,ZJ-YQB,2015,sentinel1,early_season_v1,biological_target_phase,8,8,4,5,14,0.5239,1.0,1.0,1.0,1.0
20000,ZJ-YQB,2015,sentinel1,__ALL_YEAR__,year,8,8,4,62,169,0.5239,1.0,1.0,1.0,1.0
20000,ZJ-YQB,2016,landsat7,autumn_v0,v0_predeclared,8,8,0,0,16,1.0,1.0,1.0,1.0,1.0
20000,ZJ-YQB,2016,landsat7,summer_v0,v0_predeclared,8,8,8,8,14,1.0,1.0,1.0,1.0,1.0
20000,ZJ-YQB,2016,landsat7,autumn_primary_v1,biological_target_phase,8,8,0,0,16,1.0,1.0,1.0,1.0,1.0
20000,ZJ-YQB,2016,landsat7,early_season_v1,biological_target_phase,8,8,0,0,6,1.0,1.0,1.0,1.0,1.0
20000,ZJ-YQB,2016,landsat7,__ALL_YEAR__,year,8,8,8,16,107,1.0,1.0,1.0,1.0,1.0
20000,ZJ-YQB,2016,landsat8,autumn_v0,v0_predeclared,8,8,0,0,21,1.0,1.0,1.0,1.0,1.0
20000,ZJ-YQB,2016,landsat8,summer_v0,v0_predeclared,8,8,8,8,22,1.0,1.0,1.0,1.0,1.0
20000,ZJ-YQB,2016,landsat8,autumn_primary_v1,biological_target_phase,8,8,0,0,21,1.0,1.0,1.0,1.0,1.0
20000,ZJ-YQB,2016,landsat8,early_season_v1,biological_target_phase,8,8,0,0,16,1.0,1.0,1.0,1.0,1.0
20000,ZJ-YQB,2016,landsat8,__ALL_YEAR__,year,8,8,8,16,123,1.0,1.0,1.0,1.0,1.0
20000,ZJ-YQB,2016,sentinel1,autumn_v0,v0_predeclared,8,8,4,16,44,0.5239,1.0,1.0,1.0,1.0
20000,ZJ-YQB,2016,sentinel1,summer_v0,v0_predeclared,8,8,4,11,28,0.5239,1.0,1.0,1.0,1.0
20000,ZJ-YQB,2016,sentinel1,autumn_primary_v1,biological_target_phase,8,8,4,20,55,0.5239,1.0,1.0,1.0,1.0
20000,ZJ-YQB,2016,sentinel1,early_season_v1,biological_target_phase,8,8,4,13,29,0.5239,1.0,1.0,1.0,1.0
20000,ZJ-YQB,2016,sentinel1,__ALL_YEAR__,year,8,8,4,93,240,0.5239,1.0,1.0,1.0,1.0
20000,ZJ-YQB,2017,landsat7,autumn_v0,v0_predeclared,8,8,8,8,22,1.0,1.0,1.0,1.0,1.0
20000,ZJ-YQB,2017,landsat7,summer_v0,v0_predeclared,8,8,0,0,22,1.0,1.0,1.0,1.0,1.0
20000,ZJ-YQB,2017,landsat7,autumn_primary_v1,biological_target_phase,8,8,8,8,30,1.0,1.0,1.0,1.0,1.0
20000,ZJ-YQB,2017,landsat7,early_season_v1,biological_target_phase,8,8,0,0,8,1.0,1.0,1.0,1.0,1.0
20000,ZJ-YQB,2017,landsat7,__ALL_YEAR__,year,8,8,8,24,116,1.0,1.0,1.0,1.0,1.0
20000,ZJ-YQB,2017,landsat8,autumn_v0,v0_predeclared,8,8,8,8,24,1.0,1.0,1.0,1.0,1.0
20000,ZJ-YQB,2017,landsat8,summer_v0,v0_predeclared,8,8,8,8,16,1.0,1.0,1.0,1.0,1.0
20000,ZJ-YQB,2017,landsat8,autumn_primary_v1,biological_target_phase,8,8,8,8,31,1.0,1.0,1.0,1.0,1.0
20000,ZJ-YQB,2017,landsat8,early_season_v1,biological_target_phase,8,8,0,0,6,1.0,1.0,1.0,1.0,1.0
20000,ZJ-YQB,2017,landsat8,__ALL_YEAR__,year,8,8,8,40,128,1.0,1.0,1.0,1.0,1.0
20000,ZJ-YQB,2017,sentinel1,autumn_v0,v0_predeclared,8,8,4,13,38,0.5239,1.0,1.0,1.0,1.0
20000,ZJ-YQB,2017,sentinel1,summer_v0,v0_predeclared,8,8,4,19,50,0.5239,1.0,1.0,1.0,1.0
20000,ZJ-YQB,2017,sentinel1,autumn_primary_v1,biological_target_phase,8,8,4,17,49,0.5239,1.0,1.0,1.0,1.0
20000,ZJ-YQB,2017,sentinel1,early_season_v1,biological_target_phase,8,8,4,13,38,0.5239,1.0,1.0,1.0,1.0
20000,ZJ-YQB,2017,sentinel1,__ALL_YEAR__,year,8,8,4,111,312,0.5239,1.0,1.0,1.0,1.0
20000,ZJ-YQB,2017,sentinel2,autumn_v0,v0_predeclared,8,8,7,15,32,1.0,1.0,1.0,1.0,1.0
20000,ZJ-YQB,2017,sentinel2,summer_v0,v0_predeclared,8,8,0,0,0,1.0,1.0,1.0,1.0,1.0
20000,ZJ-YQB,2017,sentinel2,autumn_primary_v1,biological_target_phase,8,8,7,15,32,1.0,1.0,1.0,1.0,1.0
20000,ZJ-YQB,2017,sentinel2,early_season_v1,biological_target_phase,8,8,1,1,5,1.0,1.0,1.0,1.0,1.0
20000,ZJ-YQB,2017,sentinel2,__ALL_YEAR__,year,8,8,7,72,114,1.0,1.0,1.0,1.0,1.0
20000,ZJ-YQB,2018,landsat7,autumn_v0,v0_predeclared,8,8,8,8,16,1.0,1.0,1.0,1.0,1.0
20000,ZJ-YQB,2018,landsat7,summer_v0,v0_predeclared,8,8,0,0,24,1.0,1.0,1.0,1.0,1.0
20000,ZJ-YQB,2018,landsat7,autumn_primary_v1,biological_target_phase,8,8,8,8,23,1.0,1.0,1.0,1.0,1.0
20000,ZJ-YQB,2018,landsat7,early_season_v1,biological_target_phase,8,8,0,0,8,1.0,1.0,1.0,1.0,1.0
20000,ZJ-YQB,2018,landsat7,__ALL_YEAR__,year,8,8,8,24,117,1.0,1.0,1.0,1.0,1.0
20000,ZJ-YQB,2018,landsat8,autumn_v0,v0_predeclared,8,8,8,8,16,1.0,1.0,1.0,1.0,1.0
20000,ZJ-YQB,2018,landsat8,summer_v0,v0_predeclared,8,8,8,8,32,1.0,1.0,1.0,1.0,1.0
20000,ZJ-YQB,2018,landsat8,autumn_primary_v1,biological_target_phase,8,8,8,8,16,1.0,1.0,1.0,1.0,1.0
20000,ZJ-YQB,2018,landsat8,early_season_v1,biological_target_phase,8,8,0,0,16,1.0,1.0,1.0,1.0,1.0
20000,ZJ-YQB,2018,landsat8,__ALL_YEAR__,year,8,8,8,32,120,1.0,1.0,1.0,1.0,1.0
20000,ZJ-YQB,2018,sentinel1,autumn_v0,v0_predeclared,8,8,4,16,44,0.5239,1.0,1.0,1.0,1.0
20000,ZJ-YQB,2018,sentinel1,summer_v0,v0_predeclared,8,8,4,20,55,0.5239,1.0,1.0,1.0,1.0
20000,ZJ-YQB,2018,sentinel1,autumn_primary_v1,biological_target_phase,8,8,4,20,55,0.5239,1.0,1.0,1.0,1.0
20000,ZJ-YQB,2018,sentinel1,early_season_v1,biological_target_phase,8,8,4,15,39,0.5239,1.0,1.0,1.0,1.0
20000,ZJ-YQB,2018,sentinel1,__ALL_YEAR__,year,8,8,4,121,333,0.5239,1.0,1.0,1.0,1.0
20000,ZJ-YQB,2018,sentinel2,autumn_v0,v0_predeclared,8,8,6,12,20,1.0,1.0,1.0,1.0,1.0
20000,ZJ-YQB,2018,sentinel2,summer_v0,v0_predeclared,8,8,1,1,4,1.0,1.0,1.0,1.0,1.0
20000,ZJ-YQB,2018,sentinel2,autumn_primary_v1,biological_target_phase,8,8,6,12,20,1.0,1.0,1.0,1.0,1.0
20000,ZJ-YQB,2018,sentinel2,early_season_v1,biological_target_phase,8,8,0,0,0,1.0,1.0,1.0,1.0,1.0
20000,ZJ-YQB,2018,sentinel2,__ALL_YEAR__,year,8,8,7,76,149,1.0,1.0,1.0,1.0,1.0
20000,ZJ-YQB,2019,landsat7,autumn_v0,v0_predeclared,8,8,8,8,22,1.0,1.0,1.0,1.0,1.0
20000,ZJ-YQB,2019,landsat7,summer_v0,v0_predeclared,8,8,0,0,15,1.0,1.0,1.0,1.0,1.0
20000,ZJ-YQB,2019,landsat7,autumn_primary_v1,biological_target_phase,8,8,8,16,30,1.0,1.0,1.0,1.0,1.0
20000,ZJ-YQB,2019,landsat7,early_season_v1,biological_target_phase,8,8,0,0,15,1.0,1.0,1.0,1.0,1.0
20000,ZJ-YQB,2019,landsat7,__ALL_YEAR__,year,8,8,8,48,121,1.0,1.0,1.0,1.0,1.0
20000,ZJ-YQB,2019,landsat8,autumn_v0,v0_predeclared,8,8,0,0,15,1.0,1.0,1.0,1.0,1.0
20000,ZJ-YQB,2019,landsat8,summer_v0,v0_predeclared,8,8,8,8,32,1.0,1.0,1.0,1.0,1.0
20000,ZJ-YQB,2019,landsat8,autumn_primary_v1,biological_target_phase,8,8,8,8,23,1.0,1.0,1.0,1.0,1.0
20000,ZJ-YQB,2019,landsat8,early_season_v1,biological_target_phase,8,8,0,0,16,1.0,1.0,1.0,1.0,1.0
20000,ZJ-YQB,2019,landsat8,__ALL_YEAR__,year,8,8,8,40,153,1.0,1.0,1.0,1.0,1.0
20000,ZJ-YQB,2019,sentinel1,autumn_v0,v0_predeclared,8,8,4,23,70,0.5239,1.0,1.0,1.0,1.0
20000,ZJ-YQB,2019,sentinel1,summer_v0,v0_predeclared,8,8,4,40,110,0.5239,1.0,1.0,1.0,1.0
20000,ZJ-YQB,2019,sentinel1,autumn_primary_v1,biological_target_phase,8,8,4,34,98,0.5239,1.0,1.0,1.0,1.0
20000,ZJ-YQB,2019,sentinel1,early_season_v1,biological_target_phase,8,8,4,28,77,0.5239,1.0,1.0,1.0,1.0
20000,ZJ-YQB,2019,sentinel1,__ALL_YEAR__,year,8,8,4,215,596,0.5239,1.0,1.0,1.0,1.0
20000,ZJ-YQB,2019,sentinel2,autumn_v0,v0_predeclared,8,8,7,55,166,1.0,1.0,1.0,1.0,1.0
20000,ZJ-YQB,2019,sentinel2,summer_v0,v0_predeclared,8,8,7,7,197,1.0,1.0,1.0,1.0,1.0
20000,ZJ-YQB,2019,sentinel2,autumn_primary_v1,biological_target_phase,8,8,7,69,214,1.0,1.0,1.0,1.0,1.0
20000,ZJ-YQB,2019,sentinel2,early_season_v1,biological_target_phase,8,8,6,7,129,1.0,1.0,1.0,1.0,1.0
20000,ZJ-YQB,2019,sentinel2,__ALL_YEAR__,year,8,8,7,178,1268,1.0,1.0,1.0,1.0,1.0
20000,ZJ-YQB,2020,landsat7,autumn_v0,v0_predeclared,8,8,8,8,24,1.0,1.0,1.0,1.0,1.0
20000,ZJ-YQB,2020,landsat7,summer_v0,v0_predeclared,8,8,0,0,22,1.0,1.0,1.0,1.0,1.0
20000,ZJ-YQB,2020,landsat7,autumn_primary_v1,biological_target_phase,8,8,8,16,32,1.0,1.0,1.0,1.0,1.0
20000,ZJ-YQB,2020,landsat7,early_season_v1,biological_target_phase,8,8,8,8,16,1.0,1.0,1.0,1.0,1.0
20000,ZJ-YQB,2020,landsat7,__ALL_YEAR__,year,8,8,8,32,138,1.0,1.0,1.0,1.0,1.0
20000,ZJ-YQB,2020,landsat8,autumn_v0,v0_predeclared,8,8,0,0,16,1.0,1.0,1.0,1.0,1.0
20000,ZJ-YQB,2020,landsat8,summer_v0,v0_predeclared,8,8,0,0,23,1.0,1.0,1.0,1.0,1.0
20000,ZJ-YQB,2020,landsat8,autumn_primary_v1,biological_target_phase,8,8,0,0,16,1.0,1.0,1.0,1.0,1.0
20000,ZJ-YQB,2020,landsat8,early_season_v1,biological_target_phase,8,8,0,0,14,1.0,1.0,1.0,1.0,1.0
20000,ZJ-YQB,2020,landsat8,__ALL_YEAR__,year,8,8,8,8,123,1.0,1.0,1.0,1.0,1.0
20000,ZJ-YQB,2020,sentinel1,autumn_v0,v0_predeclared,8,8,4,25,62,0.5239,1.0,1.0,1.0,1.0
20000,ZJ-YQB,2020,sentinel1,summer_v0,v0_predeclared,8,8,4,35,85,0.5239,1.0,1.0,1.0,1.0
20000,ZJ-YQB,2020,sentinel1,autumn_primary_v1,biological_target_phase,8,8,4,35,85,0.5239,1.0,1.0,1.0,1.0
20000,ZJ-YQB,2020,sentinel1,early_season_v1,biological_target_phase,8,8,4,21,51,0.5239,1.0,1.0,1.0,1.0
20000,ZJ-YQB,2020,sentinel1,__ALL_YEAR__,year,8,8,4,213,525,0.5239,1.0,1.0,1.0,1.0
20000,ZJ-YQB,2020,sentinel2,autumn_v0,v0_predeclared,8,8,7,21,158,1.0,1.0,1.0,1.0,1.0
20000,ZJ-YQB,2020,sentinel2,summer_v0,v0_predeclared,8,8,0,0,192,1.0,1.0,1.0,1.0,1.0
20000,ZJ-YQB,2020,sentinel2,autumn_primary_v1,biological_target_phase,8,8,7,28,206,1.0,1.0,1.0,1.0,1.0
20000,ZJ-YQB,2020,sentinel2,early_season_v1,biological_target_phase,8,8,6,6,138,1.0,1.0,1.0,1.0,1.0
20000,ZJ-YQB,2020,sentinel2,__ALL_YEAR__,year,8,8,7,140,1260,1.0,1.0,1.0,1.0,1.0
20000,ZJ-YQB,2021,landsat7,autumn_v0,v0_predeclared,8,8,8,8,16,1.0,1.0,1.0,1.0,1.0
20000,ZJ-YQB,2021,landsat7,summer_v0,v0_predeclared,8,8,0,0,7,1.0,1.0,1.0,1.0,1.0
20000,ZJ-YQB,2021,landsat7,autumn_primary_v1,biological_target_phase,8,8,8,8,24,1.0,1.0,1.0,1.0,1.0
20000,ZJ-YQB,2021,landsat7,early_season_v1,biological_target_phase,8,8,0,0,8,1.0,1.0,1.0,1.0,1.0
20000,ZJ-YQB,2021,landsat7,__ALL_YEAR__,year,8,8,8,32,93,1.0,1.0,1.0,1.0,1.0
20000,ZJ-YQB,2021,landsat8,autumn_v0,v0_predeclared,8,8,0,0,22,1.0,1.0,1.0,1.0,1.0
20000,ZJ-YQB,2021,landsat8,summer_v0,v0_predeclared,8,8,0,0,23,1.0,1.0,1.0,1.0,1.0
20000,ZJ-YQB,2021,landsat8,autumn_primary_v1,biological_target_phase,8,8,0,0,30,1.0,1.0,1.0,1.0,1.0
20000,ZJ-YQB,2021,landsat8,early_season_v1,biological_target_phase,8,8,0,0,16,1.0,1.0,1.0,1.0,1.0
20000,ZJ-YQB,2021,landsat8,__ALL_YEAR__,year,8,8,0,0,139,1.0,1.0,1.0,1.0,1.0
20000,ZJ-YQB,2021,sentinel1,autumn_v0,v0_predeclared,8,8,4,24,57,0.5239,1.0,1.0,1.0,1.0
20000,ZJ-YQB,2021,sentinel1,summer_v0,v0_predeclared,8,8,4,37,93,0.5239,1.0,1.0,1.0,1.0
20000,ZJ-YQB,2021,sentinel1,autumn_primary_v1,biological_target_phase,8,8,4,35,85,0.5239,1.0,1.0,1.0,1.0
20000,ZJ-YQB,2021,sentinel1,early_season_v1,biological_target_phase,8,8,4,22,56,0.5239,1.0,1.0,1.0,1.0
20000,ZJ-YQB,2021,sentinel1,__ALL_YEAR__,year,8,8,4,208,507,0.5239,1.0,1.0,1.0,1.0
20000,ZJ-YQB,2021,sentinel2,autumn_v0,v0_predeclared,8,8,7,49,176,1.0,1.0,1.0,1.0,1.0
20000,ZJ-YQB,2021,sentinel2,summer_v0,v0_predeclared,8,8,0,0,196,1.0,1.0,1.0,1.0,1.0
20000,ZJ-YQB,2021,sentinel2,autumn_primary_v1,biological_target_phase,8,8,7,70,224,1.0,1.0,1.0,1.0,1.0
20000,ZJ-YQB,2021,sentinel2,early_season_v1,biological_target_phase,8,8,7,8,141,1.0,1.0,1.0,1.0,1.0
20000,ZJ-YQB,2021,sentinel2,__ALL_YEAR__,year,8,8,7,181,1254,1.0,1.0,1.0,1.0,1.0
20000,ZJ-YQB,2022,landsat7,autumn_v0,v0_predeclared,8,8,8,18,32,1.0,1.0,1.0,1.0,1.0
20000,ZJ-YQB,2022,landsat7,summer_v0,v0_predeclared,8,8,2,4,48,1.0,1.0,1.0,1.0,1.0
20000,ZJ-YQB,2022,landsat7,autumn_primary_v1,biological_target_phase,8,8,8,18,40,1.0,1.0,1.0,1.0,1.0
20000,ZJ-YQB,2022,landsat7,early_season_v1,biological_target_phase,8,8,0,0,0,1.0,1.0,1.0,1.0,1.0
20000,ZJ-YQB,2022,landsat7,__ALL_YEAR__,year,8,8,8,32,139,1.0,1.0,1.0,1.0,1.0
20000,ZJ-YQB,2022,landsat8,autumn_v0,v0_predeclared,8,8,0,0,23,1.0,1.0,1.0,1.0,1.0
20000,ZJ-YQB,2022,landsat8,summer_v0,v0_predeclared,8,8,0,0,16,1.0,1.0,1.0,1.0,1.0
20000,ZJ-YQB,2022,landsat8,autumn_primary_v1,biological_target_phase,8,8,0,0,31,1.0,1.0,1.0,1.0,1.0
20000,ZJ-YQB,2022,landsat8,early_season_v1,biological_target_phase,8,8,0,0,16,1.0,1.0,1.0,1.0,1.0
20000,ZJ-YQB,2022,landsat8,__ALL_YEAR__,year,8,8,8,32,123,1.0,1.0,1.0,1.0,1.0
20000,ZJ-YQB,2022,landsat9,autumn_v0,v0_predeclared,8,8,0,0,8,1.0,1.0,1.0,1.0,1.0
20000,ZJ-YQB,2022,landsat9,summer_v0,v0_predeclared,8,8,0,0,24,1.0,1.0,1.0,1.0,1.0
20000,ZJ-YQB,2022,landsat9,autumn_primary_v1,biological_target_phase,8,8,0,0,8,1.0,1.0,1.0,1.0,1.0
20000,ZJ-YQB,2022,landsat9,early_season_v1,biological_target_phase,8,8,0,0,8,1.0,1.0,1.0,1.0,1.0
20000,ZJ-YQB,2022,landsat9,__ALL_YEAR__,year,8,8,8,24,100,1.0,1.0,1.0,1.0,1.0
20000,ZJ-YQB,2022,sentinel1,autumn_v0,v0_predeclared,8,8,4,15,39,0.5239,1.0,1.0,1.0,1.0
20000,ZJ-YQB,2022,sentinel1,summer_v0,v0_predeclared,8,8,4,23,61,0.5239,1.0,1.0,1.0,1.0
20000,ZJ-YQB,2022,sentinel1,autumn_primary_v1,biological_target_phase,8,8,4,22,56,0.5239,1.0,1.0,1.0,1.0
20000,ZJ-YQB,2022,sentinel1,early_season_v1,biological_target_phase,8,8,4,12,33,0.5239,1.0,1.0,1.0,1.0
20000,ZJ-YQB,2022,sentinel1,__ALL_YEAR__,year,8,8,4,117,315,0.5239,1.0,1.0,1.0,1.0
20000,ZJ-YQB,2022,sentinel2,autumn_v0,v0_predeclared,8,8,0,0,152,1.0,1.0,1.0,1.0,1.0
20000,ZJ-YQB,2022,sentinel2,summer_v0,v0_predeclared,8,8,7,7,192,1.0,1.0,1.0,1.0,1.0
20000,ZJ-YQB,2022,sentinel2,autumn_primary_v1,biological_target_phase,8,8,0,0,200,1.0,1.0,1.0,1.0,1.0
20000,ZJ-YQB,2022,sentinel2,early_season_v1,biological_target_phase,8,8,0,0,136,1.0,1.0,1.0,1.0,1.0
20000,ZJ-YQB,2022,sentinel2,__ALL_YEAR__,year,8,8,7,42,1178,1.0,1.0,1.0,1.0,1.0
20000,ZJ-YQB,2023,landsat7,autumn_v0,v0_predeclared,8,8,2,2,14,1.0,1.0,1.0,1.0,1.0
20000,ZJ-YQB,2023,landsat7,summer_v0,v0_predeclared,8,8,0,0,38,1.0,1.0,1.0,1.0,1.0
20000,ZJ-YQB,2023,landsat7,autumn_primary_v1,biological_target_phase,8,8,2,2,21,1.0,1.0,1.0,1.0,1.0
20000,ZJ-YQB,2023,landsat7,early_season_v1,biological_target_phase,8,8,0,0,6,1.0,1.0,1.0,1.0,1.0
20000,ZJ-YQB,2023,landsat7,__ALL_YEAR__,year,8,8,8,20,167,1.0,1.0,1.0,1.0,1.0
20000,ZJ-YQB,2023,landsat8,autumn_v0,v0_predeclared,8,8,0,0,22,1.0,1.0,1.0,1.0,1.0
20000,ZJ-YQB,2023,landsat8,summer_v0,v0_predeclared,8,8,0,0,15,1.0,1.0,1.0,1.0,1.0
20000,ZJ-YQB,2023,landsat8,autumn_primary_v1,biological_target_phase,8,8,0,0,30,1.0,1.0,1.0,1.0,1.0
20000,ZJ-YQB,2023,landsat8,early_season_v1,biological_target_phase,8,8,0,0,0,1.0,1.0,1.0,1.0,1.0
20000,ZJ-YQB,2023,landsat8,__ALL_YEAR__,year,8,8,8,16,121,1.0,1.0,1.0,1.0,1.0
20000,ZJ-YQB,2023,landsat9,autumn_v0,v0_predeclared,8,8,8,8,16,1.0,1.0,1.0,1.0,1.0
20000,ZJ-YQB,2023,landsat9,summer_v0,v0_predeclared,8,8,0,0,22,1.0,1.0,1.0,1.0,1.0
20000,ZJ-YQB,2023,landsat9,autumn_primary_v1,biological_target_phase,8,8,8,8,24,1.0,1.0,1.0,1.0,1.0
20000,ZJ-YQB,2023,landsat9,early_season_v1,biological_target_phase,8,8,0,0,24,1.0,1.0,1.0,1.0,1.0
20000,ZJ-YQB,2023,landsat9,__ALL_YEAR__,year,8,8,8,32,157,1.0,1.0,1.0,1.0,1.0
20000,ZJ-YQB,2023,sentinel1,autumn_v0,v0_predeclared,8,8,4,16,44,0.5239,1.0,1.0,1.0,1.0
20000,ZJ-YQB,2023,sentinel1,summer_v0,v0_predeclared,8,8,4,21,60,0.5239,1.0,1.0,1.0,1.0
20000,ZJ-YQB,2023,sentinel1,autumn_primary_v1,biological_target_phase,8,8,4,21,60,0.5239,1.0,1.0,1.0,1.0
20000,ZJ-YQB,2023,sentinel1,early_season_v1,biological_target_phase,8,8,4,15,39,0.5239,1.0,1.0,1.0,1.0
20000,ZJ-YQB,2023,sentinel1,__ALL_YEAR__,year,8,8,4,123,336,0.5239,1.0,1.0,1.0,1.0
20000,ZJ-YQB,2023,sentinel2,autumn_v0,v0_predeclared,8,8,7,21,152,1.0,1.0,1.0,1.0,1.0
20000,ZJ-YQB,2023,sentinel2,summer_v0,v0_predeclared,8,8,0,0,192,1.0,1.0,1.0,1.0,1.0
20000,ZJ-YQB,2023,sentinel2,autumn_primary_v1,biological_target_phase,8,8,7,21,200,1.0,1.0,1.0,1.0,1.0
20000,ZJ-YQB,2023,sentinel2,early_season_v1,biological_target_phase,8,8,0,0,136,1.0,1.0,1.0,1.0,1.0
20000,ZJ-YQB,2023,sentinel2,__ALL_YEAR__,year,8,8,7,133,1168,1.0,1.0,1.0,1.0,1.0
20000,ZJ-YQB,2024,landsat8,autumn_v0,v0_predeclared,8,8,0,0,23,1.0,1.0,1.0,1.0,1.0
20000,ZJ-YQB,2024,landsat8,summer_v0,v0_predeclared,8,8,0,0,24,1.0,1.0,1.0,1.0,1.0
20000,ZJ-YQB,2024,landsat8,autumn_primary_v1,biological_target_phase,8,8,0,0,23,1.0,1.0,1.0,1.0,1.0
20000,ZJ-YQB,2024,landsat8,early_season_v1,biological_target_phase,8,8,0,0,14,1.0,1.0,1.0,1.0,1.0
20000,ZJ-YQB,2024,landsat8,__ALL_YEAR__,year,8,8,8,32,131,1.0,1.0,1.0,1.0,1.0
20000,ZJ-YQB,2024,landsat9,autumn_v0,v0_predeclared,8,8,0,0,24,1.0,1.0,1.0,1.0,1.0
20000,ZJ-YQB,2024,landsat9,summer_v0,v0_predeclared,8,8,0,0,22,1.0,1.0,1.0,1.0,1.0
20000,ZJ-YQB,2024,landsat9,autumn_primary_v1,biological_target_phase,8,8,0,0,32,1.0,1.0,1.0,1.0,1.0
20000,ZJ-YQB,2024,landsat9,early_season_v1,biological_target_phase,8,8,0,0,16,1.0,1.0,1.0,1.0,1.0
20000,ZJ-YQB,2024,landsat9,__ALL_YEAR__,year,8,8,8,16,140,1.0,1.0,1.0,1.0,1.0
20000,ZJ-YQB,2024,sentinel1,autumn_v0,v0_predeclared,8,8,4,17,47,0.5239,1.0,1.0,1.0,1.0
20000,ZJ-YQB,2024,sentinel1,summer_v0,v0_predeclared,8,8,4,20,55,0.5239,1.0,1.0,1.0,1.0
20000,ZJ-YQB,2024,sentinel1,autumn_primary_v1,biological_target_phase,8,8,4,21,58,0.5239,1.0,1.0,1.0,1.0
20000,ZJ-YQB,2024,sentinel1,early_season_v1,biological_target_phase,8,8,4,12,33,0.5239,1.0,1.0,1.0,1.0
20000,ZJ-YQB,2024,sentinel1,__ALL_YEAR__,year,8,8,4,121,333,0.5239,1.0,1.0,1.0,1.0
20000,ZJ-YQB,2024,sentinel2,autumn_v0,v0_predeclared,8,8,7,7,152,1.0,1.0,1.0,1.0,1.0
20000,ZJ-YQB,2024,sentinel2,summer_v0,v0_predeclared,8,8,7,7,192,1.0,1.0,1.0,1.0,1.0
20000,ZJ-YQB,2024,sentinel2,autumn_primary_v1,biological_target_phase,8,8,7,14,200,1.0,1.0,1.0,1.0,1.0
20000,ZJ-YQB,2024,sentinel2,early_season_v1,biological_target_phase,8,8,0,0,136,1.0,1.0,1.0,1.0,1.0
20000,ZJ-YQB,2024,sentinel2,__ALL_YEAR__,year,8,8,7,112,1168,1.0,1.0,1.0,1.0,1.0
20000,ZJ-YQB,2025,landsat8,autumn_v0,v0_predeclared,8,8,0,0,16,1.0,1.0,1.0,1.0,1.0
20000,ZJ-YQB,2025,landsat8,summer_v0,v0_predeclared,8,8,0,0,22,1.0,1.0,1.0,1.0,1.0
20000,ZJ-YQB,2025,landsat8,autumn_primary_v1,biological_target_phase,8,8,0,0,24,1.0,1.0,1.0,1.0,1.0
20000,ZJ-YQB,2025,landsat8,early_season_v1,biological_target_phase,8,8,8,8,16,1.0,1.0,1.0,1.0,1.0
20000,ZJ-YQB,2025,landsat8,__ALL_YEAR__,year,8,8,8,48,148,1.0,1.0,1.0,1.0,1.0
20000,ZJ-YQB,2025,landsat9,autumn_v0,v0_predeclared,8,8,0,0,22,1.0,1.0,1.0,1.0,1.0
20000,ZJ-YQB,2025,landsat9,summer_v0,v0_predeclared,8,8,0,0,22,1.0,1.0,1.0,1.0,1.0
20000,ZJ-YQB,2025,landsat9,autumn_primary_v1,biological_target_phase,8,8,0,0,30,1.0,1.0,1.0,1.0,1.0
20000,ZJ-YQB,2025,landsat9,early_season_v1,biological_target_phase,8,8,8,8,8,1.0,1.0,1.0,1.0,1.0
20000,ZJ-YQB,2025,landsat9,__ALL_YEAR__,year,8,8,8,32,130,1.0,1.0,1.0,1.0,1.0
20000,ZJ-YQB,2025,sentinel1,autumn_v0,v0_predeclared,8,8,4,16,44,0.5239,1.0,1.0,1.0,1.0
20000,ZJ-YQB,2025,sentinel1,summer_v0,v0_predeclared,8,8,4,20,55,0.5239,1.0,1.0,1.0,1.0
20000,ZJ-YQB,2025,sentinel1,autumn_primary_v1,biological_target_phase,8,8,4,20,55,0.5239,1.0,1.0,1.0,1.0
20000,ZJ-YQB,2025,sentinel1,early_season_v1,biological_target_phase,8,8,4,15,39,0.5239,1.0,1.0,1.0,1.0
20000,ZJ-YQB,2025,sentinel1,__ALL_YEAR__,year,8,8,4,121,326,0.5239,1.0,1.0,1.0,1.0
20000,ZJ-YQB,2025,sentinel2,autumn_v0,v0_predeclared,8,8,7,7,160,1.0,1.0,1.0,1.0,1.0
20000,ZJ-YQB,2025,sentinel2,summer_v0,v0_predeclared,8,8,7,7,232,1.0,1.0,1.0,1.0,1.0
20000,ZJ-YQB,2025,sentinel2,autumn_primary_v1,biological_target_phase,8,8,7,7,216,1.0,1.0,1.0,1.0,1.0
20000,ZJ-YQB,2025,sentinel2,early_season_v1,biological_target_phase,8,8,0,0,160,1.0,1.0,1.0,1.0,1.0
20000,ZJ-YQB,2025,sentinel2,__ALL_YEAR__,year,8,8,7,133,1336,1.0,1.0,1.0,1.0,1.0
20000,ZJ-YQB,2026,landsat8,autumn_v0,v0_predeclared,8,8,0,0,8,1.0,1.0,1.0,1.0,1.0
20000,ZJ-YQB,2026,landsat8,summer_v0,v0_predeclared,8,8,0,0,23,1.0,1.0,1.0,1.0,1.0
20000,ZJ-YQB,2026,landsat8,autumn_primary_v1,biological_target_phase,8,8,0,0,8,1.0,1.0,1.0,1.0,1.0
20000,ZJ-YQB,2026,landsat8,early_season_v1,biological_target_phase,8,8,0,0,22,1.0,1.0,1.0,1.0,1.0
20000,ZJ-YQB,2026,landsat8,__ALL_YEAR__,year,8,8,8,16,91,1.0,1.0,1.0,1.0,1.0
20000,ZJ-YQB,2026,landsat9,autumn_v0,v0_predeclared,8,8,0,0,8,1.0,1.0,1.0,1.0,1.0
20000,ZJ-YQB,2026,landsat9,summer_v0,v0_predeclared,8,8,8,8,24,1.0,1.0,1.0,1.0,1.0
20000,ZJ-YQB,2026,landsat9,autumn_primary_v1,biological_target_phase,8,8,0,0,8,1.0,1.0,1.0,1.0,1.0
20000,ZJ-YQB,2026,landsat9,early_season_v1,biological_target_phase,8,8,0,0,8,1.0,1.0,1.0,1.0,1.0
20000,ZJ-YQB,2026,landsat9,__ALL_YEAR__,year,8,8,8,16,88,1.0,1.0,1.0,1.0,1.0
20000,ZJ-YQB,2026,sentinel1,autumn_v0,v0_predeclared,8,8,4,4,11,0.5239,1.0,1.0,1.0,1.0
20000,ZJ-YQB,2026,sentinel1,summer_v0,v0_predeclared,8,8,4,26,67,0.5239,1.0,1.0,1.0,1.0
20000,ZJ-YQB,2026,sentinel1,autumn_primary_v1,biological_target_phase,8,8,4,4,11,0.5239,1.0,1.0,1.0,1.0
20000,ZJ-YQB,2026,sentinel1,early_season_v1,biological_target_phase,8,8,4,13,38,0.5239,1.0,1.0,1.0,1.0
20000,ZJ-YQB,2026,sentinel1,__ALL_YEAR__,year,8,8,4,93,258,0.5239,1.0,1.0,1.0,1.0
20000,ZJ-YQB,2026,sentinel2,autumn_v0,v0_predeclared,8,8,0,0,64,1.0,1.0,1.0,1.0,1.0
20000,ZJ-YQB,2026,sentinel2,summer_v0,v0_predeclared,8,8,0,0,248,1.0,1.0,1.0,1.0,1.0
20000,ZJ-YQB,2026,sentinel2,autumn_primary_v1,biological_target_phase,8,8,0,0,64,1.0,1.0,1.0,1.0,1.0
20000,ZJ-YQB,2026,sentinel2,early_season_v1,biological_target_phase,8,8,0,0,160,1.0,1.0,1.0,1.0,1.0
20000,ZJ-YQB,2026,sentinel2,__ALL_YEAR__,year,8,8,7,56,1048,1.0,1.0,1.0,1.0,1.0
